player,team,league,role,competition,games,win_rate,kda,season_points,delta,delta_sd,competition_points
Giyuu,Geekay Esports,AL,Mid,AL Spring · playoffs,7,0.857,5.08,34.0,3.0,55.0,37.0
Rin,Geekay Esports,AL,ADC,AL Spring · playoffs,7,0.857,5.27,-19.0,3.0,55.0,-16.0
Satorius,Geekay Esports,AL,Top,AL Spring · playoffs,7,0.857,6.53,-42.0,3.0,55.0,-39.0
Wufo,Twisted Minds,AL,Top,AL Spring · playoffs,7,0.429,3.13,-41.0,-0.0,55.0,-41.0
Dekap,Geekay Esports,AL,Support,AL Spring · playoffs,7,0.857,6.71,-48.0,3.0,55.0,-45.0
Viking,Geekay Esports,AL,Jungle,AL Spring · playoffs,7,0.857,9.07,-76.0,3.0,55.0,-73.0
Skude,RA'AD,AL,Jungle,AL Spring · playoffs,10,0.4,2.22,-82.0,1.0,55.0,-81.0
Pabu,Nigma Galaxy,AL,Jungle,AL Spring · playoffs,4,0.25,2.29,-113.0,-4.0,55.0,-117.0
san1,Anubis Gaming,AL,ADC,AL Spring · playoffs,10,0.4,3.79,-119.0,1.0,55.0,-118.0
Hunt,Forged Five,AL,Mid,AL Spring · playoffs,10,0.4,3.05,-150.0,1.0,55.0,-149.0
Rust,Nigma Galaxy,AL,ADC,AL Spring · playoffs,4,0.25,2.18,-173.0,-4.0,55.0,-177.0
Maged,RA'AD,AL,Top,AL Spring · playoffs,10,0.4,1.85,-179.0,1.0,55.0,-178.0
Klownz,Nigma Galaxy,AL,Support,AL Spring · playoffs,4,0.25,2.79,-202.0,-4.0,55.0,-206.0
RoyalKanin,Triple Esports,AL,Mid,AL Spring · playoffs,7,0.429,3.36,-244.0,-0.0,55.0,-244.0
Ajwad,3BL Esports,AL,Jungle,AL Spring · playoffs,7,0.429,4.18,-268.0,-0.0,55.0,-268.0
Cipher,Anubis Gaming,AL,Mid,AL Spring · playoffs,4,0.25,1.08,-267.0,-4.0,55.0,-271.0
Mimic,3BL Esports,AL,ADC,AL Spring · playoffs,7,0.429,2.84,-317.0,-0.0,55.0,-317.0
B Butcher,3BL Esports,AL,Support,AL Spring · playoffs,10,0.4,2.36,-338.0,1.0,55.0,-337.0
Lickmyheal,Triple Esports,AL,Support,AL Spring · playoffs,7,0.429,2.97,-347.0,-0.0,55.0,-347.0
Kerberos,Triple Esports,AL,Top,AL Spring · playoffs,4,0.25,1.0,-575.0,-4.0,55.0,-579.0
Giyuu,Geekay Esports,AL,Mid,AL Spring · saison régulière,14,0.857,5.5,34.0,5.0,55.0,39.0
Rin,Geekay Esports,AL,ADC,AL Spring · saison régulière,14,0.857,6.73,-19.0,5.0,55.0,-14.0
Satorius,Geekay Esports,AL,Top,AL Spring · saison régulière,14,0.857,5.52,-42.0,5.0,55.0,-37.0
Wufo,Twisted Minds,AL,Top,AL Spring · saison régulière,14,0.5,2.42,-41.0,2.0,55.0,-39.0
Dekap,Geekay Esports,AL,Support,AL Spring · saison régulière,14,0.857,4.89,-48.0,5.0,55.0,-43.0
Viking,Geekay Esports,AL,Jungle,AL Spring · saison régulière,14,0.857,9.12,-76.0,5.0,55.0,-71.0
Skude,RA'AD,AL,Jungle,AL Spring · saison régulière,14,0.643,3.0,-82.0,2.0,55.0,-80.0
Carry,Galakticos,TCL,Support,AL Spring · saison régulière,15,0.333,2.69,-78.0,-9.0,55.0,-87.0
Pabu,Nigma Galaxy,AL,Jungle,AL Spring · saison régulière,14,0.5,2.61,-113.0,0.0,55.0,-113.0
san1,Anubis Gaming,AL,ADC,AL Spring · saison régulière,14,0.643,4.27,-119.0,2.0,55.0,-117.0
Boda,Nigma Galaxy,AL,Top,AL Spring · saison régulière,15,0.333,1.48,-113.0,-9.0,55.0,-122.0
JunDat,Fox Gaming,AL,Jungle,AL Spring · saison régulière,14,0.5,4.25,-139.0,4.0,55.0,-135.0
Hunt,Forged Five,AL,Mid,AL Spring · saison régulière,14,0.643,4.29,-150.0,2.0,55.0,-148.0
Rust,Nigma Galaxy,AL,ADC,AL Spring · saison régulière,14,0.5,3.44,-173.0,0.0,55.0,-173.0
Maged,RA'AD,AL,Top,AL Spring · saison régulière,14,0.643,2.53,-179.0,2.0,55.0,-177.0
Mishal,Anubis Gaming,AL,Support,AL Spring · saison régulière,6,0.333,2.39,-192.0,-3.0,55.0,-195.0
Klownz,Nigma Galaxy,AL,Support,AL Spring · saison régulière,14,0.5,2.61,-202.0,0.0,55.0,-202.0
Xicor,RA'AD,AL,ADC,AL Spring · saison régulière,15,0.4,3.73,-207.0,-1.0,55.0,-208.0
Postkassen,Gamespace Mediterranean College Esports,GLL,Support,AL Spring · saison régulière,7,0.571,2.56,-214.0,3.0,55.0,-211.0
Nova,Fox Gaming,AL,Support,AL Spring · saison régulière,14,0.5,3.1,-245.0,4.0,55.0,-241.0
RoyalKanin,Triple Esports,AL,Mid,AL Spring · saison régulière,14,0.5,2.38,-244.0,2.0,55.0,-242.0
Ajwad,3BL Esports,AL,Jungle,AL Spring · saison régulière,14,0.5,4.11,-268.0,2.0,55.0,-266.0
Cipher,Anubis Gaming,AL,Mid,AL Spring · saison régulière,14,0.5,2.46,-267.0,0.0,55.0,-267.0
Petoska,A One Man Army,AL,Top,AL Spring · saison régulière,14,0.5,2.61,-272.0,4.0,55.0,-268.0
Koussay,GnG Esports,AL,Mid,AL Spring · saison régulière,15,0.4,4.08,-280.0,-1.0,55.0,-281.0
Monkey750,Anubis Gaming,AL,Jungle,AL Spring · saison régulière,15,0.333,3.09,-281.0,-9.0,55.0,-290.0
Black,Anubis Gaming,AL,ADC,AL Spring · saison régulière,15,0.333,2.92,-283.0,-9.0,55.0,-292.0
Yoichi,Fox Gaming,AL,Mid,AL Spring · saison régulière,14,0.5,3.32,-305.0,4.0,55.0,-301.0
Aklass,aNc Outplayed,PGN,ADC,AL Spring · saison régulière,8,0.25,2.45,-300.0,-2.0,55.0,-302.0
Faith,aNc Outplayed,PGN,Jungle,AL Spring · saison régulière,15,0.4,3.09,-313.0,-1.0,55.0,-314.0
Mimic,3BL Esports,AL,ADC,AL Spring · saison régulière,14,0.5,3.69,-317.0,2.0,55.0,-315.0
M0NK,Iron Wolves,UL,ADC,AL Spring · saison régulière,14,0.5,3.62,-320.0,4.0,55.0,-316.0
Dean,GnG Esports,AL,Jungle,AL Spring · saison régulière,14,0.286,2.38,-331.0,-3.0,55.0,-334.0
B Butcher,3BL Esports,AL,Support,AL Spring · saison régulière,14,0.643,2.89,-338.0,2.0,55.0,-336.0
Lickmyheal,Triple Esports,AL,Support,AL Spring · saison régulière,14,0.5,2.69,-347.0,2.0,55.0,-345.0
Murph,GnG Esports,AL,Top,AL Spring · saison régulière,14,0.286,1.83,-362.0,-3.0,55.0,-365.0
Juggernaut,GnG Esports,AL,Mid,AL Spring · saison régulière,14,0.286,3.14,-376.0,-3.0,55.0,-379.0
9eetoo,GnG Esports,AL,Top,AL Spring · saison régulière,15,0.4,2.49,-379.0,-1.0,55.0,-380.0
Sivvy,3BL Esports,AL,Support,AL Spring · saison régulière,14,0.286,2.96,-513.0,-3.0,55.0,-516.0
Meza,3BL Esports,AL,Mid,AL Spring · saison régulière,12,0.417,3.24,-548.0,-2.0,55.0,-550.0
Kerberos,Triple Esports,AL,Top,AL Spring · saison régulière,14,0.5,1.79,-575.0,0.0,55.0,-575.0
Elramir,Anubis Gaming,AL,Jungle,AL Summer · playoffs,9,0.667,3.96,152.0,5.0,55.0,157.0
Dehaste,Nigma Galaxy,AL,Mid,AL Summer · playoffs,13,0.462,2.05,105.0,-3.0,55.0,102.0
Giyuu,Geekay Esports,AL,Mid,AL Summer · playoffs,4,0.25,4.56,34.0,-4.0,55.0,30.0
Juzu,Anubis Gaming,AL,Top,AL Summer · playoffs,9,0.667,4.62,-3.0,5.0,55.0,2.0
Rin,Geekay Esports,AL,ADC,AL Summer · playoffs,4,0.25,3.62,-19.0,-4.0,55.0,-23.0
Satorius,Geekay Esports,AL,Top,AL Summer · playoffs,4,0.25,4.0,-42.0,-4.0,55.0,-46.0
Dekap,Geekay Esports,AL,Support,AL Summer · playoffs,4,0.25,3.29,-48.0,-4.0,55.0,-52.0
Skude,RA'AD,AL,Jungle,AL Summer · playoffs,8,0.5,3.82,-82.0,3.0,55.0,-79.0
Viking,Geekay Esports,AL,Jungle,AL Summer · playoffs,4,0.25,3.06,-76.0,-4.0,55.0,-80.0
Akashi,RA'AD,AL,Mid,AL Summer · playoffs,8,0.5,5.27,-100.0,3.0,55.0,-97.0
Lucky,RA'AD,AL,Support,AL Summer · playoffs,8,0.5,2.69,-105.0,3.0,55.0,-102.0
san1,Anubis Gaming,AL,ADC,AL Summer · playoffs,9,0.667,4.08,-119.0,5.0,55.0,-114.0
Boda,Nigma Galaxy,AL,Top,AL Summer · playoffs,13,0.462,1.52,-113.0,-3.0,55.0,-116.0
Pabu,Nigma Galaxy,AL,Jungle,AL Summer · playoffs,13,0.462,3.87,-113.0,-3.0,55.0,-116.0
Rust,Nigma Galaxy,AL,ADC,AL Summer · playoffs,13,0.462,3.54,-173.0,-3.0,55.0,-176.0
Maged,RA'AD,AL,Top,AL Summer · playoffs,8,0.5,2.12,-179.0,3.0,55.0,-176.0
Mishal,Anubis Gaming,AL,Support,AL Summer · playoffs,9,0.667,5.71,-192.0,5.0,55.0,-187.0
Xicor,RA'AD,AL,ADC,AL Summer · playoffs,8,0.5,4.61,-207.0,3.0,55.0,-204.0
Klownz,Nigma Galaxy,AL,Support,AL Summer · playoffs,13,0.462,2.2,-202.0,-3.0,55.0,-205.0
Cipher,Anubis Gaming,AL,Mid,AL Summer · playoffs,9,0.667,4.16,-267.0,5.0,55.0,-262.0
Elramir,Anubis Gaming,AL,Jungle,AL Summer · saison régulière,13,0.692,4.29,152.0,3.0,55.0,155.0
Dehaste,Nigma Galaxy,AL,Mid,AL Summer · saison régulière,14,0.786,5.03,105.0,10.0,55.0,115.0
Giyuu,Geekay Esports,AL,Mid,AL Summer · saison régulière,12,0.667,5.25,34.0,-4.0,55.0,30.0
Akabane,GamerLegion,PRM,Jungle,AL Summer · saison régulière,7,0.286,3.26,2.0,-2.0,55.0,0.0
Juzu,Anubis Gaming,AL,Top,AL Summer · saison régulière,13,0.692,4.0,-3.0,3.0,55.0,0.0
Rin,Geekay Esports,AL,ADC,AL Summer · saison régulière,14,0.643,4.54,-19.0,-6.0,55.0,-25.0
Satorius,Geekay Esports,AL,Top,AL Summer · saison régulière,14,0.643,3.51,-42.0,-6.0,55.0,-48.0
Dekap,Geekay Esports,AL,Support,AL Summer · saison régulière,14,0.643,3.63,-48.0,-6.0,55.0,-54.0
Skude,RA'AD,AL,Jungle,AL Summer · saison régulière,14,0.714,6.16,-82.0,2.0,55.0,-80.0
Viking,Geekay Esports,AL,Jungle,AL Summer · saison régulière,14,0.643,3.93,-76.0,-6.0,55.0,-82.0
Akashi,RA'AD,AL,Mid,AL Summer · saison régulière,14,0.714,3.89,-100.0,2.0,55.0,-98.0
Lucky,RA'AD,AL,Support,AL Summer · saison régulière,14,0.714,4.71,-105.0,2.0,55.0,-103.0
Boda,Nigma Galaxy,AL,Top,AL Summer · saison régulière,14,0.786,2.76,-113.0,10.0,55.0,-103.0
Pabu,Nigma Galaxy,AL,Jungle,AL Summer · saison régulière,14,0.786,12.31,-113.0,10.0,55.0,-103.0
san1,Anubis Gaming,AL,ADC,AL Summer · saison régulière,13,0.692,4.85,-119.0,3.0,55.0,-116.0
Rust,Nigma Galaxy,AL,ADC,AL Summer · saison régulière,14,0.786,6.12,-173.0,10.0,55.0,-163.0
Maged,RA'AD,AL,Top,AL Summer · saison régulière,12,0.667,2.35,-179.0,-2.0,55.0,-181.0
Mishal,Anubis Gaming,AL,Support,AL Summer · saison régulière,11,0.727,9.53,-192.0,4.0,55.0,-188.0
Klownz,Nigma Galaxy,AL,Support,AL Summer · saison régulière,14,0.786,3.67,-202.0,10.0,55.0,-192.0
Xicor,RA'AD,AL,ADC,AL Summer · saison régulière,14,0.714,3.7,-207.0,2.0,55.0,-205.0
Nova,Fox Gaming,AL,Support,AL Summer · saison régulière,14,0.429,2.72,-245.0,-1.0,55.0,-246.0
Cipher,Anubis Gaming,AL,Mid,AL Summer · saison régulière,11,0.727,4.52,-267.0,4.0,55.0,-263.0
Yusin,GnG Esports,AL,Support,AL Summer · saison régulière,14,0.357,2.79,-268.0,1.0,55.0,-267.0
Shark,GnG Esports,AL,ADC,AL Summer · saison régulière,14,0.357,3.21,-268.0,1.0,55.0,-267.0
Ajwad,3BL Esports,AL,Jungle,AL Summer · saison régulière,2,0.0,2.0,-268.0,-1.0,55.0,-269.0
Koussay,GnG Esports,AL,Mid,AL Summer · saison régulière,14,0.357,4.94,-280.0,1.0,55.0,-279.0
Yoichi,Fox Gaming,AL,Mid,AL Summer · saison régulière,7,0.429,2.18,-305.0,-4.0,55.0,-309.0
Mimic,3BL Esports,AL,ADC,AL Summer · saison régulière,6,0.167,1.96,-317.0,-2.0,55.0,-319.0
Dean,GnG Esports,AL,Jungle,AL Summer · saison régulière,14,0.357,3.77,-331.0,1.0,55.0,-330.0
B Butcher,3BL Esports,AL,Support,AL Summer · saison régulière,11,0.273,1.61,-338.0,-2.0,55.0,-340.0
Lickmyheal,Triple Esports,AL,Support,AL Summer · saison régulière,7,0.143,1.5,-347.0,-2.0,55.0,-349.0
Murph,GnG Esports,AL,Top,AL Summer · saison régulière,12,0.333,2.64,-362.0,-0.0,55.0,-362.0
Falleo,Fox Gaming,AL,Top,AL Summer · saison régulière,14,0.429,3.54,-363.0,-1.0,55.0,-364.0
Mytant,Fox Gaming,AL,ADC,AL Summer · saison régulière,14,0.429,3.14,-367.0,-1.0,55.0,-368.0
Juggernaut,GnG Esports,AL,Mid,AL Summer · saison régulière,2,0.5,4.25,-376.0,1.0,55.0,-375.0
Deceiving,Geekay Esports,AL,Mid,AL Summer · saison régulière,2,0.5,1.6,-428.0,-2.0,55.0,-430.0
Porcupine,Fox Gaming,AL,Jungle,AL Summer · saison régulière,14,0.429,3.24,-457.0,-1.0,55.0,-458.0
Sivvy,3BL Esports,AL,Support,AL Summer · saison régulière,2,0.0,0.89,-513.0,-2.0,55.0,-515.0
Bako,3BL Esports,AL,Top,AL Summer · saison régulière,14,0.214,2.06,-520.0,-6.0,55.0,-526.0
Kudy,Triple Esports,AL,Jungle,AL Summer · saison régulière,13,0.154,1.89,-529.0,-3.0,55.0,-532.0
Meza,3BL Esports,AL,Mid,AL Summer · saison régulière,14,0.214,3.29,-548.0,-6.0,55.0,-554.0
Wicked,Triple Esports,AL,Mid,AL Summer · saison régulière,13,0.154,1.41,-558.0,-3.0,55.0,-561.0
Kerberos,Triple Esports,AL,Top,AL Summer · saison régulière,13,0.154,1.29,-575.0,-3.0,55.0,-578.0
Jalleba,Triple Esports,AL,ADC,AL Summer · saison régulière,13,0.154,1.89,-592.0,-3.0,55.0,-595.0
Biskoo,One More Esports,AL,Support,AL Summer · saison régulière,1,0.0,0.64,-601.0,-2.0,55.0,-603.0
Anonymouss,Myth Esports,ESLOL,Jungle,AL · saison régulière,6,1.0,12.38,182.0,4.0,55.0,186.0
Wufo,Twisted Minds,AL,Top,AL · saison régulière,6,1.0,23.33,-41.0,4.0,55.0,-37.0
HungryPanda,Zero Tenacity,PGN,Support,AL · saison régulière,6,1.0,7.21,-46.0,4.0,55.0,-42.0
Carry,Galakticos,TCL,Support,AL · saison régulière,7,0.857,6.16,-78.0,6.0,55.0,-72.0
Boda,Nigma Galaxy,AL,Top,AL · saison régulière,7,0.857,2.68,-113.0,6.0,55.0,-107.0
Colden,3BL Esports,AL,Support,AL · saison régulière,13,0.462,3.5,-215.0,0.0,55.0,-215.0
Toaster,Ruddy Corporation,NLC,ADC,AL · saison régulière,13,0.462,3.09,-218.0,0.0,55.0,-218.0
Monkey750,Anubis Gaming,AL,Jungle,AL · saison régulière,7,0.857,5.0,-281.0,6.0,55.0,-275.0
Black,Anubis Gaming,AL,ADC,AL · saison régulière,7,0.857,6.41,-283.0,6.0,55.0,-277.0
Kingston,Chasing Haze 07,TCL,Jungle,AL · saison régulière,8,0.25,2.25,-282.0,-8.0,55.0,-290.0
Oniikhan,Twisted Minds,AL,Mid,AL · saison régulière,14,0.571,4.73,-321.0,-3.0,55.0,-324.0
Dean,GnG Esports,AL,Jungle,AL · saison régulière,13,0.462,3.98,-331.0,0.0,55.0,-331.0
Lelouch,Twisted Minds,AL,ADC,AL · saison régulière,14,0.571,3.76,-334.0,-3.0,55.0,-337.0
Sad,One More Esports,AL,Top,AL · saison régulière,14,0.5,1.91,-356.0,1.0,55.0,-355.0
Murph,GnG Esports,AL,Top,AL · saison régulière,13,0.462,3.75,-362.0,0.0,55.0,-362.0
Syzyfek,Iron Wolves,UL,ADC,AL · saison régulière,14,0.5,4.29,-369.0,1.0,55.0,-368.0
Juggernaut,GnG Esports,AL,Mid,AL · saison régulière,13,0.462,5.7,-376.0,0.0,55.0,-376.0
EliWood,3BL Esports,UL,Support,AL · saison régulière,6,0.0,2.58,-397.0,-5.0,55.0,-402.0
Deceiving,Geekay Esports,AL,Mid,AL · saison régulière,14,0.5,2.16,-428.0,1.0,55.0,-427.0
Meza,3BL Esports,AL,Mid,AL · saison régulière,13,0.462,3.41,-548.0,1.0,55.0,-547.0
Hatred,Myth Esports,EBL,Jungle,AL · saison régulière,14,0.5,3.75,-575.0,1.0,55.0,-574.0
Iheb,Valiance,AL,Support,AL · saison régulière,14,0.5,3.54,-607.0,1.0,55.0,-606.0
Biskoo,One More Esports,AL,Support,AL · saison régulière,14,0.357,1.49,-601.0,-7.0,55.0,-608.0
deokdam,FunPlus Phoenix,LCKC,ADC,ASCI,18,0.833,6.88,688.0,7.0,55.0,695.0
vital,Nongshim Esports Academy,LCKC,ADC,ASCI,9,0.667,4.42,569.0,-6.0,55.0,563.0
Callme,Nongshim Esports Academy,LCKC,Mid,ASCI,5,0.6,4.4,541.0,-2.0,55.0,539.0
Lucid,Dplus Kia Challengers,LCKC,Jungle,ASCI,10,0.6,4.7,511.0,-0.0,55.0,511.0
Pullbae,Dplus Kia Challengers,LCKC,Mid,ASCI,10,0.6,4.55,506.0,-0.0,55.0,506.0
Moyan,FunPlus Phoenix,LDL,Jungle,ASCI,19,0.684,6.22,496.0,9.0,55.0,505.0
Thanatos,Dplus Kia Challengers,LCKC,Top,ASCI,10,0.6,3.95,504.0,-0.0,55.0,504.0
Frog,Kiwoom DRX Challengers,LCKC,Top,ASCI,18,0.833,7.56,494.0,7.0,55.0,501.0
Qing,FunPlus Phoenix Blaze,LDL,Mid,ASCI,11,0.546,4.75,498.0,-3.0,55.0,495.0
Sponge,Kiwoom DRX Challengers,LCKC,Jungle,ASCI,18,0.833,7.26,473.0,7.0,55.0,480.0
Duro,Hanwha Life Esports Challengers,LCKC,Support,ASCI,14,0.643,4.07,452.0,2.0,55.0,454.0
xiao7,MiaoJing (妙竞),LDL,Top,ASCI,10,0.4,2.29,442.0,-7.0,55.0,435.0
Medzz,MAX,LDL,Mid,ASCI,19,0.684,6.62,417.0,9.0,55.0,426.0
Such,MAX,LDL,ADC,ASCI,19,0.684,5.11,413.0,9.0,55.0,422.0
Rahel,Dplus Kia Challengers,LCKC,ADC,ASCI,10,0.6,6.53,419.0,-0.0,55.0,419.0
SeTab,Kiwoom DRX Challengers,LCKC,Mid,ASCI,18,0.833,4.21,408.0,7.0,55.0,415.0
Loki,Hanwha Life Esports Challengers,LCKC,Mid,ASCI,14,0.643,4.48,412.0,2.0,55.0,414.0
Lure,Hanwha Life Esports Challengers,LCKC,ADC,ASCI,14,0.643,9.65,412.0,2.0,55.0,414.0
Haoye,FunPlus Phoenix Blaze,LDL,Jungle,ASCI,2,0.5,2.42,410.0,-3.0,55.0,407.0
Rooster,Hanwha Life Esports Challengers,LCKC,Top,ASCI,14,0.643,3.09,394.0,2.0,55.0,396.0
Garvey,MAX,LDL,Top,ASCI,19,0.684,4.59,381.0,9.0,55.0,390.0
Wen,Invictus Gaming,LDL,Top,ASCI,13,0.615,1.91,381.0,3.0,55.0,384.0
Pleata,Kiwoom DRX Challengers,LCKC,ADC,ASCI,17,0.824,5.35,376.0,6.0,55.0,382.0
Sounda,Nongshim Esports Academy,LCKC,Jungle,ASCI,9,0.667,3.88,386.0,-6.0,55.0,380.0
Samver,MiaoJing (妙竞),LDL,ADC,ASCI,10,0.4,3.34,377.0,-7.0,55.0,370.0
MG,Invictus Gaming Young,LDL,Mid,ASCI,13,0.615,5.17,366.0,3.0,55.0,369.0
Ryuk,MGN Blue Esports,VCS,Top,ASCI,6,0.333,1.81,365.0,-1.0,55.0,364.0
Xingye,FunPlus Phoenix Blaze,LDL,ADC,ASCI,11,0.546,3.71,365.0,-3.0,55.0,362.0
Wunai3,Invictus Gaming Young,LDL,Support,ASCI,13,0.615,2.65,352.0,3.0,55.0,355.0
Kwhite,APOLLO GAMING,VCS,ADC,ASCI,6,0.333,3.65,337.0,2.0,55.0,339.0
xiaocaobao,Huya BUG,LDL,Mid,ASCI,10,0.4,2.28,346.0,-7.0,55.0,339.0
Starfire,MiaoJing (妙竞),LDL,Jungle,ASCI,10,0.4,3.06,337.0,-7.0,55.0,330.0
Luon,Nongshim Esports Academy,LCKC,Support,ASCI,9,0.667,3.53,333.0,-6.0,55.0,327.0
Yuki,APOLLO GAMING,VCS,Top,ASCI,2,1.0,2.5,315.0,3.0,55.0,318.0
Vinay,MAX,LDL,Support,ASCI,19,0.684,3.84,308.0,9.0,55.0,317.0
Mihile,Nongshim Esports Academy,LCKC,Top,ASCI,9,0.667,3.25,319.0,-6.0,55.0,313.0
Sorn,MGN Blue Esports,VCS,Jungle,ASCI,6,0.333,1.71,311.0,-1.0,55.0,310.0
Guwon,Hanwha Life Esports Challengers,LCKC,Jungle,ASCI,14,0.643,5.93,306.0,2.0,55.0,308.0
Hoshisora,Invictus Gaming Young,LDL,ADC,ASCI,1,1.0,9.0,306.0,-0.0,55.0,306.0
Crack,MiaoJing (妙竞),LDL,Support,ASCI,10,0.4,2.2,284.0,-7.0,55.0,277.0
Fahai,FunPlus Phoenix Blaze,LDL,Support,ASCI,11,0.546,4.18,249.0,-3.0,55.0,246.0
Thumb,Dplus Kia Challengers,LCKC,Support,ASCI,10,0.6,3.83,234.0,-0.0,55.0,234.0
Longmao,FunPlus Phoenix Blaze,LDL,Top,ASCI,11,0.546,2.32,233.0,-3.0,55.0,230.0
Calix,Nongshim Esports Academy,LCKC,Mid,ASCI,4,0.75,5.0,232.0,-4.0,55.0,228.0
Zkai,PSG Talon Academy,PCL,Top,ASCI,6,0.5,2.12,217.0,0.0,55.0,217.0
sorrow,FunPlus Phoenix Blaze,LDL,Jungle,ASCI,9,0.556,4.96,212.0,0.0,55.0,212.0
Career,Kiwoom DRX Challengers,LCKC,Support,ASCI,1,1.0,10.0,199.0,1.0,55.0,200.0
zzeta,MGN Blue Esports,VCS,Mid,ASCI,3,0.333,1.83,190.0,-1.0,55.0,189.0
Liweier,Invictus Gaming Young,LDL,Jungle,ASCI,13,0.615,3.33,169.0,3.0,55.0,172.0
TNS,PSG Talon Academy,PCL,Support,ASCI,6,0.5,3.71,172.0,0.0,55.0,172.0
Xin,PSG Talon Academy,PCL,Jungle,ASCI,6,0.5,5.07,171.0,0.0,55.0,171.0
ChiCh1,PSG Talon Academy,PCL,ADC,ASCI,6,0.5,4.29,166.0,0.0,55.0,166.0
Wen,PSG Talon Academy,PCL,Mid,ASCI,6,0.5,4.75,157.0,0.0,55.0,157.0
Emo,MGN Blue Esports,VCS,Mid,ASCI,3,0.333,1.88,139.0,-0.0,55.0,139.0
Zodiac,MGN Blue Esports,VCS,Support,ASCI,6,0.333,1.46,137.0,-1.0,55.0,136.0
Yuuto,Taipei Bravo,PCL,Jungle,ASCI,3,0.333,3.4,68.0,-0.0,55.0,68.0
Shaoye,LGD Gaming,LDL,ADC,ASCI,12,0.583,3.53,50.0,4.0,55.0,54.0
Kratos,Team Secret Academy,VCS,Top,ASCI,4,0.0,1.83,19.0,-1.0,55.0,18.0
JokerHan,CTBC Flying Oyster Academy,PCL,Mid,ASCI,4,0.0,1.55,7.0,-4.0,55.0,3.0
Cause,Taipei Bravo,PCL,Top,ASCI,6,0.333,2.5,-22.0,1.0,55.0,-21.0
pinvvei,Taipei Bravo,PCL,Support,ASCI,6,0.333,3.04,-26.0,1.0,55.0,-25.0
Mob,Taipei Bravo,PCL,ADC,ASCI,6,0.333,3.53,-50.0,1.0,55.0,-49.0
Zhifeig,Taipei Bravo,PCL,Mid,ASCI,6,0.333,3.05,-54.0,1.0,55.0,-53.0
Hasu7,CTBC Flying Oyster Academy,PCL,Top,ASCI,6,0.0,1.1,-70.0,-5.0,55.0,-75.0
HowLa,Fukuoka Softbank HAWKS gaming Academy,LJLA,ADC,ASCI,6,0.0,0.77,-75.0,-4.0,55.0,-79.0
Kaito,Fukuoka Softbank HAWKS gaming Academy,LJLA,Mid,ASCI,6,0.0,0.65,-87.0,-4.0,55.0,-91.0
BiIIy,CTBC Flying Oyster Academy,PCL,Jungle,ASCI,6,0.0,1.25,-91.0,-5.0,55.0,-96.0
Charley,Fukuoka Softbank HAWKS gaming Academy,LJLA,Support,ASCI,6,0.0,0.79,-96.0,-4.0,55.0,-100.0
YellowYoshi,Fukuoka Softbank HAWKS gaming Academy,LJLA,Top,ASCI,6,0.0,0.59,-102.0,-4.0,55.0,-106.0
ankochan,Fukuoka Softbank HAWKS gaming Academy,LJLA,Jungle,ASCI,6,0.0,0.79,-107.0,-4.0,55.0,-111.0
Hermes,CTBC Flying Oyster Academy,PCL,ADC,ASCI,6,0.0,0.69,-119.0,-5.0,55.0,-124.0
Kerry,CTBC Flying Oyster Academy,PCL,Support,ASCI,6,0.0,0.68,-121.0,-5.0,55.0,-126.0
Slowz,MGN Blue Esports,VCS,ADC,ASCI,6,0.333,1.9,-220.0,-1.0,55.0,-221.0
L0SER,V3 Esports Academy,LJLA,Support,ASCI,6,0.0,0.79,-296.0,2.0,55.0,-294.0
ezman,V3 Esports Academy,LJLA,ADC,ASCI,6,0.0,0.88,-313.0,2.0,55.0,-311.0
Enapon,V3 Esports Academy,LJLA,Mid,ASCI,6,0.0,0.67,-317.0,2.0,55.0,-315.0
Pinnnk,V3 Esports Academy,LJLA,Top,ASCI,6,0.0,0.61,-327.0,2.0,55.0,-325.0
Bruce,V3 Esports Academy,LJLA,Jungle,ASCI,6,0.0,0.9,-329.0,2.0,55.0,-327.0
Route,LOUD,CBLOL,ADC,CBLOL Split 1 · playoffs,11,0.818,5.9,272.0,8.0,55.0,280.0
tinowns,LOUD,CBLOL,Mid,CBLOL Split 1 · playoffs,11,0.818,9.25,265.0,8.0,55.0,273.0
Ceos,LOUD,CBLOL,Support,CBLOL Split 1 · playoffs,11,0.818,6.15,235.0,8.0,55.0,243.0
zay,FURIA,CBLOL,Support,CBLOL Split 1 · playoffs,12,0.5,3.83,228.0,0.0,55.0,228.0
Croc,LOUD,CBLOL,Jungle,CBLOL Split 1 · playoffs,11,0.818,4.67,207.0,8.0,55.0,215.0
dyNquedo,paiN Gaming,CBLOL,Mid,CBLOL Split 1 · playoffs,15,0.467,6.43,209.0,1.0,55.0,210.0
Robo,LOUD,CBLOL,Top,CBLOL Split 1 · playoffs,11,0.818,3.2,193.0,8.0,55.0,201.0
HiRit,Dark Passage,TCL,Top,CBLOL Split 1 · playoffs,12,0.5,3.12,194.0,0.0,55.0,194.0
Bvoy,paiN Gaming,CBLOL,ADC,CBLOL Split 1 · playoffs,15,0.467,4.29,189.0,1.0,55.0,190.0
Wizer,paiN Gaming,CBLOL,Top,CBLOL Split 1 · playoffs,15,0.467,3.32,184.0,1.0,55.0,185.0
Aegis,RED Canids,CBLOL,Jungle,CBLOL Split 1 · playoffs,8,0.25,2.32,182.0,-4.0,55.0,178.0
TitaN,RED Canids,CBLOL,ADC,CBLOL Split 1 · playoffs,8,0.25,1.97,180.0,-4.0,55.0,176.0
CarioK,paiN Gaming,CBLOL,Jungle,CBLOL Split 1 · playoffs,15,0.467,2.51,164.0,1.0,55.0,165.0
fNb,RED Canids,CBLOL,Top,CBLOL Split 1 · playoffs,11,0.546,2.77,149.0,-2.0,55.0,147.0
Envy,RED Canids,CBLOL,Mid,CBLOL Split 1 · playoffs,11,0.546,3.57,149.0,-2.0,55.0,147.0
Trigo,Vivo Keyd Stars,CBLOL,ADC,CBLOL Split 1 · playoffs,11,0.546,4.52,127.0,-2.0,55.0,125.0
Ayu,FURIA,CBLOL,Support,CBLOL Split 1 · playoffs,11,0.546,3.31,95.0,-2.0,55.0,93.0
Hauz,Fluxo,CBLOL,Mid,CBLOL Split 1 · playoffs,3,0.0,1.45,85.0,-4.0,55.0,81.0
Lava,LØS,CBLOL,Mid,CBLOL Split 1 · playoffs,12,0.5,3.34,80.0,0.0,55.0,80.0
JoJo,Fluxo,CBLOL,Support,CBLOL Split 1 · playoffs,3,0.0,2.75,84.0,-4.0,55.0,80.0
Brance,Fluxo,CBLOL,ADC,CBLOL Split 1 · playoffs,3,0.0,2.33,78.0,-4.0,55.0,74.0
Netuno,LØS,CBLOL,ADC,CBLOL Split 1 · playoffs,12,0.5,4.37,72.0,0.0,55.0,72.0
Damage,Vivo Keyd Stars,CBLOL,Support,CBLOL Split 1 · playoffs,15,0.467,3.09,66.0,1.0,55.0,67.0
Ranger,LØS,CBLOL,Jungle,CBLOL Split 1 · playoffs,12,0.5,3.75,63.0,0.0,55.0,63.0
Tay,Fluxo,CBLOL,Top,CBLOL Split 1 · playoffs,3,0.0,1.25,63.0,-4.0,55.0,59.0
Goot,FURIA,CBLOL,Jungle,CBLOL Split 1 · playoffs,11,0.546,3.61,60.0,-2.0,55.0,58.0
Disamis,Fluxo,CBLOL,Jungle,CBLOL Split 1 · playoffs,3,0.0,1.38,59.0,-4.0,55.0,55.0
Boal,LØS,CBLOL,Top,CBLOL Split 1 · playoffs,8,0.25,2.25,29.0,-4.0,55.0,25.0
Avenger,Liberty,CBLOL,Mid,CBLOL Split 1 · playoffs,8,0.25,2.2,-82.0,-4.0,55.0,-86.0
scamber,RED Academy,CBLOLA,Support,CBLOL Split 1 · playoffs,8,0.25,2.12,-124.0,-4.0,55.0,-128.0
Yuri,KaBuM! Esports,CBLOL,Mid,CBLOL Split 1 · saison régulière,18,0.389,2.84,303.0,9.0,55.0,312.0
Route,LOUD,CBLOL,ADC,CBLOL Split 1 · saison régulière,18,0.667,4.97,272.0,-14.0,55.0,258.0
tinowns,LOUD,CBLOL,Mid,CBLOL Split 1 · saison régulière,18,0.667,5.06,265.0,-14.0,55.0,251.0
zay,FURIA,CBLOL,Support,CBLOL Split 1 · saison régulière,18,0.667,5.38,228.0,6.0,55.0,234.0
Ceos,LOUD,CBLOL,Support,CBLOL Split 1 · saison régulière,18,0.667,5.34,235.0,-14.0,55.0,221.0
dyNquedo,paiN Gaming,CBLOL,Mid,CBLOL Split 1 · saison régulière,18,0.667,5.52,209.0,-3.0,55.0,206.0
HiRit,Dark Passage,TCL,Top,CBLOL Split 1 · saison régulière,18,0.667,2.56,194.0,6.0,55.0,200.0
Croc,LOUD,CBLOL,Jungle,CBLOL Split 1 · saison régulière,18,0.667,3.02,207.0,-14.0,55.0,193.0
Aegis,RED Canids,CBLOL,Jungle,CBLOL Split 1 · saison régulière,18,0.611,3.74,182.0,6.0,55.0,188.0
TitaN,RED Canids,CBLOL,ADC,CBLOL Split 1 · saison régulière,18,0.611,5.73,180.0,6.0,55.0,186.0
Bvoy,paiN Gaming,CBLOL,ADC,CBLOL Split 1 · saison régulière,18,0.667,6.88,189.0,-3.0,55.0,186.0
Wizer,paiN Gaming,CBLOL,Top,CBLOL Split 1 · saison régulière,18,0.667,2.91,184.0,-3.0,55.0,181.0
Robo,LOUD,CBLOL,Top,CBLOL Split 1 · saison régulière,18,0.667,2.47,193.0,-14.0,55.0,179.0
CarioK,paiN Gaming,CBLOL,Jungle,CBLOL Split 1 · saison régulière,18,0.667,3.42,164.0,-3.0,55.0,161.0
fNb,RED Canids,CBLOL,Top,CBLOL Split 1 · saison régulière,18,0.5,2.9,149.0,1.0,55.0,150.0
Envy,RED Canids,CBLOL,Mid,CBLOL Split 1 · saison régulière,18,0.5,3.78,149.0,1.0,55.0,150.0
Kuri,RED Canids,CBLOL,Support,CBLOL Split 1 · saison régulière,10,0.6,7.92,129.0,-0.0,55.0,129.0
Trigo,Vivo Keyd Stars,CBLOL,ADC,CBLOL Split 1 · saison régulière,18,0.5,3.82,127.0,1.0,55.0,128.0
Ayu,FURIA,CBLOL,Support,CBLOL Split 1 · saison régulière,10,0.6,5.25,95.0,3.0,55.0,98.0
Grell,Vivo Keyd Stars,CBLOL,Jungle,CBLOL Split 1 · saison régulière,10,0.4,3.57,94.0,3.0,55.0,97.0
Hauz,Fluxo,CBLOL,Mid,CBLOL Split 1 · saison régulière,18,0.556,4.3,85.0,3.0,55.0,88.0
JoJo,Fluxo,CBLOL,Support,CBLOL Split 1 · saison régulière,18,0.556,5.1,84.0,3.0,55.0,87.0
Lava,LØS,CBLOL,Mid,CBLOL Split 1 · saison régulière,18,0.667,3.6,80.0,6.0,55.0,86.0
Brance,Fluxo,CBLOL,ADC,CBLOL Split 1 · saison régulière,18,0.556,4.59,78.0,3.0,55.0,81.0
Netuno,LØS,CBLOL,ADC,CBLOL Split 1 · saison régulière,18,0.667,5.51,72.0,6.0,55.0,78.0
Yampi,INTZ,CBLOL,Jungle,CBLOL Split 1 · saison régulière,18,0.389,2.95,83.0,-8.0,55.0,75.0
Ranger,LØS,CBLOL,Jungle,CBLOL Split 1 · saison régulière,18,0.667,2.93,63.0,6.0,55.0,69.0
Tay,Fluxo,CBLOL,Top,CBLOL Split 1 · saison régulière,18,0.556,3.74,63.0,3.0,55.0,66.0
Damage,Vivo Keyd Stars,CBLOL,Support,CBLOL Split 1 · saison régulière,18,0.667,3.54,66.0,-3.0,55.0,63.0
Disamis,Fluxo,CBLOL,Jungle,CBLOL Split 1 · saison régulière,18,0.556,3.78,59.0,3.0,55.0,62.0
Goot,FURIA,CBLOL,Jungle,CBLOL Split 1 · saison régulière,18,0.5,3.09,60.0,1.0,55.0,61.0
Grevthar,Vivo Keyd Stars,CBLOL,Mid,CBLOL Split 1 · saison régulière,18,0.278,3.19,64.0,-3.0,55.0,61.0
NinjaKiwi,INTZ,CBLOL,ADC,CBLOL Split 1 · saison régulière,18,0.389,2.67,55.0,-8.0,55.0,47.0
Boal,LØS,CBLOL,Top,CBLOL Split 1 · saison régulière,18,0.611,4.31,29.0,6.0,55.0,35.0
NOsFerus,INTZ,CBLOL,Mid,CBLOL Split 1 · saison régulière,18,0.389,3.66,43.0,-8.0,55.0,35.0
Guigo,Vivo Keyd Stars,CBLOL,Top,CBLOL Split 1 · saison régulière,18,0.278,2.07,29.0,-3.0,55.0,26.0
Nia,INTZ,CBLOL,Support,CBLOL Split 1 · saison régulière,18,0.389,2.08,25.0,-8.0,55.0,17.0
Zzk,INTZ,CBLOL,Top,CBLOL Split 1 · saison régulière,18,0.389,1.83,19.0,-8.0,55.0,11.0
Guigs,KaBuM! Academy,CBLOLA,Support,CBLOL Split 1 · saison régulière,6,0.333,4.0,5.0,-2.0,55.0,3.0
Lonely,KaBuM! Esports,CBLOL,Top,CBLOL Split 1 · saison régulière,18,0.389,3.16,-20.0,9.0,55.0,-11.0
SCARY,KaBuM! Academy,CBLOLA,Jungle,CBLOL Split 1 · saison régulière,18,0.389,3.03,-25.0,9.0,55.0,-16.0
Avenger,Liberty,CBLOL,Mid,CBLOL Split 1 · saison régulière,18,0.611,3.67,-82.0,6.0,55.0,-76.0
Kiari,Liberty,CBLOL,Top,CBLOL Split 1 · saison régulière,18,0.278,2.16,-116.0,2.0,55.0,-114.0
scamber,RED Academy,CBLOLA,Support,CBLOL Split 1 · saison régulière,8,0.625,4.88,-124.0,6.0,55.0,-118.0
Juliera,Liberty,CBLOL,ADC,CBLOL Split 1 · saison régulière,18,0.278,2.34,-134.0,2.0,55.0,-132.0
Accez,Liberty,CBLOL,Jungle,CBLOL Split 1 · saison régulière,18,0.278,1.39,-139.0,2.0,55.0,-137.0
Krastyel,KaBuM! Esports,CBLOL,Mid,CBLOL Split 1 · saison régulière,12,0.333,3.91,-155.0,-1.0,55.0,-156.0
Cavalo,Liberty Academy,CBLOLA,Support,CBLOL Split 1 · saison régulière,18,0.278,3.06,-167.0,2.0,55.0,-165.0
Pilot,Liberty Academy,CBLOLA,Mid,CBLOL Split 1 · saison régulière,18,0.278,2.76,-186.0,2.0,55.0,-184.0
ST3PZ,Vivo Keyd Stars Academy,CBLOLA,ADC,CBLOL Split 1 · saison régulière,12,0.333,2.97,-187.0,-1.0,55.0,-188.0
RAV3N,KaBuM! Esports,CBLOL,ADC,CBLOL Split 1 · saison régulière,6,0.333,3.19,-187.0,-2.0,55.0,-189.0
DudsTheBoy,KaBuM! Academy,CBLOLA,ADC,CBLOL Split 1 · saison régulière,12,0.417,2.98,-298.0,10.0,55.0,-288.0
Hugato,LOUD Academy,CBLOLA,Jungle,CBLOL Split 1 · saison régulière,6,0.167,2.65,-300.0,-2.0,55.0,-302.0
scuro,KaBuM! Academy,CBLOLA,ADC,CBLOL Split 1 · saison régulière,12,0.417,5.11,-340.0,10.0,55.0,-330.0
micaO,Vivo Keyd Stars Academy,CBLOLA,ADC,CBLOL Split 1 · saison régulière,6,0.167,1.82,-407.0,-2.0,55.0,-409.0
Sting,Vivo Keyd Stars Academy,CBLOLA,Jungle,CBLOL Split 1 · saison régulière,2,0.0,0.64,-406.0,-4.0,55.0,-410.0
RedBert,KaBuM! Esports,CBLOL,Support,CBLOL Split 1 · saison régulière,8,0.375,2.95,-468.0,-2.0,55.0,-470.0
ProDelta,paiN Gaming,CBLOL,Support,CBLOL Split 2 · playoffs,15,0.467,2.83,301.0,-4.0,55.0,297.0
Route,LOUD,CBLOL,ADC,CBLOL Split 2 · playoffs,11,0.818,7.2,272.0,11.0,55.0,283.0
tinowns,LOUD,CBLOL,Mid,CBLOL Split 2 · playoffs,11,0.818,5.56,265.0,11.0,55.0,276.0
Ceos,LOUD,CBLOL,Support,CBLOL Split 2 · playoffs,11,0.818,2.79,235.0,11.0,55.0,246.0
Croc,LOUD,CBLOL,Jungle,CBLOL Split 2 · playoffs,11,0.818,4.82,207.0,11.0,55.0,218.0
dyNquedo,paiN Gaming,CBLOL,Mid,CBLOL Split 2 · playoffs,15,0.467,5.08,209.0,-4.0,55.0,205.0
Robo,LOUD,CBLOL,Top,CBLOL Split 2 · playoffs,11,0.818,2.79,193.0,11.0,55.0,204.0
frosty,RED Canids,CBLOL,Support,CBLOL Split 2 · playoffs,13,0.462,4.1,198.0,-2.0,55.0,196.0
Bvoy,paiN Gaming,CBLOL,ADC,CBLOL Split 2 · playoffs,15,0.467,3.46,189.0,-4.0,55.0,185.0
Aegis,RED Canids,CBLOL,Jungle,CBLOL Split 2 · playoffs,13,0.462,5.22,182.0,-2.0,55.0,180.0
Wizer,paiN Gaming,CBLOL,Top,CBLOL Split 2 · playoffs,15,0.467,2.33,184.0,-4.0,55.0,180.0
TitaN,RED Canids,CBLOL,ADC,CBLOL Split 2 · playoffs,13,0.462,3.75,180.0,-2.0,55.0,178.0
CarioK,paiN Gaming,CBLOL,Jungle,CBLOL Split 2 · playoffs,15,0.467,3.84,164.0,-4.0,55.0,160.0
fNb,RED Canids,CBLOL,Top,CBLOL Split 2 · playoffs,13,0.462,4.5,149.0,-2.0,55.0,147.0
Envy,RED Canids,CBLOL,Mid,CBLOL Split 2 · playoffs,13,0.462,6.39,149.0,-2.0,55.0,147.0
Trigo,Vivo Keyd Stars,CBLOL,ADC,CBLOL Split 2 · playoffs,9,0.444,5.47,127.0,1.0,55.0,128.0
Grell,Vivo Keyd Stars,CBLOL,Jungle,CBLOL Split 2 · playoffs,9,0.444,3.23,94.0,1.0,55.0,95.0
Yampi,INTZ,CBLOL,Jungle,CBLOL Split 2 · playoffs,11,0.364,3.17,83.0,-1.0,55.0,82.0
Hauz,Fluxo,CBLOL,Mid,CBLOL Split 2 · playoffs,5,0.4,3.07,85.0,-4.0,55.0,81.0
JoJo,Fluxo,CBLOL,Support,CBLOL Split 2 · playoffs,5,0.4,2.43,84.0,-4.0,55.0,80.0
Brance,Fluxo,CBLOL,ADC,CBLOL Split 2 · playoffs,5,0.4,4.38,78.0,-4.0,55.0,74.0
Damage,Vivo Keyd Stars,CBLOL,Support,CBLOL Split 2 · playoffs,9,0.444,2.58,66.0,1.0,55.0,67.0
Grevthar,Vivo Keyd Stars,CBLOL,Mid,CBLOL Split 2 · playoffs,9,0.444,5.0,64.0,1.0,55.0,65.0
Tay,Fluxo,CBLOL,Top,CBLOL Split 2 · playoffs,5,0.4,2.76,63.0,-4.0,55.0,59.0
Disamis,Fluxo,CBLOL,Jungle,CBLOL Split 2 · playoffs,5,0.4,2.61,59.0,-4.0,55.0,55.0
NinjaKiwi,INTZ,CBLOL,ADC,CBLOL Split 2 · playoffs,11,0.364,3.97,55.0,-1.0,55.0,54.0
NOsFerus,INTZ,CBLOL,Mid,CBLOL Split 2 · playoffs,11,0.364,3.27,43.0,-1.0,55.0,42.0
Guigo,Vivo Keyd Stars,CBLOL,Top,CBLOL Split 2 · playoffs,9,0.444,2.49,29.0,1.0,55.0,30.0
Nia,INTZ,CBLOL,Support,CBLOL Split 2 · playoffs,11,0.364,2.11,25.0,-1.0,55.0,24.0
Zzk,INTZ,CBLOL,Top,CBLOL Split 2 · playoffs,11,0.364,2.5,19.0,-1.0,55.0,18.0
ProDelta,paiN Gaming,CBLOL,Support,CBLOL Split 2 · saison régulière,18,0.778,5.35,301.0,8.0,55.0,309.0
Route,LOUD,CBLOL,ADC,CBLOL Split 2 · saison régulière,18,0.722,6.23,272.0,-2.0,55.0,270.0
tinowns,LOUD,CBLOL,Mid,CBLOL Split 2 · saison régulière,18,0.722,5.76,265.0,-2.0,55.0,263.0
Ceos,LOUD,CBLOL,Support,CBLOL Split 2 · saison régulière,18,0.722,6.0,235.0,-2.0,55.0,233.0
zay,FURIA,CBLOL,Support,CBLOL Split 2 · saison régulière,18,0.444,3.93,228.0,0.0,55.0,228.0
dyNquedo,paiN Gaming,CBLOL,Mid,CBLOL Split 2 · saison régulière,18,0.778,7.46,209.0,8.0,55.0,217.0
Croc,LOUD,CBLOL,Jungle,CBLOL Split 2 · saison régulière,18,0.722,3.14,207.0,-2.0,55.0,205.0
frosty,RED Canids,CBLOL,Support,CBLOL Split 2 · saison régulière,18,0.778,4.98,198.0,4.0,55.0,202.0
Bvoy,paiN Gaming,CBLOL,ADC,CBLOL Split 2 · saison régulière,18,0.778,8.0,189.0,8.0,55.0,197.0
Wizer,paiN Gaming,CBLOL,Top,CBLOL Split 2 · saison régulière,18,0.778,4.76,184.0,8.0,55.0,192.0
Robo,LOUD,CBLOL,Top,CBLOL Split 2 · saison régulière,18,0.722,2.98,193.0,-2.0,55.0,191.0
Aegis,RED Canids,CBLOL,Jungle,CBLOL Split 2 · saison régulière,18,0.778,4.78,182.0,4.0,55.0,186.0
TitaN,RED Canids,CBLOL,ADC,CBLOL Split 2 · saison régulière,18,0.778,4.15,180.0,4.0,55.0,184.0
CarioK,paiN Gaming,CBLOL,Jungle,CBLOL Split 2 · saison régulière,18,0.778,4.91,164.0,8.0,55.0,172.0
fNb,RED Canids,CBLOL,Top,CBLOL Split 2 · saison régulière,18,0.778,4.56,149.0,4.0,55.0,153.0
Envy,RED Canids,CBLOL,Mid,CBLOL Split 2 · saison régulière,18,0.778,3.44,149.0,4.0,55.0,153.0
Trigo,Vivo Keyd Stars,CBLOL,ADC,CBLOL Split 2 · saison régulière,18,0.556,6.16,127.0,-0.0,55.0,127.0
Ayu,FURIA,CBLOL,Support,CBLOL Split 2 · saison régulière,18,0.444,3.83,95.0,0.0,55.0,95.0
Grell,Vivo Keyd Stars,CBLOL,Jungle,CBLOL Split 2 · saison régulière,18,0.556,3.53,94.0,-0.0,55.0,94.0
Yampi,INTZ,CBLOL,Jungle,CBLOL Split 2 · saison régulière,18,0.611,5.03,83.0,7.0,55.0,90.0
Hauz,Fluxo,CBLOL,Mid,CBLOL Split 2 · saison régulière,18,0.611,3.28,85.0,3.0,55.0,88.0
JoJo,Fluxo,CBLOL,Support,CBLOL Split 2 · saison régulière,18,0.611,4.3,84.0,3.0,55.0,87.0
Brance,Fluxo,CBLOL,ADC,CBLOL Split 2 · saison régulière,18,0.611,5.21,78.0,3.0,55.0,81.0
Lava,LØS,CBLOL,Mid,CBLOL Split 2 · saison régulière,18,0.333,2.6,80.0,-8.0,55.0,72.0
Tay,Fluxo,CBLOL,Top,CBLOL Split 2 · saison régulière,18,0.611,4.29,63.0,3.0,55.0,66.0
Damage,Vivo Keyd Stars,CBLOL,Support,CBLOL Split 2 · saison régulière,18,0.556,2.86,66.0,-0.0,55.0,66.0
Netuno,LØS,CBLOL,ADC,CBLOL Split 2 · saison régulière,18,0.333,3.61,72.0,-8.0,55.0,64.0
Grevthar,Vivo Keyd Stars,CBLOL,Mid,CBLOL Split 2 · saison régulière,18,0.556,5.79,64.0,-0.0,55.0,64.0
NinjaKiwi,INTZ,CBLOL,ADC,CBLOL Split 2 · saison régulière,18,0.611,3.98,55.0,7.0,55.0,62.0
Disamis,Fluxo,CBLOL,Jungle,CBLOL Split 2 · saison régulière,18,0.611,4.82,59.0,3.0,55.0,62.0
Goot,FURIA,CBLOL,Jungle,CBLOL Split 2 · saison régulière,18,0.444,3.57,60.0,0.0,55.0,60.0
Ranger,LØS,CBLOL,Jungle,CBLOL Split 2 · saison régulière,18,0.333,2.21,63.0,-8.0,55.0,55.0
NOsFerus,INTZ,CBLOL,Mid,CBLOL Split 2 · saison régulière,18,0.611,4.49,43.0,7.0,55.0,50.0
Nia,INTZ,CBLOL,Support,CBLOL Split 2 · saison régulière,16,0.625,4.56,25.0,6.0,55.0,31.0
Guigo,Vivo Keyd Stars,CBLOL,Top,CBLOL Split 2 · saison régulière,18,0.556,2.28,29.0,-0.0,55.0,29.0
Zzk,INTZ,CBLOL,Top,CBLOL Split 2 · saison régulière,18,0.611,3.58,19.0,7.0,55.0,26.0
Boal,LØS,CBLOL,Top,CBLOL Split 2 · saison régulière,6,0.333,1.71,29.0,-4.0,55.0,25.0
SCARY,KaBuM! Academy,CBLOLA,Jungle,CBLOL Split 2 · saison régulière,6,0.167,2.94,-25.0,-3.0,55.0,-28.0
Lonely,KaBuM! Esports,CBLOL,Top,CBLOL Split 2 · saison régulière,18,0.056,1.85,-20.0,-10.0,55.0,-30.0
Avenger,Liberty,CBLOL,Mid,CBLOL Split 2 · saison régulière,14,0.143,1.71,-82.0,-3.0,55.0,-85.0
Kiari,Liberty,CBLOL,Top,CBLOL Split 2 · saison régulière,14,0.143,2.02,-116.0,-3.0,55.0,-119.0
Betão,FURIA,CBLOL,Top,CBLOL Split 2 · saison régulière,18,0.444,2.95,-128.0,0.0,55.0,-128.0
Juliera,Liberty,CBLOL,ADC,CBLOL Split 2 · saison régulière,14,0.143,3.0,-134.0,-3.0,55.0,-137.0
Accez,Liberty,CBLOL,Jungle,CBLOL Split 2 · saison régulière,14,0.143,2.45,-139.0,-3.0,55.0,-142.0
Tutsz,FURIA,CBLOL,Mid,CBLOL Split 2 · saison régulière,18,0.444,4.1,-158.0,0.0,55.0,-158.0
Krastyel,KaBuM! Esports,CBLOL,Mid,CBLOL Split 2 · saison régulière,18,0.056,1.74,-155.0,-10.0,55.0,-165.0
Cavalo,Liberty Academy,CBLOLA,Support,CBLOL Split 2 · saison régulière,4,0.0,1.45,-167.0,1.0,55.0,-166.0
enel1,LØS,CBLOL,Jungle,CBLOL Split 2 · saison régulière,14,0.286,2.74,-165.0,-6.0,55.0,-171.0
Hidan,LØS,CBLOL,Top,CBLOL Split 2 · saison régulière,12,0.333,2.13,-178.0,-4.0,55.0,-182.0
Pilot,Liberty Academy,CBLOLA,Mid,CBLOL Split 2 · saison régulière,4,0.0,2.83,-186.0,1.0,55.0,-185.0
RAV3N,KaBuM! Esports,CBLOL,ADC,CBLOL Split 2 · saison régulière,18,0.056,2.07,-187.0,-10.0,55.0,-197.0
Wos,Liberty,CBLOL,Support,CBLOL Split 2 · saison régulière,13,0.154,2.3,-208.0,-3.0,55.0,-211.0
Flawless,KaBuM! Esports,CBLOL,Jungle,CBLOL Split 2 · saison régulière,10,0.0,1.23,-206.0,-6.0,55.0,-212.0
Drakehero,Liberty Academy,CBLOLA,Jungle,CBLOL Split 2 · saison régulière,4,0.0,1.27,-429.0,1.0,55.0,-428.0
Samkz,KaBuM! Esports,CBLOLA,Jungle,CBLOL Split 2 · saison régulière,2,0.0,2.3,-450.0,-1.0,55.0,-451.0
Reaper,Liberty Academy,CBLOLA,ADC,CBLOL Split 2 · saison régulière,4,0.0,1.09,-475.0,1.0,55.0,-474.0
RedBert,KaBuM! Esports,CBLOL,Support,CBLOL Split 2 · saison régulière,18,0.056,1.41,-468.0,-10.0,55.0,-478.0
SkB,Liberty Academy,CBLOLA,Top,CBLOL Split 2 · saison régulière,4,0.0,0.59,-493.0,1.0,55.0,-492.0
Momochi,Liberty,CBLOLA,Support,CBLOL Split 2 · saison régulière,1,0.0,0.33,-630.0,-0.0,55.0,-630.0
Betão,FURIA,CBLOL,Top,CBLOLA Split 1 · playoffs,3,0.0,1.78,-128.0,-5.0,55.0,-133.0
Telas,Vivo Keyd Stars Academy,CBLOLA,Support,CBLOLA Split 1 · playoffs,19,0.579,4.33,-148.0,-1.0,55.0,-149.0
enel1,LØS,CBLOL,Jungle,CBLOLA Split 1 · playoffs,15,0.533,3.38,-165.0,2.0,55.0,-163.0
Hidan,LØS,CBLOL,Top,CBLOLA Split 1 · playoffs,15,0.533,2.78,-178.0,2.0,55.0,-176.0
Tyrin,Vivo Keyd Stars Academy,CBLOLA,Top,CBLOLA Split 1 · playoffs,19,0.579,4.28,-201.0,-1.0,55.0,-202.0
DudsTheBoy,KaBuM! Academy,CBLOLA,ADC,CBLOLA Split 1 · playoffs,8,0.25,2.55,-298.0,-7.0,55.0,-305.0
scuro,KaBuM! Academy,CBLOLA,ADC,CBLOLA Split 1 · playoffs,8,0.25,2.79,-340.0,-7.0,55.0,-347.0
Eradan,INTZ Academy,CBLOLA,Top,CBLOLA Split 1 · playoffs,14,0.714,2.34,-367.0,12.0,55.0,-355.0
Dioge,KaBuM! Academy,CBLOLA,Mid,CBLOLA Split 1 · playoffs,8,0.25,3.15,-361.0,-7.0,55.0,-368.0
Look,INTZ Academy,CBLOLA,Support,CBLOLA Split 1 · playoffs,14,0.714,3.87,-392.0,12.0,55.0,-380.0
Aithusa,RED Academy,CBLOLA,Mid,CBLOLA Split 1 · playoffs,3,0.0,2.1,-376.0,-5.0,55.0,-381.0
SuperCleber,KaBuM! Academy,CBLOLA,Top,CBLOLA Split 1 · playoffs,8,0.25,2.36,-381.0,-7.0,55.0,-388.0
Manel,FURIA Youth,CBLOLA,Support,CBLOLA Split 1 · playoffs,9,0.333,3.26,-392.0,-0.0,55.0,-392.0
Sting,Vivo Keyd Stars Academy,CBLOLA,Jungle,CBLOLA Split 1 · playoffs,19,0.579,3.58,-406.0,-1.0,55.0,-407.0
micaO,Vivo Keyd Stars Academy,CBLOLA,ADC,CBLOLA Split 1 · playoffs,19,0.579,4.47,-407.0,-1.0,55.0,-408.0
Leleko,Vivo Keyd Stars Academy,CBLOLA,Mid,CBLOLA Split 1 · playoffs,19,0.579,4.97,-418.0,-1.0,55.0,-419.0
Juzo,INTZ Academy,CBLOLA,ADC,CBLOLA Split 1 · playoffs,14,0.714,4.47,-449.0,12.0,55.0,-437.0
Tatu,INTZ Academy,CBLOLA,Jungle,CBLOLA Split 1 · playoffs,14,0.714,3.64,-462.0,12.0,55.0,-450.0
Blacky,INTZ Academy,CBLOLA,Mid,CBLOLA Split 1 · playoffs,14,0.714,5.2,-463.0,12.0,55.0,-451.0
Samkz,KaBuM! Esports,CBLOLA,Jungle,CBLOLA Split 1 · playoffs,8,0.25,2.15,-450.0,-7.0,55.0,-457.0
Mido,LØS Academy,CBLOLA,Support,CBLOLA Split 1 · playoffs,15,0.533,4.07,-466.0,2.0,55.0,-464.0
Gru,FURIA Youth,CBLOLA,Top,CBLOLA Split 1 · playoffs,9,0.333,2.79,-473.0,-0.0,55.0,-473.0
Morttheus,RED Academy,CBLOLA,ADC,CBLOLA Split 1 · playoffs,3,0.0,2.43,-474.0,-5.0,55.0,-479.0
yazi,FURIA Youth,CBLOLA,ADC,CBLOLA Split 1 · playoffs,9,0.333,3.7,-492.0,-0.0,55.0,-492.0
Celo,LØS Academy,CBLOLA,ADC,CBLOLA Split 1 · playoffs,15,0.533,4.33,-494.0,2.0,55.0,-492.0
neyzz,LØS Academy,CBLOLA,Mid,CBLOLA Split 1 · playoffs,15,0.533,3.32,-504.0,2.0,55.0,-502.0
StineR,FURIA Youth,CBLOLA,Jungle,CBLOLA Split 1 · playoffs,9,0.333,3.22,-502.0,-0.0,55.0,-502.0
Fuuu,FURIA Youth,CBLOLA,Mid,CBLOLA Split 1 · playoffs,9,0.333,2.78,-514.0,-0.0,55.0,-514.0
Soweto,RED Academy,CBLOLA,Jungle,CBLOLA Split 1 · playoffs,3,0.0,0.95,-598.0,-5.0,55.0,-603.0
Stoneses,RED Academy,CBLOLA,Support,CBLOLA Split 1 · playoffs,3,0.0,2.25,-660.0,-5.0,55.0,-665.0
Ayu,FURIA,CBLOL,Support,CBLOLA Split 1 · saison régulière,8,0.625,3.83,95.0,-0.0,55.0,95.0
Guigs,KaBuM! Academy,CBLOLA,Support,CBLOLA Split 1 · saison régulière,12,0.75,8.68,5.0,8.0,55.0,13.0
scamber,RED Academy,CBLOLA,Support,CBLOLA Split 1 · saison régulière,9,0.778,4.67,-124.0,6.0,55.0,-118.0
Betão,FURIA,CBLOL,Top,CBLOLA Split 1 · saison régulière,18,0.556,3.67,-128.0,4.0,55.0,-124.0
Telas,Vivo Keyd Stars Academy,CBLOLA,Support,CBLOLA Split 1 · saison régulière,18,0.778,5.15,-148.0,7.0,55.0,-141.0
Krastyel,KaBuM! Esports,CBLOL,Mid,CBLOLA Split 1 · saison régulière,6,1.0,8.0,-155.0,7.0,55.0,-148.0
Tutsz,FURIA,CBLOL,Mid,CBLOLA Split 1 · saison régulière,18,0.444,3.65,-158.0,-2.0,55.0,-160.0
enel1,LØS,CBLOL,Jungle,CBLOLA Split 1 · saison régulière,17,0.588,4.81,-165.0,4.0,55.0,-161.0
Hidan,LØS,CBLOL,Top,CBLOLA Split 1 · saison régulière,18,0.556,3.25,-178.0,2.0,55.0,-176.0
RAV3N,KaBuM! Esports,CBLOL,ADC,CBLOLA Split 1 · saison régulière,12,0.75,6.58,-187.0,8.0,55.0,-179.0
ST3PZ,Vivo Keyd Stars Academy,CBLOLA,ADC,CBLOLA Split 1 · saison régulière,6,1.0,9.4,-187.0,7.0,55.0,-180.0
Tyrin,Vivo Keyd Stars Academy,CBLOLA,Top,CBLOLA Split 1 · saison régulière,18,0.778,5.87,-201.0,7.0,55.0,-194.0
Hugato,LOUD Academy,CBLOLA,Jungle,CBLOLA Split 1 · saison régulière,2,1.0,8.25,-300.0,4.0,55.0,-296.0
DudsTheBoy,KaBuM! Academy,CBLOLA,ADC,CBLOLA Split 1 · saison régulière,6,0.333,3.1,-298.0,-7.0,55.0,-305.0
Griba,paiN Gaming Academy,CBLOLA,Support,CBLOLA Split 1 · saison régulière,18,0.389,2.77,-339.0,-6.0,55.0,-345.0
scuro,KaBuM! Academy,CBLOLA,ADC,CBLOLA Split 1 · saison régulière,6,0.333,2.44,-340.0,-7.0,55.0,-347.0
Dioge,KaBuM! Academy,CBLOLA,Mid,CBLOLA Split 1 · saison régulière,18,0.611,6.22,-361.0,2.0,55.0,-359.0
Aithusa,RED Academy,CBLOLA,Mid,CBLOLA Split 1 · saison régulière,16,0.625,3.93,-376.0,8.0,55.0,-368.0
Eradan,INTZ Academy,CBLOLA,Top,CBLOLA Split 1 · saison régulière,13,0.462,2.04,-367.0,-3.0,55.0,-370.0
SuperCleber,KaBuM! Academy,CBLOLA,Top,CBLOLA Split 1 · saison régulière,18,0.611,3.41,-381.0,2.0,55.0,-379.0
Manel,FURIA Youth,CBLOLA,Support,CBLOLA Split 1 · saison régulière,8,0.625,3.2,-392.0,7.0,55.0,-385.0
Look,INTZ Academy,CBLOLA,Support,CBLOLA Split 1 · saison régulière,16,0.5,2.42,-392.0,-0.0,55.0,-392.0
Sting,Vivo Keyd Stars Academy,CBLOLA,Jungle,CBLOLA Split 1 · saison régulière,16,0.75,4.16,-406.0,4.0,55.0,-402.0
Picknn,Fluxo Academy,CBLOLA,Mid,CBLOLA Split 1 · saison régulière,18,0.389,3.31,-399.0,-3.0,55.0,-402.0
micaO,Vivo Keyd Stars Academy,CBLOLA,ADC,CBLOLA Split 1 · saison régulière,12,0.667,4.63,-407.0,1.0,55.0,-406.0
Kick,Fluxo Academy,CBLOLA,Support,CBLOLA Split 1 · saison régulière,18,0.389,3.94,-411.0,-3.0,55.0,-414.0
Kojima,Fluxo Academy,CBLOLA,ADC,CBLOLA Split 1 · saison régulière,18,0.389,3.31,-411.0,-3.0,55.0,-414.0
Ancrath,Fluxo Academy,CBLOLA,Jungle,CBLOLA Split 1 · saison régulière,18,0.389,2.66,-411.0,-3.0,55.0,-414.0
Leleko,Vivo Keyd Stars Academy,CBLOLA,Mid,CBLOLA Split 1 · saison régulière,12,0.667,3.57,-418.0,1.0,55.0,-417.0
Yupps,paiN Gaming Academy,CBLOLA,Top,CBLOLA Split 1 · saison régulière,18,0.389,2.24,-419.0,-6.0,55.0,-425.0
Drakehero,Liberty Academy,CBLOLA,Jungle,CBLOLA Split 1 · saison régulière,18,0.278,2.09,-429.0,-4.0,55.0,-433.0
kksh,paiN Gaming Academy,CBLOLA,ADC,CBLOLA Split 1 · saison régulière,18,0.389,4.21,-427.0,-6.0,55.0,-433.0
Baldan,Fluxo Academy,CBLOLA,Top,CBLOLA Split 1 · saison régulière,18,0.389,2.39,-435.0,-3.0,55.0,-438.0
Anato,paiN Gaming Academy,CBLOLA,Jungle,CBLOLA Split 1 · saison régulière,18,0.389,2.73,-435.0,-6.0,55.0,-441.0
Qats,paiN Gaming Academy,CBLOLA,Mid,CBLOLA Split 1 · saison régulière,18,0.389,2.83,-438.0,-6.0,55.0,-444.0
Samkz,KaBuM! Esports,CBLOLA,Jungle,CBLOLA Split 1 · saison régulière,18,0.611,3.88,-450.0,2.0,55.0,-448.0
Juzo,INTZ Academy,CBLOLA,ADC,CBLOLA Split 1 · saison régulière,18,0.444,2.91,-449.0,-4.0,55.0,-453.0
Mido,LØS Academy,CBLOLA,Support,CBLOLA Split 1 · saison régulière,18,0.556,5.72,-466.0,2.0,55.0,-464.0
Tatu,INTZ Academy,CBLOLA,Jungle,CBLOLA Split 1 · saison régulière,18,0.444,2.96,-462.0,-4.0,55.0,-466.0
Blacky,INTZ Academy,CBLOLA,Mid,CBLOLA Split 1 · saison régulière,18,0.444,3.2,-463.0,-4.0,55.0,-467.0
Gru,FURIA Youth,CBLOLA,Top,CBLOLA Split 1 · saison régulière,18,0.556,2.54,-473.0,4.0,55.0,-469.0
Morttheus,RED Academy,CBLOLA,ADC,CBLOLA Split 1 · saison régulière,18,0.556,3.75,-474.0,4.0,55.0,-470.0
RedBert,KaBuM! Esports,CBLOL,Support,CBLOLA Split 1 · saison régulière,2,0.0,1.62,-468.0,-3.0,55.0,-471.0
Reaper,Liberty Academy,CBLOLA,ADC,CBLOLA Split 1 · saison régulière,18,0.278,2.84,-475.0,-4.0,55.0,-479.0
yazi,FURIA Youth,CBLOLA,ADC,CBLOLA Split 1 · saison régulière,18,0.556,5.12,-492.0,4.0,55.0,-488.0
Celo,LØS Academy,CBLOLA,ADC,CBLOLA Split 1 · saison régulière,18,0.556,5.63,-494.0,2.0,55.0,-492.0
StineR,FURIA Youth,CBLOLA,Jungle,CBLOLA Split 1 · saison régulière,18,0.556,2.76,-502.0,4.0,55.0,-498.0
Beenie,LOUD Academy,CBLOLA,ADC,CBLOLA Split 1 · saison régulière,18,0.444,3.39,-497.0,-2.0,55.0,-499.0
SkB,Liberty Academy,CBLOLA,Top,CBLOLA Split 1 · saison régulière,16,0.25,2.15,-493.0,-6.0,55.0,-499.0
neyzz,LØS Academy,CBLOLA,Mid,CBLOLA Split 1 · saison régulière,18,0.556,3.87,-504.0,2.0,55.0,-502.0
Fuuu,FURIA Youth,CBLOLA,Mid,CBLOLA Split 1 · saison régulière,18,0.556,4.78,-514.0,4.0,55.0,-510.0
Vahvel,LOUD Academy,CBLOLA,Support,CBLOLA Split 1 · saison régulière,18,0.444,2.94,-536.0,-2.0,55.0,-538.0
Mousty,LOUD Academy,CBLOLA,Jungle,CBLOLA Split 1 · saison régulière,18,0.444,2.3,-539.0,-2.0,55.0,-541.0
Makes,LOUD Academy,CBLOLA,Top,CBLOLA Split 1 · saison régulière,18,0.444,1.73,-546.0,-2.0,55.0,-548.0
beta32,RED Academy,CBLOLA,Top,CBLOLA Split 1 · saison régulière,2,0.0,1.78,-580.0,-4.0,55.0,-584.0
Soweto,RED Academy,CBLOLA,Jungle,CBLOLA Split 1 · saison régulière,18,0.556,2.56,-598.0,4.0,55.0,-594.0
Momochi,Liberty,CBLOLA,Support,CBLOLA Split 1 · saison régulière,18,0.278,2.94,-630.0,-4.0,55.0,-634.0
Stoneses,RED Academy,CBLOLA,Support,CBLOLA Split 1 · saison régulière,9,0.333,3.23,-660.0,-2.0,55.0,-662.0
Paclo,INTZ Academy,CBLOLA,Top,CBLOLA Split 1 · saison régulière,5,0.4,2.22,-686.0,-1.0,55.0,-687.0
Ryan,LOUD Academy,CBLOLA,Mid,CBLOLA Split 1 · saison régulière,17,0.235,2.18,-784.0,-6.0,55.0,-790.0
CrjaY,LØS Academy,CBLOLA,Jungle,CBLOLA Split 1 · saison régulière,1,0.0,0.83,-853.0,-2.0,55.0,-855.0
Guigs,KaBuM! Academy,CBLOLA,Support,CBLOLA Split 2 · playoffs,17,0.647,3.7,5.0,3.0,55.0,8.0
SCARY,KaBuM! Academy,CBLOLA,Jungle,CBLOLA Split 2 · playoffs,17,0.647,4.18,-25.0,3.0,55.0,-22.0
scamber,RED Academy,CBLOLA,Support,CBLOLA Split 2 · playoffs,7,0.143,2.73,-124.0,-5.0,55.0,-129.0
Cavalo,Liberty Academy,CBLOLA,Support,CBLOLA Split 2 · playoffs,15,0.533,3.11,-167.0,4.0,55.0,-163.0
Pilot,Liberty Academy,CBLOLA,Mid,CBLOLA Split 2 · playoffs,15,0.533,4.7,-186.0,4.0,55.0,-182.0
ST3PZ,Vivo Keyd Stars Academy,CBLOLA,ADC,CBLOLA Split 2 · playoffs,9,0.333,4.05,-187.0,-8.0,55.0,-195.0
Tyrin,Vivo Keyd Stars Academy,CBLOLA,Top,CBLOLA Split 2 · playoffs,9,0.333,3.79,-201.0,-8.0,55.0,-209.0
Griba,paiN Gaming Academy,CBLOLA,Support,CBLOLA Split 2 · playoffs,15,0.6,3.59,-339.0,5.0,55.0,-334.0
scuro,KaBuM! Academy,CBLOLA,ADC,CBLOLA Split 2 · playoffs,17,0.647,5.14,-340.0,3.0,55.0,-337.0
Dioge,KaBuM! Academy,CBLOLA,Mid,CBLOLA Split 2 · playoffs,17,0.647,4.04,-361.0,3.0,55.0,-358.0
SuperCleber,KaBuM! Academy,CBLOLA,Top,CBLOLA Split 2 · playoffs,17,0.647,7.52,-381.0,3.0,55.0,-378.0
Aithusa,RED Academy,CBLOLA,Mid,CBLOLA Split 2 · playoffs,7,0.143,3.1,-376.0,-5.0,55.0,-381.0
Curse,RED Academy,CBLOLA,Jungle,CBLOLA Split 2 · playoffs,7,0.143,3.71,-380.0,-5.0,55.0,-385.0
Picknn,Fluxo Academy,CBLOLA,Mid,CBLOLA Split 2 · playoffs,5,0.4,6.0,-399.0,1.0,55.0,-398.0
Kick,Fluxo Academy,CBLOLA,Support,CBLOLA Split 2 · playoffs,5,0.4,3.25,-411.0,1.0,55.0,-410.0
Kojima,Fluxo Academy,CBLOLA,ADC,CBLOLA Split 2 · playoffs,5,0.4,8.17,-411.0,1.0,55.0,-410.0
Ancrath,Fluxo Academy,CBLOLA,Jungle,CBLOLA Split 2 · playoffs,5,0.4,4.55,-411.0,1.0,55.0,-410.0
Sting,Vivo Keyd Stars Academy,CBLOLA,Jungle,CBLOLA Split 2 · playoffs,9,0.333,2.97,-406.0,-8.0,55.0,-414.0
Yupps,paiN Gaming Academy,CBLOLA,Top,CBLOLA Split 2 · playoffs,15,0.6,3.56,-419.0,5.0,55.0,-414.0
kksh,paiN Gaming Academy,CBLOLA,ADC,CBLOLA Split 2 · playoffs,15,0.6,5.0,-427.0,5.0,55.0,-422.0
Drakehero,Liberty Academy,CBLOLA,Jungle,CBLOLA Split 2 · playoffs,15,0.533,3.57,-429.0,4.0,55.0,-425.0
Leleko,Vivo Keyd Stars Academy,CBLOLA,Mid,CBLOLA Split 2 · playoffs,9,0.333,3.0,-418.0,-8.0,55.0,-426.0
Anato,paiN Gaming Academy,CBLOLA,Jungle,CBLOLA Split 2 · playoffs,15,0.6,3.49,-435.0,5.0,55.0,-430.0
Qats,paiN Gaming Academy,CBLOLA,Mid,CBLOLA Split 2 · playoffs,15,0.6,4.52,-438.0,5.0,55.0,-433.0
Baldan,Fluxo Academy,CBLOLA,Top,CBLOLA Split 2 · playoffs,5,0.4,2.05,-435.0,1.0,55.0,-434.0
Reaper,Liberty Academy,CBLOLA,ADC,CBLOLA Split 2 · playoffs,15,0.533,4.26,-475.0,4.0,55.0,-471.0
Morttheus,RED Academy,CBLOLA,ADC,CBLOLA Split 2 · playoffs,7,0.143,3.14,-474.0,-5.0,55.0,-479.0
SkB,Liberty Academy,CBLOLA,Top,CBLOLA Split 2 · playoffs,15,0.533,2.61,-493.0,4.0,55.0,-489.0
Yuki,Vivo Keyd Stars Academy,CBLOLA,Support,CBLOLA Split 2 · playoffs,9,0.333,2.05,-491.0,-8.0,55.0,-499.0
beta32,RED Academy,CBLOLA,Top,CBLOLA Split 2 · playoffs,1,0.0,0.83,-580.0,-2.0,55.0,-582.0
Soweto,RED Academy,CBLOLA,Jungle,CBLOLA Split 2 · playoffs,6,0.167,1.62,-598.0,-4.0,55.0,-602.0
Guigs,KaBuM! Academy,CBLOLA,Support,CBLOLA Split 2 · saison régulière,18,0.667,4.93,5.0,0.0,55.0,5.0
SCARY,KaBuM! Academy,CBLOLA,Jungle,CBLOLA Split 2 · saison régulière,12,0.667,3.19,-25.0,1.0,55.0,-24.0
Avenger,Liberty,CBLOL,Mid,CBLOLA Split 2 · saison régulière,4,0.75,4.55,-82.0,-1.0,55.0,-83.0
Kiari,Liberty,CBLOL,Top,CBLOLA Split 2 · saison régulière,4,0.75,8.0,-116.0,-1.0,55.0,-117.0
scamber,RED Academy,CBLOLA,Support,CBLOLA Split 2 · saison régulière,18,0.556,4.79,-124.0,4.0,55.0,-120.0
Juliera,Liberty,CBLOL,ADC,CBLOLA Split 2 · saison régulière,4,0.75,7.14,-134.0,-1.0,55.0,-135.0
Accez,Liberty,CBLOL,Jungle,CBLOLA Split 2 · saison régulière,4,0.75,5.8,-139.0,-1.0,55.0,-140.0
Telas,Vivo Keyd Stars Academy,CBLOLA,Support,CBLOLA Split 2 · saison régulière,6,0.667,5.5,-148.0,2.0,55.0,-146.0
enel1,LØS,CBLOL,Jungle,CBLOLA Split 2 · saison régulière,4,0.75,5.38,-165.0,4.0,55.0,-161.0
Cavalo,Liberty Academy,CBLOLA,Support,CBLOLA Split 2 · saison régulière,14,0.571,4.84,-167.0,-1.0,55.0,-168.0
Hidan,LØS,CBLOL,Top,CBLOLA Split 2 · saison régulière,6,0.667,2.88,-178.0,4.0,55.0,-174.0
ST3PZ,Vivo Keyd Stars Academy,CBLOLA,ADC,CBLOLA Split 2 · saison régulière,18,0.667,4.28,-187.0,6.0,55.0,-181.0
Pilot,Liberty Academy,CBLOLA,Mid,CBLOLA Split 2 · saison régulière,14,0.571,7.23,-186.0,-1.0,55.0,-187.0
Tyrin,Vivo Keyd Stars Academy,CBLOLA,Top,CBLOLA Split 2 · saison régulière,18,0.667,4.77,-201.0,6.0,55.0,-195.0
Wos,Liberty,CBLOL,Support,CBLOLA Split 2 · saison régulière,4,0.75,3.31,-208.0,-1.0,55.0,-209.0
Hugato,LOUD Academy,CBLOLA,Jungle,CBLOLA Split 2 · saison régulière,18,0.444,3.87,-300.0,0.0,55.0,-300.0
Anyyy,LOUD Academy,CBLOLA,Mid,CBLOLA Split 2 · saison régulière,14,0.5,7.68,-335.0,4.0,55.0,-331.0
Griba,paiN Gaming Academy,CBLOLA,Support,CBLOLA Split 2 · saison régulière,13,0.615,3.41,-339.0,6.0,55.0,-333.0
scuro,KaBuM! Academy,CBLOLA,ADC,CBLOLA Split 2 · saison régulière,18,0.667,4.13,-340.0,0.0,55.0,-340.0
Dioge,KaBuM! Academy,CBLOLA,Mid,CBLOLA Split 2 · saison régulière,18,0.667,4.74,-361.0,0.0,55.0,-361.0
Eradan,INTZ Academy,CBLOLA,Top,CBLOLA Split 2 · saison régulière,11,0.364,1.26,-367.0,-3.0,55.0,-370.0
Aithusa,RED Academy,CBLOLA,Mid,CBLOLA Split 2 · saison régulière,18,0.556,4.54,-376.0,4.0,55.0,-372.0
Curse,RED Academy,CBLOLA,Jungle,CBLOLA Split 2 · saison régulière,16,0.625,3.74,-380.0,7.0,55.0,-373.0
SuperCleber,KaBuM! Academy,CBLOLA,Top,CBLOLA Split 2 · saison régulière,18,0.667,3.83,-381.0,0.0,55.0,-381.0
Manel,FURIA Youth,CBLOLA,Support,CBLOLA Split 2 · saison régulière,8,0.375,2.09,-392.0,-2.0,55.0,-394.0
Picknn,Fluxo Academy,CBLOLA,Mid,CBLOLA Split 2 · saison régulière,18,0.556,3.02,-399.0,5.0,55.0,-394.0
Sting,Vivo Keyd Stars Academy,CBLOLA,Jungle,CBLOLA Split 2 · saison régulière,18,0.667,5.95,-406.0,6.0,55.0,-400.0
Look,INTZ Academy,CBLOLA,Support,CBLOLA Split 2 · saison régulière,18,0.333,2.19,-392.0,-8.0,55.0,-400.0
Kick,Fluxo Academy,CBLOLA,Support,CBLOLA Split 2 · saison régulière,18,0.556,4.04,-411.0,5.0,55.0,-406.0
Kojima,Fluxo Academy,CBLOLA,ADC,CBLOLA Split 2 · saison régulière,18,0.556,4.11,-411.0,5.0,55.0,-406.0
Ancrath,Fluxo Academy,CBLOLA,Jungle,CBLOLA Split 2 · saison régulière,18,0.556,4.11,-411.0,5.0,55.0,-406.0
Leleko,Vivo Keyd Stars Academy,CBLOLA,Mid,CBLOLA Split 2 · saison régulière,18,0.667,4.04,-418.0,6.0,55.0,-412.0
Yupps,paiN Gaming Academy,CBLOLA,Top,CBLOLA Split 2 · saison régulière,18,0.556,2.69,-419.0,3.0,55.0,-416.0
kksh,paiN Gaming Academy,CBLOLA,ADC,CBLOLA Split 2 · saison régulière,18,0.556,5.48,-427.0,3.0,55.0,-424.0
Drakehero,Liberty Academy,CBLOLA,Jungle,CBLOLA Split 2 · saison régulière,14,0.571,4.21,-429.0,-1.0,55.0,-430.0
Baldan,Fluxo Academy,CBLOLA,Top,CBLOLA Split 2 · saison régulière,18,0.556,3.7,-435.0,5.0,55.0,-430.0
Anato,paiN Gaming Academy,CBLOLA,Jungle,CBLOLA Split 2 · saison régulière,18,0.556,4.65,-435.0,3.0,55.0,-432.0
Qats,paiN Gaming Academy,CBLOLA,Mid,CBLOLA Split 2 · saison régulière,18,0.556,2.89,-438.0,3.0,55.0,-435.0
Samkz,KaBuM! Esports,CBLOLA,Jungle,CBLOLA Split 2 · saison régulière,6,0.667,4.06,-450.0,-0.0,55.0,-450.0
Juzo,INTZ Academy,CBLOLA,ADC,CBLOLA Split 2 · saison régulière,18,0.333,2.98,-449.0,-8.0,55.0,-457.0
Morttheus,RED Academy,CBLOLA,ADC,CBLOLA Split 2 · saison régulière,18,0.556,5.03,-474.0,4.0,55.0,-470.0
Tatu,INTZ Academy,CBLOLA,Jungle,CBLOLA Split 2 · saison régulière,18,0.333,2.54,-462.0,-8.0,55.0,-470.0
Mido,LØS Academy,CBLOLA,Support,CBLOLA Split 2 · saison régulière,18,0.278,2.85,-466.0,-5.0,55.0,-471.0
Blacky,INTZ Academy,CBLOLA,Mid,CBLOLA Split 2 · saison régulière,18,0.333,2.9,-463.0,-8.0,55.0,-471.0
Gru,FURIA Youth,CBLOLA,Top,CBLOLA Split 2 · saison régulière,16,0.375,1.96,-473.0,-1.0,55.0,-474.0
Reaper,Liberty Academy,CBLOLA,ADC,CBLOLA Split 2 · saison régulière,14,0.571,4.69,-475.0,-1.0,55.0,-476.0
Yuki,Vivo Keyd Stars Academy,CBLOLA,Support,CBLOLA Split 2 · saison régulière,12,0.667,3.54,-491.0,4.0,55.0,-487.0
SkB,Liberty Academy,CBLOLA,Top,CBLOLA Split 2 · saison régulière,14,0.571,2.97,-493.0,-1.0,55.0,-494.0
yazi,FURIA Youth,CBLOLA,ADC,CBLOLA Split 2 · saison régulière,18,0.333,2.69,-492.0,-4.0,55.0,-496.0
Celo,LØS Academy,CBLOLA,ADC,CBLOLA Split 2 · saison régulière,18,0.278,2.5,-494.0,-5.0,55.0,-499.0
Sant,LOUD Academy,CBLOLA,ADC,CBLOLA Split 2 · saison régulière,18,0.444,3.82,-502.0,0.0,55.0,-502.0
StineR,FURIA Youth,CBLOLA,Jungle,CBLOLA Split 2 · saison régulière,18,0.333,3.18,-502.0,-4.0,55.0,-506.0
neyzz,LØS Academy,CBLOLA,Mid,CBLOLA Split 2 · saison régulière,18,0.278,2.05,-504.0,-5.0,55.0,-509.0
Fuuu,FURIA Youth,CBLOLA,Mid,CBLOLA Split 2 · saison régulière,18,0.333,3.11,-514.0,-4.0,55.0,-518.0
Vahvel,LOUD Academy,CBLOLA,Support,CBLOLA Split 2 · saison régulière,18,0.444,3.33,-536.0,0.0,55.0,-536.0
Shoiti,FURIA Youth,CBLOLA,Support,CBLOLA Split 2 · saison régulière,10,0.3,2.08,-542.0,-2.0,55.0,-544.0
Makes,LOUD Academy,CBLOLA,Top,CBLOLA Split 2 · saison régulière,18,0.444,2.19,-546.0,0.0,55.0,-546.0
beta32,RED Academy,CBLOLA,Top,CBLOLA Split 2 · saison régulière,8,0.5,1.96,-580.0,2.0,55.0,-578.0
Soweto,RED Academy,CBLOLA,Jungle,CBLOLA Split 2 · saison régulière,12,0.5,2.78,-598.0,-1.0,55.0,-599.0
Paclo,INTZ Academy,CBLOLA,Top,CBLOLA Split 2 · saison régulière,7,0.286,1.1,-686.0,-4.0,55.0,-690.0
Ryan,LOUD Academy,CBLOLA,Mid,CBLOLA Split 2 · saison régulière,2,0.0,1.0,-784.0,-3.0,55.0,-787.0
CrjaY,LØS Academy,CBLOLA,Jungle,CBLOLA Split 2 · saison régulière,14,0.143,1.82,-853.0,-10.0,55.0,-863.0
Ragner,Team GO,LFL,Top,CDF · playoffs,18,0.667,4.54,284.0,5.0,55.0,289.0
Neon,Vitality.Bee,LFL,ADC,CDF · playoffs,11,0.546,4.58,276.0,-4.0,55.0,272.0
Czekolad,BK ROG Esports,LFL,Mid,CDF · playoffs,13,0.615,3.14,271.0,-2.0,55.0,269.0
Pridestalkr,BK ROG Esports,LFL,Jungle,CDF · playoffs,13,0.615,3.82,246.0,-2.0,55.0,244.0
Howling,BK ROG Esports,LFL,Top,CDF · playoffs,13,0.615,2.53,245.0,-2.0,55.0,243.0
kamilius,Team GO,LFL,Support,CDF · playoffs,18,0.667,3.82,228.0,5.0,55.0,233.0
Jezu,Team GO,LFL,ADC,CDF · playoffs,18,0.667,5.92,220.0,5.0,55.0,225.0
Lyncas,Team GO,LFL,Jungle,CDF · playoffs,18,0.667,5.33,219.0,5.0,55.0,224.0
Toucouille,Team GO,LFL,Mid,CDF · playoffs,18,0.667,4.08,216.0,5.0,55.0,221.0
Matias,Team du Sud,LFL,ADC,CDF · playoffs,16,0.75,6.47,212.0,6.0,55.0,218.0
Trigger,BK ROG Esports,LFL,ADC,CDF · playoffs,13,0.615,3.46,218.0,-2.0,55.0,216.0
Zoelys,Karmine Corp,LFL,Support,CDF · playoffs,7,0.571,5.32,205.0,3.0,55.0,208.0
White,Karmine Corp,LFL,Jungle,CDF · playoffs,7,0.571,5.0,196.0,3.0,55.0,199.0
Veignorem,BK ROG Esports,LFL,Support,CDF · playoffs,13,0.615,3.6,196.0,-2.0,55.0,194.0
Boukada,Team du Sud,LFL,Jungle,CDF · playoffs,16,0.75,6.66,183.0,6.0,55.0,189.0
Maynter,Team du Sud,LFL,Top,CDF · playoffs,16,0.75,5.83,181.0,6.0,55.0,187.0
Eckas,GameWard,LFL,Jungle,CDF · playoffs,10,0.6,4.97,179.0,-3.0,55.0,176.0
Scarface,Vitality.Bee,LFL,Top,CDF · playoffs,11,0.546,2.39,179.0,-4.0,55.0,175.0
Furuy,Team du Sud,LFL,Mid,CDF · playoffs,16,0.75,3.89,156.0,6.0,55.0,162.0
HONOR,Team du Sud,LFL,Support,CDF · playoffs,16,0.75,3.8,155.0,6.0,55.0,161.0
TakeSet,Solary,LFL,ADC,CDF · playoffs,3,0.0,1.75,151.0,-2.0,55.0,149.0
Rayito,IziDream,LFL,ADC,CDF · playoffs,6,0.5,3.31,151.0,-2.0,55.0,149.0
Lot,Aegis,LFL,Top,CDF · playoffs,9,0.556,3.03,137.0,-2.0,55.0,135.0
Melonik,Solary,LFL,Top,CDF · playoffs,3,0.0,1.0,131.0,-2.0,55.0,129.0
SkewMond,Aegis,LFL,Jungle,CDF · playoffs,9,0.556,5.5,130.0,-2.0,55.0,128.0
Eika,Aegis,LFL,Mid,CDF · playoffs,9,0.556,3.32,127.0,-2.0,55.0,125.0
Steeelback,Solary,LFL,Support,CDF · playoffs,3,0.0,1.8,125.0,-2.0,55.0,123.0
Hantera,Aegis,LFL,Support,CDF · playoffs,9,0.556,3.94,115.0,-2.0,55.0,113.0
Daglas,Vitality.Bee,LFL,Jungle,CDF · playoffs,11,0.546,3.69,110.0,-4.0,55.0,106.0
Peng,Solary,LFL,Mid,CDF · playoffs,3,0.0,0.76,108.0,-2.0,55.0,106.0
Badlulu,GameWard,LFL,Top,CDF · playoffs,10,0.6,3.21,106.0,-3.0,55.0,103.0
Czajek,Vitality.Bee,LFL,Mid,CDF · playoffs,11,0.546,2.69,100.0,-4.0,55.0,96.0
Jactroll,Vitality.Bee,LFL,Support,CDF · playoffs,11,0.546,2.66,98.0,-4.0,55.0,94.0
Shiganari,Aegis,LFL,ADC,CDF · playoffs,9,0.556,2.88,93.0,-2.0,55.0,91.0
Erdote,Team BDS,LFL,Support,CDF · playoffs,3,0.0,0.75,81.0,-3.0,55.0,78.0
Raxxo,GameWard,LFL,Support,CDF · playoffs,10,0.6,3.24,72.0,-3.0,55.0,69.0
twohoyrz,GameWard,LFL,Mid,CDF · playoffs,10,0.6,2.85,68.0,-3.0,55.0,65.0
Peco,GameWard,LFL,ADC,CDF · playoffs,10,0.6,3.81,55.0,-3.0,55.0,52.0
Shlatan,Solary,LFL,Jungle,CDF · playoffs,3,0.0,1.15,52.0,-2.0,55.0,50.0
Tonerre,MS Company,NL,Mid,CDF · playoffs,6,0.333,4.82,38.0,2.0,55.0,40.0
Wao,Karmine Corp,NLC,Top,CDF · playoffs,7,0.571,2.11,14.0,3.0,55.0,17.0
MAXI,Team BDS,LFL,Jungle,CDF · playoffs,3,0.0,1.44,7.0,-3.0,55.0,4.0
DenVoksne,Karmine Corp,NLC,ADC,CDF · playoffs,7,0.571,5.88,-13.0,3.0,55.0,-10.0
Nomanz,IziDream,LFL,Mid,CDF · playoffs,6,0.5,3.53,-14.0,-2.0,55.0,-16.0
CRoNiiK,Atletec,NL,Jungle,CDF · playoffs,6,0.5,4.14,-22.0,4.0,55.0,-18.0
Agresivoo,Team BDS,LFL,Top,CDF · playoffs,3,0.0,1.53,-23.0,-3.0,55.0,-26.0
Myrtus,Atletec,NL,Support,CDF · playoffs,6,0.5,3.0,-46.0,4.0,55.0,-42.0
Kamiloo,Atletec,NL,Mid,CDF · playoffs,6,0.5,3.61,-47.0,4.0,55.0,-43.0
Hiro,Lille Esport,UL,Top,CDF · playoffs,6,0.5,2.28,-61.0,0.0,55.0,-61.0
Godzilla,Joblife,NL,Mid,CDF · playoffs,7,0.571,1.88,-79.0,6.0,55.0,-73.0
Klaj,IziDream,LFL,Support,CDF · playoffs,6,0.5,2.21,-78.0,-2.0,55.0,-80.0
Seelame,Project Conquerors,NL,ADC,CDF · playoffs,5,0.4,2.11,-82.0,0.0,55.0,-82.0
Axelent,Klanik Esport,NL,ADC,CDF · playoffs,2,0.0,4.4,-82.0,-2.0,55.0,-84.0
Deimos,Atletec,NL,Top,CDF · playoffs,6,0.5,2.53,-93.0,4.0,55.0,-89.0
Sleyer,Joblife,NL,Top,CDF · playoffs,7,0.571,3.74,-97.0,6.0,55.0,-91.0
Zaremba,MHSC Esport,NL,Support,CDF · playoffs,3,0.333,2.17,-100.0,-2.0,55.0,-102.0
Stormax,MHSC Esport,NL,Jungle,CDF · playoffs,3,0.333,1.14,-101.0,-2.0,55.0,-103.0
Vespa,Lille Esport,NL,ADC,CDF · playoffs,6,0.5,2.13,-106.0,0.0,55.0,-106.0
Jujutw0,MHSC Esport,NL,ADC,CDF · playoffs,3,0.333,1.8,-111.0,-2.0,55.0,-113.0
Kio,IziDream,LFL,Top,CDF · playoffs,6,0.5,2.75,-116.0,-2.0,55.0,-118.0
Cerecof,Lille Esport,NL,Support,CDF · playoffs,6,0.5,2.66,-126.0,0.0,55.0,-126.0
KKT,Lille Esport,NL,Jungle,CDF · playoffs,6,0.5,3.29,-128.0,0.0,55.0,-128.0
Koba,Joblife,NL,ADC,CDF · playoffs,7,0.571,3.04,-139.0,6.0,55.0,-133.0
Djoko,IziDream,LFL,Jungle,CDF · playoffs,6,0.5,3.58,-133.0,-2.0,55.0,-135.0
WAN,Project Conquerors,NL,Mid,CDF · playoffs,5,0.4,1.41,-135.0,0.0,55.0,-135.0
Roi DEMON,Joblife,NL,Jungle,CDF · playoffs,7,0.571,2.88,-142.0,6.0,55.0,-136.0
Addusto,MS Company,NL,Top,CDF · playoffs,6,0.333,2.48,-155.0,2.0,55.0,-153.0
Nolan,Joblife,NL,Support,CDF · playoffs,6,0.667,3.75,-165.0,6.0,55.0,-159.0
Pesho,Klanik Esport,NL,Mid,CDF · playoffs,2,0.0,1.2,-158.0,-2.0,55.0,-160.0
Hyorai,Project Conquerors,NL,Support,CDF · playoffs,5,0.4,1.41,-161.0,0.0,55.0,-161.0
Misanthiel,Project Conquerors,NL,Top,CDF · playoffs,5,0.4,2.44,-179.0,0.0,55.0,-179.0
Fallen,MS Company,NL,Jungle,CDF · playoffs,6,0.333,2.7,-184.0,2.0,55.0,-182.0
Thomas,Klanik Esport,NL,Support,CDF · playoffs,2,0.0,7.0,-186.0,-2.0,55.0,-188.0
Kasing,Akroma,NL,Support,CDF · playoffs,2,0.0,2.1,-184.0,-4.0,55.0,-188.0
Theocacs,Kaeru Gyuangu,NL,Jungle,CDF · playoffs,2,0.0,0.88,-190.0,-0.0,55.0,-190.0
costy,MS Company,NL,ADC,CDF · playoffs,6,0.333,1.83,-193.0,2.0,55.0,-191.0
Icarus,Project Conquerors,NL,Jungle,CDF · playoffs,5,0.4,2.62,-252.0,0.0,55.0,-252.0
Moutarde,Akroma,NL,Mid,CDF · playoffs,2,0.0,1.18,-279.0,-4.0,55.0,-283.0
Sotsy,Akroma,NL,Top,CDF · playoffs,2,0.0,0.77,-287.0,-4.0,55.0,-291.0
Senpai,Use Your Lead,NL,ADC,CDF · playoffs,3,0.333,1.1,-303.0,3.0,55.0,-300.0
Goldenpenny,Veni Vidi Vici,NL,ADC,CDF · playoffs,2,0.0,1.0,-331.0,-0.0,55.0,-331.0
Zimba,MS Company,NL,Support,CDF · playoffs,6,0.333,2.36,-344.0,2.0,55.0,-342.0
reje,Akroma,NL,ADC,CDF · playoffs,2,0.0,1.64,-361.0,-4.0,55.0,-365.0
Roulette,Akroma,NL,Jungle,CDF · playoffs,2,0.0,1.0,-417.0,-4.0,55.0,-421.0
Theoloris,Kaeru Gyuangu,NL,Top,CDF · playoffs,2,0.0,0.62,-450.0,-0.0,55.0,-450.0
Drifter,Colors Esport,NL,ADC,CDF · playoffs,2,0.0,4.5,-513.0,1.0,55.0,-512.0
Clown,Colors Esport,ESLOL,Jungle,CDF · playoffs,2,0.0,2.07,-732.0,1.0,55.0,-731.0
selenex,Kawaii Kiwis,NEXO,Top,CT · playoffs,14,0.643,5.69,-123.0,3.0,55.0,-120.0
Infinity,Kawaii Kiwis,NEXO,Jungle,CT · playoffs,14,0.643,5.76,-131.0,3.0,55.0,-128.0
Rito,Kawaii Kiwis,NEXO,Support,CT · playoffs,14,0.643,5.67,-152.0,3.0,55.0,-149.0
Aaron,Dango SB,NEXO,ADC,CT · playoffs,6,0.333,3.72,-146.0,-5.0,55.0,-151.0
Macaquinho,Kawaii Kiwis,NEXO,Mid,CT · playoffs,14,0.643,7.75,-159.0,3.0,55.0,-156.0
Indr4,ECORP,NEXO,Jungle,CT · playoffs,16,0.688,3.81,-214.0,8.0,55.0,-206.0
Piku,Oxygen Kumiho,NEXO,Mid,CT · playoffs,16,0.688,3.15,-222.0,8.0,55.0,-214.0
Aizhon,Dango SB,NEXO,Support,CT · playoffs,6,0.333,3.5,-231.0,-5.0,55.0,-236.0
Niño Palo,Stormbringers,NEXO,ADC,CT · playoffs,8,0.625,4.63,-242.0,2.0,55.0,-240.0
Noz2k,ECORP,NEXO,ADC,CT · playoffs,16,0.688,3.93,-268.0,8.0,55.0,-260.0
Kurilius,Kawaii Kiwis,NEXO,ADC,CT · playoffs,14,0.429,3.15,-267.0,1.0,55.0,-266.0
Hunter,ECORP,NEXO,Top,CT · playoffs,16,0.688,3.55,-278.0,8.0,55.0,-270.0
Jorx,Oxygen Valiants,NEXO,Jungle,CT · playoffs,6,0.333,2.48,-270.0,-5.0,55.0,-275.0
Universe,Ramboot Club,NEXO,Mid,CT · playoffs,6,0.333,2.95,-286.0,-5.0,55.0,-291.0
Parlita,Oxygen Kumiho,NEXO,Top,CT · playoffs,6,0.333,3.0,-287.0,-5.0,55.0,-292.0
Eskiper,Dream Makers,NEXO,Support,CT · playoffs,7,0.429,3.27,-297.0,-4.0,55.0,-301.0
Uthred,Bis Esports,NEXO,Top,CT · playoffs,7,0.429,1.9,-311.0,-4.0,55.0,-315.0
Carbono,Veni Vidi Vici,NEXO,Jungle,CT · playoffs,7,0.429,3.77,-321.0,-4.0,55.0,-325.0
Kaii,Kawaii Kiwis,NEXO,ADC,CT · playoffs,14,0.643,4.18,-336.0,3.0,55.0,-333.0
Foxie,Bis Esports,NEXO,Mid,CT · playoffs,7,0.429,3.61,-345.0,-4.0,55.0,-349.0
Kellie,ECORP,NEXO,Support,CT · playoffs,16,0.688,2.71,-358.0,8.0,55.0,-350.0
Libra,Heracles Gaming,NEXO,Top,CT · playoffs,14,0.429,2.52,-362.0,1.0,55.0,-361.0
Sh3ry,Bis Esports,NEXO,ADC,CT · playoffs,7,0.429,2.86,-363.0,-4.0,55.0,-367.0
Cartamenio,Kumiho Esports,NEXO,Support,CT · playoffs,10,0.5,3.03,-378.0,-0.0,55.0,-378.0
Zherathor,Dango SB,NEXO,Mid,CT · playoffs,10,0.5,3.78,-394.0,-1.0,55.0,-395.0
Rubenxico,BISONS ECLUB,NEXO,Top,CT · playoffs,10,0.5,3.0,-395.0,-1.0,55.0,-396.0
Shoolow,Dream Makers,NEXO,Jungle,CT · playoffs,4,0.25,2.29,-403.0,0.0,55.0,-403.0
Nox,Away from Normal,NEXO,Mid,CT · playoffs,14,0.429,3.78,-408.0,1.0,55.0,-407.0
Oda,Stormbringers,NEXO,Jungle,CT · playoffs,10,0.5,4.08,-411.0,-1.0,55.0,-412.0
Yonna,Heracles Gaming,NEXO,Support,CT · playoffs,14,0.429,2.76,-420.0,1.0,55.0,-419.0
Tikyl,Oxygen Kumiho,NEXO,Jungle,CT · playoffs,10,0.5,2.97,-428.0,-0.0,55.0,-428.0
Reyzoasda,Stormbringers,GLL,Support,CT · playoffs,10,0.5,4.15,-441.0,-1.0,55.0,-442.0
escoX,Erfolg Esports,NEXO,Support,CT · playoffs,7,0.286,2.24,-447.0,1.0,55.0,-446.0
Rewound,Dream Makers,NEXO,Jungle,CT · playoffs,14,0.429,3.13,-458.0,1.0,55.0,-457.0
Yoangi,Dream Makers,NEXO,ADC,CT · playoffs,6,0.167,2.54,-468.0,-1.0,55.0,-469.0
Serch,Erfolg Esports,NEXO,Mid,CT · playoffs,7,0.286,2.93,-477.0,1.0,55.0,-476.0
Nae,Kawaii Kiwis,NEXO,Mid,CT · playoffs,10,0.5,2.46,-488.0,-0.0,55.0,-488.0
topo,Universae Instituto FP,NEXO,Top,CT · playoffs,5,0.4,2.21,-495.0,3.0,55.0,-492.0
Truncapochas,Dream Makers,NEXO,Jungle,CT · playoffs,6,0.333,1.7,-500.0,0.0,55.0,-500.0
Knika,UCAM Esports Academy,NEXO,Top,CT · playoffs,2,0.0,0.75,-497.0,-4.0,55.0,-501.0
Ruxal,UCAM Esports Academy,NEXO,Mid,CT · playoffs,2,0.0,1.0,-509.0,-4.0,55.0,-513.0
Lisbd,UCAM Esports Academy,NEXO,ADC,CT · playoffs,2,0.0,1.67,-627.0,-4.0,55.0,-631.0
GRX,UCAM Esports Academy,NEXO,Jungle,CT · playoffs,2,0.0,2.5,-655.0,-4.0,55.0,-659.0
Rainn,UCAM Esports Academy,NEXO,Support,CT · playoffs,2,0.0,1.08,-784.0,-4.0,55.0,-788.0
VirusFx,Bandits Gaming,LRN,ADC,DDH · playoffs,13,0.462,5.11,-92.0,-1.0,55.0,-93.0
Saens,Waia Snikt,LRN,Jungle,DDH · playoffs,12,0.667,3.68,-156.0,0.0,55.0,-156.0
Mayhem,Waia Snikt,LRN,Top,DDH · playoffs,12,0.667,3.38,-158.0,0.0,55.0,-158.0
Nobody,All Knights,LLA,Mid,DDH · playoffs,12,0.667,4.15,-178.0,0.0,55.0,-178.0
Rosseu,Descuydado Aucas Esports,LRN,Support,DDH · playoffs,12,0.667,5.38,-193.0,0.0,55.0,-193.0
Crikx,Tomorrow Esports,LRN,Jungle,DDH · playoffs,5,0.4,2.8,-264.0,-0.0,55.0,-264.0
Icy,Bandits Gaming,LRN,Mid,DDH · playoffs,22,0.591,4.09,-268.0,3.0,55.0,-265.0
WhiteLotus,Zylant Esports,DDH,ADC,DDH · playoffs,12,0.667,4.11,-305.0,0.0,55.0,-305.0
LiquidDiego,Descuydado Aucas Esports,LRN,Jungle,DDH · playoffs,13,0.462,3.54,-311.0,-1.0,55.0,-312.0
Gastruks,All Knights,LLA,Support,DDH · playoffs,5,0.4,3.28,-317.0,-0.0,55.0,-317.0
Yerikan,Saprissa Esports,LRN,Support,DDH · playoffs,22,0.591,4.53,-324.0,3.0,55.0,-321.0
Piqueos,Tomorrow Esports,LRN,Mid,DDH · playoffs,13,0.462,4.1,-344.0,-1.0,55.0,-345.0
Fatorix,Descuydado Aucas Esports,LRN,ADC,DDH · playoffs,22,0.591,4.18,-358.0,3.0,55.0,-355.0
Brayaron,Globant Emerald,LRS,Top,DDH · playoffs,13,0.462,3.85,-371.0,-1.0,55.0,-372.0
Nothing,Leviatan,LLA,ADC,DDH · playoffs,6,0.0,2.74,-453.0,-2.0,55.0,-455.0
Mun,Descuydado Aucas Esports,LRN,Support,DDH · playoffs,6,0.0,1.79,-456.0,-2.0,55.0,-458.0
Strensh,WAP Esports,LRS,Mid,DDH · playoffs,5,0.4,4.07,-478.0,-0.0,55.0,-478.0
Zerkxz,Waia Snikt,DDH,Mid,DDH · playoffs,6,0.0,2.17,-480.0,-2.0,55.0,-482.0
Demy,Tomorrow Esports,LRN,ADC,DDH · playoffs,5,0.4,4.77,-509.0,-0.0,55.0,-509.0
Feng,Janus Esports,LRN,Jungle,DDH · playoffs,22,0.591,2.41,-524.0,3.0,55.0,-521.0
Uprising,Descuydado Aucas Esports,LRN,Top,DDH · playoffs,6,0.5,1.86,-523.0,1.0,55.0,-522.0
EpicReaper,19esports,DDH,Support,DDH · playoffs,12,0.417,3.49,-524.0,-2.0,55.0,-526.0
Skyy,PÊEK Gaming,LRN,Mid,DDH · playoffs,6,0.5,2.41,-535.0,1.0,55.0,-534.0
Acerola,Descuydado Aucas Esports,LRN,Jungle,DDH · playoffs,6,0.5,1.93,-569.0,1.0,55.0,-568.0
HAKA,Janus Esports,LRN,Top,DDH · playoffs,22,0.591,2.22,-584.0,3.0,55.0,-581.0
Seeker,Leviatan,DDH,Top,DDH · playoffs,6,0.0,1.41,-683.0,-2.0,55.0,-685.0
Messi,Osaka,LRN,Support,DDH · playoffs,6,0.5,2.42,-751.0,1.0,55.0,-750.0
Ichikawa,Atheris Esports,DDH,ADC,DDH · playoffs,6,0.5,4.13,-852.0,1.0,55.0,-851.0
Steellar,Tomorrow Esports,DDH,Top,DDH · playoffs,5,0.4,3.06,-854.0,-0.0,55.0,-854.0
Miang,Leviatan,DDH,Jungle,DDH · playoffs,6,0.0,1.66,-1026.0,-2.0,55.0,-1028.0
VirusFx,Bandits Gaming,LRN,ADC,DDH · saison régulière,15,0.8,5.57,-92.0,4.0,55.0,-88.0
Saens,Waia Snikt,LRN,Jungle,DDH · saison régulière,14,1.0,6.5,-156.0,3.0,55.0,-153.0
Mayhem,Waia Snikt,LRN,Top,DDH · saison régulière,14,1.0,5.4,-158.0,3.0,55.0,-155.0
Nobody,All Knights,LLA,Mid,DDH · saison régulière,14,1.0,8.7,-178.0,3.0,55.0,-175.0
Rosseu,Descuydado Aucas Esports,LRN,Support,DDH · saison régulière,14,1.0,10.3,-193.0,3.0,55.0,-190.0
Vares,Pirate Dream,LRN,Mid,DDH · saison régulière,1,1.0,7.0,-250.0,-2.0,55.0,-252.0
Crikx,Tomorrow Esports,LRN,Jungle,DDH · saison régulière,13,0.615,3.17,-264.0,7.0,55.0,-257.0
Icy,Bandits Gaming,LRN,Mid,DDH · saison régulière,13,0.615,3.69,-268.0,-4.0,55.0,-272.0
WhiteLotus,Zylant Esports,DDH,ADC,DDH · saison régulière,13,1.0,8.35,-305.0,4.0,55.0,-301.0
LiquidDiego,Descuydado Aucas Esports,LRN,Jungle,DDH · saison régulière,15,0.8,5.0,-311.0,4.0,55.0,-307.0
Gastruks,All Knights,LLA,Support,DDH · saison régulière,4,0.5,2.62,-317.0,1.0,55.0,-316.0
Yerikan,Saprissa Esports,LRN,Support,DDH · saison régulière,13,0.615,4.8,-324.0,-4.0,55.0,-328.0
Piqueos,Tomorrow Esports,LRN,Mid,DDH · saison régulière,15,0.8,7.78,-344.0,4.0,55.0,-340.0
Fatorix,Descuydado Aucas Esports,LRN,ADC,DDH · saison régulière,11,0.636,4.86,-358.0,-3.0,55.0,-361.0
Brayaron,Globant Emerald,LRS,Top,DDH · saison régulière,15,0.8,5.28,-371.0,4.0,55.0,-367.0
Nothing,Leviatan,LLA,ADC,DDH · saison régulière,13,0.538,4.61,-453.0,5.0,55.0,-448.0
Mun,Descuydado Aucas Esports,LRN,Support,DDH · saison régulière,5,0.4,3.62,-456.0,2.0,55.0,-454.0
Zerkxz,Waia Snikt,DDH,Mid,DDH · saison régulière,13,0.538,3.63,-480.0,5.0,55.0,-475.0
Strensh,WAP Esports,LRS,Mid,DDH · saison régulière,12,0.25,3.11,-478.0,-4.0,55.0,-482.0
Demy,Tomorrow Esports,LRN,ADC,DDH · saison régulière,12,0.25,2.73,-509.0,-4.0,55.0,-513.0
EpicReaper,19esports,DDH,Support,DDH · saison régulière,15,0.8,6.46,-524.0,4.0,55.0,-520.0
Uprising,Descuydado Aucas Esports,LRN,Top,DDH · saison régulière,15,0.4,1.8,-523.0,-3.0,55.0,-526.0
Feng,Janus Esports,LRN,Jungle,DDH · saison régulière,13,0.615,3.25,-524.0,-4.0,55.0,-528.0
Skyy,PÊEK Gaming,LRN,Mid,DDH · saison régulière,12,0.417,3.64,-535.0,-3.0,55.0,-538.0
Acerola,Descuydado Aucas Esports,LRN,Jungle,DDH · saison régulière,15,0.4,2.41,-569.0,-3.0,55.0,-572.0
Dantesito,Spirituals,GL,ADC,DDH · saison régulière,2,0.0,1.3,-577.0,-2.0,55.0,-579.0
HAKA,Janus Esports,LRN,Top,DDH · saison régulière,13,0.615,2.48,-584.0,-4.0,55.0,-588.0
Seeker,Leviatan,DDH,Top,DDH · saison régulière,13,0.538,2.47,-683.0,5.0,55.0,-678.0
chilD,Meta Gaming,LRS,Support,DDH · saison régulière,8,0.125,1.45,-677.0,-5.0,55.0,-682.0
Kobrq,The Kings Moon,DDH,Mid,DDH · saison régulière,7,0.429,2.45,-753.0,4.0,55.0,-749.0
Messi,Osaka,LRN,Support,DDH · saison régulière,14,0.429,3.09,-751.0,-3.0,55.0,-754.0
Ichikawa,Atheris Esports,DDH,ADC,DDH · saison régulière,15,0.4,2.65,-852.0,-3.0,55.0,-855.0
Steellar,Tomorrow Esports,DDH,Top,DDH · saison régulière,12,0.25,2.03,-854.0,-4.0,55.0,-858.0
Sophyre,The Kings Moon,DDH,Support,DDH · saison régulière,13,0.231,1.97,-940.0,1.0,55.0,-939.0
Chevis,Reven Esports,DDH,Jungle,DDH · saison régulière,13,0.077,1.57,-969.0,-1.0,55.0,-970.0
Sight,Reven Esports,DDH,Support,DDH · saison régulière,11,0.091,1.29,-972.0,0.0,55.0,-972.0
Shakaa,Reven Esports,DDH,ADC,DDH · saison régulière,11,0.091,1.38,-975.0,0.0,55.0,-975.0
Shayla,Osaka,DDH,ADC,DDH · saison régulière,13,0.231,1.23,-982.0,1.0,55.0,-981.0
Fourlink,Reven Esports,DDH,Top,DDH · saison régulière,13,0.077,1.78,-985.0,-1.0,55.0,-986.0
Flacoyo,Reven Esports,DDH,Mid,DDH · saison régulière,13,0.077,2.33,-1008.0,-1.0,55.0,-1009.0
Miang,Leviatan,DDH,Jungle,DDH · saison régulière,12,0.167,1.67,-1026.0,-6.0,55.0,-1032.0
Knight,Bilibili Gaming,LPL,Mid,Demacia Cup Season,4,0.75,5.29,1209.0,2.0,55.0,1211.0
369,Top Esports,LPL,Top,Demacia Cup Season,3,1.0,6.6,1126.0,1.0,55.0,1127.0
ON,Bilibili Gaming,LPL,Support,Demacia Cup Season,4,0.75,11.25,1097.0,2.0,55.0,1099.0
Bin,Bilibili Gaming,LPL,Top,Demacia Cup Season,4,0.75,3.0,1047.0,2.0,55.0,1049.0
Elk,Bilibili Gaming,LPL,ADC,Demacia Cup Season,4,0.75,7.33,1039.0,2.0,55.0,1041.0
Xun,Bilibili Gaming,LPL,Jungle,Demacia Cup Season,4,0.75,7.2,1028.0,2.0,55.0,1030.0
Leave,EDward Gaming,LPL,ADC,Demacia Cup Season,3,0.0,1.17,1025.0,-1.0,55.0,1024.0
Crisp,Weibo Gaming,LPL,Support,Demacia Cup Season,5,0.4,8.0,1005.0,3.0,55.0,1008.0
Light,Weibo Gaming,LPL,ADC,Demacia Cup Season,5,0.4,4.1,997.0,3.0,55.0,1000.0
Aki,Ninjas in Pyjamas,LPL,Jungle,Demacia Cup Season,8,0.75,4.5,937.0,1.0,55.0,938.0
Tian,Top Esports,LPL,Jungle,Demacia Cup Season,3,1.0,6.33,934.0,1.0,55.0,935.0
shanji,Ninjas in Pyjamas,LPL,Top,Demacia Cup Season,8,0.75,3.06,934.0,1.0,55.0,935.0
Creme,Top Esports,LPL,Mid,Demacia Cup Season,3,1.0,5.57,928.0,1.0,55.0,929.0
Rookie,Ninjas in Pyjamas,LPL,Mid,Demacia Cup Season,8,0.75,3.57,925.0,1.0,55.0,926.0
JackeyLove,Top Esports,LPL,ADC,Demacia Cup Season,3,1.0,8.33,921.0,1.0,55.0,922.0
YSKM,Invictus Gaming,LPL,Top,Demacia Cup Season,2,0.5,1.75,921.0,-0.0,55.0,921.0
Meiko,Top Esports,LPL,Support,Demacia Cup Season,3,1.0,9.2,913.0,1.0,55.0,914.0
FoFo,Team WE,LPL,Mid,Demacia Cup Season,3,0.667,5.83,900.0,-2.0,55.0,898.0
Wayward,Team WE,LPL,Top,Demacia Cup Season,3,0.667,3.11,896.0,-2.0,55.0,894.0
Iwandy,Team WE,LPL,Support,Demacia Cup Season,3,0.667,4.29,890.0,-2.0,55.0,888.0
ppgod,Oh My God,LPL,Support,Demacia Cup Season,4,0.5,4.8,880.0,-4.0,55.0,876.0
Wei,Royal Never Give Up,LPL,Jungle,Demacia Cup Season,8,0.625,3.09,875.0,-0.0,55.0,875.0
Breathe,Royal Never Give Up,LPL,Top,Demacia Cup Season,8,0.625,2.48,849.0,-0.0,55.0,849.0
QiuQiu,ThunderTalk Gaming,LPL,Support,Demacia Cup Season,3,0.667,5.0,839.0,1.0,55.0,840.0
Ming,Royal Never Give Up,LPL,Support,Demacia Cup Season,8,0.625,2.95,834.0,-0.0,55.0,834.0
Zhuo,Ninjas in Pyjamas,LPL,Support,Demacia Cup Season,8,0.75,7.82,826.0,1.0,55.0,827.0
Beichuan,ThunderTalk Gaming,LPL,Jungle,Demacia Cup Season,3,0.667,2.21,818.0,1.0,55.0,819.0
Heng,Team WE,LPL,Jungle,Demacia Cup Season,3,0.667,2.14,817.0,-2.0,55.0,815.0
Able,Oh My God,LPL,ADC,Demacia Cup Season,4,0.5,5.86,817.0,-4.0,55.0,813.0
Angel,Oh My God,LPL,Mid,Demacia Cup Season,4,0.5,8.4,805.0,-4.0,55.0,801.0
Burdol,LGD Gaming,LCK,Top,Demacia Cup Season,4,0.75,5.25,795.0,2.0,55.0,797.0
Life,FunPlus Phoenix,LCK,Support,Demacia Cup Season,4,0.5,3.47,800.0,-4.0,55.0,796.0
Shanks,Anyone's Legend,LPL,Mid,Demacia Cup Season,3,0.333,3.12,799.0,-4.0,55.0,795.0
Hope,Anyone's Legend,LPL,ADC,Demacia Cup Season,3,0.333,2.3,798.0,-4.0,55.0,794.0
Ahn,Invictus Gaming,LPL,ADC,Demacia Cup Season,4,0.75,7.22,777.0,-0.0,55.0,777.0
Xiaoxu,Rare Atom,LPL,Top,Demacia Cup Season,4,0.75,8.14,773.0,3.0,55.0,776.0
Photic,Ninjas in Pyjamas,LPL,ADC,Demacia Cup Season,8,0.75,4.72,758.0,1.0,55.0,759.0
Assum,Rare Atom,LPL,ADC,Demacia Cup Season,4,0.75,10.33,755.0,3.0,55.0,758.0
Ucal,ThunderTalk Gaming,LPL,Mid,Demacia Cup Season,3,0.667,8.8,755.0,1.0,55.0,756.0
HOYA,ThunderTalk Gaming,LPL,Top,Demacia Cup Season,3,0.667,3.0,752.0,1.0,55.0,753.0
H4cker,Ultra Prime,LPL,Jungle,Demacia Cup Season,3,0.333,3.88,743.0,0.0,55.0,743.0
Wink,Invictus Gaming,LPL,Support,Demacia Cup Season,4,0.75,6.0,742.0,-0.0,55.0,742.0
Cube,Oh My God,LPL,Top,Demacia Cup Season,4,0.5,1.82,742.0,-4.0,55.0,738.0
Meteor,LGD Gaming,LPL,Jungle,Demacia Cup Season,4,0.75,6.5,731.0,2.0,55.0,733.0
Tangyuan,Royal Never Give Up,LPL,Mid,Demacia Cup Season,8,0.625,5.29,728.0,-0.0,55.0,728.0
Lwx,Royal Never Give Up,LPL,ADC,Demacia Cup Season,8,0.625,2.95,715.0,-0.0,55.0,715.0
Kael,Anyone's Legend,LCK,Support,Demacia Cup Season,3,0.333,1.57,715.0,-4.0,55.0,711.0
Jinjiao,LGD Gaming,LPL,Support,Demacia Cup Season,4,0.75,4.91,709.0,2.0,55.0,711.0
haichao,LGD Gaming,LPL,Mid,Demacia Cup Season,4,0.75,12.25,703.0,2.0,55.0,705.0
Cryin,Invictus Gaming,LPL,Mid,Demacia Cup Season,4,0.75,4.4,698.0,-0.0,55.0,698.0
Zorah,Rare Atom,LPL,Support,Demacia Cup Season,3,1.0,12.25,690.0,7.0,55.0,697.0
Xiaohao,Weibo Gaming,LPL,Jungle,Demacia Cup Season,5,0.4,3.0,684.0,3.0,55.0,687.0
deokdam,FunPlus Phoenix,LCKC,ADC,Demacia Cup Season,4,0.5,2.67,688.0,-4.0,55.0,684.0
Doggo,Ultra Prime,LPL,ADC,Demacia Cup Season,3,0.333,4.12,684.0,0.0,55.0,684.0
Care,FunPlus Phoenix,LPL,Mid,Demacia Cup Season,4,0.5,3.12,683.0,-4.0,55.0,679.0
Tianzhen,Invictus Gaming,LPL,Jungle,Demacia Cup Season,4,0.75,2.88,668.0,-0.0,55.0,668.0
Xiaolaohu,FunPlus Phoenix,LPL,Top,Demacia Cup Season,4,0.5,2.73,666.0,-4.0,55.0,662.0
VicLa,Rare Atom,LCS,Mid,Demacia Cup Season,4,0.75,10.33,655.0,3.0,55.0,658.0
Zdz,Weibo Gaming,LPL,Top,Demacia Cup Season,5,0.4,2.5,635.0,3.0,55.0,638.0
Hery,Anyone's Legend,LPL,Top,Demacia Cup Season,3,0.333,2.11,572.0,-4.0,55.0,568.0
naiyou,Rare Atom,LDL,Jungle,Demacia Cup Season,4,0.75,7.5,548.0,3.0,55.0,551.0
1xn,ThunderTalk Gaming,LPL,ADC,Demacia Cup Season,3,0.667,6.33,545.0,1.0,55.0,546.0
Prince,Team WE,LCS,ADC,Demacia Cup Season,3,0.667,2.62,511.0,-2.0,55.0,509.0
Moyan,FunPlus Phoenix,LDL,Jungle,Demacia Cup Season,4,0.5,3.71,496.0,-4.0,55.0,492.0
Croco,Anyone's Legend,LCK,Jungle,Demacia Cup Season,3,0.333,1.41,496.0,-4.0,55.0,492.0
Medzz,MAX,LDL,Mid,Demacia Cup Season,4,0.25,3.0,417.0,-0.0,55.0,417.0
Yge,Huya BUG,LDL,Jungle,Demacia Cup Season,4,0.25,2.06,402.0,1.0,55.0,403.0
Fisher,EDward Gaming,LDL,Mid,Demacia Cup Season,3,0.0,1.86,399.0,-1.0,55.0,398.0
Garvey,MAX,LDL,Top,Demacia Cup Season,4,0.25,2.47,381.0,-0.0,55.0,381.0
Wen,Invictus Gaming,LDL,Top,Demacia Cup Season,2,1.0,2.62,381.0,0.0,55.0,381.0
xiaocaobao,Huya BUG,LDL,Mid,Demacia Cup Season,4,0.25,1.69,346.0,1.0,55.0,347.0
Vinay,MAX,LDL,Support,Demacia Cup Season,4,0.25,2.33,308.0,-0.0,55.0,308.0
Jwei,Ultra Prime,LDL,Support,Demacia Cup Season,3,0.333,4.38,300.0,0.0,55.0,300.0
Kepler,LGD Gaming,LDL,ADC,Demacia Cup Season,2,0.5,2.6,271.0,0.0,55.0,271.0
Solokill,EDward Gaming,PCS,Top,Demacia Cup Season,3,0.0,2.36,268.0,-1.0,55.0,267.0
ShiauC,Rare Atom,PCS,Support,Demacia Cup Season,1,0.0,3.6,267.0,-3.0,55.0,264.0
Cyku,Weibo Gaming,LDL,Mid,Demacia Cup Season,5,0.4,2.8,252.0,3.0,55.0,255.0
Eisley,Huya BUG,LDL,ADC,Demacia Cup Season,4,0.25,1.27,228.0,1.0,55.0,229.0
xiaofang,Oh My God,LDL,Jungle,Demacia Cup Season,4,0.5,3.0,185.0,-4.0,55.0,181.0
Nayuki,Huya BUG,LDL,Top,Demacia Cup Season,3,0.333,2.38,138.0,2.0,55.0,140.0
Delicate,Huya RST,LDL,Top,Demacia Cup Season,3,0.0,0.67,117.0,-1.0,55.0,116.0
wind,Huya BUG,LDL,Support,Demacia Cup Season,4,0.25,1.94,106.0,1.0,55.0,107.0
banye,EQX,LDL,Mid,Demacia Cup Season,3,0.0,1.38,86.0,1.0,55.0,87.0
Crush3,MAX,LDL,Jungle,Demacia Cup Season,4,0.25,2.45,68.0,-0.0,55.0,68.0
Shaoye,LGD Gaming,LDL,ADC,Demacia Cup Season,2,1.0,4.6,50.0,2.0,55.0,52.0
Ru0,Huya RST,LDL,Jungle,Demacia Cup Season,4,0.0,0.95,-25.0,-1.0,55.0,-26.0
Jopa,Finetwork KOI,LES,ADC,EBL Spring · saison régulière,14,0.786,7.42,159.0,-3.0,55.0,156.0
Infoneral,UCAM Esports,LES,Support,EBL Spring · saison régulière,14,0.571,3.11,-13.0,4.0,55.0,-9.0
tooshi,NOVO Esports,PGN,Jungle,EBL Spring · saison régulière,2,1.0,4.2,-87.0,5.0,55.0,-82.0
Kektz,Diamant Esports,EBL,Top,EBL Spring · saison régulière,14,0.857,4.06,-139.0,4.0,55.0,-135.0
Shy Carry,Diamant Esports,EBL,ADC,EBL Spring · saison régulière,14,0.857,9.22,-157.0,4.0,55.0,-153.0
Sn1lle,Partizan Esports,EBL,Jungle,EBL Spring · saison régulière,14,0.786,4.5,-151.0,-3.0,55.0,-154.0
Cl0x,Partizan Esports,EBL,Support,EBL Spring · saison régulière,14,0.786,6.65,-152.0,-3.0,55.0,-155.0
Pesho,Klanik Esport,NL,Mid,EBL Spring · saison régulière,14,0.571,6.07,-158.0,-0.0,55.0,-158.0
Wojtus,Diamant Esports,EBL,Support,EBL Spring · saison régulière,14,0.857,5.61,-168.0,4.0,55.0,-164.0
Rylle,Partizan Esports,EBL,Mid,EBL Spring · saison régulière,14,0.786,5.95,-177.0,-3.0,55.0,-180.0
Diva,Diamant Esports,EBL,Mid,EBL Spring · saison régulière,12,0.833,4.25,-188.0,3.0,55.0,-185.0
Lunddorf,Partizan Esports,EBL,Top,EBL Spring · saison régulière,14,0.786,2.86,-193.0,-3.0,55.0,-196.0
Mafro,Diamant Esports,EBL,Jungle,EBL Spring · saison régulière,14,0.857,4.02,-210.0,4.0,55.0,-206.0
Envy Carry,Ruddy Corporation,NLC,Mid,EBL Spring · saison régulière,14,0.5,3.69,-223.0,3.0,55.0,-220.0
kingggggg,Cyber Wolves,EBL,Jungle,EBL Spring · saison régulière,14,0.571,4.84,-256.0,-0.0,55.0,-256.0
SpeedoBear,Hijos De Patria,EBL,Support,EBL Spring · saison régulière,14,0.5,5.81,-259.0,3.0,55.0,-256.0
Paladin,Forged Five,EBL,ADC,EBL Spring · saison régulière,14,0.571,4.21,-257.0,1.0,55.0,-256.0
Tasteless,Cyber Wolves,EBL,Support,EBL Spring · saison régulière,14,0.571,8.17,-264.0,-0.0,55.0,-264.0
ECSTASSY,SPIKE Syndicate,EBL,ADC,EBL Spring · saison régulière,14,0.571,7.36,-298.0,-0.0,55.0,-298.0
meight,Valiance,EBL,Mid,EBL Spring · saison régulière,14,0.571,5.65,-301.0,1.0,55.0,-300.0
klowny,Cyber Wolves,EBL,Top,EBL Spring · saison régulière,14,0.571,3.24,-323.0,-0.0,55.0,-323.0
6ax,Crvena zvezda Esports,EBL,Mid,EBL Spring · saison régulière,14,0.571,4.09,-350.0,4.0,55.0,-346.0
Pocok,Crvena zvezda Esports,EBL,Jungle,EBL Spring · saison régulière,14,0.571,4.31,-365.0,4.0,55.0,-361.0
Falleo,Fox Gaming,AL,Top,EBL Spring · saison régulière,14,0.571,4.0,-363.0,1.0,55.0,-362.0
choego,Crvena zvezda Esports,EBL,ADC,EBL Spring · saison régulière,14,0.571,3.51,-380.0,4.0,55.0,-376.0
DoubleAiM,Valiance,EBL,Jungle,EBL Spring · saison régulière,14,0.571,2.72,-384.0,1.0,55.0,-383.0
MDB,Ankora Gaming,EBL,ADC,EBL Spring · saison régulière,14,0.5,3.68,-400.0,3.0,55.0,-397.0
Jelu,MAGAZA,EBL,Jungle,EBL Spring · saison régulière,12,0.417,3.12,-398.0,-1.0,55.0,-399.0
Fornoreason,Ankora Gaming,EBL,Top,EBL Spring · saison régulière,5,0.2,2.89,-470.0,1.0,55.0,-469.0
Bako,3BL Esports,AL,Top,EBL Spring · saison régulière,14,0.571,2.87,-520.0,4.0,55.0,-516.0
v1SaG3,Team 7AM,EBL,Top,EBL Spring · saison régulière,14,0.5,1.76,-610.0,3.0,55.0,-607.0
ASTRO1,Ankora Gaming,EBL,ADC,EBL Spring · saison régulière,14,0.143,2.13,-632.0,-4.0,55.0,-636.0
Gorilla1,Ankora Gaming,EBL,Support,EBL Spring · saison régulière,14,0.143,2.51,-637.0,-4.0,55.0,-641.0
Funja,Ankora Gaming,EBL,Mid,EBL Spring · saison régulière,14,0.143,2.12,-678.0,-4.0,55.0,-682.0
Saintsu,XtremeDominators,EBL,Jungle,EBL Spring · saison régulière,10,0.0,1.0,-705.0,-1.0,55.0,-706.0
uroskg,Ankora Gaming,EBL,Jungle,EBL Spring · saison régulière,14,0.143,1.47,-702.0,-4.0,55.0,-706.0
Shone,XtremeDominators,EBL,Support,EBL Spring · saison régulière,12,0.0,1.24,-715.0,-3.0,55.0,-718.0
Komandata,Valiance,EBL,ADC,EBL Spring · saison régulière,5,0.0,0.93,-786.0,-1.0,55.0,-787.0
Boras,Valiance,EBL,Top,EBL Spring · saison régulière,14,0.0,0.75,-839.0,-5.0,55.0,-844.0
LeMy,XtremeDominators,EBL,Mid,EBL Spring · saison régulière,14,0.0,0.76,-870.0,-5.0,55.0,-875.0
Kektz,Diamant Esports,EBL,Top,EBL Summer · saison régulière,14,0.786,3.96,-139.0,0.0,55.0,-139.0
Sn1lle,Partizan Esports,EBL,Jungle,EBL Summer · saison régulière,14,0.857,7.91,-151.0,9.0,55.0,-142.0
Cl0x,Partizan Esports,EBL,Support,EBL Summer · saison régulière,14,0.857,8.57,-152.0,9.0,55.0,-143.0
Shy Carry,Diamant Esports,EBL,ADC,EBL Summer · saison régulière,14,0.786,5.42,-157.0,0.0,55.0,-157.0
behave,SPIKE Syndicate,EBL,Jungle,EBL Summer · saison régulière,14,0.643,7.76,-169.0,4.0,55.0,-165.0
Wojtus,Diamant Esports,EBL,Support,EBL Summer · saison régulière,14,0.786,6.12,-168.0,0.0,55.0,-168.0
Rylle,Partizan Esports,EBL,Mid,EBL Summer · saison régulière,14,0.857,6.95,-177.0,9.0,55.0,-168.0
Lunddorf,Partizan Esports,EBL,Top,EBL Summer · saison régulière,14,0.857,3.71,-193.0,9.0,55.0,-184.0
Diva,Diamant Esports,EBL,Mid,EBL Summer · saison régulière,14,0.786,5.25,-188.0,0.0,55.0,-188.0
Thomas,Klanik Esport,NL,Support,EBL Summer · saison régulière,2,0.0,1.5,-186.0,-4.0,55.0,-190.0
Mafro,Diamant Esports,EBL,Jungle,EBL Summer · saison régulière,14,0.786,5.12,-210.0,0.0,55.0,-210.0
Tasteless,Cyber Wolves,EBL,Support,EBL Summer · saison régulière,14,0.571,6.59,-264.0,0.0,55.0,-264.0
Peppe,Cyber Wolves,EBL,Mid,EBL Summer · saison régulière,14,0.571,3.61,-279.0,0.0,55.0,-279.0
Vaynedeta,Cyber Wolves,EBL,ADC,EBL Summer · saison régulière,14,0.571,4.09,-279.0,0.0,55.0,-279.0
ECSTASSY,SPIKE Syndicate,EBL,ADC,EBL Summer · saison régulière,14,0.643,6.82,-298.0,4.0,55.0,-294.0
Velocity,SPIKE Syndicate,EBL,Support,EBL Summer · saison régulière,12,0.75,3.92,-308.0,8.0,55.0,-300.0
klowny,Cyber Wolves,EBL,Top,EBL Summer · saison régulière,14,0.571,2.21,-323.0,0.0,55.0,-323.0
Velja,Cyber Wolves,EBL,Jungle,EBL Summer · saison régulière,14,0.571,5.95,-349.0,0.0,55.0,-349.0
6ax,Crvena zvezda Esports,EBL,Mid,EBL Summer · saison régulière,14,0.429,3.28,-350.0,1.0,55.0,-349.0
Hazel,Crvena zvezda Esports,EBL,ADC,EBL Summer · saison régulière,14,0.429,3.35,-385.0,1.0,55.0,-384.0
Farfetch,Crvena zvezda Esports,EBL,Support,EBL Summer · saison régulière,12,0.333,2.27,-392.0,-2.0,55.0,-394.0
Rubi0o,SPIKE Syndicate,EBL,Top,EBL Summer · saison régulière,14,0.643,3.55,-398.0,4.0,55.0,-394.0
MDB,Ankora Gaming,EBL,ADC,EBL Summer · saison régulière,14,0.357,1.57,-400.0,-0.0,55.0,-400.0
Sintax,Ankora Gaming,EBL,Mid,EBL Summer · saison régulière,14,0.357,2.29,-403.0,-0.0,55.0,-403.0
Lagolinas,Valiance,EBL,Mid,EBL Summer · saison régulière,9,0.222,3.08,-402.0,-3.0,55.0,-405.0
Tibor,SPIKE Syndicate,EBL,Mid,EBL Summer · saison régulière,14,0.643,3.62,-415.0,4.0,55.0,-411.0
Benzz,Valiance,EBL,ADC,EBL Summer · saison régulière,9,0.222,2.83,-415.0,-3.0,55.0,-418.0
Noodle,Crvena zvezda Esports,ESLOL,Jungle,EBL Summer · saison régulière,4,0.5,4.89,-423.0,2.0,55.0,-421.0
Fornoreason,Ankora Gaming,EBL,Top,EBL Summer · saison régulière,14,0.357,2.02,-470.0,-0.0,55.0,-470.0
Deliverzz,Magaza Esports,EBL,Jungle,EBL Summer · saison régulière,7,0.286,1.89,-476.0,-0.0,55.0,-476.0
Aytekn,Crvena zvezda Esports,EBL,Top,EBL Summer · saison régulière,12,0.333,3.62,-474.0,-2.0,55.0,-476.0
Yakkey,Partizan Esports,EBL,ADC,EBL Summer · saison régulière,14,0.857,6.52,-493.0,9.0,55.0,-484.0
uciu,Crvena zvezda Esports,EBL,Jungle,EBL Summer · saison régulière,10,0.4,2.84,-525.0,-2.0,55.0,-527.0
Sahira,Valiance,ESLOL,Mid,EBL Summer · saison régulière,3,0.0,1.18,-558.0,-3.0,55.0,-561.0
Hatred,Myth Esports,EBL,Jungle,EBL Summer · saison régulière,14,0.143,3.66,-575.0,-9.0,55.0,-584.0
v1SaG3,Team 7AM,EBL,Top,EBL Summer · saison régulière,14,0.214,1.2,-610.0,-4.0,55.0,-614.0
Iheb,Valiance,AL,Support,EBL Summer · saison régulière,7,0.0,1.3,-607.0,-8.0,55.0,-615.0
Simbz,Magaza Esports,EBL,ADC,EBL Summer · saison régulière,14,0.214,1.68,-614.0,-4.0,55.0,-618.0
Gorilla1,Ankora Gaming,EBL,Support,EBL Summer · saison régulière,14,0.357,2.41,-637.0,-0.0,55.0,-637.0
taetsu,Magaza Esports,EBL,Mid,EBL Summer · saison régulière,12,0.25,1.9,-638.0,-2.0,55.0,-640.0
Kanna,Ankora Gaming,EBL,Jungle,EBL Summer · saison régulière,14,0.357,1.86,-647.0,-0.0,55.0,-647.0
Crisma,Team 7AM,EBL,Support,EBL Summer · saison régulière,14,0.214,1.98,-707.0,-4.0,55.0,-711.0
Komandata,Valiance,EBL,ADC,EBL Summer · saison régulière,5,0.0,1.0,-786.0,-6.0,55.0,-792.0
Boras,Valiance,EBL,Top,EBL Summer · saison régulière,14,0.143,1.56,-839.0,-9.0,55.0,-848.0
Jopa,Finetwork KOI,LES,ADC,EBL · playoffs,9,0.667,6.62,159.0,0.0,55.0,159.0
Infoneral,UCAM Esports,LES,Support,EBL · playoffs,4,0.25,1.87,-13.0,-3.0,55.0,-16.0
Kektz,Diamant Esports,EBL,Top,EBL · playoffs,22,0.546,2.75,-139.0,1.0,55.0,-138.0
Pesho,Klanik Esport,NL,Mid,EBL · playoffs,9,0.556,5.84,-158.0,3.0,55.0,-155.0
Shy Carry,Diamant Esports,EBL,ADC,EBL · playoffs,22,0.546,4.9,-157.0,1.0,55.0,-156.0
Sn1lle,Partizan Esports,EBL,Jungle,EBL · playoffs,17,0.471,3.35,-151.0,-6.0,55.0,-157.0
Cl0x,Partizan Esports,EBL,Support,EBL · playoffs,17,0.471,3.95,-152.0,-6.0,55.0,-158.0
Wojtus,Diamant Esports,EBL,Support,EBL · playoffs,22,0.546,2.88,-168.0,1.0,55.0,-167.0
behave,SPIKE Syndicate,EBL,Jungle,EBL · playoffs,3,0.0,2.38,-169.0,-6.0,55.0,-175.0
Rylle,Partizan Esports,EBL,Mid,EBL · playoffs,17,0.471,3.21,-177.0,-6.0,55.0,-183.0
Diva,Diamant Esports,EBL,Mid,EBL · playoffs,22,0.546,3.52,-188.0,1.0,55.0,-187.0
Lunddorf,Partizan Esports,EBL,Top,EBL · playoffs,17,0.471,2.09,-193.0,-6.0,55.0,-199.0
Mafro,Diamant Esports,EBL,Jungle,EBL · playoffs,22,0.546,2.77,-210.0,1.0,55.0,-209.0
Tasteless,Cyber Wolves,EBL,Support,EBL · playoffs,20,0.6,4.42,-264.0,14.0,55.0,-250.0
kingggggg,Cyber Wolves,EBL,Jungle,EBL · playoffs,9,0.556,3.61,-256.0,3.0,55.0,-253.0
Peppe,Cyber Wolves,EBL,Mid,EBL · playoffs,11,0.636,6.83,-279.0,11.0,55.0,-268.0
Vaynedeta,Cyber Wolves,EBL,ADC,EBL · playoffs,11,0.636,6.1,-279.0,11.0,55.0,-268.0
ECSTASSY,SPIKE Syndicate,EBL,ADC,EBL · playoffs,12,0.417,3.97,-298.0,-3.0,55.0,-301.0
klowny,Cyber Wolves,EBL,Top,EBL · playoffs,20,0.6,4.0,-323.0,14.0,55.0,-309.0
Velocity,SPIKE Syndicate,EBL,Support,EBL · playoffs,3,0.0,1.11,-308.0,-6.0,55.0,-314.0
Velja,Cyber Wolves,EBL,Jungle,EBL · playoffs,11,0.636,4.45,-349.0,11.0,55.0,-338.0
6ax,Crvena zvezda Esports,EBL,Mid,EBL · playoffs,4,0.25,1.31,-350.0,-3.0,55.0,-353.0
Pocok,Crvena zvezda Esports,EBL,Jungle,EBL · playoffs,4,0.25,2.0,-365.0,-3.0,55.0,-368.0
choego,Crvena zvezda Esports,EBL,ADC,EBL · playoffs,4,0.25,1.71,-380.0,-3.0,55.0,-383.0
Rubi0o,SPIKE Syndicate,EBL,Top,EBL · playoffs,3,0.0,0.88,-398.0,-6.0,55.0,-404.0
Tibor,SPIKE Syndicate,EBL,Mid,EBL · playoffs,3,0.0,2.1,-415.0,-6.0,55.0,-421.0
Yakkey,Partizan Esports,EBL,ADC,EBL · playoffs,8,0.25,2.52,-493.0,-6.0,55.0,-499.0
Bako,3BL Esports,AL,Top,EBL · playoffs,4,0.25,1.64,-520.0,-3.0,55.0,-523.0
Hunt,Forged Five,AL,Mid,EBL · saison régulière,6,1.0,7.64,-150.0,0.0,55.0,-150.0
Paladin,Forged Five,EBL,ADC,EBL · saison régulière,6,1.0,4.94,-257.0,0.0,55.0,-257.0
Lagolinas,Valiance,EBL,Mid,EBL · saison régulière,3,1.0,4.57,-402.0,4.0,55.0,-398.0
Benzz,Valiance,EBL,ADC,EBL · saison régulière,3,1.0,9.25,-415.0,4.0,55.0,-411.0
Deliverzz,Magaza Esports,EBL,Jungle,EBL · saison régulière,11,0.273,3.12,-476.0,1.0,55.0,-475.0
gtrik,Zajčje Tačke,EBL,Mid,EBL · saison régulière,8,0.25,2.09,-549.0,-5.0,55.0,-554.0
Hatred,Myth Esports,EBL,Jungle,EBL · saison régulière,3,1.0,49.0,-575.0,4.0,55.0,-571.0
v1SaG3,Team 7AM,EBL,Top,EBL · saison régulière,11,0.273,1.67,-610.0,1.0,55.0,-609.0
Simbz,Magaza Esports,EBL,ADC,EBL · saison régulière,11,0.273,3.26,-614.0,1.0,55.0,-613.0
taetsu,Magaza Esports,EBL,Mid,EBL · saison régulière,11,0.273,2.34,-638.0,1.0,55.0,-637.0
Crisma,Team 7AM,EBL,Support,EBL · saison régulière,11,0.273,2.68,-707.0,1.0,55.0,-706.0
Boras,Valiance,EBL,Top,EBL · saison régulière,3,1.0,6.8,-839.0,4.0,55.0,-835.0
Cotopaco,Saprissa Esports,LRN,Mid,EL · phase de groupes,10,1.0,14.62,-34.0,-0.0,55.0,-34.0
Putin,Saprissa Esports,LRN,Top,EL · phase de groupes,10,1.0,6.57,-38.0,-0.0,55.0,-38.0
Xpontaneous,Saprissa Esports,LRN,ADC,EL · phase de groupes,10,1.0,32.33,-53.0,-0.0,55.0,-53.0
Ganks,Saprissa Esports,LRN,Jungle,EL · phase de groupes,10,1.0,6.5,-66.0,-0.0,55.0,-66.0
Limitationss,PÊEK Gaming,LRN,ADC,EL · phase de groupes,10,0.7,8.4,-201.0,1.0,55.0,-200.0
Chiu,Descuydado Aucas Esports,LRN,Top,EL · phase de groupes,10,0.6,2.85,-201.0,0.0,55.0,-201.0
Xuradel,Descuydado Aucas Esports,LRN,Mid,EL · phase de groupes,10,0.5,3.15,-223.0,2.0,55.0,-221.0
Tyr,PÊEK Gaming,LRN,Support,EL · phase de groupes,10,0.7,5.17,-227.0,1.0,55.0,-226.0
Alann,Osaka,LRN,ADC,EL · phase de groupes,10,0.5,5.71,-297.0,2.0,55.0,-295.0
Shieldworm,Janus Esports,LRN,Mid,EL · phase de groupes,10,0.6,4.09,-377.0,0.0,55.0,-377.0
Mitir,Ramo Awake Gaming,GL,Jungle,EL · phase de groupes,5,0.0,2.0,-612.0,-2.0,55.0,-614.0
Kobrq,The Kings Moon,DDH,Mid,EL · phase de groupes,4,0.25,1.85,-753.0,-0.0,55.0,-753.0
Cotopaco,Saprissa Esports,LRN,Mid,EL · playoffs,7,0.857,5.35,-34.0,-1.0,55.0,-35.0
Putin,Saprissa Esports,LRN,Top,EL · playoffs,7,0.857,5.12,-38.0,-1.0,55.0,-39.0
Xpontaneous,Saprissa Esports,LRN,ADC,EL · playoffs,7,0.857,5.06,-53.0,-1.0,55.0,-54.0
Ganks,Saprissa Esports,LRN,Jungle,EL · playoffs,7,0.857,5.21,-66.0,-1.0,55.0,-67.0
Chiu,Descuydado Aucas Esports,LRN,Top,EL · playoffs,4,0.25,2.71,-201.0,2.0,55.0,-199.0
Limitationss,PÊEK Gaming,LRN,ADC,EL · playoffs,7,0.429,4.0,-201.0,2.0,55.0,-199.0
Tyr,PÊEK Gaming,LRN,Support,EL · playoffs,7,0.429,1.89,-227.0,2.0,55.0,-225.0
Xuradel,Descuydado Aucas Esports,LRN,Mid,EL · playoffs,4,0.25,3.0,-223.0,-3.0,55.0,-226.0
Alann,Osaka,LRN,ADC,EL · playoffs,4,0.25,2.5,-297.0,-3.0,55.0,-300.0
Shieldworm,Janus Esports,LRN,Mid,EL · playoffs,4,0.25,1.62,-377.0,2.0,55.0,-375.0
Peach,Excel Esports,LEC,Jungle,EMEA Masters Spring,21,0.667,3.28,650.0,-0.0,55.0,650.0
Flakked,Team Heretics,LEC,ADC,EMEA Masters Spring,15,0.533,4.94,593.0,7.0,55.0,600.0
Noah,Fnatic,LEC,ADC,EMEA Masters Spring,6,0.167,4.19,539.0,-5.0,55.0,534.0
Kofte,İstanbul Wildcats,TCL,Mid,EMEA Masters Spring,19,0.737,6.97,436.0,4.0,55.0,440.0
BAO,İstanbul Wildcats,TCL,ADC,EMEA Masters Spring,19,0.737,5.5,435.0,4.0,55.0,439.0
Destroy,İstanbul Wildcats,TCL,Top,EMEA Masters Spring,19,0.737,4.13,407.0,4.0,55.0,411.0
Parus,İstanbul Wildcats,TCL,Support,EMEA Masters Spring,19,0.737,3.39,367.0,4.0,55.0,371.0
Fun K3y,Unicorns of Love Sexy Edition,PRM,ADC,EMEA Masters Spring,21,0.667,3.5,341.0,-0.0,55.0,341.0
JNX,SK Gaming Prime,PRM,Top,EMEA Masters Spring,13,0.538,2.97,320.0,1.0,55.0,321.0
Ragner,Team GO,LFL,Top,EMEA Masters Spring,11,0.636,4.41,284.0,1.0,55.0,285.0
Keduii,SK Gaming Prime,PRM,ADC,EMEA Masters Spring,13,0.538,5.1,275.0,1.0,55.0,276.0
Supa,Movistar KOI,LES,ADC,EMEA Masters Spring,11,0.454,3.85,271.0,-0.0,55.0,271.0
FEBIVEN,SK Gaming Prime,PRM,Mid,EMEA Masters Spring,13,0.538,4.59,249.0,1.0,55.0,250.0
Lurox,SK Gaming Prime,PRM,Jungle,EMEA Masters Spring,13,0.538,5.32,248.0,1.0,55.0,249.0
kamilius,Team GO,LFL,Support,EMEA Masters Spring,11,0.636,6.62,228.0,1.0,55.0,229.0
Prime,SK Gaming Prime,PRM,Support,EMEA Masters Spring,13,0.538,3.92,226.0,1.0,55.0,227.0
ISMA,Movistar KOI,LES,Jungle,EMEA Masters Spring,11,0.454,4.69,222.0,-0.0,55.0,222.0
Jezu,Team GO,LFL,ADC,EMEA Masters Spring,11,0.636,8.38,220.0,1.0,55.0,221.0
Lyncas,Team GO,LFL,Jungle,EMEA Masters Spring,11,0.636,4.83,219.0,1.0,55.0,220.0
Fresskowy,Movistar KOI,LES,Mid,EMEA Masters Spring,11,0.454,4.83,220.0,-0.0,55.0,220.0
Toucouille,Team GO,LFL,Mid,EMEA Masters Spring,11,0.636,6.14,216.0,1.0,55.0,217.0
Alvaro,Movistar KOI,LES,Support,EMEA Masters Spring,11,0.454,4.5,216.0,-0.0,55.0,216.0
Zoelys,Karmine Corp,LFL,Support,EMEA Masters Spring,11,0.546,3.16,205.0,1.0,55.0,206.0
Mask,Unicorns of Love Sexy Edition,PRM,Mid,EMEA Masters Spring,21,0.667,3.91,204.0,-0.0,55.0,204.0
Zwyroo,Team Heretics Academy,LES,Mid,EMEA Masters Spring,15,0.533,3.29,193.0,7.0,55.0,200.0
White,Karmine Corp,LFL,Jungle,EMEA Masters Spring,11,0.546,2.41,196.0,1.0,55.0,197.0
Tempt,FUT Esports,TCL,Mid,EMEA Masters Spring,6,0.333,3.33,193.0,-2.0,55.0,191.0
Six10,Macko Esports,PGN,Mid,EMEA Masters Spring,9,0.556,3.29,183.0,2.0,55.0,185.0
Marky,Movistar KOI,LES,Top,EMEA Masters Spring,11,0.454,2.26,183.0,-0.0,55.0,183.0
Jeskla,LDLC OL,LFL,ADC,EMEA Masters Spring,11,0.546,5.14,174.0,1.0,55.0,175.0
Jopa,Finetwork KOI,LES,ADC,EMEA Masters Spring,9,0.778,8.73,159.0,10.0,55.0,169.0
Kryze,LDLC OL,LFL,Top,EMEA Masters Spring,11,0.546,3.77,167.0,1.0,55.0,168.0
Asper,FUT Esports,TCL,Support,EMEA Masters Spring,6,0.333,4.11,167.0,-2.0,55.0,165.0
ACD,Macko Esports,PGN,Top,EMEA Masters Spring,9,0.556,3.07,163.0,2.0,55.0,165.0
StarScreen,FUT Esports,TCL,Top,EMEA Masters Spring,6,0.333,2.6,161.0,-2.0,55.0,159.0
Elramir,Anubis Gaming,AL,Jungle,EMEA Masters Spring,19,0.737,4.0,152.0,4.0,55.0,156.0
bluerzor,Team Heretics Academy,LES,Jungle,EMEA Masters Spring,15,0.533,3.46,148.0,7.0,55.0,155.0
Cboi,Macko Esports,PGN,Jungle,EMEA Masters Spring,9,0.556,2.39,150.0,2.0,55.0,152.0
Venour,Unicorns of Love Sexy Edition,PRM,Top,EMEA Masters Spring,21,0.667,3.35,152.0,-0.0,55.0,152.0
Vzz,Macko Esports,PGN,ADC,EMEA Masters Spring,9,0.556,3.54,149.0,2.0,55.0,151.0
Lot,Aegis,LFL,Top,EMEA Masters Spring,15,0.6,3.65,137.0,-1.0,55.0,136.0
Lekcyc,Unicorns of Love Sexy Edition,PRM,Support,EMEA Masters Spring,21,0.667,3.18,132.0,-0.0,55.0,132.0
SkewMond,Aegis,LFL,Jungle,EMEA Masters Spring,15,0.6,4.85,130.0,-1.0,55.0,129.0
Eika,Aegis,LFL,Mid,EMEA Masters Spring,15,0.6,5.28,127.0,-1.0,55.0,126.0
marlon,Team Heretics Academy,LES,Support,EMEA Masters Spring,15,0.533,2.9,114.0,7.0,55.0,121.0
Hantera,Aegis,LFL,Support,EMEA Masters Spring,15,0.6,4.36,115.0,-1.0,55.0,114.0
HolyPhoenix,Papara SuperMassive,TCL,ADC,EMEA Masters Spring,11,0.636,4.93,109.0,1.0,55.0,110.0
Mojito,FUT Esports,TCL,Jungle,EMEA Masters Spring,6,0.333,2.42,112.0,-2.0,55.0,110.0
Click,Macko Esports,PGN,Support,EMEA Masters Spring,9,0.556,2.07,106.0,2.0,55.0,108.0
Dehaste,Nigma Galaxy,AL,Mid,EMEA Masters Spring,6,0.333,2.75,105.0,-6.0,55.0,99.0
Backlund,LDLC OL,LFL,Mid,EMEA Masters Spring,11,0.546,2.76,97.0,1.0,55.0,98.0
Shiganari,Aegis,LFL,ADC,EMEA Masters Spring,14,0.643,3.79,93.0,0.0,55.0,93.0
FireRain,Riddle Esports,NLC,Mid,EMEA Masters Spring,6,0.333,1.83,93.0,0.0,55.0,93.0
Haru,Papara SuperMassive,TCL,Jungle,EMEA Masters Spring,11,0.636,4.64,82.0,1.0,55.0,83.0
SlowQ,Zero Tenacity,UL,Mid,EMEA Masters Spring,6,0.167,2.0,79.0,-5.0,55.0,74.0
Yohan,GamerLegion,PRM,Jungle,EMEA Masters Spring,6,0.333,3.06,69.0,0.0,55.0,69.0
Stefan,Nativz,NLC,Jungle,EMEA Masters Spring,6,0.333,2.52,72.0,-6.0,55.0,66.0
iBo,Team Heretics Academy,LES,Top,EMEA Masters Spring,15,0.533,2.4,54.0,7.0,55.0,61.0
Serin,Papara SuperMassive,TCL,Mid,EMEA Masters Spring,11,0.636,7.76,57.0,1.0,55.0,58.0
Giyuu,Geekay Esports,AL,Mid,EMEA Masters Spring,13,0.615,3.21,34.0,7.0,55.0,41.0
Fatihcan,Cyberground Gaming,PGN,ADC,EMEA Masters Spring,6,0.333,4.6,42.0,-2.0,55.0,40.0
kibah,Rebels Gaming,NLC,Support,EMEA Masters Spring,6,0.333,2.19,28.0,0.0,55.0,28.0
Banderas,WLGaming Esports,GLL,Top,EMEA Masters Spring,6,0.333,2.0,26.0,0.0,55.0,26.0
Robocop,Entropiq,HM,Top,EMEA Masters Spring,6,0.167,1.83,13.0,-8.0,55.0,5.0
Juzu,Anubis Gaming,AL,Top,EMEA Masters Spring,11,0.636,4.76,-3.0,1.0,55.0,-2.0
Roison,Anonymo Esports,UL,Mid,EMEA Masters Spring,6,0.333,3.56,-11.0,-0.0,55.0,-11.0
Rin,Geekay Esports,AL,ADC,EMEA Masters Spring,13,0.615,4.43,-19.0,7.0,55.0,-12.0
Eyliph,Anorthosis Famagusta Esports,GLL,Top,EMEA Masters Spring,15,0.6,3.28,-17.0,4.0,55.0,-13.0
Ryuzaki,Zero Tenacity,UL,Jungle,EMEA Masters Spring,6,0.167,2.16,-19.0,-5.0,55.0,-24.0
Vladi,Nativz,NLC,Mid,EMEA Masters Spring,9,0.556,5.24,-29.0,3.0,55.0,-26.0
Jackies,Entropiq,HM,Mid,EMEA Masters Spring,6,0.167,3.5,-20.0,-8.0,55.0,-28.0
SPOOKY,Anorthosis Famagusta Esports,GLL,Jungle,EMEA Masters Spring,15,0.6,2.89,-36.0,4.0,55.0,-32.0
Satorius,Geekay Esports,AL,Top,EMEA Masters Spring,13,0.615,3.68,-42.0,7.0,55.0,-35.0
GOLDENTO4ST,Anorthosis Famagusta Esports,GLL,ADC,EMEA Masters Spring,15,0.6,3.81,-44.0,4.0,55.0,-40.0
Dekap,Geekay Esports,AL,Support,EMEA Masters Spring,13,0.615,4.19,-48.0,7.0,55.0,-41.0
Ellam,aNc Outplayed,PGN,ADC,EMEA Masters Spring,6,0.333,2.84,-41.0,-6.0,55.0,-47.0
HAWHAW,Anorthosis Famagusta Esports,GLL,Mid,EMEA Masters Spring,15,0.6,4.74,-57.0,4.0,55.0,-53.0
sanghyeon,Zero Tenacity,UL,Support,EMEA Masters Spring,6,0.167,2.37,-51.0,-5.0,55.0,-56.0
Hiro,Lille Esport,UL,Top,EMEA Masters Spring,6,0.333,1.65,-61.0,-0.0,55.0,-61.0
Zicssi,Entropiq,HM,Jungle,EMEA Masters Spring,6,0.167,1.72,-56.0,-8.0,55.0,-64.0
TynX,eSuba,HM,Jungle,EMEA Masters Spring,16,0.438,3.59,-73.0,8.0,55.0,-65.0
Notiko,NNO Prime,PRM,ADC,EMEA Masters Spring,6,0.167,2.41,-58.0,-8.0,55.0,-66.0
iLEVI,Anorthosis Famagusta Esports,GLL,Support,EMEA Masters Spring,15,0.6,2.63,-73.0,4.0,55.0,-69.0
Color,Zero Tenacity,UL,Top,EMEA Masters Spring,6,0.167,1.95,-64.0,-5.0,55.0,-69.0
Viking,Geekay Esports,AL,Jungle,EMEA Masters Spring,13,0.615,5.11,-76.0,7.0,55.0,-69.0
Khantos,Entropiq,HM,ADC,EMEA Masters Spring,6,0.167,2.7,-63.0,-8.0,55.0,-71.0
Heroic,GTZ Esports,LPLOL,Mid,EMEA Masters Spring,6,0.167,1.36,-63.0,-8.0,55.0,-71.0
Venzer,aNc Outplayed,PGN,Support,EMEA Masters Spring,6,0.333,2.39,-66.0,-6.0,55.0,-72.0
Klaj,IziDream,LFL,Support,EMEA Masters Spring,7,0.429,2.32,-78.0,-0.0,55.0,-78.0
Skude,RA'AD,AL,Jungle,EMEA Masters Spring,6,0.333,2.28,-82.0,-2.0,55.0,-84.0
jinjo,GamerLegion,PRM,ADC,EMEA Masters Spring,6,0.333,2.28,-86.0,0.0,55.0,-86.0
denyk,Entropiq,HM,Support,EMEA Masters Spring,6,0.167,2.58,-81.0,-8.0,55.0,-89.0
Neramin,Anonymo Esports,UL,ADC,EMEA Masters Spring,6,0.333,2.2,-93.0,-0.0,55.0,-93.0
FGG,eSuba,HM,Support,EMEA Masters Spring,16,0.438,3.7,-102.0,8.0,55.0,-94.0
Jeyrus,Looking for ORG,GLL,ADC,EMEA Masters Spring,9,0.556,6.67,-98.0,3.0,55.0,-95.0
bobista,eSuba,HM,Top,EMEA Masters Spring,16,0.438,3.28,-105.0,8.0,55.0,-97.0
Czypsy,Anonymo Esports,UL,Support,EMEA Masters Spring,6,0.333,1.69,-102.0,-0.0,55.0,-102.0
Mikkel,Meow Gaming Club,ESLOL,Mid,EMEA Masters Spring,6,0.5,2.47,-104.0,-1.0,55.0,-105.0
Nille,Verdant,NLC,Top,EMEA Masters Spring,7,0.429,2.74,-108.0,-0.0,55.0,-108.0
Savero,Anonymo Esports,UL,Jungle,EMEA Masters Spring,6,0.333,2.38,-119.0,-0.0,55.0,-119.0
Time,GTZ Esports,LPLOL,Jungle,EMEA Masters Spring,6,0.167,1.62,-113.0,-8.0,55.0,-121.0
san1,Anubis Gaming,AL,ADC,EMEA Masters Spring,6,0.333,2.29,-119.0,-2.0,55.0,-121.0
Zhergoth,Meow Gaming Club,ESLOL,Top,EMEA Masters Spring,6,0.167,1.25,-122.0,-1.0,55.0,-123.0
Sn1lle,Partizan Esports,EBL,Jungle,EMEA Masters Spring,9,0.778,4.92,-151.0,10.0,55.0,-141.0
Cl0x,Partizan Esports,EBL,Support,EMEA Masters Spring,9,0.778,5.24,-152.0,10.0,55.0,-142.0
Bruness,WLGaming Esports,GLL,Jungle,EMEA Masters Spring,9,0.556,4.62,-146.0,3.0,55.0,-143.0
Taxer,Verdant,NLC,Jungle,EMEA Masters Spring,7,0.429,2.1,-146.0,-0.0,55.0,-146.0
Kektz,Diamant Esports,EBL,Top,EMEA Masters Spring,6,0.167,1.04,-139.0,-7.0,55.0,-146.0
Hunt,Forged Five,AL,Mid,EMEA Masters Spring,6,0.333,2.59,-150.0,-2.0,55.0,-152.0
KINGPIN,Meow Gaming Club,ESLOL,Support,EMEA Masters Spring,6,0.5,2.74,-156.0,-1.0,55.0,-157.0
Bananitoo,WLGaming Esports,GLL,Support,EMEA Masters Spring,9,0.556,3.31,-167.0,3.0,55.0,-164.0
Shy Carry,Diamant Esports,EBL,ADC,EMEA Masters Spring,6,0.167,2.33,-157.0,-7.0,55.0,-164.0
Rylle,Partizan Esports,EBL,Mid,EMEA Masters Spring,9,0.778,6.12,-177.0,10.0,55.0,-167.0
Wojtus,Diamant Esports,EBL,Support,EMEA Masters Spring,6,0.167,0.88,-168.0,-7.0,55.0,-175.0
DANY,eSuba,HM,ADC,EMEA Masters Spring,16,0.438,2.92,-189.0,8.0,55.0,-181.0
Maged,RA'AD,AL,Top,EMEA Masters Spring,6,0.333,1.86,-179.0,-2.0,55.0,-181.0
Lunddorf,Partizan Esports,EBL,Top,EMEA Masters Spring,9,0.778,2.76,-193.0,10.0,55.0,-183.0
Orion,Meow Gaming Club,ESLOL,ADC,EMEA Masters Spring,6,0.5,2.17,-184.0,-1.0,55.0,-185.0
HeSSZero,Iron Wolves,UL,Top,EMEA Masters Spring,9,0.556,2.6,-190.0,3.0,55.0,-187.0
costy,MS Company,NL,ADC,EMEA Masters Spring,6,0.167,1.88,-193.0,-1.0,55.0,-194.0
Diva,Diamant Esports,EBL,Mid,EMEA Masters Spring,6,0.167,1.62,-188.0,-7.0,55.0,-195.0
Warszi,eSuba,HM,Mid,EMEA Masters Spring,16,0.438,3.15,-211.0,8.0,55.0,-203.0
kehvo,Myth Esports,ESLOL,ADC,EMEA Masters Spring,7,0.429,4.0,-208.0,-0.0,55.0,-208.0
Mafro,Diamant Esports,EBL,Jungle,EMEA Masters Spring,6,0.167,1.06,-210.0,-7.0,55.0,-217.0
Erolle,Team 7AM,ESLOL,Mid,EMEA Masters Spring,7,0.429,3.94,-228.0,-0.0,55.0,-228.0
Nsurr,GTZ Esports,LPLOL,Support,EMEA Masters Spring,6,0.167,1.69,-255.0,-8.0,55.0,-263.0
Worst,White Dragons,LPLOL,ADC,EMEA Masters Spring,7,0.0,1.71,-260.0,-8.0,55.0,-268.0
Robba,Meow Gaming Club,ESLOL,Top,EMEA Masters Spring,6,0.5,1.91,-283.0,-1.0,55.0,-284.0
Guertas,Meow Gaming Club,ESLOL,Jungle,EMEA Masters Spring,6,0.5,2.44,-309.0,-1.0,55.0,-310.0
StenBosse,Panathinaikos Esports,PGN,Top,EMEA Masters Spring,6,0.333,1.8,-323.0,-6.0,55.0,-329.0
Sl4shD,White Dragons,LPLOL,Top,EMEA Masters Spring,6,0.167,1.56,-330.0,-8.0,55.0,-338.0
B Butcher,3BL Esports,AL,Support,EMEA Masters Spring,6,0.333,2.24,-338.0,-2.0,55.0,-340.0
D4SH,White Dragons,LPLOL,Jungle,EMEA Masters Spring,7,0.0,0.86,-335.0,-8.0,55.0,-343.0
Calmsky,For The Win Esports,LPLOL,Support,EMEA Masters Spring,7,0.0,1.06,-375.0,-8.0,55.0,-383.0
Farfetch,Crvena zvezda Esports,EBL,Support,EMEA Masters Spring,11,0.636,4.85,-392.0,1.0,55.0,-391.0
Quicktimer,Team 7AM,ESLOL,Support,EMEA Masters Spring,6,0.167,2.33,-404.0,-1.0,55.0,-405.0
Caucha,GTZ Esports,LPLOL,Top,EMEA Masters Spring,7,0.0,0.64,-398.0,-8.0,55.0,-406.0
Noodle,Crvena zvezda Esports,ESLOL,Jungle,EMEA Masters Spring,6,0.167,1.59,-423.0,-1.0,55.0,-424.0
NOMA,For The Win Esports,LPLOL,Mid,EMEA Masters Spring,7,0.0,0.93,-445.0,-8.0,55.0,-453.0
Sahira,Valiance,ESLOL,Mid,EMEA Masters Spring,6,0.167,1.63,-558.0,-1.0,55.0,-559.0
Cinkrof,Karmine Corp,LFL,Jungle,EMEA Masters Summer,15,0.667,4.08,437.0,-2.0,55.0,435.0
Kofte,İstanbul Wildcats,TCL,Mid,EMEA Masters Summer,9,0.667,4.56,436.0,-4.0,55.0,432.0
BAO,İstanbul Wildcats,TCL,ADC,EMEA Masters Summer,9,0.667,4.59,435.0,-4.0,55.0,431.0
Targamas,Karmine Corp,LFL,Support,EMEA Masters Summer,15,0.667,4.47,411.0,-2.0,55.0,409.0
Destroy,İstanbul Wildcats,TCL,Top,EMEA Masters Summer,9,0.667,3.08,407.0,-4.0,55.0,403.0
Parus,İstanbul Wildcats,TCL,Support,EMEA Masters Summer,9,0.667,3.19,367.0,-4.0,55.0,363.0
Fun K3y,Unicorns of Love Sexy Edition,PRM,ADC,EMEA Masters Summer,6,0.5,2.69,341.0,-1.0,55.0,340.0
JNX,SK Gaming Prime,PRM,Top,EMEA Masters Summer,12,0.583,3.58,320.0,-1.0,55.0,319.0
Ragner,Team GO,LFL,Top,EMEA Masters Summer,24,0.708,4.25,284.0,5.0,55.0,289.0
Supa,Movistar KOI,LES,ADC,EMEA Masters Summer,12,0.75,5.21,271.0,11.0,55.0,282.0
Keduii,SK Gaming Prime,PRM,ADC,EMEA Masters Summer,12,0.583,5.04,275.0,-1.0,55.0,274.0
SAKEN,Karmine Corp,LFL,Mid,EMEA Masters Summer,15,0.667,4.9,273.0,-2.0,55.0,271.0
Czekolad,BK ROG Esports,LFL,Mid,EMEA Masters Summer,10,0.6,3.57,271.0,-0.0,55.0,271.0
FEBIVEN,SK Gaming Prime,PRM,Mid,EMEA Masters Summer,12,0.583,3.96,249.0,-1.0,55.0,248.0
Lurox,SK Gaming Prime,PRM,Jungle,EMEA Masters Summer,12,0.583,4.7,248.0,-1.0,55.0,247.0
Pridestalkr,BK ROG Esports,LFL,Jungle,EMEA Masters Summer,10,0.6,3.93,246.0,-0.0,55.0,246.0
Howling,BK ROG Esports,LFL,Top,EMEA Masters Summer,10,0.6,4.05,245.0,-0.0,55.0,245.0
Cabochard,Karmine Corp,LFL,Top,EMEA Masters Summer,15,0.667,3.24,239.0,-2.0,55.0,237.0
ISMA,Movistar KOI,LES,Jungle,EMEA Masters Summer,12,0.75,7.24,222.0,11.0,55.0,233.0
kamilius,Team GO,LFL,Support,EMEA Masters Summer,24,0.708,4.72,228.0,5.0,55.0,233.0
Fresskowy,Movistar KOI,LES,Mid,EMEA Masters Summer,12,0.75,8.32,220.0,11.0,55.0,231.0
Caliste,Karmine Corp,LFL,ADC,EMEA Masters Summer,15,0.667,4.5,232.0,-2.0,55.0,230.0
Alvaro,Movistar KOI,LES,Support,EMEA Masters Summer,12,0.75,4.56,216.0,11.0,55.0,227.0
Jezu,Team GO,LFL,ADC,EMEA Masters Summer,24,0.708,6.53,220.0,5.0,55.0,225.0
Prime,SK Gaming Prime,PRM,Support,EMEA Masters Summer,12,0.583,4.31,226.0,-1.0,55.0,225.0
Lyncas,Team GO,LFL,Jungle,EMEA Masters Summer,24,0.708,5.92,219.0,5.0,55.0,224.0
Ferret,İstanbul Wildcats,TCL,Jungle,EMEA Masters Summer,9,0.667,5.33,226.0,-4.0,55.0,222.0
Toucouille,Team GO,LFL,Mid,EMEA Masters Summer,24,0.708,5.87,216.0,5.0,55.0,221.0
Trigger,BK ROG Esports,LFL,ADC,EMEA Masters Summer,10,0.6,4.08,218.0,-0.0,55.0,218.0
Mask,Unicorns of Love Sexy Edition,PRM,Mid,EMEA Masters Summer,6,0.5,2.93,204.0,-1.0,55.0,203.0
Myrwn,Team Heretics Academy,LES,Top,EMEA Masters Summer,6,0.333,2.29,204.0,-5.0,55.0,199.0
Veignorem,BK ROG Esports,LFL,Support,EMEA Masters Summer,10,0.6,3.27,196.0,-0.0,55.0,196.0
Marky,Movistar KOI,LES,Top,EMEA Masters Summer,12,0.75,3.48,183.0,11.0,55.0,194.0
Tempt,FUT Esports,TCL,Mid,EMEA Masters Summer,9,0.778,5.39,193.0,1.0,55.0,194.0
Six10,Macko Esports,PGN,Mid,EMEA Masters Summer,12,0.75,4.74,183.0,6.0,55.0,189.0
ACD,Macko Esports,PGN,Top,EMEA Masters Summer,12,0.75,3.97,163.0,6.0,55.0,169.0
Asper,FUT Esports,TCL,Support,EMEA Masters Summer,9,0.778,6.58,167.0,1.0,55.0,168.0
StarScreen,FUT Esports,TCL,Top,EMEA Masters Summer,9,0.778,3.67,161.0,1.0,55.0,162.0
Whistle,NASR eSports Turkey,TCL,Mid,EMEA Masters Summer,6,0.333,1.54,159.0,0.0,55.0,159.0
Cboi,Macko Esports,PGN,Jungle,EMEA Masters Summer,12,0.75,4.52,150.0,6.0,55.0,156.0
Vzz,Macko Esports,PGN,ADC,EMEA Masters Summer,12,0.75,4.07,149.0,6.0,55.0,155.0
Venour,Unicorns of Love Sexy Edition,PRM,Top,EMEA Masters Summer,6,0.5,2.92,152.0,-1.0,55.0,151.0
Elramir,Anubis Gaming,AL,Jungle,EMEA Masters Summer,9,0.444,2.73,152.0,-5.0,55.0,147.0
Lekcyc,Unicorns of Love Sexy Edition,PRM,Support,EMEA Masters Summer,6,0.5,1.75,132.0,-1.0,55.0,131.0
Mojito,FUT Esports,TCL,Jungle,EMEA Masters Summer,9,0.778,4.95,112.0,1.0,55.0,113.0
Click,Macko Esports,PGN,Support,EMEA Masters Summer,12,0.75,5.04,106.0,6.0,55.0,112.0
Dehaste,Nigma Galaxy,AL,Mid,EMEA Masters Summer,7,0.429,3.17,105.0,-0.0,55.0,105.0
NoName,BISONS ECLUB,LES,Jungle,EMEA Masters Summer,6,0.333,2.76,94.0,-5.0,55.0,89.0
Patch,NASR eSports Turkey,TCL,Support,EMEA Masters Summer,6,0.333,2.32,81.0,0.0,55.0,81.0
Stefan,Nativz,NLC,Jungle,EMEA Masters Summer,7,0.429,4.93,72.0,4.0,55.0,76.0
Avra,GTZ Esports,LPLOL,ADC,EMEA Masters Summer,17,0.588,3.54,53.0,12.0,55.0,65.0
Scorth,NASR eSports Turkey,TCL,ADC,EMEA Masters Summer,6,0.333,4.13,54.0,0.0,55.0,54.0
Typhoon,NASR eSports Turkey,TCL,Jungle,EMEA Masters Summer,6,0.333,4.31,48.0,0.0,55.0,48.0
fabFabulous,NASR eSports Turkey,TCL,Top,EMEA Masters Summer,6,0.333,2.44,46.0,0.0,55.0,46.0
Banderas,WLGaming Esports,GLL,Top,EMEA Masters Summer,9,0.444,3.31,26.0,-1.0,55.0,25.0
Empyros,DSYRE,PGN,Top,EMEA Masters Summer,16,0.5,2.37,12.0,1.0,55.0,13.0
Robocop,Entropiq,HM,Top,EMEA Masters Summer,8,0.5,4.36,13.0,-1.0,55.0,12.0
Rhilech,DSYRE,PGN,Jungle,EMEA Masters Summer,16,0.5,3.21,8.0,1.0,55.0,9.0
Nash,DSYRE,PGN,Support,EMEA Masters Summer,16,0.5,2.86,3.0,1.0,55.0,4.0
Legolas,BISONS ECLUB,LES,ADC,EMEA Masters Summer,6,0.333,2.2,7.0,-5.0,55.0,2.0
Aetinoth,DSYRE,PGN,ADC,EMEA Masters Summer,16,0.5,3.36,1.0,1.0,55.0,2.0
XoNix,DSYRE,PGN,Mid,EMEA Masters Summer,16,0.5,2.77,-7.0,1.0,55.0,-6.0
Juzu,Anubis Gaming,AL,Top,EMEA Masters Summer,9,0.444,2.8,-3.0,-5.0,55.0,-8.0
DenVoksne,Karmine Corp,NLC,ADC,EMEA Masters Summer,7,0.429,3.15,-13.0,4.0,55.0,-9.0
Roison,Anonymo Esports,UL,Mid,EMEA Masters Summer,6,0.167,3.1,-11.0,-3.0,55.0,-14.0
Eyliph,Anorthosis Famagusta Esports,GLL,Top,EMEA Masters Summer,14,0.429,2.07,-17.0,2.0,55.0,-15.0
Random,Rebels Gaming,LES,Mid,EMEA Masters Summer,6,0.333,1.7,-15.0,-5.0,55.0,-20.0
Jackies,Entropiq,HM,Mid,EMEA Masters Summer,8,0.5,4.0,-20.0,-1.0,55.0,-21.0
Vladi,Nativz,NLC,Mid,EMEA Masters Summer,7,0.429,3.18,-29.0,4.0,55.0,-25.0
SPOOKY,Anorthosis Famagusta Esports,GLL,Jungle,EMEA Masters Summer,14,0.429,3.74,-36.0,2.0,55.0,-34.0
Oscure,BISONS ECLUB,LES,Support,EMEA Masters Summer,6,0.333,3.26,-34.0,-5.0,55.0,-39.0
GOLDENTO4ST,Anorthosis Famagusta Esports,GLL,ADC,EMEA Masters Summer,14,0.429,4.5,-44.0,2.0,55.0,-42.0
Heroic,GTZ Esports,LPLOL,Mid,EMEA Masters Summer,17,0.588,3.03,-63.0,12.0,55.0,-51.0
CaD,Unicorns of Love Sexy Edition,PRM,Jungle,EMEA Masters Summer,6,0.5,2.58,-52.0,-1.0,55.0,-53.0
HAWHAW,Anorthosis Famagusta Esports,GLL,Mid,EMEA Masters Summer,14,0.429,3.59,-57.0,2.0,55.0,-55.0
Zicssi,Entropiq,HM,Jungle,EMEA Masters Summer,8,0.5,3.82,-56.0,-1.0,55.0,-57.0
Kaori,FUT Esports,TCL,ADC,EMEA Masters Summer,9,0.778,7.17,-63.0,1.0,55.0,-62.0
Khantos,Entropiq,HM,ADC,EMEA Masters Summer,8,0.5,3.93,-63.0,-1.0,55.0,-64.0
iLEVI,Anorthosis Famagusta Esports,GLL,Support,EMEA Masters Summer,14,0.429,3.16,-73.0,2.0,55.0,-71.0
Matixx,AliorBank Team,UL,Top,EMEA Masters Summer,6,0.0,0.45,-70.0,-6.0,55.0,-76.0
Woolite,WLGaming Esports,GLL,ADC,EMEA Masters Summer,9,0.444,3.35,-77.0,-1.0,55.0,-78.0
denyk,Entropiq,HM,Support,EMEA Masters Summer,8,0.5,3.33,-81.0,-1.0,55.0,-82.0
Twiizt,Nativz,NLC,Support,EMEA Masters Summer,7,0.429,3.58,-99.0,4.0,55.0,-95.0
Neramin,Anonymo Esports,UL,ADC,EMEA Masters Summer,6,0.167,2.43,-93.0,-3.0,55.0,-96.0
Time,GTZ Esports,LPLOL,Jungle,EMEA Masters Summer,17,0.588,4.0,-113.0,12.0,55.0,-101.0
Mikkel,Meow Gaming Club,ESLOL,Mid,EMEA Masters Summer,6,0.167,2.19,-104.0,2.0,55.0,-102.0
pr1me,Anonymo Esports,UL,Top,EMEA Masters Summer,6,0.167,1.32,-101.0,-3.0,55.0,-104.0
Czypsy,Anonymo Esports,UL,Support,EMEA Masters Summer,6,0.167,1.91,-102.0,-3.0,55.0,-105.0
Boda,Nigma Galaxy,AL,Top,EMEA Masters Summer,7,0.429,2.0,-113.0,-0.0,55.0,-113.0
Pabu,Nigma Galaxy,AL,Jungle,EMEA Masters Summer,7,0.429,5.08,-113.0,-0.0,55.0,-113.0
Shikari,HEET,NLC,Top,EMEA Masters Summer,7,0.429,2.85,-118.0,4.0,55.0,-114.0
Julbu,Team 7AM,ESLOL,Jungle,EMEA Masters Summer,6,0.333,2.33,-117.0,-2.0,55.0,-119.0
Savero,Anonymo Esports,UL,Jungle,EMEA Masters Summer,6,0.167,1.63,-119.0,-3.0,55.0,-122.0
Zhergoth,Meow Gaming Club,ESLOL,Top,EMEA Masters Summer,6,0.333,1.53,-122.0,-2.0,55.0,-124.0
san1,Anubis Gaming,AL,ADC,EMEA Masters Summer,9,0.444,2.58,-119.0,-5.0,55.0,-124.0
Kackos,NORD Esports,NLC,Top,EMEA Masters Summer,7,0.429,2.8,-125.0,-5.0,55.0,-130.0
Kektz,Diamant Esports,EBL,Top,EMEA Masters Summer,7,0.429,2.48,-139.0,3.0,55.0,-136.0
Bruness,WLGaming Esports,GLL,Jungle,EMEA Masters Summer,9,0.444,3.58,-146.0,-1.0,55.0,-147.0
CPM,GTZ Esports,LPLOL,Top,EMEA Masters Summer,17,0.588,3.66,-160.0,12.0,55.0,-148.0
svns,AliorBank Team,UL,ADC,EMEA Masters Summer,6,0.0,0.68,-143.0,-6.0,55.0,-149.0
Sn1lle,Partizan Esports,EBL,Jungle,EMEA Masters Summer,6,0.333,2.78,-151.0,-1.0,55.0,-152.0
Cl0x,Partizan Esports,EBL,Support,EMEA Masters Summer,6,0.333,3.73,-152.0,-1.0,55.0,-153.0
Shy Carry,Diamant Esports,EBL,ADC,EMEA Masters Summer,7,0.429,4.21,-157.0,3.0,55.0,-154.0
KINGPIN,Meow Gaming Club,ESLOL,Support,EMEA Masters Summer,6,0.333,1.56,-156.0,-2.0,55.0,-158.0
Wojtus,Diamant Esports,EBL,Support,EMEA Masters Summer,7,0.429,2.39,-168.0,3.0,55.0,-165.0
Bananitoo,WLGaming Esports,GLL,Support,EMEA Masters Summer,9,0.444,2.91,-167.0,-1.0,55.0,-168.0
Nightmares,HEET,LPLOL,Support,EMEA Masters Summer,17,0.588,4.81,-183.0,12.0,55.0,-171.0
Rust,Nigma Galaxy,AL,ADC,EMEA Masters Summer,7,0.429,2.85,-173.0,-0.0,55.0,-173.0
Rylle,Partizan Esports,EBL,Mid,EMEA Masters Summer,6,0.333,3.57,-177.0,-1.0,55.0,-178.0
Indecision,NORD Esports,NLC,Jungle,EMEA Masters Summer,7,0.429,1.68,-174.0,-5.0,55.0,-179.0
ESCIK,WLGaming Esports,GLL,Mid,EMEA Masters Summer,9,0.444,3.19,-180.0,-1.0,55.0,-181.0
Orion,Meow Gaming Club,ESLOL,ADC,EMEA Masters Summer,6,0.167,3.71,-184.0,2.0,55.0,-182.0
Diva,Diamant Esports,EBL,Mid,EMEA Masters Summer,7,0.429,3.26,-188.0,3.0,55.0,-185.0
Lunddorf,Partizan Esports,EBL,Top,EMEA Masters Summer,6,0.333,2.21,-193.0,-1.0,55.0,-194.0
Mishal,Anubis Gaming,AL,Support,EMEA Masters Summer,9,0.444,3.19,-192.0,-5.0,55.0,-197.0
minemaciek,AliorBank Team,UL,Support,EMEA Masters Summer,6,0.0,0.53,-195.0,-6.0,55.0,-201.0
Klownz,Nigma Galaxy,AL,Support,EMEA Masters Summer,7,0.429,2.54,-202.0,-0.0,55.0,-202.0
adi1,AliorBank Team,UL,Jungle,EMEA Masters Summer,6,0.0,0.81,-196.0,-6.0,55.0,-202.0
Mafro,Diamant Esports,EBL,Jungle,EMEA Masters Summer,7,0.429,3.6,-210.0,3.0,55.0,-207.0
Erolle,Team 7AM,ESLOL,Mid,EMEA Masters Summer,6,0.333,1.71,-228.0,-2.0,55.0,-230.0
OMON,NORD Esports,NLC,Mid,EMEA Masters Summer,7,0.429,2.88,-227.0,-5.0,55.0,-232.0
Seneca,Ramboot Club,NLC,Support,EMEA Masters Summer,7,0.429,3.39,-230.0,-5.0,55.0,-235.0
Peto,BRUTE,HM,Support,EMEA Masters Summer,6,0.0,1.46,-236.0,-4.0,55.0,-240.0
Worst,White Dragons,LPLOL,ADC,EMEA Masters Summer,6,0.0,1.44,-260.0,-6.0,55.0,-266.0
Hid0,NORD Esports,NLC,ADC,EMEA Masters Summer,7,0.429,4.0,-263.0,-5.0,55.0,-268.0
Cipher,Anubis Gaming,AL,Mid,EMEA Masters Summer,9,0.444,2.18,-267.0,-5.0,55.0,-272.0
Robba,Meow Gaming Club,ESLOL,Top,EMEA Masters Summer,6,0.167,1.42,-283.0,2.0,55.0,-281.0
Silk,BRUTE,HM,Mid,EMEA Masters Summer,6,0.0,1.5,-292.0,-4.0,55.0,-296.0
Guertas,Meow Gaming Club,ESLOL,Jungle,EMEA Masters Summer,6,0.167,2.74,-309.0,2.0,55.0,-307.0
D4SH,White Dragons,LPLOL,Jungle,EMEA Masters Summer,6,0.0,0.86,-335.0,-6.0,55.0,-341.0
raining,BRUTE,HM,ADC,EMEA Masters Summer,6,0.0,1.0,-368.0,-4.0,55.0,-372.0
many,AliorBank Team,UL,Mid,EMEA Masters Summer,6,0.0,0.7,-367.0,-6.0,55.0,-373.0
Calmsky,For The Win Esports,LPLOL,Support,EMEA Masters Summer,3,0.0,1.27,-375.0,-2.0,55.0,-377.0
Robertoos,KRC Genk Esports,ESLOL,Support,EMEA Masters Summer,6,0.167,2.89,-405.0,2.0,55.0,-403.0
Caucha,GTZ Esports,LPLOL,Top,EMEA Masters Summer,6,0.0,0.67,-398.0,-6.0,55.0,-404.0
eaRyz,BRUTE,HM,Jungle,EMEA Masters Summer,6,0.0,0.97,-422.0,-4.0,55.0,-426.0
FlickeR,Team 7AM,ESLOL,ADC,EMEA Masters Summer,5,0.2,2.0,-440.0,-3.0,55.0,-443.0
NOMA,For The Win Esports,LPLOL,Mid,EMEA Masters Summer,6,0.0,0.64,-445.0,-6.0,55.0,-451.0
Ryuto,Vlaams Erfgoed,HM,Top,EMEA Masters Summer,6,0.0,0.79,-454.0,-4.0,55.0,-458.0
Yakkey,Partizan Esports,EBL,ADC,EMEA Masters Summer,6,0.333,4.08,-493.0,-1.0,55.0,-494.0
Redfernal,White Dragons,LPLOL,Support,EMEA Masters Summer,3,0.0,0.57,-556.0,-3.0,55.0,-559.0
Ice,Zero Tenacity,UL,ADC,EPL,24,0.75,8.09,260.0,9.0,55.0,269.0
SlowQ,Zero Tenacity,UL,Mid,EPL,24,0.75,4.0,79.0,9.0,55.0,88.0
Banderas,WLGaming Esports,GLL,Top,EPL,28,0.571,1.9,26.0,-0.0,54.0,26.0
Robocop,Entropiq,HM,Top,EPL,23,0.609,2.8,13.0,2.0,55.0,15.0
Ryuzaki,Zero Tenacity,UL,Jungle,EPL,24,0.75,7.21,-19.0,9.0,55.0,-10.0
Jackies,Entropiq,HM,Mid,EPL,23,0.609,3.19,-20.0,2.0,55.0,-18.0
Eyliph,Anorthosis Famagusta Esports,GLL,Top,EPL,22,0.5,2.07,-17.0,-6.0,55.0,-23.0
sanghyeon,Zero Tenacity,UL,Support,EPL,24,0.75,5.46,-51.0,9.0,55.0,-42.0
SPOOKY,Anorthosis Famagusta Esports,GLL,Jungle,EPL,24,0.458,3.44,-36.0,-9.0,55.0,-45.0
GOLDENTO4ST,Anorthosis Famagusta Esports,GLL,ADC,EPL,24,0.458,3.56,-44.0,-9.0,55.0,-53.0
Zicssi,Entropiq,HM,Jungle,EPL,23,0.609,3.05,-56.0,2.0,55.0,-54.0
Color,Zero Tenacity,UL,Top,EPL,24,0.75,3.52,-64.0,9.0,55.0,-55.0
Khantos,Entropiq,HM,ADC,EPL,23,0.609,4.17,-63.0,2.0,55.0,-61.0
HAWHAW,Anorthosis Famagusta Esports,GLL,Mid,EPL,24,0.458,2.81,-57.0,-9.0,55.0,-66.0
Matixx,AliorBank Team,UL,Top,EPL,17,0.471,3.31,-70.0,2.0,55.0,-68.0
Woolite,WLGaming Esports,GLL,ADC,EPL,28,0.571,2.98,-77.0,-0.0,54.0,-77.0
denyk,Entropiq,HM,Support,EPL,23,0.609,3.88,-81.0,2.0,55.0,-79.0
iLEVI,Anorthosis Famagusta Esports,GLL,Support,EPL,24,0.458,2.87,-73.0,-9.0,55.0,-82.0
Kektz,Diamant Esports,EBL,Top,EPL,18,0.444,2.8,-139.0,6.0,55.0,-133.0
svns,AliorBank Team,UL,ADC,EPL,17,0.471,3.61,-143.0,2.0,55.0,-141.0
Bruness,WLGaming Esports,GLL,Jungle,EPL,28,0.571,2.92,-146.0,-0.0,54.0,-146.0
Shy Carry,Diamant Esports,EBL,ADC,EPL,18,0.444,2.7,-157.0,6.0,55.0,-151.0
many,AliorBank Team,UL,Mid,EPL,17,0.471,2.62,-159.0,2.0,55.0,-157.0
Wojtus,Diamant Esports,EBL,Support,EPL,18,0.444,3.33,-168.0,6.0,55.0,-162.0
Bananitoo,WLGaming Esports,GLL,Support,EPL,28,0.571,3.4,-167.0,-0.0,54.0,-167.0
ESCIK,WLGaming Esports,GLL,Mid,EPL,28,0.571,3.12,-180.0,-0.0,54.0,-180.0
Diva,Diamant Esports,EBL,Mid,EPL,18,0.444,2.57,-188.0,6.0,55.0,-182.0
minemaciek,AliorBank Team,UL,Support,EPL,17,0.471,4.6,-195.0,2.0,55.0,-193.0
adi1,AliorBank Team,UL,Jungle,EPL,17,0.471,2.67,-196.0,2.0,55.0,-194.0
Mafro,Diamant Esports,EBL,Jungle,EPL,18,0.444,2.53,-210.0,6.0,55.0,-204.0
Adiss,SINNERS Esports,HM,Top,EPL,22,0.409,2.42,-224.0,3.0,55.0,-221.0
Strode,SINNERS Esports,HM,ADC,EPL,22,0.409,3.51,-227.0,3.0,55.0,-224.0
Rufus,SINNERS Esports,HM,Support,EPL,22,0.409,3.7,-262.0,3.0,55.0,-259.0
Speedy,SINNERS Esports,HM,Jungle,EPL,22,0.409,2.96,-274.0,3.0,55.0,-271.0
Tasteless,Cyber Wolves,EBL,Support,EPL,16,0.125,2.29,-264.0,-11.0,55.0,-275.0
ordno,SINNERS Esports,HM,Mid,EPL,22,0.409,2.35,-280.0,3.0,55.0,-277.0
Peppe,Cyber Wolves,EBL,Mid,EPL,16,0.125,1.75,-279.0,-11.0,55.0,-290.0
Vaynedeta,Cyber Wolves,EBL,ADC,EPL,16,0.125,1.86,-279.0,-11.0,55.0,-290.0
klowny,Cyber Wolves,EBL,Top,EPL,16,0.125,1.32,-323.0,-11.0,55.0,-334.0
Velja,Cyber Wolves,EBL,Jungle,EPL,16,0.125,1.79,-349.0,-11.0,55.0,-360.0
Anonymouss,Myth Esports,ESLOL,Jungle,ESLOL BLX Masters · playoffs,18,0.889,5.83,182.0,9.0,55.0,191.0
Mikkel,Meow Gaming Club,ESLOL,Mid,ESLOL BLX Masters · playoffs,19,0.79,5.47,-104.0,7.0,55.0,-97.0
Zhergoth,Meow Gaming Club,ESLOL,Top,ESLOL BLX Masters · playoffs,22,0.773,3.61,-122.0,6.0,55.0,-116.0
Shikari,HEET,NLC,Top,ESLOL BLX Masters · playoffs,4,0.25,2.18,-118.0,0.0,55.0,-118.0
KINGPIN,Meow Gaming Club,ESLOL,Support,ESLOL BLX Masters · playoffs,22,0.773,3.82,-156.0,6.0,55.0,-150.0
DuaLL,Myth Esports,ESLOL,Support,ESLOL BLX Masters · playoffs,19,0.842,4.98,-181.0,6.0,55.0,-175.0
Orion,Meow Gaming Club,ESLOL,ADC,ESLOL BLX Masters · playoffs,22,0.773,5.19,-184.0,6.0,55.0,-178.0
Nightmares,HEET,LPLOL,Support,ESLOL BLX Masters · playoffs,4,0.25,3.5,-183.0,0.0,55.0,-183.0
pump,Myth Esports,ESLOL,Mid,ESLOL BLX Masters · playoffs,19,0.842,4.55,-203.0,6.0,55.0,-197.0
kehvo,Myth Esports,ESLOL,ADC,ESLOL BLX Masters · playoffs,19,0.842,5.4,-208.0,6.0,55.0,-202.0
Nazrat,mCon esports,ESLOL,Mid,ESLOL BLX Masters · playoffs,12,0.667,5.53,-262.0,6.0,55.0,-256.0
Petoska,A One Man Army,AL,Top,ESLOL BLX Masters · playoffs,8,0.5,2.0,-272.0,3.0,55.0,-269.0
Ilgar,Rift Sloths,ESLOL,Jungle,ESLOL BLX Masters · playoffs,10,0.5,4.21,-281.0,4.0,55.0,-277.0
Touch,A One Man Army,NLC,Support,ESLOL BLX Masters · playoffs,8,0.5,4.0,-282.0,3.0,55.0,-279.0
Robba,Meow Gaming Club,ESLOL,Top,ESLOL BLX Masters · playoffs,19,0.737,4.87,-283.0,2.0,55.0,-281.0
ManoloGap,mCon esports,ESLOL,Top,ESLOL BLX Masters · playoffs,12,0.667,3.73,-302.0,6.0,55.0,-296.0
Rayzorac,Team sucrée au sucre,ESLOL,Top,ESLOL BLX Masters · playoffs,10,0.6,3.72,-301.0,2.0,55.0,-299.0
Guertas,Meow Gaming Club,ESLOL,Jungle,ESLOL BLX Masters · playoffs,3,1.0,6.2,-309.0,4.0,55.0,-305.0
Nikolex,mCon esports,ESLOL,Jungle,ESLOL BLX Masters · playoffs,12,0.667,3.91,-327.0,6.0,55.0,-321.0
Leks,Rift Sloths,ESLOL,Top,ESLOL BLX Masters · playoffs,10,0.5,3.09,-343.0,4.0,55.0,-339.0
Imaginer,Rift Sloths,ESLOL,Mid,ESLOL BLX Masters · playoffs,10,0.5,3.68,-363.0,4.0,55.0,-359.0
Xëmon,Team sucrée au sucre,ESLOL,ADC,ESLOL BLX Masters · playoffs,10,0.6,3.92,-363.0,2.0,55.0,-361.0
CrabLord,Dynasty,ESLOL,Support,ESLOL BLX Masters · playoffs,8,0.375,3.58,-363.0,-6.0,55.0,-369.0
Marty,A One Man Army,ESLOL,Mid,ESLOL BLX Masters · playoffs,8,0.5,5.39,-374.0,3.0,55.0,-371.0
Bcan,Rift Sloths,ESLOL,Mid,ESLOL BLX Masters · playoffs,10,0.5,3.67,-383.0,4.0,55.0,-379.0
Lykki,Team sucrée au sucre,ESLOL,Jungle,ESLOL BLX Masters · playoffs,10,0.6,3.81,-385.0,2.0,55.0,-383.0
basuban,Fullclear Esports,ESLOL,Top,ESLOL BLX Masters · playoffs,14,0.5,2.26,-391.0,3.0,55.0,-388.0
Dimeh,ZennIT,ESLOL,ADC,ESLOL BLX Masters · playoffs,7,0.571,3.56,-392.0,3.0,55.0,-389.0
Saxuralle,La Menace Francophone,ESLOL,ADC,ESLOL BLX Masters · playoffs,12,0.5,4.29,-396.0,-1.0,55.0,-397.0
Burn,MonKings,ESLOL,Jungle,ESLOL BLX Masters · playoffs,12,0.75,5.33,-405.0,-2.0,55.0,-407.0
Subbex,A One Man Army,ESLOL,ADC,ESLOL BLX Masters · playoffs,8,0.5,3.62,-411.0,3.0,55.0,-408.0
Hummelu,Dynasty,ESLOL,Jungle,ESLOL BLX Masters · playoffs,8,0.375,2.07,-405.0,-6.0,55.0,-411.0
Diouz,MonKings,ESLOL,Support,ESLOL BLX Masters · playoffs,12,0.75,6.62,-410.0,-2.0,55.0,-412.0
Joekie,HEET,ESLOL,Jungle,ESLOL BLX Masters · playoffs,4,0.25,2.62,-414.0,0.0,55.0,-414.0
Franky,Dynasty,ESLOL,Mid,ESLOL BLX Masters · playoffs,8,0.375,2.96,-409.0,-6.0,55.0,-415.0
KOEN Glinomes,Vlaams Erfgoed,ESLOL,Support,ESLOL BLX Masters · playoffs,11,0.636,2.59,-422.0,3.0,55.0,-419.0
ApowSama,MonKings,ESLOL,Top,ESLOL BLX Masters · playoffs,12,0.75,4.92,-419.0,-2.0,55.0,-421.0
Sevensen,MonKings,ESLOL,ADC,ESLOL BLX Masters · playoffs,12,0.75,4.83,-421.0,-2.0,55.0,-423.0
DarkUniQ,Dynasty,ESLOL,ADC,ESLOL BLX Masters · playoffs,8,0.375,2.52,-417.0,-6.0,55.0,-423.0
Kyu,La Menace Francophone,ESLOL,Support,ESLOL BLX Masters · playoffs,12,0.5,4.14,-426.0,-1.0,55.0,-427.0
Wind1,Myth Esports,ESLOL,Top,ESLOL BLX Masters · playoffs,19,0.842,3.06,-436.0,6.0,55.0,-430.0
Hasagi,Dynasty,ESLOL,Top,ESLOL BLX Masters · playoffs,8,0.375,2.45,-426.0,-6.0,55.0,-432.0
Whip,ZennIT,ESLOL,Top,ESLOL BLX Masters · playoffs,7,0.571,1.71,-435.0,3.0,55.0,-432.0
Kolac,NXT,ESLOL,Support,ESLOL BLX Masters · playoffs,15,0.533,3.71,-435.0,2.0,55.0,-433.0
Jormag,RQS Esports,ESLOL,Jungle,ESLOL BLX Masters · playoffs,11,0.636,4.07,-437.0,2.0,55.0,-435.0
BaoLonG,NXT,ESLOL,Mid,ESLOL BLX Masters · playoffs,15,0.533,3.48,-441.0,2.0,55.0,-439.0
Zilax,RQS Esports,ESLOL,Mid,ESLOL BLX Masters · playoffs,11,0.636,3.19,-450.0,2.0,55.0,-448.0
Ferrari,NXT,ESLOL,Jungle,ESLOL BLX Masters · playoffs,15,0.533,4.21,-451.0,2.0,55.0,-449.0
Flawed,A One Man Army,ESLOL,Jungle,ESLOL BLX Masters · playoffs,8,0.5,3.85,-453.0,3.0,55.0,-450.0
Calumma,La Menace Francophone,ESLOL,Jungle,ESLOL BLX Masters · playoffs,12,0.5,3.47,-455.0,-1.0,55.0,-456.0
Reus,La Menace Francophone,ESLOL,Mid,ESLOL BLX Masters · playoffs,12,0.5,3.02,-456.0,-1.0,55.0,-457.0
Ryuto,Vlaams Erfgoed,HM,Top,ESLOL BLX Masters · playoffs,5,0.2,2.0,-454.0,-3.0,55.0,-457.0
Slyv3r,mCon esports,ESLOL,ADC,ESLOL BLX Masters · playoffs,12,0.667,3.51,-468.0,6.0,55.0,-462.0
Dyemon,Once Upon A Team,ESLOL,Top,ESLOL BLX Masters · playoffs,10,0.3,2.14,-463.0,-2.0,55.0,-465.0
Sm0oZi,Once Upon A Team,ESLOL,ADC,ESLOL BLX Masters · playoffs,10,0.3,4.4,-478.0,-2.0,55.0,-480.0
Axo,Jörmungang,ESLOL,Top,ESLOL BLX Masters · playoffs,10,0.4,1.86,-484.0,1.0,55.0,-483.0
KOEN Bozz,Vlaams Erfgoed,ESLOL,Top,ESLOL BLX Masters · playoffs,11,0.636,1.51,-490.0,3.0,55.0,-487.0
Baul,RQS Esports,ESLOL,Support,ESLOL BLX Masters · playoffs,11,0.636,3.12,-489.0,2.0,55.0,-487.0
Taxvig,Fullclear Esports,ESLOL,Jungle,ESLOL BLX Masters · playoffs,14,0.5,2.91,-491.0,3.0,55.0,-488.0
Druust,Jörmungang,ESLOL,Mid,ESLOL BLX Masters · playoffs,10,0.4,2.45,-493.0,1.0,55.0,-492.0
Tiger,NXT,ESLOL,Top,ESLOL BLX Masters · playoffs,15,0.533,2.9,-494.0,2.0,55.0,-492.0
Xeltop,ZennIT,ESLOL,Mid,ESLOL BLX Masters · playoffs,7,0.571,3.61,-514.0,3.0,55.0,-511.0
Leolas,Pertinax Esports,ESLOL,Support,ESLOL BLX Masters · playoffs,7,0.571,3.48,-515.0,2.0,55.0,-513.0
Criptik,Senshi eSports,ESLOL,ADC,ESLOL BLX Masters · playoffs,10,0.3,3.05,-514.0,-2.0,55.0,-516.0
Electro,Senshi eSports,ESLOL,Top,ESLOL BLX Masters · playoffs,10,0.3,2.72,-514.0,-2.0,55.0,-516.0
Water,Team sucrée au sucre,ESLOL,Mid,ESLOL BLX Masters · playoffs,9,0.556,3.7,-519.0,1.0,55.0,-518.0
Kolios,Once Upon A Team,ESLOL,Support,ESLOL BLX Masters · playoffs,10,0.3,3.0,-520.0,-2.0,55.0,-522.0
jjs156,Pertinax Esports,ESLOL,Top,ESLOL BLX Masters · playoffs,7,0.571,2.07,-525.0,2.0,55.0,-523.0
Lapis,Senshi eSports,ESLOL,Jungle,ESLOL BLX Masters · playoffs,10,0.3,2.33,-521.0,-2.0,55.0,-523.0
Quavõ,Senshi eSports,ESLOL,Support,ESLOL BLX Masters · playoffs,10,0.3,3.24,-524.0,-2.0,55.0,-526.0
MrHB,Pertinax Esports,ESLOL,ADC,ESLOL BLX Masters · playoffs,7,0.571,5.73,-534.0,2.0,55.0,-532.0
Neyko,Once Upon A Team,ESLOL,Jungle,ESLOL BLX Masters · playoffs,10,0.3,3.44,-540.0,-2.0,55.0,-542.0
Ovale,Jörmungang,ESLOL,Jungle,ESLOL BLX Masters · playoffs,10,0.4,2.53,-544.0,1.0,55.0,-543.0
Alpha Bravo,MonKings,ESLOL,Mid,ESLOL BLX Masters · playoffs,12,0.75,2.52,-544.0,-2.0,55.0,-546.0
Dusseldrop,RQS Esports,ESLOL,Top,ESLOL BLX Masters · playoffs,11,0.636,4.39,-551.0,2.0,55.0,-549.0
Mehere,Fullclear Esports,ESLOL,Mid,ESLOL BLX Masters · playoffs,14,0.5,2.48,-561.0,3.0,55.0,-558.0
Grindyzer,Team sucrée au sucre,ESLOL,Support,ESLOL BLX Masters · playoffs,2,0.0,1.18,-563.0,-4.0,55.0,-567.0
Moon Prince,Senshi eSports,ESLOL,Mid,ESLOL BLX Masters · playoffs,10,0.3,2.46,-565.0,-2.0,55.0,-567.0
Stoofvlees,Vlaams Erfgoed,ESLOL,ADC,ESLOL BLX Masters · playoffs,16,0.5,2.97,-571.0,-0.0,55.0,-571.0
Dan,Jörmungang,ESLOL,ADC,ESLOL BLX Masters · playoffs,10,0.4,2.0,-575.0,1.0,55.0,-574.0
Hatred,Myth Esports,EBL,Jungle,ESLOL BLX Masters · playoffs,1,0.0,1.0,-575.0,-4.0,55.0,-579.0
Koenraad II,Vlaams Erfgoed,ESLOL,Mid,ESLOL BLX Masters · playoffs,16,0.5,3.4,-584.0,-0.0,55.0,-584.0
Space,RQS Esports,ESLOL,ADC,ESLOL BLX Masters · playoffs,11,0.636,3.16,-598.0,2.0,55.0,-596.0
Tchokez,Rift Sloths,ESLOL,Support,ESLOL BLX Masters · playoffs,10,0.5,3.32,-607.0,4.0,55.0,-603.0
Mahonix,mCon esports,ESLOL,Support,ESLOL BLX Masters · playoffs,12,0.667,4.17,-612.0,6.0,55.0,-606.0
v1SaG3,Team 7AM,EBL,Top,ESLOL BLX Masters · playoffs,3,0.0,0.64,-610.0,-1.0,55.0,-611.0
Nomad,Fullclear Esports,ESLOL,ADC,ESLOL BLX Masters · playoffs,14,0.5,2.16,-631.0,3.0,55.0,-628.0
KOEN b3b3,Vlaams Erfgoed,ESLOL,Jungle,ESLOL BLX Masters · playoffs,16,0.5,3.05,-631.0,-0.0,55.0,-631.0
SkyOwnage,Fullclear Esports,ESLOL,Support,ESLOL BLX Masters · playoffs,14,0.5,1.88,-641.0,3.0,55.0,-638.0
Merlin,24/7 Tower Dive,ESLOL,Mid,ESLOL BLX Masters · playoffs,4,0.25,1.61,-645.0,-1.0,55.0,-646.0
Aisu,Once Upon A Team,ESLOL,Mid,ESLOL BLX Masters · playoffs,10,0.3,3.1,-652.0,-2.0,55.0,-654.0
Crisma,Team 7AM,EBL,Support,ESLOL BLX Masters · playoffs,3,0.0,1.24,-707.0,-1.0,55.0,-708.0
GeeGee,NXT,ESLOL,ADC,ESLOL BLX Masters · playoffs,6,0.667,6.31,-717.0,3.0,55.0,-714.0
jbdutchowns,Attempted Murder,ESLOL,Mid,ESLOL BLX Masters · playoffs,7,0.286,1.73,-725.0,-4.0,55.0,-729.0
puppynamer,Mind Blue eSports,ESLOL,Mid,ESLOL BLX Masters · playoffs,11,0.091,1.79,-728.0,-2.0,55.0,-730.0
VROUM BUS DRIVER,Mind Blue eSports,ESLOL,Top,ESLOL BLX Masters · playoffs,11,0.091,1.45,-731.0,-2.0,55.0,-733.0
Toto,Mind Blue eSports,ESLOL,Support,ESLOL BLX Masters · playoffs,11,0.091,1.39,-738.0,-2.0,55.0,-740.0
Eska,Mind Blue eSports,ESLOL,ADC,ESLOL BLX Masters · playoffs,11,0.091,1.09,-800.0,-2.0,55.0,-802.0
Zhergoth,Meow Gaming Club,ESLOL,Top,ESLOL Spring · playoffs,8,0.375,1.79,-122.0,-2.0,55.0,-124.0
KINGPIN,Meow Gaming Club,ESLOL,Support,ESLOL Spring · playoffs,12,0.667,3.62,-156.0,4.0,55.0,-152.0
Orion,Meow Gaming Club,ESLOL,ADC,ESLOL Spring · playoffs,12,0.667,5.45,-184.0,4.0,55.0,-180.0
Nightmares,HEET,LPLOL,Support,ESLOL Spring · playoffs,8,0.5,7.67,-183.0,3.0,55.0,-180.0
costy,MS Company,NL,ADC,ESLOL Spring · playoffs,8,0.375,2.19,-193.0,-2.0,55.0,-195.0
Robba,Meow Gaming Club,ESLOL,Top,ESLOL Spring · playoffs,12,0.667,4.0,-283.0,4.0,55.0,-279.0
Guertas,Meow Gaming Club,ESLOL,Jungle,ESLOL Spring · playoffs,12,0.667,4.41,-309.0,4.0,55.0,-305.0
WeiZoR,aNc Outplayed,PGN,Top,ESLOL Spring · playoffs,8,0.5,2.93,-359.0,3.0,55.0,-356.0
Toni,The Agency,ESLOL,Jungle,ESLOL Spring · playoffs,8,0.5,4.68,-370.0,3.0,55.0,-367.0
Quicktimer,Team 7AM,ESLOL,Support,ESLOL Spring · playoffs,8,0.375,3.85,-404.0,-2.0,55.0,-406.0
Subbex,A One Man Army,ESLOL,ADC,ESLOL Spring · playoffs,4,0.25,1.54,-411.0,-4.0,55.0,-415.0
Lelouch,The Agency,ESLOL,ADC,ESLOL Spring · playoffs,8,0.5,6.0,-427.0,3.0,55.0,-424.0
Noodle,Crvena zvezda Esports,ESLOL,Jungle,ESLOL Spring · playoffs,8,0.375,2.09,-423.0,-2.0,55.0,-425.0
CR0WN,The Agency,ESLOL,Mid,ESLOL Spring · playoffs,8,0.5,3.68,-434.0,3.0,55.0,-431.0
Mikkel,KRC Genk Esports,ESLOL,Mid,ESLOL Spring · playoffs,12,0.667,6.23,-436.0,4.0,55.0,-432.0
Tixn,KRC Genk Esports,ESLOL,Mid,ESLOL Spring · playoffs,4,0.25,1.05,-466.0,-4.0,55.0,-470.0
Stookbeer,A One Man Army,ESLOL,Support,ESLOL Spring · playoffs,4,0.25,1.0,-505.0,-4.0,55.0,-509.0
Lumerion,HEET,ESLOL,Top,ESLOL Spring · playoffs,4,0.25,0.81,-531.0,-4.0,55.0,-535.0
Sahira,Valiance,ESLOL,Mid,ESLOL Spring · playoffs,8,0.375,3.05,-558.0,-2.0,55.0,-560.0
Zhergoth,Meow Gaming Club,ESLOL,Top,ESLOL Spring · saison régulière,14,0.643,3.17,-122.0,5.0,55.0,-117.0
KINGPIN,Meow Gaming Club,ESLOL,Support,ESLOL Spring · saison régulière,14,0.714,3.4,-156.0,-3.0,55.0,-159.0
Nightmares,HEET,LPLOL,Support,ESLOL Spring · saison régulière,14,0.571,6.54,-183.0,-3.0,55.0,-186.0
Orion,Meow Gaming Club,ESLOL,ADC,ESLOL Spring · saison régulière,14,0.714,4.59,-184.0,-3.0,55.0,-187.0
costy,MS Company,NL,ADC,ESLOL Spring · saison régulière,2,1.0,15.5,-193.0,3.0,55.0,-190.0
Robba,Meow Gaming Club,ESLOL,Top,ESLOL Spring · saison régulière,13,0.769,3.62,-283.0,-1.0,55.0,-284.0
Rayzorac,Team sucrée au sucre,ESLOL,Top,ESLOL Spring · saison régulière,6,0.5,3.69,-301.0,0.0,55.0,-301.0
Guertas,Meow Gaming Club,ESLOL,Jungle,ESLOL Spring · saison régulière,14,0.714,6.35,-309.0,-3.0,55.0,-312.0
Pipibaat,Vanir,NLC,Jungle,ESLOL Spring · saison régulière,14,0.5,2.85,-336.0,4.0,55.0,-332.0
L0wzy,Wild Panthers Esports,ESLOL,Jungle,ESLOL Spring · saison régulière,6,0.5,3.73,-349.0,0.0,55.0,-349.0
Monstrob,GTZ Esports,NL,Mid,ESLOL Spring · saison régulière,7,0.286,3.93,-349.0,-3.0,55.0,-352.0
WeiZoR,aNc Outplayed,PGN,Top,ESLOL Spring · saison régulière,14,0.571,2.5,-359.0,-3.0,55.0,-362.0
Toni,The Agency,ESLOL,Jungle,ESLOL Spring · saison régulière,14,0.571,3.5,-370.0,-3.0,55.0,-373.0
Orre,Panathinaikos Esports,GLL,ADC,ESLOL Spring · saison régulière,12,0.583,4.97,-385.0,2.0,55.0,-383.0
Dimeh,ZennIT,ESLOL,ADC,ESLOL Spring · saison régulière,6,0.5,6.43,-392.0,0.0,55.0,-392.0
Quicktimer,Team 7AM,ESLOL,Support,ESLOL Spring · saison régulière,14,0.643,6.47,-404.0,5.0,55.0,-399.0
Subbex,A One Man Army,ESLOL,ADC,ESLOL Spring · saison régulière,14,0.571,5.12,-411.0,5.0,55.0,-406.0
Joekie,HEET,ESLOL,Jungle,ESLOL Spring · saison régulière,4,0.75,4.9,-414.0,4.0,55.0,-410.0
Noodle,Crvena zvezda Esports,ESLOL,Jungle,ESLOL Spring · saison régulière,14,0.643,5.0,-423.0,5.0,55.0,-418.0
Lelouch,The Agency,ESLOL,ADC,ESLOL Spring · saison régulière,14,0.571,4.09,-427.0,-3.0,55.0,-430.0
CR0WN,The Agency,ESLOL,Mid,ESLOL Spring · saison régulière,14,0.571,3.58,-434.0,-3.0,55.0,-437.0
Mikkel,KRC Genk Esports,ESLOL,Mid,ESLOL Spring · saison régulière,14,0.714,4.06,-436.0,-3.0,55.0,-439.0
Tixn,KRC Genk Esports,ESLOL,Mid,ESLOL Spring · saison régulière,10,0.8,4.76,-466.0,12.0,55.0,-454.0
Theoloris,Kaeru Gyuangu,NL,Top,ESLOL Spring · saison régulière,8,0.25,2.04,-450.0,-6.0,55.0,-456.0
Slyv3r,mCon esports,ESLOL,ADC,ESLOL Spring · saison régulière,14,0.5,3.7,-468.0,4.0,55.0,-464.0
eastgoblin,HEET,ESLOL,Support,ESLOL Spring · saison régulière,14,0.5,3.11,-480.0,4.0,55.0,-476.0
Stookbeer,A One Man Army,ESLOL,Support,ESLOL Spring · saison régulière,14,0.571,2.7,-505.0,5.0,55.0,-500.0
Xeltop,ZennIT,ESLOL,Mid,ESLOL Spring · saison régulière,14,0.357,2.59,-514.0,-2.0,55.0,-516.0
Water,Team sucrée au sucre,ESLOL,Mid,ESLOL Spring · saison régulière,7,0.429,3.24,-519.0,-2.0,55.0,-521.0
Lumerion,HEET,ESLOL,Top,ESLOL Spring · saison régulière,14,0.571,2.67,-531.0,5.0,55.0,-526.0
Sahira,Valiance,ESLOL,Mid,ESLOL Spring · saison régulière,14,0.643,4.18,-558.0,5.0,55.0,-553.0
Tamoz,ZennIT,ESLOL,Top,ESLOL Spring · saison régulière,14,0.357,2.38,-567.0,-2.0,55.0,-569.0
Aliplane,Myth Esports,ESLOL,ADC,ESLOL Spring · saison régulière,12,0.333,2.56,-597.0,-1.0,55.0,-598.0
2Trick,Northern Lions Esports,ESLOL,Support,ESLOL Spring · saison régulière,13,0.308,2.02,-608.0,-1.0,55.0,-609.0
Tchokez,Rift Sloths,ESLOL,Support,ESLOL Spring · saison régulière,14,0.357,2.25,-607.0,-6.0,55.0,-613.0
Mahonix,mCon esports,ESLOL,Support,ESLOL Spring · saison régulière,14,0.357,2.44,-612.0,-2.0,55.0,-614.0
Mechanics,Northern Lions Esports,ESLOL,ADC,ESLOL Spring · saison régulière,14,0.286,2.62,-619.0,-1.0,55.0,-620.0
Getsu,ZennIT,ESLOL,Jungle,ESLOL Spring · saison régulière,14,0.357,2.45,-631.0,-2.0,55.0,-633.0
QTKT,Northern Lions Esports,ESLOL,Jungle,ESLOL Spring · saison régulière,14,0.286,2.44,-633.0,-1.0,55.0,-634.0
Mettoe,Northern Lions Esports,ESLOL,Mid,ESLOL Spring · saison régulière,14,0.286,2.93,-669.0,-1.0,55.0,-670.0
Jaguar,Northern Lions Esports,ESLOL,Top,ESLOL Spring · saison régulière,14,0.286,1.46,-683.0,-1.0,55.0,-684.0
MaiYuk,mCon esports,ESLOL,Top,ESLOL Spring · saison régulière,14,0.5,1.84,-710.0,4.0,55.0,-706.0
jbdutchowns,Attempted Murder,ESLOL,Mid,ESLOL Spring · saison régulière,14,0.5,3.67,-725.0,4.0,55.0,-721.0
GeeGee,NXT,ESLOL,ADC,ESLOL Spring · saison régulière,8,0.25,2.22,-717.0,-6.0,55.0,-723.0
Clown,Colors Esport,ESLOL,Jungle,ESLOL Spring · saison régulière,8,0.25,1.35,-732.0,-6.0,55.0,-738.0
Mikkel,Meow Gaming Club,ESLOL,Mid,ESLOL Summer · playoffs,12,0.583,5.27,-104.0,-1.0,55.0,-105.0
Julbu,Team 7AM,ESLOL,Jungle,ESLOL Summer · playoffs,7,0.857,5.27,-117.0,5.0,55.0,-112.0
Zhergoth,Meow Gaming Club,ESLOL,Top,ESLOL Summer · playoffs,7,0.857,3.0,-122.0,5.0,55.0,-117.0
KINGPIN,Meow Gaming Club,ESLOL,Support,ESLOL Summer · playoffs,7,0.857,5.87,-156.0,5.0,55.0,-151.0
Orion,Meow Gaming Club,ESLOL,ADC,ESLOL Summer · playoffs,12,0.583,3.94,-184.0,-1.0,55.0,-185.0
Erolle,Team 7AM,ESLOL,Mid,ESLOL Summer · playoffs,7,0.857,7.27,-228.0,5.0,55.0,-223.0
Robba,Meow Gaming Club,ESLOL,Top,ESLOL Summer · playoffs,12,0.583,2.61,-283.0,-1.0,55.0,-284.0
Guertas,Meow Gaming Club,ESLOL,Jungle,ESLOL Summer · playoffs,12,0.583,3.21,-309.0,-1.0,55.0,-310.0
Marty,A One Man Army,ESLOL,Mid,ESLOL Summer · playoffs,4,0.25,3.71,-374.0,-0.0,55.0,-374.0
Dimeh,ZennIT,ESLOL,ADC,ESLOL Summer · playoffs,7,0.143,2.42,-392.0,-4.0,55.0,-396.0
Robertoos,KRC Genk Esports,ESLOL,Support,ESLOL Summer · playoffs,12,0.583,2.98,-405.0,-1.0,55.0,-406.0
FlickeR,Team 7AM,ESLOL,ADC,ESLOL Summer · playoffs,4,0.75,27.0,-440.0,2.0,55.0,-438.0
Whip,ZennIT,ESLOL,Top,ESLOL Summer · playoffs,7,0.143,1.37,-435.0,-4.0,55.0,-439.0
Flawed,A One Man Army,ESLOL,Jungle,ESLOL Summer · playoffs,4,0.25,2.82,-453.0,-0.0,55.0,-453.0
Makk,A One Man Army,ESLOL,Top,ESLOL Summer · playoffs,4,0.25,1.67,-456.0,-0.0,55.0,-456.0
Bewis,A One Man Army,ESLOL,ADC,ESLOL Summer · playoffs,4,0.25,2.55,-459.0,-0.0,55.0,-459.0
Brad,ZennIT,ESLOL,Jungle,ESLOL Summer · playoffs,7,0.143,1.45,-488.0,-4.0,55.0,-492.0
Stookbeer,A One Man Army,ESLOL,Support,ESLOL Summer · playoffs,4,0.25,1.71,-505.0,-0.0,55.0,-505.0
Water,Team sucrée au sucre,ESLOL,Mid,ESLOL Summer · playoffs,7,0.143,1.58,-519.0,-4.0,55.0,-523.0
Grindyzer,Team sucrée au sucre,ESLOL,Support,ESLOL Summer · playoffs,7,0.143,2.1,-563.0,-4.0,55.0,-567.0
Mikkel,Meow Gaming Club,ESLOL,Mid,ESLOL Summer · saison régulière,6,0.833,7.44,-104.0,4.0,55.0,-100.0
Julbu,Team 7AM,ESLOL,Jungle,ESLOL Summer · saison régulière,14,0.857,4.25,-117.0,1.0,55.0,-116.0
Zhergoth,Meow Gaming Club,ESLOL,Top,ESLOL Summer · saison régulière,14,0.857,3.49,-122.0,1.0,55.0,-121.0
KINGPIN,Meow Gaming Club,ESLOL,Support,ESLOL Summer · saison régulière,14,0.857,9.41,-156.0,1.0,55.0,-155.0
Orion,Meow Gaming Club,ESLOL,ADC,ESLOL Summer · saison régulière,14,0.571,4.46,-184.0,0.0,55.0,-184.0
Erolle,Team 7AM,ESLOL,Mid,ESLOL Summer · saison régulière,14,0.857,8.35,-228.0,1.0,55.0,-227.0
Robba,Meow Gaming Club,ESLOL,Top,ESLOL Summer · saison régulière,14,0.571,2.41,-283.0,0.0,55.0,-283.0
Guertas,Meow Gaming Club,ESLOL,Jungle,ESLOL Summer · saison régulière,14,0.571,5.17,-309.0,0.0,55.0,-309.0
Marty,A One Man Army,ESLOL,Mid,ESLOL Summer · saison régulière,14,0.571,6.56,-374.0,3.0,55.0,-371.0
Lykki,Team sucrée au sucre,ESLOL,Jungle,ESLOL Summer · saison régulière,2,0.5,2.17,-385.0,-0.0,55.0,-385.0
Dimeh,ZennIT,ESLOL,ADC,ESLOL Summer · saison régulière,14,0.714,5.43,-392.0,7.0,55.0,-385.0
Robertoos,KRC Genk Esports,ESLOL,Support,ESLOL Summer · saison régulière,14,0.571,5.76,-405.0,0.0,55.0,-405.0
Subbex,A One Man Army,ESLOL,ADC,ESLOL Summer · saison régulière,14,0.5,3.82,-411.0,1.0,55.0,-410.0
Joekie,HEET,ESLOL,Jungle,ESLOL Summer · saison régulière,12,0.5,3.05,-414.0,1.0,55.0,-413.0
Whip,ZennIT,ESLOL,Top,ESLOL Summer · saison régulière,14,0.714,3.0,-435.0,7.0,55.0,-428.0
Jormag,RQS Esports,ESLOL,Jungle,ESLOL Summer · saison régulière,8,0.25,2.58,-437.0,-0.0,55.0,-437.0
Wind1,Myth Esports,ESLOL,Top,ESLOL Summer · saison régulière,14,0.286,1.96,-436.0,-3.0,55.0,-439.0
FlickeR,Team 7AM,ESLOL,ADC,ESLOL Summer · saison régulière,13,0.846,5.71,-440.0,0.0,55.0,-440.0
Flawed,A One Man Army,ESLOL,Jungle,ESLOL Summer · saison régulière,14,0.571,4.03,-453.0,3.0,55.0,-450.0
Makk,A One Man Army,ESLOL,Top,ESLOL Summer · saison régulière,14,0.571,2.59,-456.0,3.0,55.0,-453.0
Bewis,A One Man Army,ESLOL,ADC,ESLOL Summer · saison régulière,14,0.571,4.43,-459.0,3.0,55.0,-456.0
Tixn,KRC Genk Esports,ESLOL,Mid,ESLOL Summer · saison régulière,8,0.375,2.44,-466.0,-4.0,55.0,-470.0
Slyv3r,mCon esports,ESLOL,ADC,ESLOL Summer · saison régulière,14,0.214,2.27,-468.0,-6.0,55.0,-474.0
Paul227,HEET,ESLOL,Mid,ESLOL Summer · saison régulière,14,0.5,5.0,-480.0,1.0,55.0,-479.0
eastgoblin,HEET,ESLOL,Support,ESLOL Summer · saison régulière,14,0.5,3.02,-480.0,1.0,55.0,-479.0
Brad,ZennIT,ESLOL,Jungle,ESLOL Summer · saison régulière,14,0.714,3.81,-488.0,7.0,55.0,-481.0
Luiku,HEET,ESLOL,Top,ESLOL Summer · saison régulière,14,0.5,2.06,-487.0,1.0,55.0,-486.0
Baul,RQS Esports,ESLOL,Support,ESLOL Summer · saison régulière,14,0.286,2.64,-489.0,-2.0,55.0,-491.0
Stookbeer,A One Man Army,ESLOL,Support,ESLOL Summer · saison régulière,14,0.571,3.13,-505.0,3.0,55.0,-502.0
Water,Team sucrée au sucre,ESLOL,Mid,ESLOL Summer · saison régulière,14,0.714,3.97,-519.0,7.0,55.0,-512.0
Dusseldrop,RQS Esports,ESLOL,Top,ESLOL Summer · saison régulière,14,0.286,1.55,-551.0,-2.0,55.0,-553.0
Grindyzer,Team sucrée au sucre,ESLOL,Support,ESLOL Summer · saison régulière,14,0.714,4.21,-563.0,7.0,55.0,-556.0
Aliplane,Myth Esports,ESLOL,ADC,ESLOL Summer · saison régulière,8,0.375,3.21,-597.0,0.0,55.0,-597.0
Space,RQS Esports,ESLOL,ADC,ESLOL Summer · saison régulière,14,0.286,1.94,-598.0,-2.0,55.0,-600.0
Mahonix,mCon esports,ESLOL,Support,ESLOL Summer · saison régulière,14,0.214,1.73,-612.0,-6.0,55.0,-618.0
Niton,Northern Lions Esports,ESLOL,Jungle,ESLOL Summer · saison régulière,14,0.286,2.88,-645.0,-2.0,55.0,-647.0
Aisu,Once Upon A Team,ESLOL,Mid,ESLOL Summer · saison régulière,14,0.286,3.93,-652.0,-2.0,55.0,-654.0
LorLor,Myth Esports,ESLOL,Mid,ESLOL Summer · saison régulière,12,0.333,2.23,-665.0,-0.0,55.0,-665.0
TR1NKET,Myth Esports,ESLOL,Jungle,ESLOL Summer · saison régulière,12,0.25,2.06,-696.0,-3.0,55.0,-699.0
Socrates,Myth Esports,ESLOL,Support,ESLOL Summer · saison régulière,11,0.273,1.73,-701.0,-3.0,55.0,-704.0
MaiYuk,mCon esports,ESLOL,Top,ESLOL Summer · saison régulière,14,0.214,1.38,-710.0,-6.0,55.0,-716.0
jbdutchowns,Attempted Murder,ESLOL,Mid,ESLOL Summer · saison régulière,14,0.214,2.31,-725.0,-6.0,55.0,-731.0
Ilgar,Rift Sloths,ESLOL,Jungle,ESLOL · saison régulière,16,0.562,4.24,-281.0,-2.0,55.0,-283.0
Leks,Rift Sloths,ESLOL,Top,ESLOL · saison régulière,16,0.562,2.35,-343.0,-2.0,55.0,-345.0
CrabLord,Dynasty,ESLOL,Support,ESLOL · saison régulière,13,0.692,5.54,-363.0,5.0,55.0,-358.0
ardaffler,Rift Sloths,ESLOL,ADC,ESLOL · saison régulière,12,0.667,5.67,-378.0,2.0,55.0,-376.0
Bcan,Rift Sloths,ESLOL,Mid,ESLOL · saison régulière,16,0.562,4.32,-383.0,-2.0,55.0,-385.0
Hummelu,Dynasty,ESLOL,Jungle,ESLOL · saison régulière,13,0.692,4.57,-405.0,5.0,55.0,-400.0
Franky,Dynasty,ESLOL,Mid,ESLOL · saison régulière,13,0.692,7.37,-409.0,5.0,55.0,-404.0
DarkUniQ,Dynasty,ESLOL,ADC,ESLOL · saison régulière,13,0.692,8.0,-417.0,5.0,55.0,-412.0
Hasagi,Dynasty,ESLOL,Top,ESLOL · saison régulière,13,0.692,5.68,-426.0,5.0,55.0,-421.0
Grisen,Rift Sloths,ESLOL,Support,ESLOL · saison régulière,16,0.562,2.81,-506.0,-2.0,55.0,-508.0
Leolas,Pertinax Esports,ESLOL,Support,ESLOL · saison régulière,12,0.417,2.12,-515.0,0.0,55.0,-515.0
jjs156,Pertinax Esports,ESLOL,Top,ESLOL · saison régulière,12,0.417,2.04,-525.0,0.0,55.0,-525.0
MrHB,Pertinax Esports,ESLOL,ADC,ESLOL · saison régulière,12,0.417,2.37,-534.0,0.0,55.0,-534.0
Mehere,Fullclear Esports,ESLOL,Mid,ESLOL · saison régulière,7,0.143,1.3,-561.0,-2.0,55.0,-563.0
Foute Makelaar,Pertinax Esports,ESLOL,Jungle,ESLOL · saison régulière,12,0.417,2.83,-573.0,0.0,55.0,-573.0
Nomad,Fullclear Esports,ESLOL,ADC,ESLOL · saison régulière,7,0.143,1.61,-631.0,-2.0,55.0,-633.0
SkyOwnage,Fullclear Esports,ESLOL,Support,ESLOL · saison régulière,7,0.143,1.47,-641.0,-2.0,55.0,-643.0
Merlin,24/7 Tower Dive,ESLOL,Mid,ESLOL · saison régulière,12,0.417,2.76,-645.0,0.0,55.0,-645.0
Zelt,Fuego,LRN,Mid,GL · playoffs,8,1.0,21.6,29.0,4.0,55.0,33.0
MrLemon,Fuego,LRN,Jungle,GL · playoffs,8,1.0,17.0,12.0,4.0,55.0,16.0
Keii,Fuego,LRN,Top,GL · playoffs,8,1.0,4.73,-101.0,4.0,55.0,-97.0
Dya,Fuego,LRN,ADC,GL · playoffs,8,1.0,9.54,-124.0,4.0,55.0,-120.0
Ichiwin,Fuego,LRN,Support,GL · playoffs,8,1.0,8.73,-154.0,4.0,55.0,-150.0
FleekZ,Janus Esports,LRN,Support,GL · playoffs,15,0.533,3.47,-270.0,-7.0,55.0,-277.0
Foxy,Janus Esports,LRN,ADC,GL · playoffs,15,0.533,4.94,-372.0,-7.0,55.0,-379.0
Kantoshi,PÊEK Gaming,GL,Top,GL · playoffs,15,0.533,2.68,-374.0,-7.0,55.0,-381.0
Felkros,Waia Snikt,LRN,Support,GL · playoffs,10,0.4,2.06,-435.0,3.0,55.0,-432.0
Daiky,Polar Squad Esports,GL,Jungle,GL · playoffs,6,0.333,2.95,-428.0,-5.0,55.0,-433.0
Master Jos,Spirituals,GL,Mid,GL · playoffs,13,0.462,2.92,-441.0,4.0,55.0,-437.0
Darkin,Polar Squad Esports,GL,Top,GL · playoffs,6,0.333,2.65,-509.0,-5.0,55.0,-514.0
Saya,Spirituals,GL,Jungle,GL · playoffs,13,0.462,2.56,-519.0,4.0,55.0,-515.0
UnicornG,Zeus Kralik,GL,Jungle,GL · playoffs,15,0.533,3.25,-510.0,-7.0,55.0,-517.0
Melkior,Polar Squad Esports,GL,Mid,GL · playoffs,6,0.333,3.38,-517.0,-5.0,55.0,-522.0
lll,Osaka,GL,Support,GL · playoffs,5,0.2,1.31,-522.0,-4.0,55.0,-526.0
Leidcroop,Zeus Kralik,GL,Mid,GL · playoffs,15,0.533,2.75,-549.0,-7.0,55.0,-556.0
Catan,Mayan Esports,GL,ADC,GL · playoffs,10,0.4,2.41,-563.0,3.0,55.0,-560.0
Orion,Osaka,LRN,Mid,GL · playoffs,10,0.4,3.1,-570.0,3.0,55.0,-567.0
Jotape,Ramo Awake Gaming,GL,Support,GL · playoffs,7,0.571,3.17,-574.0,6.0,55.0,-568.0
Dantesito,Spirituals,GL,ADC,GL · playoffs,13,0.462,3.59,-577.0,4.0,55.0,-573.0
Cristonex,Waia Snikt,GL,Top,GL · playoffs,10,0.4,1.67,-592.0,3.0,55.0,-589.0
Rokecs,Polar Squad Esports,GL,ADC,GL · playoffs,6,0.333,5.0,-593.0,-5.0,55.0,-598.0
Mitir,Ramo Awake Gaming,GL,Jungle,GL · playoffs,7,0.571,5.06,-612.0,6.0,55.0,-606.0
Sander,Osaka,GL,Top,GL · playoffs,5,0.2,1.76,-606.0,-4.0,55.0,-610.0
Andathy,Osaka,GL,Jungle,GL · playoffs,5,0.2,1.57,-611.0,-4.0,55.0,-615.0
Kyoto,Osaka,GL,Mid,GL · playoffs,5,0.2,1.95,-626.0,-4.0,55.0,-630.0
Code,Spirituals,GL,Top,GL · playoffs,13,0.462,2.19,-638.0,4.0,55.0,-634.0
Lio,Mayan Esports,GL,Jungle,GL · playoffs,10,0.4,2.34,-652.0,3.0,55.0,-649.0
Pinky,Ramo Awake Gaming,GL,Top,GL · playoffs,7,0.571,3.95,-671.0,6.0,55.0,-665.0
Argonauta,Spirituals,GL,Support,GL · playoffs,13,0.462,2.9,-670.0,4.0,55.0,-666.0
Intio,Ramo Awake Gaming,GL,ADC,GL · playoffs,7,0.571,4.75,-676.0,6.0,55.0,-670.0
Araque,Ramo Awake Gaming,GL,Mid,GL · playoffs,7,0.571,3.94,-707.0,6.0,55.0,-701.0
Zantimon,Osaka,GL,ADC,GL · playoffs,5,0.2,2.0,-829.0,-4.0,55.0,-833.0
Santx,Aethernum eSports,GL,Top,GL · playoffs,2,0.0,1.08,-995.0,-2.0,55.0,-997.0
Zelt,Fuego,LRN,Mid,GL · saison régulière,13,0.923,8.71,29.0,-4.0,55.0,25.0
MrLemon,Fuego,LRN,Jungle,GL · saison régulière,14,0.857,7.64,12.0,-8.0,55.0,4.0
Keii,Fuego,LRN,Top,GL · saison régulière,14,0.857,3.8,-101.0,-8.0,55.0,-109.0
Dya,Fuego,LRN,ADC,GL · saison régulière,14,0.857,5.13,-124.0,-8.0,55.0,-132.0
Ichiwin,Fuego,LRN,Support,GL · saison régulière,14,0.857,5.03,-154.0,-8.0,55.0,-162.0
FleekZ,Janus Esports,LRN,Support,GL · saison régulière,14,0.929,10.26,-270.0,9.0,55.0,-261.0
Foxy,Janus Esports,LRN,ADC,GL · saison régulière,14,0.929,10.26,-372.0,9.0,55.0,-363.0
Kantoshi,PÊEK Gaming,GL,Top,GL · saison régulière,14,0.929,4.92,-374.0,9.0,55.0,-365.0
Daiky,Polar Squad Esports,GL,Jungle,GL · saison régulière,4,1.0,10.25,-428.0,6.0,55.0,-422.0
Felkros,Waia Snikt,LRN,Support,GL · saison régulière,14,0.5,3.02,-435.0,-1.0,55.0,-436.0
Master Jos,Spirituals,GL,Mid,GL · saison régulière,8,0.5,4.44,-441.0,1.0,55.0,-440.0
UnicornG,Zeus Kralik,GL,Jungle,GL · saison régulière,14,0.929,7.2,-510.0,9.0,55.0,-501.0
Darkin,Polar Squad Esports,GL,Top,GL · saison régulière,4,1.0,12.25,-509.0,6.0,55.0,-503.0
Melkior,Polar Squad Esports,GL,Mid,GL · saison régulière,4,1.0,19.75,-517.0,6.0,55.0,-511.0
lll,Osaka,GL,Support,GL · saison régulière,14,0.5,3.79,-522.0,5.0,55.0,-517.0
Saya,Spirituals,GL,Jungle,GL · saison régulière,8,0.5,2.79,-519.0,1.0,55.0,-518.0
Leidcroop,Zeus Kralik,GL,Mid,GL · saison régulière,14,0.929,6.22,-549.0,9.0,55.0,-540.0
Catan,Mayan Esports,GL,ADC,GL · saison régulière,7,0.429,6.22,-563.0,2.0,55.0,-561.0
Orion,Osaka,LRN,Mid,GL · saison régulière,12,0.5,4.08,-570.0,0.0,55.0,-570.0
Willy,Mayan Esports,GL,ADC,GL · saison régulière,13,0.538,3.62,-575.0,0.0,55.0,-575.0
Dantesito,Spirituals,GL,ADC,GL · saison régulière,8,0.5,5.35,-577.0,1.0,55.0,-576.0
Jotape,Ramo Awake Gaming,GL,Support,GL · saison régulière,6,0.333,1.81,-574.0,-4.0,55.0,-578.0
Rokecs,Polar Squad Esports,GL,ADC,GL · saison régulière,14,0.5,4.4,-593.0,4.0,55.0,-589.0
Cristonex,Waia Snikt,GL,Top,GL · saison régulière,14,0.5,1.96,-592.0,-1.0,55.0,-593.0
Sander,Osaka,GL,Top,GL · saison régulière,14,0.5,2.76,-606.0,5.0,55.0,-601.0
Andathy,Osaka,GL,Jungle,GL · saison régulière,14,0.5,2.9,-611.0,5.0,55.0,-606.0
Mitir,Ramo Awake Gaming,GL,Jungle,GL · saison régulière,2,0.5,4.8,-612.0,-0.0,55.0,-612.0
Kyoto,Osaka,GL,Mid,GL · saison régulière,14,0.5,3.56,-626.0,5.0,55.0,-621.0
Code,Spirituals,GL,Top,GL · saison régulière,8,0.375,1.92,-638.0,0.0,55.0,-638.0
Lio,Mayan Esports,GL,Jungle,GL · saison régulière,14,0.5,2.22,-652.0,-1.0,55.0,-653.0
Argonauta,Spirituals,GL,Support,GL · saison régulière,10,0.3,1.93,-670.0,-2.0,55.0,-672.0
Pinky,Ramo Awake Gaming,GL,Top,GL · saison régulière,14,0.286,1.94,-671.0,-4.0,55.0,-675.0
Intio,Ramo Awake Gaming,GL,ADC,GL · saison régulière,14,0.286,2.28,-676.0,-4.0,55.0,-680.0
Araque,Ramo Awake Gaming,GL,Mid,GL · saison régulière,14,0.286,1.59,-707.0,-4.0,55.0,-711.0
Yasikof,Polar Squad Esports,GL,Jungle,GL · saison régulière,10,0.3,2.56,-747.0,-2.0,55.0,-749.0
Zantimon,Osaka,GL,ADC,GL · saison régulière,14,0.357,2.71,-829.0,-1.0,55.0,-830.0
Santx,Aethernum eSports,GL,Top,GL · saison régulière,12,0.083,1.37,-995.0,-4.0,55.0,-999.0
Eyliph,Anorthosis Famagusta Esports,GLL,Top,GLL Spring · saison régulière,14,0.929,3.94,-17.0,9.0,55.0,-8.0
CRoNiiK,Atletec,NL,Jungle,GLL Spring · saison régulière,14,0.429,2.8,-22.0,-4.0,55.0,-26.0
SPOOKY,Anorthosis Famagusta Esports,GLL,Jungle,GLL Spring · saison régulière,14,0.929,7.76,-36.0,9.0,55.0,-27.0
GOLDENTO4ST,Anorthosis Famagusta Esports,GLL,ADC,GLL Spring · saison régulière,14,0.929,6.96,-44.0,9.0,55.0,-35.0
Vladi,Nativz,NLC,Mid,GLL Spring · saison régulière,14,0.643,3.31,-29.0,-7.0,55.0,-36.0
HAWHAW,Anorthosis Famagusta Esports,GLL,Mid,GLL Spring · saison régulière,14,0.929,8.42,-57.0,9.0,55.0,-48.0
iLEVI,Anorthosis Famagusta Esports,GLL,Support,GLL Spring · saison régulière,14,0.929,5.33,-73.0,9.0,55.0,-64.0
Jeyrus,Looking for ORG,GLL,ADC,GLL Spring · saison régulière,14,0.643,7.13,-98.0,-7.0,55.0,-105.0
Brolia,Team Phantasma,GLL,Support,GLL Spring · saison régulière,12,0.583,4.42,-125.0,4.0,55.0,-121.0
Madly,Looking for ORG,GLL,Top,GLL Spring · saison régulière,14,0.643,2.79,-131.0,6.0,55.0,-125.0
Skye1,Panathinaikos Esports,GLL,Top,GLL Spring · saison régulière,4,0.75,5.0,-155.0,3.0,55.0,-152.0
Bruness,WLGaming Esports,GLL,Jungle,GLL Spring · saison régulière,14,0.643,3.7,-146.0,-7.0,55.0,-153.0
Kituruken,Looking for ORG,GLL,Jungle,GLL Spring · saison régulière,14,0.643,3.75,-175.0,6.0,55.0,-169.0
Bananitoo,WLGaming Esports,GLL,Support,GLL Spring · saison régulière,14,0.643,3.48,-167.0,-7.0,55.0,-174.0
Fallen,MS Company,NL,Jungle,GLL Spring · saison régulière,14,0.357,3.39,-184.0,-0.0,55.0,-184.0
HeSSZero,Iron Wolves,UL,Top,GLL Spring · saison régulière,14,0.643,3.72,-190.0,-7.0,55.0,-197.0
Nazrat,mCon esports,ESLOL,Mid,GLL Spring · saison régulière,12,0.583,3.26,-262.0,4.0,55.0,-258.0
Toffe,Gamespace Mediterranean College Esports,GLL,Mid,GLL Spring · saison régulière,6,0.167,2.26,-265.0,-2.0,55.0,-267.0
Peppe,Cyber Wolves,EBL,Mid,GLL Spring · saison régulière,14,0.643,4.66,-279.0,6.0,55.0,-273.0
Vaynedeta,Cyber Wolves,EBL,ADC,GLL Spring · saison régulière,14,0.643,4.5,-279.0,6.0,55.0,-273.0
ManoloGap,mCon esports,ESLOL,Top,GLL Spring · saison régulière,8,0.375,2.74,-302.0,1.0,55.0,-301.0
Sanity,Wild Panthers Esports,GLL,Support,GLL Spring · saison régulière,2,1.0,5.8,-304.0,2.0,55.0,-302.0
Nikolex,mCon esports,ESLOL,Jungle,GLL Spring · saison régulière,10,0.3,1.89,-327.0,-0.0,55.0,-327.0
Goldenpenny,Veni Vidi Vici,NL,ADC,GLL Spring · saison régulière,6,0.167,2.38,-331.0,-2.0,55.0,-333.0
Sirinox,Gamespace Mediterranean College Esports,GLL,ADC,GLL Spring · saison régulière,14,0.5,4.64,-348.0,0.0,55.0,-348.0
Paradox,DREN Esports,PGN,Support,GLL Spring · saison régulière,14,0.429,3.21,-384.0,-4.0,55.0,-388.0
ZaFiR,Forsaken,GLL,Support,GLL Spring · saison régulière,3,0.0,1.71,-405.0,-2.0,55.0,-407.0
SneakyLemon,Zerolag Esports,GLL,Jungle,GLL Spring · saison régulière,14,0.286,2.18,-409.0,-1.0,55.0,-410.0
Comeback,Wild Panthers Esports,GLL,Mid,GLL Spring · saison régulière,14,0.429,4.32,-410.0,-4.0,55.0,-414.0
Pigeonx,Pentagon Rejects,GLL,Support,GLL Spring · saison régulière,14,0.357,2.24,-416.0,-0.0,55.0,-416.0
Humble,Pentagon Rejects,GLL,ADC,GLL Spring · saison régulière,14,0.357,3.24,-424.0,-0.0,55.0,-424.0
Reyzoasda,Stormbringers,GLL,Support,GLL Spring · saison régulière,2,0.0,1.17,-441.0,-3.0,55.0,-444.0
Arhys,Zerolag Esports,GLL,Top,GLL Spring · saison régulière,14,0.286,1.76,-462.0,-1.0,55.0,-463.0
QKI,Pentagon Rejects,GLL,Mid,GLL Spring · saison régulière,8,0.5,3.29,-471.0,2.0,55.0,-469.0
DANKI,Pentagon Rejects,GLL,Top,GLL Spring · saison régulière,14,0.357,3.31,-482.0,-0.0,55.0,-482.0
Unkn0wn,Team Phantasma,GLL,ADC,GLL Spring · saison régulière,8,0.375,2.85,-485.0,0.0,55.0,-485.0
Yakkey,Partizan Esports,EBL,ADC,GLL Spring · saison régulière,10,0.3,3.52,-493.0,-7.0,55.0,-500.0
Hades2,Panathinaikos Esports,GLL,Jungle,GLL Spring · saison régulière,14,0.5,3.11,-510.0,0.0,55.0,-510.0
Typical,GLORE,HM,Top,GLL Spring · saison régulière,14,0.5,2.21,-515.0,0.0,55.0,-515.0
Hiro,Cryptova,HM,ADC,GLL Spring · saison régulière,14,0.214,2.63,-517.0,-3.0,55.0,-520.0
Warner,Gamespace Mediterranean College Esports,GLL,Mid,GLL Spring · saison régulière,14,0.214,2.9,-521.0,-3.0,55.0,-524.0
Joexy,Panathinaikos Esports,GLL,Support,GLL Spring · saison régulière,14,0.5,2.34,-534.0,0.0,55.0,-534.0
Ivok,Ionikos Nikaias Esports,GLL,Mid,GLL Spring · saison régulière,14,0.286,3.0,-558.0,-1.0,55.0,-559.0
JohnGiannis,Wild Panthers Esports,GLL,Top,GLL Spring · saison régulière,10,0.3,1.18,-603.0,-7.0,55.0,-610.0
Banderas,WLGaming Esports,GLL,Top,GLL Summer · saison régulière,14,0.857,3.43,26.0,3.0,55.0,29.0
Eyliph,Anorthosis Famagusta Esports,GLL,Top,GLL Summer · saison régulière,14,0.929,4.59,-17.0,4.0,55.0,-13.0
SPOOKY,Anorthosis Famagusta Esports,GLL,Jungle,GLL Summer · saison régulière,14,0.929,6.73,-36.0,4.0,55.0,-32.0
GOLDENTO4ST,Anorthosis Famagusta Esports,GLL,ADC,GLL Summer · saison régulière,14,0.929,6.67,-44.0,4.0,55.0,-40.0
HAWHAW,Anorthosis Famagusta Esports,GLL,Mid,GLL Summer · saison régulière,14,0.929,5.96,-57.0,4.0,55.0,-53.0
iLEVI,Anorthosis Famagusta Esports,GLL,Support,GLL Summer · saison régulière,14,0.929,5.44,-73.0,4.0,55.0,-69.0
Woolite,WLGaming Esports,GLL,ADC,GLL Summer · saison régulière,14,0.857,4.92,-77.0,3.0,55.0,-74.0
Bruness,WLGaming Esports,GLL,Jungle,GLL Summer · saison régulière,14,0.857,6.24,-146.0,3.0,55.0,-143.0
Skye1,Panathinaikos Esports,GLL,Top,GLL Summer · saison régulière,9,0.667,3.31,-155.0,3.0,55.0,-152.0
Bananitoo,WLGaming Esports,GLL,Support,GLL Summer · saison régulière,14,0.857,5.91,-167.0,3.0,55.0,-164.0
ESCIK,WLGaming Esports,GLL,Mid,GLL Summer · saison régulière,14,0.857,6.55,-180.0,3.0,55.0,-177.0
Postkassen,Gamespace Mediterranean College Esports,GLL,Support,GLL Summer · saison régulière,14,0.5,2.93,-214.0,-2.0,55.0,-216.0
Kakan,Gamespace Mediterranean College Esports,GLL,Top,GLL Summer · saison régulière,14,0.5,2.16,-243.0,-2.0,55.0,-245.0
Toffe,Gamespace Mediterranean College Esports,GLL,Mid,GLL Summer · saison régulière,5,0.6,3.75,-265.0,1.0,55.0,-264.0
Rayzorac,Team sucrée au sucre,ESLOL,Top,GLL Summer · saison régulière,5,0.4,3.18,-301.0,2.0,55.0,-299.0
Habubu,Gamespace Mediterranean College Esports,GLL,Jungle,GLL Summer · saison régulière,14,0.5,4.07,-301.0,-2.0,55.0,-303.0
Sanity,Wild Panthers Esports,GLL,Support,GLL Summer · saison régulière,3,0.333,4.12,-304.0,1.0,55.0,-303.0
Nikolex,mCon esports,ESLOL,Jungle,GLL Summer · saison régulière,11,0.546,2.85,-327.0,1.0,55.0,-326.0
StenBosse,Panathinaikos Esports,PGN,Top,GLL Summer · saison régulière,7,0.143,1.31,-323.0,-8.0,55.0,-331.0
Freazy,Zerolag Esports,GLL,Mid,GLL Summer · saison régulière,14,0.286,2.51,-329.0,-7.0,55.0,-336.0
L0wzy,Wild Panthers Esports,ESLOL,Jungle,GLL Summer · saison régulière,5,0.4,2.53,-349.0,2.0,55.0,-347.0
Chova,Zerolag Esports,GLL,Support,GLL Summer · saison régulière,14,0.286,2.25,-341.0,-7.0,55.0,-348.0
Sirinox,Gamespace Mediterranean College Esports,GLL,ADC,GLL Summer · saison régulière,14,0.5,3.82,-348.0,-2.0,55.0,-350.0
Only35,Team Phantasma,GLL,Support,GLL Summer · saison régulière,14,0.429,2.55,-388.0,4.0,55.0,-384.0
Orre,Panathinaikos Esports,GLL,ADC,GLL Summer · saison régulière,14,0.429,4.33,-385.0,-4.0,55.0,-389.0
Mis,Zerolag Esports,GLL,ADC,GLL Summer · saison régulière,11,0.273,1.95,-402.0,-3.0,55.0,-405.0
SneakyLemon,Zerolag Esports,GLL,Jungle,GLL Summer · saison régulière,14,0.286,1.74,-409.0,-7.0,55.0,-416.0
Humble,Pentagon Rejects,GLL,ADC,GLL Summer · saison régulière,12,0.333,4.28,-424.0,3.0,55.0,-421.0
Artoria,Wild Panthers Esports,GLL,Mid,GLL Summer · saison régulière,14,0.286,3.29,-431.0,-0.0,55.0,-431.0
Sangrod,Zerolag Esports,GLL,Top,GLL Summer · saison régulière,14,0.286,1.56,-443.0,-7.0,55.0,-450.0
Chelouche,Pentagon Rejects,GLL,Jungle,GLL Summer · saison régulière,7,0.286,3.17,-453.0,-1.0,55.0,-454.0
J0J0C,Team Phantasma,GLL,Mid,GLL Summer · saison régulière,14,0.429,2.59,-462.0,4.0,55.0,-458.0
Carnage,Team Phantasma,GLL,Jungle,GLL Summer · saison régulière,14,0.429,2.81,-465.0,4.0,55.0,-461.0
QKI,Pentagon Rejects,GLL,Mid,GLL Summer · saison régulière,14,0.286,3.46,-471.0,1.0,55.0,-470.0
Ralf,Wild Panthers Esports,GLL,ADC,GLL Summer · saison régulière,14,0.286,2.72,-472.0,-0.0,55.0,-472.0
DANKI,Pentagon Rejects,GLL,Top,GLL Summer · saison régulière,14,0.286,3.06,-482.0,1.0,55.0,-481.0
Unkn0wn,Team Phantasma,GLL,ADC,GLL Summer · saison régulière,12,0.417,3.14,-485.0,4.0,55.0,-481.0
Lotus,Panathinaikos Esports,GLL,Mid,GLL Summer · saison régulière,14,0.429,3.37,-480.0,-4.0,55.0,-484.0
Dargod,Pentagon Rejects,GLL,Support,GLL Summer · saison régulière,14,0.286,3.73,-486.0,1.0,55.0,-485.0
Ariana,Team Phantasma,GLL,Top,GLL Summer · saison régulière,12,0.417,2.33,-499.0,5.0,55.0,-494.0
Drifter,Colors Esport,NL,ADC,GLL Summer · saison régulière,3,0.333,2.1,-513.0,-3.0,55.0,-516.0
Joexy,Panathinaikos Esports,GLL,Support,GLL Summer · saison régulière,14,0.429,3.64,-534.0,-4.0,55.0,-538.0
Banderas,WLGaming Esports,GLL,Top,GLL · playoffs,10,0.5,2.19,26.0,-0.0,55.0,26.0
Eyliph,Anorthosis Famagusta Esports,GLL,Top,GLL · playoffs,23,0.522,2.89,-17.0,-1.0,55.0,-18.0
Vladi,Nativz,NLC,Mid,GLL · playoffs,12,0.75,4.41,-29.0,6.0,55.0,-23.0
SPOOKY,Anorthosis Famagusta Esports,GLL,Jungle,GLL · playoffs,23,0.522,3.23,-36.0,-1.0,55.0,-37.0
GOLDENTO4ST,Anorthosis Famagusta Esports,GLL,ADC,GLL · playoffs,23,0.522,4.8,-44.0,-1.0,55.0,-45.0
HAWHAW,Anorthosis Famagusta Esports,GLL,Mid,GLL · playoffs,23,0.522,6.25,-57.0,-1.0,55.0,-58.0
iLEVI,Anorthosis Famagusta Esports,GLL,Support,GLL · playoffs,23,0.522,3.75,-73.0,-1.0,55.0,-74.0
Woolite,WLGaming Esports,GLL,ADC,GLL · playoffs,10,0.5,3.78,-77.0,-0.0,55.0,-77.0
Jeyrus,Looking for ORG,GLL,ADC,GLL · playoffs,12,0.75,7.72,-98.0,6.0,55.0,-92.0
Madly,Looking for ORG,GLL,Top,GLL · playoffs,9,0.333,1.7,-131.0,-0.0,55.0,-131.0
Bruness,WLGaming Esports,GLL,Jungle,GLL · playoffs,22,0.636,5.68,-146.0,6.0,55.0,-140.0
Bananitoo,WLGaming Esports,GLL,Support,GLL · playoffs,22,0.636,2.95,-167.0,6.0,55.0,-161.0
Kituruken,Looking for ORG,GLL,Jungle,GLL · playoffs,9,0.333,1.94,-175.0,-0.0,55.0,-175.0
ESCIK,WLGaming Esports,GLL,Mid,GLL · playoffs,10,0.5,5.53,-180.0,-0.0,55.0,-180.0
HeSSZero,Iron Wolves,UL,Top,GLL · playoffs,12,0.75,5.11,-190.0,6.0,55.0,-184.0
Postkassen,Gamespace Mediterranean College Esports,GLL,Support,GLL · playoffs,7,0.571,2.66,-214.0,2.0,55.0,-212.0
Kakan,Gamespace Mediterranean College Esports,GLL,Top,GLL · playoffs,7,0.571,2.55,-243.0,2.0,55.0,-241.0
Nazrat,mCon esports,ESLOL,Mid,GLL · playoffs,4,0.25,1.65,-262.0,-1.0,55.0,-263.0
Toffe,Gamespace Mediterranean College Esports,GLL,Mid,GLL · playoffs,7,0.571,3.1,-265.0,2.0,55.0,-263.0
Peppe,Cyber Wolves,EBL,Mid,GLL · playoffs,9,0.333,2.29,-279.0,-0.0,55.0,-279.0
Vaynedeta,Cyber Wolves,EBL,ADC,GLL · playoffs,9,0.333,2.59,-279.0,-0.0,55.0,-279.0
Habubu,Gamespace Mediterranean College Esports,GLL,Jungle,GLL · playoffs,7,0.571,3.9,-301.0,2.0,55.0,-299.0
Sanity,Wild Panthers Esports,GLL,Support,GLL · playoffs,9,0.333,3.24,-304.0,-0.0,55.0,-304.0
Sirinox,Gamespace Mediterranean College Esports,GLL,ADC,GLL · playoffs,11,0.454,4.41,-348.0,1.0,55.0,-347.0
Only35,Team Phantasma,GLL,Support,GLL · playoffs,3,0.0,0.89,-388.0,-5.0,55.0,-393.0
J0J0C,Team Phantasma,GLL,Mid,GLL · playoffs,3,0.0,1.36,-462.0,-5.0,55.0,-467.0
Carnage,Team Phantasma,GLL,Jungle,GLL · playoffs,3,0.0,1.46,-465.0,-5.0,55.0,-470.0
Unkn0wn,Team Phantasma,GLL,ADC,GLL · playoffs,3,0.0,1.27,-485.0,-5.0,55.0,-490.0
Ariana,Team Phantasma,GLL,Top,GLL · playoffs,3,0.0,1.67,-499.0,-5.0,55.0,-504.0
Hades2,Panathinaikos Esports,GLL,Jungle,GLL · playoffs,4,0.25,1.15,-510.0,-1.0,55.0,-511.0
Typical,GLORE,HM,Top,GLL · playoffs,4,0.25,1.05,-515.0,-1.0,55.0,-516.0
Joexy,Panathinaikos Esports,GLL,Support,GLL · playoffs,4,0.25,1.57,-534.0,-1.0,55.0,-535.0
Ozgur,Team Refuse,GLL,ADC,GLL · saison régulière,10,0.6,8.29,-279.0,-1.0,55.0,-280.0
Freazy,Zerolag Esports,GLL,Mid,GLL · saison régulière,7,0.857,4.0,-329.0,8.0,55.0,-321.0
Chova,Zerolag Esports,GLL,Support,GLL · saison régulière,7,0.857,3.3,-341.0,8.0,55.0,-333.0
Jimsnop,Team Refuse,GLL,Mid,GLL · saison régulière,10,0.6,3.77,-332.0,-1.0,55.0,-333.0
Kebap,Team Refuse,GLL,Top,GLL · saison régulière,10,0.6,2.73,-336.0,-1.0,55.0,-337.0
Noki,Team Refuse,GLL,Support,GLL · saison régulière,10,0.6,3.26,-341.0,-1.0,55.0,-342.0
Mis,Zerolag Esports,GLL,ADC,GLL · saison régulière,7,0.857,7.0,-402.0,8.0,55.0,-394.0
SneakyLemon,Zerolag Esports,GLL,Jungle,GLL · saison régulière,7,0.857,3.39,-409.0,8.0,55.0,-401.0
GaraXy,Ionikos Nikaias Esports,GLL,Jungle,GLL · saison régulière,13,0.385,4.33,-408.0,-3.0,55.0,-411.0
Kritias,Ionikos Nikaias Esports,GLL,Top,GLL · saison régulière,13,0.385,2.61,-418.0,-3.0,55.0,-421.0
Humble,Pentagon Rejects,GLL,ADC,GLL · saison régulière,8,0.25,2.7,-424.0,-4.0,55.0,-428.0
SnK1,Ionikos Nikaias Esports,GLL,Support,GLL · saison régulière,13,0.385,2.71,-429.0,-3.0,55.0,-432.0
Sangrod,Zerolag Esports,GLL,Top,GLL · saison régulière,7,0.857,3.47,-443.0,8.0,55.0,-435.0
Chelouche,Pentagon Rejects,GLL,Jungle,GLL · saison régulière,7,0.286,4.5,-453.0,-3.0,55.0,-456.0
MyKey,Ionikos Nikaias Esports,GLL,ADC,GLL · saison régulière,13,0.385,3.85,-455.0,-3.0,55.0,-458.0
QKI,Pentagon Rejects,GLL,Mid,GLL · saison régulière,8,0.25,2.92,-471.0,-4.0,55.0,-475.0
DANKI,Pentagon Rejects,GLL,Top,GLL · saison régulière,8,0.25,1.57,-482.0,-4.0,55.0,-486.0
Dargod,Pentagon Rejects,GLL,Support,GLL · saison régulière,8,0.25,2.5,-486.0,-4.0,55.0,-490.0
Ivok,Ionikos Nikaias Esports,GLL,Mid,GLL · saison régulière,13,0.385,3.08,-558.0,-3.0,55.0,-561.0
BlackSwan,GLORE,HC,ADC,HC Spring · playoffs,7,0.857,5.67,-345.0,4.0,55.0,-341.0
Renewal,Klanik Esport,HC,Jungle,HC Spring · playoffs,4,0.75,3.76,-364.0,-0.0,55.0,-364.0
KacikFitnes,GLORE,HM,Support,HC Spring · playoffs,7,0.857,4.83,-394.0,4.0,55.0,-390.0
Sangrod,Zerolag Esports,GLL,Top,HC Spring · playoffs,3,0.0,3.43,-443.0,-3.0,55.0,-446.0
LVS,GLORE,HC,Top,HC Spring · playoffs,7,0.857,3.6,-491.0,4.0,55.0,-487.0
Smart,NOVO Esports,HC,Top,HC Spring · playoffs,11,0.364,2.32,-520.0,-0.0,55.0,-520.0
Dzejno,Esport STUBA,HC,ADC,HC Spring · playoffs,11,0.364,3.59,-606.0,-0.0,55.0,-606.0
Toybu,STOPWATCH eSports,HC,Mid,HC Spring · playoffs,11,0.364,3.31,-620.0,-0.0,55.0,-620.0
Gorny,STOPWATCH eSports,HC,Jungle,HC Spring · playoffs,11,0.364,2.72,-637.0,-0.0,55.0,-637.0
Haklbery,NARCIS,HC,Top,HC Spring · playoffs,7,0.571,1.62,-696.0,-1.0,55.0,-697.0
Dolis,NARCIS,HC,Mid,HC Spring · playoffs,3,0.0,4.7,-711.0,-3.0,55.0,-714.0
Sysak,NARCIS,HC,Support,HC Spring · playoffs,7,0.571,2.67,-725.0,-1.0,55.0,-726.0
Zaki,STOPWATCH eSports,HC,Support,HC Spring · playoffs,11,0.364,2.4,-729.0,-0.0,55.0,-729.0
Zelvicka,NARCIS,HC,ADC,HC Spring · playoffs,7,0.571,3.77,-746.0,-1.0,55.0,-747.0
Davros,NARCIS,HC,Mid,HC Spring · playoffs,7,0.571,2.95,-766.0,-1.0,55.0,-767.0
Pongo,NARCIS,HC,Jungle,HC Spring · playoffs,7,0.571,2.13,-792.0,-1.0,55.0,-793.0
Astrasmaug,ERKO Esports,HC,ADC,HC Spring · playoffs,3,0.0,4.15,-792.0,-3.0,55.0,-795.0
Oleg,ERKO Esports,HC,Jungle,HC Spring · playoffs,3,0.0,2.84,-818.0,-3.0,55.0,-821.0
nicolaiy,Forsaken,UL,Jungle,HC Spring · saison régulière,6,0.667,3.88,-323.0,-2.0,55.0,-325.0
BlackSwan,GLORE,HC,ADC,HC Spring · saison régulière,12,0.833,5.74,-345.0,3.0,55.0,-342.0
Renewal,Klanik Esport,HC,Jungle,HC Spring · saison régulière,6,0.667,4.69,-364.0,-3.0,55.0,-367.0
Sawyor,Forsaken,UL,Jungle,HC Spring · saison régulière,14,0.5,4.06,-393.0,1.0,55.0,-392.0
KacikFitnes,GLORE,HM,Support,HC Spring · saison régulière,13,0.769,3.7,-394.0,-1.0,55.0,-395.0
Sangrod,Zerolag Esports,GLL,Top,HC Spring · saison régulière,13,0.615,2.35,-443.0,2.0,55.0,-441.0
LVS,GLORE,HC,Top,HC Spring · saison régulière,14,0.714,3.0,-491.0,-2.0,55.0,-493.0
Smart,NOVO Esports,HC,Top,HC Spring · saison régulière,14,0.714,2.43,-520.0,2.0,55.0,-518.0
KNEZA,Team UNiTY,HC,ADC,HC Spring · saison régulière,14,0.143,2.33,-571.0,-4.0,55.0,-575.0
Knedla,EXILE esports,HC,Jungle,HC Spring · saison régulière,14,0.5,4.72,-584.0,5.0,55.0,-579.0
Dzejno,Esport STUBA,HC,ADC,HC Spring · saison régulière,14,0.714,3.94,-606.0,2.0,55.0,-604.0
Toybu,STOPWATCH eSports,HC,Mid,HC Spring · saison régulière,14,0.714,2.69,-620.0,2.0,55.0,-618.0
Gorny,STOPWATCH eSports,HC,Jungle,HC Spring · saison régulière,14,0.714,2.95,-637.0,2.0,55.0,-635.0
taetsu,Magaza Esports,EBL,Mid,HC Spring · saison régulière,14,0.714,3.42,-638.0,-2.0,55.0,-640.0
Biotic,IKISEQ Gaming,HC,Support,HC Spring · saison régulière,14,0.5,3.13,-647.0,1.0,55.0,-646.0
CHECKFIDER,IKISEQ Gaming,HC,ADC,HC Spring · saison régulière,14,0.5,4.09,-657.0,1.0,55.0,-656.0
AquaCloak,ERKO Esports,HC,Support,HC Spring · saison régulière,13,0.615,3.03,-659.0,2.0,55.0,-657.0
Sw3ry,EXILE esports,HC,Support,HC Spring · saison régulière,14,0.5,6.7,-693.0,5.0,55.0,-688.0
Haklbery,NARCIS,HC,Top,HC Spring · saison régulière,13,0.538,2.8,-696.0,-0.0,55.0,-696.0
Dolis,NARCIS,HC,Mid,HC Spring · saison régulière,13,0.615,3.45,-711.0,2.0,55.0,-709.0
ONLY,EXILE esports,HC,ADC,HC Spring · saison régulière,14,0.5,7.94,-726.0,5.0,55.0,-721.0
Sysak,NARCIS,HC,Support,HC Spring · saison régulière,13,0.538,3.82,-725.0,-0.0,55.0,-725.0
Zaki,STOPWATCH eSports,HC,Support,HC Spring · saison régulière,14,0.714,2.72,-729.0,2.0,55.0,-727.0
Toumes,Chilli Esport,HC,Mid,HC Spring · saison régulière,14,0.286,4.0,-732.0,-2.0,55.0,-734.0
AdyTheKid,EXILE esports,HC,Mid,HC Spring · saison régulière,14,0.5,4.41,-741.0,5.0,55.0,-736.0
Zelvicka,NARCIS,HC,ADC,HC Spring · saison régulière,13,0.538,3.91,-746.0,-0.0,55.0,-746.0
Bobsik,Inside Games,HM,Top,HC Spring · saison régulière,14,0.286,2.25,-748.0,-2.0,55.0,-750.0
Hobko,Chilli Esport,HC,Support,HC Spring · saison régulière,13,0.308,2.45,-754.0,-0.0,55.0,-754.0
Tenus,FLY5,HC,Top,HC Spring · saison régulière,10,0.2,1.57,-765.0,-1.0,55.0,-766.0
Davros,NARCIS,HC,Mid,HC Spring · saison régulière,13,0.538,2.92,-766.0,-0.0,55.0,-766.0
Rostak,FLY5,HC,Jungle,HC Spring · saison régulière,10,0.2,2.15,-768.0,-1.0,55.0,-769.0
Astrasmaug,ERKO Esports,HC,ADC,HC Spring · saison régulière,13,0.615,3.6,-792.0,2.0,55.0,-790.0
Pongo,NARCIS,HC,Jungle,HC Spring · saison régulière,13,0.538,3.04,-792.0,-0.0,55.0,-792.0
Vibe,Chilli Esport,HC,Jungle,HC Spring · saison régulière,14,0.286,3.49,-798.0,-2.0,55.0,-800.0
Fogzy,STOPWATCH eSports,HC,Mid,HC Spring · saison régulière,14,0.5,2.92,-810.0,1.0,55.0,-809.0
Oleg,ERKO Esports,HC,Jungle,HC Spring · saison régulière,13,0.615,3.5,-818.0,2.0,55.0,-816.0
Stein,EXILE esports,HC,Top,HC Spring · saison régulière,14,0.5,1.79,-822.0,5.0,55.0,-817.0
lymet,Chilli Esport,HC,ADC,HC Spring · saison régulière,14,0.286,3.0,-848.0,-2.0,55.0,-850.0
salamek,FLY5,HC,Support,HC Spring · saison régulière,10,0.1,1.74,-868.0,-3.0,55.0,-871.0
Sined,FLY5,HC,Mid,HC Spring · saison régulière,14,0.143,1.98,-884.0,-4.0,55.0,-888.0
Vlaren,STOPWATCH eSports,HC,Jungle,HC Spring · saison régulière,4,0.0,1.05,-1048.0,-3.0,55.0,-1051.0
Uzol,Team UNiTY,HC,Top,HC Summer · playoffs,7,0.857,6.57,-292.0,9.0,55.0,-283.0
FIERCE,Team UNiTY,HC,Mid,HC Summer · playoffs,7,0.857,6.18,-326.0,9.0,55.0,-317.0
Blade,Team UNiTY,HC,Jungle,HC Summer · playoffs,7,0.857,5.39,-354.0,9.0,55.0,-345.0
KacikFitnes,GLORE,HM,Support,HC Summer · playoffs,11,0.364,2.65,-394.0,-5.0,55.0,-399.0
J3rkie,Team UNiTY,HC,Support,HC Summer · playoffs,7,0.857,5.21,-428.0,9.0,55.0,-419.0
Ruf,GLORE,HM,ADC,HC Summer · playoffs,11,0.364,3.27,-425.0,-5.0,55.0,-430.0
ceskycechcz,GLORE,HM,Mid,HC Summer · playoffs,11,0.364,4.36,-433.0,-5.0,55.0,-438.0
Yuta,GLORE,HM,Jungle,HC Summer · playoffs,11,0.364,2.75,-438.0,-5.0,55.0,-443.0
Typical,GLORE,HM,Top,HC Summer · playoffs,11,0.364,1.71,-515.0,-5.0,55.0,-520.0
KNEZA,Team UNiTY,HC,ADC,HC Summer · playoffs,7,0.857,9.3,-571.0,9.0,55.0,-562.0
Dzejno,Esport STUBA,HC,ADC,HC Summer · playoffs,9,0.444,4.0,-606.0,-0.0,55.0,-606.0
Samyaza,Esport STUBA,HC,Mid,HC Summer · playoffs,9,0.444,4.1,-611.0,-0.0,55.0,-611.0
Siriass,Esport STUBA,HC,Support,HC Summer · playoffs,9,0.444,2.84,-633.0,-0.0,55.0,-633.0
Necromartin,Esport STUBA,HC,Top,HC Summer · playoffs,9,0.444,3.68,-636.0,-0.0,55.0,-636.0
Goksi,Esport STUBA,HC,Jungle,HC Summer · playoffs,9,0.444,3.18,-669.0,-0.0,55.0,-669.0
Haklbery,NARCIS,HC,Top,HC Summer · playoffs,5,0.4,2.18,-696.0,-4.0,55.0,-700.0
Dolis,NARCIS,HC,Mid,HC Summer · playoffs,5,0.4,2.11,-711.0,-4.0,55.0,-715.0
Sysak,NARCIS,HC,Support,HC Summer · playoffs,5,0.4,1.78,-725.0,-4.0,55.0,-729.0
Jellou,NARCIS,HC,Jungle,HC Summer · playoffs,5,0.4,2.9,-736.0,-4.0,55.0,-740.0
Worthless,NARCIS,HC,ADC,HC Summer · playoffs,5,0.4,1.96,-769.0,-4.0,55.0,-773.0
Uzol,Team UNiTY,HC,Top,HC Summer · saison régulière,14,0.714,5.23,-292.0,-9.0,55.0,-301.0
FIERCE,Team UNiTY,HC,Mid,HC Summer · saison régulière,14,0.714,5.23,-326.0,-9.0,55.0,-335.0
Blade,Team UNiTY,HC,Jungle,HC Summer · saison régulière,14,0.714,4.52,-354.0,-9.0,55.0,-363.0
KacikFitnes,GLORE,HM,Support,HC Summer · saison régulière,14,0.857,6.33,-394.0,9.0,55.0,-385.0
Ruf,GLORE,HM,ADC,HC Summer · saison régulière,14,0.857,6.42,-425.0,9.0,55.0,-416.0
ceskycechcz,GLORE,HM,Mid,HC Summer · saison régulière,14,0.857,6.68,-433.0,9.0,55.0,-424.0
Yuta,GLORE,HM,Jungle,HC Summer · saison régulière,14,0.857,5.5,-438.0,9.0,55.0,-429.0
J3rkie,Team UNiTY,HC,Support,HC Summer · saison régulière,14,0.714,4.44,-428.0,-9.0,55.0,-437.0
Typical,GLORE,HM,Top,HC Summer · saison régulière,14,0.857,3.32,-515.0,9.0,55.0,-506.0
Smart,NOVO Esports,HC,Top,HC Summer · saison régulière,6,0.333,1.94,-520.0,0.0,55.0,-520.0
KNEZA,Team UNiTY,HC,ADC,HC Summer · saison régulière,14,0.714,4.73,-571.0,-9.0,55.0,-580.0
Dzejno,Esport STUBA,HC,ADC,HC Summer · saison régulière,14,0.643,2.98,-606.0,2.0,55.0,-604.0
Samyaza,Esport STUBA,HC,Mid,HC Summer · saison régulière,14,0.643,4.56,-611.0,2.0,55.0,-609.0
Marzo,Chilli Esport,HC,ADC,HC Summer · saison régulière,14,0.429,3.41,-616.0,2.0,55.0,-614.0
Siriass,Esport STUBA,HC,Support,HC Summer · saison régulière,14,0.643,4.44,-633.0,2.0,55.0,-631.0
Necromartin,Esport STUBA,HC,Top,HC Summer · saison régulière,14,0.643,2.21,-636.0,2.0,55.0,-634.0
Goksi,Esport STUBA,HC,Jungle,HC Summer · saison régulière,14,0.643,5.52,-669.0,2.0,55.0,-667.0
BanaBeer,STOPWATCH eSports,HC,Jungle,HC Summer · saison régulière,10,0.4,3.21,-676.0,1.0,55.0,-675.0
Haklbery,NARCIS,HC,Top,HC Summer · saison régulière,13,0.538,3.24,-696.0,6.0,55.0,-690.0
Sw3ry,EXILE esports,HC,Support,HC Summer · saison régulière,14,0.357,4.85,-693.0,-4.0,55.0,-697.0
Focuss,STOPWATCH eSports,HC,ADC,HC Summer · saison régulière,10,0.4,2.7,-704.0,1.0,55.0,-703.0
Dolis,NARCIS,HC,Mid,HC Summer · saison régulière,14,0.5,3.65,-711.0,5.0,55.0,-706.0
Blice,Chilli Esport,HC,Top,HC Summer · saison régulière,14,0.429,2.61,-718.0,2.0,55.0,-716.0
Sysak,NARCIS,HC,Support,HC Summer · saison régulière,14,0.5,3.34,-725.0,5.0,55.0,-720.0
Toumes,Chilli Esport,HC,Mid,HC Summer · saison régulière,12,0.5,4.03,-732.0,6.0,55.0,-726.0
Zaki,STOPWATCH eSports,HC,Support,HC Summer · saison régulière,14,0.286,2.12,-729.0,-1.0,55.0,-730.0
ONLY,EXILE esports,HC,ADC,HC Summer · saison régulière,14,0.357,3.79,-726.0,-4.0,55.0,-730.0
Jellou,NARCIS,HC,Jungle,HC Summer · saison régulière,10,0.6,3.03,-736.0,5.0,55.0,-731.0
AdyTheKid,EXILE esports,HC,Mid,HC Summer · saison régulière,12,0.417,2.41,-741.0,-2.0,55.0,-743.0
Hobko,Chilli Esport,HC,Support,HC Summer · saison régulière,14,0.429,4.08,-754.0,2.0,55.0,-752.0
Worthless,NARCIS,HC,ADC,HC Summer · saison régulière,14,0.5,2.47,-769.0,5.0,55.0,-764.0
Bambi,ERKO Esports,HC,Top,HC Summer · saison régulière,10,0.3,1.69,-776.0,-2.0,55.0,-778.0
Pongo,NARCIS,HC,Jungle,HC Summer · saison régulière,4,0.25,1.32,-792.0,1.0,55.0,-791.0
Crossman,ERKO Esports,HC,Mid,HC Summer · saison régulière,10,0.3,2.77,-790.0,-2.0,55.0,-792.0
Astrasmaug,ERKO Esports,HC,ADC,HC Summer · saison régulière,10,0.3,2.62,-792.0,-2.0,55.0,-794.0
Vibe,Chilli Esport,HC,Jungle,HC Summer · saison régulière,14,0.429,4.7,-798.0,2.0,55.0,-796.0
Pepi,EXILE esports,HC,Jungle,HC Summer · saison régulière,10,0.3,2.92,-808.0,-3.0,55.0,-811.0
Fogzy,STOPWATCH eSports,HC,Mid,HC Summer · saison régulière,14,0.286,1.52,-810.0,-1.0,55.0,-811.0
Oleg,ERKO Esports,HC,Jungle,HC Summer · saison régulière,10,0.3,2.32,-818.0,-2.0,55.0,-820.0
Stein,EXILE esports,HC,Top,HC Summer · saison régulière,14,0.357,1.86,-822.0,-4.0,55.0,-826.0
Robko,ERKO Esports,HC,Support,HC Summer · saison régulière,14,0.214,2.02,-893.0,-4.0,55.0,-897.0
Vlaren,STOPWATCH eSports,HC,Jungle,HC Summer · saison régulière,6,0.167,1.12,-1048.0,-3.0,55.0,-1051.0
Robocop,Entropiq,HM,Top,HM Spring · playoffs,8,0.75,5.85,13.0,6.0,55.0,19.0
Jackies,Entropiq,HM,Mid,HM Spring · playoffs,8,0.75,5.93,-20.0,6.0,55.0,-14.0
Zicssi,Entropiq,HM,Jungle,HM Spring · playoffs,8,0.75,4.76,-56.0,6.0,55.0,-50.0
Khantos,Entropiq,HM,ADC,HM Spring · playoffs,8,0.75,12.0,-63.0,6.0,55.0,-57.0
denyk,Entropiq,HM,Support,HM Spring · playoffs,8,0.75,4.83,-81.0,6.0,55.0,-75.0
TynX,eSuba,HM,Jungle,HM Spring · playoffs,13,0.385,2.81,-73.0,-3.0,55.0,-76.0
FGG,eSuba,HM,Support,HM Spring · playoffs,13,0.385,4.29,-102.0,-3.0,55.0,-105.0
bobista,eSuba,HM,Top,HM Spring · playoffs,13,0.385,2.46,-105.0,-3.0,55.0,-108.0
DANY,eSuba,HM,ADC,HM Spring · playoffs,13,0.385,1.96,-189.0,-3.0,55.0,-192.0
Warszi,eSuba,HM,Mid,HM Spring · playoffs,13,0.385,3.66,-211.0,-3.0,55.0,-214.0
Smarty,Dynamo Eclot,HM,Support,HM Spring · playoffs,8,0.625,4.68,-226.0,2.0,55.0,-224.0
OMON,NORD Esports,NLC,Mid,HM Spring · playoffs,8,0.625,4.9,-227.0,2.0,55.0,-225.0
Adiss,SINNERS Esports,HM,Top,HM Spring · playoffs,3,0.0,1.92,-224.0,-5.0,55.0,-229.0
Strode,SINNERS Esports,HM,ADC,HM Spring · playoffs,3,0.0,2.46,-227.0,-5.0,55.0,-232.0
Romuka,Dynamo Eclot,HM,Top,HM Spring · playoffs,8,0.625,2.68,-238.0,2.0,55.0,-236.0
Reedfoo,Dynamo Eclot,HM,ADC,HM Spring · playoffs,8,0.625,6.36,-260.0,2.0,55.0,-258.0
Jejky,Dynamo Eclot,HM,Jungle,HM Spring · playoffs,8,0.625,4.53,-268.0,2.0,55.0,-266.0
Rufus,SINNERS Esports,HM,Support,HM Spring · playoffs,3,0.0,1.16,-262.0,-5.0,55.0,-267.0
Speedy,SINNERS Esports,HM,Jungle,HM Spring · playoffs,3,0.0,1.28,-274.0,-5.0,55.0,-279.0
ordno,SINNERS Esports,HM,Mid,HM Spring · playoffs,3,0.0,1.1,-280.0,-5.0,55.0,-285.0
Robocop,Entropiq,HM,Top,HM Spring · saison régulière,14,0.786,6.0,13.0,-4.0,55.0,9.0
Jackies,Entropiq,HM,Mid,HM Spring · saison régulière,14,0.786,4.5,-20.0,-4.0,55.0,-24.0
Zicssi,Entropiq,HM,Jungle,HM Spring · saison régulière,14,0.786,3.83,-56.0,-4.0,55.0,-60.0
TynX,eSuba,HM,Jungle,HM Spring · saison régulière,14,0.714,4.95,-73.0,6.0,55.0,-67.0
Khantos,Entropiq,HM,ADC,HM Spring · saison régulière,14,0.786,4.65,-63.0,-4.0,55.0,-67.0
denyk,Entropiq,HM,Support,HM Spring · saison régulière,14,0.786,5.6,-81.0,-4.0,55.0,-85.0
FGG,eSuba,HM,Support,HM Spring · saison régulière,14,0.714,11.88,-102.0,6.0,55.0,-96.0
bobista,eSuba,HM,Top,HM Spring · saison régulière,14,0.714,3.1,-105.0,6.0,55.0,-99.0
Addusto,MS Company,NL,Top,HM Spring · saison régulière,8,0.25,0.91,-155.0,-0.0,55.0,-155.0
DANY,eSuba,HM,ADC,HM Spring · saison régulière,14,0.714,4.05,-189.0,6.0,55.0,-183.0
Warszi,eSuba,HM,Mid,HM Spring · saison régulière,12,0.667,5.35,-211.0,3.0,55.0,-208.0
Adiss,SINNERS Esports,HM,Top,HM Spring · saison régulière,15,0.667,4.83,-224.0,5.0,55.0,-219.0
Strode,SINNERS Esports,HM,ADC,HM Spring · saison régulière,15,0.667,4.83,-227.0,5.0,55.0,-222.0
Smarty,Dynamo Eclot,HM,Support,HM Spring · saison régulière,15,0.6,3.38,-226.0,-2.0,55.0,-228.0
OMON,NORD Esports,NLC,Mid,HM Spring · saison régulière,15,0.6,3.45,-227.0,-2.0,55.0,-229.0
DVLK,Dynamo Eclot,HM,Mid,HM Spring · saison régulière,9,0.556,3.26,-238.0,7.0,55.0,-231.0
Romuka,Dynamo Eclot,HM,Top,HM Spring · saison régulière,15,0.6,2.79,-238.0,-2.0,55.0,-240.0
Rufus,SINNERS Esports,HM,Support,HM Spring · saison régulière,15,0.667,3.73,-262.0,5.0,55.0,-257.0
Reedfoo,Dynamo Eclot,HM,ADC,HM Spring · saison régulière,15,0.6,3.95,-260.0,-2.0,55.0,-262.0
Speedy,SINNERS Esports,HM,Jungle,HM Spring · saison régulière,15,0.667,4.34,-274.0,5.0,55.0,-269.0
Jejky,Dynamo Eclot,HM,Jungle,HM Spring · saison régulière,13,0.538,3.0,-268.0,-4.0,55.0,-272.0
ordno,SINNERS Esports,HM,Mid,HM Spring · saison régulière,15,0.667,3.62,-280.0,5.0,55.0,-275.0
Charca,Team Sampi,HM,ADC,HM Spring · saison régulière,13,0.462,3.59,-355.0,2.0,55.0,-353.0
Vizi,Team Sampi,HM,Support,HM Spring · saison régulière,14,0.429,3.89,-364.0,0.0,55.0,-364.0
raining,BRUTE,HM,ADC,HM Spring · saison régulière,14,0.214,3.24,-368.0,-4.0,55.0,-372.0
STANIK,DREN Esports,HM,Mid,HM Spring · saison régulière,14,0.429,4.19,-379.0,0.0,55.0,-379.0
Melekx,Cryptova,HM,Support,HM Spring · saison régulière,14,0.357,3.7,-383.0,-1.0,55.0,-384.0
Wondro,Team Sampi,HM,Top,HM Spring · saison régulière,14,0.429,2.59,-396.0,0.0,55.0,-396.0
Esko,Cryptova,HM,ADC,HM Spring · saison régulière,14,0.357,3.06,-438.0,-1.0,55.0,-439.0
Kokos,Duma Easta,HM,Jungle,HM Spring · saison régulière,14,0.357,2.11,-448.0,-1.0,55.0,-449.0
Inspire,BRUTE,HM,Mid,HM Spring · saison régulière,11,0.182,2.58,-463.0,-4.0,55.0,-467.0
Kulvas,Cryptova,HM,Top,HM Spring · saison régulière,14,0.357,2.7,-469.0,-1.0,55.0,-470.0
Twight,Team Sampi,HM,Jungle,HM Spring · saison régulière,14,0.429,2.79,-481.0,0.0,55.0,-481.0
Defflok,Cryptova,HM,Mid,HM Spring · saison régulière,14,0.357,2.33,-497.0,-1.0,55.0,-498.0
BrokenSword,Inside Games,HM,Top,HM Spring · saison régulière,14,0.214,1.59,-511.0,-0.0,55.0,-511.0
hainess,BRUTE,HM,Jungle,HM Spring · saison régulière,14,0.214,2.26,-509.0,-4.0,55.0,-513.0
Phenix,BRUTE,HM,Support,HM Spring · saison régulière,14,0.214,1.84,-516.0,-4.0,55.0,-520.0
Harbo,Vanir,NLC,Mid,HM Spring · saison régulière,7,0.0,2.05,-521.0,-5.0,55.0,-526.0
Marco,Inside Games,HM,Support,HM Spring · saison régulière,12,0.25,2.72,-569.0,2.0,55.0,-567.0
Shyelander,Inside Games,HM,Jungle,HM Spring · saison régulière,14,0.214,2.03,-591.0,-0.0,55.0,-591.0
Marzo,Chilli Esport,HC,ADC,HM Spring · saison régulière,14,0.214,2.95,-616.0,-0.0,55.0,-616.0
Robocop,Entropiq,HM,Top,HM Summer · playoffs,7,0.857,2.79,13.0,2.0,55.0,15.0
Jackies,Entropiq,HM,Mid,HM Summer · playoffs,7,0.857,3.68,-20.0,2.0,55.0,-18.0
Zicssi,Entropiq,HM,Jungle,HM Summer · playoffs,7,0.857,6.5,-56.0,2.0,55.0,-54.0
Khantos,Entropiq,HM,ADC,HM Summer · playoffs,7,0.857,7.8,-63.0,2.0,55.0,-61.0
denyk,Entropiq,HM,Support,HM Summer · playoffs,7,0.857,4.94,-81.0,2.0,55.0,-79.0
TynX,eSuba,HM,Jungle,HM Summer · playoffs,7,0.143,2.58,-73.0,-11.0,55.0,-84.0
FGG,eSuba,HM,Support,HM Summer · playoffs,7,0.143,2.0,-102.0,-11.0,55.0,-113.0
bobista,eSuba,HM,Top,HM Summer · playoffs,7,0.143,1.75,-105.0,-11.0,55.0,-116.0
DANY,eSuba,HM,ADC,HM Summer · playoffs,7,0.143,2.26,-189.0,-11.0,55.0,-200.0
Warszi,eSuba,HM,Mid,HM Summer · playoffs,7,0.143,2.25,-211.0,-11.0,55.0,-222.0
Smarty,Dynamo Eclot,HM,Support,HM Summer · playoffs,4,0.25,2.42,-226.0,-0.0,55.0,-226.0
Peto,BRUTE,HM,Support,HM Summer · playoffs,10,0.6,3.62,-236.0,8.0,55.0,-228.0
welcom,Dynamo Eclot,HM,Top,HM Summer · playoffs,4,0.25,3.73,-237.0,-0.0,55.0,-237.0
Benda,Dynamo Eclot,HM,Mid,HM Summer · playoffs,4,0.25,1.9,-245.0,-0.0,55.0,-245.0
Reedfoo,Dynamo Eclot,HM,ADC,HM Summer · playoffs,4,0.25,2.86,-260.0,-0.0,55.0,-260.0
Jejky,Dynamo Eclot,HM,Jungle,HM Summer · playoffs,4,0.25,4.9,-268.0,-0.0,55.0,-268.0
Silk,BRUTE,HM,Mid,HM Summer · playoffs,10,0.6,4.23,-292.0,8.0,55.0,-284.0
raining,BRUTE,HM,ADC,HM Summer · playoffs,10,0.6,3.93,-368.0,8.0,55.0,-360.0
eaRyz,BRUTE,HM,Jungle,HM Summer · playoffs,10,0.6,4.46,-422.0,8.0,55.0,-414.0
Ryuto,Vlaams Erfgoed,HM,Top,HM Summer · playoffs,10,0.6,2.32,-454.0,8.0,55.0,-446.0
Robocop,Entropiq,HM,Top,HM Summer · saison régulière,14,1.0,5.31,13.0,6.0,55.0,19.0
Jackies,Entropiq,HM,Mid,HM Summer · saison régulière,14,1.0,4.82,-20.0,6.0,55.0,-14.0
Zicssi,Entropiq,HM,Jungle,HM Summer · saison régulière,14,1.0,4.16,-56.0,6.0,55.0,-50.0
Khantos,Entropiq,HM,ADC,HM Summer · saison régulière,14,1.0,5.61,-63.0,6.0,55.0,-57.0
TynX,eSuba,HM,Jungle,HM Summer · saison régulière,14,0.714,6.89,-73.0,6.0,55.0,-67.0
denyk,Entropiq,HM,Support,HM Summer · saison régulière,14,1.0,6.04,-81.0,6.0,55.0,-75.0
FGG,eSuba,HM,Support,HM Summer · saison régulière,14,0.714,8.55,-102.0,6.0,55.0,-96.0
bobista,eSuba,HM,Top,HM Summer · saison régulière,14,0.714,4.18,-105.0,6.0,55.0,-99.0
DANY,eSuba,HM,ADC,HM Summer · saison régulière,14,0.714,3.89,-189.0,6.0,55.0,-183.0
Warszi,eSuba,HM,Mid,HM Summer · saison régulière,14,0.714,6.73,-211.0,6.0,55.0,-205.0
Adiss,SINNERS Esports,HM,Top,HM Summer · saison régulière,14,0.429,2.85,-224.0,-3.0,55.0,-227.0
Smarty,Dynamo Eclot,HM,Support,HM Summer · saison régulière,14,0.571,3.46,-226.0,-2.0,55.0,-228.0
Strode,SINNERS Esports,HM,ADC,HM Summer · saison régulière,14,0.429,4.16,-227.0,-3.0,55.0,-230.0
Peto,BRUTE,HM,Support,HM Summer · saison régulière,14,0.643,4.29,-236.0,0.0,55.0,-236.0
welcom,Dynamo Eclot,HM,Top,HM Summer · saison régulière,14,0.571,2.92,-237.0,-2.0,55.0,-239.0
DVLK,Dynamo Eclot,HM,Mid,HM Summer · saison régulière,8,0.5,3.03,-238.0,-3.0,55.0,-241.0
Benda,Dynamo Eclot,HM,Mid,HM Summer · saison régulière,6,0.667,3.16,-245.0,2.0,55.0,-243.0
Reedfoo,Dynamo Eclot,HM,ADC,HM Summer · saison régulière,14,0.571,3.74,-260.0,-2.0,55.0,-262.0
Rufus,SINNERS Esports,HM,Support,HM Summer · saison régulière,14,0.429,3.24,-262.0,-3.0,55.0,-265.0
Jejky,Dynamo Eclot,HM,Jungle,HM Summer · saison régulière,14,0.571,3.27,-268.0,-2.0,55.0,-270.0
Speedy,SINNERS Esports,HM,Jungle,HM Summer · saison régulière,14,0.429,3.6,-274.0,-3.0,55.0,-277.0
ordno,SINNERS Esports,HM,Mid,HM Summer · saison régulière,14,0.429,3.85,-280.0,-3.0,55.0,-283.0
Silk,BRUTE,HM,Mid,HM Summer · saison régulière,14,0.643,4.47,-292.0,0.0,55.0,-292.0
Charca,Team Sampi,HM,ADC,HM Summer · saison régulière,14,0.357,2.78,-355.0,-3.0,55.0,-358.0
raining,BRUTE,HM,ADC,HM Summer · saison régulière,13,0.692,4.07,-368.0,2.0,55.0,-366.0
Vizi,Team Sampi,HM,Support,HM Summer · saison régulière,14,0.357,3.25,-364.0,-3.0,55.0,-367.0
STANIK,DREN Esports,HM,Mid,HM Summer · saison régulière,12,0.417,5.62,-379.0,1.0,55.0,-378.0
Melekx,Cryptova,HM,Support,HM Summer · saison régulière,14,0.214,3.54,-383.0,-4.0,55.0,-387.0
Wondro,Team Sampi,HM,Top,HM Summer · saison régulière,14,0.357,2.84,-396.0,-3.0,55.0,-399.0
eaRyz,BRUTE,HM,Jungle,HM Summer · saison régulière,14,0.643,3.19,-422.0,0.0,55.0,-422.0
Kokos,Duma Easta,HM,Jungle,HM Summer · saison régulière,14,0.214,1.72,-448.0,-4.0,55.0,-452.0
Ryuto,Vlaams Erfgoed,HM,Top,HM Summer · saison régulière,14,0.643,2.24,-454.0,0.0,55.0,-454.0
Kulvas,Cryptova,HM,Top,HM Summer · saison régulière,14,0.214,1.46,-469.0,-4.0,55.0,-473.0
Twight,Team Sampi,HM,Jungle,HM Summer · saison régulière,14,0.357,2.0,-481.0,-3.0,55.0,-484.0
Antwere,Inside Games,NLC,Jungle,HM Summer · saison régulière,3,0.333,2.4,-490.0,1.0,55.0,-489.0
Defflok,Cryptova,HM,Mid,HM Summer · saison régulière,14,0.214,2.18,-497.0,-4.0,55.0,-501.0
Hiro,Cryptova,HM,ADC,HM Summer · saison régulière,14,0.214,2.43,-517.0,-4.0,55.0,-521.0
Marco,Inside Games,HM,Support,HM Summer · saison régulière,14,0.071,1.78,-569.0,-0.0,55.0,-569.0
Shyelander,Inside Games,HM,Jungle,HM Summer · saison régulière,11,0.0,1.12,-591.0,-2.0,55.0,-593.0
Promise0,Inside Games,HM,ADC,HM Summer · saison régulière,14,0.071,1.55,-601.0,-0.0,55.0,-601.0
Scuffed,Inside Games,HM,Mid,HM Summer · saison régulière,14,0.071,1.76,-631.0,-0.0,55.0,-631.0
Bobsik,Inside Games,HM,Top,HM Summer · saison régulière,14,0.071,1.64,-748.0,-0.0,55.0,-748.0
Uzol,Team UNiTY,HC,Top,HM · saison régulière,8,0.75,4.65,-292.0,4.0,55.0,-288.0
FIERCE,Team UNiTY,HC,Mid,HM · saison régulière,8,0.75,5.68,-326.0,4.0,55.0,-322.0
Blade,Team UNiTY,HC,Jungle,HM · saison régulière,8,0.75,4.0,-354.0,4.0,55.0,-350.0
Melekx,Cryptova,HM,Support,HM · saison régulière,10,0.6,5.04,-383.0,4.0,55.0,-379.0
KacikFitnes,GLORE,HM,Support,HM · saison régulière,13,0.462,2.43,-394.0,-5.0,55.0,-399.0
J3rkie,Team UNiTY,HC,Support,HM · saison régulière,8,0.75,3.05,-428.0,4.0,55.0,-424.0
Ruf,GLORE,HM,ADC,HM · saison régulière,13,0.462,2.96,-425.0,-5.0,55.0,-430.0
ceskycechcz,GLORE,HM,Mid,HM · saison régulière,13,0.462,3.9,-433.0,-5.0,55.0,-438.0
Yuta,GLORE,HM,Jungle,HM · saison régulière,13,0.462,3.0,-438.0,-5.0,55.0,-443.0
Kokos,Duma Easta,HM,Jungle,HM · saison régulière,10,0.6,4.68,-448.0,4.0,55.0,-444.0
Kulvas,Cryptova,HM,Top,HM · saison régulière,10,0.6,3.0,-469.0,4.0,55.0,-465.0
Antwere,Inside Games,NLC,Jungle,HM · saison régulière,7,0.143,2.38,-490.0,-3.0,55.0,-493.0
Defflok,Cryptova,HM,Mid,HM · saison régulière,10,0.6,3.88,-497.0,4.0,55.0,-493.0
Hiro,Cryptova,HM,ADC,HM · saison régulière,10,0.6,7.06,-517.0,4.0,55.0,-513.0
Typical,GLORE,HM,Top,HM · saison régulière,13,0.462,2.84,-515.0,-5.0,55.0,-520.0
KNEZA,Team UNiTY,HC,ADC,HM · saison régulière,8,0.75,4.07,-571.0,4.0,55.0,-567.0
Marco,Inside Games,HM,Support,HM · saison régulière,7,0.143,2.85,-569.0,-3.0,55.0,-572.0
Promise0,Inside Games,HM,ADC,HM · saison régulière,7,0.143,2.28,-601.0,-3.0,55.0,-604.0
Scuffed,Inside Games,HM,Mid,HM · saison régulière,7,0.143,2.03,-631.0,-3.0,55.0,-634.0
Bobsik,Inside Games,HM,Top,HM · saison régulière,7,0.143,1.35,-748.0,-3.0,55.0,-751.0
Supa,Movistar KOI,LES,ADC,IC,11,0.636,4.97,271.0,-8.0,55.0,263.0
ISMA,Movistar KOI,LES,Jungle,IC,11,0.636,4.81,222.0,-8.0,55.0,214.0
Fresskowy,Movistar KOI,LES,Mid,IC,11,0.636,5.0,220.0,-8.0,55.0,212.0
Jackspektra,Team Heretics Academy,LES,ADC,IC,13,0.923,5.55,205.0,5.0,55.0,210.0
Myrwn,Team Heretics Academy,LES,Top,IC,13,0.923,3.87,204.0,5.0,55.0,209.0
Alvaro,Movistar KOI,LES,Support,IC,11,0.636,5.58,216.0,-8.0,55.0,208.0
Zwyroo,Team Heretics Academy,LES,Mid,IC,13,0.923,6.08,193.0,5.0,55.0,198.0
Marky,Movistar KOI,LES,Top,IC,11,0.636,2.76,183.0,-8.0,55.0,175.0
Jopa,Finetwork KOI,LES,ADC,IC,13,0.692,8.11,159.0,4.0,55.0,163.0
Th3Antonio,Giants,LES,Top,IC,7,0.714,5.06,163.0,-4.0,55.0,159.0
bluerzor,Team Heretics Academy,LES,Jungle,IC,13,0.923,4.36,148.0,5.0,55.0,153.0
Leb,Case Esports,LES,Jungle,IC,7,0.571,7.67,152.0,-1.0,55.0,151.0
WhiteKnight,Barça eSports,LES,Top,IC,5,0.6,3.77,150.0,-3.0,55.0,147.0
Coldraa,Case Esports,LES,ADC,IC,7,0.571,4.94,142.0,-1.0,55.0,141.0
marlon,Team Heretics Academy,LES,Support,IC,13,0.923,4.67,114.0,5.0,55.0,119.0
Javier,Case Esports,LES,Mid,IC,7,0.571,5.67,106.0,-1.0,55.0,105.0
Pyrka,Case Esports,LES,Support,IC,7,0.571,4.42,104.0,-1.0,55.0,103.0
Attila,Giants,LES,ADC,IC,7,0.714,9.11,106.0,-4.0,55.0,102.0
Decay,Giants,LES,Mid,IC,7,0.714,4.3,99.0,-4.0,55.0,95.0
Deadly,Barça eSports,LES,ADC,IC,5,0.6,4.07,89.0,-3.0,55.0,86.0
Stend,Finetwork KOI,LES,Support,IC,13,0.692,6.68,79.0,4.0,55.0,83.0
R4VEN,Rebels Gaming,LES,Top,IC,11,0.636,4.35,82.0,-0.0,55.0,82.0
Koldo,Finetwork KOI,LES,Jungle,IC,13,0.692,6.91,57.0,4.0,55.0,61.0
SAJATOR,Barça eSports,LES,Mid,IC,5,0.6,3.0,63.0,-3.0,55.0,60.0
Xerxe,Giants,LES,Jungle,IC,7,0.714,6.75,56.0,-4.0,55.0,52.0
Bean,Rebels Gaming,LES,ADC,IC,11,0.636,5.35,38.0,-0.0,55.0,38.0
Sinmivak,Finetwork KOI,LES,Top,IC,13,0.692,4.68,34.0,4.0,55.0,38.0
Maxlore,Barça eSports,LES,Jungle,IC,5,0.6,3.29,36.0,-3.0,55.0,33.0
kibah,Rebels Gaming,NLC,Support,IC,11,0.636,2.22,28.0,-0.0,55.0,28.0
Efias,Barça eSports,LES,Support,IC,3,0.333,2.0,27.0,-2.0,55.0,25.0
Baca,Finetwork KOI,LES,Mid,IC,13,0.692,6.86,11.0,4.0,55.0,15.0
AHaHaCiK,Rebels Gaming,LES,Jungle,IC,11,0.636,3.03,-7.0,-0.0,55.0,-7.0
Hatrixx,UCAM Esports,LES,Mid,IC,6,0.667,7.0,-6.0,-1.0,55.0,-7.0
Infoneral,UCAM Esports,LES,Support,IC,6,0.667,4.64,-13.0,-1.0,55.0,-14.0
Random,Rebels Gaming,LES,Mid,IC,11,0.636,3.0,-15.0,-0.0,55.0,-15.0
Papiteero,UCAM Esports,LES,Top,IC,6,0.667,7.0,-20.0,-1.0,55.0,-21.0
whiteinn,Giants,LES,Support,IC,7,0.714,6.06,-18.0,-4.0,55.0,-22.0
Nafkelah,Fnatic TQ,LES,Mid,IC,3,0.333,1.79,-22.0,-2.0,55.0,-24.0
Rafitta,UCAM Esports,LES,ADC,IC,6,0.667,5.67,-26.0,-1.0,55.0,-27.0
Rabble,Fnatic TQ,LES,Jungle,IC,3,0.333,1.12,-55.0,-2.0,55.0,-57.0
Tsiper,Wizards,LES,Mid,IC,5,0.4,4.36,-95.0,-2.0,55.0,-97.0
Lindgarde,Wizards,LES,ADC,IC,5,0.4,3.56,-102.0,-2.0,55.0,-104.0
Time,GTZ Esports,LPLOL,Jungle,IC,2,0.0,1.67,-113.0,-2.0,55.0,-115.0
selenex,Kawaii Kiwis,NEXO,Top,IC,7,0.571,5.07,-123.0,6.0,55.0,-117.0
IceBreaker,Wizards,LES,Top,IC,5,0.4,2.14,-119.0,-2.0,55.0,-121.0
Infinity,Kawaii Kiwis,NEXO,Jungle,IC,7,0.571,4.81,-131.0,6.0,55.0,-125.0
Xeonerr,UCAM Esports,LES,Jungle,IC,6,0.667,3.89,-129.0,-1.0,55.0,-130.0
Rito,Kawaii Kiwis,NEXO,Support,IC,7,0.571,4.73,-152.0,6.0,55.0,-146.0
Aaron,Dango SB,NEXO,ADC,IC,2,0.0,1.11,-146.0,-2.0,55.0,-148.0
Macaquinho,Kawaii Kiwis,NEXO,Mid,IC,7,0.571,4.7,-159.0,6.0,55.0,-153.0
Simpy,Wizards,LES,Support,IC,5,0.4,2.33,-154.0,-2.0,55.0,-156.0
OWLONSKY,Ramboot Club,NLC,Jungle,IC,4,0.5,3.14,-188.0,1.0,55.0,-187.0
Indr4,ECORP,NEXO,Jungle,IC,5,0.4,2.53,-214.0,-3.0,55.0,-217.0
Piku,Oxygen Kumiho,NEXO,Mid,IC,5,0.4,3.33,-222.0,-3.0,55.0,-225.0
Doxy,Fnatic TQ,LES,Top,IC,3,0.333,1.73,-224.0,-2.0,55.0,-226.0
Kenal,Ramboot Club,PGN,ADC,IC,4,0.5,6.62,-229.0,1.0,55.0,-228.0
Seneca,Ramboot Club,NLC,Support,IC,4,0.5,4.38,-230.0,1.0,55.0,-229.0
Aizhon,Dango SB,NEXO,Support,IC,2,0.0,1.1,-231.0,-2.0,55.0,-233.0
Kadir,Fnatic TQ,LES,Support,IC,3,0.333,1.91,-241.0,-2.0,55.0,-243.0
Alba,Hurricane of Feathers,LPLOL,Jungle,IC,3,0.333,2.38,-254.0,4.0,55.0,-250.0
SpeedoBear,Hijos De Patria,EBL,Support,IC,2,0.0,1.45,-259.0,1.0,55.0,-258.0
Worst,White Dragons,LPLOL,ADC,IC,4,0.5,5.12,-260.0,0.0,55.0,-260.0
Kurilius,Kawaii Kiwis,NEXO,ADC,IC,7,0.571,4.16,-267.0,6.0,55.0,-261.0
Furby,EGN Esports,PGN,Mid,IC,4,0.5,3.31,-266.0,2.0,55.0,-264.0
Noz2k,ECORP,NEXO,ADC,IC,5,0.4,3.46,-268.0,-3.0,55.0,-271.0
Hunter,ECORP,NEXO,Top,IC,5,0.4,3.1,-278.0,-3.0,55.0,-281.0
Exiled,Hurricane of Feathers,LPLOL,Support,IC,3,0.333,2.06,-289.0,4.0,55.0,-285.0
Universe,Ramboot Club,NEXO,Mid,IC,4,0.5,4.25,-286.0,1.0,55.0,-285.0
Parlita,Oxygen Kumiho,NEXO,Top,IC,3,0.333,2.0,-287.0,-1.0,55.0,-288.0
Shourdy,Hurricane of Feathers,LPLOL,Top,IC,3,0.333,1.52,-301.0,4.0,55.0,-297.0
Valans,Fnatic TQ,NEXO,Mid,IC,3,0.333,1.31,-315.0,-2.0,55.0,-317.0
Carbono,Veni Vidi Vici,NEXO,Jungle,IC,2,0.0,1.33,-321.0,1.0,55.0,-320.0
SuperSaiyan,Keypulse Esports,LPLOL,ADC,IC,3,0.333,1.94,-328.0,2.0,55.0,-326.0
Sl4shD,White Dragons,LPLOL,Top,IC,4,0.5,3.78,-330.0,0.0,55.0,-330.0
Goldenpenny,Veni Vidi Vici,NL,ADC,IC,2,0.0,0.75,-331.0,1.0,55.0,-330.0
Vortum,BWE Esports,LPLOL,Top,IC,4,0.5,2.9,-341.0,6.0,55.0,-335.0
D4SH,White Dragons,LPLOL,Jungle,IC,4,0.5,3.58,-335.0,0.0,55.0,-335.0
Ethe,Hijos De Patria,NEXO,Top,IC,2,0.0,1.44,-344.0,1.0,55.0,-343.0
Monstrob,GTZ Esports,NL,Mid,IC,1,0.0,3.0,-349.0,-1.0,55.0,-350.0
Spooder,EGN Esports,NLC,Top,IC,4,0.5,5.71,-353.0,2.0,55.0,-351.0
bicas,BWE Esports,LPLOL,Jungle,IC,4,0.5,4.43,-363.0,6.0,55.0,-357.0
Nasser,Dango SB,NEXO,Jungle,IC,2,0.0,2.4,-357.0,-2.0,55.0,-359.0
Kellie,ECORP,NEXO,Support,IC,5,0.4,2.17,-358.0,-3.0,55.0,-361.0
Own3r,For The Win Esports,LPLOL,Jungle,IC,2,0.0,1.11,-356.0,-5.0,55.0,-361.0
Scofield,Hijos De Patria,PGN,Jungle,IC,2,0.0,3.29,-366.0,1.0,55.0,-365.0
Calmsky,For The Win Esports,LPLOL,Support,IC,2,0.0,0.89,-375.0,-5.0,55.0,-380.0
MaliG,Hurricane of Feathers,LPLOL,Mid,IC,3,0.333,1.26,-392.0,4.0,55.0,-388.0
Marcv1,Oxygen Kumiho,NEXO,ADC,IC,3,0.333,2.44,-389.0,-1.0,55.0,-390.0
Zherathor,Dango SB,NEXO,Mid,IC,2,0.0,0.9,-394.0,-2.0,55.0,-396.0
Caucha,GTZ Esports,LPLOL,Top,IC,2,0.0,1.0,-398.0,-2.0,55.0,-400.0
Jervo,Dango SB,NEXO,Top,IC,2,0.0,1.5,-400.0,-2.0,55.0,-402.0
Afm,For The Win Esports,LPLOL,ADC,IC,2,0.0,1.0,-406.0,-5.0,55.0,-411.0
Kamyta,BWE Esports,LPLOL,Support,IC,2,1.0,9.0,-421.0,5.0,55.0,-416.0
Ze Luis,BWE Esports,LPLOL,Support,IC,2,0.0,0.8,-422.0,1.0,55.0,-421.0
Tikyl,Oxygen Kumiho,NEXO,Jungle,IC,3,0.333,2.25,-428.0,-1.0,55.0,-429.0
MetroArcher,BWE Esports,LPLOL,ADC,IC,4,0.5,4.33,-451.0,6.0,55.0,-445.0
escoX,Erfolg Esports,NEXO,Support,IC,2,0.0,1.29,-447.0,1.0,55.0,-446.0
DoubleB,Erfolg Esports,NEXO,Top,IC,2,0.0,0.15,-449.0,1.0,55.0,-448.0
NOMA,For The Win Esports,LPLOL,Mid,IC,2,0.0,1.29,-445.0,-5.0,55.0,-450.0
Jackie,Keypulse Esports,LPLOL,Jungle,IC,3,0.333,2.18,-461.0,2.0,55.0,-459.0
F3IV,Erfolg Esports,NEXO,ADC,IC,2,0.0,0.31,-461.0,1.0,55.0,-460.0
Shieda,Keypulse Esports,LPLOL,Top,IC,3,0.333,1.47,-475.0,2.0,55.0,-473.0
Serch,Erfolg Esports,NEXO,Mid,IC,2,0.0,0.73,-477.0,1.0,55.0,-476.0
Henra,BWE Esports,LPLOL,Mid,IC,4,0.5,3.11,-490.0,6.0,55.0,-484.0
Lyrokun,Keypulse Esports,LPLOL,Support,IC,3,0.333,2.11,-506.0,2.0,55.0,-504.0
Fred,White Dragons,LPLOL,Mid,IC,4,0.5,2.33,-515.0,0.0,55.0,-515.0
Zekja,EGN Esports,LPLOL,ADC,IC,4,0.5,2.93,-518.0,2.0,55.0,-516.0
Lulas,EGN Esports,LPLOL,Jungle,IC,3,0.667,10.25,-526.0,2.0,55.0,-524.0
F4rg,For The Win Esports,LPLOL,Top,IC,2,0.0,0.88,-521.0,-5.0,55.0,-526.0
Aglaro,Heracles Gaming,NEXO,Support,IC,2,0.0,0.55,-529.0,0.0,55.0,-529.0
Tochas,EGN Esports,LPLOL,Support,IC,4,0.5,2.65,-536.0,2.0,55.0,-534.0
Poweh,Heracles Gaming,NEXO,Top,IC,2,0.0,0.17,-540.0,0.0,55.0,-540.0
Ivama,Erfolg Esports,NEXO,Jungle,IC,2,0.0,0.89,-549.0,1.0,55.0,-548.0
Redfernal,White Dragons,LPLOL,Support,IC,4,0.5,2.79,-556.0,0.0,55.0,-556.0
Chaos,Boavista FC,LPLOL,Jungle,IC,2,0.0,0.44,-591.0,2.0,55.0,-589.0
Opeduy,Heracles Gaming,NEXO,Mid,IC,2,0.0,0.44,-609.0,0.0,55.0,-609.0
Pinkmin,Veni Vidi Vici,NEXO,Support,IC,2,0.0,1.14,-610.0,1.0,55.0,-609.0
RapMonsters,Keypulse Esports,LPLOL,Mid,IC,3,0.333,5.14,-630.0,2.0,55.0,-628.0
Bwezc,Boavista FC,LPLOL,Support,IC,2,0.0,0.86,-638.0,2.0,55.0,-636.0
Zen,Boavista FC,LPLOL,ADC,IC,2,0.0,0.57,-722.0,2.0,55.0,-720.0
Kangin,HANJIN BRION Challengers,LCKC,Top,LAS Champ 1 · playoffs,9,0.556,5.57,238.0,5.0,55.0,243.0
Thumb,Dplus Kia Challengers,LCKC,Support,LAS Champ 1 · playoffs,8,0.75,3.82,234.0,4.0,55.0,238.0
Siwoo,Dplus Kia Academy,LAS,Top,LAS Champ 1 · playoffs,8,0.75,3.67,208.0,4.0,55.0,212.0
Dahlia,Gen.G Scholars,LAS,Support,LAS Champ 1 · playoffs,4,0.25,2.29,213.0,-4.0,55.0,209.0
ToongE,HANJIN BRION Academy,LAS,ADC,LAS Champ 1 · playoffs,9,0.556,4.71,139.0,5.0,55.0,144.0
Like 1999,HANJIN BRION Academy,LAS,Jungle,LAS Champ 1 · playoffs,9,0.556,3.83,103.0,5.0,55.0,108.0
Jinbeom,Dplus Kia Academy,LAS,ADC,LAS Champ 1 · playoffs,8,0.75,3.2,98.0,4.0,55.0,102.0
Heru,T1 Esports Academy Rookies,LAS,Mid,LAS Champ 1 · playoffs,8,0.75,5.0,80.0,4.0,55.0,84.0
Pooh,Hanwha Life Esports Academy,LAS,Support,LAS Champ 1 · playoffs,3,0.0,3.25,47.0,-5.0,55.0,42.0
Tempester,Hanwha Life Esports Academy,LAS,Mid,LAS Champ 1 · playoffs,3,0.0,0.64,46.0,-5.0,55.0,41.0
Kemish,HANJIN BRION Academy,LAS,Mid,LAS Champ 1 · playoffs,9,0.556,4.06,7.0,5.0,55.0,12.0
Spike,Hanwha Life Esports Academy,LAS,ADC,LAS Champ 1 · playoffs,3,0.0,0.77,16.0,-5.0,55.0,11.0
Daniel,Hanwha Life Esports Academy,LAS,Jungle,LAS Champ 1 · playoffs,3,0.0,0.93,6.0,-5.0,55.0,1.0
Dinai,T1 Esports Academy Rookies,LAS,Jungle,LAS Champ 1 · playoffs,8,0.75,2.6,-3.0,4.0,55.0,1.0
Gyosoo,HANJIN BRION Academy,LAS,Support,LAS Champ 1 · playoffs,9,0.556,5.0,-7.0,5.0,55.0,-2.0
Haetae,Hanwha Life Esports Academy,LAS,Top,LAS Champ 1 · playoffs,3,0.0,0.67,-97.0,-5.0,55.0,-102.0
Carim,Nongshim RedForce Academy,LAS,Jungle,LAS Champ 1 · playoffs,4,0.25,2.11,-106.0,-4.0,55.0,-110.0
OddEye,Nongshim RedForce Academy,LAS,ADC,LAS Champ 1 · playoffs,4,0.25,2.12,-130.0,-4.0,55.0,-134.0
Haenam,Nongshim RedForce Academy,LAS,Top,LAS Champ 1 · playoffs,4,0.25,1.47,-135.0,-4.0,55.0,-139.0
Hwichan,Nongshim RedForce Academy,LAS,Mid,LAS Champ 1 · playoffs,4,0.25,2.28,-160.0,-4.0,55.0,-164.0
Kangin,HANJIN BRION Challengers,LCKC,Top,LAS Champ 1 · saison régulière,28,0.714,3.2,238.0,-1.0,54.0,237.0
Thumb,Dplus Kia Challengers,LCKC,Support,LAS Champ 1 · saison régulière,28,0.679,3.79,234.0,-2.0,54.0,232.0
Dahlia,Gen.G Scholars,LAS,Support,LAS Champ 1 · saison régulière,28,0.536,4.59,213.0,2.0,54.0,215.0
Siwoo,Dplus Kia Academy,LAS,Top,LAS Champ 1 · saison régulière,28,0.679,4.43,208.0,-2.0,54.0,206.0
ToongE,HANJIN BRION Academy,LAS,ADC,LAS Champ 1 · saison régulière,12,0.75,4.79,139.0,-2.0,55.0,137.0
Like 1999,HANJIN BRION Academy,LAS,Jungle,LAS Champ 1 · saison régulière,28,0.714,3.88,103.0,-1.0,54.0,102.0
Jinbeom,Dplus Kia Academy,LAS,ADC,LAS Champ 1 · saison régulière,28,0.679,4.92,98.0,-2.0,54.0,96.0
Heru,T1 Esports Academy Rookies,LAS,Mid,LAS Champ 1 · saison régulière,28,0.679,4.04,80.0,-2.0,54.0,78.0
Pooh,Hanwha Life Esports Academy,LAS,Support,LAS Champ 1 · saison régulière,27,0.704,6.94,47.0,8.0,54.0,55.0
Tempester,Hanwha Life Esports Academy,LAS,Mid,LAS Champ 1 · saison régulière,27,0.704,3.7,46.0,8.0,54.0,54.0
Pressure,DN SOOPers Academy,LAS,Jungle,LAS Champ 1 · saison régulière,27,0.518,3.53,37.0,-1.0,54.0,36.0
Spike,Hanwha Life Esports Academy,LAS,ADC,LAS Champ 1 · saison régulière,27,0.704,4.65,16.0,8.0,54.0,24.0
Daniel,Hanwha Life Esports Academy,LAS,Jungle,LAS Champ 1 · saison régulière,27,0.704,3.28,6.0,8.0,54.0,14.0
Levy,HANJIN BRION Academy,LAS,ADC,LAS Champ 1 · saison régulière,17,0.647,3.94,13.0,0.0,55.0,13.0
Kemish,HANJIN BRION Academy,LAS,Mid,LAS Champ 1 · saison régulière,29,0.69,4.31,7.0,-2.0,54.0,5.0
Dinai,T1 Esports Academy Rookies,LAS,Jungle,LAS Champ 1 · saison régulière,28,0.679,3.76,-3.0,-2.0,54.0,-5.0
Gyosoo,HANJIN BRION Academy,LAS,Support,LAS Champ 1 · saison régulière,29,0.69,3.07,-7.0,-2.0,54.0,-9.0
Hades,DN SOOPers Academy,LAS,Mid,LAS Champ 1 · saison régulière,28,0.464,2.75,-29.0,-0.0,54.0,-29.0
Greed,DN SOOPers Academy,LAS,Mid,LAS Champ 1 · saison régulière,27,0.518,3.75,-45.0,-1.0,54.0,-46.0
Allo,DN SOOPers Academy,LAS,Top,LAS Champ 1 · saison régulière,4,0.75,3.08,-47.0,-0.0,55.0,-47.0
Toye,Gen.G Scholars,LAS,Jungle,LAS Champ 1 · saison régulière,28,0.464,3.2,-72.0,-0.0,54.0,-72.0
Quantum,DN SOOPers Academy,LAS,Support,LAS Champ 1 · saison régulière,27,0.518,3.61,-84.0,-1.0,54.0,-85.0
Abyss,DN SOOPers Academy,LAS,Top,LAS Champ 1 · saison régulière,23,0.478,2.42,-88.0,-0.0,55.0,-88.0
Haetae,Hanwha Life Esports Academy,LAS,Top,LAS Champ 1 · saison régulière,27,0.704,3.68,-97.0,8.0,54.0,-89.0
Bean,Gen.G Scholars,LAS,Top,LAS Champ 1 · saison régulière,28,0.464,2.84,-100.0,-0.0,54.0,-100.0
Carim,Nongshim RedForce Academy,LAS,Jungle,LAS Champ 1 · saison régulière,28,0.536,4.25,-106.0,2.0,54.0,-104.0
Lucifer,Gen.G Scholars,LAS,ADC,LAS Champ 1 · saison régulière,29,0.483,3.02,-110.0,2.0,54.0,-108.0
Aegis,Liiv SANDBOX Academy,LAS,Support,LAS Champ 1 · saison régulière,20,0.3,2.91,-119.0,2.0,55.0,-117.0
OddEye,Nongshim RedForce Academy,LAS,ADC,LAS Champ 1 · saison régulière,28,0.536,3.69,-130.0,2.0,54.0,-128.0
Haenam,Nongshim RedForce Academy,LAS,Top,LAS Champ 1 · saison régulière,24,0.583,2.74,-135.0,4.0,55.0,-131.0
Hwichan,Nongshim RedForce Academy,LAS,Mid,LAS Champ 1 · saison régulière,28,0.536,3.23,-160.0,2.0,54.0,-158.0
Namgung,Gen.G Scholars,LAS,Support,LAS Champ 1 · saison régulière,29,0.483,3.52,-161.0,2.0,54.0,-159.0
GoWonBin,Kiwoom DRX Academy,LAS,Mid,LAS Champ 1 · saison régulière,28,0.357,3.61,-160.0,-1.0,54.0,-161.0
Whisper,DN SOOPers Academy,LAS,ADC,LAS Champ 1 · saison régulière,27,0.518,4.71,-168.0,-1.0,54.0,-169.0
Midir,Kiwoom DRX Academy,LAS,Top,LAS Champ 1 · saison régulière,28,0.357,2.2,-202.0,-1.0,54.0,-203.0
Seunghwan,Kiwoom DRX Academy,LAS,Jungle,LAS Champ 1 · saison régulière,28,0.357,2.32,-219.0,-1.0,54.0,-220.0
MUDAI,Kiwoom DRX Academy,LAS,ADC,LAS Champ 1 · saison régulière,12,0.25,3.44,-233.0,-2.0,55.0,-235.0
Aegis,Liiv SANDBOX Academy,LAS,Support,LAS Champ 1 · saison régulière,8,0.5,4.12,-240.0,-3.0,55.0,-243.0
Poby,T1 Esports Academy,LCK,Mid,LAS Champ 1 · saison régulière,16,0.0,1.04,-276.0,-9.0,55.0,-285.0
Quokka,T1 Esports Academy Rookies,LAS,Top,LAS Champ 1 · saison régulière,28,0.036,1.45,-292.0,-6.0,54.0,-298.0
Soft,T1 Esports Academy Rookies,LAS,Jungle,LAS Champ 1 · saison régulière,28,0.036,1.43,-397.0,-6.0,54.0,-403.0
Sup Test,T1 Esports Academy Rookies,LAS,Support,LAS Champ 1 · saison régulière,28,0.036,1.35,-603.0,-6.0,54.0,-609.0
ADC Test,T1 Esports Academy Rookies,LAS,ADC,LAS Champ 1 · saison régulière,28,0.036,1.52,-613.0,-6.0,54.0,-619.0
HorangE,Gen.G Scholars,LAS,Top,LAS Champ 2 · playoffs,5,0.4,1.92,233.0,-3.0,55.0,230.0
Slayer,Gen.G Scholars,LAS,ADC,LAS Champ 2 · playoffs,5,0.4,3.07,213.0,-3.0,55.0,210.0
Siwoo,Dplus Kia Academy,LAS,Top,LAS Champ 2 · playoffs,5,0.4,2.47,208.0,-3.0,55.0,205.0
Dooly,Gen.G Scholars,LAS,Mid,LAS Champ 2 · playoffs,5,0.4,3.38,200.0,-3.0,55.0,197.0
Zinie,KT Rolster Academy,LAS,Mid,LAS Champ 2 · playoffs,8,0.75,3.68,157.0,8.0,55.0,165.0
Sero,KT Rolster Academy,LAS,Top,LAS Champ 2 · playoffs,8,0.75,4.52,153.0,8.0,55.0,161.0
JUG,KT Rolster Academy,LAS,Jungle,LAS Champ 2 · playoffs,8,0.75,7.46,150.0,8.0,55.0,158.0
AD,KT Rolster Academy,LAS,ADC,LAS Champ 2 · playoffs,8,0.75,5.43,101.0,8.0,55.0,109.0
Motive,KT Rolster Academy,LAS,Support,LAS Champ 2 · playoffs,8,0.75,4.18,94.0,8.0,55.0,102.0
Sharvel,Dplus Kia Academy,LAS,Jungle,LAS Champ 2 · playoffs,5,0.4,2.93,104.0,-3.0,55.0,101.0
Jinbeom,Dplus Kia Academy,LAS,ADC,LAS Champ 2 · playoffs,5,0.4,2.62,98.0,-3.0,55.0,95.0
Saint,Dplus Kia Academy,LAS,Mid,LAS Champ 2 · playoffs,5,0.4,2.63,96.0,-3.0,55.0,93.0
Heru,T1 Esports Academy Rookies,LAS,Mid,LAS Champ 2 · playoffs,8,0.375,2.32,80.0,-1.0,55.0,79.0
Cloud,T1 Esports Academy Rookies,LAS,Support,LAS Champ 2 · playoffs,8,0.375,2.48,42.0,-1.0,55.0,41.0
Cypher,T1 Esports Academy Rookies,LAS,ADC,LAS Champ 2 · playoffs,8,0.375,3.26,3.0,-1.0,55.0,2.0
Dinai,T1 Esports Academy Rookies,LAS,Jungle,LAS Champ 2 · playoffs,8,0.375,2.47,-3.0,-1.0,55.0,-4.0
Toye,Gen.G Scholars,LAS,Jungle,LAS Champ 2 · playoffs,5,0.4,2.88,-72.0,-3.0,55.0,-75.0
Namgung,Gen.G Scholars,LAS,Support,LAS Champ 2 · playoffs,5,0.4,3.32,-161.0,-3.0,55.0,-164.0
Quokka,T1 Esports Academy Rookies,LAS,Top,LAS Champ 2 · playoffs,8,0.375,2.4,-292.0,-1.0,55.0,-293.0
Toye,Gen.G Scholars,LAS,Jungle,LAS Champ 2 · saison régulière,28,0.786,4.38,247.0,5.0,54.0,252.0
HorangE,Gen.G Scholars,LAS,Top,LAS Champ 2 · saison régulière,34,0.794,3.67,233.0,6.0,54.0,239.0
Dahlia,Gen.G Scholars,LAS,Support,LAS Champ 2 · saison régulière,31,0.806,5.15,213.0,8.0,54.0,221.0
Slayer,Gen.G Scholars,LAS,ADC,LAS Champ 2 · saison régulière,34,0.794,5.15,213.0,6.0,54.0,219.0
Siwoo,Dplus Kia Academy,LAS,Top,LAS Champ 2 · saison régulière,32,0.781,4.45,208.0,3.0,54.0,211.0
Dooly,Gen.G Scholars,LAS,Mid,LAS Champ 2 · saison régulière,34,0.794,4.21,200.0,6.0,54.0,206.0
Zinie,KT Rolster Academy,LAS,Mid,LAS Champ 2 · saison régulière,34,0.647,4.88,157.0,-6.0,54.0,151.0
Sero,KT Rolster Academy,LAS,Top,LAS Champ 2 · saison régulière,34,0.647,4.41,153.0,-6.0,54.0,147.0
JUG,KT Rolster Academy,LAS,Jungle,LAS Champ 2 · saison régulière,34,0.647,5.66,150.0,-6.0,54.0,144.0
Sharvel,Dplus Kia Academy,LAS,Jungle,LAS Champ 2 · saison régulière,32,0.781,5.02,104.0,3.0,54.0,107.0
Like 1999,HANJIN BRION Academy,LAS,Jungle,LAS Champ 2 · saison régulière,21,0.524,3.19,103.0,-1.0,55.0,102.0
Jinbeom,Dplus Kia Academy,LAS,ADC,LAS Champ 2 · saison régulière,32,0.781,3.75,98.0,3.0,54.0,101.0
Saint,Dplus Kia Academy,LAS,Mid,LAS Champ 2 · saison régulière,32,0.781,3.91,96.0,3.0,54.0,99.0
AD,KT Rolster Academy,LAS,ADC,LAS Champ 2 · saison régulière,34,0.647,5.01,101.0,-6.0,54.0,95.0
Motive,KT Rolster Academy,LAS,Support,LAS Champ 2 · saison régulière,34,0.647,4.02,94.0,-6.0,54.0,88.0
Heru,T1 Esports Academy Rookies,LAS,Mid,LAS Champ 2 · saison régulière,30,0.533,2.76,80.0,5.0,54.0,85.0
Cloud,T1 Esports Academy Rookies,LAS,Support,LAS Champ 2 · saison régulière,29,0.552,3.37,42.0,7.0,54.0,49.0
Tempester,Hanwha Life Esports Academy,LAS,Mid,LAS Champ 2 · saison régulière,16,0.5,2.98,46.0,2.0,55.0,48.0
Pooh,Hanwha Life Esports Academy,LAS,Support,LAS Champ 2 · saison régulière,7,0.571,3.91,47.0,-1.0,55.0,46.0
Pressure,DN SOOPers Academy,LAS,Jungle,LAS Champ 2 · saison régulière,31,0.419,2.97,37.0,-2.0,54.0,35.0
Chrissy,Dplus Kia Academy,LAS,Support,LAS Champ 2 · saison régulière,28,0.75,2.92,23.0,-0.0,54.0,23.0
Spike,Hanwha Life Esports Academy,LAS,ADC,LAS Champ 2 · saison régulière,10,0.5,2.76,16.0,-0.0,55.0,16.0
Cypher,T1 Esports Academy Rookies,LAS,ADC,LAS Champ 2 · saison régulière,30,0.533,4.29,3.0,5.0,54.0,8.0
Kemish,HANJIN BRION Academy,LAS,Mid,LAS Champ 2 · saison régulière,31,0.512,3.12,7.0,-1.0,54.0,6.0
Dinai,T1 Esports Academy Rookies,LAS,Jungle,LAS Champ 2 · saison régulière,16,0.562,3.95,-3.0,-0.0,55.0,-3.0
Gyosoo,HANJIN BRION Academy,LAS,Support,LAS Champ 2 · saison régulière,8,0.625,3.83,-7.0,-1.0,55.0,-8.0
Hades,DN SOOPers Academy,LAS,Mid,LAS Champ 2 · saison régulière,29,0.448,2.94,-29.0,3.0,54.0,-26.0
Allo,DN SOOPers Academy,LAS,Top,LAS Champ 2 · saison régulière,30,0.433,2.42,-47.0,-0.0,54.0,-47.0
Toye,Gen.G Scholars,LAS,Jungle,LAS Champ 2 · saison régulière,6,0.833,5.6,-72.0,1.0,55.0,-71.0
Quantum,DN SOOPers Academy,LAS,Support,LAS Champ 2 · saison régulière,31,0.419,2.67,-84.0,-2.0,54.0,-86.0
Partidarios,HANJIN BRION Academy,LAS,Support,LAS Champ 2 · saison régulière,23,0.478,3.94,-96.0,-0.0,55.0,-96.0
Haetae,Hanwha Life Esports Academy,LAS,Top,LAS Champ 2 · saison régulière,24,0.375,1.94,-97.0,-5.0,55.0,-102.0
Racerr,HANJIN BRION Academy,LAS,Top,LAS Champ 2 · saison régulière,17,0.529,2.12,-108.0,-1.0,55.0,-109.0
Aegis,Liiv SANDBOX Academy,LAS,Support,LAS Champ 2 · saison régulière,16,0.25,2.98,-119.0,0.0,55.0,-119.0
ADC1,HANJIN BRION Academy,LAS,ADC,LAS Champ 2 · saison régulière,21,0.524,3.03,-119.0,-1.0,55.0,-120.0
ADC,HANJIN BRION Academy,LAS,ADC,LAS Champ 2 · saison régulière,10,0.5,3.65,-121.0,-0.0,55.0,-121.0
Namgung,Gen.G Scholars,LAS,Support,LAS Champ 2 · saison régulière,3,0.667,2.43,-161.0,-2.0,55.0,-163.0
Whisper,DN SOOPers Academy,LAS,ADC,LAS Champ 2 · saison régulière,31,0.406,2.61,-168.0,-2.0,54.0,-170.0
Ripple,Liiv SANDBOX Academy,LAS,Top,LAS Champ 2 · saison régulière,33,0.303,3.0,-176.0,-0.0,54.0,-176.0
Hinata,Liiv SANDBOX Academy,LAS,Mid,LAS Champ 2 · saison régulière,33,0.303,2.93,-203.0,-0.0,54.0,-203.0
Unknown,Kiwoom DRX Academy,LAS,Jungle,LAS Champ 2 · saison régulière,19,0.158,2.01,-219.0,1.0,55.0,-218.0
Chef,Liiv SANDBOX Academy,LAS,Jungle,LAS Champ 2 · saison régulière,33,0.303,2.72,-229.0,-0.0,54.0,-229.0
Aegis,Liiv SANDBOX Academy,LAS,Support,LAS Champ 2 · saison régulière,17,0.353,2.89,-240.0,-1.0,55.0,-241.0
Celina,Liiv SANDBOX Academy,LAS,ADC,LAS Champ 2 · saison régulière,32,0.312,2.46,-253.0,0.0,54.0,-253.0
Bluffing,Hanwha Life Esports Academy,LAS,Support,LAS Champ 2 · saison régulière,22,0.273,2.37,-262.0,-4.0,55.0,-266.0
Quokka,T1 Esports Academy Rookies,LAS,Top,LAS Champ 2 · saison régulière,30,0.533,3.44,-292.0,5.0,54.0,-287.0
Pyeonsik,Hanwha Life Esports Academy,LAS,ADC,LAS Champ 2 · saison régulière,23,0.304,2.81,-295.0,-3.0,55.0,-298.0
Jackal,Hanwha Life Esports Academy,LAS,Jungle,LAS Champ 2 · saison régulière,23,0.348,2.45,-303.0,-4.0,55.0,-307.0
Cracker,Hanwha Life Esports Academy,LAS,Mid,LAS Champ 2 · saison régulière,10,0.2,1.6,-315.0,-3.0,55.0,-318.0
Janus,Kiwoom DRX Academy,LAS,Top,LAS Champ 2 · saison régulière,31,0.129,1.54,-320.0,-2.0,54.0,-322.0
EscA,Kiwoom DRX Academy,LAS,Mid,LAS Champ 2 · saison régulière,31,0.129,1.88,-353.0,-2.0,54.0,-355.0
AKaJe,Kiwoom DRX Academy,LAS,ADC,LAS Champ 2 · saison régulière,31,0.129,2.23,-355.0,-2.0,54.0,-357.0
Soft,T1 Esports Academy Rookies,LAS,Jungle,LAS Champ 2 · saison régulière,14,0.5,3.95,-397.0,6.0,55.0,-391.0
Opdat,Kiwoom DRX Academy,LAS,Support,LAS Champ 2 · saison régulière,31,0.129,1.75,-390.0,-2.0,54.0,-392.0
Zephyr,Kiwoom DRX Academy,LAS,Jungle,LAS Champ 2 · saison régulière,12,0.083,1.64,-412.0,-3.0,55.0,-415.0
Faker,T1,LCK,Mid,LCK Spring · playoffs,13,0.538,3.26,1307.0,1.0,55.0,1308.0
Chovy,Gen.G,LCK,Mid,LCK Spring · playoffs,16,0.625,6.26,1141.0,5.0,55.0,1146.0
Peyz,Gen.G,LCK,ADC,LCK Spring · playoffs,16,0.625,5.31,1107.0,5.0,55.0,1112.0
Delight,Gen.G,LCK,Support,LCK Spring · playoffs,16,0.625,4.39,1095.0,5.0,55.0,1100.0
Peanut,Gen.G,LCK,Jungle,LCK Spring · playoffs,16,0.625,3.37,1087.0,5.0,55.0,1092.0
Doran,Gen.G,LCK,Top,LCK Spring · playoffs,16,0.625,2.88,1079.0,5.0,55.0,1084.0
Aiming,KT Rolster,LCK,ADC,LCK Spring · playoffs,17,0.529,4.31,1068.0,-4.0,55.0,1064.0
Cuzz,KT Rolster,LCK,Jungle,LCK Spring · playoffs,17,0.529,3.52,1058.0,-4.0,55.0,1054.0
Keria,T1,LCK,Support,LCK Spring · playoffs,13,0.538,3.82,1040.0,1.0,55.0,1041.0
Kiin,KT Rolster,LCK,Top,LCK Spring · playoffs,17,0.529,3.69,1044.0,-4.0,55.0,1040.0
Gumayusi,T1,LCK,ADC,LCK Spring · playoffs,13,0.538,4.93,1025.0,1.0,55.0,1026.0
Zeus,T1,LCK,Top,LCK Spring · playoffs,13,0.538,2.4,1023.0,1.0,55.0,1024.0
Bdd,KT Rolster,LCK,Mid,LCK Spring · playoffs,17,0.529,4.08,1024.0,-4.0,55.0,1020.0
Deft,Dplus Kia,LCK,ADC,LCK Spring · playoffs,4,0.25,2.3,999.0,-4.0,55.0,995.0
Lehends,KT Rolster,LCK,Support,LCK Spring · playoffs,17,0.529,3.64,991.0,-4.0,55.0,987.0
Oner,T1,LCK,Jungle,LCK Spring · playoffs,13,0.538,3.28,976.0,1.0,55.0,977.0
ShowMaker,Dplus Kia,LCK,Mid,LCK Spring · playoffs,4,0.25,1.4,937.0,-4.0,55.0,933.0
Canyon,Dplus Kia,LCK,Jungle,LCK Spring · playoffs,4,0.25,2.0,934.0,-4.0,55.0,930.0
Clid,Hanwha Life Esports,LCK,Jungle,LCK Spring · playoffs,12,0.417,2.61,921.0,1.0,55.0,922.0
Zeka,Hanwha Life Esports,LCK,Mid,LCK Spring · playoffs,12,0.417,1.97,920.0,1.0,55.0,921.0
Viper,Hanwha Life Esports,LCK,ADC,LCK Spring · playoffs,12,0.417,4.44,911.0,1.0,55.0,912.0
Kingen,Hanwha Life Esports,LCK,Top,LCK Spring · playoffs,12,0.417,2.79,899.0,1.0,55.0,900.0
Canna,Dplus Kia,LCK,Top,LCK Spring · playoffs,4,0.25,2.71,903.0,-4.0,55.0,899.0
Kellin,Dplus Kia,LCK,Support,LCK Spring · playoffs,4,0.25,2.67,869.0,-4.0,55.0,865.0
Willer,Liiv SANDBOX,LCK,Jungle,LCK Spring · playoffs,4,0.25,2.62,825.0,0.0,55.0,825.0
Life,FunPlus Phoenix,LCK,Support,LCK Spring · playoffs,12,0.417,3.2,800.0,1.0,55.0,801.0
Burdol,LGD Gaming,LCK,Top,LCK Spring · playoffs,4,0.25,1.09,795.0,0.0,55.0,795.0
Envyy,LGD Gaming,LPL,ADC,LCK Spring · playoffs,4,0.25,2.0,774.0,0.0,55.0,774.0
Clozer,Liiv SANDBOX,LCK,Mid,LCK Spring · playoffs,4,0.25,1.78,754.0,0.0,55.0,754.0
Kael,Anyone's Legend,LCK,Support,LCK Spring · playoffs,4,0.25,1.67,715.0,0.0,55.0,715.0
Faker,T1,LCK,Mid,LCK Spring · saison régulière,43,0.814,4.29,1307.0,7.0,54.0,1314.0
Chovy,Gen.G,LCK,Mid,LCK Spring · saison régulière,43,0.698,6.11,1141.0,-5.0,54.0,1136.0
Peyz,Gen.G,LCK,ADC,LCK Spring · saison régulière,43,0.698,6.03,1107.0,-5.0,54.0,1102.0
Delight,Gen.G,LCK,Support,LCK Spring · saison régulière,43,0.698,5.76,1095.0,-5.0,54.0,1090.0
Peanut,Gen.G,LCK,Jungle,LCK Spring · saison régulière,43,0.698,3.99,1087.0,-5.0,54.0,1082.0
Doran,Gen.G,LCK,Top,LCK Spring · saison régulière,43,0.698,3.54,1079.0,-5.0,54.0,1074.0
Aiming,KT Rolster,LCK,ADC,LCK Spring · saison régulière,43,0.651,6.49,1068.0,-6.0,54.0,1062.0
Cuzz,KT Rolster,LCK,Jungle,LCK Spring · saison régulière,43,0.651,4.75,1058.0,-6.0,54.0,1052.0
Keria,T1,LCK,Support,LCK Spring · saison régulière,43,0.814,6.91,1040.0,7.0,54.0,1047.0
Kiin,KT Rolster,LCK,Top,LCK Spring · saison régulière,43,0.651,4.14,1044.0,-6.0,54.0,1038.0
Gumayusi,T1,LCK,ADC,LCK Spring · saison régulière,43,0.814,5.05,1025.0,7.0,54.0,1032.0
Zeus,T1,LCK,Top,LCK Spring · saison régulière,43,0.814,3.81,1023.0,7.0,54.0,1030.0
Bdd,KT Rolster,LCK,Mid,LCK Spring · saison régulière,43,0.651,5.25,1024.0,-6.0,54.0,1018.0
Deft,Dplus Kia,LCK,ADC,LCK Spring · saison régulière,40,0.65,6.16,999.0,11.0,54.0,1010.0
Lehends,KT Rolster,LCK,Support,LCK Spring · saison régulière,43,0.651,4.05,991.0,-6.0,54.0,985.0
Oner,T1,LCK,Jungle,LCK Spring · saison régulière,43,0.814,4.79,976.0,7.0,54.0,983.0
ShowMaker,Dplus Kia,LCK,Mid,LCK Spring · saison régulière,40,0.65,5.52,937.0,11.0,54.0,948.0
Canyon,Dplus Kia,LCK,Jungle,LCK Spring · saison régulière,40,0.65,4.93,934.0,11.0,54.0,945.0
Clid,Hanwha Life Esports,LCK,Jungle,LCK Spring · saison régulière,45,0.533,2.48,921.0,-4.0,54.0,917.0
Zeka,Hanwha Life Esports,LCK,Mid,LCK Spring · saison régulière,45,0.533,3.22,920.0,-4.0,54.0,916.0
Canna,Dplus Kia,LCK,Top,LCK Spring · saison régulière,40,0.65,3.92,903.0,11.0,54.0,914.0
Viper,Hanwha Life Esports,LCK,ADC,LCK Spring · saison régulière,45,0.533,4.42,911.0,-4.0,54.0,907.0
Jun,DN SOOPers,LCK,Support,LCK Spring · saison régulière,24,0.333,2.36,897.0,0.0,55.0,897.0
Kingen,Hanwha Life Esports,LCK,Top,LCK Spring · saison régulière,45,0.533,2.3,899.0,-4.0,54.0,895.0
Kellin,Dplus Kia,LCK,Support,LCK Spring · saison régulière,40,0.65,6.88,869.0,11.0,54.0,880.0
Willer,Liiv SANDBOX,LCK,Jungle,LCK Spring · saison régulière,47,0.511,3.48,825.0,6.0,54.0,831.0
Burdol,LGD Gaming,LCK,Top,LCK Spring · saison régulière,47,0.511,2.43,795.0,6.0,54.0,801.0
Life,FunPlus Phoenix,LCK,Support,LCK Spring · saison régulière,45,0.533,3.19,800.0,-4.0,54.0,796.0
Envyy,LGD Gaming,LPL,ADC,LCK Spring · saison régulière,47,0.511,3.17,774.0,6.0,54.0,780.0
YoungJae,DN SOOPers,LCK,Jungle,LCK Spring · saison régulière,45,0.378,2.9,764.0,3.0,54.0,767.0
Clozer,Liiv SANDBOX,LCK,Mid,LCK Spring · saison régulière,47,0.511,2.47,754.0,6.0,54.0,760.0
DuDu,DN SOOPers,LCK,Top,LCK Spring · saison régulière,45,0.378,2.05,752.0,3.0,54.0,755.0
Effort,HANJIN BRION,LCK,Support,LCK Spring · saison régulière,44,0.296,2.4,755.0,-4.0,54.0,751.0
Juhan,Kiwoom DRX,LCK,Jungle,LCK Spring · saison régulière,15,0.4,1.93,735.0,2.0,55.0,737.0
BuLLDoG,DN SOOPers,LCK,Mid,LCK Spring · saison régulière,45,0.378,2.38,728.0,3.0,54.0,731.0
FATE,Kiwoom DRX,LCK,Mid,LCK Spring · saison régulière,44,0.273,2.09,726.0,-3.0,54.0,723.0
Kael,Anyone's Legend,LCK,Support,LCK Spring · saison régulière,47,0.511,3.77,715.0,6.0,54.0,721.0
Taeyoon,DN SOOPers,LCK,ADC,LCK Spring · saison régulière,45,0.378,2.55,694.0,3.0,54.0,697.0
UmTi,HANJIN BRION,LCK,Jungle,LCK Spring · saison régulière,44,0.296,2.24,699.0,-4.0,54.0,695.0
deokdam,FunPlus Phoenix,LCKC,ADC,LCK Spring · saison régulière,38,0.29,2.3,688.0,-2.0,54.0,686.0
Hena,HANJIN BRION,LCK,ADC,LCK Spring · saison régulière,44,0.296,2.34,679.0,-4.0,54.0,675.0
Morgan,HANJIN BRION,LCK,Top,LCK Spring · saison régulière,44,0.296,1.75,673.0,-4.0,54.0,669.0
Peter,Nongshim RedForce,LCK,Support,LCK Spring · saison régulière,42,0.214,3.33,665.0,-6.0,54.0,659.0
Sylvie,Nongshim RedForce,LCK,Jungle,LCK Spring · saison régulière,42,0.214,2.13,651.0,-6.0,54.0,645.0
DnDn,Nongshim RedForce,LCK,Top,LCK Spring · saison régulière,42,0.214,1.88,638.0,-6.0,54.0,632.0
BeryL,Kiwoom DRX,LCK,Support,LCK Spring · saison régulière,44,0.273,1.75,607.0,-3.0,54.0,604.0
FIESTA,Nongshim RedForce,LCK,Mid,LCK Spring · saison régulière,38,0.184,1.83,610.0,-10.0,54.0,600.0
Rascal,Kiwoom DRX,LCK,Top,LCK Spring · saison régulière,44,0.273,1.56,581.0,-3.0,54.0,578.0
Karis,HANJIN BRION,LCK,Mid,LCK Spring · saison régulière,44,0.296,2.5,572.0,-4.0,54.0,568.0
vital,Nongshim Esports Academy,LCKC,ADC,LCK Spring · saison régulière,42,0.214,2.61,569.0,-6.0,54.0,563.0
Callme,Nongshim Esports Academy,LCKC,Mid,LCK Spring · saison régulière,4,0.5,4.43,541.0,4.0,55.0,545.0
Moham,DN SOOPers Challengers,LCKC,Support,LCK Spring · saison régulière,21,0.429,2.72,505.0,3.0,55.0,508.0
Croco,Anyone's Legend,LCK,Jungle,LCK Spring · saison régulière,29,0.207,1.71,496.0,-5.0,54.0,491.0
Pleata,Kiwoom DRX Challengers,LCKC,ADC,LCK Spring · saison régulière,6,0.167,2.13,376.0,-0.0,55.0,376.0
Faker,T1,LCK,Mid,LCK Summer · playoffs,22,0.5,2.63,1307.0,-4.0,55.0,1303.0
Chovy,Gen.G,LCK,Mid,LCK Summer · playoffs,11,0.818,7.0,1141.0,8.0,55.0,1149.0
Peyz,Gen.G,LCK,ADC,LCK Summer · playoffs,11,0.818,7.18,1107.0,8.0,55.0,1115.0
Delight,Gen.G,LCK,Support,LCK Summer · playoffs,11,0.818,6.05,1095.0,8.0,55.0,1103.0
Peanut,Gen.G,LCK,Jungle,LCK Summer · playoffs,11,0.818,10.54,1087.0,8.0,55.0,1095.0
Doran,Gen.G,LCK,Top,LCK Summer · playoffs,11,0.818,4.9,1079.0,8.0,55.0,1087.0
Aiming,KT Rolster,LCK,ADC,LCK Summer · playoffs,13,0.538,7.69,1068.0,3.0,55.0,1071.0
Cuzz,KT Rolster,LCK,Jungle,LCK Summer · playoffs,13,0.538,4.17,1058.0,3.0,55.0,1061.0
Kiin,KT Rolster,LCK,Top,LCK Summer · playoffs,13,0.538,3.0,1044.0,3.0,55.0,1047.0
Keria,T1,LCK,Support,LCK Summer · playoffs,22,0.5,3.27,1040.0,-4.0,55.0,1036.0
Bdd,KT Rolster,LCK,Mid,LCK Summer · playoffs,13,0.538,4.58,1024.0,3.0,55.0,1027.0
Gumayusi,T1,LCK,ADC,LCK Summer · playoffs,22,0.5,3.33,1025.0,-4.0,55.0,1021.0
Zeus,T1,LCK,Top,LCK Summer · playoffs,22,0.5,2.73,1023.0,-4.0,55.0,1019.0
Deft,Dplus Kia,LCK,ADC,LCK Summer · playoffs,4,0.25,2.0,999.0,-2.0,55.0,997.0
Lehends,KT Rolster,LCK,Support,LCK Summer · playoffs,13,0.538,3.87,991.0,3.0,55.0,994.0
Oner,T1,LCK,Jungle,LCK Summer · playoffs,22,0.5,2.84,976.0,-4.0,55.0,972.0
ShowMaker,Dplus Kia,LCK,Mid,LCK Summer · playoffs,4,0.25,2.56,937.0,-2.0,55.0,935.0
Canyon,Dplus Kia,LCK,Jungle,LCK Summer · playoffs,4,0.25,3.29,934.0,-2.0,55.0,932.0
Zeka,Hanwha Life Esports,LCK,Mid,LCK Summer · playoffs,9,0.333,3.43,920.0,-3.0,55.0,917.0
Viper,Hanwha Life Esports,LCK,ADC,LCK Summer · playoffs,9,0.333,6.07,911.0,-3.0,55.0,908.0
Canna,Dplus Kia,LCK,Top,LCK Summer · playoffs,4,0.25,1.9,903.0,-2.0,55.0,901.0
Kingen,Hanwha Life Esports,LCK,Top,LCK Summer · playoffs,9,0.333,3.14,899.0,-3.0,55.0,896.0
Kellin,Dplus Kia,LCK,Support,LCK Summer · playoffs,4,0.25,7.67,869.0,-2.0,55.0,867.0
Grizzly,Hanwha Life Esports,LCK,Jungle,LCK Summer · playoffs,9,0.333,2.0,837.0,-3.0,55.0,834.0
Life,FunPlus Phoenix,LCK,Support,LCK Summer · playoffs,9,0.333,2.82,800.0,-3.0,55.0,797.0
FATE,Kiwoom DRX,LCK,Mid,LCK Summer · playoffs,3,0.0,2.25,726.0,-2.0,55.0,724.0
Paduck,Kiwoom DRX,LCK,ADC,LCK Summer · playoffs,3,0.0,1.69,677.0,-2.0,55.0,675.0
BeryL,Kiwoom DRX,LCK,Support,LCK Summer · playoffs,3,0.0,1.32,607.0,-2.0,55.0,605.0
Rascal,Kiwoom DRX,LCK,Top,LCK Summer · playoffs,3,0.0,1.6,581.0,-2.0,55.0,579.0
Croco,Anyone's Legend,LCK,Jungle,LCK Summer · playoffs,3,0.0,1.89,496.0,-2.0,55.0,494.0
Faker,T1,LCK,Mid,LCK Summer · saison régulière,24,0.708,3.8,1307.0,-1.0,55.0,1306.0
Chovy,Gen.G,LCK,Mid,LCK Summer · saison régulière,39,0.82,6.98,1141.0,1.0,54.0,1142.0
Peyz,Gen.G,LCK,ADC,LCK Summer · saison régulière,39,0.82,6.81,1107.0,1.0,54.0,1108.0
Delight,Gen.G,LCK,Support,LCK Summer · saison régulière,39,0.82,6.22,1095.0,1.0,54.0,1096.0
Peanut,Gen.G,LCK,Jungle,LCK Summer · saison régulière,39,0.82,6.46,1087.0,1.0,54.0,1088.0
Doran,Gen.G,LCK,Top,LCK Summer · saison régulière,39,0.82,3.91,1079.0,1.0,54.0,1080.0
Aiming,KT Rolster,LCK,ADC,LCK Summer · saison régulière,40,0.85,9.12,1068.0,7.0,54.0,1075.0
Cuzz,KT Rolster,LCK,Jungle,LCK Summer · saison régulière,40,0.85,6.86,1058.0,7.0,54.0,1065.0
Kiin,KT Rolster,LCK,Top,LCK Summer · saison régulière,40,0.85,6.38,1044.0,7.0,54.0,1051.0
Bdd,KT Rolster,LCK,Mid,LCK Summer · saison régulière,40,0.85,7.16,1024.0,7.0,54.0,1031.0
Keria,T1,LCK,Support,LCK Summer · saison régulière,42,0.5,3.73,1040.0,-14.0,54.0,1026.0
Gumayusi,T1,LCK,ADC,LCK Summer · saison régulière,42,0.5,4.73,1025.0,-14.0,54.0,1011.0
Zeus,T1,LCK,Top,LCK Summer · saison régulière,42,0.5,2.98,1023.0,-14.0,54.0,1009.0
Lehends,KT Rolster,LCK,Support,LCK Summer · saison régulière,40,0.85,5.25,991.0,7.0,54.0,998.0
Deft,Dplus Kia,LCK,ADC,LCK Summer · saison régulière,37,0.622,4.99,999.0,-3.0,54.0,996.0
Oner,T1,LCK,Jungle,LCK Summer · saison régulière,42,0.5,3.6,976.0,-14.0,54.0,962.0
ShowMaker,Dplus Kia,LCK,Mid,LCK Summer · saison régulière,40,0.6,4.82,937.0,-6.0,54.0,931.0
Canyon,Dplus Kia,LCK,Jungle,LCK Summer · saison régulière,40,0.6,4.22,934.0,-6.0,54.0,928.0
Zeka,Hanwha Life Esports,LCK,Mid,LCK Summer · saison régulière,41,0.658,5.21,920.0,8.0,54.0,928.0
Clid,Hanwha Life Esports,LCK,Jungle,LCK Summer · saison régulière,15,0.667,3.82,921.0,5.0,55.0,926.0
Viper,Hanwha Life Esports,LCK,ADC,LCK Summer · saison régulière,41,0.658,4.87,911.0,8.0,54.0,919.0
Kingen,Hanwha Life Esports,LCK,Top,LCK Summer · saison régulière,41,0.658,3.67,899.0,8.0,54.0,907.0
Jun,DN SOOPers,LCK,Support,LCK Summer · saison régulière,18,0.444,2.79,897.0,6.0,55.0,903.0
Canna,Dplus Kia,LCK,Top,LCK Summer · saison régulière,40,0.6,2.95,903.0,-6.0,54.0,897.0
Kellin,Dplus Kia,LCK,Support,LCK Summer · saison régulière,27,0.593,5.53,869.0,1.0,54.0,870.0
Grizzly,Hanwha Life Esports,LCK,Jungle,LCK Summer · saison régulière,26,0.654,3.98,837.0,3.0,54.0,840.0
Willer,Liiv SANDBOX,LCK,Jungle,LCK Summer · saison régulière,40,0.3,2.97,825.0,-6.0,54.0,819.0
Life,FunPlus Phoenix,LCK,Support,LCK Summer · saison régulière,41,0.658,3.7,800.0,8.0,54.0,808.0
Burdol,LGD Gaming,LCK,Top,LCK Summer · saison régulière,23,0.261,2.2,795.0,-8.0,55.0,787.0
Bible,Dplus Kia,LCK,Support,LCK Summer · saison régulière,13,0.615,2.81,783.0,-7.0,55.0,776.0
YoungJae,DN SOOPers,LCK,Jungle,LCK Summer · saison régulière,38,0.263,2.6,764.0,-4.0,54.0,760.0
Effort,HANJIN BRION,LCK,Support,LCK Summer · saison régulière,45,0.333,2.64,755.0,3.0,54.0,758.0
Clozer,Liiv SANDBOX,LCK,Mid,LCK Summer · saison régulière,40,0.3,2.85,754.0,-6.0,54.0,748.0
DuDu,DN SOOPers,LCK,Top,LCK Summer · saison régulière,38,0.263,2.35,752.0,-4.0,54.0,748.0
FATE,Kiwoom DRX,LCK,Mid,LCK Summer · saison régulière,34,0.441,4.13,726.0,8.0,54.0,734.0
Juhan,Kiwoom DRX,LCK,Jungle,LCK Summer · saison régulière,18,0.389,2.33,735.0,-2.0,55.0,733.0
BuLLDoG,DN SOOPers,LCK,Mid,LCK Summer · saison régulière,38,0.263,2.04,728.0,-4.0,54.0,724.0
Kael,Anyone's Legend,LCK,Support,LCK Summer · saison régulière,40,0.3,2.47,715.0,-6.0,54.0,709.0
UmTi,HANJIN BRION,LCK,Jungle,LCK Summer · saison régulière,45,0.333,2.86,699.0,3.0,54.0,702.0
Taeyoon,DN SOOPers,LCK,ADC,LCK Summer · saison régulière,38,0.263,1.71,694.0,-4.0,54.0,690.0
Hena,HANJIN BRION,LCK,ADC,LCK Summer · saison régulière,45,0.333,3.34,679.0,3.0,54.0,682.0
Paduck,Kiwoom DRX,LCK,ADC,LCK Summer · saison régulière,43,0.372,2.77,677.0,4.0,54.0,681.0
Morgan,HANJIN BRION,LCK,Top,LCK Summer · saison régulière,45,0.333,2.12,673.0,3.0,54.0,676.0
Peter,Nongshim RedForce,LCK,Support,LCK Summer · saison régulière,43,0.302,2.97,665.0,4.0,54.0,669.0
Quad,Nongshim RedForce,LCK,Mid,LCK Summer · saison régulière,12,0.25,1.57,664.0,-2.0,55.0,662.0
Sylvie,Nongshim RedForce,LCK,Jungle,LCK Summer · saison régulière,43,0.302,2.37,651.0,4.0,54.0,655.0
DnDn,Nongshim RedForce,LCK,Top,LCK Summer · saison régulière,43,0.302,1.6,638.0,4.0,54.0,642.0
FIESTA,Nongshim RedForce,LCK,Mid,LCK Summer · saison régulière,31,0.323,2.69,610.0,6.0,54.0,616.0
BeryL,Kiwoom DRX,LCK,Support,LCK Summer · saison régulière,43,0.372,2.09,607.0,4.0,54.0,611.0
Teddy,Liiv SANDBOX,LCK,ADC,LCK Summer · saison régulière,40,0.3,2.89,609.0,-6.0,54.0,603.0
Rascal,Kiwoom DRX,LCK,Top,LCK Summer · saison régulière,43,0.372,1.9,581.0,4.0,54.0,585.0
Karis,HANJIN BRION,LCK,Mid,LCK Summer · saison régulière,35,0.343,3.49,572.0,2.0,54.0,574.0
Clear,Liiv SANDBOX,LCK,Top,LCK Summer · saison régulière,17,0.353,2.43,568.0,2.0,55.0,570.0
vital,Nongshim Esports Academy,LCKC,ADC,LCK Summer · saison régulière,7,0.286,2.15,569.0,-2.0,55.0,567.0
Croco,Anyone's Legend,LCK,Jungle,LCK Summer · saison régulière,25,0.36,2.84,496.0,6.0,55.0,502.0
Jiwoo,Nongshim RedForce,LCK,ADC,LCK Summer · saison régulière,36,0.306,2.43,447.0,6.0,54.0,453.0
Feisty,KT Rolster Challengers,LCKC,Mid,LCK Summer · saison régulière,1,1.0,9.5,448.0,4.0,55.0,452.0
Hype,KT Rolster Challengers,LCKC,ADC,LCK Summer · saison régulière,1,1.0,7.33,444.0,4.0,55.0,448.0
HamBak,KT Rolster Challengers,LCKC,Jungle,LCK Summer · saison régulière,1,1.0,17.0,437.0,4.0,55.0,441.0
PerfecT,KT Rolster Challengers,LCKC,Top,LCK Summer · saison régulière,1,1.0,13.0,412.0,4.0,55.0,416.0
Rahel,Dplus Kia Challengers,LCKC,ADC,LCK Summer · saison régulière,3,0.333,2.2,419.0,-4.0,55.0,415.0
Way,KT Rolster Challengers,LCKC,Support,LCK Summer · saison régulière,1,1.0,4.0,287.0,4.0,55.0,291.0
Ivory,HANJIN BRION Challengers,LCKC,Mid,LCK Summer · saison régulière,10,0.3,1.45,184.0,1.0,55.0,185.0
Andil,DN SOOPers,LCK,Support,LCK Summer · saison régulière,20,0.1,1.35,89.0,-10.0,55.0,79.0
Poby,T1 Esports Academy,LCK,Mid,LCK Summer · saison régulière,18,0.222,1.6,-276.0,-13.0,55.0,-289.0
Bible,Dplus Kia,LCK,Support,LCKC Spring · playoffs,12,0.75,3.37,783.0,5.0,55.0,788.0
Clear,Liiv SANDBOX,LCK,Top,LCKC Spring · playoffs,14,0.5,3.54,568.0,-1.0,55.0,567.0
Callme,Nongshim Esports Academy,LCKC,Mid,LCKC Spring · playoffs,1,0.0,4.0,541.0,-1.0,55.0,540.0
Bay,T1 Esports Academy,LCKC,Mid,LCKC Spring · playoffs,13,0.538,4.41,509.0,7.0,55.0,516.0
Lucid,Dplus Kia Challengers,LCKC,Jungle,LCKC Spring · playoffs,21,0.619,4.0,511.0,0.0,55.0,511.0
Pullbae,Dplus Kia Challengers,LCKC,Mid,LCKC Spring · playoffs,21,0.619,4.19,506.0,0.0,55.0,506.0
Thanatos,Dplus Kia Challengers,LCKC,Top,LCKC Spring · playoffs,21,0.619,3.89,504.0,0.0,55.0,504.0
Sponge,Kiwoom DRX Challengers,LCKC,Jungle,LCKC Spring · playoffs,14,0.5,2.7,473.0,-1.0,55.0,472.0
Jiwoo,Nongshim RedForce,LCK,ADC,LCKC Spring · playoffs,5,0.4,2.46,447.0,2.0,55.0,449.0
Duro,Hanwha Life Esports Challengers,LCKC,Support,LCKC Spring · playoffs,3,0.0,2.71,452.0,-6.0,55.0,446.0
Feisty,KT Rolster Challengers,LCKC,Mid,LCKC Spring · playoffs,12,0.417,3.46,448.0,-2.0,55.0,446.0
Hype,KT Rolster Challengers,LCKC,ADC,LCKC Spring · playoffs,12,0.417,3.41,444.0,-2.0,55.0,442.0
Kice,Papara SuperMassive,LCKC,Support,LCKC Spring · playoffs,1,0.0,0.25,440.0,-2.0,55.0,438.0
HamBak,KT Rolster Challengers,LCKC,Jungle,LCKC Spring · playoffs,12,0.417,3.14,437.0,-2.0,55.0,435.0
Rahel,Dplus Kia Challengers,LCKC,ADC,LCKC Spring · playoffs,21,0.619,6.0,419.0,0.0,55.0,419.0
PerfecT,KT Rolster Challengers,LCKC,Top,LCKC Spring · playoffs,1,0.0,0.33,412.0,-2.0,55.0,410.0
SeTab,Kiwoom DRX Challengers,LCKC,Mid,LCKC Spring · playoffs,14,0.5,2.53,408.0,-1.0,55.0,407.0
Lure,Hanwha Life Esports Challengers,LCKC,ADC,LCKC Spring · playoffs,3,0.0,2.57,412.0,-6.0,55.0,406.0
Rooster,Hanwha Life Esports Challengers,LCKC,Top,LCKC Spring · playoffs,3,0.0,1.15,394.0,-6.0,55.0,388.0
Sounda,Nongshim Esports Academy,LCKC,Jungle,LCKC Spring · playoffs,5,0.4,4.22,386.0,2.0,55.0,388.0
Roamer,Hanwha Life Esports Challengers,LCKC,Mid,LCKC Spring · playoffs,3,0.0,4.0,393.0,-6.0,55.0,387.0
Pleata,Kiwoom DRX Challengers,LCKC,ADC,LCKC Spring · playoffs,14,0.5,5.25,376.0,-1.0,55.0,375.0
Piero,Kiwoom DRX Challengers,LCKC,Support,LCKC Spring · playoffs,14,0.5,3.49,368.0,-1.0,55.0,367.0
Smash,T1 Esports Academy,LCKC,ADC,LCKC Spring · playoffs,13,0.538,5.0,352.0,7.0,55.0,359.0
Baut,T1 Esports Academy,LCKC,Support,LCKC Spring · playoffs,13,0.538,3.75,333.0,7.0,55.0,340.0
Luon,Nongshim Esports Academy,LCKC,Support,LCKC Spring · playoffs,5,0.4,2.53,333.0,2.0,55.0,335.0
Castle,KT Rolster Challengers,LCKC,Top,LCKC Spring · playoffs,11,0.454,2.03,331.0,1.0,55.0,332.0
Mihile,Nongshim Esports Academy,LCKC,Top,LCKC Spring · playoffs,5,0.4,2.73,319.0,2.0,55.0,321.0
Dal,T1 Esports Academy,LCKC,Top,LCKC Spring · playoffs,13,0.538,1.73,309.0,7.0,55.0,316.0
Forest,T1 Esports Academy,LCKC,Jungle,LCKC Spring · playoffs,13,0.538,3.08,308.0,7.0,55.0,315.0
Guwon,Hanwha Life Esports Challengers,LCKC,Jungle,LCKC Spring · playoffs,3,0.0,1.75,306.0,-6.0,55.0,300.0
Way,KT Rolster Challengers,LCKC,Support,LCKC Spring · playoffs,11,0.454,3.36,287.0,1.0,55.0,288.0
Loopy,Dplus Kia Challengers,LCKC,Support,LCKC Spring · playoffs,9,0.444,3.53,281.0,-5.0,55.0,276.0
Calix,Nongshim Esports Academy,LCKC,Mid,LCKC Spring · playoffs,4,0.5,5.4,232.0,3.0,55.0,235.0
Grizzly,Hanwha Life Esports,LCK,Jungle,LCKC Spring · saison régulière,2,1.0,5.67,837.0,-0.0,55.0,837.0
Bible,Dplus Kia,LCK,Support,LCKC Spring · saison régulière,2,0.5,5.0,783.0,-3.0,55.0,780.0
Paduck,Kiwoom DRX,LCK,ADC,LCKC Spring · saison régulière,3,0.667,4.0,677.0,1.0,55.0,678.0
Clear,Liiv SANDBOX,LCK,Top,LCKC Spring · saison régulière,43,0.674,4.97,568.0,1.0,54.0,569.0
Callme,Nongshim Esports Academy,LCKC,Mid,LCKC Spring · saison régulière,21,0.571,3.23,541.0,-4.0,55.0,537.0
Bay,T1 Esports Academy,LCKC,Mid,LCKC Spring · saison régulière,48,0.562,4.62,509.0,-0.0,54.0,509.0
Lucid,Dplus Kia Challengers,LCKC,Jungle,LCKC Spring · saison régulière,45,0.644,4.08,511.0,-2.0,54.0,509.0
Pullbae,Dplus Kia Challengers,LCKC,Mid,LCKC Spring · saison régulière,44,0.659,4.15,506.0,1.0,54.0,507.0
Thanatos,Dplus Kia Challengers,LCKC,Top,LCKC Spring · saison régulière,45,0.644,3.84,504.0,-2.0,54.0,502.0
Sponge,Kiwoom DRX Challengers,LCKC,Jungle,LCKC Spring · saison régulière,43,0.674,3.15,473.0,1.0,54.0,474.0
Feisty,KT Rolster Challengers,LCKC,Mid,LCKC Spring · saison régulière,43,0.674,4.9,448.0,10.0,54.0,458.0
Duro,Hanwha Life Esports Challengers,LCKC,Support,LCKC Spring · saison régulière,46,0.609,6.13,452.0,4.0,54.0,456.0
Hype,KT Rolster Challengers,LCKC,ADC,LCKC Spring · saison régulière,43,0.674,6.84,444.0,10.0,54.0,454.0
Kice,Papara SuperMassive,LCKC,Support,LCKC Spring · saison régulière,32,0.688,5.6,440.0,7.0,54.0,447.0
HamBak,KT Rolster Challengers,LCKC,Jungle,LCKC Spring · saison régulière,43,0.674,4.24,437.0,10.0,54.0,447.0
Jiwoo,Nongshim RedForce,LCK,ADC,LCKC Spring · saison régulière,44,0.591,4.11,447.0,-7.0,54.0,440.0
Rahel,Dplus Kia Challengers,LCKC,ADC,LCKC Spring · saison régulière,45,0.644,5.5,419.0,-2.0,54.0,417.0
Lure,Hanwha Life Esports Challengers,LCKC,ADC,LCKC Spring · saison régulière,46,0.609,5.2,412.0,4.0,54.0,416.0
PerfecT,KT Rolster Challengers,LCKC,Top,LCKC Spring · saison régulière,13,0.615,3.04,412.0,3.0,55.0,415.0
Loki,Hanwha Life Esports Challengers,LCKC,Mid,LCKC Spring · saison régulière,7,0.571,4.29,412.0,-2.0,55.0,410.0
SeTab,Kiwoom DRX Challengers,LCKC,Mid,LCKC Spring · saison régulière,40,0.675,2.73,408.0,-2.0,54.0,406.0
Roamer,Hanwha Life Esports Challengers,LCKC,Mid,LCKC Spring · saison régulière,39,0.615,5.03,393.0,6.0,54.0,399.0
Rooster,Hanwha Life Esports Challengers,LCKC,Top,LCKC Spring · saison régulière,46,0.609,3.86,394.0,4.0,54.0,398.0
Enosh,HANJIN BRION Challengers,LCKC,ADC,LCKC Spring · saison régulière,18,0.444,3.93,383.0,6.0,55.0,389.0
Sounda,Nongshim Esports Academy,LCKC,Jungle,LCKC Spring · saison régulière,44,0.591,3.24,386.0,-7.0,54.0,379.0
Pleata,Kiwoom DRX Challengers,LCKC,ADC,LCKC Spring · saison régulière,40,0.675,6.21,376.0,0.0,54.0,376.0
Piero,Kiwoom DRX Challengers,LCKC,Support,LCKC Spring · saison régulière,43,0.674,4.44,368.0,1.0,54.0,369.0
Casting,Gen.G Global Academy,LCKC,Top,LCKC Spring · saison régulière,20,0.5,3.64,350.0,3.0,55.0,353.0
Smash,T1 Esports Academy,LCKC,ADC,LCKC Spring · saison régulière,48,0.562,4.67,352.0,-0.0,54.0,352.0
Castle,KT Rolster Challengers,LCKC,Top,LCKC Spring · saison régulière,30,0.7,3.12,331.0,7.0,54.0,338.0
Baut,T1 Esports Academy,LCKC,Support,LCKC Spring · saison régulière,47,0.574,4.47,333.0,1.0,54.0,334.0
Luon,Nongshim Esports Academy,LCKC,Support,LCKC Spring · saison régulière,44,0.591,3.46,333.0,-7.0,54.0,326.0
Mihile,Nongshim Esports Academy,LCKC,Top,LCKC Spring · saison régulière,44,0.591,2.65,319.0,-7.0,54.0,312.0
Guwon,Hanwha Life Esports Challengers,LCKC,Jungle,LCKC Spring · saison régulière,44,0.591,3.96,306.0,5.0,54.0,311.0
Dal,T1 Esports Academy,LCKC,Top,LCKC Spring · saison régulière,48,0.562,2.98,309.0,-0.0,54.0,309.0
Forest,T1 Esports Academy,LCKC,Jungle,LCKC Spring · saison régulière,48,0.562,2.35,308.0,-0.0,54.0,308.0
Way,KT Rolster Challengers,LCKC,Support,LCKC Spring · saison régulière,11,0.636,5.82,287.0,3.0,55.0,290.0
Loopy,Dplus Kia Challengers,LCKC,Support,LCKC Spring · saison régulière,43,0.651,4.16,281.0,1.0,54.0,282.0
Guti,Liiv SANDBOX Youth,LCKC,Mid,LCKC Spring · saison régulière,42,0.357,3.22,278.0,3.0,54.0,281.0
Winner,Gen.G Global Academy,LCKC,Jungle,LCKC Spring · saison régulière,46,0.37,2.88,280.0,-2.0,54.0,278.0
Zest,Gen.G Global Academy,LCKC,Top,LCKC Spring · saison régulière,26,0.269,2.94,281.0,-5.0,54.0,276.0
Lospa,Gen.G Global Academy,LCKC,Support,LCKC Spring · saison régulière,46,0.37,3.02,254.0,-2.0,54.0,252.0
Quid,100 Thieves,LCS,Mid,LCKC Spring · saison régulière,46,0.37,3.08,253.0,-2.0,54.0,251.0
xpd,Gen.G Global Academy,LCKC,ADC,LCKC Spring · saison régulière,46,0.37,2.94,235.0,-2.0,54.0,233.0
Calix,Nongshim Esports Academy,LCKC,Mid,LCKC Spring · saison régulière,23,0.609,3.86,232.0,-3.0,55.0,229.0
IlllIma,DN SOOPers Challengers,LCKC,Top,LCKC Spring · saison régulière,20,0.3,1.79,205.0,4.0,55.0,209.0
PlanB,Liiv SANDBOX Youth,LCKC,Support,LCKC Spring · saison régulière,47,0.34,3.09,200.0,-1.0,54.0,199.0
Bull,DN SOOPers Challengers,LCKC,ADC,LCKC Spring · saison régulière,42,0.262,3.49,189.0,3.0,54.0,192.0
Diable,Liiv SANDBOX Youth,LCKC,ADC,LCKC Spring · saison régulière,47,0.34,3.21,183.0,-1.0,54.0,182.0
Vincenzo,Liiv SANDBOX Youth,LCKC,Jungle,LCKC Spring · saison régulière,47,0.34,2.57,181.0,-1.0,54.0,180.0
Ivory,HANJIN BRION Challengers,LCKC,Mid,LCKC Spring · saison régulière,40,0.25,2.4,184.0,-6.0,54.0,178.0
DDahyuk,Liiv SANDBOX Youth,LCKC,Top,LCKC Spring · saison régulière,47,0.34,2.13,178.0,-1.0,54.0,177.0
DDoiV,HANJIN BRION Challengers,LCKC,Jungle,LCKC Spring · saison régulière,6,0.0,1.27,178.0,-2.0,55.0,176.0
Cleaver,DN SOOPers Challengers,LCKC,Mid,LCKC Spring · saison régulière,42,0.262,1.89,150.0,3.0,54.0,153.0
Pollu,HANJIN BRION Challengers,LCKC,Support,LCKC Spring · saison régulière,37,0.27,2.76,142.0,-3.0,54.0,139.0
Lancer,DN SOOPers Challengers,LCKC,Top,LCKC Spring · saison régulière,22,0.227,1.33,135.0,-1.0,55.0,134.0
Saint,Dplus Kia Academy,LAS,Mid,LCKC Spring · saison régulière,1,0.0,0.4,96.0,-3.0,55.0,93.0
Andil,DN SOOPers,LCK,Support,LCKC Spring · saison régulière,42,0.262,2.13,89.0,3.0,54.0,92.0
Frim,HANJIN BRION Challengers,LCKC,Top,LCKC Spring · saison régulière,40,0.25,2.02,93.0,-6.0,54.0,87.0
Raptor,HANJIN BRION Challengers,LCKC,Jungle,LCKC Spring · saison régulière,34,0.294,2.38,88.0,-4.0,54.0,84.0
Guti,Liiv SANDBOX Youth,LCKC,Mid,LCKC Spring · saison régulière,5,0.2,1.32,79.0,-4.0,55.0,75.0
Courage,DN SOOPers Challengers,LCKC,Jungle,LCKC Spring · saison régulière,42,0.262,2.24,41.0,3.0,54.0,44.0
Gyosoo,HANJIN BRION Academy,LAS,Support,LCKC Spring · saison régulière,3,0.0,1.7,-7.0,-3.0,55.0,-10.0
Gamin,Galakticos,TCL,ADC,LCKC Spring · saison régulière,22,0.091,2.92,-149.0,-12.0,55.0,-161.0
deokdam,FunPlus Phoenix,LCKC,ADC,LCKC Summer · playoffs,14,0.5,4.31,688.0,-3.0,55.0,685.0
vital,Nongshim Esports Academy,LCKC,ADC,LCKC Summer · playoffs,13,0.692,6.94,569.0,9.0,55.0,578.0
Callme,Nongshim Esports Academy,LCKC,Mid,LCKC Summer · playoffs,13,0.692,4.52,541.0,9.0,55.0,550.0
Lucid,Dplus Kia Challengers,LCKC,Jungle,LCKC Summer · playoffs,17,0.529,3.8,511.0,-2.0,55.0,509.0
Pullbae,Dplus Kia Challengers,LCKC,Mid,LCKC Summer · playoffs,17,0.529,3.47,506.0,-2.0,55.0,504.0
Thanatos,Dplus Kia Challengers,LCKC,Top,LCKC Summer · playoffs,17,0.529,3.11,504.0,-2.0,55.0,502.0
Frog,Kiwoom DRX Challengers,LCKC,Top,LCKC Summer · playoffs,14,0.5,4.05,494.0,-3.0,55.0,491.0
Sponge,Kiwoom DRX Challengers,LCKC,Jungle,LCKC Summer · playoffs,14,0.5,4.11,473.0,-3.0,55.0,470.0
Duro,Hanwha Life Esports Challengers,LCKC,Support,LCKC Summer · playoffs,11,0.454,3.3,452.0,1.0,55.0,453.0
Feisty,KT Rolster Challengers,LCKC,Mid,LCKC Summer · playoffs,4,0.25,2.42,448.0,-1.0,55.0,447.0
Hype,KT Rolster Challengers,LCKC,ADC,LCKC Summer · playoffs,4,0.25,3.86,444.0,-1.0,55.0,443.0
HamBak,KT Rolster Challengers,LCKC,Jungle,LCKC Summer · playoffs,4,0.25,1.79,437.0,-1.0,55.0,436.0
Rahel,Dplus Kia Challengers,LCKC,ADC,LCKC Summer · playoffs,17,0.529,3.7,419.0,-2.0,55.0,417.0
Lure,Hanwha Life Esports Challengers,LCKC,ADC,LCKC Summer · playoffs,11,0.454,5.67,412.0,1.0,55.0,413.0
PerfecT,KT Rolster Challengers,LCKC,Top,LCKC Summer · playoffs,4,0.25,1.55,412.0,-1.0,55.0,411.0
SeTab,Kiwoom DRX Challengers,LCKC,Mid,LCKC Summer · playoffs,14,0.5,3.81,408.0,-3.0,55.0,405.0
Rooster,Hanwha Life Esports Challengers,LCKC,Top,LCKC Summer · playoffs,11,0.454,4.3,394.0,1.0,55.0,395.0
Sounda,Nongshim Esports Academy,LCKC,Jungle,LCKC Summer · playoffs,13,0.692,3.8,386.0,9.0,55.0,395.0
Roamer,Hanwha Life Esports Challengers,LCKC,Mid,LCKC Summer · playoffs,11,0.454,4.62,393.0,1.0,55.0,394.0
Pleata,Kiwoom DRX Challengers,LCKC,ADC,LCKC Summer · playoffs,14,0.5,3.56,376.0,-3.0,55.0,373.0
Luon,Nongshim Esports Academy,LCKC,Support,LCKC Summer · playoffs,13,0.692,4.96,333.0,9.0,55.0,342.0
Mihile,Nongshim Esports Academy,LCKC,Top,LCKC Summer · playoffs,13,0.692,2.26,319.0,9.0,55.0,328.0
Guwon,Hanwha Life Esports Challengers,LCKC,Jungle,LCKC Summer · playoffs,11,0.454,2.97,306.0,1.0,55.0,307.0
Way,KT Rolster Challengers,LCKC,Support,LCKC Summer · playoffs,4,0.25,3.38,287.0,-1.0,55.0,286.0
Zest,Gen.G Global Academy,LCKC,Top,LCKC Summer · playoffs,3,0.0,1.4,281.0,-5.0,55.0,276.0
Winner,Gen.G Global Academy,LCKC,Jungle,LCKC Summer · playoffs,3,0.0,0.55,280.0,-5.0,55.0,275.0
Lospa,Gen.G Global Academy,LCKC,Support,LCKC Summer · playoffs,3,0.0,0.89,254.0,-5.0,55.0,249.0
Thumb,Dplus Kia Challengers,LCKC,Support,LCKC Summer · playoffs,17,0.529,2.67,234.0,-2.0,55.0,232.0
xpd,Gen.G Global Academy,LCKC,ADC,LCKC Summer · playoffs,3,0.0,0.5,235.0,-5.0,55.0,230.0
Ophelia,Gen.G Global Academy,LCKC,Mid,LCKC Summer · playoffs,3,0.0,0.8,194.0,-5.0,55.0,189.0
Kellin,Dplus Kia,LCK,Support,LCKC Summer · saison régulière,5,0.4,2.88,869.0,-8.0,55.0,861.0
Grizzly,Hanwha Life Esports,LCK,Jungle,LCKC Summer · saison régulière,11,0.909,6.65,837.0,4.0,55.0,841.0
Bible,Dplus Kia,LCK,Support,LCKC Summer · saison régulière,27,0.889,5.0,783.0,13.0,54.0,796.0
Effort,HANJIN BRION,LCK,Support,LCKC Summer · saison régulière,2,1.0,9.0,755.0,2.0,55.0,757.0
deokdam,FunPlus Phoenix,LCKC,ADC,LCKC Summer · saison régulière,22,0.727,8.06,688.0,9.0,55.0,697.0
DnDn,Nongshim RedForce,LCK,Top,LCKC Summer · saison régulière,2,1.0,10.0,638.0,2.0,55.0,640.0
vital,Nongshim Esports Academy,LCKC,ADC,LCKC Summer · saison régulière,30,0.7,5.83,569.0,9.0,54.0,578.0
Karis,HANJIN BRION,LCK,Mid,LCKC Summer · saison régulière,11,0.454,6.13,572.0,-2.0,55.0,570.0
Callme,Nongshim Esports Academy,LCKC,Mid,LCKC Summer · saison régulière,35,0.657,3.61,541.0,-1.0,54.0,540.0
Lucid,Dplus Kia Challengers,LCKC,Jungle,LCKC Summer · saison régulière,44,0.75,5.51,511.0,6.0,54.0,517.0
Thanatos,Dplus Kia Challengers,LCKC,Top,LCKC Summer · saison régulière,44,0.75,4.28,504.0,6.0,54.0,510.0
Pullbae,Dplus Kia Challengers,LCKC,Mid,LCKC Summer · saison régulière,41,0.756,4.43,506.0,4.0,54.0,510.0
Moham,DN SOOPers Challengers,LCKC,Support,LCKC Summer · saison régulière,22,0.364,3.13,505.0,0.0,55.0,505.0
Frog,Kiwoom DRX Challengers,LCKC,Top,LCKC Summer · saison régulière,45,0.644,3.78,494.0,-1.0,54.0,493.0
Sponge,Kiwoom DRX Challengers,LCKC,Jungle,LCKC Summer · saison régulière,45,0.644,4.53,473.0,-1.0,54.0,472.0
Duro,Hanwha Life Esports Challengers,LCKC,Support,LCKC Summer · saison régulière,44,0.614,4.54,452.0,-1.0,54.0,451.0
Jiwoo,Nongshim RedForce,LCK,ADC,LCKC Summer · saison régulière,8,0.5,3.29,447.0,-3.0,55.0,444.0
Feisty,KT Rolster Challengers,LCKC,Mid,LCKC Summer · saison régulière,42,0.595,4.46,448.0,-8.0,54.0,440.0
Hype,KT Rolster Challengers,LCKC,ADC,LCKC Summer · saison régulière,42,0.595,4.47,444.0,-8.0,54.0,436.0
HamBak,KT Rolster Challengers,LCKC,Jungle,LCKC Summer · saison régulière,42,0.595,3.4,437.0,-8.0,54.0,429.0
Rahel,Dplus Kia Challengers,LCKC,ADC,LCKC Summer · saison régulière,44,0.75,5.86,419.0,6.0,54.0,425.0
Loki,Hanwha Life Esports Challengers,LCKC,Mid,LCKC Summer · saison régulière,3,0.667,5.29,412.0,0.0,55.0,412.0
PerfecT,KT Rolster Challengers,LCKC,Top,LCKC Summer · saison régulière,37,0.622,3.33,412.0,-1.0,54.0,411.0
Lure,Hanwha Life Esports Challengers,LCKC,ADC,LCKC Summer · saison régulière,44,0.614,6.98,412.0,-1.0,54.0,411.0
SeTab,Kiwoom DRX Challengers,LCKC,Mid,LCKC Summer · saison régulière,45,0.644,3.58,408.0,-1.0,54.0,407.0
Rooster,Hanwha Life Esports Challengers,LCKC,Top,LCKC Summer · saison régulière,44,0.614,4.1,394.0,-1.0,54.0,393.0
Roamer,Hanwha Life Esports Challengers,LCKC,Mid,LCKC Summer · saison régulière,41,0.61,4.09,393.0,-1.0,54.0,392.0
Sounda,Nongshim Esports Academy,LCKC,Jungle,LCKC Summer · saison régulière,42,0.643,3.96,386.0,2.0,54.0,388.0
Enosh,HANJIN BRION Challengers,LCKC,ADC,LCKC Summer · saison régulière,42,0.405,3.78,383.0,2.0,54.0,385.0
Pleata,Kiwoom DRX Challengers,LCKC,ADC,LCKC Summer · saison régulière,42,0.619,4.93,376.0,-3.0,54.0,373.0
Casting,Gen.G Global Academy,LCKC,Top,LCKC Summer · saison régulière,7,0.286,2.21,350.0,-2.0,55.0,348.0
Smash,T1 Esports Academy,LCKC,ADC,LCKC Summer · saison régulière,39,0.308,3.35,352.0,-5.0,54.0,347.0
Luon,Nongshim Esports Academy,LCKC,Support,LCKC Summer · saison régulière,42,0.643,3.22,333.0,2.0,54.0,335.0
Baut,T1 Esports Academy,LCKC,Support,LCKC Summer · saison régulière,41,0.293,2.89,333.0,-6.0,54.0,327.0
Castle,KT Rolster Challengers,LCKC,Top,LCKC Summer · saison régulière,5,0.4,2.36,331.0,-7.0,55.0,324.0
Mihile,Nongshim Esports Academy,LCKC,Top,LCKC Summer · saison régulière,40,0.625,2.64,319.0,-0.0,54.0,319.0
Dal,T1 Esports Academy,LCKC,Top,LCKC Summer · saison régulière,41,0.293,2.41,309.0,-6.0,54.0,303.0
Forest,T1 Esports Academy,LCKC,Jungle,LCKC Summer · saison régulière,41,0.293,1.77,308.0,-6.0,54.0,302.0
Guwon,Hanwha Life Esports Challengers,LCKC,Jungle,LCKC Summer · saison régulière,33,0.515,4.34,306.0,-5.0,54.0,301.0
Zest,Gen.G Global Academy,LCKC,Top,LCKC Summer · saison régulière,35,0.429,3.92,281.0,8.0,54.0,289.0
Winner,Gen.G Global Academy,LCKC,Jungle,LCKC Summer · saison régulière,42,0.405,3.82,280.0,6.0,54.0,286.0
Way,KT Rolster Challengers,LCKC,Support,LCKC Summer · saison régulière,42,0.595,3.82,287.0,-8.0,54.0,279.0
Lospa,Gen.G Global Academy,LCKC,Support,LCKC Summer · saison régulière,42,0.405,3.64,254.0,6.0,54.0,260.0
xpd,Gen.G Global Academy,LCKC,ADC,LCKC Summer · saison régulière,42,0.405,3.38,235.0,6.0,54.0,241.0
Kangin,HANJIN BRION Challengers,LCKC,Top,LCKC Summer · saison régulière,22,0.364,2.42,238.0,-1.0,55.0,237.0
Thumb,Dplus Kia Challengers,LCKC,Support,LCKC Summer · saison régulière,12,0.583,2.38,234.0,2.0,55.0,236.0
Calix,Nongshim Esports Academy,LCKC,Mid,LCKC Summer · saison régulière,11,0.546,3.28,232.0,-1.0,55.0,231.0
IlllIma,DN SOOPers Challengers,LCKC,Top,LCKC Summer · saison régulière,38,0.316,1.77,205.0,-1.0,54.0,204.0
PlanB,Liiv SANDBOX Youth,LCKC,Support,LCKC Summer · saison régulière,41,0.317,2.12,200.0,1.0,54.0,201.0
Ophelia,Gen.G Global Academy,LCKC,Mid,LCKC Summer · saison régulière,42,0.405,3.19,194.0,6.0,54.0,200.0
Career,Kiwoom DRX Challengers,LCKC,Support,LCKC Summer · saison régulière,26,0.615,3.18,199.0,-7.0,54.0,192.0
Ivory,HANJIN BRION Challengers,LCKC,Mid,LCKC Summer · saison régulière,31,0.387,3.25,184.0,4.0,54.0,188.0
Bull,DN SOOPers Challengers,LCKC,ADC,LCKC Summer · saison régulière,41,0.293,3.02,189.0,-2.0,54.0,187.0
Diable,Liiv SANDBOX Youth,LCKC,ADC,LCKC Summer · saison régulière,41,0.317,3.23,183.0,1.0,54.0,184.0
Vincenzo,Liiv SANDBOX Youth,LCKC,Jungle,LCKC Summer · saison régulière,41,0.317,2.59,181.0,1.0,54.0,182.0
DDoiV,HANJIN BRION Challengers,LCKC,Jungle,LCKC Summer · saison régulière,6,0.5,4.25,178.0,3.0,55.0,181.0
DDahyuk,Liiv SANDBOX Youth,LCKC,Top,LCKC Summer · saison régulière,41,0.317,2.06,178.0,1.0,54.0,179.0
Cleaver,DN SOOPers Challengers,LCKC,Mid,LCKC Summer · saison régulière,41,0.293,1.97,150.0,-2.0,54.0,148.0
Pollu,HANJIN BRION Challengers,LCKC,Support,LCKC Summer · saison régulière,40,0.375,3.66,142.0,0.0,54.0,142.0
Lancer,DN SOOPers Challengers,LCKC,Top,LCKC Summer · saison régulière,3,0.0,0.67,135.0,-0.0,55.0,135.0
Saint,Dplus Kia Academy,LAS,Mid,LCKC Summer · saison régulière,3,0.667,3.5,96.0,2.0,55.0,98.0
Frim,HANJIN BRION Challengers,LCKC,Top,LCKC Summer · saison régulière,20,0.45,2.61,93.0,4.0,55.0,97.0
Andil,DN SOOPers,LCK,Support,LCKC Summer · saison régulière,19,0.21,2.84,89.0,-2.0,55.0,87.0
Raptor,HANJIN BRION Challengers,LCKC,Jungle,LCKC Summer · saison régulière,36,0.389,3.57,88.0,-1.0,54.0,87.0
Guti,Liiv SANDBOX Youth,LCKC,Mid,LCKC Summer · saison régulière,41,0.317,2.51,79.0,1.0,54.0,80.0
Nice,T1 Esports Academy,LCKC,Mid,LCKC Summer · saison régulière,25,0.32,2.22,59.0,-8.0,55.0,51.0
Pressure,DN SOOPers Academy,LAS,Jungle,LCKC Summer · saison régulière,3,0.667,4.83,37.0,7.0,55.0,44.0
Courage,DN SOOPers Challengers,LCKC,Jungle,LCKC Summer · saison régulière,38,0.263,2.43,41.0,-8.0,54.0,33.0
Cypher,T1 Esports Academy Rookies,LAS,ADC,LCKC Summer · saison régulière,2,0.0,1.91,3.0,-0.0,55.0,3.0
Poby,T1 Esports Academy,LCK,Mid,LCKC Summer · saison régulière,16,0.25,1.88,-276.0,2.0,55.0,-274.0
BioPanther,Chiefs Esports Club,LCO,Top,LCO Split 1 · playoffs,21,0.619,6.45,-71.0,4.0,55.0,-67.0
Daystar,Team Bliss,LCO,Mid,LCO Split 1 · playoffs,19,0.632,3.73,-81.0,4.0,55.0,-77.0
Raes,Chiefs Esports Club,LCO,ADC,LCO Split 1 · playoffs,21,0.619,5.59,-109.0,4.0,55.0,-105.0
Kisee,Chiefs Esports Club,LCO,Mid,LCO Split 1 · playoffs,21,0.619,4.4,-109.0,4.0,55.0,-105.0
Lived,Team Bliss,LCO,Top,LCO Split 1 · playoffs,19,0.632,2.89,-117.0,4.0,55.0,-113.0
Aladoric,Chiefs Esports Club,LCO,Support,LCO Split 1 · playoffs,21,0.619,4.95,-135.0,4.0,55.0,-131.0
Leemas,Team Bliss,LCO,ADC,LCO Split 1 · playoffs,19,0.632,3.53,-168.0,4.0,55.0,-164.0
Whynot,Team Bliss,LCO,Jungle,LCO Split 1 · playoffs,19,0.632,3.23,-168.0,4.0,55.0,-164.0
Babip,Chiefs Esports Club,LCO,Jungle,LCO Split 1 · playoffs,21,0.619,4.32,-266.0,4.0,55.0,-262.0
Apii,Pentanet.GG,LCO,Support,LCO Split 1 · playoffs,11,0.454,3.56,-275.0,-1.0,55.0,-276.0
Violet,Pentanet.GG,LCO,ADC,LCO Split 1 · playoffs,11,0.454,5.86,-321.0,-1.0,55.0,-322.0
Shernfire,Pentanet.GG,LCO,Jungle,LCO Split 1 · playoffs,11,0.454,3.59,-322.0,-1.0,55.0,-323.0
Benvi,Team Bliss,LCO,Support,LCO Split 1 · playoffs,19,0.632,2.9,-331.0,4.0,55.0,-327.0
zorenous,Dire Wolves,LCO,Top,LCO Split 1 · playoffs,14,0.429,1.62,-347.0,-4.0,55.0,-351.0
Decoy,Dire Wolves,LCO,Support,LCO Split 1 · playoffs,14,0.429,2.54,-349.0,-4.0,55.0,-353.0
Chippys,Pentanet.GG,LCO,Top,LCO Split 1 · playoffs,11,0.454,3.54,-354.0,-1.0,55.0,-355.0
Chazz,Dire Wolves,LCO,Mid,LCO Split 1 · playoffs,14,0.429,4.0,-355.0,-4.0,55.0,-359.0
DONGGY,Pentanet.GG,LCO,Mid,LCO Split 1 · playoffs,11,0.454,4.96,-360.0,-1.0,55.0,-361.0
Praedyth,Dire Wolves,LCO,ADC,LCO Split 1 · playoffs,14,0.429,2.61,-359.0,-4.0,55.0,-363.0
Poltron,Dire Wolves,LCO,Jungle,LCO Split 1 · playoffs,14,0.429,1.76,-422.0,-4.0,55.0,-426.0
Danteh,Vertex Esports Club,LCO,ADC,LCO Split 1 · playoffs,5,0.4,3.0,-508.0,-1.0,55.0,-509.0
DaJeung,MAMMOTH,LCO,Mid,LCO Split 1 · playoffs,4,0.0,0.76,-517.0,-4.0,55.0,-521.0
1Blue,Kanga Esports,LCO,Top,LCO Split 1 · playoffs,6,0.333,1.09,-624.0,2.0,55.0,-622.0
Shinki,Kanga Esports,LCO,Top,LCO Split 1 · playoffs,6,0.333,2.58,-627.0,2.0,55.0,-625.0
Gooby,Ground Zero Gaming,LCO,Jungle,LCO Split 1 · playoffs,5,0.4,3.5,-636.0,-1.0,55.0,-637.0
Bulldawg,Ground Zero Gaming,LCO,Support,LCO Split 1 · playoffs,5,0.4,3.75,-636.0,-1.0,55.0,-637.0
mfis,Ground Zero Gaming,LCO,Mid,LCO Split 1 · playoffs,5,0.4,2.47,-672.0,-1.0,55.0,-673.0
Tron,Ground Zero Gaming,LCO,Top,LCO Split 1 · playoffs,5,0.4,1.38,-676.0,-1.0,55.0,-677.0
Hoopa,Ground Zero Gaming,LCO,ADC,LCO Split 1 · playoffs,6,0.333,2.0,-702.0,2.0,55.0,-700.0
Fighto,Kanga Esports,LCO,Mid,LCO Split 1 · playoffs,6,0.333,3.69,-705.0,2.0,55.0,-703.0
Meifan,Kanga Esports,LCO,Jungle,LCO Split 1 · playoffs,6,0.333,1.93,-743.0,2.0,55.0,-741.0
Ch1Chi,MAMMOTH,LCO,Top,LCO Split 1 · playoffs,4,0.0,0.71,-753.0,-4.0,55.0,-757.0
Entrust,MAMMOTH,LCO,Support,LCO Split 1 · playoffs,4,0.0,1.0,-754.0,-4.0,55.0,-758.0
Voice,Kanga Esports,LCO,ADC,LCO Split 1 · playoffs,4,0.0,1.32,-843.0,-4.0,55.0,-847.0
Weizhe,Nate9527,PCL,Top,LCO Split 1 · saison régulière,2,0.5,3.8,277.0,-1.0,55.0,276.0
NuL1,West Point Esports,PCS,Mid,LCO Split 1 · saison régulière,2,0.5,3.17,40.0,-1.0,55.0,39.0
BioPanther,Chiefs Esports Club,LCO,Top,LCO Split 1 · saison régulière,7,0.571,5.91,-71.0,-2.0,55.0,-73.0
Daystar,Team Bliss,LCO,Mid,LCO Split 1 · saison régulière,6,0.667,2.65,-81.0,-4.0,55.0,-85.0
Raes,Chiefs Esports Club,LCO,ADC,LCO Split 1 · saison régulière,7,0.571,5.11,-109.0,-2.0,55.0,-111.0
Kisee,Chiefs Esports Club,LCO,Mid,LCO Split 1 · saison régulière,7,0.571,5.33,-109.0,-2.0,55.0,-111.0
Lived,Team Bliss,LCO,Top,LCO Split 1 · saison régulière,6,0.667,2.23,-117.0,-4.0,55.0,-121.0
Aladoric,Chiefs Esports Club,LCO,Support,LCO Split 1 · saison régulière,7,0.571,7.85,-135.0,-2.0,55.0,-137.0
Leemas,Team Bliss,LCO,ADC,LCO Split 1 · saison régulière,6,0.667,4.45,-168.0,-4.0,55.0,-172.0
Whynot,Team Bliss,LCO,Jungle,LCO Split 1 · saison régulière,6,0.667,2.54,-168.0,-4.0,55.0,-172.0
Babip,Chiefs Esports Club,LCO,Jungle,LCO Split 1 · saison régulière,7,0.571,4.88,-266.0,-2.0,55.0,-268.0
Apii,Pentanet.GG,LCO,Support,LCO Split 1 · saison régulière,6,0.667,5.25,-275.0,1.0,55.0,-274.0
Chayon,MAMMOTH,LCO,ADC,LCO Split 1 · saison régulière,2,0.5,2.67,-277.0,-1.0,55.0,-278.0
Violet,Pentanet.GG,LCO,ADC,LCO Split 1 · saison régulière,6,0.667,4.36,-321.0,1.0,55.0,-320.0
Shernfire,Pentanet.GG,LCO,Jungle,LCO Split 1 · saison régulière,6,0.667,3.17,-322.0,1.0,55.0,-321.0
Benvi,Team Bliss,LCO,Support,LCO Split 1 · saison régulière,6,0.667,3.0,-331.0,-4.0,55.0,-335.0
zorenous,Dire Wolves,LCO,Top,LCO Split 1 · saison régulière,7,0.857,7.3,-347.0,8.0,55.0,-339.0
Decoy,Dire Wolves,LCO,Support,LCO Split 1 · saison régulière,7,0.857,8.42,-349.0,8.0,55.0,-341.0
Chazz,Dire Wolves,LCO,Mid,LCO Split 1 · saison régulière,7,0.857,4.73,-355.0,8.0,55.0,-347.0
Praedyth,Dire Wolves,LCO,ADC,LCO Split 1 · saison régulière,7,0.857,9.78,-359.0,8.0,55.0,-351.0
Chippys,Pentanet.GG,LCO,Top,LCO Split 1 · saison régulière,6,0.667,2.93,-354.0,1.0,55.0,-353.0
DONGGY,Pentanet.GG,LCO,Mid,LCO Split 1 · saison régulière,6,0.667,10.6,-360.0,1.0,55.0,-359.0
Poltron,Dire Wolves,LCO,Jungle,LCO Split 1 · saison régulière,7,0.857,3.91,-422.0,8.0,55.0,-414.0
Ko1eee,Dire Wolves,LCO,Jungle,LCO Split 1 · saison régulière,2,0.5,1.9,-421.0,-1.0,55.0,-422.0
Danteh,Vertex Esports Club,LCO,ADC,LCO Split 1 · saison régulière,6,0.333,2.47,-508.0,2.0,55.0,-506.0
DaJeung,MAMMOTH,LCO,Mid,LCO Split 1 · saison régulière,6,0.167,1.56,-517.0,-1.0,55.0,-518.0
1Blue,Kanga Esports,LCO,Top,LCO Split 1 · saison régulière,6,0.167,1.19,-624.0,-2.0,55.0,-626.0
Shinki,Kanga Esports,LCO,Top,LCO Split 1 · saison régulière,6,0.167,1.89,-627.0,-2.0,55.0,-629.0
Gooby,Ground Zero Gaming,LCO,Jungle,LCO Split 1 · saison régulière,6,0.333,2.35,-636.0,2.0,55.0,-634.0
Bulldawg,Ground Zero Gaming,LCO,Support,LCO Split 1 · saison régulière,6,0.333,2.26,-636.0,2.0,55.0,-634.0
mfis,Ground Zero Gaming,LCO,Mid,LCO Split 1 · saison régulière,6,0.333,2.75,-672.0,2.0,55.0,-670.0
Tron,Ground Zero Gaming,LCO,Top,LCO Split 1 · saison régulière,6,0.333,2.69,-676.0,2.0,55.0,-674.0
Hoopa,Ground Zero Gaming,LCO,ADC,LCO Split 1 · saison régulière,6,0.167,1.65,-702.0,-2.0,55.0,-704.0
Fighto,Kanga Esports,LCO,Mid,LCO Split 1 · saison régulière,6,0.167,2.0,-705.0,-2.0,55.0,-707.0
Meifan,Kanga Esports,LCO,Jungle,LCO Split 1 · saison régulière,6,0.167,1.36,-743.0,-2.0,55.0,-745.0
Ch1Chi,MAMMOTH,LCO,Top,LCO Split 1 · saison régulière,6,0.167,0.78,-753.0,-1.0,55.0,-754.0
Entrust,MAMMOTH,LCO,Support,LCO Split 1 · saison régulière,6,0.167,1.4,-754.0,-1.0,55.0,-755.0
Voice,Kanga Esports,LCO,ADC,LCO Split 1 · saison régulière,6,0.167,1.39,-843.0,-1.0,55.0,-844.0
Kevy,Chiefs Esports Club,LCO,Jungle,LCO Split 2 · playoffs,9,0.889,5.42,200.0,3.0,55.0,203.0
BioPanther,Chiefs Esports Club,LCO,Top,LCO Split 2 · playoffs,11,0.727,5.04,-71.0,-1.0,55.0,-72.0
Daystar,Team Bliss,LCO,Mid,LCO Split 2 · playoffs,8,0.625,8.15,-81.0,6.0,55.0,-75.0
Akia,Team Bliss,LCO,Support,LCO Split 2 · playoffs,8,0.625,4.04,-115.0,6.0,55.0,-109.0
Raes,Chiefs Esports Club,LCO,ADC,LCO Split 2 · playoffs,11,0.727,4.6,-109.0,-1.0,55.0,-110.0
Kisee,Chiefs Esports Club,LCO,Mid,LCO Split 2 · playoffs,11,0.727,4.25,-109.0,-1.0,55.0,-110.0
Lived,Team Bliss,LCO,Top,LCO Split 2 · playoffs,8,0.625,4.8,-117.0,6.0,55.0,-111.0
Aladoric,Chiefs Esports Club,LCO,Support,LCO Split 2 · playoffs,11,0.727,3.72,-135.0,-1.0,55.0,-136.0
Leemas,Team Bliss,LCO,ADC,LCO Split 2 · playoffs,8,0.625,5.47,-168.0,6.0,55.0,-162.0
Whynot,Team Bliss,LCO,Jungle,LCO Split 2 · playoffs,8,0.625,4.22,-168.0,6.0,55.0,-162.0
Souli,MAMMOTH,LCO,Jungle,LCO Split 2 · playoffs,9,0.444,3.33,-250.0,2.0,55.0,-248.0
Yursan,MAMMOTH,LCO,Support,LCO Split 2 · playoffs,9,0.444,2.62,-261.0,2.0,55.0,-259.0
Thien,MAMMOTH,LCO,Top,LCO Split 2 · playoffs,9,0.444,2.11,-266.0,2.0,55.0,-264.0
Babip,Chiefs Esports Club,LCO,Jungle,LCO Split 2 · playoffs,2,0.0,1.14,-266.0,-4.0,55.0,-270.0
Chayon,MAMMOTH,LCO,ADC,LCO Split 2 · playoffs,9,0.444,2.62,-277.0,2.0,55.0,-275.0
Apii,Pentanet.GG,LCO,Support,LCO Split 2 · playoffs,2,0.0,2.2,-275.0,-4.0,55.0,-279.0
Violet,Pentanet.GG,LCO,ADC,LCO Split 2 · playoffs,2,0.0,3.33,-321.0,-4.0,55.0,-325.0
Shernfire,Pentanet.GG,LCO,Jungle,LCO Split 2 · playoffs,2,0.0,1.62,-322.0,-4.0,55.0,-326.0
zorenous,Dire Wolves,LCO,Top,LCO Split 2 · playoffs,5,0.2,2.19,-347.0,-7.0,55.0,-354.0
Decoy,Dire Wolves,LCO,Support,LCO Split 2 · playoffs,5,0.2,3.07,-349.0,-7.0,55.0,-356.0
Chippys,Pentanet.GG,LCO,Top,LCO Split 2 · playoffs,2,0.0,0.64,-354.0,-4.0,55.0,-358.0
Chazz,Dire Wolves,LCO,Mid,LCO Split 2 · playoffs,5,0.2,2.12,-355.0,-7.0,55.0,-362.0
DONGGY,Pentanet.GG,LCO,Mid,LCO Split 2 · playoffs,2,0.0,1.86,-360.0,-4.0,55.0,-364.0
Praedyth,Dire Wolves,LCO,ADC,LCO Split 2 · playoffs,5,0.2,2.56,-359.0,-7.0,55.0,-366.0
Ko1eee,Dire Wolves,LCO,Jungle,LCO Split 2 · playoffs,5,0.2,3.13,-421.0,-7.0,55.0,-428.0
Danteh,Vertex Esports Club,LCO,ADC,LCO Split 2 · playoffs,5,0.4,2.06,-508.0,4.0,55.0,-504.0
DaJeung,MAMMOTH,LCO,Mid,LCO Split 2 · playoffs,9,0.444,2.5,-517.0,2.0,55.0,-515.0
Chirp,Vertex Esports Club,LCO,Mid,LCO Split 2 · playoffs,5,0.4,1.88,-522.0,4.0,55.0,-518.0
Rosey,Vertex Esports Club,LCO,Support,LCO Split 2 · playoffs,5,0.4,2.11,-569.0,4.0,55.0,-565.0
Tomasino,Vertex Esports Club,LCO,Top,LCO Split 2 · playoffs,5,0.4,0.88,-614.0,4.0,55.0,-610.0
Kevy,Chiefs Esports Club,LCO,Jungle,LCO Split 2 · saison régulière,8,0.75,5.32,200.0,-2.0,55.0,198.0
BioPanther,Chiefs Esports Club,LCO,Top,LCO Split 2 · saison régulière,15,0.8,8.76,-71.0,-2.0,55.0,-73.0
Daystar,Team Bliss,LCO,Mid,LCO Split 2 · saison régulière,15,0.867,11.6,-81.0,2.0,55.0,-79.0
Raes,Chiefs Esports Club,LCO,ADC,LCO Split 2 · saison régulière,15,0.8,5.51,-109.0,-2.0,55.0,-111.0
Kisee,Chiefs Esports Club,LCO,Mid,LCO Split 2 · saison régulière,15,0.8,5.68,-109.0,-2.0,55.0,-111.0
Akia,Team Bliss,LCO,Support,LCO Split 2 · saison régulière,15,0.867,3.74,-115.0,2.0,55.0,-113.0
Lived,Team Bliss,LCO,Top,LCO Split 2 · saison régulière,15,0.867,3.82,-117.0,2.0,55.0,-115.0
Aladoric,Chiefs Esports Club,LCO,Support,LCO Split 2 · saison régulière,15,0.8,5.97,-135.0,-2.0,55.0,-137.0
Leemas,Team Bliss,LCO,ADC,LCO Split 2 · saison régulière,15,0.867,7.85,-168.0,2.0,55.0,-166.0
Whynot,Team Bliss,LCO,Jungle,LCO Split 2 · saison régulière,15,0.867,4.56,-168.0,2.0,55.0,-166.0
Souli,MAMMOTH,LCO,Jungle,LCO Split 2 · saison régulière,13,0.615,3.71,-250.0,3.0,55.0,-247.0
Yursan,MAMMOTH,LCO,Support,LCO Split 2 · saison régulière,11,0.636,5.0,-261.0,4.0,55.0,-257.0
Thien,MAMMOTH,LCO,Top,LCO Split 2 · saison régulière,13,0.615,2.6,-266.0,3.0,55.0,-263.0
Babip,Chiefs Esports Club,LCO,Jungle,LCO Split 2 · saison régulière,7,0.857,6.77,-266.0,-0.0,55.0,-266.0
Apii,Pentanet.GG,LCO,Support,LCO Split 2 · saison régulière,12,0.583,6.59,-275.0,4.0,55.0,-271.0
Chayon,MAMMOTH,LCO,ADC,LCO Split 2 · saison régulière,13,0.615,4.87,-277.0,3.0,55.0,-274.0
Violet,Pentanet.GG,LCO,ADC,LCO Split 2 · saison régulière,14,0.571,4.93,-321.0,2.0,55.0,-319.0
Shernfire,Pentanet.GG,LCO,Jungle,LCO Split 2 · saison régulière,14,0.571,3.33,-322.0,2.0,55.0,-320.0
zorenous,Dire Wolves,LCO,Top,LCO Split 2 · saison régulière,14,0.571,2.67,-347.0,4.0,55.0,-343.0
Decoy,Dire Wolves,LCO,Support,LCO Split 2 · saison régulière,14,0.571,4.3,-349.0,4.0,55.0,-345.0
Chazz,Dire Wolves,LCO,Mid,LCO Split 2 · saison régulière,14,0.571,4.05,-355.0,4.0,55.0,-351.0
Chippys,Pentanet.GG,LCO,Top,LCO Split 2 · saison régulière,14,0.571,4.42,-354.0,2.0,55.0,-352.0
Praedyth,Dire Wolves,LCO,ADC,LCO Split 2 · saison régulière,14,0.571,4.12,-359.0,4.0,55.0,-355.0
DONGGY,Pentanet.GG,LCO,Mid,LCO Split 2 · saison régulière,14,0.571,4.42,-360.0,2.0,55.0,-358.0
Ko1eee,Dire Wolves,LCO,Jungle,LCO Split 2 · saison régulière,12,0.667,3.65,-421.0,7.0,55.0,-414.0
Poltron,Dire Wolves,LCO,Jungle,LCO Split 2 · saison régulière,2,0.0,1.17,-422.0,-2.0,55.0,-424.0
Danteh,Vertex Esports Club,LCO,ADC,LCO Split 2 · saison régulière,10,0.3,1.7,-508.0,-2.0,55.0,-510.0
DaJeung,MAMMOTH,LCO,Mid,LCO Split 2 · saison régulière,13,0.615,4.39,-517.0,3.0,55.0,-514.0
Chirp,Vertex Esports Club,LCO,Mid,LCO Split 2 · saison régulière,12,0.25,1.38,-522.0,-3.0,55.0,-525.0
Rosey,Vertex Esports Club,LCO,Support,LCO Split 2 · saison régulière,14,0.214,1.64,-569.0,-5.0,55.0,-574.0
Yue,Vertex Esports Club,LCO,Jungle,LCO Split 2 · saison régulière,10,0.3,1.98,-587.0,-1.0,55.0,-588.0
Tomasino,Vertex Esports Club,LCO,Top,LCO Split 2 · saison régulière,14,0.214,1.61,-614.0,-5.0,55.0,-619.0
Shinki,Kanga Esports,LCO,Top,LCO Split 2 · saison régulière,14,0.143,1.55,-627.0,-2.0,55.0,-629.0
Gooby,Ground Zero Gaming,LCO,Jungle,LCO Split 2 · saison régulière,13,0.154,2.38,-636.0,-2.0,55.0,-638.0
Bulldawg,Ground Zero Gaming,LCO,Support,LCO Split 2 · saison régulière,13,0.154,2.15,-636.0,-2.0,55.0,-638.0
Jayke,Kanga Esports,LCO,Support,LCO Split 2 · saison régulière,14,0.143,1.71,-652.0,-2.0,55.0,-654.0
mfis,Ground Zero Gaming,LCO,Mid,LCO Split 2 · saison régulière,13,0.154,2.06,-672.0,-2.0,55.0,-674.0
Tron,Ground Zero Gaming,LCO,Top,LCO Split 2 · saison régulière,13,0.154,1.42,-676.0,-2.0,55.0,-678.0
Hoopa,Ground Zero Gaming,LCO,ADC,LCO Split 2 · saison régulière,13,0.154,2.22,-702.0,-2.0,55.0,-704.0
Fighto,Kanga Esports,LCO,Mid,LCO Split 2 · saison régulière,14,0.143,1.65,-705.0,-2.0,55.0,-707.0
Meifan,Kanga Esports,LCO,Jungle,LCO Split 2 · saison régulière,14,0.143,1.36,-743.0,-2.0,55.0,-745.0
Voice,Kanga Esports,LCO,ADC,LCO Split 2 · saison régulière,14,0.143,1.84,-843.0,-2.0,55.0,-845.0
Berserker,Cloud9,LCS,ADC,LCS Spring · playoffs,11,0.818,6.89,765.0,6.0,55.0,771.0
Zven,Cloud9,LCS,Support,LCS Spring · playoffs,11,0.818,6.5,752.0,6.0,55.0,758.0
EMENES,Cloud9,LCS,Mid,LCS Spring · playoffs,11,0.818,4.87,733.0,6.0,55.0,739.0
Blaber,Cloud9,LCS,Jungle,LCS Spring · playoffs,11,0.818,4.28,723.0,6.0,55.0,729.0
Fudge,Cloud9,LCS,Top,LCS Spring · playoffs,11,0.818,4.5,723.0,6.0,55.0,729.0
Eyla,Evil Geniuses,LCS,Support,LCS Spring · playoffs,6,0.5,3.05,718.0,-1.0,55.0,717.0
Gori,Golden Guardians,LCS,Mid,LCS Spring · playoffs,17,0.588,4.0,681.0,4.0,55.0,685.0
FBI,NRG,LCS,ADC,LCS Spring · playoffs,6,0.5,2.0,669.0,-0.0,55.0,669.0
VicLa,Rare Atom,LCS,Mid,LCS Spring · playoffs,11,0.454,2.76,655.0,-2.0,55.0,653.0
River,Golden Guardians,LCS,Jungle,LCS Spring · playoffs,17,0.588,4.14,648.0,4.0,55.0,652.0
Jojopyun,Evil Geniuses,LCS,Mid,LCS Spring · playoffs,6,0.5,3.07,647.0,-0.0,55.0,647.0
huhi,Golden Guardians,LCS,Support,LCS Spring · playoffs,17,0.588,4.82,638.0,4.0,55.0,642.0
Stixxay,Golden Guardians,LCS,ADC,LCS Spring · playoffs,17,0.588,4.62,634.0,4.0,55.0,638.0
Winsome,FlyQuest NZXT,NACL,Support,LCS Spring · playoffs,5,0.4,2.88,620.0,-2.0,55.0,618.0
Palafox,NRG,LCS,Mid,LCS Spring · playoffs,7,0.143,2.53,617.0,-3.0,55.0,614.0
Bjergsen,100 Thieves,LCS,Mid,LCS Spring · playoffs,8,0.25,4.69,612.0,-4.0,55.0,608.0
Inspired,Evil Geniuses,LCS,Jungle,LCS Spring · playoffs,6,0.5,4.18,606.0,-0.0,55.0,606.0
Licorice,Golden Guardians,LCS,Top,LCS Spring · playoffs,17,0.588,2.58,598.0,4.0,55.0,602.0
Contractz,NRG,LCS,Jungle,LCS Spring · playoffs,7,0.143,2.0,588.0,-3.0,55.0,585.0
Spica,FlyQuest,LCS,Jungle,LCS Spring · playoffs,11,0.454,3.0,556.0,-2.0,55.0,554.0
Dhokla,NRG,LCS,Top,LCS Spring · playoffs,7,0.143,1.79,549.0,-3.0,55.0,546.0
Impact,FlyQuest,LCS,Top,LCS Spring · playoffs,11,0.454,2.11,545.0,-2.0,55.0,543.0
Tenacity,100 Thieves,LCS,Top,LCS Spring · playoffs,8,0.25,2.1,523.0,-4.0,55.0,519.0
Prince,Team WE,LCS,ADC,LCS Spring · playoffs,11,0.454,3.0,511.0,-2.0,55.0,509.0
Closer,100 Thieves,LCS,Jungle,LCS Spring · playoffs,8,0.25,2.65,503.0,-4.0,55.0,499.0
Doublelift,100 Thieves,LCS,ADC,LCS Spring · playoffs,8,0.25,3.74,502.0,-4.0,55.0,498.0
Ssumday,100 Thieves,LCS,Top,LCS Spring · playoffs,6,0.5,3.67,486.0,-0.0,55.0,486.0
Luger,Counter Logic Gaming,LCS,ADC,LCS Spring · playoffs,7,0.143,2.35,487.0,-3.0,55.0,484.0
Busio,100 Thieves,LCS,Support,LCS Spring · playoffs,8,0.25,3.26,448.0,-4.0,55.0,444.0
Poome,Dignitas,LCS,Support,LCS Spring · playoffs,7,0.143,2.67,403.0,-3.0,55.0,400.0
Vulcan,FlyQuest,LCS,Support,LCS Spring · playoffs,6,0.5,3.6,342.0,-0.0,55.0,342.0
Berserker,Cloud9,LCS,ADC,LCS Spring · saison régulière,19,0.79,10.33,765.0,2.0,55.0,767.0
Zven,Cloud9,LCS,Support,LCS Spring · saison régulière,19,0.79,5.15,752.0,2.0,55.0,754.0
EMENES,Cloud9,LCS,Mid,LCS Spring · saison régulière,10,0.8,2.82,733.0,1.0,55.0,734.0
Blaber,Cloud9,LCS,Jungle,LCS Spring · saison régulière,19,0.79,3.79,723.0,2.0,55.0,725.0
Fudge,Cloud9,LCS,Top,LCS Spring · saison régulière,19,0.79,5.6,723.0,2.0,55.0,725.0
Eyla,Evil Geniuses,LCS,Support,LCS Spring · saison régulière,10,0.6,3.65,718.0,1.0,55.0,719.0
Gori,Golden Guardians,LCS,Mid,LCS Spring · saison régulière,16,0.562,4.09,681.0,-5.0,55.0,676.0
FBI,NRG,LCS,ADC,LCS Spring · saison régulière,19,0.526,5.31,669.0,1.0,55.0,670.0
VicLa,Rare Atom,LCS,Mid,LCS Spring · saison régulière,19,0.737,3.43,655.0,11.0,55.0,666.0
Jojopyun,Evil Geniuses,LCS,Mid,LCS Spring · saison régulière,18,0.5,2.46,647.0,-2.0,55.0,645.0
River,Golden Guardians,LCS,Jungle,LCS Spring · saison régulière,18,0.5,3.44,648.0,-8.0,55.0,640.0
huhi,Golden Guardians,LCS,Support,LCS Spring · saison régulière,18,0.5,5.24,638.0,-8.0,55.0,630.0
Winsome,FlyQuest NZXT,NACL,Support,LCS Spring · saison régulière,9,0.889,5.47,620.0,10.0,55.0,630.0
Stixxay,Golden Guardians,LCS,ADC,LCS Spring · saison régulière,18,0.5,4.0,634.0,-8.0,55.0,626.0
Summit,Team Liquid,LCS,Top,LCS Spring · saison régulière,18,0.444,2.11,630.0,-8.0,55.0,622.0
Palafox,NRG,LCS,Mid,LCS Spring · saison régulière,19,0.526,4.13,617.0,2.0,55.0,619.0
Bjergsen,100 Thieves,LCS,Mid,LCS Spring · saison régulière,20,0.6,5.67,612.0,6.0,55.0,618.0
Pyosik,Team Liquid,LCS,Jungle,LCS Spring · saison régulière,18,0.444,3.48,623.0,-8.0,55.0,615.0
CoreJJ,Team Liquid,LCS,Support,LCS Spring · saison régulière,18,0.444,3.98,619.0,-8.0,55.0,611.0
Revenge,Evil Geniuses,LCS,Top,LCS Spring · saison régulière,18,0.222,1.69,608.0,-1.0,55.0,607.0
Inspired,Evil Geniuses,LCS,Jungle,LCS Spring · saison régulière,19,0.526,5.14,606.0,1.0,55.0,607.0
Ignar,NRG,LCS,Support,LCS Spring · saison régulière,12,0.25,2.5,609.0,-2.0,55.0,607.0
Yeon,Team Liquid,LCS,ADC,LCS Spring · saison régulière,18,0.444,3.46,600.0,-8.0,55.0,592.0
Contractz,NRG,LCS,Jungle,LCS Spring · saison régulière,19,0.526,2.93,588.0,2.0,55.0,590.0
Licorice,Golden Guardians,LCS,Top,LCS Spring · saison régulière,18,0.5,1.96,598.0,-8.0,55.0,590.0
Spica,FlyQuest,LCS,Jungle,LCS Spring · saison régulière,19,0.737,4.69,556.0,11.0,55.0,567.0
Impact,FlyQuest,LCS,Top,LCS Spring · saison régulière,19,0.737,3.64,545.0,11.0,55.0,556.0
Dhokla,NRG,LCS,Top,LCS Spring · saison régulière,19,0.526,2.0,549.0,2.0,55.0,551.0
Tenacity,100 Thieves,LCS,Top,LCS Spring · saison régulière,20,0.6,4.05,523.0,6.0,55.0,529.0
Prince,Team WE,LCS,ADC,LCS Spring · saison régulière,19,0.737,5.84,511.0,11.0,55.0,522.0
Closer,100 Thieves,LCS,Jungle,LCS Spring · saison régulière,20,0.6,4.02,503.0,6.0,55.0,509.0
Doublelift,100 Thieves,LCS,ADC,LCS Spring · saison régulière,20,0.6,4.49,502.0,6.0,55.0,508.0
Luger,Counter Logic Gaming,LCS,ADC,LCS Spring · saison régulière,19,0.526,4.97,487.0,2.0,55.0,489.0
Ssumday,100 Thieves,LCS,Top,LCS Spring · saison régulière,19,0.526,4.14,486.0,1.0,55.0,487.0
Maple,PSG Talon,PCS,Mid,LCS Spring · saison régulière,18,0.444,3.37,485.0,0.0,55.0,485.0
Bugi,TSM,LCS,Jungle,LCS Spring · saison régulière,18,0.444,2.62,472.0,0.0,55.0,472.0
Busio,100 Thieves,LCS,Support,LCS Spring · saison régulière,20,0.6,3.91,448.0,6.0,55.0,454.0
Chime,TSM,LCS,Support,LCS Spring · saison régulière,18,0.444,4.17,443.0,0.0,55.0,443.0
Tomo,Dignitas,LCS,ADC,LCS Spring · saison régulière,9,0.333,2.64,423.0,-1.0,55.0,422.0
Haeri,Team Liquid Challengers,NACL,Mid,LCS Spring · saison régulière,18,0.444,2.63,428.0,-8.0,55.0,420.0
Poome,Dignitas,LCS,Support,LCS Spring · saison régulière,19,0.526,3.03,403.0,2.0,55.0,405.0
Neo,Mirage Alliance,NACL,ADC,LCS Spring · saison régulière,11,0.454,3.19,398.0,-0.0,55.0,398.0
Solo,Immortals,LCS,Top,LCS Spring · saison régulière,16,0.438,2.15,367.0,0.0,55.0,367.0
Diplex,Cloud9 Challengers,NACL,Mid,LCS Spring · saison régulière,9,0.778,6.75,354.0,1.0,55.0,355.0
Vulcan,FlyQuest,LCS,Support,LCS Spring · saison régulière,19,0.526,4.81,342.0,1.0,55.0,343.0
WildTurtle,TSM,LCS,ADC,LCS Spring · saison régulière,7,0.429,4.0,329.0,1.0,55.0,330.0
Hauntzer,TSM,LCS,Top,LCS Spring · saison régulière,2,0.5,7.5,322.0,0.0,55.0,322.0
Santorin,Dignitas,LCS,Jungle,LCS Spring · saison régulière,18,0.167,2.1,321.0,-5.0,55.0,316.0
Bolulu,Immortals,LCS,Mid,LCS Spring · saison régulière,7,0.286,5.73,307.0,4.0,55.0,311.0
Kenvi,Immortals,LCS,Jungle,LCS Spring · saison régulière,18,0.222,1.78,290.0,-1.0,55.0,289.0
Tactical,Immortals,LCS,ADC,LCS Spring · saison régulière,18,0.222,2.39,274.0,-1.0,55.0,273.0
Jensen,Dignitas,LCS,Mid,LCS Spring · saison régulière,18,0.167,1.83,270.0,-5.0,55.0,265.0
Fleshy,Papara SuperMassive,TCL,Support,LCS Spring · saison régulière,18,0.222,2.31,225.0,-1.0,55.0,224.0
Young,Disguised,NACL,Mid,LCS Spring · saison régulière,2,0.0,1.1,153.0,-3.0,55.0,150.0
Ablazeolive,Immortals,LCS,Mid,LCS Spring · saison régulière,11,0.182,0.97,127.0,-5.0,55.0,122.0
Ryoma,Evil Geniuses Challengers,NACL,Mid,LCS Spring · saison régulière,1,1.0,11.0,79.0,3.0,55.0,82.0
Spawn,Team Fish Taco,NACL,ADC,LCS Spring · saison régulière,9,0.0,0.52,3.0,-5.0,55.0,-2.0
Armut,Papara SuperMassive,TCL,Top,LCS Spring · saison régulière,18,0.167,1.6,-34.0,-5.0,55.0,-39.0
Berserker,Cloud9,LCS,ADC,LCS Summer · playoffs,10,0.7,6.11,765.0,-2.0,55.0,763.0
Zven,Cloud9,LCS,Support,LCS Summer · playoffs,10,0.7,3.61,752.0,-2.0,55.0,750.0
EMENES,Cloud9,LCS,Mid,LCS Summer · playoffs,10,0.7,3.47,733.0,-2.0,55.0,731.0
Blaber,Cloud9,LCS,Jungle,LCS Summer · playoffs,10,0.7,3.34,723.0,-2.0,55.0,721.0
Fudge,Cloud9,LCS,Top,LCS Summer · playoffs,10,0.7,2.57,723.0,-2.0,55.0,721.0
Eyla,Evil Geniuses,LCS,Support,LCS Summer · playoffs,12,0.333,3.03,718.0,-2.0,55.0,716.0
Gori,Golden Guardians,LCS,Mid,LCS Summer · playoffs,12,0.5,3.16,681.0,-1.0,55.0,680.0
FBI,NRG,LCS,ADC,LCS Summer · playoffs,20,0.6,5.22,669.0,8.0,55.0,677.0
River,Golden Guardians,LCS,Jungle,LCS Summer · playoffs,12,0.5,4.0,648.0,-1.0,55.0,647.0
Jojopyun,Evil Geniuses,LCS,Mid,LCS Summer · playoffs,12,0.333,2.51,647.0,-2.0,55.0,645.0
huhi,Golden Guardians,LCS,Support,LCS Summer · playoffs,12,0.5,3.17,638.0,-1.0,55.0,637.0
Summit,Team Liquid,LCS,Top,LCS Summer · playoffs,22,0.546,2.57,630.0,4.0,55.0,634.0
Stixxay,Golden Guardians,LCS,ADC,LCS Summer · playoffs,12,0.5,5.08,634.0,-1.0,55.0,633.0
Pyosik,Team Liquid,LCS,Jungle,LCS Summer · playoffs,22,0.546,4.2,623.0,4.0,55.0,627.0
Palafox,NRG,LCS,Mid,LCS Summer · playoffs,20,0.6,5.73,617.0,8.0,55.0,625.0
CoreJJ,Team Liquid,LCS,Support,LCS Summer · playoffs,22,0.546,2.73,619.0,4.0,55.0,623.0
Ignar,NRG,LCS,Support,LCS Summer · playoffs,20,0.6,4.72,609.0,8.0,55.0,617.0
Revenge,Evil Geniuses,LCS,Top,LCS Summer · playoffs,12,0.333,2.34,608.0,-2.0,55.0,606.0
Yeon,Team Liquid,LCS,ADC,LCS Summer · playoffs,22,0.546,4.4,600.0,4.0,55.0,604.0
Licorice,Golden Guardians,LCS,Top,LCS Summer · playoffs,12,0.5,3.96,598.0,-1.0,55.0,597.0
Contractz,NRG,LCS,Jungle,LCS Summer · playoffs,20,0.6,5.2,588.0,8.0,55.0,596.0
Dhokla,NRG,LCS,Top,LCS Summer · playoffs,20,0.6,2.56,549.0,8.0,55.0,557.0
Armao,Evil Geniuses Challengers,NACL,Jungle,LCS Summer · playoffs,2,0.0,3.0,538.0,-2.0,55.0,536.0
UNF0RGIVEN,Evil Geniuses,LCS,ADC,LCS Summer · playoffs,12,0.333,4.25,538.0,-2.0,55.0,536.0
Closer,100 Thieves,LCS,Jungle,LCS Summer · playoffs,4,0.25,3.0,503.0,-2.0,55.0,501.0
Doublelift,100 Thieves,LCS,ADC,LCS Summer · playoffs,4,0.25,4.83,502.0,-2.0,55.0,500.0
Rich,Dignitas,LCS,Top,LCS Summer · playoffs,8,0.375,1.93,489.0,-0.0,55.0,489.0
Ssumday,100 Thieves,LCS,Top,LCS Summer · playoffs,4,0.25,4.4,486.0,-2.0,55.0,484.0
Insanity,TSM,LCS,Mid,LCS Summer · playoffs,10,0.4,3.26,473.0,-6.0,55.0,467.0
Bugi,TSM,LCS,Jungle,LCS Summer · playoffs,10,0.4,2.54,472.0,-6.0,55.0,466.0
Busio,100 Thieves,LCS,Support,LCS Summer · playoffs,4,0.25,2.7,448.0,-2.0,55.0,446.0
Chime,TSM,LCS,Support,LCS Summer · playoffs,10,0.4,2.22,443.0,-6.0,55.0,437.0
Tomo,Dignitas,LCS,ADC,LCS Summer · playoffs,8,0.375,3.52,423.0,-0.0,55.0,423.0
Poome,Dignitas,LCS,Support,LCS Summer · playoffs,8,0.375,2.86,403.0,-0.0,55.0,403.0
APA,Team Liquid,LCS,Mid,LCS Summer · playoffs,22,0.546,2.7,356.0,4.0,55.0,360.0
WildTurtle,TSM,LCS,ADC,LCS Summer · playoffs,10,0.4,2.7,329.0,-6.0,55.0,323.0
Santorin,Dignitas,LCS,Jungle,LCS Summer · playoffs,8,0.375,3.62,321.0,-0.0,55.0,321.0
Hauntzer,TSM,LCS,Top,LCS Summer · playoffs,10,0.4,2.85,322.0,-6.0,55.0,316.0
Jensen,Dignitas,LCS,Mid,LCS Summer · playoffs,8,0.375,3.14,270.0,-0.0,55.0,270.0
Quid,100 Thieves,LCS,Mid,LCS Summer · playoffs,4,0.25,6.25,253.0,-2.0,55.0,251.0
Sheiden,Evil Geniuses,LCS,Jungle,LCS Summer · playoffs,10,0.4,3.11,80.0,0.0,55.0,80.0
Berserker,Cloud9,LCS,ADC,LCS Summer · saison régulière,19,0.737,8.24,765.0,2.0,55.0,767.0
Zven,Cloud9,LCS,Support,LCS Summer · saison régulière,19,0.737,5.44,752.0,2.0,55.0,754.0
EMENES,Cloud9,LCS,Mid,LCS Summer · saison régulière,19,0.737,5.71,733.0,2.0,55.0,735.0
Eyla,Evil Geniuses,LCS,Support,LCS Summer · saison régulière,18,0.667,4.5,718.0,7.0,55.0,725.0
Blaber,Cloud9,LCS,Jungle,LCS Summer · saison régulière,19,0.737,5.57,723.0,2.0,55.0,725.0
Fudge,Cloud9,LCS,Top,LCS Summer · saison régulière,19,0.737,4.08,723.0,2.0,55.0,725.0
Gori,Golden Guardians,LCS,Mid,LCS Summer · saison régulière,19,0.684,4.37,681.0,6.0,55.0,687.0
FBI,NRG,LCS,ADC,LCS Summer · saison régulière,18,0.5,3.51,669.0,-12.0,55.0,657.0
River,Golden Guardians,LCS,Jungle,LCS Summer · saison régulière,19,0.684,4.95,648.0,6.0,55.0,654.0
Jojopyun,Evil Geniuses,LCS,Mid,LCS Summer · saison régulière,18,0.667,4.17,647.0,7.0,55.0,654.0
VicLa,Rare Atom,LCS,Mid,LCS Summer · saison régulière,17,0.353,2.23,655.0,-8.0,55.0,647.0
huhi,Golden Guardians,LCS,Support,LCS Summer · saison régulière,19,0.684,3.35,638.0,6.0,55.0,644.0
Stixxay,Golden Guardians,LCS,ADC,LCS Summer · saison régulière,19,0.684,5.35,634.0,6.0,55.0,640.0
Summit,Team Liquid,LCS,Top,LCS Summer · saison régulière,18,0.556,2.71,630.0,7.0,55.0,637.0
Pyosik,Team Liquid,LCS,Jungle,LCS Summer · saison régulière,18,0.556,3.26,623.0,7.0,55.0,630.0
CoreJJ,Team Liquid,LCS,Support,LCS Summer · saison régulière,18,0.556,4.85,619.0,7.0,55.0,626.0
Revenge,Evil Geniuses,LCS,Top,LCS Summer · saison régulière,18,0.667,3.14,608.0,7.0,55.0,615.0
Yeon,Team Liquid,LCS,ADC,LCS Summer · saison régulière,18,0.556,5.55,600.0,7.0,55.0,607.0
Palafox,NRG,LCS,Mid,LCS Summer · saison régulière,18,0.5,4.47,617.0,-12.0,55.0,605.0
Licorice,Golden Guardians,LCS,Top,LCS Summer · saison régulière,19,0.684,3.36,598.0,6.0,55.0,604.0
Ignar,NRG,LCS,Support,LCS Summer · saison régulière,18,0.5,4.39,609.0,-12.0,55.0,597.0
Contractz,NRG,LCS,Jungle,LCS Summer · saison régulière,18,0.5,3.43,588.0,-12.0,55.0,576.0
Spica,FlyQuest,LCS,Jungle,LCS Summer · saison régulière,18,0.333,3.97,556.0,-9.0,55.0,547.0
UNF0RGIVEN,Evil Geniuses,LCS,ADC,LCS Summer · saison régulière,18,0.667,7.36,538.0,7.0,55.0,545.0
Armao,Evil Geniuses Challengers,NACL,Jungle,LCS Summer · saison régulière,15,0.6,4.49,538.0,2.0,55.0,540.0
Dhokla,NRG,LCS,Top,LCS Summer · saison régulière,18,0.5,2.69,549.0,-12.0,55.0,537.0
Impact,FlyQuest,LCS,Top,LCS Summer · saison régulière,18,0.333,2.64,545.0,-9.0,55.0,536.0
Prince,Team WE,LCS,ADC,LCS Summer · saison régulière,18,0.333,3.45,511.0,-9.0,55.0,502.0
Closer,100 Thieves,LCS,Jungle,LCS Summer · saison régulière,19,0.368,2.72,503.0,-2.0,55.0,501.0
Doublelift,100 Thieves,LCS,ADC,LCS Summer · saison régulière,19,0.368,3.05,502.0,-2.0,55.0,500.0
Rich,Dignitas,LCS,Top,LCS Summer · saison régulière,19,0.421,2.24,489.0,-0.0,55.0,489.0
Ssumday,100 Thieves,LCS,Top,LCS Summer · saison régulière,19,0.368,2.38,486.0,-2.0,55.0,484.0
Insanity,TSM,LCS,Mid,LCS Summer · saison régulière,15,0.533,3.02,473.0,10.0,55.0,483.0
Bugi,TSM,LCS,Jungle,LCS Summer · saison régulière,18,0.444,3.52,472.0,5.0,55.0,477.0
Chime,TSM,LCS,Support,LCS Summer · saison régulière,18,0.444,4.24,443.0,5.0,55.0,448.0
Ruby,TSM,LEC,Mid,LCS Summer · saison régulière,3,0.0,1.12,453.0,-5.0,55.0,448.0
Busio,100 Thieves,LCS,Support,LCS Summer · saison régulière,19,0.368,2.73,448.0,-2.0,55.0,446.0
Haeri,Team Liquid Challengers,NACL,Mid,LCS Summer · saison régulière,10,0.5,3.67,428.0,6.0,55.0,434.0
Tomo,Dignitas,LCS,ADC,LCS Summer · saison régulière,19,0.421,2.82,423.0,-0.0,55.0,423.0
Diamond,Dignitas,LCS,Support,LCS Summer · saison régulière,12,0.5,2.0,413.0,2.0,55.0,415.0
Poome,Dignitas,LCS,Support,LCS Summer · saison régulière,7,0.286,1.08,403.0,-3.0,55.0,400.0
Solo,Immortals,LCS,Top,LCS Summer · saison régulière,18,0.278,1.8,367.0,-3.0,55.0,364.0
APA,Team Liquid,LCS,Mid,LCS Summer · saison régulière,8,0.625,3.91,356.0,1.0,55.0,357.0
Treatz,Immortals,LCS,Support,LCS Summer · saison régulière,18,0.278,2.25,352.0,-3.0,55.0,349.0
WildTurtle,TSM,LCS,ADC,LCS Summer · saison régulière,18,0.444,3.39,329.0,5.0,55.0,334.0
Vulcan,FlyQuest,LCS,Support,LCS Summer · saison régulière,18,0.333,2.92,342.0,-9.0,55.0,333.0
Hauntzer,TSM,LCS,Top,LCS Summer · saison régulière,18,0.444,2.45,322.0,5.0,55.0,327.0
Santorin,Dignitas,LCS,Jungle,LCS Summer · saison régulière,19,0.421,3.25,321.0,-0.0,55.0,321.0
Bolulu,Immortals,LCS,Mid,LCS Summer · saison régulière,18,0.278,2.85,307.0,-3.0,55.0,304.0
Kenvi,Immortals,LCS,Jungle,LCS Summer · saison régulière,18,0.278,2.09,290.0,-3.0,55.0,287.0
Tactical,Immortals,LCS,ADC,LCS Summer · saison régulière,18,0.278,2.73,274.0,-3.0,55.0,271.0
Jensen,Dignitas,LCS,Mid,LCS Summer · saison régulière,19,0.421,3.76,270.0,-0.0,55.0,270.0
Quid,100 Thieves,LCS,Mid,LCS Summer · saison régulière,16,0.375,2.41,253.0,-2.0,55.0,251.0
Spirax,FlyQuest NZXT,NACL,Mid,LCS Summer · saison régulière,1,0.0,3.0,170.0,-1.0,55.0,169.0
Sheiden,Evil Geniuses,LCS,Jungle,LCS Summer · saison régulière,3,1.0,8.17,80.0,6.0,55.0,86.0
zhiqiuyi,Anyone's Legend,LPL,ADC,LDL Placements · saison régulière,4,0.75,3.17,768.0,3.0,55.0,771.0
Zorah,Rare Atom,LPL,Support,LDL Placements · saison régulière,3,1.0,5.25,690.0,5.0,55.0,695.0
Tianzhen,Invictus Gaming,LPL,Jungle,LDL Placements · saison régulière,3,1.0,4.75,668.0,4.0,55.0,672.0
Feather,Rare Atom,LPL,Support,LDL Placements · saison régulière,7,0.429,4.08,574.0,-5.0,55.0,569.0
Mori,Oh My God Academy,LDL,Jungle,LDL Placements · saison régulière,3,1.0,18.0,543.0,5.0,55.0,548.0
naiyou,Rare Atom,LDL,Jungle,LDL Placements · saison régulière,9,0.667,4.69,548.0,-6.0,55.0,542.0
1xn,ThunderTalk Gaming,LPL,ADC,LDL Placements · saison régulière,11,0.364,2.8,545.0,-6.0,55.0,539.0
Uneasy,LNG Academy,LDL,ADC,LDL Placements · saison régulière,11,0.636,5.55,518.0,6.0,55.0,524.0
milkyway,Royal Club,LDL,Jungle,LDL Placements · saison régulière,4,0.75,12.75,497.0,3.0,55.0,500.0
Xzz,Royal Club,LDL,Mid,LDL Placements · saison régulière,4,0.75,10.5,470.0,3.0,55.0,473.0
xiao7,MiaoJing (妙竞),LDL,Top,LDL Placements · saison régulière,4,0.75,13.0,442.0,5.0,55.0,447.0
JiaQi,Top Esports Challenger,LDL,ADC,LDL Placements · saison régulière,11,0.636,3.15,444.0,-7.0,55.0,437.0
Decade,LGD Gaming,LPL,Top,LDL Placements · saison régulière,11,0.636,3.39,427.0,5.0,55.0,432.0
Niket,Top Esports Challenger,LDL,Support,LDL Placements · saison régulière,11,0.636,3.22,436.0,-7.0,55.0,429.0
Wangxiao,Top Esports Challenger,LDL,Mid,LDL Placements · saison régulière,9,0.667,3.82,435.0,-6.0,55.0,429.0
Aspire,Top Esports Challenger,LDL,Top,LDL Placements · saison régulière,11,0.636,2.29,431.0,-7.0,55.0,424.0
Medzz,MAX,LDL,Mid,LDL Placements · saison régulière,11,0.546,3.27,417.0,-6.0,55.0,411.0
Such,MAX,LDL,ADC,LDL Placements · saison régulière,11,0.364,2.67,413.0,-3.0,55.0,410.0
Zinco,Royal Club,LDL,ADC,LDL Placements · saison régulière,4,0.75,3.0,406.0,3.0,55.0,409.0
Yge,Huya BUG,LDL,Jungle,LDL Placements · saison régulière,3,1.0,3.4,402.0,5.0,55.0,407.0
Ycx,Ji Jie Hao (集结号),LDL,Support,LDL Placements · saison régulière,4,0.25,3.44,398.0,0.0,55.0,398.0
Xiamu,EDG Youth Team,LDL,Support,LDL Placements · saison régulière,4,0.75,6.5,383.0,4.0,55.0,387.0
Wen,Invictus Gaming,LDL,Top,LDL Placements · saison régulière,3,1.0,12.67,381.0,4.0,55.0,385.0
Starry,Oh My God Academy,LDL,ADC,LDL Placements · saison régulière,3,1.0,22.5,378.0,5.0,55.0,383.0
705,Team WE Academy,LDL,Top,LDL Placements · saison régulière,6,0.667,2.64,377.0,2.0,55.0,379.0
Garvey,MAX,LDL,Top,LDL Placements · saison régulière,11,0.546,3.52,381.0,-6.0,55.0,375.0
MG,Invictus Gaming Young,LDL,Mid,LDL Placements · saison régulière,3,1.0,44.0,366.0,4.0,55.0,370.0
Coward,EDG Youth Team,LDL,Jungle,LDL Placements · saison régulière,4,0.75,6.5,361.0,4.0,55.0,365.0
Yumeng,Oh My God Academy,LDL,Mid,LDL Placements · saison régulière,3,1.0,17.0,357.0,5.0,55.0,362.0
xiaoyueji,Invictus Gaming,LDL,ADC,LDL Placements · saison régulière,3,1.0,22.0,355.0,4.0,55.0,359.0
Wunai3,Invictus Gaming Young,LDL,Support,LDL Placements · saison régulière,3,1.0,4.75,352.0,4.0,55.0,356.0
View,Team WE Academy,LDL,Jungle,LDL Placements · saison régulière,11,0.636,4.87,345.0,5.0,55.0,350.0
climber,Ji Jie Hao (集结号),LDL,Jungle,LDL Placements · saison régulière,4,0.25,2.27,318.0,0.0,55.0,318.0
Longqi,Royal Club,LDL,Top,LDL Placements · saison régulière,4,0.75,3.45,315.0,3.0,55.0,318.0
Kedaya,Team WE Academy,LDL,Support,LDL Placements · saison régulière,11,0.636,6.47,307.0,5.0,55.0,312.0
xHun,Ji Jie Hao (集结号),LDL,Mid,LDL Placements · saison régulière,4,0.25,4.29,309.0,0.0,55.0,309.0
BuLuKaKa,Team WE Academy,LDL,Mid,LDL Placements · saison régulière,11,0.636,3.27,300.0,5.0,55.0,305.0
6zc,FunPlus Phoenix Blaze,LDL,Jungle,LDL Placements · saison régulière,4,0.25,2.31,303.0,-1.0,55.0,302.0
Vinay,MAX,LDL,Support,LDL Placements · saison régulière,11,0.546,3.26,308.0,-6.0,55.0,302.0
Xiaoxiang,EDG Youth Team,LDL,Top,LDL Placements · saison régulière,1,1.0,4.0,287.0,2.0,55.0,289.0
Mysun,LNG Academy,LDL,Support,LDL Placements · saison régulière,11,0.636,4.07,270.0,6.0,55.0,276.0
redwall,Joy Dream,LDL,Top,LDL Placements · saison régulière,11,0.364,1.09,281.0,-6.0,55.0,275.0
Cyku,Weibo Gaming,LDL,Mid,LDL Placements · saison régulière,4,0.75,4.14,252.0,4.0,55.0,256.0
Renard,EDG Youth Team,LDL,ADC,LDL Placements · saison régulière,4,0.75,5.86,251.0,4.0,55.0,255.0
xiaosiji,Oh My God Academy,LDL,Support,LDL Placements · saison régulière,3,1.0,23.5,246.0,5.0,55.0,251.0
Rosielove,Ultra Prime Academy,LDL,Support,LDL Placements · saison régulière,3,0.0,2.0,254.0,-5.0,55.0,249.0
xLiang,Ji Jie Hao (集结号),LDL,ADC,LDL Placements · saison régulière,4,0.25,2.8,246.0,0.0,55.0,246.0
Hungry,Anyone's Legend.Young,LDL,ADC,LDL Placements · saison régulière,4,0.25,2.27,242.0,-5.0,55.0,237.0
Kaixuan,Anyone's Legend.Young,LDL,Support,LDL Placements · saison régulière,4,0.25,3.88,238.0,-5.0,55.0,233.0
Eisley,Huya BUG,LDL,ADC,LDL Placements · saison régulière,3,1.0,7.6,228.0,5.0,55.0,233.0
Erha,Anyone's Legend.Young,LDL,Mid,LDL Placements · saison régulière,4,0.25,2.09,237.0,-5.0,55.0,232.0
Aliez,Ultra Prime Academy,LDL,Top,LDL Placements · saison régulière,3,0.0,1.43,229.0,-5.0,55.0,224.0
Relife,Anyone's Legend.Young,LDL,Jungle,LDL Placements · saison régulière,4,0.25,2.08,227.0,-5.0,55.0,222.0
Tong,Joy Dream,LDL,Top,LDL Placements · saison régulière,3,1.0,6.5,216.0,5.0,55.0,221.0
xzy,LNG Academy,LDL,Mid,LDL Placements · saison régulière,11,0.636,4.95,210.0,6.0,55.0,216.0
10ng,Top Esports Challenger,LDL,Mid,LDL Placements · saison régulière,2,0.5,4.33,217.0,-1.0,55.0,216.0
Coten,Anyone's Legend.Young,LDL,Top,LDL Placements · saison régulière,4,0.25,1.42,220.0,-5.0,55.0,215.0
doing,Rare Atom Period,LDL,Mid,LDL Placements · saison régulière,3,1.0,9.5,209.0,5.0,55.0,214.0
sorrow,FunPlus Phoenix Blaze,LDL,Jungle,LDL Placements · saison régulière,7,0.429,2.32,212.0,-2.0,55.0,210.0
Ashes,FunPlus Phoenix Blaze,LDL,Mid,LDL Placements · saison régulière,11,0.364,3.6,213.0,-3.0,55.0,210.0
kelin,Ultra Prime Academy,LDL,ADC,LDL Placements · saison régulière,3,0.0,1.93,214.0,-5.0,55.0,209.0
5K,LNG Academy,LDL,Top,LDL Placements · saison régulière,11,0.636,3.07,196.0,6.0,55.0,202.0
Darwin,LNG Academy,LDL,Jungle,LDL Placements · saison régulière,11,0.636,4.63,190.0,6.0,55.0,196.0
xiaofang,Oh My God,LDL,Jungle,LDL Placements · saison régulière,2,0.5,4.33,185.0,-1.0,55.0,184.0
Xhow,Weibo Gaming Youth Team,LDL,Jungle,LDL Placements · saison régulière,11,0.546,4.75,174.0,2.0,55.0,176.0
Rise,Bilibili Gaming Junior,LDL,ADC,LDL Placements · saison régulière,6,0.167,1.82,171.0,-2.0,55.0,169.0
Ashlomailma,ThunderTalk Gaming Young,LDL,Support,LDL Placements · saison régulière,4,0.75,4.42,160.0,5.0,55.0,165.0
Alley,EDG Youth Team,LDL,Top,LDL Placements · saison régulière,3,0.667,3.43,160.0,2.0,55.0,162.0
can,Bilibili Gaming Junior,LDL,Jungle,LDL Placements · saison régulière,11,0.273,2.3,160.0,-1.0,55.0,159.0
Xiao17,MAX,LDL,Jungle,LDL Placements · saison régulière,11,0.546,3.48,163.0,-6.0,55.0,157.0
Yu,Rare Atom Period,LDL,Top,LDL Placements · saison régulière,3,1.0,5.17,140.0,5.0,55.0,145.0
forse,Weibo Gaming Youth Team,LDL,Mid,LDL Placements · saison régulière,11,0.546,3.32,142.0,2.0,55.0,144.0
TuT,Weibo Gaming Youth Team,LDL,ADC,LDL Placements · saison régulière,11,0.546,4.0,141.0,2.0,55.0,143.0
Xing,Team WE Academy,LDL,ADC,LDL Placements · saison régulière,11,0.636,4.2,135.0,5.0,55.0,140.0
Xiaoxia,Bilibili Gaming Junior,LDL,Support,LDL Placements · saison régulière,11,0.273,3.03,126.0,-1.0,55.0,125.0
Keaiduo,Joy Dream,LDL,Mid,LDL Placements · saison régulière,11,0.364,3.93,127.0,-6.0,55.0,121.0
bat,ThunderTalk Gaming Young,LDL,ADC,LDL Placements · saison régulière,4,0.75,13.5,113.0,5.0,55.0,118.0
Realm,LGD Gaming Young Team,LDL,Mid,LDL Placements · saison régulière,3,0.0,2.18,117.0,-1.0,55.0,116.0
Chosen1,Bilibili Gaming Junior,LDL,Top,LDL Placements · saison régulière,11,0.273,1.44,116.0,-1.0,55.0,115.0
whisper,Ultra Prime Academy,LDL,Jungle,LDL Placements · saison régulière,3,0.0,1.59,120.0,-5.0,55.0,115.0
wind,Huya BUG,LDL,Support,LDL Placements · saison régulière,3,0.0,2.78,106.0,-1.0,55.0,105.0
Wuy,ThunderTalk Gaming Young,LDL,Support,LDL Placements · saison régulière,11,0.546,4.78,100.0,2.0,55.0,102.0
7copy,MAX,LDL,ADC,LDL Placements · saison régulière,11,0.546,3.06,89.0,-6.0,55.0,83.0
Feikun,ThunderTalk Gaming Young,LDL,Mid,LDL Placements · saison régulière,4,0.75,8.6,77.0,5.0,55.0,82.0
TheNiu,Joy Dream,LDL,Top,LDL Placements · saison régulière,11,0.364,2.37,71.0,-3.0,55.0,68.0
Luuuck,Weibo Gaming Youth Team,LDL,Top,LDL Placements · saison régulière,5,0.4,2.0,58.0,0.0,55.0,58.0
Kabishou,MiaoJing (妙竞),LDL,Support,LDL Placements · saison régulière,4,0.25,1.13,55.0,-1.0,55.0,54.0
zzx,Joy Dream,LDL,Jungle,LDL Placements · saison régulière,11,0.364,2.22,58.0,-6.0,55.0,52.0
Nuo,Ji Jie Hao (集结号),LDL,Top,LDL Placements · saison régulière,4,0.25,2.43,48.0,0.0,55.0,48.0
Maggie,ThunderTalk Gaming Young,LDL,Jungle,LDL Placements · saison régulière,4,0.75,3.67,40.0,5.0,55.0,45.0
fled,FunPlus Phoenix Blaze,LDL,Mid,LDL Placements · saison régulière,11,0.364,1.65,34.0,-3.0,55.0,31.0
Vergil,Ultra Prime Academy,LDL,Mid,LDL Placements · saison régulière,3,0.0,1.12,29.0,-5.0,55.0,24.0
TC,LGD Gaming Young Team,LDL,Jungle,LDL Placements · saison régulière,3,0.0,2.33,24.0,-1.0,55.0,23.0
RanL,LGD Gaming Young Team,LDL,ADC,LDL Placements · saison régulière,3,0.0,1.56,19.0,-1.0,55.0,18.0
Daisy,Weibo Gaming Youth Team,LDL,Jungle,LDL Placements · saison régulière,2,0.0,0.75,15.0,-1.0,55.0,14.0
999,LGD Gaming Young Team,LDL,Top,LDL Placements · saison régulière,3,0.0,0.91,-23.0,-1.0,55.0,-24.0
1024,Team Pinnacle,LDL,Top,LDL Placements · saison régulière,3,0.0,0.12,-47.0,-4.0,55.0,-51.0
Dorian,Joy Dream,LDL,Support,LDL Placements · saison régulière,4,0.25,1.67,-110.0,-1.0,55.0,-111.0
Ever,Another Day,LDL,ADC,LDL Placements · saison régulière,4,0.25,1.8,-123.0,-1.0,55.0,-124.0
Capp1r,Team Pinnacle,LDL,Mid,LDL Placements · saison régulière,3,0.0,0.5,-153.0,-4.0,55.0,-157.0
Desire,Shu Dai Xiong Gaming,LDL,Mid,LDL Placements · saison régulière,4,0.25,0.82,-173.0,-1.0,55.0,-174.0
ea7,Team Pinnacle,LDL,ADC,LDL Placements · saison régulière,3,0.0,0.62,-178.0,-4.0,55.0,-182.0
Wxm,Team Pinnacle,LDL,Jungle,LDL Placements · saison régulière,3,0.0,1.0,-217.0,-4.0,55.0,-221.0
Loco,Team Pinnacle,LDL,Support,LDL Placements · saison régulière,3,0.0,0.62,-226.0,-4.0,55.0,-230.0
Zorah,Rare Atom,LPL,Support,LDL Split 1 · saison régulière,24,0.583,2.94,690.0,7.0,55.0,697.0
Tianzhen,Invictus Gaming,LPL,Jungle,LDL Split 1 · saison régulière,23,0.739,5.33,668.0,8.0,55.0,676.0
Feather,Rare Atom,LPL,Support,LDL Split 1 · saison régulière,12,0.75,8.4,574.0,4.0,55.0,578.0
1xn,ThunderTalk Gaming,LPL,ADC,LDL Split 1 · saison régulière,20,0.65,5.52,545.0,5.0,55.0,550.0
naiyou,Rare Atom,LDL,Jungle,LDL Split 1 · saison régulière,16,0.688,3.96,548.0,-3.0,55.0,545.0
Mori,Oh My God Academy,LDL,Jungle,LDL Split 1 · saison régulière,24,0.458,3.88,543.0,-0.0,55.0,543.0
hulatang,Ji Jie Hao (集结号),LDL,Top,LDL Split 1 · saison régulière,19,0.842,3.8,528.0,3.0,55.0,531.0
Uneasy,LNG Academy,LDL,ADC,LDL Split 1 · saison régulière,20,0.5,5.0,518.0,3.0,55.0,521.0
Moyan,FunPlus Phoenix,LDL,Jungle,LDL Split 1 · saison régulière,13,0.462,2.33,496.0,3.0,55.0,499.0
milkyway,Royal Club,LDL,Jungle,LDL Split 1 · saison régulière,24,0.542,3.1,497.0,-0.0,55.0,497.0
Xzz,Royal Club,LDL,Mid,LDL Split 1 · saison régulière,24,0.542,4.69,470.0,-0.0,55.0,470.0
PandaC,Royal Club,LDL,Top,LDL Split 1 · saison régulière,3,0.667,3.88,461.0,1.0,55.0,462.0
JiaQi,Top Esports Challenger,LDL,ADC,LDL Split 1 · saison régulière,25,0.6,5.5,444.0,-4.0,55.0,440.0
xiao7,MiaoJing (妙竞),LDL,Top,LDL Split 1 · saison régulière,16,0.312,1.81,442.0,-6.0,55.0,436.0
Niket,Top Esports Challenger,LDL,Support,LDL Split 1 · saison régulière,25,0.6,4.52,436.0,-4.0,55.0,432.0
Wangxiao,Top Esports Challenger,LDL,Mid,LDL Split 1 · saison régulière,16,0.688,3.65,435.0,-3.0,55.0,432.0
Aspire,Top Esports Challenger,LDL,Top,LDL Split 1 · saison régulière,25,0.6,3.69,431.0,-4.0,55.0,427.0
Such,MAX,LDL,ADC,LDL Split 1 · saison régulière,21,0.571,5.77,413.0,6.0,55.0,419.0
Decade,LGD Gaming,LPL,Top,LDL Split 1 · saison régulière,22,0.364,2.31,427.0,-8.0,55.0,419.0
Medzz,MAX,LDL,Mid,LDL Split 1 · saison régulière,22,0.773,6.21,417.0,1.0,55.0,418.0
Yge,Huya BUG,LDL,Jungle,LDL Split 1 · saison régulière,24,0.583,3.29,402.0,7.0,55.0,409.0
L1f,EDG Youth Team,LDL,Mid,LDL Split 1 · saison régulière,11,0.636,7.0,402.0,5.0,55.0,407.0
Zinco,Royal Club,LDL,ADC,LDL Split 1 · saison régulière,24,0.542,4.44,406.0,-0.0,55.0,406.0
Ycx,Ji Jie Hao (集结号),LDL,Support,LDL Split 1 · saison régulière,19,0.842,6.0,398.0,3.0,55.0,401.0
Wen,Invictus Gaming,LDL,Top,LDL Split 1 · saison régulière,23,0.739,3.35,381.0,8.0,55.0,389.0
Xiamu,EDG Youth Team,LDL,Support,LDL Split 1 · saison régulière,20,0.5,4.17,383.0,-1.0,55.0,382.0
Garvey,MAX,LDL,Top,LDL Split 1 · saison régulière,22,0.773,2.98,381.0,1.0,55.0,382.0
Starry,Oh My God Academy,LDL,ADC,LDL Split 1 · saison régulière,24,0.458,3.65,378.0,-0.0,55.0,378.0
MG,Invictus Gaming Young,LDL,Mid,LDL Split 1 · saison régulière,23,0.739,5.53,366.0,8.0,55.0,374.0
xiaoyueji,Invictus Gaming,LDL,ADC,LDL Split 1 · saison régulière,21,0.714,7.96,355.0,6.0,55.0,361.0
Coward,EDG Youth Team,LDL,Jungle,LDL Split 1 · saison régulière,20,0.5,2.9,361.0,-1.0,55.0,360.0
Yumeng,Oh My God Academy,LDL,Mid,LDL Split 1 · saison régulière,9,0.556,3.14,357.0,2.0,55.0,359.0
View,Team WE Academy,LDL,Jungle,LDL Split 1 · saison régulière,15,0.467,3.11,345.0,1.0,55.0,346.0
Stay,Team WE Academy,LDL,ADC,LDL Split 1 · saison régulière,12,0.417,4.12,334.0,-4.0,55.0,330.0
climber,Ji Jie Hao (集结号),LDL,Jungle,LDL Split 1 · saison régulière,19,0.842,3.36,318.0,3.0,55.0,321.0
Bunny,Royal Club,LDL,Support,LDL Split 1 · saison régulière,24,0.542,3.13,317.0,-0.0,55.0,317.0
Longqi,Royal Club,LDL,Top,LDL Split 1 · saison régulière,21,0.524,2.03,315.0,-1.0,55.0,314.0
xHun,Ji Jie Hao (集结号),LDL,Mid,LDL Split 1 · saison régulière,19,0.842,6.21,309.0,3.0,55.0,312.0
Vinay,MAX,LDL,Support,LDL Split 1 · saison régulière,16,0.812,3.73,308.0,-0.0,55.0,308.0
Ke,Invictus Gaming Young,LDL,Support,LDL Split 1 · saison régulière,23,0.739,4.73,299.0,8.0,55.0,307.0
6zc,FunPlus Phoenix Blaze,LDL,Jungle,LDL Split 1 · saison régulière,9,0.667,6.31,303.0,2.0,55.0,305.0
Today,EDG Youth Team,LDL,ADC,LDL Split 1 · saison régulière,15,0.467,3.8,305.0,-2.0,55.0,303.0
pzx,Joy Dream,LDL,Jungle,LDL Split 1 · saison régulière,6,1.0,5.53,297.0,4.0,55.0,301.0
Jwei,Ultra Prime,LDL,Support,LDL Split 1 · saison régulière,7,0.429,2.57,300.0,-0.0,55.0,300.0
Kedaya,Team WE Academy,LDL,Support,LDL Split 1 · saison régulière,22,0.364,3.76,307.0,-8.0,55.0,299.0
BuLuKaKa,Team WE Academy,LDL,Mid,LDL Split 1 · saison régulière,22,0.364,5.05,300.0,-8.0,55.0,292.0
Xiaoxiang,EDG Youth Team,LDL,Top,LDL Split 1 · saison régulière,13,0.538,2.38,287.0,2.0,55.0,289.0
redwall,Joy Dream,LDL,Top,LDL Split 1 · saison régulière,20,0.65,2.42,281.0,5.0,55.0,286.0
Insulator,ThunderTalk Gaming Young,LDL,Mid,LDL Split 1 · saison régulière,16,0.5,4.35,270.0,5.0,55.0,275.0
Kepler,LGD Gaming,LDL,ADC,LDL Split 1 · saison régulière,19,0.842,5.05,271.0,3.0,55.0,274.0
Mysun,LNG Academy,LDL,Support,LDL Split 1 · saison régulière,20,0.5,3.67,270.0,3.0,55.0,273.0
Mirror,Ultra Prime Academy,LDL,Mid,LDL Split 1 · saison régulière,14,0.5,2.09,279.0,-6.0,55.0,273.0
pqy,MAX,LDL,ADC,LDL Split 1 · saison régulière,22,0.773,6.0,269.0,1.0,55.0,270.0
Rosielove,Ultra Prime Academy,LDL,Support,LDL Split 1 · saison régulière,21,0.476,4.62,254.0,-6.0,55.0,248.0
huanhuan,Bilibili Gaming Junior,LDL,Mid,LDL Split 1 · saison régulière,20,0.45,3.68,249.0,-3.0,55.0,246.0
xiaosiji,Oh My God Academy,LDL,Support,LDL Split 1 · saison régulière,24,0.458,2.56,246.0,-0.0,55.0,246.0
Cyku,Weibo Gaming,LDL,Mid,LDL Split 1 · saison régulière,9,0.333,3.26,252.0,-6.0,55.0,246.0
Hungry,Anyone's Legend.Young,LDL,ADC,LDL Split 1 · saison régulière,21,0.571,3.92,242.0,3.0,55.0,245.0
Kaixuan,Anyone's Legend.Young,LDL,Support,LDL Split 1 · saison régulière,21,0.571,3.89,238.0,3.0,55.0,241.0
Erha,Anyone's Legend.Young,LDL,Mid,LDL Split 1 · saison régulière,21,0.571,4.1,237.0,3.0,55.0,240.0
Longmao,FunPlus Phoenix Blaze,LDL,Top,LDL Split 1 · saison régulière,4,1.0,10.75,233.0,5.0,55.0,238.0
Eisley,Huya BUG,LDL,ADC,LDL Split 1 · saison régulière,24,0.583,4.88,228.0,7.0,55.0,235.0
think,Anyone's Legend.Young,LDL,Support,LDL Split 1 · saison régulière,6,0.333,2.0,229.0,3.0,55.0,232.0
Relife,Anyone's Legend.Young,LDL,Jungle,LDL Split 1 · saison régulière,21,0.571,4.38,227.0,3.0,55.0,230.0
sasi,ThunderTalk Gaming Young,LDL,Top,LDL Split 1 · saison régulière,7,0.571,2.16,226.0,4.0,55.0,230.0
Coten,Anyone's Legend.Young,LDL,Top,LDL Split 1 · saison régulière,21,0.571,2.91,220.0,3.0,55.0,223.0
Aliez,Ultra Prime Academy,LDL,Top,LDL Split 1 · saison régulière,21,0.476,3.46,229.0,-6.0,55.0,223.0
Tong,Joy Dream,LDL,Top,LDL Split 1 · saison régulière,5,0.8,4.4,216.0,5.0,55.0,221.0
Ashes,FunPlus Phoenix Blaze,LDL,Mid,LDL Split 1 · saison régulière,12,0.5,4.67,213.0,4.0,55.0,217.0
10ng,Top Esports Challenger,LDL,Mid,LDL Split 1 · saison régulière,9,0.444,2.47,217.0,-2.0,55.0,215.0
sorrow,FunPlus Phoenix Blaze,LDL,Jungle,LDL Split 1 · saison régulière,17,0.471,4.5,212.0,2.0,55.0,214.0
doing,Rare Atom Period,LDL,Mid,LDL Split 1 · saison régulière,14,0.571,3.33,209.0,5.0,55.0,214.0
xzy,LNG Academy,LDL,Mid,LDL Split 1 · saison régulière,20,0.5,4.13,210.0,3.0,55.0,213.0
XBear,Weibo Gaming Youth Team,LDL,Support,LDL Split 1 · saison régulière,21,0.571,3.63,203.0,6.0,55.0,209.0
kelin,Ultra Prime Academy,LDL,ADC,LDL Split 1 · saison régulière,21,0.476,4.65,214.0,-6.0,55.0,208.0
5K,LNG Academy,LDL,Top,LDL Split 1 · saison régulière,20,0.5,4.12,196.0,3.0,55.0,199.0
Yanxiang,Team WE Academy,LDL,Jungle,LDL Split 1 · saison régulière,7,0.143,3.4,204.0,-9.0,55.0,195.0
Darwin,LNG Academy,LDL,Jungle,LDL Split 1 · saison régulière,20,0.5,3.26,190.0,3.0,55.0,193.0
xiaofang,Oh My God,LDL,Jungle,LDL Split 1 · saison régulière,9,0.444,3.41,185.0,-2.0,55.0,183.0
Xhow,Weibo Gaming Youth Team,LDL,Jungle,LDL Split 1 · saison régulière,21,0.286,1.96,174.0,-2.0,55.0,172.0
Rise,Bilibili Gaming Junior,LDL,ADC,LDL Split 1 · saison régulière,18,0.444,3.0,171.0,-3.0,55.0,168.0
Xiao17,MAX,LDL,Jungle,LDL Split 1 · saison régulière,22,0.773,6.05,163.0,1.0,55.0,164.0
Ashlomailma,ThunderTalk Gaming Young,LDL,Support,LDL Split 1 · saison régulière,22,0.409,2.34,160.0,-0.0,55.0,160.0
Alley,EDG Youth Team,LDL,Top,LDL Split 1 · saison régulière,7,0.429,1.62,160.0,-3.0,55.0,157.0
can,Bilibili Gaming Junior,LDL,Jungle,LDL Split 1 · saison régulière,20,0.45,4.02,160.0,-3.0,55.0,157.0
Yu,Rare Atom Period,LDL,Top,LDL Split 1 · saison régulière,24,0.583,2.61,140.0,7.0,55.0,147.0
forse,Weibo Gaming Youth Team,LDL,Mid,LDL Split 1 · saison régulière,21,0.286,3.22,142.0,-2.0,55.0,140.0
TuT,Weibo Gaming Youth Team,LDL,ADC,LDL Split 1 · saison régulière,21,0.286,3.04,141.0,-2.0,55.0,139.0
Keaiduo,Joy Dream,LDL,Mid,LDL Split 1 · saison régulière,20,0.65,5.84,127.0,5.0,55.0,132.0
Xing,Team WE Academy,LDL,ADC,LDL Split 1 · saison régulière,10,0.3,2.83,135.0,-4.0,55.0,131.0
Zap,LGD Gaming Young Team,LDL,Support,LDL Split 1 · saison régulière,7,0.429,3.0,124.0,1.0,55.0,125.0
Xiaoxia,Bilibili Gaming Junior,LDL,Support,LDL Split 1 · saison régulière,13,0.462,2.68,126.0,-3.0,55.0,123.0
Realm,LGD Gaming Young Team,LDL,Mid,LDL Split 1 · saison régulière,9,0.333,1.89,117.0,0.0,55.0,117.0
Delicate,Huya RST,LDL,Top,LDL Split 1 · saison régulière,8,0.375,3.07,117.0,-2.0,55.0,115.0
whisper,Ultra Prime Academy,LDL,Jungle,LDL Split 1 · saison régulière,21,0.476,3.16,120.0,-6.0,55.0,114.0
Chosen1,Bilibili Gaming Junior,LDL,Top,LDL Split 1 · saison régulière,20,0.45,2.36,116.0,-3.0,55.0,113.0
bat,ThunderTalk Gaming Young,LDL,ADC,LDL Split 1 · saison régulière,23,0.391,4.39,113.0,-2.0,55.0,111.0
wind,Huya BUG,LDL,Support,LDL Split 1 · saison régulière,18,0.333,3.11,106.0,-1.0,55.0,105.0
Wuy,ThunderTalk Gaming Young,LDL,Support,LDL Split 1 · saison régulière,15,0.267,2.95,100.0,-4.0,55.0,96.0
banye,EQX,LDL,Mid,LDL Split 1 · saison régulière,15,0.4,2.49,86.0,-2.0,55.0,84.0
TheNiu,Joy Dream,LDL,Top,LDL Split 1 · saison régulière,12,0.5,2.58,71.0,4.0,55.0,75.0
Feikun,ThunderTalk Gaming Young,LDL,Mid,LDL Split 1 · saison régulière,8,0.125,1.59,77.0,-9.0,55.0,68.0
TheNut,Shu Dai Xiong Gaming,LDL,Top,LDL Split 1 · saison régulière,19,0.21,1.79,59.0,1.0,55.0,60.0
zzx,Joy Dream,LDL,Jungle,LDL Split 1 · saison régulière,14,0.5,2.82,58.0,1.0,55.0,59.0
Luuuck,Weibo Gaming Youth Team,LDL,Top,LDL Split 1 · saison régulière,21,0.286,1.66,58.0,-2.0,55.0,56.0
Kabishou,MiaoJing (妙竞),LDL,Support,LDL Split 1 · saison régulière,5,0.4,2.92,55.0,-0.0,55.0,55.0
YJJ,Oh My God Academy,LDL,Top,LDL Split 1 · saison régulière,11,0.364,1.74,46.0,-4.0,55.0,42.0
fled,FunPlus Phoenix Blaze,LDL,Mid,LDL Split 1 · saison régulière,9,0.667,6.6,34.0,2.0,55.0,36.0
Maggie,ThunderTalk Gaming Young,LDL,Jungle,LDL Split 1 · saison régulière,10,0.3,2.26,40.0,-6.0,55.0,34.0
Vergil,Ultra Prime Academy,LDL,Mid,LDL Split 1 · saison régulière,7,0.429,4.33,29.0,0.0,55.0,29.0
YeG,LGD Gaming Young Team,LDL,Mid,LDL Split 1 · saison régulière,11,0.273,2.19,30.0,-4.0,55.0,26.0
TC,LGD Gaming Young Team,LDL,Jungle,LDL Split 1 · saison régulière,20,0.3,3.72,24.0,-4.0,55.0,20.0
RanL,LGD Gaming Young Team,LDL,ADC,LDL Split 1 · saison régulière,11,0.273,2.8,19.0,-3.0,55.0,16.0
Yitai,Shu Dai Xiong Gaming,LDL,Jungle,LDL Split 1 · saison régulière,15,0.133,1.46,17.0,-2.0,55.0,15.0
zzl,Rare Atom Period,LDL,Mid,LDL Split 1 · saison régulière,10,0.6,5.68,-22.0,2.0,55.0,-20.0
999,LGD Gaming Young Team,LDL,Top,LDL Split 1 · saison régulière,20,0.3,1.77,-23.0,-4.0,55.0,-27.0
1024,Team Pinnacle,LDL,Top,LDL Split 1 · saison régulière,8,0.25,1.67,-47.0,0.0,55.0,-47.0
Michi,Shu Dai Xiong Gaming,LDL,Support,LDL Split 1 · saison régulière,15,0.133,2.0,-104.0,-2.0,55.0,-106.0
Dorian,Joy Dream,LDL,Support,LDL Split 1 · saison régulière,8,0.5,4.35,-110.0,1.0,55.0,-109.0
Ever,Another Day,LDL,ADC,LDL Split 1 · saison régulière,20,0.2,1.77,-123.0,-2.0,55.0,-125.0
Capp1r,Team Pinnacle,LDL,Mid,LDL Split 1 · saison régulière,18,0.111,2.33,-153.0,-4.0,55.0,-157.0
Desire,Shu Dai Xiong Gaming,LDL,Mid,LDL Split 1 · saison régulière,20,0.2,1.85,-173.0,-2.0,55.0,-175.0
ea7,Team Pinnacle,LDL,ADC,LDL Split 1 · saison régulière,18,0.111,1.81,-178.0,-4.0,55.0,-182.0
Wxm,Team Pinnacle,LDL,Jungle,LDL Split 1 · saison régulière,18,0.111,1.53,-217.0,-4.0,55.0,-221.0
Loco,Team Pinnacle,LDL,Support,LDL Split 1 · saison régulière,18,0.111,1.36,-226.0,-4.0,55.0,-230.0
zhiqiuyi,Anyone's Legend,LPL,ADC,LDL Split 2 · saison régulière,15,0.733,6.21,768.0,4.0,55.0,772.0
Zorah,Rare Atom,LPL,Support,LDL Split 2 · saison régulière,14,0.714,3.86,690.0,-4.0,55.0,686.0
Tianzhen,Invictus Gaming,LPL,Jungle,LDL Split 2 · saison régulière,14,0.714,3.6,668.0,-4.0,55.0,664.0
Feather,Rare Atom,LPL,Support,LDL Split 2 · saison régulière,17,0.529,3.95,574.0,-4.0,55.0,570.0
Mori,Oh My God Academy,LDL,Jungle,LDL Split 2 · saison régulière,19,0.684,5.79,543.0,4.0,55.0,547.0
naiyou,Rare Atom,LDL,Jungle,LDL Split 2 · saison régulière,18,0.667,5.02,548.0,-1.0,55.0,547.0
1xn,ThunderTalk Gaming,LPL,ADC,LDL Split 2 · saison régulière,17,0.529,4.14,545.0,-4.0,55.0,541.0
hulatang,Ji Jie Hao (集结号),LDL,Top,LDL Split 2 · saison régulière,6,0.667,4.08,528.0,5.0,55.0,533.0
milkyway,Royal Club,LDL,Jungle,LDL Split 2 · saison régulière,23,0.652,5.98,497.0,3.0,55.0,500.0
Moyan,FunPlus Phoenix,LDL,Jungle,LDL Split 2 · saison régulière,6,0.333,2.36,496.0,-2.0,55.0,494.0
Xzz,Royal Club,LDL,Mid,LDL Split 2 · saison régulière,23,0.652,5.18,470.0,3.0,55.0,473.0
PandaC,Royal Club,LDL,Top,LDL Split 2 · saison régulière,23,0.652,3.59,461.0,3.0,55.0,464.0
JiaQi,Top Esports Challenger,LDL,ADC,LDL Split 2 · saison régulière,20,0.7,5.22,444.0,2.0,55.0,446.0
xiao7,MiaoJing (妙竞),LDL,Top,LDL Split 2 · saison régulière,3,0.333,2.5,442.0,-1.0,55.0,441.0
Niket,Top Esports Challenger,LDL,Support,LDL Split 2 · saison régulière,20,0.7,4.19,436.0,2.0,55.0,438.0
Wangxiao,Top Esports Challenger,LDL,Mid,LDL Split 2 · saison régulière,18,0.667,5.03,435.0,-1.0,55.0,434.0
Aspire,Top Esports Challenger,LDL,Top,LDL Split 2 · saison régulière,20,0.7,4.54,431.0,2.0,55.0,433.0
Medzz,MAX,LDL,Mid,LDL Split 2 · saison régulière,16,0.688,5.46,417.0,4.0,55.0,421.0
Such,MAX,LDL,ADC,LDL Split 2 · saison régulière,22,0.591,3.69,413.0,-3.0,55.0,410.0
Ycx,Ji Jie Hao (集结号),LDL,Support,LDL Split 2 · saison régulière,13,0.385,2.56,398.0,-2.0,55.0,396.0
705,Team WE Academy,LDL,Top,LDL Split 2 · saison régulière,20,0.8,3.95,377.0,14.0,55.0,391.0
Xiamu,EDG Youth Team,LDL,Support,LDL Split 2 · saison régulière,20,0.5,2.72,383.0,4.0,55.0,387.0
Garvey,MAX,LDL,Top,LDL Split 2 · saison régulière,16,0.688,3.42,381.0,4.0,55.0,385.0
Starry,Oh My God Academy,LDL,ADC,LDL Split 2 · saison régulière,19,0.684,8.0,378.0,4.0,55.0,382.0
Samver,MiaoJing (妙竞),LDL,ADC,LDL Split 2 · saison régulière,23,0.522,3.45,377.0,-8.0,55.0,369.0
lamb,Bilibili Gaming Junior,LDL,Top,LDL Split 2 · saison régulière,20,0.8,4.78,351.0,16.0,55.0,367.0
Coward,EDG Youth Team,LDL,Jungle,LDL Split 2 · saison régulière,20,0.5,3.79,361.0,4.0,55.0,365.0
MG,Invictus Gaming Young,LDL,Mid,LDL Split 2 · saison régulière,20,0.6,7.81,366.0,-2.0,55.0,364.0
xiaoyueji,Invictus Gaming,LDL,ADC,LDL Split 2 · saison régulière,14,0.714,6.31,355.0,-4.0,55.0,351.0
Junhao,Bilibili Gaming Junior,LDL,Jungle,LDL Split 2 · saison régulière,20,0.8,4.46,331.0,16.0,55.0,347.0
Stay,Team WE Academy,LDL,ADC,LDL Split 2 · saison régulière,18,0.778,5.48,334.0,11.0,55.0,345.0
xiaocaobao,Huya BUG,LDL,Mid,LDL Split 2 · saison régulière,23,0.522,2.51,346.0,-8.0,55.0,338.0
Starfire,MiaoJing (妙竞),LDL,Jungle,LDL Split 2 · saison régulière,18,0.5,2.65,337.0,-7.0,55.0,330.0
Bunny,Royal Club,LDL,Support,LDL Split 2 · saison régulière,22,0.682,4.36,317.0,4.0,55.0,321.0
Kedaya,Team WE Academy,LDL,Support,LDL Split 2 · saison régulière,20,0.8,5.47,307.0,14.0,55.0,321.0
climber,Ji Jie Hao (集结号),LDL,Jungle,LDL Split 2 · saison régulière,17,0.412,3.36,318.0,-1.0,55.0,317.0
Jwei,Ultra Prime,LDL,Support,LDL Split 2 · saison régulière,20,0.8,4.54,300.0,16.0,55.0,316.0
BuLuKaKa,Team WE Academy,LDL,Mid,LDL Split 2 · saison régulière,20,0.8,7.53,300.0,14.0,55.0,314.0
Vinay,MAX,LDL,Support,LDL Split 2 · saison régulière,16,0.688,2.9,308.0,4.0,55.0,312.0
Hoshisora,Invictus Gaming Young,LDL,ADC,LDL Split 2 · saison régulière,6,0.333,4.42,306.0,2.0,55.0,308.0
xHun,Ji Jie Hao (集结号),LDL,Mid,LDL Split 2 · saison régulière,17,0.412,2.96,309.0,-1.0,55.0,308.0
Today,EDG Youth Team,LDL,ADC,LDL Split 2 · saison régulière,8,0.5,3.14,305.0,2.0,55.0,307.0
Miyi,Oh My God Academy,LDL,Support,LDL Split 2 · saison régulière,19,0.684,5.95,298.0,4.0,55.0,302.0
Ke,Invictus Gaming Young,LDL,Support,LDL Split 2 · saison régulière,6,0.333,3.69,299.0,2.0,55.0,301.0
pzx,Joy Dream,LDL,Jungle,LDL Split 2 · saison régulière,20,0.5,2.62,297.0,-4.0,55.0,293.0
Linfeng,Oh My God Academy,LDL,Mid,LDL Split 2 · saison régulière,19,0.684,6.83,288.0,4.0,55.0,292.0
Aherusi,Bilibili Gaming Junior,LDL,Mid,LDL Split 2 · saison régulière,12,0.75,4.12,283.0,4.0,55.0,287.0
Hook,Ultra Prime Academy,LDL,Jungle,LDL Split 2 · saison régulière,23,0.522,3.85,283.0,1.0,55.0,284.0
redwall,Joy Dream,LDL,Top,LDL Split 2 · saison régulière,13,0.538,2.09,281.0,1.0,55.0,282.0
Mirror,Ultra Prime Academy,LDL,Mid,LDL Split 2 · saison régulière,23,0.522,3.08,279.0,1.0,55.0,280.0
Crack,MiaoJing (妙竞),LDL,Support,LDL Split 2 · saison régulière,16,0.438,2.22,284.0,-7.0,55.0,277.0
pqy,MAX,LDL,ADC,LDL Split 2 · saison régulière,16,0.688,10.1,269.0,4.0,55.0,273.0
Kepler,LGD Gaming,LDL,ADC,LDL Split 2 · saison régulière,17,0.412,3.04,271.0,-1.0,55.0,270.0
Insulator,ThunderTalk Gaming Young,LDL,Mid,LDL Split 2 · saison régulière,18,0.389,3.28,270.0,-2.0,55.0,268.0
Mysun,LNG Academy,LDL,Support,LDL Split 2 · saison régulière,21,0.333,2.75,270.0,-2.0,55.0,268.0
huanhuan,Bilibili Gaming Junior,LDL,Mid,LDL Split 2 · saison régulière,8,0.875,7.33,249.0,12.0,55.0,261.0
Cyku,Weibo Gaming,LDL,Mid,LDL Split 2 · saison régulière,20,0.5,3.22,252.0,4.0,55.0,256.0
Rosielove,Ultra Prime Academy,LDL,Support,LDL Split 2 · saison régulière,23,0.522,4.03,254.0,1.0,55.0,255.0
Munian,Oh My God Academy,LDL,Top,LDL Split 2 · saison régulière,7,0.571,3.17,256.0,-1.0,55.0,255.0
Renard,EDG Youth Team,LDL,ADC,LDL Split 2 · saison régulière,9,0.444,3.9,251.0,1.0,55.0,252.0
Fahai,FunPlus Phoenix Blaze,LDL,Support,LDL Split 2 · saison régulière,22,0.591,4.02,249.0,-3.0,55.0,246.0
bkr,Weibo Gaming Youth Team,LDL,Support,LDL Split 2 · saison régulière,10,0.4,4.88,248.0,-2.0,55.0,246.0
Hungry,Anyone's Legend.Young,LDL,ADC,LDL Split 2 · saison régulière,22,0.409,3.47,242.0,-4.0,55.0,238.0
Kaixuan,Anyone's Legend.Young,LDL,Support,LDL Split 2 · saison régulière,24,0.375,3.39,238.0,-4.0,55.0,234.0
Erha,Anyone's Legend.Young,LDL,Mid,LDL Split 2 · saison régulière,24,0.375,3.06,237.0,-4.0,55.0,233.0
Aliez,Ultra Prime Academy,LDL,Top,LDL Split 2 · saison régulière,23,0.522,4.85,229.0,1.0,55.0,230.0
Longmao,FunPlus Phoenix Blaze,LDL,Top,LDL Split 2 · saison régulière,20,0.6,2.46,233.0,-5.0,55.0,228.0
think,Anyone's Legend.Young,LDL,Support,LDL Split 2 · saison régulière,4,0.25,2.4,229.0,-1.0,55.0,228.0
sasi,ThunderTalk Gaming Young,LDL,Top,LDL Split 2 · saison régulière,18,0.389,1.95,226.0,-2.0,55.0,224.0
Relife,Anyone's Legend.Young,LDL,Jungle,LDL Split 2 · saison régulière,24,0.375,2.38,227.0,-4.0,55.0,223.0
Eisley,Huya BUG,LDL,ADC,LDL Split 2 · saison régulière,19,0.158,2.02,228.0,-7.0,55.0,221.0
10ng,Top Esports Challenger,LDL,Mid,LDL Split 2 · saison régulière,2,1.0,6.0,217.0,3.0,55.0,220.0
Yanxiang,Team WE Academy,LDL,Jungle,LDL Split 2 · saison régulière,20,0.8,5.3,204.0,14.0,55.0,218.0
Coten,Anyone's Legend.Young,LDL,Top,LDL Split 2 · saison régulière,24,0.375,2.16,220.0,-4.0,55.0,216.0
kelin,Ultra Prime Academy,LDL,ADC,LDL Split 2 · saison régulière,23,0.522,4.63,214.0,1.0,55.0,215.0
Healer,LNG Academy,LDL,ADC,LDL Split 2 · saison régulière,10,0.6,4.46,207.0,5.0,55.0,212.0
Tong,Joy Dream,LDL,Top,LDL Split 2 · saison régulière,7,0.429,1.52,216.0,-4.0,55.0,212.0
sorrow,FunPlus Phoenix Blaze,LDL,Jungle,LDL Split 2 · saison régulière,22,0.591,4.57,212.0,-3.0,55.0,209.0
xzy,LNG Academy,LDL,Mid,LDL Split 2 · saison régulière,21,0.333,3.83,210.0,-2.0,55.0,208.0
doing,Rare Atom Period,LDL,Mid,LDL Split 2 · saison régulière,12,0.167,1.57,209.0,-7.0,55.0,202.0
XBear,Weibo Gaming Youth Team,LDL,Support,LDL Split 2 · saison régulière,7,0.286,2.65,203.0,-2.0,55.0,201.0
5K,LNG Academy,LDL,Top,LDL Split 2 · saison régulière,21,0.333,2.15,196.0,-2.0,55.0,194.0
Darwin,LNG Academy,LDL,Jungle,LDL Split 2 · saison régulière,21,0.333,2.54,190.0,-2.0,55.0,188.0
Rise,Bilibili Gaming Junior,LDL,ADC,LDL Split 2 · saison régulière,20,0.8,6.66,171.0,16.0,55.0,187.0
xiaofang,Oh My God,LDL,Jungle,LDL Split 2 · saison régulière,2,1.0,11.33,185.0,2.0,55.0,187.0
Liweier,Invictus Gaming Young,LDL,Jungle,LDL Split 2 · saison régulière,6,0.333,2.94,169.0,2.0,55.0,171.0
Xiao17,MAX,LDL,Jungle,LDL Split 2 · saison régulière,14,0.643,5.19,163.0,3.0,55.0,166.0
Alley,EDG Youth Team,LDL,Top,LDL Split 2 · saison régulière,20,0.5,2.27,160.0,4.0,55.0,164.0
Rbow,Invictus Gaming Young,LDL,Top,LDL Split 2 · saison régulière,20,0.6,3.1,161.0,-2.0,55.0,159.0
Ashlomailma,ThunderTalk Gaming Young,LDL,Support,LDL Split 2 · saison régulière,3,0.333,1.91,160.0,-2.0,55.0,158.0
Relive,Ji Jie Hao (集结号),LDL,Support,LDL Split 2 · saison régulière,4,0.5,4.0,138.0,1.0,55.0,139.0
xiaohanbao,Anyone's Legend.Young,LDL,ADC,LDL Split 2 · saison régulière,2,0.0,1.67,139.0,-1.0,55.0,138.0
Xing,Team WE Academy,LDL,ADC,LDL Split 2 · saison régulière,2,1.0,24.0,135.0,3.0,55.0,138.0
forse,Weibo Gaming Youth Team,LDL,Mid,LDL Split 2 · saison régulière,21,0.333,3.8,142.0,-5.0,55.0,137.0
Thesnake,EDG Youth Team,LDL,ADC,LDL Split 2 · saison régulière,3,0.667,5.0,136.0,0.0,55.0,136.0
Nayuki,Huya BUG,LDL,Top,LDL Split 2 · saison régulière,20,0.55,2.28,138.0,-7.0,55.0,131.0
Yu,Rare Atom Period,LDL,Top,LDL Split 2 · saison régulière,21,0.143,1.55,140.0,-9.0,55.0,131.0
Keaiduo,Joy Dream,LDL,Mid,LDL Split 2 · saison régulière,20,0.5,3.95,127.0,-4.0,55.0,123.0
Zap,LGD Gaming Young Team,LDL,Support,LDL Split 2 · saison régulière,14,0.286,1.4,124.0,-1.0,55.0,123.0
Delicate,Huya RST,LDL,Top,LDL Split 2 · saison régulière,5,0.8,7.83,117.0,2.0,55.0,119.0
bat,ThunderTalk Gaming Young,LDL,ADC,LDL Split 2 · saison régulière,18,0.389,3.48,113.0,-2.0,55.0,111.0
ZJJ,Weibo Gaming Youth Team,LDL,ADC,LDL Split 2 · saison régulière,21,0.333,3.12,106.0,-5.0,55.0,101.0
Wuy,ThunderTalk Gaming Young,LDL,Support,LDL Split 2 · saison régulière,15,0.4,3.1,100.0,0.0,55.0,100.0
TheNiu,Joy Dream,LDL,Top,LDL Split 2 · saison régulière,2,0.5,3.25,71.0,2.0,55.0,73.0
Crush3,MAX,LDL,Jungle,LDL Split 2 · saison régulière,2,1.0,2.0,68.0,1.0,55.0,69.0
Kabishou,MiaoJing (妙竞),LDL,Support,LDL Split 2 · saison régulière,5,0.6,2.65,55.0,-1.0,55.0,54.0
Luuuck,Weibo Gaming Youth Team,LDL,Top,LDL Split 2 · saison régulière,21,0.333,2.13,58.0,-5.0,55.0,53.0
Shaoye,LGD Gaming,LDL,ADC,LDL Split 2 · saison régulière,3,0.333,9.0,50.0,-0.0,55.0,50.0
YJJ,Oh My God Academy,LDL,Top,LDL Split 2 · saison régulière,7,0.714,3.33,46.0,2.0,55.0,48.0
Kui,Rare Atom Period,LDL,Jungle,LDL Split 2 · saison régulière,15,0.2,1.98,52.0,-6.0,55.0,46.0
chips,LGD Gaming Young Team,LDL,ADC,LDL Split 2 · saison régulière,19,0.21,2.7,50.0,-5.0,55.0,45.0
Nuo,Ji Jie Hao (集结号),LDL,Top,LDL Split 2 · saison régulière,11,0.273,1.78,48.0,-6.0,55.0,42.0
Maggie,ThunderTalk Gaming Young,LDL,Jungle,LDL Split 2 · saison régulière,12,0.417,2.82,40.0,1.0,55.0,41.0
fled,FunPlus Phoenix Blaze,LDL,Mid,LDL Split 2 · saison régulière,22,0.591,4.02,34.0,-3.0,55.0,31.0
Overture,LGD Gaming Young Team,LDL,Top,LDL Split 2 · saison régulière,19,0.21,1.38,33.0,-5.0,55.0,28.0
Daisy,Weibo Gaming Youth Team,LDL,Jungle,LDL Split 2 · saison régulière,19,0.368,2.72,15.0,-4.0,55.0,11.0
yekai,Shu Dai Xiong Gaming,LDL,Jungle,LDL Split 2 · saison régulière,11,0.091,1.4,-0.0,-4.0,55.0,-4.0
New,Shu Dai Xiong Gaming,LDL,Top,LDL Split 2 · saison régulière,11,0.091,1.15,-11.0,-4.0,55.0,-15.0
zzl,Rare Atom Period,LDL,Mid,LDL Split 2 · saison régulière,9,0.111,1.69,-22.0,-2.0,55.0,-24.0
Ru0,Huya RST,LDL,Jungle,LDL Split 2 · saison régulière,19,0.21,2.14,-25.0,-5.0,55.0,-30.0
wenyi,LGD Gaming Young Team,LDL,Support,LDL Split 2 · saison régulière,16,0.188,1.84,-46.0,-4.0,55.0,-50.0
Michi,Shu Dai Xiong Gaming,LDL,Support,LDL Split 2 · saison régulière,11,0.091,1.56,-104.0,-4.0,55.0,-108.0
Dorian,Joy Dream,LDL,Support,LDL Split 2 · saison régulière,3,0.333,3.22,-110.0,-0.0,55.0,-110.0
Missia,Rare Atom Period,LDL,Support,LDL Split 2 · saison régulière,21,0.143,1.4,-107.0,-9.0,55.0,-116.0
Ever,Another Day,LDL,ADC,LDL Split 2 · saison régulière,11,0.091,1.33,-123.0,-4.0,55.0,-127.0
Desire,Shu Dai Xiong Gaming,LDL,Mid,LDL Split 2 · saison régulière,11,0.091,0.98,-173.0,-4.0,55.0,-177.0
Leave,EDward Gaming,LPL,ADC,LDL Split 3 · saison régulière,2,1.0,8.0,1025.0,0.0,55.0,1025.0
naiyou,Rare Atom,LDL,Jungle,LDL Split 3 · saison régulière,22,0.773,5.75,548.0,5.0,55.0,553.0
Mori,Oh My God Academy,LDL,Jungle,LDL Split 3 · saison régulière,18,0.556,3.77,543.0,3.0,55.0,546.0
hulatang,Ji Jie Hao (集结号),LDL,Top,LDL Split 3 · saison régulière,4,0.5,1.82,528.0,1.0,55.0,529.0
Uneasy,LNG Academy,LDL,ADC,LDL Split 3 · saison régulière,9,0.667,5.82,518.0,4.0,55.0,522.0
Qing,FunPlus Phoenix Blaze,LDL,Mid,LDL Split 3 · saison régulière,21,0.714,5.41,498.0,5.0,55.0,503.0
milkyway,Royal Club,LDL,Jungle,LDL Split 3 · saison régulière,24,0.625,4.85,497.0,4.0,55.0,501.0
Moyan,FunPlus Phoenix,LDL,Jungle,LDL Split 3 · saison régulière,16,0.625,3.27,496.0,-12.0,55.0,484.0
Xzz,Royal Club,LDL,Mid,LDL Split 3 · saison régulière,24,0.625,4.8,470.0,4.0,55.0,474.0
PandaC,Royal Club,LDL,Top,LDL Split 3 · saison régulière,24,0.625,3.91,461.0,4.0,55.0,465.0
xiaohuangren,ThunderTalk Gaming Young,LDL,Jungle,LDL Split 3 · saison régulière,11,0.636,3.85,450.0,6.0,55.0,456.0
JiaQi,Top Esports Challenger,LDL,ADC,LDL Split 3 · saison régulière,22,0.773,6.16,444.0,5.0,55.0,449.0
Niket,Top Esports Challenger,LDL,Support,LDL Split 3 · saison régulière,22,0.773,4.9,436.0,5.0,55.0,441.0
Wangxiao,Top Esports Challenger,LDL,Mid,LDL Split 3 · saison régulière,22,0.773,4.9,435.0,5.0,55.0,440.0
xiao7,MiaoJing (妙竞),LDL,Top,LDL Split 3 · saison régulière,22,0.454,2.72,442.0,-4.0,55.0,438.0
Aspire,Top Esports Challenger,LDL,Top,LDL Split 3 · saison régulière,22,0.773,4.55,431.0,5.0,55.0,436.0
Haoye,FunPlus Phoenix Blaze,LDL,Jungle,LDL Split 3 · saison régulière,9,0.667,4.55,410.0,1.0,55.0,411.0
Medzz,MAX,LDL,Mid,LDL Split 3 · saison régulière,20,0.6,5.34,417.0,-13.0,55.0,404.0
Fisher,EDward Gaming,LDL,Mid,LDL Split 3 · saison régulière,13,0.769,4.82,399.0,5.0,55.0,404.0
Ycx,Ji Jie Hao (集结号),LDL,Support,LDL Split 3 · saison régulière,5,0.6,5.5,398.0,3.0,55.0,401.0
Such,MAX,LDL,ADC,LDL Split 3 · saison régulière,20,0.6,3.08,413.0,-13.0,55.0,400.0
Xiamu,EDG Youth Team,LDL,Support,LDL Split 3 · saison régulière,18,0.722,4.54,383.0,5.0,55.0,388.0
Starry,Oh My God Academy,LDL,ADC,LDL Split 3 · saison régulière,24,0.542,4.12,378.0,2.0,55.0,380.0
705,Team WE Academy,LDL,Top,LDL Split 3 · saison régulière,22,0.591,2.78,377.0,-0.0,55.0,377.0
Wen,Invictus Gaming,LDL,Top,LDL Split 3 · saison régulière,9,0.222,1.43,381.0,-6.0,55.0,375.0
Samver,MiaoJing (妙竞),LDL,ADC,LDL Split 3 · saison régulière,22,0.454,3.83,377.0,-4.0,55.0,373.0
Xingye,FunPlus Phoenix Blaze,LDL,ADC,LDL Split 3 · saison régulière,21,0.714,6.47,365.0,5.0,55.0,370.0
Garvey,MAX,LDL,Top,LDL Split 3 · saison régulière,20,0.6,2.92,381.0,-13.0,55.0,368.0
Coward,EDG Youth Team,LDL,Jungle,LDL Split 3 · saison régulière,18,0.722,5.92,361.0,5.0,55.0,366.0
MG,Invictus Gaming Young,LDL,Mid,LDL Split 3 · saison régulière,24,0.375,5.04,366.0,-6.0,55.0,360.0
Wunai3,Invictus Gaming Young,LDL,Support,LDL Split 3 · saison régulière,3,0.333,3.0,352.0,1.0,55.0,353.0
View,Team WE Academy,LDL,Jungle,LDL Split 3 · saison régulière,17,0.588,3.84,345.0,1.0,55.0,346.0
xiaocaobao,Huya BUG,LDL,Mid,LDL Split 3 · saison régulière,22,0.454,2.91,346.0,-4.0,55.0,342.0
lamb,Bilibili Gaming Junior,LDL,Top,LDL Split 3 · saison régulière,23,0.348,2.28,351.0,-10.0,55.0,341.0
Stay,Team WE Academy,LDL,ADC,LDL Split 3 · saison régulière,22,0.591,4.13,334.0,-0.0,55.0,334.0
Starfire,MiaoJing (妙竞),LDL,Jungle,LDL Split 3 · saison régulière,22,0.454,2.72,337.0,-4.0,55.0,333.0
Junhao,Bilibili Gaming Junior,LDL,Jungle,LDL Split 3 · saison régulière,23,0.348,3.36,331.0,-10.0,55.0,321.0
Bunny,Royal Club,LDL,Support,LDL Split 3 · saison régulière,24,0.625,3.6,317.0,4.0,55.0,321.0
climber,Ji Jie Hao (集结号),LDL,Jungle,LDL Split 3 · saison régulière,21,0.333,3.51,318.0,-0.0,55.0,318.0
xqw,LGD Gaming Young Team,LDL,Mid,LDL Split 3 · saison régulière,18,0.278,2.43,316.0,1.0,55.0,317.0
RYue,EDG Youth Team,LDL,Top,LDL Split 3 · saison régulière,14,0.786,3.69,304.0,7.0,55.0,311.0
xHun,Ji Jie Hao (集结号),LDL,Mid,LDL Split 3 · saison régulière,21,0.333,3.48,309.0,-0.0,55.0,309.0
Kedaya,Team WE Academy,LDL,Support,LDL Split 3 · saison régulière,22,0.591,4.18,307.0,-0.0,55.0,307.0
Miyi,Oh My God Academy,LDL,Support,LDL Split 3 · saison régulière,24,0.542,4.74,298.0,2.0,55.0,300.0
BuLuKaKa,Team WE Academy,LDL,Mid,LDL Split 3 · saison régulière,22,0.591,4.05,300.0,-0.0,55.0,300.0
Vinay,MAX,LDL,Support,LDL Split 3 · saison régulière,20,0.6,2.68,308.0,-13.0,55.0,295.0
Ke,Invictus Gaming Young,LDL,Support,LDL Split 3 · saison régulière,21,0.381,3.35,299.0,-6.0,55.0,293.0
Linfeng,Oh My God Academy,LDL,Mid,LDL Split 3 · saison régulière,24,0.542,3.67,288.0,2.0,55.0,290.0
Jwei,Ultra Prime,LDL,Support,LDL Split 3 · saison régulière,23,0.348,2.67,300.0,-10.0,55.0,290.0
Uniboy,Rare Atom Period,LDL,Mid,LDL Split 3 · saison régulière,17,0.471,4.28,287.0,1.0,55.0,288.0
Ryan3,ThunderTalk Gaming Young,LDL,ADC,LDL Split 3 · saison régulière,19,0.579,4.86,280.0,3.0,55.0,283.0
Youdang,Weibo Gaming Youth Team,LDL,Jungle,LDL Split 3 · saison régulière,18,0.444,3.56,278.0,4.0,55.0,282.0
Mirror,Ultra Prime Academy,LDL,Mid,LDL Split 3 · saison régulière,5,0.6,2.14,279.0,3.0,55.0,282.0
jiang,Royal Club,LDL,ADC,LDL Split 3 · saison régulière,12,0.583,5.12,277.0,4.0,55.0,281.0
Crack,MiaoJing (妙竞),LDL,Support,LDL Split 3 · saison régulière,22,0.454,2.64,284.0,-4.0,55.0,280.0
0909,Ultra Prime Academy,LDL,Mid,LDL Split 3 · saison régulière,22,0.454,3.51,277.0,3.0,55.0,280.0
Aherusi,Bilibili Gaming Junior,LDL,Mid,LDL Split 3 · saison régulière,9,0.333,2.93,283.0,-5.0,55.0,278.0
Insulator,ThunderTalk Gaming Young,LDL,Mid,LDL Split 3 · saison régulière,22,0.546,4.23,270.0,5.0,55.0,275.0
Mysun,LNG Academy,LDL,Support,LDL Split 3 · saison régulière,15,0.533,3.84,270.0,1.0,55.0,271.0
Kepler,LGD Gaming,LDL,ADC,LDL Split 3 · saison régulière,17,0.294,2.74,271.0,-1.0,55.0,270.0
Rosielove,Ultra Prime Academy,LDL,Support,LDL Split 3 · saison régulière,21,0.524,3.85,254.0,7.0,55.0,261.0
Munian,Oh My God Academy,LDL,Top,LDL Split 3 · saison régulière,24,0.542,2.85,256.0,2.0,55.0,258.0
Fahai,FunPlus Phoenix Blaze,LDL,Support,LDL Split 3 · saison régulière,21,0.714,5.31,249.0,5.0,55.0,254.0
bkr,Weibo Gaming Youth Team,LDL,Support,LDL Split 3 · saison régulière,10,0.5,4.67,248.0,6.0,55.0,254.0
Renard,EDG Youth Team,LDL,ADC,LDL Split 3 · saison régulière,5,0.6,7.17,251.0,-0.0,55.0,251.0
xLiang,Ji Jie Hao (集结号),LDL,ADC,LDL Split 3 · saison régulière,4,0.5,6.12,246.0,1.0,55.0,247.0
huanhuan,Bilibili Gaming Junior,LDL,Mid,LDL Split 3 · saison régulière,14,0.357,3.22,249.0,-6.0,55.0,243.0
Erha,Anyone's Legend.Young,LDL,Mid,LDL Split 3 · saison régulière,22,0.454,3.53,237.0,3.0,55.0,240.0
Longmao,FunPlus Phoenix Blaze,LDL,Top,LDL Split 3 · saison régulière,21,0.714,2.7,233.0,5.0,55.0,238.0
Aliez,Ultra Prime Academy,LDL,Top,LDL Split 3 · saison régulière,24,0.5,3.34,229.0,6.0,55.0,235.0
Mitsuki,ThunderTalk Gaming Young,LDL,Support,LDL Split 3 · saison régulière,19,0.579,2.62,229.0,3.0,55.0,232.0
think,Anyone's Legend.Young,LDL,Support,LDL Split 3 · saison régulière,22,0.454,2.72,229.0,3.0,55.0,232.0
Eisley,Huya BUG,LDL,ADC,LDL Split 3 · saison régulière,11,0.546,4.62,228.0,4.0,55.0,232.0
sasi,ThunderTalk Gaming Young,LDL,Top,LDL Split 3 · saison régulière,22,0.546,3.47,226.0,5.0,55.0,231.0
Relife,Anyone's Legend.Young,LDL,Jungle,LDL Split 3 · saison régulière,22,0.454,2.78,227.0,3.0,55.0,230.0
Coten,Anyone's Legend.Young,LDL,Top,LDL Split 3 · saison régulière,22,0.454,2.84,220.0,3.0,55.0,223.0
kelin,Ultra Prime Academy,LDL,ADC,LDL Split 3 · saison régulière,24,0.5,2.67,214.0,6.0,55.0,220.0
sorrow,FunPlus Phoenix Blaze,LDL,Jungle,LDL Split 3 · saison régulière,12,0.75,4.55,212.0,4.0,55.0,216.0
xzy,LNG Academy,LDL,Mid,LDL Split 3 · saison régulière,17,0.471,3.71,210.0,-3.0,55.0,207.0
Healer,LNG Academy,LDL,ADC,LDL Split 3 · saison régulière,4,0.5,5.57,207.0,-1.0,55.0,206.0
Yanxiang,Team WE Academy,LDL,Jungle,LDL Split 3 · saison régulière,5,0.6,5.55,204.0,-2.0,55.0,202.0
XBear,Weibo Gaming Youth Team,LDL,Support,LDL Split 3 · saison régulière,8,0.375,2.26,203.0,-2.0,55.0,201.0
Myths,Ji Jie Hao (集结号),LDL,Top,LDL Split 3 · saison régulière,9,0.333,2.12,203.0,-2.0,55.0,201.0
5K,LNG Academy,LDL,Top,LDL Split 3 · saison régulière,17,0.471,2.94,196.0,-3.0,55.0,193.0
Darwin,LNG Academy,LDL,Jungle,LDL Split 3 · saison régulière,17,0.471,3.66,190.0,-3.0,55.0,187.0
Xin,Rare Atom Period,LDL,Support,LDL Split 3 · saison régulière,17,0.471,3.04,168.0,1.0,55.0,169.0
Liweier,Invictus Gaming Young,LDL,Jungle,LDL Split 3 · saison régulière,24,0.375,2.12,169.0,-6.0,55.0,163.0
Ashlomailma,ThunderTalk Gaming Young,LDL,Support,LDL Split 3 · saison régulière,3,0.333,4.29,160.0,2.0,55.0,162.0
Rise,Bilibili Gaming Junior,LDL,ADC,LDL Split 3 · saison régulière,23,0.348,3.37,171.0,-10.0,55.0,161.0
Rbow,Invictus Gaming Young,LDL,Top,LDL Split 3 · saison régulière,15,0.467,2.44,161.0,-0.0,55.0,161.0
Alley,EDG Youth Team,LDL,Top,LDL Split 3 · saison régulière,4,0.5,2.36,160.0,-2.0,55.0,158.0
forse,Weibo Gaming Youth Team,LDL,Mid,LDL Split 3 · saison régulière,18,0.444,4.9,142.0,4.0,55.0,146.0
xiaohanbao,Anyone's Legend.Young,LDL,ADC,LDL Split 3 · saison régulière,22,0.454,2.72,139.0,3.0,55.0,142.0
Yu,Rare Atom Period,LDL,Top,LDL Split 3 · saison régulière,17,0.471,2.61,140.0,1.0,55.0,141.0
Thesnake,EDG Youth Team,LDL,ADC,LDL Split 3 · saison régulière,16,0.688,7.19,136.0,4.0,55.0,140.0
Relive,Ji Jie Hao (集结号),LDL,Support,LDL Split 3 · saison régulière,16,0.25,2.84,138.0,-4.0,55.0,134.0
Wings,Royal Club,LDL,ADC,LDL Split 3 · saison régulière,12,0.667,4.52,133.0,-0.0,55.0,133.0
Keaiduo,Joy Dream,LDL,Mid,LDL Split 3 · saison régulière,13,0.231,2.66,127.0,-0.0,55.0,127.0
whisper,Ultra Prime Academy,LDL,Jungle,LDL Split 3 · saison régulière,24,0.5,2.16,120.0,6.0,55.0,126.0
Zap,LGD Gaming Young Team,LDL,Support,LDL Split 3 · saison régulière,18,0.278,2.56,124.0,1.0,55.0,125.0
ZJJ,Weibo Gaming Youth Team,LDL,ADC,LDL Split 3 · saison régulière,18,0.444,4.61,106.0,4.0,55.0,110.0
Serene,Oh My God Academy,LDL,Jungle,LDL Split 3 · saison régulière,6,0.5,4.46,88.0,-0.0,55.0,88.0
Yesjun,Joy Dream,LDL,Jungle,LDL Split 3 · saison régulière,13,0.231,2.16,84.0,-0.0,55.0,84.0
Crush3,MAX,LDL,Jungle,LDL Split 3 · saison régulière,4,0.5,2.8,68.0,-2.0,55.0,66.0
TheNiu,Joy Dream,LDL,Top,LDL Split 3 · saison régulière,17,0.176,1.58,71.0,-5.0,55.0,66.0
Luuuck,Weibo Gaming Youth Team,LDL,Top,LDL Split 3 · saison régulière,18,0.444,2.53,58.0,4.0,55.0,62.0
Kui,Rare Atom Period,LDL,Jungle,LDL Split 3 · saison régulière,17,0.471,3.24,52.0,1.0,55.0,53.0
chips,LGD Gaming Young Team,LDL,ADC,LDL Split 3 · saison régulière,18,0.278,3.0,50.0,1.0,55.0,51.0
Nuo,Ji Jie Hao (集结号),LDL,Top,LDL Split 3 · saison régulière,8,0.25,2.59,48.0,1.0,55.0,49.0
Shaoye,LGD Gaming,LDL,ADC,LDL Split 3 · saison régulière,24,0.375,3.76,50.0,-6.0,55.0,44.0
Maggie,ThunderTalk Gaming Young,LDL,Jungle,LDL Split 3 · saison régulière,11,0.454,2.82,40.0,-0.0,55.0,40.0
Overture,LGD Gaming Young Team,LDL,Top,LDL Split 3 · saison régulière,18,0.278,2.83,33.0,1.0,55.0,34.0
Ru0,Huya RST,LDL,Jungle,LDL Split 3 · saison régulière,18,0.278,2.55,-25.0,1.0,55.0,-24.0
Yummy,Joy Dream,LDL,Mid,LDL Split 3 · saison régulière,17,0.176,2.0,-67.0,-5.0,55.0,-72.0
Dorian,Joy Dream,LDL,Support,LDL Split 3 · saison régulière,17,0.176,1.79,-110.0,-5.0,55.0,-115.0
zhiqiuyi,Anyone's Legend,LPL,ADC,LDL · playoffs,11,0.636,5.39,768.0,5.0,55.0,773.0
Zorah,Rare Atom,LPL,Support,LDL · playoffs,3,0.0,1.21,690.0,-4.0,55.0,686.0
Tianzhen,Invictus Gaming,LPL,Jungle,LDL · playoffs,11,0.454,3.23,668.0,-6.0,55.0,662.0
naiyou,Rare Atom,LDL,Jungle,LDL · playoffs,32,0.625,4.09,548.0,8.0,54.0,556.0
Uneasy,LNG Academy,LDL,ADC,LDL · playoffs,9,0.444,4.06,518.0,-2.0,55.0,516.0
Moyan,FunPlus Phoenix,LDL,Jungle,LDL · playoffs,24,0.75,5.34,496.0,14.0,55.0,510.0
Qing,FunPlus Phoenix Blaze,LDL,Mid,LDL · playoffs,22,0.546,4.49,498.0,1.0,55.0,499.0
milkyway,Royal Club,LDL,Jungle,LDL · playoffs,34,0.5,3.12,497.0,-3.0,54.0,494.0
Xzz,Royal Club,LDL,Mid,LDL · playoffs,34,0.5,4.36,470.0,-3.0,54.0,467.0
PandaC,Royal Club,LDL,Top,LDL · playoffs,34,0.5,2.83,461.0,-3.0,54.0,458.0
xiao7,MiaoJing (妙竞),LDL,Top,LDL · playoffs,25,0.6,4.0,442.0,15.0,55.0,457.0
JiaQi,Top Esports Challenger,LDL,ADC,LDL · playoffs,32,0.625,4.83,444.0,8.0,54.0,452.0
xiaohuangren,ThunderTalk Gaming Young,LDL,Jungle,LDL · playoffs,5,0.4,3.82,450.0,-0.0,55.0,450.0
Niket,Top Esports Challenger,LDL,Support,LDL · playoffs,32,0.625,4.1,436.0,8.0,54.0,444.0
Wangxiao,Top Esports Challenger,LDL,Mid,LDL · playoffs,32,0.625,4.52,435.0,8.0,54.0,443.0
Aspire,Top Esports Challenger,LDL,Top,LDL · playoffs,32,0.625,3.72,431.0,8.0,54.0,439.0
Medzz,MAX,LDL,Mid,LDL · playoffs,24,0.75,8.85,417.0,14.0,55.0,431.0
Such,MAX,LDL,ADC,LDL · playoffs,24,0.75,9.38,413.0,14.0,55.0,427.0
Haoye,FunPlus Phoenix Blaze,LDL,Jungle,LDL · playoffs,22,0.546,3.79,410.0,1.0,55.0,411.0
Zinco,Royal Club,LDL,ADC,LDL · playoffs,5,0.6,5.55,406.0,2.0,55.0,408.0
Yge,Huya BUG,LDL,Jungle,LDL · playoffs,3,0.0,0.94,402.0,-4.0,55.0,398.0
Ycx,Ji Jie Hao (集结号),LDL,Support,LDL · playoffs,5,0.4,3.0,398.0,-1.0,55.0,397.0
Garvey,MAX,LDL,Top,LDL · playoffs,24,0.75,4.76,381.0,14.0,55.0,395.0
Samver,MiaoJing (妙竞),LDL,ADC,LDL · playoffs,25,0.6,5.9,377.0,15.0,55.0,392.0
Xiamu,EDG Youth Team,LDL,Support,LDL · playoffs,3,0.0,1.78,383.0,-4.0,55.0,379.0
Wen,Invictus Gaming,LDL,Top,LDL · playoffs,37,0.486,2.68,381.0,-2.0,54.0,379.0
Starry,Oh My God Academy,LDL,ADC,LDL · playoffs,4,0.25,1.16,378.0,-4.0,55.0,374.0
705,Team WE Academy,LDL,Top,LDL · playoffs,11,0.182,1.55,377.0,-9.0,55.0,368.0
Xingye,FunPlus Phoenix Blaze,LDL,ADC,LDL · playoffs,22,0.546,5.3,365.0,1.0,55.0,366.0
MG,Invictus Gaming Young,LDL,Mid,LDL · playoffs,43,0.488,4.16,366.0,-3.0,54.0,363.0
xiaocaobao,Huya BUG,LDL,Mid,LDL · playoffs,25,0.6,4.68,346.0,15.0,55.0,361.0
Coward,EDG Youth Team,LDL,Jungle,LDL · playoffs,3,0.0,1.2,361.0,-4.0,55.0,357.0
Wunai3,Invictus Gaming Young,LDL,Support,LDL · playoffs,19,0.474,2.44,352.0,-0.0,55.0,352.0
Starfire,MiaoJing (妙竞),LDL,Jungle,LDL · playoffs,25,0.6,3.5,337.0,15.0,55.0,352.0
xiaoyueji,Invictus Gaming,LDL,ADC,LDL · playoffs,11,0.454,2.94,355.0,-6.0,55.0,349.0
lamb,Bilibili Gaming Junior,LDL,Top,LDL · playoffs,7,0.571,2.46,351.0,-2.0,55.0,349.0
View,Team WE Academy,LDL,Jungle,LDL · playoffs,3,0.333,2.22,345.0,-3.0,55.0,342.0
Stay,Team WE Academy,LDL,ADC,LDL · playoffs,4,0.25,2.67,334.0,-4.0,55.0,330.0
Junhao,Bilibili Gaming Junior,LDL,Jungle,LDL · playoffs,7,0.571,2.73,331.0,-2.0,55.0,329.0
Vinay,MAX,LDL,Support,LDL · playoffs,24,0.75,4.36,308.0,14.0,55.0,322.0
climber,Ji Jie Hao (集结号),LDL,Jungle,LDL · playoffs,5,0.4,5.44,318.0,-1.0,55.0,317.0
Bunny,Royal Club,LDL,Support,LDL · playoffs,29,0.483,2.62,317.0,-8.0,54.0,309.0
Hoshisora,Invictus Gaming Young,LDL,ADC,LDL · playoffs,13,0.538,3.97,306.0,3.0,55.0,309.0
xHun,Ji Jie Hao (集结号),LDL,Mid,LDL · playoffs,5,0.4,3.35,309.0,-1.0,55.0,308.0
RYue,EDG Youth Team,LDL,Top,LDL · playoffs,3,0.0,1.4,304.0,-4.0,55.0,300.0
Crack,MiaoJing (妙竞),LDL,Support,LDL · playoffs,25,0.6,2.98,284.0,15.0,55.0,299.0
Kedaya,Team WE Academy,LDL,Support,LDL · playoffs,11,0.182,2.49,307.0,-9.0,55.0,298.0
Jwei,Ultra Prime,LDL,Support,LDL · playoffs,7,0.571,3.46,300.0,-2.0,55.0,298.0
Ke,Invictus Gaming Young,LDL,Support,LDL · playoffs,24,0.5,3.12,299.0,-3.0,55.0,296.0
Miyi,Oh My God Academy,LDL,Support,LDL · playoffs,4,0.25,1.56,298.0,-4.0,55.0,294.0
BuLuKaKa,Team WE Academy,LDL,Mid,LDL · playoffs,11,0.182,2.58,300.0,-9.0,55.0,291.0
Uniboy,Rare Atom Period,LDL,Mid,LDL · playoffs,3,0.0,2.46,287.0,-2.0,55.0,285.0
Linfeng,Oh My God Academy,LDL,Mid,LDL · playoffs,4,0.25,1.5,288.0,-4.0,55.0,284.0
Ryan3,ThunderTalk Gaming Young,LDL,ADC,LDL · playoffs,5,0.4,2.0,280.0,-0.0,55.0,280.0
0909,Ultra Prime Academy,LDL,Mid,LDL · playoffs,5,0.4,1.78,277.0,2.0,55.0,279.0
jiang,Royal Club,LDL,ADC,LDL · playoffs,14,0.429,3.33,277.0,-4.0,55.0,273.0
Insulator,ThunderTalk Gaming Young,LDL,Mid,LDL · playoffs,5,0.4,3.17,270.0,-0.0,55.0,270.0
Mysun,LNG Academy,LDL,Support,LDL · playoffs,9,0.444,3.83,270.0,-2.0,55.0,268.0
Rosielove,Ultra Prime Academy,LDL,Support,LDL · playoffs,5,0.4,1.87,254.0,2.0,55.0,256.0
Munian,Oh My God Academy,LDL,Top,LDL · playoffs,4,0.25,1.0,256.0,-4.0,55.0,252.0
Fahai,FunPlus Phoenix Blaze,LDL,Support,LDL · playoffs,22,0.546,3.05,249.0,1.0,55.0,250.0
Renard,EDG Youth Team,LDL,ADC,LDL · playoffs,3,0.0,1.78,251.0,-4.0,55.0,247.0
huanhuan,Bilibili Gaming Junior,LDL,Mid,LDL · playoffs,7,0.571,2.63,249.0,-2.0,55.0,247.0
xLiang,Ji Jie Hao (集结号),LDL,ADC,LDL · playoffs,5,0.4,3.42,246.0,-1.0,55.0,245.0
Longmao,FunPlus Phoenix Blaze,LDL,Top,LDL · playoffs,22,0.546,2.76,233.0,1.0,55.0,234.0
Erha,Anyone's Legend.Young,LDL,Mid,LDL · playoffs,4,0.25,2.43,237.0,-3.0,55.0,234.0
Aliez,Ultra Prime Academy,LDL,Top,LDL · playoffs,5,0.4,2.31,229.0,2.0,55.0,231.0
Mitsuki,ThunderTalk Gaming Young,LDL,Support,LDL · playoffs,5,0.4,1.52,229.0,-0.0,55.0,229.0
think,Anyone's Legend.Young,LDL,Support,LDL · playoffs,4,0.25,1.95,229.0,-3.0,55.0,226.0
sasi,ThunderTalk Gaming Young,LDL,Top,LDL · playoffs,5,0.4,1.88,226.0,-0.0,55.0,226.0
Relife,Anyone's Legend.Young,LDL,Jungle,LDL · playoffs,4,0.25,1.87,227.0,-3.0,55.0,224.0
Eisley,Huya BUG,LDL,ADC,LDL · playoffs,9,0.0,1.59,228.0,-9.0,55.0,219.0
Coten,Anyone's Legend.Young,LDL,Top,LDL · playoffs,4,0.25,1.41,220.0,-3.0,55.0,217.0
kelin,Ultra Prime Academy,LDL,ADC,LDL · playoffs,5,0.4,2.82,214.0,2.0,55.0,216.0
xzy,LNG Academy,LDL,Mid,LDL · playoffs,9,0.444,3.97,210.0,-2.0,55.0,208.0
doing,Rare Atom Period,LDL,Mid,LDL · playoffs,3,0.0,0.71,209.0,-2.0,55.0,207.0
Myths,Ji Jie Hao (集结号),LDL,Top,LDL · playoffs,5,0.4,3.59,203.0,-1.0,55.0,202.0
Yanxiang,Team WE Academy,LDL,Jungle,LDL · playoffs,8,0.125,2.58,204.0,-7.0,55.0,197.0
5K,LNG Academy,LDL,Top,LDL · playoffs,9,0.444,2.97,196.0,-2.0,55.0,194.0
Darwin,LNG Academy,LDL,Jungle,LDL · playoffs,9,0.444,3.32,190.0,-2.0,55.0,188.0
Liweier,Invictus Gaming Young,LDL,Jungle,LDL · playoffs,32,0.5,2.97,169.0,3.0,54.0,172.0
Rise,Bilibili Gaming Junior,LDL,ADC,LDL · playoffs,7,0.571,5.62,171.0,-2.0,55.0,169.0
Xin,Rare Atom Period,LDL,Support,LDL · playoffs,3,0.0,1.93,168.0,-2.0,55.0,166.0
Rbow,Invictus Gaming Young,LDL,Top,LDL · playoffs,6,0.5,2.65,161.0,-0.0,55.0,161.0
xiaohanbao,Anyone's Legend.Young,LDL,ADC,LDL · playoffs,4,0.25,2.77,139.0,-3.0,55.0,136.0
Yu,Rare Atom Period,LDL,Top,LDL · playoffs,6,0.0,1.45,140.0,-6.0,55.0,134.0
Thesnake,EDG Youth Team,LDL,ADC,LDL · playoffs,3,0.0,2.4,136.0,-4.0,55.0,132.0
Xing,Team WE Academy,LDL,ADC,LDL · playoffs,7,0.143,2.41,135.0,-5.0,55.0,130.0
Wings,Royal Club,LDL,ADC,LDL · playoffs,4,0.25,2.15,133.0,-6.0,55.0,127.0
whisper,Ultra Prime Academy,LDL,Jungle,LDL · playoffs,5,0.4,2.65,120.0,2.0,55.0,122.0
Serene,Oh My God Academy,LDL,Jungle,LDL · playoffs,4,0.25,1.38,88.0,-4.0,55.0,84.0
Shaoye,LGD Gaming,LDL,ADC,LDL · playoffs,19,0.474,2.87,50.0,-0.0,55.0,50.0
Kui,Rare Atom Period,LDL,Jungle,LDL · playoffs,3,0.0,3.08,52.0,-2.0,55.0,50.0
zzl,Rare Atom Period,LDL,Mid,LDL · playoffs,6,0.0,1.45,-22.0,-7.0,55.0,-29.0
Feather,Rare Atom,LPL,Support,LDL · saison régulière,3,1.0,17.67,574.0,4.0,55.0,578.0
1xn,ThunderTalk Gaming,LPL,ADC,LDL · saison régulière,3,1.0,47.0,545.0,4.0,55.0,549.0
Mori,Oh My God Academy,LDL,Jungle,LDL · saison régulière,8,0.625,3.94,543.0,0.0,55.0,543.0
hulatang,Ji Jie Hao (集结号),LDL,Top,LDL · saison régulière,9,0.667,3.6,528.0,1.0,55.0,529.0
Uneasy,LNG Academy,LDL,ADC,LDL · saison régulière,4,0.75,3.23,518.0,2.0,55.0,520.0
xiao7,MiaoJing (妙竞),LDL,Top,LDL · saison régulière,4,0.75,7.4,442.0,5.0,55.0,447.0
Decade,LGD Gaming,LPL,Top,LDL · saison régulière,5,0.6,4.0,427.0,2.0,55.0,429.0
Medzz,MAX,LDL,Mid,LDL · saison régulière,10,0.4,5.62,417.0,-5.0,55.0,412.0
Such,MAX,LDL,ADC,LDL · saison régulière,8,0.25,3.09,413.0,-4.0,55.0,409.0
Ycx,Ji Jie Hao (集结号),LDL,Support,LDL · saison régulière,9,0.667,5.39,398.0,1.0,55.0,399.0
Samver,MiaoJing (妙竞),LDL,ADC,LDL · saison régulière,4,0.75,11.5,377.0,5.0,55.0,382.0
Xiamu,EDG Youth Team,LDL,Support,LDL · saison régulière,8,0.5,3.07,383.0,-3.0,55.0,380.0
Starry,Oh My God Academy,LDL,ADC,LDL · saison régulière,8,0.625,6.09,378.0,0.0,55.0,378.0
Garvey,MAX,LDL,Top,LDL · saison régulière,10,0.4,2.32,381.0,-5.0,55.0,376.0
Coward,EDG Youth Team,LDL,Jungle,LDL · saison régulière,8,0.5,3.77,361.0,-3.0,55.0,358.0
xiaocaobao,Huya BUG,LDL,Mid,LDL · saison régulière,4,0.75,8.5,346.0,5.0,55.0,351.0
lamb,Bilibili Gaming Junior,LDL,Top,LDL · saison régulière,5,0.6,4.45,351.0,-2.0,55.0,349.0
Starfire,MiaoJing (妙竞),LDL,Jungle,LDL · saison régulière,4,0.75,5.11,337.0,5.0,55.0,342.0
Stay,Team WE Academy,LDL,ADC,LDL · saison régulière,5,0.6,3.5,334.0,2.0,55.0,336.0
Junhao,Bilibili Gaming Junior,LDL,Jungle,LDL · saison régulière,5,0.6,2.88,331.0,-2.0,55.0,329.0
climber,Ji Jie Hao (集结号),LDL,Jungle,LDL · saison régulière,9,0.667,4.59,318.0,1.0,55.0,319.0
xHun,Ji Jie Hao (集结号),LDL,Mid,LDL · saison régulière,9,0.667,4.72,309.0,1.0,55.0,310.0
Kedaya,Team WE Academy,LDL,Support,LDL · saison régulière,5,0.6,4.13,307.0,2.0,55.0,309.0
Today,EDG Youth Team,LDL,ADC,LDL · saison régulière,4,0.75,7.0,305.0,2.0,55.0,307.0
Vinay,MAX,LDL,Support,LDL · saison régulière,10,0.4,2.5,308.0,-5.0,55.0,303.0
6zc,FunPlus Phoenix Blaze,LDL,Jungle,LDL · saison régulière,1,0.0,2.25,303.0,-1.0,55.0,302.0
BuLuKaKa,Team WE Academy,LDL,Mid,LDL · saison régulière,5,0.6,7.43,300.0,2.0,55.0,302.0
pzx,Joy Dream,LDL,Jungle,LDL · saison régulière,7,0.571,5.24,297.0,1.0,55.0,298.0
Miyi,Oh My God Academy,LDL,Support,LDL · saison régulière,8,0.625,7.18,298.0,0.0,55.0,298.0
Jwei,Ultra Prime,LDL,Support,LDL · saison régulière,5,0.6,4.43,300.0,-2.0,55.0,298.0
Crack,MiaoJing (妙竞),LDL,Support,LDL · saison régulière,4,0.75,3.23,284.0,5.0,55.0,289.0
Linfeng,Oh My God Academy,LDL,Mid,LDL · saison régulière,8,0.625,3.63,288.0,0.0,55.0,288.0
redwall,Joy Dream,LDL,Top,LDL · saison régulière,3,1.0,7.2,281.0,4.0,55.0,285.0
Mirror,Ultra Prime Academy,LDL,Mid,LDL · saison régulière,4,0.75,4.64,279.0,3.0,55.0,282.0
Kepler,LGD Gaming,LDL,ADC,LDL · saison régulière,9,0.667,5.39,271.0,1.0,55.0,272.0
Mysun,LNG Academy,LDL,Support,LDL · saison régulière,7,0.429,2.92,270.0,-3.0,55.0,267.0
Insulator,ThunderTalk Gaming Young,LDL,Mid,LDL · saison régulière,3,0.0,1.1,270.0,-4.0,55.0,266.0
pqy,MAX,LDL,ADC,LDL · saison régulière,10,0.4,4.13,269.0,-5.0,55.0,264.0
Munian,Oh My God Academy,LDL,Top,LDL · saison régulière,3,1.0,7.0,256.0,5.0,55.0,261.0
Rosielove,Ultra Prime Academy,LDL,Support,LDL · saison régulière,8,0.5,4.36,254.0,1.0,55.0,255.0
Hungry,Anyone's Legend.Young,LDL,ADC,LDL · saison régulière,10,0.6,4.05,242.0,7.0,55.0,249.0
Cyku,Weibo Gaming,LDL,Mid,LDL · saison régulière,8,0.5,2.34,252.0,-3.0,55.0,249.0
huanhuan,Bilibili Gaming Junior,LDL,Mid,LDL · saison régulière,5,0.6,3.31,249.0,-2.0,55.0,247.0
Fahai,FunPlus Phoenix Blaze,LDL,Support,LDL · saison régulière,4,0.25,1.82,249.0,-3.0,55.0,246.0
Kaixuan,Anyone's Legend.Young,LDL,Support,LDL · saison régulière,10,0.6,3.95,238.0,7.0,55.0,245.0
Erha,Anyone's Legend.Young,LDL,Mid,LDL · saison régulière,10,0.6,5.81,237.0,7.0,55.0,244.0
Relife,Anyone's Legend.Young,LDL,Jungle,LDL · saison régulière,10,0.6,3.82,227.0,7.0,55.0,234.0
think,Anyone's Legend.Young,LDL,Support,LDL · saison régulière,5,0.4,2.46,229.0,2.0,55.0,231.0
Eisley,Huya BUG,LDL,ADC,LDL · saison régulière,5,0.4,3.29,228.0,2.0,55.0,230.0
Aliez,Ultra Prime Academy,LDL,Top,LDL · saison régulière,8,0.5,3.1,229.0,1.0,55.0,230.0
Longmao,FunPlus Phoenix Blaze,LDL,Top,LDL · saison régulière,8,0.25,1.93,233.0,-4.0,55.0,229.0
Coten,Anyone's Legend.Young,LDL,Top,LDL · saison régulière,10,0.6,3.58,220.0,7.0,55.0,227.0
sasi,ThunderTalk Gaming Young,LDL,Top,LDL · saison régulière,3,0.0,0.58,226.0,-4.0,55.0,222.0
kelin,Ultra Prime Academy,LDL,ADC,LDL · saison régulière,8,0.5,4.21,214.0,1.0,55.0,215.0
Tong,Joy Dream,LDL,Top,LDL · saison régulière,4,0.25,1.06,216.0,-3.0,55.0,213.0
doing,Rare Atom Period,LDL,Mid,LDL · saison régulière,5,0.4,4.23,209.0,2.0,55.0,211.0
sorrow,FunPlus Phoenix Blaze,LDL,Jungle,LDL · saison régulière,7,0.286,2.96,212.0,-3.0,55.0,209.0
xzy,LNG Academy,LDL,Mid,LDL · saison régulière,7,0.429,4.5,210.0,-3.0,55.0,207.0
Yanxiang,Team WE Academy,LDL,Jungle,LDL · saison régulière,5,0.6,4.46,204.0,2.0,55.0,206.0
Healer,LNG Academy,LDL,ADC,LDL · saison régulière,3,0.0,1.43,207.0,-5.0,55.0,202.0
XBear,Weibo Gaming Youth Team,LDL,Support,LDL · saison régulière,4,0.25,2.44,203.0,-2.0,55.0,201.0
5K,LNG Academy,LDL,Top,LDL · saison régulière,7,0.429,2.11,196.0,-3.0,55.0,193.0
Darwin,LNG Academy,LDL,Jungle,LDL · saison régulière,7,0.429,2.1,190.0,-3.0,55.0,187.0
Xhow,Weibo Gaming Youth Team,LDL,Jungle,LDL · saison régulière,5,0.4,3.5,174.0,2.0,55.0,176.0
Rise,Bilibili Gaming Junior,LDL,ADC,LDL · saison régulière,5,0.6,5.45,171.0,-2.0,55.0,169.0
Xiao17,MAX,LDL,Jungle,LDL · saison régulière,5,0.4,2.1,163.0,-2.0,55.0,161.0
Alley,EDG Youth Team,LDL,Top,LDL · saison régulière,8,0.5,2.71,160.0,-3.0,55.0,157.0
Ashlomailma,ThunderTalk Gaming Young,LDL,Support,LDL · saison régulière,3,0.0,0.79,160.0,-4.0,55.0,156.0
forse,Weibo Gaming Youth Team,LDL,Mid,LDL · saison régulière,5,0.4,3.5,142.0,2.0,55.0,144.0
TuT,Weibo Gaming Youth Team,LDL,ADC,LDL · saison régulière,5,0.4,3.5,141.0,2.0,55.0,143.0
Yu,Rare Atom Period,LDL,Top,LDL · saison régulière,5,0.4,2.24,140.0,2.0,55.0,142.0
Thesnake,EDG Youth Team,LDL,ADC,LDL · saison régulière,4,0.25,2.2,136.0,-5.0,55.0,131.0
Keaiduo,Joy Dream,LDL,Mid,LDL · saison régulière,7,0.571,6.91,127.0,1.0,55.0,128.0
whisper,Ultra Prime Academy,LDL,Jungle,LDL · saison régulière,8,0.5,2.44,120.0,1.0,55.0,121.0
bat,ThunderTalk Gaming Young,LDL,ADC,LDL · saison régulière,3,0.0,1.5,113.0,-4.0,55.0,109.0
Crush3,MAX,LDL,Jungle,LDL · saison régulière,5,0.4,2.71,68.0,-3.0,55.0,65.0
Luuuck,Weibo Gaming Youth Team,LDL,Top,LDL · saison régulière,5,0.4,1.74,58.0,2.0,55.0,60.0
Kui,Rare Atom Period,LDL,Jungle,LDL · saison régulière,5,0.4,3.0,52.0,2.0,55.0,54.0
Shaoye,LGD Gaming,LDL,ADC,LDL · saison régulière,4,0.25,1.78,50.0,-3.0,55.0,47.0
YJJ,Oh My God Academy,LDL,Top,LDL · saison régulière,5,0.4,1.38,46.0,-4.0,55.0,42.0
Maggie,ThunderTalk Gaming Young,LDL,Jungle,LDL · saison régulière,3,0.0,0.62,40.0,-4.0,55.0,36.0
fled,FunPlus Phoenix Blaze,LDL,Mid,LDL · saison régulière,8,0.25,2.23,34.0,-4.0,55.0,30.0
Vergil,Ultra Prime Academy,LDL,Mid,LDL · saison régulière,4,0.25,1.53,29.0,-2.0,55.0,27.0
Missia,Rare Atom Period,LDL,Support,LDL · saison régulière,5,0.4,3.47,-107.0,2.0,55.0,-105.0
Dorian,Joy Dream,LDL,Support,LDL · saison régulière,4,0.25,2.62,-110.0,-3.0,55.0,-113.0
Yike,G2 Esports,LEC,Jungle,LEC Finals · playoffs,12,0.75,4.88,809.0,2.0,55.0,811.0
Hans Sama,G2 Esports,LEC,ADC,LEC Finals · playoffs,12,0.75,4.47,808.0,2.0,55.0,810.0
BrokenBlade,G2 Esports,LEC,Top,LEC Finals · playoffs,12,0.75,8.15,802.0,2.0,55.0,804.0
Mikyx,G2 Esports,LEC,Support,LEC Finals · playoffs,12,0.75,3.39,774.0,2.0,55.0,776.0
Caps,G2 Esports,LEC,Mid,LEC Finals · playoffs,12,0.75,4.66,767.0,2.0,55.0,769.0
Trymbi,Fnatic,LEC,Support,LEC Finals · playoffs,19,0.526,2.47,762.0,3.0,55.0,765.0
Abbedagge,Excel Esports,LEC,Mid,LEC Finals · playoffs,8,0.25,3.88,671.0,-3.0,55.0,668.0
Humanoid,Fnatic,LEC,Mid,LEC Finals · playoffs,19,0.526,3.93,664.0,3.0,55.0,667.0
Razork,Fnatic,LEC,Jungle,LEC Finals · playoffs,19,0.526,3.47,649.0,3.0,55.0,652.0
Elyoya,MAD Lions KOI,LEC,Jungle,LEC Finals · playoffs,12,0.5,4.33,650.0,-0.0,55.0,650.0
Oscarinin,Fnatic,LEC,Top,LEC Finals · playoffs,5,0.6,3.23,648.0,1.0,55.0,649.0
Peach,Excel Esports,LEC,Jungle,LEC Finals · playoffs,8,0.25,2.96,650.0,-3.0,55.0,647.0
Chasy,MAD Lions KOI,LEC,Top,LEC Finals · playoffs,12,0.5,2.62,639.0,-0.0,55.0,639.0
Nisqy,MAD Lions KOI,LEC,Mid,LEC Finals · playoffs,12,0.5,2.65,625.0,-0.0,55.0,625.0
Crownie,Team BDS,LEC,ADC,LEC Finals · playoffs,12,0.5,4.0,605.0,1.0,55.0,606.0
Carzzy,MAD Lions KOI,LEC,ADC,LEC Finals · playoffs,12,0.5,3.71,594.0,-0.0,55.0,594.0
Sheo,Team BDS,LEC,Jungle,LEC Finals · playoffs,12,0.5,4.56,590.0,1.0,55.0,591.0
Adam,Team BDS,LEC,Top,LEC Finals · playoffs,12,0.5,2.22,588.0,1.0,55.0,589.0
LIMIT,Excel Esports,LEC,Support,LEC Finals · playoffs,8,0.25,2.32,586.0,-3.0,55.0,583.0
nuc,Team BDS,LEC,Mid,LEC Finals · playoffs,12,0.5,3.45,571.0,1.0,55.0,572.0
Noah,Fnatic,LEC,ADC,LEC Finals · playoffs,19,0.526,3.75,539.0,3.0,55.0,542.0
Doss,SK Gaming,LEC,Support,LEC Finals · playoffs,3,0.0,3.43,540.0,-2.0,55.0,538.0
Labrov,Team BDS,LEC,Support,LEC Finals · playoffs,12,0.5,3.21,536.0,1.0,55.0,537.0
Hylissang,MAD Lions KOI,LEC,Support,LEC Finals · playoffs,12,0.5,2.11,519.0,-0.0,55.0,519.0
Odoamne,Excel Esports,LEC,Top,LEC Finals · playoffs,8,0.25,2.59,518.0,-3.0,55.0,515.0
3XA,SK Gaming,LEC,ADC,LEC Finals · playoffs,3,0.0,4.2,516.0,-2.0,55.0,514.0
Sertuss,SK Gaming,LEC,Mid,LEC Finals · playoffs,3,0.0,2.1,514.0,-2.0,55.0,512.0
Markoon,SK Gaming,LEC,Jungle,LEC Finals · playoffs,3,0.0,1.81,507.0,-2.0,55.0,505.0
Wunder,Fnatic,LEC,Top,LEC Finals · playoffs,14,0.5,2.78,482.0,2.0,55.0,484.0
Irrelevant,SK Gaming,LEC,Top,LEC Finals · playoffs,3,0.0,2.43,485.0,-2.0,55.0,483.0
Patrik,Excel Esports,LEC,ADC,LEC Finals · playoffs,8,0.25,5.07,484.0,-3.0,55.0,481.0
Yike,G2 Esports,LEC,Jungle,LEC Spring · playoffs,5,0.4,2.75,809.0,-4.0,55.0,805.0
Hans Sama,G2 Esports,LEC,ADC,LEC Spring · playoffs,5,0.4,5.67,808.0,-4.0,55.0,804.0
BrokenBlade,G2 Esports,LEC,Top,LEC Spring · playoffs,5,0.4,2.85,802.0,-4.0,55.0,798.0
Mikyx,G2 Esports,LEC,Support,LEC Spring · playoffs,5,0.4,3.43,774.0,-4.0,55.0,770.0
Caps,G2 Esports,LEC,Mid,LEC Spring · playoffs,5,0.4,1.94,767.0,-4.0,55.0,763.0
Elyoya,MAD Lions KOI,LEC,Jungle,LEC Spring · playoffs,14,0.643,5.88,650.0,15.0,55.0,665.0
Chasy,MAD Lions KOI,LEC,Top,LEC Spring · playoffs,14,0.643,4.57,639.0,15.0,55.0,654.0
Upset,Team Vitality,LEC,ADC,LEC Spring · playoffs,7,0.143,6.17,659.0,-10.0,55.0,649.0
Nisqy,MAD Lions KOI,LEC,Mid,LEC Spring · playoffs,14,0.643,3.76,625.0,15.0,55.0,640.0
Bo,Team Vitality,LEC,Jungle,LEC Spring · playoffs,7,0.143,1.05,634.0,-10.0,55.0,624.0
Carzzy,MAD Lions KOI,LEC,ADC,LEC Spring · playoffs,14,0.643,3.91,594.0,15.0,55.0,609.0
Crownie,Team BDS,LEC,ADC,LEC Spring · playoffs,8,0.625,6.54,605.0,-1.0,55.0,604.0
Photon,Team Vitality,LEC,Top,LEC Spring · playoffs,7,0.143,1.29,609.0,-10.0,55.0,599.0
Sheo,Team BDS,LEC,Jungle,LEC Spring · playoffs,8,0.625,3.9,590.0,-1.0,55.0,589.0
Adam,Team BDS,LEC,Top,LEC Spring · playoffs,8,0.625,2.21,588.0,-1.0,55.0,587.0
Kaiser,Team Vitality,LEC,Support,LEC Spring · playoffs,7,0.143,1.71,589.0,-10.0,55.0,579.0
Perkz,Team Vitality,LEC,Mid,LEC Spring · playoffs,7,0.143,1.57,584.0,-10.0,55.0,574.0
nuc,Team BDS,LEC,Mid,LEC Spring · playoffs,8,0.625,6.0,571.0,-1.0,55.0,570.0
Labrov,Team BDS,LEC,Support,LEC Spring · playoffs,8,0.625,2.96,536.0,-1.0,55.0,535.0
Hylissang,MAD Lions KOI,LEC,Support,LEC Spring · playoffs,14,0.643,2.57,519.0,15.0,55.0,534.0
Yike,G2 Esports,LEC,Jungle,LEC Spring · saison régulière,17,0.647,5.29,809.0,-5.0,55.0,804.0
Hans Sama,G2 Esports,LEC,ADC,LEC Spring · saison régulière,17,0.647,4.97,808.0,-5.0,55.0,803.0
BrokenBlade,G2 Esports,LEC,Top,LEC Spring · saison régulière,17,0.647,4.37,802.0,-5.0,55.0,797.0
Mikyx,G2 Esports,LEC,Support,LEC Spring · saison régulière,17,0.647,3.34,774.0,-5.0,55.0,769.0
Caps,G2 Esports,LEC,Mid,LEC Spring · saison régulière,17,0.647,2.66,767.0,-5.0,55.0,762.0
Trymbi,Fnatic,LEC,Support,LEC Spring · saison régulière,17,0.412,2.04,762.0,-1.0,55.0,761.0
Upset,Team Vitality,LEC,ADC,LEC Spring · saison régulière,13,0.769,11.92,659.0,17.0,55.0,676.0
Abbedagge,Excel Esports,LEC,Mid,LEC Spring · saison régulière,3,0.0,1.5,671.0,-5.0,55.0,666.0
Humanoid,Fnatic,LEC,Mid,LEC Spring · saison régulière,15,0.4,3.68,664.0,-2.0,55.0,662.0
Bo,Team Vitality,LEC,Jungle,LEC Spring · saison régulière,13,0.769,5.0,634.0,17.0,55.0,651.0
Razork,Fnatic,LEC,Jungle,LEC Spring · saison régulière,15,0.4,3.0,649.0,-2.0,55.0,647.0
Oscarinin,Fnatic,LEC,Top,LEC Spring · saison régulière,15,0.4,1.82,648.0,-2.0,55.0,646.0
Elyoya,MAD Lions KOI,LEC,Jungle,LEC Spring · saison régulière,17,0.471,3.9,650.0,-6.0,55.0,644.0
Chasy,MAD Lions KOI,LEC,Top,LEC Spring · saison régulière,17,0.471,2.65,639.0,-6.0,55.0,633.0
Photon,Team Vitality,LEC,Top,LEC Spring · saison régulière,13,0.769,4.22,609.0,17.0,55.0,626.0
Nisqy,MAD Lions KOI,LEC,Mid,LEC Spring · saison régulière,17,0.471,3.42,625.0,-6.0,55.0,619.0
Crownie,Team BDS,LEC,ADC,LEC Spring · saison régulière,13,0.846,6.58,605.0,10.0,55.0,615.0
Jankos,Team Heretics,LEC,Jungle,LEC Spring · saison régulière,10,0.3,3.69,612.0,-0.0,55.0,612.0
Kaiser,Team Vitality,LEC,Support,LEC Spring · saison régulière,13,0.769,8.85,589.0,17.0,55.0,606.0
Perkz,Team Vitality,LEC,Mid,LEC Spring · saison régulière,13,0.769,7.14,584.0,17.0,55.0,601.0
Sheo,Team BDS,LEC,Jungle,LEC Spring · saison régulière,13,0.846,8.83,590.0,10.0,55.0,600.0
Adam,Team BDS,LEC,Top,LEC Spring · saison régulière,13,0.846,2.86,588.0,10.0,55.0,598.0
Mersa,Team Heretics,LEC,Support,LEC Spring · saison régulière,10,0.3,3.0,590.0,-0.0,55.0,590.0
Carzzy,MAD Lions KOI,LEC,ADC,LEC Spring · saison régulière,17,0.471,3.35,594.0,-6.0,55.0,588.0
nuc,Team BDS,LEC,Mid,LEC Spring · saison régulière,13,0.846,5.3,571.0,10.0,55.0,581.0
LIMIT,Excel Esports,LEC,Support,LEC Spring · saison régulière,9,0.222,2.06,586.0,-6.0,55.0,580.0
Evi,Team Heretics,LEC,Top,LEC Spring · saison régulière,10,0.3,2.51,556.0,-0.0,55.0,556.0
Labrov,Team BDS,LEC,Support,LEC Spring · saison régulière,13,0.846,5.57,536.0,10.0,55.0,546.0
Doss,SK Gaming,LEC,Support,LEC Spring · saison régulière,13,0.308,2.46,540.0,-6.0,55.0,534.0
Kobbe,Astralis,LEC,ADC,LEC Spring · saison régulière,16,0.5,4.08,531.0,-1.0,55.0,530.0
Hylissang,MAD Lions KOI,LEC,Support,LEC Spring · saison régulière,17,0.471,2.14,519.0,-6.0,55.0,513.0
Odoamne,Excel Esports,LEC,Top,LEC Spring · saison régulière,9,0.222,1.85,518.0,-6.0,55.0,512.0
Szygenda,KOI,LEC,Top,LEC Spring · saison régulière,17,0.412,2.35,513.0,-1.0,55.0,512.0
3XA,SK Gaming,LEC,ADC,LEC Spring · saison régulière,13,0.308,2.66,516.0,-6.0,55.0,510.0
Comp,KOI,LEC,ADC,LEC Spring · saison régulière,17,0.412,3.61,510.0,-1.0,55.0,509.0
Sertuss,SK Gaming,LEC,Mid,LEC Spring · saison régulière,13,0.308,2.69,514.0,-6.0,55.0,508.0
Execute,Astralis,LEC,Support,LEC Spring · saison régulière,16,0.5,2.54,504.0,-1.0,55.0,503.0
Markoon,SK Gaming,LEC,Jungle,LEC Spring · saison régulière,13,0.308,2.58,507.0,-6.0,55.0,501.0
Finn,Astralis,LEC,Top,LEC Spring · saison régulière,16,0.5,2.35,489.0,-1.0,55.0,488.0
Larssen,KOI,LEC,Mid,LEC Spring · saison régulière,17,0.412,3.05,483.0,-1.0,55.0,482.0
Irrelevant,SK Gaming,LEC,Top,LEC Spring · saison régulière,13,0.308,1.9,485.0,-6.0,55.0,479.0
Patrik,Excel Esports,LEC,ADC,LEC Spring · saison régulière,9,0.222,2.54,484.0,-6.0,55.0,478.0
Malrang,KOI,LEC,Jungle,LEC Spring · saison régulière,17,0.412,2.26,476.0,-1.0,55.0,475.0
113,Astralis,LEC,Jungle,LEC Spring · saison régulière,16,0.5,2.52,463.0,-1.0,55.0,462.0
Ruby,TSM,LEC,Mid,LEC Spring · saison régulière,10,0.3,3.42,453.0,-0.0,55.0,453.0
LIDER,Astralis,LEC,Mid,LEC Spring · saison régulière,16,0.5,1.97,441.0,-1.0,55.0,440.0
Vetheo,Team Heretics,LEC,Mid,LEC Spring · saison régulière,6,0.333,2.47,431.0,-2.0,55.0,429.0
Rekkles,Fnatic,LEC,ADC,LEC Spring · saison régulière,15,0.4,4.69,387.0,-2.0,55.0,385.0
Advienne,KOI,LEC,Support,LEC Spring · saison régulière,15,0.4,4.1,355.0,-2.0,55.0,353.0
Jackspektra,Team Heretics Academy,LES,ADC,LEC Spring · saison régulière,10,0.3,4.44,205.0,-0.0,55.0,205.0
Xerxe,Giants,LES,Jungle,LEC Spring · saison régulière,9,0.222,2.21,56.0,-6.0,55.0,50.0
Yike,G2 Esports,LEC,Jungle,LEC Summer · playoffs,8,0.75,7.37,809.0,-1.0,55.0,808.0
Hans Sama,G2 Esports,LEC,ADC,LEC Summer · playoffs,8,0.75,8.44,808.0,-1.0,55.0,807.0
BrokenBlade,G2 Esports,LEC,Top,LEC Summer · playoffs,8,0.75,4.4,802.0,-1.0,55.0,801.0
Mikyx,G2 Esports,LEC,Support,LEC Summer · playoffs,8,0.75,5.11,774.0,-1.0,55.0,773.0
Caps,G2 Esports,LEC,Mid,LEC Summer · playoffs,8,0.75,5.12,767.0,-1.0,55.0,766.0
Trymbi,Fnatic,LEC,Support,LEC Summer · playoffs,8,0.5,2.67,762.0,-4.0,55.0,758.0
Abbedagge,Excel Esports,LEC,Mid,LEC Summer · playoffs,12,0.417,3.44,671.0,8.0,55.0,679.0
Humanoid,Fnatic,LEC,Mid,LEC Summer · playoffs,8,0.5,2.66,664.0,-4.0,55.0,660.0
Peach,Excel Esports,LEC,Jungle,LEC Summer · playoffs,12,0.417,2.5,650.0,8.0,55.0,658.0
Razork,Fnatic,LEC,Jungle,LEC Summer · playoffs,8,0.5,4.06,649.0,-4.0,55.0,645.0
Oscarinin,Fnatic,LEC,Top,LEC Summer · playoffs,8,0.5,3.38,648.0,-4.0,55.0,644.0
Jankos,Team Heretics,LEC,Jungle,LEC Summer · playoffs,4,0.25,2.42,612.0,-3.0,55.0,609.0
LIMIT,Excel Esports,LEC,Support,LEC Summer · playoffs,12,0.417,2.6,586.0,8.0,55.0,594.0
Flakked,Team Heretics,LEC,ADC,LEC Summer · playoffs,4,0.25,1.83,593.0,-3.0,55.0,590.0
Mersa,Team Heretics,LEC,Support,LEC Summer · playoffs,4,0.25,3.22,590.0,-3.0,55.0,587.0
Evi,Team Heretics,LEC,Top,LEC Summer · playoffs,4,0.25,1.43,556.0,-3.0,55.0,553.0
Noah,Fnatic,LEC,ADC,LEC Summer · playoffs,8,0.5,4.39,539.0,-4.0,55.0,535.0
Odoamne,Excel Esports,LEC,Top,LEC Summer · playoffs,12,0.417,2.47,518.0,8.0,55.0,526.0
Patrik,Excel Esports,LEC,ADC,LEC Summer · playoffs,12,0.417,3.05,484.0,8.0,55.0,492.0
Vetheo,Team Heretics,LEC,Mid,LEC Summer · playoffs,4,0.25,4.0,431.0,-3.0,55.0,428.0
Yike,G2 Esports,LEC,Jungle,LEC Summer · saison régulière,13,0.923,7.57,809.0,7.0,55.0,816.0
Hans Sama,G2 Esports,LEC,ADC,LEC Summer · saison régulière,13,0.923,8.26,808.0,7.0,55.0,815.0
BrokenBlade,G2 Esports,LEC,Top,LEC Summer · saison régulière,13,0.923,5.22,802.0,7.0,55.0,809.0
Mikyx,G2 Esports,LEC,Support,LEC Summer · saison régulière,13,0.923,6.03,774.0,7.0,55.0,781.0
Caps,G2 Esports,LEC,Mid,LEC Summer · saison régulière,13,0.923,4.57,767.0,7.0,55.0,774.0
Trymbi,Fnatic,LEC,Support,LEC Summer · saison régulière,15,0.733,5.16,762.0,7.0,55.0,769.0
Abbedagge,Excel Esports,LEC,Mid,LEC Summer · saison régulière,14,0.643,4.09,671.0,4.0,55.0,675.0
Humanoid,Fnatic,LEC,Mid,LEC Summer · saison régulière,15,0.733,4.26,664.0,7.0,55.0,671.0
Razork,Fnatic,LEC,Jungle,LEC Summer · saison régulière,15,0.733,4.34,649.0,7.0,55.0,656.0
Oscarinin,Fnatic,LEC,Top,LEC Summer · saison régulière,15,0.733,4.66,648.0,7.0,55.0,655.0
Peach,Excel Esports,LEC,Jungle,LEC Summer · saison régulière,14,0.643,4.79,650.0,4.0,55.0,654.0
Upset,Team Vitality,LEC,ADC,LEC Summer · saison régulière,9,0.111,3.44,659.0,-8.0,55.0,651.0
Elyoya,MAD Lions KOI,LEC,Jungle,LEC Summer · saison régulière,13,0.308,2.59,650.0,-10.0,55.0,640.0
Bo,Team Vitality,LEC,Jungle,LEC Summer · saison régulière,6,0.167,1.14,634.0,-5.0,55.0,629.0
Chasy,MAD Lions KOI,LEC,Top,LEC Summer · saison régulière,13,0.308,2.04,639.0,-10.0,55.0,629.0
Jankos,Team Heretics,LEC,Jungle,LEC Summer · saison régulière,16,0.625,4.34,612.0,4.0,55.0,616.0
Nisqy,MAD Lions KOI,LEC,Mid,LEC Summer · saison régulière,13,0.308,2.72,625.0,-10.0,55.0,615.0
Photon,Team Vitality,LEC,Top,LEC Summer · saison régulière,9,0.111,1.96,609.0,-8.0,55.0,601.0
Crownie,Team BDS,LEC,ADC,LEC Summer · saison régulière,16,0.375,2.59,605.0,-6.0,55.0,599.0
Flakked,Team Heretics,LEC,ADC,LEC Summer · saison régulière,16,0.625,5.36,593.0,4.0,55.0,597.0
Mersa,Team Heretics,LEC,Support,LEC Summer · saison régulière,16,0.625,5.18,590.0,4.0,55.0,594.0
LIMIT,Excel Esports,LEC,Support,LEC Summer · saison régulière,14,0.643,3.92,586.0,4.0,55.0,590.0
Sheo,Team BDS,LEC,Jungle,LEC Summer · saison régulière,16,0.375,3.08,590.0,-6.0,55.0,584.0
Adam,Team BDS,LEC,Top,LEC Summer · saison régulière,15,0.4,1.87,588.0,-4.0,55.0,584.0
Carzzy,MAD Lions KOI,LEC,ADC,LEC Summer · saison régulière,13,0.308,2.78,594.0,-10.0,55.0,584.0
Kaiser,Team Vitality,LEC,Support,LEC Summer · saison régulière,9,0.111,2.1,589.0,-8.0,55.0,581.0
Perkz,Team Vitality,LEC,Mid,LEC Summer · saison régulière,9,0.111,2.38,584.0,-8.0,55.0,576.0
nuc,Team BDS,LEC,Mid,LEC Summer · saison régulière,16,0.375,3.13,571.0,-6.0,55.0,565.0
Evi,Team Heretics,LEC,Top,LEC Summer · saison régulière,16,0.625,2.49,556.0,4.0,55.0,560.0
Noah,Fnatic,LEC,ADC,LEC Summer · saison régulière,15,0.733,11.71,539.0,7.0,55.0,546.0
Doss,SK Gaming,LEC,Support,LEC Summer · saison régulière,16,0.438,4.12,540.0,4.0,55.0,544.0
Labrov,Team BDS,LEC,Support,LEC Summer · saison régulière,16,0.375,2.4,536.0,-6.0,55.0,530.0
Kobbe,Astralis,LEC,ADC,LEC Summer · saison régulière,9,0.333,2.0,531.0,-1.0,55.0,530.0
Odoamne,Excel Esports,LEC,Top,LEC Summer · saison régulière,14,0.643,4.79,518.0,4.0,55.0,522.0
3XA,SK Gaming,LEC,ADC,LEC Summer · saison régulière,16,0.438,3.7,516.0,4.0,55.0,520.0
Sertuss,SK Gaming,LEC,Mid,LEC Summer · saison régulière,16,0.438,3.24,514.0,4.0,55.0,518.0
Szygenda,KOI,LEC,Top,LEC Summer · saison régulière,13,0.308,1.78,513.0,1.0,55.0,514.0
Comp,KOI,LEC,ADC,LEC Summer · saison régulière,13,0.308,2.52,510.0,1.0,55.0,511.0
Markoon,SK Gaming,LEC,Jungle,LEC Summer · saison régulière,16,0.438,4.05,507.0,4.0,55.0,511.0
Hylissang,MAD Lions KOI,LEC,Support,LEC Summer · saison régulière,13,0.308,2.0,519.0,-10.0,55.0,509.0
Execute,Astralis,LEC,Support,LEC Summer · saison régulière,9,0.333,2.0,504.0,-1.0,55.0,503.0
Irrelevant,SK Gaming,LEC,Top,LEC Summer · saison régulière,16,0.438,2.25,485.0,4.0,55.0,489.0
Patrik,Excel Esports,LEC,ADC,LEC Summer · saison régulière,14,0.643,5.85,484.0,4.0,55.0,488.0
Finn,Astralis,LEC,Top,LEC Summer · saison régulière,9,0.333,2.5,489.0,-1.0,55.0,488.0
Larssen,KOI,LEC,Mid,LEC Summer · saison régulière,13,0.308,3.87,483.0,1.0,55.0,484.0
Malrang,KOI,LEC,Jungle,LEC Summer · saison régulière,13,0.308,2.17,476.0,1.0,55.0,477.0
113,Astralis,LEC,Jungle,LEC Summer · saison régulière,9,0.333,2.67,463.0,-1.0,55.0,462.0
LIDER,Astralis,LEC,Mid,LEC Summer · saison régulière,9,0.333,2.04,441.0,-1.0,55.0,440.0
Vetheo,Team Heretics,LEC,Mid,LEC Summer · saison régulière,16,0.625,5.3,431.0,4.0,55.0,435.0
Advienne,KOI,LEC,Support,LEC Summer · saison régulière,13,0.308,2.52,355.0,1.0,55.0,356.0
Daglas,Vitality.Bee,LFL,Jungle,LEC Summer · saison régulière,3,0.0,3.43,110.0,-3.0,55.0,107.0
Agresivoo,Team BDS,LFL,Top,LEC Summer · saison régulière,1,0.0,1.25,-23.0,-2.0,55.0,-25.0
Yike,G2 Esports,LEC,Jungle,LEC Winter · playoffs,7,0.857,6.4,809.0,4.0,55.0,813.0
Hans Sama,G2 Esports,LEC,ADC,LEC Winter · playoffs,7,0.857,9.4,808.0,4.0,55.0,812.0
BrokenBlade,G2 Esports,LEC,Top,LEC Winter · playoffs,7,0.857,6.7,802.0,4.0,55.0,806.0
Mikyx,G2 Esports,LEC,Support,LEC Winter · playoffs,7,0.857,3.68,774.0,4.0,55.0,778.0
Caps,G2 Esports,LEC,Mid,LEC Winter · playoffs,7,0.857,4.21,767.0,4.0,55.0,771.0
Trymbi,Fnatic,LEC,Support,LEC Winter · playoffs,8,0.25,2.5,762.0,-2.0,55.0,760.0
Elyoya,MAD Lions KOI,LEC,Jungle,LEC Winter · playoffs,12,0.5,3.54,650.0,-1.0,55.0,649.0
Chasy,MAD Lions KOI,LEC,Top,LEC Winter · playoffs,12,0.5,2.68,639.0,-1.0,55.0,638.0
Nisqy,MAD Lions KOI,LEC,Mid,LEC Winter · playoffs,12,0.5,2.61,625.0,-1.0,55.0,624.0
Carzzy,MAD Lions KOI,LEC,ADC,LEC Winter · playoffs,12,0.5,2.45,594.0,-1.0,55.0,593.0
Doss,SK Gaming,LEC,Support,LEC Winter · playoffs,5,0.4,3.36,540.0,-1.0,55.0,539.0
Hylissang,MAD Lions KOI,LEC,Support,LEC Winter · playoffs,12,0.5,2.34,519.0,-1.0,55.0,518.0
3XA,SK Gaming,LEC,ADC,LEC Winter · playoffs,5,0.4,3.2,516.0,-1.0,55.0,515.0
Sertuss,SK Gaming,LEC,Mid,LEC Winter · playoffs,5,0.4,3.36,514.0,-1.0,55.0,513.0
Szygenda,KOI,LEC,Top,LEC Winter · playoffs,8,0.25,1.79,513.0,-2.0,55.0,511.0
Comp,KOI,LEC,ADC,LEC Winter · playoffs,8,0.25,3.59,510.0,-2.0,55.0,508.0
Markoon,SK Gaming,LEC,Jungle,LEC Winter · playoffs,5,0.4,2.67,507.0,-1.0,55.0,506.0
Irrelevant,SK Gaming,LEC,Top,LEC Winter · playoffs,5,0.4,1.5,485.0,-1.0,55.0,484.0
Larssen,KOI,LEC,Mid,LEC Winter · playoffs,8,0.25,2.03,483.0,-2.0,55.0,481.0
Malrang,KOI,LEC,Jungle,LEC Winter · playoffs,8,0.25,2.17,476.0,-2.0,55.0,474.0
Yike,G2 Esports,LEC,Jungle,LEC Winter · saison régulière,14,0.714,5.61,809.0,2.0,55.0,811.0
Hans Sama,G2 Esports,LEC,ADC,LEC Winter · saison régulière,14,0.714,6.17,808.0,2.0,55.0,810.0
BrokenBlade,G2 Esports,LEC,Top,LEC Winter · saison régulière,14,0.714,4.77,802.0,2.0,55.0,804.0
Mikyx,G2 Esports,LEC,Support,LEC Winter · saison régulière,14,0.714,3.45,774.0,2.0,55.0,776.0
Caps,G2 Esports,LEC,Mid,LEC Winter · saison régulière,14,0.714,4.29,767.0,2.0,55.0,769.0
Trymbi,Fnatic,LEC,Support,LEC Winter · saison régulière,13,0.615,5.36,762.0,2.0,55.0,764.0
Humanoid,Fnatic,LEC,Mid,LEC Winter · saison régulière,9,0.222,1.76,664.0,-7.0,55.0,657.0
Elyoya,MAD Lions KOI,LEC,Jungle,LEC Winter · saison régulière,16,0.688,5.0,650.0,4.0,55.0,654.0
Chasy,MAD Lions KOI,LEC,Top,LEC Winter · saison régulière,16,0.688,3.94,639.0,4.0,55.0,643.0
Razork,Fnatic,LEC,Jungle,LEC Winter · saison régulière,9,0.222,1.78,649.0,-7.0,55.0,642.0
Bo,Team Vitality,LEC,Jungle,LEC Winter · saison régulière,16,0.562,2.18,634.0,-0.0,55.0,634.0
Nisqy,MAD Lions KOI,LEC,Mid,LEC Winter · saison régulière,16,0.688,4.61,625.0,4.0,55.0,629.0
Jankos,Team Heretics,LEC,Jungle,LEC Winter · saison régulière,14,0.357,2.91,612.0,-0.0,55.0,612.0
Photon,Team Vitality,LEC,Top,LEC Winter · saison régulière,16,0.562,3.37,609.0,-0.0,55.0,609.0
Crownie,Team BDS,LEC,ADC,LEC Winter · saison régulière,15,0.467,5.0,605.0,-3.0,55.0,602.0
Carzzy,MAD Lions KOI,LEC,ADC,LEC Winter · saison régulière,16,0.688,4.2,594.0,4.0,55.0,598.0
Mersa,Team Heretics,LEC,Support,LEC Winter · saison régulière,14,0.357,3.89,590.0,-0.0,55.0,590.0
Kaiser,Team Vitality,LEC,Support,LEC Winter · saison régulière,16,0.562,3.33,589.0,-0.0,55.0,589.0
Sheo,Team BDS,LEC,Jungle,LEC Winter · saison régulière,15,0.467,3.2,590.0,-3.0,55.0,587.0
Adam,Team BDS,LEC,Top,LEC Winter · saison régulière,15,0.467,2.95,588.0,-3.0,55.0,585.0
Perkz,Team Vitality,LEC,Mid,LEC Winter · saison régulière,16,0.562,3.0,584.0,-0.0,55.0,584.0
nuc,Team BDS,LEC,Mid,LEC Winter · saison régulière,15,0.467,4.24,571.0,-3.0,55.0,568.0
Evi,Team Heretics,LEC,Top,LEC Winter · saison régulière,14,0.357,1.96,556.0,-0.0,55.0,556.0
Doss,SK Gaming,LEC,Support,LEC Winter · saison régulière,15,0.667,8.35,540.0,5.0,55.0,545.0
Labrov,Team BDS,LEC,Support,LEC Winter · saison régulière,15,0.467,2.94,536.0,-3.0,55.0,533.0
Kobbe,Astralis,LEC,ADC,LEC Winter · saison régulière,17,0.353,3.71,531.0,2.0,55.0,533.0
Hylissang,MAD Lions KOI,LEC,Support,LEC Winter · saison régulière,16,0.688,3.06,519.0,4.0,55.0,523.0
3XA,SK Gaming,LEC,ADC,LEC Winter · saison régulière,15,0.667,5.18,516.0,5.0,55.0,521.0
Sertuss,SK Gaming,LEC,Mid,LEC Winter · saison régulière,15,0.667,5.2,514.0,5.0,55.0,519.0
Szygenda,KOI,LEC,Top,LEC Winter · saison régulière,13,0.615,2.93,513.0,2.0,55.0,515.0
Odoamne,Excel Esports,LEC,Top,LEC Winter · saison régulière,9,0.111,1.28,518.0,-4.0,55.0,514.0
Comp,KOI,LEC,ADC,LEC Winter · saison régulière,13,0.615,5.84,510.0,2.0,55.0,512.0
Markoon,SK Gaming,LEC,Jungle,LEC Winter · saison régulière,15,0.667,4.09,507.0,5.0,55.0,512.0
Execute,Astralis,LEC,Support,LEC Winter · saison régulière,17,0.353,2.55,504.0,2.0,55.0,506.0
Finn,Astralis,LEC,Top,LEC Winter · saison régulière,17,0.353,1.88,489.0,2.0,55.0,491.0
Irrelevant,SK Gaming,LEC,Top,LEC Winter · saison régulière,15,0.667,2.14,485.0,5.0,55.0,490.0
Larssen,KOI,LEC,Mid,LEC Winter · saison régulière,13,0.615,4.19,483.0,2.0,55.0,485.0
Patrik,Excel Esports,LEC,ADC,LEC Winter · saison régulière,9,0.111,1.83,484.0,-4.0,55.0,480.0
Malrang,KOI,LEC,Jungle,LEC Winter · saison régulière,13,0.615,3.71,476.0,2.0,55.0,478.0
Wunder,Fnatic,LEC,Top,LEC Winter · saison régulière,9,0.222,1.55,482.0,-7.0,55.0,475.0
113,Astralis,LEC,Jungle,LEC Winter · saison régulière,17,0.353,2.51,463.0,2.0,55.0,465.0
Ruby,TSM,LEC,Mid,LEC Winter · saison régulière,14,0.357,2.85,453.0,-0.0,55.0,453.0
Vetheo,Team Heretics,LEC,Mid,LEC Winter · saison régulière,9,0.111,2.27,431.0,-4.0,55.0,427.0
Targamas,Karmine Corp,LFL,Support,LEC Winter · saison régulière,9,0.111,2.62,411.0,-4.0,55.0,407.0
Rekkles,Fnatic,LEC,ADC,LEC Winter · saison régulière,9,0.222,3.18,387.0,-7.0,55.0,380.0
Neon,Vitality.Bee,LFL,ADC,LEC Winter · saison régulière,16,0.562,3.76,276.0,-0.0,55.0,276.0
Jackspektra,Team Heretics Academy,LES,ADC,LEC Winter · saison régulière,14,0.357,2.82,205.0,-0.0,55.0,205.0
Rhuckz,Fnatic TQ,LEC,Support,LEC Winter · saison régulière,9,0.222,2.92,204.0,-7.0,55.0,197.0
Dajor,Rebels Gaming,LEC,Mid,LEC Winter · saison régulière,17,0.353,2.26,147.0,2.0,55.0,149.0
Xerxe,Giants,LES,Jungle,LEC Winter · saison régulière,9,0.111,2.32,56.0,-4.0,55.0,52.0
Flakked,Team Heretics,LEC,ADC,LES Spring · playoffs,7,0.429,5.36,593.0,-4.0,55.0,589.0
Supa,Movistar KOI,LES,ADC,LES Spring · playoffs,14,0.857,7.0,271.0,12.0,55.0,283.0
ISMA,Movistar KOI,LES,Jungle,LES Spring · playoffs,14,0.857,7.08,222.0,12.0,55.0,234.0
Fresskowy,Movistar KOI,LES,Mid,LES Spring · playoffs,14,0.857,11.43,220.0,12.0,55.0,232.0
Alvaro,Movistar KOI,LES,Support,LES Spring · playoffs,14,0.857,4.26,216.0,12.0,55.0,228.0
Rhuckz,Fnatic TQ,LEC,Support,LES Spring · playoffs,6,0.5,3.62,204.0,-0.0,55.0,204.0
Myrwn,Team Heretics Academy,LES,Top,LES Spring · playoffs,3,0.0,1.62,204.0,-4.0,55.0,200.0
Marky,Movistar KOI,LES,Top,LES Spring · playoffs,14,0.857,4.35,183.0,12.0,55.0,195.0
Zwyroo,Team Heretics Academy,LES,Mid,LES Spring · playoffs,7,0.429,4.28,193.0,-4.0,55.0,189.0
WhiteKnight,Barça eSports,LES,Top,LES Spring · playoffs,4,0.25,4.83,150.0,1.0,55.0,151.0
Rayito,IziDream,LFL,ADC,LES Spring · playoffs,8,0.25,3.8,151.0,-5.0,55.0,146.0
bluerzor,Team Heretics Academy,LES,Jungle,LES Spring · playoffs,7,0.429,4.05,148.0,-4.0,55.0,144.0
marlon,Team Heretics Academy,LES,Support,LES Spring · playoffs,7,0.429,2.59,114.0,-4.0,55.0,110.0
Deadly,Barça eSports,LES,ADC,LES Spring · playoffs,4,0.25,2.91,89.0,1.0,55.0,90.0
R4VEN,Rebels Gaming,LES,Top,LES Spring · playoffs,8,0.25,2.17,82.0,-5.0,55.0,77.0
Obstinatus,Rebels Gaming,LES,Support,LES Spring · playoffs,8,0.25,2.21,75.0,-5.0,55.0,70.0
SAJATOR,Barça eSports,LES,Mid,LES Spring · playoffs,4,0.25,4.78,63.0,1.0,55.0,64.0
iBo,Team Heretics Academy,LES,Top,LES Spring · playoffs,7,0.429,2.29,54.0,-4.0,55.0,50.0
Bean,Rebels Gaming,LES,ADC,LES Spring · playoffs,6,0.5,3.24,38.0,-0.0,55.0,38.0
Hadess,Barça eSports,LES,Jungle,LES Spring · playoffs,4,0.25,2.47,34.0,1.0,55.0,35.0
Efias,Barça eSports,LES,Support,LES Spring · playoffs,4,0.25,2.92,27.0,1.0,55.0,28.0
Legolas,BISONS ECLUB,LES,ADC,LES Spring · playoffs,3,0.0,2.67,7.0,-4.0,55.0,3.0
AHaHaCiK,Rebels Gaming,LES,Jungle,LES Spring · playoffs,8,0.25,2.0,-7.0,-5.0,55.0,-12.0
Random,Rebels Gaming,LES,Mid,LES Spring · playoffs,3,0.0,2.0,-15.0,-4.0,55.0,-19.0
Nafkelah,Fnatic TQ,LES,Mid,LES Spring · playoffs,6,0.5,4.06,-22.0,-0.0,55.0,-22.0
Sven,Austrian Force willhaben,PRM,Top,LES Spring · playoffs,6,0.5,3.07,-29.0,-0.0,55.0,-29.0
Xico,Zero Tenacity,LES,Mid,LES Spring · playoffs,8,0.25,1.7,-30.0,-5.0,55.0,-35.0
Oscure,BISONS ECLUB,LES,Support,LES Spring · playoffs,3,0.0,1.64,-34.0,-4.0,55.0,-38.0
Rabble,Fnatic TQ,LES,Jungle,LES Spring · playoffs,6,0.5,2.29,-55.0,-0.0,55.0,-55.0
D4nKa,E WIE EINFACH E-SPORTS,PRM,Jungle,LES Spring · playoffs,3,0.0,1.4,-169.0,-4.0,55.0,-173.0
Oscarinin,Fnatic,LEC,Top,LES Spring · saison régulière,16,0.625,2.67,648.0,-2.0,55.0,646.0
Flakked,Team Heretics,LEC,ADC,LES Spring · saison régulière,18,0.722,8.5,593.0,3.0,55.0,596.0
Advienne,KOI,LEC,Support,LES Spring · saison régulière,16,0.625,3.67,355.0,-2.0,55.0,353.0
Supa,Movistar KOI,LES,ADC,LES Spring · saison régulière,18,0.556,4.56,271.0,-2.0,55.0,269.0
ISMA,Movistar KOI,LES,Jungle,LES Spring · saison régulière,18,0.556,4.87,222.0,-2.0,55.0,220.0
Fresskowy,Movistar KOI,LES,Mid,LES Spring · saison régulière,18,0.556,7.07,220.0,-2.0,55.0,218.0
Alvaro,Movistar KOI,LES,Support,LES Spring · saison régulière,18,0.556,4.18,216.0,-2.0,55.0,214.0
Rhuckz,Fnatic TQ,LEC,Support,LES Spring · saison régulière,2,1.0,8.2,204.0,5.0,55.0,209.0
Myrwn,Team Heretics Academy,LES,Top,LES Spring · saison régulière,18,0.5,2.42,204.0,-5.0,55.0,199.0
Zwyroo,Team Heretics Academy,LES,Mid,LES Spring · saison régulière,18,0.722,5.42,193.0,3.0,55.0,196.0
Marky,Movistar KOI,LES,Top,LES Spring · saison régulière,18,0.556,2.39,183.0,-2.0,55.0,181.0
Scarface,Vitality.Bee,LFL,Top,LES Spring · saison régulière,18,0.444,2.59,179.0,-2.0,55.0,177.0
Rayito,IziDream,LFL,ADC,LES Spring · saison régulière,16,0.812,7.74,151.0,10.0,55.0,161.0
bluerzor,Team Heretics Academy,LES,Jungle,LES Spring · saison régulière,18,0.722,5.21,148.0,3.0,55.0,151.0
WhiteKnight,Barça eSports,LES,Top,LES Spring · saison régulière,18,0.611,4.55,150.0,1.0,55.0,151.0
marlon,Team Heretics Academy,LES,Support,LES Spring · saison régulière,18,0.722,3.79,114.0,3.0,55.0,117.0
Attila,Giants,LES,ADC,LES Spring · saison régulière,18,0.444,3.76,106.0,-2.0,55.0,104.0
Decay,Giants,LES,Mid,LES Spring · saison régulière,18,0.444,4.6,99.0,-2.0,55.0,97.0
R4VEN,Rebels Gaming,LES,Top,LES Spring · saison régulière,18,0.778,5.21,82.0,9.0,55.0,91.0
Deadly,Barça eSports,LES,ADC,LES Spring · saison régulière,18,0.611,4.37,89.0,1.0,55.0,90.0
Obstinatus,Rebels Gaming,LES,Support,LES Spring · saison régulière,18,0.778,4.11,75.0,9.0,55.0,84.0
Stend,Finetwork KOI,LES,Support,LES Spring · saison régulière,18,0.444,3.15,79.0,-2.0,55.0,77.0
SAJATOR,Barça eSports,LES,Mid,LES Spring · saison régulière,18,0.611,2.41,63.0,1.0,55.0,64.0
iBo,Team Heretics Academy,LES,Top,LES Spring · saison régulière,18,0.722,4.19,54.0,3.0,55.0,57.0
Koldo,Finetwork KOI,LES,Jungle,LES Spring · saison régulière,18,0.333,3.06,57.0,-3.0,55.0,54.0
Bean,Rebels Gaming,LES,ADC,LES Spring · saison régulière,18,0.667,6.21,38.0,3.0,55.0,41.0
Hadess,Barça eSports,LES,Jungle,LES Spring · saison régulière,18,0.611,3.19,34.0,1.0,55.0,35.0
Sinmivak,Finetwork KOI,LES,Top,LES Spring · saison régulière,18,0.333,2.42,34.0,-3.0,55.0,31.0
Efias,Barça eSports,LES,Support,LES Spring · saison régulière,18,0.611,3.26,27.0,1.0,55.0,28.0
Baca,Finetwork KOI,LES,Mid,LES Spring · saison régulière,18,0.333,3.15,11.0,-3.0,55.0,8.0
Legolas,BISONS ECLUB,LES,ADC,LES Spring · saison régulière,18,0.5,2.82,7.0,-5.0,55.0,2.0
AHaHaCiK,Rebels Gaming,LES,Jungle,LES Spring · saison régulière,18,0.778,3.6,-7.0,9.0,55.0,2.0
Alby,Giants,LES,Jungle,LES Spring · saison régulière,18,0.444,3.4,-6.0,-2.0,55.0,-8.0
Hatrixx,UCAM Esports,LES,Mid,LES Spring · saison régulière,18,0.278,2.47,-6.0,-2.0,55.0,-8.0
Odi11,Zero Tenacity,LES,ADC,LES Spring · saison régulière,9,0.0,2.11,-13.0,-6.0,55.0,-19.0
Nafkelah,Fnatic TQ,LES,Mid,LES Spring · saison régulière,18,0.667,3.56,-22.0,3.0,55.0,-19.0
Random,Rebels Gaming,LES,Mid,LES Spring · saison régulière,18,0.5,2.61,-15.0,-5.0,55.0,-20.0
Xico,Zero Tenacity,LES,Mid,LES Spring · saison régulière,18,0.778,3.92,-30.0,9.0,55.0,-21.0
Sven,Austrian Force willhaben,PRM,Top,LES Spring · saison régulière,2,1.0,4.43,-29.0,5.0,55.0,-24.0
Rafitta,UCAM Esports,LES,ADC,LES Spring · saison régulière,18,0.278,2.63,-26.0,-2.0,55.0,-28.0
Oscure,BISONS ECLUB,LES,Support,LES Spring · saison régulière,18,0.5,2.84,-34.0,-5.0,55.0,-39.0
Rabble,Fnatic TQ,LES,Jungle,LES Spring · saison régulière,18,0.667,3.17,-55.0,3.0,55.0,-52.0
Nash1c,Guasones,LES,ADC,LES Spring · saison régulière,9,0.222,2.28,-90.0,3.0,55.0,-87.0
Lucker,Finetwork KOI,LES,ADC,LES Spring · saison régulière,18,0.333,3.77,-125.0,-3.0,55.0,-128.0
seaz,Finetwork KOI,LES,Support,LES Spring · saison régulière,18,0.333,2.46,-146.0,-3.0,55.0,-149.0
Mart,UCAM Esports,LES,Jungle,LES Spring · saison régulière,18,0.278,1.94,-166.0,-2.0,55.0,-168.0
D4nKa,E WIE EINFACH E-SPORTS,PRM,Jungle,LES Spring · saison régulière,18,0.5,2.51,-169.0,-5.0,55.0,-174.0
Akre,Guasones,LES,Jungle,LES Spring · saison régulière,18,0.111,2.47,-197.0,-3.0,55.0,-200.0
Hydra,Guasones,LES,Mid,LES Spring · saison régulière,18,0.111,2.29,-212.0,-3.0,55.0,-215.0
Doxy,Fnatic TQ,LES,Top,LES Spring · saison régulière,18,0.278,1.96,-224.0,-2.0,55.0,-226.0
Dreedy,Guasones,LES,Top,LES Spring · saison régulière,18,0.111,1.49,-229.0,-3.0,55.0,-232.0
Kadir,Fnatic TQ,LES,Support,LES Spring · saison régulière,18,0.278,2.26,-241.0,-2.0,55.0,-243.0
Mystiques,exeed,UL,Support,LES Spring · saison régulière,14,0.143,2.1,-316.0,-0.0,55.0,-316.0
Supa,Movistar KOI,LES,ADC,LES Summer · playoffs,11,0.546,4.0,271.0,-4.0,55.0,267.0
ISMA,Movistar KOI,LES,Jungle,LES Summer · playoffs,11,0.546,3.6,222.0,-4.0,55.0,218.0
Fresskowy,Movistar KOI,LES,Mid,LES Summer · playoffs,11,0.546,3.07,220.0,-4.0,55.0,216.0
Alvaro,Movistar KOI,LES,Support,LES Summer · playoffs,11,0.546,3.04,216.0,-4.0,55.0,212.0
Myrwn,Team Heretics Academy,LES,Top,LES Summer · playoffs,7,0.571,4.94,204.0,6.0,55.0,210.0
Jackspektra,Team Heretics Academy,LES,ADC,LES Summer · playoffs,4,0.25,3.0,205.0,-4.0,55.0,201.0
Zwyroo,Team Heretics Academy,LES,Mid,LES Summer · playoffs,4,0.25,2.08,193.0,-4.0,55.0,189.0
Marky,Movistar KOI,LES,Top,LES Summer · playoffs,11,0.546,3.26,183.0,-4.0,55.0,179.0
Th3Antonio,Giants,LES,Top,LES Summer · playoffs,9,0.556,4.18,163.0,2.0,55.0,165.0
Jopa,Finetwork KOI,LES,ADC,LES Summer · playoffs,13,0.538,4.28,159.0,4.0,55.0,163.0
WhiteKnight,Barça eSports,LES,Top,LES Summer · playoffs,4,0.25,2.78,150.0,-4.0,55.0,146.0
bluerzor,Team Heretics Academy,LES,Jungle,LES Summer · playoffs,4,0.25,4.75,148.0,-4.0,55.0,144.0
marlon,Team Heretics Academy,LES,Support,LES Summer · playoffs,4,0.25,1.68,114.0,-4.0,55.0,110.0
Attila,Giants,LES,ADC,LES Summer · playoffs,9,0.556,5.79,106.0,2.0,55.0,108.0
Decay,Giants,LES,Mid,LES Summer · playoffs,9,0.556,5.69,99.0,2.0,55.0,101.0
NoName,BISONS ECLUB,LES,Jungle,LES Summer · playoffs,7,0.571,5.5,94.0,6.0,55.0,100.0
Deadly,Barça eSports,LES,ADC,LES Summer · playoffs,4,0.25,1.83,89.0,-4.0,55.0,85.0
Stend,Finetwork KOI,LES,Support,LES Summer · playoffs,13,0.538,3.4,79.0,4.0,55.0,83.0
Koldo,Finetwork KOI,LES,Jungle,LES Summer · playoffs,13,0.538,4.45,57.0,4.0,55.0,61.0
SAJATOR,Barça eSports,LES,Mid,LES Summer · playoffs,4,0.25,2.27,63.0,-4.0,55.0,59.0
Xerxe,Giants,LES,Jungle,LES Summer · playoffs,9,0.556,5.6,56.0,2.0,55.0,58.0
iBo,Team Heretics Academy,LES,Top,LES Summer · playoffs,4,0.25,3.22,54.0,-4.0,55.0,50.0
Sinmivak,Finetwork KOI,LES,Top,LES Summer · playoffs,13,0.538,2.88,34.0,4.0,55.0,38.0
Maxlore,Barça eSports,LES,Jungle,LES Summer · playoffs,4,0.25,2.3,36.0,-4.0,55.0,32.0
Efias,Barça eSports,LES,Support,LES Summer · playoffs,4,0.25,2.17,27.0,-4.0,55.0,23.0
Baca,Finetwork KOI,LES,Mid,LES Summer · playoffs,13,0.538,4.57,11.0,4.0,55.0,15.0
Legolas,BISONS ECLUB,LES,ADC,LES Summer · playoffs,7,0.571,4.08,7.0,6.0,55.0,13.0
Random,Rebels Gaming,LES,Mid,LES Summer · playoffs,7,0.571,3.25,-15.0,6.0,55.0,-9.0
whiteinn,Giants,LES,Support,LES Summer · playoffs,9,0.556,3.24,-18.0,2.0,55.0,-16.0
Oscure,BISONS ECLUB,LES,Support,LES Summer · playoffs,7,0.571,2.77,-34.0,6.0,55.0,-28.0
Supa,Movistar KOI,LES,ADC,LES Summer · saison régulière,18,0.667,3.92,271.0,-6.0,55.0,265.0
ISMA,Movistar KOI,LES,Jungle,LES Summer · saison régulière,18,0.667,4.33,222.0,-6.0,55.0,216.0
Fresskowy,Movistar KOI,LES,Mid,LES Summer · saison régulière,18,0.667,3.67,220.0,-6.0,55.0,214.0
Alvaro,Movistar KOI,LES,Support,LES Summer · saison régulière,18,0.667,3.46,216.0,-6.0,55.0,210.0
Myrwn,Team Heretics Academy,LES,Top,LES Summer · saison régulière,18,0.722,2.79,204.0,5.0,55.0,209.0
Jackspektra,Team Heretics Academy,LES,ADC,LES Summer · saison régulière,19,0.632,4.78,205.0,-5.0,55.0,200.0
Zwyroo,Team Heretics Academy,LES,Mid,LES Summer · saison régulière,19,0.632,3.07,193.0,-5.0,55.0,188.0
Marky,Movistar KOI,LES,Top,LES Summer · saison régulière,18,0.667,3.25,183.0,-6.0,55.0,177.0
Th3Antonio,Giants,LES,Top,LES Summer · saison régulière,18,0.556,3.51,163.0,5.0,55.0,168.0
WhiteKnight,Barça eSports,LES,Top,LES Summer · saison régulière,18,0.611,4.66,150.0,9.0,55.0,159.0
Jopa,Finetwork KOI,LES,ADC,LES Summer · saison régulière,17,0.471,3.49,159.0,-4.0,55.0,155.0
bluerzor,Team Heretics Academy,LES,Jungle,LES Summer · saison régulière,19,0.632,3.08,148.0,-5.0,55.0,143.0
Dajor,Rebels Gaming,LEC,Mid,LES Summer · saison régulière,9,0.333,2.9,147.0,-7.0,55.0,140.0
Attila,Giants,LES,ADC,LES Summer · saison régulière,18,0.556,4.55,106.0,5.0,55.0,111.0
marlon,Team Heretics Academy,LES,Support,LES Summer · saison régulière,19,0.632,3.42,114.0,-5.0,55.0,109.0
Decay,Giants,LES,Mid,LES Summer · saison régulière,18,0.556,5.42,99.0,5.0,55.0,104.0
NoName,BISONS ECLUB,LES,Jungle,LES Summer · saison régulière,18,0.722,4.4,94.0,5.0,55.0,99.0
Deadly,Barça eSports,LES,ADC,LES Summer · saison régulière,18,0.611,5.15,89.0,9.0,55.0,98.0
R4VEN,Rebels Gaming,LES,Top,LES Summer · saison régulière,18,0.444,3.29,82.0,-4.0,55.0,78.0
Stend,Finetwork KOI,LES,Support,LES Summer · saison régulière,17,0.471,4.78,79.0,-4.0,55.0,75.0
SAJATOR,Barça eSports,LES,Mid,LES Summer · saison régulière,18,0.611,4.05,63.0,9.0,55.0,72.0
Obstinatus,Rebels Gaming,LES,Support,LES Summer · saison régulière,18,0.444,4.22,75.0,-4.0,55.0,71.0
Xerxe,Giants,LES,Jungle,LES Summer · saison régulière,18,0.556,6.45,56.0,5.0,55.0,61.0
Koldo,Finetwork KOI,LES,Jungle,LES Summer · saison régulière,17,0.471,4.41,57.0,-4.0,55.0,53.0
iBo,Team Heretics Academy,LES,Top,LES Summer · saison régulière,19,0.632,2.5,54.0,-5.0,55.0,49.0
Maxlore,Barça eSports,LES,Jungle,LES Summer · saison régulière,18,0.611,3.19,36.0,9.0,55.0,45.0
Efias,Barça eSports,LES,Support,LES Summer · saison régulière,18,0.611,4.56,27.0,9.0,55.0,36.0
Bean,Rebels Gaming,LES,ADC,LES Summer · saison régulière,18,0.444,3.98,38.0,-4.0,55.0,34.0
Sinmivak,Finetwork KOI,LES,Top,LES Summer · saison régulière,17,0.471,4.7,34.0,-4.0,55.0,30.0
Legolas,BISONS ECLUB,LES,ADC,LES Summer · saison régulière,17,0.765,3.92,7.0,8.0,55.0,15.0
Baca,Finetwork KOI,LES,Mid,LES Summer · saison régulière,17,0.471,4.29,11.0,-4.0,55.0,7.0
Hatrixx,UCAM Esports,LES,Mid,LES Summer · saison régulière,18,0.389,2.9,-6.0,1.0,55.0,-5.0
Random,Rebels Gaming,LES,Mid,LES Summer · saison régulière,17,0.765,3.44,-15.0,8.0,55.0,-7.0
AHaHaCiK,Rebels Gaming,LES,Jungle,LES Summer · saison régulière,18,0.444,3.18,-7.0,-4.0,55.0,-11.0
Infoneral,UCAM Esports,LES,Support,LES Summer · saison régulière,18,0.389,2.95,-13.0,1.0,55.0,-12.0
whiteinn,Giants,LES,Support,LES Summer · saison régulière,18,0.556,4.85,-18.0,5.0,55.0,-13.0
Papiteero,UCAM Esports,LES,Top,LES Summer · saison régulière,18,0.389,2.14,-20.0,1.0,55.0,-19.0
Nafkelah,Fnatic TQ,LES,Mid,LES Summer · saison régulière,14,0.286,2.98,-22.0,0.0,55.0,-22.0
Rafitta,UCAM Esports,LES,ADC,LES Summer · saison régulière,18,0.389,3.76,-26.0,1.0,55.0,-25.0
Reptile,Fnatic TQ,LES,ADC,LES Summer · saison régulière,16,0.25,1.92,-23.0,-3.0,55.0,-26.0
Xico,Zero Tenacity,LES,Mid,LES Summer · saison régulière,9,0.556,4.75,-30.0,3.0,55.0,-27.0
Oscure,BISONS ECLUB,LES,Support,LES Summer · saison régulière,18,0.722,3.75,-34.0,5.0,55.0,-29.0
Rabble,Fnatic TQ,LES,Jungle,LES Summer · saison régulière,18,0.278,2.33,-55.0,-1.0,55.0,-56.0
Ronaldo,Guasones,LES,Mid,LES Summer · saison régulière,18,0.222,2.37,-91.0,-1.0,55.0,-92.0
zamulek,Anonymo Esports,LES,ADC,LES Summer · saison régulière,18,0.222,2.6,-112.0,-1.0,55.0,-113.0
Xeonerr,UCAM Esports,LES,Jungle,LES Summer · saison régulière,8,0.375,2.83,-129.0,1.0,55.0,-128.0
Memento,Guasones,LES,Jungle,LES Summer · saison régulière,18,0.222,2.05,-150.0,-1.0,55.0,-151.0
Mart,UCAM Esports,LES,Jungle,LES Summer · saison régulière,10,0.4,3.48,-166.0,0.0,55.0,-166.0
DuaLL,Myth Esports,ESLOL,Support,LES Summer · saison régulière,18,0.222,2.45,-181.0,-1.0,55.0,-182.0
Doxy,Fnatic TQ,LES,Top,LES Summer · saison régulière,18,0.278,2.4,-224.0,-1.0,55.0,-225.0
Dreedy,Guasones,LES,Top,LES Summer · saison régulière,18,0.222,1.95,-229.0,-1.0,55.0,-230.0
Kadir,Fnatic TQ,LES,Support,LES Summer · saison régulière,18,0.278,2.63,-241.0,-1.0,55.0,-242.0
Valans,Fnatic TQ,NEXO,Mid,LES Summer · saison régulière,5,0.2,2.05,-315.0,-0.0,55.0,-315.0
Rubenxico,BISONS ECLUB,NEXO,Top,LES Summer · saison régulière,2,0.0,1.73,-395.0,-6.0,55.0,-401.0
Leb,Case Esports,LES,Jungle,LES · saison régulière,8,0.75,8.0,152.0,1.0,55.0,153.0
Coldraa,Case Esports,LES,ADC,LES · saison régulière,8,0.75,14.71,142.0,1.0,55.0,143.0
Javier,Case Esports,LES,Mid,LES · saison régulière,8,0.75,6.44,106.0,1.0,55.0,107.0
Pyrka,Case Esports,LES,Support,LES · saison régulière,8,0.75,5.94,104.0,1.0,55.0,105.0
Hatrixx,UCAM Esports,LES,Mid,LES · saison régulière,14,0.571,5.21,-6.0,2.0,55.0,-4.0
Infoneral,UCAM Esports,LES,Support,LES · saison régulière,14,0.571,3.75,-13.0,2.0,55.0,-11.0
Papiteero,UCAM Esports,LES,Top,LES · saison régulière,14,0.571,2.55,-20.0,2.0,55.0,-18.0
Rafitta,UCAM Esports,LES,ADC,LES · saison régulière,14,0.571,4.89,-26.0,2.0,55.0,-24.0
Ronaldo,Guasones,LES,Mid,LES · saison régulière,8,0.25,2.27,-91.0,-0.0,55.0,-91.0
Tsiper,Wizards,LES,Mid,LES · saison régulière,14,0.429,3.9,-95.0,-4.0,55.0,-99.0
Lindgarde,Wizards,LES,ADC,LES · saison régulière,14,0.429,4.81,-102.0,-4.0,55.0,-106.0
zamulek,Anonymo Esports,LES,ADC,LES · saison régulière,8,0.25,3.3,-112.0,-0.0,55.0,-112.0
DahVys,Wizards,LES,Jungle,LES · saison régulière,14,0.429,2.86,-114.0,-4.0,55.0,-118.0
IceBreaker,Wizards,LES,Top,LES · saison régulière,14,0.429,2.59,-119.0,-4.0,55.0,-123.0
Xeonerr,UCAM Esports,LES,Jungle,LES · saison régulière,14,0.571,4.44,-129.0,2.0,55.0,-127.0
Memento,Guasones,LES,Jungle,LES · saison régulière,8,0.25,2.12,-150.0,-0.0,55.0,-150.0
Simpy,Wizards,LES,Support,LES · saison régulière,14,0.429,2.05,-154.0,-4.0,55.0,-158.0
DuaLL,Myth Esports,ESLOL,Support,LES · saison régulière,8,0.25,2.05,-181.0,-0.0,55.0,-181.0
Dreedy,Guasones,LES,Top,LES · saison régulière,8,0.25,1.93,-229.0,-0.0,55.0,-229.0
Ragner,Team GO,LFL,Top,LFL Spring · playoffs,14,0.643,5.55,284.0,0.0,55.0,284.0
kamilius,Team GO,LFL,Support,LFL Spring · playoffs,14,0.643,4.27,228.0,0.0,55.0,228.0
Jezu,Team GO,LFL,ADC,LFL Spring · playoffs,14,0.643,5.36,220.0,0.0,55.0,220.0
Lyncas,Team GO,LFL,Jungle,LFL Spring · playoffs,14,0.643,3.77,219.0,0.0,55.0,219.0
Toucouille,Team GO,LFL,Mid,LFL Spring · playoffs,14,0.643,5.44,216.0,0.0,55.0,216.0
Zoelys,Karmine Corp,LFL,Support,LFL Spring · playoffs,7,0.857,7.55,205.0,6.0,55.0,211.0
White,Karmine Corp,LFL,Jungle,LFL Spring · playoffs,7,0.857,5.57,196.0,6.0,55.0,202.0
Jeskla,LDLC OL,LFL,ADC,LFL Spring · playoffs,7,0.857,11.71,174.0,6.0,55.0,180.0
Eckas,GameWard,LFL,Jungle,LFL Spring · playoffs,4,0.25,2.11,179.0,-2.0,55.0,177.0
Kryze,LDLC OL,LFL,Top,LFL Spring · playoffs,7,0.857,3.16,167.0,6.0,55.0,173.0
TakeSet,Solary,LFL,ADC,LFL Spring · playoffs,3,0.0,2.43,151.0,-6.0,55.0,145.0
Reeker,Team BDS Academy,LFL,Mid,LFL Spring · playoffs,7,0.571,3.04,131.0,6.0,55.0,137.0
Lot,Aegis,LFL,Top,LFL Spring · playoffs,7,0.143,1.59,137.0,-4.0,55.0,133.0
SkewMond,Aegis,LFL,Jungle,LFL Spring · playoffs,7,0.143,1.8,130.0,-4.0,55.0,126.0
Melonik,Solary,LFL,Top,LFL Spring · playoffs,3,0.0,0.38,131.0,-6.0,55.0,125.0
Eika,Aegis,LFL,Mid,LFL Spring · playoffs,7,0.143,2.35,127.0,-4.0,55.0,123.0
Steeelback,Solary,LFL,Support,LFL Spring · playoffs,3,0.0,1.67,125.0,-6.0,55.0,119.0
Hantera,Aegis,LFL,Support,LFL Spring · playoffs,7,0.143,4.17,115.0,-4.0,55.0,111.0
xMatty,Team BDS Academy,LFL,ADC,LFL Spring · playoffs,7,0.571,5.43,103.0,6.0,55.0,109.0
Badlulu,GameWard,LFL,Top,LFL Spring · playoffs,4,0.25,1.1,106.0,-2.0,55.0,104.0
Backlund,LDLC OL,LFL,Mid,LFL Spring · playoffs,7,0.857,3.0,97.0,6.0,55.0,103.0
Peng,Solary,LFL,Mid,LFL Spring · playoffs,3,0.0,1.89,108.0,-6.0,55.0,102.0
Shiganari,Aegis,LFL,ADC,LFL Spring · playoffs,7,0.143,1.36,93.0,-4.0,55.0,89.0
Erdote,Team BDS,LFL,Support,LFL Spring · playoffs,7,0.571,4.71,81.0,6.0,55.0,87.0
Raxxo,GameWard,LFL,Support,LFL Spring · playoffs,4,0.25,1.58,72.0,-2.0,55.0,70.0
twohoyrz,GameWard,LFL,Mid,LFL Spring · playoffs,4,0.25,1.91,68.0,-2.0,55.0,66.0
Peco,GameWard,LFL,ADC,LFL Spring · playoffs,4,0.25,1.8,55.0,-2.0,55.0,53.0
Shlatan,Solary,LFL,Jungle,LFL Spring · playoffs,3,0.0,0.76,52.0,-6.0,55.0,46.0
MAXI,Team BDS,LFL,Jungle,LFL Spring · playoffs,7,0.571,4.19,7.0,6.0,55.0,13.0
Agresivoo,Team BDS,LFL,Top,LFL Spring · playoffs,7,0.571,3.23,-23.0,6.0,55.0,-17.0
Ragner,Team GO,LFL,Top,LFL Spring · saison régulière,18,0.611,3.82,284.0,-6.0,55.0,278.0
SAKEN,Karmine Corp,LFL,Mid,LFL Spring · saison régulière,18,0.389,2.49,273.0,-5.0,55.0,268.0
Czekolad,BK ROG Esports,LFL,Mid,LFL Spring · saison régulière,18,0.444,3.76,271.0,-10.0,55.0,261.0
Pridestalkr,BK ROG Esports,LFL,Jungle,LFL Spring · saison régulière,18,0.444,3.98,246.0,-10.0,55.0,236.0
Howling,BK ROG Esports,LFL,Top,LFL Spring · saison régulière,18,0.444,2.8,245.0,-10.0,55.0,235.0
Cabochard,Karmine Corp,LFL,Top,LFL Spring · saison régulière,18,0.389,1.98,239.0,-5.0,55.0,234.0
kamilius,Team GO,LFL,Support,LFL Spring · saison régulière,18,0.611,4.48,228.0,-6.0,55.0,222.0
Jezu,Team GO,LFL,ADC,LFL Spring · saison régulière,18,0.611,6.65,220.0,-6.0,55.0,214.0
Lyncas,Team GO,LFL,Jungle,LFL Spring · saison régulière,18,0.611,4.55,219.0,-6.0,55.0,213.0
Zoelys,Karmine Corp,LFL,Support,LFL Spring · saison régulière,18,0.667,4.38,205.0,8.0,55.0,213.0
Toucouille,Team GO,LFL,Mid,LFL Spring · saison régulière,18,0.611,4.84,216.0,-6.0,55.0,210.0
Trigger,BK ROG Esports,LFL,ADC,LFL Spring · saison régulière,18,0.444,4.11,218.0,-10.0,55.0,208.0
White,Karmine Corp,LFL,Jungle,LFL Spring · saison régulière,18,0.667,3.06,196.0,8.0,55.0,204.0
Veignorem,BK ROG Esports,LFL,Support,LFL Spring · saison régulière,18,0.444,2.67,196.0,-10.0,55.0,186.0
Eckas,GameWard,LFL,Jungle,LFL Spring · saison régulière,18,0.556,3.78,179.0,6.0,55.0,185.0
Jeskla,LDLC OL,LFL,ADC,LFL Spring · saison régulière,18,0.667,5.44,174.0,8.0,55.0,182.0
Kryze,LDLC OL,LFL,Top,LFL Spring · saison régulière,18,0.667,3.77,167.0,8.0,55.0,175.0
TakeSet,Solary,LFL,ADC,LFL Spring · saison régulière,18,0.556,4.41,151.0,4.0,55.0,155.0
Lot,Aegis,LFL,Top,LFL Spring · saison régulière,18,0.611,4.3,137.0,6.0,55.0,143.0
SkewMond,Aegis,LFL,Jungle,LFL Spring · saison régulière,18,0.611,4.97,130.0,6.0,55.0,136.0
Melonik,Solary,LFL,Top,LFL Spring · saison régulière,18,0.556,2.73,131.0,4.0,55.0,135.0
Eika,Aegis,LFL,Mid,LFL Spring · saison régulière,18,0.611,4.95,127.0,6.0,55.0,133.0
Reeker,Team BDS Academy,LFL,Mid,LFL Spring · saison régulière,18,0.5,4.02,131.0,-1.0,55.0,130.0
Steeelback,Solary,LFL,Support,LFL Spring · saison régulière,18,0.556,4.8,125.0,4.0,55.0,129.0
Hantera,Aegis,LFL,Support,LFL Spring · saison régulière,18,0.611,4.95,115.0,6.0,55.0,121.0
Badlulu,GameWard,LFL,Top,LFL Spring · saison régulière,18,0.556,2.84,106.0,6.0,55.0,112.0
Peng,Solary,LFL,Mid,LFL Spring · saison régulière,18,0.556,3.07,108.0,4.0,55.0,112.0
Daglas,Vitality.Bee,LFL,Jungle,LFL Spring · saison régulière,18,0.5,3.3,110.0,0.0,55.0,110.0
Backlund,LDLC OL,LFL,Mid,LFL Spring · saison régulière,18,0.667,5.19,97.0,8.0,55.0,105.0
xMatty,Team BDS Academy,LFL,ADC,LFL Spring · saison régulière,18,0.5,3.0,103.0,-1.0,55.0,102.0
Czajek,Vitality.Bee,LFL,Mid,LFL Spring · saison régulière,18,0.5,3.26,100.0,0.0,55.0,100.0
Shiganari,Aegis,LFL,ADC,LFL Spring · saison régulière,18,0.611,4.53,93.0,6.0,55.0,99.0
Jactroll,Vitality.Bee,LFL,Support,LFL Spring · saison régulière,18,0.5,3.18,98.0,0.0,55.0,98.0
Erdote,Team BDS,LFL,Support,LFL Spring · saison régulière,18,0.5,4.09,81.0,-1.0,55.0,80.0
Raxxo,GameWard,LFL,Support,LFL Spring · saison régulière,18,0.556,2.86,72.0,6.0,55.0,78.0
twohoyrz,GameWard,LFL,Mid,LFL Spring · saison régulière,18,0.556,3.22,68.0,6.0,55.0,74.0
Innaxe,Vitality.Bee,LFL,ADC,LFL Spring · saison régulière,18,0.5,3.18,66.0,0.0,55.0,66.0
Peco,GameWard,LFL,ADC,LFL Spring · saison régulière,18,0.556,4.64,55.0,6.0,55.0,61.0
Shlatan,Solary,LFL,Jungle,LFL Spring · saison régulière,18,0.556,2.0,52.0,4.0,55.0,56.0
Milica,Galakticos,TCL,Mid,LFL Spring · saison régulière,18,0.167,2.76,14.0,-3.0,55.0,11.0
MAXI,Team BDS,LFL,Jungle,LFL Spring · saison régulière,18,0.5,2.93,7.0,-1.0,55.0,6.0
whiteinn,Giants,LES,Support,LFL Spring · saison régulière,18,0.389,2.68,-18.0,-5.0,55.0,-23.0
Agresivoo,Team BDS,LFL,Top,LFL Spring · saison régulière,18,0.5,2.23,-23.0,-1.0,55.0,-24.0
PatkicaA,Vitality.Bee,LFL,Top,LFL Spring · saison régulière,18,0.5,4.57,-45.0,0.0,55.0,-45.0
Bung,IziDream,LFL,ADC,LFL Spring · saison régulière,18,0.167,2.88,-63.0,-3.0,55.0,-66.0
Kaori,FUT Esports,TCL,ADC,LFL Spring · saison régulière,18,0.389,3.66,-63.0,-5.0,55.0,-68.0
Skeanz,Karmine Corp,LFL,Jungle,LFL Spring · saison régulière,18,0.389,2.62,-87.0,-5.0,55.0,-92.0
Twiizt,Nativz,NLC,Support,LFL Spring · saison régulière,18,0.167,1.84,-99.0,-3.0,55.0,-102.0
Kio,IziDream,LFL,Top,LFL Spring · saison régulière,18,0.167,2.28,-116.0,-3.0,55.0,-119.0
Djoko,IziDream,LFL,Jungle,LFL Spring · saison régulière,17,0.176,2.13,-133.0,-1.0,55.0,-134.0
Cinkrof,Karmine Corp,LFL,Jungle,LFL Summer · playoffs,7,0.857,4.67,437.0,4.0,55.0,441.0
Targamas,Karmine Corp,LFL,Support,LFL Summer · playoffs,7,0.857,3.21,411.0,4.0,55.0,415.0
Ragner,Team GO,LFL,Top,LFL Summer · playoffs,12,0.5,3.52,284.0,-1.0,55.0,283.0
Neon,Vitality.Bee,LFL,ADC,LFL Summer · playoffs,8,0.625,4.8,276.0,3.0,55.0,279.0
SAKEN,Karmine Corp,LFL,Mid,LFL Summer · playoffs,7,0.857,5.38,273.0,4.0,55.0,277.0
Czekolad,BK ROG Esports,LFL,Mid,LFL Summer · playoffs,10,0.4,3.09,271.0,1.0,55.0,272.0
Pridestalkr,BK ROG Esports,LFL,Jungle,LFL Summer · playoffs,10,0.4,4.07,246.0,1.0,55.0,247.0
Howling,BK ROG Esports,LFL,Top,LFL Summer · playoffs,10,0.4,2.94,245.0,1.0,55.0,246.0
Cabochard,Karmine Corp,LFL,Top,LFL Summer · playoffs,7,0.857,3.27,239.0,4.0,55.0,243.0
Caliste,Karmine Corp,LFL,ADC,LFL Summer · playoffs,7,0.857,7.47,232.0,4.0,55.0,236.0
kamilius,Team GO,LFL,Support,LFL Summer · playoffs,12,0.5,2.81,228.0,-1.0,55.0,227.0
Jezu,Team GO,LFL,ADC,LFL Summer · playoffs,12,0.5,6.68,220.0,-1.0,55.0,219.0
Trigger,BK ROG Esports,LFL,ADC,LFL Summer · playoffs,10,0.4,3.55,218.0,1.0,55.0,219.0
Lyncas,Team GO,LFL,Jungle,LFL Summer · playoffs,12,0.5,4.62,219.0,-1.0,55.0,218.0
Toucouille,Team GO,LFL,Mid,LFL Summer · playoffs,12,0.5,4.08,216.0,-1.0,55.0,215.0
Veignorem,BK ROG Esports,LFL,Support,LFL Summer · playoffs,10,0.4,2.06,196.0,1.0,55.0,197.0
Scarface,Vitality.Bee,LFL,Top,LFL Summer · playoffs,8,0.625,4.29,179.0,3.0,55.0,182.0
TakeSet,Solary,LFL,ADC,LFL Summer · playoffs,3,0.0,2.25,151.0,-4.0,55.0,147.0
Lot,Aegis,LFL,Top,LFL Summer · playoffs,4,0.25,1.33,137.0,-3.0,55.0,134.0
Melonik,Solary,LFL,Top,LFL Summer · playoffs,3,0.0,1.12,131.0,-4.0,55.0,127.0
SkewMond,Aegis,LFL,Jungle,LFL Summer · playoffs,4,0.25,1.5,130.0,-3.0,55.0,127.0
Eika,Aegis,LFL,Mid,LFL Summer · playoffs,4,0.25,2.0,127.0,-3.0,55.0,124.0
Steeelback,Solary,LFL,Support,LFL Summer · playoffs,3,0.0,0.8,125.0,-4.0,55.0,121.0
Daglas,Vitality.Bee,LFL,Jungle,LFL Summer · playoffs,8,0.625,4.5,110.0,3.0,55.0,113.0
Hantera,Aegis,LFL,Support,LFL Summer · playoffs,4,0.25,1.06,115.0,-3.0,55.0,112.0
Peng,Solary,LFL,Mid,LFL Summer · playoffs,3,0.0,1.25,108.0,-4.0,55.0,104.0
Czajek,Vitality.Bee,LFL,Mid,LFL Summer · playoffs,8,0.625,5.0,100.0,3.0,55.0,103.0
Jactroll,Vitality.Bee,LFL,Support,LFL Summer · playoffs,8,0.625,3.2,98.0,3.0,55.0,101.0
Shiganari,Aegis,LFL,ADC,LFL Summer · playoffs,4,0.25,0.79,93.0,-3.0,55.0,90.0
Shlatan,Solary,LFL,Jungle,LFL Summer · playoffs,3,0.0,0.54,52.0,-4.0,55.0,48.0
Cinkrof,Karmine Corp,LFL,Jungle,LFL Summer · saison régulière,18,0.778,7.26,437.0,5.0,55.0,442.0
Targamas,Karmine Corp,LFL,Support,LFL Summer · saison régulière,18,0.778,6.28,411.0,5.0,55.0,416.0
Czekolad,BK ROG Esports,LFL,Mid,LFL Summer · saison régulière,19,0.684,4.02,271.0,12.0,55.0,283.0
Ragner,Team GO,LFL,Top,LFL Summer · saison régulière,19,0.632,4.66,284.0,-3.0,55.0,281.0
SAKEN,Karmine Corp,LFL,Mid,LFL Summer · saison régulière,18,0.778,8.73,273.0,5.0,55.0,278.0
Neon,Vitality.Bee,LFL,ADC,LFL Summer · saison régulière,18,0.444,3.64,276.0,1.0,55.0,277.0
Pridestalkr,BK ROG Esports,LFL,Jungle,LFL Summer · saison régulière,19,0.684,6.42,246.0,12.0,55.0,258.0
Howling,BK ROG Esports,LFL,Top,LFL Summer · saison régulière,19,0.684,4.09,245.0,12.0,55.0,257.0
Cabochard,Karmine Corp,LFL,Top,LFL Summer · saison régulière,18,0.778,4.3,239.0,5.0,55.0,244.0
Caliste,Karmine Corp,LFL,ADC,LFL Summer · saison régulière,18,0.778,4.73,232.0,5.0,55.0,237.0
Trigger,BK ROG Esports,LFL,ADC,LFL Summer · saison régulière,19,0.684,3.84,218.0,12.0,55.0,230.0
kamilius,Team GO,LFL,Support,LFL Summer · saison régulière,19,0.632,4.84,228.0,-3.0,55.0,225.0
Jezu,Team GO,LFL,ADC,LFL Summer · saison régulière,19,0.632,6.0,220.0,-3.0,55.0,217.0
Lyncas,Team GO,LFL,Jungle,LFL Summer · saison régulière,19,0.632,4.21,219.0,-3.0,55.0,216.0
Toucouille,Team GO,LFL,Mid,LFL Summer · saison régulière,19,0.632,4.65,216.0,-3.0,55.0,213.0
Veignorem,BK ROG Esports,LFL,Support,LFL Summer · saison régulière,19,0.684,3.93,196.0,12.0,55.0,208.0
Zoelys,Karmine Corp,LFL,Support,LFL Summer · saison régulière,18,0.333,2.45,205.0,-14.0,55.0,191.0
Scarface,Vitality.Bee,LFL,Top,LFL Summer · saison régulière,10,0.6,4.78,179.0,6.0,55.0,185.0
White,Karmine Corp,LFL,Jungle,LFL Summer · saison régulière,18,0.333,2.18,196.0,-14.0,55.0,182.0
Eckas,GameWard,LFL,Jungle,LFL Summer · saison régulière,18,0.333,2.56,179.0,-13.0,55.0,166.0
TakeSet,Solary,LFL,ADC,LFL Summer · saison régulière,18,0.611,5.91,151.0,9.0,55.0,160.0
Jeskla,LDLC OL,LFL,ADC,LFL Summer · saison régulière,18,0.333,3.24,174.0,-14.0,55.0,160.0
Kryze,LDLC OL,LFL,Top,LFL Summer · saison régulière,18,0.333,3.28,167.0,-14.0,55.0,153.0
Rayito,IziDream,LFL,ADC,LFL Summer · saison régulière,18,0.333,3.31,151.0,2.0,55.0,153.0
Melonik,Solary,LFL,Top,LFL Summer · saison régulière,18,0.611,3.12,131.0,9.0,55.0,140.0
Lot,Aegis,LFL,Top,LFL Summer · saison régulière,18,0.5,3.16,137.0,3.0,55.0,140.0
Steeelback,Solary,LFL,Support,LFL Summer · saison régulière,18,0.611,4.9,125.0,9.0,55.0,134.0
SkewMond,Aegis,LFL,Jungle,LFL Summer · saison régulière,18,0.5,3.57,130.0,3.0,55.0,133.0
Eika,Aegis,LFL,Mid,LFL Summer · saison régulière,18,0.5,4.44,127.0,3.0,55.0,130.0
Reeker,Team BDS Academy,LFL,Mid,LFL Summer · saison régulière,18,0.333,3.29,131.0,-3.0,55.0,128.0
Hantera,Aegis,LFL,Support,LFL Summer · saison régulière,18,0.5,3.53,115.0,3.0,55.0,118.0
Peng,Solary,LFL,Mid,LFL Summer · saison régulière,18,0.611,4.18,108.0,9.0,55.0,117.0
Daglas,Vitality.Bee,LFL,Jungle,LFL Summer · saison régulière,18,0.444,3.1,110.0,1.0,55.0,111.0
Czajek,Vitality.Bee,LFL,Mid,LFL Summer · saison régulière,18,0.444,4.13,100.0,1.0,55.0,101.0
xMatty,Team BDS Academy,LFL,ADC,LFL Summer · saison régulière,18,0.333,2.31,103.0,-3.0,55.0,100.0
Jactroll,Vitality.Bee,LFL,Support,LFL Summer · saison régulière,18,0.444,3.08,98.0,1.0,55.0,99.0
Shiganari,Aegis,LFL,ADC,LFL Summer · saison régulière,18,0.5,4.51,93.0,3.0,55.0,96.0
Badlulu,GameWard,LFL,Top,LFL Summer · saison régulière,18,0.333,2.0,106.0,-13.0,55.0,93.0
Backlund,LDLC OL,LFL,Mid,LFL Summer · saison régulière,18,0.333,2.65,97.0,-14.0,55.0,83.0
Erdote,Team BDS,LFL,Support,LFL Summer · saison régulière,18,0.333,2.89,81.0,-3.0,55.0,78.0
Shlatan,Solary,LFL,Jungle,LFL Summer · saison régulière,18,0.611,2.94,52.0,9.0,55.0,61.0
Raxxo,GameWard,LFL,Support,LFL Summer · saison régulière,18,0.333,2.02,72.0,-13.0,55.0,59.0
twohoyrz,GameWard,LFL,Mid,LFL Summer · saison régulière,18,0.333,1.97,68.0,-13.0,55.0,55.0
Peco,GameWard,LFL,ADC,LFL Summer · saison régulière,18,0.333,2.05,55.0,-13.0,55.0,42.0
MAXI,Team BDS,LFL,Jungle,LFL Summer · saison régulière,18,0.333,2.33,7.0,-3.0,55.0,4.0
Nomanz,IziDream,LFL,Mid,LFL Summer · saison régulière,18,0.333,2.22,-14.0,2.0,55.0,-12.0
Agresivoo,Team BDS,LFL,Top,LFL Summer · saison régulière,18,0.333,2.02,-23.0,-3.0,55.0,-26.0
PatkicaA,Vitality.Bee,LFL,Top,LFL Summer · saison régulière,8,0.25,1.29,-45.0,-5.0,55.0,-50.0
Klaj,IziDream,LFL,Support,LFL Summer · saison régulière,18,0.333,1.98,-78.0,2.0,55.0,-76.0
Kio,IziDream,LFL,Top,LFL Summer · saison régulière,18,0.333,1.77,-116.0,2.0,55.0,-114.0
Manaty,Klanik Esport,NL,Jungle,LFL Summer · saison régulière,2,0.5,2.83,-134.0,2.0,55.0,-132.0
Djoko,IziDream,LFL,Jungle,LFL Summer · saison régulière,16,0.312,2.09,-133.0,0.0,55.0,-133.0
Matias,Team du Sud,LFL,ADC,LFL · saison régulière,11,0.727,8.93,212.0,-4.0,55.0,208.0
Eckas,GameWard,LFL,Jungle,LFL · saison régulière,7,0.857,6.83,179.0,10.0,55.0,189.0
Boukada,Team du Sud,LFL,Jungle,LFL · saison régulière,11,0.727,5.0,183.0,-4.0,55.0,179.0
Maynter,Team du Sud,LFL,Top,LFL · saison régulière,11,0.727,5.14,181.0,-4.0,55.0,177.0
Furuy,Team du Sud,LFL,Mid,LFL · saison régulière,11,0.727,6.5,156.0,-4.0,55.0,152.0
HONOR,Team du Sud,LFL,Support,LFL · saison régulière,11,0.727,3.67,155.0,-4.0,55.0,151.0
Rayito,IziDream,LFL,ADC,LFL · saison régulière,11,0.273,3.05,151.0,-1.0,55.0,150.0
Badlulu,GameWard,LFL,Top,LFL · saison régulière,7,0.857,8.73,106.0,10.0,55.0,116.0
Raxxo,GameWard,LFL,Support,LFL · saison régulière,7,0.857,8.6,72.0,10.0,55.0,82.0
twohoyrz,GameWard,LFL,Mid,LFL · saison régulière,7,0.857,6.53,68.0,10.0,55.0,78.0
Peco,GameWard,LFL,ADC,LFL · saison régulière,7,0.857,6.0,55.0,10.0,55.0,65.0
Nomanz,IziDream,LFL,Mid,LFL · saison régulière,11,0.273,1.55,-14.0,-1.0,55.0,-15.0
Smurfe,Lille Esport,NL,Top,LFL · saison régulière,7,0.143,1.79,-58.0,-5.0,55.0,-63.0
Klaj,IziDream,LFL,Support,LFL · saison régulière,11,0.273,1.33,-78.0,-1.0,55.0,-79.0
Vespa,Lille Esport,NL,ADC,LFL · saison régulière,7,0.143,1.91,-106.0,-5.0,55.0,-111.0
xKenzuke,Lille Esport,NL,Mid,LFL · saison régulière,7,0.143,1.77,-111.0,-5.0,55.0,-116.0
Kio,IziDream,LFL,Top,LFL · saison régulière,11,0.273,1.61,-116.0,-1.0,55.0,-117.0
Cerecof,Lille Esport,NL,Support,LFL · saison régulière,7,0.143,1.25,-126.0,-5.0,55.0,-131.0
KKT,Lille Esport,NL,Jungle,LFL · saison régulière,7,0.143,2.09,-128.0,-5.0,55.0,-133.0
Djoko,IziDream,LFL,Jungle,LFL · saison régulière,11,0.273,2.06,-133.0,-1.0,55.0,-134.0
Warangelus,Six Karma,LLA,Mid,LHE · playoffs,12,0.667,4.19,-151.0,6.0,55.0,-145.0
Wamu,Furious Gaming,LRS,Top,LHE · playoffs,22,0.591,3.67,-297.0,1.0,55.0,-296.0
Camilo,Furious Gaming,LRS,Jungle,LHE · playoffs,3,0.0,1.75,-349.0,-4.0,55.0,-353.0
Skeeto,All Knights,LLA,Top,LHE · playoffs,5,0.4,2.8,-390.0,0.0,55.0,-390.0
Fresco,Meta Gaming,LRS,Jungle,LHE · playoffs,11,0.454,2.24,-403.0,-0.0,55.0,-403.0
SyaL,Meta Gaming,LRS,Top,LHE · playoffs,12,0.667,3.88,-445.0,6.0,55.0,-439.0
Woohee,Eclipse Gaming,LRS,Support,LHE · playoffs,22,0.591,3.5,-456.0,1.0,55.0,-455.0
QQMore,Globant Emerald,LRS,Jungle,LHE · playoffs,22,0.591,4.11,-479.0,1.0,55.0,-478.0
Pyl,Malvinas Gaming,LRS,Support,LHE · playoffs,12,0.667,3.68,-515.0,6.0,55.0,-509.0
Lord,Eclipse Gaming,LRS,Mid,LHE · playoffs,20,0.6,3.89,-529.0,-1.0,55.0,-530.0
Emets,Meta Gaming,LHE,ADC,LHE · playoffs,12,0.667,5.75,-555.0,6.0,55.0,-549.0
GunPoint,Eclipse Gaming,LHE,ADC,LHE · playoffs,22,0.591,3.98,-577.0,1.0,55.0,-576.0
Duivel,Spectacled Bears,LHE,Support,LHE · playoffs,5,0.4,2.85,-596.0,0.0,55.0,-596.0
Kartana,Spectacled Bears,LRS,Jungle,LHE · playoffs,5,0.4,3.16,-626.0,0.0,55.0,-626.0
Cosmoz,Santiago Wanderers eSports,LHE,Mid,LHE · playoffs,3,0.0,1.78,-622.0,-4.0,55.0,-626.0
Ocean,Meta Gaming,LHE,Jungle,LHE · playoffs,12,0.667,3.81,-635.0,6.0,55.0,-629.0
Peep,Santiago Wanderers eSports,LHE,ADC,LHE · playoffs,3,0.0,1.82,-626.0,-4.0,55.0,-630.0
KreshtDoo,Eclipse Gaming,LHE,ADC,LHE · playoffs,5,0.4,2.9,-630.0,0.0,55.0,-630.0
AMBAN,Santiago Wanderers eSports,LHE,Jungle,LHE · playoffs,3,0.0,1.56,-641.0,-4.0,55.0,-645.0
Deratero,Santiago Wanderers eSports,LHE,Top,LHE · playoffs,3,0.0,1.31,-652.0,-4.0,55.0,-656.0
Rodnaldinho,Maze Gaming,LHE,Mid,LHE · playoffs,11,0.454,3.32,-665.0,-0.0,55.0,-665.0
Whyker,Maze Gaming,LHE,Support,LHE · playoffs,11,0.454,2.94,-681.0,-0.0,55.0,-681.0
Antimagic,Maze Gaming,LHE,Top,LHE · playoffs,7,0.429,1.85,-686.0,-2.0,55.0,-688.0
Dargus,Maze Gaming,LHE,ADC,LHE · playoffs,11,0.454,3.21,-714.0,-0.0,55.0,-714.0
Nottingham,Rebirth eSports,LHE,Support,LHE · playoffs,1,0.0,1.0,-726.0,-2.0,55.0,-728.0
Egotistic,Rebirth eSports,LHE,ADC,LHE · playoffs,3,0.0,1.0,-776.0,-3.0,55.0,-779.0
Wdr,Cruzados Esports,LHE,Mid,LHE · playoffs,5,0.4,2.9,-795.0,0.0,55.0,-795.0
Zaphyr,Rebirth eSports,LHE,Mid,LHE · playoffs,3,0.0,0.67,-802.0,-3.0,55.0,-805.0
Sabaneti,Rebirth eSports,LHE,Top,LHE · playoffs,3,0.0,0.44,-841.0,-3.0,55.0,-844.0
Samver,MiaoJing (妙竞),LDL,ADC,LHE · saison régulière,1,1.0,11.0,377.0,1.0,55.0,378.0
Warangelus,Six Karma,LLA,Mid,LHE · saison régulière,7,0.571,6.44,-151.0,-5.0,55.0,-156.0
Wamu,Furious Gaming,LRS,Top,LHE · saison régulière,7,0.714,3.88,-297.0,0.0,55.0,-297.0
Feitan,Furious Gaming,LRS,Support,LHE · saison régulière,5,0.6,2.43,-312.0,-1.0,55.0,-313.0
Skeeto,All Knights,LLA,Top,LHE · saison régulière,7,0.571,2.91,-390.0,-2.0,55.0,-392.0
Fresco,Meta Gaming,LRS,Jungle,LHE · saison régulière,4,0.75,5.3,-403.0,3.0,55.0,-400.0
SyaL,Meta Gaming,LRS,Top,LHE · saison régulière,7,0.571,2.89,-445.0,-5.0,55.0,-450.0
Woohee,Eclipse Gaming,LRS,Support,LHE · saison régulière,7,0.714,7.58,-456.0,0.0,55.0,-456.0
QQMore,Globant Emerald,LRS,Jungle,LHE · saison régulière,7,0.714,2.5,-479.0,0.0,55.0,-479.0
Pyl,Malvinas Gaming,LRS,Support,LHE · saison régulière,7,0.571,3.37,-515.0,-5.0,55.0,-520.0
Manifest,Meta Gaming,LRS,ADC,LHE · saison régulière,9,0.222,3.0,-520.0,-2.0,55.0,-522.0
Emets,Meta Gaming,LHE,ADC,LHE · saison régulière,7,0.571,2.75,-555.0,-5.0,55.0,-560.0
GunPoint,Eclipse Gaming,LHE,ADC,LHE · saison régulière,7,0.714,5.25,-577.0,0.0,55.0,-577.0
Duivel,Spectacled Bears,LHE,Support,LHE · saison régulière,6,0.333,2.1,-596.0,1.0,55.0,-595.0
Cosmoz,Santiago Wanderers eSports,LHE,Mid,LHE · saison régulière,7,0.714,8.4,-622.0,5.0,55.0,-617.0
Peep,Santiago Wanderers eSports,LHE,ADC,LHE · saison régulière,7,0.714,7.25,-626.0,5.0,55.0,-621.0
Kartana,Spectacled Bears,LRS,Jungle,LHE · saison régulière,7,0.571,3.25,-626.0,-2.0,55.0,-628.0
KreshtDoo,Eclipse Gaming,LHE,ADC,LHE · saison régulière,7,0.571,8.17,-630.0,-2.0,55.0,-632.0
AMBAN,Santiago Wanderers eSports,LHE,Jungle,LHE · saison régulière,7,0.714,4.95,-641.0,5.0,55.0,-636.0
Ocean,Meta Gaming,LHE,Jungle,LHE · saison régulière,7,0.571,2.86,-635.0,-5.0,55.0,-640.0
Deratero,Santiago Wanderers eSports,LHE,Top,LHE · saison régulière,7,0.714,4.71,-652.0,5.0,55.0,-647.0
Rodnaldinho,Maze Gaming,LHE,Mid,LHE · saison régulière,4,0.75,5.4,-665.0,3.0,55.0,-662.0
Whyker,Maze Gaming,LHE,Support,LHE · saison régulière,7,0.571,10.5,-681.0,4.0,55.0,-677.0
Crus,Furious Gaming,LHE,ADC,LHE · saison régulière,9,0.333,5.58,-676.0,-2.0,55.0,-678.0
chilD,Meta Gaming,LRS,Support,LHE · saison régulière,4,0.25,1.72,-677.0,-2.0,55.0,-679.0
Antimagic,Maze Gaming,LHE,Top,LHE · saison régulière,4,0.75,5.43,-686.0,4.0,55.0,-682.0
Skewy,Meta Gaming,LHE,Mid,LHE · saison régulière,9,0.333,2.06,-702.0,-2.0,55.0,-704.0
Dargus,Maze Gaming,LHE,ADC,LHE · saison régulière,7,0.571,5.2,-714.0,4.0,55.0,-710.0
Nottingham,Rebirth eSports,LHE,Support,LHE · saison régulière,9,0.444,2.26,-726.0,3.0,55.0,-723.0
Nainess,Spectacled Bears,SL (LATAM),Jungle,LHE · saison régulière,3,0.333,3.83,-745.0,0.0,55.0,-745.0
Egotistic,Rebirth eSports,LHE,ADC,LHE · saison régulière,9,0.444,4.26,-776.0,3.0,55.0,-773.0
Wdr,Cruzados Esports,LHE,Mid,LHE · saison régulière,7,0.571,2.47,-795.0,-2.0,55.0,-797.0
Zaphyr,Rebirth eSports,LHE,Mid,LHE · saison régulière,9,0.444,2.71,-802.0,3.0,55.0,-799.0
Sabaneti,Rebirth eSports,LHE,Top,LHE · saison régulière,9,0.444,2.41,-841.0,3.0,55.0,-838.0
Kurckoo,Vipers,SL (LATAM),Mid,LHE · saison régulière,3,0.333,1.5,-890.0,0.0,55.0,-890.0
Aria,DetonatioN FocusMe,LJL,Mid,LJL Spring · saison régulière,32,0.781,8.17,11.0,-6.0,54.0,5.0
Once,QT DIG∞,LJL,Jungle,LJL Spring · saison régulière,34,0.794,4.64,-20.0,13.0,54.0,-7.0
Harp,DetonatioN FocusMe,LJL,Support,LJL Spring · saison régulière,30,0.8,5.54,-6.0,-5.0,54.0,-11.0
Yutapon,DetonatioN FocusMe,LJL,ADC,LJL Spring · saison régulière,32,0.781,7.19,-17.0,-6.0,54.0,-23.0
Steal,DetonatioN FocusMe,LJL,Jungle,LJL Spring · saison régulière,32,0.781,5.31,-47.0,-6.0,54.0,-53.0
CaD,Unicorns of Love Sexy Edition,PRM,Jungle,LJL Spring · saison régulière,10,0.3,2.4,-52.0,-5.0,55.0,-57.0
Paz,QT DIG∞,LJL,Top,LJL Spring · saison régulière,32,0.781,4.59,-112.0,14.0,54.0,-98.0
Marble,Fukuoka SoftBank HAWKS gaming,LJL,ADC,LJL Spring · saison régulière,34,0.706,7.97,-138.0,-2.0,54.0,-140.0
DasheR,Fukuoka SoftBank HAWKS gaming,LJL,Mid,LJL Spring · saison régulière,34,0.706,4.7,-154.0,-2.0,54.0,-156.0
tol2,DetonatioN FocusMe,LJL,Top,LJL Spring · saison régulière,32,0.781,4.09,-159.0,-6.0,54.0,-165.0
LokeN,QT DIG∞,LJL,ADC,LJL Spring · saison régulière,34,0.794,7.51,-182.0,13.0,54.0,-169.0
Blank,Fukuoka SoftBank HAWKS gaming,LJL,Jungle,LJL Spring · saison régulière,34,0.706,4.5,-171.0,-2.0,54.0,-173.0
Jett,QT DIG∞,LJL,Mid,LJL Spring · saison régulière,34,0.794,5.45,-195.0,13.0,54.0,-182.0
Vsta,Fukuoka SoftBank HAWKS gaming,LJL,Support,LJL Spring · saison régulière,34,0.706,5.56,-185.0,-2.0,54.0,-187.0
Enty,QT DIG∞,LJL,Support,LJL Spring · saison régulière,34,0.794,6.93,-202.0,13.0,54.0,-189.0
Kinatu,Fukuoka SoftBank HAWKS gaming,LJL,Top,LJL Spring · saison régulière,34,0.706,3.24,-194.0,-2.0,54.0,-196.0
Cheoni,Team Aze,LLA,ADC,LJL Spring · saison régulière,35,0.371,3.74,-275.0,1.0,54.0,-274.0
TaNa,FENNEL,LJL,Top,LJL Spring · saison régulière,34,0.5,3.28,-285.0,-1.0,54.0,-286.0
Recap,FENNEL,LJL,Mid,LJL Spring · saison régulière,34,0.5,3.59,-292.0,-1.0,54.0,-293.0
Qoo,Crest Gaming Act,LJL,Support,LJL Spring · saison régulière,12,0.5,3.85,-306.0,0.0,55.0,-306.0
hachamecha,FENNEL,LJL,Jungle,LJL Spring · saison régulière,34,0.5,2.56,-341.0,-1.0,54.0,-342.0
EL,Burning Core Toyama,LJL,Jungle,LJL Spring · saison régulière,23,0.478,2.01,-365.0,4.0,55.0,-361.0
Leo,FENNEL,LJL,ADC,LJL Spring · saison régulière,32,0.5,4.09,-361.0,0.0,54.0,-361.0
Corporal,FENNEL,LJL,Support,LJL Spring · saison régulière,34,0.5,3.23,-366.0,-1.0,54.0,-367.0
RayFarky,Burning Core Toyama,LJL,Top,LJL Spring · saison régulière,33,0.424,3.03,-387.0,-0.0,54.0,-387.0
DICE,Burning Core Toyama,LJL,Mid,LJL Spring · saison régulière,33,0.424,3.24,-408.0,-0.0,54.0,-408.0
Milan,DetonatioN FocusMe,LJL,ADC,LJL Spring · saison régulière,2,0.5,9.0,-412.0,-1.0,55.0,-413.0
Raina,Burning Core Toyama,LJL,Support,LJL Spring · saison régulière,33,0.424,2.72,-450.0,-0.0,54.0,-450.0
Yuhi,Burning Core Toyama,LJL,ADC,LJL Spring · saison régulière,33,0.424,3.1,-451.0,-0.0,54.0,-451.0
Dicey,AXIZ,LJL,Support,LJL Spring · saison régulière,35,0.371,3.04,-464.0,1.0,54.0,-463.0
eguto,QT DIG∞,LJL,Top,LJL Spring · saison régulière,2,1.0,3.2,-466.0,-1.0,55.0,-467.0
Hoglet,AXIZ,LJL,Jungle,LJL Spring · saison régulière,35,0.371,2.26,-497.0,1.0,54.0,-496.0
Cassin,Crest Gaming Act,LJL,Jungle,LJL Spring · saison régulière,34,0.324,1.9,-492.0,-5.0,54.0,-497.0
Nap,Crest Gaming Act,LJL,Top,LJL Spring · saison régulière,34,0.324,2.29,-492.0,-5.0,54.0,-497.0
Ino,AXIZ,LJL,Top,LJL Spring · saison régulière,35,0.371,1.81,-510.0,1.0,54.0,-509.0
Honey,Crest Gaming Act,LJL,ADC,LJL Spring · saison régulière,34,0.324,3.56,-507.0,-5.0,54.0,-512.0
Eugeo,Crest Gaming Act,LJL,Mid,LJL Spring · saison régulière,34,0.324,2.23,-516.0,-5.0,54.0,-521.0
Megumiin,AXIZ,LJL,Mid,LJL Spring · saison régulière,35,0.371,2.52,-531.0,1.0,54.0,-530.0
Acee,V3 Esports,LJL,Mid,LJL Spring · saison régulière,6,0.0,1.6,-593.0,-0.0,55.0,-593.0
Acee,V3 Esports,LJL,Mid,LJL Spring · saison régulière,24,0.083,2.1,-658.0,0.0,55.0,-658.0
Primo,Crest Gaming Act,LJL,Support,LJL Spring · saison régulière,22,0.227,1.61,-671.0,-5.0,55.0,-676.0
dresscode,V3 Esports,LJL,ADC,LJL Spring · saison régulière,30,0.067,2.11,-685.0,-0.0,54.0,-685.0
HRK,V3 Esports,LJL,Jungle,LJL Spring · saison régulière,30,0.067,1.4,-702.0,-0.0,54.0,-702.0
Washidai,V3 Esports,LJL,Top,LJL Spring · saison régulière,30,0.067,1.34,-709.0,-0.0,54.0,-709.0
Hetel,V3 Esports,LJL,Support,LJL Spring · saison régulière,30,0.067,1.57,-711.0,-0.0,54.0,-711.0
Aria,DetonatioN FocusMe,LJL,Mid,LJL Summer · playoffs,13,0.692,5.73,11.0,1.0,55.0,12.0
Harp,DetonatioN FocusMe,LJL,Support,LJL Summer · playoffs,13,0.692,4.47,-6.0,1.0,55.0,-5.0
Yutapon,DetonatioN FocusMe,LJL,ADC,LJL Summer · playoffs,13,0.692,4.42,-17.0,1.0,55.0,-16.0
Once,QT DIG∞,LJL,Jungle,LJL Summer · playoffs,13,0.769,6.75,-20.0,3.0,55.0,-17.0
Steal,DetonatioN FocusMe,LJL,Jungle,LJL Summer · playoffs,13,0.692,6.33,-47.0,1.0,55.0,-46.0
Paz,QT DIG∞,LJL,Top,LJL Summer · playoffs,13,0.769,3.76,-112.0,3.0,55.0,-109.0
Marble,Fukuoka SoftBank HAWKS gaming,LJL,ADC,LJL Summer · playoffs,19,0.526,5.06,-138.0,4.0,55.0,-134.0
DasheR,Fukuoka SoftBank HAWKS gaming,LJL,Mid,LJL Summer · playoffs,19,0.526,4.28,-154.0,4.0,55.0,-150.0
Blank,Fukuoka SoftBank HAWKS gaming,LJL,Jungle,LJL Summer · playoffs,19,0.526,3.65,-171.0,4.0,55.0,-167.0
LokeN,QT DIG∞,LJL,ADC,LJL Summer · playoffs,13,0.769,10.2,-182.0,3.0,55.0,-179.0
Vsta,Fukuoka SoftBank HAWKS gaming,LJL,Support,LJL Summer · playoffs,19,0.526,3.47,-185.0,4.0,55.0,-181.0
Kinatu,Fukuoka SoftBank HAWKS gaming,LJL,Top,LJL Summer · playoffs,19,0.526,2.57,-194.0,4.0,55.0,-190.0
Jett,QT DIG∞,LJL,Mid,LJL Summer · playoffs,13,0.769,7.04,-195.0,3.0,55.0,-192.0
Enty,QT DIG∞,LJL,Support,LJL Summer · playoffs,13,0.769,6.19,-202.0,3.0,55.0,-199.0
Ssol,FENNEL,LJL,ADC,LJL Summer · playoffs,12,0.417,3.56,-219.0,-2.0,55.0,-221.0
TaNa,FENNEL,LJL,Top,LJL Summer · playoffs,12,0.417,4.13,-285.0,-2.0,55.0,-287.0
Recap,FENNEL,LJL,Mid,LJL Summer · playoffs,12,0.417,3.02,-292.0,-2.0,55.0,-294.0
Qoo,Crest Gaming Act,LJL,Support,LJL Summer · playoffs,6,0.0,0.7,-306.0,-5.0,55.0,-311.0
hachamecha,FENNEL,LJL,Jungle,LJL Summer · playoffs,12,0.417,2.98,-341.0,-2.0,55.0,-343.0
Corporal,FENNEL,LJL,Support,LJL Summer · playoffs,12,0.417,3.02,-366.0,-2.0,55.0,-368.0
EL,Burning Core Toyama,LJL,Jungle,LJL Summer · playoffs,5,0.4,2.0,-365.0,-3.0,55.0,-368.0
RayFarky,Burning Core Toyama,LJL,Top,LJL Summer · playoffs,5,0.4,3.07,-387.0,-3.0,55.0,-390.0
DICE,Burning Core Toyama,LJL,Mid,LJL Summer · playoffs,5,0.4,3.81,-408.0,-3.0,55.0,-411.0
Milan,DetonatioN FocusMe,LJL,ADC,LJL Summer · playoffs,13,0.692,4.59,-412.0,1.0,55.0,-411.0
Valkyrie,AXIZ,LJL,ADC,LJL Summer · playoffs,9,0.444,4.08,-417.0,3.0,55.0,-414.0
Raina,Burning Core Toyama,LJL,Support,LJL Summer · playoffs,5,0.4,3.5,-450.0,-3.0,55.0,-453.0
Yuhi,Burning Core Toyama,LJL,ADC,LJL Summer · playoffs,5,0.4,3.05,-451.0,-3.0,55.0,-454.0
Ricky,AXIZ,LJL,Top,LJL Summer · playoffs,9,0.444,3.04,-460.0,3.0,55.0,-457.0
Hoglet,AXIZ,LJL,Jungle,LJL Summer · playoffs,9,0.444,2.66,-497.0,3.0,55.0,-494.0
Cassin,Crest Gaming Act,LJL,Jungle,LJL Summer · playoffs,6,0.0,1.26,-492.0,-5.0,55.0,-497.0
Nap,Crest Gaming Act,LJL,Top,LJL Summer · playoffs,6,0.0,1.12,-492.0,-5.0,55.0,-497.0
Ino,AXIZ,LJL,Top,LJL Summer · playoffs,9,0.444,2.64,-510.0,3.0,55.0,-507.0
Honey,Crest Gaming Act,LJL,ADC,LJL Summer · playoffs,6,0.0,0.95,-507.0,-5.0,55.0,-512.0
Eugeo,Crest Gaming Act,LJL,Mid,LJL Summer · playoffs,6,0.0,0.95,-516.0,-5.0,55.0,-521.0
Megumiin,AXIZ,LJL,Mid,LJL Summer · playoffs,9,0.444,2.68,-531.0,3.0,55.0,-528.0
Acee,V3 Esports,LJL,Mid,LJL Summer · playoffs,1,0.0,2.43,-593.0,-0.0,55.0,-593.0
Acee,V3 Esports,LJL,Mid,LJL Summer · playoffs,2,0.0,0.56,-658.0,0.0,55.0,-658.0
dresscode,V3 Esports,LJL,ADC,LJL Summer · playoffs,3,0.0,1.8,-685.0,-0.0,55.0,-685.0
HRK,V3 Esports,LJL,Jungle,LJL Summer · playoffs,3,0.0,1.16,-702.0,-0.0,55.0,-702.0
Washidai,V3 Esports,LJL,Top,LJL Summer · playoffs,3,0.0,1.8,-709.0,-0.0,55.0,-709.0
Hetel,V3 Esports,LJL,Support,LJL Summer · playoffs,3,0.0,1.62,-711.0,-0.0,55.0,-711.0
Aria,DetonatioN FocusMe,LJL,Mid,LJL Summer · saison régulière,14,0.857,7.07,11.0,3.0,55.0,14.0
Harp,DetonatioN FocusMe,LJL,Support,LJL Summer · saison régulière,14,0.857,7.16,-6.0,3.0,55.0,-3.0
Yutapon,DetonatioN FocusMe,LJL,ADC,LJL Summer · saison régulière,14,0.857,6.97,-17.0,3.0,55.0,-14.0
Once,QT DIG∞,LJL,Jungle,LJL Summer · saison régulière,5,0.4,3.47,-20.0,-6.0,55.0,-26.0
Steal,DetonatioN FocusMe,LJL,Jungle,LJL Summer · saison régulière,14,0.857,6.83,-47.0,3.0,55.0,-44.0
Paz,QT DIG∞,LJL,Top,LJL Summer · saison régulière,11,0.546,2.79,-112.0,-8.0,55.0,-120.0
Marble,Fukuoka SoftBank HAWKS gaming,LJL,ADC,LJL Summer · saison régulière,16,0.75,8.41,-138.0,2.0,55.0,-136.0
DasheR,Fukuoka SoftBank HAWKS gaming,LJL,Mid,LJL Summer · saison régulière,16,0.75,4.57,-154.0,2.0,55.0,-152.0
tol2,DetonatioN FocusMe,LJL,Top,LJL Summer · saison régulière,10,0.8,3.55,-159.0,0.0,55.0,-159.0
Blank,Fukuoka SoftBank HAWKS gaming,LJL,Jungle,LJL Summer · saison régulière,16,0.75,4.79,-171.0,2.0,55.0,-169.0
Vsta,Fukuoka SoftBank HAWKS gaming,LJL,Support,LJL Summer · saison régulière,16,0.75,6.41,-185.0,2.0,55.0,-183.0
Kinatu,Fukuoka SoftBank HAWKS gaming,LJL,Top,LJL Summer · saison régulière,16,0.75,5.0,-194.0,2.0,55.0,-192.0
LokeN,QT DIG∞,LJL,ADC,LJL Summer · saison régulière,19,0.474,4.86,-182.0,-14.0,55.0,-196.0
Jett,QT DIG∞,LJL,Mid,LJL Summer · saison régulière,19,0.474,3.24,-195.0,-14.0,55.0,-209.0
Ssol,FENNEL,LJL,ADC,LJL Summer · saison régulière,18,0.611,5.29,-219.0,5.0,55.0,-214.0
Enty,QT DIG∞,LJL,Support,LJL Summer · saison régulière,19,0.474,4.39,-202.0,-14.0,55.0,-216.0
Shakespeare,FENNEL Academy,LJLA,Support,LJL Summer · saison régulière,2,1.0,25.0,-238.0,2.0,55.0,-236.0
TaNa,FENNEL,LJL,Top,LJL Summer · saison régulière,18,0.611,4.07,-285.0,5.0,55.0,-280.0
Recap,FENNEL,LJL,Mid,LJL Summer · saison régulière,18,0.611,3.91,-292.0,5.0,55.0,-287.0
Qoo,Crest Gaming Act,LJL,Support,LJL Summer · saison régulière,14,0.5,4.57,-306.0,9.0,55.0,-297.0
hachamecha,FENNEL,LJL,Jungle,LJL Summer · saison régulière,18,0.611,3.46,-341.0,5.0,55.0,-336.0
Corporal,FENNEL,LJL,Support,LJL Summer · saison régulière,16,0.562,3.0,-366.0,3.0,55.0,-363.0
EL,Burning Core Toyama,LJL,Jungle,LJL Summer · saison régulière,17,0.412,2.15,-365.0,-0.0,55.0,-365.0
RayFarky,Burning Core Toyama,LJL,Top,LJL Summer · saison régulière,17,0.412,2.27,-387.0,-0.0,55.0,-387.0
DICE,Burning Core Toyama,LJL,Mid,LJL Summer · saison régulière,17,0.412,3.2,-408.0,-0.0,55.0,-408.0
Milan,DetonatioN FocusMe,LJL,ADC,LJL Summer · saison régulière,4,1.0,5.7,-412.0,3.0,55.0,-409.0
Valkyrie,AXIZ,LJL,ADC,LJL Summer · saison régulière,18,0.333,3.29,-417.0,-3.0,55.0,-420.0
Raina,Burning Core Toyama,LJL,Support,LJL Summer · saison régulière,17,0.412,2.52,-450.0,-0.0,55.0,-450.0
Yuhi,Burning Core Toyama,LJL,ADC,LJL Summer · saison régulière,17,0.412,2.7,-451.0,-0.0,55.0,-451.0
Ricky,AXIZ,LJL,Top,LJL Summer · saison régulière,13,0.308,1.78,-460.0,-4.0,55.0,-464.0
Dicey,AXIZ,LJL,Support,LJL Summer · saison régulière,3,0.667,3.62,-464.0,0.0,55.0,-464.0
eguto,QT DIG∞,LJL,Top,LJL Summer · saison régulière,8,0.375,2.33,-466.0,-6.0,55.0,-472.0
Cassin,Crest Gaming Act,LJL,Jungle,LJL Summer · saison régulière,14,0.5,3.1,-492.0,9.0,55.0,-483.0
Nap,Crest Gaming Act,LJL,Top,LJL Summer · saison régulière,14,0.5,3.44,-492.0,9.0,55.0,-483.0
Honey,Crest Gaming Act,LJL,ADC,LJL Summer · saison régulière,14,0.5,5.76,-507.0,9.0,55.0,-498.0
Hoglet,AXIZ,LJL,Jungle,LJL Summer · saison régulière,18,0.333,2.14,-497.0,-3.0,55.0,-500.0
Eugeo,Crest Gaming Act,LJL,Mid,LJL Summer · saison régulière,14,0.5,5.04,-516.0,9.0,55.0,-507.0
Ino,AXIZ,LJL,Top,LJL Summer · saison régulière,18,0.333,2.55,-510.0,-3.0,55.0,-513.0
Nesty,QT DIG∞,LJL,Jungle,LJL Summer · saison régulière,14,0.5,2.38,-514.0,-8.0,55.0,-522.0
Kentakki,AXIZ Academy,LJLA,Support,LJL Summer · saison régulière,2,0.0,1.08,-526.0,1.0,55.0,-525.0
Megumiin,AXIZ,LJL,Mid,LJL Summer · saison régulière,18,0.333,2.43,-531.0,-3.0,55.0,-534.0
Acee,V3 Esports,LJL,Mid,LJL Summer · saison régulière,4,0.0,0.62,-593.0,0.0,55.0,-593.0
Acee,V3 Esports,LJL,Mid,LJL Summer · saison régulière,12,0.167,2.3,-658.0,-2.0,55.0,-660.0
dresscode,V3 Esports,LJL,ADC,LJL Summer · saison régulière,16,0.125,1.63,-685.0,-1.0,55.0,-686.0
HRK,V3 Esports,LJL,Jungle,LJL Summer · saison régulière,16,0.125,1.66,-702.0,-1.0,55.0,-703.0
Washidai,V3 Esports,LJL,Top,LJL Summer · saison régulière,16,0.125,1.12,-709.0,-1.0,55.0,-710.0
Hetel,V3 Esports,LJL,Support,LJL Summer · saison régulière,16,0.125,1.15,-711.0,-1.0,55.0,-712.0
Aria,DetonatioN FocusMe,LJL,Mid,LJL · playoffs,6,1.0,8.67,11.0,8.0,55.0,19.0
Harp,DetonatioN FocusMe,LJL,Support,LJL · playoffs,6,1.0,8.0,-6.0,8.0,55.0,2.0
Yutapon,DetonatioN FocusMe,LJL,ADC,LJL · playoffs,6,1.0,14.33,-17.0,8.0,55.0,-9.0
Once,QT DIG∞,LJL,Jungle,LJL · playoffs,8,0.375,3.11,-20.0,-4.0,55.0,-24.0
Steal,DetonatioN FocusMe,LJL,Jungle,LJL · playoffs,6,1.0,3.68,-47.0,8.0,55.0,-39.0
Paz,QT DIG∞,LJL,Top,LJL · playoffs,8,0.375,3.54,-112.0,-4.0,55.0,-116.0
Marble,Fukuoka SoftBank HAWKS gaming,LJL,ADC,LJL · playoffs,6,0.5,5.73,-138.0,-0.0,55.0,-138.0
tol2,DetonatioN FocusMe,LJL,Top,LJL · playoffs,6,1.0,5.33,-159.0,8.0,55.0,-151.0
DasheR,Fukuoka SoftBank HAWKS gaming,LJL,Mid,LJL · playoffs,6,0.5,4.43,-154.0,-0.0,55.0,-154.0
Blank,Fukuoka SoftBank HAWKS gaming,LJL,Jungle,LJL · playoffs,6,0.5,3.5,-171.0,-0.0,55.0,-171.0
Vsta,Fukuoka SoftBank HAWKS gaming,LJL,Support,LJL · playoffs,6,0.5,4.92,-185.0,-0.0,55.0,-185.0
LokeN,QT DIG∞,LJL,ADC,LJL · playoffs,8,0.375,2.75,-182.0,-4.0,55.0,-186.0
Kinatu,Fukuoka SoftBank HAWKS gaming,LJL,Top,LJL · playoffs,6,0.5,1.65,-194.0,-0.0,55.0,-194.0
Jett,QT DIG∞,LJL,Mid,LJL · playoffs,8,0.375,2.33,-195.0,-4.0,55.0,-199.0
Enty,QT DIG∞,LJL,Support,LJL · playoffs,8,0.375,3.1,-202.0,-4.0,55.0,-206.0
Cheoni,Team Aze,LLA,ADC,LJL · playoffs,3,0.0,3.0,-275.0,-3.0,55.0,-278.0
TaNa,FENNEL,LJL,Top,LJL · playoffs,10,0.5,3.08,-285.0,-1.0,55.0,-286.0
Recap,FENNEL,LJL,Mid,LJL · playoffs,10,0.5,7.0,-292.0,-1.0,55.0,-293.0
hachamecha,FENNEL,LJL,Jungle,LJL · playoffs,10,0.5,2.77,-341.0,-1.0,55.0,-342.0
Leo,FENNEL,LJL,ADC,LJL · playoffs,10,0.5,3.62,-361.0,-1.0,55.0,-362.0
EL,Burning Core Toyama,LJL,Jungle,LJL · playoffs,5,0.4,1.55,-365.0,2.0,55.0,-363.0
Corporal,FENNEL,LJL,Support,LJL · playoffs,10,0.5,3.72,-366.0,-1.0,55.0,-367.0
RayFarky,Burning Core Toyama,LJL,Top,LJL · playoffs,5,0.4,3.1,-387.0,2.0,55.0,-385.0
DICE,Burning Core Toyama,LJL,Mid,LJL · playoffs,5,0.4,3.14,-408.0,2.0,55.0,-406.0
Raina,Burning Core Toyama,LJL,Support,LJL · playoffs,5,0.4,2.65,-450.0,2.0,55.0,-448.0
Yuhi,Burning Core Toyama,LJL,ADC,LJL · playoffs,5,0.4,3.82,-451.0,2.0,55.0,-449.0
Dicey,AXIZ,LJL,Support,LJL · playoffs,3,0.0,1.12,-464.0,-3.0,55.0,-467.0
Hoglet,AXIZ,LJL,Jungle,LJL · playoffs,3,0.0,1.06,-497.0,-3.0,55.0,-500.0
Ino,AXIZ,LJL,Top,LJL · playoffs,3,0.0,13.0,-510.0,-3.0,55.0,-513.0
Megumiin,AXIZ,LJL,Mid,LJL · playoffs,3,0.0,1.08,-531.0,-3.0,55.0,-534.0
HowLa,Fukuoka Softbank HAWKS gaming Academy,LJLA,ADC,LJLA Regular · playoffs,7,0.714,4.71,-75.0,3.0,55.0,-72.0
Kaito,Fukuoka Softbank HAWKS gaming Academy,LJLA,Mid,LJLA Regular · playoffs,7,0.714,4.12,-87.0,3.0,55.0,-84.0
Senmary,Sengoku Gaming Academy,LJLA,Top,LJLA Regular · playoffs,2,0.0,1.71,-86.0,-2.0,55.0,-88.0
Charley,Fukuoka Softbank HAWKS gaming Academy,LJLA,Support,LJLA Regular · playoffs,7,0.714,4.69,-96.0,3.0,55.0,-93.0
YellowYoshi,Fukuoka Softbank HAWKS gaming Academy,LJLA,Top,LJLA Regular · playoffs,7,0.714,5.9,-102.0,3.0,55.0,-99.0
rre,Sengoku Gaming Academy,LJLA,Mid,LJLA Regular · playoffs,2,0.0,3.75,-100.0,-2.0,55.0,-102.0
ankochan,Fukuoka Softbank HAWKS gaming Academy,LJLA,Jungle,LJLA Regular · playoffs,7,0.714,4.79,-107.0,3.0,55.0,-104.0
chico,Sengoku Gaming Academy,LJLA,ADC,LJLA Regular · playoffs,2,0.0,3.67,-153.0,-2.0,55.0,-155.0
Funahwi,Sengoku Gaming Academy,LJLA,Jungle,LJLA Regular · playoffs,2,0.0,2.86,-155.0,-2.0,55.0,-157.0
L0SER,V3 Esports Academy,LJLA,Support,LJLA Regular · playoffs,7,0.571,4.15,-296.0,2.0,55.0,-294.0
fonix,Sengoku Gaming Academy,LJLA,Support,LJLA Regular · playoffs,2,0.0,1.91,-293.0,-2.0,55.0,-295.0
ezman,V3 Esports Academy,LJLA,ADC,LJLA Regular · playoffs,7,0.571,3.43,-313.0,2.0,55.0,-311.0
Enapon,V3 Esports Academy,LJLA,Mid,LJLA Regular · playoffs,7,0.571,3.15,-317.0,2.0,55.0,-315.0
Pinnnk,V3 Esports Academy,LJLA,Top,LJLA Regular · playoffs,7,0.571,1.66,-327.0,2.0,55.0,-325.0
Bruce,V3 Esports Academy,LJLA,Jungle,LJLA Regular · playoffs,7,0.571,3.27,-329.0,2.0,55.0,-327.0
Tele,Crest Gaming Act Academy,LJLA,ADC,LJLA Regular · playoffs,2,0.0,3.0,-334.0,-2.0,55.0,-336.0
Tima,Crest Gaming Act Academy,LJLA,Jungle,LJLA Regular · playoffs,2,0.0,2.75,-339.0,-2.0,55.0,-341.0
Odessa,Crest Gaming Act Academy,LJLA,Support,LJLA Regular · playoffs,2,0.0,1.8,-343.0,-2.0,55.0,-345.0
Perle,Crest Gaming Act Academy,LJLA,Top,LJLA Regular · playoffs,2,0.0,0.4,-366.0,-2.0,55.0,-368.0
Alps,Crest Gaming Act Academy,LJLA,Mid,LJLA Regular · playoffs,2,0.0,2.0,-389.0,-2.0,55.0,-391.0
HowLa,Fukuoka Softbank HAWKS gaming Academy,LJLA,ADC,LJLA Regular · saison régulière,20,0.85,7.2,-75.0,4.0,55.0,-71.0
Senmary,Sengoku Gaming Academy,LJLA,Top,LJLA Regular · saison régulière,20,0.8,6.39,-86.0,4.0,55.0,-82.0
Kaito,Fukuoka Softbank HAWKS gaming Academy,LJLA,Mid,LJLA Regular · saison régulière,20,0.85,11.89,-87.0,4.0,55.0,-83.0
Charley,Fukuoka Softbank HAWKS gaming Academy,LJLA,Support,LJLA Regular · saison régulière,20,0.85,6.59,-96.0,4.0,55.0,-92.0
rre,Sengoku Gaming Academy,LJLA,Mid,LJLA Regular · saison régulière,20,0.8,5.48,-100.0,4.0,55.0,-96.0
YellowYoshi,Fukuoka Softbank HAWKS gaming Academy,LJLA,Top,LJLA Regular · saison régulière,20,0.85,3.58,-102.0,4.0,55.0,-98.0
ankochan,Fukuoka Softbank HAWKS gaming Academy,LJLA,Jungle,LJLA Regular · saison régulière,20,0.85,4.33,-107.0,4.0,55.0,-103.0
chico,Sengoku Gaming Academy,LJLA,ADC,LJLA Regular · saison régulière,20,0.8,5.9,-153.0,4.0,55.0,-149.0
Funahwi,Sengoku Gaming Academy,LJLA,Jungle,LJLA Regular · saison régulière,20,0.8,6.25,-155.0,4.0,55.0,-151.0
Yunika,FENNEL Academy,LJLA,Jungle,LJLA Regular · saison régulière,20,0.55,4.88,-223.0,-1.0,55.0,-224.0
Shakespeare,FENNEL Academy,LJLA,Support,LJLA Regular · saison régulière,20,0.55,4.11,-238.0,-1.0,55.0,-239.0
Kakkun,FENNEL Academy,LJLA,Mid,LJLA Regular · saison régulière,20,0.55,4.59,-245.0,-1.0,55.0,-246.0
Momo,FENNEL Academy,LJLA,Top,LJLA Regular · saison régulière,20,0.55,3.27,-285.0,-1.0,55.0,-286.0
fonix,Sengoku Gaming Academy,LJLA,Support,LJLA Regular · saison régulière,16,0.75,5.03,-293.0,0.0,55.0,-293.0
L0SER,V3 Esports Academy,LJLA,Support,LJLA Regular · saison régulière,21,0.571,4.44,-296.0,1.0,55.0,-295.0
wanan,FENNEL Academy,LJLA,ADC,LJLA Regular · saison régulière,20,0.55,3.94,-298.0,-1.0,55.0,-299.0
ezman,V3 Esports Academy,LJLA,ADC,LJLA Regular · saison régulière,21,0.571,3.56,-313.0,1.0,55.0,-312.0
Enapon,V3 Esports Academy,LJLA,Mid,LJLA Regular · saison régulière,21,0.571,3.85,-317.0,1.0,55.0,-316.0
Pinnnk,V3 Esports Academy,LJLA,Top,LJLA Regular · saison régulière,21,0.571,3.25,-327.0,1.0,55.0,-326.0
Bruce,V3 Esports Academy,LJLA,Jungle,LJLA Regular · saison régulière,21,0.571,4.74,-329.0,1.0,55.0,-328.0
Tele,Crest Gaming Act Academy,LJLA,ADC,LJLA Regular · saison régulière,22,0.546,4.4,-334.0,2.0,55.0,-332.0
Tima,Crest Gaming Act Academy,LJLA,Jungle,LJLA Regular · saison régulière,22,0.546,4.19,-339.0,2.0,55.0,-337.0
Odessa,Crest Gaming Act Academy,LJLA,Support,LJLA Regular · saison régulière,22,0.546,3.86,-343.0,2.0,55.0,-341.0
Perle,Crest Gaming Act Academy,LJLA,Top,LJLA Regular · saison régulière,22,0.546,2.1,-366.0,2.0,55.0,-364.0
Alps,Crest Gaming Act Academy,LJLA,Mid,LJLA Regular · saison régulière,21,0.524,3.3,-389.0,1.0,55.0,-388.0
Milan,DetonatioN FocusMe,LJL,ADC,LJLA Regular · saison régulière,20,0.35,2.86,-412.0,-5.0,55.0,-417.0
Tatsu,Burning Core Toyama Academy,LJLA,Jungle,LJLA Regular · saison régulière,22,0.227,3.03,-482.0,-2.0,55.0,-484.0
fyrk,DetonatioN FocusMe Academy,LJLA,Support,LJLA Regular · saison régulière,20,0.35,2.85,-493.0,-5.0,55.0,-498.0
Ussii,Burning Core Toyama Academy,LJLA,Top,LJLA Regular · saison régulière,22,0.227,2.12,-496.0,-2.0,55.0,-498.0
Sunleaf,Burning Core Toyama Academy,LJLA,ADC,LJLA Regular · saison régulière,22,0.227,3.13,-510.0,-2.0,55.0,-512.0
besu,Burning Core Toyama Academy,LJLA,Support,LJLA Regular · saison régulière,22,0.227,2.49,-514.0,-2.0,55.0,-516.0
Kentakki,AXIZ Academy,LJLA,Support,LJLA Regular · saison régulière,21,0.143,1.54,-526.0,-2.0,55.0,-528.0
Yoshida,Burning Core Toyama Academy,LJLA,Mid,LJLA Regular · saison régulière,22,0.227,2.15,-538.0,-2.0,55.0,-540.0
Racon,DetonatioN FocusMe Academy,LJLA,Jungle,LJLA Regular · saison régulière,20,0.35,2.59,-547.0,-5.0,55.0,-552.0
Jericho,DetonatioN FocusMe Academy,LJLA,Mid,LJLA Regular · saison régulière,20,0.35,2.2,-558.0,-5.0,55.0,-563.0
HALdesu,AXIZ Academy,LJLA,Jungle,LJLA Regular · saison régulière,21,0.143,1.6,-568.0,-2.0,55.0,-570.0
1buki,AXIZ Academy,LJLA,Mid,LJLA Regular · saison régulière,21,0.143,1.57,-578.0,-2.0,55.0,-580.0
Karaage,DetonatioN FocusMe Academy,LJLA,Top,LJLA Regular · saison régulière,20,0.35,1.47,-597.0,-5.0,55.0,-602.0
Taicho,AXIZ Academy,LJLA,Top,LJLA Regular · saison régulière,21,0.143,1.14,-601.0,-2.0,55.0,-603.0
evol,AXIZ Academy,LJLA,ADC,LJLA Regular · saison régulière,21,0.143,1.49,-643.0,-2.0,55.0,-645.0
SamD,Estral Esports,LLA,ADC,LLA Closing · playoffs,16,0.438,3.6,399.0,-2.0,55.0,397.0
Josedeodo,Estral Esports,LLA,Jungle,LLA Closing · playoffs,16,0.438,5.24,398.0,-2.0,55.0,396.0
Acce,Team Aze,LLA,Top,LLA Closing · playoffs,4,0.25,2.6,326.0,-3.0,55.0,323.0
OnFleek,Six Karma,LLA,Jungle,LLA Closing · playoffs,14,0.429,3.9,324.0,-2.0,55.0,322.0
Lyonz,Movistar R7,LLA,Support,LLA Closing · playoffs,11,0.818,5.25,313.0,8.0,55.0,321.0
Bong,Movistar R7,LLA,Top,LLA Closing · playoffs,11,0.818,5.08,297.0,8.0,55.0,305.0
Oddie,Movistar R7,LLA,Jungle,LLA Closing · playoffs,11,0.818,7.7,290.0,8.0,55.0,298.0
Mireu,Movistar R7,LLA,Mid,LLA Closing · playoffs,11,0.818,4.66,287.0,8.0,55.0,295.0
ceo,Movistar R7,LLA,ADC,LLA Closing · playoffs,11,0.818,6.77,286.0,8.0,55.0,294.0
Mia,Estral Esports,LLA,Support,LLA Closing · playoffs,6,0.667,3.11,258.0,1.0,55.0,259.0
Meaning,Six Karma,LLA,Top,LLA Closing · playoffs,14,0.429,3.07,254.0,-2.0,55.0,252.0
Snaker,Six Karma,LLA,ADC,LLA Closing · playoffs,14,0.429,3.44,235.0,-2.0,55.0,233.0
Ackerman,inf,LLA,Support,LLA Closing · playoffs,9,0.333,3.0,221.0,-5.0,55.0,216.0
cody,Six Karma,LLA,Mid,LLA Closing · playoffs,14,0.429,2.96,214.0,-2.0,55.0,212.0
Seize,Isurus,LLA,Jungle,LLA Closing · playoffs,14,0.571,4.62,188.0,5.0,55.0,193.0
Keine,inf,LLA,Mid,LLA Closing · playoffs,9,0.333,3.41,193.0,-5.0,55.0,188.0
Leza,Estral Esports,LLA,Mid,LLA Closing · playoffs,16,0.438,2.86,174.0,-2.0,55.0,172.0
5kid,inf,LLA,ADC,LLA Closing · playoffs,9,0.333,2.6,156.0,-5.0,55.0,151.0
pan,Isurus,LLA,Top,LLA Closing · playoffs,14,0.571,3.31,130.0,5.0,55.0,135.0
Zothve,Estral Esports,LLA,Top,LLA Closing · playoffs,16,0.438,2.11,136.0,-2.0,55.0,134.0
Solid,inf,LLA,Jungle,LLA Closing · playoffs,9,0.333,2.7,124.0,-5.0,55.0,119.0
Zoen,inf,LLA,Top,LLA Closing · playoffs,9,0.333,2.16,116.0,-5.0,55.0,111.0
Gavotto,Isurus,LLA,ADC,LLA Closing · playoffs,14,0.571,4.27,99.0,5.0,55.0,104.0
Jelly,Isurus,LLA,Support,LLA Closing · playoffs,14,0.571,2.48,96.0,5.0,55.0,101.0
Kaze,Isurus,LLA,Mid,LLA Closing · playoffs,14,0.571,3.69,85.0,5.0,55.0,90.0
Ellim,Team Aze,LLA,Jungle,LLA Closing · playoffs,4,0.25,3.7,92.0,-3.0,55.0,89.0
Gaeng,Estral Esports,LLA,Support,LLA Closing · playoffs,10,0.3,2.28,-16.0,-4.0,55.0,-20.0
IgnaVilu,Team Aze,LLA,Support,LLA Closing · playoffs,4,0.25,2.47,-114.0,-3.0,55.0,-117.0
Warangelus,Six Karma,LLA,Mid,LLA Closing · playoffs,14,0.429,4.58,-151.0,-2.0,55.0,-153.0
Aloned,Team Aze,LLA,Mid,LLA Closing · playoffs,4,0.25,2.0,-155.0,-3.0,55.0,-158.0
Cheoni,Team Aze,LLA,ADC,LLA Closing · playoffs,4,0.25,2.06,-275.0,-3.0,55.0,-278.0
SamD,Estral Esports,LLA,ADC,LLA Closing · saison régulière,15,0.8,6.85,399.0,6.0,55.0,405.0
Josedeodo,Estral Esports,LLA,Jungle,LLA Closing · saison régulière,15,0.8,7.44,398.0,6.0,55.0,404.0
Acce,Team Aze,LLA,Top,LLA Closing · saison régulière,14,0.429,3.61,326.0,3.0,55.0,329.0
OnFleek,Six Karma,LLA,Jungle,LLA Closing · saison régulière,17,0.647,5.54,324.0,4.0,55.0,328.0
Lyonz,Movistar R7,LLA,Support,LLA Closing · saison régulière,16,0.875,4.71,313.0,5.0,55.0,318.0
Bong,Movistar R7,LLA,Top,LLA Closing · saison régulière,16,0.875,4.33,297.0,5.0,55.0,302.0
Oddie,Movistar R7,LLA,Jungle,LLA Closing · saison régulière,16,0.875,5.07,290.0,5.0,55.0,295.0
Mireu,Movistar R7,LLA,Mid,LLA Closing · saison régulière,16,0.875,3.59,287.0,5.0,55.0,292.0
ceo,Movistar R7,LLA,ADC,LLA Closing · saison régulière,16,0.875,6.51,286.0,5.0,55.0,291.0
Mia,Estral Esports,LLA,Support,LLA Closing · saison régulière,15,0.8,3.82,258.0,6.0,55.0,264.0
Meaning,Six Karma,LLA,Top,LLA Closing · saison régulière,17,0.647,5.34,254.0,4.0,55.0,258.0
Snaker,Six Karma,LLA,ADC,LLA Closing · saison régulière,17,0.647,5.05,235.0,4.0,55.0,239.0
Ackerman,inf,LLA,Support,LLA Closing · saison régulière,16,0.625,5.66,221.0,4.0,55.0,225.0
cody,Six Karma,LLA,Mid,LLA Closing · saison régulière,14,0.643,4.07,214.0,3.0,55.0,217.0
Keine,inf,LLA,Mid,LLA Closing · saison régulière,16,0.625,4.75,193.0,4.0,55.0,197.0
Leza,Estral Esports,LLA,Mid,LLA Closing · saison régulière,15,0.8,6.38,174.0,6.0,55.0,180.0
Seize,Isurus,LLA,Jungle,LLA Closing · saison régulière,13,0.308,2.95,188.0,-11.0,55.0,177.0
5kid,inf,LLA,ADC,LLA Closing · saison régulière,16,0.625,4.78,156.0,4.0,55.0,160.0
Shu Hari,Six Karma,LLA,Support,LLA Closing · saison régulière,9,0.556,4.81,153.0,-2.0,55.0,151.0
KinGi,Isurus,LLA,Jungle,LLA Closing · saison régulière,2,0.5,2.44,143.0,0.0,55.0,143.0
Zothve,Estral Esports,LLA,Top,LLA Closing · saison régulière,15,0.8,3.82,136.0,6.0,55.0,142.0
Solid,inf,LLA,Jungle,LLA Closing · saison régulière,16,0.625,4.07,124.0,4.0,55.0,128.0
Zoen,inf,LLA,Top,LLA Closing · saison régulière,16,0.625,3.37,116.0,4.0,55.0,120.0
pan,Isurus,LLA,Top,LLA Closing · saison régulière,15,0.333,2.66,130.0,-11.0,55.0,119.0
Ellim,Team Aze,LLA,Jungle,LLA Closing · saison régulière,14,0.429,3.07,92.0,3.0,55.0,95.0
Gavotto,Isurus,LLA,ADC,LLA Closing · saison régulière,15,0.333,3.71,99.0,-11.0,55.0,88.0
Jelly,Isurus,LLA,Support,LLA Closing · saison régulière,15,0.333,2.59,96.0,-11.0,55.0,85.0
Kaze,Isurus,LLA,Mid,LLA Closing · saison régulière,15,0.333,2.69,85.0,-11.0,55.0,74.0
Shmebu,Leviatan,LLA,Support,LLA Closing · saison régulière,14,0.0,1.84,-37.0,-8.0,55.0,-45.0
Pancake,Leviatan,LLA,Jungle,LLA Closing · saison régulière,14,0.0,1.1,-97.0,-8.0,55.0,-105.0
IgnaVilu,Team Aze,LLA,Support,LLA Closing · saison régulière,10,0.4,4.24,-114.0,2.0,55.0,-112.0
Rahab,Leviatan,LLA,Top,LLA Closing · saison régulière,14,0.0,1.15,-107.0,-8.0,55.0,-115.0
Kiefer,Leviatan,LLA,Mid,LLA Closing · saison régulière,14,0.0,1.39,-113.0,-8.0,55.0,-121.0
Warangelus,Six Karma,LLA,Mid,LLA Closing · saison régulière,9,0.667,4.09,-151.0,5.0,55.0,-146.0
Horus,All Knights,LLA,ADC,LLA Closing · saison régulière,15,0.2,1.77,-147.0,-2.0,55.0,-149.0
Aloned,Team Aze,LLA,Mid,LLA Closing · saison régulière,14,0.429,3.28,-155.0,3.0,55.0,-152.0
Unforgiven,All Knights,LLA,Jungle,LLA Closing · saison régulière,15,0.2,1.48,-168.0,-2.0,55.0,-170.0
Nobody,All Knights,LLA,Mid,LLA Closing · saison régulière,15,0.2,2.02,-178.0,-2.0,55.0,-180.0
Cheoni,Team Aze,LLA,ADC,LLA Closing · saison régulière,14,0.429,5.39,-275.0,3.0,55.0,-272.0
Gastruks,All Knights,LLA,Support,LLA Closing · saison régulière,15,0.2,1.63,-317.0,-2.0,55.0,-319.0
Skeeto,All Knights,LLA,Top,LLA Closing · saison régulière,15,0.2,1.37,-390.0,-2.0,55.0,-392.0
Nothing,Leviatan,LLA,ADC,LLA Closing · saison régulière,14,0.0,1.75,-453.0,-8.0,55.0,-461.0
SamD,Estral Esports,LLA,ADC,LLA Opening · playoffs,13,0.385,2.38,399.0,-9.0,55.0,390.0
Josedeodo,Estral Esports,LLA,Jungle,LLA Opening · playoffs,13,0.385,2.73,398.0,-9.0,55.0,389.0
OnFleek,Six Karma,LLA,Jungle,LLA Opening · playoffs,14,0.571,3.7,324.0,7.0,55.0,331.0
Lyonz,Movistar R7,LLA,Support,LLA Opening · playoffs,19,0.579,5.02,313.0,-2.0,55.0,311.0
Bong,Movistar R7,LLA,Top,LLA Opening · playoffs,19,0.579,3.98,297.0,-2.0,55.0,295.0
Oddie,Movistar R7,LLA,Jungle,LLA Opening · playoffs,19,0.579,5.79,290.0,-2.0,55.0,288.0
Mireu,Movistar R7,LLA,Mid,LLA Opening · playoffs,19,0.579,4.63,287.0,-2.0,55.0,285.0
ceo,Movistar R7,LLA,ADC,LLA Opening · playoffs,19,0.579,5.34,286.0,-2.0,55.0,284.0
Meaning,Six Karma,LLA,Top,LLA Opening · playoffs,14,0.571,2.82,254.0,7.0,55.0,261.0
Takeover,Estral Esports,LLA,Mid,LLA Opening · playoffs,13,0.385,2.35,263.0,-9.0,55.0,254.0
Snaker,Six Karma,LLA,ADC,LLA Opening · playoffs,14,0.571,4.79,235.0,7.0,55.0,242.0
Ackerman,inf,LLA,Support,LLA Opening · playoffs,12,0.667,11.54,221.0,7.0,55.0,228.0
cody,Six Karma,LLA,Mid,LLA Opening · playoffs,14,0.571,3.78,214.0,7.0,55.0,221.0
Keine,inf,LLA,Mid,LLA Opening · playoffs,12,0.667,5.36,193.0,7.0,55.0,200.0
Seize,Isurus,LLA,Jungle,LLA Opening · playoffs,9,0.333,2.55,188.0,1.0,55.0,189.0
Leza,Estral Esports,LLA,Mid,LLA Opening · playoffs,3,0.0,0.86,174.0,-4.0,55.0,170.0
5kid,inf,LLA,ADC,LLA Opening · playoffs,12,0.667,4.85,156.0,7.0,55.0,163.0
Shu Hari,Six Karma,LLA,Support,LLA Opening · playoffs,14,0.571,2.93,153.0,7.0,55.0,160.0
Zothve,Estral Esports,LLA,Top,LLA Opening · playoffs,3,0.0,0.33,136.0,-4.0,55.0,132.0
pan,Isurus,LLA,Top,LLA Opening · playoffs,9,0.333,3.11,130.0,1.0,55.0,131.0
Solid,inf,LLA,Jungle,LLA Opening · playoffs,12,0.667,3.84,124.0,7.0,55.0,131.0
Gavotto,Isurus,LLA,ADC,LLA Opening · playoffs,9,0.333,2.82,99.0,1.0,55.0,100.0
Jelly,Isurus,LLA,Support,LLA Opening · playoffs,9,0.333,2.13,96.0,1.0,55.0,97.0
Kaze,Isurus,LLA,Mid,LLA Opening · playoffs,9,0.333,2.13,85.0,1.0,55.0,86.0
Minit,All Knights,LLA,Support,LLA Opening · playoffs,3,0.0,1.2,22.0,-4.0,55.0,18.0
Shadow,Globant Emerald,LRS,Support,LLA Opening · playoffs,13,0.385,1.82,-5.0,-9.0,55.0,-14.0
Zerito,Globant Emerald,LLA,Top,LLA Opening · playoffs,12,0.667,3.4,-39.0,7.0,55.0,-32.0
Chieftain,Papara SuperMassive,TCL,Jungle,LLA Opening · playoffs,3,0.0,1.14,-40.0,-4.0,55.0,-44.0
Poss,Estral Esports,LLA,Top,LLA Opening · playoffs,13,0.385,1.31,-99.0,-9.0,55.0,-108.0
Viciun,Furious Gaming,LRS,ADC,LLA Opening · playoffs,3,0.0,0.3,-254.0,-4.0,55.0,-258.0
SamD,Estral Esports,LLA,ADC,LLA Opening · saison régulière,14,0.857,12.86,399.0,13.0,55.0,412.0
Josedeodo,Estral Esports,LLA,Jungle,LLA Opening · saison régulière,14,0.857,9.65,398.0,13.0,55.0,411.0
Acce,Team Aze,LLA,Top,LLA Opening · saison régulière,10,0.8,4.75,326.0,7.0,55.0,333.0
OnFleek,Six Karma,LLA,Jungle,LLA Opening · saison régulière,17,0.588,5.18,324.0,-6.0,55.0,318.0
Lyonz,Movistar R7,LLA,Support,LLA Opening · saison régulière,17,0.588,4.92,313.0,-3.0,55.0,310.0
Bong,Movistar R7,LLA,Top,LLA Opening · saison régulière,17,0.588,3.83,297.0,-3.0,55.0,294.0
Oddie,Movistar R7,LLA,Jungle,LLA Opening · saison régulière,17,0.588,4.32,290.0,-3.0,55.0,287.0
Mireu,Movistar R7,LLA,Mid,LLA Opening · saison régulière,17,0.588,4.65,287.0,-3.0,55.0,284.0
ceo,Movistar R7,LLA,ADC,LLA Opening · saison régulière,17,0.588,4.43,286.0,-3.0,55.0,283.0
Takeover,Estral Esports,LLA,Mid,LLA Opening · saison régulière,14,0.857,8.32,263.0,13.0,55.0,276.0
Meaning,Six Karma,LLA,Top,LLA Opening · saison régulière,17,0.588,3.0,254.0,-6.0,55.0,248.0
Snaker,Six Karma,LLA,ADC,LLA Opening · saison régulière,17,0.588,4.29,235.0,-6.0,55.0,229.0
Ackerman,inf,LLA,Support,LLA Opening · saison régulière,16,0.438,4.42,221.0,-4.0,55.0,217.0
cody,Six Karma,LLA,Mid,LLA Opening · saison régulière,17,0.588,2.96,214.0,-6.0,55.0,208.0
Seize,Isurus,LLA,Jungle,LLA Opening · saison régulière,14,0.857,3.48,188.0,9.0,55.0,197.0
Keine,inf,LLA,Mid,LLA Opening · saison régulière,16,0.438,2.68,193.0,-4.0,55.0,189.0
Leza,Estral Esports,LLA,Mid,LLA Opening · saison régulière,16,0.438,2.51,174.0,3.0,55.0,177.0
5kid,inf,LLA,ADC,LLA Opening · saison régulière,16,0.438,3.15,156.0,-4.0,55.0,152.0
Shu Hari,Six Karma,LLA,Support,LLA Opening · saison régulière,17,0.588,4.28,153.0,-6.0,55.0,147.0
Zothve,Estral Esports,LLA,Top,LLA Opening · saison régulière,16,0.438,1.89,136.0,3.0,55.0,139.0
pan,Isurus,LLA,Top,LLA Opening · saison régulière,16,0.75,4.26,130.0,5.0,55.0,135.0
Solid,inf,LLA,Jungle,LLA Opening · saison régulière,16,0.438,2.67,124.0,-4.0,55.0,120.0
Gavotto,Isurus,LLA,ADC,LLA Opening · saison régulière,16,0.75,4.32,99.0,5.0,55.0,104.0
Jelly,Isurus,LLA,Support,LLA Opening · saison régulière,16,0.75,4.0,96.0,5.0,55.0,101.0
Grell,Vivo Keyd Stars,CBLOL,Jungle,LLA Opening · saison régulière,2,0.0,0.67,94.0,-4.0,55.0,90.0
Kaze,Isurus,LLA,Mid,LLA Opening · saison régulière,16,0.75,3.49,85.0,5.0,55.0,90.0
Baula,Bandits Gaming,LRN,Support,LLA Opening · saison régulière,16,0.312,3.17,67.0,-1.0,55.0,66.0
Minit,All Knights,LLA,Support,LLA Opening · saison régulière,16,0.438,3.93,22.0,3.0,55.0,25.0
Shadow,Globant Emerald,LRS,Support,LLA Opening · saison régulière,14,0.857,11.22,-5.0,13.0,55.0,8.0
TopLop,The Kings,LLA,Mid,LLA Opening · saison régulière,16,0.312,2.42,-0.0,-1.0,55.0,-1.0
Mataz,Bandits Gaming,LRN,Jungle,LLA Opening · saison régulière,16,0.312,2.24,-35.0,-1.0,55.0,-36.0
Chieftain,Papara SuperMassive,TCL,Jungle,LLA Opening · saison régulière,16,0.438,2.23,-40.0,3.0,55.0,-37.0
Zerito,Globant Emerald,LLA,Top,LLA Opening · saison régulière,16,0.438,1.89,-39.0,-4.0,55.0,-43.0
Buggax,PRIMATE,LRS,Top,LLA Opening · saison régulière,16,0.312,1.7,-86.0,-1.0,55.0,-87.0
Poss,Estral Esports,LLA,Top,LLA Opening · saison régulière,4,1.0,4.0,-99.0,6.0,55.0,-93.0
IgnaVilu,Team Aze,LLA,Support,LLA Opening · saison régulière,14,0.0,1.85,-114.0,-5.0,55.0,-119.0
Aloned,Team Aze,LLA,Mid,LLA Opening · saison régulière,14,0.0,1.36,-155.0,-5.0,55.0,-160.0
Focus,Team Aze,LLA,ADC,LLA Opening · saison régulière,14,0.0,2.0,-191.0,-5.0,55.0,-196.0
Parang,Team Aze,LLA,Top,LLA Opening · saison régulière,14,0.0,0.88,-231.0,-5.0,55.0,-236.0
Viciun,Furious Gaming,LRS,ADC,LLA Opening · saison régulière,16,0.438,3.11,-254.0,3.0,55.0,-251.0
Lyg,Malvinas Gaming,LRS,ADC,LLA Opening · saison régulière,16,0.312,2.02,-269.0,-1.0,55.0,-270.0
Froststrike,PÊEK Gaming,LRN,Jungle,LLA Opening · saison régulière,10,0.0,1.34,-294.0,-0.0,55.0,-294.0
KinGi,Isurus,LLA,Jungle,LMF · phase de groupes,10,0.7,5.67,143.0,4.0,55.0,147.0
Zoen,inf,LLA,Top,LMF · phase de groupes,10,0.9,5.92,116.0,-3.0,55.0,113.0
Shmebu,Leviatan,LLA,Support,LMF · phase de groupes,10,0.7,11.43,-37.0,-2.0,55.0,-39.0
Shookz,PRIMATE,LRS,Jungle,LMF · phase de groupes,10,0.7,3.9,-43.0,-2.0,55.0,-45.0
Bardito,PRIMATE,LRS,Support,LMF · phase de groupes,10,0.9,8.83,-58.0,-3.0,55.0,-61.0
Enga,PRIMATE,LRS,Mid,LMF · phase de groupes,10,0.7,9.5,-66.0,4.0,55.0,-62.0
Kz,PRIMATE,LRS,ADC,LMF · phase de groupes,10,0.9,7.15,-60.0,-3.0,55.0,-63.0
Pancake,Leviatan,LLA,Jungle,LMF · phase de groupes,10,0.9,9.0,-97.0,-3.0,55.0,-100.0
Rahab,Leviatan,LLA,Top,LMF · phase de groupes,10,0.7,4.05,-107.0,4.0,55.0,-103.0
Kiefer,Leviatan,LLA,Mid,LMF · phase de groupes,10,0.9,7.92,-113.0,-3.0,55.0,-116.0
Funky,WAP Esports,LRS,Jungle,LMF · phase de groupes,10,0.8,5.67,-140.0,1.0,55.0,-139.0
Lac,WAP Esports,LRS,ADC,LMF · phase de groupes,10,0.8,6.71,-164.0,1.0,55.0,-163.0
Chordy,WAP Esports,LRS,Mid,LMF · phase de groupes,10,0.7,4.24,-162.0,-2.0,55.0,-164.0
DiDi,Furious Gaming,LRS,Mid,LMF · phase de groupes,10,0.6,7.5,-172.0,3.0,55.0,-169.0
Neadz,Malvinas Gaming,LRS,Mid,LMF · phase de groupes,10,0.8,7.07,-174.0,1.0,55.0,-173.0
Giankios,Meta Gaming,LRS,Top,LMF · phase de groupes,10,0.8,4.89,-213.0,1.0,55.0,-212.0
Luco,Malvinas Gaming,LRS,Support,LMF · phase de groupes,5,0.8,7.5,-222.0,-0.0,55.0,-222.0
Kindless,Globant Emerald,LRS,ADC,LMF · phase de groupes,10,0.7,3.7,-230.0,4.0,55.0,-226.0
Fortu,WAP Esports,LRS,Support,LMF · phase de groupes,5,0.8,4.36,-240.0,2.0,55.0,-238.0
Nate,Eclipse Gaming,LRS,Top,LMF · phase de groupes,10,0.7,5.47,-287.0,-2.0,55.0,-289.0
Izaenk,EBRO,LRS,Top,LMF · phase de groupes,10,0.6,3.27,-305.0,3.0,55.0,-302.0
Emp,Globant Emerald,LRS,Mid,LMF · phase de groupes,10,0.7,7.0,-334.0,4.0,55.0,-330.0
Keishao,EBRO,LRS,Support,LMF · phase de groupes,10,0.7,6.59,-344.0,4.0,55.0,-340.0
Sunblast,WAP Esports,LRS,Top,LMF · phase de groupes,10,0.2,1.12,-363.0,-6.0,55.0,-369.0
Kanaxi,Spectacled Bears,LRS,Jungle,LMF · phase de groupes,3,0.667,4.57,-377.0,3.0,55.0,-374.0
Style,EBRO,LRS,Jungle,LMF · phase de groupes,7,0.429,2.54,-377.0,1.0,55.0,-376.0
Trashy,Undead Gaming,LRS,Jungle,LMF · phase de groupes,10,0.6,3.34,-402.0,3.0,55.0,-399.0
notdefused,EBRO,LRS,ADC,LMF · phase de groupes,10,0.6,5.05,-402.0,3.0,55.0,-399.0
Termo,EBRO,LRS,Mid,LMF · phase de groupes,10,0.3,1.78,-452.0,-0.0,55.0,-452.0
Kea,Undead Gaming,LRS,Support,LMF · phase de groupes,2,0.5,2.75,-491.0,1.0,55.0,-490.0
Ux,Spectacled Bears,LRS,ADC,LMF · phase de groupes,10,0.1,1.58,-543.0,-2.0,55.0,-545.0
Tierwulf,Eclipse Gaming,LRS,Jungle,LMF · phase de groupes,10,0.2,1.39,-556.0,-6.0,55.0,-562.0
Deftsu,Undead Gaming,LRS,ADC,LMF · phase de groupes,10,0.3,3.05,-563.0,-0.0,55.0,-563.0
iso,Globant Emerald,LRS,ADC,LMF · phase de groupes,10,0.2,1.96,-661.0,-6.0,55.0,-667.0
Daedra,Undead Gaming,LRS,Mid,LMF · phase de groupes,8,0.25,1.54,-669.0,-4.0,55.0,-673.0
Crus,Furious Gaming,LHE,ADC,LMF · phase de groupes,1,1.0,15.0,-676.0,2.0,55.0,-674.0
KinGi,Isurus,LLA,Jungle,LMF · playoffs,5,0.4,4.25,143.0,-4.0,55.0,139.0
Zoen,inf,LLA,Top,LMF · playoffs,11,0.818,6.67,116.0,2.0,55.0,118.0
Shmebu,Leviatan,LLA,Support,LMF · playoffs,14,0.429,2.93,-37.0,6.0,55.0,-31.0
Shookz,PRIMATE,LRS,Jungle,LMF · playoffs,14,0.429,2.8,-43.0,6.0,55.0,-37.0
Bardito,PRIMATE,LRS,Support,LMF · playoffs,11,0.818,12.45,-58.0,2.0,55.0,-56.0
Kz,PRIMATE,LRS,ADC,LMF · playoffs,11,0.818,7.06,-60.0,2.0,55.0,-58.0
Enga,PRIMATE,LRS,Mid,LMF · playoffs,5,0.4,2.06,-66.0,-4.0,55.0,-70.0
Pancake,Leviatan,LLA,Jungle,LMF · playoffs,11,0.818,4.5,-97.0,2.0,55.0,-95.0
Rahab,Leviatan,LLA,Top,LMF · playoffs,11,0.273,2.14,-107.0,-0.0,55.0,-107.0
Kiefer,Leviatan,LLA,Mid,LMF · playoffs,11,0.818,4.27,-113.0,2.0,55.0,-111.0
Funky,WAP Esports,LRS,Jungle,LMF · playoffs,18,0.611,3.35,-140.0,-1.0,55.0,-141.0
Chordy,WAP Esports,LRS,Mid,LMF · playoffs,14,0.429,4.3,-162.0,6.0,55.0,-156.0
Lac,WAP Esports,LRS,ADC,LMF · playoffs,18,0.611,4.76,-164.0,-1.0,55.0,-165.0
DiDi,Furious Gaming,LRS,Mid,LMF · playoffs,3,0.0,2.27,-172.0,-2.0,55.0,-174.0
Neadz,Malvinas Gaming,LRS,Mid,LMF · playoffs,18,0.611,4.44,-174.0,-1.0,55.0,-175.0
Giankios,Meta Gaming,LRS,Top,LMF · playoffs,18,0.611,3.5,-213.0,-1.0,55.0,-214.0
Luco,Malvinas Gaming,LRS,Support,LMF · playoffs,2,0.5,2.86,-222.0,-0.0,55.0,-222.0
Kindless,Globant Emerald,LRS,ADC,LMF · playoffs,11,0.273,2.42,-230.0,-0.0,55.0,-230.0
Fortu,WAP Esports,LRS,Support,LMF · playoffs,16,0.625,2.73,-240.0,-1.0,55.0,-241.0
Nate,Eclipse Gaming,LRS,Top,LMF · playoffs,14,0.429,3.33,-287.0,6.0,55.0,-281.0
Izaenk,EBRO,LRS,Top,LMF · playoffs,3,0.0,1.36,-305.0,-2.0,55.0,-307.0
Emp,Globant Emerald,LRS,Mid,LMF · playoffs,11,0.273,2.96,-334.0,-0.0,55.0,-334.0
Keishao,EBRO,LRS,Support,LMF · playoffs,5,0.4,2.74,-344.0,-4.0,55.0,-348.0
Trashy,Undead Gaming,LRS,Jungle,LMF · playoffs,3,0.0,2.0,-402.0,-2.0,55.0,-404.0
notdefused,EBRO,LRS,ADC,LMF · playoffs,3,0.0,2.42,-402.0,-2.0,55.0,-404.0
Knight,Bilibili Gaming,LPL,Mid,LPL Spring · playoffs,12,0.75,4.39,1209.0,4.0,55.0,1213.0
369,Top Esports,LPL,Top,LPL Spring · playoffs,12,0.75,3.79,1126.0,4.0,55.0,1130.0
Ruler,JD Gaming,LPL,ADC,LPL Spring · playoffs,12,0.75,8.31,1123.0,4.0,55.0,1127.0
Kanavi,JD Gaming,LPL,Jungle,LPL Spring · playoffs,12,0.75,4.66,1108.0,4.0,55.0,1112.0
ON,Bilibili Gaming,LPL,Support,LPL Spring · playoffs,26,0.577,4.06,1097.0,12.0,55.0,1109.0
MISSING,JD Gaming,LPL,Support,LPL Spring · playoffs,12,0.75,4.81,1058.0,4.0,55.0,1062.0
Bin,Bilibili Gaming,LPL,Top,LPL Spring · playoffs,26,0.577,3.13,1047.0,12.0,55.0,1059.0
Elk,Bilibili Gaming,LPL,ADC,LPL Spring · playoffs,26,0.577,5.25,1039.0,12.0,55.0,1051.0
Xun,Bilibili Gaming,LPL,Jungle,LPL Spring · playoffs,26,0.577,3.61,1028.0,12.0,55.0,1040.0
Scout,LNG Esports,LPL,Mid,LPL Spring · playoffs,4,0.25,3.0,1031.0,-6.0,55.0,1025.0
Zika,LNG Esports,LPL,Top,LPL Spring · playoffs,4,0.25,2.0,1028.0,-6.0,55.0,1022.0
Leave,EDward Gaming,LPL,ADC,LPL Spring · playoffs,12,0.417,2.55,1025.0,-3.0,55.0,1022.0
Tarzan,LNG Esports,LPL,Jungle,LPL Spring · playoffs,4,0.25,1.81,1018.0,-6.0,55.0,1012.0
Hang,LNG Esports,LPL,Support,LPL Spring · playoffs,4,0.25,2.07,1014.0,-6.0,55.0,1008.0
Crisp,Weibo Gaming,LPL,Support,LPL Spring · playoffs,3,0.0,1.0,1005.0,-5.0,55.0,1000.0
Yagao,Bilibili Gaming,LPL,Mid,LPL Spring · playoffs,26,0.577,4.84,983.0,12.0,55.0,995.0
Light,Weibo Gaming,LPL,ADC,LPL Spring · playoffs,3,0.0,2.43,997.0,-5.0,55.0,992.0
Aki,Ninjas in Pyjamas,LPL,Jungle,LPL Spring · playoffs,18,0.5,3.41,937.0,4.0,55.0,941.0
GALA,LNG Esports,LPL,ADC,LPL Spring · playoffs,8,0.5,4.77,940.0,1.0,55.0,941.0
Mark,Top Esports,LPL,Support,LPL Spring · playoffs,9,0.556,4.76,940.0,-0.0,55.0,940.0
shanji,Ninjas in Pyjamas,LPL,Top,LPL Spring · playoffs,18,0.5,3.04,934.0,4.0,55.0,938.0
Xiaohu,Weibo Gaming,LPL,Mid,LPL Spring · playoffs,3,0.0,1.7,942.0,-5.0,55.0,937.0
Tian,Top Esports,LPL,Jungle,LPL Spring · playoffs,9,0.556,3.48,934.0,-0.0,55.0,934.0
Creme,Top Esports,LPL,Mid,LPL Spring · playoffs,18,0.5,3.95,928.0,4.0,55.0,932.0
LP,Royal Never Give Up,LPL,ADC,LPL Spring · playoffs,4,0.25,3.3,934.0,-6.0,55.0,928.0
Rookie,Ninjas in Pyjamas,LPL,Mid,LPL Spring · playoffs,9,0.556,4.76,925.0,-0.0,55.0,925.0
JackeyLove,Top Esports,LPL,ADC,LPL Spring · playoffs,9,0.556,5.82,921.0,-0.0,55.0,921.0
Meiko,Top Esports,LPL,Support,LPL Spring · playoffs,12,0.417,2.57,913.0,-3.0,55.0,910.0
TheShy,Weibo Gaming,LPL,Top,LPL Spring · playoffs,3,0.0,0.62,913.0,-5.0,55.0,908.0
Jiejie,EDward Gaming,LPL,Jungle,LPL Spring · playoffs,12,0.417,3.1,903.0,-3.0,55.0,900.0
FoFo,Team WE,LPL,Mid,LPL Spring · playoffs,12,0.417,4.1,900.0,-3.0,55.0,897.0
Wayward,Team WE,LPL,Top,LPL Spring · playoffs,9,0.556,3.35,896.0,-0.0,55.0,896.0
yaoyao,ThunderTalk Gaming,LPL,Support,LPL Spring · playoffs,4,0.25,1.25,898.0,-4.0,55.0,894.0
Karsa,Weibo Gaming,LPL,Jungle,LPL Spring · playoffs,3,0.0,1.42,894.0,-5.0,55.0,889.0
Iwandy,Team WE,LPL,Support,LPL Spring · playoffs,4,0.25,2.29,890.0,-3.0,55.0,887.0
ppgod,Oh My God,LPL,Support,LPL Spring · playoffs,18,0.5,3.66,880.0,4.0,55.0,884.0
Wei,Royal Never Give Up,LPL,Jungle,LPL Spring · playoffs,8,0.5,2.8,875.0,1.0,55.0,876.0
Ale,EDward Gaming,LPL,Top,LPL Spring · playoffs,12,0.417,2.35,873.0,-3.0,55.0,870.0
Breathe,Royal Never Give Up,LPL,Top,LPL Spring · playoffs,8,0.5,2.0,849.0,1.0,55.0,850.0
Ming,Royal Never Give Up,LPL,Support,LPL Spring · playoffs,8,0.5,2.48,834.0,1.0,55.0,835.0
Able,Oh My God,LPL,ADC,LPL Spring · playoffs,18,0.5,3.59,817.0,4.0,55.0,821.0
Beichuan,ThunderTalk Gaming,LPL,Jungle,LPL Spring · playoffs,4,0.25,1.8,818.0,-4.0,55.0,814.0
Heng,Team WE,LPL,Jungle,LPL Spring · playoffs,4,0.25,2.25,817.0,-3.0,55.0,814.0
huanfeng,ThunderTalk Gaming,LPL,ADC,LPL Spring · playoffs,4,0.25,3.0,811.0,-4.0,55.0,807.0
Angel,Oh My God,LPL,Mid,LPL Spring · playoffs,8,0.5,2.9,805.0,1.0,55.0,806.0
Shanks,Anyone's Legend,LPL,Mid,LPL Spring · playoffs,4,0.25,1.31,799.0,-3.0,55.0,796.0
Hope,Anyone's Legend,LPL,ADC,LPL Spring · playoffs,4,0.25,1.76,798.0,-3.0,55.0,795.0
Biubiu,Team WE,LPL,Top,LPL Spring · playoffs,4,0.25,1.07,779.0,-3.0,55.0,776.0
Ucal,ThunderTalk Gaming,LPL,Mid,LPL Spring · playoffs,4,0.25,3.22,755.0,-4.0,55.0,751.0
HOYA,ThunderTalk Gaming,LPL,Top,LPL Spring · playoffs,4,0.25,2.3,752.0,-4.0,55.0,748.0
Knight,Bilibili Gaming,LPL,Mid,LPL Spring · saison régulière,36,0.778,6.27,1209.0,-1.0,54.0,1208.0
369,Top Esports,LPL,Top,LPL Spring · saison régulière,36,0.778,3.65,1126.0,-1.0,54.0,1125.0
Ruler,JD Gaming,LPL,ADC,LPL Spring · saison régulière,36,0.778,8.95,1123.0,-1.0,54.0,1122.0
Kanavi,JD Gaming,LPL,Jungle,LPL Spring · saison régulière,36,0.778,4.9,1108.0,-1.0,54.0,1107.0
ON,Bilibili Gaming,LPL,Support,LPL Spring · saison régulière,42,0.595,3.43,1097.0,-14.0,54.0,1083.0
MISSING,JD Gaming,LPL,Support,LPL Spring · saison régulière,36,0.778,5.41,1058.0,-1.0,54.0,1057.0
Leave,EDward Gaming,LPL,ADC,LPL Spring · saison régulière,39,0.718,3.85,1025.0,13.0,54.0,1038.0
Scout,LNG Esports,LPL,Mid,LPL Spring · saison régulière,39,0.718,6.34,1031.0,5.0,54.0,1036.0
Zika,LNG Esports,LPL,Top,LPL Spring · saison régulière,39,0.718,3.82,1028.0,5.0,54.0,1033.0
Bin,Bilibili Gaming,LPL,Top,LPL Spring · saison régulière,42,0.595,2.73,1047.0,-14.0,54.0,1033.0
Elk,Bilibili Gaming,LPL,ADC,LPL Spring · saison régulière,42,0.595,4.68,1039.0,-14.0,54.0,1025.0
Tarzan,LNG Esports,LPL,Jungle,LPL Spring · saison régulière,39,0.718,5.99,1018.0,5.0,54.0,1023.0
Hang,LNG Esports,LPL,Support,LPL Spring · saison régulière,39,0.718,4.11,1014.0,5.0,54.0,1019.0
Xun,Bilibili Gaming,LPL,Jungle,LPL Spring · saison régulière,42,0.595,3.32,1028.0,-14.0,54.0,1014.0
Crisp,Weibo Gaming,LPL,Support,LPL Spring · saison régulière,39,0.641,4.82,1005.0,6.0,54.0,1011.0
Light,Weibo Gaming,LPL,ADC,LPL Spring · saison régulière,39,0.641,6.15,997.0,6.0,54.0,1003.0
Yagao,Bilibili Gaming,LPL,Mid,LPL Spring · saison régulière,42,0.595,3.74,983.0,-14.0,54.0,969.0
Xiaohu,Weibo Gaming,LPL,Mid,LPL Spring · saison régulière,39,0.641,4.16,942.0,6.0,54.0,948.0
Mark,Top Esports,LPL,Support,LPL Spring · saison régulière,38,0.553,4.9,940.0,0.0,54.0,940.0
LP,Royal Never Give Up,LPL,ADC,LPL Spring · saison régulière,39,0.718,5.39,934.0,5.0,54.0,939.0
GALA,LNG Esports,LPL,ADC,LPL Spring · saison régulière,37,0.486,3.93,940.0,-2.0,54.0,938.0
Aki,Ninjas in Pyjamas,LPL,Jungle,LPL Spring · saison régulière,42,0.571,3.74,937.0,-0.0,54.0,937.0
Tian,Top Esports,LPL,Jungle,LPL Spring · saison régulière,38,0.553,3.71,934.0,0.0,54.0,934.0
shanji,Ninjas in Pyjamas,LPL,Top,LPL Spring · saison régulière,42,0.571,2.85,934.0,-0.0,54.0,934.0
Creme,Top Esports,LPL,Mid,LPL Spring · saison régulière,42,0.571,3.55,928.0,-0.0,54.0,928.0
Meiko,Top Esports,LPL,Support,LPL Spring · saison régulière,39,0.718,4.31,913.0,13.0,54.0,926.0
Pout,Ninjas in Pyjamas,LPL,Mid,LPL Spring · saison régulière,17,0.412,3.3,922.0,4.0,55.0,926.0
Rookie,Ninjas in Pyjamas,LPL,Mid,LPL Spring · saison régulière,38,0.553,5.03,925.0,0.0,54.0,925.0
YSKM,Invictus Gaming,LPL,Top,LPL Spring · saison régulière,31,0.548,2.63,921.0,3.0,54.0,924.0
JackeyLove,Top Esports,LPL,ADC,LPL Spring · saison régulière,38,0.553,4.02,921.0,0.0,54.0,921.0
TheShy,Weibo Gaming,LPL,Top,LPL Spring · saison régulière,39,0.641,2.26,913.0,6.0,54.0,919.0
Jiejie,EDward Gaming,LPL,Jungle,LPL Spring · saison régulière,39,0.718,4.19,903.0,13.0,54.0,916.0
FoFo,Team WE,LPL,Mid,LPL Spring · saison régulière,39,0.718,5.95,900.0,13.0,54.0,913.0
yaoyao,ThunderTalk Gaming,LPL,Support,LPL Spring · saison régulière,29,0.552,4.15,898.0,6.0,54.0,904.0
Karsa,Weibo Gaming,LPL,Jungle,LPL Spring · saison régulière,39,0.641,3.59,894.0,6.0,54.0,900.0
Wayward,Team WE,LPL,Top,LPL Spring · saison régulière,2,1.0,4.6,896.0,2.0,55.0,898.0
Iwandy,Team WE,LPL,Support,LPL Spring · saison régulière,40,0.475,4.19,890.0,1.0,54.0,891.0
Ale,EDward Gaming,LPL,Top,LPL Spring · saison régulière,39,0.718,3.53,873.0,13.0,54.0,886.0
ppgod,Oh My God,LPL,Support,LPL Spring · saison régulière,40,0.6,3.99,880.0,2.0,54.0,882.0
Wei,Royal Never Give Up,LPL,Jungle,LPL Spring · saison régulière,37,0.486,3.1,875.0,-2.0,54.0,873.0
Strive,Rare Atom,LPL,Mid,LPL Spring · saison régulière,40,0.375,3.76,856.0,-3.0,54.0,853.0
Breathe,Royal Never Give Up,LPL,Top,LPL Spring · saison régulière,37,0.486,2.55,849.0,-2.0,54.0,847.0
QiuQiu,ThunderTalk Gaming,LPL,Support,LPL Spring · saison régulière,24,0.375,3.29,839.0,-1.0,55.0,838.0
Southwind,Rare Atom,LPL,Support,LPL Spring · saison régulière,36,0.417,2.33,833.0,2.0,54.0,835.0
Ming,Royal Never Give Up,LPL,Support,LPL Spring · saison régulière,31,0.516,3.9,834.0,-1.0,54.0,833.0
Zhuo,Ninjas in Pyjamas,LPL,Support,LPL Spring · saison régulière,39,0.359,4.71,826.0,1.0,54.0,827.0
Beichuan,ThunderTalk Gaming,LPL,Jungle,LPL Spring · saison régulière,36,0.5,2.85,818.0,2.0,54.0,820.0
GIDEON,Invictus Gaming,LPL,Jungle,LPL Spring · saison régulière,36,0.5,2.94,819.0,1.0,54.0,820.0
Shad0w,Ninjas in Pyjamas,LPL,Jungle,LPL Spring · saison régulière,12,0.417,2.81,815.0,4.0,55.0,819.0
Heng,Team WE,LPL,Jungle,LPL Spring · saison régulière,40,0.475,2.91,817.0,1.0,54.0,818.0
Able,Oh My God,LPL,ADC,LPL Spring · saison régulière,42,0.571,3.66,817.0,-0.0,54.0,817.0
Qingtian,Top Esports,LPL,Top,LPL Spring · saison régulière,36,0.528,2.96,817.0,-1.0,54.0,816.0
huanfeng,ThunderTalk Gaming,LPL,ADC,LPL Spring · saison régulière,36,0.5,5.2,811.0,2.0,54.0,813.0
Angel,Oh My God,LPL,Mid,LPL Spring · saison régulière,28,0.571,3.93,805.0,4.0,54.0,809.0
Lpc,LGD Gaming,LPL,ADC,LPL Spring · saison régulière,38,0.342,2.68,805.0,-1.0,54.0,804.0
Shanks,Anyone's Legend,LPL,Mid,LPL Spring · saison régulière,40,0.475,3.93,799.0,1.0,54.0,800.0
Hope,Anyone's Legend,LPL,ADC,LPL Spring · saison régulière,40,0.475,3.75,798.0,1.0,54.0,799.0
Biubiu,Team WE,LPL,Top,LPL Spring · saison régulière,40,0.475,2.4,779.0,1.0,54.0,780.0
Ahn,Invictus Gaming,LPL,ADC,LPL Spring · saison régulière,36,0.5,3.26,777.0,1.0,54.0,778.0
Xiaoxu,Rare Atom,LPL,Top,LPL Spring · saison régulière,38,0.342,1.82,773.0,-1.0,54.0,772.0
Photic,Ninjas in Pyjamas,LPL,ADC,LPL Spring · saison régulière,39,0.359,3.52,758.0,1.0,54.0,759.0
Ucal,ThunderTalk Gaming,LPL,Mid,LPL Spring · saison régulière,36,0.5,3.72,755.0,2.0,54.0,757.0
HOYA,ThunderTalk Gaming,LPL,Top,LPL Spring · saison régulière,36,0.5,2.66,752.0,2.0,54.0,754.0
Assum,Rare Atom,LPL,ADC,LPL Spring · saison régulière,40,0.375,2.91,755.0,-3.0,54.0,752.0
Wink,Invictus Gaming,LPL,Support,LPL Spring · saison régulière,36,0.5,3.34,742.0,1.0,54.0,743.0
Cube,Oh My God,LPL,Top,LPL Spring · saison régulière,40,0.375,2.17,742.0,-3.0,54.0,739.0
Dove,Invictus Gaming,LPL,Mid,LPL Spring · saison régulière,34,0.471,2.61,738.0,-2.0,54.0,736.0
H4cker,Ultra Prime,LPL,Jungle,LPL Spring · saison régulière,33,0.333,2.76,743.0,-8.0,54.0,735.0
Meteor,LGD Gaming,LPL,Jungle,LPL Spring · saison régulière,38,0.342,2.61,731.0,-1.0,54.0,730.0
Tangyuan,Royal Never Give Up,LPL,Mid,LPL Spring · saison régulière,9,0.222,1.85,728.0,-6.0,55.0,722.0
Lele,Royal Never Give Up,LPL,Support,LPL Spring · saison régulière,15,0.267,3.14,718.0,-3.0,55.0,715.0
Invincible,Ninjas in Pyjamas,LPL,Top,LPL Spring · saison régulière,38,0.368,2.32,711.0,2.0,54.0,713.0
Lwx,Royal Never Give Up,LPL,ADC,LPL Spring · saison régulière,39,0.333,3.11,715.0,-4.0,54.0,711.0
Jinjiao,LGD Gaming,LPL,Support,LPL Spring · saison régulière,38,0.342,2.32,709.0,-1.0,54.0,708.0
haichao,LGD Gaming,LPL,Mid,LPL Spring · saison régulière,31,0.355,3.83,703.0,-3.0,54.0,700.0
SwordArt,Ultra Prime,LPL,Support,LPL Spring · saison régulière,41,0.317,2.99,696.0,-2.0,54.0,694.0
Xiaohao,Weibo Gaming,LPL,Jungle,LPL Spring · saison régulière,41,0.317,2.36,684.0,-2.0,54.0,682.0
Doggo,Ultra Prime,LPL,ADC,LPL Spring · saison régulière,37,0.243,2.32,684.0,-2.0,54.0,682.0
Forge,Ultra Prime,LPL,Mid,LPL Spring · saison régulière,9,0.111,1.52,684.0,-4.0,55.0,680.0
Care,FunPlus Phoenix,LPL,Mid,LPL Spring · saison régulière,39,0.333,3.27,683.0,-4.0,54.0,679.0
fearness,LGD Gaming,LPL,Top,LPL Spring · saison régulière,15,0.4,2.54,679.0,-0.0,55.0,679.0
Leyan,Rare Atom,LPL,Jungle,LPL Spring · saison régulière,40,0.375,2.33,667.0,-3.0,54.0,664.0
Xiaolaohu,FunPlus Phoenix,LPL,Top,LPL Spring · saison régulière,24,0.292,2.15,666.0,-4.0,55.0,662.0
Harder,Anyone's Legend,LPL,Mid,LPL Spring · saison régulière,4,0.0,1.17,667.0,-6.0,55.0,661.0
Ning,Ultra Prime,LPL,Jungle,LPL Spring · saison régulière,37,0.243,1.63,641.0,-2.0,54.0,639.0
Zdz,Weibo Gaming,LPL,Top,LPL Spring · saison régulière,41,0.317,1.76,635.0,-2.0,54.0,633.0
XLB,Ninjas in Pyjamas,LPL,Jungle,LPL Spring · saison régulière,27,0.333,2.48,628.0,-3.0,54.0,625.0
pinz,Anyone's Legend,LPL,Mid,LPL Spring · saison régulière,37,0.351,3.17,620.0,4.0,54.0,624.0
Hery,Anyone's Legend,LPL,Top,LPL Spring · saison régulière,37,0.243,1.72,572.0,-2.0,54.0,570.0
Betty,Beyond Gaming,PCS,ADC,LPL Spring · saison régulière,41,0.317,3.29,563.0,-2.0,54.0,561.0
Dream,Ultra Prime,LPL,Mid,LPL Spring · saison régulière,22,0.318,2.54,553.0,-4.0,55.0,549.0
Baolan,Rare Atom,LPL,Support,LPL Spring · saison régulière,37,0.243,2.01,526.0,-2.0,54.0,524.0
Qing,FunPlus Phoenix Blaze,LDL,Mid,LPL Spring · saison régulière,28,0.286,1.78,498.0,1.0,54.0,499.0
Rich,Dignitas,LCS,Top,LPL Spring · saison régulière,1,0.0,2.0,489.0,-1.0,55.0,488.0
Haoye,FunPlus Phoenix Blaze,LDL,Jungle,LPL Spring · saison régulière,6,0.333,2.67,410.0,4.0,55.0,414.0
xqw,LGD Gaming Young Team,LDL,Mid,LPL Spring · saison régulière,7,0.286,1.64,316.0,1.0,55.0,317.0
Bunny,Royal Club,LDL,Support,LPL Spring · saison régulière,6,0.333,1.83,317.0,-1.0,55.0,316.0
bkr,Weibo Gaming Youth Team,LDL,Support,LPL Spring · saison régulière,4,0.0,0.82,248.0,-5.0,55.0,243.0
Knight,Bilibili Gaming,LPL,Mid,LPL Summer · playoffs,13,0.692,3.93,1209.0,3.0,55.0,1212.0
369,Top Esports,LPL,Top,LPL Summer · playoffs,13,0.692,5.6,1126.0,3.0,55.0,1129.0
Ruler,JD Gaming,LPL,ADC,LPL Summer · playoffs,13,0.692,5.05,1123.0,3.0,55.0,1126.0
Kanavi,JD Gaming,LPL,Jungle,LPL Summer · playoffs,13,0.692,3.68,1108.0,3.0,55.0,1111.0
ON,Bilibili Gaming,LPL,Support,LPL Summer · playoffs,11,0.364,2.08,1097.0,-5.0,55.0,1092.0
MISSING,JD Gaming,LPL,Support,LPL Summer · playoffs,13,0.692,3.35,1058.0,3.0,55.0,1061.0
Bin,Bilibili Gaming,LPL,Top,LPL Summer · playoffs,11,0.364,3.12,1047.0,-5.0,55.0,1042.0
Scout,LNG Esports,LPL,Mid,LPL Summer · playoffs,23,0.565,4.41,1031.0,5.0,55.0,1036.0
Elk,Bilibili Gaming,LPL,ADC,LPL Summer · playoffs,11,0.364,2.89,1039.0,-5.0,55.0,1034.0
Zika,LNG Esports,LPL,Top,LPL Summer · playoffs,23,0.565,4.47,1028.0,5.0,55.0,1033.0
Tarzan,LNG Esports,LPL,Jungle,LPL Summer · playoffs,23,0.565,4.55,1018.0,5.0,55.0,1023.0
Xun,Bilibili Gaming,LPL,Jungle,LPL Summer · playoffs,11,0.364,3.81,1028.0,-5.0,55.0,1023.0
Hang,LNG Esports,LPL,Support,LPL Summer · playoffs,23,0.565,3.12,1014.0,5.0,55.0,1019.0
Crisp,Weibo Gaming,LPL,Support,LPL Summer · playoffs,9,0.556,2.77,1005.0,0.0,55.0,1005.0
Light,Weibo Gaming,LPL,ADC,LPL Summer · playoffs,9,0.556,7.64,997.0,0.0,55.0,997.0
Yagao,Bilibili Gaming,LPL,Mid,LPL Summer · playoffs,11,0.364,3.71,983.0,-5.0,55.0,978.0
GALA,LNG Esports,LPL,ADC,LPL Summer · playoffs,23,0.565,7.29,940.0,5.0,55.0,945.0
Xiaohu,Weibo Gaming,LPL,Mid,LPL Summer · playoffs,9,0.556,3.07,942.0,0.0,55.0,942.0
Mark,Top Esports,LPL,Support,LPL Summer · playoffs,13,0.385,2.91,940.0,-4.0,55.0,936.0
Aki,Ninjas in Pyjamas,LPL,Jungle,LPL Summer · playoffs,5,0.4,2.33,937.0,-2.0,55.0,935.0
LP,Royal Never Give Up,LPL,ADC,LPL Summer · playoffs,4,0.25,2.89,934.0,-2.0,55.0,932.0
shanji,Ninjas in Pyjamas,LPL,Top,LPL Summer · playoffs,5,0.4,2.5,934.0,-2.0,55.0,932.0
Tian,Top Esports,LPL,Jungle,LPL Summer · playoffs,13,0.385,3.45,934.0,-4.0,55.0,930.0
Creme,Top Esports,LPL,Mid,LPL Summer · playoffs,5,0.4,3.23,928.0,-2.0,55.0,926.0
Rookie,Ninjas in Pyjamas,LPL,Mid,LPL Summer · playoffs,13,0.385,3.47,925.0,-4.0,55.0,921.0
Meiko,Top Esports,LPL,Support,LPL Summer · playoffs,14,0.571,3.53,913.0,6.0,55.0,919.0
JackeyLove,Top Esports,LPL,ADC,LPL Summer · playoffs,13,0.385,3.26,921.0,-4.0,55.0,917.0
TheShy,Weibo Gaming,LPL,Top,LPL Summer · playoffs,9,0.556,1.69,913.0,0.0,55.0,913.0
Jiejie,EDward Gaming,LPL,Jungle,LPL Summer · playoffs,14,0.571,5.88,903.0,6.0,55.0,909.0
FoFo,Team WE,LPL,Mid,LPL Summer · playoffs,14,0.571,5.67,900.0,6.0,55.0,906.0
Weiwei,Weibo Gaming,LPL,Jungle,LPL Summer · playoffs,9,0.556,4.5,898.0,0.0,55.0,898.0
Wayward,Team WE,LPL,Top,LPL Summer · playoffs,13,0.385,2.3,896.0,-4.0,55.0,892.0
Iwandy,Team WE,LPL,Support,LPL Summer · playoffs,4,0.25,2.17,890.0,-2.0,55.0,888.0
Ale,EDward Gaming,LPL,Top,LPL Summer · playoffs,14,0.571,3.78,873.0,6.0,55.0,879.0
ppgod,Oh My God,LPL,Support,LPL Summer · playoffs,5,0.4,2.28,880.0,-2.0,55.0,878.0
Wei,Royal Never Give Up,LPL,Jungle,LPL Summer · playoffs,4,0.25,3.11,875.0,-2.0,55.0,873.0
LvMao,Royal Never Give Up,LPL,Support,LPL Summer · playoffs,2,0.0,0.25,875.0,-4.0,55.0,871.0
Breathe,Royal Never Give Up,LPL,Top,LPL Summer · playoffs,4,0.25,2.75,849.0,-2.0,55.0,847.0
Zhuo,Ninjas in Pyjamas,LPL,Support,LPL Summer · playoffs,8,0.5,3.58,826.0,2.0,55.0,828.0
Shad0w,Ninjas in Pyjamas,LPL,Jungle,LPL Summer · playoffs,8,0.5,3.04,815.0,2.0,55.0,817.0
Able,Oh My God,LPL,ADC,LPL Summer · playoffs,5,0.4,2.71,817.0,-2.0,55.0,815.0
Heng,Team WE,LPL,Jungle,LPL Summer · playoffs,4,0.25,2.15,817.0,-2.0,55.0,815.0
Angel,Oh My God,LPL,Mid,LPL Summer · playoffs,8,0.5,3.0,805.0,2.0,55.0,807.0
Shanks,Anyone's Legend,LPL,Mid,LPL Summer · playoffs,4,0.25,4.0,799.0,-2.0,55.0,797.0
Hope,Anyone's Legend,LPL,ADC,LPL Summer · playoffs,4,0.25,2.36,798.0,-2.0,55.0,796.0
Photic,Ninjas in Pyjamas,LPL,ADC,LPL Summer · playoffs,8,0.5,3.63,758.0,2.0,55.0,760.0
Cube,Oh My God,LPL,Top,LPL Summer · playoffs,4,0.25,1.92,742.0,-2.0,55.0,740.0
Tangyuan,Royal Never Give Up,LPL,Mid,LPL Summer · playoffs,4,0.25,2.7,728.0,-2.0,55.0,726.0
Lele,Royal Never Give Up,LPL,Support,LPL Summer · playoffs,2,0.5,1.5,718.0,2.0,55.0,720.0
Invincible,Ninjas in Pyjamas,LPL,Top,LPL Summer · playoffs,8,0.5,2.75,711.0,2.0,55.0,713.0
Uzi,EDward Gaming,LPL,ADC,LPL Summer · playoffs,14,0.571,3.89,674.0,6.0,55.0,680.0
Knight,Bilibili Gaming,LPL,Mid,LPL Summer · saison régulière,35,0.8,5.32,1209.0,-6.0,54.0,1203.0
369,Top Esports,LPL,Top,LPL Summer · saison régulière,36,0.806,4.84,1126.0,-8.0,54.0,1118.0
Ruler,JD Gaming,LPL,ADC,LPL Summer · saison régulière,36,0.806,6.83,1123.0,-8.0,54.0,1115.0
ON,Bilibili Gaming,LPL,Support,LPL Summer · saison régulière,37,0.811,4.02,1097.0,10.0,54.0,1107.0
Kanavi,JD Gaming,LPL,Jungle,LPL Summer · saison régulière,36,0.806,5.88,1108.0,-8.0,54.0,1100.0
Bin,Bilibili Gaming,LPL,Top,LPL Summer · saison régulière,37,0.811,3.89,1047.0,10.0,54.0,1057.0
MISSING,JD Gaming,LPL,Support,LPL Summer · saison régulière,36,0.806,4.96,1058.0,-8.0,54.0,1050.0
Elk,Bilibili Gaming,LPL,ADC,LPL Summer · saison régulière,37,0.811,5.14,1039.0,10.0,54.0,1049.0
Xun,Bilibili Gaming,LPL,Jungle,LPL Summer · saison régulière,37,0.811,5.56,1028.0,10.0,54.0,1038.0
Scout,LNG Esports,LPL,Mid,LPL Summer · saison régulière,37,0.676,5.48,1031.0,-2.0,54.0,1029.0
Zika,LNG Esports,LPL,Top,LPL Summer · saison régulière,37,0.676,4.27,1028.0,-2.0,54.0,1026.0
Leave,EDward Gaming,LPL,ADC,LPL Summer · saison régulière,8,0.5,2.38,1025.0,-0.0,55.0,1025.0
Tarzan,LNG Esports,LPL,Jungle,LPL Summer · saison régulière,37,0.676,4.42,1018.0,-2.0,54.0,1016.0
Hang,LNG Esports,LPL,Support,LPL Summer · saison régulière,37,0.676,4.6,1014.0,-2.0,54.0,1012.0
Crisp,Weibo Gaming,LPL,Support,LPL Summer · saison régulière,39,0.641,4.92,1005.0,-0.0,54.0,1005.0
Light,Weibo Gaming,LPL,ADC,LPL Summer · saison régulière,39,0.641,7.16,997.0,-0.0,54.0,997.0
Yagao,Bilibili Gaming,LPL,Mid,LPL Summer · saison régulière,37,0.811,5.42,983.0,10.0,54.0,993.0
Mark,Top Esports,LPL,Support,LPL Summer · saison régulière,38,0.658,4.84,940.0,8.0,54.0,948.0
Tian,Top Esports,LPL,Jungle,LPL Summer · saison régulière,38,0.658,3.85,934.0,8.0,54.0,942.0
Xiaohu,Weibo Gaming,LPL,Mid,LPL Summer · saison régulière,39,0.641,4.53,942.0,-0.0,54.0,942.0
LP,Royal Never Give Up,LPL,ADC,LPL Summer · saison régulière,40,0.55,3.45,934.0,4.0,54.0,938.0
Aki,Ninjas in Pyjamas,LPL,Jungle,LPL Summer · saison régulière,40,0.575,3.63,937.0,1.0,54.0,938.0
GALA,LNG Esports,LPL,ADC,LPL Summer · saison régulière,37,0.676,6.92,940.0,-2.0,54.0,938.0
shanji,Ninjas in Pyjamas,LPL,Top,LPL Summer · saison régulière,40,0.575,3.2,934.0,1.0,54.0,935.0
Rookie,Ninjas in Pyjamas,LPL,Mid,LPL Summer · saison régulière,38,0.658,5.46,925.0,8.0,54.0,933.0
Creme,Top Esports,LPL,Mid,LPL Summer · saison régulière,40,0.575,3.12,928.0,1.0,54.0,929.0
JackeyLove,Top Esports,LPL,ADC,LPL Summer · saison régulière,38,0.658,5.41,921.0,8.0,54.0,929.0
YSKM,Invictus Gaming,LPL,Top,LPL Summer · saison régulière,29,0.414,2.55,921.0,2.0,54.0,923.0
TheShy,Weibo Gaming,LPL,Top,LPL Summer · saison régulière,39,0.641,2.58,913.0,-0.0,54.0,913.0
Wayward,Team WE,LPL,Top,LPL Summer · saison régulière,38,0.658,3.91,896.0,8.0,54.0,904.0
Meiko,Top Esports,LPL,Support,LPL Summer · saison régulière,41,0.488,2.64,913.0,-10.0,54.0,903.0
yaoyao,ThunderTalk Gaming,LPL,Support,LPL Summer · saison régulière,32,0.406,2.17,898.0,3.0,54.0,901.0
Weiwei,Weibo Gaming,LPL,Jungle,LPL Summer · saison régulière,39,0.641,3.98,898.0,-0.0,54.0,898.0
Iwandy,Team WE,LPL,Support,LPL Summer · saison régulière,37,0.486,3.46,890.0,5.0,54.0,895.0
Jiejie,EDward Gaming,LPL,Jungle,LPL Summer · saison régulière,41,0.488,3.79,903.0,-10.0,54.0,893.0
FoFo,Team WE,LPL,Mid,LPL Summer · saison régulière,39,0.513,3.93,900.0,-9.0,54.0,891.0
ppgod,Oh My God,LPL,Support,LPL Summer · saison régulière,40,0.575,4.34,880.0,1.0,54.0,881.0
Wei,Royal Never Give Up,LPL,Jungle,LPL Summer · saison régulière,40,0.55,3.64,875.0,4.0,54.0,879.0
LvMao,Royal Never Give Up,LPL,Support,LPL Summer · saison régulière,40,0.55,3.62,875.0,4.0,54.0,879.0
Ale,EDward Gaming,LPL,Top,LPL Summer · saison régulière,41,0.488,2.71,873.0,-10.0,54.0,863.0
Strive,Rare Atom,LPL,Mid,LPL Summer · saison régulière,28,0.429,4.15,856.0,6.0,54.0,862.0
Breathe,Royal Never Give Up,LPL,Top,LPL Summer · saison régulière,40,0.55,3.33,849.0,4.0,54.0,853.0
QiuQiu,ThunderTalk Gaming,LPL,Support,LPL Summer · saison régulière,37,0.432,3.18,839.0,4.0,54.0,843.0
Heng,Team WE,LPL,Jungle,LPL Summer · saison régulière,37,0.486,3.74,817.0,5.0,54.0,822.0
Zhuo,Ninjas in Pyjamas,LPL,Support,LPL Summer · saison régulière,36,0.417,3.13,826.0,-4.0,54.0,822.0
Beichuan,ThunderTalk Gaming,LPL,Jungle,LPL Summer · saison régulière,36,0.417,2.94,818.0,0.0,54.0,818.0
Able,Oh My God,LPL,ADC,LPL Summer · saison régulière,40,0.575,3.19,817.0,1.0,54.0,818.0
Shad0w,Ninjas in Pyjamas,LPL,Jungle,LPL Summer · saison régulière,35,0.429,2.94,815.0,-2.0,54.0,813.0
Lpc,LGD Gaming,LPL,ADC,LPL Summer · saison régulière,18,0.333,2.75,805.0,5.0,55.0,810.0
huanfeng,ThunderTalk Gaming,LPL,ADC,LPL Summer · saison régulière,6,0.5,4.8,811.0,-1.0,55.0,810.0
Shanks,Anyone's Legend,LPL,Mid,LPL Summer · saison régulière,37,0.486,4.31,799.0,5.0,54.0,804.0
Hope,Anyone's Legend,LPL,ADC,LPL Summer · saison régulière,37,0.486,4.3,798.0,5.0,54.0,803.0
Angel,Oh My God,LPL,Mid,LPL Summer · saison régulière,36,0.417,3.85,805.0,-4.0,54.0,801.0
Ahn,Invictus Gaming,LPL,ADC,LPL Summer · saison régulière,34,0.382,3.66,777.0,-2.0,54.0,775.0
Xiaoxu,Rare Atom,LPL,Top,LPL Summer · saison régulière,37,0.324,2.36,773.0,-0.0,54.0,773.0
iBoy,Anyone's Legend,LPL,ADC,LPL Summer · saison régulière,21,0.429,2.8,770.0,-0.0,55.0,770.0
Envyy,LGD Gaming,LPL,ADC,LPL Summer · saison régulière,21,0.238,2.06,774.0,-6.0,55.0,768.0
zhiqiuyi,Anyone's Legend,LPL,ADC,LPL Summer · saison régulière,18,0.167,2.5,768.0,-2.0,55.0,766.0
Assum,Rare Atom,LPL,ADC,LPL Summer · saison régulière,37,0.324,2.36,755.0,-0.0,54.0,755.0
Photic,Ninjas in Pyjamas,LPL,ADC,LPL Summer · saison régulière,36,0.417,2.85,758.0,-4.0,54.0,754.0
Ucal,ThunderTalk Gaming,LPL,Mid,LPL Summer · saison régulière,41,0.39,4.42,755.0,-1.0,54.0,754.0
HOYA,ThunderTalk Gaming,LPL,Top,LPL Summer · saison régulière,41,0.39,2.15,752.0,-1.0,54.0,751.0
H4cker,Ultra Prime,LPL,Jungle,LPL Summer · saison régulière,35,0.457,3.24,743.0,6.0,54.0,749.0
Cube,Oh My God,LPL,Top,LPL Summer · saison régulière,37,0.486,2.91,742.0,5.0,54.0,747.0
Wink,Invictus Gaming,LPL,Support,LPL Summer · saison régulière,36,0.361,3.03,742.0,-4.0,54.0,738.0
Tangyuan,Royal Never Give Up,LPL,Mid,LPL Summer · saison régulière,40,0.55,4.44,728.0,4.0,54.0,732.0
Meteor,LGD Gaming,LPL,Jungle,LPL Summer · saison régulière,39,0.282,3.16,731.0,-2.0,54.0,729.0
Lwx,Royal Never Give Up,LPL,ADC,LPL Summer · saison régulière,37,0.432,2.83,715.0,4.0,54.0,719.0
Invincible,Ninjas in Pyjamas,LPL,Top,LPL Summer · saison régulière,36,0.417,1.96,711.0,-4.0,54.0,707.0
Jinjiao,LGD Gaming,LPL,Support,LPL Summer · saison régulière,39,0.282,2.06,709.0,-2.0,54.0,707.0
haichao,LGD Gaming,LPL,Mid,LPL Summer · saison régulière,39,0.282,2.94,703.0,-2.0,54.0,701.0
SwordArt,Ultra Prime,LPL,Support,LPL Summer · saison régulière,38,0.316,2.73,696.0,2.0,54.0,698.0
Cryin,Invictus Gaming,LPL,Mid,LPL Summer · saison régulière,36,0.361,3.29,698.0,-4.0,54.0,694.0
Forge,Ultra Prime,LPL,Mid,LPL Summer · saison régulière,28,0.321,2.16,684.0,5.0,54.0,689.0
Care,FunPlus Phoenix,LPL,Mid,LPL Summer · saison régulière,37,0.432,2.94,683.0,4.0,54.0,687.0
Zorah,Rare Atom,LPL,Support,LPL Summer · saison régulière,39,0.308,2.26,690.0,-3.0,54.0,687.0
Doggo,Ultra Prime,LPL,ADC,LPL Summer · saison régulière,38,0.316,2.64,684.0,2.0,54.0,686.0
Xiaohao,Weibo Gaming,LPL,Jungle,LPL Summer · saison régulière,39,0.308,4.0,684.0,-3.0,54.0,681.0
fearness,LGD Gaming,LPL,Top,LPL Summer · saison régulière,22,0.273,1.77,679.0,-4.0,55.0,675.0
Harder,Anyone's Legend,LPL,Mid,LPL Summer · saison régulière,26,0.346,2.5,667.0,5.0,54.0,672.0
Xiaolaohu,FunPlus Phoenix,LPL,Top,LPL Summer · saison régulière,37,0.432,1.96,666.0,4.0,54.0,670.0
Tianzhen,Invictus Gaming,LPL,Jungle,LPL Summer · saison régulière,29,0.414,2.58,668.0,1.0,54.0,669.0
Leyan,Rare Atom,LPL,Jungle,LPL Summer · saison régulière,37,0.324,2.22,667.0,-0.0,54.0,667.0
Uzi,EDward Gaming,LPL,ADC,LPL Summer · saison régulière,31,0.516,3.81,674.0,-9.0,54.0,665.0
Ning,Ultra Prime,LPL,Jungle,LPL Summer · saison régulière,38,0.316,2.16,641.0,2.0,54.0,643.0
Zdz,Weibo Gaming,LPL,Top,LPL Summer · saison régulière,39,0.308,2.15,635.0,-3.0,54.0,632.0
XLB,Ninjas in Pyjamas,LPL,Jungle,LPL Summer · saison régulière,1,0.0,1.2,628.0,-2.0,55.0,626.0
pinz,Anyone's Legend,LPL,Mid,LPL Summer · saison régulière,13,0.231,1.83,620.0,-7.0,55.0,613.0
Feather,Rare Atom,LPL,Support,LPL Summer · saison régulière,28,0.321,2.28,574.0,2.0,54.0,576.0
Hery,Anyone's Legend,LPL,Top,LPL Summer · saison régulière,38,0.316,2.36,572.0,2.0,54.0,574.0
Dream,Ultra Prime,LPL,Mid,LPL Summer · saison régulière,10,0.3,2.14,553.0,-3.0,55.0,550.0
1xn,ThunderTalk Gaming,LPL,ADC,LPL Summer · saison régulière,35,0.371,3.75,545.0,-0.0,54.0,545.0
Baolan,Rare Atom,LPL,Support,LPL Summer · saison régulière,9,0.333,1.4,526.0,-2.0,55.0,524.0
xiaohuangren,ThunderTalk Gaming Young,LDL,Jungle,LPL Summer · saison régulière,5,0.2,2.45,450.0,-2.0,55.0,448.0
Decade,LGD Gaming,LPL,Top,LPL Summer · saison régulière,17,0.294,1.52,427.0,2.0,55.0,429.0
Fisher,EDward Gaming,LDL,Mid,LPL Summer · saison régulière,2,0.0,1.0,399.0,-1.0,55.0,398.0
Wen,Invictus Gaming,LDL,Top,LPL Summer · saison régulière,5,0.2,1.43,381.0,-3.0,55.0,378.0
xiaoyueji,Invictus Gaming,LDL,ADC,LPL Summer · saison régulière,2,0.0,3.33,355.0,-2.0,55.0,353.0
Thesnake,EDG Youth Team,LDL,ADC,LPL Summer · saison régulière,2,0.0,1.43,136.0,-1.0,55.0,135.0
Notiko,NNO Prime,PRM,ADC,LPLOL Spring · playoffs,6,1.0,10.38,-58.0,6.0,55.0,-52.0
Heroic,GTZ Esports,LPLOL,Mid,LPLOL Spring · playoffs,6,1.0,10.71,-63.0,6.0,55.0,-57.0
Time,GTZ Esports,LPLOL,Jungle,LPLOL Spring · playoffs,6,1.0,9.75,-113.0,6.0,55.0,-107.0
Nsurr,GTZ Esports,LPLOL,Support,LPLOL Spring · playoffs,6,1.0,3.68,-255.0,6.0,55.0,-249.0
Worst,White Dragons,LPLOL,ADC,LPLOL Spring · playoffs,11,0.273,2.73,-260.0,-4.0,55.0,-264.0
Galaxy,For The Win Esports,LPLOL,Mid,LPLOL Spring · playoffs,9,0.556,2.88,-311.0,1.0,55.0,-310.0
Sl4shD,White Dragons,LPLOL,Top,LPLOL Spring · playoffs,6,1.0,10.0,-330.0,6.0,55.0,-324.0
Feedarias,For The Win Esports,LPLOL,Support,LPLOL Spring · playoffs,9,0.556,4.2,-337.0,1.0,55.0,-336.0
D4SH,White Dragons,LPLOL,Jungle,LPLOL Spring · playoffs,11,0.273,2.25,-335.0,-4.0,55.0,-339.0
Own3r,For The Win Esports,LPLOL,Jungle,LPLOL Spring · playoffs,9,0.556,3.68,-356.0,1.0,55.0,-355.0
Calmsky,For The Win Esports,LPLOL,Support,LPLOL Spring · playoffs,11,0.273,1.96,-375.0,-4.0,55.0,-379.0
Caucha,GTZ Esports,LPLOL,Top,LPLOL Spring · playoffs,11,0.273,1.92,-398.0,-4.0,55.0,-402.0
Afm,For The Win Esports,LPLOL,ADC,LPLOL Spring · playoffs,9,0.556,11.12,-406.0,1.0,55.0,-405.0
Kamyta,BWE Esports,LPLOL,Support,LPLOL Spring · playoffs,4,0.25,2.2,-421.0,-3.0,55.0,-424.0
NOMA,For The Win Esports,LPLOL,Mid,LPLOL Spring · playoffs,11,0.273,2.0,-445.0,-4.0,55.0,-449.0
MetroArcher,BWE Esports,LPLOL,ADC,LPLOL Spring · playoffs,4,0.25,2.0,-451.0,-3.0,55.0,-454.0
Henra,BWE Esports,LPLOL,Mid,LPLOL Spring · playoffs,4,0.25,2.6,-490.0,-3.0,55.0,-493.0
F4rg,For The Win Esports,LPLOL,Top,LPLOL Spring · playoffs,9,0.556,2.39,-521.0,1.0,55.0,-520.0
Misaki,BWE Esports,LPLOL,Top,LPLOL Spring · playoffs,4,0.25,3.43,-574.0,-3.0,55.0,-577.0
yanjee,BWE Esports,LPLOL,Jungle,LPLOL Spring · playoffs,4,0.25,1.64,-615.0,-3.0,55.0,-618.0
Notiko,NNO Prime,PRM,ADC,LPLOL Spring · saison régulière,13,0.923,6.52,-58.0,4.0,55.0,-54.0
Heroic,GTZ Esports,LPLOL,Mid,LPLOL Spring · saison régulière,13,0.923,6.67,-63.0,4.0,55.0,-59.0
Time,GTZ Esports,LPLOL,Jungle,LPLOL Spring · saison régulière,13,0.923,8.35,-113.0,4.0,55.0,-109.0
Worst,White Dragons,LPLOL,ADC,LPLOL Spring · saison régulière,14,0.786,6.04,-260.0,9.0,55.0,-251.0
Nsurr,GTZ Esports,LPLOL,Support,LPLOL Spring · saison régulière,13,0.923,4.8,-255.0,4.0,55.0,-251.0
Galaxy,For The Win Esports,LPLOL,Mid,LPLOL Spring · saison régulière,14,0.643,2.91,-311.0,4.0,55.0,-307.0
Sl4shD,White Dragons,LPLOL,Top,LPLOL Spring · saison régulière,13,0.923,3.97,-330.0,4.0,55.0,-326.0
D4SH,White Dragons,LPLOL,Jungle,LPLOL Spring · saison régulière,12,0.833,6.22,-335.0,8.0,55.0,-327.0
Aeon,Forsaken,UL,ADC,LPLOL Spring · saison régulière,14,0.5,4.7,-327.0,-1.0,55.0,-328.0
Feedarias,For The Win Esports,LPLOL,Support,LPLOL Spring · saison régulière,14,0.643,3.77,-337.0,4.0,55.0,-333.0
Vortum,BWE Esports,LPLOL,Top,LPLOL Spring · saison régulière,14,0.5,3.06,-341.0,-1.0,55.0,-342.0
Own3r,For The Win Esports,LPLOL,Jungle,LPLOL Spring · saison régulière,13,0.692,6.71,-356.0,7.0,55.0,-349.0
bicas,BWE Esports,LPLOL,Jungle,LPLOL Spring · saison régulière,10,0.3,3.62,-363.0,-2.0,55.0,-365.0
Calmsky,For The Win Esports,LPLOL,Support,LPLOL Spring · saison régulière,14,0.786,4.42,-375.0,9.0,55.0,-366.0
Caucha,GTZ Esports,LPLOL,Top,LPLOL Spring · saison régulière,14,0.786,4.0,-398.0,9.0,55.0,-389.0
Lagolinas,Valiance,EBL,Mid,LPLOL Spring · saison régulière,6,0.333,2.23,-402.0,1.0,55.0,-401.0
Afm,For The Win Esports,LPLOL,ADC,LPLOL Spring · saison régulière,14,0.643,7.1,-406.0,4.0,55.0,-402.0
Kamyta,BWE Esports,LPLOL,Support,LPLOL Spring · saison régulière,14,0.571,5.12,-421.0,-1.0,55.0,-422.0
NOMA,For The Win Esports,LPLOL,Mid,LPLOL Spring · saison régulière,14,0.786,5.55,-445.0,9.0,55.0,-436.0
MetroArcher,BWE Esports,LPLOL,ADC,LPLOL Spring · saison régulière,14,0.571,4.24,-451.0,-1.0,55.0,-452.0
Henra,BWE Esports,LPLOL,Mid,LPLOL Spring · saison régulière,14,0.571,3.19,-490.0,-1.0,55.0,-491.0
Buzgej,Odivelas Sports Club,LPLOL,ADC,LPLOL Spring · saison régulière,13,0.308,3.47,-505.0,-4.0,55.0,-509.0
Fred,White Dragons,LPLOL,Mid,LPLOL Spring · saison régulière,14,0.5,3.16,-515.0,-1.0,55.0,-516.0
F4rg,For The Win Esports,LPLOL,Top,LPLOL Spring · saison régulière,14,0.643,3.68,-521.0,4.0,55.0,-517.0
Lulas,EGN Esports,LPLOL,Jungle,LPLOL Spring · saison régulière,14,0.5,3.39,-526.0,-1.0,55.0,-527.0
Tochas,EGN Esports,LPLOL,Support,LPLOL Spring · saison régulière,13,0.462,4.0,-536.0,-2.0,55.0,-538.0
Misaki,BWE Esports,LPLOL,Top,LPLOL Spring · saison régulière,14,0.571,1.95,-574.0,-1.0,55.0,-575.0
HondaTolec,Odivelas Sports Club,LPLOL,Support,LPLOL Spring · saison régulière,13,0.308,3.0,-585.0,-4.0,55.0,-589.0
Dumbao,Odivelas Sports Club,LPLOL,Top,LPLOL Spring · saison régulière,13,0.308,2.18,-602.0,-4.0,55.0,-606.0
yanjee,BWE Esports,LPLOL,Jungle,LPLOL Spring · saison régulière,14,0.571,2.56,-615.0,-1.0,55.0,-616.0
RapMonsters,Keypulse Esports,LPLOL,Mid,LPLOL Spring · saison régulière,14,0.071,1.84,-630.0,-5.0,55.0,-635.0
BAKAKO,Varona Esports,LPLOL,Jungle,LPLOL Spring · saison régulière,14,0.214,2.02,-691.0,-6.0,55.0,-697.0
Synapse,Varona Esports,LPLOL,Top,LPLOL Spring · saison régulière,13,0.231,1.61,-718.0,-5.0,55.0,-723.0
Shoyo,Varona Esports,LPLOL,Support,LPLOL Spring · saison régulière,13,0.231,1.56,-727.0,-4.0,55.0,-731.0
Did,Varona Esports,LPLOL,ADC,LPLOL Spring · saison régulière,14,0.214,1.88,-752.0,-6.0,55.0,-758.0
Reiska,Varona Esports,LPLOL,Mid,LPLOL Spring · saison régulière,14,0.214,1.89,-782.0,-6.0,55.0,-788.0
Campello,Boavista FC,LPLOL,Top,LPLOL Spring · saison régulière,14,0.071,1.05,-791.0,-5.0,55.0,-796.0
rnz,Boavista FC,LPLOL,Jungle,LPLOL Spring · saison régulière,14,0.071,1.56,-849.0,-5.0,55.0,-854.0
Rezso,Boavista FC,LPLOL,ADC,LPLOL Spring · saison régulière,14,0.071,1.15,-853.0,-5.0,55.0,-858.0
Gajo,Boavista FC,LPLOL,Support,LPLOL Spring · saison régulière,14,0.071,1.14,-854.0,-5.0,55.0,-859.0
Avra,GTZ Esports,LPLOL,ADC,LPLOL Summer · playoffs,8,0.75,6.07,53.0,-5.0,55.0,48.0
Heroic,GTZ Esports,LPLOL,Mid,LPLOL Summer · playoffs,8,0.75,7.55,-63.0,-5.0,55.0,-68.0
Time,GTZ Esports,LPLOL,Jungle,LPLOL Summer · playoffs,8,0.75,4.3,-113.0,-5.0,55.0,-118.0
CPM,GTZ Esports,LPLOL,Top,LPLOL Summer · playoffs,8,0.75,6.86,-160.0,-5.0,55.0,-165.0
Nightmares,HEET,LPLOL,Support,LPLOL Summer · playoffs,8,0.75,3.58,-183.0,-5.0,55.0,-188.0
Worst,White Dragons,LPLOL,ADC,LPLOL Summer · playoffs,12,0.417,4.31,-260.0,7.0,55.0,-253.0
D4SH,White Dragons,LPLOL,Jungle,LPLOL Summer · playoffs,12,0.417,3.11,-335.0,7.0,55.0,-328.0
Feedarias,For The Win Esports,LPLOL,Support,LPLOL Summer · playoffs,4,0.25,1.87,-337.0,-4.0,55.0,-341.0
Own3r,For The Win Esports,LPLOL,Jungle,LPLOL Summer · playoffs,4,0.25,2.0,-356.0,-4.0,55.0,-360.0
bicas,BWE Esports,LPLOL,Jungle,LPLOL Summer · playoffs,8,0.5,3.12,-363.0,2.0,55.0,-361.0
Calmsky,For The Win Esports,LPLOL,Support,LPLOL Summer · playoffs,8,0.375,1.91,-375.0,8.0,55.0,-367.0
Caucha,GTZ Esports,LPLOL,Top,LPLOL Summer · playoffs,12,0.417,2.06,-398.0,7.0,55.0,-391.0
Afm,For The Win Esports,LPLOL,ADC,LPLOL Summer · playoffs,4,0.25,4.5,-406.0,-4.0,55.0,-410.0
Ze Luis,BWE Esports,LPLOL,Support,LPLOL Summer · playoffs,8,0.5,2.52,-422.0,2.0,55.0,-420.0
Turtle,Odivelas Sports Club,LPLOL,Top,LPLOL Summer · playoffs,8,0.5,4.36,-431.0,2.0,55.0,-429.0
NOMA,For The Win Esports,LPLOL,Mid,LPLOL Summer · playoffs,12,0.417,4.23,-445.0,7.0,55.0,-438.0
FisheR,Odivelas Sports Club,LPLOL,Mid,LPLOL Summer · playoffs,8,0.5,3.56,-441.0,2.0,55.0,-439.0
Buzgej,Odivelas Sports Club,LPLOL,ADC,LPLOL Summer · playoffs,8,0.5,3.62,-505.0,2.0,55.0,-503.0
F4rg,For The Win Esports,LPLOL,Top,LPLOL Summer · playoffs,4,0.25,1.42,-521.0,-4.0,55.0,-525.0
Redfernal,White Dragons,LPLOL,Support,LPLOL Summer · playoffs,4,0.5,2.87,-556.0,-1.0,55.0,-557.0
Avra,GTZ Esports,LPLOL,ADC,LPLOL Summer · saison régulière,14,0.929,8.4,53.0,1.0,55.0,54.0
Heroic,GTZ Esports,LPLOL,Mid,LPLOL Summer · saison régulière,14,0.929,6.96,-63.0,1.0,55.0,-62.0
Time,GTZ Esports,LPLOL,Jungle,LPLOL Summer · saison régulière,14,0.929,8.86,-113.0,1.0,55.0,-112.0
CPM,GTZ Esports,LPLOL,Top,LPLOL Summer · saison régulière,14,0.929,4.46,-160.0,1.0,55.0,-159.0
Nightmares,HEET,LPLOL,Support,LPLOL Summer · saison régulière,14,0.929,9.3,-183.0,1.0,55.0,-182.0
Worst,White Dragons,LPLOL,ADC,LPLOL Summer · saison régulière,14,0.786,12.08,-260.0,10.0,55.0,-250.0
D4SH,White Dragons,LPLOL,Jungle,LPLOL Summer · saison régulière,14,0.786,6.19,-335.0,10.0,55.0,-325.0
Sl4shD,White Dragons,LPLOL,Top,LPLOL Summer · saison régulière,1,0.0,3.0,-330.0,-3.0,55.0,-333.0
Feedarias,For The Win Esports,LPLOL,Support,LPLOL Summer · saison régulière,14,0.5,2.63,-337.0,3.0,55.0,-334.0
Vortum,BWE Esports,LPLOL,Top,LPLOL Summer · saison régulière,12,0.417,2.78,-341.0,1.0,55.0,-340.0
Own3r,For The Win Esports,LPLOL,Jungle,LPLOL Summer · saison régulière,14,0.5,2.93,-356.0,3.0,55.0,-353.0
bicas,BWE Esports,LPLOL,Jungle,LPLOL Summer · saison régulière,14,0.571,2.47,-363.0,-2.0,55.0,-365.0
Calmsky,For The Win Esports,LPLOL,Support,LPLOL Summer · saison régulière,13,0.769,5.56,-375.0,8.0,55.0,-367.0
Caucha,GTZ Esports,LPLOL,Top,LPLOL Summer · saison régulière,14,0.786,5.78,-398.0,10.0,55.0,-388.0
Afm,For The Win Esports,LPLOL,ADC,LPLOL Summer · saison régulière,14,0.5,4.92,-406.0,3.0,55.0,-403.0
Kamyta,BWE Esports,LPLOL,Support,LPLOL Summer · saison régulière,14,0.429,4.39,-421.0,0.0,55.0,-421.0
Ze Luis,BWE Esports,LPLOL,Support,LPLOL Summer · saison régulière,14,0.571,3.84,-422.0,-2.0,55.0,-424.0
Turtle,Odivelas Sports Club,LPLOL,Top,LPLOL Summer · saison régulière,14,0.571,2.76,-431.0,-2.0,55.0,-433.0
NOMA,For The Win Esports,LPLOL,Mid,LPLOL Summer · saison régulière,13,0.769,5.64,-445.0,9.0,55.0,-436.0
FisheR,Odivelas Sports Club,LPLOL,Mid,LPLOL Summer · saison régulière,14,0.571,2.83,-441.0,-2.0,55.0,-443.0
MetroArcher,BWE Esports,LPLOL,ADC,LPLOL Summer · saison régulière,14,0.429,3.37,-451.0,0.0,55.0,-451.0
Jackie,Keypulse Esports,LPLOL,Jungle,LPLOL Summer · saison régulière,14,0.286,3.11,-461.0,-5.0,55.0,-466.0
Shieda,Keypulse Esports,LPLOL,Top,LPLOL Summer · saison régulière,14,0.286,1.68,-475.0,-5.0,55.0,-480.0
Henra,BWE Esports,LPLOL,Mid,LPLOL Summer · saison régulière,14,0.429,3.3,-490.0,0.0,55.0,-490.0
Buzgej,Odivelas Sports Club,LPLOL,ADC,LPLOL Summer · saison régulière,9,0.667,5.06,-505.0,0.0,55.0,-505.0
Lyrokun,Keypulse Esports,LPLOL,Support,LPLOL Summer · saison régulière,14,0.286,2.05,-506.0,-5.0,55.0,-511.0
Zekja,EGN Esports,LPLOL,ADC,LPLOL Summer · saison régulière,14,0.357,3.0,-518.0,-2.0,55.0,-520.0
F4rg,For The Win Esports,LPLOL,Top,LPLOL Summer · saison régulière,5,0.4,1.88,-521.0,1.0,55.0,-520.0
Lulas,EGN Esports,LPLOL,Jungle,LPLOL Summer · saison régulière,14,0.357,2.95,-526.0,-2.0,55.0,-528.0
Tochas,EGN Esports,LPLOL,Support,LPLOL Summer · saison régulière,14,0.357,3.15,-536.0,-2.0,55.0,-538.0
Redfernal,White Dragons,LPLOL,Support,LPLOL Summer · saison régulière,1,1.0,5.0,-556.0,2.0,55.0,-554.0
Phoxie,Boavista FC,LPLOL,Mid,LPLOL Summer · saison régulière,7,0.286,1.66,-561.0,0.0,55.0,-561.0
Cayetano,EGN Esports,LPLOL,Mid,LPLOL Summer · saison régulière,14,0.357,1.8,-560.0,-2.0,55.0,-562.0
Misaki,BWE Esports,LPLOL,Top,LPLOL Summer · saison régulière,13,0.462,2.72,-574.0,3.0,55.0,-571.0
Chaos,Boavista FC,LPLOL,Jungle,LPLOL Summer · saison régulière,1,0.0,1.0,-591.0,-2.0,55.0,-593.0
yanjee,BWE Esports,LPLOL,Jungle,LPLOL Summer · saison régulière,14,0.429,2.62,-615.0,0.0,55.0,-615.0
RapMonsters,Keypulse Esports,LPLOL,Mid,LPLOL Summer · saison régulière,14,0.286,2.98,-630.0,-5.0,55.0,-635.0
Bwezc,Boavista FC,LPLOL,Support,LPLOL Summer · saison régulière,11,0.182,1.46,-638.0,-4.0,55.0,-642.0
Qu4rtzo,Keypulse Esports,LPLOL,ADC,LPLOL Summer · saison régulière,14,0.286,2.22,-682.0,-5.0,55.0,-687.0
Zen,Boavista FC,LPLOL,ADC,LPLOL Summer · saison régulière,14,0.143,1.59,-722.0,-6.0,55.0,-728.0
Campello,Boavista FC,LPLOL,Top,LPLOL Summer · saison régulière,8,0.25,2.0,-791.0,1.0,55.0,-790.0
rnz,Boavista FC,LPLOL,Jungle,LPLOL Summer · saison régulière,6,0.167,0.96,-849.0,-2.0,55.0,-851.0
Rezso,Boavista FC,LPLOL,ADC,LPLOL Summer · saison régulière,3,0.0,0.75,-853.0,-2.0,55.0,-855.0
Alba,Hurricane of Feathers,LPLOL,Jungle,LPLOL · saison régulière,7,0.857,6.35,-254.0,0.0,55.0,-254.0
Exiled,Hurricane of Feathers,LPLOL,Support,LPLOL · saison régulière,7,0.857,5.39,-289.0,0.0,55.0,-289.0
Shourdy,Hurricane of Feathers,LPLOL,Top,LPLOL · saison régulière,7,0.857,2.38,-301.0,0.0,55.0,-301.0
SuperSaiyan,Keypulse Esports,LPLOL,ADC,LPLOL · saison régulière,10,0.6,2.58,-328.0,3.0,55.0,-325.0
MaliG,Hurricane of Feathers,LPLOL,Mid,LPLOL · saison régulière,7,0.857,4.91,-392.0,0.0,55.0,-392.0
Jackie,Keypulse Esports,LPLOL,Jungle,LPLOL · saison régulière,10,0.6,3.8,-461.0,3.0,55.0,-458.0
Shieda,Keypulse Esports,LPLOL,Top,LPLOL · saison régulière,10,0.6,3.8,-475.0,3.0,55.0,-472.0
Lyrokun,Keypulse Esports,LPLOL,Support,LPLOL · saison régulière,10,0.6,3.44,-506.0,3.0,55.0,-503.0
Phoxie,Boavista FC,LPLOL,Mid,LPLOL · saison régulière,8,0.25,2.4,-561.0,1.0,55.0,-560.0
Chaos,Boavista FC,LPLOL,Jungle,LPLOL · saison régulière,8,0.25,2.79,-591.0,1.0,55.0,-590.0
Darky,Leões Porto Salvo Esports,LPLOL,Top,LPLOL · saison régulière,11,0.364,2.28,-608.0,-5.0,55.0,-613.0
Adri,Leões Porto Salvo Esports,LPLOL,Support,LPLOL · saison régulière,11,0.364,2.21,-609.0,-5.0,55.0,-614.0
DuarteV,Leões Porto Salvo Esports,LPLOL,ADC,LPLOL · saison régulière,11,0.364,2.78,-621.0,-5.0,55.0,-626.0
RapMonsters,Keypulse Esports,LPLOL,Mid,LPLOL · saison régulière,10,0.6,3.48,-630.0,3.0,55.0,-627.0
Blackout,Leões Porto Salvo Esports,LPLOL,Mid,LPLOL · saison régulière,11,0.364,3.36,-623.0,-5.0,55.0,-628.0
Bwezc,Boavista FC,LPLOL,Support,LPLOL · saison régulière,8,0.25,2.06,-638.0,1.0,55.0,-637.0
Brucs,Leões Porto Salvo Esports,LPLOL,Jungle,LPLOL · saison régulière,11,0.364,3.03,-638.0,-5.0,55.0,-643.0
Zen,Boavista FC,LPLOL,ADC,LPLOL · saison régulière,8,0.25,3.42,-722.0,1.0,55.0,-721.0
Campello,Boavista FC,LPLOL,Top,LPLOL · saison régulière,8,0.25,1.13,-791.0,1.0,55.0,-790.0
Jauny,Bandits Gaming,LRN,Top,LRN Closing · saison régulière,18,0.833,5.67,70.0,2.0,55.0,72.0
Baula,Bandits Gaming,LRN,Support,LRN Closing · saison régulière,18,0.833,11.65,67.0,2.0,55.0,69.0
Zelt,Fuego,LRN,Mid,LRN Closing · saison régulière,18,0.778,10.81,29.0,4.0,55.0,33.0
MrLemon,Fuego,LRN,Jungle,LRN Closing · saison régulière,18,0.833,5.32,12.0,8.0,55.0,20.0
Mataz,Bandits Gaming,LRN,Jungle,LRN Closing · saison régulière,10,0.9,4.91,-35.0,3.0,55.0,-32.0
Cotopaco,Saprissa Esports,LRN,Mid,LRN Closing · saison régulière,18,0.667,4.64,-34.0,-6.0,55.0,-40.0
Putin,Saprissa Esports,LRN,Top,LRN Closing · saison régulière,18,0.667,5.06,-38.0,-6.0,55.0,-44.0
Xpontaneous,Saprissa Esports,LRN,ADC,LRN Closing · saison régulière,18,0.667,5.61,-53.0,-6.0,55.0,-59.0
Ganks,Saprissa Esports,LRN,Jungle,LRN Closing · saison régulière,18,0.667,3.78,-66.0,-6.0,55.0,-72.0
VirusFx,Bandits Gaming,LRN,ADC,LRN Closing · saison régulière,18,0.833,5.6,-92.0,2.0,55.0,-90.0
Keii,Fuego,LRN,Top,LRN Closing · saison régulière,18,0.778,3.57,-101.0,4.0,55.0,-97.0
Dya,Fuego,LRN,ADC,LRN Closing · saison régulière,18,0.778,6.39,-124.0,4.0,55.0,-120.0
Ichiwin,Fuego,LRN,Support,LRN Closing · saison régulière,18,0.778,7.38,-154.0,4.0,55.0,-150.0
Mayhem,Waia Snikt,LRN,Top,LRN Closing · saison régulière,14,0.429,3.0,-158.0,2.0,55.0,-156.0
Saens,Waia Snikt,LRN,Jungle,LRN Closing · saison régulière,19,0.421,2.41,-156.0,-1.0,55.0,-157.0
Crecre,Tomorrow Esports,LRN,Support,LRN Closing · saison régulière,19,0.526,5.12,-176.0,1.0,55.0,-175.0
Rosseu,Descuydado Aucas Esports,LRN,Support,LRN Closing · saison régulière,13,0.538,3.52,-193.0,1.0,55.0,-192.0
Limitationss,PÊEK Gaming,LRN,ADC,LRN Closing · saison régulière,19,0.474,4.69,-201.0,2.0,55.0,-199.0
Chiu,Descuydado Aucas Esports,LRN,Top,LRN Closing · saison régulière,2,0.5,2.6,-201.0,1.0,55.0,-200.0
Xuradel,Descuydado Aucas Esports,LRN,Mid,LRN Closing · saison régulière,19,0.474,2.93,-223.0,3.0,55.0,-220.0
Tyr,PÊEK Gaming,LRN,Support,LRN Closing · saison régulière,19,0.474,3.31,-227.0,2.0,55.0,-225.0
Vares,Pirate Dream,LRN,Mid,LRN Closing · saison régulière,18,0.389,3.68,-250.0,2.0,55.0,-248.0
Crikx,Tomorrow Esports,LRN,Jungle,LRN Closing · saison régulière,19,0.526,2.54,-264.0,1.0,55.0,-263.0
Icy,Bandits Gaming,LRN,Mid,LRN Closing · saison régulière,18,0.833,4.11,-268.0,2.0,55.0,-266.0
FleekZ,Janus Esports,LRN,Support,LRN Closing · saison régulière,15,0.467,2.94,-270.0,2.0,55.0,-268.0
Zeypher,Waia Snikt,LRN,ADC,LRN Closing · saison régulière,19,0.421,3.06,-267.0,-1.0,55.0,-268.0
Froststrike,PÊEK Gaming,LRN,Jungle,LRN Closing · saison régulière,19,0.474,5.28,-294.0,2.0,55.0,-292.0
Zzzofia,Pirate Dream,LRN,Support,LRN Closing · saison régulière,18,0.389,3.22,-295.0,2.0,55.0,-293.0
Joxardo,Pirate Dream,VL,Top,LRN Closing · saison régulière,4,0.75,4.88,-301.0,6.0,55.0,-295.0
Alann,Osaka,LRN,ADC,LRN Closing · saison régulière,12,0.333,2.49,-297.0,-3.0,55.0,-300.0
Renyu,Pirate Dream,LRN,ADC,LRN Closing · saison régulière,18,0.389,5.59,-310.0,2.0,55.0,-308.0
LiquidDiego,Descuydado Aucas Esports,LRN,Jungle,LRN Closing · saison régulière,14,0.5,3.49,-311.0,-2.0,55.0,-313.0
Yerikan,Saprissa Esports,LRN,Support,LRN Closing · saison régulière,18,0.667,5.69,-324.0,-6.0,55.0,-330.0
Piqueos,Tomorrow Esports,LRN,Mid,LRN Closing · saison régulière,19,0.526,3.24,-344.0,1.0,55.0,-343.0
Fatorix,Descuydado Aucas Esports,LRN,ADC,LRN Closing · saison régulière,19,0.474,5.82,-358.0,3.0,55.0,-355.0
Kantoshi,PÊEK Gaming,GL,Top,LRN Closing · saison régulière,10,0.5,3.29,-374.0,2.0,55.0,-372.0
Foxy,Janus Esports,LRN,ADC,LRN Closing · saison régulière,18,0.389,2.82,-372.0,-2.0,55.0,-374.0
iFrix,Pirate Dream,LRN,Jungle,LRN Closing · saison régulière,18,0.389,3.05,-377.0,2.0,55.0,-375.0
Shieldworm,Janus Esports,LRN,Mid,LRN Closing · saison régulière,18,0.389,1.85,-377.0,-2.0,55.0,-379.0
Bejjaniii,PÊEK Gaming,LRN,Top,LRN Closing · saison régulière,9,0.444,2.57,-422.0,-0.0,55.0,-422.0
Felkros,Waia Snikt,LRN,Support,LRN Closing · saison régulière,14,0.429,3.16,-435.0,-2.0,55.0,-437.0
Mun,Descuydado Aucas Esports,LRN,Support,LRN Closing · saison régulière,6,0.333,2.27,-456.0,3.0,55.0,-453.0
Zerkxz,Waia Snikt,DDH,Mid,LRN Closing · saison régulière,5,0.4,2.53,-480.0,2.0,55.0,-478.0
Loers,Waia Snikt,LRN,Mid,LRN Closing · saison régulière,14,0.429,3.1,-502.0,-2.0,55.0,-504.0
Demy,Tomorrow Esports,LRN,ADC,LRN Closing · saison régulière,16,0.5,4.28,-509.0,3.0,55.0,-506.0
Akunma,Tomorrow Esports,LRN,Top,LRN Closing · saison régulière,19,0.526,3.25,-520.0,1.0,55.0,-519.0
Uprising,Descuydado Aucas Esports,LRN,Top,LRN Closing · saison régulière,17,0.471,2.1,-523.0,3.0,55.0,-520.0
Feng,Janus Esports,LRN,Jungle,LRN Closing · saison régulière,13,0.538,2.8,-524.0,2.0,55.0,-522.0
lll,Osaka,GL,Support,LRN Closing · saison régulière,5,0.2,3.5,-522.0,-1.0,55.0,-523.0
Kerfa,Pirate Dream,LRN,Top,LRN Closing · saison régulière,14,0.286,1.75,-528.0,-4.0,55.0,-532.0
Skyy,PÊEK Gaming,LRN,Mid,LRN Closing · saison régulière,19,0.474,3.59,-535.0,2.0,55.0,-533.0
Acerola,Descuydado Aucas Esports,LRN,Jungle,LRN Closing · saison régulière,13,0.538,2.58,-569.0,1.0,55.0,-568.0
Orion,Osaka,LRN,Mid,LRN Closing · saison régulière,18,0.056,2.08,-570.0,-7.0,55.0,-577.0
Athyz,Osaka,LRN,Jungle,LRN Closing · saison régulière,18,0.056,1.9,-579.0,-7.0,55.0,-586.0
Marth,Osaka,LRN,Top,LRN Closing · saison régulière,18,0.056,1.64,-579.0,-7.0,55.0,-586.0
HAKA,Janus Esports,LRN,Top,LRN Closing · saison régulière,18,0.389,1.54,-584.0,-2.0,55.0,-586.0
Cristonex,Waia Snikt,GL,Top,LRN Closing · saison régulière,5,0.4,1.56,-592.0,-3.0,55.0,-595.0
Fiant,Osaka,VL,ADC,LRN Closing · saison régulière,5,0.0,1.27,-679.0,-3.0,55.0,-682.0
Messi,Osaka,LRN,Support,LRN Closing · saison régulière,13,0.0,1.48,-751.0,-8.0,55.0,-759.0
Melody,Osaka,SL (LATAM),Support,LRN Closing · saison régulière,3,0.0,2.0,-827.0,-2.0,55.0,-829.0
Shayla,Osaka,DDH,ADC,LRN Closing · saison régulière,1,0.0,1.0,-982.0,-0.0,55.0,-982.0
Jauny,Bandits Gaming,LRN,Top,LRN · playoffs,4,0.75,4.38,70.0,1.0,55.0,71.0
Baula,Bandits Gaming,LRN,Support,LRN · playoffs,4,0.75,7.12,67.0,1.0,55.0,68.0
Zelt,Fuego,LRN,Mid,LRN · playoffs,15,0.533,6.07,29.0,-1.0,55.0,28.0
MrLemon,Fuego,LRN,Jungle,LRN · playoffs,15,0.533,9.53,12.0,-1.0,55.0,11.0
Cotopaco,Saprissa Esports,LRN,Mid,LRN · playoffs,8,0.75,4.68,-34.0,5.0,55.0,-29.0
Putin,Saprissa Esports,LRN,Top,LRN · playoffs,8,0.75,2.72,-38.0,5.0,55.0,-33.0
Mataz,Bandits Gaming,LRN,Jungle,LRN · playoffs,4,0.75,5.18,-35.0,1.0,55.0,-34.0
Xpontaneous,Saprissa Esports,LRN,ADC,LRN · playoffs,8,0.75,4.14,-53.0,5.0,55.0,-48.0
Ganks,Saprissa Esports,LRN,Jungle,LRN · playoffs,8,0.75,7.5,-66.0,5.0,55.0,-61.0
VirusFx,Bandits Gaming,LRN,ADC,LRN · playoffs,4,0.75,4.42,-92.0,1.0,55.0,-91.0
Keii,Fuego,LRN,Top,LRN · playoffs,15,0.533,2.9,-101.0,-1.0,55.0,-102.0
Dya,Fuego,LRN,ADC,LRN · playoffs,15,0.533,5.55,-124.0,-1.0,55.0,-125.0
Ichiwin,Fuego,LRN,Support,LRN · playoffs,15,0.533,3.83,-154.0,-1.0,55.0,-155.0
Crecre,Tomorrow Esports,LRN,Support,LRN · playoffs,9,0.333,3.03,-176.0,-1.0,55.0,-177.0
Limitationss,PÊEK Gaming,LRN,ADC,LRN · playoffs,3,0.0,1.22,-201.0,-2.0,55.0,-203.0
Xuradel,Descuydado Aucas Esports,LRN,Mid,LRN · playoffs,9,0.444,2.3,-223.0,-1.0,55.0,-224.0
Tyr,PÊEK Gaming,LRN,Support,LRN · playoffs,3,0.0,1.0,-227.0,-2.0,55.0,-229.0
Crikx,Tomorrow Esports,LRN,Jungle,LRN · playoffs,9,0.333,3.22,-264.0,-1.0,55.0,-265.0
Icy,Bandits Gaming,LRN,Mid,LRN · playoffs,4,0.75,6.11,-268.0,1.0,55.0,-267.0
Froststrike,PÊEK Gaming,LRN,Jungle,LRN · playoffs,3,0.0,1.5,-294.0,-2.0,55.0,-296.0
LiquidDiego,Descuydado Aucas Esports,LRN,Jungle,LRN · playoffs,9,0.444,1.67,-311.0,-1.0,55.0,-312.0
Yerikan,Saprissa Esports,LRN,Support,LRN · playoffs,8,0.75,3.29,-324.0,5.0,55.0,-319.0
Piqueos,Tomorrow Esports,LRN,Mid,LRN · playoffs,9,0.333,4.35,-344.0,-1.0,55.0,-345.0
Fatorix,Descuydado Aucas Esports,LRN,ADC,LRN · playoffs,9,0.444,3.36,-358.0,-1.0,55.0,-359.0
Bejjaniii,PÊEK Gaming,LRN,Top,LRN · playoffs,3,0.0,1.0,-422.0,-2.0,55.0,-424.0
Mun,Descuydado Aucas Esports,LRN,Support,LRN · playoffs,9,0.444,1.64,-456.0,-1.0,55.0,-457.0
Demy,Tomorrow Esports,LRN,ADC,LRN · playoffs,9,0.333,4.08,-509.0,-1.0,55.0,-510.0
Akunma,Tomorrow Esports,LRN,Top,LRN · playoffs,9,0.333,3.16,-520.0,-1.0,55.0,-521.0
Uprising,Descuydado Aucas Esports,LRN,Top,LRN · playoffs,9,0.444,2.07,-523.0,-1.0,55.0,-524.0
Skyy,PÊEK Gaming,LRN,Mid,LRN · playoffs,3,0.0,1.3,-535.0,-2.0,55.0,-537.0
Shadow,Globant Emerald,LRS,Support,LRS Closing · saison régulière,18,0.5,5.79,-5.0,0.0,55.0,-5.0
Zerito,Globant Emerald,LLA,Top,LRS Closing · saison régulière,4,0.5,2.92,-39.0,2.0,55.0,-37.0
Shookz,PRIMATE,LRS,Jungle,LRS Closing · saison régulière,18,0.833,6.05,-43.0,-1.0,55.0,-44.0
Bardito,PRIMATE,LRS,Support,LRS Closing · saison régulière,18,0.833,8.52,-58.0,-1.0,55.0,-59.0
Kz,PRIMATE,LRS,ADC,LRS Closing · saison régulière,18,0.833,6.0,-60.0,-1.0,55.0,-61.0
Enga,PRIMATE,LRS,Mid,LRS Closing · saison régulière,17,0.882,8.0,-66.0,0.0,55.0,-66.0
Buggax,PRIMATE,LRS,Top,LRS Closing · saison régulière,18,0.833,3.34,-86.0,-1.0,55.0,-87.0
Funky,WAP Esports,LRS,Jungle,LRS Closing · saison régulière,18,0.667,4.06,-140.0,-2.0,55.0,-142.0
Warangelus,Six Karma,LLA,Mid,LRS Closing · saison régulière,5,0.0,2.12,-151.0,-5.0,55.0,-156.0
Chordy,WAP Esports,LRS,Mid,LRS Closing · saison régulière,16,0.75,4.05,-162.0,2.0,55.0,-160.0
zekas,Malvinas Gaming,LRS,Top,LRS Closing · saison régulière,18,0.722,3.83,-169.0,3.0,55.0,-166.0
Lac,WAP Esports,LRS,ADC,LRS Closing · saison régulière,17,0.647,3.81,-164.0,-3.0,55.0,-167.0
Neadz,Malvinas Gaming,LRS,Mid,LRS Closing · saison régulière,18,0.722,3.76,-174.0,3.0,55.0,-171.0
DiDi,Furious Gaming,LRS,Mid,LRS Closing · saison régulière,18,0.667,5.38,-172.0,0.0,55.0,-172.0
asta,Malvinas Gaming,LRS,Jungle,LRS Closing · saison régulière,18,0.722,4.4,-184.0,3.0,55.0,-181.0
Giankios,Meta Gaming,LRS,Top,LRS Closing · saison régulière,12,0.417,2.57,-213.0,2.0,55.0,-211.0
Luco,Malvinas Gaming,LRS,Support,LRS Closing · saison régulière,15,0.667,3.62,-222.0,-1.0,55.0,-223.0
Kindless,Globant Emerald,LRS,ADC,LRS Closing · saison régulière,8,0.625,4.84,-230.0,1.0,55.0,-229.0
Fortu,WAP Esports,LRS,Support,LRS Closing · saison régulière,18,0.667,3.25,-240.0,-2.0,55.0,-242.0
Viciun,Furious Gaming,LRS,ADC,LRS Closing · saison régulière,17,0.647,5.91,-254.0,-2.0,55.0,-256.0
Lyg,Malvinas Gaming,LRS,ADC,LRS Closing · saison régulière,18,0.722,3.42,-269.0,3.0,55.0,-266.0
Nate,Eclipse Gaming,LRS,Top,LRS Closing · saison régulière,18,0.333,2.98,-287.0,-1.0,55.0,-288.0
Wamu,Furious Gaming,LRS,Top,LRS Closing · saison régulière,18,0.667,3.78,-297.0,0.0,55.0,-297.0
Izaenk,EBRO,LRS,Top,LRS Closing · saison régulière,18,0.5,3.86,-305.0,4.0,55.0,-301.0
Feitan,Furious Gaming,LRS,Support,LRS Closing · saison régulière,18,0.667,3.28,-312.0,0.0,55.0,-312.0
Emp,Globant Emerald,LRS,Mid,LRS Closing · saison régulière,18,0.5,4.41,-334.0,0.0,55.0,-334.0
Keishao,EBRO,LRS,Support,LRS Closing · saison régulière,18,0.5,3.02,-344.0,4.0,55.0,-340.0
Camilo,Furious Gaming,LRS,Jungle,LRS Closing · saison régulière,18,0.667,3.53,-349.0,0.0,55.0,-349.0
Sunblast,WAP Esports,LRS,Top,LRS Closing · saison régulière,18,0.667,4.47,-363.0,-2.0,55.0,-365.0
Style,EBRO,LRS,Jungle,LRS Closing · saison régulière,18,0.5,2.56,-377.0,4.0,55.0,-373.0
Brayaron,Globant Emerald,LRS,Top,LRS Closing · saison régulière,14,0.5,3.61,-371.0,-2.0,55.0,-373.0
Kanaxi,Spectacled Bears,LRS,Jungle,LRS Closing · saison régulière,7,0.143,1.85,-377.0,-1.0,55.0,-378.0
notdefused,EBRO,LRS,ADC,LRS Closing · saison régulière,17,0.471,3.14,-402.0,2.0,55.0,-400.0
Fresco,Meta Gaming,LRS,Jungle,LRS Closing · saison régulière,12,0.417,3.67,-403.0,2.0,55.0,-401.0
Trashy,Undead Gaming,LRS,Jungle,LRS Closing · saison régulière,16,0.312,2.1,-402.0,-1.0,55.0,-403.0
JuanDeDios,Spectacled Bears,LRS,Top,LRS Closing · saison régulière,18,0.167,1.98,-438.0,0.0,55.0,-438.0
SyaL,Meta Gaming,LRS,Top,LRS Closing · saison régulière,15,0.333,2.73,-445.0,-2.0,55.0,-447.0
Termo,EBRO,LRS,Mid,LRS Closing · saison régulière,18,0.5,4.66,-452.0,4.0,55.0,-448.0
Woohee,Eclipse Gaming,LRS,Support,LRS Closing · saison régulière,18,0.333,2.93,-456.0,-1.0,55.0,-457.0
QQMore,Globant Emerald,LRS,Jungle,LRS Closing · saison régulière,18,0.5,3.34,-479.0,0.0,55.0,-479.0
Wolfy,Undead Gaming,LRS,Top,LRS Closing · saison régulière,17,0.294,2.22,-477.0,-3.0,55.0,-480.0
Strensh,WAP Esports,LRS,Mid,LRS Closing · saison régulière,2,0.0,1.89,-478.0,-4.0,55.0,-482.0
Kea,Undead Gaming,LRS,Support,LRS Closing · saison régulière,17,0.294,1.99,-491.0,-3.0,55.0,-494.0
Pyl,Malvinas Gaming,LRS,Support,LRS Closing · saison régulière,7,0.286,2.73,-515.0,-2.0,55.0,-517.0
Manifest,Meta Gaming,LRS,ADC,LRS Closing · saison régulière,12,0.417,2.95,-520.0,2.0,55.0,-518.0
Lord,Eclipse Gaming,LRS,Mid,LRS Closing · saison régulière,18,0.333,2.07,-529.0,-1.0,55.0,-530.0
Ux,Spectacled Bears,LRS,ADC,LRS Closing · saison régulière,8,0.25,2.78,-543.0,1.0,55.0,-542.0
Tierwulf,Eclipse Gaming,LRS,Jungle,LRS Closing · saison régulière,11,0.364,3.28,-556.0,1.0,55.0,-555.0
Deftsu,Undead Gaming,LRS,ADC,LRS Closing · saison régulière,17,0.294,2.89,-563.0,-3.0,55.0,-566.0
Duivel,Spectacled Bears,LHE,Support,LRS Closing · saison régulière,10,0.2,2.19,-596.0,-1.0,55.0,-597.0
Kartana,Spectacled Bears,LRS,Jungle,LRS Closing · saison régulière,11,0.273,1.91,-626.0,-2.0,55.0,-628.0
KreshtDoo,Eclipse Gaming,LHE,ADC,LRS Closing · saison régulière,6,0.167,3.19,-630.0,-1.0,55.0,-631.0
Scenari0,Spectacled Bears,SL (LATAM),ADC,LRS Closing · saison régulière,10,0.1,2.46,-636.0,-0.0,55.0,-636.0
Ocean,Meta Gaming,LHE,Jungle,LRS Closing · saison régulière,5,0.0,1.17,-635.0,-5.0,55.0,-640.0
iso,Globant Emerald,LRS,ADC,LRS Closing · saison régulière,10,0.4,4.2,-661.0,-1.0,55.0,-662.0
Daedra,Undead Gaming,LRS,Mid,LRS Closing · saison régulière,17,0.294,3.06,-669.0,-3.0,55.0,-672.0
chilD,Meta Gaming,LRS,Support,LRS Closing · saison régulière,12,0.417,3.73,-677.0,2.0,55.0,-675.0
Skewy,Meta Gaming,LHE,Mid,LRS Closing · saison régulière,2,0.0,3.25,-702.0,-1.0,55.0,-703.0
Alowhed,Spectacled Bears,LRS,Mid,LRS Closing · saison régulière,18,0.167,2.27,-708.0,0.0,55.0,-708.0
Nainess,Spectacled Bears,SL (LATAM),Jungle,LRS Closing · saison régulière,4,0.0,1.12,-745.0,0.0,55.0,-745.0
Shiku,Spectacled Bears,SL (LATAM),Support,LRS Closing · saison régulière,9,0.222,2.46,-797.0,4.0,55.0,-793.0
CaTzzz,Eclipse Gaming,SL (LATAM),ADC,LRS Closing · saison régulière,8,0.375,2.74,-850.0,1.0,55.0,-849.0
Shadow,Globant Emerald,LRS,Support,LRS · playoffs,4,0.25,2.43,-5.0,-4.0,55.0,-9.0
Shookz,PRIMATE,LRS,Jungle,LRS · playoffs,11,0.818,4.08,-43.0,3.0,55.0,-40.0
Zerito,Globant Emerald,LLA,Top,LRS · playoffs,4,0.25,2.55,-39.0,-4.0,55.0,-43.0
Bardito,PRIMATE,LRS,Support,LRS · playoffs,11,0.818,4.63,-58.0,3.0,55.0,-55.0
Kz,PRIMATE,LRS,ADC,LRS · playoffs,11,0.818,6.07,-60.0,3.0,55.0,-57.0
Enga,PRIMATE,LRS,Mid,LRS · playoffs,11,0.818,8.06,-66.0,3.0,55.0,-63.0
Buggax,PRIMATE,LRS,Top,LRS · playoffs,11,0.818,3.94,-86.0,3.0,55.0,-83.0
Funky,WAP Esports,LRS,Jungle,LRS · playoffs,15,0.533,3.62,-140.0,6.0,55.0,-134.0
Lac,WAP Esports,LRS,ADC,LRS · playoffs,15,0.533,3.8,-164.0,6.0,55.0,-158.0
DiDi,Furious Gaming,LRS,Mid,LRS · playoffs,17,0.471,5.19,-172.0,2.0,55.0,-170.0
zekas,Malvinas Gaming,LRS,Top,LRS · playoffs,10,0.4,2.83,-169.0,-3.0,55.0,-172.0
Neadz,Malvinas Gaming,LRS,Mid,LRS · playoffs,10,0.4,2.65,-174.0,-3.0,55.0,-177.0
asta,Malvinas Gaming,LRS,Jungle,LRS · playoffs,10,0.4,3.69,-184.0,-3.0,55.0,-187.0
Fortu,WAP Esports,LRS,Support,LRS · playoffs,15,0.533,2.56,-240.0,6.0,55.0,-234.0
Viciun,Furious Gaming,LRS,ADC,LRS · playoffs,17,0.471,3.68,-254.0,2.0,55.0,-252.0
Lyg,Malvinas Gaming,LRS,ADC,LRS · playoffs,10,0.4,2.61,-269.0,-3.0,55.0,-272.0
Wamu,Furious Gaming,LRS,Top,LRS · playoffs,17,0.471,3.09,-297.0,2.0,55.0,-295.0
Feitan,Furious Gaming,LRS,Support,LRS · playoffs,17,0.471,2.29,-312.0,2.0,55.0,-310.0
Izaenk,EBRO,LRS,Top,LRS · playoffs,3,0.0,1.14,-305.0,-5.0,55.0,-310.0
Emp,Globant Emerald,LRS,Mid,LRS · playoffs,4,0.25,5.33,-334.0,-4.0,55.0,-338.0
Camilo,Furious Gaming,LRS,Jungle,LRS · playoffs,17,0.471,4.51,-349.0,2.0,55.0,-347.0
Keishao,EBRO,LRS,Support,LRS · playoffs,3,0.0,1.8,-344.0,-5.0,55.0,-349.0
Sunblast,WAP Esports,LRS,Top,LRS · playoffs,15,0.533,3.74,-363.0,6.0,55.0,-357.0
Style,EBRO,LRS,Jungle,LRS · playoffs,3,0.0,1.53,-377.0,-5.0,55.0,-382.0
notdefused,EBRO,LRS,ADC,LRS · playoffs,3,0.0,2.0,-402.0,-5.0,55.0,-407.0
Termo,EBRO,LRS,Mid,LRS · playoffs,3,0.0,3.57,-452.0,-5.0,55.0,-457.0
Strensh,WAP Esports,LRS,Mid,LRS · playoffs,15,0.533,6.79,-478.0,6.0,55.0,-472.0
QQMore,Globant Emerald,LRS,Jungle,LRS · playoffs,4,0.25,2.29,-479.0,-4.0,55.0,-483.0
Pyl,Malvinas Gaming,LRS,Support,LRS · playoffs,10,0.4,1.95,-515.0,-3.0,55.0,-518.0
iso,Globant Emerald,LRS,ADC,LRS · playoffs,4,0.25,1.87,-661.0,-4.0,55.0,-665.0
Faker,T1,LCK,Mid,MSI,17,0.529,2.44,1307.0,-3.0,55.0,1304.0
Knight,Bilibili Gaming,LPL,Mid,MSI,15,0.8,6.92,1209.0,8.0,55.0,1217.0
Chovy,Gen.G,LCK,Mid,MSI,15,0.533,4.53,1141.0,-6.0,55.0,1135.0
369,Top Esports,LPL,Top,MSI,15,0.8,4.88,1126.0,8.0,55.0,1134.0
Ruler,JD Gaming,LPL,ADC,MSI,15,0.8,8.35,1123.0,8.0,55.0,1131.0
Kanavi,JD Gaming,LPL,Jungle,MSI,15,0.8,6.6,1108.0,8.0,55.0,1116.0
Peyz,Gen.G,LCK,ADC,MSI,15,0.533,4.43,1107.0,-6.0,55.0,1101.0
ON,Bilibili Gaming,LPL,Support,MSI,26,0.654,5.18,1097.0,-2.0,55.0,1095.0
Delight,Gen.G,LCK,Support,MSI,15,0.533,3.41,1095.0,-6.0,55.0,1089.0
Peanut,Gen.G,LCK,Jungle,MSI,15,0.533,4.72,1087.0,-6.0,55.0,1081.0
Doran,Gen.G,LCK,Top,MSI,15,0.533,1.8,1079.0,-6.0,55.0,1073.0
MISSING,JD Gaming,LPL,Support,MSI,15,0.8,5.72,1058.0,8.0,55.0,1066.0
Bin,Bilibili Gaming,LPL,Top,MSI,26,0.654,3.03,1047.0,-2.0,55.0,1045.0
Elk,Bilibili Gaming,LPL,ADC,MSI,26,0.654,4.89,1039.0,-2.0,55.0,1037.0
Keria,T1,LCK,Support,MSI,17,0.529,4.11,1040.0,-3.0,55.0,1037.0
Xun,Bilibili Gaming,LPL,Jungle,MSI,26,0.654,3.57,1028.0,-2.0,55.0,1026.0
Gumayusi,T1,LCK,ADC,MSI,17,0.529,3.89,1025.0,-3.0,55.0,1022.0
Zeus,T1,LCK,Top,MSI,17,0.529,3.15,1023.0,-3.0,55.0,1020.0
Yagao,Bilibili Gaming,LPL,Mid,MSI,26,0.654,3.9,983.0,-2.0,55.0,981.0
Oner,T1,LCK,Jungle,MSI,17,0.529,3.51,976.0,-3.0,55.0,973.0
Yike,G2 Esports,LEC,Jungle,MSI,15,0.6,4.82,809.0,3.0,55.0,812.0
Hans Sama,G2 Esports,LEC,ADC,MSI,15,0.6,4.28,808.0,3.0,55.0,811.0
BrokenBlade,G2 Esports,LEC,Top,MSI,15,0.6,3.72,802.0,3.0,55.0,805.0
Mikyx,G2 Esports,LEC,Support,MSI,15,0.6,2.87,774.0,3.0,55.0,777.0
Caps,G2 Esports,LEC,Mid,MSI,15,0.6,3.09,767.0,3.0,55.0,770.0
Berserker,Cloud9,LCS,ADC,MSI,10,0.3,3.14,765.0,-3.0,55.0,762.0
Zven,Cloud9,LCS,Support,MSI,10,0.3,2.44,752.0,-3.0,55.0,749.0
EMENES,Cloud9,LCS,Mid,MSI,10,0.3,2.74,733.0,-3.0,55.0,730.0
Blaber,Cloud9,LCS,Jungle,MSI,10,0.3,2.17,723.0,-3.0,55.0,720.0
Fudge,Cloud9,LCS,Top,MSI,10,0.3,1.69,723.0,-3.0,55.0,720.0
Sty1e,MGN Blue Esports,VCS,ADC,MSI,5,0.2,2.89,716.0,-6.0,55.0,710.0
Gori,Golden Guardians,LCS,Mid,MSI,17,0.529,3.47,681.0,6.0,55.0,687.0
River,Golden Guardians,LCS,Jungle,MSI,17,0.529,3.22,648.0,6.0,55.0,654.0
Elyoya,MAD Lions KOI,LEC,Jungle,MSI,6,0.0,2.14,650.0,0.0,55.0,650.0
huhi,Golden Guardians,LCS,Support,MSI,17,0.529,3.88,638.0,6.0,55.0,644.0
Stixxay,Golden Guardians,LCS,ADC,MSI,17,0.529,3.76,634.0,6.0,55.0,640.0
Chasy,MAD Lions KOI,LEC,Top,MSI,6,0.0,0.7,639.0,0.0,55.0,639.0
Nisqy,MAD Lions KOI,LEC,Mid,MSI,6,0.0,1.83,625.0,0.0,55.0,625.0
Licorice,Golden Guardians,LCS,Top,MSI,17,0.529,3.87,598.0,6.0,55.0,604.0
Carzzy,MAD Lions KOI,LEC,ADC,MSI,6,0.0,1.87,594.0,0.0,55.0,594.0
JunJia,PSG Talon,PCS,Jungle,MSI,9,0.444,3.19,538.0,-1.0,55.0,537.0
Levi,GAM Esports,VCS,Jungle,MSI,5,0.2,2.3,540.0,-6.0,55.0,534.0
Hylissang,MAD Lions KOI,LEC,Support,MSI,6,0.0,1.25,519.0,0.0,55.0,519.0
Kiaya,GAM Esports,VCS,Top,MSI,5,0.2,1.53,512.0,-6.0,55.0,506.0
Azhi,PSG Talon,PCS,Top,MSI,9,0.444,3.57,475.0,-1.0,55.0,474.0
Wako,PSG Talon,PCS,ADC,MSI,9,0.444,2.86,470.0,-1.0,55.0,469.0
Kati,GAM Esports,VCS,Mid,MSI,5,0.2,2.1,433.0,-6.0,55.0,427.0
Woody,PSG Talon,PCS,Support,MSI,9,0.444,2.61,419.0,-1.0,55.0,418.0
Lyonz,Movistar R7,LLA,Support,MSI,7,0.286,1.61,313.0,3.0,55.0,316.0
Bong,Movistar R7,LLA,Top,MSI,7,0.286,1.36,297.0,3.0,55.0,300.0
Oddie,Movistar R7,LLA,Jungle,MSI,7,0.286,2.3,290.0,3.0,55.0,293.0
Mireu,Movistar R7,LLA,Mid,MSI,7,0.286,1.52,287.0,3.0,55.0,290.0
ceo,Movistar R7,LLA,ADC,MSI,7,0.286,1.57,286.0,3.0,55.0,289.0
Uniboy,Rare Atom Period,LDL,Mid,MSI,9,0.444,3.39,287.0,-1.0,55.0,286.0
Route,LOUD,CBLOL,ADC,MSI,6,0.333,3.91,272.0,-0.0,55.0,272.0
Zin,GAM Esports,VCS,Support,MSI,5,0.2,3.73,277.0,-6.0,55.0,271.0
tinowns,LOUD,CBLOL,Mid,MSI,6,0.333,3.31,265.0,-0.0,55.0,265.0
Ceos,LOUD,CBLOL,Support,MSI,6,0.333,1.5,235.0,-0.0,55.0,235.0
Croc,LOUD,CBLOL,Jungle,MSI,6,0.333,2.3,207.0,-0.0,55.0,207.0
Robo,LOUD,CBLOL,Top,MSI,6,0.333,1.14,193.0,-0.0,55.0,193.0
Aria,DetonatioN FocusMe,LJL,Mid,MSI,4,0.0,2.75,11.0,0.0,55.0,11.0
Harp,DetonatioN FocusMe,LJL,Support,MSI,4,0.0,2.14,-6.0,0.0,55.0,-6.0
Yutapon,DetonatioN FocusMe,LJL,ADC,MSI,4,0.0,1.8,-17.0,0.0,55.0,-17.0
Steal,DetonatioN FocusMe,LJL,Jungle,MSI,4,0.0,2.54,-47.0,0.0,55.0,-47.0
tol2,DetonatioN FocusMe,LJL,Top,MSI,4,0.0,1.5,-159.0,0.0,55.0,-159.0
Winsome,FlyQuest NZXT,NACL,Support,NACL Spring · playoffs,14,0.643,2.3,620.0,4.0,55.0,624.0
UNF0RGIVEN,Evil Geniuses,LCS,ADC,NACL Spring · playoffs,10,0.5,5.43,538.0,-1.0,55.0,537.0
Insanity,TSM,LCS,Mid,NACL Spring · playoffs,15,0.667,4.0,473.0,5.0,55.0,478.0
Diamond,Dignitas,LCS,Support,NACL Spring · playoffs,15,0.667,4.47,413.0,5.0,55.0,418.0
Neo,Mirage Alliance,NACL,ADC,NACL Spring · playoffs,7,0.286,2.61,398.0,-2.0,55.0,396.0
Zeyzal,Disguised,NACL,Support,NACL Spring · playoffs,18,0.722,8.05,373.0,3.0,55.0,376.0
Lost,Cloud9 Challengers,NACL,ADC,NACL Spring · playoffs,18,0.722,8.15,367.0,3.0,55.0,370.0
APA,Team Liquid,LCS,Mid,NACL Spring · playoffs,23,0.565,4.0,356.0,3.0,55.0,359.0
Diplex,Cloud9 Challengers,NACL,Mid,NACL Spring · playoffs,18,0.722,8.05,354.0,3.0,55.0,357.0
Tomio,Disguised,NACL,Jungle,NACL Spring · playoffs,18,0.722,7.0,337.0,3.0,55.0,340.0
FakeGod,Disguised,NACL,Top,NACL Spring · playoffs,18,0.722,3.85,325.0,3.0,55.0,328.0
Hauntzer,TSM,LCS,Top,NACL Spring · playoffs,7,0.286,2.88,322.0,-2.0,55.0,320.0
Bolulu,Immortals,LCS,Mid,NACL Spring · playoffs,1,0.0,0.67,307.0,-2.0,55.0,305.0
Mir,Team Liquid Challengers,NACL,Jungle,NACL Spring · playoffs,23,0.565,4.22,270.0,3.0,55.0,273.0
shochi,Cincinnati Fear,NACL,Mid,NACL Spring · playoffs,17,0.529,3.85,264.0,-1.0,55.0,263.0
Array,Golden Guardians Challengers,NACL,ADC,NACL Spring · playoffs,10,0.5,5.5,260.0,1.0,55.0,261.0
Arrow,Team Liquid Challengers,NACL,ADC,NACL Spring · playoffs,23,0.565,5.43,256.0,3.0,55.0,259.0
Chad,Mirage Alliance,NACL,Jungle,NACL Spring · playoffs,7,0.429,3.18,255.0,-0.0,55.0,255.0
Copy,CLG Challengers,NACL,Mid,NACL Spring · playoffs,8,0.5,3.82,235.0,-3.0,55.0,232.0
Meech,Disguised,NACL,ADC,NACL Spring · playoffs,8,0.5,5.91,235.0,-3.0,55.0,232.0
Bradley,Team Liquid Challengers,NACL,Top,NACL Spring · playoffs,23,0.565,3.03,223.0,3.0,55.0,226.0
Jenkins,CLG Challengers,NACL,Top,NACL Spring · playoffs,8,0.5,3.06,227.0,-3.0,55.0,224.0
Minui,Cincinnati Fear,NACL,ADC,NACL Spring · playoffs,17,0.529,2.88,221.0,-1.0,55.0,220.0
Hoon,Dignitas Challengers,NACL,Top,NACL Spring · playoffs,15,0.667,3.48,214.0,5.0,55.0,219.0
Perry,Cincinnati Fear,NACL,Jungle,NACL Spring · playoffs,17,0.529,3.12,220.0,-1.0,55.0,219.0
Faisal,FlyQuest NZXT,NACL,Top,NACL Spring · playoffs,17,0.529,3.2,213.0,-1.0,55.0,212.0
Keel,Wildcard Gaming,NACL,Jungle,NACL Spring · playoffs,10,0.5,3.71,208.0,-1.0,55.0,207.0
Prismal,Golden Guardians Challengers,NACL,Support,NACL Spring · playoffs,10,0.5,3.08,204.0,1.0,55.0,205.0
Philip,Cincinnati Fear,NACL,Top,NACL Spring · playoffs,14,0.643,2.81,196.0,4.0,55.0,200.0
eXyu,Dignitas Challengers,NACL,Jungle,NACL Spring · playoffs,15,0.667,3.1,193.0,5.0,55.0,198.0
Kevy,Chiefs Esports Club,LCO,Jungle,NACL Spring · playoffs,8,0.5,3.19,200.0,-3.0,55.0,197.0
Yuuji,FlyQuest NZXT,NACL,Jungle,NACL Spring · playoffs,14,0.643,4.15,193.0,4.0,55.0,197.0
Massu,FlyQuest NZXT,NACL,ADC,NACL Spring · playoffs,14,0.643,4.37,184.0,4.0,55.0,188.0
Kim Down,Team Liquid Challengers,NACL,Support,NACL Spring · playoffs,23,0.565,3.66,180.0,3.0,55.0,183.0
Lens,Wildcard Gaming,NACL,ADC,NACL Spring · playoffs,10,0.5,6.71,177.0,-1.0,55.0,176.0
Spirax,FlyQuest NZXT,NACL,Mid,NACL Spring · playoffs,14,0.643,3.9,170.0,4.0,55.0,174.0
destiny,100 Thieves Challengers,NACL,Support,NACL Spring · playoffs,10,0.5,4.35,169.0,-1.0,55.0,168.0
Duoking1,Team E Turner,NACL,Support,NACL Spring · playoffs,10,0.5,3.26,169.0,-1.0,55.0,168.0
Soligo,Wildcard Gaming,NACL,Mid,NACL Spring · playoffs,10,0.5,2.97,165.0,-1.0,55.0,164.0
Breezy,AOE Gold,NACL,Support,NACL Spring · playoffs,8,0.5,3.95,163.0,-3.0,55.0,160.0
Young,Disguised,NACL,Mid,NACL Spring · playoffs,10,0.5,3.87,153.0,1.0,55.0,154.0
RoseThorn,Team Fish Taco,NACL,Jungle,NACL Spring · playoffs,10,0.5,3.46,153.0,1.0,55.0,154.0
PrettyGRE,100 Thieves Challengers,NACL,Mid,NACL Spring · playoffs,10,0.5,3.95,147.0,-1.0,55.0,146.0
Srtty,Evil Geniuses Challengers,NACL,Top,NACL Spring · playoffs,4,0.0,1.38,142.0,-4.0,55.0,138.0
Trevor,Supernova,NACL,Support,NACL Spring · playoffs,17,0.529,3.57,113.0,-1.0,55.0,112.0
links,AOE Gold,NACL,ADC,NACL Spring · playoffs,7,0.286,1.96,114.0,-3.0,55.0,111.0
Smoothie,Evil Geniuses Challengers,NACL,Support,NACL Spring · playoffs,5,0.2,6.0,110.0,-2.0,55.0,108.0
winnie,AOE Gold,NACL,Jungle,NACL Spring · playoffs,7,0.286,2.41,88.0,-3.0,55.0,85.0
Yukino,100 Thieves Challengers,NACL,Jungle,NACL Spring · playoffs,10,0.5,3.03,85.0,-1.0,55.0,84.0
Sheiden,Evil Geniuses,LCS,Jungle,NACL Spring · playoffs,5,0.2,1.65,80.0,-2.0,55.0,78.0
Wixxi,Immortals Challengers,NACL,ADC,NACL Spring · playoffs,7,0.429,3.7,78.0,-0.0,55.0,78.0
Ryoma,Evil Geniuses Challengers,NACL,Mid,NACL Spring · playoffs,5,0.2,2.33,79.0,-2.0,55.0,77.0
MooseHater,Wildcard Gaming,NACL,Top,NACL Spring · playoffs,10,0.5,3.12,59.0,-1.0,55.0,58.0
DARKWINGS,AOE Gold,NACL,Mid,NACL Spring · playoffs,7,0.286,2.04,58.0,-3.0,55.0,55.0
SkyTec,AOE Gold,NACL,Support,NACL Spring · playoffs,7,0.286,2.04,58.0,-3.0,55.0,55.0
Rovex,Team Coachify,NACL,Support,NACL Spring · playoffs,4,0.0,1.29,53.0,-4.0,55.0,49.0
Joey,Immortals Challengers,NACL,Support,NACL Spring · playoffs,7,0.429,4.28,45.0,-0.0,55.0,45.0
Concept,AOE Gold,NACL,Top,NACL Spring · playoffs,10,0.5,4.18,39.0,1.0,55.0,40.0
ADD,Immortals Challengers,NACL,Top,NACL Spring · playoffs,7,0.429,2.95,27.0,-0.0,55.0,27.0
Svenskeren,TSM Challengers,NACL,Jungle,NACL Spring · playoffs,7,0.286,1.55,19.0,-2.0,55.0,17.0
Dragku,TSM Challengers,NACL,Support,NACL Spring · playoffs,7,0.286,2.15,11.0,-2.0,55.0,9.0
Spawn,Team Fish Taco,NACL,ADC,NACL Spring · playoffs,15,0.667,4.62,3.0,5.0,55.0,8.0
Hyper,CCG Esports,NACL,Jungle,NACL Spring · playoffs,4,0.0,0.93,-4.0,-1.0,55.0,-5.0
Mobility,Winthrop University,NACL,ADC,NACL Spring · playoffs,5,0.2,3.0,-14.0,-2.0,55.0,-16.0
Darshan,100 Thieves Challengers,NACL,Top,NACL Spring · playoffs,10,0.5,1.68,-48.0,-1.0,55.0,-49.0
Kaido,Team Coachify,NACL,Jungle,NACL Spring · playoffs,4,0.0,1.26,-56.0,-4.0,55.0,-60.0
Sword,Winthrop University,NACL,Support,NACL Spring · playoffs,4,0.0,1.0,-84.0,-1.0,55.0,-85.0
Gamsu,AOE Gold,NACL,Top,NACL Spring · playoffs,7,0.286,1.67,-96.0,-3.0,55.0,-99.0
Doxa,Komodo,NACL,Mid,NACL Spring · playoffs,7,0.286,2.94,-155.0,-2.0,55.0,-157.0
lunacia,Team Fish Taco,NACL,Top,NACL Spring · playoffs,4,0.0,0.38,-165.0,-1.0,55.0,-166.0
Instinct,FLY FAM,NACL,ADC,NACL Spring · playoffs,4,0.0,2.17,-210.0,-1.0,55.0,-211.0
Town,CLG Faith,NACL,Mid,NACL Spring · playoffs,5,0.2,1.21,-228.0,4.0,55.0,-224.0
LJX,Team Coachify,NACL,ADC,NACL Spring · playoffs,4,0.0,1.31,-260.0,-4.0,55.0,-264.0
Sketch,Supernova,NACL,ADC,NACL Spring · playoffs,5,0.2,1.43,-273.0,4.0,55.0,-269.0
Nxi,Team Fish Taco,NACL,Jungle,NACL Spring · playoffs,5,0.2,2.07,-280.0,4.0,55.0,-276.0
Airren,CB Gaming,NACL,ADC,NACL Spring · playoffs,5,0.2,1.67,-290.0,4.0,55.0,-286.0
Blazze,FLY FAM,NACL,Mid,NACL Spring · playoffs,4,0.0,1.07,-297.0,-1.0,55.0,-298.0
s0ul,Team Fish Taco,NACL,Top,NACL Spring · playoffs,5,0.2,1.67,-333.0,-2.0,55.0,-335.0
Aspect,Team Liquid First,NACL,Mid,NACL Spring · playoffs,4,0.0,0.94,-405.0,-4.0,55.0,-409.0
Bejjaniii,PÊEK Gaming,LRN,Top,NACL Spring · playoffs,5,0.2,1.21,-422.0,4.0,55.0,-418.0
EMENES,Cloud9,LCS,Mid,NACL Spring · saison régulière,20,0.8,4.14,733.0,5.0,55.0,738.0
Winsome,FlyQuest NZXT,NACL,Support,NACL Spring · saison régulière,8,0.875,4.95,620.0,6.0,55.0,626.0
UNF0RGIVEN,Evil Geniuses,LCS,ADC,NACL Spring · saison régulière,28,0.643,6.5,538.0,-0.0,54.0,538.0
Tenacity,100 Thieves,LCS,Top,NACL Spring · saison régulière,2,0.5,9.0,523.0,-2.0,55.0,521.0
Insanity,TSM,LCS,Mid,NACL Spring · saison régulière,30,0.733,3.0,473.0,-2.0,54.0,471.0
Chime,TSM,LCS,Support,NACL Spring · saison régulière,4,0.25,6.0,443.0,-1.0,55.0,442.0
Tomo,Dignitas,LCS,ADC,NACL Spring · saison régulière,22,0.818,4.72,423.0,0.0,55.0,423.0
Diamond,Dignitas,LCS,Support,NACL Spring · saison régulière,30,0.733,4.66,413.0,-2.0,54.0,411.0
Neo,Mirage Alliance,NACL,ADC,NACL Spring · saison régulière,4,0.75,5.33,398.0,1.0,55.0,399.0
Zeyzal,Disguised,NACL,Support,NACL Spring · saison régulière,30,0.767,8.11,373.0,3.0,54.0,376.0
Lost,Cloud9 Challengers,NACL,ADC,NACL Spring · saison régulière,30,0.767,7.36,367.0,3.0,54.0,370.0
Diplex,Cloud9 Challengers,NACL,Mid,NACL Spring · saison régulière,10,0.7,6.87,354.0,-3.0,55.0,351.0
APA,Team Liquid,LCS,Mid,NACL Spring · saison régulière,31,0.581,3.77,356.0,-5.0,54.0,351.0
Tomio,Disguised,NACL,Jungle,NACL Spring · saison régulière,30,0.767,6.78,337.0,3.0,54.0,340.0
WildTurtle,TSM,LCS,ADC,NACL Spring · saison régulière,26,0.423,2.99,329.0,-1.0,54.0,328.0
FakeGod,Disguised,NACL,Top,NACL Spring · saison régulière,30,0.767,6.58,325.0,3.0,54.0,328.0
Hauntzer,TSM,LCS,Top,NACL Spring · saison régulière,30,0.467,3.92,322.0,0.0,54.0,322.0
Bolulu,Immortals,LCS,Mid,NACL Spring · saison régulière,26,0.538,5.05,307.0,2.0,54.0,309.0
shochi,Cincinnati Fear,NACL,Mid,NACL Spring · saison régulière,31,0.645,4.08,264.0,5.0,54.0,269.0
Mir,Team Liquid Challengers,NACL,Jungle,NACL Spring · saison régulière,31,0.581,4.06,270.0,-5.0,54.0,265.0
Array,Golden Guardians Challengers,NACL,ADC,NACL Spring · saison régulière,31,0.613,5.34,260.0,3.0,54.0,263.0
Chad,Mirage Alliance,NACL,Jungle,NACL Spring · saison régulière,30,0.5,2.59,255.0,-0.0,54.0,255.0
Arrow,Team Liquid Challengers,NACL,ADC,NACL Spring · saison régulière,31,0.581,4.88,256.0,-5.0,54.0,251.0
Copy,CLG Challengers,NACL,Mid,NACL Spring · saison régulière,30,0.633,4.18,235.0,7.0,54.0,242.0
Meech,Disguised,NACL,ADC,NACL Spring · saison régulière,30,0.633,5.4,235.0,7.0,54.0,242.0
Jenkins,CLG Challengers,NACL,Top,NACL Spring · saison régulière,30,0.633,4.35,227.0,7.0,54.0,234.0
Minui,Cincinnati Fear,NACL,ADC,NACL Spring · saison régulière,31,0.645,4.1,221.0,5.0,54.0,226.0
Perry,Cincinnati Fear,NACL,Jungle,NACL Spring · saison régulière,31,0.645,3.84,220.0,5.0,54.0,225.0
Bradley,Team Liquid Challengers,NACL,Top,NACL Spring · saison régulière,31,0.581,2.84,223.0,-5.0,54.0,218.0
Faisal,FlyQuest NZXT,NACL,Top,NACL Spring · saison régulière,31,0.645,3.64,213.0,5.0,54.0,218.0
Hoon,Dignitas Challengers,NACL,Top,NACL Spring · saison régulière,30,0.733,2.51,214.0,-2.0,54.0,212.0
Keel,Wildcard Gaming,NACL,Jungle,NACL Spring · saison régulière,31,0.613,3.61,208.0,2.0,54.0,210.0
Prismal,Golden Guardians Challengers,NACL,Support,NACL Spring · saison régulière,31,0.613,4.38,204.0,3.0,54.0,207.0
Kevy,Chiefs Esports Club,LCO,Jungle,NACL Spring · saison régulière,30,0.633,4.53,200.0,7.0,54.0,207.0
Philip,Cincinnati Fear,NACL,Top,NACL Spring · saison régulière,30,0.6,2.9,196.0,-0.0,54.0,196.0
Yuuji,FlyQuest NZXT,NACL,Jungle,NACL Spring · saison régulière,30,0.6,3.89,193.0,-0.0,54.0,193.0
eXyu,Dignitas Challengers,NACL,Jungle,NACL Spring · saison régulière,30,0.733,4.34,193.0,-2.0,54.0,191.0
Sniper,100 Thieves Challengers,NACL,Top,NACL Spring · saison régulière,28,0.643,3.0,186.0,3.0,54.0,189.0
Massu,FlyQuest NZXT,NACL,ADC,NACL Spring · saison régulière,30,0.6,3.4,184.0,-0.0,54.0,184.0
Lens,Wildcard Gaming,NACL,ADC,NACL Spring · saison régulière,31,0.613,3.5,177.0,2.0,54.0,179.0
Kim Down,Team Liquid Challengers,NACL,Support,NACL Spring · saison régulière,31,0.581,3.37,180.0,-5.0,54.0,175.0
Duoking1,Team E Turner,NACL,Support,NACL Spring · saison régulière,31,0.613,2.71,169.0,2.0,54.0,171.0
Breezy,AOE Gold,NACL,Support,NACL Spring · saison régulière,30,0.633,4.71,163.0,7.0,54.0,170.0
Spirax,FlyQuest NZXT,NACL,Mid,NACL Spring · saison régulière,30,0.6,3.55,170.0,-0.0,54.0,170.0
destiny,100 Thieves Challengers,NACL,Support,NACL Spring · saison régulière,28,0.643,8.1,169.0,-0.0,54.0,169.0
Soligo,Wildcard Gaming,NACL,Mid,NACL Spring · saison régulière,31,0.613,3.72,165.0,2.0,54.0,167.0
Young,Disguised,NACL,Mid,NACL Spring · saison régulière,31,0.613,4.24,153.0,3.0,54.0,156.0
RoseThorn,Team Fish Taco,NACL,Jungle,NACL Spring · saison régulière,31,0.613,3.28,153.0,3.0,54.0,156.0
PrettyGRE,100 Thieves Challengers,NACL,Mid,NACL Spring · saison régulière,30,0.633,4.72,147.0,1.0,54.0,148.0
Rocks908,Rock Bottom Esports,NACL,Support,NACL Spring · saison régulière,4,0.5,2.38,139.0,2.0,55.0,141.0
Srtty,Evil Geniuses Challengers,NACL,Top,NACL Spring · saison régulière,30,0.2,2.22,142.0,-8.0,54.0,134.0
Ablazeolive,Immortals,LCS,Mid,NACL Spring · saison régulière,4,0.25,2.31,127.0,-2.0,55.0,125.0
Trevor,Supernova,NACL,Support,NACL Spring · saison régulière,31,0.645,5.56,113.0,5.0,54.0,118.0
links,AOE Gold,NACL,ADC,NACL Spring · saison régulière,30,0.467,3.16,114.0,1.0,54.0,115.0
Smoothie,Evil Geniuses Challengers,NACL,Support,NACL Spring · saison régulière,30,0.333,2.27,110.0,-4.0,54.0,106.0
winnie,AOE Gold,NACL,Jungle,NACL Spring · saison régulière,30,0.467,2.73,88.0,1.0,54.0,89.0
Yukino,100 Thieves Challengers,NACL,Jungle,NACL Spring · saison régulière,30,0.633,3.22,85.0,1.0,54.0,86.0
Wixxi,Immortals Challengers,NACL,ADC,NACL Spring · saison régulière,30,0.5,4.03,78.0,-0.0,54.0,78.0
Sheiden,Evil Geniuses,LCS,Jungle,NACL Spring · saison régulière,30,0.333,2.44,80.0,-4.0,54.0,76.0
Ryoma,Evil Geniuses Challengers,NACL,Mid,NACL Spring · saison régulière,20,0.2,2.32,79.0,-8.0,55.0,71.0
MooseHater,Wildcard Gaming,NACL,Top,NACL Spring · saison régulière,31,0.613,2.25,59.0,2.0,54.0,61.0
DARKWINGS,AOE Gold,NACL,Mid,NACL Spring · saison régulière,30,0.467,3.33,58.0,1.0,54.0,59.0
SkyTec,AOE Gold,NACL,Support,NACL Spring · saison régulière,30,0.467,2.63,58.0,1.0,54.0,59.0
Rovex,Team Coachify,NACL,Support,NACL Spring · saison régulière,30,0.2,1.28,53.0,-8.0,54.0,45.0
Joey,Immortals Challengers,NACL,Support,NACL Spring · saison régulière,30,0.5,3.6,45.0,-0.0,54.0,45.0
Concept,AOE Gold,NACL,Top,NACL Spring · saison régulière,31,0.613,2.27,39.0,3.0,54.0,42.0
RobbyBob,Supernova,NACL,Mid,NACL Spring · saison régulière,10,0.6,2.29,32.0,4.0,55.0,36.0
ADD,Immortals Challengers,NACL,Top,NACL Spring · saison régulière,30,0.5,2.18,27.0,-0.0,54.0,27.0
Svenskeren,TSM Challengers,NACL,Jungle,NACL Spring · saison régulière,30,0.467,2.78,19.0,0.0,54.0,19.0
Dragku,TSM Challengers,NACL,Support,NACL Spring · saison régulière,22,0.5,3.66,11.0,-0.0,55.0,11.0
Hyper,CCG Esports,NACL,Jungle,NACL Spring · saison régulière,12,0.333,2.45,-4.0,7.0,55.0,3.0
Spawn,Team Fish Taco,NACL,ADC,NACL Spring · saison régulière,8,0.5,7.91,3.0,-2.0,55.0,1.0
Mobility,Winthrop University,NACL,ADC,NACL Spring · saison régulière,30,0.333,3.64,-14.0,-4.0,54.0,-18.0
Plux,LiT Esports,NACL,Support,NACL Spring · saison régulière,10,0.1,0.75,-40.0,-3.0,55.0,-43.0
Kaido,Team Coachify,NACL,Jungle,NACL Spring · saison régulière,30,0.2,1.64,-56.0,-8.0,54.0,-64.0
Sword,Winthrop University,NACL,Support,NACL Spring · saison régulière,30,0.167,3.02,-84.0,3.0,54.0,-81.0
Qitong,FlyQuest NZXT,NACL,Support,NACL Spring · saison régulière,22,0.5,3.08,-78.0,-6.0,55.0,-84.0
Gamsu,AOE Gold,NACL,Top,NACL Spring · saison régulière,30,0.467,2.16,-96.0,1.0,54.0,-95.0
Goo,FLY FAM,NACL,Jungle,NACL Spring · saison régulière,10,0.1,2.14,-113.0,-1.0,55.0,-114.0
Doxa,Komodo,NACL,Mid,NACL Spring · saison régulière,30,0.467,2.3,-155.0,0.0,54.0,-155.0
nari,Team Liquid First,NACL,ADC,NACL Spring · saison régulière,18,0.167,1.6,-154.0,-4.0,55.0,-158.0
lunacia,Team Fish Taco,NACL,Top,NACL Spring · saison régulière,30,0.167,1.44,-165.0,3.0,54.0,-162.0
Instinct,FLY FAM,NACL,ADC,NACL Spring · saison régulière,30,0.167,3.28,-210.0,3.0,54.0,-207.0
Town,CLG Faith,NACL,Mid,NACL Spring · saison régulière,12,0.0,0.9,-228.0,-5.0,55.0,-233.0
LJX,Team Coachify,NACL,ADC,NACL Spring · saison régulière,12,0.25,1.33,-260.0,-4.0,55.0,-264.0
Sketch,Supernova,NACL,ADC,NACL Spring · saison régulière,30,0.033,1.51,-273.0,-7.0,54.0,-280.0
Nxi,Team Fish Taco,NACL,Jungle,NACL Spring · saison régulière,30,0.033,1.45,-280.0,-7.0,54.0,-287.0
Seranok,CLG Faith,NACL,Mid,NACL Spring · saison régulière,18,0.056,1.24,-291.0,-2.0,55.0,-293.0
Blazze,FLY FAM,NACL,Mid,NACL Spring · saison régulière,30,0.167,1.76,-297.0,3.0,54.0,-294.0
Airren,CB Gaming,NACL,ADC,NACL Spring · saison régulière,20,0.0,1.32,-290.0,-4.0,55.0,-294.0
s0ul,Team Fish Taco,NACL,Top,NACL Spring · saison régulière,30,0.333,2.36,-333.0,-4.0,54.0,-337.0
Aspect,Team Liquid First,NACL,Mid,NACL Spring · saison régulière,30,0.2,1.57,-405.0,-8.0,54.0,-413.0
Bejjaniii,PÊEK Gaming,LRN,Top,NACL Spring · saison régulière,30,0.033,0.73,-422.0,-7.0,54.0,-429.0
Winsome,FlyQuest NZXT,NACL,Support,NACL Summer · playoffs,12,0.5,2.77,620.0,-1.0,55.0,619.0
Armao,Evil Geniuses Challengers,NACL,Jungle,NACL Summer · playoffs,18,0.611,4.35,538.0,12.0,55.0,550.0
Haeri,Team Liquid Challengers,NACL,Mid,NACL Summer · playoffs,6,0.333,2.53,428.0,-4.0,55.0,424.0
Zeyzal,Disguised,NACL,Support,NACL Summer · playoffs,14,0.714,5.41,373.0,6.0,55.0,379.0
k1ng,Evil Geniuses Challengers,NACL,ADC,NACL Summer · playoffs,18,0.611,6.17,334.0,12.0,55.0,346.0
Tomio,Disguised,NACL,Jungle,NACL Summer · playoffs,14,0.714,10.11,337.0,6.0,55.0,343.0
FakeGod,Disguised,NACL,Top,NACL Summer · playoffs,14,0.714,4.68,325.0,6.0,55.0,331.0
shochi,Cincinnati Fear,NACL,Mid,NACL Summer · playoffs,13,0.538,3.05,264.0,3.0,55.0,267.0
Mir,Team Liquid Challengers,NACL,Jungle,NACL Summer · playoffs,6,0.333,3.64,270.0,-4.0,55.0,266.0
Arrow,Team Liquid Challengers,NACL,ADC,NACL Summer · playoffs,6,0.333,6.83,256.0,-4.0,55.0,252.0
Meech,Disguised,NACL,ADC,NACL Summer · playoffs,14,0.714,6.15,235.0,6.0,55.0,241.0
Minui,Cincinnati Fear,NACL,ADC,NACL Summer · playoffs,13,0.538,2.82,221.0,3.0,55.0,224.0
Perry,Cincinnati Fear,NACL,Jungle,NACL Summer · playoffs,13,0.538,3.12,220.0,3.0,55.0,223.0
Bradley,Team Liquid Challengers,NACL,Top,NACL Summer · playoffs,6,0.333,2.25,223.0,-4.0,55.0,219.0
Faisal,FlyQuest NZXT,NACL,Top,NACL Summer · playoffs,12,0.5,2.4,213.0,-1.0,55.0,212.0
Keel,Wildcard Gaming,NACL,Jungle,NACL Summer · playoffs,7,0.429,2.54,208.0,-2.0,55.0,206.0
Philip,Cincinnati Fear,NACL,Top,NACL Summer · playoffs,13,0.538,2.51,196.0,3.0,55.0,199.0
Yuuji,FlyQuest NZXT,NACL,Jungle,NACL Summer · playoffs,12,0.5,2.82,193.0,-1.0,55.0,192.0
Massu,FlyQuest NZXT,NACL,ADC,NACL Summer · playoffs,12,0.5,3.5,184.0,-1.0,55.0,183.0
Zyko,Maryville University,NACL,Support,NACL Summer · playoffs,4,0.0,2.12,187.0,-7.0,55.0,180.0
Kim Down,Team Liquid Challengers,NACL,Support,NACL Summer · playoffs,6,0.333,2.93,180.0,-4.0,55.0,176.0
Lens,Wildcard Gaming,NACL,ADC,NACL Summer · playoffs,7,0.429,2.73,177.0,-2.0,55.0,175.0
Spirax,FlyQuest NZXT,NACL,Mid,NACL Summer · playoffs,12,0.5,4.19,170.0,-1.0,55.0,169.0
donbray,Wildcard Gaming,NACL,Support,NACL Summer · playoffs,7,0.429,3.04,166.0,-2.0,55.0,164.0
Soligo,Wildcard Gaming,NACL,Mid,NACL Summer · playoffs,7,0.429,2.73,165.0,-2.0,55.0,163.0
Young,Disguised,NACL,Mid,NACL Summer · playoffs,14,0.714,4.31,153.0,6.0,55.0,159.0
Breezy,AOE Gold,NACL,Support,NACL Summer · playoffs,4,0.0,1.06,163.0,-6.0,55.0,157.0
Niles,Maryville University,NACL,Top,NACL Summer · playoffs,4,0.0,1.38,164.0,-7.0,55.0,157.0
Srtty,Evil Geniuses Challengers,NACL,Top,NACL Summer · playoffs,18,0.611,3.95,142.0,12.0,55.0,154.0
Zamudo,Wildcard Gaming,NACL,Top,NACL Summer · playoffs,7,0.429,1.83,152.0,-2.0,55.0,150.0
ScaryJerry,Maryville University,NACL,ADC,NACL Summer · playoffs,4,0.0,2.33,143.0,-7.0,55.0,136.0
JayJ,Cincinnati Fear,NACL,Support,NACL Summer · playoffs,13,0.538,2.88,132.0,3.0,55.0,135.0
Getback,Maryville University,NACL,Mid,NACL Summer · playoffs,4,0.0,1.29,131.0,-7.0,55.0,124.0
Smoothie,Evil Geniuses Challengers,NACL,Support,NACL Summer · playoffs,18,0.611,4.79,110.0,12.0,55.0,122.0
OddOrange,Maryville University,NACL,Jungle,NACL Summer · playoffs,4,0.0,1.88,115.0,-7.0,55.0,108.0
links,AOE Gold,NACL,ADC,NACL Summer · playoffs,4,0.0,1.17,114.0,-6.0,55.0,108.0
Ryoma,Evil Geniuses Challengers,NACL,Mid,NACL Summer · playoffs,18,0.611,4.7,79.0,12.0,55.0,91.0
DARKWINGS,AOE Gold,NACL,Mid,NACL Summer · playoffs,4,0.0,1.0,58.0,-6.0,55.0,52.0
Concept,AOE Gold,NACL,Top,NACL Summer · playoffs,4,0.0,0.63,39.0,-6.0,55.0,33.0
Will,AOE Gold,NACL,Jungle,NACL Summer · playoffs,4,0.0,1.42,-18.0,-6.0,55.0,-24.0
Winsome,FlyQuest NZXT,NACL,Support,NACL Summer · saison régulière,36,0.667,3.92,620.0,0.0,54.0,620.0
Haeri,Team Liquid Challengers,NACL,Mid,NACL Summer · saison régulière,12,0.833,6.87,428.0,9.0,55.0,437.0
Zeyzal,Disguised,NACL,Support,NACL Summer · saison régulière,36,0.639,5.57,373.0,-4.0,54.0,369.0
Sudzzi,Mirage Alliance,NACL,Mid,NACL Summer · saison régulière,7,0.714,6.33,365.0,3.0,55.0,368.0
APA,Team Liquid,LCS,Mid,NACL Summer · saison régulière,24,0.708,3.88,356.0,1.0,55.0,357.0
k1ng,Evil Geniuses Challengers,NACL,ADC,NACL Summer · saison régulière,36,0.444,4.19,334.0,2.0,54.0,336.0
Tomio,Disguised,NACL,Jungle,NACL Summer · saison régulière,36,0.639,4.42,337.0,-4.0,54.0,333.0
FakeGod,Disguised,NACL,Top,NACL Summer · saison régulière,36,0.639,3.29,325.0,-4.0,54.0,321.0
Dardoch,Mirage Alliance,NACL,Jungle,NACL Summer · saison régulière,11,0.454,2.68,316.0,-5.0,55.0,311.0
Mir,Team Liquid Challengers,NACL,Jungle,NACL Summer · saison régulière,36,0.75,4.81,270.0,10.0,54.0,280.0
Dragoon,LiT Esports,NACL,Top,NACL Summer · saison régulière,9,0.556,3.21,278.0,-3.0,55.0,275.0
Allorim,Mirage Alliance,NACL,Top,NACL Summer · saison régulière,11,0.454,2.43,279.0,-5.0,55.0,274.0
Arrow,Team Liquid Challengers,NACL,ADC,NACL Summer · saison régulière,36,0.75,6.03,256.0,10.0,54.0,266.0
shochi,Cincinnati Fear,NACL,Mid,NACL Summer · saison régulière,36,0.583,3.77,264.0,-2.0,54.0,262.0
Chookies,Winthrop University,NACL,Support,NACL Summer · saison régulière,9,0.556,5.95,247.0,-3.0,55.0,244.0
Messages,LiT Esports,NACL,Mid,NACL Summer · saison régulière,5,0.2,1.59,237.0,-0.0,55.0,237.0
Bradley,Team Liquid Challengers,NACL,Top,NACL Summer · saison régulière,36,0.75,3.36,223.0,10.0,54.0,233.0
Meech,Disguised,NACL,ADC,NACL Summer · saison régulière,36,0.639,4.37,235.0,-4.0,54.0,231.0
Minui,Cincinnati Fear,NACL,ADC,NACL Summer · saison régulière,36,0.583,3.6,221.0,-2.0,54.0,219.0
Perry,Cincinnati Fear,NACL,Jungle,NACL Summer · saison régulière,36,0.583,3.63,220.0,-2.0,54.0,218.0
Amazo,Team Tony Top,NACL,Jungle,NACL Summer · saison régulière,7,0.714,6.15,213.0,3.0,55.0,216.0
Keel,Wildcard Gaming,NACL,Jungle,NACL Summer · saison régulière,36,0.528,3.82,208.0,5.0,54.0,213.0
Faisal,FlyQuest NZXT,NACL,Top,NACL Summer · saison régulière,36,0.667,3.44,213.0,0.0,54.0,213.0
Philip,Cincinnati Fear,NACL,Top,NACL Summer · saison régulière,36,0.583,2.88,196.0,-2.0,54.0,194.0
Yuuji,FlyQuest NZXT,NACL,Jungle,NACL Summer · saison régulière,36,0.667,4.49,193.0,0.0,54.0,193.0
Kim Down,Team Liquid Challengers,NACL,Support,NACL Summer · saison régulière,36,0.75,4.32,180.0,10.0,54.0,190.0
Massu,FlyQuest NZXT,NACL,ADC,NACL Summer · saison régulière,36,0.667,3.58,184.0,0.0,54.0,184.0
Lens,Wildcard Gaming,NACL,ADC,NACL Summer · saison régulière,36,0.528,4.17,177.0,5.0,54.0,182.0
Snow2,Team Ambition,NACL,Support,NACL Summer · saison régulière,7,0.714,4.95,178.0,3.0,55.0,181.0
donbray,Wildcard Gaming,NACL,Support,NACL Summer · saison régulière,30,0.533,3.06,166.0,6.0,54.0,172.0
Zyko,Maryville University,NACL,Support,NACL Summer · saison régulière,47,0.426,3.25,187.0,-16.0,54.0,171.0
Spirax,FlyQuest NZXT,NACL,Mid,NACL Summer · saison régulière,36,0.667,3.36,170.0,0.0,54.0,170.0
Soligo,Wildcard Gaming,NACL,Mid,NACL Summer · saison régulière,36,0.528,3.56,165.0,5.0,54.0,170.0
Duoking1,Team E Turner,NACL,Support,NACL Summer · saison régulière,6,0.5,2.79,169.0,-1.0,55.0,168.0
Breezy,AOE Gold,NACL,Support,NACL Summer · saison régulière,36,0.444,3.65,163.0,3.0,54.0,166.0
Qwacker,Supernova,NACL,Top,NACL Summer · saison régulière,43,0.372,2.2,162.0,2.0,54.0,164.0
RoseThorn,Team Fish Taco,NACL,Jungle,NACL Summer · saison régulière,36,0.278,2.4,153.0,6.0,54.0,159.0
Zamudo,Wildcard Gaming,NACL,Top,NACL Summer · saison régulière,36,0.528,2.53,152.0,5.0,54.0,157.0
Srtty,Evil Geniuses Challengers,NACL,Top,NACL Summer · saison régulière,26,0.462,3.49,142.0,8.0,54.0,150.0
Young,Disguised,NACL,Mid,NACL Summer · saison régulière,36,0.639,4.21,153.0,-4.0,54.0,149.0
Niles,Maryville University,NACL,Top,NACL Summer · saison régulière,47,0.426,2.54,164.0,-16.0,54.0,148.0
Tony Top,Team Tony Top,NACL,Top,NACL Summer · saison régulière,7,0.714,2.5,128.0,3.0,55.0,131.0
JayJ,Cincinnati Fear,NACL,Support,NACL Summer · saison régulière,36,0.583,3.99,132.0,-2.0,54.0,130.0
ScaryJerry,Maryville University,NACL,ADC,NACL Summer · saison régulière,47,0.426,3.26,143.0,-16.0,54.0,127.0
links,AOE Gold,NACL,ADC,NACL Summer · saison régulière,41,0.512,3.56,114.0,12.0,54.0,126.0
Levitate,Team Ambition,NACL,ADC,NACL Summer · saison régulière,7,0.714,5.67,113.0,3.0,55.0,116.0
Getback,Maryville University,NACL,Mid,NACL Summer · saison régulière,47,0.426,3.03,131.0,-16.0,54.0,115.0
Smoothie,Evil Geniuses Challengers,NACL,Support,NACL Summer · saison régulière,36,0.444,3.6,110.0,2.0,54.0,112.0
Trevor,Supernova,NACL,Support,NACL Summer · saison régulière,36,0.306,2.5,113.0,-3.0,54.0,110.0
OddOrange,Maryville University,NACL,Jungle,NACL Summer · saison régulière,47,0.426,3.42,115.0,-16.0,54.0,99.0
winnie,AOE Gold,NACL,Jungle,NACL Summer · saison régulière,7,0.714,2.96,88.0,6.0,55.0,94.0
Daption,Miracle,NACL,Support,NACL Summer · saison régulière,11,0.454,1.54,97.0,-5.0,55.0,92.0
Sheiden,Evil Geniuses,LCS,Jungle,NACL Summer · saison régulière,36,0.444,3.23,80.0,2.0,54.0,82.0
Ryoma,Evil Geniuses Challengers,NACL,Mid,NACL Summer · saison régulière,36,0.444,2.55,79.0,2.0,54.0,81.0
DARKWINGS,AOE Gold,NACL,Mid,NACL Summer · saison régulière,43,0.488,3.16,58.0,9.0,54.0,67.0
Music,Supernova,NACL,Jungle,NACL Summer · saison régulière,36,0.306,2.53,70.0,-3.0,54.0,67.0
SkyTec,AOE Gold,NACL,Support,NACL Summer · saison régulière,7,0.714,3.26,58.0,6.0,55.0,64.0
EU Red,Team Fish Taco,NACL,ADC,NACL Summer · saison régulière,11,0.454,3.33,63.0,-5.0,55.0,58.0
Rovex,Team Coachify,NACL,Support,NACL Summer · saison régulière,8,0.375,3.45,53.0,4.0,55.0,57.0
Azog,Supernova,NACL,ADC,NACL Summer · saison régulière,9,0.556,5.04,59.0,-3.0,55.0,56.0
Concept,AOE Gold,NACL,Top,NACL Summer · saison régulière,36,0.444,1.91,39.0,3.0,54.0,42.0
RobbyBob,Supernova,NACL,Mid,NACL Summer · saison régulière,47,0.34,2.26,32.0,-8.0,54.0,24.0
Spawn,Team Fish Taco,NACL,ADC,NACL Summer · saison régulière,36,0.278,3.88,3.0,6.0,54.0,9.0
Onat,Team Fish Taco,NACL,Mid,NACL Summer · saison régulière,45,0.333,3.28,4.0,3.0,54.0,7.0
Kisno,LiT Esports,NACL,Jungle,NACL Summer · saison régulière,9,0.556,3.06,8.0,-3.0,55.0,5.0
Hyper,CCG Esports,NACL,Jungle,NACL Summer · saison régulière,4,0.0,2.07,-4.0,-5.0,55.0,-9.0
Will,AOE Gold,NACL,Jungle,NACL Summer · saison régulière,36,0.444,3.85,-18.0,3.0,54.0,-15.0
Kaido,Team Coachify,NACL,Jungle,NACL Summer · saison régulière,8,0.375,2.18,-56.0,4.0,55.0,-52.0
Sword,Winthrop University,NACL,Support,NACL Summer · saison régulière,4,0.0,1.79,-84.0,-5.0,55.0,-89.0
nari,Team Liquid First,NACL,ADC,NACL Summer · saison régulière,8,0.375,2.79,-154.0,4.0,55.0,-150.0
lunacia,Team Fish Taco,NACL,Top,NACL Summer · saison régulière,34,0.294,1.94,-165.0,2.0,54.0,-163.0
Instinct,FLY FAM,NACL,ADC,NACL Summer · saison régulière,4,0.0,1.71,-210.0,-5.0,55.0,-215.0
Nxi,Team Fish Taco,NACL,Jungle,NACL Summer · saison régulière,41,0.268,2.68,-280.0,6.0,54.0,-274.0
Sketch,Supernova,NACL,ADC,NACL Summer · saison régulière,41,0.293,2.19,-273.0,-4.0,54.0,-277.0
Airren,CB Gaming,NACL,ADC,NACL Summer · saison régulière,5,0.2,1.5,-290.0,-0.0,55.0,-290.0
Blazze,FLY FAM,NACL,Mid,NACL Summer · saison régulière,4,0.0,1.33,-297.0,-5.0,55.0,-302.0
s0ul,Team Fish Taco,NACL,Top,NACL Summer · saison régulière,24,0.292,1.42,-333.0,-4.0,55.0,-337.0
Aspect,Team Liquid First,NACL,Mid,NACL Summer · saison régulière,8,0.375,3.3,-405.0,4.0,55.0,-401.0
Bejjaniii,PÊEK Gaming,LRN,Top,NACL Summer · saison régulière,5,0.2,1.69,-422.0,-0.0,55.0,-422.0
Neo,Mirage Alliance,NACL,ADC,NACL · saison régulière,32,0.812,5.36,398.0,6.0,54.0,404.0
Toasty,Team Coachify,NACL,Mid,NACL · saison régulière,13,0.615,4.17,385.0,9.0,55.0,394.0
Lawrence,Team Coachify,NACL,Top,NACL · saison régulière,21,0.524,2.95,362.0,9.0,55.0,371.0
Sudzzi,Mirage Alliance,NACL,Mid,NACL · saison régulière,57,0.737,4.18,365.0,6.0,54.0,371.0
Dardoch,Mirage Alliance,NACL,Jungle,NACL · saison régulière,55,0.727,4.82,316.0,9.0,54.0,325.0
Dragoon,LiT Esports,NACL,Top,NACL · saison régulière,42,0.667,3.59,278.0,10.0,54.0,288.0
Allorim,Mirage Alliance,NACL,Top,NACL · saison régulière,50,0.72,4.93,279.0,6.0,54.0,285.0
Denathor,Winthrop University,NACL,Top,NACL · saison régulière,43,0.581,3.75,263.0,3.0,54.0,266.0
Chad,Mirage Alliance,NACL,Jungle,NACL · saison régulière,32,0.812,3.89,255.0,6.0,54.0,261.0
Chookies,Winthrop University,NACL,Support,NACL · saison régulière,54,0.611,4.26,247.0,6.0,54.0,253.0
Messages,LiT Esports,NACL,Mid,NACL · saison régulière,37,0.676,3.84,237.0,8.0,54.0,245.0
Frost4,Team Coachify,NACL,Jungle,NACL · saison régulière,32,0.5,3.65,236.0,5.0,54.0,241.0
Zyko,Maryville University,NACL,Support,NACL · saison régulière,25,0.84,6.67,187.0,26.0,55.0,213.0
Amazo,Team Tony Top,NACL,Jungle,NACL · saison régulière,25,0.64,6.02,213.0,-0.0,55.0,213.0
winter,Team Fish Taco,NACL,Support,NACL · saison régulière,13,0.538,3.22,188.0,2.0,55.0,190.0
Porsche,Team Ambition,NACL,Top,NACL · saison régulière,40,0.55,3.34,187.0,3.0,54.0,190.0
Niles,Maryville University,NACL,Top,NACL · saison régulière,25,0.84,5.12,164.0,26.0,55.0,190.0
Wilson,Winthrop University,NACL,Jungle,NACL · saison régulière,49,0.571,3.46,181.0,3.0,54.0,184.0
Snow2,Team Ambition,NACL,Support,NACL · saison régulière,61,0.59,3.04,178.0,2.0,54.0,180.0
Duoking1,Team E Turner,NACL,Support,NACL · saison régulière,4,1.0,6.55,169.0,5.0,55.0,174.0
Yama,CCG Esports,NACL,Support,NACL · saison régulière,11,0.546,3.28,168.0,2.0,55.0,170.0
Qwacker,Supernova,NACL,Top,NACL · saison régulière,22,0.454,2.53,162.0,7.0,55.0,169.0
ScaryJerry,Maryville University,NACL,ADC,NACL · saison régulière,25,0.84,8.38,143.0,26.0,55.0,169.0
Getback,Maryville University,NACL,Mid,NACL · saison régulière,25,0.84,9.31,131.0,26.0,55.0,157.0
RoseThorn,Team Fish Taco,NACL,Jungle,NACL · saison régulière,4,0.0,1.42,153.0,-4.0,55.0,149.0
Rocks908,Rock Bottom Esports,NACL,Support,NACL · saison régulière,13,0.538,2.95,139.0,3.0,55.0,142.0
Scoooped,Gentle Hearts Gaming,NACL,ADC,NACL · saison régulière,33,0.546,3.72,142.0,0.0,54.0,142.0
OddOrange,Maryville University,NACL,Jungle,NACL · saison régulière,25,0.84,5.89,115.0,26.0,55.0,141.0
Rhino,Native Gaming,NACL,Support,NACL · saison régulière,15,0.6,3.9,135.0,-1.0,55.0,134.0
Tony Top,Team Tony Top,NACL,Top,NACL · saison régulière,25,0.64,3.18,128.0,-0.0,55.0,128.0
DNA,Rock Bottom Esports,NACL,Mid,NACL · saison régulière,13,0.538,2.45,122.0,3.0,55.0,125.0
Trevor,Supernova,NACL,Support,NACL · saison régulière,11,0.364,2.52,113.0,4.0,55.0,117.0
Fanatiik,Native Gaming,NACL,Jungle,NACL · saison régulière,15,0.6,4.14,117.0,-1.0,55.0,116.0
Levitate,Team Ambition,NACL,ADC,NACL · saison régulière,59,0.576,3.44,113.0,-0.0,54.0,113.0
KryRa,The Cheese Chasers,NACL,Jungle,NACL · saison régulière,10,0.5,4.88,110.0,1.0,55.0,111.0
Pockus,Apex Mission Impossible,NACL,Support,NACL · saison régulière,29,0.448,4.95,104.0,0.0,54.0,104.0
EvanRL,Kelyx's Grandpa Gamers,NACL,ADC,NACL · saison régulière,14,0.5,3.54,102.0,0.0,55.0,102.0
Daption,Miracle,NACL,Support,NACL · saison régulière,29,0.552,4.27,97.0,4.0,54.0,101.0
Yunbee,CCG Esports,NACL,Mid,NACL · saison régulière,18,0.5,3.29,102.0,-2.0,55.0,100.0
Leemo,Team Ambition,NACL,Jungle,NACL · saison régulière,36,0.556,3.16,98.0,2.0,54.0,100.0
Aang,University of St. Trevor,NACL,ADC,NACL · saison régulière,11,0.546,2.36,98.0,2.0,55.0,100.0
Kachu,Team Ambition,NACL,Mid,NACL · saison régulière,50,0.52,2.92,93.0,2.0,54.0,95.0
Bazz,Apex Mission Impossible,NACL,ADC,NACL · saison régulière,19,0.474,5.5,91.0,2.0,55.0,93.0
SophistSage,CCG Esports,NACL,ADC,NACL · saison régulière,18,0.5,4.45,88.0,-2.0,55.0,86.0
Music,Supernova,NACL,Jungle,NACL · saison régulière,24,0.458,3.62,70.0,7.0,55.0,77.0
ROCKBOOM,LiT Esports,NACL,ADC,NACL · saison régulière,29,0.517,3.61,72.0,2.0,54.0,74.0
Regedice,Apex Mission Impossible,NACL,Jungle,NACL · saison régulière,10,0.5,3.88,71.0,1.0,55.0,72.0
Rovex,Team Coachify,NACL,Support,NACL · saison régulière,18,0.611,6.92,53.0,13.0,55.0,66.0
Sarcasm,Komodo,NACL,Jungle,NACL · saison régulière,25,0.44,3.69,63.0,2.0,54.0,65.0
EU Red,Team Fish Taco,NACL,ADC,NACL · saison régulière,25,0.56,4.06,63.0,2.0,55.0,65.0
Azog,Supernova,NACL,ADC,NACL · saison régulière,20,0.6,4.1,59.0,1.0,55.0,60.0
Comp9,Team E Turner,NACL,Mid,NACL · saison régulière,14,0.5,2.85,48.0,-1.0,55.0,47.0
Cozy,Team Ambition,NACL,Top,NACL · saison régulière,18,0.444,2.24,45.0,2.0,55.0,47.0
sajed,LiT Esports,NACL,ADC,NACL · saison régulière,27,0.518,3.22,39.0,3.0,54.0,42.0
RobbyBob,Supernova,NACL,Mid,NACL · saison régulière,32,0.531,3.19,32.0,8.0,54.0,40.0
Dragonmin,CCG Esports,NACL,Jungle,NACL · saison régulière,18,0.5,3.12,38.0,-2.0,55.0,36.0
Tub,CCG Esports,NACL,Support,NACL · saison régulière,14,0.429,4.64,31.0,-2.0,55.0,29.0
Kolthro,CB Gaming,NACL,Jungle,NACL · saison régulière,12,0.417,2.79,16.0,2.0,55.0,18.0
Forsen,CB Gaming,NACL,ADC,NACL · saison régulière,12,0.417,3.34,13.0,2.0,55.0,15.0
PCL,Rock Bottom Esports,NACL,Top,NACL · saison régulière,11,0.454,2.41,13.0,-0.0,55.0,13.0
Kisno,LiT Esports,NACL,Jungle,NACL · saison régulière,43,0.581,3.72,8.0,-1.0,54.0,7.0
Diesel,Teamless Revenge,NACL,Top,NACL · saison régulière,14,0.429,2.89,4.0,-3.0,55.0,1.0
Onat,Team Fish Taco,NACL,Mid,NACL · saison régulière,24,0.5,3.73,4.0,-3.0,55.0,1.0
Dec0y,Apex Mission Impossible,NACL,Top,NACL · saison régulière,22,0.454,2.58,-0.0,-0.0,55.0,-0.0
Spawn,Team Fish Taco,NACL,ADC,NACL · saison régulière,4,0.0,1.82,3.0,-4.0,55.0,-1.0
Hyper,CCG Esports,NACL,Jungle,NACL · saison régulière,9,0.556,2.38,-4.0,2.0,55.0,-2.0
Mobility,Winthrop University,NACL,ADC,NACL · saison régulière,35,0.6,6.61,-14.0,3.0,54.0,-11.0
Berik,Gentle Hearts Gaming,NACL,Top,NACL · saison régulière,30,0.433,2.81,-14.0,-4.0,54.0,-18.0
Sandwitch,Gentle Hearts Gaming,NACL,Support,NACL · saison régulière,29,0.414,3.28,-25.0,-3.0,54.0,-28.0
InoriB,Teamless Revenge,NACL,ADC,NACL · saison régulière,14,0.429,2.75,-26.0,-3.0,55.0,-29.0
Plux,LiT Esports,NACL,Support,NACL · saison régulière,14,0.714,3.03,-40.0,6.0,55.0,-34.0
SappyMS,Team Plink,NACL,Top,NACL · saison régulière,10,0.4,2.85,-30.0,-6.0,55.0,-36.0
Mixtsure,CB Gaming,NACL,Support,NACL · saison régulière,11,0.273,2.73,-45.0,0.0,55.0,-45.0
Pluto1,Froggy Five,NACL,Support,NACL · saison régulière,26,0.423,2.51,-45.0,-0.0,54.0,-45.0
Kaido,Team Coachify,NACL,Jungle,NACL · saison régulière,21,0.524,4.62,-56.0,9.0,55.0,-47.0
dtro,CCG Esports,NACL,Support,NACL · saison régulière,16,0.438,2.83,-46.0,-3.0,55.0,-49.0
Avano,Winthrop University,NACL,Mid,NACL · saison régulière,13,0.385,2.64,-46.0,-3.0,55.0,-49.0
Kitzuo,Komodo,NACL,Jungle,NACL · saison régulière,23,0.348,2.68,-48.0,-5.0,55.0,-53.0
Ariendel,Apex Mission Impossible,NACL,Mid,NACL · saison régulière,31,0.419,3.11,-57.0,-3.0,54.0,-60.0
Klexo,CB Gaming,NACL,Mid,NACL · saison régulière,11,0.273,1.88,-61.0,0.0,55.0,-61.0
LastDanceDF,Miracle,NACL,ADC,NACL · saison régulière,12,0.333,3.77,-61.0,-4.0,55.0,-65.0
Mabud,Komodo,NACL,Top,NACL · saison régulière,20,0.4,2.26,-66.0,-4.0,55.0,-70.0
Shockey,CCG Esports,NACL,Top,NACL · saison régulière,31,0.484,2.65,-71.0,-6.0,54.0,-77.0
Sword,Winthrop University,NACL,Support,NACL · saison régulière,33,0.576,4.42,-84.0,1.0,54.0,-83.0
Chaye,LiT Esports,NACL,Support,NACL · saison régulière,25,0.48,2.21,-85.0,1.0,55.0,-84.0
BoilTheOil,Young Buffalos,NACL,Top,NACL · saison régulière,11,0.273,3.25,-81.0,-3.0,55.0,-84.0
Vakin,Team E Turner,NACL,Jungle,NACL · saison régulière,10,0.4,2.95,-86.0,-6.0,55.0,-92.0
RBM,Kelyx's Grandpa Gamers,NACL,Jungle,NACL · saison régulière,15,0.4,2.01,-94.0,-1.0,55.0,-95.0
AoJune,The Cheese Chasers,NACL,Mid,NACL · saison régulière,21,0.333,2.38,-92.0,-4.0,55.0,-96.0
Geiger,CB Gaming,NACL,Top,NACL · saison régulière,14,0.357,1.89,-99.0,-0.0,55.0,-99.0
Enthralled,Aporia,NACL,ADC,NACL · saison régulière,18,0.278,2.22,-101.0,-2.0,55.0,-103.0
ZKG,Komodo,NACL,ADC,NACL · saison régulière,16,0.375,2.13,-103.0,-4.0,55.0,-107.0
Lunar,CCG Esports,NACL,ADC,NACL · saison régulière,16,0.375,3.07,-109.0,-5.0,55.0,-114.0
Zach,Winthrop University,NACL,Mid,NACL · saison régulière,19,0.421,1.89,-119.0,-1.0,55.0,-120.0
Rain1,CCG Esports,NACL,Mid,NACL · saison régulière,16,0.375,2.72,-119.0,-5.0,55.0,-124.0
Clyde,Teamless Revenge,NACL,Support,NACL · saison régulière,16,0.312,2.4,-123.0,-4.0,55.0,-127.0
Menace,Kelyx's Grandpa Gamers,NACL,Support,NACL · saison régulière,13,0.385,2.53,-130.0,-6.0,55.0,-136.0
Kenji,Komodo,NACL,Support,NACL · saison régulière,18,0.333,3.51,-133.0,-8.0,55.0,-141.0
kurulean,Young Buffalos,NACL,Support,NACL · saison régulière,19,0.316,1.74,-147.0,-1.0,55.0,-148.0
Zev,Return of the Middlesticks,NACL,ADC,NACL · saison régulière,23,0.348,3.09,-150.0,-5.0,55.0,-155.0
Munchy,CCG Esports,NACL,Jungle,NACL · saison régulière,28,0.393,2.56,-155.0,-4.0,54.0,-159.0
IamSunlight,Kelyx's Grandpa Gamers,NACL,Top,NACL · saison régulière,20,0.35,2.58,-152.0,-8.0,55.0,-160.0
Doxa,Komodo,NACL,Mid,NACL · saison régulière,12,0.333,2.02,-155.0,-5.0,55.0,-160.0
Nemesis9,Froggy Five,NACL,Mid,NACL · saison régulière,21,0.381,2.6,-158.0,-7.0,55.0,-165.0
lunacia,Team Fish Taco,NACL,Top,NACL · saison régulière,2,0.0,0.82,-165.0,-3.0,55.0,-168.0
Hyphe,Apex Mission Impossible,NACL,Jungle,NACL · saison régulière,16,0.312,1.99,-171.0,-7.0,55.0,-178.0
Nightstar,Conviction,NACL,ADC,NACL · saison régulière,11,0.182,2.84,-185.0,-5.0,55.0,-190.0
omly,Kelyx's Grandpa Gamers,NACL,Mid,NACL · saison régulière,20,0.35,2.5,-211.0,-8.0,55.0,-219.0
Town,CLG Faith,NACL,Mid,NACL · saison régulière,4,0.5,4.57,-228.0,2.0,55.0,-226.0
XiaoDanny,Aporia,NACL,Mid,NACL · saison régulière,23,0.261,2.2,-234.0,-5.0,55.0,-239.0
Excelsis,Aporia,NACL,Jungle,NACL · saison régulière,11,0.273,2.41,-241.0,-8.0,55.0,-249.0
LJX,Team Coachify,NACL,ADC,NACL · saison régulière,9,0.333,2.36,-260.0,1.0,55.0,-259.0
Livatious,Aporia,NACL,Top,NACL · saison régulière,21,0.286,1.71,-252.0,-7.0,55.0,-259.0
Sketch,Supernova,NACL,ADC,NACL · saison régulière,11,0.364,4.13,-273.0,4.0,55.0,-269.0
Nxi,Team Fish Taco,NACL,Jungle,NACL · saison régulière,4,0.0,1.57,-280.0,-4.0,55.0,-284.0
Airren,CB Gaming,NACL,ADC,NACL · saison régulière,8,0.375,2.61,-290.0,-0.0,55.0,-290.0
Bejjaniii,PÊEK Gaming,LRN,Top,NACL · saison régulière,2,1.0,2.5,-422.0,3.0,55.0,-419.0
Aaron,Dango SB,NEXO,ADC,NEXO Split 1 · saison régulière,9,0.667,9.27,-146.0,4.0,55.0,-142.0
Piku,Oxygen Kumiho,NEXO,Mid,NEXO Split 1 · saison régulière,7,0.857,3.14,-222.0,3.0,55.0,-219.0
Aizhon,Dango SB,NEXO,Support,NEXO Split 1 · saison régulière,9,0.667,10.27,-231.0,4.0,55.0,-227.0
Kurilius,Kawaii Kiwis,NEXO,ADC,NEXO Split 1 · saison régulière,11,0.454,4.15,-267.0,-2.0,55.0,-269.0
Parlita,Oxygen Kumiho,NEXO,Top,NEXO Split 1 · saison régulière,12,0.667,2.26,-287.0,3.0,55.0,-284.0
Eskiper,Dream Makers,NEXO,Support,NEXO Split 1 · saison régulière,6,0.333,2.0,-297.0,-2.0,55.0,-299.0
Emvipi,Kawaii Kiwis,NEXO,Jungle,NEXO Split 1 · saison régulière,11,0.454,3.61,-319.0,-2.0,55.0,-321.0
Whyx,Kawaii Kiwis,NEXO,Support,NEXO Split 1 · saison régulière,11,0.454,3.0,-326.0,-2.0,55.0,-328.0
Nasser,Dango SB,NEXO,Jungle,NEXO Split 1 · saison régulière,9,0.667,5.53,-357.0,4.0,55.0,-353.0
Kandar,Oxygen Kumiho,NEXO,Support,NEXO Split 1 · saison régulière,12,0.667,2.36,-357.0,3.0,55.0,-354.0
Marcv1,Oxygen Kumiho,NEXO,ADC,NEXO Split 1 · saison régulière,12,0.667,7.27,-389.0,3.0,55.0,-386.0
Zherathor,Dango SB,NEXO,Mid,NEXO Split 1 · saison régulière,9,0.667,4.6,-394.0,4.0,55.0,-390.0
Jervo,Dango SB,NEXO,Top,NEXO Split 1 · saison régulière,9,0.667,3.8,-400.0,4.0,55.0,-396.0
Yonna,Heracles Gaming,NEXO,Support,NEXO Split 1 · saison régulière,6,0.333,2.92,-420.0,-2.0,55.0,-422.0
Tikyl,Oxygen Kumiho,NEXO,Jungle,NEXO Split 1 · saison régulière,12,0.667,3.21,-428.0,3.0,55.0,-425.0
escoX,Erfolg Esports,NEXO,Support,NEXO Split 1 · saison régulière,8,0.625,3.33,-447.0,2.0,55.0,-445.0
DoubleB,Erfolg Esports,NEXO,Top,NEXO Split 1 · saison régulière,8,0.625,4.63,-449.0,2.0,55.0,-447.0
F3IV,Erfolg Esports,NEXO,ADC,NEXO Split 1 · saison régulière,8,0.625,3.37,-461.0,2.0,55.0,-459.0
Rewound,Dream Makers,NEXO,Jungle,NEXO Split 1 · saison régulière,6,0.333,2.11,-458.0,-2.0,55.0,-460.0
Dani,Kawaii Kiwis,NEXO,Top,NEXO Split 1 · saison régulière,11,0.454,3.29,-460.0,-2.0,55.0,-462.0
Serch,Erfolg Esports,NEXO,Mid,NEXO Split 1 · saison régulière,8,0.625,2.97,-477.0,2.0,55.0,-475.0
Nae,Kawaii Kiwis,NEXO,Mid,NEXO Split 1 · saison régulière,11,0.454,3.34,-488.0,-2.0,55.0,-490.0
topo,Universae Instituto FP,NEXO,Top,NEXO Split 1 · saison régulière,6,0.333,2.12,-495.0,-1.0,55.0,-496.0
Knika,UCAM Esports Academy,NEXO,Top,NEXO Split 1 · saison régulière,6,0.333,1.21,-497.0,-1.0,55.0,-498.0
Poweh,Heracles Gaming,NEXO,Top,NEXO Split 1 · saison régulière,6,0.333,1.96,-540.0,-2.0,55.0,-542.0
Ivama,Erfolg Esports,NEXO,Jungle,NEXO Split 1 · saison régulière,8,0.625,3.23,-549.0,2.0,55.0,-547.0
ALNSHT,Universae Instituto FP,NEXO,ADC,NEXO Split 1 · saison régulière,6,0.333,2.92,-582.0,-1.0,55.0,-583.0
Boohis,Universae Instituto FP,NEXO,Support,NEXO Split 1 · saison régulière,6,0.333,3.47,-582.0,-1.0,55.0,-583.0
Aronid,Oxygen Kumiho,NEXO,Mid,NEXO Split 1 · saison régulière,5,0.4,6.14,-590.0,-0.0,55.0,-590.0
Opeduy,Heracles Gaming,NEXO,Mid,NEXO Split 1 · saison régulière,6,0.333,3.47,-609.0,-2.0,55.0,-611.0
Lisbd,UCAM Esports Academy,NEXO,ADC,NEXO Split 1 · saison régulière,6,0.333,4.46,-627.0,-1.0,55.0,-628.0
GRX,UCAM Esports Academy,NEXO,Jungle,NEXO Split 1 · saison régulière,6,0.333,2.4,-655.0,-1.0,55.0,-656.0
Rainn,UCAM Esports Academy,NEXO,Support,NEXO Split 1 · saison régulière,6,0.333,3.5,-784.0,-1.0,55.0,-785.0
selenex,Kawaii Kiwis,NEXO,Top,NEXO Split 2 · playoffs,7,0.857,4.38,-123.0,6.0,55.0,-117.0
Infinity,Kawaii Kiwis,NEXO,Jungle,NEXO Split 2 · playoffs,7,0.857,8.93,-131.0,6.0,55.0,-125.0
Rito,Kawaii Kiwis,NEXO,Support,NEXO Split 2 · playoffs,7,0.857,5.35,-152.0,6.0,55.0,-146.0
Aaron,Dango SB,NEXO,ADC,NEXO Split 2 · playoffs,5,0.4,4.67,-146.0,-0.0,55.0,-146.0
Macaquinho,Kawaii Kiwis,NEXO,Mid,NEXO Split 2 · playoffs,7,0.857,7.2,-159.0,6.0,55.0,-153.0
Indr4,ECORP,NEXO,Jungle,NEXO Split 2 · playoffs,11,0.546,3.0,-214.0,-4.0,55.0,-218.0
Niño Palo,Stormbringers,NEXO,ADC,NEXO Split 2 · playoffs,11,0.546,3.53,-242.0,-4.0,55.0,-246.0
Hunter,ECORP,NEXO,Top,NEXO Split 2 · playoffs,3,0.333,4.2,-278.0,0.0,55.0,-278.0
Clover7,DMG Esports,NLC,Mid,NEXO Split 2 · playoffs,5,0.4,3.79,-286.0,-0.0,55.0,-286.0
Parlita,Oxygen Kumiho,NEXO,Top,NEXO Split 2 · playoffs,6,0.333,1.65,-287.0,-3.0,55.0,-290.0
Make,Stormbringers,NEXO,Support,NEXO Split 2 · playoffs,11,0.546,2.72,-293.0,-4.0,55.0,-297.0
Eskiper,Dream Makers,NEXO,Support,NEXO Split 2 · playoffs,5,0.4,3.12,-297.0,-0.0,55.0,-297.0
Valans,Fnatic TQ,NEXO,Mid,NEXO Split 2 · playoffs,11,0.546,2.68,-315.0,-4.0,55.0,-319.0
Kaii,Kawaii Kiwis,NEXO,ADC,NEXO Split 2 · playoffs,7,0.857,6.19,-336.0,6.0,55.0,-330.0
Ethe,Hijos De Patria,NEXO,Top,NEXO Split 2 · playoffs,5,0.4,1.95,-344.0,-0.0,55.0,-344.0
Jiahao,Oxygen Valiants,NEXO,Jungle,NEXO Split 2 · playoffs,5,0.4,2.38,-344.0,-0.0,55.0,-344.0
Marcv1,Oxygen Kumiho,NEXO,ADC,NEXO Split 2 · playoffs,2,0.0,1.38,-389.0,1.0,55.0,-388.0
Rubenxico,BISONS ECLUB,NEXO,Top,NEXO Split 2 · playoffs,11,0.546,2.24,-395.0,-4.0,55.0,-399.0
Nox,Away from Normal,NEXO,Mid,NEXO Split 2 · playoffs,6,0.333,2.48,-408.0,-3.0,55.0,-411.0
Tikyl,Oxygen Kumiho,NEXO,Jungle,NEXO Split 2 · playoffs,6,0.333,2.15,-428.0,-3.0,55.0,-431.0
Venom,ECORP,NEXO,ADC,NEXO Split 2 · playoffs,3,0.333,3.57,-460.0,0.0,55.0,-460.0
Yoangi,Dream Makers,NEXO,ADC,NEXO Split 2 · playoffs,6,0.333,2.0,-468.0,-3.0,55.0,-471.0
naau,ECORP,NEXO,Jungle,NEXO Split 2 · playoffs,3,0.333,6.2,-475.0,0.0,55.0,-475.0
Nae,Kawaii Kiwis,NEXO,Mid,NEXO Split 2 · playoffs,3,0.333,1.73,-488.0,0.0,55.0,-488.0
YoOlek,Magna Esports,NEXO,Mid,NEXO Split 2 · playoffs,2,0.0,2.71,-529.0,1.0,55.0,-528.0
Aglaro,Heracles Gaming,NEXO,Support,NEXO Split 2 · playoffs,3,0.333,1.67,-529.0,0.0,55.0,-529.0
Pinkmin,Veni Vidi Vici,NEXO,Support,NEXO Split 2 · playoffs,6,0.333,2.17,-610.0,-3.0,55.0,-613.0
Junco,KODE Gaming,NEXO,Support,NEXO Split 2 · playoffs,2,0.0,2.75,-684.0,1.0,55.0,-683.0
Tempah,KODE Gaming,NEXO,Top,NEXO Split 2 · playoffs,2,0.0,3.6,-709.0,1.0,55.0,-708.0
Stargazer,KODE Gaming,NEXO,Jungle,NEXO Split 2 · playoffs,2,0.0,3.71,-765.0,1.0,55.0,-764.0
Nash1c,Guasones,LES,ADC,NEXO Split 2 · saison régulière,4,0.75,4.67,-90.0,1.0,55.0,-89.0
selenex,Kawaii Kiwis,NEXO,Top,NEXO Split 2 · saison régulière,11,0.727,2.97,-123.0,-1.0,55.0,-124.0
Infinity,Kawaii Kiwis,NEXO,Jungle,NEXO Split 2 · saison régulière,11,0.727,5.96,-131.0,-1.0,55.0,-132.0
Aaron,Dango SB,NEXO,ADC,NEXO Split 2 · saison régulière,11,0.727,9.82,-146.0,4.0,55.0,-142.0
Rito,Kawaii Kiwis,NEXO,Support,NEXO Split 2 · saison régulière,6,0.667,10.71,-152.0,-1.0,55.0,-153.0
Macaquinho,Kawaii Kiwis,NEXO,Mid,NEXO Split 2 · saison régulière,11,0.727,7.94,-159.0,-1.0,55.0,-160.0
Indr4,ECORP,NEXO,Jungle,NEXO Split 2 · saison régulière,10,0.8,5.14,-214.0,7.0,55.0,-207.0
Niño Palo,Stormbringers,NEXO,ADC,NEXO Split 2 · saison régulière,6,0.833,5.18,-242.0,6.0,55.0,-236.0
Modliszka,Venomcrest Esports,UL,Mid,NEXO Split 2 · saison régulière,3,1.0,6.25,-256.0,5.0,55.0,-251.0
Kurilius,Kawaii Kiwis,NEXO,ADC,NEXO Split 2 · saison régulière,11,0.546,4.69,-267.0,2.0,55.0,-265.0
Hunter,ECORP,NEXO,Top,NEXO Split 2 · saison régulière,8,0.5,3.37,-278.0,0.0,55.0,-278.0
Parlita,Oxygen Kumiho,NEXO,Top,NEXO Split 2 · saison régulière,9,0.667,2.5,-287.0,3.0,55.0,-284.0
Make,Stormbringers,NEXO,Support,NEXO Split 2 · saison régulière,10,0.8,3.81,-293.0,7.0,55.0,-286.0
Clover7,DMG Esports,NLC,Mid,NEXO Split 2 · saison régulière,8,0.625,2.88,-286.0,-1.0,55.0,-287.0
Eskiper,Dream Makers,NEXO,Support,NEXO Split 2 · saison régulière,11,0.727,4.5,-297.0,4.0,55.0,-293.0
Valans,Fnatic TQ,NEXO,Mid,NEXO Split 2 · saison régulière,10,0.8,4.88,-315.0,7.0,55.0,-308.0
Emvipi,Kawaii Kiwis,NEXO,Jungle,NEXO Split 2 · saison régulière,7,0.857,7.25,-319.0,3.0,55.0,-316.0
Whyx,Kawaii Kiwis,NEXO,Support,NEXO Split 2 · saison régulière,4,0.75,4.85,-326.0,5.0,55.0,-321.0
Kaii,Kawaii Kiwis,NEXO,ADC,NEXO Split 2 · saison régulière,11,0.727,5.04,-336.0,-1.0,55.0,-337.0
Ethe,Hijos De Patria,NEXO,Top,NEXO Split 2 · saison régulière,11,0.727,3.89,-344.0,4.0,55.0,-340.0
Jiahao,Oxygen Valiants,NEXO,Jungle,NEXO Split 2 · saison régulière,9,0.667,3.23,-344.0,1.0,55.0,-343.0
Kandar,Oxygen Kumiho,NEXO,Support,NEXO Split 2 · saison régulière,15,0.467,4.26,-357.0,0.0,55.0,-357.0
Kellie,ECORP,NEXO,Support,NEXO Split 2 · saison régulière,1,0.0,1.0,-358.0,-2.0,55.0,-360.0
Libra,Heracles Gaming,NEXO,Top,NEXO Split 2 · saison régulière,9,0.333,2.0,-362.0,-2.0,55.0,-364.0
Nacho,Taurus Esports,NEXO,Jungle,NEXO Split 2 · saison régulière,12,0.5,4.86,-368.0,0.0,55.0,-368.0
Cartamenio,Kumiho Esports,NEXO,Support,NEXO Split 2 · saison régulière,15,0.667,3.84,-378.0,0.0,55.0,-378.0
Rubenxico,BISONS ECLUB,NEXO,Top,NEXO Split 2 · saison régulière,10,0.8,3.42,-395.0,7.0,55.0,-388.0
Marcv1,Oxygen Kumiho,NEXO,ADC,NEXO Split 2 · saison régulière,8,0.375,2.86,-389.0,-0.0,55.0,-389.0
Shoolow,Dream Makers,NEXO,Jungle,NEXO Split 2 · saison régulière,1,1.0,13.0,-403.0,2.0,55.0,-401.0
Nox,Away from Normal,NEXO,Mid,NEXO Split 2 · saison régulière,5,0.8,5.4,-408.0,5.0,55.0,-403.0
Tikyl,Oxygen Kumiho,NEXO,Jungle,NEXO Split 2 · saison régulière,9,0.667,2.92,-428.0,3.0,55.0,-425.0
Rewound,Dream Makers,NEXO,Jungle,NEXO Split 2 · saison régulière,17,0.353,3.09,-458.0,-1.0,55.0,-459.0
Venom,ECORP,NEXO,ADC,NEXO Split 2 · saison régulière,8,0.5,3.43,-460.0,0.0,55.0,-460.0
Yoangi,Dream Makers,NEXO,ADC,NEXO Split 2 · saison régulière,9,0.667,3.9,-468.0,3.0,55.0,-465.0
naau,ECORP,NEXO,Jungle,NEXO Split 2 · saison régulière,8,0.5,2.74,-475.0,0.0,55.0,-475.0
Irfs,UCAM Esports Academy,NEXO,ADC,NEXO Split 2 · saison régulière,3,1.0,8.75,-483.0,3.0,55.0,-480.0
Nae,Kawaii Kiwis,NEXO,Mid,NEXO Split 2 · saison régulière,8,0.5,2.48,-488.0,0.0,55.0,-488.0
Knika,UCAM Esports Academy,NEXO,Top,NEXO Split 2 · saison régulière,7,0.857,4.75,-497.0,3.0,55.0,-494.0
Ruxal,UCAM Esports Academy,NEXO,Mid,NEXO Split 2 · saison régulière,20,0.45,4.32,-509.0,2.0,55.0,-507.0
Zaiiche,UCAM Esports Academy,NEXO,Top,NEXO Split 2 · saison régulière,20,0.45,2.92,-518.0,2.0,55.0,-516.0
YoOlek,Magna Esports,NEXO,Mid,NEXO Split 2 · saison régulière,8,0.375,1.54,-529.0,-0.0,55.0,-529.0
Aglaro,Heracles Gaming,NEXO,Support,NEXO Split 2 · saison régulière,8,0.5,2.79,-529.0,0.0,55.0,-529.0
Poweh,Heracles Gaming,NEXO,Top,NEXO Split 2 · saison régulière,12,0.5,2.5,-540.0,0.0,55.0,-540.0
Zekrosk,KODE Gaming,NEXO,ADC,NEXO Split 2 · saison régulière,6,0.0,2.42,-537.0,-4.0,55.0,-541.0
Ivama,Erfolg Esports,NEXO,Jungle,NEXO Split 2 · saison régulière,2,0.0,0.38,-549.0,-1.0,55.0,-550.0
Boohis,Universae Instituto FP,NEXO,Support,NEXO Split 2 · saison régulière,9,0.333,2.29,-582.0,-2.0,55.0,-584.0
ALNSHT,Universae Instituto FP,NEXO,ADC,NEXO Split 2 · saison régulière,4,0.25,2.79,-582.0,-3.0,55.0,-585.0
Aronid,Oxygen Kumiho,NEXO,Mid,NEXO Split 2 · saison régulière,7,0.143,2.7,-590.0,-4.0,55.0,-594.0
Kodo,PDK Sideral,NEXO,ADC,NEXO Split 2 · saison régulière,2,0.0,2.0,-597.0,-2.0,55.0,-599.0
Pinkmin,Veni Vidi Vici,NEXO,Support,NEXO Split 2 · saison régulière,9,0.667,2.62,-610.0,3.0,55.0,-607.0
Opeduy,Heracles Gaming,NEXO,Mid,NEXO Split 2 · saison régulière,11,0.636,3.92,-609.0,1.0,55.0,-608.0
Lisbd,UCAM Esports Academy,NEXO,ADC,NEXO Split 2 · saison régulière,17,0.353,3.4,-627.0,-1.0,55.0,-628.0
Mega,UCAM Esports Academy,NEXO,Support,NEXO Split 2 · saison régulière,13,0.231,2.52,-644.0,-6.0,55.0,-650.0
GRX,UCAM Esports Academy,NEXO,Jungle,NEXO Split 2 · saison régulière,3,1.0,8.5,-655.0,3.0,55.0,-652.0
Bogu,Taurus Esports,NEXO,Jungle,NEXO Split 2 · saison régulière,8,0.5,2.62,-670.0,-2.0,55.0,-672.0
Junco,KODE Gaming,NEXO,Support,NEXO Split 2 · saison régulière,8,0.125,2.64,-684.0,-4.0,55.0,-688.0
Tempah,KODE Gaming,NEXO,Top,NEXO Split 2 · saison régulière,14,0.214,1.93,-709.0,-4.0,55.0,-713.0
Stargazer,KODE Gaming,NEXO,Jungle,NEXO Split 2 · saison régulière,14,0.214,2.06,-765.0,-4.0,55.0,-769.0
selenex,Kawaii Kiwis,NEXO,Top,NEXO Split 3 · playoffs,4,0.25,1.64,-123.0,-7.0,55.0,-130.0
Aaron,Dango SB,NEXO,ADC,NEXO Split 3 · playoffs,10,0.8,7.25,-146.0,12.0,55.0,-134.0
Infinity,Kawaii Kiwis,NEXO,Jungle,NEXO Split 3 · playoffs,4,0.25,1.65,-131.0,-7.0,55.0,-138.0
Rito,Kawaii Kiwis,NEXO,Support,NEXO Split 3 · playoffs,4,0.25,3.3,-152.0,-7.0,55.0,-159.0
Macaquinho,Kawaii Kiwis,NEXO,Mid,NEXO Split 3 · playoffs,4,0.25,1.8,-159.0,-7.0,55.0,-166.0
Indr4,ECORP,NEXO,Jungle,NEXO Split 3 · playoffs,6,0.5,4.0,-214.0,-3.0,55.0,-217.0
Aizhon,Dango SB,NEXO,Support,NEXO Split 3 · playoffs,10,0.8,11.77,-231.0,12.0,55.0,-219.0
Piku,Oxygen Kumiho,NEXO,Mid,NEXO Split 3 · playoffs,6,0.5,4.64,-222.0,-3.0,55.0,-225.0
Jorx,Oxygen Valiants,NEXO,Jungle,NEXO Split 3 · playoffs,10,0.8,5.92,-270.0,12.0,55.0,-258.0
Noz2k,ECORP,NEXO,ADC,NEXO Split 3 · playoffs,6,0.5,5.21,-268.0,-3.0,55.0,-271.0
Universe,Ramboot Club,NEXO,Mid,NEXO Split 3 · playoffs,10,0.8,5.52,-286.0,12.0,55.0,-274.0
Parlita,Oxygen Kumiho,NEXO,Top,NEXO Split 3 · playoffs,10,0.8,2.97,-287.0,12.0,55.0,-275.0
Hunter,ECORP,NEXO,Top,NEXO Split 3 · playoffs,6,0.5,2.63,-278.0,-3.0,55.0,-281.0
Eskiper,Dream Makers,NEXO,Support,NEXO Split 3 · playoffs,8,0.5,3.0,-297.0,4.0,55.0,-293.0
Make,Stormbringers,NEXO,Support,NEXO Split 3 · playoffs,2,0.0,0.82,-293.0,-4.0,55.0,-297.0
Uthred,Bis Esports,NEXO,Top,NEXO Split 3 · playoffs,8,0.5,2.59,-311.0,4.0,55.0,-307.0
Carbono,Veni Vidi Vici,NEXO,Jungle,NEXO Split 3 · playoffs,8,0.5,3.68,-321.0,4.0,55.0,-317.0
Foxie,Bis Esports,NEXO,Mid,NEXO Split 3 · playoffs,8,0.5,2.89,-345.0,4.0,55.0,-341.0
Kaii,Kawaii Kiwis,NEXO,ADC,NEXO Split 3 · playoffs,4,0.25,2.07,-336.0,-7.0,55.0,-343.0
Sh3ry,Bis Esports,NEXO,ADC,NEXO Split 3 · playoffs,8,0.5,2.94,-363.0,4.0,55.0,-359.0
Kellie,ECORP,NEXO,Support,NEXO Split 3 · playoffs,6,0.5,4.88,-358.0,-3.0,55.0,-361.0
Libra,Heracles Gaming,NEXO,Top,NEXO Split 3 · playoffs,2,0.0,0.89,-362.0,-3.0,55.0,-365.0
Marcv1,Oxygen Kumiho,NEXO,ADC,NEXO Split 3 · playoffs,2,0.0,1.0,-389.0,-4.0,55.0,-393.0
Zherathor,Dango SB,NEXO,Mid,NEXO Split 3 · playoffs,2,0.0,0.67,-394.0,-4.0,55.0,-398.0
Rubenxico,BISONS ECLUB,NEXO,Top,NEXO Split 3 · playoffs,2,0.0,0.78,-395.0,-4.0,55.0,-399.0
Nox,Away from Normal,NEXO,Mid,NEXO Split 3 · playoffs,2,0.0,2.17,-408.0,-3.0,55.0,-411.0
Oda,Stormbringers,NEXO,Jungle,NEXO Split 3 · playoffs,2,0.0,2.0,-411.0,-4.0,55.0,-415.0
Yonna,Heracles Gaming,NEXO,Support,NEXO Split 3 · playoffs,2,0.0,1.44,-420.0,-3.0,55.0,-423.0
Rewound,Dream Makers,NEXO,Jungle,NEXO Split 3 · playoffs,2,0.0,1.12,-458.0,-3.0,55.0,-461.0
Yoangi,Dream Makers,NEXO,ADC,NEXO Split 3 · playoffs,2,0.0,1.3,-468.0,-3.0,55.0,-471.0
selenex,Kawaii Kiwis,NEXO,Top,NEXO Split 3 · saison régulière,9,0.778,4.2,-123.0,-0.0,55.0,-123.0
Infinity,Kawaii Kiwis,NEXO,Jungle,NEXO Split 3 · saison régulière,9,0.667,4.48,-131.0,-2.0,55.0,-133.0
Aaron,Dango SB,NEXO,ADC,NEXO Split 3 · saison régulière,8,0.375,4.25,-146.0,-5.0,55.0,-151.0
Rito,Kawaii Kiwis,NEXO,Support,NEXO Split 3 · saison régulière,11,0.727,6.12,-152.0,-2.0,55.0,-154.0
Macaquinho,Kawaii Kiwis,NEXO,Mid,NEXO Split 3 · saison régulière,11,0.727,5.17,-159.0,-2.0,55.0,-161.0
Indr4,ECORP,NEXO,Jungle,NEXO Split 3 · saison régulière,9,0.667,3.78,-214.0,2.0,55.0,-212.0
Piku,Oxygen Kumiho,NEXO,Mid,NEXO Split 3 · saison régulière,9,0.667,4.23,-222.0,2.0,55.0,-220.0
Aizhon,Dango SB,NEXO,Support,NEXO Split 3 · saison régulière,8,0.375,4.0,-231.0,-5.0,55.0,-236.0
Noz2k,ECORP,NEXO,ADC,NEXO Split 3 · saison régulière,9,0.667,4.19,-268.0,2.0,55.0,-266.0
Jorx,Oxygen Valiants,NEXO,Jungle,NEXO Split 3 · saison régulière,8,0.5,2.62,-270.0,-3.0,55.0,-273.0
Hunter,ECORP,NEXO,Top,NEXO Split 3 · saison régulière,9,0.667,3.58,-278.0,2.0,55.0,-276.0
Make,Stormbringers,NEXO,Support,NEXO Split 3 · saison régulière,8,0.625,6.25,-293.0,4.0,55.0,-289.0
Parlita,Oxygen Kumiho,NEXO,Top,NEXO Split 3 · saison régulière,6,0.5,3.64,-287.0,-2.0,55.0,-289.0
Universe,Ramboot Club,NEXO,Mid,NEXO Split 3 · saison régulière,9,0.444,4.13,-286.0,-5.0,55.0,-291.0
Eskiper,Dream Makers,NEXO,Support,NEXO Split 3 · saison régulière,11,0.727,5.19,-297.0,2.0,55.0,-295.0
Uthred,Bis Esports,NEXO,Top,NEXO Split 3 · saison régulière,11,0.727,4.21,-311.0,2.0,55.0,-309.0
Emvipi,Kawaii Kiwis,NEXO,Jungle,NEXO Split 3 · saison régulière,2,1.0,18.0,-319.0,-0.0,55.0,-319.0
Carbono,Veni Vidi Vici,NEXO,Jungle,NEXO Split 3 · saison régulière,11,0.727,5.13,-321.0,2.0,55.0,-319.0
Kaii,Kawaii Kiwis,NEXO,ADC,NEXO Split 3 · saison régulière,11,0.727,3.88,-336.0,-2.0,55.0,-338.0
Foxie,Bis Esports,NEXO,Mid,NEXO Split 3 · saison régulière,11,0.727,4.0,-345.0,2.0,55.0,-343.0
Ethe,Hijos De Patria,NEXO,Top,NEXO Split 3 · saison régulière,3,0.333,1.08,-344.0,-3.0,55.0,-347.0
Libra,Heracles Gaming,NEXO,Top,NEXO Split 3 · saison régulière,8,0.875,2.88,-362.0,8.0,55.0,-354.0
Kellie,ECORP,NEXO,Support,NEXO Split 3 · saison régulière,9,0.667,5.57,-358.0,2.0,55.0,-356.0
Sh3ry,Bis Esports,NEXO,ADC,NEXO Split 3 · saison régulière,11,0.727,4.24,-363.0,2.0,55.0,-361.0
Marcv1,Oxygen Kumiho,NEXO,ADC,NEXO Split 3 · saison régulière,9,0.667,3.39,-389.0,6.0,55.0,-383.0
Zherathor,Dango SB,NEXO,Mid,NEXO Split 3 · saison régulière,9,0.667,3.94,-394.0,6.0,55.0,-388.0
Rubenxico,BISONS ECLUB,NEXO,Top,NEXO Split 3 · saison régulière,8,0.625,2.26,-395.0,5.0,55.0,-390.0
Nox,Away from Normal,NEXO,Mid,NEXO Split 3 · saison régulière,11,0.727,7.47,-408.0,6.0,55.0,-402.0
Shoolow,Dream Makers,NEXO,Jungle,NEXO Split 3 · saison régulière,5,0.6,2.39,-403.0,-1.0,55.0,-404.0
Oda,Stormbringers,NEXO,Jungle,NEXO Split 3 · saison régulière,9,0.667,2.84,-411.0,6.0,55.0,-405.0
Yonna,Heracles Gaming,NEXO,Support,NEXO Split 3 · saison régulière,11,0.727,3.45,-420.0,6.0,55.0,-414.0
escoX,Erfolg Esports,NEXO,Support,NEXO Split 3 · saison régulière,9,0.333,2.86,-447.0,-1.0,55.0,-448.0
Rewound,Dream Makers,NEXO,Jungle,NEXO Split 3 · saison régulière,11,0.727,4.93,-458.0,6.0,55.0,-452.0
Dani,Kawaii Kiwis,NEXO,Top,NEXO Split 3 · saison régulière,2,0.5,5.33,-460.0,-2.0,55.0,-462.0
Yoangi,Dream Makers,NEXO,ADC,NEXO Split 3 · saison régulière,10,0.7,4.23,-468.0,5.0,55.0,-463.0
Serch,Erfolg Esports,NEXO,Mid,NEXO Split 3 · saison régulière,9,0.333,1.94,-477.0,-1.0,55.0,-478.0
Irfs,UCAM Esports Academy,NEXO,ADC,NEXO Split 3 · saison régulière,9,0.222,3.18,-483.0,-3.0,55.0,-486.0
topo,Universae Instituto FP,NEXO,Top,NEXO Split 3 · saison régulière,9,0.333,1.64,-495.0,-1.0,55.0,-496.0
Truncapochas,Dream Makers,NEXO,Jungle,NEXO Split 3 · saison régulière,4,0.0,1.8,-500.0,-0.0,55.0,-500.0
Ruxal,UCAM Esports Academy,NEXO,Mid,NEXO Split 3 · saison régulière,2,0.5,3.17,-509.0,-0.0,55.0,-509.0
Zaiiche,UCAM Esports Academy,NEXO,Top,NEXO Split 3 · saison régulière,9,0.222,2.14,-518.0,-3.0,55.0,-521.0
Zekrosk,KODE Gaming,NEXO,ADC,NEXO Split 3 · saison régulière,4,0.5,3.82,-537.0,3.0,55.0,-534.0
Kodo,PDK Sideral,NEXO,ADC,NEXO Split 3 · saison régulière,9,0.333,2.62,-597.0,-1.0,55.0,-598.0
Opeduy,Heracles Gaming,NEXO,Mid,NEXO Split 3 · saison régulière,7,0.143,3.12,-609.0,-3.0,55.0,-612.0
GRX,UCAM Esports Academy,NEXO,Jungle,NEXO Split 3 · saison régulière,9,0.222,4.11,-655.0,-3.0,55.0,-658.0
Bogu,Taurus Esports,NEXO,Jungle,NEXO Split 3 · saison régulière,9,0.111,1.78,-670.0,-4.0,55.0,-674.0
Junco,KODE Gaming,NEXO,Support,NEXO Split 3 · saison régulière,9,0.222,2.0,-684.0,-2.0,55.0,-686.0
Tempah,KODE Gaming,NEXO,Top,NEXO Split 3 · saison régulière,9,0.222,1.66,-709.0,-2.0,55.0,-711.0
Stargazer,KODE Gaming,NEXO,Jungle,NEXO Split 3 · saison régulière,9,0.222,1.94,-765.0,-2.0,55.0,-767.0
Rainn,UCAM Esports Academy,NEXO,Support,NEXO Split 3 · saison régulière,9,0.111,1.81,-784.0,-4.0,55.0,-788.0
Caliste,Karmine Corp,LFL,ADC,NL Spring · saison régulière,17,0.588,3.56,232.0,-1.0,55.0,231.0
Matias,Team du Sud,LFL,ADC,NL Spring · saison régulière,18,0.889,9.07,212.0,3.0,55.0,215.0
Boukada,Team du Sud,LFL,Jungle,NL Spring · saison régulière,18,0.889,10.7,183.0,3.0,55.0,186.0
Maynter,Team du Sud,LFL,Top,NL Spring · saison régulière,18,0.889,5.24,181.0,3.0,55.0,184.0
HONOR,Team du Sud,LFL,Support,NL Spring · saison régulière,18,0.889,9.43,155.0,3.0,55.0,158.0
Phantomles,GamerLegion,PRM,Mid,NL Spring · saison régulière,18,0.889,6.66,-2.0,3.0,55.0,1.0
mirrored,Lille Esport,NL,Mid,NL Spring · saison régulière,18,0.667,4.36,-44.0,1.0,55.0,-43.0
Kamiloo,Atletec,NL,Mid,NL Spring · saison régulière,18,0.333,2.57,-47.0,-4.0,55.0,-51.0
Myrtus,Atletec,NL,Support,NL Spring · saison régulière,18,0.389,2.55,-46.0,-7.0,55.0,-53.0
Smurfe,Lille Esport,NL,Top,NL Spring · saison régulière,18,0.667,2.41,-58.0,1.0,55.0,-57.0
S0bek,MHSC Esport,NL,Top,NL Spring · saison régulière,18,0.556,2.69,-62.0,1.0,55.0,-61.0
FSZ,MHSC Esport,NL,Mid,NL Spring · saison régulière,18,0.556,3.58,-63.0,1.0,55.0,-62.0
PiOk,MHSC Esport,NL,ADC,NL Spring · saison régulière,18,0.556,4.31,-70.0,1.0,55.0,-69.0
Axelent,Klanik Esport,NL,ADC,NL Spring · saison régulière,17,0.529,5.19,-82.0,6.0,55.0,-76.0
Godzilla,Joblife,NL,Mid,NL Spring · saison régulière,17,0.588,5.03,-79.0,3.0,55.0,-76.0
Seelame,Project Conquerors,NL,ADC,NL Spring · saison régulière,1,0.0,1.25,-82.0,-1.0,55.0,-83.0
Zaremba,MHSC Esport,NL,Support,NL Spring · saison régulière,18,0.556,4.48,-100.0,1.0,55.0,-99.0
Stormax,MHSC Esport,NL,Jungle,NL Spring · saison régulière,18,0.556,4.06,-101.0,1.0,55.0,-100.0
Deimos,Atletec,NL,Top,NL Spring · saison régulière,18,0.389,1.52,-93.0,-7.0,55.0,-100.0
Vespa,Lille Esport,NL,ADC,NL Spring · saison régulière,17,0.647,2.57,-106.0,2.0,55.0,-104.0
Benaset,Akroma,NL,Support,NL Spring · saison régulière,18,0.444,3.42,-114.0,6.0,55.0,-108.0
Julbu,Team 7AM,ESLOL,Jungle,NL Spring · saison régulière,17,0.529,3.08,-117.0,7.0,55.0,-110.0
Wylenz,Klanik Esport,NL,Top,NL Spring · saison régulière,18,0.5,2.93,-128.0,5.0,55.0,-123.0
Cerecof,Lille Esport,NL,Support,NL Spring · saison régulière,18,0.667,3.11,-126.0,1.0,55.0,-125.0
XERSUS,ViV Esport,NL,Support,NL Spring · saison régulière,18,0.556,3.56,-132.0,-3.0,55.0,-135.0
Koba,Joblife,NL,ADC,NL Spring · saison régulière,17,0.588,3.3,-139.0,3.0,55.0,-136.0
Bibou,Akroma,NL,ADC,NL Spring · saison régulière,18,0.444,5.28,-143.0,6.0,55.0,-137.0
Roi DEMON,Joblife,NL,Jungle,NL Spring · saison régulière,18,0.556,2.61,-142.0,1.0,55.0,-141.0
Woden,Akroma,NL,Jungle,NL Spring · saison régulière,18,0.444,2.85,-159.0,6.0,55.0,-153.0
Twelve,ViV Esport,NL,Top,NL Spring · saison régulière,18,0.556,3.52,-159.0,-3.0,55.0,-162.0
Joinze,ViV Esport,NL,Jungle,NL Spring · saison régulière,17,0.529,3.34,-167.0,-4.0,55.0,-171.0
Indecision,NORD Esports,NLC,Jungle,NL Spring · saison régulière,18,0.667,3.88,-174.0,1.0,55.0,-173.0
Misanthiel,Project Conquerors,NL,Top,NL Spring · saison régulière,18,0.333,4.13,-179.0,-4.0,55.0,-183.0
Rift,Atletec,NL,ADC,NL Spring · saison régulière,18,0.389,3.57,-181.0,-7.0,55.0,-188.0
Sorya,Joblife,NL,Support,NL Spring · saison régulière,18,0.556,2.81,-208.0,1.0,55.0,-207.0
SLEYER,Joblife,NL,Top,NL Spring · saison régulière,18,0.556,2.62,-215.0,1.0,55.0,-214.0
Wixo,Klanik Esport,NL,Support,NL Spring · saison régulière,18,0.5,3.02,-257.0,5.0,55.0,-252.0
Icarus,Project Conquerors,NL,Jungle,NL Spring · saison régulière,18,0.333,2.39,-252.0,-4.0,55.0,-256.0
Moutarde,Akroma,NL,Mid,NL Spring · saison régulière,18,0.444,4.14,-279.0,6.0,55.0,-273.0
Serendip,ViV Esport,NL,Mid,NL Spring · saison régulière,18,0.556,3.02,-271.0,-3.0,55.0,-274.0
Sotsy,Akroma,NL,Top,NL Spring · saison régulière,18,0.444,3.42,-287.0,6.0,55.0,-281.0
Senpai,Use Your Lead,NL,ADC,NL Spring · saison régulière,8,0.25,3.09,-303.0,3.0,55.0,-300.0
nicolaiy,Forsaken,UL,Jungle,NL Spring · saison régulière,2,0.0,0.44,-323.0,-3.0,55.0,-326.0
Frost,MS Company,NL,Jungle,NL Spring · saison régulière,15,0.133,2.05,-345.0,-0.0,55.0,-345.0
Zimba,MS Company,NL,Support,NL Spring · saison régulière,18,0.111,2.46,-344.0,-3.0,55.0,-347.0
Duck,Project Conquerors,NL,ADC,NL Spring · saison régulière,18,0.333,3.5,-346.0,-4.0,55.0,-350.0
LeoLeCargo,Project Conquerors,NL,Support,NL Spring · saison régulière,18,0.333,2.17,-372.0,-4.0,55.0,-376.0
Sintax,Ankora Gaming,EBL,Mid,NL Spring · saison régulière,18,0.5,3.57,-403.0,5.0,55.0,-398.0
eaRyz,BRUTE,HM,Jungle,NL Spring · saison régulière,18,0.389,2.57,-422.0,-7.0,55.0,-429.0
Artoria,Wild Panthers Esports,GLL,Mid,NL Spring · saison régulière,14,0.429,2.2,-431.0,-3.0,55.0,-434.0
Anathar,MS Company,NL,Top,NL Spring · saison régulière,18,0.111,1.53,-457.0,-3.0,55.0,-460.0
Kuroneel,MS Company,NL,Mid,NL Spring · saison régulière,18,0.111,2.07,-549.0,-3.0,55.0,-552.0
Kanna,Ankora Gaming,EBL,Jungle,NL Spring · saison régulière,1,0.0,2.0,-647.0,-2.0,55.0,-649.0
Matias,Team du Sud,LFL,ADC,NL Summer · saison régulière,18,0.722,5.88,212.0,-3.0,55.0,209.0
Boukada,Team du Sud,LFL,Jungle,NL Summer · saison régulière,18,0.722,9.59,183.0,-3.0,55.0,180.0
Maynter,Team du Sud,LFL,Top,NL Summer · saison régulière,18,0.722,6.54,181.0,-3.0,55.0,178.0
Furuy,Team du Sud,LFL,Mid,NL Summer · saison régulière,18,0.722,5.61,156.0,-3.0,55.0,153.0
HONOR,Team du Sud,LFL,Support,NL Summer · saison régulière,18,0.722,7.35,155.0,-3.0,55.0,152.0
Tonerre,MS Company,NL,Mid,NL Summer · saison régulière,9,0.333,2.11,38.0,-3.0,55.0,35.0
CRoNiiK,Atletec,NL,Jungle,NL Summer · saison régulière,18,0.5,2.93,-22.0,1.0,55.0,-21.0
Myrtus,Atletec,NL,Support,NL Summer · saison régulière,18,0.5,4.25,-46.0,1.0,55.0,-45.0
Kamiloo,Atletec,NL,Mid,NL Summer · saison régulière,18,0.5,3.07,-47.0,1.0,55.0,-46.0
Smurfe,Lille Esport,NL,Top,NL Summer · saison régulière,18,0.667,2.74,-58.0,6.0,55.0,-52.0
S0bek,MHSC Esport,NL,Top,NL Summer · saison régulière,18,0.611,3.17,-62.0,-1.0,55.0,-63.0
FSZ,MHSC Esport,NL,Mid,NL Summer · saison régulière,18,0.611,3.43,-63.0,-1.0,55.0,-64.0
PiOk,MHSC Esport,NL,ADC,NL Summer · saison régulière,18,0.611,3.94,-70.0,-1.0,55.0,-71.0
Seelame,Project Conquerors,NL,ADC,NL Summer · saison régulière,13,0.615,4.26,-82.0,4.0,55.0,-78.0
Axelent,Klanik Esport,NL,ADC,NL Summer · saison régulière,19,0.474,3.73,-82.0,3.0,55.0,-79.0
Godzilla,Joblife,NL,Mid,NL Summer · saison régulière,18,0.444,3.67,-79.0,-3.0,55.0,-82.0
Deimos,Atletec,NL,Top,NL Summer · saison régulière,18,0.5,2.67,-93.0,1.0,55.0,-92.0
Sleyer,Joblife,NL,Top,NL Summer · saison régulière,18,0.444,2.68,-97.0,-3.0,55.0,-100.0
Vespa,Lille Esport,NL,ADC,NL Summer · saison régulière,18,0.667,3.82,-106.0,6.0,55.0,-100.0
Zaremba,MHSC Esport,NL,Support,NL Summer · saison régulière,18,0.611,3.74,-100.0,-1.0,55.0,-101.0
Stormax,MHSC Esport,NL,Jungle,NL Summer · saison régulière,18,0.611,4.43,-101.0,-1.0,55.0,-102.0
xKenzuke,Lille Esport,NL,Mid,NL Summer · saison régulière,18,0.667,5.58,-111.0,6.0,55.0,-105.0
Jujutw0,MHSC Esport,NL,ADC,NL Summer · saison régulière,12,0.417,3.97,-111.0,5.0,55.0,-106.0
Benaset,Akroma,NL,Support,NL Summer · saison régulière,9,0.444,3.03,-114.0,-3.0,55.0,-117.0
Cerecof,Lille Esport,NL,Support,NL Summer · saison régulière,18,0.667,3.13,-126.0,6.0,55.0,-120.0
KKT,Lille Esport,NL,Jungle,NL Summer · saison régulière,18,0.667,3.49,-128.0,6.0,55.0,-122.0
Wylenz,Klanik Esport,NL,Top,NL Summer · saison régulière,19,0.474,1.99,-128.0,3.0,55.0,-125.0
XERSUS,ViV Esport,NL,Support,NL Summer · saison régulière,12,0.417,2.89,-132.0,5.0,55.0,-127.0
WAN,Project Conquerors,NL,Mid,NL Summer · saison régulière,19,0.526,2.94,-135.0,3.0,55.0,-132.0
Manaty,Klanik Esport,NL,Jungle,NL Summer · saison régulière,9,0.444,3.8,-134.0,-0.0,55.0,-134.0
Koba,Joblife,NL,ADC,NL Summer · saison régulière,18,0.444,2.75,-139.0,-3.0,55.0,-142.0
Roi DEMON,Joblife,NL,Jungle,NL Summer · saison régulière,18,0.444,2.77,-142.0,-3.0,55.0,-145.0
Bibou,Akroma,NL,ADC,NL Summer · saison régulière,18,0.444,2.64,-143.0,-3.0,55.0,-146.0
Twelve,ViV Esport,NL,Top,NL Summer · saison régulière,12,0.417,3.52,-159.0,5.0,55.0,-154.0
Pesho,Klanik Esport,NL,Mid,NL Summer · saison régulière,19,0.474,3.3,-158.0,3.0,55.0,-155.0
Hyorai,Project Conquerors,NL,Support,NL Summer · saison régulière,19,0.526,2.36,-161.0,3.0,55.0,-158.0
Woden,Akroma,NL,Jungle,NL Summer · saison régulière,9,0.444,2.87,-159.0,-3.0,55.0,-162.0
Joinze,ViV Esport,NL,Jungle,NL Summer · saison régulière,12,0.417,3.02,-167.0,5.0,55.0,-162.0
Addusto,MS Company,NL,Top,NL Summer · saison régulière,18,0.222,1.91,-155.0,-8.0,55.0,-163.0
Nolan,Joblife,NL,Support,NL Summer · saison régulière,17,0.412,3.24,-165.0,-6.0,55.0,-171.0
Misanthiel,Project Conquerors,NL,Top,NL Summer · saison régulière,19,0.526,3.38,-179.0,3.0,55.0,-176.0
Rift,Atletec,NL,ADC,NL Summer · saison régulière,18,0.5,4.45,-181.0,1.0,55.0,-180.0
Thomas,Klanik Esport,NL,Support,NL Summer · saison régulière,7,0.571,3.11,-186.0,6.0,55.0,-180.0
Kasing,Akroma,NL,Support,NL Summer · saison régulière,9,0.444,3.19,-184.0,0.0,55.0,-184.0
Fallen,MS Company,NL,Jungle,NL Summer · saison régulière,18,0.222,2.32,-184.0,-8.0,55.0,-192.0
costy,MS Company,NL,ADC,NL Summer · saison régulière,10,0.3,2.59,-193.0,-5.0,55.0,-198.0
Sorya,Joblife,NL,Support,NL Summer · saison régulière,1,1.0,14.0,-208.0,3.0,55.0,-205.0
Icarus,Project Conquerors,NL,Jungle,NL Summer · saison régulière,19,0.526,3.03,-252.0,3.0,55.0,-249.0
Wixo,Klanik Esport,NL,Support,NL Summer · saison régulière,12,0.417,2.44,-257.0,-3.0,55.0,-260.0
Serendip,ViV Esport,NL,Mid,NL Summer · saison régulière,11,0.364,2.78,-271.0,2.0,55.0,-269.0
Moutarde,Akroma,NL,Mid,NL Summer · saison régulière,18,0.444,2.79,-279.0,-3.0,55.0,-282.0
Sotsy,Akroma,NL,Top,NL Summer · saison régulière,18,0.444,2.43,-287.0,-3.0,55.0,-290.0
Senpai,Use Your Lead,NL,ADC,NL Summer · saison régulière,8,0.125,2.24,-303.0,-3.0,55.0,-306.0
Zimba,MS Company,NL,Support,NL Summer · saison régulière,18,0.222,2.77,-344.0,-8.0,55.0,-352.0
Renewal,Klanik Esport,HC,Jungle,NL Summer · saison régulière,10,0.5,2.36,-364.0,3.0,55.0,-361.0
Roulette,Akroma,NL,Jungle,NL Summer · saison régulière,9,0.444,3.23,-417.0,0.0,55.0,-417.0
Kuroneel,MS Company,NL,Mid,NL Summer · saison régulière,8,0.125,2.71,-549.0,-3.0,55.0,-552.0
Caliste,Karmine Corp,LFL,ADC,NL · playoffs,5,0.4,3.47,232.0,-2.0,55.0,230.0
Matias,Team du Sud,LFL,ADC,NL · playoffs,15,0.8,4.77,212.0,-0.0,55.0,212.0
Boukada,Team du Sud,LFL,Jungle,NL · playoffs,15,0.8,5.54,183.0,-0.0,55.0,183.0
Maynter,Team du Sud,LFL,Top,NL · playoffs,15,0.8,4.77,181.0,-0.0,55.0,181.0
Furuy,Team du Sud,LFL,Mid,NL · playoffs,7,0.857,6.85,156.0,1.0,55.0,157.0
HONOR,Team du Sud,LFL,Support,NL · playoffs,15,0.8,3.69,155.0,-0.0,55.0,155.0
Phantomles,GamerLegion,PRM,Mid,NL · playoffs,8,0.75,6.47,-2.0,-1.0,55.0,-3.0
CRoNiiK,Atletec,NL,Jungle,NL · playoffs,18,0.556,3.64,-22.0,5.0,55.0,-17.0
Myrtus,Atletec,NL,Support,NL · playoffs,18,0.556,3.01,-46.0,5.0,55.0,-41.0
mirrored,Lille Esport,NL,Mid,NL · playoffs,10,0.4,4.04,-44.0,3.0,55.0,-41.0
Kamiloo,Atletec,NL,Mid,NL · playoffs,18,0.556,2.74,-47.0,5.0,55.0,-42.0
Smurfe,Lille Esport,NL,Top,NL · playoffs,18,0.333,2.08,-58.0,-1.0,55.0,-59.0
S0bek,MHSC Esport,NL,Top,NL · playoffs,18,0.556,2.98,-62.0,3.0,55.0,-59.0
FSZ,MHSC Esport,NL,Mid,NL · playoffs,18,0.556,4.66,-63.0,3.0,55.0,-60.0
PiOk,MHSC Esport,NL,ADC,NL · playoffs,18,0.556,3.56,-70.0,3.0,55.0,-67.0
Godzilla,Joblife,NL,Mid,NL · playoffs,8,0.375,3.53,-79.0,-2.0,55.0,-81.0
Seelame,Project Conquerors,NL,ADC,NL · playoffs,10,0.5,4.29,-82.0,-0.0,55.0,-82.0
Axelent,Klanik Esport,NL,ADC,NL · playoffs,8,0.25,4.4,-82.0,-2.0,55.0,-84.0
Deimos,Atletec,NL,Top,NL · playoffs,18,0.556,3.1,-93.0,5.0,55.0,-88.0
Zaremba,MHSC Esport,NL,Support,NL · playoffs,18,0.556,3.8,-100.0,3.0,55.0,-97.0
Stormax,MHSC Esport,NL,Jungle,NL · playoffs,18,0.556,5.0,-101.0,3.0,55.0,-98.0
Vespa,Lille Esport,NL,ADC,NL · playoffs,18,0.333,3.11,-106.0,-1.0,55.0,-107.0
xKenzuke,Lille Esport,NL,Mid,NL · playoffs,8,0.25,2.7,-111.0,-4.0,55.0,-115.0
Cerecof,Lille Esport,NL,Support,NL · playoffs,18,0.333,2.41,-126.0,-1.0,55.0,-127.0
Wylenz,Klanik Esport,NL,Top,NL · playoffs,8,0.25,2.13,-128.0,-2.0,55.0,-130.0
KKT,Lille Esport,NL,Jungle,NL · playoffs,8,0.25,1.91,-128.0,-4.0,55.0,-132.0
Manaty,Klanik Esport,NL,Jungle,NL · playoffs,5,0.4,3.27,-134.0,0.0,55.0,-134.0
XERSUS,ViV Esport,NL,Support,NL · playoffs,5,0.4,5.5,-132.0,-2.0,55.0,-134.0
WAN,Project Conquerors,NL,Mid,NL · playoffs,10,0.5,3.24,-135.0,-0.0,55.0,-135.0
Koba,Joblife,NL,ADC,NL · playoffs,8,0.375,2.41,-139.0,-2.0,55.0,-141.0
Roi DEMON,Joblife,NL,Jungle,NL · playoffs,8,0.375,1.88,-142.0,-2.0,55.0,-144.0
Pesho,Klanik Esport,NL,Mid,NL · playoffs,5,0.4,3.76,-158.0,0.0,55.0,-158.0
Hyorai,Project Conquerors,NL,Support,NL · playoffs,10,0.5,2.4,-161.0,-0.0,55.0,-161.0
Twelve,ViV Esport,NL,Top,NL · playoffs,5,0.4,3.89,-159.0,-2.0,55.0,-161.0
Joinze,ViV Esport,NL,Jungle,NL · playoffs,5,0.4,2.36,-167.0,-2.0,55.0,-169.0
Indecision,NORD Esports,NLC,Jungle,NL · playoffs,10,0.4,2.77,-174.0,3.0,55.0,-171.0
Rift,Atletec,NL,ADC,NL · playoffs,18,0.556,3.93,-181.0,5.0,55.0,-176.0
Misanthiel,Project Conquerors,NL,Top,NL · playoffs,10,0.5,2.45,-179.0,-0.0,55.0,-179.0
Thomas,Klanik Esport,NL,Support,NL · playoffs,5,0.4,2.58,-186.0,0.0,55.0,-186.0
Sorya,Joblife,NL,Support,NL · playoffs,8,0.375,1.7,-208.0,-2.0,55.0,-210.0
SLEYER,Joblife,NL,Top,NL · playoffs,8,0.375,1.96,-215.0,-2.0,55.0,-217.0
Icarus,Project Conquerors,NL,Jungle,NL · playoffs,10,0.5,2.79,-252.0,-0.0,55.0,-252.0
Wixo,Klanik Esport,NL,Support,NL · playoffs,3,0.0,1.21,-257.0,-2.0,55.0,-259.0
Serendip,ViV Esport,NL,Mid,NL · playoffs,5,0.4,2.78,-271.0,-2.0,55.0,-273.0
Sintax,Ankora Gaming,EBL,Mid,NL · playoffs,3,0.0,2.14,-403.0,-2.0,55.0,-405.0
Kanna,Ankora Gaming,EBL,Jungle,NL · playoffs,3,0.0,1.31,-647.0,-2.0,55.0,-649.0
Tonerre,MS Company,NL,Mid,NL · saison régulière,6,1.0,9.11,38.0,8.0,55.0,46.0
Caillou,Kaeru Gyuangu,NL,Support,NL · saison régulière,12,0.417,4.13,-98.0,2.0,55.0,-96.0
Addusto,MS Company,NL,Top,NL · saison régulière,6,1.0,5.92,-155.0,8.0,55.0,-147.0
Fallen,MS Company,NL,Jungle,NL · saison régulière,6,1.0,12.22,-184.0,8.0,55.0,-176.0
costy,MS Company,NL,ADC,NL · saison régulière,6,1.0,5.06,-193.0,8.0,55.0,-185.0
Theocacs,Kaeru Gyuangu,NL,Jungle,NL · saison régulière,12,0.417,2.84,-190.0,2.0,55.0,-188.0
Kasing,Akroma,NL,Support,NL · saison régulière,12,0.583,4.66,-184.0,-4.0,55.0,-188.0
Moutarde,Akroma,NL,Mid,NL · saison régulière,12,0.583,4.06,-279.0,-4.0,55.0,-283.0
Sotsy,Akroma,NL,Top,NL · saison régulière,12,0.583,2.6,-287.0,-4.0,55.0,-291.0
Goldenpenny,Veni Vidi Vici,NL,ADC,NL · saison régulière,12,0.417,2.98,-331.0,2.0,55.0,-329.0
Zimba,MS Company,NL,Support,NL · saison régulière,6,1.0,6.73,-344.0,8.0,55.0,-336.0
Monstrob,GTZ Esports,NL,Mid,NL · saison régulière,12,0.417,3.4,-349.0,2.0,55.0,-347.0
reje,Akroma,NL,ADC,NL · saison régulière,12,0.583,4.12,-361.0,-4.0,55.0,-365.0
Roulette,Akroma,NL,Jungle,NL · saison régulière,12,0.583,2.59,-417.0,-4.0,55.0,-421.0
Theoloris,Kaeru Gyuangu,NL,Top,NL · saison régulière,12,0.417,3.08,-450.0,2.0,55.0,-448.0
Drifter,Colors Esport,NL,ADC,NL · saison régulière,6,0.0,1.78,-513.0,-6.0,55.0,-519.0
Clown,Colors Esport,ESLOL,Jungle,NL · saison régulière,6,0.0,1.48,-732.0,-6.0,55.0,-738.0
Furuy,Team du Sud,LFL,Mid,NLC Spring · playoffs,10,0.4,4.96,156.0,-4.0,55.0,152.0
FireRain,Riddle Esports,NLC,Mid,NLC Spring · playoffs,8,0.75,4.33,93.0,4.0,55.0,97.0
NoName,BISONS ECLUB,LES,Jungle,NLC Spring · playoffs,3,0.0,2.73,94.0,-7.0,55.0,87.0
Yohan,GamerLegion,PRM,Jungle,NLC Spring · playoffs,8,0.75,5.18,69.0,4.0,55.0,73.0
kibah,Rebels Gaming,NLC,Support,NLC Spring · playoffs,8,0.75,3.67,28.0,4.0,55.0,32.0
Banderas,WLGaming Esports,GLL,Top,NLC Spring · playoffs,8,0.75,2.75,26.0,4.0,55.0,30.0
Wao,Karmine Corp,NLC,Top,NLC Spring · playoffs,10,0.4,2.57,14.0,-4.0,55.0,10.0
Akabane,GamerLegion,PRM,Jungle,NLC Spring · playoffs,10,0.4,3.05,2.0,-4.0,55.0,-2.0
Nash,DSYRE,PGN,Support,NLC Spring · playoffs,3,0.0,2.82,3.0,-7.0,55.0,-4.0
DenVoksne,Karmine Corp,NLC,ADC,NLC Spring · playoffs,3,0.0,1.87,-13.0,-7.0,55.0,-20.0
Klaj,IziDream,LFL,Support,NLC Spring · playoffs,11,0.546,2.31,-78.0,7.0,55.0,-71.0
Woolite,WLGaming Esports,GLL,ADC,NLC Spring · playoffs,10,0.4,3.83,-77.0,-4.0,55.0,-81.0
jinjo,GamerLegion,PRM,ADC,NLC Spring · playoffs,8,0.75,3.74,-86.0,4.0,55.0,-82.0
Nille,Verdant,NLC,Top,NLC Spring · playoffs,11,0.546,3.7,-108.0,7.0,55.0,-101.0
Taxer,Verdant,NLC,Jungle,NLC Spring · playoffs,11,0.546,3.41,-146.0,7.0,55.0,-139.0
Knighter,Verdant,NLC,Mid,NLC Spring · playoffs,3,0.0,2.89,-137.0,-7.0,55.0,-144.0
Kasing,Akroma,NL,Support,NLC Spring · playoffs,10,0.4,3.93,-184.0,-4.0,55.0,-188.0
kehvo,Myth Esports,ESLOL,ADC,NLC Spring · playoffs,11,0.546,3.42,-208.0,7.0,55.0,-201.0
Erolle,Team 7AM,ESLOL,Mid,NLC Spring · playoffs,11,0.546,4.5,-228.0,7.0,55.0,-221.0
Rifty,Ruddy Corporation,NLC,Top,NLC Spring · playoffs,3,0.0,1.31,-263.0,-7.0,55.0,-270.0
Furuy,Team du Sud,LFL,Mid,NLC Spring · saison régulière,14,0.857,6.45,156.0,7.0,55.0,163.0
NoName,BISONS ECLUB,LES,Jungle,NLC Spring · saison régulière,14,0.786,4.05,94.0,5.0,55.0,99.0
FireRain,Riddle Esports,NLC,Mid,NLC Spring · saison régulière,14,0.857,7.09,93.0,5.0,55.0,98.0
Yohan,GamerLegion,PRM,Jungle,NLC Spring · saison régulière,14,0.857,6.85,69.0,5.0,55.0,74.0
kibah,Rebels Gaming,NLC,Support,NLC Spring · saison régulière,14,0.857,8.74,28.0,5.0,55.0,33.0
Banderas,WLGaming Esports,GLL,Top,NLC Spring · saison régulière,14,0.857,5.18,26.0,5.0,55.0,31.0
Wao,Karmine Corp,NLC,Top,NLC Spring · saison régulière,14,0.857,5.4,14.0,7.0,55.0,21.0
Akabane,GamerLegion,PRM,Jungle,NLC Spring · saison régulière,14,0.857,7.18,2.0,7.0,55.0,9.0
Nash,DSYRE,PGN,Support,NLC Spring · saison régulière,14,0.786,5.67,3.0,5.0,55.0,8.0
DenVoksne,Karmine Corp,NLC,ADC,NLC Spring · saison régulière,14,0.786,4.65,-13.0,5.0,55.0,-8.0
Reptile,Fnatic TQ,LES,ADC,NLC Spring · saison régulière,8,1.0,12.0,-23.0,8.0,55.0,-15.0
Woolite,WLGaming Esports,GLL,ADC,NLC Spring · saison régulière,14,0.857,7.07,-77.0,7.0,55.0,-70.0
Klaj,IziDream,LFL,Support,NLC Spring · saison régulière,14,0.571,2.64,-78.0,-6.0,55.0,-84.0
jinjo,GamerLegion,PRM,ADC,NLC Spring · saison régulière,6,0.667,11.33,-86.0,-3.0,55.0,-89.0
Nille,Verdant,NLC,Top,NLC Spring · saison régulière,14,0.571,3.41,-108.0,-6.0,55.0,-114.0
Ploxy,DREN Esports,PGN,Jungle,NLC Spring · saison régulière,14,0.429,4.0,-123.0,-1.0,55.0,-124.0
Knighter,Verdant,NLC,Mid,NLC Spring · saison régulière,14,0.786,4.9,-137.0,5.0,55.0,-132.0
Taxer,Verdant,NLC,Jungle,NLC Spring · saison régulière,14,0.571,2.95,-146.0,-6.0,55.0,-152.0
Luka,Vanir,NLC,Mid,NLC Spring · saison régulière,14,0.429,3.95,-176.0,-1.0,55.0,-177.0
Kasing,Akroma,NL,Support,NLC Spring · saison régulière,14,0.857,6.69,-184.0,7.0,55.0,-177.0
Lingwi,Vanir,NLC,Top,NLC Spring · saison régulière,14,0.429,2.51,-204.0,-1.0,55.0,-205.0
kehvo,Myth Esports,ESLOL,ADC,NLC Spring · saison régulière,14,0.571,3.94,-208.0,-6.0,55.0,-214.0
Chrisberg,Vanir,NLC,ADC,NLC Spring · saison régulière,14,0.429,3.95,-221.0,-1.0,55.0,-222.0
Erolle,Team 7AM,ESLOL,Mid,NLC Spring · saison régulière,14,0.571,4.35,-228.0,-6.0,55.0,-234.0
Rifty,Ruddy Corporation,NLC,Top,NLC Spring · saison régulière,14,0.786,3.32,-263.0,5.0,55.0,-258.0
Touch,A One Man Army,NLC,Support,NLC Spring · saison régulière,14,0.429,3.08,-282.0,-1.0,55.0,-283.0
Sjakal,DMG Esports,NLC,Jungle,NLC Spring · saison régulière,11,0.364,2.48,-303.0,-1.0,55.0,-304.0
Spooder,EGN Esports,NLC,Top,NLC Spring · saison régulière,14,0.071,2.02,-353.0,-6.0,55.0,-359.0
Snabi,DMG Esports,NLC,Support,NLC Spring · saison régulière,15,0.267,1.64,-411.0,-4.0,55.0,-415.0
Nijhuis,UniQ Esports Club,NLC,Top,NLC Spring · saison régulière,14,0.214,1.56,-418.0,0.0,55.0,-418.0
Lari,DMG Esports,NLC,ADC,NLC Spring · saison régulière,15,0.267,2.08,-418.0,-4.0,55.0,-422.0
cyraXx,UniQ Esports Club,NLC,ADC,NLC Spring · saison régulière,15,0.2,2.24,-423.0,-1.0,55.0,-424.0
Shaolin,DMG Esports,NLC,Mid,NLC Spring · saison régulière,15,0.267,2.05,-425.0,-4.0,55.0,-429.0
PederseNN,UniQ Esports Club,NLC,Support,NLC Spring · saison régulière,15,0.2,2.05,-447.0,-1.0,55.0,-448.0
Flawed,A One Man Army,ESLOL,Jungle,NLC Spring · saison régulière,6,0.0,1.5,-453.0,-2.0,55.0,-455.0
Porcupine,Fox Gaming,AL,Jungle,NLC Spring · saison régulière,2,0.0,1.4,-457.0,-1.0,55.0,-458.0
fjoompbun,DMG Esports,NLC,Top,NLC Spring · saison régulière,15,0.267,1.41,-454.0,-4.0,55.0,-458.0
Paul227,HEET,ESLOL,Mid,NLC Spring · saison régulière,15,0.2,2.17,-480.0,-1.0,55.0,-481.0
Antwere,Inside Games,NLC,Jungle,NLC Spring · saison régulière,15,0.2,1.89,-490.0,-1.0,55.0,-491.0
Baloo,Nativz,NLC,Support,NLC Spring · saison régulière,14,0.071,1.43,-565.0,-6.0,55.0,-571.0
Remix,Nativz,NLC,ADC,NLC Spring · saison régulière,14,0.071,1.76,-569.0,-6.0,55.0,-575.0
Scuffed,Inside Games,HM,Mid,NLC Spring · saison régulière,7,0.143,1.37,-631.0,-1.0,55.0,-632.0
Stefan,Nativz,NLC,Jungle,NLC Summer · playoffs,9,0.667,4.82,72.0,-0.0,55.0,72.0
DenVoksne,Karmine Corp,NLC,ADC,NLC Summer · playoffs,9,0.667,7.75,-13.0,-0.0,55.0,-13.0
Vladi,Nativz,NLC,Mid,NLC Summer · playoffs,9,0.667,4.41,-29.0,-0.0,55.0,-29.0
Wendel,Verdant,NLC,Support,NLC Summer · playoffs,8,0.25,1.85,-74.0,-5.0,55.0,-79.0
Twiizt,Nativz,NLC,Support,NLC Summer · playoffs,9,0.667,4.75,-99.0,-0.0,55.0,-99.0
Nille,Verdant,NLC,Top,NLC Summer · playoffs,8,0.25,1.96,-108.0,-5.0,55.0,-113.0
Kackos,NORD Esports,NLC,Top,NLC Summer · playoffs,11,0.636,4.24,-125.0,9.0,55.0,-116.0
Shikari,HEET,NLC,Top,NLC Summer · playoffs,9,0.667,4.18,-118.0,-0.0,55.0,-118.0
Guubi,Verdant,NLC,ADC,NLC Summer · playoffs,8,0.25,2.3,-119.0,-5.0,55.0,-124.0
Knighter,Verdant,NLC,Mid,NLC Summer · playoffs,8,0.25,1.69,-137.0,-5.0,55.0,-142.0
Taxer,Verdant,NLC,Jungle,NLC Summer · playoffs,8,0.25,2.65,-146.0,-5.0,55.0,-151.0
Indecision,NORD Esports,NLC,Jungle,NLC Summer · playoffs,11,0.636,4.32,-174.0,9.0,55.0,-165.0
OMON,NORD Esports,NLC,Mid,NLC Summer · playoffs,11,0.636,4.36,-227.0,9.0,55.0,-218.0
Toaster,Ruddy Corporation,NLC,ADC,NLC Summer · playoffs,4,0.25,2.08,-218.0,-3.0,55.0,-221.0
Seneca,Ramboot Club,NLC,Support,NLC Summer · playoffs,11,0.636,5.38,-230.0,9.0,55.0,-221.0
Envy Carry,Ruddy Corporation,NLC,Mid,NLC Summer · playoffs,4,0.25,1.75,-223.0,-3.0,55.0,-226.0
Zapdo,Ruddy Corporation,NLC,Jungle,NLC Summer · playoffs,4,0.25,1.5,-225.0,-3.0,55.0,-228.0
pui,Ruddy Corporation,NLC,Support,NLC Summer · playoffs,4,0.25,2.67,-235.0,-3.0,55.0,-238.0
SHIHAN,Ruddy Corporation,NLC,Top,NLC Summer · playoffs,4,0.25,2.33,-244.0,-3.0,55.0,-247.0
Hid0,NORD Esports,NLC,ADC,NLC Summer · playoffs,11,0.636,6.71,-263.0,9.0,55.0,-254.0
Stefan,Nativz,NLC,Jungle,NLC Summer · saison régulière,14,0.786,5.16,72.0,-0.0,55.0,72.0
DenVoksne,Karmine Corp,NLC,ADC,NLC Summer · saison régulière,14,0.786,5.0,-13.0,-0.0,55.0,-13.0
Vladi,Nativz,NLC,Mid,NLC Summer · saison régulière,14,0.786,5.42,-29.0,-0.0,55.0,-29.0
Wendel,Verdant,NLC,Support,NLC Summer · saison régulière,14,0.786,4.41,-74.0,7.0,55.0,-67.0
Twiizt,Nativz,NLC,Support,NLC Summer · saison régulière,14,0.786,7.3,-99.0,-0.0,55.0,-99.0
Nille,Verdant,NLC,Top,NLC Summer · saison régulière,14,0.786,4.23,-108.0,7.0,55.0,-101.0
Guubi,Verdant,NLC,ADC,NLC Summer · saison régulière,14,0.786,3.77,-119.0,7.0,55.0,-112.0
Shikari,HEET,NLC,Top,NLC Summer · saison régulière,14,0.786,9.25,-118.0,-0.0,55.0,-118.0
Kackos,NORD Esports,NLC,Top,NLC Summer · saison régulière,14,0.5,2.97,-125.0,-5.0,55.0,-130.0
Knighter,Verdant,NLC,Mid,NLC Summer · saison régulière,14,0.786,6.16,-137.0,7.0,55.0,-130.0
Taxer,Verdant,NLC,Jungle,NLC Summer · saison régulière,14,0.786,4.46,-146.0,7.0,55.0,-139.0
Cast,UniQ Esports Club,NLC,Jungle,NLC Summer · saison régulière,4,0.5,3.65,-170.0,3.0,55.0,-167.0
Indecision,NORD Esports,NLC,Jungle,NLC Summer · saison régulière,14,0.5,3.14,-174.0,-5.0,55.0,-179.0
Toaster,Ruddy Corporation,NLC,ADC,NLC Summer · saison régulière,14,0.571,4.26,-218.0,3.0,55.0,-215.0
Envy Carry,Ruddy Corporation,NLC,Mid,NLC Summer · saison régulière,14,0.571,3.93,-223.0,3.0,55.0,-220.0
Zapdo,Ruddy Corporation,NLC,Jungle,NLC Summer · saison régulière,14,0.571,5.0,-225.0,3.0,55.0,-222.0
pui,Ruddy Corporation,NLC,Support,NLC Summer · saison régulière,14,0.571,4.28,-235.0,3.0,55.0,-232.0
OMON,NORD Esports,NLC,Mid,NLC Summer · saison régulière,14,0.5,3.33,-227.0,-5.0,55.0,-232.0
Seneca,Ramboot Club,NLC,Support,NLC Summer · saison régulière,14,0.5,3.51,-230.0,-5.0,55.0,-235.0
SHIHAN,Ruddy Corporation,NLC,Top,NLC Summer · saison régulière,14,0.571,3.49,-244.0,3.0,55.0,-241.0
Liam Cole,Vanir,NLC,ADC,NLC Summer · saison régulière,12,0.333,5.39,-249.0,-0.0,55.0,-249.0
Hid0,NORD Esports,NLC,ADC,NLC Summer · saison régulière,14,0.5,4.6,-263.0,-5.0,55.0,-268.0
Ginrais,Fourth Wall,NLC,Mid,NLC Summer · saison régulière,11,0.364,4.78,-267.0,-2.0,55.0,-269.0
FlayStation,UniQ Esports Club,NLC,Support,NLC Summer · saison régulière,4,0.5,1.96,-275.0,3.0,55.0,-272.0
Clover7,DMG Esports,NLC,Mid,NLC Summer · saison régulière,14,0.357,3.44,-286.0,2.0,55.0,-284.0
RustySniper,UniQ Esports Club,NLC,ADC,NLC Summer · saison régulière,12,0.333,3.0,-287.0,2.0,55.0,-285.0
Sjakal,DMG Esports,NLC,Jungle,NLC Summer · saison régulière,12,0.417,3.5,-303.0,3.0,55.0,-300.0
Kitano,Vanir,NLC,Top,NLC Summer · saison régulière,14,0.357,2.67,-301.0,-1.0,55.0,-302.0
Gaarfield,Vanir,NLC,Support,NLC Summer · saison régulière,14,0.357,2.51,-321.0,-1.0,55.0,-322.0
Pipibaat,Vanir,NLC,Jungle,NLC Summer · saison régulière,14,0.357,2.84,-336.0,-1.0,55.0,-337.0
UniqueCORN,UniQ Esports Club,NLC,Mid,NLC Summer · saison régulière,14,0.286,2.47,-345.0,-1.0,55.0,-346.0
Spooder,EGN Esports,NLC,Top,NLC Summer · saison régulière,14,0.357,3.02,-353.0,2.0,55.0,-351.0
Chemera,Fourth Wall,NLC,Support,NLC Summer · saison régulière,14,0.357,2.35,-353.0,-5.0,55.0,-358.0
Yute,Fourth Wall,NLC,Jungle,NLC Summer · saison régulière,14,0.357,2.32,-366.0,-5.0,55.0,-371.0
Ukko,UniQ Esports Club,NLC,Top,NLC Summer · saison régulière,14,0.286,1.64,-394.0,-1.0,55.0,-395.0
Snabi,DMG Esports,NLC,Support,NLC Summer · saison régulière,14,0.357,2.58,-411.0,2.0,55.0,-409.0
Poopy,UniQ Esports Club,NLC,Support,NLC Summer · saison régulière,10,0.2,2.13,-416.0,-4.0,55.0,-420.0
Blink,DMG Esports,NLC,ADC,NLC Summer · saison régulière,12,0.25,2.25,-420.0,-4.0,55.0,-424.0
Woldjo,UniQ Esports Club,NLC,Jungle,NLC Summer · saison régulière,10,0.2,1.7,-495.0,-4.0,55.0,-499.0
Harbo,Vanir,NLC,Mid,NLC Summer · saison régulière,14,0.357,2.91,-521.0,-1.0,55.0,-522.0
Cast,UniQ Esports Club,NLC,Jungle,NLC · saison régulière,8,0.25,2.94,-170.0,-2.0,55.0,-172.0
OWLONSKY,Ramboot Club,NLC,Jungle,NLC · saison régulière,9,0.444,3.19,-188.0,-1.0,55.0,-189.0
Kenal,Ramboot Club,PGN,ADC,NLC · saison régulière,9,0.444,3.34,-229.0,-1.0,55.0,-230.0
Modliszka,Venomcrest Esports,UL,Mid,NLC · saison régulière,9,0.444,2.53,-256.0,-1.0,55.0,-257.0
FlayStation,UniQ Esports Club,NLC,Support,NLC · saison régulière,8,0.25,2.11,-275.0,-2.0,55.0,-277.0
Touch,A One Man Army,NLC,Support,NLC · saison régulière,9,0.444,2.55,-282.0,-1.0,55.0,-283.0
RustySniper,UniQ Esports Club,NLC,ADC,NLC · saison régulière,8,0.25,2.85,-287.0,-2.0,55.0,-289.0
UniqueCORN,UniQ Esports Club,NLC,Mid,NLC · saison régulière,8,0.25,2.78,-345.0,-2.0,55.0,-347.0
Ukko,UniQ Esports Club,NLC,Top,NLC · saison régulière,8,0.25,1.59,-394.0,-2.0,55.0,-396.0
HongQ,Nate9527,PCL,Mid,PCL 2023 Season · playoffs,17,0.765,6.31,449.0,1.0,55.0,450.0
Alex,Nate9527,PCL,Jungle,PCL 2023 Season · playoffs,15,0.733,6.96,388.0,0.0,55.0,388.0
Ysera,Nate9527,PCL,Support,PCL 2023 Season · playoffs,17,0.765,5.59,307.0,1.0,55.0,308.0
Weizhe,Nate9527,PCL,Top,PCL 2023 Season · playoffs,17,0.765,3.17,277.0,1.0,55.0,278.0
Doggy,Nate9527,PCL,ADC,PCL 2023 Season · playoffs,17,0.765,3.98,263.0,1.0,55.0,264.0
Xx,Nate.A,PCL,Jungle,PCL 2023 Season · playoffs,13,0.615,2.49,256.0,1.0,55.0,257.0
clx,Nate.A,PCL,Mid,PCL 2023 Season · playoffs,14,0.571,2.83,228.0,-1.0,55.0,227.0
Zkai,PSG Talon Academy,PCL,Top,PCL 2023 Season · playoffs,11,0.546,3.83,217.0,2.0,55.0,219.0
1Jiang,Nate.A,PCL,Top,PCL 2023 Season · playoffs,14,0.571,2.4,205.0,-1.0,55.0,204.0
TNS,PSG Talon Academy,PCL,Support,PCL 2023 Season · playoffs,11,0.546,3.88,172.0,2.0,55.0,174.0
Xin,PSG Talon Academy,PCL,Jungle,PCL 2023 Season · playoffs,11,0.546,4.87,171.0,2.0,55.0,173.0
ChiCh1,PSG Talon Academy,PCL,ADC,PCL 2023 Season · playoffs,11,0.546,5.04,166.0,2.0,55.0,168.0
Wen,PSG Talon Academy,PCL,Mid,PCL 2023 Season · playoffs,11,0.546,3.5,157.0,2.0,55.0,159.0
Alex,Nate9527,PCL,Jungle,PCL 2023 Season · playoffs,2,1.0,16.0,134.0,1.0,55.0,135.0
Lz,Nate.A,PCL,ADC,PCL 2023 Season · playoffs,14,0.571,2.67,114.0,-1.0,55.0,113.0
Kino,Nate.A,PCL,Support,PCL 2023 Season · playoffs,14,0.571,2.41,86.0,-1.0,55.0,85.0
Yuuto,Taipei Bravo,PCL,Jungle,PCL 2023 Season · playoffs,1,0.0,0.83,68.0,-1.0,55.0,67.0
Simple,TES,PCL,Support,PCL 2023 Season · playoffs,8,0.5,2.5,51.0,-1.0,55.0,50.0
Milkcat,TES,PCL,ADC,PCL 2023 Season · playoffs,8,0.5,3.68,49.0,-1.0,55.0,48.0
Shivers,TES,PCL,Mid,PCL 2023 Season · playoffs,8,0.5,3.5,28.0,-1.0,55.0,27.0
Gaeul,TES,PCL,Jungle,PCL 2023 Season · playoffs,8,0.5,3.56,25.0,-1.0,55.0,24.0
JokerHan,CTBC Flying Oyster Academy,PCL,Mid,PCL 2023 Season · playoffs,6,0.333,4.0,7.0,5.0,55.0,12.0
Cause,Taipei Bravo,PCL,Top,PCL 2023 Season · playoffs,4,0.0,0.88,-22.0,-2.0,55.0,-24.0
pinvvei,Taipei Bravo,PCL,Support,PCL 2023 Season · playoffs,4,0.0,1.93,-26.0,-2.0,55.0,-28.0
Sywjj,TES,PCL,Top,PCL 2023 Season · playoffs,8,0.5,1.71,-33.0,-1.0,55.0,-34.0
Mob,Taipei Bravo,PCL,ADC,PCL 2023 Season · playoffs,4,0.0,2.14,-50.0,-2.0,55.0,-52.0
Zhifeig,Taipei Bravo,PCL,Mid,PCL 2023 Season · playoffs,4,0.0,2.86,-54.0,-2.0,55.0,-56.0
Hasu7,CTBC Flying Oyster Academy,PCL,Top,PCL 2023 Season · playoffs,6,0.333,2.81,-70.0,5.0,55.0,-65.0
BiIIy,CTBC Flying Oyster Academy,PCL,Jungle,PCL 2023 Season · playoffs,6,0.333,4.32,-91.0,5.0,55.0,-86.0
GuanGuan,Deep Cross Gaming Academy,PCL,Top,PCL 2023 Season · playoffs,6,0.333,1.48,-110.0,-3.0,55.0,-113.0
Hermes,CTBC Flying Oyster Academy,PCL,ADC,PCL 2023 Season · playoffs,6,0.333,4.35,-119.0,5.0,55.0,-114.0
Kerry,CTBC Flying Oyster Academy,PCL,Support,PCL 2023 Season · playoffs,6,0.333,3.17,-121.0,5.0,55.0,-116.0
Cheng9,Deep Cross Gaming Academy,PCL,ADC,PCL 2023 Season · playoffs,6,0.333,3.06,-140.0,-3.0,55.0,-143.0
1ssue,Deep Cross Gaming Academy,PCL,Support,PCL 2023 Season · playoffs,6,0.333,1.39,-146.0,-3.0,55.0,-149.0
kanashimi,Deep Cross Gaming Academy,PCL,Mid,PCL 2023 Season · playoffs,6,0.333,1.29,-160.0,-3.0,55.0,-163.0
HotPot,Deep Cross Gaming Academy,PCL,Jungle,PCL 2023 Season · playoffs,6,0.333,1.26,-172.0,-3.0,55.0,-175.0
Elaina,Dewish Tnu Team,PCL,Support,PCL 2023 Season · playoffs,4,0.0,2.14,-361.0,0.0,55.0,-361.0
Atomic,Dewish Tnu Team,PCL,Top,PCL 2023 Season · playoffs,4,0.0,3.07,-368.0,0.0,55.0,-368.0
DeathClaw,Dewish Tnu Team,PCL,Mid,PCL 2023 Season · playoffs,4,0.0,2.33,-384.0,0.0,55.0,-384.0
HongQ,Nate9527,PCL,Mid,PCL 2023 Season · saison régulière,8,0.75,5.14,449.0,-1.0,55.0,448.0
Ysera,Nate9527,PCL,Support,PCL 2023 Season · saison régulière,8,0.75,4.91,307.0,-1.0,55.0,306.0
Weizhe,Nate9527,PCL,Top,PCL 2023 Season · saison régulière,8,0.75,2.93,277.0,-1.0,55.0,276.0
Xx,Nate.A,PCL,Jungle,PCL 2023 Season · saison régulière,6,0.833,8.33,256.0,10.0,55.0,266.0
Doggy,Nate9527,PCL,ADC,PCL 2023 Season · saison régulière,8,0.75,4.0,263.0,-1.0,55.0,262.0
clx,Nate.A,PCL,Mid,PCL 2023 Season · saison régulière,6,0.833,4.53,228.0,10.0,55.0,238.0
1Jiang,Nate.A,PCL,Top,PCL 2023 Season · saison régulière,6,0.833,6.56,205.0,10.0,55.0,215.0
Zkai,PSG Talon Academy,PCL,Top,PCL 2023 Season · saison régulière,9,0.778,4.95,217.0,-2.0,55.0,215.0
TNS,PSG Talon Academy,PCL,Support,PCL 2023 Season · saison régulière,9,0.778,5.44,172.0,-2.0,55.0,170.0
Xin,PSG Talon Academy,PCL,Jungle,PCL 2023 Season · saison régulière,6,0.667,4.82,171.0,-2.0,55.0,169.0
ChiCh1,PSG Talon Academy,PCL,ADC,PCL 2023 Season · saison régulière,9,0.778,6.44,166.0,-2.0,55.0,164.0
Wen,PSG Talon Academy,PCL,Mid,PCL 2023 Season · saison régulière,9,0.778,6.53,157.0,-2.0,55.0,155.0
Alex,Nate9527,PCL,Jungle,PCL 2023 Season · saison régulière,8,0.75,4.8,134.0,-1.0,55.0,133.0
Lz,Nate.A,PCL,ADC,PCL 2023 Season · saison régulière,6,0.833,5.33,114.0,10.0,55.0,124.0
Kino,Nate.A,PCL,Support,PCL 2023 Season · saison régulière,6,0.833,5.07,86.0,10.0,55.0,96.0
Yuuto,Taipei Bravo,PCL,Jungle,PCL 2023 Season · saison régulière,7,0.714,5.75,68.0,5.0,55.0,73.0
Simple,TES,PCL,Support,PCL 2023 Season · saison régulière,11,0.636,5.42,51.0,3.0,55.0,54.0
Milkcat,TES,PCL,ADC,PCL 2023 Season · saison régulière,11,0.636,6.59,49.0,3.0,55.0,52.0
Lacunae,Hungkuang Falcon (弘光獵鷹),PCS,Top,PCL 2023 Season · saison régulière,6,0.667,2.88,39.0,2.0,55.0,41.0
Shivers,TES,PCL,Mid,PCL 2023 Season · saison régulière,11,0.636,4.1,28.0,3.0,55.0,31.0
Gaeul,TES,PCL,Jungle,PCL 2023 Season · saison régulière,11,0.636,5.04,25.0,3.0,55.0,28.0
JokerHan,CTBC Flying Oyster Academy,PCL,Mid,PCL 2023 Season · saison régulière,8,0.625,6.76,7.0,2.0,55.0,9.0
Cause,Taipei Bravo,PCL,Top,PCL 2023 Season · saison régulière,10,0.6,3.91,-22.0,4.0,55.0,-18.0
pinvvei,Taipei Bravo,PCL,Support,PCL 2023 Season · saison régulière,10,0.6,3.25,-26.0,4.0,55.0,-22.0
Sywjj,TES,PCL,Top,PCL 2023 Season · saison régulière,11,0.636,2.09,-33.0,3.0,55.0,-30.0
Mob,Taipei Bravo,PCL,ADC,PCL 2023 Season · saison régulière,10,0.6,3.93,-50.0,4.0,55.0,-46.0
ShengBai,JGamers,PCL,Mid,PCL 2023 Season · saison régulière,10,0.5,3.54,-50.0,2.0,55.0,-48.0
Zhifeig,Taipei Bravo,PCL,Mid,PCL 2023 Season · saison régulière,10,0.6,4.81,-54.0,4.0,55.0,-50.0
Arding,JGamers,PCL,Support,PCL 2023 Season · saison régulière,10,0.5,3.3,-55.0,2.0,55.0,-53.0
Hasu7,CTBC Flying Oyster Academy,PCL,Top,PCL 2023 Season · saison régulière,8,0.625,4.25,-70.0,2.0,55.0,-68.0
GodJJ,JGamers,PCL,ADC,PCL 2023 Season · saison régulière,10,0.5,3.38,-76.0,2.0,55.0,-74.0
BiIIy,CTBC Flying Oyster Academy,PCL,Jungle,PCL 2023 Season · saison régulière,8,0.625,3.79,-91.0,2.0,55.0,-89.0
Kazmma,JGamers,PCL,Jungle,PCL 2023 Season · saison régulière,10,0.5,3.3,-98.0,2.0,55.0,-96.0
GuanGuan,Deep Cross Gaming Academy,PCL,Top,PCL 2023 Season · saison régulière,10,0.5,2.69,-110.0,4.0,55.0,-106.0
ICU,JGamers,PCL,Top,PCL 2023 Season · saison régulière,10,0.5,1.63,-115.0,2.0,55.0,-113.0
Hermes,CTBC Flying Oyster Academy,PCL,ADC,PCL 2023 Season · saison régulière,8,0.625,4.95,-119.0,2.0,55.0,-117.0
Kerry,CTBC Flying Oyster Academy,PCL,Support,PCL 2023 Season · saison régulière,8,0.625,4.4,-121.0,2.0,55.0,-119.0
Ever,Another Day,LDL,ADC,PCL 2023 Season · saison régulière,3,0.667,5.12,-123.0,1.0,55.0,-122.0
Cheng9,Deep Cross Gaming Academy,PCL,ADC,PCL 2023 Season · saison régulière,10,0.5,3.83,-140.0,4.0,55.0,-136.0
1ssue,Deep Cross Gaming Academy,PCL,Support,PCL 2023 Season · saison régulière,10,0.5,2.45,-146.0,4.0,55.0,-142.0
kanashimi,Deep Cross Gaming Academy,PCL,Mid,PCL 2023 Season · saison régulière,10,0.5,4.14,-160.0,4.0,55.0,-156.0
HotPot,Deep Cross Gaming Academy,PCL,Jungle,PCL 2023 Season · saison régulière,10,0.5,3.37,-172.0,4.0,55.0,-168.0
Fiya,team last,PCS,Jungle,PCL 2023 Season · saison régulière,2,0.0,3.25,-234.0,-2.0,55.0,-236.0
Calumnia,West Point Esports Academy,PCS,Mid,PCL 2023 Season · saison régulière,4,0.0,1.24,-339.0,-3.0,55.0,-342.0
Elaina,Dewish Tnu Team,PCL,Support,PCL 2023 Season · saison régulière,7,0.143,1.71,-361.0,-5.0,55.0,-366.0
Atomic,Dewish Tnu Team,PCL,Top,PCL 2023 Season · saison régulière,7,0.143,1.35,-368.0,-5.0,55.0,-373.0
DeathClaw,Dewish Tnu Team,PCL,Mid,PCL 2023 Season · saison régulière,7,0.143,2.04,-384.0,-5.0,55.0,-389.0
JunJia,PSG Talon,PCS,Jungle,PCS Spring · playoffs,13,0.692,4.65,538.0,-0.0,55.0,538.0
Azhi,PSG Talon,PCS,Top,PCS Spring · playoffs,13,0.692,6.0,475.0,-0.0,55.0,475.0
Wako,PSG Talon,PCS,ADC,PCS Spring · playoffs,13,0.692,4.95,470.0,-0.0,55.0,470.0
Woody,PSG Talon,PCS,Support,PCS Spring · playoffs,13,0.692,5.7,419.0,-0.0,55.0,419.0
Driver,J Team,PCS,Top,PCS Spring · playoffs,16,0.5,2.35,397.0,-1.0,55.0,396.0
Alex,Nate9527,PCL,Jungle,PCS Spring · playoffs,16,0.5,3.24,388.0,-1.0,55.0,387.0
JimieN,CTBC Flying Oyster,PCS,Mid,PCS Spring · playoffs,17,0.529,3.24,354.0,1.0,55.0,355.0
Kaiwing,Frank Esports,PCS,Support,PCS Spring · playoffs,20,0.55,4.05,335.0,3.0,55.0,338.0
MnM,Frank Esports,PCS,ADC,PCS Spring · playoffs,20,0.55,4.47,334.0,3.0,55.0,337.0
Shunn,CTBC Flying Oyster,PCS,ADC,PCS Spring · playoffs,17,0.529,3.94,335.0,1.0,55.0,336.0
Kongyue,Beyond Gaming,PCS,Jungle,PCS Spring · playoffs,9,0.556,4.22,336.0,-6.0,55.0,330.0
Pretender,Frank Esports,PCS,Mid,PCS Spring · playoffs,20,0.55,4.31,315.0,3.0,55.0,318.0
Gemini,CTBC Flying Oyster,PCS,Jungle,PCS Spring · playoffs,17,0.529,2.43,317.0,1.0,55.0,318.0
Rest,CTBC Flying Oyster,PCS,Top,PCS Spring · playoffs,17,0.529,2.65,308.0,1.0,55.0,309.0
1116,Beyond Gaming,PCS,Mid,PCS Spring · playoffs,9,0.556,4.09,304.0,-6.0,55.0,298.0
Uniboy,Rare Atom Period,LDL,Mid,PCS Spring · playoffs,13,0.692,4.95,287.0,-0.0,55.0,287.0
Solokill,EDward Gaming,PCS,Top,PCS Spring · playoffs,20,0.55,3.25,268.0,3.0,55.0,271.0
Orca,Deep Cross Gaming,PCS,Support,PCS Spring · playoffs,8,0.625,6.79,259.0,3.0,55.0,262.0
Likai,Beyond Gaming,PCS,Top,PCS Spring · playoffs,9,0.556,3.5,259.0,-6.0,55.0,253.0
Hana,Deep Cross Gaming,PCS,Jungle,PCS Spring · playoffs,8,0.625,4.26,243.0,3.0,55.0,246.0
Hanabi,Deep Cross Gaming,PCS,Top,PCS Spring · playoffs,8,0.625,7.71,242.0,3.0,55.0,245.0
S1aytrue,CTBC Flying Oyster,PCS,Support,PCS Spring · playoffs,17,0.529,3.18,242.0,1.0,55.0,243.0
Holo,Frank Esports,PCS,Jungle,PCS Spring · playoffs,20,0.55,3.21,233.0,3.0,55.0,236.0
Mission,Deep Cross Gaming,PCS,Mid,PCS Spring · playoffs,16,0.5,3.74,229.0,-1.0,55.0,228.0
Cryscata,Deep Cross Gaming,PCS,ADC,PCS Spring · playoffs,8,0.625,7.23,209.0,3.0,55.0,212.0
Nestea,Deep Cross Gaming,PCS,Mid,PCS Spring · playoffs,8,0.625,4.65,192.0,3.0,55.0,195.0
Natur3,Impunity,PCS,Support,PCS Spring · playoffs,16,0.5,3.05,158.0,-1.0,55.0,157.0
Atlen,Impunity,PCS,ADC,PCS Spring · playoffs,16,0.5,4.05,120.0,-1.0,55.0,119.0
Kino,Nate.A,PCL,Support,PCS Spring · playoffs,9,0.556,3.37,86.0,-6.0,55.0,80.0
Feng,Beyond Gaming,PCS,ADC,PCS Spring · playoffs,9,0.556,5.14,33.0,-6.0,55.0,27.0
BioPanther,Chiefs Esports Club,LCO,Top,PCS Spring · playoffs,7,0.143,1.92,-71.0,1.0,55.0,-70.0
Daystar,Team Bliss,LCO,Mid,PCS Spring · playoffs,6,0.0,1.96,-81.0,-1.0,55.0,-82.0
Raes,Chiefs Esports Club,LCO,ADC,PCS Spring · playoffs,7,0.143,3.1,-109.0,1.0,55.0,-108.0
Kisee,Chiefs Esports Club,LCO,Mid,PCS Spring · playoffs,7,0.143,2.59,-109.0,1.0,55.0,-108.0
Lived,Team Bliss,LCO,Top,PCS Spring · playoffs,6,0.0,1.0,-117.0,-1.0,55.0,-118.0
Aladoric,Chiefs Esports Club,LCO,Support,PCS Spring · playoffs,7,0.143,1.84,-135.0,1.0,55.0,-134.0
Leemas,Team Bliss,LCO,ADC,PCS Spring · playoffs,6,0.0,1.34,-168.0,-1.0,55.0,-169.0
Whynot,Team Bliss,LCO,Jungle,PCS Spring · playoffs,6,0.0,1.28,-168.0,-1.0,55.0,-169.0
Babip,Chiefs Esports Club,LCO,Jungle,PCS Spring · playoffs,7,0.143,1.62,-266.0,1.0,55.0,-265.0
Benvi,Team Bliss,LCO,Support,PCS Spring · playoffs,6,0.0,1.54,-331.0,-1.0,55.0,-332.0
JunJia,PSG Talon,PCS,Jungle,PCS Spring · saison régulière,11,1.0,5.52,538.0,7.0,55.0,545.0
Azhi,PSG Talon,PCS,Top,PCS Spring · saison régulière,18,0.833,5.7,475.0,3.0,55.0,478.0
Wako,PSG Talon,PCS,ADC,PCS Spring · saison régulière,18,0.833,10.05,470.0,3.0,55.0,473.0
HongQ,Nate9527,PCL,Mid,PCS Spring · saison régulière,6,1.0,6.69,449.0,5.0,55.0,454.0
Woody,PSG Talon,PCS,Support,PCS Spring · saison régulière,18,0.833,7.26,419.0,3.0,55.0,422.0
Driver,J Team,PCS,Top,PCS Spring · saison régulière,18,0.611,2.52,397.0,0.0,55.0,397.0
Alex,Nate9527,PCL,Jungle,PCS Spring · saison régulière,23,0.696,5.02,388.0,5.0,55.0,393.0
JimieN,CTBC Flying Oyster,PCS,Mid,PCS Spring · saison régulière,19,0.632,4.94,354.0,-0.0,55.0,354.0
Kaiwing,Frank Esports,PCS,Support,PCS Spring · saison régulière,19,0.684,6.52,335.0,7.0,55.0,342.0
MnM,Frank Esports,PCS,ADC,PCS Spring · saison régulière,19,0.684,5.97,334.0,7.0,55.0,341.0
Shunn,CTBC Flying Oyster,PCS,ADC,PCS Spring · saison régulière,19,0.632,4.72,335.0,-0.0,55.0,335.0
Kongyue,Beyond Gaming,PCS,Jungle,PCS Spring · saison régulière,19,0.579,4.91,336.0,-1.0,55.0,335.0
Pretender,Frank Esports,PCS,Mid,PCS Spring · saison régulière,19,0.684,5.82,315.0,7.0,55.0,322.0
Gemini,CTBC Flying Oyster,PCS,Jungle,PCS Spring · saison régulière,19,0.632,4.34,317.0,-0.0,55.0,317.0
Ysera,Nate9527,PCL,Support,PCS Spring · saison régulière,6,1.0,13.75,307.0,5.0,55.0,312.0
Rest,CTBC Flying Oyster,PCS,Top,PCS Spring · saison régulière,19,0.632,2.94,308.0,-0.0,55.0,308.0
1116,Beyond Gaming,PCS,Mid,PCS Spring · saison régulière,19,0.579,4.1,304.0,-1.0,55.0,303.0
RYue,EDG Youth Team,LDL,Top,PCS Spring · saison régulière,8,0.5,2.08,304.0,-2.0,55.0,302.0
Uniboy,Rare Atom Period,LDL,Mid,PCS Spring · saison régulière,18,0.833,6.54,287.0,3.0,55.0,290.0
Weizhe,Nate9527,PCL,Top,PCS Spring · saison régulière,6,1.0,5.53,277.0,5.0,55.0,282.0
Keres,Beyond Gaming,PCS,Support,PCS Spring · saison régulière,18,0.167,2.59,280.0,-3.0,55.0,277.0
Solokill,EDward Gaming,PCS,Top,PCS Spring · saison régulière,19,0.684,4.71,268.0,7.0,55.0,275.0
Doggy,Nate9527,PCL,ADC,PCS Spring · saison régulière,6,1.0,8.75,263.0,5.0,55.0,268.0
Orca,Deep Cross Gaming,PCS,Support,PCS Spring · saison régulière,16,0.5,4.03,259.0,-0.0,55.0,259.0
Likai,Beyond Gaming,PCS,Top,PCS Spring · saison régulière,19,0.579,4.5,259.0,-1.0,55.0,258.0
S1aytrue,CTBC Flying Oyster,PCS,Support,PCS Spring · saison régulière,19,0.632,4.38,242.0,-0.0,55.0,242.0
Hana,Deep Cross Gaming,PCS,Jungle,PCS Spring · saison régulière,19,0.526,4.17,243.0,-2.0,55.0,241.0
Holo,Frank Esports,PCS,Jungle,PCS Spring · saison régulière,19,0.684,5.12,233.0,7.0,55.0,240.0
Hanabi,Deep Cross Gaming,PCS,Top,PCS Spring · saison régulière,19,0.526,3.66,242.0,-2.0,55.0,240.0
Enso,J Team,PCS,Support,PCS Spring · saison régulière,18,0.444,6.73,242.0,-7.0,55.0,235.0
Mission,Deep Cross Gaming,PCS,Mid,PCS Spring · saison régulière,18,0.611,3.52,229.0,0.0,55.0,229.0
Zkai,PSG Talon Academy,PCL,Top,PCS Spring · saison régulière,9,0.667,4.48,217.0,1.0,55.0,218.0
Cryscata,Deep Cross Gaming,PCS,ADC,PCS Spring · saison régulière,19,0.526,3.21,209.0,-2.0,55.0,207.0
Lauva,J Team,PCS,Jungle,PCS Spring · saison régulière,18,0.444,3.59,214.0,-7.0,55.0,207.0
Minji,J Team,PCS,Mid,PCS Spring · saison régulière,18,0.444,3.34,201.0,-7.0,55.0,194.0
Nestea,Deep Cross Gaming,PCS,Mid,PCS Spring · saison régulière,19,0.526,5.15,192.0,-2.0,55.0,190.0
Bruce,J Team,PCS,ADC,PCS Spring · saison régulière,18,0.444,2.7,189.0,-7.0,55.0,182.0
TNS,PSG Talon Academy,PCL,Support,PCS Spring · saison régulière,9,0.667,4.09,172.0,1.0,55.0,173.0
Xin,PSG Talon Academy,PCL,Jungle,PCS Spring · saison régulière,9,0.667,5.59,171.0,1.0,55.0,172.0
ChiCh1,PSG Talon Academy,PCL,ADC,PCS Spring · saison régulière,9,0.667,5.14,166.0,1.0,55.0,167.0
Wen,PSG Talon Academy,PCL,Mid,PCS Spring · saison régulière,9,0.667,5.36,157.0,1.0,55.0,158.0
Natur3,Impunity,PCS,Support,PCS Spring · saison régulière,18,0.611,3.39,158.0,0.0,55.0,158.0
Alex,Nate9527,PCL,Jungle,PCS Spring · saison régulière,1,1.0,5.5,134.0,0.0,55.0,134.0
Atlen,Impunity,PCS,ADC,PCS Spring · saison régulière,27,0.518,3.39,120.0,-2.0,54.0,118.0
Hong2,HELL PIGS,PCS,Mid,PCS Spring · saison régulière,18,0.333,2.53,99.0,-0.0,55.0,99.0
Kino,Nate.A,PCL,Support,PCS Spring · saison régulière,19,0.579,2.96,86.0,-1.0,55.0,85.0
Cha9,West Point Esports,PCS,Support,PCS Spring · saison régulière,3,0.667,3.36,69.0,-1.0,55.0,68.0
tako,HELL PIGS,PCS,Jungle,PCS Spring · saison régulière,18,0.333,1.63,43.0,-0.0,55.0,43.0
Lacunae,Hungkuang Falcon (弘光獵鷹),PCS,Top,PCS Spring · saison régulière,18,0.167,1.39,39.0,3.0,55.0,42.0
Feng,Beyond Gaming,PCS,ADC,PCS Spring · saison régulière,19,0.579,4.49,33.0,-1.0,55.0,32.0
Taco,HELL PIGS,PCS,Top,PCS Spring · saison régulière,18,0.333,1.98,32.0,-0.0,55.0,32.0
Tide,HELL PIGS,PCS,ADC,PCS Spring · saison régulière,18,0.333,3.76,16.0,-0.0,55.0,16.0
IC8,HELL PIGS,PCS,Support,PCS Spring · saison régulière,18,0.333,2.94,-15.0,-0.0,55.0,-15.0
Long,J Team,PCS,Top,PCS Spring · saison régulière,10,0.4,1.53,-52.0,-5.0,55.0,-57.0
yjy,SEM9 WPE,PCS,ADC,PCS Spring · saison régulière,18,0.167,1.87,-131.0,-3.0,55.0,-134.0
Relhia,West Point Esports,PCS,Top,PCS Spring · saison régulière,18,0.167,1.21,-139.0,-3.0,55.0,-142.0
En,Dewish Team,PCS,Support,PCS Spring · saison régulière,24,0.125,1.61,-154.0,-1.0,55.0,-155.0
Felia,Impunity,PCS,Support,PCS Spring · saison régulière,9,0.333,2.19,-152.0,-3.0,55.0,-155.0
Pepero,Dewish Team,PCS,ADC,PCS Spring · saison régulière,24,0.125,1.99,-200.0,-1.0,55.0,-201.0
JP6RU8,Dewish Team,PCS,Top,PCS Spring · saison régulière,6,0.0,1.52,-211.0,-4.0,55.0,-215.0
Arashi,Impunity,PCS,Jungle,PCS Spring · saison régulière,9,0.333,2.55,-213.0,-3.0,55.0,-216.0
WSL,Dewish Team,PCS,Jungle,PCS Spring · saison régulière,24,0.125,1.7,-230.0,-1.0,55.0,-231.0
Fiya,team last,PCS,Jungle,PCS Spring · saison régulière,18,0.167,1.62,-234.0,-3.0,55.0,-237.0
1jw,Impunity,PCS,Top,PCS Spring · saison régulière,9,0.333,1.23,-253.0,-3.0,55.0,-256.0
xiaotu,Dewish Team,PCS,Mid,PCS Spring · saison régulière,24,0.125,1.31,-287.0,-1.0,55.0,-288.0
Shera,Impunity,PCS,Mid,PCS Spring · saison régulière,9,0.333,2.45,-294.0,-3.0,55.0,-297.0
Calumnia,West Point Esports Academy,PCS,Mid,PCS Spring · saison régulière,18,0.167,1.56,-339.0,-3.0,55.0,-342.0
Betty,Beyond Gaming,PCS,ADC,PCS Summer · playoffs,16,0.625,7.0,563.0,2.0,55.0,565.0
JunJia,PSG Talon,PCS,Jungle,PCS Summer · playoffs,13,0.692,4.5,538.0,-1.0,55.0,537.0
Maple,PSG Talon,PCS,Mid,PCS Summer · playoffs,13,0.692,5.95,485.0,-1.0,55.0,484.0
Azhi,PSG Talon,PCS,Top,PCS Summer · playoffs,13,0.692,4.38,475.0,-1.0,55.0,474.0
Wako,PSG Talon,PCS,ADC,PCS Summer · playoffs,13,0.692,6.0,470.0,-1.0,55.0,469.0
Woody,PSG Talon,PCS,Support,PCS Summer · playoffs,13,0.692,5.52,419.0,-1.0,55.0,418.0
Driver,J Team,PCS,Top,PCS Summer · playoffs,6,0.0,1.32,397.0,-10.0,55.0,387.0
JimieN,CTBC Flying Oyster,PCS,Mid,PCS Summer · playoffs,22,0.636,6.91,354.0,9.0,55.0,363.0
Shunn,CTBC Flying Oyster,PCS,ADC,PCS Summer · playoffs,22,0.636,5.44,335.0,9.0,55.0,344.0
Kongyue,Beyond Gaming,PCS,Jungle,PCS Summer · playoffs,16,0.625,3.73,336.0,2.0,55.0,338.0
Kaiwing,Frank Esports,PCS,Support,PCS Summer · playoffs,12,0.667,3.87,335.0,2.0,55.0,337.0
MnM,Frank Esports,PCS,ADC,PCS Summer · playoffs,12,0.667,7.35,334.0,2.0,55.0,336.0
Gemini,CTBC Flying Oyster,PCS,Jungle,PCS Summer · playoffs,22,0.636,4.72,317.0,9.0,55.0,326.0
Pretender,Frank Esports,PCS,Mid,PCS Summer · playoffs,12,0.667,7.29,315.0,2.0,55.0,317.0
Rest,CTBC Flying Oyster,PCS,Top,PCS Summer · playoffs,22,0.636,3.88,308.0,9.0,55.0,317.0
1116,Beyond Gaming,PCS,Mid,PCS Summer · playoffs,16,0.625,4.13,304.0,2.0,55.0,306.0
KennyChan,Frank Esports,PCS,Jungle,PCS Summer · playoffs,12,0.667,4.03,289.0,2.0,55.0,291.0
Keres,Beyond Gaming,PCS,Support,PCS Summer · playoffs,16,0.625,3.26,280.0,2.0,55.0,282.0
ShiauC,Rare Atom,PCS,Support,PCS Summer · playoffs,22,0.636,3.23,267.0,9.0,55.0,276.0
Solokill,EDward Gaming,PCS,Top,PCS Summer · playoffs,12,0.667,4.64,268.0,2.0,55.0,270.0
Likai,Beyond Gaming,PCS,Top,PCS Summer · playoffs,16,0.625,4.36,259.0,2.0,55.0,261.0
Orca,Deep Cross Gaming,PCS,Support,PCS Summer · playoffs,11,0.364,2.33,259.0,-2.0,55.0,257.0
Hana,Deep Cross Gaming,PCS,Jungle,PCS Summer · playoffs,11,0.364,3.47,243.0,-2.0,55.0,241.0
Hanabi,Deep Cross Gaming,PCS,Top,PCS Summer · playoffs,11,0.364,2.7,242.0,-2.0,55.0,240.0
Enso,J Team,PCS,Support,PCS Summer · playoffs,6,0.0,2.0,242.0,-10.0,55.0,232.0
Mission,Deep Cross Gaming,PCS,Mid,PCS Summer · playoffs,11,0.364,2.94,229.0,-2.0,55.0,227.0
Cryscata,Deep Cross Gaming,PCS,ADC,PCS Summer · playoffs,11,0.364,3.86,209.0,-2.0,55.0,207.0
Kevy,Chiefs Esports Club,LCO,Jungle,PCS Summer · playoffs,4,0.5,3.09,200.0,4.0,55.0,204.0
Lauva,J Team,PCS,Jungle,PCS Summer · playoffs,6,0.0,2.0,214.0,-10.0,55.0,204.0
Minji,J Team,PCS,Mid,PCS Summer · playoffs,6,0.0,1.86,201.0,-10.0,55.0,191.0
Bruce,J Team,PCS,ADC,PCS Summer · playoffs,6,0.0,1.19,189.0,-10.0,55.0,179.0
BioPanther,Chiefs Esports Club,LCO,Top,PCS Summer · playoffs,8,0.25,1.68,-71.0,2.0,55.0,-69.0
Daystar,Team Bliss,LCO,Mid,PCS Summer · playoffs,6,0.0,1.41,-81.0,-1.0,55.0,-82.0
Raes,Chiefs Esports Club,LCO,ADC,PCS Summer · playoffs,8,0.25,3.25,-109.0,2.0,55.0,-107.0
Kisee,Chiefs Esports Club,LCO,Mid,PCS Summer · playoffs,8,0.25,2.25,-109.0,2.0,55.0,-107.0
Akia,Team Bliss,LCO,Support,PCS Summer · playoffs,6,0.0,0.72,-115.0,-1.0,55.0,-116.0
Lived,Team Bliss,LCO,Top,PCS Summer · playoffs,6,0.0,0.33,-117.0,-1.0,55.0,-118.0
Aladoric,Chiefs Esports Club,LCO,Support,PCS Summer · playoffs,8,0.25,2.0,-135.0,2.0,55.0,-133.0
Leemas,Team Bliss,LCO,ADC,PCS Summer · playoffs,6,0.0,1.32,-168.0,-1.0,55.0,-169.0
Whynot,Team Bliss,LCO,Jungle,PCS Summer · playoffs,6,0.0,0.97,-168.0,-1.0,55.0,-169.0
Babip,Chiefs Esports Club,LCO,Jungle,PCS Summer · playoffs,4,0.0,1.24,-266.0,-2.0,55.0,-268.0
Betty,Beyond Gaming,PCS,ADC,PCS Summer · saison régulière,18,0.778,10.43,563.0,5.0,55.0,568.0
JunJia,PSG Talon,PCS,Jungle,PCS Summer · saison régulière,18,0.889,7.59,538.0,-0.0,55.0,538.0
Maple,PSG Talon,PCS,Mid,PCS Summer · saison régulière,18,0.889,9.29,485.0,-0.0,55.0,485.0
Azhi,PSG Talon,PCS,Top,PCS Summer · saison régulière,18,0.889,8.53,475.0,-0.0,55.0,475.0
Wako,PSG Talon,PCS,ADC,PCS Summer · saison régulière,18,0.889,8.88,470.0,-0.0,55.0,470.0
Woody,PSG Talon,PCS,Support,PCS Summer · saison régulière,18,0.889,6.79,419.0,-0.0,55.0,419.0
Driver,J Team,PCS,Top,PCS Summer · saison régulière,18,0.833,4.82,397.0,15.0,55.0,412.0
JimieN,CTBC Flying Oyster,PCS,Mid,PCS Summer · saison régulière,19,0.526,5.34,354.0,-6.0,55.0,348.0
Kongyue,Beyond Gaming,PCS,Jungle,PCS Summer · saison régulière,18,0.778,6.97,336.0,5.0,55.0,341.0
Shunn,CTBC Flying Oyster,PCS,ADC,PCS Summer · saison régulière,19,0.526,5.33,335.0,-6.0,55.0,329.0
Kaiwing,Frank Esports,PCS,Support,PCS Summer · saison régulière,19,0.474,4.27,335.0,-8.0,55.0,327.0
MnM,Frank Esports,PCS,ADC,PCS Summer · saison régulière,19,0.474,4.72,334.0,-8.0,55.0,326.0
Gemini,CTBC Flying Oyster,PCS,Jungle,PCS Summer · saison régulière,19,0.526,3.98,317.0,-6.0,55.0,311.0
1116,Beyond Gaming,PCS,Mid,PCS Summer · saison régulière,18,0.778,6.81,304.0,5.0,55.0,309.0
Pretender,Frank Esports,PCS,Mid,PCS Summer · saison régulière,19,0.474,3.81,315.0,-8.0,55.0,307.0
Rest,CTBC Flying Oyster,PCS,Top,PCS Summer · saison régulière,19,0.526,3.03,308.0,-6.0,55.0,302.0
KennyChan,Frank Esports,PCS,Jungle,PCS Summer · saison régulière,16,0.562,4.12,289.0,-0.0,55.0,289.0
Keres,Beyond Gaming,PCS,Support,PCS Summer · saison régulière,18,0.778,6.06,280.0,5.0,55.0,285.0
Likai,Beyond Gaming,PCS,Top,PCS Summer · saison régulière,18,0.778,4.82,259.0,5.0,55.0,264.0
Orca,Deep Cross Gaming,PCS,Support,PCS Summer · saison régulière,15,0.6,2.6,259.0,3.0,55.0,262.0
ShiauC,Rare Atom,PCS,Support,PCS Summer · saison régulière,19,0.526,3.51,267.0,-6.0,55.0,261.0
Solokill,EDward Gaming,PCS,Top,PCS Summer · saison régulière,19,0.474,2.88,268.0,-8.0,55.0,260.0
Enso,J Team,PCS,Support,PCS Summer · saison régulière,18,0.833,12.83,242.0,15.0,55.0,257.0
Hana,Deep Cross Gaming,PCS,Jungle,PCS Summer · saison régulière,18,0.556,5.66,243.0,2.0,55.0,245.0
Hanabi,Deep Cross Gaming,PCS,Top,PCS Summer · saison régulière,18,0.556,3.13,242.0,2.0,55.0,244.0
Mission,Deep Cross Gaming,PCS,Mid,PCS Summer · saison régulière,18,0.556,3.45,229.0,2.0,55.0,231.0
Lauva,J Team,PCS,Jungle,PCS Summer · saison régulière,18,0.833,11.16,214.0,15.0,55.0,229.0
Holo,Frank Esports,PCS,Jungle,PCS Summer · saison régulière,3,0.0,2.12,233.0,-8.0,55.0,225.0
Minji,J Team,PCS,Mid,PCS Summer · saison régulière,18,0.833,7.76,201.0,15.0,55.0,216.0
Cryscata,Deep Cross Gaming,PCS,ADC,PCS Summer · saison régulière,18,0.556,3.9,209.0,2.0,55.0,211.0
Bruce,J Team,PCS,ADC,PCS Summer · saison régulière,18,0.833,5.56,189.0,15.0,55.0,204.0
Nestea,Deep Cross Gaming,PCS,Mid,PCS Summer · saison régulière,3,0.333,2.7,192.0,-2.0,55.0,190.0
Pop9,West Point Esports,PCS,Jungle,PCS Summer · saison régulière,18,0.389,2.57,112.0,-0.0,55.0,112.0
Prage,West Point Esports,PCS,ADC,PCS Summer · saison régulière,18,0.389,2.67,86.0,-0.0,55.0,86.0
Cha9,West Point Esports,PCS,Support,PCS Summer · saison régulière,18,0.389,2.15,69.0,-0.0,55.0,69.0
NuL1,West Point Esports,PCS,Mid,PCS Summer · saison régulière,18,0.389,3.72,40.0,-0.0,55.0,40.0
Taco,HELL PIGS,PCS,Top,PCS Summer · saison régulière,18,0.389,2.4,32.0,-1.0,55.0,31.0
Adiogs,HELL PIGS,PCS,Mid,PCS Summer · saison régulière,18,0.389,2.52,25.0,-1.0,55.0,24.0
Godtone,HELL PIGS,PCS,Jungle,PCS Summer · saison régulière,18,0.389,1.94,20.0,-1.0,55.0,19.0
Tide,HELL PIGS,PCS,ADC,PCS Summer · saison régulière,18,0.389,3.09,16.0,-1.0,55.0,15.0
IC8,HELL PIGS,PCS,Support,PCS Summer · saison régulière,18,0.389,2.0,-15.0,-1.0,55.0,-16.0
Relhia,West Point Esports,PCS,Top,PCS Summer · saison régulière,18,0.389,1.92,-139.0,-0.0,55.0,-139.0
Felia,Impunity,PCS,Support,PCS Summer · saison régulière,9,0.111,1.0,-152.0,-1.0,55.0,-153.0
En,Dewish Team,PCS,Support,PCS Summer · saison régulière,18,0.056,1.33,-154.0,-2.0,55.0,-156.0
Pepero,Dewish Team,PCS,ADC,PCS Summer · saison régulière,18,0.056,1.92,-200.0,-2.0,55.0,-202.0
JP6RU8,Dewish Team,PCS,Top,PCS Summer · saison régulière,18,0.056,1.14,-211.0,-2.0,55.0,-213.0
Arashi,Impunity,PCS,Jungle,PCS Summer · saison régulière,18,0.111,1.31,-213.0,-4.0,55.0,-217.0
Blaze,Impunity,PCS,ADC,PCS Summer · saison régulière,18,0.111,1.42,-224.0,-4.0,55.0,-228.0
WSL,Dewish Team,PCS,Jungle,PCS Summer · saison régulière,18,0.056,1.46,-230.0,-2.0,55.0,-232.0
1jw,Impunity,PCS,Top,PCS Summer · saison régulière,18,0.111,1.38,-253.0,-4.0,55.0,-257.0
xiaotu,Dewish Team,PCS,Mid,PCS Summer · saison régulière,18,0.056,1.03,-287.0,-2.0,55.0,-289.0
Shera,Impunity,PCS,Mid,PCS Summer · saison régulière,18,0.111,1.3,-294.0,-4.0,55.0,-298.0
Six10,Macko Esports,PGN,Mid,PGN Spring · playoffs,9,0.667,3.38,183.0,1.0,55.0,184.0
ACD,Macko Esports,PGN,Top,PGN Spring · playoffs,9,0.667,3.08,163.0,1.0,55.0,164.0
Cboi,Macko Esports,PGN,Jungle,PGN Spring · playoffs,9,0.667,3.15,150.0,1.0,55.0,151.0
Vzz,Macko Esports,PGN,ADC,PGN Spring · playoffs,9,0.667,4.5,149.0,1.0,55.0,150.0
Dehaste,Nigma Galaxy,AL,Mid,PGN Spring · playoffs,13,0.462,3.86,105.0,3.0,55.0,108.0
Click,Macko Esports,PGN,Support,PGN Spring · playoffs,9,0.667,3.0,106.0,1.0,55.0,107.0
Stefan,Nativz,NLC,Jungle,PGN Spring · playoffs,13,0.462,4.94,72.0,3.0,55.0,75.0
Empyros,DSYRE,PGN,Top,PGN Spring · playoffs,8,0.5,2.0,12.0,-3.0,55.0,9.0
Rhilech,DSYRE,PGN,Jungle,PGN Spring · playoffs,8,0.5,2.2,8.0,-3.0,55.0,5.0
Aetinoth,DSYRE,PGN,ADC,PGN Spring · playoffs,8,0.5,3.7,1.0,-3.0,55.0,-2.0
XoNix,DSYRE,PGN,Mid,PGN Spring · playoffs,8,0.5,4.42,-7.0,-3.0,55.0,-10.0
Ellam,aNc Outplayed,PGN,ADC,PGN Spring · playoffs,13,0.462,4.41,-41.0,3.0,55.0,-38.0
HungryPanda,Zero Tenacity,PGN,Support,PGN Spring · playoffs,8,0.5,2.82,-46.0,-3.0,55.0,-49.0
Kikis,Atleta Esport,PGN,Jungle,PGN Spring · playoffs,4,0.25,2.19,-57.0,-1.0,55.0,-58.0
Venzer,aNc Outplayed,PGN,Support,PGN Spring · playoffs,13,0.462,2.42,-66.0,3.0,55.0,-63.0
Creon,Atleta Esport,PGN,ADC,PGN Spring · playoffs,4,0.25,2.7,-100.0,-1.0,55.0,-101.0
Obelisk,Atleta Esport,PGN,Top,PGN Spring · playoffs,4,0.25,4.73,-118.0,-1.0,55.0,-119.0
KroMAX,Forsaken,UL,Support,PGN Spring · playoffs,4,0.25,2.22,-234.0,-1.0,55.0,-235.0
StenBosse,Panathinaikos Esports,PGN,Top,PGN Spring · playoffs,13,0.462,3.0,-323.0,3.0,55.0,-320.0
Dream Maker,aNc Outplayed,PGN,Mid,PGN Spring · playoffs,4,0.25,3.75,-372.0,-1.0,55.0,-373.0
Six10,Macko Esports,PGN,Mid,PGN Spring · saison régulière,14,0.786,7.24,183.0,-8.0,55.0,175.0
ACD,Macko Esports,PGN,Top,PGN Spring · saison régulière,14,0.786,3.18,163.0,-8.0,55.0,155.0
Cboi,Macko Esports,PGN,Jungle,PGN Spring · saison régulière,14,0.786,3.77,150.0,-8.0,55.0,142.0
Vzz,Macko Esports,PGN,ADC,PGN Spring · saison régulière,14,0.786,5.28,149.0,-8.0,55.0,141.0
Dehaste,Nigma Galaxy,AL,Mid,PGN Spring · saison régulière,14,0.786,5.0,105.0,8.0,55.0,113.0
Click,Macko Esports,PGN,Support,PGN Spring · saison régulière,14,0.786,5.25,106.0,-8.0,55.0,98.0
Stefan,Nativz,NLC,Jungle,PGN Spring · saison régulière,14,0.786,5.39,72.0,8.0,55.0,80.0
NuQ,Beşiktaş Esports,TCL,Top,PGN Spring · saison régulière,4,0.5,2.69,44.0,0.0,55.0,44.0
Empyros,DSYRE,PGN,Top,PGN Spring · saison régulière,14,0.714,2.59,12.0,-0.0,55.0,12.0
Rhilech,DSYRE,PGN,Jungle,PGN Spring · saison régulière,14,0.714,3.6,8.0,-0.0,55.0,8.0
Aetinoth,DSYRE,PGN,ADC,PGN Spring · saison régulière,14,0.714,5.67,1.0,-0.0,55.0,1.0
XoNix,DSYRE,PGN,Mid,PGN Spring · saison régulière,14,0.714,7.11,-7.0,-0.0,55.0,-7.0
Ellam,aNc Outplayed,PGN,ADC,PGN Spring · saison régulière,14,0.786,6.34,-41.0,8.0,55.0,-33.0
HungryPanda,Zero Tenacity,PGN,Support,PGN Spring · saison régulière,14,0.714,3.61,-46.0,-0.0,55.0,-46.0
Kikis,Atleta Esport,PGN,Jungle,PGN Spring · saison régulière,14,0.571,4.56,-57.0,2.0,55.0,-55.0
Venzer,aNc Outplayed,PGN,Support,PGN Spring · saison régulière,14,0.786,4.69,-66.0,8.0,55.0,-58.0
Wendel,Verdant,NLC,Support,PGN Spring · saison régulière,2,0.0,1.5,-74.0,2.0,55.0,-72.0
tooshi,NOVO Esports,PGN,Jungle,PGN Spring · saison régulière,3,1.0,3.33,-87.0,2.0,55.0,-85.0
Creon,Atleta Esport,PGN,ADC,PGN Spring · saison régulière,14,0.571,5.37,-100.0,2.0,55.0,-98.0
Obelisk,Atleta Esport,PGN,Top,PGN Spring · saison régulière,14,0.571,3.05,-118.0,2.0,55.0,-116.0
Sebekx,Atleta Esport,PGN,Mid,PGN Spring · saison régulière,14,0.357,2.34,-118.0,-1.0,55.0,-119.0
Conse,DREN Esports,PGN,Top,PGN Spring · saison régulière,14,0.286,2.72,-173.0,-0.0,55.0,-173.0
Cospect,Atleta Esport,PGN,Support,PGN Spring · saison régulière,12,0.417,1.46,-177.0,-2.0,55.0,-179.0
Lotuss,Webidoo Gaming,PGN,Jungle,PGN Spring · saison régulière,14,0.286,4.97,-228.0,-0.0,55.0,-228.0
Kenal,Ramboot Club,PGN,ADC,PGN Spring · saison régulière,14,0.286,3.94,-229.0,-0.0,55.0,-229.0
KroMAX,Forsaken,UL,Support,PGN Spring · saison régulière,14,0.571,2.51,-234.0,2.0,55.0,-232.0
Tinelli,NOVO Esports,PGN,Support,PGN Spring · saison régulière,14,0.357,3.45,-277.0,-0.0,55.0,-277.0
JaVaaa,Cyberground Gaming,PGN,ADC,PGN Spring · saison régulière,14,0.357,3.12,-292.0,-0.0,55.0,-292.0
SkaR,NOVO Esports,PGN,Top,PGN Spring · saison régulière,2,0.5,2.71,-304.0,1.0,55.0,-303.0
Phlaty,Webidoo Gaming,PGN,Mid,PGN Spring · saison régulière,14,0.286,3.21,-311.0,-0.0,55.0,-311.0
Sparz,Webidoo Gaming,PGN,Support,PGN Spring · saison régulière,14,0.286,3.17,-312.0,-0.0,55.0,-312.0
StenBosse,Panathinaikos Esports,PGN,Top,PGN Spring · saison régulière,14,0.786,5.22,-323.0,8.0,55.0,-315.0
Vigil,exeed,UL,Mid,PGN Spring · saison régulière,14,0.357,2.24,-318.0,-0.0,55.0,-318.0
Endz,exeed,UL,ADC,PGN Spring · saison régulière,14,0.357,2.76,-341.0,-1.0,55.0,-342.0
Velja,Cyber Wolves,EBL,Jungle,PGN Spring · saison régulière,6,0.5,2.57,-349.0,2.0,55.0,-347.0
Dreampull,Axolotl,PGN,Top,PGN Spring · saison régulière,14,0.357,1.84,-351.0,-1.0,55.0,-352.0
Scofield,Hijos De Patria,PGN,Jungle,PGN Spring · saison régulière,8,0.25,2.85,-366.0,-2.0,55.0,-368.0
Dream Maker,aNc Outplayed,PGN,Mid,PGN Spring · saison régulière,9,0.333,4.07,-372.0,2.0,55.0,-370.0
MxDragon,Cyberground Gaming,PGN,Jungle,PGN Spring · saison régulière,14,0.357,1.72,-399.0,-1.0,55.0,-400.0
JeppeHou,GGEsports,PGN,Support,PGN Spring · saison régulière,12,0.167,1.45,-413.0,3.0,55.0,-410.0
Aytekn,Crvena zvezda Esports,EBL,Top,PGN Spring · saison régulière,8,0.25,2.05,-474.0,-2.0,55.0,-476.0
Navatar,GGEsports,PGN,Jungle,PGN Spring · saison régulière,14,0.143,1.22,-510.0,-0.0,55.0,-510.0
gtrik,Zajčje Tačke,EBL,Mid,PGN Spring · saison régulière,6,0.167,1.73,-549.0,3.0,55.0,-546.0
TheCheeng,DREN Esports,PGN,Top,PGN Spring · saison régulière,13,0.154,1.83,-563.0,-0.0,55.0,-563.0
Teiyon,DREN Esports,PGN,ADC,PGN Spring · saison régulière,14,0.143,1.39,-645.0,-0.0,55.0,-645.0
Six10,Macko Esports,PGN,Mid,PGN Summer · playoffs,8,0.75,4.5,183.0,1.0,55.0,184.0
ACD,Macko Esports,PGN,Top,PGN Summer · playoffs,8,0.75,3.04,163.0,1.0,55.0,164.0
Cboi,Macko Esports,PGN,Jungle,PGN Summer · playoffs,8,0.75,3.43,150.0,1.0,55.0,151.0
Vzz,Macko Esports,PGN,ADC,PGN Summer · playoffs,8,0.75,4.76,149.0,1.0,55.0,150.0
Click,Macko Esports,PGN,Support,PGN Summer · playoffs,8,0.75,2.84,106.0,1.0,55.0,107.0
Fatihcan,Cyberground Gaming,PGN,ADC,PGN Summer · playoffs,4,0.25,4.0,42.0,-2.0,55.0,40.0
Empyros,DSYRE,PGN,Top,PGN Summer · playoffs,11,0.454,3.39,12.0,2.0,55.0,14.0
Rhilech,DSYRE,PGN,Jungle,PGN Summer · playoffs,11,0.454,4.57,8.0,2.0,55.0,10.0
Nash,DSYRE,PGN,Support,PGN Summer · playoffs,11,0.454,2.16,3.0,2.0,55.0,5.0
Aetinoth,DSYRE,PGN,ADC,PGN Summer · playoffs,11,0.454,3.86,1.0,2.0,55.0,3.0
XoNix,DSYRE,PGN,Mid,PGN Summer · playoffs,11,0.454,3.33,-7.0,2.0,55.0,-5.0
Kikis,Atleta Esport,PGN,Jungle,PGN Summer · playoffs,7,0.429,6.14,-57.0,-1.0,55.0,-58.0
Creon,Atleta Esport,PGN,ADC,PGN Summer · playoffs,7,0.429,3.78,-100.0,-1.0,55.0,-101.0
Obelisk,Atleta Esport,PGN,Top,PGN Summer · playoffs,7,0.429,2.31,-118.0,-1.0,55.0,-119.0
Sebekx,Atleta Esport,PGN,Mid,PGN Summer · playoffs,7,0.429,2.64,-118.0,-1.0,55.0,-119.0
Cospect,Atleta Esport,PGN,Support,PGN Summer · playoffs,7,0.429,2.97,-177.0,-1.0,55.0,-178.0
MGX,Cyberground Gaming,PGN,Mid,PGN Summer · playoffs,4,0.25,3.82,-234.0,-2.0,55.0,-236.0
Gabbo,Cyberground Gaming,PGN,Top,PGN Summer · playoffs,4,0.25,2.5,-283.0,-2.0,55.0,-285.0
Zergsting,Cyberground Gaming,PGN,Support,PGN Summer · playoffs,4,0.25,1.63,-391.0,-2.0,55.0,-393.0
MxDragon,Cyberground Gaming,PGN,Jungle,PGN Summer · playoffs,4,0.25,2.1,-399.0,-2.0,55.0,-401.0
Fleshy,Papara SuperMassive,TCL,Support,PGN Summer · saison régulière,6,0.667,7.27,225.0,5.0,55.0,230.0
Six10,Macko Esports,PGN,Mid,PGN Summer · saison régulière,14,0.929,6.23,183.0,4.0,55.0,187.0
ACD,Macko Esports,PGN,Top,PGN Summer · saison régulière,14,0.929,4.39,163.0,4.0,55.0,167.0
Cboi,Macko Esports,PGN,Jungle,PGN Summer · saison régulière,14,0.929,6.54,150.0,4.0,55.0,154.0
Vzz,Macko Esports,PGN,ADC,PGN Summer · saison régulière,14,0.929,4.46,149.0,4.0,55.0,153.0
Click,Macko Esports,PGN,Support,PGN Summer · saison régulière,14,0.929,6.2,106.0,4.0,55.0,110.0
Fatihcan,Cyberground Gaming,PGN,ADC,PGN Summer · saison régulière,14,0.5,4.22,42.0,4.0,55.0,46.0
Empyros,DSYRE,PGN,Top,PGN Summer · saison régulière,14,0.786,4.96,12.0,2.0,55.0,14.0
Rhilech,DSYRE,PGN,Jungle,PGN Summer · saison régulière,14,0.786,5.81,8.0,2.0,55.0,10.0
Nash,DSYRE,PGN,Support,PGN Summer · saison régulière,14,0.786,6.85,3.0,2.0,55.0,5.0
Aetinoth,DSYRE,PGN,ADC,PGN Summer · saison régulière,14,0.786,5.19,1.0,2.0,55.0,3.0
XoNix,DSYRE,PGN,Mid,PGN Summer · saison régulière,14,0.786,6.04,-7.0,2.0,55.0,-5.0
Kikis,Atleta Esport,PGN,Jungle,PGN Summer · saison régulière,14,0.714,5.9,-57.0,6.0,55.0,-51.0
tooshi,NOVO Esports,PGN,Jungle,PGN Summer · saison régulière,14,0.357,2.06,-87.0,0.0,55.0,-87.0
Creon,Atleta Esport,PGN,ADC,PGN Summer · saison régulière,14,0.714,4.6,-100.0,6.0,55.0,-94.0
Obelisk,Atleta Esport,PGN,Top,PGN Summer · saison régulière,14,0.714,3.18,-118.0,6.0,55.0,-112.0
Sebekx,Atleta Esport,PGN,Mid,PGN Summer · saison régulière,14,0.714,6.62,-118.0,6.0,55.0,-112.0
Artenes,ENEMI3S,PGN,ADC,PGN Summer · saison régulière,8,0.25,2.0,-142.0,-7.0,55.0,-149.0
Cospect,Atleta Esport,PGN,Support,PGN Summer · saison régulière,14,0.714,5.61,-177.0,6.0,55.0,-171.0
Conse,DREN Esports,PGN,Top,PGN Summer · saison régulière,1,0.0,2.5,-173.0,-1.0,55.0,-174.0
kehvo,Myth Esports,ESLOL,ADC,PGN Summer · saison régulière,14,0.357,3.15,-208.0,-0.0,55.0,-208.0
kPr,ENEMI3S,PGN,Top,PGN Summer · saison régulière,14,0.143,1.38,-214.0,-13.0,55.0,-227.0
MGX,Cyberground Gaming,PGN,Mid,PGN Summer · saison régulière,14,0.5,3.61,-234.0,4.0,55.0,-230.0
XnS,ENEMI3S,PGN,Jungle,PGN Summer · saison régulière,14,0.143,2.62,-228.0,-13.0,55.0,-241.0
Furby,EGN Esports,PGN,Mid,PGN Summer · saison régulière,14,0.357,3.24,-266.0,0.0,55.0,-266.0
Skaterot,ENEMI3S,PGN,Mid,PGN Summer · saison régulière,14,0.143,1.92,-254.0,-13.0,55.0,-267.0
Gabbo,Cyberground Gaming,PGN,Top,PGN Summer · saison régulière,14,0.5,2.39,-283.0,4.0,55.0,-279.0
Joao,ENEMI3S,PGN,Support,PGN Summer · saison régulière,14,0.143,2.08,-283.0,-13.0,55.0,-296.0
Taba,DREN Esports,PGN,ADC,PGN Summer · saison régulière,12,0.25,2.5,-299.0,-3.0,55.0,-302.0
Faith,aNc Outplayed,PGN,Jungle,PGN Summer · saison régulière,14,0.357,2.4,-313.0,-0.0,55.0,-313.0
S1D,aNc Outplayed,PGN,Support,PGN Summer · saison régulière,14,0.357,2.25,-327.0,-0.0,55.0,-327.0
Dreampull,Axolotl,PGN,Top,PGN Summer · saison régulière,14,0.357,2.27,-351.0,0.0,55.0,-351.0
FENZ1,DREN Esports,PGN,Mid,PGN Summer · saison régulière,14,0.214,1.8,-350.0,-4.0,55.0,-354.0
WeiZoR,aNc Outplayed,PGN,Top,PGN Summer · saison régulière,14,0.357,2.07,-359.0,-0.0,55.0,-359.0
Cimpo,Axolotl,PGN,ADC,PGN Summer · saison régulière,14,0.357,1.75,-365.0,0.0,55.0,-365.0
Dream Maker,aNc Outplayed,PGN,Mid,PGN Summer · saison régulière,11,0.182,2.32,-372.0,-6.0,55.0,-378.0
Paradox,DREN Esports,PGN,Support,PGN Summer · saison régulière,14,0.214,2.92,-384.0,-4.0,55.0,-388.0
Zergsting,Cyberground Gaming,PGN,Support,PGN Summer · saison régulière,8,0.375,2.1,-391.0,-1.0,55.0,-392.0
MxDragon,Cyberground Gaming,PGN,Jungle,PGN Summer · saison régulière,14,0.5,3.92,-399.0,4.0,55.0,-395.0
Enryy,DREN Esports,PGN,Support,PGN Summer · saison régulière,14,0.357,1.74,-510.0,0.0,55.0,-510.0
Gaboesh,DREN Esports,PGN,Jungle,PGN Summer · saison régulière,14,0.214,1.35,-558.0,-4.0,55.0,-562.0
TheCheeng,DREN Esports,PGN,Top,PGN Summer · saison régulière,12,0.25,1.15,-563.0,-2.0,55.0,-565.0
Six10,Macko Esports,PGN,Mid,PGN · playoffs,12,0.917,7.19,183.0,4.0,55.0,187.0
ACD,Macko Esports,PGN,Top,PGN · playoffs,12,0.917,3.51,163.0,4.0,55.0,167.0
Cboi,Macko Esports,PGN,Jungle,PGN · playoffs,12,0.917,6.73,150.0,4.0,55.0,154.0
Vzz,Macko Esports,PGN,ADC,PGN · playoffs,12,0.917,12.67,149.0,4.0,55.0,153.0
Click,Macko Esports,PGN,Support,PGN · playoffs,12,0.917,6.0,106.0,4.0,55.0,110.0
Empyros,DSYRE,PGN,Top,PGN · playoffs,14,0.643,3.94,12.0,2.0,55.0,14.0
Rhilech,DSYRE,PGN,Jungle,PGN · playoffs,14,0.643,3.65,8.0,2.0,55.0,10.0
Nash,DSYRE,PGN,Support,PGN · playoffs,14,0.643,4.1,3.0,2.0,55.0,5.0
Aetinoth,DSYRE,PGN,ADC,PGN · playoffs,14,0.643,5.23,1.0,2.0,55.0,3.0
XoNix,DSYRE,PGN,Mid,PGN · playoffs,14,0.643,3.72,-7.0,2.0,55.0,-5.0
Kikis,Atleta Esport,PGN,Jungle,PGN · playoffs,11,0.546,3.61,-57.0,-2.0,55.0,-59.0
tooshi,NOVO Esports,PGN,Jungle,PGN · playoffs,4,0.5,2.85,-87.0,2.0,55.0,-85.0
Creon,Atleta Esport,PGN,ADC,PGN · playoffs,11,0.546,2.21,-100.0,-2.0,55.0,-102.0
Obelisk,Atleta Esport,PGN,Top,PGN · playoffs,11,0.546,1.69,-118.0,-2.0,55.0,-120.0
Sebekx,Atleta Esport,PGN,Mid,PGN · playoffs,11,0.546,4.9,-118.0,-2.0,55.0,-120.0
Artenes,ENEMI3S,PGN,ADC,PGN · playoffs,8,0.375,3.12,-142.0,6.0,55.0,-136.0
Raider,aNc Outplayed,PGN,Top,PGN · playoffs,10,0.4,2.16,-163.0,2.0,55.0,-161.0
Cospect,Atleta Esport,PGN,Support,PGN · playoffs,11,0.546,2.81,-177.0,-2.0,55.0,-179.0
Shredder,aNc Outplayed,PGN,Support,PGN · playoffs,10,0.4,2.83,-186.0,2.0,55.0,-184.0
kPr,ENEMI3S,PGN,Top,PGN · playoffs,9,0.444,3.49,-214.0,7.0,55.0,-207.0
XnS,ENEMI3S,PGN,Jungle,PGN · playoffs,9,0.444,4.89,-228.0,7.0,55.0,-221.0
Skaterot,ENEMI3S,PGN,Mid,PGN · playoffs,9,0.444,2.78,-254.0,7.0,55.0,-247.0
Tinelli,NOVO Esports,PGN,Support,PGN · playoffs,4,0.5,2.47,-277.0,2.0,55.0,-275.0
Joao,ENEMI3S,PGN,Support,PGN · playoffs,9,0.444,3.03,-283.0,7.0,55.0,-276.0
Gabbo,Cyberground Gaming,PGN,Top,PGN · playoffs,3,0.667,4.73,-283.0,2.0,55.0,-281.0
Aklass,aNc Outplayed,PGN,ADC,PGN · playoffs,10,0.4,4.46,-300.0,2.0,55.0,-298.0
Faith,aNc Outplayed,PGN,Jungle,PGN · playoffs,10,0.4,2.61,-313.0,2.0,55.0,-311.0
Dream Maker,aNc Outplayed,PGN,Mid,PGN · playoffs,10,0.4,3.96,-372.0,2.0,55.0,-370.0
STANIK,DREN Esports,HM,Mid,PGN · playoffs,4,0.0,3.43,-379.0,-3.0,55.0,-382.0
MxDragon,Cyberground Gaming,PGN,Jungle,PGN · playoffs,3,0.0,0.76,-399.0,-6.0,55.0,-405.0
Enryy,DREN Esports,PGN,Support,PGN · playoffs,4,0.0,1.06,-510.0,-3.0,55.0,-513.0
Smart,NOVO Esports,HC,Top,PGN · playoffs,4,0.5,4.5,-520.0,2.0,55.0,-518.0
Teiyon,DREN Esports,PGN,ADC,PGN · playoffs,4,0.0,0.75,-645.0,-3.0,55.0,-648.0
Ploxy,DREN Esports,PGN,Jungle,PGN · saison régulière,10,0.6,4.03,-123.0,4.0,55.0,-119.0
Artenes,ENEMI3S,PGN,ADC,PGN · saison régulière,8,0.75,6.0,-142.0,5.0,55.0,-137.0
Conse,DREN Esports,PGN,Top,PGN · saison régulière,3,1.0,3.91,-173.0,7.0,55.0,-166.0
kPr,ENEMI3S,PGN,Top,PGN · saison régulière,8,0.75,3.88,-214.0,5.0,55.0,-209.0
XnS,ENEMI3S,PGN,Jungle,PGN · saison régulière,8,0.75,4.8,-228.0,5.0,55.0,-223.0
Skaterot,ENEMI3S,PGN,Mid,PGN · saison régulière,8,0.75,3.78,-254.0,5.0,55.0,-249.0
Joao,ENEMI3S,PGN,Support,PGN · saison régulière,8,0.75,3.2,-283.0,5.0,55.0,-278.0
Tinelli,NOVO Esports,PGN,Support,PGN · saison régulière,11,0.454,4.5,-277.0,-4.0,55.0,-281.0
Taba,DREN Esports,PGN,ADC,PGN · saison régulière,10,0.6,5.45,-299.0,4.0,55.0,-295.0
SkaR,NOVO Esports,PGN,Top,PGN · saison régulière,11,0.454,2.16,-304.0,-4.0,55.0,-308.0
Jamie,NOVO Esports,PGN,ADC,PGN · saison régulière,11,0.454,4.18,-325.0,-4.0,55.0,-329.0
Ryuin,NOVO Esports,PGN,Mid,PGN · saison régulière,11,0.454,3.05,-339.0,-4.0,55.0,-343.0
FENZ1,DREN Esports,PGN,Mid,PGN · saison régulière,10,0.6,3.44,-350.0,4.0,55.0,-346.0
Jony,NOVO Esports,PGN,Jungle,PGN · saison régulière,11,0.454,2.81,-358.0,-4.0,55.0,-362.0
Paradox,DREN Esports,PGN,Support,PGN · saison régulière,10,0.6,3.55,-384.0,4.0,55.0,-380.0
Nox,Away from Normal,NEXO,Mid,PGN · saison régulière,5,0.2,2.23,-408.0,-2.0,55.0,-410.0
TheCheeng,DREN Esports,PGN,Top,PGN · saison régulière,7,0.429,1.57,-563.0,-3.0,55.0,-566.0
Pinkmin,Veni Vidi Vici,NEXO,Support,PGN · saison régulière,7,0.143,1.96,-610.0,-5.0,55.0,-615.0
GeeGee,NXT,ESLOL,ADC,PGN · saison régulière,7,0.143,1.9,-717.0,-5.0,55.0,-722.0
Peach,Excel Esports,LEC,Jungle,PRM Spring · saison régulière,18,0.778,3.19,650.0,-5.0,55.0,645.0
Fun K3y,Unicorns of Love Sexy Edition,PRM,ADC,PRM Spring · saison régulière,15,0.867,5.73,341.0,3.0,55.0,344.0
JNX,SK Gaming Prime,PRM,Top,PRM Spring · saison régulière,18,0.722,4.87,320.0,0.0,55.0,320.0
Keduii,SK Gaming Prime,PRM,ADC,PRM Spring · saison régulière,18,0.722,5.26,275.0,0.0,55.0,275.0
FEBIVEN,SK Gaming Prime,PRM,Mid,PRM Spring · saison régulière,18,0.722,6.1,249.0,0.0,55.0,249.0
Lurox,SK Gaming Prime,PRM,Jungle,PRM Spring · saison régulière,18,0.722,5.46,248.0,0.0,55.0,248.0
Prime,SK Gaming Prime,PRM,Support,PRM Spring · saison régulière,18,0.722,4.17,226.0,0.0,55.0,226.0
Ferret,İstanbul Wildcats,TCL,Jungle,PRM Spring · saison régulière,18,0.333,2.68,226.0,-1.0,55.0,225.0
Mask,Unicorns of Love Sexy Edition,PRM,Mid,PRM Spring · saison régulière,18,0.778,4.42,204.0,-5.0,55.0,199.0
Venour,Unicorns of Love Sexy Edition,PRM,Top,PRM Spring · saison régulière,18,0.778,3.29,152.0,-5.0,55.0,147.0
Special,Eintracht Spandau,PRM,Mid,PRM Spring · saison régulière,18,0.667,3.75,134.0,4.0,55.0,138.0
Lekcyc,Unicorns of Love Sexy Edition,PRM,Support,PRM Spring · saison régulière,18,0.778,4.48,132.0,-5.0,55.0,127.0
Pride,Eintracht Spandau,PRM,Top,PRM Spring · saison régulière,18,0.667,2.4,122.0,4.0,55.0,126.0
Smiley,Eintracht Spandau,PRM,ADC,PRM Spring · saison régulière,18,0.667,3.84,120.0,4.0,55.0,124.0
Lilipp,Eintracht Spandau,PRM,Support,PRM Spring · saison régulière,18,0.667,3.98,111.0,4.0,55.0,115.0
Zanzarah,Eintracht Spandau,PRM,Jungle,PRM Spring · saison régulière,18,0.667,4.38,99.0,4.0,55.0,103.0
Vizicsacsi,Berlin International Gaming,PRM,Top,PRM Spring · saison régulière,18,0.444,3.08,104.0,-6.0,55.0,98.0
Rulfchen,Berlin International Gaming,PRM,Jungle,PRM Spring · saison régulière,18,0.444,3.21,102.0,-6.0,55.0,96.0
HARPOON,Berlin International Gaming,PRM,ADC,PRM Spring · saison régulière,18,0.444,4.25,81.0,-6.0,55.0,75.0
Leon,Berlin International Gaming,PRM,Support,PRM Spring · saison régulière,18,0.444,3.4,77.0,-6.0,55.0,71.0
Kaymin,Berlin International Gaming,PRM,Mid,PRM Spring · saison régulière,18,0.444,3.98,68.0,-6.0,55.0,62.0
Tore,MOUZ NXT,PRM,Support,PRM Spring · saison régulière,18,0.556,3.9,50.0,6.0,55.0,56.0
Sencux,MOUZ NXT,PRM,Mid,PRM Spring · saison régulière,18,0.556,4.05,49.0,6.0,55.0,55.0
Kynetic,MOUZ NXT,PRM,ADC,PRM Spring · saison régulière,18,0.556,3.84,34.0,6.0,55.0,40.0
Seal,FC Schalke 04 Esports,PRM,Support,PRM Spring · saison régulière,18,0.667,4.25,24.0,8.0,55.0,32.0
Carlsen,MOUZ NXT,PRM,Top,PRM Spring · saison régulière,18,0.556,3.69,12.0,6.0,55.0,18.0
Mishi,FC Schalke 04 Esports,PRM,ADC,PRM Spring · saison régulière,18,0.667,4.22,8.0,8.0,55.0,16.0
Alexx,MOUZ NXT,PRM,Jungle,PRM Spring · saison régulière,18,0.556,3.93,6.0,6.0,55.0,12.0
Simpli,FC Schalke 04 Esports,PRM,Mid,PRM Spring · saison régulière,18,0.667,4.83,-0.0,8.0,55.0,8.0
Sacre,FC Schalke 04 Esports,PRM,Top,PRM Spring · saison régulière,18,0.667,3.74,-3.0,8.0,55.0,5.0
Afroboi,FC Schalke 04 Esports,PRM,Jungle,PRM Spring · saison régulière,18,0.667,3.14,-21.0,8.0,55.0,-13.0
Flamer,NNO Prime,PRM,Top,PRM Spring · saison régulière,18,0.222,2.4,-83.0,-1.0,55.0,-84.0
Vertigo,Eintracht Frankfurt,PRM,Top,PRM Spring · saison régulière,18,0.389,3.22,-89.0,2.0,55.0,-87.0
DizL,Eintracht Frankfurt,PRM,ADC,PRM Spring · saison régulière,18,0.389,3.77,-96.0,2.0,55.0,-94.0
Matislaw,NNO Prime,PRM,Mid,PRM Spring · saison régulière,18,0.222,2.32,-100.0,-1.0,55.0,-101.0
Don Arts,Eintracht Frankfurt,PRM,Jungle,PRM Spring · saison régulière,18,0.389,2.5,-110.0,2.0,55.0,-108.0
Lamabear,NNO Prime,PRM,Jungle,PRM Spring · saison régulière,18,0.222,2.8,-111.0,-1.0,55.0,-112.0
Asza,GamerLegion,PRM,ADC,PRM Spring · saison régulière,18,0.333,2.94,-111.0,-1.0,55.0,-112.0
zamulek,Anonymo Esports,LES,ADC,PRM Spring · saison régulière,18,0.222,2.61,-112.0,-1.0,55.0,-113.0
Vaunted,Eintracht Frankfurt,PRM,Support,PRM Spring · saison régulière,18,0.389,2.42,-117.0,2.0,55.0,-115.0
ZaZee,Eintracht Frankfurt,PRM,Mid,PRM Spring · saison régulière,18,0.389,3.21,-120.0,2.0,55.0,-118.0
Tazaku,E WIE EINFACH E-SPORTS,PRM,ADC,PRM Spring · saison régulière,18,0.222,1.64,-113.0,-6.0,55.0,-119.0
Ventair,E WIE EINFACH E-SPORTS,PRM,Top,PRM Spring · saison régulière,18,0.222,1.85,-143.0,-6.0,55.0,-149.0
Nite,E WIE EINFACH E-SPORTS,PRM,Mid,PRM Spring · saison régulière,18,0.222,1.27,-157.0,-6.0,55.0,-163.0
Max1,E WIE EINFACH E-SPORTS,PRM,Support,PRM Spring · saison régulière,18,0.222,1.94,-167.0,-6.0,55.0,-173.0
ESCIK,WLGaming Esports,GLL,Mid,PRM Spring · saison régulière,18,0.333,2.85,-180.0,-1.0,55.0,-181.0
DuaLL,Myth Esports,ESLOL,Support,PRM Spring · saison régulière,18,0.222,2.09,-181.0,-1.0,55.0,-182.0
Visdom,GamerLegion,PRM,Support,PRM Spring · saison régulière,18,0.333,3.07,-184.0,-1.0,55.0,-185.0
Tracyn,GamerLegion,PRM,Top,PRM Spring · saison régulière,18,0.333,2.02,-186.0,-1.0,55.0,-187.0
Obsess,E WIE EINFACH E-SPORTS,PRM,Jungle,PRM Spring · saison régulière,18,0.222,1.52,-323.0,-6.0,55.0,-329.0
Fun K3y,Unicorns of Love Sexy Edition,PRM,ADC,PRM Summer · playoffs,14,0.643,4.03,341.0,3.0,55.0,344.0
JNX,SK Gaming Prime,PRM,Top,PRM Summer · playoffs,6,1.0,19.67,320.0,8.0,55.0,328.0
Keduii,SK Gaming Prime,PRM,ADC,PRM Summer · playoffs,6,1.0,8.45,275.0,8.0,55.0,283.0
FEBIVEN,SK Gaming Prime,PRM,Mid,PRM Summer · playoffs,6,1.0,5.38,249.0,8.0,55.0,257.0
Lurox,SK Gaming Prime,PRM,Jungle,PRM Summer · playoffs,6,1.0,8.8,248.0,8.0,55.0,256.0
Prime,SK Gaming Prime,PRM,Support,PRM Summer · playoffs,6,1.0,5.24,226.0,8.0,55.0,234.0
Mask,Unicorns of Love Sexy Edition,PRM,Mid,PRM Summer · playoffs,14,0.643,3.84,204.0,3.0,55.0,207.0
Venour,Unicorns of Love Sexy Edition,PRM,Top,PRM Summer · playoffs,14,0.643,4.37,152.0,3.0,55.0,155.0
Lekcyc,Unicorns of Love Sexy Edition,PRM,Support,PRM Summer · playoffs,14,0.643,4.26,132.0,3.0,55.0,135.0
Special,Eintracht Spandau,PRM,Mid,PRM Summer · playoffs,7,0.143,2.17,134.0,-6.0,55.0,128.0
Pride,Eintracht Spandau,PRM,Top,PRM Summer · playoffs,7,0.143,1.12,122.0,-6.0,55.0,116.0
Smiley,Eintracht Spandau,PRM,ADC,PRM Summer · playoffs,7,0.143,1.68,120.0,-6.0,55.0,114.0
Vizicsacsi,Berlin International Gaming,PRM,Top,PRM Summer · playoffs,7,0.571,3.13,104.0,2.0,55.0,106.0
Lilipp,Eintracht Spandau,PRM,Support,PRM Summer · playoffs,7,0.143,1.13,111.0,-6.0,55.0,105.0
Rulfchen,Berlin International Gaming,PRM,Jungle,PRM Summer · playoffs,7,0.571,6.4,102.0,2.0,55.0,104.0
Zanzarah,Eintracht Spandau,PRM,Jungle,PRM Summer · playoffs,7,0.143,1.61,99.0,-6.0,55.0,93.0
HARPOON,Berlin International Gaming,PRM,ADC,PRM Summer · playoffs,7,0.571,5.38,81.0,2.0,55.0,83.0
Leon,Berlin International Gaming,PRM,Support,PRM Summer · playoffs,7,0.571,3.23,77.0,2.0,55.0,79.0
Kaymin,Berlin International Gaming,PRM,Mid,PRM Summer · playoffs,7,0.571,3.73,68.0,2.0,55.0,70.0
Tore,MOUZ NXT,PRM,Support,PRM Summer · playoffs,3,0.0,1.0,50.0,-4.0,55.0,46.0
Sencux,MOUZ NXT,PRM,Mid,PRM Summer · playoffs,3,0.0,1.67,49.0,-4.0,55.0,45.0
Kynetic,MOUZ NXT,PRM,ADC,PRM Summer · playoffs,3,0.0,4.25,34.0,-4.0,55.0,30.0
Seal,FC Schalke 04 Esports,PRM,Support,PRM Summer · playoffs,3,0.0,1.36,24.0,-4.0,55.0,20.0
Carlsen,MOUZ NXT,PRM,Top,PRM Summer · playoffs,3,0.0,2.33,12.0,-4.0,55.0,8.0
Mishi,FC Schalke 04 Esports,PRM,ADC,PRM Summer · playoffs,3,0.0,1.71,8.0,-4.0,55.0,4.0
Alexx,MOUZ NXT,PRM,Jungle,PRM Summer · playoffs,3,0.0,1.21,6.0,-4.0,55.0,2.0
Simpli,FC Schalke 04 Esports,PRM,Mid,PRM Summer · playoffs,3,0.0,1.6,-0.0,-4.0,55.0,-4.0
Sacre,FC Schalke 04 Esports,PRM,Top,PRM Summer · playoffs,3,0.0,0.7,-3.0,-4.0,55.0,-7.0
Afroboi,FC Schalke 04 Esports,PRM,Jungle,PRM Summer · playoffs,3,0.0,1.42,-21.0,-4.0,55.0,-25.0
CaD,Unicorns of Love Sexy Edition,PRM,Jungle,PRM Summer · playoffs,14,0.643,3.39,-52.0,3.0,55.0,-49.0
Fun K3y,Unicorns of Love Sexy Edition,PRM,ADC,PRM Summer · saison régulière,17,0.765,4.57,341.0,2.0,55.0,343.0
JNX,SK Gaming Prime,PRM,Top,PRM Summer · saison régulière,17,0.824,7.6,320.0,0.0,55.0,320.0
Keduii,SK Gaming Prime,PRM,ADC,PRM Summer · saison régulière,17,0.824,6.8,275.0,0.0,55.0,275.0
FEBIVEN,SK Gaming Prime,PRM,Mid,PRM Summer · saison régulière,17,0.824,5.74,249.0,0.0,55.0,249.0
Lurox,SK Gaming Prime,PRM,Jungle,PRM Summer · saison régulière,17,0.824,6.81,248.0,0.0,55.0,248.0
Prime,SK Gaming Prime,PRM,Support,PRM Summer · saison régulière,17,0.824,5.02,226.0,0.0,55.0,226.0
Mask,Unicorns of Love Sexy Edition,PRM,Mid,PRM Summer · saison régulière,18,0.778,4.07,204.0,1.0,55.0,205.0
Venour,Unicorns of Love Sexy Edition,PRM,Top,PRM Summer · saison régulière,18,0.778,2.73,152.0,1.0,55.0,153.0
Special,Eintracht Spandau,PRM,Mid,PRM Summer · saison régulière,18,0.778,6.72,134.0,10.0,55.0,144.0
Lekcyc,Unicorns of Love Sexy Edition,PRM,Support,PRM Summer · saison régulière,18,0.778,4.48,132.0,1.0,55.0,133.0
Pride,Eintracht Spandau,PRM,Top,PRM Summer · saison régulière,18,0.778,3.18,122.0,10.0,55.0,132.0
Smiley,Eintracht Spandau,PRM,ADC,PRM Summer · saison régulière,18,0.778,5.6,120.0,10.0,55.0,130.0
Lilipp,Eintracht Spandau,PRM,Support,PRM Summer · saison régulière,18,0.778,4.42,111.0,10.0,55.0,121.0
Zanzarah,Eintracht Spandau,PRM,Jungle,PRM Summer · saison régulière,18,0.778,4.07,99.0,10.0,55.0,109.0
Vizicsacsi,Berlin International Gaming,PRM,Top,PRM Summer · saison régulière,18,0.611,3.28,104.0,-1.0,55.0,103.0
Rulfchen,Berlin International Gaming,PRM,Jungle,PRM Summer · saison régulière,18,0.611,4.15,102.0,-1.0,55.0,101.0
HARPOON,Berlin International Gaming,PRM,ADC,PRM Summer · saison régulière,18,0.611,4.95,81.0,-1.0,55.0,80.0
Leon,Berlin International Gaming,PRM,Support,PRM Summer · saison régulière,18,0.611,4.02,77.0,-1.0,55.0,76.0
Kaymin,Berlin International Gaming,PRM,Mid,PRM Summer · saison régulière,18,0.611,3.13,68.0,-1.0,55.0,67.0
Yohan,GamerLegion,PRM,Jungle,PRM Summer · saison régulière,17,0.294,2.93,69.0,-4.0,55.0,65.0
Tore,MOUZ NXT,PRM,Support,PRM Summer · saison régulière,18,0.5,3.62,50.0,-0.0,55.0,50.0
Sencux,MOUZ NXT,PRM,Mid,PRM Summer · saison régulière,18,0.5,5.61,49.0,-0.0,55.0,49.0
Kynetic,MOUZ NXT,PRM,ADC,PRM Summer · saison régulière,18,0.5,4.23,34.0,-0.0,55.0,34.0
Seal,FC Schalke 04 Esports,PRM,Support,PRM Summer · saison régulière,18,0.5,3.85,24.0,-2.0,55.0,22.0
Carlsen,MOUZ NXT,PRM,Top,PRM Summer · saison régulière,18,0.5,3.63,12.0,-0.0,55.0,12.0
Mishi,FC Schalke 04 Esports,PRM,ADC,PRM Summer · saison régulière,18,0.5,4.38,8.0,-2.0,55.0,6.0
Alexx,MOUZ NXT,PRM,Jungle,PRM Summer · saison régulière,18,0.5,3.65,6.0,-0.0,55.0,6.0
Simpli,FC Schalke 04 Esports,PRM,Mid,PRM Summer · saison régulière,18,0.5,4.11,-0.0,-2.0,55.0,-2.0
Sacre,FC Schalke 04 Esports,PRM,Top,PRM Summer · saison régulière,18,0.5,2.68,-3.0,-2.0,55.0,-5.0
Phantomles,GamerLegion,PRM,Mid,PRM Summer · saison régulière,17,0.294,2.89,-2.0,-4.0,55.0,-6.0
Afroboi,FC Schalke 04 Esports,PRM,Jungle,PRM Summer · saison régulière,18,0.5,4.07,-21.0,-2.0,55.0,-23.0
CaD,Unicorns of Love Sexy Edition,PRM,Jungle,PRM Summer · saison régulière,18,0.778,2.68,-52.0,1.0,55.0,-51.0
Notiko,NNO Prime,PRM,ADC,PRM Summer · saison régulière,18,0.111,1.56,-58.0,-7.0,55.0,-65.0
Flamer,NNO Prime,PRM,Top,PRM Summer · saison régulière,18,0.111,2.22,-83.0,-7.0,55.0,-90.0
jinjo,GamerLegion,PRM,ADC,PRM Summer · saison régulière,17,0.294,3.51,-86.0,-4.0,55.0,-90.0
Vertigo,Eintracht Frankfurt,PRM,Top,PRM Summer · saison régulière,18,0.167,3.1,-89.0,-4.0,55.0,-93.0
DizL,Eintracht Frankfurt,PRM,ADC,PRM Summer · saison régulière,18,0.167,3.05,-96.0,-4.0,55.0,-100.0
Tazaku,E WIE EINFACH E-SPORTS,PRM,ADC,PRM Summer · saison régulière,18,0.444,4.0,-113.0,6.0,55.0,-107.0
Matislaw,NNO Prime,PRM,Mid,PRM Summer · saison régulière,18,0.111,2.13,-100.0,-7.0,55.0,-107.0
Don Arts,Eintracht Frankfurt,PRM,Jungle,PRM Summer · saison régulière,18,0.167,1.83,-110.0,-4.0,55.0,-114.0
Lamabear,NNO Prime,PRM,Jungle,PRM Summer · saison régulière,18,0.111,2.21,-111.0,-7.0,55.0,-118.0
Vaunted,Eintracht Frankfurt,PRM,Support,PRM Summer · saison régulière,16,0.125,2.19,-117.0,-4.0,55.0,-121.0
ZaZee,Eintracht Frankfurt,PRM,Mid,PRM Summer · saison régulière,18,0.167,2.62,-120.0,-4.0,55.0,-124.0
Ventair,E WIE EINFACH E-SPORTS,PRM,Top,PRM Summer · saison régulière,18,0.444,1.85,-143.0,6.0,55.0,-137.0
Nite,E WIE EINFACH E-SPORTS,PRM,Mid,PRM Summer · saison régulière,18,0.444,2.19,-157.0,6.0,55.0,-151.0
Max1,E WIE EINFACH E-SPORTS,PRM,Support,PRM Summer · saison régulière,18,0.444,2.44,-167.0,6.0,55.0,-161.0
D4nKa,E WIE EINFACH E-SPORTS,PRM,Jungle,PRM Summer · saison régulière,18,0.444,2.51,-169.0,6.0,55.0,-163.0
Visdom,GamerLegion,PRM,Support,PRM Summer · saison régulière,17,0.294,3.6,-184.0,-4.0,55.0,-188.0
Tracyn,GamerLegion,PRM,Top,PRM Summer · saison régulière,17,0.294,2.23,-186.0,-4.0,55.0,-190.0
Saviour,NNO Prime,PRM,Support,PRM Summer · saison régulière,18,0.111,1.25,-336.0,-7.0,55.0,-343.0
Peach,Excel Esports,LEC,Jungle,PRM · playoffs,9,0.667,4.08,650.0,4.0,55.0,654.0
Fun K3y,Unicorns of Love Sexy Edition,PRM,ADC,PRM · playoffs,9,0.667,4.04,341.0,4.0,55.0,345.0
JNX,SK Gaming Prime,PRM,Top,PRM · playoffs,13,0.462,3.44,320.0,-3.0,55.0,317.0
Keduii,SK Gaming Prime,PRM,ADC,PRM · playoffs,13,0.462,3.61,275.0,-3.0,55.0,272.0
FEBIVEN,SK Gaming Prime,PRM,Mid,PRM · playoffs,13,0.462,3.26,249.0,-3.0,55.0,246.0
Lurox,SK Gaming Prime,PRM,Jungle,PRM · playoffs,13,0.462,3.5,248.0,-3.0,55.0,245.0
Prime,SK Gaming Prime,PRM,Support,PRM · playoffs,13,0.462,3.69,226.0,-3.0,55.0,223.0
Mask,Unicorns of Love Sexy Edition,PRM,Mid,PRM · playoffs,9,0.667,9.36,204.0,4.0,55.0,208.0
Venour,Unicorns of Love Sexy Edition,PRM,Top,PRM · playoffs,9,0.667,3.48,152.0,4.0,55.0,156.0
Lekcyc,Unicorns of Love Sexy Edition,PRM,Support,PRM · playoffs,9,0.667,3.37,132.0,4.0,55.0,136.0
Special,Eintracht Spandau,PRM,Mid,PRM · playoffs,3,0.0,1.0,134.0,-6.0,55.0,128.0
Pride,Eintracht Spandau,PRM,Top,PRM · playoffs,3,0.0,1.18,122.0,-6.0,55.0,116.0
Smiley,Eintracht Spandau,PRM,ADC,PRM · playoffs,3,0.0,0.75,120.0,-6.0,55.0,114.0
Vizicsacsi,Berlin International Gaming,PRM,Top,PRM · playoffs,11,0.636,2.44,104.0,6.0,55.0,110.0
Rulfchen,Berlin International Gaming,PRM,Jungle,PRM · playoffs,11,0.636,3.12,102.0,6.0,55.0,108.0
Lilipp,Eintracht Spandau,PRM,Support,PRM · playoffs,3,0.0,1.5,111.0,-6.0,55.0,105.0
Zanzarah,Eintracht Spandau,PRM,Jungle,PRM · playoffs,3,0.0,1.82,99.0,-6.0,55.0,93.0
HARPOON,Berlin International Gaming,PRM,ADC,PRM · playoffs,11,0.636,4.29,81.0,6.0,55.0,87.0
Leon,Berlin International Gaming,PRM,Support,PRM · playoffs,11,0.636,4.42,77.0,6.0,55.0,83.0
Kaymin,Berlin International Gaming,PRM,Mid,PRM · playoffs,11,0.636,2.68,68.0,6.0,55.0,74.0
Tore,MOUZ NXT,PRM,Support,PRM · playoffs,9,0.444,4.7,50.0,-0.0,55.0,50.0
Sencux,MOUZ NXT,PRM,Mid,PRM · playoffs,9,0.444,5.56,49.0,-0.0,55.0,49.0
Kynetic,MOUZ NXT,PRM,ADC,PRM · playoffs,9,0.444,4.35,34.0,-0.0,55.0,34.0
Seal,FC Schalke 04 Esports,PRM,Support,PRM · playoffs,5,0.4,4.64,24.0,-1.0,55.0,23.0
Carlsen,MOUZ NXT,PRM,Top,PRM · playoffs,9,0.444,2.62,12.0,-0.0,55.0,12.0
Mishi,FC Schalke 04 Esports,PRM,ADC,PRM · playoffs,5,0.4,2.54,8.0,-1.0,55.0,7.0
Alexx,MOUZ NXT,PRM,Jungle,PRM · playoffs,9,0.444,2.26,6.0,-0.0,55.0,6.0
Simpli,FC Schalke 04 Esports,PRM,Mid,PRM · playoffs,5,0.4,4.8,-0.0,-1.0,55.0,-1.0
Sacre,FC Schalke 04 Esports,PRM,Top,PRM · playoffs,5,0.4,2.19,-3.0,-1.0,55.0,-4.0
Afroboi,FC Schalke 04 Esports,PRM,Jungle,PRM · playoffs,5,0.4,2.29,-21.0,-1.0,55.0,-22.0
Akabane,GamerLegion,PRM,Jungle,PRM · saison régulière,12,0.5,3.27,2.0,1.0,55.0,3.0
Phantomles,GamerLegion,PRM,Mid,PRM · saison régulière,12,0.5,3.9,-2.0,1.0,55.0,-1.0
Sven,Austrian Force willhaben,PRM,Top,PRM · saison régulière,10,0.4,1.86,-29.0,-4.0,55.0,-33.0
Notiko,NNO Prime,PRM,ADC,PRM · saison régulière,6,1.0,4.92,-58.0,8.0,55.0,-50.0
Flamer,NNO Prime,PRM,Top,PRM · saison régulière,6,1.0,27.5,-83.0,8.0,55.0,-75.0
jinjo,GamerLegion,PRM,ADC,PRM · saison régulière,12,0.5,4.54,-86.0,1.0,55.0,-85.0
Matislaw,NNO Prime,PRM,Mid,PRM · saison régulière,6,1.0,8.29,-100.0,8.0,55.0,-92.0
Lamabear,NNO Prime,PRM,Jungle,PRM · saison régulière,6,1.0,6.0,-111.0,8.0,55.0,-103.0
Piwek,Austrian Force willhaben,PRM,ADC,PRM · saison régulière,10,0.4,3.62,-118.0,-4.0,55.0,-122.0
Highway,Austrian Force willhaben,PRM,Support,PRM · saison régulière,10,0.4,2.5,-124.0,-4.0,55.0,-128.0
Nan0,Austrian Force willhaben,PRM,Mid,PRM · saison régulière,10,0.4,5.2,-134.0,-4.0,55.0,-138.0
Visdom,GamerLegion,PRM,Support,PRM · saison régulière,12,0.5,3.32,-184.0,1.0,55.0,-183.0
Noltey,Austrian Force willhaben,PRM,Jungle,PRM · saison régulière,10,0.4,2.93,-179.0,-4.0,55.0,-183.0
Tracyn,GamerLegion,PRM,Top,PRM · saison régulière,12,0.5,3.95,-186.0,1.0,55.0,-185.0
JuanDeDios,Spectacled Bears,LRS,Top,SL (LATAM) · playoffs,10,0.6,3.52,-438.0,3.0,55.0,-435.0
Akunma,Tomorrow Esports,LRN,Top,SL (LATAM) · playoffs,14,0.643,3.41,-520.0,2.0,55.0,-518.0
Scenari0,Spectacled Bears,SL (LATAM),ADC,SL (LATAM) · playoffs,10,0.6,5.7,-636.0,3.0,55.0,-633.0
Alowhed,Spectacled Bears,LRS,Mid,SL (LATAM) · playoffs,14,0.643,4.08,-708.0,2.0,55.0,-706.0
Nainess,Spectacled Bears,SL (LATAM),Jungle,SL (LATAM) · playoffs,14,0.714,4.82,-745.0,9.0,55.0,-736.0
Shiku,Spectacled Bears,SL (LATAM),Support,SL (LATAM) · playoffs,14,0.714,6.96,-797.0,9.0,55.0,-788.0
Melody,Osaka,SL (LATAM),Support,SL (LATAM) · playoffs,8,0.375,4.14,-827.0,-6.0,55.0,-833.0
CaTzzz,Eclipse Gaming,SL (LATAM),ADC,SL (LATAM) · playoffs,14,0.643,3.4,-850.0,2.0,55.0,-848.0
Shall,Incubus,SL (LATAM),Jungle,SL (LATAM) · playoffs,10,0.6,3.84,-865.0,3.0,55.0,-862.0
Dinastik,Incubus,SL (LATAM),Mid,SL (LATAM) · playoffs,10,0.6,4.09,-869.0,3.0,55.0,-866.0
Kurckoo,Vipers,SL (LATAM),Mid,SL (LATAM) · playoffs,14,0.714,5.59,-890.0,9.0,55.0,-881.0
Siicked,Mad Kings,SL (LATAM),Top,SL (LATAM) · playoffs,8,0.375,2.84,-906.0,-6.0,55.0,-912.0
AlienBoy,Universitario Esports,SL (LATAM),ADC,SL (LATAM) · playoffs,5,0.4,2.76,-915.0,-0.0,55.0,-915.0
Ceviche,Incubus,SL (LATAM),Support,SL (LATAM) · playoffs,10,0.6,3.58,-920.0,3.0,55.0,-917.0
1Curioso,Spectacled Bears,SL (LATAM),Jungle,SL (LATAM) · playoffs,14,0.643,4.05,-924.0,2.0,55.0,-922.0
Ruyi,Red Eye Esports,SL (LATAM),Jungle,SL (LATAM) · playoffs,7,0.429,2.04,-947.0,1.0,55.0,-946.0
Alex Mercer,Mad Kings,SL (LATAM),Mid,SL (LATAM) · playoffs,8,0.375,2.25,-949.0,-6.0,55.0,-955.0
Saifer,Red Eye Esports,SL (LATAM),Mid,SL (LATAM) · playoffs,7,0.429,3.41,-970.0,1.0,55.0,-969.0
Yoyomax,Mad Kings,SL (LATAM),Jungle,SL (LATAM) · playoffs,8,0.375,2.64,-971.0,-6.0,55.0,-977.0
Xamexx,Mad Kings,SL (LATAM),ADC,SL (LATAM) · playoffs,8,0.375,3.71,-976.0,-6.0,55.0,-982.0
ZombieHog,Red Eye Esports,SL (LATAM),ADC,SL (LATAM) · playoffs,7,0.429,3.67,-985.0,1.0,55.0,-984.0
Bucket,Spectacled Bears,SL (LATAM),Support,SL (LATAM) · playoffs,14,0.643,3.35,-1051.0,2.0,55.0,-1049.0
Cassius,Red Eye Esports,SL (LATAM),Support,SL (LATAM) · playoffs,7,0.429,2.74,-1068.0,1.0,55.0,-1067.0
Pet,Diamond Doves,VL,Top,SL (LATAM) · playoffs,2,0.0,0.57,-1075.0,-2.0,55.0,-1077.0
khaN,Universitario Esports,SL (LATAM),Support,SL (LATAM) · playoffs,3,0.0,2.14,-1075.0,-5.0,55.0,-1080.0
Overload,Universitario Esports,SL (LATAM),Mid,SL (LATAM) · playoffs,8,0.25,1.73,-1087.0,-5.0,55.0,-1092.0
S34NDR0M3,Vipers,SL (LATAM),ADC,SL (LATAM) · playoffs,14,0.714,5.6,-1104.0,9.0,55.0,-1095.0
Dertako,Red Eye Esports,SL (LATAM),Top,SL (LATAM) · playoffs,7,0.429,2.45,-1108.0,1.0,55.0,-1107.0
ByFalco,Vipers,SL (LATAM),Top,SL (LATAM) · playoffs,14,0.714,5.14,-1147.0,9.0,55.0,-1138.0
Toady,Diamond Doves,SL (LATAM),Mid,SL (LATAM) · playoffs,2,0.0,1.12,-1151.0,-2.0,55.0,-1153.0
Kalium,Diamond Doves,SL (LATAM),Jungle,SL (LATAM) · playoffs,2,0.0,2.17,-1162.0,-2.0,55.0,-1164.0
Annataqui,Universitario Esports,SL (LATAM),Jungle,SL (LATAM) · playoffs,8,0.25,2.3,-1162.0,-5.0,55.0,-1167.0
Abaddon,Universitario Esports,SL (LATAM),Top,SL (LATAM) · playoffs,8,0.25,2.5,-1187.0,-5.0,55.0,-1192.0
Kasamura,Diamond Doves,SL (LATAM),ADC,SL (LATAM) · playoffs,2,0.0,1.0,-1208.0,-2.0,55.0,-1210.0
Gauci,Antares Esports,SL (LATAM),Support,SL (LATAM) · playoffs,5,0.2,2.1,-1215.0,-1.0,55.0,-1216.0
Snoopy,Universitario Esports,SL (LATAM),ADC,SL (LATAM) · playoffs,8,0.25,2.12,-1214.0,-5.0,55.0,-1219.0
WilBR,Antares Esports,SL (LATAM),Mid,SL (LATAM) · playoffs,5,0.2,2.33,-1227.0,-1.0,55.0,-1228.0
Zeldris,Antares Esports,SL (LATAM),ADC,SL (LATAM) · playoffs,5,0.2,2.82,-1229.0,-1.0,55.0,-1230.0
Encounters,Antares Esports,SL (LATAM),Jungle,SL (LATAM) · playoffs,5,0.2,2.86,-1231.0,-1.0,55.0,-1232.0
Bingus,Antares Esports,SL (LATAM),Top,SL (LATAM) · playoffs,5,0.2,1.71,-1304.0,-1.0,55.0,-1305.0
JuanDeDios,Spectacled Bears,LRS,Top,SL (LATAM) · saison régulière,11,0.818,5.15,-438.0,2.0,55.0,-436.0
Akunma,Tomorrow Esports,LRN,Top,SL (LATAM) · saison régulière,15,0.733,3.58,-520.0,-2.0,55.0,-522.0
Scenari0,Spectacled Bears,SL (LATAM),ADC,SL (LATAM) · saison régulière,13,0.769,4.72,-636.0,-0.0,55.0,-636.0
Alowhed,Spectacled Bears,LRS,Mid,SL (LATAM) · saison régulière,15,0.733,5.8,-708.0,-2.0,55.0,-710.0
Nainess,Spectacled Bears,SL (LATAM),Jungle,SL (LATAM) · saison régulière,5,0.4,3.0,-745.0,-5.0,55.0,-750.0
Shiku,Spectacled Bears,SL (LATAM),Support,SL (LATAM) · saison régulière,15,0.333,3.07,-797.0,-11.0,55.0,-808.0
Melody,Osaka,SL (LATAM),Support,SL (LATAM) · saison régulière,14,0.643,4.42,-827.0,9.0,55.0,-818.0
CaTzzz,Eclipse Gaming,SL (LATAM),ADC,SL (LATAM) · saison régulière,15,0.733,3.88,-850.0,-2.0,55.0,-852.0
Shall,Incubus,SL (LATAM),Jungle,SL (LATAM) · saison régulière,13,0.769,2.55,-865.0,-0.0,55.0,-865.0
Dinastik,Incubus,SL (LATAM),Mid,SL (LATAM) · saison régulière,13,0.769,4.73,-869.0,-0.0,55.0,-869.0
Kurckoo,Vipers,SL (LATAM),Mid,SL (LATAM) · saison régulière,5,0.4,1.73,-890.0,-5.0,55.0,-895.0
Siicked,Mad Kings,SL (LATAM),Top,SL (LATAM) · saison régulière,14,0.643,3.0,-906.0,9.0,55.0,-897.0
AlienBoy,Universitario Esports,SL (LATAM),ADC,SL (LATAM) · saison régulière,10,0.5,4.14,-915.0,5.0,55.0,-910.0
Ceviche,Incubus,SL (LATAM),Support,SL (LATAM) · saison régulière,13,0.769,3.32,-920.0,-0.0,55.0,-920.0
1Curioso,Spectacled Bears,SL (LATAM),Jungle,SL (LATAM) · saison régulière,11,0.818,7.1,-924.0,2.0,55.0,-922.0
Alex Mercer,Mad Kings,SL (LATAM),Mid,SL (LATAM) · saison régulière,14,0.643,4.11,-949.0,9.0,55.0,-940.0
Ruyi,Red Eye Esports,SL (LATAM),Jungle,SL (LATAM) · saison régulière,8,0.75,4.8,-947.0,4.0,55.0,-943.0
Yoyomax,Mad Kings,SL (LATAM),Jungle,SL (LATAM) · saison régulière,14,0.643,3.64,-971.0,9.0,55.0,-962.0
Saifer,Red Eye Esports,SL (LATAM),Mid,SL (LATAM) · saison régulière,10,0.6,4.11,-970.0,3.0,55.0,-967.0
Xamexx,Mad Kings,SL (LATAM),ADC,SL (LATAM) · saison régulière,10,0.6,5.36,-976.0,6.0,55.0,-970.0
ZombieHog,Red Eye Esports,SL (LATAM),ADC,SL (LATAM) · saison régulière,11,0.546,5.68,-985.0,2.0,55.0,-983.0
Bucket,Spectacled Bears,SL (LATAM),Support,SL (LATAM) · saison régulière,15,0.733,3.91,-1051.0,-2.0,55.0,-1053.0
khaN,Universitario Esports,SL (LATAM),Support,SL (LATAM) · saison régulière,13,0.462,4.08,-1075.0,6.0,55.0,-1069.0
Cassius,Red Eye Esports,SL (LATAM),Support,SL (LATAM) · saison régulière,14,0.429,2.98,-1068.0,-1.0,55.0,-1069.0
Pet,Diamond Doves,VL,Top,SL (LATAM) · saison régulière,3,0.333,1.93,-1075.0,2.0,55.0,-1073.0
Overload,Universitario Esports,SL (LATAM),Mid,SL (LATAM) · saison régulière,9,0.556,3.52,-1087.0,9.0,55.0,-1078.0
Dertako,Red Eye Esports,SL (LATAM),Top,SL (LATAM) · saison régulière,14,0.429,3.71,-1108.0,-1.0,55.0,-1109.0
S34NDR0M3,Vipers,SL (LATAM),ADC,SL (LATAM) · saison régulière,15,0.333,2.19,-1104.0,-11.0,55.0,-1115.0
Toady,Diamond Doves,SL (LATAM),Mid,SL (LATAM) · saison régulière,13,0.385,3.32,-1151.0,0.0,55.0,-1151.0
ByFalco,Vipers,SL (LATAM),Top,SL (LATAM) · saison régulière,15,0.333,1.59,-1147.0,-11.0,55.0,-1158.0
Annataqui,Universitario Esports,SL (LATAM),Jungle,SL (LATAM) · saison régulière,14,0.429,2.91,-1162.0,4.0,55.0,-1158.0
Kalium,Diamond Doves,SL (LATAM),Jungle,SL (LATAM) · saison régulière,11,0.364,2.86,-1162.0,1.0,55.0,-1161.0
deathleap,Diamond Doves,SL (LATAM),Top,SL (LATAM) · saison régulière,10,0.4,2.38,-1163.0,-1.0,55.0,-1164.0
Abaddon,Universitario Esports,SL (LATAM),Top,SL (LATAM) · saison régulière,14,0.429,2.92,-1187.0,4.0,55.0,-1183.0
Kasamura,Diamond Doves,SL (LATAM),ADC,SL (LATAM) · saison régulière,13,0.385,2.6,-1208.0,0.0,55.0,-1208.0
Snoopy,Universitario Esports,SL (LATAM),ADC,SL (LATAM) · saison régulière,8,0.5,3.56,-1214.0,2.0,55.0,-1212.0
Gauci,Antares Esports,SL (LATAM),Support,SL (LATAM) · saison régulière,8,0.375,3.3,-1215.0,1.0,55.0,-1214.0
WilBR,Antares Esports,SL (LATAM),Mid,SL (LATAM) · saison régulière,10,0.3,2.07,-1227.0,0.0,55.0,-1227.0
Zeldris,Antares Esports,SL (LATAM),ADC,SL (LATAM) · saison régulière,14,0.286,3.7,-1229.0,0.0,55.0,-1229.0
Encounters,Antares Esports,SL (LATAM),Jungle,SL (LATAM) · saison régulière,14,0.286,2.39,-1231.0,0.0,55.0,-1231.0
Bingus,Antares Esports,SL (LATAM),Top,SL (LATAM) · saison régulière,14,0.286,1.24,-1304.0,0.0,55.0,-1304.0
Leinad,Vipers,SL (LATAM),Jungle,SL (LATAM) · saison régulière,10,0.3,2.0,-1335.0,-6.0,55.0,-1341.0
Uparela,Vipers,SL (LATAM),Mid,SL (LATAM) · saison régulière,10,0.3,1.43,-1352.0,-6.0,55.0,-1358.0
Kofte,İstanbul Wildcats,TCL,Mid,TCL Summer · playoffs,8,0.75,5.33,436.0,1.0,55.0,437.0
BAO,İstanbul Wildcats,TCL,ADC,TCL Summer · playoffs,8,0.75,8.5,435.0,1.0,55.0,436.0
Destroy,İstanbul Wildcats,TCL,Top,TCL Summer · playoffs,8,0.75,4.04,407.0,1.0,55.0,408.0
Parus,İstanbul Wildcats,TCL,Support,TCL Summer · playoffs,8,0.75,3.2,367.0,1.0,55.0,368.0
Fleshy,Papara SuperMassive,TCL,Support,TCL Summer · playoffs,5,0.4,2.74,225.0,3.0,55.0,228.0
Ferret,İstanbul Wildcats,TCL,Jungle,TCL Summer · playoffs,8,0.75,6.72,226.0,1.0,55.0,227.0
HiRit,Dark Passage,TCL,Top,TCL Summer · playoffs,5,0.4,3.55,194.0,-0.0,55.0,194.0
Tempt,FUT Esports,TCL,Mid,TCL Summer · playoffs,12,0.583,3.89,193.0,-2.0,55.0,191.0
Asper,FUT Esports,TCL,Support,TCL Summer · playoffs,12,0.583,3.25,167.0,-2.0,55.0,165.0
Whistle,NASR eSports Turkey,TCL,Mid,TCL Summer · playoffs,12,0.417,2.62,159.0,2.0,55.0,161.0
StarScreen,FUT Esports,TCL,Top,TCL Summer · playoffs,12,0.583,3.32,161.0,-2.0,55.0,159.0
Mojito,FUT Esports,TCL,Jungle,TCL Summer · playoffs,12,0.583,3.44,112.0,-2.0,55.0,110.0
Osman123,Eternal Fire,TCL,Jungle,TCL Summer · playoffs,8,0.375,2.38,89.0,-4.0,55.0,85.0
Patch,NASR eSports Turkey,TCL,Support,TCL Summer · playoffs,12,0.417,2.48,81.0,2.0,55.0,83.0
Nakyung,Eternal Fire,TCL,Mid,TCL Summer · playoffs,8,0.375,4.0,71.0,-4.0,55.0,67.0
Serin,Papara SuperMassive,TCL,Mid,TCL Summer · playoffs,5,0.4,6.78,57.0,3.0,55.0,60.0
Scorth,NASR eSports Turkey,TCL,ADC,TCL Summer · playoffs,12,0.417,5.09,54.0,2.0,55.0,56.0
Taegyeong,Eternal Fire,TCL,Top,TCL Summer · playoffs,8,0.375,2.21,57.0,-4.0,55.0,53.0
Typhoon,NASR eSports Turkey,TCL,Jungle,TCL Summer · playoffs,12,0.417,4.36,48.0,2.0,55.0,50.0
fabFabulous,NASR eSports Turkey,TCL,Top,TCL Summer · playoffs,12,0.417,2.04,46.0,2.0,55.0,48.0
Zeitnot,Papara SuperMassive,TCL,ADC,TCL Summer · playoffs,5,0.4,3.53,11.0,3.0,55.0,14.0
Pbd,Dark Passage,TCL,Support,TCL Summer · playoffs,5,0.4,2.21,-3.0,-0.0,55.0,-3.0
Armut,Papara SuperMassive,TCL,Top,TCL Summer · playoffs,5,0.4,2.33,-34.0,3.0,55.0,-31.0
Chieftain,Papara SuperMassive,TCL,Jungle,TCL Summer · playoffs,5,0.4,3.62,-40.0,3.0,55.0,-37.0
Ruep,Eternal Fire,TCL,ADC,TCL Summer · playoffs,8,0.375,2.68,-49.0,-4.0,55.0,-53.0
Kaori,FUT Esports,TCL,ADC,TCL Summer · playoffs,12,0.583,3.81,-63.0,-2.0,55.0,-65.0
Sangchu,Dark Passage,TCL,ADC,TCL Summer · playoffs,5,0.4,2.47,-75.0,-0.0,55.0,-75.0
stillnumb,Dark Passage,TCL,Mid,TCL Summer · playoffs,5,0.4,2.31,-91.0,-0.0,55.0,-91.0
Paixdia,Eternal Fire,TCL,Support,TCL Summer · playoffs,8,0.375,2.2,-126.0,-4.0,55.0,-130.0
CHEF,Dark Passage,TCL,Jungle,TCL Summer · playoffs,5,0.4,4.67,-244.0,-0.0,55.0,-244.0
Kofte,İstanbul Wildcats,TCL,Mid,TCL Summer · saison régulière,14,0.929,6.0,436.0,6.0,55.0,442.0
BAO,İstanbul Wildcats,TCL,ADC,TCL Summer · saison régulière,14,0.929,6.5,435.0,6.0,55.0,441.0
Kice,Papara SuperMassive,LCKC,Support,TCL Summer · saison régulière,5,0.4,3.27,440.0,-2.0,55.0,438.0
Destroy,İstanbul Wildcats,TCL,Top,TCL Summer · saison régulière,14,0.929,4.17,407.0,6.0,55.0,413.0
Parus,İstanbul Wildcats,TCL,Support,TCL Summer · saison régulière,14,0.929,5.28,367.0,6.0,55.0,373.0
Ferret,İstanbul Wildcats,TCL,Jungle,TCL Summer · saison régulière,14,0.929,7.76,226.0,6.0,55.0,232.0
Fleshy,Papara SuperMassive,TCL,Support,TCL Summer · saison régulière,9,0.444,2.97,225.0,-2.0,55.0,223.0
HiRit,Dark Passage,TCL,Top,TCL Summer · saison régulière,14,0.357,2.65,194.0,-1.0,55.0,193.0
Tempt,FUT Esports,TCL,Mid,TCL Summer · saison régulière,14,0.5,3.94,193.0,-3.0,55.0,190.0
Asper,FUT Esports,TCL,Support,TCL Summer · saison régulière,14,0.5,3.79,167.0,-3.0,55.0,164.0
Whistle,NASR eSports Turkey,TCL,Mid,TCL Summer · saison régulière,14,0.714,4.07,159.0,4.0,55.0,163.0
StarScreen,FUT Esports,TCL,Top,TCL Summer · saison régulière,14,0.5,2.83,161.0,-3.0,55.0,158.0
Mojito,FUT Esports,TCL,Jungle,TCL Summer · saison régulière,14,0.5,2.72,112.0,-3.0,55.0,109.0
Osman123,Eternal Fire,TCL,Jungle,TCL Summer · saison régulière,14,0.5,4.35,89.0,5.0,55.0,94.0
Patch,NASR eSports Turkey,TCL,Support,TCL Summer · saison régulière,14,0.714,4.28,81.0,4.0,55.0,85.0
Nakyung,Eternal Fire,TCL,Mid,TCL Summer · saison régulière,14,0.5,4.06,71.0,5.0,55.0,76.0
Taegyeong,Eternal Fire,TCL,Top,TCL Summer · saison régulière,14,0.5,2.63,57.0,5.0,55.0,62.0
KSAEZ,Beşiktaş Esports,TCL,Mid,TCL Summer · saison régulière,14,0.286,3.41,62.0,-4.0,55.0,58.0
Scorth,NASR eSports Turkey,TCL,ADC,TCL Summer · saison régulière,14,0.714,6.14,54.0,4.0,55.0,58.0
Serin,Papara SuperMassive,TCL,Mid,TCL Summer · saison régulière,14,0.429,3.76,57.0,-4.0,55.0,53.0
Typhoon,NASR eSports Turkey,TCL,Jungle,TCL Summer · saison régulière,14,0.714,3.75,48.0,4.0,55.0,52.0
RAMES,Galakticos,TCL,Jungle,TCL Summer · saison régulière,12,0.333,2.97,53.0,-2.0,55.0,51.0
fabFabulous,NASR eSports Turkey,TCL,Top,TCL Summer · saison régulière,14,0.714,4.22,46.0,4.0,55.0,50.0
NuQ,Beşiktaş Esports,TCL,Top,TCL Summer · saison régulière,14,0.286,2.32,44.0,-4.0,55.0,40.0
Kireas,Beşiktaş Esports,TCL,Jungle,TCL Summer · saison régulière,14,0.286,4.96,22.0,-4.0,55.0,18.0
Absolute,Beşiktaş Esports,TCL,Support,TCL Summer · saison régulière,14,0.286,2.56,21.0,-4.0,55.0,17.0
Milica,Galakticos,TCL,Mid,TCL Summer · saison régulière,14,0.286,2.65,14.0,-4.0,55.0,10.0
ANDARIEL,Beşiktaş Esports,TCL,ADC,TCL Summer · saison régulière,14,0.286,3.12,12.0,-4.0,55.0,8.0
Zeitnot,Papara SuperMassive,TCL,ADC,TCL Summer · saison régulière,14,0.429,3.33,11.0,-4.0,55.0,7.0
Soboro,Galakticos,TCL,Top,TCL Summer · saison régulière,14,0.286,1.87,2.0,-4.0,55.0,-2.0
Pbd,Dark Passage,TCL,Support,TCL Summer · saison régulière,14,0.357,2.58,-3.0,-1.0,55.0,-4.0
Armut,Papara SuperMassive,TCL,Top,TCL Summer · saison régulière,14,0.429,2.54,-34.0,-4.0,55.0,-38.0
Ruep,Eternal Fire,TCL,ADC,TCL Summer · saison régulière,14,0.5,3.85,-49.0,5.0,55.0,-44.0
Chieftain,Papara SuperMassive,TCL,Jungle,TCL Summer · saison régulière,14,0.429,2.42,-40.0,-4.0,55.0,-44.0
Kaori,FUT Esports,TCL,ADC,TCL Summer · saison régulière,14,0.5,4.21,-63.0,-3.0,55.0,-66.0
Sangchu,Dark Passage,TCL,ADC,TCL Summer · saison régulière,14,0.357,3.94,-75.0,-1.0,55.0,-76.0
Carry,Galakticos,TCL,Support,TCL Summer · saison régulière,14,0.286,1.79,-78.0,-4.0,55.0,-82.0
stillnumb,Dark Passage,TCL,Mid,TCL Summer · saison régulière,14,0.357,2.59,-91.0,-1.0,55.0,-92.0
Paixdia,Eternal Fire,TCL,Support,TCL Summer · saison régulière,14,0.5,4.09,-126.0,5.0,55.0,-121.0
Gamin,Galakticos,TCL,ADC,TCL Summer · saison régulière,14,0.286,3.17,-149.0,-4.0,55.0,-153.0
CHEF,Dark Passage,TCL,Jungle,TCL Summer · saison régulière,14,0.357,2.34,-244.0,-1.0,55.0,-245.0
Kofte,İstanbul Wildcats,TCL,Mid,TCL Winter · playoffs,11,0.727,6.32,436.0,-0.0,55.0,436.0
BAO,İstanbul Wildcats,TCL,ADC,TCL Winter · playoffs,11,0.727,6.9,435.0,-0.0,55.0,435.0
Destroy,İstanbul Wildcats,TCL,Top,TCL Winter · playoffs,11,0.727,3.11,407.0,-0.0,55.0,407.0
Parus,İstanbul Wildcats,TCL,Support,TCL Winter · playoffs,11,0.727,4.42,367.0,-0.0,55.0,367.0
Mia,Estral Esports,LLA,Support,TCL Winter · playoffs,10,0.6,2.57,258.0,1.0,55.0,259.0
Tempt,FUT Esports,TCL,Mid,TCL Winter · playoffs,8,0.375,5.0,193.0,3.0,55.0,196.0
Ophelia,Gen.G Global Academy,LCKC,Mid,TCL Winter · playoffs,3,0.0,1.23,194.0,-4.0,55.0,190.0
Asper,FUT Esports,TCL,Support,TCL Winter · playoffs,8,0.375,2.8,167.0,3.0,55.0,170.0
StarScreen,FUT Esports,TCL,Top,TCL Winter · playoffs,8,0.375,3.58,161.0,3.0,55.0,164.0
Elramir,Anubis Gaming,AL,Jungle,TCL Winter · playoffs,11,0.727,3.35,152.0,-0.0,55.0,152.0
Mojito,FUT Esports,TCL,Jungle,TCL Winter · playoffs,8,0.375,2.05,112.0,3.0,55.0,115.0
HolyPhoenix,Papara SuperMassive,TCL,ADC,TCL Winter · playoffs,10,0.6,6.21,109.0,1.0,55.0,110.0
Bini,Dark Passage,TCL,ADC,TCL Winter · playoffs,5,0.4,5.56,97.0,-4.0,55.0,93.0
Haru,Papara SuperMassive,TCL,Jungle,TCL Winter · playoffs,10,0.6,2.7,82.0,1.0,55.0,83.0
Patch,NASR eSports Turkey,TCL,Support,TCL Winter · playoffs,3,0.0,4.29,81.0,-4.0,55.0,77.0
KSAEZ,Beşiktaş Esports,TCL,Mid,TCL Winter · playoffs,9,0.444,3.64,62.0,3.0,55.0,65.0
Jool,Dark Passage,TCL,Mid,TCL Winter · playoffs,5,0.4,3.21,68.0,-4.0,55.0,64.0
Serin,Papara SuperMassive,TCL,Mid,TCL Winter · playoffs,10,0.6,4.29,57.0,1.0,55.0,58.0
Scorth,NASR eSports Turkey,TCL,ADC,TCL Winter · playoffs,3,0.0,2.33,54.0,-4.0,55.0,50.0
NuQ,Beşiktaş Esports,TCL,Top,TCL Winter · playoffs,9,0.444,2.43,44.0,3.0,55.0,47.0
Fatihcan,Cyberground Gaming,PGN,ADC,TCL Winter · playoffs,8,0.375,4.15,42.0,3.0,55.0,45.0
Typhoon,NASR eSports Turkey,TCL,Jungle,TCL Winter · playoffs,3,0.0,2.23,48.0,-4.0,55.0,44.0
fabFabulous,NASR eSports Turkey,TCL,Top,TCL Winter · playoffs,3,0.0,2.0,46.0,-4.0,55.0,42.0
Kireas,Beşiktaş Esports,TCL,Jungle,TCL Winter · playoffs,9,0.444,4.95,22.0,3.0,55.0,25.0
Absolute,Beşiktaş Esports,TCL,Support,TCL Winter · playoffs,9,0.444,2.67,21.0,3.0,55.0,24.0
ANDARIEL,Beşiktaş Esports,TCL,ADC,TCL Winter · playoffs,9,0.444,5.15,12.0,3.0,55.0,15.0
Stomaged,Dark Passage,TCL,Jungle,TCL Winter · playoffs,5,0.4,2.27,7.0,-4.0,55.0,3.0
Juzu,Anubis Gaming,AL,Top,TCL Winter · playoffs,10,0.6,4.08,-3.0,1.0,55.0,-2.0
Pbd,Dark Passage,TCL,Support,TCL Winter · playoffs,5,0.4,2.67,-3.0,-4.0,55.0,-7.0
Kackos,NORD Esports,NLC,Top,TCL Winter · playoffs,5,0.4,1.67,-125.0,-4.0,55.0,-129.0
Kofte,İstanbul Wildcats,TCL,Mid,TCL Winter · saison régulière,14,0.857,6.4,436.0,-1.0,55.0,435.0
BAO,İstanbul Wildcats,TCL,ADC,TCL Winter · saison régulière,14,0.857,8.85,435.0,-1.0,55.0,434.0
Destroy,İstanbul Wildcats,TCL,Top,TCL Winter · saison régulière,14,0.857,4.09,407.0,-1.0,55.0,406.0
Parus,İstanbul Wildcats,TCL,Support,TCL Winter · saison régulière,14,0.857,6.18,367.0,-1.0,55.0,366.0
Mia,Estral Esports,LLA,Support,TCL Winter · saison régulière,14,0.5,3.47,258.0,-2.0,55.0,256.0
Tempt,FUT Esports,TCL,Mid,TCL Winter · saison régulière,14,0.786,6.0,193.0,4.0,55.0,197.0
Ophelia,Gen.G Global Academy,LCKC,Mid,TCL Winter · saison régulière,14,0.5,6.12,194.0,-1.0,55.0,193.0
Asper,FUT Esports,TCL,Support,TCL Winter · saison régulière,14,0.786,4.35,167.0,4.0,55.0,171.0
StarScreen,FUT Esports,TCL,Top,TCL Winter · saison régulière,14,0.786,3.17,161.0,4.0,55.0,165.0
Elramir,Anubis Gaming,AL,Jungle,TCL Winter · saison régulière,14,0.857,4.63,152.0,-1.0,55.0,151.0
Mojito,FUT Esports,TCL,Jungle,TCL Winter · saison régulière,14,0.786,3.55,112.0,4.0,55.0,116.0
HolyPhoenix,Papara SuperMassive,TCL,ADC,TCL Winter · saison régulière,14,0.5,6.65,109.0,-2.0,55.0,107.0
Bini,Dark Passage,TCL,ADC,TCL Winter · saison régulière,14,0.571,4.84,97.0,6.0,55.0,103.0
Haru,Papara SuperMassive,TCL,Jungle,TCL Winter · saison régulière,14,0.5,3.03,82.0,-2.0,55.0,80.0
Patch,NASR eSports Turkey,TCL,Support,TCL Winter · saison régulière,14,0.5,4.61,81.0,-1.0,55.0,80.0
Jool,Dark Passage,TCL,Mid,TCL Winter · saison régulière,14,0.571,3.84,68.0,6.0,55.0,74.0
KSAEZ,Beşiktaş Esports,TCL,Mid,TCL Winter · saison régulière,10,0.5,4.11,62.0,3.0,55.0,65.0
Serin,Papara SuperMassive,TCL,Mid,TCL Winter · saison régulière,14,0.5,4.65,57.0,-2.0,55.0,55.0
Scorth,NASR eSports Turkey,TCL,ADC,TCL Winter · saison régulière,14,0.5,4.09,54.0,-1.0,55.0,53.0
RAMES,Galakticos,TCL,Jungle,TCL Winter · saison régulière,14,0.286,2.08,53.0,-2.0,55.0,51.0
Typhoon,NASR eSports Turkey,TCL,Jungle,TCL Winter · saison régulière,14,0.5,3.59,48.0,-1.0,55.0,47.0
Fatihcan,Cyberground Gaming,PGN,ADC,TCL Winter · saison régulière,14,0.786,5.61,42.0,4.0,55.0,46.0
NuQ,Beşiktaş Esports,TCL,Top,TCL Winter · saison régulière,8,0.5,2.58,44.0,2.0,55.0,46.0
fabFabulous,NASR eSports Turkey,TCL,Top,TCL Winter · saison régulière,14,0.5,2.49,46.0,-1.0,55.0,45.0
Absolute,Beşiktaş Esports,TCL,Support,TCL Winter · saison régulière,10,0.5,3.83,21.0,3.0,55.0,24.0
Kireas,Beşiktaş Esports,TCL,Jungle,TCL Winter · saison régulière,14,0.429,3.08,22.0,-0.0,55.0,22.0
Stomaged,Dark Passage,TCL,Jungle,TCL Winter · saison régulière,14,0.571,2.89,7.0,6.0,55.0,13.0
ANDARIEL,Beşiktaş Esports,TCL,ADC,TCL Winter · saison régulière,14,0.429,6.17,12.0,-0.0,55.0,12.0
Pbd,Dark Passage,TCL,Support,TCL Winter · saison régulière,14,0.571,4.17,-3.0,6.0,55.0,3.0
Soboro,Galakticos,TCL,Top,TCL Winter · saison régulière,14,0.286,1.5,2.0,-2.0,55.0,0.0
Juzu,Anubis Gaming,AL,Top,TCL Winter · saison régulière,14,0.5,2.41,-3.0,-2.0,55.0,-5.0
Nomanz,IziDream,LFL,Mid,TCL Winter · saison régulière,10,0.4,2.26,-14.0,2.0,55.0,-12.0
Ruep,Eternal Fire,TCL,ADC,TCL Winter · saison régulière,14,0.286,2.07,-49.0,-2.0,55.0,-51.0
Camana,Chasing Haze 07,TCL,Mid,TCL Winter · saison régulière,4,0.0,1.5,-77.0,-4.0,55.0,-81.0
Sloth,Galakticos,TCL,Support,TCL Winter · saison régulière,14,0.286,2.91,-84.0,-2.0,55.0,-86.0
Poss,Estral Esports,LLA,Top,TCL Winter · saison régulière,6,0.333,2.0,-99.0,-3.0,55.0,-102.0
Kackos,NORD Esports,NLC,Top,TCL Winter · saison régulière,14,0.571,3.22,-125.0,6.0,55.0,-119.0
Paixdia,Eternal Fire,TCL,Support,TCL Winter · saison régulière,14,0.071,2.03,-126.0,-4.0,55.0,-130.0
MGX,Cyberground Gaming,PGN,Mid,TCL Winter · saison régulière,4,0.25,2.0,-234.0,-3.0,55.0,-237.0
midali,5 Ronin,TCL,Mid,TCL Winter · saison régulière,14,0.071,1.8,-241.0,-4.0,55.0,-245.0
CHEF,Dark Passage,TCL,Jungle,TCL Winter · saison régulière,14,0.071,1.95,-244.0,-4.0,55.0,-248.0
Wind,5 Ronin,TCL,ADC,TCL Winter · saison régulière,14,0.071,1.5,-279.0,-4.0,55.0,-283.0
RAMES,Galakticos,TCL,Jungle,TCL · saison régulière,7,0.857,5.0,53.0,9.0,55.0,62.0
Meshade,Chasing Haze 07,TCL,ADC,TCL · saison régulière,12,0.5,4.59,41.0,-0.0,55.0,41.0
Ejdercan,Beetle Juice,TCL,Top,TCL · saison régulière,13,0.462,4.21,28.0,-4.0,55.0,24.0
Milica,Galakticos,TCL,Mid,TCL · saison régulière,7,0.857,8.44,14.0,9.0,55.0,23.0
Mxe,Chasing Haze 07,TCL,Support,TCL · saison régulière,12,0.5,3.19,23.0,-0.0,55.0,23.0
Soboro,Galakticos,TCL,Top,TCL · saison régulière,7,0.857,3.0,2.0,9.0,55.0,11.0
Wonka,Beetle Juice,TCL,Jungle,TCL · saison régulière,13,0.462,3.78,13.0,-4.0,55.0,9.0
Rythrod,Beetle Juice,TCL,Mid,TCL · saison régulière,13,0.462,6.0,10.0,-4.0,55.0,6.0
Bayonetta,Chasing Haze 07,TCL,Top,TCL · saison régulière,12,0.5,2.13,-8.0,-0.0,55.0,-8.0
monkaS,Beetle Juice,TCL,Support,TCL · saison régulière,13,0.462,3.62,-9.0,-4.0,55.0,-13.0
Grave,Beetle Juice,TCL,ADC,TCL · saison régulière,13,0.462,3.73,-43.0,-4.0,55.0,-47.0
Carry,Galakticos,TCL,Support,TCL · saison régulière,7,0.857,3.96,-78.0,9.0,55.0,-69.0
Camana,Chasing Haze 07,TCL,Mid,TCL · saison régulière,12,0.5,4.62,-77.0,-0.0,55.0,-77.0
Jeyrus,Looking for ORG,GLL,ADC,TCL · saison régulière,8,0.25,3.08,-98.0,-5.0,55.0,-103.0
Madly,Looking for ORG,GLL,Top,TCL · saison régulière,8,0.25,2.33,-131.0,-5.0,55.0,-136.0
Gamin,Galakticos,TCL,ADC,TCL · saison régulière,7,0.857,3.83,-149.0,9.0,55.0,-140.0
Kituruken,Looking for ORG,GLL,Jungle,TCL · saison régulière,8,0.25,1.9,-175.0,-5.0,55.0,-180.0
Kingston,Chasing Haze 07,TCL,Jungle,TCL · saison régulière,12,0.5,2.82,-282.0,-0.0,55.0,-282.0
Noah,Fnatic,LEC,ADC,UL Split 1 · saison régulière,19,0.842,6.16,539.0,-6.0,55.0,533.0
SlowQ,Zero Tenacity,UL,Mid,UL Split 1 · saison régulière,19,0.842,4.57,79.0,-6.0,55.0,73.0
Avra,GTZ Esports,LPLOL,ADC,UL Split 1 · saison régulière,19,0.79,4.86,53.0,8.0,55.0,61.0
Roison,Anonymo Esports,UL,Mid,UL Split 1 · saison régulière,18,0.778,6.63,-11.0,-2.0,55.0,-13.0
Papiteero,UCAM Esports,LES,Top,UL Split 1 · saison régulière,18,0.5,2.66,-20.0,3.0,55.0,-17.0
Ryuzaki,Zero Tenacity,UL,Jungle,UL Split 1 · saison régulière,19,0.842,7.58,-19.0,-6.0,55.0,-25.0
sanghyeon,Zero Tenacity,UL,Support,UL Split 1 · saison régulière,19,0.842,5.22,-51.0,-6.0,55.0,-57.0
Shawi,GRP Esports,UL,Support,UL Split 1 · saison régulière,19,0.79,5.8,-68.0,8.0,55.0,-60.0
Hiro,Lille Esport,UL,Top,UL Split 1 · saison régulière,18,0.778,2.85,-61.0,-2.0,55.0,-63.0
Color,Zero Tenacity,UL,Top,UL Split 1 · saison régulière,19,0.842,3.33,-64.0,-6.0,55.0,-70.0
frajgo,GRP Esports,UL,Mid,UL Split 1 · saison régulière,19,0.79,3.87,-89.0,8.0,55.0,-81.0
pr1me,Anonymo Esports,UL,Top,UL Split 1 · saison régulière,19,0.79,3.1,-101.0,8.0,55.0,-93.0
Neramin,Anonymo Esports,UL,ADC,UL Split 1 · saison régulière,18,0.778,4.63,-93.0,-2.0,55.0,-95.0
Czypsy,Anonymo Esports,UL,Support,UL Split 1 · saison régulière,18,0.778,4.62,-102.0,-2.0,55.0,-104.0
Savero,Anonymo Esports,UL,Jungle,UL Split 1 · saison régulière,16,0.812,4.27,-119.0,-3.0,55.0,-122.0
Xeonerr,UCAM Esports,LES,Jungle,UL Split 1 · saison régulière,18,0.278,1.98,-129.0,-2.0,55.0,-131.0
svns,AliorBank Team,UL,ADC,UL Split 1 · saison régulière,16,0.375,3.31,-143.0,-3.0,55.0,-146.0
behave,SPIKE Syndicate,EBL,Jungle,UL Split 1 · saison régulière,19,0.79,5.53,-169.0,8.0,55.0,-161.0
many,AliorBank Team,UL,Mid,UL Split 1 · saison régulière,18,0.389,4.31,-159.0,-5.0,55.0,-164.0
Zora,Forsaken,UL,Top,UL Split 1 · saison régulière,9,0.333,2.43,-168.0,1.0,55.0,-167.0
Sh4dowUS,LODIS,UL,Jungle,UL Split 1 · saison régulière,2,0.5,3.0,-185.0,1.0,55.0,-184.0
minemaciek,AliorBank Team,UL,Support,UL Split 1 · saison régulière,18,0.389,2.98,-195.0,-5.0,55.0,-200.0
adi1,AliorBank Team,UL,Jungle,UL Split 1 · saison régulière,18,0.389,2.43,-196.0,-5.0,55.0,-201.0
Kakan,Gamespace Mediterranean College Esports,GLL,Top,UL Split 1 · saison régulière,3,0.667,2.2,-243.0,2.0,55.0,-241.0
Modliszka,Venomcrest Esports,UL,Mid,UL Split 1 · saison régulière,11,0.182,1.97,-256.0,-2.0,55.0,-258.0
Syrpy,Illuminar Gaming,UL,Support,UL Split 1 · saison régulière,18,0.5,3.37,-278.0,5.0,55.0,-273.0
Gabbo,Cyberground Gaming,PGN,Top,UL Split 1 · saison régulière,15,0.333,2.0,-283.0,-2.0,55.0,-285.0
Krysia,Illuminar Gaming,UL,Jungle,UL Split 1 · saison régulière,18,0.5,3.56,-301.0,5.0,55.0,-296.0
Kozi,Illuminar Gaming,UL,Top,UL Split 1 · saison régulière,18,0.5,2.17,-303.0,5.0,55.0,-298.0
Lothen,Illuminar Gaming,UL,ADC,UL Split 1 · saison régulière,18,0.5,3.65,-317.0,5.0,55.0,-312.0
Gaarfield,Vanir,NLC,Support,UL Split 1 · saison régulière,18,0.5,2.88,-321.0,3.0,55.0,-318.0
Jaunutis1,Iron Wolves,UL,Jungle,UL Split 1 · saison régulière,18,0.5,3.52,-330.0,3.0,55.0,-327.0
Mrozku,Illuminar Gaming,UL,Mid,UL Split 1 · saison régulière,18,0.5,4.56,-334.0,5.0,55.0,-329.0
WaenA,Team ESCA Gaming,UL,Mid,UL Split 1 · saison régulière,11,0.454,2.15,-341.0,5.0,55.0,-336.0
FENZ1,DREN Esports,PGN,Mid,UL Split 1 · saison régulière,18,0.5,3.1,-350.0,3.0,55.0,-347.0
Adison,Forsaken,UL,ADC,UL Split 1 · saison régulière,18,0.389,2.41,-349.0,-0.0,55.0,-349.0
Only35,Team Phantasma,GLL,Support,UL Split 1 · saison régulière,18,0.389,2.95,-388.0,-0.0,55.0,-388.0
Saulius,Iron Wolves,UL,Mid,UL Split 1 · saison régulière,18,0.389,2.6,-391.0,-0.0,55.0,-391.0
Mis,Zerolag Esports,GLL,ADC,UL Split 1 · saison régulière,18,0.222,2.23,-402.0,-2.0,55.0,-404.0
Ribu,Forsaken,UL,Mid,UL Split 1 · saison régulière,7,0.0,0.85,-402.0,-7.0,55.0,-409.0
Ruf,GLORE,HM,ADC,UL Split 1 · saison régulière,18,0.5,2.79,-425.0,3.0,55.0,-422.0
Acorderr,Back2TheGame,UL,Support,UL Split 1 · saison régulière,18,0.278,1.77,-429.0,1.0,55.0,-428.0
Domoles,LODIS,UL,Mid,UL Split 1 · saison régulière,2,0.5,3.0,-436.0,3.0,55.0,-433.0
sheru,Team ESCA Gaming,UL,Top,UL Split 1 · saison régulière,18,0.222,1.98,-455.0,-2.0,55.0,-457.0
Ketim,Komil & Friends,UL,Jungle,UL Split 1 · saison régulière,18,0.278,2.94,-468.0,1.0,55.0,-467.0
lee sang,Komil & Friends,UL,Mid,UL Split 1 · saison régulière,18,0.278,2.78,-474.0,1.0,55.0,-473.0
YuNIshinoya,LODIS,UL,Support,UL Split 1 · saison régulière,18,0.278,1.93,-483.0,-2.0,55.0,-485.0
MIK0,Komil & Friends,UL,ADC,UL Split 1 · saison régulière,18,0.278,2.38,-487.0,1.0,55.0,-486.0
Ariana,Team Phantasma,GLL,Top,UL Split 1 · saison régulière,18,0.389,2.67,-499.0,-5.0,55.0,-504.0
DAMKEXHINO4,LODIS,UL,ADC,UL Split 1 · saison régulière,18,0.278,2.55,-517.0,-2.0,55.0,-519.0
uciu,Crvena zvezda Esports,EBL,Jungle,UL Split 1 · saison régulière,18,0.222,2.91,-525.0,-2.0,55.0,-527.0
Badlyyga,devils.one inStreamly,UL,Jungle,UL Split 1 · saison régulière,18,0.389,3.33,-529.0,-0.0,55.0,-529.0
Gerro,Komil & Friends,UL,Support,UL Split 1 · saison régulière,18,0.222,2.08,-559.0,-2.0,55.0,-561.0
Jaqen,devils.one inStreamly,UL,Top,UL Split 1 · saison régulière,18,0.278,2.06,-643.0,-2.0,55.0,-645.0
Ice,Zero Tenacity,UL,ADC,UL Split 2 · saison régulière,18,0.944,13.63,260.0,7.0,55.0,267.0
SlowQ,Zero Tenacity,UL,Mid,UL Split 2 · saison régulière,15,0.933,6.95,79.0,5.0,55.0,84.0
Ryuzaki,Zero Tenacity,UL,Jungle,UL Split 2 · saison régulière,18,0.944,10.46,-19.0,7.0,55.0,-12.0
Roison,Anonymo Esports,UL,Mid,UL Split 2 · saison régulière,18,0.722,9.08,-11.0,-4.0,55.0,-15.0
Xico,Zero Tenacity,LES,Mid,UL Split 2 · saison régulière,3,1.0,6.71,-30.0,2.0,55.0,-28.0
sanghyeon,Zero Tenacity,UL,Support,UL Split 2 · saison régulière,18,0.944,10.0,-51.0,7.0,55.0,-44.0
Color,Zero Tenacity,UL,Top,UL Split 2 · saison régulière,18,0.944,6.73,-64.0,7.0,55.0,-57.0
Matixx,AliorBank Team,UL,Top,UL Split 2 · saison régulière,17,0.647,3.57,-70.0,0.0,55.0,-70.0
Neramin,Anonymo Esports,UL,ADC,UL Split 2 · saison régulière,18,0.722,4.28,-93.0,-4.0,55.0,-97.0
pr1me,Anonymo Esports,UL,Top,UL Split 2 · saison régulière,18,0.722,3.33,-101.0,-4.0,55.0,-105.0
Czypsy,Anonymo Esports,UL,Support,UL Split 2 · saison régulière,18,0.722,4.26,-102.0,-4.0,55.0,-106.0
Savero,Anonymo Esports,UL,Jungle,UL Split 2 · saison régulière,18,0.722,5.21,-119.0,-4.0,55.0,-123.0
svns,AliorBank Team,UL,ADC,UL Split 2 · saison régulière,17,0.647,5.94,-143.0,0.0,55.0,-143.0
many,AliorBank Team,UL,Mid,UL Split 2 · saison régulière,15,0.6,3.79,-159.0,-3.0,55.0,-162.0
Zora,Forsaken,UL,Top,UL Split 2 · saison régulière,16,0.625,2.52,-168.0,3.0,55.0,-165.0
Sh4dowUS,LODIS,UL,Jungle,UL Split 2 · saison régulière,9,0.333,3.92,-185.0,3.0,55.0,-182.0
HeSSZero,Iron Wolves,UL,Top,UL Split 2 · saison régulière,17,0.471,3.06,-190.0,1.0,55.0,-189.0
minemaciek,AliorBank Team,UL,Support,UL Split 2 · saison régulière,17,0.647,3.92,-195.0,0.0,55.0,-195.0
adi1,AliorBank Team,UL,Jungle,UL Split 2 · saison régulière,17,0.647,2.77,-196.0,0.0,55.0,-196.0
KroMAX,Forsaken,UL,Support,UL Split 2 · saison régulière,18,0.611,2.63,-234.0,4.0,55.0,-230.0
Syrpy,Illuminar Gaming,UL,Support,UL Split 2 · saison régulière,18,0.5,2.68,-278.0,7.0,55.0,-271.0
Roshan,exeed,UL,Jungle,UL Split 2 · saison régulière,18,0.444,4.06,-289.0,-1.0,55.0,-290.0
Krysia,Illuminar Gaming,UL,Jungle,UL Split 2 · saison régulière,18,0.5,3.54,-301.0,7.0,55.0,-294.0
Kozi,Illuminar Gaming,UL,Top,UL Split 2 · saison régulière,18,0.5,2.24,-303.0,7.0,55.0,-296.0
Lothen,Illuminar Gaming,UL,ADC,UL Split 2 · saison régulière,18,0.5,3.3,-317.0,7.0,55.0,-310.0
Shelfmade,exeed,UL,Top,UL Split 2 · saison régulière,18,0.444,2.64,-314.0,-1.0,55.0,-315.0
Mystiques,exeed,UL,Support,UL Split 2 · saison régulière,18,0.444,2.97,-316.0,-1.0,55.0,-317.0
nicolaiy,Forsaken,UL,Jungle,UL Split 2 · saison régulière,18,0.611,3.17,-323.0,4.0,55.0,-319.0
Vigil,exeed,UL,Mid,UL Split 2 · saison régulière,18,0.444,3.63,-318.0,-1.0,55.0,-319.0
Aeon,Forsaken,UL,ADC,UL Split 2 · saison régulière,18,0.611,3.74,-327.0,4.0,55.0,-323.0
M0NK,Iron Wolves,UL,ADC,UL Split 2 · saison régulière,10,0.4,1.46,-320.0,-4.0,55.0,-324.0
Mrozku,Illuminar Gaming,UL,Mid,UL Split 2 · saison régulière,18,0.5,2.9,-334.0,7.0,55.0,-327.0
Jaunutis1,Iron Wolves,UL,Jungle,UL Split 2 · saison régulière,17,0.471,3.38,-330.0,1.0,55.0,-329.0
Endz,exeed,UL,ADC,UL Split 2 · saison régulière,18,0.444,3.18,-341.0,-1.0,55.0,-342.0
WaenA,Team ESCA Gaming,UL,Mid,UL Split 2 · saison régulière,18,0.389,2.63,-341.0,-5.0,55.0,-346.0
Grzybek,Team ESCA Gaming,UL,Top,UL Split 2 · saison régulière,18,0.389,2.21,-348.0,-5.0,55.0,-353.0
Adison,Forsaken,UL,ADC,UL Split 2 · saison régulière,18,0.389,2.68,-349.0,-5.0,55.0,-354.0
Zty,Iron Wolves,UL,Mid,UL Split 2 · saison régulière,17,0.471,2.96,-357.0,1.0,55.0,-356.0
many,AliorBank Team,UL,Mid,UL Split 2 · saison régulière,2,1.0,4.2,-367.0,3.0,55.0,-364.0
Syzyfek,Iron Wolves,UL,ADC,UL Split 2 · saison régulière,12,0.417,2.46,-369.0,-4.0,55.0,-373.0
EliWood,3BL Esports,UL,Support,UL Split 2 · saison régulière,7,0.571,4.15,-397.0,4.0,55.0,-393.0
Sawyor,Forsaken,UL,Jungle,UL Split 2 · saison régulière,18,0.389,2.84,-393.0,-5.0,55.0,-398.0
Ribu,Forsaken,UL,Mid,UL Split 2 · saison régulière,18,0.611,3.63,-402.0,4.0,55.0,-398.0
Ephekles,Team ESCA Gaming,UL,Support,UL Split 2 · saison régulière,18,0.389,3.07,-399.0,-5.0,55.0,-404.0
Mis,Zerolag Esports,GLL,ADC,UL Split 2 · saison régulière,2,0.0,4.0,-402.0,-2.0,55.0,-404.0
Yeti,LODIS,UL,Top,UL Split 2 · saison régulière,18,0.111,1.36,-430.0,-5.0,55.0,-435.0
Domoles,LODIS,UL,Mid,UL Split 2 · saison régulière,17,0.176,2.19,-436.0,-4.0,55.0,-440.0
Ketim,Komil & Friends,UL,Jungle,UL Split 2 · saison régulière,18,0.111,1.95,-468.0,-5.0,55.0,-473.0
lee sang,Komil & Friends,UL,Mid,UL Split 2 · saison régulière,18,0.111,1.92,-474.0,-5.0,55.0,-479.0
MIK0,Komil & Friends,UL,ADC,UL Split 2 · saison régulière,18,0.111,1.76,-487.0,-5.0,55.0,-492.0
DAMKEXHINO4,LODIS,UL,ADC,UL Split 2 · saison régulière,16,0.188,2.4,-517.0,-2.0,55.0,-519.0
LeQu,GRP Esports,UL,Top,UL Split 2 · saison régulière,18,0.167,1.73,-543.0,-4.0,55.0,-547.0
GEPARDINHO5,LODIS,UL,Support,UL Split 2 · saison régulière,16,0.188,2.02,-547.0,-2.0,55.0,-549.0
Gerro,Komil & Friends,UL,Support,UL Split 2 · saison régulière,18,0.111,1.37,-559.0,-5.0,55.0,-564.0
Noah,Fnatic,LEC,ADC,UL · playoffs,8,0.75,4.81,539.0,3.0,55.0,542.0
Ice,Zero Tenacity,UL,ADC,UL · playoffs,9,0.333,5.57,260.0,-7.0,55.0,253.0
SlowQ,Zero Tenacity,UL,Mid,UL · playoffs,12,0.667,4.19,79.0,2.0,55.0,81.0
Avra,GTZ Esports,LPLOL,ADC,UL · playoffs,8,0.25,1.57,53.0,-3.0,55.0,50.0
Roison,Anonymo Esports,UL,Mid,UL · playoffs,22,0.727,7.38,-11.0,14.0,55.0,3.0
Ryuzaki,Zero Tenacity,UL,Jungle,UL · playoffs,17,0.529,4.07,-19.0,-4.0,55.0,-23.0
Papiteero,UCAM Esports,LES,Top,UL · playoffs,3,0.0,0.75,-20.0,-4.0,55.0,-24.0
Xico,Zero Tenacity,LES,Mid,UL · playoffs,5,0.2,2.65,-30.0,-7.0,55.0,-37.0
Hiro,Lille Esport,UL,Top,UL · playoffs,14,0.714,3.45,-61.0,8.0,55.0,-53.0
sanghyeon,Zero Tenacity,UL,Support,UL · playoffs,17,0.529,3.88,-51.0,-4.0,55.0,-55.0
Matixx,AliorBank Team,UL,Top,UL · playoffs,14,0.643,3.03,-70.0,7.0,55.0,-63.0
Color,Zero Tenacity,UL,Top,UL · playoffs,17,0.529,2.24,-64.0,-4.0,55.0,-68.0
Shawi,GRP Esports,UL,Support,UL · playoffs,8,0.25,2.18,-68.0,-3.0,55.0,-71.0
Neramin,Anonymo Esports,UL,ADC,UL · playoffs,22,0.727,4.64,-93.0,14.0,55.0,-79.0
Czypsy,Anonymo Esports,UL,Support,UL · playoffs,22,0.727,3.26,-102.0,14.0,55.0,-88.0
frajgo,GRP Esports,UL,Mid,UL · playoffs,8,0.25,1.33,-89.0,-3.0,55.0,-92.0
pr1me,Anonymo Esports,UL,Top,UL · playoffs,16,0.5,2.47,-101.0,2.0,55.0,-99.0
Savero,Anonymo Esports,UL,Jungle,UL · playoffs,22,0.727,6.0,-119.0,14.0,55.0,-105.0
svns,AliorBank Team,UL,ADC,UL · playoffs,20,0.6,6.63,-143.0,6.0,55.0,-137.0
many,AliorBank Team,UL,Mid,UL · playoffs,16,0.688,7.24,-159.0,10.0,55.0,-149.0
Zora,Forsaken,UL,Top,UL · playoffs,8,0.5,2.68,-168.0,-1.0,55.0,-169.0
behave,SPIKE Syndicate,EBL,Jungle,UL · playoffs,8,0.25,2.86,-169.0,-3.0,55.0,-172.0
minemaciek,AliorBank Team,UL,Support,UL · playoffs,20,0.6,3.79,-195.0,6.0,55.0,-189.0
adi1,AliorBank Team,UL,Jungle,UL · playoffs,20,0.6,2.61,-196.0,6.0,55.0,-190.0
HeSSZero,Iron Wolves,UL,Top,UL · playoffs,3,0.0,1.44,-190.0,-3.0,55.0,-193.0
KroMAX,Forsaken,UL,Support,UL · playoffs,8,0.5,1.73,-234.0,-1.0,55.0,-235.0
Syrpy,Illuminar Gaming,UL,Support,UL · playoffs,7,0.143,1.87,-278.0,-4.0,55.0,-282.0
Krysia,Illuminar Gaming,UL,Jungle,UL · playoffs,7,0.143,2.09,-301.0,-4.0,55.0,-305.0
Kozi,Illuminar Gaming,UL,Top,UL · playoffs,7,0.143,1.67,-303.0,-4.0,55.0,-307.0
Lothen,Illuminar Gaming,UL,ADC,UL · playoffs,7,0.143,2.28,-317.0,-4.0,55.0,-321.0
nicolaiy,Forsaken,UL,Jungle,UL · playoffs,8,0.5,4.44,-323.0,-1.0,55.0,-324.0
Gaarfield,Vanir,NLC,Support,UL · playoffs,3,0.0,1.0,-321.0,-4.0,55.0,-325.0
Aeon,Forsaken,UL,ADC,UL · playoffs,8,0.5,2.88,-327.0,-1.0,55.0,-328.0
Jaunutis1,Iron Wolves,UL,Jungle,UL · playoffs,6,0.0,1.3,-330.0,-6.0,55.0,-336.0
Mrozku,Illuminar Gaming,UL,Mid,UL · playoffs,7,0.143,2.42,-334.0,-4.0,55.0,-338.0
FENZ1,DREN Esports,PGN,Mid,UL · playoffs,3,0.0,0.55,-350.0,-4.0,55.0,-354.0
Zty,Iron Wolves,UL,Mid,UL · playoffs,3,0.0,1.11,-357.0,-3.0,55.0,-360.0
many,AliorBank Team,UL,Mid,UL · playoffs,4,0.25,2.28,-367.0,-4.0,55.0,-371.0
EliWood,3BL Esports,UL,Support,UL · playoffs,3,0.0,1.58,-397.0,-3.0,55.0,-400.0
Ribu,Forsaken,UL,Mid,UL · playoffs,8,0.5,2.3,-402.0,-1.0,55.0,-403.0
Ruf,GLORE,HM,ADC,UL · playoffs,3,0.0,1.1,-425.0,-4.0,55.0,-429.0
Ariana,Team Phantasma,GLL,Top,UL · playoffs,6,0.5,2.38,-499.0,-1.0,55.0,-500.0
Salami,Back2TheGame,UL,ADC,UL · saison régulière,8,0.75,6.25,-322.0,2.0,55.0,-320.0
WaenA,Team ESCA Gaming,UL,Mid,UL · saison régulière,13,0.615,2.73,-341.0,2.0,55.0,-339.0
ShazQ,Back2TheGame,UL,Jungle,UL · saison régulière,8,0.75,7.32,-342.0,2.0,55.0,-340.0
Grzybek,Team ESCA Gaming,UL,Top,UL · saison régulière,13,0.615,3.26,-348.0,2.0,55.0,-346.0
Adison,Forsaken,UL,ADC,UL · saison régulière,13,0.615,3.53,-349.0,2.0,55.0,-347.0
Syzyf,Back2TheGame,UL,Mid,UL · saison régulière,8,0.75,4.68,-356.0,2.0,55.0,-354.0
Mietek,Back2TheGame,UL,Top,UL · saison régulière,8,0.75,3.48,-389.0,2.0,55.0,-387.0
Sawyor,Forsaken,UL,Jungle,UL · saison régulière,13,0.615,3.02,-393.0,2.0,55.0,-391.0
Ephekles,Team ESCA Gaming,UL,Support,UL · saison régulière,13,0.615,2.65,-399.0,2.0,55.0,-397.0
Acorderr,Back2TheGame,UL,Support,UL · saison régulière,8,0.75,4.64,-429.0,2.0,55.0,-427.0
Yeti,LODIS,UL,Top,UL · saison régulière,12,0.417,4.83,-430.0,2.0,55.0,-428.0
Ketim,Komil & Friends,UL,Jungle,UL · saison régulière,12,0.417,4.08,-468.0,2.0,55.0,-466.0
lee sang,Komil & Friends,UL,Mid,UL · saison régulière,12,0.417,3.8,-474.0,2.0,55.0,-472.0
MIK0,Komil & Friends,UL,ADC,UL · saison régulière,12,0.417,4.2,-487.0,2.0,55.0,-485.0
YuNIshinoya,LODIS,UL,Support,UL · saison régulière,7,0.143,2.12,-483.0,-6.0,55.0,-489.0
Badlyyga,devils.one inStreamly,UL,Jungle,UL · saison régulière,7,0.143,1.79,-529.0,-6.0,55.0,-535.0
Gerro,Komil & Friends,UL,Support,UL · saison régulière,12,0.417,3.04,-559.0,2.0,55.0,-557.0
Jaqen,devils.one inStreamly,UL,Top,UL · saison régulière,7,0.143,1.41,-643.0,-6.0,55.0,-649.0
SlowQ,Zero Tenacity,UL,Mid,USP,12,0.833,5.67,79.0,1.0,55.0,80.0
Odi11,Zero Tenacity,LES,ADC,USP,8,1.0,21.0,-13.0,4.0,55.0,-9.0
Roison,Anonymo Esports,UL,Mid,USP,12,0.667,5.44,-11.0,-2.0,55.0,-13.0
Ryuzaki,Zero Tenacity,UL,Jungle,USP,12,0.833,7.55,-19.0,1.0,55.0,-18.0
HungryPanda,Zero Tenacity,PGN,Support,USP,12,0.833,4.85,-46.0,1.0,55.0,-45.0
Matixx,AliorBank Team,UL,Top,USP,10,0.5,4.0,-70.0,7.0,55.0,-63.0
Color,Zero Tenacity,UL,Top,USP,12,0.833,3.96,-64.0,1.0,55.0,-63.0
pr1me,Anonymo Esports,UL,Top,USP,12,0.667,3.89,-101.0,-2.0,55.0,-103.0
Czypsy,Anonymo Esports,UL,Support,USP,12,0.667,3.44,-102.0,-2.0,55.0,-104.0
zamulek,Anonymo Esports,LES,ADC,USP,12,0.667,4.81,-112.0,-2.0,55.0,-114.0
Savero,Anonymo Esports,UL,Jungle,USP,12,0.667,3.02,-119.0,-2.0,55.0,-121.0
svns,AliorBank Team,UL,ADC,USP,10,0.5,4.28,-143.0,7.0,55.0,-136.0
Zora,Forsaken,UL,Top,USP,11,0.454,2.59,-168.0,3.0,55.0,-165.0
Sh4dowUS,LODIS,UL,Jungle,USP,8,0.375,3.54,-185.0,2.0,55.0,-183.0
minemaciek,AliorBank Team,UL,Support,USP,10,0.5,3.0,-195.0,7.0,55.0,-188.0
adi1,AliorBank Team,UL,Jungle,USP,10,0.5,3.27,-196.0,7.0,55.0,-189.0
Syrpy,Illuminar Gaming,UL,Support,USP,4,0.0,1.42,-278.0,-6.0,55.0,-284.0
Krysia,Illuminar Gaming,UL,Jungle,USP,4,0.0,1.93,-301.0,-6.0,55.0,-307.0
Kozi,Illuminar Gaming,UL,Top,USP,4,0.0,0.83,-303.0,-6.0,55.0,-309.0
Lothen,Illuminar Gaming,UL,ADC,USP,4,0.0,2.45,-317.0,-6.0,55.0,-323.0
Salami,Back2TheGame,UL,ADC,USP,4,0.0,1.56,-322.0,-6.0,55.0,-328.0
Mrozku,Illuminar Gaming,UL,Mid,USP,4,0.0,1.0,-334.0,-6.0,55.0,-340.0
Adison,Forsaken,UL,ADC,USP,11,0.454,3.22,-349.0,3.0,55.0,-346.0
ShazQ,Back2TheGame,UL,Jungle,USP,4,0.0,1.37,-342.0,-6.0,55.0,-348.0
many,AliorBank Team,UL,Mid,USP,10,0.5,4.77,-367.0,7.0,55.0,-360.0
Syzyf,Back2TheGame,UL,Mid,USP,4,0.0,1.42,-356.0,-6.0,55.0,-362.0
Sawyor,Forsaken,UL,Jungle,USP,11,0.454,2.24,-393.0,3.0,55.0,-390.0
Mietek,Back2TheGame,UL,Top,USP,4,0.0,1.06,-389.0,-6.0,55.0,-395.0
Ribu,Forsaken,UL,Mid,USP,11,0.454,2.67,-402.0,3.0,55.0,-399.0
ZaFiR,Forsaken,GLL,Support,USP,11,0.454,2.0,-405.0,3.0,55.0,-402.0
Yeti,LODIS,UL,Top,USP,8,0.375,2.1,-430.0,2.0,55.0,-428.0
Domoles,LODIS,UL,Mid,USP,8,0.375,2.87,-436.0,2.0,55.0,-434.0
Acorderr,Back2TheGame,UL,Support,USP,4,0.0,0.81,-429.0,-6.0,55.0,-435.0
Kokos,Duma Easta,HM,Jungle,USP,7,0.429,3.22,-448.0,1.0,55.0,-447.0
YuNIshinoya,LODIS,UL,Support,USP,3,0.667,7.5,-483.0,4.0,55.0,-479.0
DAMKEXHINO4,LODIS,UL,ADC,USP,8,0.375,3.95,-517.0,2.0,55.0,-515.0
GEPARDINHO5,LODIS,UL,Support,USP,5,0.2,2.1,-547.0,-3.0,55.0,-550.0
Sty1e,MGN Blue Esports,VCS,ADC,VCS Spring · playoffs,13,0.692,4.36,716.0,6.0,55.0,722.0
Slayder,GAM Esports,VCS,ADC,VCS Spring · playoffs,16,0.562,4.32,594.0,4.0,55.0,598.0
Levi,GAM Esports,VCS,Jungle,VCS Spring · playoffs,13,0.692,4.96,540.0,6.0,55.0,546.0
Kiaya,GAM Esports,VCS,Top,VCS Spring · playoffs,13,0.692,3.71,512.0,6.0,55.0,518.0
Palette,GAM Esports,VCS,Support,VCS Spring · playoffs,16,0.562,3.89,454.0,4.0,55.0,458.0
Kati,GAM Esports,VCS,Mid,VCS Spring · playoffs,13,0.692,5.19,433.0,6.0,55.0,439.0
Bie,Team Whales,VCS,Support,VCS Spring · playoffs,9,0.333,3.39,441.0,-5.0,55.0,436.0
Artemis,Team Whales,VCS,ADC,VCS Spring · playoffs,12,0.333,3.53,417.0,-5.0,55.0,412.0
Gloryy,Team Whales,VCS,Mid,VCS Spring · playoffs,9,0.333,4.67,399.0,-5.0,55.0,394.0
Sparda,Team Whales,VCS,Top,VCS Spring · playoffs,9,0.333,1.53,392.0,-5.0,55.0,387.0
DNK,SBTC Esports,VCS,Jungle,VCS Spring · playoffs,16,0.562,2.55,351.0,4.0,55.0,355.0
Killerqueen,Team Whales,VCS,Jungle,VCS Spring · playoffs,9,0.333,2.11,344.0,-5.0,55.0,339.0
RonOP,CERBERUS Esports,VCS,Support,VCS Spring · playoffs,8,0.25,2.36,336.0,-6.0,55.0,330.0
Yado,CERBERUS Esports,VCS,Mid,VCS Spring · playoffs,12,0.333,2.88,325.0,-5.0,55.0,320.0
Vit,Team Whales,VCS,ADC,VCS Spring · playoffs,9,0.333,3.2,303.0,-5.0,55.0,298.0
Pun,CERBERUS Esports,VCS,Top,VCS Spring · playoffs,12,0.333,2.26,299.0,-5.0,55.0,294.0
Dia1,SBTC Esports,VCS,Mid,VCS Spring · playoffs,16,0.562,3.7,289.0,4.0,55.0,293.0
Zin,GAM Esports,VCS,Support,VCS Spring · playoffs,13,0.692,5.07,277.0,6.0,55.0,283.0
Nper,SBTC Esports,VCS,Top,VCS Spring · playoffs,16,0.562,2.37,253.0,4.0,55.0,257.0
Draktharr,Team Flash,VCS,Jungle,VCS Spring · playoffs,12,0.333,2.88,210.0,-5.0,55.0,205.0
Hieu3,Team Flash,VCS,Support,VCS Spring · playoffs,4,0.5,4.58,159.0,1.0,55.0,160.0
Sty1e,MGN Blue Esports,VCS,ADC,VCS Spring · saison régulière,35,0.771,4.0,716.0,-0.0,54.0,716.0
Slayder,GAM Esports,VCS,ADC,VCS Spring · saison régulière,28,0.607,4.45,594.0,3.0,54.0,597.0
Levi,GAM Esports,VCS,Jungle,VCS Spring · saison régulière,36,0.778,4.44,540.0,-1.0,54.0,539.0
Kiaya,GAM Esports,VCS,Top,VCS Spring · saison régulière,36,0.778,3.61,512.0,-1.0,54.0,511.0
Palette,GAM Esports,VCS,Support,VCS Spring · saison régulière,38,0.553,4.33,454.0,-4.0,54.0,450.0
Hasmed,Team Secret,VCS,Top,VCS Spring · saison régulière,37,0.486,2.65,446.0,-0.0,54.0,446.0
Bie,Team Whales,VCS,Support,VCS Spring · saison régulière,33,0.606,5.6,441.0,2.0,54.0,443.0
Kati,GAM Esports,VCS,Mid,VCS Spring · saison régulière,35,0.771,5.88,433.0,-0.0,54.0,433.0
Artemis,Team Whales,VCS,ADC,VCS Spring · saison régulière,35,0.571,4.67,417.0,6.0,54.0,423.0
Gury,Saigon Buffalo,VCS,Jungle,VCS Spring · saison régulière,30,0.533,3.15,412.0,5.0,54.0,417.0
Spot,Rainbow Warriors,VCS,Jungle,VCS Spring · saison régulière,4,0.5,2.82,417.0,-4.0,55.0,413.0
Gloryy,Team Whales,VCS,Mid,VCS Spring · saison régulière,37,0.649,4.16,399.0,6.0,54.0,405.0
Sparda,Team Whales,VCS,Top,VCS Spring · saison régulière,37,0.649,3.63,392.0,6.0,54.0,398.0
Qiang,Team Secret,VCS,Jungle,VCS Spring · saison régulière,13,0.462,2.58,384.0,3.0,55.0,387.0
Hiro02,Team Secret,VCS,Top,VCS Spring · saison régulière,25,0.32,1.44,363.0,2.0,55.0,365.0
DNK,SBTC Esports,VCS,Jungle,VCS Spring · saison régulière,34,0.559,3.3,351.0,0.0,54.0,351.0
Killerqueen,Team Whales,VCS,Jungle,VCS Spring · saison régulière,37,0.649,3.95,344.0,6.0,54.0,350.0
RonOP,CERBERUS Esports,VCS,Support,VCS Spring · saison régulière,29,0.586,4.29,336.0,9.0,54.0,345.0
Yado,CERBERUS Esports,VCS,Mid,VCS Spring · saison régulière,35,0.571,3.87,325.0,6.0,54.0,331.0
Taki,Team Secret,VCS,Support,VCS Spring · saison régulière,37,0.486,4.91,316.0,-0.0,54.0,316.0
Vit,Team Whales,VCS,ADC,VCS Spring · saison régulière,36,0.639,4.1,303.0,5.0,54.0,308.0
Sorn,MGN Blue Esports,VCS,Jungle,VCS Spring · saison régulière,6,0.0,1.68,311.0,-5.0,55.0,306.0
Pun,CERBERUS Esports,VCS,Top,VCS Spring · saison régulière,35,0.571,2.3,299.0,6.0,54.0,305.0
rayq,CERBERUS Esports,VCS,Jungle,VCS Spring · saison régulière,1,0.0,5.5,293.0,-2.0,55.0,291.0
Phuc1,Team Flash,VCS,Jungle,VCS Spring · saison régulière,31,0.419,2.66,287.0,3.0,54.0,290.0
Dia1,SBTC Esports,VCS,Mid,VCS Spring · saison régulière,38,0.553,2.96,289.0,-4.0,54.0,285.0
Shogun,Saigon Buffalo,VCS,ADC,VCS Spring · saison régulière,37,0.486,4.57,282.0,-0.0,54.0,282.0
Soraaa,Team Flash,VCS,Support,VCS Spring · saison régulière,30,0.433,2.88,278.0,3.0,54.0,281.0
Zin,GAM Esports,VCS,Support,VCS Spring · saison régulière,36,0.778,5.09,277.0,-1.0,54.0,276.0
Elio,CERBERUS Esports,VCS,Support,VCS Spring · saison régulière,2,0.0,2.8,253.0,-2.0,55.0,251.0
Nper,SBTC Esports,VCS,Top,VCS Spring · saison régulière,38,0.553,2.33,253.0,-4.0,54.0,249.0
Eddie,Team Secret,VCS,ADC,VCS Spring · saison régulière,33,0.333,3.41,224.0,-4.0,54.0,220.0
Yoshino,Team Flash,VCS,Top,VCS Spring · saison régulière,32,0.406,2.45,217.0,1.0,54.0,218.0
Draktharr,Team Flash,VCS,Jungle,VCS Spring · saison régulière,28,0.607,3.25,210.0,5.0,54.0,215.0
Jane,Team Flash,VCS,Mid,VCS Spring · saison régulière,32,0.406,3.66,210.0,1.0,54.0,211.0
Puddin,Team Flash,VCS,ADC,VCS Spring · saison régulière,32,0.406,3.9,203.0,1.0,54.0,204.0
BeanJ,Team Whales,VCS,Jungle,VCS Spring · saison régulière,7,0.286,2.18,198.0,-6.0,55.0,192.0
zzeta,MGN Blue Esports,VCS,Mid,VCS Spring · saison régulière,26,0.154,1.95,190.0,-1.0,55.0,189.0
Hieu3,Team Flash,VCS,Support,VCS Spring · saison régulière,6,0.5,4.24,159.0,-2.0,55.0,157.0
Emo,MGN Blue Esports,VCS,Mid,VCS Spring · saison régulière,4,0.0,0.9,139.0,-4.0,55.0,135.0
Zodiac,MGN Blue Esports,VCS,Support,VCS Spring · saison régulière,30,0.133,1.44,137.0,-5.0,54.0,132.0
XuHao,Team Secret,VCS,Support,VCS Spring · saison régulière,31,0.355,2.95,129.0,-2.0,54.0,127.0
Tomrio,APOLLO GAMING,VCS,Jungle,VCS Spring · saison régulière,30,0.133,2.21,120.0,-5.0,54.0,115.0
Artifact,Rainbow Warriors,VCS,Mid,VCS Spring · saison régulière,33,0.333,3.14,96.0,-4.0,54.0,92.0
Vinboiz,SBTC Esports,VCS,ADC,VCS Spring · saison régulière,10,0.4,2.93,89.0,-6.0,55.0,83.0
Froggy,Saigon Buffalo,VCS,Mid,VCS Spring · saison régulière,37,0.486,3.38,57.0,-0.0,54.0,57.0
Kratos,Team Secret Academy,VCS,Top,VCS Spring · saison régulière,8,0.375,1.9,19.0,-5.0,55.0,14.0
Sunmer,MGN Blue Esports,VCS,Top,VCS Spring · saison régulière,30,0.133,1.54,-116.0,-5.0,54.0,-121.0
Slowz,MGN Blue Esports,VCS,ADC,VCS Spring · saison régulière,30,0.133,2.03,-220.0,-5.0,54.0,-225.0
Slayder,GAM Esports,VCS,ADC,VCS Summer · playoffs,13,0.692,4.39,594.0,2.0,55.0,596.0
Levi,GAM Esports,VCS,Jungle,VCS Summer · playoffs,13,0.692,4.82,540.0,2.0,55.0,542.0
Kiaya,GAM Esports,VCS,Top,VCS Summer · playoffs,13,0.692,4.69,512.0,2.0,55.0,514.0
Palette,GAM Esports,VCS,Support,VCS Summer · playoffs,13,0.692,5.32,454.0,2.0,55.0,456.0
Hasmed,Team Secret,VCS,Top,VCS Summer · playoffs,18,0.556,2.08,446.0,10.0,55.0,456.0
Himmel,Saigon Buffalo,VCS,Mid,VCS Summer · playoffs,15,0.533,2.95,436.0,3.0,55.0,439.0
Bie,Team Whales,VCS,Support,VCS Summer · playoffs,16,0.562,5.83,441.0,-3.0,55.0,438.0
Kati,GAM Esports,VCS,Mid,VCS Summer · playoffs,13,0.692,4.28,433.0,2.0,55.0,435.0
Gury,Saigon Buffalo,VCS,Jungle,VCS Summer · playoffs,18,0.5,3.45,412.0,0.0,55.0,412.0
Artemis,Team Whales,VCS,ADC,VCS Summer · playoffs,20,0.5,4.66,417.0,-6.0,55.0,411.0
Qiang,Team Secret,VCS,Jungle,VCS Summer · playoffs,18,0.556,4.0,384.0,10.0,55.0,394.0
Gloryy,Team Whales,VCS,Mid,VCS Summer · playoffs,20,0.5,4.17,399.0,-6.0,55.0,393.0
Sparda,Team Whales,VCS,Top,VCS Summer · playoffs,20,0.5,2.61,392.0,-6.0,55.0,386.0
Hiro02,Team Secret,VCS,Top,VCS Summer · playoffs,18,0.556,2.67,363.0,10.0,55.0,373.0
Taki,Team Secret,VCS,Support,VCS Summer · playoffs,18,0.556,3.56,316.0,10.0,55.0,326.0
Pun,CERBERUS Esports,VCS,Top,VCS Summer · playoffs,8,0.25,1.6,299.0,-6.0,55.0,293.0
Slay,Saigon Buffalo,VCS,Support,VCS Summer · playoffs,18,0.5,3.23,288.0,0.0,55.0,288.0
rayq,CERBERUS Esports,VCS,Jungle,VCS Summer · playoffs,8,0.25,2.41,293.0,-6.0,55.0,287.0
Phuc1,Team Flash,VCS,Jungle,VCS Summer · playoffs,6,0.333,3.25,287.0,-1.0,55.0,286.0
Yashiro2,CERBERUS Esports,VCS,ADC,VCS Summer · playoffs,8,0.25,3.73,290.0,-6.0,55.0,284.0
Shogun,Saigon Buffalo,VCS,ADC,VCS Summer · playoffs,18,0.5,3.24,282.0,0.0,55.0,282.0
Coated,Saigon Buffalo,VCS,Top,VCS Summer · playoffs,18,0.5,2.08,270.0,0.0,55.0,270.0
Elio,CERBERUS Esports,VCS,Support,VCS Summer · playoffs,8,0.25,2.48,253.0,-6.0,55.0,247.0
AisyL,CERBERUS Esports,VCS,Mid,VCS Summer · playoffs,8,0.25,2.36,245.0,-6.0,55.0,239.0
Eddie,Team Secret,VCS,ADC,VCS Summer · playoffs,18,0.556,6.86,224.0,10.0,55.0,234.0
Yoshino,Team Flash,VCS,Top,VCS Summer · playoffs,9,0.333,2.44,217.0,-1.0,55.0,216.0
Draktharr,Team Flash,VCS,Jungle,VCS Summer · playoffs,3,0.333,4.33,210.0,-0.0,55.0,210.0
Jane,Team Flash,VCS,Mid,VCS Summer · playoffs,9,0.333,3.52,210.0,-1.0,55.0,209.0
Puddin,Team Flash,VCS,ADC,VCS Summer · playoffs,9,0.333,3.39,203.0,-1.0,55.0,202.0
BeanJ,Team Whales,VCS,Jungle,VCS Summer · playoffs,20,0.5,4.15,198.0,-6.0,55.0,192.0
Hieu3,Team Flash,VCS,Support,VCS Summer · playoffs,9,0.333,2.34,159.0,-1.0,55.0,158.0
Froggy,Saigon Buffalo,VCS,Mid,VCS Summer · playoffs,3,0.333,2.07,57.0,-3.0,55.0,54.0
Slayder,GAM Esports,VCS,ADC,VCS Summer · saison régulière,28,0.714,5.3,594.0,1.0,54.0,595.0
Levi,GAM Esports,VCS,Jungle,VCS Summer · saison régulière,28,0.714,4.67,540.0,1.0,54.0,541.0
Kiaya,GAM Esports,VCS,Top,VCS Summer · saison régulière,28,0.714,4.11,512.0,1.0,54.0,513.0
Palette,GAM Esports,VCS,Support,VCS Summer · saison régulière,2,1.0,36.0,454.0,4.0,55.0,458.0
Bie,Team Whales,VCS,Support,VCS Summer · saison régulière,31,0.613,6.26,441.0,4.0,54.0,445.0
Hasmed,Team Secret,VCS,Top,VCS Summer · saison régulière,20,0.55,2.19,446.0,-1.0,55.0,445.0
Himmel,Saigon Buffalo,VCS,Mid,VCS Summer · saison régulière,14,0.714,4.3,436.0,5.0,55.0,441.0
Kati,GAM Esports,VCS,Mid,VCS Summer · saison régulière,26,0.692,3.74,433.0,-2.0,55.0,431.0
Artemis,Team Whales,VCS,ADC,VCS Summer · saison régulière,28,0.643,5.55,417.0,4.0,54.0,421.0
Gury,Saigon Buffalo,VCS,Jungle,VCS Summer · saison régulière,27,0.556,3.75,412.0,0.0,54.0,412.0
Gloryy,Team Whales,VCS,Mid,VCS Summer · saison régulière,31,0.613,4.84,399.0,4.0,54.0,403.0
Sparda,Team Whales,VCS,Top,VCS Summer · saison régulière,31,0.613,2.94,392.0,4.0,54.0,396.0
Qiang,Team Secret,VCS,Jungle,VCS Summer · saison régulière,26,0.5,2.83,384.0,-8.0,54.0,376.0
Ryuk,MGN Blue Esports,VCS,Top,VCS Summer · saison régulière,11,0.273,1.4,365.0,-3.0,55.0,362.0
Hiro02,Team Secret,VCS,Top,VCS Summer · saison régulière,18,0.5,2.68,363.0,-6.0,55.0,357.0
Yuki,APOLLO GAMING,VCS,Top,VCS Summer · saison régulière,19,0.21,1.25,315.0,-0.0,55.0,315.0
Taki,Team Secret,VCS,Support,VCS Summer · saison régulière,26,0.5,3.44,316.0,-8.0,54.0,308.0
Sorn,MGN Blue Esports,VCS,Jungle,VCS Summer · saison régulière,30,0.233,2.05,311.0,-4.0,54.0,307.0
Pun,CERBERUS Esports,VCS,Top,VCS Summer · saison régulière,29,0.483,2.42,299.0,6.0,54.0,305.0
Vit,Team Whales,VCS,ADC,VCS Summer · saison régulière,3,0.333,4.5,303.0,-0.0,55.0,303.0
rayq,CERBERUS Esports,VCS,Jungle,VCS Summer · saison régulière,29,0.483,5.06,293.0,6.0,54.0,299.0
Yashiro2,CERBERUS Esports,VCS,ADC,VCS Summer · saison régulière,29,0.483,4.85,290.0,6.0,54.0,296.0
Phuc1,Team Flash,VCS,Jungle,VCS Summer · saison régulière,24,0.458,3.06,287.0,2.0,55.0,289.0
Slay,Saigon Buffalo,VCS,Support,VCS Summer · saison régulière,27,0.556,4.18,288.0,0.0,54.0,288.0
Shogun,Saigon Buffalo,VCS,ADC,VCS Summer · saison régulière,27,0.556,3.71,282.0,0.0,54.0,282.0
Zin,GAM Esports,VCS,Support,VCS Summer · saison régulière,26,0.692,3.34,277.0,-3.0,55.0,274.0
Coated,Saigon Buffalo,VCS,Top,VCS Summer · saison régulière,27,0.556,1.87,270.0,0.0,54.0,270.0
Elio,CERBERUS Esports,VCS,Support,VCS Summer · saison régulière,29,0.483,2.96,253.0,6.0,54.0,259.0
AisyL,CERBERUS Esports,VCS,Mid,VCS Summer · saison régulière,29,0.483,3.64,245.0,6.0,54.0,251.0
Yoshino,Team Flash,VCS,Top,VCS Summer · saison régulière,29,0.414,2.9,217.0,0.0,54.0,217.0
Eddie,Team Secret,VCS,ADC,VCS Summer · saison régulière,26,0.5,4.25,224.0,-8.0,54.0,216.0
Jane,Team Flash,VCS,Mid,VCS Summer · saison régulière,29,0.414,3.12,210.0,0.0,54.0,210.0
Draktharr,Team Flash,VCS,Jungle,VCS Summer · saison régulière,5,0.2,1.65,210.0,-1.0,55.0,209.0
Puddin,Team Flash,VCS,ADC,VCS Summer · saison régulière,29,0.414,4.18,203.0,0.0,54.0,203.0
BeanJ,Team Whales,VCS,Jungle,VCS Summer · saison régulière,31,0.613,4.23,198.0,4.0,54.0,202.0
zzeta,MGN Blue Esports,VCS,Mid,VCS Summer · saison régulière,24,0.167,2.28,190.0,-7.0,55.0,183.0
Hieu3,Team Flash,VCS,Support,VCS Summer · saison régulière,29,0.414,2.12,159.0,0.0,54.0,159.0
Emo,MGN Blue Esports,VCS,Mid,VCS Summer · saison régulière,6,0.5,2.47,139.0,4.0,55.0,143.0
Zodiac,MGN Blue Esports,VCS,Support,VCS Summer · saison régulière,30,0.233,1.88,137.0,-4.0,54.0,133.0
Artifact,Rainbow Warriors,VCS,Mid,VCS Summer · saison régulière,12,0.5,4.19,96.0,-5.0,55.0,91.0
Froggy,Saigon Buffalo,VCS,Mid,VCS Summer · saison régulière,13,0.385,2.67,57.0,-4.0,55.0,53.0
Slowz,MGN Blue Esports,VCS,ADC,VCS Summer · saison régulière,30,0.233,2.43,-220.0,-4.0,54.0,-224.0
Sty1e,MGN Blue Esports,VCS,ADC,VCS · saison régulière,18,0.889,8.36,716.0,12.0,55.0,728.0
2T,Rainbow Warriors,VCS,Top,VCS · saison régulière,23,0.696,3.0,484.0,1.0,55.0,485.0
Spot,Rainbow Warriors,VCS,Jungle,VCS · saison régulière,20,0.7,4.33,417.0,3.0,55.0,420.0
Phoenix2,Rainbow Warriors,VCS,ADC,VCS · saison régulière,17,0.706,3.9,416.0,0.0,55.0,416.0
Easylove,Rainbow Warriors,VCS,ADC,VCS · saison régulière,18,0.667,3.34,385.0,0.0,55.0,385.0
Ryuk,MGN Blue Esports,VCS,Top,VCS · saison régulière,9,1.0,6.27,365.0,7.0,55.0,372.0
Vin,APOLLO GAMING,VCS,Mid,VCS · saison régulière,25,0.48,3.86,366.0,3.0,55.0,369.0
Seebulabu,APOLLO GAMING,VCS,Support,VCS · saison régulière,25,0.48,3.26,342.0,3.0,55.0,345.0
Kwhite,APOLLO GAMING,VCS,ADC,VCS · saison régulière,20,0.4,4.11,337.0,1.0,55.0,338.0
Sorn,MGN Blue Esports,VCS,Jungle,VCS · saison régulière,18,0.889,6.86,311.0,12.0,55.0,323.0
Yuki,APOLLO GAMING,VCS,Top,VCS · saison régulière,25,0.48,2.49,315.0,3.0,55.0,318.0
LDK,Rainbow Warriors,VCS,Support,VCS · saison régulière,10,0.7,3.35,295.0,0.0,55.0,295.0
zzeta,MGN Blue Esports,VCS,Mid,VCS · saison régulière,17,0.882,8.81,190.0,10.0,55.0,200.0
Clyde,Original Gaming,VCS,Mid,VCS · saison régulière,11,0.364,3.84,177.0,-2.0,55.0,175.0
Hamin,Original Gaming,VCS,Top,VCS · saison régulière,13,0.308,2.39,161.0,-2.0,55.0,159.0
Zodiac,MGN Blue Esports,VCS,Support,VCS · saison régulière,18,0.889,4.56,137.0,12.0,55.0,149.0
Emo,MGN Blue Esports,VCS,Mid,VCS · saison régulière,1,1.0,16.0,139.0,2.0,55.0,141.0
Be,CYRUS,VCS,Top,VCS · saison régulière,11,0.273,2.3,138.0,-4.0,55.0,134.0
Tomrio,APOLLO GAMING,VCS,Jungle,VCS · saison régulière,25,0.48,4.48,120.0,3.0,55.0,123.0
Zoro,Original Gaming,VCS,Jungle,VCS · saison régulière,14,0.286,2.41,117.0,-2.0,55.0,115.0
Artifact,Rainbow Warriors,VCS,Mid,VCS · saison régulière,16,0.625,6.52,96.0,1.0,55.0,97.0
NoNoNo1,CYRUS,VCS,Jungle,VCS · saison régulière,12,0.25,2.41,95.0,-6.0,55.0,89.0
Dttt,CYRUS,VCS,Mid,VCS · saison régulière,12,0.25,1.88,93.0,-6.0,55.0,87.0
Uncle4,CYRUS,VCS,Support,VCS · saison régulière,12,0.25,2.02,92.0,-6.0,55.0,86.0
TQK,1TAP Dino,VCS,Support,VCS · saison régulière,12,0.25,2.3,40.0,-7.0,55.0,33.0
Nemo,CYRUS,VCS,ADC,VCS · saison régulière,12,0.25,1.72,39.0,-6.0,55.0,33.0
Yuyin,1TAP Dino,VCS,ADC,VCS · saison régulière,12,0.25,3.83,4.0,-7.0,55.0,-3.0
Tomoe,Original Gaming,VCS,ADC,VCS · saison régulière,20,0.25,2.05,-42.0,-3.0,55.0,-45.0
Mingi,Original Gaming,VCS,Support,VCS · saison régulière,20,0.25,1.72,-42.0,-3.0,55.0,-45.0
Joxardo,Pirate Dream,VL,Top,VL · playoffs,20,0.7,5.63,-301.0,8.0,55.0,-293.0
Zzzofia,Pirate Dream,LRN,Support,VL · playoffs,10,0.6,3.62,-295.0,2.0,55.0,-293.0
Renyu,Pirate Dream,LRN,ADC,VL · playoffs,10,0.6,5.23,-310.0,2.0,55.0,-308.0
iFrix,Pirate Dream,LRN,Jungle,VL · playoffs,20,0.7,6.15,-377.0,8.0,55.0,-369.0
Loers,Waia Snikt,LRN,Mid,VL · playoffs,20,0.7,8.97,-502.0,8.0,55.0,-494.0
Kerfa,Pirate Dream,LRN,Top,VL · playoffs,10,0.6,3.83,-528.0,2.0,55.0,-526.0
Mortuario,Descuydado Aucas Esports,VL,Support,VL · playoffs,10,0.4,1.62,-566.0,-5.0,55.0,-571.0
Athyz,Osaka,LRN,Jungle,VL · playoffs,10,0.6,4.12,-579.0,2.0,55.0,-577.0
Nickleaf,Descuydado Aucas Esports,VL,ADC,VL · playoffs,10,0.4,1.71,-578.0,-5.0,55.0,-583.0
Nuclex,Pirate Dream,VL,Mid,VL · playoffs,10,0.6,5.09,-638.0,2.0,55.0,-636.0
Nishkyu,Descuydado Aucas Esports,VL,Mid,VL · playoffs,10,0.4,2.2,-639.0,-5.0,55.0,-644.0
Macucho,GeekSide Esports,VL,Support,VL · playoffs,10,0.5,3.03,-650.0,1.0,55.0,-649.0
Fiant,Osaka,VL,ADC,VL · playoffs,20,0.7,5.65,-679.0,8.0,55.0,-671.0
Piu Piu,GeekSide Esports,VL,ADC,VL · playoffs,9,0.556,2.96,-674.0,0.0,55.0,-674.0
Cacahuate,Descuydado Aucas Esports,VL,Top,VL · playoffs,10,0.4,1.35,-683.0,-5.0,55.0,-688.0
ImMine,Descuydado Aucas Esports,VL,Jungle,VL · playoffs,10,0.4,1.31,-684.0,-5.0,55.0,-689.0
Davo,Waia Snikt,VL,Support,VL · playoffs,20,0.7,4.63,-709.0,8.0,55.0,-701.0
Infamous,GeekSide Esports,VL,Mid,VL · playoffs,10,0.5,2.82,-764.0,1.0,55.0,-763.0
Akemi,GeekSide Esports,VL,Top,VL · playoffs,10,0.5,1.84,-785.0,1.0,55.0,-784.0
Sam,GeekSide Esports,VL,Jungle,VL · playoffs,10,0.5,2.93,-835.0,1.0,55.0,-834.0
Gus,Barcelona BG,VL,Mid,VL · playoffs,4,0.0,0.89,-835.0,-4.0,55.0,-839.0
Manjarres,Barcelona BG,VL,Jungle,VL · playoffs,4,0.0,1.0,-838.0,-4.0,55.0,-842.0
Moroxito,Aguilas Doradas,VL,Support,VL · playoffs,5,0.4,2.28,-896.0,2.0,55.0,-894.0
Whiplash,Barcelona BG,VL,Support,VL · playoffs,4,0.0,1.58,-895.0,-4.0,55.0,-899.0
Blossom,Aguilas Doradas,VL,Jungle,VL · playoffs,7,0.286,3.05,-919.0,3.0,55.0,-916.0
Wamdejo,Barcelona BG,VL,ADC,VL · playoffs,4,0.0,1.15,-956.0,-4.0,55.0,-960.0
Ayeye,Barcelona BG,VL,Top,VL · playoffs,4,0.0,0.72,-974.0,-4.0,55.0,-978.0
King Consumed,Skull Cracker,VL,Jungle,VL · playoffs,2,0.0,3.83,-1021.0,-2.0,55.0,-1023.0
Mace,Genbu Gaming,VL,Support,VL · playoffs,5,0.6,2.2,-1024.0,-2.0,55.0,-1026.0
Sherkhaan,Skull Cracker,VL,Top,VL · playoffs,2,0.0,1.57,-1040.0,-2.0,55.0,-1042.0
Wiz,Aguilas Doradas,VL,Top,VL · playoffs,7,0.286,1.8,-1054.0,3.0,55.0,-1051.0
Pobli,Aguilas Doradas,VL,Mid,VL · playoffs,2,0.0,1.83,-1056.0,1.0,55.0,-1055.0
Medevv,Skull Cracker,VL,Mid,VL · playoffs,2,0.0,2.8,-1067.0,-2.0,55.0,-1069.0
Chokem,Aguilas Doradas,VL,ADC,VL · playoffs,7,0.286,1.52,-1101.0,3.0,55.0,-1098.0
StarDragon,Skull Cracker,VL,Support,VL · playoffs,2,0.0,1.8,-1105.0,-2.0,55.0,-1107.0
Zzzofia,Pirate Dream,LRN,Support,VL · saison régulière,14,0.857,6.42,-295.0,-2.0,55.0,-297.0
Joxardo,Pirate Dream,VL,Top,VL · saison régulière,13,0.692,2.53,-301.0,-4.0,55.0,-305.0
Renyu,Pirate Dream,LRN,ADC,VL · saison régulière,14,0.857,8.86,-310.0,-2.0,55.0,-312.0
iFrix,Pirate Dream,LRN,Jungle,VL · saison régulière,14,0.643,3.88,-377.0,-8.0,55.0,-385.0
Loers,Waia Snikt,LRN,Mid,VL · saison régulière,14,0.643,3.44,-502.0,-8.0,55.0,-510.0
Kerfa,Pirate Dream,LRN,Top,VL · saison régulière,14,0.857,2.55,-528.0,-2.0,55.0,-530.0
Mortuario,Descuydado Aucas Esports,VL,Support,VL · saison régulière,14,0.929,5.63,-566.0,10.0,55.0,-556.0
Nickleaf,Descuydado Aucas Esports,VL,ADC,VL · saison régulière,14,0.929,6.32,-578.0,10.0,55.0,-568.0
Athyz,Osaka,LRN,Jungle,VL · saison régulière,14,0.857,9.91,-579.0,-2.0,55.0,-581.0
Nishkyu,Descuydado Aucas Esports,VL,Mid,VL · saison régulière,14,0.929,7.65,-639.0,10.0,55.0,-629.0
Nuclex,Pirate Dream,VL,Mid,VL · saison régulière,14,0.857,6.15,-638.0,-2.0,55.0,-640.0
Macucho,GeekSide Esports,VL,Support,VL · saison régulière,6,1.0,5.39,-650.0,5.0,55.0,-645.0
Piu Piu,GeekSide Esports,VL,ADC,VL · saison régulière,6,1.0,6.92,-674.0,5.0,55.0,-669.0
Cacahuate,Descuydado Aucas Esports,VL,Top,VL · saison régulière,14,0.929,5.44,-683.0,10.0,55.0,-673.0
ImMine,Descuydado Aucas Esports,VL,Jungle,VL · saison régulière,14,0.929,7.67,-684.0,10.0,55.0,-674.0
Fiant,Osaka,VL,ADC,VL · saison régulière,14,0.643,3.81,-679.0,-8.0,55.0,-687.0
Davo,Waia Snikt,VL,Support,VL · saison régulière,14,0.643,4.23,-709.0,-8.0,55.0,-717.0
Infamous,GeekSide Esports,VL,Mid,VL · saison régulière,14,0.571,4.12,-764.0,2.0,55.0,-762.0
Akemi,GeekSide Esports,VL,Top,VL · saison régulière,14,0.571,3.59,-785.0,2.0,55.0,-783.0
Gus,Barcelona BG,VL,Mid,VL · saison régulière,10,0.5,4.81,-835.0,8.0,55.0,-827.0
Manjarres,Barcelona BG,VL,Jungle,VL · saison régulière,10,0.5,3.88,-838.0,8.0,55.0,-830.0
Sam,GeekSide Esports,VL,Jungle,VL · saison régulière,14,0.571,3.44,-835.0,2.0,55.0,-833.0
Whiplash,Barcelona BG,VL,Support,VL · saison régulière,10,0.5,3.96,-895.0,6.0,55.0,-889.0
Moroxito,Aguilas Doradas,VL,Support,VL · saison régulière,8,0.375,2.12,-896.0,-2.0,55.0,-898.0
Blossom,Aguilas Doradas,VL,Jungle,VL · saison régulière,6,0.333,1.9,-919.0,-0.0,55.0,-919.0
Wamdejo,Barcelona BG,VL,ADC,VL · saison régulière,12,0.417,3.16,-956.0,6.0,55.0,-950.0
Nightfall,Genbu Gaming,VL,Mid,VL · saison régulière,10,0.2,2.1,-965.0,-0.0,55.0,-965.0
Ayeye,Barcelona BG,VL,Top,VL · saison régulière,12,0.417,1.95,-974.0,6.0,55.0,-968.0
Saeko,Genbu Gaming,VL,Jungle,VL · saison régulière,10,0.2,1.74,-973.0,-0.0,55.0,-973.0
Neithan,Genbu Gaming,VL,ADC,VL · saison régulière,12,0.167,2.42,-985.0,-1.0,55.0,-986.0
King Consumed,Skull Cracker,VL,Jungle,VL · saison régulière,12,0.167,2.17,-1021.0,-1.0,55.0,-1022.0
Mace,Genbu Gaming,VL,Support,VL · saison régulière,14,0.143,2.66,-1024.0,-3.0,55.0,-1027.0
Sherkhaan,Skull Cracker,VL,Top,VL · saison régulière,12,0.167,1.39,-1040.0,-1.0,55.0,-1041.0
Wiz,Aguilas Doradas,VL,Top,VL · saison régulière,14,0.214,1.77,-1054.0,-4.0,55.0,-1058.0
Pobli,Aguilas Doradas,VL,Mid,VL · saison régulière,12,0.25,2.59,-1056.0,-2.0,55.0,-1058.0
Medevv,Skull Cracker,VL,Mid,VL · saison régulière,12,0.167,1.58,-1067.0,-1.0,55.0,-1068.0
Pet,Diamond Doves,VL,Top,VL · saison régulière,10,0.2,1.86,-1075.0,-0.0,55.0,-1075.0
Chokem,Aguilas Doradas,VL,ADC,VL · saison régulière,14,0.214,1.55,-1101.0,-4.0,55.0,-1105.0
StarDragon,Skull Cracker,VL,Support,VL · saison régulière,12,0.167,1.39,-1105.0,-1.0,55.0,-1106.0
Faker,T1,LCK,Mid,Worlds,15,0.867,6.48,1307.0,15.0,55.0,1322.0
Knight,Bilibili Gaming,LPL,Mid,Worlds,13,0.615,4.46,1209.0,-2.0,55.0,1207.0
Chovy,Gen.G,LCK,Mid,Worlds,9,0.667,5.47,1141.0,-0.0,55.0,1141.0
369,Top Esports,LPL,Top,Worlds,13,0.615,2.94,1126.0,-2.0,55.0,1124.0
Ruler,JD Gaming,LPL,ADC,Worlds,13,0.615,6.53,1123.0,-2.0,55.0,1121.0
Peyz,Gen.G,LCK,ADC,Worlds,9,0.667,6.83,1107.0,-0.0,55.0,1107.0
Kanavi,JD Gaming,LPL,Jungle,Worlds,13,0.615,2.77,1108.0,-2.0,55.0,1106.0
Delight,Gen.G,LCK,Support,Worlds,9,0.667,5.17,1095.0,-0.0,55.0,1095.0
ON,Bilibili Gaming,LPL,Support,Worlds,18,0.5,4.15,1097.0,-2.0,55.0,1095.0
Peanut,Gen.G,LCK,Jungle,Worlds,9,0.667,4.68,1087.0,-0.0,55.0,1087.0
Doran,Gen.G,LCK,Top,Worlds,9,0.667,3.67,1079.0,-0.0,55.0,1079.0
Aiming,KT Rolster,LCK,ADC,Worlds,16,0.562,7.38,1068.0,2.0,55.0,1070.0
Cuzz,KT Rolster,LCK,Jungle,Worlds,16,0.562,3.76,1058.0,2.0,55.0,1060.0
MISSING,JD Gaming,LPL,Support,Worlds,13,0.615,5.08,1058.0,-2.0,55.0,1056.0
Keria,T1,LCK,Support,Worlds,15,0.867,8.37,1040.0,15.0,55.0,1055.0
Kiin,KT Rolster,LCK,Top,Worlds,16,0.562,2.62,1044.0,2.0,55.0,1046.0
Bin,Bilibili Gaming,LPL,Top,Worlds,18,0.5,2.57,1047.0,-2.0,55.0,1045.0
Gumayusi,T1,LCK,ADC,Worlds,15,0.867,10.58,1025.0,15.0,55.0,1040.0
Zeus,T1,LCK,Top,Worlds,15,0.867,4.96,1023.0,15.0,55.0,1038.0
Elk,Bilibili Gaming,LPL,ADC,Worlds,18,0.5,4.08,1039.0,-2.0,55.0,1037.0
Scout,LNG Esports,LPL,Mid,Worlds,15,0.533,4.6,1031.0,-0.0,55.0,1031.0
Zika,LNG Esports,LPL,Top,Worlds,15,0.533,2.44,1028.0,-0.0,55.0,1028.0
Bdd,KT Rolster,LCK,Mid,Worlds,16,0.562,3.94,1024.0,2.0,55.0,1026.0
Xun,Bilibili Gaming,LPL,Jungle,Worlds,18,0.5,4.86,1028.0,-2.0,55.0,1026.0
Tarzan,LNG Esports,LPL,Jungle,Worlds,15,0.533,4.32,1018.0,-0.0,55.0,1018.0
Hang,LNG Esports,LPL,Support,Worlds,15,0.533,3.18,1014.0,-0.0,55.0,1014.0
Crisp,Weibo Gaming,LPL,Support,Worlds,28,0.607,4.33,1005.0,0.0,54.0,1005.0
Light,Weibo Gaming,LPL,ADC,Worlds,28,0.607,6.29,997.0,0.0,54.0,997.0
Deft,Dplus Kia,LCK,ADC,Worlds,15,0.667,5.96,999.0,-2.0,55.0,997.0
Lehends,KT Rolster,LCK,Support,Worlds,16,0.562,2.83,991.0,2.0,55.0,993.0
Oner,T1,LCK,Jungle,Worlds,15,0.867,6.65,976.0,15.0,55.0,991.0
Yagao,Bilibili Gaming,LPL,Mid,Worlds,18,0.5,3.53,983.0,-2.0,55.0,981.0
Xiaohu,Weibo Gaming,LPL,Mid,Worlds,28,0.607,4.48,942.0,0.0,54.0,942.0
GALA,LNG Esports,LPL,ADC,Worlds,15,0.533,5.38,940.0,-0.0,55.0,940.0
Mark,Top Esports,LPL,Support,Worlds,5,0.4,2.13,940.0,-4.0,55.0,936.0
ShowMaker,Dplus Kia,LCK,Mid,Worlds,15,0.667,9.12,937.0,-2.0,55.0,935.0
Canyon,Dplus Kia,LCK,Jungle,Worlds,15,0.667,6.04,934.0,-2.0,55.0,932.0
Tian,Top Esports,LPL,Jungle,Worlds,5,0.4,1.84,934.0,-4.0,55.0,930.0
Rookie,Ninjas in Pyjamas,LPL,Mid,Worlds,5,0.4,2.2,925.0,-4.0,55.0,921.0
Zeka,Hanwha Life Esports,LCK,Mid,Worlds,8,0.25,3.5,920.0,-2.0,55.0,918.0
JackeyLove,Top Esports,LPL,ADC,Worlds,5,0.4,2.2,921.0,-4.0,55.0,917.0
TheShy,Weibo Gaming,LPL,Top,Worlds,28,0.607,2.39,913.0,0.0,54.0,913.0
Viper,Hanwha Life Esports,LCK,ADC,Worlds,8,0.25,3.54,911.0,-2.0,55.0,909.0
Meiko,Top Esports,LPL,Support,Worlds,8,0.25,1.9,913.0,-4.0,55.0,909.0
Canna,Dplus Kia,LCK,Top,Worlds,15,0.667,3.86,903.0,-2.0,55.0,901.0
Jiejie,EDward Gaming,LPL,Jungle,Worlds,8,0.25,3.16,903.0,-4.0,55.0,899.0
Weiwei,Weibo Gaming,LPL,Jungle,Worlds,28,0.607,3.94,898.0,0.0,54.0,898.0
Kingen,Hanwha Life Esports,LCK,Top,Worlds,8,0.25,2.47,899.0,-2.0,55.0,897.0
FoFo,Team WE,LPL,Mid,Worlds,8,0.25,2.08,900.0,-4.0,55.0,896.0
Wayward,Team WE,LPL,Top,Worlds,5,0.4,2.38,896.0,-4.0,55.0,892.0
Ale,EDward Gaming,LPL,Top,Worlds,8,0.25,1.6,873.0,-4.0,55.0,869.0
Kellin,Dplus Kia,LCK,Support,Worlds,15,0.667,5.17,869.0,-2.0,55.0,867.0
Grizzly,Hanwha Life Esports,LCK,Jungle,Worlds,8,0.25,1.89,837.0,-2.0,55.0,835.0
Yike,G2 Esports,LEC,Jungle,Worlds,9,0.333,2.19,809.0,-6.0,55.0,803.0
Hans Sama,G2 Esports,LEC,ADC,Worlds,9,0.333,2.16,808.0,-6.0,55.0,802.0
Life,FunPlus Phoenix,LCK,Support,Worlds,8,0.25,2.04,800.0,-2.0,55.0,798.0
BrokenBlade,G2 Esports,LEC,Top,Worlds,9,0.333,2.03,802.0,-6.0,55.0,796.0
Mikyx,G2 Esports,LEC,Support,Worlds,9,0.333,1.69,774.0,-6.0,55.0,768.0
Trymbi,Fnatic,LEC,Support,Worlds,9,0.444,2.45,762.0,5.0,55.0,767.0
Berserker,Cloud9,LCS,ADC,Worlds,6,0.333,3.5,765.0,-3.0,55.0,762.0
Caps,G2 Esports,LEC,Mid,Worlds,9,0.333,1.81,767.0,-6.0,55.0,761.0
Zven,Cloud9,LCS,Support,Worlds,6,0.333,1.62,752.0,-3.0,55.0,749.0
EMENES,Cloud9,LCS,Mid,Worlds,6,0.333,2.79,733.0,-3.0,55.0,730.0
FATE,Kiwoom DRX,LCK,Mid,Worlds,3,0.0,1.25,726.0,-3.0,55.0,723.0
Blaber,Cloud9,LCS,Jungle,Worlds,6,0.333,3.56,723.0,-3.0,55.0,720.0
Fudge,Cloud9,LCS,Top,Worlds,6,0.333,2.05,723.0,-3.0,55.0,720.0
FBI,NRG,LCS,ADC,Worlds,8,0.5,4.67,669.0,8.0,55.0,677.0
Paduck,Kiwoom DRX,LCK,ADC,Worlds,3,0.0,0.8,677.0,-3.0,55.0,674.0
Gori,Golden Guardians,LCS,Mid,Worlds,3,0.0,0.4,681.0,-7.0,55.0,674.0
Uzi,EDward Gaming,LPL,ADC,Worlds,8,0.25,2.25,674.0,-4.0,55.0,670.0
Humanoid,Fnatic,LEC,Mid,Worlds,9,0.444,2.47,664.0,5.0,55.0,669.0
Razork,Fnatic,LEC,Jungle,Worlds,9,0.444,3.64,649.0,5.0,55.0,654.0
Oscarinin,Fnatic,LEC,Top,Worlds,9,0.444,1.62,648.0,5.0,55.0,653.0
Elyoya,MAD Lions KOI,LEC,Jungle,Worlds,5,0.2,3.31,650.0,-0.0,55.0,650.0
River,Golden Guardians,LCS,Jungle,Worlds,3,0.0,0.83,648.0,-7.0,55.0,641.0
Chasy,MAD Lions KOI,LEC,Top,Worlds,5,0.2,2.31,639.0,-0.0,55.0,639.0
huhi,Golden Guardians,LCS,Support,Worlds,3,0.0,0.83,638.0,-7.0,55.0,631.0
Stixxay,Golden Guardians,LCS,ADC,Worlds,3,0.0,0.86,634.0,-7.0,55.0,627.0
Summit,Team Liquid,LCS,Top,Worlds,5,0.2,1.19,630.0,-3.0,55.0,627.0
Nisqy,MAD Lions KOI,LEC,Mid,Worlds,5,0.2,4.09,625.0,-0.0,55.0,625.0
Palafox,NRG,LCS,Mid,Worlds,8,0.5,4.0,617.0,8.0,55.0,625.0
Pyosik,Team Liquid,LCS,Jungle,Worlds,5,0.2,3.88,623.0,-3.0,55.0,620.0
Ignar,NRG,LCS,Support,Worlds,8,0.5,4.05,609.0,8.0,55.0,617.0
CoreJJ,Team Liquid,LCS,Support,Worlds,5,0.2,1.17,619.0,-3.0,55.0,616.0
BeryL,Kiwoom DRX,LCK,Support,Worlds,3,0.0,0.71,607.0,-3.0,55.0,604.0
Crownie,Team BDS,LEC,ADC,Worlds,19,0.579,5.03,605.0,-2.0,55.0,603.0
Slayder,GAM Esports,VCS,ADC,Worlds,17,0.529,4.93,594.0,3.0,55.0,597.0
Yeon,Team Liquid,LCS,ADC,Worlds,5,0.2,1.58,600.0,-3.0,55.0,597.0
Contractz,NRG,LCS,Jungle,Worlds,8,0.5,4.0,588.0,8.0,55.0,596.0
Carzzy,MAD Lions KOI,LEC,ADC,Worlds,5,0.2,2.71,594.0,-0.0,55.0,594.0
Licorice,Golden Guardians,LCS,Top,Worlds,3,0.0,0.42,598.0,-7.0,55.0,591.0
Sheo,Team BDS,LEC,Jungle,Worlds,19,0.579,4.21,590.0,-2.0,55.0,588.0
Adam,Team BDS,LEC,Top,Worlds,19,0.579,2.76,588.0,-2.0,55.0,586.0
Rascal,Kiwoom DRX,LCK,Top,Worlds,3,0.0,0.58,581.0,-3.0,55.0,578.0
nuc,Team BDS,LEC,Mid,Worlds,19,0.579,3.38,571.0,-2.0,55.0,569.0
Dhokla,NRG,LCS,Top,Worlds,8,0.5,3.47,549.0,8.0,55.0,557.0
Noah,Fnatic,LEC,ADC,Worlds,9,0.444,4.75,539.0,5.0,55.0,544.0
JunJia,PSG Talon,PCS,Jungle,Worlds,9,0.667,4.91,538.0,6.0,55.0,544.0
Levi,GAM Esports,VCS,Jungle,Worlds,17,0.529,3.98,540.0,3.0,55.0,543.0
Labrov,Team BDS,LEC,Support,Worlds,19,0.579,3.75,536.0,-2.0,55.0,534.0
Hylissang,MAD Lions KOI,LEC,Support,Worlds,5,0.2,1.5,519.0,-0.0,55.0,519.0
Kiaya,GAM Esports,VCS,Top,Worlds,17,0.529,2.54,512.0,3.0,55.0,515.0
Croco,Anyone's Legend,LCK,Jungle,Worlds,3,0.0,1.11,496.0,-3.0,55.0,493.0
Maple,PSG Talon,PCS,Mid,Worlds,9,0.667,5.41,485.0,6.0,55.0,491.0
Azhi,PSG Talon,PCS,Top,Worlds,9,0.667,3.55,475.0,6.0,55.0,481.0
Wako,PSG Talon,PCS,ADC,Worlds,9,0.667,5.33,470.0,6.0,55.0,476.0
Palette,GAM Esports,VCS,Support,Worlds,17,0.529,4.13,454.0,3.0,55.0,457.0
Bie,Team Whales,VCS,Support,Worlds,10,0.5,4.04,441.0,4.0,55.0,445.0
Kati,GAM Esports,VCS,Mid,Worlds,17,0.529,3.14,433.0,3.0,55.0,436.0
Woody,PSG Talon,PCS,Support,Worlds,9,0.667,5.0,419.0,6.0,55.0,425.0
Artemis,Team Whales,VCS,ADC,Worlds,10,0.5,4.75,417.0,4.0,55.0,421.0
Gloryy,Team Whales,VCS,Mid,Worlds,10,0.5,2.96,399.0,4.0,55.0,403.0
Sparda,Team Whales,VCS,Top,Worlds,10,0.5,2.97,392.0,4.0,55.0,396.0
JimieN,CTBC Flying Oyster,PCS,Mid,Worlds,7,0.429,4.5,354.0,0.0,55.0,354.0
APA,Team Liquid,LCS,Mid,Worlds,5,0.2,1.0,356.0,-3.0,55.0,353.0
Shunn,CTBC Flying Oyster,PCS,ADC,Worlds,7,0.429,4.35,335.0,0.0,55.0,335.0
Gemini,CTBC Flying Oyster,PCS,Jungle,Worlds,7,0.429,4.33,317.0,0.0,55.0,317.0
Rest,CTBC Flying Oyster,PCS,Top,Worlds,7,0.429,3.33,308.0,0.0,55.0,308.0
Lyonz,Movistar R7,LLA,Support,Worlds,4,0.0,1.07,313.0,-5.0,55.0,308.0
Bong,Movistar R7,LLA,Top,Worlds,4,0.0,0.76,297.0,-5.0,55.0,292.0
Oddie,Movistar R7,LLA,Jungle,Worlds,4,0.0,1.42,290.0,-5.0,55.0,285.0
Mireu,Movistar R7,LLA,Mid,Worlds,4,0.0,1.27,287.0,-5.0,55.0,282.0
ceo,Movistar R7,LLA,ADC,Worlds,4,0.0,1.29,286.0,-5.0,55.0,281.0
Route,LOUD,CBLOL,ADC,Worlds,6,0.333,3.69,272.0,2.0,55.0,274.0
ShiauC,Rare Atom,PCS,Support,Worlds,7,0.429,2.96,267.0,0.0,55.0,267.0
tinowns,LOUD,CBLOL,Mid,Worlds,6,0.333,2.71,265.0,2.0,55.0,267.0
Ceos,LOUD,CBLOL,Support,Worlds,6,0.333,2.04,235.0,2.0,55.0,237.0
Croc,LOUD,CBLOL,Jungle,Worlds,6,0.333,1.33,207.0,2.0,55.0,209.0
BeanJ,Team Whales,VCS,Jungle,Worlds,10,0.5,2.88,198.0,4.0,55.0,202.0
Robo,LOUD,CBLOL,Top,Worlds,6,0.333,1.52,193.0,2.0,55.0,195.0
Aria,DetonatioN FocusMe,LJL,Mid,Worlds,4,0.0,1.46,11.0,-0.0,55.0,11.0
Harp,DetonatioN FocusMe,LJL,Support,Worlds,4,0.0,1.46,-6.0,-0.0,55.0,-6.0
Yutapon,DetonatioN FocusMe,LJL,ADC,Worlds,4,0.0,1.8,-17.0,-0.0,55.0,-17.0
Steal,DetonatioN FocusMe,LJL,Jungle,Worlds,4,0.0,1.0,-47.0,-0.0,55.0,-47.0
