player,team,league,role,competition,games,win_rate,kda,season_points,delta,delta_sd,competition_points
Tatu,FURIA,CBLOL,Jungle,"AC (tournoi LCS–CBLOL, mars)",8,1.0,9.92,678.0,12.0,55.0,690.0
Kaze,LOUD,CBLOL,Mid,"AC (tournoi LCS–CBLOL, mars)",7,0.286,3.94,651.0,-4.0,55.0,647.0
Vulcan,Cloud9,LCS,Support,"AC (tournoi LCS–CBLOL, mars)",14,0.429,3.74,602.0,-9.0,55.0,593.0
Thanatos,Cloud9,LCS,Top,"AC (tournoi LCS–CBLOL, mars)",14,0.429,2.36,589.0,-9.0,55.0,580.0
Blaber,Cloud9,LCS,Jungle,"AC (tournoi LCS–CBLOL, mars)",14,0.429,2.5,580.0,-9.0,55.0,571.0
Guigo,FURIA,CBLOL,Top,"AC (tournoi LCS–CBLOL, mars)",8,1.0,5.78,535.0,12.0,55.0,547.0
JoJo,FURIA,CBLOL,Support,"AC (tournoi LCS–CBLOL, mars)",8,1.0,8.5,525.0,12.0,55.0,537.0
Ayu,FURIA,CBLOL,ADC,"AC (tournoi LCS–CBLOL, mars)",8,1.0,8.85,505.0,12.0,55.0,517.0
frosty,RED Canids,CBLOL,Support,"AC (tournoi LCS–CBLOL, mars)",7,0.286,3.45,511.0,-4.0,55.0,507.0
Zven,Cloud9,LCS,ADC,"AC (tournoi LCS–CBLOL, mars)",14,0.429,1.96,508.0,-9.0,55.0,499.0
Tutsz,FURIA,CBLOL,Mid,"AC (tournoi LCS–CBLOL, mars)",8,1.0,6.29,484.0,12.0,55.0,496.0
Rahel,Sentinels,LCS,ADC,"AC (tournoi LCS–CBLOL, mars)",9,0.333,3.78,467.0,1.0,55.0,468.0
fNb,RED Canids,CBLOL,Top,"AC (tournoi LCS–CBLOL, mars)",7,0.286,3.06,468.0,-4.0,55.0,464.0
huhi,Sentinels,LCS,Support,"AC (tournoi LCS–CBLOL, mars)",9,0.333,2.94,457.0,1.0,55.0,458.0
APA,Cloud9,LCS,Mid,"AC (tournoi LCS–CBLOL, mars)",14,0.429,2.17,462.0,-9.0,55.0,453.0
DARKWINGS,Sentinels,LCS,Mid,"AC (tournoi LCS–CBLOL, mars)",9,0.333,2.81,441.0,1.0,55.0,442.0
Curse,LØS,CBLOL,Jungle,"AC (tournoi LCS–CBLOL, mars)",7,0.286,3.16,440.0,-4.0,55.0,436.0
HamBak,Sentinels,LCS,Jungle,"AC (tournoi LCS–CBLOL, mars)",9,0.333,2.6,417.0,1.0,55.0,418.0
Impact,Sentinels,LCS,Top,"AC (tournoi LCS–CBLOL, mars)",9,0.333,2.06,394.0,1.0,55.0,395.0
Rabelo,LOUD,CBLOL,ADC,"AC (tournoi LCS–CBLOL, mars)",7,0.286,3.71,305.0,-4.0,55.0,301.0
Boda,Kaufland Hangry Knights,PRM,Top,AL Spring · playoffs,8,1.0,4.12,379.0,4.0,55.0,383.0
B Butcher,Anubis Gaming,AL,Support,AL Spring · playoffs,8,1.0,4.79,318.0,4.0,55.0,322.0
Theocacs,Anubis Gaming,AL,Jungle,AL Spring · playoffs,8,1.0,6.94,303.0,4.0,55.0,307.0
Giyuu,Anubis Gaming,AL,Mid,AL Spring · playoffs,6,1.0,8.25,293.0,3.0,55.0,296.0
Maged,Anubis Gaming,AL,Top,AL Spring · playoffs,4,0.0,0.77,233.0,-6.0,55.0,227.0
Sayn,Verdant,NLC,Mid,AL Spring · playoffs,12,0.5,3.57,181.0,2.0,55.0,183.0
Xicor,FN Esports,AL,ADC,AL Spring · playoffs,12,0.5,2.6,116.0,2.0,55.0,118.0
Aeru,JSK Esports,AL,ADC,AL Spring · playoffs,8,1.0,4.88,107.0,4.0,55.0,111.0
Random,Disruptors,AL,Mid,AL Spring · playoffs,11,0.546,1.97,102.0,5.0,55.0,107.0
Koussay,BAAM Esports,AL,Mid,AL Spring · playoffs,2,1.0,4.2,100.0,1.0,55.0,101.0
handm,BAAM Esports,AL,Top,AL Spring · playoffs,8,0.25,2.17,89.0,-0.0,55.0,89.0
CoBiT,Dragons Esports,AL,Support,AL Spring · playoffs,4,0.0,2.12,88.0,-6.0,55.0,82.0
Slayder,Dragons Esports,AL,ADC,AL Spring · playoffs,4,0.0,1.81,80.0,-6.0,55.0,74.0
MAXI,Forsaken,RL,Jungle,AL Spring · playoffs,12,0.5,3.44,69.0,2.0,55.0,71.0
Akashi,Pyramid IV Esports,AL,Mid,AL Spring · playoffs,4,0.0,2.06,42.0,-6.0,55.0,36.0
moe,Pyramid IV Esports,AL,Jungle,AL Spring · playoffs,4,0.0,1.7,-35.0,-6.0,55.0,-41.0
choego,BAAM Esports,AL,ADC,AL Spring · playoffs,8,0.25,2.07,-47.0,-0.0,55.0,-47.0
Însane,FN Esports,AL,Support,AL Spring · playoffs,12,0.5,4.72,-68.0,2.0,55.0,-66.0
sas,Disruptors,AL,Support,AL Spring · playoffs,8,0.25,2.38,-117.0,-0.0,55.0,-117.0
shibi,Anonymo Esports,RL,Jungle,AL Spring · playoffs,8,0.25,2.12,-164.0,-0.0,55.0,-164.0
Improver,BAAM Esports,AL,Mid,AL Spring · playoffs,8,0.25,1.34,-293.0,-0.0,55.0,-293.0
Boda,Kaufland Hangry Knights,PRM,Top,AL Spring · saison régulière,18,0.722,3.58,379.0,-4.0,55.0,375.0
B Butcher,Anubis Gaming,AL,Support,AL Spring · saison régulière,18,0.722,5.16,318.0,-4.0,55.0,314.0
Theocacs,Anubis Gaming,AL,Jungle,AL Spring · saison régulière,18,0.722,6.79,303.0,-4.0,55.0,299.0
Giyuu,Anubis Gaming,AL,Mid,AL Spring · saison régulière,18,0.722,5.45,293.0,-4.0,55.0,289.0
Maged,Anubis Gaming,AL,Top,AL Spring · saison régulière,17,0.765,2.63,233.0,8.0,55.0,241.0
Sayn,Verdant,NLC,Mid,AL Spring · saison régulière,29,0.69,4.79,181.0,4.0,54.0,185.0
Lorenz,All for One Gaming,PRM,Support,AL Spring · saison régulière,7,0.714,4.32,154.0,5.0,55.0,159.0
c0st0m,ROSSMANN Centaurs,PRM,Mid,AL Spring · saison régulière,31,0.452,3.27,132.0,-2.0,54.0,130.0
Xicor,FN Esports,AL,ADC,AL Spring · saison régulière,19,0.684,2.56,116.0,3.0,55.0,119.0
Random,Disruptors,AL,Mid,AL Spring · saison régulière,19,0.684,2.27,102.0,3.0,55.0,105.0
Aeru,JSK Esports,AL,ADC,AL Spring · saison régulière,18,0.722,3.56,107.0,-4.0,55.0,103.0
Raider,CGN Esports,AL,Top,AL Spring · saison régulière,11,0.364,2.21,104.0,-3.0,55.0,101.0
CoBiT,Dragons Esports,AL,Support,AL Spring · saison régulière,17,0.765,4.61,88.0,8.0,55.0,96.0
handm,BAAM Esports,AL,Top,AL Spring · saison régulière,21,0.571,2.24,89.0,5.0,54.0,94.0
Slayder,Dragons Esports,AL,ADC,AL Spring · saison régulière,17,0.765,4.96,80.0,8.0,55.0,88.0
MAXI,Forsaken,RL,Jungle,AL Spring · saison régulière,19,0.684,3.41,69.0,3.0,55.0,72.0
Akashi,Pyramid IV Esports,AL,Mid,AL Spring · saison régulière,17,0.765,3.96,42.0,8.0,55.0,50.0
Aymen,Karmine Corp Blue Stars,AL,Support,AL Spring · saison régulière,19,0.684,3.39,-16.0,3.0,55.0,-13.0
Fallen,Ancient Ones,NL,Jungle,AL Spring · saison régulière,10,0.7,3.61,-18.0,1.0,55.0,-17.0
moe,Pyramid IV Esports,AL,Jungle,AL Spring · saison régulière,17,0.765,4.11,-35.0,8.0,55.0,-27.0
Exan,JSK Esports,AL,Jungle,AL Spring · saison régulière,26,0.346,2.92,-39.0,-2.0,54.0,-41.0
choego,BAAM Esports,AL,ADC,AL Spring · saison régulière,21,0.571,3.45,-47.0,5.0,54.0,-42.0
Tayron,GnG Amazigh,AL,Top,AL Spring · saison régulière,21,0.381,2.19,-47.0,2.0,54.0,-45.0
SS Kuroko,Super Stars,AL,ADC,AL Spring · saison régulière,10,0.7,2.5,-58.0,1.0,55.0,-57.0
Nawaf,One More Esports,AL,ADC,AL Spring · saison régulière,7,0.714,5.31,-68.0,5.0,55.0,-63.0
Ajwad,One More Esports,AL,Jungle,AL Spring · saison régulière,7,0.714,4.36,-76.0,5.0,55.0,-71.0
Enoch,The Secret Club,EBL,Support,AL Spring · saison régulière,26,0.346,2.5,-71.0,-2.0,54.0,-73.0
DANKI,Zerolag Esports,AL,Top,AL Spring · saison régulière,10,0.7,5.31,-85.0,1.0,55.0,-84.0
sas,Disruptors,AL,Support,AL Spring · saison régulière,21,0.571,3.15,-117.0,5.0,54.0,-112.0
Jalleba,Pyramid IV Esports,AL,ADC,AL Spring · saison régulière,31,0.452,3.19,-120.0,-2.0,54.0,-122.0
Sotsy,3BL Esports,AL,Top,AL Spring · saison régulière,31,0.452,2.58,-140.0,-2.0,54.0,-142.0
Shourdy,Senshi eSports,ROL,Top,AL Spring · saison régulière,26,0.346,1.85,-151.0,-2.0,54.0,-153.0
shibi,Anonymo Esports,RL,Jungle,AL Spring · saison régulière,21,0.571,5.1,-164.0,5.0,54.0,-159.0
Skream,Disruptors,AL,ADC,AL Spring · saison régulière,23,0.348,2.03,-177.0,-0.0,54.0,-177.0
IHEBIC,GnG Amazigh,AL,Support,AL Spring · saison régulière,7,0.429,3.88,-179.0,-2.0,55.0,-181.0
ShizuOo,BAAM Esports,AL,Jungle,AL Spring · saison régulière,31,0.452,3.01,-190.0,-2.0,54.0,-192.0
Lokmays,JSK Esports,AL,Support,AL Spring · saison régulière,34,0.353,2.47,-193.0,-3.0,54.0,-196.0
Syzyfek,Forsaken,RL,ADC,AL Spring · saison régulière,23,0.304,2.22,-201.0,-5.0,54.0,-206.0
Juggernaut,GnG Amazigh,AL,Mid,AL Spring · saison régulière,34,0.353,2.93,-206.0,-3.0,54.0,-209.0
Peaker,One More Esports,AL,Mid,AL Spring · saison régulière,30,0.4,3.18,-211.0,-1.0,54.0,-212.0
Dean,GnG Amazigh,AL,Jungle,AL Spring · saison régulière,34,0.353,2.89,-249.0,-3.0,54.0,-252.0
Frozen,One More Esports,AL,Support,AL Spring · saison régulière,31,0.452,3.16,-252.0,-2.0,54.0,-254.0
Ghisou,JSK Esports,AL,ADC,AL Spring · saison régulière,11,0.364,2.44,-273.0,-3.0,55.0,-276.0
Silva2,Pyramid IV Esports,AL,Jungle,AL Spring · saison régulière,9,0.556,3.41,-280.0,2.0,55.0,-278.0
Degla,One More Esports,AL,Support,AL Spring · saison régulière,16,0.25,2.45,-279.0,-3.0,55.0,-282.0
Improver,BAAM Esports,AL,Mid,AL Spring · saison régulière,21,0.571,2.47,-293.0,5.0,54.0,-288.0
Leo s Man,Only The Family,EBL,Support,AL Spring · saison régulière,10,0.7,3.26,-307.0,1.0,55.0,-306.0
Zero0o,One More Esports,AL,Top,AL Spring · saison régulière,6,0.5,1.9,-322.0,-1.0,55.0,-323.0
Soufiane,GD Esports,AL,Mid,AL Spring · saison régulière,21,0.333,2.62,-344.0,-2.0,54.0,-346.0
Darky,One More Esports,AL,Top,AL Spring · saison régulière,21,0.333,1.54,-360.0,-4.0,54.0,-364.0
Jasten,Pyramid IV Esports,AL,ADC,AL Spring · saison régulière,26,0.346,2.07,-426.0,-2.0,54.0,-428.0
Goliah,Team Aqua ASD,LIT,Jungle,AL Spring · saison régulière,14,0.143,1.91,-451.0,-8.0,55.0,-459.0
Shy Carry,Anubis Gaming,AL,ADC,AL Summer · playoffs,9,0.889,6.25,334.0,1.0,55.0,335.0
B Butcher,Anubis Gaming,AL,Support,AL Summer · playoffs,9,0.889,5.22,318.0,1.0,55.0,319.0
Theocacs,Anubis Gaming,AL,Jungle,AL Summer · playoffs,9,0.889,4.89,303.0,1.0,55.0,304.0
Giyuu,Anubis Gaming,AL,Mid,AL Summer · playoffs,9,0.889,5.41,293.0,1.0,55.0,294.0
Maged,Anubis Gaming,AL,Top,AL Summer · playoffs,9,0.889,3.63,233.0,1.0,55.0,234.0
Aeru,JSK Esports,AL,ADC,AL Summer · playoffs,13,0.462,3.26,107.0,8.0,55.0,115.0
Koussay,BAAM Esports,AL,Mid,AL Summer · playoffs,13,0.615,4.25,100.0,-0.0,55.0,100.0
Random,Disruptors,AL,Mid,AL Summer · playoffs,6,0.167,2.35,102.0,-5.0,55.0,97.0
handm,BAAM Esports,AL,Top,AL Summer · playoffs,13,0.615,4.11,89.0,-0.0,55.0,89.0
Seneca,BAAM Esports,AL,Support,AL Summer · playoffs,13,0.615,4.7,73.0,-0.0,55.0,73.0
StarScreen,Pyramid IV Esports,AL,Top,AL Summer · playoffs,19,0.474,2.32,43.0,1.0,55.0,44.0
Akashi,Pyramid IV Esports,AL,Mid,AL Summer · playoffs,19,0.474,3.0,42.0,1.0,55.0,43.0
Dionelux,JSK Esports,AL,Top,AL Summer · playoffs,13,0.462,2.46,28.0,8.0,55.0,36.0
marlon,JSK Esports,AL,Support,AL Summer · playoffs,13,0.462,2.95,6.0,8.0,55.0,14.0
VAEII,JSK Esports,AL,Mid,AL Summer · playoffs,13,0.462,3.95,-17.0,8.0,55.0,-9.0
Exan,JSK Esports,AL,Jungle,AL Summer · playoffs,13,0.462,4.35,-39.0,8.0,55.0,-31.0
moe,Pyramid IV Esports,AL,Jungle,AL Summer · playoffs,19,0.474,2.18,-35.0,1.0,55.0,-34.0
choego,BAAM Esports,AL,ADC,AL Summer · playoffs,13,0.615,3.3,-47.0,-0.0,55.0,-47.0
Tayron,GnG Amazigh,AL,Top,AL Summer · playoffs,8,0.25,1.5,-47.0,-5.0,55.0,-52.0
Mahonix,Pyramid IV Esports,AL,Support,AL Summer · playoffs,19,0.474,3.31,-87.0,1.0,55.0,-86.0
Jalleba,Pyramid IV Esports,AL,ADC,AL Summer · playoffs,19,0.474,2.36,-120.0,1.0,55.0,-119.0
sas,Disruptors,AL,Support,AL Summer · playoffs,6,0.167,2.29,-117.0,-5.0,55.0,-122.0
Skream,Disruptors,AL,ADC,AL Summer · playoffs,6,0.167,2.95,-177.0,-5.0,55.0,-182.0
IHEBIC,GnG Amazigh,AL,Support,AL Summer · playoffs,8,0.25,1.9,-179.0,-5.0,55.0,-184.0
ShizuOo,BAAM Esports,AL,Jungle,AL Summer · playoffs,13,0.615,4.97,-190.0,-0.0,55.0,-190.0
Juggernaut,GnG Amazigh,AL,Mid,AL Summer · playoffs,6,0.333,1.47,-206.0,-2.0,55.0,-208.0
Lelouch,GnG Amazigh,AL,ADC,AL Summer · playoffs,8,0.25,1.66,-209.0,-5.0,55.0,-214.0
OWLONSKY,Disruptors,AL,Jungle,AL Summer · playoffs,6,0.167,2.92,-242.0,-5.0,55.0,-247.0
Dean,GnG Amazigh,AL,Jungle,AL Summer · playoffs,8,0.25,2.08,-249.0,-5.0,55.0,-254.0
Chakroun,Disruptors,AL,Top,AL Summer · playoffs,6,0.167,1.44,-253.0,-5.0,55.0,-258.0
Shy Carry,Anubis Gaming,AL,ADC,AL Summer · saison régulière,13,0.923,8.05,334.0,2.0,55.0,336.0
B Butcher,Anubis Gaming,AL,Support,AL Summer · saison régulière,13,0.923,4.33,318.0,2.0,55.0,320.0
Theocacs,Anubis Gaming,AL,Jungle,AL Summer · saison régulière,13,0.923,5.49,303.0,2.0,55.0,305.0
Giyuu,Anubis Gaming,AL,Mid,AL Summer · saison régulière,13,0.923,3.8,293.0,2.0,55.0,295.0
Maged,Anubis Gaming,AL,Top,AL Summer · saison régulière,13,0.923,3.83,233.0,2.0,55.0,235.0
Aeru,JSK Esports,AL,ADC,AL Summer · saison régulière,16,0.688,5.33,107.0,3.0,55.0,110.0
Random,Disruptors,AL,Mid,AL Summer · saison régulière,19,0.474,3.2,102.0,2.0,55.0,104.0
Koussay,BAAM Esports,AL,Mid,AL Summer · saison régulière,15,0.667,5.84,100.0,2.0,55.0,102.0
handm,BAAM Esports,AL,Top,AL Summer · saison régulière,15,0.667,2.52,89.0,2.0,55.0,91.0
Seneca,BAAM Esports,AL,Support,AL Summer · saison régulière,15,0.667,3.53,73.0,2.0,55.0,75.0
StarScreen,Pyramid IV Esports,AL,Top,AL Summer · saison régulière,13,0.462,2.42,43.0,-0.0,55.0,43.0
Akashi,Pyramid IV Esports,AL,Mid,AL Summer · saison régulière,13,0.462,2.87,42.0,-0.0,55.0,42.0
Dionelux,JSK Esports,AL,Top,AL Summer · saison régulière,17,0.647,2.9,28.0,1.0,55.0,29.0
marlon,JSK Esports,AL,Support,AL Summer · saison régulière,17,0.647,4.16,6.0,1.0,55.0,7.0
VAEII,JSK Esports,AL,Mid,AL Summer · saison régulière,27,0.556,5.14,-17.0,-3.0,54.0,-20.0
Exan,JSK Esports,AL,Jungle,AL Summer · saison régulière,10,0.6,3.87,-39.0,3.0,55.0,-36.0
moe,Pyramid IV Esports,AL,Jungle,AL Summer · saison régulière,6,0.333,2.59,-35.0,-1.0,55.0,-36.0
Tayron,GnG Amazigh,AL,Top,AL Summer · saison régulière,23,0.522,2.77,-47.0,5.0,54.0,-42.0
choego,BAAM Esports,AL,ADC,AL Summer · saison régulière,15,0.667,4.49,-47.0,2.0,55.0,-45.0
Enoch,The Secret Club,EBL,Support,AL Summer · saison régulière,10,0.6,3.26,-71.0,3.0,55.0,-68.0
sas,Disruptors,AL,Support,AL Summer · saison régulière,19,0.474,1.99,-117.0,2.0,55.0,-115.0
Jalleba,Pyramid IV Esports,AL,ADC,AL Summer · saison régulière,13,0.462,2.98,-120.0,-0.0,55.0,-120.0
Nireo,Ancient Ones,NL,Top,AL Summer · saison régulière,10,0.4,2.59,-119.0,-4.0,55.0,-123.0
Shanks,JSK Esports,AL,Jungle,AL Summer · saison régulière,17,0.647,5.04,-146.0,1.0,55.0,-145.0
Shourdy,Senshi eSports,ROL,Top,AL Summer · saison régulière,10,0.6,1.95,-151.0,3.0,55.0,-148.0
Skream,Disruptors,AL,ADC,AL Summer · saison régulière,25,0.56,3.05,-177.0,5.0,54.0,-172.0
Elramir,Dream Esports,TCL,Jungle,AL Summer · saison régulière,7,0.571,3.03,-174.0,0.0,55.0,-174.0
IHEBIC,GnG Amazigh,AL,Support,AL Summer · saison régulière,17,0.412,1.95,-179.0,2.0,55.0,-177.0
Deceiving,3BL Esports,AL,Mid,AL Summer · saison régulière,15,0.267,2.34,-181.0,0.0,55.0,-181.0
ShizuOo,BAAM Esports,AL,Jungle,AL Summer · saison régulière,15,0.667,4.11,-190.0,2.0,55.0,-188.0
Lokmays,JSK Esports,AL,Support,AL Summer · saison régulière,6,0.833,3.31,-193.0,3.0,55.0,-190.0
Juggernaut,GnG Amazigh,AL,Mid,AL Summer · saison régulière,23,0.522,3.35,-206.0,5.0,54.0,-201.0
Lelouch,GnG Amazigh,AL,ADC,AL Summer · saison régulière,17,0.412,2.93,-209.0,2.0,55.0,-207.0
OWLONSKY,Disruptors,AL,Jungle,AL Summer · saison régulière,19,0.474,3.14,-242.0,2.0,55.0,-240.0
Dean,GnG Amazigh,AL,Jungle,AL Summer · saison régulière,23,0.522,3.21,-249.0,5.0,54.0,-244.0
Caner,Pyramid IV Esports,AL,ADC,AL Summer · saison régulière,10,0.4,2.46,-245.0,-4.0,55.0,-249.0
Chakroun,Disruptors,AL,Top,AL Summer · saison régulière,19,0.474,2.27,-253.0,2.0,55.0,-251.0
Frozen,One More Esports,AL,Support,AL Summer · saison régulière,15,0.333,2.09,-252.0,-3.0,55.0,-255.0
Santa,3BL Esports,AL,Jungle,AL Summer · saison régulière,15,0.267,3.64,-269.0,0.0,55.0,-269.0
Sundax,Volda E-Sport,NLC,Support,AL Summer · saison régulière,6,0.167,2.53,-269.0,-2.0,55.0,-271.0
Silva2,Pyramid IV Esports,AL,Jungle,AL Summer · saison régulière,10,0.4,3.25,-280.0,-4.0,55.0,-284.0
Robenong,One More Esports,AL,Mid,AL Summer · saison régulière,15,0.333,2.6,-286.0,-3.0,55.0,-289.0
Biskoo,3BL Esports,AL,Support,AL Summer · saison régulière,25,0.32,2.63,-290.0,-3.0,54.0,-293.0
CPM,3BL Esports,AL,Top,AL Summer · saison régulière,17,0.235,3.72,-291.0,-2.0,55.0,-293.0
Zero0o,One More Esports,AL,Top,AL Summer · saison régulière,12,0.333,1.92,-322.0,-2.0,55.0,-324.0
Mune,One More Esports,AL,ADC,AL Summer · saison régulière,15,0.333,2.12,-335.0,-3.0,55.0,-338.0
Soufiane,GD Esports,AL,Mid,AL Summer · saison régulière,10,0.6,5.86,-344.0,3.0,55.0,-341.0
Antonio,3BL Esports,AL,ADC,AL Summer · saison régulière,17,0.235,2.79,-345.0,-2.0,55.0,-347.0
Blueboar,One More Esports,AL,Jungle,AL Summer · saison régulière,15,0.333,2.32,-416.0,-3.0,55.0,-419.0
Jasten,Pyramid IV Esports,AL,ADC,AL Summer · saison régulière,12,0.5,2.39,-426.0,-1.0,55.0,-427.0
MegaJ,Lupus Esports,EBL,Top,AL Summer · saison régulière,6,0.167,1.5,-605.0,-2.0,55.0,-607.0
B Butcher,Anubis Gaming,AL,Support,AL Winter · playoffs,8,1.0,6.57,318.0,6.0,55.0,324.0
Shlatan,devils.one inStreamly,RL,Jungle,AL Winter · playoffs,4,0.0,1.7,154.0,-9.0,55.0,145.0
Xicor,FN Esports,AL,ADC,AL Winter · playoffs,8,1.0,4.05,116.0,6.0,55.0,122.0
Stormax,FN Esports,AL,Jungle,AL Winter · playoffs,8,1.0,5.97,109.0,6.0,55.0,115.0
Juzu,Dragons Esports,AL,Top,AL Winter · playoffs,4,0.0,1.67,123.0,-9.0,55.0,114.0
Random,Disruptors,AL,Mid,AL Winter · playoffs,8,1.0,5.83,102.0,6.0,55.0,108.0
Aeru,JSK Esports,AL,ADC,AL Winter · playoffs,8,0.5,3.65,107.0,0.0,55.0,107.0
handm,BAAM Esports,AL,Top,AL Winter · playoffs,13,0.538,2.62,89.0,9.0,55.0,98.0
Slayder,Dragons Esports,AL,ADC,AL Winter · playoffs,13,0.538,3.84,80.0,9.0,55.0,89.0
Krest,FN Esports,AL,Top,AL Winter · playoffs,8,1.0,3.89,68.0,6.0,55.0,74.0
Akashi,Pyramid IV Esports,AL,Mid,AL Winter · playoffs,4,0.0,1.47,42.0,-9.0,55.0,33.0
Kobs,ZYB Esport,LFL,Jungle,AL Winter · playoffs,4,0.0,2.12,28.0,-4.0,55.0,24.0
marlon,JSK Esports,AL,Support,AL Winter · playoffs,8,0.5,3.94,6.0,0.0,55.0,6.0
VAEII,JSK Esports,AL,Mid,AL Winter · playoffs,9,0.444,4.0,-17.0,-2.0,55.0,-19.0
Aymen,Karmine Corp Blue Stars,AL,Support,AL Winter · playoffs,4,0.0,1.33,-16.0,-4.0,55.0,-20.0
moe,Pyramid IV Esports,AL,Jungle,AL Winter · playoffs,13,0.538,2.93,-35.0,9.0,55.0,-26.0
choego,BAAM Esports,AL,ADC,AL Winter · playoffs,9,0.444,3.33,-47.0,-2.0,55.0,-49.0
Color,Forsaken,RL,Top,AL Winter · playoffs,8,0.5,2.57,-84.0,0.0,55.0,-84.0
sas,Disruptors,AL,Support,AL Winter · playoffs,13,0.538,2.75,-117.0,9.0,55.0,-108.0
Septico1,Gamespace Mediterranean College Esports,HLL,Top,AL Winter · playoffs,4,0.0,2.07,-104.0,-4.0,55.0,-108.0
Warner,ZennIT,ROL,Mid,AL Winter · playoffs,13,0.538,4.2,-128.0,9.0,55.0,-119.0
Jalleba,Pyramid IV Esports,AL,ADC,AL Winter · playoffs,4,0.0,1.79,-120.0,-9.0,55.0,-129.0
Shanks,JSK Esports,AL,Jungle,AL Winter · playoffs,8,0.5,2.97,-146.0,0.0,55.0,-146.0
Skream,Disruptors,AL,ADC,AL Winter · playoffs,4,0.0,2.0,-177.0,-4.0,55.0,-181.0
IHEBIC,GnG Amazigh,AL,Support,AL Winter · playoffs,4,0.0,1.27,-179.0,-9.0,55.0,-188.0
ShizuOo,BAAM Esports,AL,Jungle,AL Winter · playoffs,5,0.4,2.64,-190.0,-1.0,55.0,-191.0
Zaremba,3BL Esports,AL,Support,AL Winter · playoffs,9,0.444,2.23,-239.0,-2.0,55.0,-241.0
Silva2,Pyramid IV Esports,AL,Jungle,AL Winter · playoffs,2,0.0,0.4,-280.0,-5.0,55.0,-285.0
Robenong,One More Esports,AL,Mid,AL Winter · playoffs,4,0.0,2.5,-286.0,-4.0,55.0,-290.0
Improver,BAAM Esports,AL,Mid,AL Winter · playoffs,8,0.5,3.46,-293.0,0.0,55.0,-293.0
Claww,3BL Esports,AL,Top,AL Winter · playoffs,9,0.444,2.29,-300.0,-2.0,55.0,-302.0
B Butcher,Anubis Gaming,AL,Support,AL Winter · saison régulière,20,0.8,5.94,318.0,4.0,55.0,322.0
Shlatan,devils.one inStreamly,RL,Jungle,AL Winter · saison régulière,24,0.792,5.55,154.0,11.0,54.0,165.0
Juzu,Dragons Esports,AL,Top,AL Winter · saison régulière,24,0.792,5.68,123.0,11.0,54.0,134.0
Xicor,FN Esports,AL,ADC,AL Winter · saison régulière,20,0.8,4.76,116.0,4.0,55.0,120.0
Stormax,FN Esports,AL,Jungle,AL Winter · saison régulière,20,0.8,6.85,109.0,4.0,55.0,113.0
Random,Disruptors,AL,Mid,AL Winter · saison régulière,20,0.8,6.07,102.0,4.0,55.0,106.0
Aeru,JSK Esports,AL,ADC,AL Winter · saison régulière,21,0.476,3.58,107.0,-8.0,54.0,99.0
handm,BAAM Esports,AL,Top,AL Winter · saison régulière,23,0.522,2.53,89.0,-10.0,54.0,79.0
Krest,FN Esports,AL,Top,AL Winter · saison régulière,20,0.8,3.37,68.0,4.0,55.0,72.0
Slayder,Dragons Esports,AL,ADC,AL Winter · saison régulière,23,0.522,4.09,80.0,-10.0,54.0,70.0
Akashi,Pyramid IV Esports,AL,Mid,AL Winter · saison régulière,24,0.792,4.97,42.0,11.0,54.0,53.0
Kobs,ZYB Esport,LFL,Jungle,AL Winter · saison régulière,25,0.48,3.21,28.0,4.0,54.0,32.0
marlon,JSK Esports,AL,Support,AL Winter · saison régulière,21,0.476,3.01,6.0,-8.0,54.0,-2.0
Aymen,Karmine Corp Blue Stars,AL,Support,AL Winter · saison régulière,25,0.48,3.27,-16.0,4.0,54.0,-12.0
VAEII,JSK Esports,AL,Mid,AL Winter · saison régulière,24,0.417,3.79,-17.0,0.0,54.0,-17.0
moe,Pyramid IV Esports,AL,Jungle,AL Winter · saison régulière,23,0.522,2.98,-35.0,-10.0,54.0,-45.0
choego,BAAM Esports,AL,ADC,AL Winter · saison régulière,24,0.417,2.83,-47.0,0.0,54.0,-47.0
Nawaf,One More Esports,AL,ADC,AL Winter · saison régulière,7,0.286,2.83,-68.0,-4.0,55.0,-72.0
Ajwad,One More Esports,AL,Jungle,AL Winter · saison régulière,7,0.286,2.78,-76.0,-4.0,55.0,-80.0
Color,Forsaken,RL,Top,AL Winter · saison régulière,21,0.476,2.98,-84.0,-8.0,54.0,-92.0
Septico1,Gamespace Mediterranean College Esports,HLL,Top,AL Winter · saison régulière,25,0.48,2.35,-104.0,4.0,54.0,-100.0
Jalleba,Pyramid IV Esports,AL,ADC,AL Winter · saison régulière,24,0.792,5.75,-120.0,11.0,54.0,-109.0
sas,Disruptors,AL,Support,AL Winter · saison régulière,23,0.522,2.12,-117.0,-10.0,54.0,-127.0
Warner,ZennIT,ROL,Mid,AL Winter · saison régulière,23,0.522,3.46,-128.0,-10.0,54.0,-138.0
Shanks,JSK Esports,AL,Jungle,AL Winter · saison régulière,21,0.476,3.27,-146.0,-8.0,54.0,-154.0
IHEBIC,GnG Amazigh,AL,Support,AL Winter · saison régulière,24,0.792,3.99,-179.0,11.0,54.0,-168.0
Skream,Disruptors,AL,ADC,AL Winter · saison régulière,25,0.48,3.06,-177.0,4.0,54.0,-173.0
Deceiving,3BL Esports,AL,Mid,AL Winter · saison régulière,22,0.364,2.35,-181.0,3.0,54.0,-178.0
Lelouch,GnG Amazigh,AL,ADC,AL Winter · saison régulière,22,0.364,2.85,-209.0,3.0,54.0,-206.0
Libra,Spartans EU,HLL,Top,AL Winter · saison régulière,22,0.364,2.08,-217.0,3.0,54.0,-214.0
Zaremba,3BL Esports,AL,Support,AL Winter · saison régulière,24,0.417,2.92,-239.0,0.0,54.0,-239.0
Frozen,One More Esports,AL,Support,AL Winter · saison régulière,22,0.364,2.26,-252.0,3.0,54.0,-249.0
Silva2,Pyramid IV Esports,AL,Jungle,AL Winter · saison régulière,24,0.417,2.69,-280.0,0.0,54.0,-280.0
Robenong,One More Esports,AL,Mid,AL Winter · saison régulière,25,0.48,2.64,-286.0,4.0,54.0,-282.0
Claww,3BL Esports,AL,Top,AL Winter · saison régulière,24,0.417,1.86,-300.0,0.0,54.0,-300.0
Improver,BAAM Esports,AL,Mid,AL Winter · saison régulière,21,0.476,2.9,-293.0,-8.0,54.0,-301.0
Zankiller,One More Esports,AL,Jungle,AL Winter · saison régulière,16,0.125,2.38,-320.0,-2.0,55.0,-322.0
Sivvy,One More Esports,AL,Support,AL Winter · saison régulière,14,0.143,2.39,-321.0,-2.0,55.0,-323.0
Loading,The ParadOx Invaders,HLL,Top,AL Winter · saison régulière,23,0.174,2.01,-421.0,-6.0,54.0,-427.0
Jasten,Pyramid IV Esports,AL,ADC,AL Winter · saison régulière,16,0.125,1.8,-426.0,-2.0,55.0,-428.0
Goliah,Team Aqua ASD,LIT,Jungle,AL Winter · saison régulière,22,0.364,3.94,-451.0,3.0,54.0,-448.0
Baca,Otter Side,LPLOL,Mid,AL Winter · saison régulière,23,0.174,2.44,-526.0,-6.0,54.0,-532.0
Sharvel,DN SOOPers,LCK,Jungle,Asia Masters,16,0.75,5.71,737.0,10.0,55.0,747.0
Painter,T1 Esports Academy,LCKC,Jungle,Asia Masters,22,0.546,3.06,585.0,-2.0,54.0,583.0
Cloud,T1 Esports Academy,LCKC,Support,Asia Masters,22,0.546,3.82,562.0,-2.0,54.0,560.0
Guti,T1 Esports Academy,LCKC,Mid,Asia Masters,22,0.546,3.09,511.0,-2.0,54.0,509.0
Haetae,T1 Esports Academy,LCKC,Top,Asia Masters,22,0.546,3.59,492.0,-2.0,54.0,490.0
Pollu,KT Rolster Challengers,LCKC,Support,Asia Masters,22,0.636,4.29,471.0,1.0,54.0,472.0
FenRir,KT Rolster Challengers,LCKC,ADC,Asia Masters,22,0.636,5.59,461.0,1.0,54.0,462.0
Lucy,Nongshim Esports Academy,LCKC,ADC,Asia Masters,12,0.5,2.86,450.0,-6.0,55.0,444.0
Jaehyuk,Dplus Kia Challengers,LCKC,Top,Asia Masters,16,0.75,6.31,433.0,10.0,55.0,443.0
SeTab,Nongshim Esports Academy,LCKC,Mid,Asia Masters,12,0.5,2.67,447.0,-6.0,55.0,441.0
Liangchen,Bilibili Gaming Junior,LPL,Top,Asia Masters,5,0.2,1.57,442.0,-2.0,55.0,440.0
Janus,Nongshim Esports Academy,LCKC,Top,Asia Masters,12,0.5,2.58,444.0,-6.0,55.0,438.0
Garden,Dplus Kia Challengers,LCKC,Mid,Asia Masters,16,0.75,4.24,415.0,10.0,55.0,425.0
Wayne,Dplus Kia Challengers,LCKC,ADC,Asia Masters,16,0.75,4.68,414.0,10.0,55.0,424.0
Loopy,Dplus Kia Challengers,LCKC,Support,Asia Masters,16,0.75,4.1,412.0,10.0,55.0,422.0
MihawK,Nongshim Esports Academy,LCKC,Jungle,Asia Masters,12,0.5,3.02,399.0,-6.0,55.0,393.0
Sylvie,KT Rolster Challengers,LCKC,Jungle,Asia Masters,22,0.636,4.58,385.0,1.0,54.0,386.0
Hwichan,KT Rolster Challengers,LCKC,Mid,Asia Masters,22,0.636,4.85,385.0,1.0,54.0,386.0
Sero,KT Rolster Challengers,LCKC,Top,Asia Masters,22,0.636,2.89,370.0,1.0,54.0,371.0
Pleata,Nongshim Esports Academy,LCKC,Support,Asia Masters,12,0.5,4.62,346.0,-6.0,55.0,340.0
Cypher,T1 Esports Academy,LCKC,ADC,Asia Masters,18,0.556,3.7,288.0,-1.0,55.0,287.0
Aomine,Saigon Warriors,VCS,ADC,Asia Masters,8,0.375,3.04,212.0,0.0,55.0,212.0
Elio,Saigon Warriors,VCS,Support,Asia Masters,6,0.667,3.85,172.0,-0.0,55.0,172.0
kairi,SN CyberCore Esports,VCS,Support,Asia Masters,8,0.375,4.08,157.0,0.0,55.0,157.0
AisyL,Saigon Warriors,VCS,Mid,Asia Masters,8,0.375,2.31,136.0,0.0,55.0,136.0
Nern,Saigon Warriors,VCS,Top,Asia Masters,8,0.375,2.17,92.0,0.0,55.0,92.0
Shogun,SN CyberCore Esports,VCS,ADC,Asia Masters,6,0.667,5.39,90.0,-0.0,55.0,90.0
2274,CTBC Flying Oyster Academy,PCS,Support,Asia Masters,5,0.4,4.89,71.0,0.0,55.0,71.0
j1n5,Saigon Warriors,VCS,Jungle,Asia Masters,8,0.375,3.22,68.0,0.0,55.0,68.0
Emo,1TAP Dino,VCS,Mid,Asia Masters,6,0.667,5.75,-12.0,-0.0,55.0,-12.0
Tianzhen,SillySilly Gaming,PCS,Jungle,Asia Masters,4,0.5,2.68,-33.0,-1.0,55.0,-34.0
DICE,FENNEL,LJL,Mid,Asia Masters,3,0.0,1.0,-41.0,2.0,55.0,-39.0
Ellim,FENNEL,LJL,Jungle,Asia Masters,3,0.0,1.69,-77.0,2.0,55.0,-75.0
Jinbeom,T1 Esports Academy Rookies,LAS,ADC,Asia Masters,4,0.5,2.94,-83.0,-0.0,55.0,-83.0
kkkkkkkkk,FENNEL,LJL,Top,Asia Masters,3,0.0,0.95,-92.0,2.0,55.0,-90.0
Tracy,CTBC Flying Oyster Academy,PCS,ADC,Asia Masters,5,0.4,2.38,-94.0,0.0,55.0,-94.0
Xzz,SillySilly Gaming,PCS,Mid,Asia Masters,4,0.5,3.57,-106.0,-1.0,55.0,-107.0
Zkai,CTBC Flying Oyster Academy,PCS,Top,Asia Masters,5,0.4,1.93,-123.0,0.0,55.0,-123.0
Yuhe,CTBC Flying Oyster Academy,PCS,Mid,Asia Masters,5,0.4,2.06,-129.0,0.0,55.0,-129.0
En,SillySilly Gaming,PCS,Support,Asia Masters,4,0.5,3.44,-153.0,-1.0,55.0,-154.0
Wako,SillySilly Gaming,PCS,ADC,Asia Masters,2,0.0,1.9,-153.0,-3.0,55.0,-156.0
Hasu7,SillySilly Gaming,PCS,Top,Asia Masters,4,0.5,3.18,-157.0,-1.0,55.0,-158.0
Leaky,CTBC Flying Oyster Academy,PCS,Jungle,Asia Masters,5,0.4,1.95,-158.0,0.0,55.0,-158.0
Bruce,FENNEL,LJL,Support,Asia Masters,3,0.0,0.79,-165.0,2.0,55.0,-163.0
Virgo,1TAP Dino,VCS,Top,Asia Masters,6,0.667,3.04,-184.0,-0.0,55.0,-184.0
rayq,Saigon Warriors,VCS,Jungle,Asia Masters,6,0.667,3.9,-233.0,-0.0,55.0,-233.0
Daemi,Arneb,LJL,Mid,Asia Masters,5,0.2,1.81,-337.0,-1.0,55.0,-338.0
Kania,Arneb,LJL,Jungle,Asia Masters,5,0.2,2.21,-371.0,-1.0,55.0,-372.0
dresscode,Arneb,LJL,ADC,Asia Masters,5,0.2,1.29,-410.0,-1.0,55.0,-411.0
Taiyaki,Arneb,LJL,Support,Asia Masters,5,0.2,1.13,-457.0,-1.0,55.0,-458.0
leaf,Arneb,LJL,Top,Asia Masters,5,0.2,1.65,-472.0,-1.0,55.0,-473.0
MayR,FENNEL,LJL,ADC,Asia Masters,3,0.0,1.21,-500.0,2.0,55.0,-498.0
Tatu,FURIA,CBLOL,Jungle,CBLOL Cup · saison régulière,22,0.636,6.2,678.0,-2.0,54.0,676.0
Kaze,LOUD,CBLOL,Mid,CBLOL Cup · saison régulière,20,0.55,4.62,651.0,4.0,55.0,655.0
xyno,LOUD,CBLOL,Top,CBLOL Cup · saison régulière,19,0.684,3.91,606.0,9.0,55.0,615.0
Ackerman,LØS,CBLOL,Support,CBLOL Cup · saison régulière,14,0.571,4.79,588.0,3.0,55.0,591.0
Zest,LØS,CBLOL,Top,CBLOL Cup · saison régulière,14,0.571,3.55,583.0,3.0,55.0,586.0
Feisty,LØS,CBLOL,Mid,CBLOL Cup · saison régulière,14,0.571,4.0,554.0,3.0,55.0,557.0
Guigo,FURIA,CBLOL,Top,CBLOL Cup · saison régulière,22,0.636,3.25,535.0,-2.0,54.0,533.0
JoJo,FURIA,CBLOL,Support,CBLOL Cup · saison régulière,22,0.636,7.29,525.0,-2.0,54.0,523.0
Duduhh,LØS,CBLOL,ADC,CBLOL Cup · saison régulière,14,0.571,4.5,515.0,3.0,55.0,518.0
frosty,RED Canids,CBLOL,Support,CBLOL Cup · saison régulière,20,0.55,4.88,511.0,4.0,55.0,515.0
Ayu,FURIA,CBLOL,ADC,CBLOL Cup · saison régulière,22,0.636,5.06,505.0,-2.0,54.0,503.0
Tutsz,FURIA,CBLOL,Mid,CBLOL Cup · saison régulière,22,0.636,4.46,484.0,-2.0,54.0,482.0
fNb,RED Canids,CBLOL,Top,CBLOL Cup · saison régulière,20,0.55,4.07,468.0,4.0,55.0,472.0
Curse,LØS,CBLOL,Jungle,CBLOL Cup · saison régulière,20,0.55,4.1,440.0,4.0,55.0,444.0
ceo,Vivo Keyd Stars,CBLOL,ADC,CBLOL Cup · saison régulière,22,0.454,3.2,423.0,4.0,54.0,427.0
RedBert,LOUD,CBLOL,Support,CBLOL Cup · saison régulière,19,0.684,2.25,391.0,9.0,55.0,400.0
Envy,Estral Esports,CD,Mid,CBLOL Cup · saison régulière,7,0.857,3.62,374.0,10.0,55.0,384.0
YoungJae,LOUD,CBLOL,Jungle,CBLOL Cup · saison régulière,19,0.684,2.76,365.0,9.0,55.0,374.0
CarioK,paiN Gaming,CBLOL,Jungle,CBLOL Cup · saison régulière,14,0.286,2.85,371.0,-4.0,55.0,367.0
curty,Fluxo W7M,CBLOL,Top,CBLOL Cup · saison régulière,9,0.222,1.37,371.0,-7.0,55.0,364.0
Bull,LOUD,CBLOL,ADC,CBLOL Cup · saison régulière,19,0.684,3.44,346.0,9.0,55.0,355.0
Boal,paiN Gaming,CBLOL,Top,CBLOL Cup · saison régulière,16,0.375,2.67,350.0,-6.0,55.0,344.0
Disamis,Vivo Keyd Stars,CBLOL,Jungle,CBLOL Cup · saison régulière,16,0.375,3.06,344.0,-6.0,55.0,338.0
Morttheus,RED Canids,CBLOL,ADC,CBLOL Cup · saison régulière,16,0.375,3.68,331.0,-6.0,55.0,325.0
Mago,LOUD,CBLOL,Mid,CBLOL Cup · saison régulière,12,0.583,2.1,319.0,-2.0,55.0,317.0
Rabelo,LOUD,CBLOL,ADC,CBLOL Cup · saison régulière,20,0.55,4.09,305.0,4.0,55.0,309.0
Mireu,Vivo Keyd Stars,CBLOL,Mid,CBLOL Cup · saison régulière,12,0.417,2.46,266.0,-2.0,55.0,264.0
tinowns,paiN Gaming,CBLOL,Mid,CBLOL Cup · saison régulière,14,0.286,2.62,268.0,-4.0,55.0,264.0
Trigger,paiN Gaming,CBLOL,ADC,CBLOL Cup · saison régulière,9,0.444,3.73,247.0,2.0,55.0,249.0
Kuri,paiN Gaming,CBLOL,Support,CBLOL Cup · saison régulière,14,0.286,2.61,241.0,-4.0,55.0,237.0
Peach,Fluxo W7M,CBLOL,Jungle,CBLOL Cup · saison régulière,9,0.222,1.61,233.0,-7.0,55.0,226.0
Kaiwing,Ground Zero Gaming,LCP,Support,CBLOL Cup · saison régulière,16,0.375,3.39,208.0,-6.0,55.0,202.0
BAO,Fluxo W7M,CBLOL,ADC,CBLOL Cup · saison régulière,9,0.222,2.62,208.0,-7.0,55.0,201.0
Enga,Leviatan,CBLOL,Mid,CBLOL Cup · saison régulière,22,0.454,3.84,152.0,4.0,54.0,156.0
TopLop,Leviatan,CBLOL,Support,CBLOL Cup · saison régulière,22,0.454,2.95,151.0,4.0,54.0,155.0
Booki,Leviatan,CBLOL,Jungle,CBLOL Cup · saison régulière,22,0.454,2.56,121.0,4.0,54.0,125.0
Robo,paiN Gaming,CBLOL,Top,CBLOL Cup · saison régulière,14,0.286,1.87,96.0,-4.0,55.0,92.0
Devost,Leviatan,CBLOL,Top,CBLOL Cup · saison régulière,22,0.454,2.34,87.0,4.0,54.0,91.0
Drakehero,Ei Nerd Esports,CD,Jungle,CBLOL Cup · saison régulière,14,0.571,4.12,48.0,3.0,55.0,51.0
Qats,Vivo Keyd Stars Academy,CD,Mid,CBLOL Cup · saison régulière,4,0.25,1.79,-129.0,-4.0,55.0,-133.0
Marvin,paiN Gaming Academy,CD,ADC,CBLOL Cup · saison régulière,5,0.0,1.32,-224.0,-6.0,55.0,-230.0
Tatu,FURIA,CBLOL,Jungle,CBLOL Split 1 · playoffs,10,0.9,9.0,678.0,12.0,55.0,690.0
Kaze,LOUD,CBLOL,Mid,CBLOL Split 1 · playoffs,10,0.3,2.25,651.0,-7.0,55.0,644.0
xyno,LOUD,CBLOL,Top,CBLOL Split 1 · playoffs,12,0.417,2.52,606.0,-1.0,55.0,605.0
Ackerman,LØS,CBLOL,Support,CBLOL Split 1 · playoffs,25,0.6,8.21,588.0,-6.0,54.0,582.0
Zest,LØS,CBLOL,Top,CBLOL Split 1 · playoffs,25,0.6,3.23,583.0,-6.0,54.0,577.0
Feisty,LØS,CBLOL,Mid,CBLOL Split 1 · playoffs,25,0.6,4.15,554.0,-6.0,54.0,548.0
Guigo,FURIA,CBLOL,Top,CBLOL Split 1 · playoffs,10,0.9,4.94,535.0,12.0,55.0,547.0
JoJo,FURIA,CBLOL,Support,CBLOL Split 1 · playoffs,10,0.9,8.86,525.0,12.0,55.0,537.0
Ayu,FURIA,CBLOL,ADC,CBLOL Split 1 · playoffs,10,0.9,8.08,505.0,12.0,55.0,517.0
Duduhh,LØS,CBLOL,ADC,CBLOL Split 1 · playoffs,25,0.6,4.2,515.0,-6.0,54.0,509.0
STEPZ,RED Canids,CBLOL,Jungle,CBLOL Split 1 · playoffs,10,0.3,2.35,511.0,-7.0,55.0,504.0
frosty,RED Canids,CBLOL,Support,CBLOL Split 1 · playoffs,10,0.3,3.33,511.0,-7.0,55.0,504.0
Tutsz,FURIA,CBLOL,Mid,CBLOL Split 1 · playoffs,10,0.9,5.79,484.0,12.0,55.0,496.0
zynts,RED Canids,CBLOL,Top,CBLOL Split 1 · playoffs,10,0.3,1.77,479.0,-7.0,55.0,472.0
Curse,LØS,CBLOL,Jungle,CBLOL Split 1 · playoffs,25,0.6,3.05,440.0,-6.0,54.0,434.0
ceo,Vivo Keyd Stars,CBLOL,ADC,CBLOL Split 1 · playoffs,7,0.143,1.25,423.0,-6.0,55.0,417.0
Momochi,Fluxo W7M,CBLOL,Support,CBLOL Split 1 · playoffs,14,0.429,3.05,401.0,8.0,55.0,409.0
curty,Fluxo W7M,CBLOL,Top,CBLOL Split 1 · playoffs,14,0.429,2.12,371.0,8.0,55.0,379.0
Envy,Estral Esports,CD,Mid,CBLOL Split 1 · playoffs,12,0.417,2.7,374.0,-1.0,55.0,373.0
cody,Fluxo W7M,CBLOL,Mid,CBLOL Split 1 · playoffs,14,0.429,3.14,358.0,8.0,55.0,366.0
YoungJae,LOUD,CBLOL,Jungle,CBLOL Split 1 · playoffs,12,0.417,2.55,365.0,-1.0,55.0,364.0
Bull,LOUD,CBLOL,ADC,CBLOL Split 1 · playoffs,12,0.417,3.07,346.0,-1.0,55.0,345.0
uZent,LOUD,CBLOL,Support,CBLOL Split 1 · playoffs,12,0.417,3.19,345.0,-1.0,55.0,344.0
Wizer,Vivo Keyd Stars,CBLOL,Top,CBLOL Split 1 · playoffs,6,0.167,0.91,344.0,-5.0,55.0,339.0
Morttheus,RED Canids,CBLOL,ADC,CBLOL Split 1 · playoffs,10,0.3,3.67,331.0,-7.0,55.0,324.0
Mireu,Vivo Keyd Stars,CBLOL,Mid,CBLOL Split 1 · playoffs,7,0.143,1.52,266.0,-6.0,55.0,260.0
Peach,Fluxo W7M,CBLOL,Jungle,CBLOL Split 1 · playoffs,14,0.429,2.47,233.0,8.0,55.0,241.0
BAO,Fluxo W7M,CBLOL,ADC,CBLOL Split 1 · playoffs,14,0.429,3.73,208.0,8.0,55.0,216.0
Kaiwing,Ground Zero Gaming,LCP,Support,CBLOL Split 1 · playoffs,7,0.143,1.87,208.0,-6.0,55.0,202.0
zekas,Vivo Keyd Stars,CBLOL,Top,CBLOL Split 1 · playoffs,1,0.0,0.75,149.0,-1.0,55.0,148.0
sarolu,Vivo Keyd Stars Academy,CD,Jungle,CBLOL Split 1 · playoffs,7,0.143,1.54,-153.0,-6.0,55.0,-159.0
Tatu,FURIA,CBLOL,Jungle,CBLOL Split 1 · saison régulière,18,0.611,4.55,678.0,-4.0,55.0,674.0
Kaze,LOUD,CBLOL,Mid,CBLOL Split 1 · saison régulière,16,0.812,4.97,651.0,9.0,55.0,660.0
xyno,LOUD,CBLOL,Top,CBLOL Split 1 · saison régulière,17,0.529,3.67,606.0,-2.0,55.0,604.0
Ackerman,LØS,CBLOL,Support,CBLOL Split 1 · saison régulière,18,0.5,5.21,588.0,-7.0,55.0,581.0
Zest,LØS,CBLOL,Top,CBLOL Split 1 · saison régulière,18,0.5,2.46,583.0,-7.0,55.0,576.0
Feisty,LØS,CBLOL,Mid,CBLOL Split 1 · saison régulière,18,0.5,3.21,554.0,-7.0,55.0,547.0
Guigo,FURIA,CBLOL,Top,CBLOL Split 1 · saison régulière,18,0.611,3.72,535.0,-4.0,55.0,531.0
JoJo,FURIA,CBLOL,Support,CBLOL Split 1 · saison régulière,18,0.611,7.34,525.0,-4.0,55.0,521.0
STEPZ,RED Canids,CBLOL,Jungle,CBLOL Split 1 · saison régulière,16,0.812,6.71,511.0,9.0,55.0,520.0
frosty,RED Canids,CBLOL,Support,CBLOL Split 1 · saison régulière,16,0.812,5.17,511.0,9.0,55.0,520.0
Duduhh,LØS,CBLOL,ADC,CBLOL Split 1 · saison régulière,18,0.5,2.75,515.0,-7.0,55.0,508.0
Ayu,FURIA,CBLOL,ADC,CBLOL Split 1 · saison régulière,18,0.611,5.85,505.0,-4.0,55.0,501.0
zynts,RED Canids,CBLOL,Top,CBLOL Split 1 · saison régulière,16,0.812,4.24,479.0,9.0,55.0,488.0
Tutsz,FURIA,CBLOL,Mid,CBLOL Split 1 · saison régulière,18,0.611,3.37,484.0,-4.0,55.0,480.0
Curse,LØS,CBLOL,Jungle,CBLOL Split 1 · saison régulière,3,0.667,2.23,440.0,-0.0,55.0,440.0
ceo,Vivo Keyd Stars,CBLOL,ADC,CBLOL Split 1 · saison régulière,16,0.562,4.39,423.0,5.0,55.0,428.0
Momochi,Fluxo W7M,CBLOL,Support,CBLOL Split 1 · saison régulière,16,0.562,4.85,401.0,4.0,55.0,405.0
RedBert,LOUD,CBLOL,Support,CBLOL Split 1 · saison régulière,12,0.5,3.39,391.0,-4.0,55.0,387.0
curty,Fluxo W7M,CBLOL,Top,CBLOL Split 1 · saison régulière,16,0.562,2.13,371.0,4.0,55.0,375.0
CarioK,paiN Gaming,CBLOL,Jungle,CBLOL Split 1 · saison régulière,12,0.333,2.35,371.0,2.0,55.0,373.0
Envy,Estral Esports,CD,Mid,CBLOL Split 1 · saison régulière,17,0.529,3.32,374.0,-2.0,55.0,372.0
YoungJae,LOUD,CBLOL,Jungle,CBLOL Split 1 · saison régulière,17,0.529,2.67,365.0,-2.0,55.0,363.0
cody,Fluxo W7M,CBLOL,Mid,CBLOL Split 1 · saison régulière,16,0.562,4.36,358.0,4.0,55.0,362.0
Disamis,Vivo Keyd Stars,CBLOL,Jungle,CBLOL Split 1 · saison régulière,12,0.583,3.33,344.0,6.0,55.0,350.0
Wizer,Vivo Keyd Stars,CBLOL,Top,CBLOL Split 1 · saison régulière,16,0.562,2.89,344.0,5.0,55.0,349.0
uZent,LOUD,CBLOL,Support,CBLOL Split 1 · saison régulière,5,0.6,3.93,345.0,2.0,55.0,347.0
Bull,LOUD,CBLOL,ADC,CBLOL Split 1 · saison régulière,17,0.529,3.2,346.0,-2.0,55.0,344.0
Morttheus,RED Canids,CBLOL,ADC,CBLOL Split 1 · saison régulière,14,0.786,6.07,331.0,7.0,55.0,338.0
Rabelo,LOUD,CBLOL,ADC,CBLOL Split 1 · saison régulière,2,1.0,5.6,305.0,2.0,55.0,307.0
Mireu,Vivo Keyd Stars,CBLOL,Mid,CBLOL Split 1 · saison régulière,16,0.562,3.04,266.0,5.0,55.0,271.0
Trigger,paiN Gaming,CBLOL,ADC,CBLOL Split 1 · saison régulière,16,0.25,1.74,247.0,-3.0,55.0,244.0
Kuri,paiN Gaming,CBLOL,Support,CBLOL Split 1 · saison régulière,16,0.25,2.73,241.0,-3.0,55.0,238.0
Peach,Fluxo W7M,CBLOL,Jungle,CBLOL Split 1 · saison régulière,16,0.562,2.19,233.0,4.0,55.0,237.0
Kaiwing,Ground Zero Gaming,LCP,Support,CBLOL Split 1 · saison régulière,16,0.562,5.55,208.0,5.0,55.0,213.0
BAO,Fluxo W7M,CBLOL,ADC,CBLOL Split 1 · saison régulière,16,0.562,5.78,208.0,4.0,55.0,212.0
Enga,Leviatan,CBLOL,Mid,CBLOL Split 1 · saison régulière,15,0.133,2.29,152.0,-2.0,55.0,150.0
TopLop,Leviatan,CBLOL,Support,CBLOL Split 1 · saison régulière,15,0.133,1.58,151.0,-2.0,55.0,149.0
Booki,Leviatan,CBLOL,Jungle,CBLOL Split 1 · saison régulière,15,0.133,1.96,121.0,-2.0,55.0,119.0
Robo,paiN Gaming,CBLOL,Top,CBLOL Split 1 · saison régulière,16,0.25,1.45,96.0,-3.0,55.0,93.0
Devost,Leviatan,CBLOL,Top,CBLOL Split 1 · saison régulière,15,0.133,1.49,87.0,-2.0,55.0,85.0
Keine,paiN Gaming,CBLOL,Mid,CBLOL Split 1 · saison régulière,16,0.25,2.45,73.0,-3.0,55.0,70.0
Drakehero,Ei Nerd Esports,CD,Jungle,CBLOL Split 1 · saison régulière,15,0.467,3.0,48.0,-6.0,55.0,42.0
Samkz,paiN Gaming Academy,CD,Jungle,CBLOL Split 1 · saison régulière,4,0.0,1.16,-58.0,-5.0,55.0,-63.0
sarolu,Vivo Keyd Stars Academy,CD,Jungle,CBLOL Split 1 · saison régulière,4,0.5,3.71,-153.0,-1.0,55.0,-154.0
Snaker,Fuego,LRN,ADC,CBLOL Split 1 · saison régulière,15,0.133,2.2,-167.0,-2.0,55.0,-169.0
Tatu,FURIA,CBLOL,Jungle,CBLOL Split 2 · playoffs,8,0.75,5.25,678.0,0.0,55.0,678.0
Kaze,LOUD,CBLOL,Mid,CBLOL Split 2 · playoffs,9,0.556,3.28,651.0,0.0,55.0,651.0
xyno,LOUD,CBLOL,Top,CBLOL Split 2 · playoffs,9,0.556,1.97,606.0,0.0,55.0,606.0
Ackerman,LØS,CBLOL,Support,CBLOL Split 2 · playoffs,9,0.667,6.33,588.0,2.0,55.0,590.0
Zest,LØS,CBLOL,Top,CBLOL Split 2 · playoffs,9,0.667,3.0,583.0,2.0,55.0,585.0
Feisty,LØS,CBLOL,Mid,CBLOL Split 2 · playoffs,9,0.667,5.24,554.0,2.0,55.0,556.0
Guigo,FURIA,CBLOL,Top,CBLOL Split 2 · playoffs,12,0.583,3.28,535.0,-1.0,55.0,534.0
JoJo,FURIA,CBLOL,Support,CBLOL Split 2 · playoffs,12,0.583,5.95,525.0,-1.0,55.0,524.0
STEPZ,RED Canids,CBLOL,Jungle,CBLOL Split 2 · playoffs,15,0.533,2.73,511.0,6.0,55.0,517.0
Duduhh,LØS,CBLOL,ADC,CBLOL Split 2 · playoffs,9,0.667,4.14,515.0,2.0,55.0,517.0
Ayu,FURIA,CBLOL,ADC,CBLOL Split 2 · playoffs,12,0.583,4.5,505.0,-1.0,55.0,504.0
zynts,RED Canids,CBLOL,Top,CBLOL Split 2 · playoffs,15,0.533,2.22,479.0,6.0,55.0,485.0
Tutsz,FURIA,CBLOL,Mid,CBLOL Split 2 · playoffs,12,0.583,5.52,484.0,-1.0,55.0,483.0
Curse,LØS,CBLOL,Jungle,CBLOL Split 2 · playoffs,9,0.667,3.07,440.0,2.0,55.0,442.0
CarioK,paiN Gaming,CBLOL,Jungle,CBLOL Split 2 · playoffs,12,0.417,3.44,371.0,3.0,55.0,374.0
Sinatra,LOUD,CBLOL,Jungle,CBLOL Split 2 · playoffs,9,0.556,3.1,368.0,0.0,55.0,368.0
Hena,paiN Gaming,CBLOL,ADC,CBLOL Split 2 · playoffs,12,0.417,3.4,355.0,3.0,55.0,358.0
Boal,paiN Gaming,CBLOL,Top,CBLOL Split 2 · playoffs,12,0.417,2.78,350.0,3.0,55.0,353.0
uZent,LOUD,CBLOL,Support,CBLOL Split 2 · playoffs,9,0.556,5.21,345.0,0.0,55.0,345.0
Morttheus,RED Canids,CBLOL,ADC,CBLOL Split 2 · playoffs,15,0.533,3.89,331.0,6.0,55.0,337.0
Disamis,Vivo Keyd Stars,CBLOL,Jungle,CBLOL Split 2 · playoffs,7,0.143,2.11,344.0,-10.0,55.0,334.0
Rabelo,LOUD,CBLOL,ADC,CBLOL Split 2 · playoffs,9,0.556,3.23,305.0,0.0,55.0,305.0
Jeskla,Vivo Keyd Stars,CBLOL,ADC,CBLOL Split 2 · playoffs,7,0.143,1.68,298.0,-10.0,55.0,288.0
Mireu,Vivo Keyd Stars,CBLOL,Mid,CBLOL Split 2 · playoffs,7,0.143,1.19,266.0,-10.0,55.0,256.0
Ceos,paiN Gaming,CBLOL,Support,CBLOL Split 2 · playoffs,12,0.417,4.33,240.0,3.0,55.0,243.0
scamber,Vivo Keyd Stars,CBLOL,Support,CBLOL Split 2 · playoffs,7,0.143,1.54,206.0,-10.0,55.0,196.0
zekas,Vivo Keyd Stars,CBLOL,Top,CBLOL Split 2 · playoffs,7,0.143,0.76,149.0,-10.0,55.0,139.0
Fuuu,RED Canids,CBLOL,Mid,CBLOL Split 2 · playoffs,15,0.533,3.47,94.0,6.0,55.0,100.0
Namiru,paiN Gaming,CBLOL,Mid,CBLOL Split 2 · playoffs,12,0.417,4.26,88.0,3.0,55.0,91.0
Manel,RED Canids,CBLOL,Support,CBLOL Split 2 · playoffs,15,0.533,3.72,-13.0,6.0,55.0,-7.0
Tatu,FURIA,CBLOL,Jungle,CBLOL Split 2 · saison régulière,13,0.769,5.64,678.0,-0.0,55.0,678.0
Kaze,LOUD,CBLOL,Mid,CBLOL Split 2 · saison régulière,15,0.8,5.06,651.0,6.0,55.0,657.0
xyno,LOUD,CBLOL,Top,CBLOL Split 2 · saison régulière,15,0.8,5.8,606.0,6.0,55.0,612.0
Ackerman,LØS,CBLOL,Support,CBLOL Split 2 · saison régulière,15,0.8,7.07,588.0,6.0,55.0,594.0
Zest,LØS,CBLOL,Top,CBLOL Split 2 · saison régulière,15,0.8,4.88,583.0,6.0,55.0,589.0
Feisty,LØS,CBLOL,Mid,CBLOL Split 2 · saison régulière,15,0.8,7.74,554.0,6.0,55.0,560.0
Guigo,FURIA,CBLOL,Top,CBLOL Split 2 · saison régulière,15,0.667,2.36,535.0,-7.0,55.0,528.0
Duduhh,LØS,CBLOL,ADC,CBLOL Split 2 · saison régulière,15,0.8,5.68,515.0,6.0,55.0,521.0
JoJo,FURIA,CBLOL,Support,CBLOL Split 2 · saison régulière,15,0.667,5.42,525.0,-7.0,55.0,518.0
frosty,RED Canids,CBLOL,Support,CBLOL Split 2 · saison régulière,3,0.333,2.86,511.0,-3.0,55.0,508.0
STEPZ,RED Canids,CBLOL,Jungle,CBLOL Split 2 · saison régulière,16,0.375,2.49,511.0,-5.0,55.0,506.0
Ayu,FURIA,CBLOL,ADC,CBLOL Split 2 · saison régulière,15,0.667,4.31,505.0,-7.0,55.0,498.0
Tutsz,FURIA,CBLOL,Mid,CBLOL Split 2 · saison régulière,15,0.667,3.85,484.0,-7.0,55.0,477.0
zynts,RED Canids,CBLOL,Top,CBLOL Split 2 · saison régulière,16,0.375,2.04,479.0,-5.0,55.0,474.0
Curse,LØS,CBLOL,Jungle,CBLOL Split 2 · saison régulière,15,0.8,5.75,440.0,6.0,55.0,446.0
Momochi,Fluxo W7M,CBLOL,Support,CBLOL Split 2 · saison régulière,16,0.25,1.96,401.0,-7.0,55.0,394.0
Sinatra,LOUD,CBLOL,Jungle,CBLOL Split 2 · saison régulière,15,0.8,4.38,368.0,6.0,55.0,374.0
CarioK,paiN Gaming,CBLOL,Jungle,CBLOL Split 2 · saison régulière,16,0.375,2.35,371.0,-1.0,55.0,370.0
Hena,paiN Gaming,CBLOL,ADC,CBLOL Split 2 · saison régulière,16,0.375,2.95,355.0,-1.0,55.0,354.0
Disamis,Vivo Keyd Stars,CBLOL,Jungle,CBLOL Split 2 · saison régulière,17,0.588,5.8,344.0,9.0,55.0,353.0
cody,Fluxo W7M,CBLOL,Mid,CBLOL Split 2 · saison régulière,16,0.25,2.15,358.0,-7.0,55.0,351.0
uZent,LOUD,CBLOL,Support,CBLOL Split 2 · saison régulière,15,0.8,4.86,345.0,6.0,55.0,351.0
Boal,paiN Gaming,CBLOL,Top,CBLOL Split 2 · saison régulière,16,0.375,2.17,350.0,-1.0,55.0,349.0
Morttheus,RED Canids,CBLOL,ADC,CBLOL Split 2 · saison régulière,16,0.375,3.19,331.0,-5.0,55.0,326.0
Rabelo,LOUD,CBLOL,ADC,CBLOL Split 2 · saison régulière,15,0.8,4.97,305.0,6.0,55.0,311.0
Jeskla,Vivo Keyd Stars,CBLOL,ADC,CBLOL Split 2 · saison régulière,17,0.588,4.68,298.0,9.0,55.0,307.0
Mireu,Vivo Keyd Stars,CBLOL,Mid,CBLOL Split 2 · saison régulière,17,0.588,3.62,266.0,9.0,55.0,275.0
Ceos,paiN Gaming,CBLOL,Support,CBLOL Split 2 · saison régulière,16,0.375,2.41,240.0,-1.0,55.0,239.0
Peach,Fluxo W7M,CBLOL,Jungle,CBLOL Split 2 · saison régulière,16,0.25,1.65,233.0,-7.0,55.0,226.0
scamber,Vivo Keyd Stars,CBLOL,Support,CBLOL Split 2 · saison régulière,17,0.588,4.46,206.0,9.0,55.0,215.0
BAO,Fluxo W7M,CBLOL,ADC,CBLOL Split 2 · saison régulière,16,0.25,2.53,208.0,-7.0,55.0,201.0
zekas,Vivo Keyd Stars,CBLOL,Top,CBLOL Split 2 · saison régulière,17,0.588,2.4,149.0,9.0,55.0,158.0
Enga,Leviatan,CBLOL,Mid,CBLOL Split 2 · saison régulière,14,0.143,2.51,152.0,-1.0,55.0,151.0
Booki,Leviatan,CBLOL,Jungle,CBLOL Split 2 · saison régulière,14,0.143,1.6,121.0,-1.0,55.0,120.0
Fuuu,RED Canids,CBLOL,Mid,CBLOL Split 2 · saison régulière,16,0.375,2.78,94.0,-5.0,55.0,89.0
Namiru,paiN Gaming,CBLOL,Mid,CBLOL Split 2 · saison régulière,3,0.333,1.43,88.0,1.0,55.0,89.0
Devost,Leviatan,CBLOL,Top,CBLOL Split 2 · saison régulière,14,0.143,1.89,87.0,-1.0,55.0,86.0
Keine,paiN Gaming,CBLOL,Mid,CBLOL Split 2 · saison régulière,13,0.385,2.73,73.0,-1.0,55.0,72.0
Shiku,Leviatan,CBLOL,Support,CBLOL Split 2 · saison régulière,14,0.143,1.49,11.0,-1.0,55.0,10.0
Manel,RED Canids,CBLOL,Support,CBLOL Split 2 · saison régulière,13,0.385,2.26,-13.0,-2.0,55.0,-15.0
Zothve,Fluxo W7M,CBLOL,Top,CBLOL Split 2 · saison régulière,16,0.25,1.97,-57.0,-7.0,55.0,-64.0
Strensh,Leviatan,CBLOL,ADC,CBLOL Split 2 · saison régulière,14,0.143,3.39,-81.0,-1.0,55.0,-82.0
Habubu,Berlin International Gaming,PRM,Jungle,CCWS,15,0.667,3.82,514.0,3.0,55.0,517.0
Markoon,G2 NORD,PRM,Jungle,CCWS,14,0.786,6.56,438.0,6.0,55.0,444.0
Shelfmade,G2 NORD,PRM,Top,CCWS,14,0.786,3.52,426.0,6.0,55.0,432.0
Irrelevant,Berlin International Gaming,PRM,Top,CCWS,15,0.667,3.88,425.0,3.0,55.0,428.0
Rin,G2 NORD,PRM,ADC,CCWS,14,0.786,4.81,421.0,6.0,55.0,427.0
Toasty,G2 NORD,PRM,Mid,CCWS,14,0.786,5.24,409.0,6.0,55.0,415.0
Reeker,Berlin International Gaming,PRM,Mid,CCWS,15,0.667,4.38,405.0,3.0,55.0,408.0
Tockimo,G2 NORD,PRM,Support,CCWS,14,0.786,5.17,384.0,6.0,55.0,390.0
Kaiser,Berlin International Gaming,PRM,Support,CCWS,15,0.667,3.92,387.0,3.0,55.0,390.0
zorenous,TeamOrangeGaming,PRM,Top,CCWS,6,0.5,3.06,385.0,-2.0,55.0,383.0
PowerOfEvil,Eintracht Spandau,PRM,Mid,CCWS,6,0.333,3.31,366.0,-7.0,55.0,359.0
seaz,Eintracht Spandau,PRM,Support,CCWS,6,0.333,2.6,334.0,-7.0,55.0,327.0
JNX,Eintracht Spandau,PRM,Top,CCWS,6,0.333,1.64,331.0,-7.0,55.0,324.0
DenVoksne,Unicorns of Love Sexy Edition,PRM,ADC,CCWS,7,0.429,3.05,316.0,-3.0,55.0,313.0
Fun K3y,Eintracht Spandau,PRM,ADC,CCWS,15,0.667,4.09,293.0,3.0,55.0,296.0
Twiizt,Unicorns of Love Sexy Edition,PRM,Support,CCWS,7,0.429,4.36,294.0,-3.0,55.0,291.0
RoyalKanin,Unicorns of Love Sexy Edition,PRM,Mid,CCWS,7,0.429,2.62,288.0,-3.0,55.0,285.0
Keduii,Joblife,PRM,ADC,CCWS,6,0.333,1.72,288.0,-7.0,55.0,281.0
White,Unicorns of Love Sexy Edition,PRM,Jungle,CCWS,7,0.429,1.93,268.0,-3.0,55.0,265.0
Fornoreason,Unicorns of Love Sexy Edition,PRM,Top,CCWS,7,0.429,1.67,250.0,-3.0,55.0,247.0
Xagog,Eintracht Spandau,PRM,Jungle,CCWS,6,0.333,1.66,245.0,-7.0,55.0,238.0
Vizicsacsi,E WIE EINFACH E-SPORTS,PRM,Top,CCWS,9,0.444,2.0,239.0,-2.0,55.0,237.0
Ryuk,TeamOrangeGaming,PRM,ADC,CCWS,6,0.5,6.0,233.0,-2.0,55.0,231.0
SAJATOR,TeamOrangeGaming,PRM,Mid,CCWS,6,0.5,4.72,233.0,-2.0,55.0,231.0
Notiko,Eintracht Frankfurt,PRM,ADC,CCWS,7,0.429,3.62,228.0,2.0,55.0,230.0
Lilipp,TeamOrangeGaming,PRM,Support,CCWS,6,0.5,4.27,228.0,-2.0,55.0,226.0
Relative,E WIE EINFACH E-SPORTS,PRM,Mid,CCWS,9,0.444,3.16,206.0,-2.0,55.0,204.0
Afroboi,E WIE EINFACH E-SPORTS,PRM,Jungle,CCWS,9,0.444,3.11,199.0,-2.0,55.0,197.0
Woldjo,TeamOrangeGaming,PRM,Jungle,CCWS,6,0.5,3.95,189.0,-2.0,55.0,187.0
Noz2k,E WIE EINFACH E-SPORTS,PRM,ADC,CCWS,9,0.444,2.43,182.0,-2.0,55.0,180.0
Wildenbruch,E WIE EINFACH E-SPORTS,PRM,Support,CCWS,9,0.444,1.8,166.0,-2.0,55.0,164.0
Exofeng,Skillcamp,LFL,ADC,CCWS,4,0.0,3.55,159.0,-3.0,55.0,156.0
Farfetch,Eintracht Frankfurt,PRM,Support,CCWS,7,0.429,2.94,144.0,2.0,55.0,146.0
Lurox,Team Heretics Academy,LES,Jungle,CCWS,4,0.0,1.67,133.0,-3.0,55.0,130.0
Sencux,Eintracht Frankfurt,PRM,Mid,CCWS,7,0.429,3.63,110.0,2.0,55.0,112.0
Urban,A One Man Army Prime,PRM,Support,CCWS,6,0.5,3.05,71.0,1.0,55.0,72.0
Abbedagge,Kaufland Hangry Knights,PRM,Mid,CCWS,4,0.0,2.06,74.0,-3.0,55.0,71.0
Dome,A One Man Army Prime,PRM,Jungle,CCWS,6,0.5,3.82,60.0,1.0,55.0,61.0
Xay,A One Man Army Prime,PRM,ADC,CCWS,6,0.5,2.89,54.0,1.0,55.0,55.0
D4nKa,Eintracht Frankfurt,PRM,Jungle,CCWS,7,0.429,2.53,52.0,2.0,55.0,54.0
Artoria,DMG Esports,NLC,Mid,CCWS,6,0.5,2.48,49.0,1.0,55.0,50.0
Smurfe,Frites Esports Club,HLL,Top,CCWS,6,0.5,3.47,35.0,1.0,55.0,36.0
Fooneses,ROSSMANN Centaurs,PRM,Mid,CCWS,4,0.25,1.4,3.0,4.0,55.0,7.0
Pyrka,Kaufland Hangry Knights,PRM,Support,CCWS,4,0.0,2.05,-15.0,-3.0,55.0,-18.0
Venour,Kaufland Hangry Knights,PRM,Top,CCWS,4,0.0,1.36,-36.0,-3.0,55.0,-39.0
Mietek,WLGaming Esports,HLL,Top,CCWS,7,0.429,1.65,-150.0,2.0,55.0,-148.0
Pasu,ROSSMANN Centaurs,PRM,Jungle,CCWS,4,0.25,1.79,-161.0,4.0,55.0,-157.0
Devn,Eintracht Frankfurt,PRM,ADC,CCWS,4,0.25,1.9,-248.0,4.0,55.0,-244.0
CPM,3BL Esports,AL,Top,CCWS,4,0.25,2.71,-291.0,4.0,55.0,-287.0
Smarty,Otter Side,LPLOL,Support,CCWS,4,0.25,1.42,-374.0,4.0,55.0,-370.0
Sinatra,LOUD,CBLOL,Jungle,CD Split 1 · playoffs,12,0.583,4.17,368.0,-4.0,55.0,364.0
Disamis,Vivo Keyd Stars,CBLOL,Jungle,CD Split 1 · playoffs,14,0.714,6.12,344.0,3.0,55.0,347.0
Rabelo,LOUD,CBLOL,ADC,CD Split 1 · playoffs,5,0.0,1.08,305.0,-3.0,55.0,302.0
Brance,Estral Esports,CD,ADC,CD Split 1 · playoffs,12,0.583,4.47,270.0,-4.0,55.0,266.0
Telas,Estral Esports,CD,Support,CD Split 1 · playoffs,12,0.583,5.73,231.0,-4.0,55.0,227.0
scamber,Vivo Keyd Stars,CBLOL,Support,CD Split 1 · playoffs,14,0.714,5.52,206.0,3.0,55.0,209.0
zekas,Vivo Keyd Stars,CBLOL,Top,CD Split 1 · playoffs,14,0.714,3.29,149.0,3.0,55.0,152.0
Kiari,INTZ,CD,Top,CD Split 1 · playoffs,11,0.454,2.38,126.0,2.0,55.0,128.0
Namiru,paiN Gaming,CBLOL,Mid,CD Split 1 · playoffs,15,0.667,4.59,88.0,9.0,55.0,97.0
Fuuu,RED Canids,CBLOL,Mid,CD Split 1 · playoffs,5,0.0,0.77,94.0,-3.0,55.0,91.0
Kojima,KaBuM! Ilha das Lendas,CD,ADC,CD Split 1 · playoffs,17,0.529,4.07,55.0,3.0,55.0,58.0
Yupps,KaBuM! Ilha das Lendas,CD,Top,CD Split 1 · playoffs,17,0.529,3.3,54.0,3.0,55.0,57.0
Guigs,KaBuM! Ilha das Lendas,CD,Support,CD Split 1 · playoffs,17,0.529,4.64,53.0,3.0,55.0,56.0
Grevthar,KaBuM! Ilha das Lendas,CD,Mid,CD Split 1 · playoffs,17,0.529,4.08,53.0,3.0,55.0,56.0
konseki,INTZ,CD,Support,CD Split 1 · playoffs,11,0.454,4.5,20.0,2.0,55.0,22.0
SCARY,KaBuM! Ilha das Lendas,CD,Jungle,CD Split 1 · playoffs,17,0.529,2.92,15.0,3.0,55.0,18.0
StineR,INTZ,CD,Jungle,CD Split 1 · playoffs,11,0.454,3.97,14.0,2.0,55.0,16.0
Leleko,INTZ,CD,Mid,CD Split 1 · playoffs,11,0.454,4.26,10.0,2.0,55.0,12.0
Kisee,Estral Esports,CD,Mid,CD Split 1 · playoffs,12,0.583,3.33,-20.0,-4.0,55.0,-24.0
Nero,RMD Gaming,CD,Jungle,CD Split 1 · playoffs,5,0.0,1.6,-42.0,-5.0,55.0,-47.0
Samkz,paiN Gaming Academy,CD,Jungle,CD Split 1 · playoffs,15,0.667,2.2,-58.0,9.0,55.0,-49.0
SuperCleber,Vivo Keyd Stars Academy,CD,Top,CD Split 1 · playoffs,12,0.583,3.26,-59.0,-4.0,55.0,-63.0
Buero,Vivo Keyd Stars Academy,CD,ADC,CD Split 1 · playoffs,14,0.714,3.22,-75.0,3.0,55.0,-72.0
Pilot,Ei Nerd Esports,CD,Mid,CD Split 1 · playoffs,3,0.0,1.43,-74.0,-4.0,55.0,-78.0
zay,Vivo Keyd Stars Academy,CD,Support,CD Split 1 · playoffs,3,0.0,1.0,-92.0,-4.0,55.0,-96.0
Netuno,INTZ,CD,ADC,CD Split 1 · playoffs,3,0.0,0.92,-93.0,-4.0,55.0,-97.0
Qats,Vivo Keyd Stars Academy,CD,Mid,CD Split 1 · playoffs,14,0.714,5.67,-129.0,3.0,55.0,-126.0
scuro,INTZ,CD,ADC,CD Split 1 · playoffs,11,0.454,4.19,-145.0,2.0,55.0,-143.0
Beenie,7REX,CD,ADC,CD Split 1 · playoffs,5,0.0,2.06,-149.0,-5.0,55.0,-154.0
Zoen,paiN Gaming Academy,CD,Top,CD Split 1 · playoffs,15,0.667,2.5,-180.0,9.0,55.0,-171.0
lolo,7REX,CD,Mid,CD Split 1 · playoffs,5,0.0,2.0,-193.0,-5.0,55.0,-198.0
bulas,7REX,CD,Support,CD Split 1 · playoffs,5,0.0,3.64,-200.0,-5.0,55.0,-205.0
Hakari,7REX,CD,Top,CD Split 1 · playoffs,5,0.0,1.71,-207.0,-5.0,55.0,-212.0
Marvin,paiN Gaming Academy,CD,ADC,CD Split 1 · playoffs,15,0.667,3.22,-224.0,9.0,55.0,-215.0
Gatovisck,paiN Gaming Academy,CD,Support,CD Split 1 · playoffs,15,0.667,4.28,-237.0,9.0,55.0,-228.0
Dizin,Ei Nerd Esports,CD,Jungle,CD Split 1 · playoffs,3,0.0,0.76,-235.0,-4.0,55.0,-239.0
Makes,Ei Nerd Esports,CD,Top,CD Split 1 · playoffs,3,0.0,0.36,-247.0,-4.0,55.0,-251.0
Houndin,Team Solid,CD,Support,CD Split 1 · playoffs,5,0.0,1.48,-466.0,-3.0,55.0,-469.0
jmz,RED Academy,CD,Top,CD Split 1 · playoffs,5,0.0,0.71,-479.0,-3.0,55.0,-482.0
zynts,RED Canids,CBLOL,Top,CD Split 1 · saison régulière,3,1.0,9.67,479.0,-0.0,55.0,479.0
Curse,LØS,CBLOL,Jungle,CD Split 1 · saison régulière,9,0.667,3.64,440.0,-5.0,55.0,435.0
CarioK,paiN Gaming,CBLOL,Jungle,CD Split 1 · saison régulière,3,0.667,4.62,371.0,-0.0,55.0,371.0
Sinatra,LOUD,CBLOL,Jungle,CD Split 1 · saison régulière,9,0.667,4.72,368.0,-1.0,55.0,367.0
uZent,LOUD,CBLOL,Support,CD Split 1 · saison régulière,9,0.667,6.35,345.0,-5.0,55.0,340.0
Rabelo,LOUD,CBLOL,ADC,CD Split 1 · saison régulière,9,0.667,2.93,305.0,-5.0,55.0,300.0
Brance,Estral Esports,CD,ADC,CD Split 1 · saison régulière,9,0.667,6.53,270.0,-1.0,55.0,269.0
Telas,Estral Esports,CD,Support,CD Split 1 · saison régulière,9,0.667,6.18,231.0,-1.0,55.0,230.0
scamber,Vivo Keyd Stars,CBLOL,Support,CD Split 1 · saison régulière,9,0.444,4.73,206.0,-3.0,55.0,203.0
zekas,Vivo Keyd Stars,CBLOL,Top,CD Split 1 · saison régulière,9,0.444,2.59,149.0,-3.0,55.0,146.0
Kiari,INTZ,CD,Top,CD Split 1 · saison régulière,6,0.833,3.11,126.0,4.0,55.0,130.0
Fuuu,RED Canids,CBLOL,Mid,CD Split 1 · saison régulière,9,0.667,7.14,94.0,-5.0,55.0,89.0
Namiru,paiN Gaming,CBLOL,Mid,CD Split 1 · saison régulière,15,0.467,3.15,88.0,-3.0,55.0,85.0
Kojima,KaBuM! Ilha das Lendas,CD,ADC,CD Split 1 · saison régulière,9,1.0,7.93,55.0,10.0,55.0,65.0
Yupps,KaBuM! Ilha das Lendas,CD,Top,CD Split 1 · saison régulière,9,1.0,5.22,54.0,10.0,55.0,64.0
Guigs,KaBuM! Ilha das Lendas,CD,Support,CD Split 1 · saison régulière,9,1.0,9.0,53.0,10.0,55.0,63.0
Grevthar,KaBuM! Ilha das Lendas,CD,Mid,CD Split 1 · saison régulière,9,1.0,10.18,53.0,10.0,55.0,63.0
SCARY,KaBuM! Ilha das Lendas,CD,Jungle,CD Split 1 · saison régulière,9,1.0,7.11,15.0,10.0,55.0,25.0
konseki,INTZ,CD,Support,CD Split 1 · saison régulière,9,0.556,4.33,20.0,0.0,55.0,20.0
StineR,INTZ,CD,Jungle,CD Split 1 · saison régulière,9,0.556,3.18,14.0,0.0,55.0,14.0
Leleko,INTZ,CD,Mid,CD Split 1 · saison régulière,9,0.556,3.39,10.0,0.0,55.0,10.0
Dioge,Team Solid,CD,Mid,CD Split 1 · saison régulière,5,0.2,2.92,-3.0,-4.0,55.0,-7.0
Manel,RED Canids,CBLOL,Support,CD Split 1 · saison régulière,15,0.267,2.88,-13.0,-3.0,55.0,-16.0
Kisee,Estral Esports,CD,Mid,CD Split 1 · saison régulière,9,0.667,5.4,-20.0,-1.0,55.0,-21.0
Nero,RMD Gaming,CD,Jungle,CD Split 1 · saison régulière,9,0.667,4.43,-42.0,8.0,55.0,-34.0
Samkz,paiN Gaming Academy,CD,Jungle,CD Split 1 · saison régulière,6,0.833,6.29,-58.0,6.0,55.0,-52.0
SuperCleber,Vivo Keyd Stars Academy,CD,Top,CD Split 1 · saison régulière,9,0.667,3.91,-59.0,-1.0,55.0,-60.0
Pilot,Ei Nerd Esports,CD,Mid,CD Split 1 · saison régulière,11,0.454,5.32,-74.0,4.0,55.0,-70.0
Buero,Vivo Keyd Stars Academy,CD,ADC,CD Split 1 · saison régulière,9,0.444,2.93,-75.0,-3.0,55.0,-78.0
zay,Vivo Keyd Stars Academy,CD,Support,CD Split 1 · saison régulière,11,0.454,5.75,-92.0,4.0,55.0,-88.0
Netuno,INTZ,CD,ADC,CD Split 1 · saison régulière,11,0.454,4.07,-93.0,4.0,55.0,-89.0
Qats,Vivo Keyd Stars Academy,CD,Mid,CD Split 1 · saison régulière,9,0.444,5.22,-129.0,-3.0,55.0,-132.0
Beenie,7REX,CD,ADC,CD Split 1 · saison régulière,9,0.667,4.95,-149.0,8.0,55.0,-141.0
scuro,INTZ,CD,ADC,CD Split 1 · saison régulière,9,0.556,2.87,-145.0,0.0,55.0,-145.0
bipi,Team Solid,CD,ADC,CD Split 1 · saison régulière,5,0.2,1.64,-149.0,-4.0,55.0,-153.0
sarolu,Vivo Keyd Stars Academy,CD,Jungle,CD Split 1 · saison régulière,9,0.444,2.58,-153.0,-3.0,55.0,-156.0
Zoen,paiN Gaming Academy,CD,Top,CD Split 1 · saison régulière,15,0.467,2.1,-180.0,-3.0,55.0,-183.0
Celo,RMD Gaming,CD,ADC,CD Split 1 · saison régulière,15,0.267,2.52,-181.0,-3.0,55.0,-184.0
lolo,7REX,CD,Mid,CD Split 1 · saison régulière,9,0.667,3.44,-193.0,8.0,55.0,-185.0
bulas,7REX,CD,Support,CD Split 1 · saison régulière,9,0.667,4.44,-200.0,8.0,55.0,-192.0
Hakari,7REX,CD,Top,CD Split 1 · saison régulière,9,0.667,3.7,-207.0,8.0,55.0,-199.0
Forlin,Team Solid,CD,Top,CD Split 1 · saison régulière,11,0.091,1.0,-211.0,-9.0,55.0,-220.0
Cavalo,Team Solid,CD,Support,CD Split 1 · saison régulière,11,0.091,1.74,-217.0,-9.0,55.0,-226.0
Marvin,paiN Gaming Academy,CD,ADC,CD Split 1 · saison régulière,15,0.467,3.05,-224.0,-3.0,55.0,-227.0
Dizin,Ei Nerd Esports,CD,Jungle,CD Split 1 · saison régulière,11,0.454,3.34,-235.0,4.0,55.0,-231.0
Blacky,RMD Gaming,CD,Mid,CD Split 1 · saison régulière,15,0.267,2.43,-233.0,-3.0,55.0,-236.0
Gatovisck,paiN Gaming Academy,CD,Support,CD Split 1 · saison régulière,15,0.467,2.57,-237.0,-3.0,55.0,-240.0
Makes,Ei Nerd Esports,CD,Top,CD Split 1 · saison régulière,11,0.454,3.0,-247.0,4.0,55.0,-243.0
Aegis,Team Solid,CD,Jungle,CD Split 1 · saison régulière,11,0.091,1.36,-330.0,-9.0,55.0,-339.0
Randal,RMD Gaming,CD,Jungle,CD Split 1 · saison régulière,15,0.267,1.78,-339.0,-3.0,55.0,-342.0
Levizin,paiN Gaming Academy,CD,Jungle,CD Split 1 · saison régulière,6,0.0,0.55,-354.0,-9.0,55.0,-363.0
cRa,RMD Gaming,CD,Top,CD Split 1 · saison régulière,15,0.267,1.78,-404.0,-3.0,55.0,-407.0
jmz,RED Academy,CD,Top,CD Split 1 · saison régulière,6,0.5,1.86,-479.0,-4.0,55.0,-483.0
Envy,Estral Esports,CD,Mid,CD Split 2 · playoffs,10,1.0,5.27,374.0,4.0,55.0,378.0
Bwipo,Estral Esports,CD,Top,CD Split 2 · playoffs,10,1.0,6.42,290.0,4.0,55.0,294.0
Brance,Estral Esports,CD,ADC,CD Split 2 · playoffs,10,1.0,6.43,270.0,4.0,55.0,274.0
Telas,Estral Esports,CD,Support,CD Split 2 · playoffs,10,1.0,6.42,231.0,4.0,55.0,235.0
Oddie,Estral Esports,CD,Jungle,CD Split 2 · playoffs,10,1.0,6.89,149.0,4.0,55.0,153.0
Kiari,INTZ,CD,Top,CD Split 2 · playoffs,13,0.462,2.56,126.0,-2.0,55.0,124.0
Namiru,paiN Gaming,CBLOL,Mid,CD Split 2 · playoffs,6,0.167,2.52,88.0,-9.0,55.0,79.0
Kojima,KaBuM! Ilha das Lendas,CD,ADC,CD Split 2 · playoffs,20,0.65,4.33,55.0,2.0,55.0,57.0
Yupps,KaBuM! Ilha das Lendas,CD,Top,CD Split 2 · playoffs,20,0.65,2.83,54.0,2.0,55.0,56.0
Guigs,KaBuM! Ilha das Lendas,CD,Support,CD Split 2 · playoffs,20,0.65,5.98,53.0,2.0,55.0,55.0
Grevthar,KaBuM! Ilha das Lendas,CD,Mid,CD Split 2 · playoffs,20,0.65,6.09,53.0,2.0,55.0,55.0
Drakehero,Ei Nerd Esports,CD,Jungle,CD Split 2 · playoffs,7,0.286,3.35,48.0,1.0,55.0,49.0
konseki,INTZ,CD,Support,CD Split 2 · playoffs,13,0.462,3.13,20.0,-2.0,55.0,18.0
SCARY,KaBuM! Ilha das Lendas,CD,Jungle,CD Split 2 · playoffs,20,0.65,4.45,15.0,2.0,55.0,17.0
StineR,INTZ,CD,Jungle,CD Split 2 · playoffs,13,0.462,4.16,14.0,-2.0,55.0,12.0
Leleko,INTZ,CD,Mid,CD Split 2 · playoffs,13,0.462,3.47,10.0,-2.0,55.0,8.0
Nero,RMD Gaming,CD,Jungle,CD Split 2 · playoffs,11,0.454,2.63,-42.0,4.0,55.0,-38.0
Elkinho,Ei Nerd Esports,CD,Support,CD Split 2 · playoffs,7,0.286,2.21,-49.0,1.0,55.0,-48.0
SuperCleber,Vivo Keyd Stars Academy,CD,Top,CD Split 2 · playoffs,12,0.417,1.83,-59.0,6.0,55.0,-53.0
Samkz,paiN Gaming Academy,CD,Jungle,CD Split 2 · playoffs,6,0.167,2.19,-58.0,-9.0,55.0,-67.0
Buero,Vivo Keyd Stars Academy,CD,ADC,CD Split 2 · playoffs,12,0.417,3.29,-75.0,6.0,55.0,-69.0
Pilot,Ei Nerd Esports,CD,Mid,CD Split 2 · playoffs,7,0.286,5.45,-74.0,1.0,55.0,-73.0
zay,Vivo Keyd Stars Academy,CD,Support,CD Split 2 · playoffs,12,0.417,3.91,-92.0,6.0,55.0,-86.0
Netuno,INTZ,CD,ADC,CD Split 2 · playoffs,13,0.462,4.48,-93.0,-2.0,55.0,-95.0
murilao,RMD Gaming,CD,Support,CD Split 2 · playoffs,11,0.454,2.92,-102.0,4.0,55.0,-98.0
Qats,Vivo Keyd Stars Academy,CD,Mid,CD Split 2 · playoffs,12,0.417,2.89,-129.0,6.0,55.0,-123.0
sarolu,Vivo Keyd Stars Academy,CD,Jungle,CD Split 2 · playoffs,12,0.417,2.79,-153.0,6.0,55.0,-147.0
Hidan,RMD Gaming,CD,Top,CD Split 2 · playoffs,11,0.454,1.96,-158.0,4.0,55.0,-154.0
Celo,RMD Gaming,CD,ADC,CD Split 2 · playoffs,11,0.454,3.32,-181.0,4.0,55.0,-177.0
Zoen,paiN Gaming Academy,CD,Top,CD Split 2 · playoffs,6,0.167,1.19,-180.0,-9.0,55.0,-189.0
lolo,7REX,CD,Mid,CD Split 2 · playoffs,5,0.0,1.52,-193.0,-6.0,55.0,-199.0
bulas,7REX,CD,Support,CD Split 2 · playoffs,5,0.0,2.0,-200.0,-6.0,55.0,-206.0
Hakari,7REX,CD,Top,CD Split 2 · playoffs,5,0.0,1.23,-207.0,-6.0,55.0,-213.0
Blacky,RMD Gaming,CD,Mid,CD Split 2 · playoffs,11,0.454,2.54,-233.0,4.0,55.0,-229.0
Marvin,paiN Gaming Academy,CD,ADC,CD Split 2 · playoffs,6,0.167,2.38,-224.0,-9.0,55.0,-233.0
Gatovisck,paiN Gaming Academy,CD,Support,CD Split 2 · playoffs,6,0.167,2.04,-237.0,-9.0,55.0,-246.0
Makes,Ei Nerd Esports,CD,Top,CD Split 2 · playoffs,7,0.286,2.67,-247.0,1.0,55.0,-246.0
Hirotto,7REX,CD,Jungle,CD Split 2 · playoffs,5,0.0,1.76,-281.0,-6.0,55.0,-287.0
Kog,Ei Nerd Esports,CD,ADC,CD Split 2 · playoffs,7,0.286,3.0,-314.0,1.0,55.0,-313.0
Aikawa,7REX,CD,ADC,CD Split 2 · playoffs,5,0.0,1.76,-358.0,-6.0,55.0,-364.0
Envy,Estral Esports,CD,Mid,CD Split 2 · saison régulière,9,1.0,5.87,374.0,3.0,55.0,377.0
Bwipo,Estral Esports,CD,Top,CD Split 2 · saison régulière,9,1.0,5.05,290.0,3.0,55.0,293.0
Brance,Estral Esports,CD,ADC,CD Split 2 · saison régulière,9,1.0,8.23,270.0,3.0,55.0,273.0
Telas,Estral Esports,CD,Support,CD Split 2 · saison régulière,9,1.0,6.33,231.0,3.0,55.0,234.0
Oddie,Estral Esports,CD,Jungle,CD Split 2 · saison régulière,9,1.0,12.27,149.0,3.0,55.0,152.0
Kiari,INTZ,CD,Top,CD Split 2 · saison régulière,9,0.778,4.04,126.0,6.0,55.0,132.0
Namiru,paiN Gaming,CBLOL,Mid,CD Split 2 · saison régulière,9,0.556,7.77,88.0,4.0,55.0,92.0
Drakehero,Ei Nerd Esports,CD,Jungle,CD Split 2 · saison régulière,9,0.444,3.32,48.0,-0.0,55.0,48.0
Kojima,KaBuM! Ilha das Lendas,CD,ADC,CD Split 2 · saison régulière,9,0.556,3.45,55.0,-8.0,55.0,47.0
Yupps,KaBuM! Ilha das Lendas,CD,Top,CD Split 2 · saison régulière,9,0.556,3.29,54.0,-8.0,55.0,46.0
Guigs,KaBuM! Ilha das Lendas,CD,Support,CD Split 2 · saison régulière,9,0.556,2.66,53.0,-8.0,55.0,45.0
Grevthar,KaBuM! Ilha das Lendas,CD,Mid,CD Split 2 · saison régulière,9,0.556,4.94,53.0,-8.0,55.0,45.0
konseki,INTZ,CD,Support,CD Split 2 · saison régulière,9,0.778,3.35,20.0,6.0,55.0,26.0
StineR,INTZ,CD,Jungle,CD Split 2 · saison régulière,9,0.778,6.81,14.0,6.0,55.0,20.0
Leleko,INTZ,CD,Mid,CD Split 2 · saison régulière,9,0.778,5.52,10.0,6.0,55.0,16.0
SCARY,KaBuM! Ilha das Lendas,CD,Jungle,CD Split 2 · saison régulière,9,0.556,4.8,15.0,-8.0,55.0,7.0
Manel,RED Canids,CBLOL,Support,CD Split 2 · saison régulière,11,0.091,1.42,-13.0,-4.0,55.0,-17.0
Nero,RMD Gaming,CD,Jungle,CD Split 2 · saison régulière,14,0.5,4.16,-42.0,-0.0,55.0,-42.0
Elkinho,Ei Nerd Esports,CD,Support,CD Split 2 · saison régulière,9,0.444,2.31,-49.0,-0.0,55.0,-49.0
Samkz,paiN Gaming Academy,CD,Jungle,CD Split 2 · saison régulière,9,0.556,3.66,-58.0,4.0,55.0,-54.0
SuperCleber,Vivo Keyd Stars Academy,CD,Top,CD Split 2 · saison régulière,9,0.444,2.36,-59.0,-3.0,55.0,-62.0
Pilot,Ei Nerd Esports,CD,Mid,CD Split 2 · saison régulière,9,0.444,5.52,-74.0,-0.0,55.0,-74.0
Buero,Vivo Keyd Stars Academy,CD,ADC,CD Split 2 · saison régulière,9,0.444,3.07,-75.0,-3.0,55.0,-78.0
Netuno,INTZ,CD,ADC,CD Split 2 · saison régulière,9,0.778,5.65,-93.0,6.0,55.0,-87.0
zay,Vivo Keyd Stars Academy,CD,Support,CD Split 2 · saison régulière,9,0.444,2.71,-92.0,-3.0,55.0,-95.0
murilao,RMD Gaming,CD,Support,CD Split 2 · saison régulière,14,0.5,2.97,-102.0,-0.0,55.0,-102.0
Qats,Vivo Keyd Stars Academy,CD,Mid,CD Split 2 · saison régulière,9,0.444,2.82,-129.0,-3.0,55.0,-132.0
bipi,Team Solid,CD,ADC,CD Split 2 · saison régulière,14,0.286,2.15,-149.0,-3.0,55.0,-152.0
sarolu,Vivo Keyd Stars Academy,CD,Jungle,CD Split 2 · saison régulière,9,0.444,2.77,-153.0,-3.0,55.0,-156.0
Hidan,RMD Gaming,CD,Top,CD Split 2 · saison régulière,14,0.5,3.26,-158.0,-0.0,55.0,-158.0
Zoen,paiN Gaming Academy,CD,Top,CD Split 2 · saison régulière,9,0.556,2.84,-180.0,4.0,55.0,-176.0
Celo,RMD Gaming,CD,ADC,CD Split 2 · saison régulière,14,0.5,3.98,-181.0,-0.0,55.0,-181.0
lolo,7REX,CD,Mid,CD Split 2 · saison régulière,11,0.546,4.19,-193.0,4.0,55.0,-189.0
bulas,7REX,CD,Support,CD Split 2 · saison régulière,11,0.546,2.63,-200.0,4.0,55.0,-196.0
Hakari,7REX,CD,Top,CD Split 2 · saison régulière,11,0.546,4.0,-207.0,4.0,55.0,-203.0
Marvin,paiN Gaming Academy,CD,ADC,CD Split 2 · saison régulière,9,0.556,5.26,-224.0,4.0,55.0,-220.0
Gatovisck,paiN Gaming Academy,CD,Support,CD Split 2 · saison régulière,9,0.556,2.8,-237.0,4.0,55.0,-233.0
Blacky,RMD Gaming,CD,Mid,CD Split 2 · saison régulière,14,0.5,3.4,-233.0,-0.0,55.0,-233.0
Makes,Ei Nerd Esports,CD,Top,CD Split 2 · saison régulière,9,0.444,3.56,-247.0,-0.0,55.0,-247.0
random,Team Solid,CD,Mid,CD Split 2 · saison régulière,14,0.286,3.4,-253.0,-3.0,55.0,-256.0
Hirotto,7REX,CD,Jungle,CD Split 2 · saison régulière,11,0.546,4.03,-281.0,4.0,55.0,-277.0
Kog,Ei Nerd Esports,CD,ADC,CD Split 2 · saison régulière,8,0.375,2.93,-314.0,-1.0,55.0,-315.0
Aegis,Team Solid,CD,Jungle,CD Split 2 · saison régulière,14,0.286,2.74,-330.0,-3.0,55.0,-333.0
Aikawa,7REX,CD,ADC,CD Split 2 · saison régulière,11,0.546,4.81,-358.0,4.0,55.0,-354.0
Tyrin,Team Solid,CD,Top,CD Split 2 · saison régulière,14,0.286,2.33,-352.0,-3.0,55.0,-355.0
nanashi,RED Academy,CD,ADC,CD Split 2 · saison régulière,11,0.091,1.87,-384.0,-4.0,55.0,-388.0
Houndin,Team Solid,CD,Support,CD Split 2 · saison régulière,14,0.286,1.5,-466.0,-3.0,55.0,-469.0
jmz,RED Academy,CD,Top,CD Split 2 · saison régulière,11,0.091,1.61,-479.0,-4.0,55.0,-483.0
smooth,RED Academy,CD,Jungle,CD Split 2 · saison régulière,11,0.091,1.28,-500.0,-4.0,55.0,-504.0
Nukenin,RED Academy,CD,Mid,CD Split 2 · saison régulière,11,0.091,1.38,-555.0,-4.0,55.0,-559.0
Sinatra,LOUD,CBLOL,Jungle,CD · saison régulière,5,1.0,5.73,368.0,1.0,55.0,369.0
Brance,Estral Esports,CD,ADC,CD · saison régulière,5,1.0,8.3,270.0,1.0,55.0,271.0
Telas,Estral Esports,CD,Support,CD · saison régulière,5,1.0,9.9,231.0,1.0,55.0,232.0
Namiru,paiN Gaming,CBLOL,Mid,CD · saison régulière,2,0.0,1.62,88.0,-3.0,55.0,85.0
Dioge,Team Solid,CD,Mid,CD · saison régulière,10,0.8,4.19,-3.0,12.0,55.0,9.0
Krastyel,Nerd's Gangster's Carecas,CD,Support,CD · saison régulière,12,0.583,3.56,-20.0,4.0,55.0,-16.0
Kisee,Estral Esports,CD,Mid,CD · saison régulière,5,1.0,7.89,-20.0,1.0,55.0,-19.0
Elkinho,Ei Nerd Esports,CD,Support,CD · saison régulière,25,0.72,4.74,-49.0,4.0,54.0,-45.0
beta32,emBRAZA! Esports,CD,Top,CD · saison régulière,10,0.6,3.92,-50.0,3.0,55.0,-47.0
Rosa,Invokers,CD,ADC,CD · saison régulière,28,0.679,4.75,-53.0,1.0,54.0,-52.0
SuperCleber,Vivo Keyd Stars Academy,CD,Top,CD · saison régulière,5,1.0,11.75,-59.0,1.0,55.0,-58.0
Pilot,Ei Nerd Esports,CD,Mid,CD · saison régulière,12,0.583,4.65,-74.0,4.0,55.0,-70.0
Coxinha748,Invokers,CD,Mid,CD · saison régulière,28,0.679,4.0,-82.0,1.0,54.0,-81.0
Juliera,Nerd's Gangster's Carecas,CD,ADC,CD · saison régulière,12,0.583,2.33,-115.0,4.0,55.0,-111.0
Guga,Invokers,CD,Jungle,CD · saison régulière,30,0.633,5.24,-112.0,-2.0,54.0,-114.0
Snalt,Barulhinhos,CD,Top,CD · saison régulière,19,0.526,2.65,-124.0,1.0,55.0,-123.0
Mewkyo,Barulhinhos,CD,Jungle,CD · saison régulière,19,0.526,3.46,-125.0,1.0,55.0,-124.0
Sant,Barulhinhos,CD,ADC,CD · saison régulière,19,0.526,3.33,-125.0,1.0,55.0,-124.0
Vahvel,Barulhinhos,CD,Support,CD · saison régulière,19,0.526,3.36,-133.0,1.0,55.0,-132.0
bipi,Team Solid,CD,ADC,CD · saison régulière,15,0.733,5.0,-149.0,13.0,55.0,-136.0
Yozan,Invokers,CD,Top,CD · saison régulière,30,0.633,2.9,-146.0,-2.0,54.0,-148.0
Hidan,RMD Gaming,CD,Top,CD · saison régulière,5,0.2,2.0,-158.0,-3.0,55.0,-161.0
Forlin,Team Solid,CD,Top,CD · saison régulière,10,0.8,5.21,-211.0,12.0,55.0,-199.0
Cavalo,Team Solid,CD,Support,CD · saison régulière,10,0.8,4.88,-217.0,12.0,55.0,-205.0
Gatovisck,paiN Gaming Academy,CD,Support,CD · saison régulière,2,0.0,1.5,-237.0,-3.0,55.0,-240.0
random,Team Solid,CD,Mid,CD · saison régulière,24,0.542,3.16,-253.0,3.0,54.0,-250.0
Aegis,Team Solid,CD,Jungle,CD · saison régulière,10,0.8,4.91,-330.0,12.0,55.0,-318.0
Velthan,Kuma e-Sports,CD,Support,CD · saison régulière,14,0.214,3.14,-323.0,-2.0,55.0,-325.0
DarkHarvest,Kuma e-Sports,CD,Mid,CD · saison régulière,14,0.214,2.41,-328.0,-2.0,55.0,-330.0
Levizin,paiN Gaming Academy,CD,Jungle,CD · saison régulière,12,0.583,3.57,-354.0,4.0,55.0,-350.0
Aikawa,7REX,CD,ADC,CD · saison régulière,5,0.2,2.44,-358.0,-3.0,55.0,-361.0
TiRAn,Kuma e-Sports,CD,Top,CD · saison régulière,14,0.214,1.56,-373.0,-2.0,55.0,-375.0
Peco,RAMPAGE,LRS,Mid,CD · saison régulière,8,0.375,2.73,-378.0,2.0,55.0,-376.0
kenNedy,Kuma e-Sports,CD,Jungle,CD · saison régulière,16,0.188,2.08,-380.0,-3.0,55.0,-383.0
nanashi,RED Academy,CD,ADC,CD · saison régulière,5,0.6,3.75,-384.0,1.0,55.0,-383.0
Stoneses,RAMPAGE,LRS,Support,CD · saison régulière,8,0.375,2.94,-412.0,2.0,55.0,-410.0
schastye,Kuma e-Sports,CD,ADC,CD · saison régulière,14,0.214,1.97,-418.0,-2.0,55.0,-420.0
Houndin,Team Solid,CD,Support,CD · saison régulière,5,0.6,4.2,-466.0,2.0,55.0,-464.0
jmz,RED Academy,CD,Top,CD · saison régulière,12,0.583,1.93,-479.0,4.0,55.0,-475.0
smooth,RED Academy,CD,Jungle,CD · saison régulière,2,0.0,0.8,-500.0,-2.0,55.0,-502.0
Nukenin,RED Academy,CD,Mid,CD · saison régulière,4,0.0,1.42,-555.0,-3.0,55.0,-558.0
Mxe,Magaza Esports,EBL,Support,EBL Finals · playoffs,9,0.667,5.22,29.0,1.0,55.0,30.0
Enoch,The Secret Club,EBL,Support,EBL Finals · playoffs,8,0.625,3.46,-71.0,2.0,55.0,-69.0
Metroflox,Magaza Esports,EBL,Jungle,EBL Finals · playoffs,9,0.667,3.66,-140.0,1.0,55.0,-139.0
pr1me,Magaza Esports,EBL,Top,EBL Finals · playoffs,9,0.667,3.07,-146.0,1.0,55.0,-145.0
Vespa,Only The Family,EBL,ADC,EBL Finals · playoffs,8,0.375,3.23,-193.0,2.0,55.0,-191.0
Kryzik,The Secret Club,EBL,Mid,EBL Finals · playoffs,8,0.625,4.0,-195.0,2.0,55.0,-193.0
Crem,Magaza Esports,EBL,ADC,EBL Finals · playoffs,9,0.667,3.95,-198.0,1.0,55.0,-197.0
FSZ,Magaza Esports,EBL,Mid,EBL Finals · playoffs,9,0.667,5.68,-213.0,1.0,55.0,-212.0
Nasser,The Secret Club,EBL,Jungle,EBL Finals · playoffs,8,0.625,3.71,-228.0,2.0,55.0,-226.0
Yuki,The Secret Club,EBL,ADC,EBL Finals · playoffs,8,0.625,4.87,-231.0,2.0,55.0,-229.0
Leo s Man,Only The Family,EBL,Support,EBL Finals · playoffs,8,0.375,3.34,-307.0,2.0,55.0,-305.0
Danilo,The Secret Club,EBL,Top,EBL Finals · playoffs,8,0.625,2.46,-337.0,2.0,55.0,-335.0
Lagolinas,Lenovo Legion Honvéd,EBL,Mid,EBL Finals · playoffs,9,0.333,1.76,-379.0,-6.0,55.0,-385.0
Renewal,Only The Family,EBL,Jungle,EBL Finals · playoffs,8,0.375,2.96,-389.0,2.0,55.0,-387.0
Sekkou,Lenovo Legion Honvéd,EBL,Support,EBL Finals · playoffs,9,0.333,2.29,-390.0,-6.0,55.0,-396.0
Heprex,Only The Family,EBL,Top,EBL Finals · playoffs,8,0.375,2.88,-414.0,2.0,55.0,-412.0
Endless,Lenovo Legion Honvéd,EBL,ADC,EBL Finals · playoffs,9,0.333,2.0,-406.0,-6.0,55.0,-412.0
Bala,Lenovo Legion Honvéd,EBL,Top,EBL Finals · playoffs,9,0.333,1.81,-435.0,-6.0,55.0,-441.0
Paresz,Lenovo Legion Honvéd,EBL,Jungle,EBL Finals · playoffs,9,0.333,1.91,-468.0,-6.0,55.0,-474.0
Skaterot,Only The Family,EBL,Mid,EBL Finals · playoffs,8,0.375,3.75,-510.0,2.0,55.0,-508.0
Shy Carry,Anubis Gaming,AL,ADC,EBL Spring · playoffs,9,1.0,6.17,334.0,1.0,55.0,335.0
Erdote,devils.one inStreamly,RL,Support,EBL Spring · playoffs,9,1.0,19.44,301.0,1.0,55.0,302.0
Chan,Partizan Sangal,EBL,Top,EBL Spring · playoffs,9,1.0,5.3,51.0,1.0,55.0,52.0
Ruby,Partizan Sangal,EBL,Mid,EBL Spring · playoffs,9,1.0,8.31,23.0,1.0,55.0,24.0
Ferret,Partizan Sangal,EBL,Jungle,EBL Spring · playoffs,9,1.0,6.38,-5.0,1.0,55.0,-4.0
Mood,Deer Gaming,NLC,Support,EBL Spring · playoffs,9,0.556,3.8,-51.0,4.0,55.0,-47.0
Passzi,UCAM Esports,NL,Support,EBL Spring · playoffs,13,0.538,3.44,-62.0,-4.0,55.0,-66.0
Metroflox,Magaza Esports,EBL,Jungle,EBL Spring · playoffs,13,0.538,3.54,-140.0,7.0,55.0,-133.0
Falleo,White Dragons,LPLOL,Top,EBL Spring · playoffs,13,0.538,2.6,-130.0,-4.0,55.0,-134.0
Crem,Magaza Esports,EBL,ADC,EBL Spring · playoffs,13,0.538,3.18,-198.0,7.0,55.0,-191.0
Archfiend,Esprit Shōnen,EBL,Top,EBL Spring · playoffs,13,0.538,1.69,-212.0,7.0,55.0,-205.0
FSZ,Magaza Esports,EBL,Mid,EBL Spring · playoffs,13,0.538,3.39,-213.0,7.0,55.0,-206.0
STANIK,mCon esports,ROL,Mid,EBL Spring · playoffs,13,0.538,3.74,-239.0,-4.0,55.0,-243.0
justcan,Magaza Esports,EBL,Support,EBL Spring · playoffs,13,0.538,3.87,-318.0,7.0,55.0,-311.0
Death,Magaza Esports,EBL,Jungle,EBL Spring · playoffs,7,0.286,2.35,-334.0,1.0,55.0,-333.0
Lagolinas,Lenovo Legion Honvéd,EBL,Mid,EBL Spring · playoffs,10,0.5,4.0,-379.0,2.0,55.0,-377.0
mirza,Mighty Eagles,EBL,ADC,EBL Spring · playoffs,5,0.4,2.33,-393.0,1.0,55.0,-392.0
vladichich,RLX Esports,EBL,ADC,EBL Spring · playoffs,6,0.333,1.85,-402.0,-2.0,55.0,-404.0
Endless,Lenovo Legion Honvéd,EBL,ADC,EBL Spring · playoffs,10,0.5,3.36,-406.0,2.0,55.0,-404.0
Blueboar,One More Esports,AL,Jungle,EBL Spring · playoffs,10,0.5,2.53,-416.0,2.0,55.0,-414.0
Bala,Lenovo Legion Honvéd,EBL,Top,EBL Spring · playoffs,10,0.5,1.79,-435.0,2.0,55.0,-433.0
Ryuzaki,TITANS,LIT,Jungle,EBL Spring · playoffs,13,0.538,4.57,-458.0,-4.0,55.0,-462.0
Exile1,SPIKE Syndicate,EBL,Jungle,EBL Spring · playoffs,6,0.333,1.82,-462.0,-2.0,55.0,-464.0
Paresz,Lenovo Legion Honvéd,EBL,Jungle,EBL Spring · playoffs,1,0.0,1.25,-468.0,-2.0,55.0,-470.0
Kaylem,EKO Esports,LIT,Top,EBL Spring · playoffs,6,0.333,2.88,-498.0,-2.0,55.0,-500.0
Mihai,EKO Esports,EBL,ADC,EBL Spring · playoffs,13,0.538,4.32,-525.0,-4.0,55.0,-529.0
Candy,Lupus Esports,EBL,Support,EBL Spring · playoffs,6,0.333,2.15,-581.0,-2.0,55.0,-583.0
VeRu,Lupus Esports,EBL,Mid,EBL Spring · playoffs,6,0.333,1.76,-587.0,-2.0,55.0,-589.0
Ludas Matyi,Team Spawn Peek,EBL,ADC,EBL Spring · playoffs,7,0.286,1.41,-659.0,-3.0,55.0,-662.0
Baki,Lupus Esports,EBL,ADC,EBL Spring · playoffs,5,0.2,2.0,-665.0,-2.0,55.0,-667.0
Neczo,ALMO Players,EBL,Mid,EBL Spring · playoffs,7,0.286,1.97,-684.0,-3.0,55.0,-687.0
Shy Carry,Anubis Gaming,AL,ADC,EBL Spring · saison régulière,8,1.0,6.22,334.0,-1.0,55.0,333.0
Erdote,devils.one inStreamly,RL,Support,EBL Spring · saison régulière,8,1.0,6.0,301.0,-1.0,55.0,300.0
Chan,Partizan Sangal,EBL,Top,EBL Spring · saison régulière,8,1.0,5.11,51.0,-1.0,55.0,50.0
Ruby,Partizan Sangal,EBL,Mid,EBL Spring · saison régulière,8,1.0,5.76,23.0,-1.0,55.0,22.0
Ferret,Partizan Sangal,EBL,Jungle,EBL Spring · saison régulière,8,1.0,6.3,-5.0,-1.0,55.0,-6.0
Passzi,UCAM Esports,NL,Support,EBL Spring · saison régulière,10,0.6,5.76,-62.0,5.0,55.0,-57.0
Rayito,GIANTX iTero,LES,ADC,EBL Spring · saison régulière,11,0.364,1.8,-110.0,-2.0,55.0,-112.0
Falleo,White Dragons,LPLOL,Top,EBL Spring · saison régulière,10,0.6,2.27,-130.0,5.0,55.0,-125.0
Metroflox,Magaza Esports,EBL,Jungle,EBL Spring · saison régulière,11,0.546,4.06,-140.0,-1.0,55.0,-141.0
Crem,Magaza Esports,EBL,ADC,EBL Spring · saison régulière,11,0.546,3.58,-198.0,-1.0,55.0,-199.0
Archfiend,Esprit Shōnen,EBL,Top,EBL Spring · saison régulière,11,0.546,1.77,-212.0,-1.0,55.0,-213.0
FSZ,Magaza Esports,EBL,Mid,EBL Spring · saison régulière,11,0.546,3.61,-213.0,-1.0,55.0,-214.0
STANIK,mCon esports,ROL,Mid,EBL Spring · saison régulière,10,0.6,5.95,-239.0,5.0,55.0,-234.0
PatkicaA,Myth Esports,ROL,Top,EBL Spring · saison régulière,11,0.364,1.57,-234.0,-2.0,55.0,-236.0
Yuki,The Secret Club,EBL,ADC,EBL Spring · saison régulière,11,0.273,2.16,-231.0,-6.0,55.0,-237.0
justcan,Magaza Esports,EBL,Support,EBL Spring · saison régulière,11,0.546,4.12,-318.0,-1.0,55.0,-319.0
Danilo,The Secret Club,EBL,Top,EBL Spring · saison régulière,11,0.273,1.59,-337.0,-6.0,55.0,-343.0
vladichich,RLX Esports,EBL,ADC,EBL Spring · saison régulière,11,0.364,2.47,-402.0,5.0,55.0,-397.0
Lotuss,Myth Esports,ROL,Jungle,EBL Spring · saison régulière,11,0.364,3.5,-412.0,-2.0,55.0,-414.0
Ryuzaki,TITANS,LIT,Jungle,EBL Spring · saison régulière,10,0.6,4.15,-458.0,5.0,55.0,-453.0
Exile1,SPIKE Syndicate,EBL,Jungle,EBL Spring · saison régulière,11,0.364,2.27,-462.0,5.0,55.0,-457.0
Kaylem,EKO Esports,LIT,Top,EBL Spring · saison régulière,11,0.364,2.46,-498.0,5.0,55.0,-493.0
Tasteless,Lupus Esports,EBL,Support,EBL Spring · saison régulière,11,0.364,2.68,-516.0,-2.0,55.0,-518.0
Mihai,EKO Esports,EBL,ADC,EBL Spring · saison régulière,10,0.6,3.97,-525.0,5.0,55.0,-520.0
Pesho,Lupus Esports,EBL,Mid,EBL Spring · saison régulière,11,0.364,2.23,-525.0,-2.0,55.0,-527.0
Sikterr,Croatian Flair,EBL,Jungle,EBL Spring · saison régulière,11,0.273,2.63,-526.0,-6.0,55.0,-532.0
Candy,Lupus Esports,EBL,Support,EBL Spring · saison régulière,9,0.444,2.4,-581.0,4.0,55.0,-577.0
VeRu,Lupus Esports,EBL,Mid,EBL Spring · saison régulière,11,0.364,2.54,-587.0,5.0,55.0,-582.0
Phaxi,SPIKE Syndicate,EBL,Top,EBL Spring · saison régulière,1,0.0,0.0,-583.0,0.0,55.0,-583.0
CROmpir,RLX Esports,EBL,Mid,EBL Spring · saison régulière,11,0.273,1.8,-600.0,-6.0,55.0,-606.0
Mxe,Magaza Esports,EBL,Support,EBL Summer · playoffs,7,0.429,2.75,29.0,-9.0,55.0,20.0
Enoch,The Secret Club,EBL,Support,EBL Summer · playoffs,9,0.889,6.1,-71.0,7.0,55.0,-64.0
pr1me,Magaza Esports,EBL,Top,EBL Summer · playoffs,7,0.429,2.21,-146.0,-9.0,55.0,-155.0
Shakur,Only The Family,HLL,ADC,EBL Summer · playoffs,2,1.0,5.0,-171.0,2.0,55.0,-169.0
Kryzik,The Secret Club,EBL,Mid,EBL Summer · playoffs,9,0.889,8.5,-195.0,7.0,55.0,-188.0
Crem,Magaza Esports,EBL,ADC,EBL Summer · playoffs,7,0.429,2.62,-198.0,-9.0,55.0,-207.0
Nasser,The Secret Club,EBL,Jungle,EBL Summer · playoffs,9,0.889,6.75,-228.0,7.0,55.0,-221.0
FSZ,Magaza Esports,EBL,Mid,EBL Summer · playoffs,7,0.429,2.37,-213.0,-9.0,55.0,-222.0
Yuki,The Secret Club,EBL,ADC,EBL Summer · playoffs,9,0.889,10.25,-231.0,7.0,55.0,-224.0
Leo s Man,Only The Family,EBL,Support,EBL Summer · playoffs,5,0.4,1.61,-307.0,-3.0,55.0,-310.0
Danilo,The Secret Club,EBL,Top,EBL Summer · playoffs,9,0.889,3.48,-337.0,7.0,55.0,-330.0
Death,Magaza Esports,EBL,Jungle,EBL Summer · playoffs,7,0.429,2.34,-334.0,-9.0,55.0,-343.0
Lagolinas,Lenovo Legion Honvéd,EBL,Mid,EBL Summer · playoffs,9,0.556,3.91,-379.0,7.0,55.0,-372.0
Sekkou,Lenovo Legion Honvéd,EBL,Support,EBL Summer · playoffs,9,0.556,3.97,-390.0,7.0,55.0,-383.0
Renewal,Only The Family,EBL,Jungle,EBL Summer · playoffs,5,0.4,2.03,-389.0,-3.0,55.0,-392.0
Endless,Lenovo Legion Honvéd,EBL,ADC,EBL Summer · playoffs,9,0.556,4.41,-406.0,7.0,55.0,-399.0
Heprex,Only The Family,EBL,Top,EBL Summer · playoffs,5,0.4,3.4,-414.0,-3.0,55.0,-417.0
Bala,Lenovo Legion Honvéd,EBL,Top,EBL Summer · playoffs,9,0.556,2.75,-435.0,7.0,55.0,-428.0
SoimuMIC,REDPack Esports,HLL,Top,EBL Summer · playoffs,3,0.333,2.27,-455.0,0.0,55.0,-455.0
Paresz,Lenovo Legion Honvéd,EBL,Jungle,EBL Summer · playoffs,9,0.556,4.89,-468.0,7.0,55.0,-461.0
Royeq,REDPack Esports,NLC,ADC,EBL Summer · playoffs,3,0.333,5.4,-463.0,0.0,55.0,-463.0
Kozak,SPIKE Syndicate,EBL,ADC,EBL Summer · playoffs,2,0.0,5.4,-490.0,-2.0,55.0,-492.0
mannelig,SPIKE Syndicate,EBL,Support,EBL Summer · playoffs,2,0.0,2.56,-494.0,-2.0,55.0,-496.0
Skaterot,Only The Family,EBL,Mid,EBL Summer · playoffs,5,0.4,1.78,-510.0,-3.0,55.0,-513.0
Leader,Hooligans,EBL,Jungle,EBL Summer · playoffs,2,0.0,2.67,-541.0,-2.0,55.0,-543.0
Sprotte,SPIKE Syndicate,ROL,Top,EBL Summer · playoffs,2,0.0,1.08,-551.0,-2.0,55.0,-553.0
Robi,SPIKE Syndicate,EBL,Mid,EBL Summer · playoffs,2,0.0,1.7,-558.0,-2.0,55.0,-560.0
Unchained,Hooligans,ROL,Mid,EBL Summer · playoffs,2,0.0,0.69,-558.0,-2.0,55.0,-560.0
Ferrari,SPIKE Syndicate,EBL,Jungle,EBL Summer · playoffs,2,0.0,2.2,-563.0,-2.0,55.0,-565.0
2 Meters,Hooligans,EBL,Top,EBL Summer · playoffs,2,0.0,1.22,-565.0,-2.0,55.0,-567.0
Mxe,Magaza Esports,EBL,Support,EBL Summer · saison régulière,11,0.909,3.69,29.0,7.0,55.0,36.0
Enoch,The Secret Club,EBL,Support,EBL Summer · saison régulière,12,0.75,4.64,-71.0,-2.0,55.0,-73.0
pr1me,Magaza Esports,EBL,Top,EBL Summer · saison régulière,11,0.909,5.5,-146.0,7.0,55.0,-139.0
Crem,Magaza Esports,EBL,ADC,EBL Summer · saison régulière,11,0.909,5.81,-198.0,7.0,55.0,-191.0
Kryzik,The Secret Club,EBL,Mid,EBL Summer · saison régulière,12,0.75,3.5,-195.0,-2.0,55.0,-197.0
FSZ,Magaza Esports,EBL,Mid,EBL Summer · saison régulière,11,0.909,8.38,-213.0,7.0,55.0,-206.0
Nasser,The Secret Club,EBL,Jungle,EBL Summer · saison régulière,12,0.75,3.76,-228.0,-2.0,55.0,-230.0
Yuki,The Secret Club,EBL,ADC,EBL Summer · saison régulière,12,0.75,7.0,-231.0,-2.0,55.0,-233.0
Death,Magaza Esports,EBL,Jungle,EBL Summer · saison régulière,11,0.909,4.82,-334.0,7.0,55.0,-327.0
Danilo,The Secret Club,EBL,Top,EBL Summer · saison régulière,12,0.75,3.5,-337.0,-2.0,55.0,-339.0
vladichich,RLX Esports,EBL,ADC,EBL Summer · saison régulière,15,0.333,2.75,-402.0,-2.0,55.0,-404.0
Kozak,SPIKE Syndicate,EBL,ADC,EBL Summer · saison régulière,13,0.462,4.45,-490.0,2.0,55.0,-488.0
mannelig,SPIKE Syndicate,EBL,Support,EBL Summer · saison régulière,13,0.462,2.82,-494.0,2.0,55.0,-492.0
Fabean,Hooligans,EBL,Mid,EBL Summer · saison régulière,10,0.4,3.48,-495.0,0.0,55.0,-495.0
BanaBeer,RLX Esports,EBL,Jungle,EBL Summer · saison régulière,15,0.333,3.14,-497.0,-2.0,55.0,-499.0
Leader,Hooligans,EBL,Jungle,EBL Summer · saison régulière,13,0.385,3.83,-541.0,-3.0,55.0,-544.0
Noivex,RLX Esports,EBL,Top,EBL Summer · saison régulière,15,0.333,1.79,-553.0,-2.0,55.0,-555.0
Robi,SPIKE Syndicate,EBL,Mid,EBL Summer · saison régulière,13,0.462,4.03,-558.0,2.0,55.0,-556.0
Ferrari,SPIKE Syndicate,EBL,Jungle,EBL Summer · saison régulière,13,0.462,2.92,-563.0,2.0,55.0,-561.0
2 Meters,Hooligans,EBL,Top,EBL Summer · saison régulière,10,0.4,2.4,-565.0,0.0,55.0,-565.0
Candy,Lupus Esports,EBL,Support,EBL Summer · saison régulière,14,0.286,2.65,-581.0,-2.0,55.0,-583.0
VeRu,Lupus Esports,EBL,Mid,EBL Summer · saison régulière,14,0.286,2.46,-587.0,-2.0,55.0,-589.0
Kellie,RLX Esports,EBL,Support,EBL Summer · saison régulière,15,0.333,2.05,-600.0,-2.0,55.0,-602.0
CROmpir,RLX Esports,EBL,Mid,EBL Summer · saison régulière,15,0.333,2.26,-600.0,-2.0,55.0,-602.0
MegaJ,Lupus Esports,EBL,Top,EBL Summer · saison régulière,14,0.286,1.46,-605.0,-2.0,55.0,-607.0
Baki,Lupus Esports,EBL,ADC,EBL Summer · saison régulière,14,0.286,3.76,-665.0,-2.0,55.0,-667.0
Vidzil,Lupus Esports,EBL,Jungle,EBL Summer · saison régulière,11,0.182,1.46,-758.0,-6.0,55.0,-764.0
Rajed,SPIKE Syndicate,EBL,Top,EBL Summer · saison régulière,13,0.462,2.54,-768.0,2.0,55.0,-766.0
Shy Carry,Anubis Gaming,AL,ADC,EBL Winter · playoffs,9,1.0,6.64,334.0,0.0,55.0,334.0
Erdote,devils.one inStreamly,RL,Support,EBL Winter · playoffs,9,1.0,9.11,301.0,0.0,55.0,301.0
Chan,Partizan Sangal,EBL,Top,EBL Winter · playoffs,9,1.0,5.71,51.0,0.0,55.0,51.0
Ruby,Partizan Sangal,EBL,Mid,EBL Winter · playoffs,9,1.0,12.15,23.0,0.0,55.0,23.0
Ferret,Partizan Sangal,EBL,Jungle,EBL Winter · playoffs,9,1.0,10.0,-5.0,0.0,55.0,-5.0
Passzi,UCAM Esports,NL,Support,EBL Winter · playoffs,13,0.462,3.79,-62.0,-2.0,55.0,-64.0
Enoch,The Secret Club,EBL,Support,EBL Winter · playoffs,10,0.6,3.58,-71.0,4.0,55.0,-67.0
Rayito,GIANTX iTero,LES,ADC,EBL Winter · playoffs,13,0.538,2.55,-110.0,8.0,55.0,-102.0
Falleo,White Dragons,LPLOL,Top,EBL Winter · playoffs,7,0.429,3.05,-130.0,-1.0,55.0,-131.0
Panj,Myth Esports,ROL,Support,EBL Winter · playoffs,13,0.538,3.41,-217.0,8.0,55.0,-209.0
PatkicaA,Myth Esports,ROL,Top,EBL Winter · playoffs,13,0.538,2.64,-234.0,8.0,55.0,-226.0
Yuki,The Secret Club,EBL,ADC,EBL Winter · playoffs,10,0.6,4.26,-231.0,4.0,55.0,-227.0
DoubleAiM,BeFive,EBL,Jungle,EBL Winter · playoffs,7,0.429,2.86,-235.0,-1.0,55.0,-236.0
Ronaldo,Bulldog Esports,NLC,Mid,EBL Winter · playoffs,6,0.333,2.32,-275.0,-5.0,55.0,-280.0
Diva,BeFive,EBL,Mid,EBL Winter · playoffs,7,0.429,1.97,-285.0,-1.0,55.0,-286.0
Dehaste,Team Aqua ASD,EBL,Mid,EBL Winter · playoffs,13,0.538,2.29,-336.0,8.0,55.0,-328.0
Danilo,The Secret Club,EBL,Top,EBL Winter · playoffs,10,0.6,3.1,-337.0,4.0,55.0,-333.0
Lagolinas,Lenovo Legion Honvéd,EBL,Mid,EBL Winter · playoffs,13,0.462,3.8,-379.0,-2.0,55.0,-381.0
mirza,Mighty Eagles,EBL,ADC,EBL Winter · playoffs,2,0.0,3.33,-393.0,-2.0,55.0,-395.0
Lotuss,Myth Esports,ROL,Jungle,EBL Winter · playoffs,13,0.538,4.0,-412.0,8.0,55.0,-404.0
Endless,Lenovo Legion Honvéd,EBL,ADC,EBL Winter · playoffs,13,0.462,2.83,-406.0,-2.0,55.0,-408.0
Blueboar,One More Esports,AL,Jungle,EBL Winter · playoffs,13,0.462,3.22,-416.0,-2.0,55.0,-418.0
Bala,Lenovo Legion Honvéd,EBL,Top,EBL Winter · playoffs,13,0.462,1.68,-435.0,-2.0,55.0,-437.0
Ryuzaki,TITANS,LIT,Jungle,EBL Winter · playoffs,4,0.5,3.42,-458.0,-1.0,55.0,-459.0
Kaylem,EKO Esports,LIT,Top,EBL Winter · playoffs,6,0.333,1.75,-498.0,-5.0,55.0,-503.0
Sikterr,Croatian Flair,EBL,Jungle,EBL Winter · playoffs,10,0.6,2.8,-526.0,4.0,55.0,-522.0
Mihai,EKO Esports,EBL,ADC,EBL Winter · playoffs,6,0.333,2.36,-525.0,-5.0,55.0,-530.0
Davyyy,TIGROTS,LIT,Top,EBL Winter · playoffs,4,0.0,1.04,-556.0,-3.0,55.0,-559.0
ZaFiR,Hyperion (Portuguese Team),EBL,Support,EBL Winter · playoffs,2,0.0,0.62,-572.0,-4.0,55.0,-576.0
Coli,Dynasty,EBL,Support,EBL Winter · playoffs,7,0.429,1.77,-591.0,-1.0,55.0,-592.0
CROmpir,RLX Esports,EBL,Mid,EBL Winter · playoffs,10,0.6,2.77,-600.0,4.0,55.0,-596.0
Alessio,EKO Esports,LIT,ADC,EBL Winter · playoffs,4,0.0,2.29,-632.0,-3.0,55.0,-635.0
bakisa,Dynasty,EBL,ADC,EBL Winter · playoffs,7,0.429,2.41,-682.0,-1.0,55.0,-683.0
flini,Mighty Eagles,HC,Jungle,EBL Winter · playoffs,4,0.0,1.79,-820.0,-3.0,55.0,-823.0
Shy Carry,Anubis Gaming,AL,ADC,EBL Winter · saison régulière,8,1.0,9.14,334.0,-2.0,55.0,332.0
Erdote,devils.one inStreamly,RL,Support,EBL Winter · saison régulière,8,1.0,6.04,301.0,-2.0,55.0,299.0
Chan,Partizan Sangal,EBL,Top,EBL Winter · saison régulière,8,1.0,6.29,51.0,-2.0,55.0,49.0
Ruby,Partizan Sangal,EBL,Mid,EBL Winter · saison régulière,8,1.0,7.05,23.0,-2.0,55.0,21.0
Ferret,Partizan Sangal,EBL,Jungle,EBL Winter · saison régulière,8,1.0,8.94,-5.0,-2.0,55.0,-7.0
Mood,Deer Gaming,NLC,Support,EBL Winter · saison régulière,12,0.417,3.38,-51.0,-3.0,55.0,-54.0
Rayito,GIANTX iTero,LES,ADC,EBL Winter · saison régulière,13,0.615,3.89,-110.0,-1.0,55.0,-111.0
Falleo,White Dragons,LPLOL,Top,EBL Winter · saison régulière,12,0.583,2.28,-130.0,7.0,55.0,-123.0
Panj,Myth Esports,ROL,Support,EBL Winter · saison régulière,13,0.615,3.34,-217.0,-1.0,55.0,-218.0
DoubleAiM,BeFive,EBL,Jungle,EBL Winter · saison régulière,12,0.583,3.38,-235.0,7.0,55.0,-228.0
PatkicaA,Myth Esports,ROL,Top,EBL Winter · saison régulière,13,0.615,3.49,-234.0,-1.0,55.0,-235.0
Ronaldo,Bulldog Esports,NLC,Mid,EBL Winter · saison régulière,12,0.333,3.16,-275.0,3.0,55.0,-272.0
Diva,BeFive,EBL,Mid,EBL Winter · saison régulière,10,0.7,2.85,-285.0,6.0,55.0,-279.0
M0NK,Dynasty,ROL,ADC,EBL Winter · saison régulière,12,0.417,2.78,-314.0,-3.0,55.0,-317.0
Dehaste,Team Aqua ASD,EBL,Mid,EBL Winter · saison régulière,13,0.615,2.7,-336.0,-1.0,55.0,-337.0
Lotuss,Myth Esports,ROL,Jungle,EBL Winter · saison régulière,13,0.615,4.07,-412.0,-1.0,55.0,-413.0
Ryuzaki,TITANS,LIT,Jungle,EBL Winter · saison régulière,12,0.333,4.34,-458.0,3.0,55.0,-455.0
Kaylem,EKO Esports,LIT,Top,EBL Winter · saison régulière,12,0.333,2.22,-498.0,3.0,55.0,-495.0
Mihai,EKO Esports,EBL,ADC,EBL Winter · saison régulière,12,0.333,3.07,-525.0,3.0,55.0,-522.0
Robi,SPIKE Syndicate,EBL,Mid,EBL Winter · saison régulière,12,0.417,3.24,-558.0,-3.0,55.0,-561.0
ZaFiR,Hyperion (Portuguese Team),EBL,Support,EBL Winter · saison régulière,12,0.333,2.5,-572.0,3.0,55.0,-569.0
Coli,Dynasty,EBL,Support,EBL Winter · saison régulière,12,0.583,3.0,-591.0,7.0,55.0,-584.0
Phaxi,SPIKE Syndicate,EBL,Top,EBL Winter · saison régulière,12,0.417,2.32,-583.0,-3.0,55.0,-586.0
bakisa,Dynasty,EBL,ADC,EBL Winter · saison régulière,12,0.583,3.33,-682.0,7.0,55.0,-675.0
Thayger,Galions,LFL,Jungle,EMEA Masters Spring,14,0.929,10.3,615.0,12.0,55.0,627.0
Kryze,Solary,LFL,Top,EMEA Masters Spring,14,0.714,2.61,620.0,-0.0,55.0,620.0
Carlsen,Galions,LFL,Top,EMEA Masters Spring,14,0.929,6.75,598.0,12.0,55.0,610.0
Zicssi,Solary,LFL,Jungle,EMEA Masters Spring,14,0.714,3.54,604.0,-0.0,55.0,604.0
Zoelys,Galions,LFL,Support,EMEA Masters Spring,14,0.929,7.38,591.0,12.0,55.0,603.0
Piero,Solary,LFL,Support,EMEA Masters Spring,14,0.714,3.95,601.0,-0.0,55.0,601.0
Aetinoth,Solary,LFL,ADC,EMEA Masters Spring,14,0.714,4.4,601.0,-0.0,55.0,601.0
HARPOON,Galions,LFL,ADC,EMEA Masters Spring,14,0.929,7.29,579.0,12.0,55.0,591.0
Jool,Solary,LFL,Mid,EMEA Masters Spring,14,0.714,3.82,572.0,-0.0,55.0,572.0
OMON,Galions,LFL,Mid,EMEA Masters Spring,14,0.929,6.41,550.0,12.0,55.0,562.0
Batuuu,Team Heretics Academy,LES,Support,EMEA Masters Spring,9,0.667,5.55,460.0,3.0,55.0,463.0
Markoon,G2 NORD,PRM,Jungle,EMEA Masters Spring,12,0.5,6.14,438.0,-2.0,55.0,436.0
Ragner,Joblife,LFL,Top,EMEA Masters Spring,9,0.444,2.0,431.0,1.0,55.0,432.0
Shelfmade,G2 NORD,PRM,Top,EMEA Masters Spring,12,0.5,1.66,426.0,-2.0,55.0,424.0
Mercy9,Team Heretics Academy,LES,Mid,EMEA Masters Spring,9,0.667,3.19,421.0,3.0,55.0,424.0
Rin,G2 NORD,PRM,ADC,EMEA Masters Spring,12,0.5,2.86,421.0,-2.0,55.0,419.0
Lure,Team Heretics Academy,LES,ADC,EMEA Masters Spring,9,0.667,6.06,413.0,3.0,55.0,416.0
Papiteero,Team Heretics Academy,LES,Top,EMEA Masters Spring,9,0.667,2.93,405.0,3.0,55.0,408.0
Toasty,G2 NORD,PRM,Mid,EMEA Masters Spring,12,0.5,3.56,409.0,-2.0,55.0,407.0
113,Berlin International Gaming,PRM,Jungle,EMEA Masters Spring,9,0.444,2.17,382.0,1.0,55.0,383.0
Tockimo,G2 NORD,PRM,Support,EMEA Masters Spring,12,0.5,2.43,384.0,-2.0,55.0,382.0
Boda,Kaufland Hangry Knights,PRM,Top,EMEA Masters Spring,7,0.429,3.17,379.0,2.0,55.0,381.0
Prime,Karmine Corp Blue,LFL,Support,EMEA Masters Spring,15,0.667,3.53,374.0,-2.0,55.0,372.0
Yukino,Karmine Corp Blue,LFL,Jungle,EMEA Masters Spring,15,0.667,3.64,373.0,-2.0,55.0,371.0
Kamiloo,Karmine Corp Blue,LFL,Mid,EMEA Masters Spring,15,0.667,6.13,371.0,-2.0,55.0,369.0
PowerOfEvil,Eintracht Spandau,PRM,Mid,EMEA Masters Spring,15,0.467,2.75,366.0,-2.0,55.0,364.0
Looki,Karmine Corp Blue,LFL,ADC,EMEA Masters Spring,15,0.667,6.77,361.0,-2.0,55.0,359.0
kPr,Valerion,HLL,Top,EMEA Masters Spring,7,0.429,2.75,333.0,2.0,55.0,335.0
Shy Carry,Anubis Gaming,AL,ADC,EMEA Masters Spring,10,0.5,4.14,334.0,-2.0,55.0,332.0
seaz,Eintracht Spandau,PRM,Support,EMEA Masters Spring,15,0.467,3.28,334.0,-2.0,55.0,332.0
JNX,Eintracht Spandau,PRM,Top,EMEA Masters Spring,15,0.467,2.19,331.0,-2.0,55.0,329.0
Kofte,Joblife,LFL,Mid,EMEA Masters Spring,9,0.444,2.65,327.0,1.0,55.0,328.0
B Butcher,Anubis Gaming,AL,Support,EMEA Masters Spring,7,0.429,3.64,318.0,2.0,55.0,320.0
Kozi,UCAM Esports,LES,Top,EMEA Masters Spring,12,0.583,2.97,309.0,6.0,55.0,315.0
Theocacs,Anubis Gaming,AL,Jungle,EMEA Masters Spring,7,0.429,3.17,303.0,2.0,55.0,305.0
Tao,Karmine Corp Blue,LFL,Top,EMEA Masters Spring,15,0.667,2.86,306.0,-2.0,55.0,304.0
Erdote,devils.one inStreamly,RL,Support,EMEA Masters Spring,10,0.5,6.2,301.0,-2.0,55.0,299.0
Giyuu,Anubis Gaming,AL,Mid,EMEA Masters Spring,7,0.429,3.23,293.0,2.0,55.0,295.0
ESCIK,UCAM Esports,LES,Mid,EMEA Masters Spring,12,0.583,4.6,284.0,6.0,55.0,290.0
ANDARIEL,UCAM Esports,LES,ADC,EMEA Masters Spring,12,0.583,7.24,283.0,6.0,55.0,289.0
Bwipo,Estral Esports,CD,Top,EMEA Masters Spring,7,0.286,1.48,290.0,-2.0,55.0,288.0
Keduii,Joblife,PRM,ADC,EMEA Masters Spring,15,0.467,2.44,288.0,-2.0,55.0,286.0
Robocop,Ruddy Corporation,NLC,Top,EMEA Masters Spring,6,0.5,2.75,282.0,-2.0,55.0,280.0
bluerzor,UCAM Esports,LES,Jungle,EMEA Masters Spring,12,0.583,3.84,263.0,6.0,55.0,269.0
Ruep,Bushido Wildcats,TCL,ADC,EMEA Masters Spring,9,0.444,3.17,263.0,1.0,55.0,264.0
Unkn0wn,Valerion,HLL,ADC,EMEA Masters Spring,7,0.429,2.15,242.0,3.0,55.0,245.0
Xagog,Eintracht Spandau,PRM,Jungle,EMEA Masters Spring,15,0.467,1.89,245.0,-2.0,55.0,243.0
Odi11,Bomba Team,RL,ADC,EMEA Masters Spring,11,0.454,3.11,239.0,-0.0,55.0,239.0
Vizicsacsi,E WIE EINFACH E-SPORTS,PRM,Top,EMEA Masters Spring,11,0.636,3.73,239.0,0.0,55.0,239.0
iLEVI,UCAM Esports,LES,Support,EMEA Masters Spring,12,0.583,4.16,222.0,6.0,55.0,228.0
Speedy1,Valerion,HLL,Support,EMEA Masters Spring,7,0.429,2.59,222.0,3.0,55.0,225.0
Seal,Frites Esports Club,ROL,Support,EMEA Masters Spring,6,0.5,3.18,224.0,-3.0,55.0,221.0
Furuy,Verdant,NLC,Mid,EMEA Masters Spring,6,0.333,3.84,221.0,-4.0,55.0,217.0
J3rkie,Ruddy Corporation,NLC,Support,EMEA Masters Spring,6,0.5,2.16,219.0,-2.0,55.0,217.0
minemaciek,Bomba Team,RL,Support,EMEA Masters Spring,11,0.454,2.16,214.0,-0.0,55.0,214.0
Cboi,Valerion,HLL,Jungle,EMEA Masters Spring,6,0.5,3.75,214.0,-3.0,55.0,211.0
Relative,E WIE EINFACH E-SPORTS,PRM,Mid,EMEA Masters Spring,11,0.636,4.64,206.0,0.0,55.0,206.0
Scorth,PCIFIC Esports,TCL,ADC,EMEA Masters Spring,7,0.286,3.88,204.0,-2.0,55.0,202.0
Afroboi,E WIE EINFACH E-SPORTS,PRM,Jungle,EMEA Masters Spring,11,0.636,6.47,199.0,0.0,55.0,199.0
Noz2k,E WIE EINFACH E-SPORTS,PRM,ADC,EMEA Masters Spring,11,0.636,4.15,182.0,0.0,55.0,182.0
Mrozku,Bomba Team,RL,Mid,EMEA Masters Spring,11,0.454,3.87,181.0,-0.0,55.0,181.0
Sayn,Verdant,NLC,Mid,EMEA Masters Spring,3,0.333,3.67,181.0,-1.0,55.0,180.0
Wildenbruch,E WIE EINFACH E-SPORTS,PRM,Support,EMEA Masters Spring,11,0.636,3.68,166.0,0.0,55.0,166.0
frajgo,Bomba Team,RL,Top,EMEA Masters Spring,11,0.454,2.74,166.0,-0.0,55.0,166.0
Stalken,PCIFIC Esports,TCL,Jungle,EMEA Masters Spring,5,0.2,7.75,167.0,-1.0,55.0,166.0
bobista,Verdant,NLC,Top,EMEA Masters Spring,6,0.333,2.59,155.0,-4.0,55.0,151.0
Cimpo,SU Esports,TCL,ADC,EMEA Masters Spring,4,0.25,3.44,151.0,-3.0,55.0,148.0
Lurox,Team Heretics Academy,LES,Jungle,EMEA Masters Spring,9,0.667,6.33,133.0,3.0,55.0,136.0
Guggu,Verdant,NLC,Support,EMEA Masters Spring,6,0.333,3.19,134.0,-4.0,55.0,130.0
Wolorz,Frites Esports Club,ROL,Mid,EMEA Masters Spring,6,0.5,5.54,132.0,-3.0,55.0,129.0
Mishi,Verdant,NLC,ADC,EMEA Masters Spring,6,0.333,2.4,131.0,-4.0,55.0,127.0
FlickeR,Frites Esports Club,ROL,ADC,EMEA Masters Spring,6,0.5,4.38,127.0,-3.0,55.0,124.0
Savero,Nightbirds,HM,Jungle,EMEA Masters Spring,5,0.4,4.08,122.0,-5.0,55.0,117.0
SLT,Nightbirds,HM,Top,EMEA Masters Spring,5,0.4,1.45,121.0,-5.0,55.0,116.0
Xicor,FN Esports,AL,ADC,EMEA Masters Spring,3,0.333,2.92,116.0,-1.0,55.0,115.0
iBo,devils.one inStreamly,RL,Top,EMEA Masters Spring,7,0.286,1.71,112.0,-2.0,55.0,110.0
Aeru,JSK Esports,AL,ADC,EMEA Masters Spring,7,0.429,7.08,107.0,2.0,55.0,109.0
Afriibi,Ruddy Corporation,NLC,ADC,EMEA Masters Spring,6,0.5,3.3,109.0,-2.0,55.0,107.0
Lucker,Forsaken,RL,Support,EMEA Masters Spring,7,0.286,1.22,107.0,-2.0,55.0,105.0
Random,Disruptors,AL,Mid,EMEA Masters Spring,3,0.333,2.21,102.0,-1.0,55.0,101.0
Decay,Forsaken,RL,Mid,EMEA Masters Spring,7,0.286,2.37,99.0,-2.0,55.0,97.0
Anonymouss,Ruddy Corporation,NLC,Jungle,EMEA Masters Spring,6,0.5,3.32,99.0,-2.0,55.0,97.0
Carry,Bushido Wildcats,TCL,Support,EMEA Masters Spring,9,0.444,2.88,96.0,1.0,55.0,97.0
denyk,Nightbirds,HM,Support,EMEA Masters Spring,5,0.4,2.67,93.0,-5.0,55.0,88.0
adi1,Bomba Team,RL,Jungle,EMEA Masters Spring,5,0.2,1.21,74.0,-2.0,55.0,72.0
Nan0,Ruddy Corporation,NLC,Mid,EMEA Masters Spring,6,0.5,2.7,72.0,-2.0,55.0,70.0
Vasco,Nightbirds,HM,Mid,EMEA Masters Spring,5,0.4,2.17,58.0,-5.0,55.0,53.0
Strode,Nightbirds,HM,ADC,EMEA Masters Spring,5,0.4,3.31,58.0,-5.0,55.0,53.0
Chan,Partizan Sangal,EBL,Top,EMEA Masters Spring,10,0.5,3.82,51.0,-2.0,55.0,49.0
Nawa,PCIFIC Esports,TCL,ADC,EMEA Masters Spring,5,0.2,3.5,47.0,-1.0,55.0,46.0
Smurfe,Frites Esports Club,HLL,Top,EMEA Masters Spring,7,0.429,2.08,35.0,3.0,55.0,38.0
FireAscept,PCIFIC Esports,TCL,Mid,EMEA Masters Spring,5,0.2,2.0,39.0,-1.0,55.0,38.0
Aytekn,Bushido Wildcats,TCL,Top,EMEA Masters Spring,5,0.2,2.2,39.0,-1.0,55.0,38.0
APP,HMBLE,LIT,Top,EMEA Masters Spring,5,0.2,1.85,30.0,-2.0,55.0,28.0
Abagnale,Gamespace Mediterranean College Esports,HLL,Support,EMEA Masters Spring,7,0.429,2.52,20.0,2.0,55.0,22.0
NoName,Verdant,NLC,Jungle,EMEA Masters Spring,6,0.333,2.69,25.0,-4.0,55.0,21.0
Ruby,Partizan Sangal,EBL,Mid,EMEA Masters Spring,10,0.5,3.71,23.0,-2.0,55.0,21.0
Guli,Barcząca Esports by Yumisu,RL,Jungle,EMEA Masters Spring,11,0.454,4.54,18.0,-0.0,55.0,18.0
Beplush,Dark Passage,TCL,Support,EMEA Masters Spring,5,0.2,2.73,8.0,-1.0,55.0,7.0
Click,HMBLE,LIT,Support,EMEA Masters Spring,5,0.2,1.83,3.0,-2.0,55.0,1.0
Ferret,Partizan Sangal,EBL,Jungle,EMEA Masters Spring,10,0.5,2.78,-5.0,-2.0,55.0,-7.0
Tsiper,WLGaming Esports,HLL,Mid,EMEA Masters Spring,7,0.429,2.03,-21.0,3.0,55.0,-18.0
Ag0nyPain,Senshi eSports,ROL,Mid,EMEA Masters Spring,5,0.4,2.0,-31.0,3.0,55.0,-28.0
Tyrone,HMBLE,LIT,ADC,EMEA Masters Spring,5,0.2,2.0,-32.0,-2.0,55.0,-34.0
Camana,Bushido Wildcats,TCL,Mid,EMEA Masters Spring,4,0.25,3.12,-35.0,-3.0,55.0,-38.0
Pallet,WLGaming Esports,HLL,Jungle,EMEA Masters Spring,7,0.429,1.94,-45.0,3.0,55.0,-42.0
NuQ,Bulldog Esports,NLC,Top,EMEA Masters Spring,6,0.5,2.23,-48.0,-3.0,55.0,-51.0
Markus,Senshi eSports,ROL,Jungle,EMEA Masters Spring,5,0.4,2.26,-58.0,3.0,55.0,-55.0
Însane,FN Esports,AL,Support,EMEA Masters Spring,3,0.333,2.38,-68.0,-1.0,55.0,-69.0
Kuroneel,GOAL,HLL,Mid,EMEA Masters Spring,7,0.429,3.27,-77.0,2.0,55.0,-75.0
Vigil,HMBLE,LIT,Mid,EMEA Masters Spring,5,0.2,1.65,-79.0,-2.0,55.0,-81.0
Lulas,Esprit Shōnen,LPLOL,Jungle,EMEA Masters Spring,4,0.25,2.62,-112.0,-3.0,55.0,-115.0
ugandan fighter,Ruddy Corporation,NLC,Top,EMEA Masters Spring,5,0.4,1.95,-136.0,3.0,55.0,-133.0
Metroflox,Magaza Esports,EBL,Jungle,EMEA Masters Spring,3,0.0,1.73,-140.0,-3.0,55.0,-143.0
Pipibaat,The Bandits,ROL,Jungle,EMEA Masters Spring,5,0.4,3.69,-189.0,2.0,55.0,-187.0
Crem,Magaza Esports,EBL,ADC,EMEA Masters Spring,3,0.0,2.4,-198.0,-3.0,55.0,-201.0
Archfiend,Esprit Shōnen,EBL,Top,EMEA Masters Spring,3,0.0,1.45,-212.0,-3.0,55.0,-215.0
FSZ,Magaza Esports,EBL,Mid,EMEA Masters Spring,3,0.0,2.0,-213.0,-3.0,55.0,-216.0
Druxy,ZennIT,ROL,ADC,EMEA Masters Spring,7,0.429,4.75,-219.0,2.0,55.0,-217.0
Elix1r,Gamespace Mediterranean College Esports,HLL,Jungle,EMEA Masters Spring,7,0.429,4.11,-227.0,2.0,55.0,-225.0
FredSpaghet,Sørby eSport,NLC,Support,EMEA Masters Spring,5,0.4,2.42,-240.0,3.0,55.0,-237.0
OWLONSKY,Disruptors,AL,Jungle,EMEA Masters Spring,3,0.333,1.94,-242.0,-1.0,55.0,-243.0
ScienTrist,mCon esports,ROL,Support,EMEA Masters Spring,5,0.4,2.62,-264.0,2.0,55.0,-262.0
Tibor,mCon esports,ROL,Mid,EMEA Masters Spring,5,0.4,2.23,-268.0,2.0,55.0,-266.0
Aliplane,mCon esports,ROL,ADC,EMEA Masters Spring,5,0.4,3.64,-273.0,2.0,55.0,-271.0
Shredder,Colossal Gaming,LIT,Support,EMEA Masters Spring,4,0.25,2.09,-275.0,-1.0,55.0,-276.0
TheGreatGary,Otter Side,LPLOL,Top,EMEA Masters Spring,4,0.25,2.23,-274.0,-3.0,55.0,-277.0
kkero,ZennIT,ROL,Support,EMEA Masters Spring,4,0.25,1.92,-295.0,-3.0,55.0,-298.0
SkaR,Colossal Gaming,LIT,Top,EMEA Masters Spring,4,0.25,0.94,-301.0,-1.0,55.0,-302.0
MaiYuk,mCon esports,ROL,Top,EMEA Masters Spring,5,0.4,1.88,-315.0,2.0,55.0,-313.0
justcan,Magaza Esports,EBL,Support,EMEA Masters Spring,3,0.0,2.23,-318.0,-3.0,55.0,-321.0
MadsF,Sørby eSport,NLC,ADC,EMEA Masters Spring,5,0.4,2.0,-335.0,3.0,55.0,-332.0
Rharesh,GMBLERS Esports,LIT,ADC,EMEA Masters Spring,4,0.25,1.29,-367.0,-1.0,55.0,-368.0
D4SH,Capybara Esports,LPLOL,Jungle,EMEA Masters Spring,3,0.0,1.06,-460.0,-0.0,55.0,-460.0
DejaVu,GMBLERS Esports,LIT,Mid,EMEA Masters Spring,4,0.25,1.08,-459.0,-1.0,55.0,-460.0
Mario,TIGROTS,LIT,Jungle,EMEA Masters Spring,4,0.25,1.29,-500.0,-1.0,55.0,-501.0
Demonadc,Bubliki,LPLOL,ADC,EMEA Masters Spring,3,0.0,0.87,-505.0,-0.0,55.0,-505.0
CrabLord,ALMO Players,HLL,Support,EMEA Masters Spring,3,0.0,2.0,-553.0,-0.0,55.0,-553.0
ardaffler,Bubliki,LPLOL,Mid,EMEA Masters Spring,3,0.0,1.15,-590.0,-0.0,55.0,-590.0
Sankaizer,Bubliki,LPLOL,Top,EMEA Masters Spring,3,0.0,0.45,-593.0,-0.0,55.0,-593.0
Batuuu,Team Heretics Academy,LES,Support,EMEA Masters Summer,3,1.0,18.0,460.0,2.0,55.0,462.0
Markoon,G2 NORD,PRM,Jungle,EMEA Masters Summer,3,0.667,12.75,438.0,-1.0,55.0,437.0
Shelfmade,G2 NORD,PRM,Top,EMEA Masters Summer,3,0.667,8.4,426.0,-1.0,55.0,425.0
Mercy9,Team Heretics Academy,LES,Mid,EMEA Masters Summer,3,1.0,12.0,421.0,2.0,55.0,423.0
Irrelevant,Berlin International Gaming,PRM,Top,EMEA Masters Summer,3,0.667,2.7,425.0,-3.0,55.0,422.0
Rin,G2 NORD,PRM,ADC,EMEA Masters Summer,3,0.667,4.7,421.0,-1.0,55.0,420.0
Lure,Team Heretics Academy,LES,ADC,EMEA Masters Summer,3,1.0,8.75,413.0,2.0,55.0,415.0
Toasty,G2 NORD,PRM,Mid,EMEA Masters Summer,3,0.667,8.0,409.0,-1.0,55.0,408.0
Spooder,TLN Pirates,LFL,Top,EMEA Masters Summer,3,1.0,6.8,407.0,0.0,55.0,407.0
Papiteero,Team Heretics Academy,LES,Top,EMEA Masters Summer,3,1.0,9.33,405.0,2.0,55.0,407.0
Reeker,Berlin International Gaming,PRM,Mid,EMEA Masters Summer,3,0.667,4.83,405.0,-3.0,55.0,402.0
Kaiser,Berlin International Gaming,PRM,Support,EMEA Masters Summer,3,0.667,4.6,387.0,-3.0,55.0,384.0
Tockimo,G2 NORD,PRM,Support,EMEA Masters Summer,3,0.667,4.08,384.0,-1.0,55.0,383.0
Boda,Kaufland Hangry Knights,PRM,Top,EMEA Masters Summer,3,0.667,3.0,379.0,2.0,55.0,381.0
113,Berlin International Gaming,PRM,Jungle,EMEA Masters Summer,3,0.667,3.25,382.0,-3.0,55.0,379.0
Thomas,TLN Pirates,LFL,Support,EMEA Masters Summer,3,1.0,8.17,377.0,0.0,55.0,377.0
Axelent,TLN Pirates,LFL,ADC,EMEA Masters Summer,3,1.0,6.86,376.0,0.0,55.0,376.0
Prime,Karmine Corp Blue,LFL,Support,EMEA Masters Summer,2,1.0,13.0,374.0,2.0,55.0,376.0
Yukino,Karmine Corp Blue,LFL,Jungle,EMEA Masters Summer,2,1.0,8.4,373.0,2.0,55.0,375.0
Kamiloo,Karmine Corp Blue,LFL,Mid,EMEA Masters Summer,2,1.0,7.5,371.0,2.0,55.0,373.0
Looki,Karmine Corp Blue,LFL,ADC,EMEA Masters Summer,2,1.0,20.5,361.0,2.0,55.0,363.0
Toffe,TLN Pirates,LFL,Mid,EMEA Masters Summer,3,1.0,5.86,359.0,0.0,55.0,359.0
Stefan,TLN Pirates,LFL,Jungle,EMEA Masters Summer,3,1.0,7.5,357.0,0.0,55.0,357.0
Nafkelah,Skillcamp,LFL,Mid,EMEA Masters Summer,11,0.636,3.14,359.0,-8.0,55.0,351.0
Steeelback,Skillcamp,LFL,Support,EMEA Masters Summer,11,0.636,5.04,346.0,-8.0,55.0,338.0
Doss,Kaufland Hangry Knights,PRM,Support,EMEA Masters Summer,3,0.667,8.0,336.0,2.0,55.0,338.0
Shy Carry,Anubis Gaming,AL,ADC,EMEA Masters Summer,3,1.0,4.71,334.0,2.0,55.0,336.0
kPr,Valerion,HLL,Top,EMEA Masters Summer,3,0.667,3.17,333.0,2.0,55.0,335.0
Yeti,Skillcamp,LFL,Top,EMEA Masters Summer,11,0.636,2.87,333.0,-8.0,55.0,325.0
B Butcher,Anubis Gaming,AL,Support,EMEA Masters Summer,3,1.0,12.33,318.0,2.0,55.0,320.0
UNF0RGIVEN,Kaufland Hangry Knights,PRM,ADC,EMEA Masters Summer,3,0.667,4.4,317.0,2.0,55.0,319.0
DenVoksne,Unicorns of Love Sexy Edition,PRM,ADC,EMEA Masters Summer,7,0.857,5.92,316.0,-2.0,55.0,314.0
Kozi,UCAM Esports,LES,Top,EMEA Masters Summer,7,0.714,3.36,309.0,2.0,55.0,311.0
Tao,Karmine Corp Blue,LFL,Top,EMEA Masters Summer,2,1.0,24.0,306.0,2.0,55.0,308.0
SPOOKY,Skillcamp,LFL,Jungle,EMEA Masters Summer,11,0.636,4.13,314.0,-8.0,55.0,306.0
Theocacs,Anubis Gaming,AL,Jungle,EMEA Masters Summer,3,1.0,4.75,303.0,2.0,55.0,305.0
Giyuu,Anubis Gaming,AL,Mid,EMEA Masters Summer,3,1.0,6.2,293.0,2.0,55.0,295.0
Twiizt,Unicorns of Love Sexy Edition,PRM,Support,EMEA Masters Summer,7,0.857,7.23,294.0,-2.0,55.0,292.0
RoyalKanin,Unicorns of Love Sexy Edition,PRM,Mid,EMEA Masters Summer,7,0.857,2.67,288.0,-2.0,55.0,286.0
ESCIK,UCAM Esports,LES,Mid,EMEA Masters Summer,7,0.714,6.07,284.0,2.0,55.0,286.0
ANDARIEL,UCAM Esports,LES,ADC,EMEA Masters Summer,7,0.714,5.76,283.0,2.0,55.0,285.0
Robocop,Ruddy Corporation,NLC,Top,EMEA Masters Summer,3,0.667,2.43,282.0,-0.0,55.0,282.0
White,Unicorns of Love Sexy Edition,PRM,Jungle,EMEA Masters Summer,7,0.857,3.52,268.0,-2.0,55.0,266.0
bluerzor,UCAM Esports,LES,Jungle,EMEA Masters Summer,7,0.714,5.28,263.0,2.0,55.0,265.0
Ruep,Bushido Wildcats,TCL,ADC,EMEA Masters Summer,3,0.333,3.25,263.0,-5.0,55.0,258.0
Fornoreason,Unicorns of Love Sexy Edition,PRM,Top,EMEA Masters Summer,7,0.857,4.0,250.0,-2.0,55.0,248.0
Unkn0wn,Valerion,HLL,ADC,EMEA Masters Summer,3,0.667,7.0,242.0,2.0,55.0,244.0
Odi11,Bomba Team,RL,ADC,EMEA Masters Summer,3,0.667,5.62,239.0,3.0,55.0,242.0
Maged,Anubis Gaming,AL,Top,EMEA Masters Summer,3,1.0,2.7,233.0,2.0,55.0,235.0
Speedy1,Valerion,HLL,Support,EMEA Masters Summer,3,0.667,4.29,222.0,2.0,55.0,224.0
Seal,Frites Esports Club,ROL,Support,EMEA Masters Summer,3,0.333,2.92,224.0,0.0,55.0,224.0
Vetheo,SU Esports,TCL,Mid,EMEA Masters Summer,10,0.5,3.54,220.0,3.0,55.0,223.0
J3rkie,Ruddy Corporation,NLC,Support,EMEA Masters Summer,3,0.667,6.57,219.0,-0.0,55.0,219.0
minemaciek,Bomba Team,RL,Support,EMEA Masters Summer,3,0.667,7.43,214.0,3.0,55.0,217.0
Cboi,Valerion,HLL,Jungle,EMEA Masters Summer,3,0.667,5.0,214.0,2.0,55.0,216.0
Scorth,PCIFIC Esports,TCL,ADC,EMEA Masters Summer,3,0.667,3.92,204.0,1.0,55.0,205.0
Patrik,Berlin International Gaming,PRM,ADC,EMEA Masters Summer,3,0.667,2.12,206.0,-3.0,55.0,203.0
Kaboom,SU Esports,LFL,Jungle,EMEA Masters Summer,10,0.5,3.55,194.0,3.0,55.0,197.0
Mrozku,Bomba Team,RL,Mid,EMEA Masters Summer,3,0.667,4.62,181.0,3.0,55.0,184.0
Oscure,Barça eSports,LES,Support,EMEA Masters Summer,8,0.625,5.03,185.0,-4.0,55.0,181.0
Sayn,Verdant,NLC,Mid,EMEA Masters Summer,7,0.429,3.25,181.0,-8.0,55.0,173.0
frajgo,Bomba Team,RL,Top,EMEA Masters Summer,3,0.667,3.44,166.0,3.0,55.0,169.0
Stalken,PCIFIC Esports,TCL,Jungle,EMEA Masters Summer,3,0.667,4.55,167.0,1.0,55.0,168.0
IlllIma,SU Esports,TCL,Top,EMEA Masters Summer,10,0.5,1.89,159.0,3.0,55.0,162.0
Peppe,Valerion,HLL,Mid,EMEA Masters Summer,3,0.667,2.27,155.0,2.0,55.0,157.0
Legolas,Barça eSports,LES,ADC,EMEA Masters Summer,8,0.625,3.65,159.0,-4.0,55.0,155.0
Cimpo,SU Esports,TCL,ADC,EMEA Masters Summer,10,0.5,3.12,151.0,3.0,55.0,154.0
alix,Gamespace Mediterranean College Esports,HLL,Mid,EMEA Masters Summer,9,0.556,5.35,153.0,-0.0,55.0,153.0
Exofeng,Skillcamp,LFL,ADC,EMEA Masters Summer,11,0.636,4.36,159.0,-8.0,55.0,151.0
Czekolad,LODIS,RL,Mid,EMEA Masters Summer,8,0.625,3.53,147.0,3.0,55.0,150.0
zamulek,LODIS,RL,ADC,EMEA Masters Summer,8,0.625,2.94,146.0,3.0,55.0,149.0
bobista,Verdant,NLC,Top,EMEA Masters Summer,7,0.429,2.38,155.0,-8.0,55.0,147.0
Leny,Frites Esports Club,ROL,Top,EMEA Masters Summer,3,0.333,1.27,147.0,0.0,55.0,147.0
Sinmivak,LODIS,RL,Top,EMEA Masters Summer,8,0.625,8.2,140.0,3.0,55.0,143.0
Densi,Kaufland Hangry Knights,PRM,Jungle,EMEA Masters Summer,3,0.667,4.3,140.0,2.0,55.0,142.0
mikusik,LODIS,RL,Jungle,EMEA Masters Summer,8,0.625,2.45,139.0,3.0,55.0,142.0
Lurox,Team Heretics Academy,LES,Jungle,EMEA Masters Summer,3,1.0,46.0,133.0,2.0,55.0,135.0
Wolorz,Frites Esports Club,ROL,Mid,EMEA Masters Summer,3,0.333,4.0,132.0,0.0,55.0,132.0
FlickeR,Frites Esports Club,ROL,ADC,EMEA Masters Summer,3,0.333,3.0,127.0,0.0,55.0,127.0
Guggu,Verdant,NLC,Support,EMEA Masters Summer,7,0.429,2.81,134.0,-8.0,55.0,126.0
Savero,Nightbirds,HM,Jungle,EMEA Masters Summer,3,0.667,2.38,122.0,3.0,55.0,125.0
SLT,Nightbirds,HM,Top,EMEA Masters Summer,3,0.667,1.92,121.0,3.0,55.0,124.0
Mishi,Verdant,NLC,ADC,EMEA Masters Summer,7,0.429,2.42,131.0,-8.0,55.0,123.0
Bayonetta,PCIFIC Esports,TCL,Top,EMEA Masters Summer,3,0.667,2.21,119.0,1.0,55.0,120.0
selenex,Barça eSports,LES,Top,EMEA Masters Summer,8,0.625,2.4,115.0,-4.0,55.0,111.0
Aeru,JSK Esports,AL,ADC,EMEA Masters Summer,3,0.667,4.64,107.0,3.0,55.0,110.0
Afriibi,Ruddy Corporation,NLC,ADC,EMEA Masters Summer,3,0.667,5.25,109.0,-0.0,55.0,109.0
Koldo,Barça eSports,LES,Jungle,EMEA Masters Summer,8,0.625,3.62,106.0,-4.0,55.0,102.0
Anonymouss,Ruddy Corporation,NLC,Jungle,EMEA Masters Summer,3,0.667,6.71,99.0,-0.0,55.0,99.0
denyk,Nightbirds,HM,Support,EMEA Masters Summer,3,0.667,2.11,93.0,3.0,55.0,96.0
Osman123,Bushido Wildcats,TCL,Jungle,EMEA Masters Summer,3,0.333,2.14,100.0,-5.0,55.0,95.0
Decay,Forsaken,RL,Mid,EMEA Masters Summer,3,0.0,1.36,99.0,-6.0,55.0,93.0
Twight,eSuba,NL,Jungle,EMEA Masters Summer,2,0.0,1.38,93.0,-0.0,55.0,93.0
Macaquinho,Barça eSports,LES,Mid,EMEA Masters Summer,8,0.625,3.47,95.0,-4.0,55.0,91.0
Carry,Bushido Wildcats,TCL,Support,EMEA Masters Summer,3,0.333,4.71,96.0,-5.0,55.0,91.0
monkaS,PCIFIC Esports,TCL,Support,EMEA Masters Summer,3,0.667,4.29,86.0,1.0,55.0,87.0
Drofan,Team Phantasma,HLL,Jungle,EMEA Masters Summer,3,0.333,2.27,87.0,-2.0,55.0,85.0
Evangelyne,Team Phantasma,HLL,ADC,EMEA Masters Summer,3,0.333,2.33,85.0,-2.0,55.0,83.0
Kaseko,LODIS,RL,Support,EMEA Masters Summer,8,0.625,2.95,75.0,3.0,55.0,78.0
adi1,Bomba Team,RL,Jungle,EMEA Masters Summer,3,0.667,4.91,74.0,3.0,55.0,77.0
Abbedagge,Kaufland Hangry Knights,PRM,Mid,EMEA Masters Summer,3,0.667,4.44,74.0,2.0,55.0,76.0
Nan0,Ruddy Corporation,NLC,Mid,EMEA Masters Summer,3,0.667,4.0,72.0,-0.0,55.0,72.0
MAXI,Forsaken,RL,Jungle,EMEA Masters Summer,3,0.0,1.12,69.0,-6.0,55.0,63.0
Vasco,Nightbirds,HM,Mid,EMEA Masters Summer,3,0.667,6.0,58.0,3.0,55.0,61.0
Strode,Nightbirds,HM,ADC,EMEA Masters Summer,3,0.667,7.17,58.0,3.0,55.0,61.0
Artanis,Frites Esports Club,ROL,Jungle,EMEA Masters Summer,3,0.333,3.67,49.0,0.0,55.0,49.0
Mafro,Verdant,NLC,Jungle,EMEA Masters Summer,7,0.429,2.14,51.0,-8.0,55.0,43.0
StarScreen,Pyramid IV Esports,AL,Top,EMEA Masters Summer,7,0.286,2.0,43.0,-1.0,55.0,42.0
Akashi,Pyramid IV Esports,AL,Mid,EMEA Masters Summer,7,0.286,2.68,42.0,-1.0,55.0,41.0
FireAscept,PCIFIC Esports,TCL,Mid,EMEA Masters Summer,3,0.667,6.0,39.0,1.0,55.0,40.0
Aytekn,Bushido Wildcats,TCL,Top,EMEA Masters Summer,3,0.333,1.43,39.0,-5.0,55.0,34.0
APP,HMBLE,LIT,Top,EMEA Masters Summer,3,0.333,3.25,30.0,1.0,55.0,31.0
Dionelux,JSK Esports,AL,Top,EMEA Masters Summer,3,0.667,3.86,28.0,3.0,55.0,31.0
Mxe,Magaza Esports,EBL,Support,EMEA Masters Summer,3,0.333,2.4,29.0,2.0,55.0,31.0
Nille,Arctic Pandas,NLC,Top,EMEA Masters Summer,6,0.333,4.0,21.0,3.0,55.0,24.0
Vaynedeta,Gamespace Mediterranean College Esports,HLL,ADC,EMEA Masters Summer,9,0.556,3.05,21.0,-0.0,55.0,21.0
Abagnale,Gamespace Mediterranean College Esports,HLL,Support,EMEA Masters Summer,9,0.556,3.02,20.0,-0.0,55.0,20.0
marlon,JSK Esports,AL,Support,EMEA Masters Summer,3,0.667,7.25,6.0,3.0,55.0,9.0
Click,HMBLE,LIT,Support,EMEA Masters Summer,3,0.333,6.17,3.0,1.0,55.0,4.0
Simpli,Arctic Pandas,NLC,Mid,EMEA Masters Summer,6,0.333,5.6,-9.0,3.0,55.0,-6.0
Boltox,Arctic Pandas,NLC,Support,EMEA Masters Summer,6,0.333,3.5,-16.0,3.0,55.0,-13.0
VAEII,JSK Esports,AL,Mid,EMEA Masters Summer,3,0.667,5.57,-17.0,3.0,55.0,-14.0
Jeykup,Colossal Gaming,LIT,Jungle,EMEA Masters Summer,3,0.333,2.5,-24.0,5.0,55.0,-19.0
dibu,Arctic Pandas,NLC,Jungle,EMEA Masters Summer,6,0.333,2.92,-30.0,3.0,55.0,-27.0
Ag0nyPain,Senshi eSports,ROL,Mid,EMEA Masters Summer,3,0.333,1.21,-31.0,2.0,55.0,-29.0
Tyrone,HMBLE,LIT,ADC,EMEA Masters Summer,3,0.333,7.0,-32.0,1.0,55.0,-31.0
moe,Pyramid IV Esports,AL,Jungle,EMEA Masters Summer,7,0.286,1.49,-35.0,-1.0,55.0,-36.0
Camana,Bushido Wildcats,TCL,Mid,EMEA Masters Summer,3,0.333,2.67,-35.0,-5.0,55.0,-40.0
Secrett,Team Phantasma,HLL,Mid,EMEA Masters Summer,3,0.333,2.45,-42.0,-2.0,55.0,-44.0
kehvo,Arctic Pandas,NLC,ADC,EMEA Masters Summer,6,0.333,3.26,-52.0,3.0,55.0,-49.0
Markus,Senshi eSports,ROL,Jungle,EMEA Masters Summer,3,0.333,1.11,-58.0,2.0,55.0,-56.0
Passzi,UCAM Esports,NL,Support,EMEA Masters Summer,7,0.714,3.88,-62.0,2.0,55.0,-60.0
Enoch,The Secret Club,EBL,Support,EMEA Masters Summer,3,0.0,2.5,-71.0,-2.0,55.0,-73.0
Vigil,HMBLE,LIT,Mid,EMEA Masters Summer,3,0.333,4.5,-79.0,1.0,55.0,-78.0
Carnage,HMBLE,LIT,Jungle,EMEA Masters Summer,3,0.333,2.62,-80.0,1.0,55.0,-79.0
Centu,Team Phantasma,HLL,Support,EMEA Masters Summer,3,0.333,4.57,-78.0,-2.0,55.0,-80.0
Mahonix,Pyramid IV Esports,AL,Support,EMEA Masters Summer,7,0.286,2.35,-87.0,-1.0,55.0,-88.0
Lekcyc,Bubliki,LPLOL,Support,EMEA Masters Summer,5,0.2,2.09,-91.0,2.0,55.0,-89.0
Kurama,Otter Side,LPLOL,Jungle,EMEA Masters Summer,10,0.6,3.51,-98.0,8.0,55.0,-90.0
Color,Forsaken,RL,Top,EMEA Masters Summer,3,0.0,0.87,-84.0,-6.0,55.0,-90.0
Calmsky,White Dragons,LPLOL,Support,EMEA Masters Summer,2,0.0,1.27,-87.0,-4.0,55.0,-91.0
Patch,SU Esports,TCL,Support,EMEA Masters Summer,10,0.5,3.47,-99.0,3.0,55.0,-96.0
Septico1,Gamespace Mediterranean College Esports,HLL,Top,EMEA Masters Summer,9,0.556,3.5,-104.0,-0.0,55.0,-104.0
Deadly,Otter Side,LPLOL,ADC,EMEA Masters Summer,10,0.6,4.44,-119.0,8.0,55.0,-111.0
Jalleba,Pyramid IV Esports,AL,ADC,EMEA Masters Summer,7,0.286,1.97,-120.0,-1.0,55.0,-121.0
Fred,White Dragons,LPLOL,Mid,EMEA Masters Summer,2,0.0,1.57,-127.0,-4.0,55.0,-131.0
Falleo,White Dragons,LPLOL,Top,EMEA Masters Summer,2,0.0,0.9,-130.0,-4.0,55.0,-134.0
Metroflox,Magaza Esports,EBL,Jungle,EMEA Masters Summer,3,0.333,1.36,-140.0,2.0,55.0,-138.0
Shanks,JSK Esports,AL,Jungle,EMEA Masters Summer,3,0.667,3.38,-146.0,3.0,55.0,-143.0
pr1me,Magaza Esports,EBL,Top,EMEA Masters Summer,3,0.333,1.88,-146.0,2.0,55.0,-144.0
Shourdy,Senshi eSports,ROL,Top,EMEA Masters Summer,3,0.333,1.91,-151.0,2.0,55.0,-149.0
Goldmen,Team Phantasma,HLL,Top,EMEA Masters Summer,3,0.333,2.0,-151.0,-2.0,55.0,-153.0
Archer,CITA Kaizen,HM,ADC,EMEA Masters Summer,8,0.375,3.35,-152.0,-2.0,55.0,-154.0
Ilyxøu,mCon esports,ROL,Top,EMEA Masters Summer,4,0.0,0.9,-189.0,-1.0,55.0,-190.0
Ace,Senshi eSports,ROL,ADC,EMEA Masters Summer,3,0.333,1.75,-192.0,2.0,55.0,-190.0
Aeon,White Dragons,LPLOL,ADC,EMEA Masters Summer,2,0.0,1.71,-187.0,-4.0,55.0,-191.0
Esko,eSuba,HM,ADC,EMEA Masters Summer,3,0.0,1.47,-192.0,0.0,55.0,-192.0
Techoteco,CITA Kaizen,HM,Jungle,EMEA Masters Summer,8,0.375,3.39,-191.0,-2.0,55.0,-193.0
Vespa,Only The Family,EBL,ADC,EMEA Masters Summer,6,0.333,1.69,-193.0,-0.0,55.0,-193.0
Crem,Magaza Esports,EBL,ADC,EMEA Masters Summer,3,0.333,1.58,-198.0,2.0,55.0,-196.0
Kryzik,The Secret Club,EBL,Mid,EMEA Masters Summer,3,0.0,1.07,-195.0,-2.0,55.0,-197.0
Strongside,Senshi eSports,ROL,Support,EMEA Masters Summer,3,0.333,0.88,-205.0,2.0,55.0,-203.0
Syzyfek,Forsaken,RL,ADC,EMEA Masters Summer,3,0.0,0.9,-201.0,-6.0,55.0,-207.0
Mita,eSuba,HM,Support,EMEA Masters Summer,1,0.0,0.5,-209.0,0.0,55.0,-209.0
FSZ,Magaza Esports,EBL,Mid,EMEA Masters Summer,3,0.333,1.7,-213.0,2.0,55.0,-211.0
Ophelia,CITA Kaizen,HM,Mid,EMEA Masters Summer,8,0.375,2.23,-223.0,-2.0,55.0,-225.0
Elix1r,Gamespace Mediterranean College Esports,HLL,Jungle,EMEA Masters Summer,9,0.556,5.18,-227.0,-0.0,55.0,-227.0
Nasser,The Secret Club,EBL,Jungle,EMEA Masters Summer,3,0.0,1.33,-228.0,-2.0,55.0,-230.0
Yuki,The Secret Club,EBL,ADC,EMEA Masters Summer,3,0.0,1.83,-231.0,-2.0,55.0,-233.0
STANIK,mCon esports,ROL,Mid,EMEA Masters Summer,4,0.0,4.4,-239.0,-1.0,55.0,-240.0
Darkeszy,eSuba,HM,Top,EMEA Masters Summer,3,0.0,1.89,-246.0,0.0,55.0,-246.0
oki1,CITA Kaizen,HM,Support,EMEA Masters Summer,8,0.375,4.41,-249.0,-2.0,55.0,-251.0
tomomaso,CITA Kaizen,HM,Top,EMEA Masters Summer,8,0.375,1.69,-257.0,-2.0,55.0,-259.0
TheGreatGary,Otter Side,LPLOL,Top,EMEA Masters Summer,10,0.6,3.89,-274.0,8.0,55.0,-266.0
Shredder,Colossal Gaming,LIT,Support,EMEA Masters Summer,3,0.333,4.57,-275.0,5.0,55.0,-270.0
SkaR,Colossal Gaming,LIT,Top,EMEA Masters Summer,3,0.333,1.14,-301.0,5.0,55.0,-296.0
Sharon,Colossal Gaming,LIT,Mid,EMEA Masters Summer,3,0.333,2.86,-304.0,5.0,55.0,-299.0
Leo s Man,Only The Family,EBL,Support,EMEA Masters Summer,6,0.333,2.5,-307.0,-0.0,55.0,-307.0
Dehaste,Team Aqua ASD,EBL,Mid,EMEA Masters Summer,5,0.2,2.53,-336.0,-1.0,55.0,-337.0
Danilo,The Secret Club,EBL,Top,EMEA Masters Summer,3,0.0,2.0,-337.0,-2.0,55.0,-339.0
Oguzkhan,mCon esports,ROL,Jungle,EMEA Masters Summer,4,0.0,1.19,-340.0,-1.0,55.0,-341.0
Smarty,Otter Side,LPLOL,Support,EMEA Masters Summer,10,0.6,3.76,-374.0,8.0,55.0,-366.0
Slyv3r,mCon esports,ROL,ADC,EMEA Masters Summer,4,0.0,0.74,-367.0,-1.0,55.0,-368.0
Renewal,Only The Family,EBL,Jungle,EMEA Masters Summer,6,0.333,3.3,-389.0,-0.0,55.0,-389.0
Heprex,Only The Family,EBL,Top,EMEA Masters Summer,6,0.333,1.12,-414.0,-0.0,55.0,-414.0
xHikama,Colossal Gaming,LIT,ADC,EMEA Masters Summer,3,0.333,4.29,-427.0,5.0,55.0,-422.0
Goliah,Team Aqua ASD,LIT,Jungle,EMEA Masters Summer,5,0.2,1.56,-451.0,-1.0,55.0,-452.0
Dolis,eSuba,HM,Mid,EMEA Masters Summer,1,0.0,0.5,-454.0,0.0,55.0,-454.0
ImTheTitan,Team Aqua ASD,LIT,Top,EMEA Masters Summer,5,0.2,1.74,-459.0,-1.0,55.0,-460.0
DVLK,eSuba,HM,Jungle,EMEA Masters Summer,2,0.0,1.82,-468.0,-0.0,55.0,-468.0
TinjaNurtles,Bubliki,LPLOL,Jungle,EMEA Masters Summer,5,0.2,2.41,-486.0,2.0,55.0,-484.0
CloudStrikee,Team Aqua ASD,LIT,Support,EMEA Masters Summer,5,0.2,1.42,-491.0,-1.0,55.0,-492.0
Vlaren,eSuba,HM,Support,EMEA Masters Summer,3,0.0,1.69,-497.0,0.0,55.0,-497.0
Kyte,Team Aqua ASD,LIT,ADC,EMEA Masters Summer,5,0.2,1.43,-501.0,-1.0,55.0,-502.0
Demonadc,Bubliki,LPLOL,ADC,EMEA Masters Summer,5,0.2,1.61,-505.0,2.0,55.0,-503.0
Skaterot,Only The Family,EBL,Mid,EMEA Masters Summer,6,0.333,2.19,-510.0,-0.0,55.0,-510.0
Baca,Otter Side,LPLOL,Mid,EMEA Masters Summer,10,0.6,2.85,-526.0,8.0,55.0,-518.0
salgueir0,White Dragons,LPLOL,Jungle,EMEA Masters Summer,2,0.0,1.25,-514.0,-4.0,55.0,-518.0
Heroic,Bubliki,LPLOL,Mid,EMEA Masters Summer,5,0.2,1.75,-565.0,2.0,55.0,-563.0
Sankaizer,Bubliki,LPLOL,Top,EMEA Masters Summer,5,0.2,1.27,-593.0,2.0,55.0,-591.0
Hype,Team Heretics,LEC,ADC,EMEA Masters Winter,18,0.667,5.17,634.0,10.0,55.0,644.0
SlowQ,SK Gaming,LEC,Mid,EMEA Masters Winter,18,0.667,5.17,616.0,10.0,55.0,626.0
Thayger,Galions,LFL,Jungle,EMEA Masters Winter,20,0.75,6.38,615.0,8.0,55.0,623.0
Kryze,Solary,LFL,Top,EMEA Masters Winter,20,0.65,3.55,620.0,-2.0,55.0,618.0
Carlsen,Galions,LFL,Top,EMEA Masters Winter,20,0.75,5.23,598.0,8.0,55.0,606.0
Rekkles,Witchcraft,LEC,Support,EMEA Masters Winter,10,0.6,13.9,605.0,-2.0,55.0,603.0
Targamas,French Flair,LFL,Support,EMEA Masters Winter,15,0.733,6.68,603.0,-0.0,55.0,603.0
Zicssi,Solary,LFL,Jungle,EMEA Masters Winter,20,0.65,4.11,604.0,-2.0,55.0,602.0
Piero,Solary,LFL,Support,EMEA Masters Winter,20,0.65,3.16,601.0,-2.0,55.0,599.0
Aetinoth,Solary,LFL,ADC,EMEA Masters Winter,20,0.65,3.06,601.0,-2.0,55.0,599.0
Zoelys,Galions,LFL,Support,EMEA Masters Winter,20,0.75,4.61,591.0,8.0,55.0,599.0
NattyNatt,French Flair,LFL,Jungle,EMEA Masters Winter,15,0.733,3.27,597.0,-0.0,55.0,597.0
3XA,Joblife,LFL,ADC,EMEA Masters Winter,15,0.733,5.16,589.0,-0.0,55.0,589.0
HARPOON,Galions,LFL,ADC,EMEA Masters Winter,20,0.75,4.81,579.0,8.0,55.0,587.0
Jool,Solary,LFL,Mid,EMEA Masters Winter,20,0.65,3.35,572.0,-2.0,55.0,570.0
OMON,Galions,LFL,Mid,EMEA Masters Winter,20,0.75,5.94,550.0,8.0,55.0,558.0
Stend,Shifters,LEC,Support,EMEA Masters Winter,18,0.667,8.3,519.0,10.0,55.0,529.0
Habubu,Berlin International Gaming,PRM,Jungle,EMEA Masters Winter,24,0.667,3.65,514.0,9.0,54.0,523.0
Crownie,Witchcraft,LEC,ADC,EMEA Masters Winter,10,0.6,4.23,511.0,-2.0,55.0,509.0
Nemesis,Witchcraft,LEC,Mid,EMEA Masters Winter,10,0.6,3.0,485.0,-2.0,55.0,483.0
Batuuu,Team Heretics Academy,LES,Support,EMEA Masters Winter,11,0.636,3.95,460.0,-2.0,55.0,458.0
Velja,Witchcraft,LEC,Jungle,EMEA Masters Winter,10,0.6,2.77,457.0,-2.0,55.0,455.0
Fresskowy,Movistar KOI Fénix,LES,Mid,EMEA Masters Winter,7,0.286,5.21,451.0,-4.0,55.0,447.0
Ragner,Joblife,LFL,Top,EMEA Masters Winter,18,0.667,3.15,431.0,10.0,55.0,441.0
Irrelevant,Berlin International Gaming,PRM,Top,EMEA Masters Winter,24,0.667,3.24,425.0,9.0,54.0,434.0
Markoon,G2 NORD,PRM,Jungle,EMEA Masters Winter,15,0.533,5.32,438.0,-7.0,55.0,431.0
Shelfmade,G2 NORD,PRM,Top,EMEA Masters Winter,15,0.533,2.09,426.0,-7.0,55.0,419.0
Mercy9,Team Heretics Academy,LES,Mid,EMEA Masters Winter,11,0.636,3.32,421.0,-2.0,55.0,419.0
Reeker,Berlin International Gaming,PRM,Mid,EMEA Masters Winter,24,0.667,3.54,405.0,9.0,54.0,414.0
Rin,G2 NORD,PRM,ADC,EMEA Masters Winter,15,0.533,3.67,421.0,-7.0,55.0,414.0
Lure,Team Heretics Academy,LES,ADC,EMEA Masters Winter,11,0.636,4.23,413.0,-2.0,55.0,411.0
Adam,ZYB Esport,LFL,Top,EMEA Masters Winter,15,0.733,3.42,408.0,-0.0,55.0,408.0
Papiteero,Team Heretics Academy,LES,Top,EMEA Masters Winter,9,0.444,3.09,405.0,2.0,55.0,407.0
Toasty,G2 NORD,PRM,Mid,EMEA Masters Winter,15,0.533,3.88,409.0,-7.0,55.0,402.0
Kaiser,Berlin International Gaming,PRM,Support,EMEA Masters Winter,24,0.667,5.01,387.0,9.0,54.0,396.0
113,Berlin International Gaming,PRM,Jungle,EMEA Masters Winter,18,0.667,4.56,382.0,10.0,55.0,392.0
Myrtus,Movistar KOI Fénix,LES,Support,EMEA Masters Winter,7,0.286,3.62,386.0,-4.0,55.0,382.0
Tockimo,G2 NORD,PRM,Support,EMEA Masters Winter,15,0.533,2.94,384.0,-7.0,55.0,377.0
SAKEN,ZYB Esport,LFL,Mid,EMEA Masters Winter,15,0.733,4.78,371.0,-0.0,55.0,371.0
PowerOfEvil,Eintracht Spandau,PRM,Mid,EMEA Masters Winter,11,0.636,4.77,366.0,4.0,55.0,370.0
Prime,Karmine Corp Blue,LFL,Support,EMEA Masters Winter,13,0.615,3.65,374.0,-6.0,55.0,368.0
Yukino,Karmine Corp Blue,LFL,Jungle,EMEA Masters Winter,13,0.615,3.02,373.0,-6.0,55.0,367.0
Kamiloo,Karmine Corp Blue,LFL,Mid,EMEA Masters Winter,13,0.615,3.62,371.0,-6.0,55.0,365.0
NightSlayer,Movistar KOI Fénix,LES,Top,EMEA Masters Winter,7,0.286,2.33,369.0,-4.0,55.0,365.0
Daglas,Team Heretics,LEC,Jungle,EMEA Masters Winter,11,0.636,5.65,355.0,-2.0,55.0,353.0
Shy Carry,Anubis Gaming,AL,ADC,EMEA Masters Winter,7,0.571,4.42,334.0,6.0,55.0,340.0
seaz,Eintracht Spandau,PRM,Support,EMEA Masters Winter,11,0.636,2.85,334.0,4.0,55.0,338.0
JNX,Eintracht Spandau,PRM,Top,EMEA Masters Winter,11,0.636,2.64,331.0,4.0,55.0,335.0
Hazel,ROSSMANN Centaurs,PRM,ADC,EMEA Masters Winter,13,0.615,4.8,338.0,-6.0,55.0,332.0
Kofte,Joblife,LFL,Mid,EMEA Masters Winter,9,0.556,3.67,327.0,2.0,55.0,329.0
DenVoksne,Unicorns of Love Sexy Edition,PRM,ADC,EMEA Masters Winter,20,0.6,3.32,316.0,3.0,55.0,319.0
13,Movistar KOI Fénix,LES,ADC,EMEA Masters Winter,7,0.286,2.86,320.0,-4.0,55.0,316.0
B Butcher,Anubis Gaming,AL,Support,EMEA Masters Winter,8,0.25,1.81,318.0,-8.0,55.0,310.0
Kozi,UCAM Esports,LES,Top,EMEA Masters Winter,9,0.556,1.9,309.0,-0.0,55.0,309.0
Erdote,devils.one inStreamly,RL,Support,EMEA Masters Winter,7,0.571,9.09,301.0,6.0,55.0,307.0
Tao,Karmine Corp Blue,LFL,Top,EMEA Masters Winter,13,0.615,1.77,306.0,-6.0,55.0,300.0
Twiizt,Unicorns of Love Sexy Edition,PRM,Support,EMEA Masters Winter,20,0.6,5.22,294.0,3.0,55.0,297.0
Keduii,Joblife,PRM,ADC,EMEA Masters Winter,11,0.636,2.93,288.0,4.0,55.0,292.0
RoyalKanin,Unicorns of Love Sexy Edition,PRM,Mid,EMEA Masters Winter,20,0.6,3.76,288.0,3.0,55.0,291.0
Fun K3y,Eintracht Spandau,PRM,ADC,EMEA Masters Winter,8,0.75,3.34,293.0,-3.0,55.0,290.0
Bwipo,Estral Esports,CD,Top,EMEA Masters Winter,10,0.6,2.04,290.0,-2.0,55.0,288.0
ESCIK,UCAM Esports,LES,Mid,EMEA Masters Winter,9,0.556,3.34,284.0,-0.0,55.0,284.0
ANDARIEL,UCAM Esports,LES,ADC,EMEA Masters Winter,9,0.556,2.81,283.0,-0.0,55.0,283.0
White,Unicorns of Love Sexy Edition,PRM,Jungle,EMEA Masters Winter,20,0.6,2.52,268.0,3.0,55.0,271.0
bluerzor,UCAM Esports,LES,Jungle,EMEA Masters Winter,9,0.556,2.97,263.0,-0.0,55.0,263.0
Fornoreason,Unicorns of Love Sexy Edition,PRM,Top,EMEA Masters Winter,20,0.6,1.86,250.0,3.0,55.0,253.0
Xagog,Eintracht Spandau,PRM,Jungle,EMEA Masters Winter,11,0.636,2.56,245.0,4.0,55.0,249.0
Bonnie,S2G Esports,TCL,Jungle,EMEA Masters Winter,9,0.556,5.0,240.0,2.0,55.0,242.0
Odi11,Bomba Team,RL,ADC,EMEA Masters Winter,6,0.333,4.42,239.0,-2.0,55.0,237.0
DnDn,S2G Esports,TCL,Top,EMEA Masters Winter,9,0.556,2.54,232.0,2.0,55.0,234.0
Unkn0wn,Valerion,HLL,ADC,EMEA Masters Winter,10,0.3,2.24,242.0,-10.0,55.0,232.0
Furuy,Verdant,NLC,Mid,EMEA Masters Winter,7,0.429,5.27,221.0,3.0,55.0,224.0
Seal,Frites Esports Club,ROL,Support,EMEA Masters Winter,7,0.286,2.52,224.0,-1.0,55.0,223.0
iLEVI,UCAM Esports,LES,Support,EMEA Masters Winter,9,0.556,3.41,222.0,-0.0,55.0,222.0
Patrik,Berlin International Gaming,PRM,ADC,EMEA Masters Winter,16,0.625,4.11,206.0,11.0,55.0,217.0
Cboi,Valerion,HLL,Jungle,EMEA Masters Winter,7,0.286,2.37,214.0,-1.0,55.0,213.0
minemaciek,Bomba Team,RL,Support,EMEA Masters Winter,6,0.333,2.43,214.0,-2.0,55.0,212.0
Speedy1,Valerion,HLL,Support,EMEA Masters Winter,10,0.3,2.4,222.0,-10.0,55.0,212.0
Scorth,PCIFIC Esports,TCL,ADC,EMEA Masters Winter,9,0.556,5.82,204.0,2.0,55.0,206.0
Oscure,Barça eSports,LES,Support,EMEA Masters Winter,8,0.5,4.04,185.0,-1.0,55.0,184.0
Mrozku,Bomba Team,RL,Mid,EMEA Masters Winter,6,0.333,1.8,181.0,-2.0,55.0,179.0
Woolite,devils.one inStreamly,RL,ADC,EMEA Masters Winter,9,0.444,2.35,168.0,2.0,55.0,170.0
frajgo,Bomba Team,RL,Top,EMEA Masters Winter,6,0.333,2.33,166.0,-2.0,55.0,164.0
Legolas,Barça eSports,LES,ADC,EMEA Masters Winter,8,0.5,3.92,159.0,-1.0,55.0,158.0
bobista,Verdant,NLC,Top,EMEA Masters Winter,7,0.429,2.48,155.0,3.0,55.0,158.0
Peppe,Valerion,HLL,Mid,EMEA Masters Winter,9,0.444,3.92,155.0,2.0,55.0,157.0
alix,Gamespace Mediterranean College Esports,HLL,Mid,EMEA Masters Winter,6,0.333,3.33,153.0,-0.0,55.0,153.0
mikusik,LODIS,RL,Jungle,EMEA Masters Winter,9,0.444,3.15,139.0,2.0,55.0,141.0
Guggu,Verdant,NLC,Support,EMEA Masters Winter,7,0.429,4.95,134.0,3.0,55.0,137.0
Mishi,Verdant,NLC,ADC,EMEA Masters Winter,7,0.429,2.24,131.0,3.0,55.0,134.0
Wolorz,Frites Esports Club,ROL,Mid,EMEA Masters Winter,7,0.286,3.89,132.0,-1.0,55.0,131.0
FlickeR,Frites Esports Club,ROL,ADC,EMEA Masters Winter,7,0.286,4.06,127.0,-1.0,55.0,126.0
Booshi,ZYB Esport,LFL,ADC,EMEA Masters Winter,9,0.444,4.78,120.0,2.0,55.0,122.0
SLT,Nightbirds,HM,Top,EMEA Masters Winter,6,0.333,2.29,121.0,-2.0,55.0,119.0
selenex,Barça eSports,LES,Top,EMEA Masters Winter,8,0.5,3.29,115.0,-1.0,55.0,114.0
Agresivoo,Barcząca Esports by Yumisu,RL,Top,EMEA Masters Winter,9,0.444,1.94,106.0,2.0,55.0,108.0
Xicor,FN Esports,AL,ADC,EMEA Masters Winter,8,0.25,1.69,116.0,-8.0,55.0,108.0
Koldo,Barça eSports,LES,Jungle,EMEA Masters Winter,8,0.5,3.81,106.0,-1.0,55.0,105.0
Mersa,Joblife,LFL,Support,EMEA Masters Winter,9,0.556,3.2,103.0,2.0,55.0,105.0
iBo,devils.one inStreamly,RL,Top,EMEA Masters Winter,10,0.3,1.08,112.0,-10.0,55.0,102.0
Stormax,FN Esports,AL,Jungle,EMEA Masters Winter,8,0.25,1.94,109.0,-8.0,55.0,101.0
Macaquinho,Barça eSports,LES,Mid,EMEA Masters Winter,8,0.5,3.87,95.0,-1.0,55.0,94.0
Random,Disruptors,AL,Mid,EMEA Masters Winter,8,0.25,3.21,102.0,-8.0,55.0,94.0
Twight,eSuba,NL,Jungle,EMEA Masters Winter,5,0.2,2.43,93.0,-1.0,55.0,92.0
denyk,Nightbirds,HM,Support,EMEA Masters Winter,6,0.333,2.28,93.0,-2.0,55.0,91.0
handm,BAAM Esports,AL,Top,EMEA Masters Winter,6,0.333,2.08,89.0,1.0,55.0,90.0
Kenal,Bushido Wildcats,TCL,ADC,EMEA Masters Winter,6,0.333,2.77,88.0,-0.0,55.0,88.0
Mihile,Team Heretics Academy,LES,Top,EMEA Masters Winter,11,0.636,2.97,88.0,-2.0,55.0,86.0
Jactroll,Barcząca Esports by Yumisu,RL,Support,EMEA Masters Winter,9,0.444,2.27,83.0,2.0,55.0,85.0
Slayder,Dragons Esports,AL,ADC,EMEA Masters Winter,6,0.333,2.82,80.0,1.0,55.0,81.0
adi1,Bomba Team,RL,Jungle,EMEA Masters Winter,9,0.333,2.22,74.0,-2.0,55.0,72.0
Bisk,The Bandits,ROL,Top,EMEA Masters Winter,5,0.2,1.44,70.0,-0.0,55.0,70.0
Krest,FN Esports,AL,Top,EMEA Masters Winter,8,0.25,0.84,68.0,-8.0,55.0,60.0
Chan,Partizan Sangal,EBL,Top,EMEA Masters Winter,7,0.571,5.33,51.0,6.0,55.0,57.0
Vasco,Nightbirds,HM,Mid,EMEA Masters Winter,6,0.333,2.08,58.0,-2.0,55.0,56.0
Strode,Nightbirds,HM,ADC,EMEA Masters Winter,6,0.333,3.15,58.0,-2.0,55.0,56.0
Mafro,Verdant,NLC,Jungle,EMEA Masters Winter,7,0.429,2.77,51.0,3.0,55.0,54.0
StarScreen,Pyramid IV Esports,AL,Top,EMEA Masters Winter,6,0.333,2.84,43.0,-0.0,55.0,43.0
Jeyrus,DIA Ozarox Esports,TCL,ADC,EMEA Masters Winter,4,0.0,1.82,43.0,-0.0,55.0,43.0
Aytekn,Bushido Wildcats,TCL,Top,EMEA Masters Winter,4,0.0,1.28,39.0,-0.0,55.0,39.0
Ruby,Partizan Sangal,EBL,Mid,EMEA Masters Winter,7,0.571,3.58,23.0,6.0,55.0,29.0
APP,HMBLE,LIT,Top,EMEA Masters Winter,9,0.333,3.31,30.0,-2.0,55.0,28.0
Nille,Arctic Pandas,NLC,Top,EMEA Masters Winter,8,0.5,3.08,21.0,2.0,55.0,23.0
RAMES,SU Esports,TCL,Jungle,EMEA Masters Winter,9,0.444,3.33,17.0,2.0,55.0,19.0
Guli,Barcząca Esports by Yumisu,RL,Jungle,EMEA Masters Winter,6,0.333,2.58,18.0,-2.0,55.0,16.0
Click,HMBLE,LIT,Support,EMEA Masters Winter,9,0.333,3.02,3.0,-2.0,55.0,1.0
Ferret,Partizan Sangal,EBL,Jungle,EMEA Masters Winter,7,0.571,6.23,-5.0,6.0,55.0,1.0
Time,GIANTX iTero,LES,Jungle,EMEA Masters Winter,7,0.286,2.03,3.0,-4.0,55.0,-1.0
Simpli,Arctic Pandas,NLC,Mid,EMEA Masters Winter,8,0.5,4.56,-9.0,2.0,55.0,-7.0
Boltox,Arctic Pandas,NLC,Support,EMEA Masters Winter,8,0.5,2.69,-16.0,2.0,55.0,-14.0
VAEII,JSK Esports,AL,Mid,EMEA Masters Winter,4,0.0,1.6,-17.0,-0.0,55.0,-17.0
dibu,Arctic Pandas,NLC,Jungle,EMEA Masters Winter,8,0.5,2.27,-30.0,2.0,55.0,-28.0
Tsiper,WLGaming Esports,HLL,Mid,EMEA Masters Winter,10,0.3,3.39,-21.0,-10.0,55.0,-31.0
Tyrone,HMBLE,LIT,ADC,EMEA Masters Winter,9,0.333,3.03,-32.0,-2.0,55.0,-34.0
moe,Pyramid IV Esports,AL,Jungle,EMEA Masters Winter,6,0.333,2.65,-35.0,1.0,55.0,-34.0
Camana,Bushido Wildcats,TCL,Mid,EMEA Masters Winter,4,0.0,1.94,-35.0,-0.0,55.0,-35.0
choego,BAAM Esports,AL,ADC,EMEA Masters Winter,4,0.0,2.67,-47.0,-0.0,55.0,-47.0
NuQ,Bulldog Esports,NLC,Top,EMEA Masters Winter,7,0.286,2.5,-48.0,-1.0,55.0,-49.0
kehvo,Arctic Pandas,NLC,ADC,EMEA Masters Winter,8,0.5,3.61,-52.0,2.0,55.0,-50.0
Pallet,WLGaming Esports,HLL,Jungle,EMEA Masters Winter,10,0.3,2.21,-45.0,-10.0,55.0,-55.0
Centu,Team Phantasma,HLL,Support,EMEA Masters Winter,4,0.0,3.36,-78.0,-2.0,55.0,-80.0
Vigil,HMBLE,LIT,Mid,EMEA Masters Winter,9,0.333,2.41,-79.0,-2.0,55.0,-81.0
Calmsky,White Dragons,LPLOL,Support,EMEA Masters Winter,10,0.4,3.0,-87.0,2.0,55.0,-85.0
Lekcyc,Bubliki,LPLOL,Support,EMEA Masters Winter,6,0.333,3.47,-91.0,-0.0,55.0,-91.0
Tenshi,Barcząca Esports by Yumisu,RL,Mid,EMEA Masters Winter,9,0.444,2.43,-101.0,2.0,55.0,-99.0
Rayito,GIANTX iTero,LES,ADC,EMEA Masters Winter,4,0.0,1.4,-110.0,1.0,55.0,-109.0
Lulas,Esprit Shōnen,LPLOL,Jungle,EMEA Masters Winter,10,0.4,2.49,-112.0,2.0,55.0,-110.0
sas,Disruptors,AL,Support,EMEA Masters Winter,6,0.333,1.41,-117.0,1.0,55.0,-116.0
REAVER,WLGaming Esports,HLL,Support,EMEA Masters Winter,9,0.444,3.44,-121.0,2.0,55.0,-119.0
fantomisto,Esprit Shōnen,RL,Mid,EMEA Masters Winter,10,0.4,3.18,-123.0,2.0,55.0,-121.0
Warner,ZennIT,ROL,Mid,EMEA Masters Winter,6,0.333,3.62,-128.0,1.0,55.0,-127.0
MrJackson,The ParadOx Invaders,HLL,Jungle,EMEA Masters Winter,6,0.333,3.13,-134.0,-2.0,55.0,-136.0
Faetski,devils.one inStreamly,RL,ADC,EMEA Masters Winter,10,0.4,2.14,-141.0,2.0,55.0,-139.0
Goldmen,Team Phantasma,HLL,Top,EMEA Masters Winter,10,0.4,1.43,-151.0,2.0,55.0,-149.0
Luncafoer,The Bandits,ROL,Jungle,EMEA Masters Winter,5,0.2,1.3,-151.0,-0.0,55.0,-151.0
bicas,DMG Esports,NLC,Jungle,EMEA Masters Winter,2,0.0,1.8,-167.0,1.0,55.0,-166.0
Elramir,Dream Esports,TCL,Jungle,EMEA Masters Winter,2,0.0,0.73,-174.0,-3.0,55.0,-177.0
bbmuffin,The Bandits,ROL,Mid,EMEA Masters Winter,5,0.2,2.67,-187.0,-0.0,55.0,-187.0
ShizuOo,BAAM Esports,AL,Jungle,EMEA Masters Winter,4,0.0,2.28,-190.0,-0.0,55.0,-190.0
Ace,Senshi eSports,ROL,ADC,EMEA Masters Winter,4,0.0,0.68,-192.0,-0.0,55.0,-192.0
Esko,eSuba,HM,ADC,EMEA Masters Winter,5,0.2,2.35,-192.0,-1.0,55.0,-193.0
Panj,Myth Esports,ROL,Support,EMEA Masters Winter,4,0.0,2.14,-217.0,1.0,55.0,-216.0
CaviaVampier,The Bandits,ROL,ADC,EMEA Masters Winter,5,0.2,2.3,-225.0,-0.0,55.0,-225.0
PatkicaA,Myth Esports,ROL,Top,EMEA Masters Winter,4,0.0,0.95,-234.0,1.0,55.0,-233.0
Zaremba,3BL Esports,AL,Support,EMEA Masters Winter,4,0.0,1.42,-239.0,-0.0,55.0,-239.0
STANIK,mCon esports,ROL,Mid,EMEA Masters Winter,5,0.2,3.08,-239.0,-1.0,55.0,-240.0
Darkeszy,eSuba,HM,Top,EMEA Masters Winter,5,0.2,1.63,-246.0,-1.0,55.0,-247.0
TheGreatGary,Otter Side,LPLOL,Top,EMEA Masters Winter,4,0.0,0.32,-274.0,-0.0,55.0,-274.0
Inzuh,Crystal Rose,LPLOL,Mid,EMEA Masters Winter,4,0.0,0.5,-288.0,-0.0,55.0,-288.0
Claww,3BL Esports,AL,Top,EMEA Masters Winter,4,0.0,0.83,-300.0,-0.0,55.0,-300.0
Dehaste,Team Aqua ASD,EBL,Mid,EMEA Masters Winter,4,0.0,1.21,-336.0,1.0,55.0,-335.0
Bisgaard,Colossal Gaming,LIT,Mid,EMEA Masters Winter,4,0.0,2.71,-337.0,-2.0,55.0,-339.0
Tochas,Dream Esports,LPLOL,Support,EMEA Masters Winter,4,0.0,0.86,-351.0,-0.0,55.0,-351.0
Renewal,Only The Family,EBL,Jungle,EMEA Masters Winter,4,0.0,0.55,-389.0,-0.0,55.0,-389.0
Fragola,Colossal Gaming,LIT,Jungle,EMEA Masters Winter,4,0.0,2.56,-392.0,-2.0,55.0,-394.0
PiskHello,Colossal Gaming,LIT,ADC,EMEA Masters Winter,4,0.0,2.67,-408.0,-2.0,55.0,-410.0
Lotuss,Myth Esports,ROL,Jungle,EMEA Masters Winter,4,0.0,1.89,-412.0,1.0,55.0,-411.0
The Mountain,EKO Esports,LIT,Top,EMEA Masters Winter,4,0.0,0.78,-411.0,-2.0,55.0,-413.0
AwerpiS,TITANS,LIT,Support,EMEA Masters Winter,5,0.2,1.83,-422.0,-0.0,55.0,-422.0
Ze Luis,Francesinhas,LPLOL,Support,EMEA Masters Winter,4,0.0,1.3,-430.0,-0.0,55.0,-430.0
D4SH,Capybara Esports,LPLOL,Jungle,EMEA Masters Winter,2,0.0,0.86,-460.0,-1.0,55.0,-461.0
Zeka,Hanwha Life Esports,LCK,Mid,Esports World Cup · phase de groupes,12,0.833,7.04,938.0,4.0,55.0,942.0
Zeus,Hanwha Life Esports,LCK,Top,Esports World Cup · phase de groupes,12,0.833,4.73,927.0,4.0,55.0,931.0
Keria,T1,LCK,Support,Esports World Cup · phase de groupes,8,0.875,5.5,923.0,7.0,55.0,930.0
Gumayusi,Hanwha Life Esports,LCK,ADC,Esports World Cup · phase de groupes,12,0.833,3.79,912.0,4.0,55.0,916.0
Peyz,T1,LCK,ADC,Esports World Cup · phase de groupes,8,0.875,5.22,906.0,7.0,55.0,913.0
Doran,T1,LCK,Top,Esports World Cup · phase de groupes,8,0.875,4.94,886.0,7.0,55.0,893.0
Kanavi,Hanwha Life Esports,LCK,Jungle,Esports World Cup · phase de groupes,12,0.833,4.85,875.0,4.0,55.0,879.0
Lucid,Dplus Kia,LCK,Jungle,Esports World Cup · phase de groupes,12,0.417,2.62,876.0,-3.0,55.0,873.0
Faker,T1,LCK,Mid,Esports World Cup · phase de groupes,8,0.875,4.95,861.0,7.0,55.0,868.0
Delight,Hanwha Life Esports,LCK,Support,Esports World Cup · phase de groupes,12,0.833,5.24,857.0,4.0,55.0,861.0
Oner,T1,LCK,Jungle,Esports World Cup · phase de groupes,8,0.875,5.29,842.0,7.0,55.0,849.0
Smash,Dplus Kia,LCK,ADC,Esports World Cup · phase de groupes,12,0.417,2.78,845.0,-3.0,55.0,842.0
ShowMaker,Dplus Kia,LCK,Mid,Esports World Cup · phase de groupes,12,0.417,2.19,820.0,-3.0,55.0,817.0
SkewMond,G2 Esports,LEC,Jungle,Esports World Cup · phase de groupes,7,1.0,9.33,802.0,8.0,55.0,810.0
Caps,G2 Esports,LEC,Mid,Esports World Cup · phase de groupes,7,1.0,6.83,801.0,8.0,55.0,809.0
Career,Dplus Kia,LCK,Support,Esports World Cup · phase de groupes,12,0.417,4.75,812.0,-3.0,55.0,809.0
Hans Sama,G2 Esports,LEC,ADC,Esports World Cup · phase de groupes,7,1.0,9.11,798.0,8.0,55.0,806.0
BrokenBlade,G2 Esports,LEC,Top,Esports World Cup · phase de groupes,7,1.0,4.62,783.0,8.0,55.0,791.0
Caliste,Karmine Corp,LEC,ADC,Esports World Cup · phase de groupes,11,0.636,4.38,785.0,-0.0,55.0,785.0
kyeahoo,Karmine Corp,LEC,Mid,Esports World Cup · phase de groupes,11,0.636,3.9,774.0,-0.0,55.0,774.0
Diable,Nongshim RedForce,LCK,ADC,Esports World Cup · phase de groupes,9,0.444,3.52,767.0,4.0,55.0,771.0
Labrov,G2 Esports,LEC,Support,Esports World Cup · phase de groupes,7,1.0,3.36,755.0,8.0,55.0,763.0
Siwoo,Dplus Kia,LCK,Top,Esports World Cup · phase de groupes,12,0.417,1.48,763.0,-3.0,55.0,760.0
Canna,Karmine Corp,LEC,Top,Esports World Cup · phase de groupes,11,0.636,3.21,756.0,-0.0,55.0,756.0
Lehends,Nongshim RedForce,LCK,Support,Esports World Cup · phase de groupes,9,0.444,3.05,743.0,4.0,55.0,747.0
Aiming,Kiwoom DRX,LCK,ADC,Esports World Cup · phase de groupes,4,0.0,2.47,754.0,-8.0,55.0,746.0
Busio,Karmine Corp,LEC,Support,Esports World Cup · phase de groupes,11,0.636,4.42,736.0,-0.0,55.0,736.0
Yike,Karmine Corp,LEC,Jungle,Esports World Cup · phase de groupes,11,0.636,3.33,730.0,-0.0,55.0,730.0
Roamer,HANJIN BRION,LCK,Mid,Esports World Cup · phase de groupes,6,0.333,2.15,728.0,1.0,55.0,729.0
Bdd,KT Rolster,LCK,Mid,Esports World Cup · phase de groupes,4,0.0,1.44,735.0,-8.0,55.0,727.0
Effort,KT Rolster,LCK,Support,Esports World Cup · phase de groupes,4,0.0,1.58,734.0,-8.0,55.0,726.0
Kellin,BNK FEARX,LCK,Support,Esports World Cup · phase de groupes,7,0.429,3.46,720.0,-3.0,55.0,717.0
PerfecT,KT Rolster,LCK,Top,Esports World Cup · phase de groupes,4,0.0,1.53,720.0,-8.0,55.0,712.0
Dhokla,LYON,LCS,Top,Esports World Cup · phase de groupes,8,0.5,2.16,719.0,-8.0,55.0,711.0
Cuzz,KT Rolster,LCK,Jungle,Esports World Cup · phase de groupes,4,0.0,1.58,715.0,-8.0,55.0,707.0
VicLa,BNK FEARX,LCK,Mid,Esports World Cup · phase de groupes,7,0.429,2.47,707.0,-3.0,55.0,704.0
Rich,Kiwoom DRX Challengers,LCKC,Top,Esports World Cup · phase de groupes,3,0.333,1.91,705.0,-5.0,55.0,700.0
Elyoya,Movistar KOI,LEC,Jungle,Esports World Cup · phase de groupes,13,0.538,4.15,694.0,2.0,55.0,696.0
Taeyoon,BNK FEARX,LCK,ADC,Esports World Cup · phase de groupes,7,0.429,1.8,695.0,-3.0,55.0,692.0
Fleshy,Team Vitality,LEC,Support,Esports World Cup · phase de groupes,8,0.375,3.31,690.0,-2.0,55.0,688.0
Jojopyun,Movistar KOI,LEC,Mid,Esports World Cup · phase de groupes,13,0.538,3.81,678.0,2.0,55.0,680.0
Casting,HANJIN BRION,LCK,Top,Esports World Cup · phase de groupes,6,0.333,1.64,679.0,1.0,55.0,680.0
Supa,Movistar KOI,LEC,ADC,Esports World Cup · phase de groupes,13,0.538,3.92,675.0,2.0,55.0,677.0
Carzzy,Team Vitality,LEC,ADC,Esports World Cup · phase de groupes,8,0.375,3.3,672.0,-2.0,55.0,670.0
Alvaro,Movistar KOI,LEC,Support,Esports World Cup · phase de groupes,13,0.538,4.0,668.0,2.0,55.0,670.0
GIDEON,HANJIN BRION,LCK,Jungle,Esports World Cup · phase de groupes,6,0.333,3.46,668.0,1.0,55.0,669.0
Clear,BNK FEARX,LCK,Top,Esports World Cup · phase de groupes,7,0.429,2.61,671.0,-3.0,55.0,668.0
Scout,Nongshim RedForce,LCK,Mid,Esports World Cup · phase de groupes,9,0.444,3.97,662.0,4.0,55.0,666.0
Naak Nako,Team Vitality,LEC,Top,Esports World Cup · phase de groupes,8,0.375,1.83,666.0,-2.0,55.0,664.0
Raptor,BNK FEARX,LCK,Jungle,Esports World Cup · phase de groupes,7,0.429,3.57,664.0,-3.0,55.0,661.0
Myrwn,Movistar KOI,LEC,Top,Esports World Cup · phase de groupes,13,0.538,2.07,653.0,2.0,55.0,655.0
Kaze,LOUD,CBLOL,Mid,Esports World Cup · phase de groupes,9,0.667,5.05,651.0,1.0,55.0,652.0
Berserker,LYON,LCS,ADC,Esports World Cup · phase de groupes,8,0.5,3.95,653.0,-8.0,55.0,645.0
Isles,LYON,LCS,Support,Esports World Cup · phase de groupes,8,0.5,3.37,650.0,-8.0,55.0,642.0
Morgan,Team Liquid,LCS,Top,Esports World Cup · phase de groupes,12,0.667,4.07,635.0,4.0,55.0,639.0
Teddy,HANJIN BRION,LCK,ADC,Esports World Cup · phase de groupes,6,0.333,3.0,637.0,1.0,55.0,638.0
CoreJJ,Team Liquid,LCS,Support,Esports World Cup · phase de groupes,12,0.667,6.0,630.0,4.0,55.0,634.0
Willer,Kiwoom DRX,LCK,Jungle,Esports World Cup · phase de groupes,3,0.333,2.56,638.0,-5.0,55.0,633.0
Yeon,Team Liquid,LCS,ADC,Esports World Cup · phase de groupes,12,0.667,5.96,629.0,4.0,55.0,633.0
deokdam,DN SOOPers,LCK,ADC,Esports World Cup · phase de groupes,7,0.286,1.6,629.0,3.0,55.0,632.0
Andil,Kiwoom DRX,LCK,Support,Esports World Cup · phase de groupes,3,0.333,3.11,634.0,-5.0,55.0,629.0
Ucal,Kiwoom DRX,LCK,Mid,Esports World Cup · phase de groupes,3,0.333,4.0,634.0,-5.0,55.0,629.0
Namgung,HANJIN BRION,LCK,Support,Esports World Cup · phase de groupes,6,0.333,2.64,624.0,1.0,55.0,625.0
DuDu,DN SOOPers,LCK,Top,Esports World Cup · phase de groupes,7,0.286,1.88,619.0,3.0,55.0,622.0
Saint,LYON,LCS,Mid,Esports World Cup · phase de groupes,8,0.5,2.31,628.0,-8.0,55.0,620.0
Kryze,Solary,LFL,Top,Esports World Cup · phase de groupes,7,0.429,4.31,620.0,-4.0,55.0,616.0
Sponge,Nongshim RedForce,LCK,Jungle,Esports World Cup · phase de groupes,9,0.444,2.62,609.0,4.0,55.0,613.0
Rhilech,Natus Vincere,LEC,Jungle,Esports World Cup · phase de groupes,11,0.546,3.87,607.0,6.0,55.0,613.0
SlowQ,SK Gaming,LEC,Mid,Esports World Cup · phase de groupes,6,0.333,2.95,616.0,-4.0,55.0,612.0
Thayger,Galions,LFL,Jungle,Esports World Cup · phase de groupes,9,0.556,3.96,615.0,-3.0,55.0,612.0
Kingen,Nongshim RedForce,LCK,Top,Esports World Cup · phase de groupes,9,0.444,2.92,607.0,4.0,55.0,611.0
Eddie,Team Secret Whales,LCP,ADC,Esports World Cup · phase de groupes,11,0.818,6.29,606.0,-2.0,55.0,604.0
xyno,LOUD,CBLOL,Top,Esports World Cup · phase de groupes,8,0.5,2.62,606.0,-4.0,55.0,602.0
Zicssi,Solary,LFL,Jungle,Esports World Cup · phase de groupes,7,0.429,2.61,604.0,-4.0,55.0,600.0
Josedeodo,Team Liquid,LCS,Jungle,Esports World Cup · phase de groupes,12,0.667,5.89,596.0,4.0,55.0,600.0
Lyncas,Team Vitality,LEC,Jungle,Esports World Cup · phase de groupes,8,0.375,3.04,602.0,-2.0,55.0,600.0
Quid,Team Liquid,LCS,Mid,Esports World Cup · phase de groupes,12,0.667,4.26,595.0,4.0,55.0,599.0
Piero,Solary,LFL,Support,Esports World Cup · phase de groupes,7,0.429,3.25,601.0,-4.0,55.0,597.0
Aetinoth,Solary,LFL,ADC,Esports World Cup · phase de groupes,7,0.429,2.14,601.0,-4.0,55.0,597.0
Carlsen,Galions,LFL,Top,Esports World Cup · phase de groupes,9,0.556,3.0,598.0,-3.0,55.0,595.0
Inspired,LYON,LCS,Jungle,Esports World Cup · phase de groupes,8,0.5,2.62,603.0,-8.0,55.0,595.0
Trymbi,Shifters,LEC,Support,Esports World Cup · phase de groupes,7,0.429,3.64,593.0,1.0,55.0,594.0
Vulcan,Cloud9,LCS,Support,Esports World Cup · phase de groupes,6,0.333,3.64,602.0,-9.0,55.0,593.0
SamD,Natus Vincere,LEC,ADC,Esports World Cup · phase de groupes,11,0.546,3.36,586.0,6.0,55.0,592.0
Ackerman,LØS,CBLOL,Support,Esports World Cup · phase de groupes,14,0.714,8.82,588.0,3.0,55.0,591.0
Zoelys,Galions,LFL,Support,Esports World Cup · phase de groupes,9,0.556,4.58,591.0,-3.0,55.0,588.0
Maynter,Natus Vincere,LEC,Top,Esports World Cup · phase de groupes,11,0.546,3.0,581.0,6.0,55.0,587.0
Zest,LØS,CBLOL,Top,Esports World Cup · phase de groupes,14,0.714,4.71,583.0,3.0,55.0,586.0
Pun,Team Secret Whales,LCP,Top,Esports World Cup · phase de groupes,11,0.818,3.38,584.0,-2.0,55.0,582.0
Thanatos,Cloud9,LCS,Top,Esports World Cup · phase de groupes,6,0.333,1.94,589.0,-9.0,55.0,580.0
HARPOON,Galions,LFL,ADC,Esports World Cup · phase de groupes,9,0.556,3.92,579.0,-3.0,55.0,576.0
Bie,Team Secret Whales,LCP,Support,Esports World Cup · phase de groupes,11,0.818,4.88,577.0,-2.0,55.0,575.0
Parus,Natus Vincere,LEC,Support,Esports World Cup · phase de groupes,11,0.546,3.63,567.0,6.0,55.0,573.0
Blaber,Cloud9,LCS,Jungle,Esports World Cup · phase de groupes,6,0.333,1.9,580.0,-9.0,55.0,571.0
Jool,Solary,LFL,Mid,Esports World Cup · phase de groupes,7,0.429,2.75,572.0,-4.0,55.0,568.0
Poby,Natus Vincere,LEC,Mid,Esports World Cup · phase de groupes,11,0.546,3.03,558.0,6.0,55.0,564.0
Clozer,DN SOOPers,LCK,Mid,Esports World Cup · phase de groupes,7,0.286,3.0,559.0,3.0,55.0,562.0
Feisty,LØS,CBLOL,Mid,Esports World Cup · phase de groupes,14,0.714,4.91,554.0,3.0,55.0,557.0
LazyFeel,Kiwoom DRX Challengers,LCKC,ADC,Esports World Cup · phase de groupes,3,0.333,5.2,560.0,-5.0,55.0,555.0
OMON,Galions,LFL,Mid,Esports World Cup · phase de groupes,9,0.556,3.14,550.0,-3.0,55.0,547.0
Lospa,Fnatic,LEC,Support,Esports World Cup · phase de groupes,7,0.286,4.06,540.0,0.0,55.0,540.0
Hizto,Team Secret Whales,LCP,Jungle,Esports World Cup · phase de groupes,11,0.818,5.62,540.0,-2.0,55.0,538.0
ISMA,GiantX,LEC,Jungle,Esports World Cup · phase de groupes,8,0.5,3.38,532.0,-1.0,55.0,531.0
Dire,Team Secret Whales,LCP,Mid,Esports World Cup · phase de groupes,11,0.818,7.12,533.0,-2.0,55.0,531.0
Humanoid,Team Vitality,LEC,Mid,Esports World Cup · phase de groupes,8,0.375,2.03,533.0,-2.0,55.0,531.0
Duduhh,LØS,CBLOL,ADC,Esports World Cup · phase de groupes,14,0.714,4.05,515.0,3.0,55.0,518.0
Jun,GiantX,LEC,Support,Esports World Cup · phase de groupes,8,0.5,2.47,518.0,-1.0,55.0,517.0
Razork,Fnatic,LEC,Jungle,Esports World Cup · phase de groupes,7,0.286,2.46,512.0,0.0,55.0,512.0
STEPZ,RED Canids,CBLOL,Jungle,Esports World Cup · phase de groupes,9,0.667,4.15,511.0,1.0,55.0,512.0
frosty,RED Canids,CBLOL,Support,Esports World Cup · phase de groupes,9,0.667,9.83,511.0,1.0,55.0,512.0
Upset,Fnatic,LEC,ADC,Esports World Cup · phase de groupes,7,0.286,4.54,512.0,0.0,55.0,512.0
Jackies,GiantX,LEC,Mid,Esports World Cup · phase de groupes,8,0.5,2.5,512.0,-1.0,55.0,511.0
Zven,Cloud9,LCS,ADC,Esports World Cup · phase de groupes,6,0.333,1.4,508.0,-9.0,55.0,499.0
Quad,FlyQuest,LCS,Mid,Esports World Cup · phase de groupes,15,0.533,4.47,489.0,6.0,55.0,495.0
Empyros,Fnatic,LEC,Top,Esports World Cup · phase de groupes,7,0.286,2.44,492.0,0.0,55.0,492.0
Vladi,Fnatic,LEC,Mid,Esports World Cup · phase de groupes,7,0.286,2.21,481.0,0.0,55.0,481.0
Gakgos,FlyQuest,LCS,Top,Esports World Cup · phase de groupes,15,0.533,3.34,475.0,6.0,55.0,481.0
Rahel,Sentinels,LCS,ADC,Esports World Cup · phase de groupes,11,0.818,9.8,467.0,14.0,55.0,481.0
zynts,RED Canids,CBLOL,Top,Esports World Cup · phase de groupes,9,0.667,3.94,479.0,1.0,55.0,480.0
Sheo,Shifters,LEC,Jungle,Esports World Cup · phase de groupes,7,0.429,2.91,477.0,1.0,55.0,478.0
Lot,GiantX,LEC,Top,Esports World Cup · phase de groupes,8,0.5,2.69,477.0,-1.0,55.0,476.0
huhi,Sentinels,LCS,Support,Esports World Cup · phase de groupes,11,0.818,4.16,457.0,14.0,55.0,471.0
Artemis,GAM Esports,LCP,ADC,Esports World Cup · phase de groupes,16,0.562,4.91,453.0,6.0,55.0,459.0
Noah,GiantX,LEC,ADC,Esports World Cup · phase de groupes,8,0.5,2.96,459.0,-1.0,55.0,458.0
DARKWINGS,Sentinels,LCS,Mid,Esports World Cup · phase de groupes,11,0.818,4.39,441.0,14.0,55.0,455.0
Gryffinn,FlyQuest,LCS,Jungle,Esports World Cup · phase de groupes,15,0.533,4.7,448.0,6.0,55.0,454.0
APA,Cloud9,LCS,Mid,Esports World Cup · phase de groupes,6,0.333,1.58,462.0,-9.0,55.0,453.0
Curse,LØS,CBLOL,Jungle,Esports World Cup · phase de groupes,14,0.714,4.73,440.0,3.0,55.0,443.0
Kiaya,GAM Esports,LCP,Top,Esports World Cup · phase de groupes,16,0.562,2.15,434.0,6.0,55.0,440.0
HongSuo,Deep Cross Gaming,LCP,Mid,Esports World Cup · phase de groupes,10,0.6,5.32,436.0,3.0,55.0,439.0
Cryogen,FlyQuest,LCS,Support,Esports World Cup · phase de groupes,15,0.533,3.5,433.0,6.0,55.0,439.0
Taki,GAM Esports,LCP,Support,Esports World Cup · phase de groupes,16,0.562,4.07,428.0,6.0,55.0,434.0
HamBak,Sentinels,LCS,Jungle,Esports World Cup · phase de groupes,11,0.818,5.18,417.0,14.0,55.0,431.0
ceo,Vivo Keyd Stars,CBLOL,ADC,Esports World Cup · phase de groupes,11,0.454,2.07,423.0,3.0,55.0,426.0
Harky,MVK Esports,LCP,ADC,Esports World Cup · phase de groupes,6,0.333,2.42,431.0,-6.0,55.0,425.0
Massu,FlyQuest,LCS,ADC,Esports World Cup · phase de groupes,15,0.533,3.3,412.0,6.0,55.0,418.0
Draktharr,GAM Esports,LCP,Jungle,Esports World Cup · phase de groupes,16,0.562,3.35,409.0,6.0,55.0,415.0
Jopa,SK Gaming,LEC,ADC,Esports World Cup · phase de groupes,6,0.333,2.55,417.0,-4.0,55.0,413.0
Rooster,Shifters,LEC,Top,Esports World Cup · phase de groupes,7,0.429,3.11,411.0,1.0,55.0,412.0
Impact,Sentinels,LCS,Top,Esports World Cup · phase de groupes,11,0.818,2.82,394.0,14.0,55.0,408.0
Steller,MVK Esports Academy,VCS,Top,Esports World Cup · phase de groupes,2,0.0,0.6,412.0,-4.0,55.0,408.0
Gury,MVK Esports,LCP,Jungle,Esports World Cup · phase de groupes,6,0.333,4.25,412.0,-6.0,55.0,406.0
Momochi,Fluxo W7M,CBLOL,Support,Esports World Cup · phase de groupes,7,0.286,3.83,401.0,-2.0,55.0,399.0
Mikyx,SK Gaming,LEC,Support,Esports World Cup · phase de groupes,6,0.333,2.21,403.0,-4.0,55.0,399.0
Castle,LYON,LCS,Top,Esports World Cup · phase de groupes,6,0.333,2.36,397.0,-0.0,55.0,397.0
Flauren,Deep Cross Gaming,LCP,Top,Esports World Cup · phase de groupes,10,0.6,3.92,387.0,3.0,55.0,390.0
Pyosik,DN SOOPers,LCK,Jungle,Esports World Cup · phase de groupes,7,0.286,2.14,384.0,3.0,55.0,387.0
Pop9,Deep Cross Gaming,LCP,Jungle,Esports World Cup · phase de groupes,10,0.6,4.09,377.0,3.0,55.0,380.0
Skeanz,SK Gaming,LEC,Jungle,Esports World Cup · phase de groupes,6,0.333,2.19,382.0,-4.0,55.0,378.0
Wunder,SK Gaming,LEC,Top,Esports World Cup · phase de groupes,6,0.333,2.25,381.0,-4.0,55.0,377.0
Life,DN SOOPers,LCK,Support,Esports World Cup · phase de groupes,7,0.286,1.79,373.0,3.0,55.0,376.0
CarioK,paiN Gaming,CBLOL,Jungle,Esports World Cup · phase de groupes,7,0.429,2.36,371.0,4.0,55.0,375.0
Envy,Estral Esports,CD,Mid,Esports World Cup · phase de groupes,8,0.5,2.28,374.0,-4.0,55.0,370.0
curty,Fluxo W7M,CBLOL,Top,Esports World Cup · phase de groupes,7,0.286,2.75,371.0,-2.0,55.0,369.0
Lyonz,Disguised,LCS,Support,Esports World Cup · phase de groupes,6,0.333,2.3,366.0,-0.0,55.0,366.0
Kino,CTBC Flying Oyster,LCP,Support,Esports World Cup · phase de groupes,8,0.375,2.34,374.0,-8.0,55.0,366.0
Feng,Deep Cross Gaming,LCP,ADC,Esports World Cup · phase de groupes,10,0.6,4.16,362.0,3.0,55.0,365.0
YoungJae,LOUD,CBLOL,Jungle,Esports World Cup · phase de groupes,8,0.5,1.8,365.0,-4.0,55.0,361.0
Pout,CTBC Flying Oyster,LCP,Mid,Esports World Cup · phase de groupes,8,0.375,2.76,366.0,-8.0,55.0,358.0
cody,Fluxo W7M,CBLOL,Mid,Esports World Cup · phase de groupes,7,0.286,2.54,358.0,-2.0,55.0,356.0
Boal,paiN Gaming,CBLOL,Top,Esports World Cup · phase de groupes,7,0.429,2.56,350.0,4.0,55.0,354.0
Daglas,Team Heretics,LEC,Jungle,Esports World Cup · phase de groupes,4,0.0,1.83,355.0,-2.0,55.0,353.0
nuc,Shifters,LEC,Mid,Esports World Cup · phase de groupes,7,0.429,2.88,348.0,1.0,55.0,349.0
ShiauC,Deep Cross Gaming,LCP,Support,Esports World Cup · phase de groupes,10,0.6,5.03,345.0,3.0,55.0,348.0
Disamis,Vivo Keyd Stars,CBLOL,Jungle,Esports World Cup · phase de groupes,11,0.454,3.56,344.0,3.0,55.0,347.0
Callme,Disguised,LCS,Mid,Esports World Cup · phase de groupes,6,0.333,2.36,345.0,-0.0,55.0,345.0
SiuLoong,MVK Esports,LCP,Support,Esports World Cup · phase de groupes,6,0.333,3.93,349.0,-6.0,55.0,343.0
Shad0w,CTBC Flying Oyster,LCP,Jungle,Esports World Cup · phase de groupes,8,0.375,2.16,351.0,-8.0,55.0,343.0
Bull,LOUD,CBLOL,ADC,Esports World Cup · phase de groupes,8,0.5,2.48,346.0,-4.0,55.0,342.0
uZent,LOUD,CBLOL,Support,Esports World Cup · phase de groupes,8,0.5,3.61,345.0,-4.0,55.0,341.0
Morttheus,RED Canids,CBLOL,ADC,Esports World Cup · phase de groupes,9,0.667,7.5,331.0,1.0,55.0,332.0
Ice,Team Heretics,LEC,ADC,Esports World Cup · phase de groupes,4,0.0,1.57,321.0,-2.0,55.0,319.0
Aress,GAM Esports,LCP,Mid,Esports World Cup · phase de groupes,16,0.562,3.51,313.0,6.0,55.0,319.0
Doggo,CTBC Flying Oyster,LCP,ADC,Esports World Cup · phase de groupes,8,0.375,2.96,323.0,-8.0,55.0,315.0
sajed,Disguised,LCS,ADC,Esports World Cup · phase de groupes,6,0.333,2.0,314.0,-0.0,55.0,314.0
Paduck,Shifters,LEC,ADC,Esports World Cup · phase de groupes,7,0.429,2.23,312.0,1.0,55.0,313.0
Marble,Fukuoka SoftBank HAWKS gaming,LCP,ADC,Esports World Cup · phase de groupes,10,0.5,4.05,301.0,9.0,55.0,310.0
Rest,CTBC Flying Oyster,LCP,Top,Esports World Cup · phase de groupes,8,0.375,1.97,314.0,-8.0,55.0,306.0
Aria,Fukuoka SoftBank HAWKS gaming,LCP,Mid,Esports World Cup · phase de groupes,10,0.5,4.45,286.0,9.0,55.0,295.0
Contractz,Shopify Rebellion,LCS,Jungle,Esports World Cup · phase de groupes,4,0.0,0.79,294.0,-2.0,55.0,292.0
Fudge,Shopify Rebellion,LCS,Top,Esports World Cup · phase de groupes,4,0.0,1.0,293.0,-2.0,55.0,291.0
Bvoy,Shopify Rebellion,LCS,ADC,Esports World Cup · phase de groupes,4,0.0,1.06,279.0,-2.0,55.0,277.0
Serin,Team Heretics,LEC,Mid,Esports World Cup · phase de groupes,4,0.0,3.0,274.0,-2.0,55.0,272.0
Tracyn,Team Heretics,LEC,Top,Esports World Cup · phase de groupes,4,0.0,1.11,271.0,-2.0,55.0,269.0
Mireu,Vivo Keyd Stars,CBLOL,Mid,Esports World Cup · phase de groupes,11,0.454,2.45,266.0,3.0,55.0,269.0
Zinie,Shopify Rebellion,LCS,Mid,Esports World Cup · phase de groupes,4,0.0,0.61,267.0,-2.0,55.0,265.0
Vsta,Fukuoka SoftBank HAWKS gaming,LCP,Support,Esports World Cup · phase de groupes,10,0.5,3.77,255.0,9.0,55.0,264.0
Van1,Fukuoka SoftBank HAWKS gaming,LCP,Jungle,Esports World Cup · phase de groupes,10,0.5,4.5,251.0,9.0,55.0,260.0
Kuri,paiN Gaming,CBLOL,Support,Esports World Cup · phase de groupes,7,0.429,2.88,241.0,4.0,55.0,245.0
Evi,Fukuoka SoftBank HAWKS gaming,LCP,Top,Esports World Cup · phase de groupes,10,0.5,1.88,233.0,9.0,55.0,242.0
Ceos,paiN Gaming,CBLOL,Support,Esports World Cup · phase de groupes,4,0.0,0.94,240.0,-2.0,55.0,238.0
KryRa,Disguised,LCS,Jungle,Esports World Cup · phase de groupes,6,0.333,2.19,237.0,-0.0,55.0,237.0
eXyu,Dignitas,LCS,Jungle,Esports World Cup · phase de groupes,4,0.0,1.35,238.0,-5.0,55.0,233.0
Peach,Fluxo W7M,CBLOL,Jungle,Esports World Cup · phase de groupes,7,0.286,2.57,233.0,-2.0,55.0,231.0
1Jiang,Ground Zero Gaming,LCP,Top,Esports World Cup · phase de groupes,5,0.2,2.4,231.0,-2.0,55.0,229.0
Husha,Ground Zero Gaming,LCP,Jungle,Esports World Cup · phase de groupes,5,0.2,2.57,218.0,-2.0,55.0,216.0
Ignar,Dignitas,LCS,Support,Esports World Cup · phase de groupes,4,0.0,2.23,217.0,-5.0,55.0,212.0
scamber,Vivo Keyd Stars,CBLOL,Support,Esports World Cup · phase de groupes,11,0.454,2.82,206.0,3.0,55.0,209.0
Way,Team Heretics,LEC,Support,Esports World Cup · phase de groupes,4,0.0,2.0,211.0,-2.0,55.0,209.0
BAO,Fluxo W7M,CBLOL,ADC,Esports World Cup · phase de groupes,7,0.286,5.27,208.0,-2.0,55.0,206.0
Photon,Dignitas,LCS,Top,Esports World Cup · phase de groupes,4,0.0,1.36,204.0,-5.0,55.0,199.0
Kratos,MVK Esports,LCP,Top,Esports World Cup · phase de groupes,4,0.5,2.12,198.0,-2.0,55.0,196.0
Chika,MVK Esports,LCP,Mid,Esports World Cup · phase de groupes,6,0.333,2.0,187.0,-6.0,55.0,181.0
Palafox,Dignitas,LCS,Mid,Esports World Cup · phase de groupes,4,0.0,1.6,174.0,-5.0,55.0,169.0
Orca,Ground Zero Gaming,LCP,Support,Esports World Cup · phase de groupes,5,0.2,2.37,166.0,-2.0,55.0,164.0
Shunn,Ground Zero Gaming,LCP,ADC,Esports World Cup · phase de groupes,5,0.2,2.12,161.0,-2.0,55.0,159.0
JimieN,Ground Zero Gaming,LCP,Mid,Esports World Cup · phase de groupes,5,0.2,2.67,161.0,-2.0,55.0,159.0
zekas,Vivo Keyd Stars,CBLOL,Top,Esports World Cup · phase de groupes,11,0.454,1.61,149.0,3.0,55.0,152.0
Enga,Leviatan,CBLOL,Mid,Esports World Cup · phase de groupes,4,0.0,0.69,152.0,-4.0,55.0,148.0
TopLop,Leviatan,CBLOL,Support,Esports World Cup · phase de groupes,4,0.0,0.56,151.0,-4.0,55.0,147.0
FBI,Dignitas,LCS,ADC,Esports World Cup · phase de groupes,4,0.0,1.21,132.0,-5.0,55.0,127.0
Woody,DetonatioN FocusMe,LCP,Support,Esports World Cup · phase de groupes,4,0.0,1.63,120.0,0.0,55.0,120.0
Booki,Leviatan,CBLOL,Jungle,Esports World Cup · phase de groupes,4,0.0,0.71,121.0,-4.0,55.0,117.0
Fisher,DetonatioN FocusMe,LCP,Mid,Esports World Cup · phase de groupes,4,0.0,2.17,110.0,0.0,55.0,110.0
Devost,Leviatan,CBLOL,Top,Esports World Cup · phase de groupes,4,0.0,0.57,87.0,-4.0,55.0,83.0
Keine,paiN Gaming,CBLOL,Mid,Esports World Cup · phase de groupes,7,0.429,4.93,73.0,4.0,55.0,77.0
Momo,DetonatioN FocusMe,LCP,Top,Esports World Cup · phase de groupes,4,0.0,0.73,-78.0,0.0,55.0,-78.0
Citrus,DetonatioN FocusMe,LCP,Jungle,Esports World Cup · phase de groupes,4,0.0,1.16,-78.0,0.0,55.0,-78.0
Kakkun,DetonatioN FocusMe,LCP,ADC,Esports World Cup · phase de groupes,4,0.0,1.29,-88.0,0.0,55.0,-88.0
Snaker,Fuego,LRN,ADC,Esports World Cup · phase de groupes,4,0.0,0.7,-167.0,-4.0,55.0,-171.0
Marvin,paiN Gaming Academy,CD,ADC,Esports World Cup · phase de groupes,7,0.429,3.56,-224.0,4.0,55.0,-220.0
Chovy,Gen.G,LCK,Mid,Esports World Cup · playoffs,10,0.7,5.23,1026.0,-3.0,55.0,1023.0
Kiin,Gen.G,LCK,Top,Esports World Cup · playoffs,10,0.7,3.19,1018.0,-3.0,55.0,1015.0
Bin,Bilibili Gaming,LPL,Top,Esports World Cup · playoffs,5,0.6,3.67,1014.0,0.0,55.0,1014.0
Knight,Bilibili Gaming,LPL,Mid,Esports World Cup · playoffs,5,0.6,5.82,988.0,0.0,55.0,988.0
Ruler,Gen.G,LCK,ADC,Esports World Cup · playoffs,10,0.7,4.78,974.0,-3.0,55.0,971.0
Viper,Bilibili Gaming,LPL,ADC,Esports World Cup · playoffs,5,0.6,6.44,962.0,0.0,55.0,962.0
Duro,Gen.G,LCK,Support,Esports World Cup · playoffs,10,0.7,3.39,961.0,-3.0,55.0,958.0
Canyon,Gen.G,LCK,Jungle,Esports World Cup · playoffs,10,0.7,5.04,958.0,-3.0,55.0,955.0
Zeka,Hanwha Life Esports,LCK,Mid,Esports World Cup · playoffs,4,0.5,5.71,938.0,-2.0,55.0,936.0
ON,Bilibili Gaming,LPL,Support,Esports World Cup · playoffs,5,0.6,1.92,925.0,0.0,55.0,925.0
Zeus,Hanwha Life Esports,LCK,Top,Esports World Cup · playoffs,4,0.5,2.75,927.0,-2.0,55.0,925.0
Keria,T1,LCK,Support,Esports World Cup · playoffs,12,0.583,3.81,923.0,-1.0,55.0,922.0
Gumayusi,Hanwha Life Esports,LCK,ADC,Esports World Cup · playoffs,4,0.5,2.73,912.0,-2.0,55.0,910.0
Peyz,T1,LCK,ADC,Esports World Cup · playoffs,12,0.583,3.78,906.0,-1.0,55.0,905.0
Xun,Bilibili Gaming,LPL,Jungle,Esports World Cup · playoffs,5,0.6,4.5,902.0,0.0,55.0,902.0
Lucid,Dplus Kia,LCK,Jungle,Esports World Cup · playoffs,14,0.786,4.26,876.0,14.0,55.0,890.0
Doran,T1,LCK,Top,Esports World Cup · playoffs,12,0.583,2.88,886.0,-1.0,55.0,885.0
Kanavi,Hanwha Life Esports,LCK,Jungle,Esports World Cup · playoffs,4,0.5,3.36,875.0,-2.0,55.0,873.0
Faker,T1,LCK,Mid,Esports World Cup · playoffs,12,0.583,2.68,861.0,-1.0,55.0,860.0
Smash,Dplus Kia,LCK,ADC,Esports World Cup · playoffs,14,0.786,8.57,845.0,14.0,55.0,859.0
Delight,Hanwha Life Esports,LCK,Support,Esports World Cup · playoffs,4,0.5,2.93,857.0,-2.0,55.0,855.0
Oner,T1,LCK,Jungle,Esports World Cup · playoffs,12,0.583,3.6,842.0,-1.0,55.0,841.0
ShowMaker,Dplus Kia,LCK,Mid,Esports World Cup · playoffs,14,0.786,8.26,820.0,14.0,55.0,834.0
Hope,Anyone's Legend,LPL,ADC,Esports World Cup · playoffs,4,0.5,3.9,828.0,-1.0,55.0,827.0
Career,Dplus Kia,LCK,Support,Esports World Cup · playoffs,14,0.786,4.59,812.0,14.0,55.0,826.0
Tarzan,Anyone's Legend,LPL,Jungle,Esports World Cup · playoffs,4,0.5,4.73,826.0,-1.0,55.0,825.0
Shanks,Anyone's Legend,LPL,Mid,Esports World Cup · playoffs,4,0.5,3.73,817.0,-1.0,55.0,816.0
Kael,Anyone's Legend,LPL,Support,Esports World Cup · playoffs,4,0.5,3.31,807.0,-1.0,55.0,806.0
SkewMond,G2 Esports,LEC,Jungle,Esports World Cup · playoffs,4,0.25,2.64,802.0,-3.0,55.0,799.0
Caps,G2 Esports,LEC,Mid,Esports World Cup · playoffs,4,0.25,3.0,801.0,-3.0,55.0,798.0
Hans Sama,G2 Esports,LEC,ADC,Esports World Cup · playoffs,4,0.25,2.58,798.0,-3.0,55.0,795.0
JunJia,JD Gaming,LPL,Jungle,Esports World Cup · playoffs,6,0.5,3.62,788.0,2.0,55.0,790.0
Caliste,Karmine Corp,LEC,ADC,Esports World Cup · playoffs,14,0.571,4.83,785.0,-0.0,55.0,785.0
BrokenBlade,G2 Esports,LEC,Top,Esports World Cup · playoffs,4,0.25,1.47,783.0,-3.0,55.0,780.0
Siwoo,Dplus Kia,LCK,Top,Esports World Cup · playoffs,14,0.786,2.63,763.0,14.0,55.0,777.0
kyeahoo,Karmine Corp,LEC,Mid,Esports World Cup · playoffs,14,0.571,2.93,774.0,-0.0,55.0,774.0
GALA,JD Gaming,LPL,ADC,Esports World Cup · playoffs,6,0.5,9.57,770.0,2.0,55.0,772.0
Vampire,JD Gaming,LPL,Support,Esports World Cup · playoffs,6,0.5,4.53,755.0,2.0,55.0,757.0
Canna,Karmine Corp,LEC,Top,Esports World Cup · playoffs,14,0.571,3.28,756.0,-0.0,55.0,756.0
Labrov,G2 Esports,LEC,Support,Esports World Cup · playoffs,4,0.25,1.63,755.0,-3.0,55.0,752.0
HongQ,JD Gaming,LPL,Mid,Esports World Cup · playoffs,6,0.5,4.69,746.0,2.0,55.0,748.0
Busio,Karmine Corp,LEC,Support,Esports World Cup · playoffs,14,0.571,2.44,736.0,-0.0,55.0,736.0
Xiaoxu,JD Gaming,LPL,Top,Esports World Cup · playoffs,6,0.5,4.0,729.0,2.0,55.0,731.0
Yike,Karmine Corp,LEC,Jungle,Esports World Cup · playoffs,14,0.571,2.65,730.0,-0.0,55.0,730.0
Dhokla,LYON,LCS,Top,Esports World Cup · playoffs,3,0.0,0.94,719.0,-7.0,55.0,712.0
Flandre,Bilibili Gaming,LPL,Top,Esports World Cup · playoffs,4,0.5,6.12,698.0,-1.0,55.0,697.0
Elyoya,Movistar KOI,LEC,Jungle,Esports World Cup · playoffs,4,0.25,2.8,694.0,-5.0,55.0,689.0
Tatu,FURIA,CBLOL,Jungle,Esports World Cup · playoffs,3,0.0,1.3,678.0,-4.0,55.0,674.0
Jojopyun,Movistar KOI,LEC,Mid,Esports World Cup · playoffs,4,0.25,2.87,678.0,-5.0,55.0,673.0
Supa,Movistar KOI,LEC,ADC,Esports World Cup · playoffs,4,0.25,2.92,675.0,-5.0,55.0,670.0
Alvaro,Movistar KOI,LEC,Support,Esports World Cup · playoffs,4,0.25,2.05,668.0,-5.0,55.0,663.0
Myrwn,Movistar KOI,LEC,Top,Esports World Cup · playoffs,4,0.25,1.16,653.0,-5.0,55.0,648.0
Berserker,LYON,LCS,ADC,Esports World Cup · playoffs,3,0.0,2.78,653.0,-7.0,55.0,646.0
Isles,LYON,LCS,Support,Esports World Cup · playoffs,3,0.0,1.18,650.0,-7.0,55.0,643.0
Saint,LYON,LCS,Mid,Esports World Cup · playoffs,3,0.0,1.47,628.0,-7.0,55.0,621.0
Eddie,Team Secret Whales,LCP,ADC,Esports World Cup · playoffs,4,0.25,3.2,606.0,-1.0,55.0,605.0
Inspired,LYON,LCS,Jungle,Esports World Cup · playoffs,3,0.0,1.31,603.0,-7.0,55.0,596.0
Ackerman,LØS,CBLOL,Support,Esports World Cup · playoffs,5,0.4,2.88,588.0,3.0,55.0,591.0
Zest,LØS,CBLOL,Top,Esports World Cup · playoffs,5,0.4,1.96,583.0,3.0,55.0,586.0
Pun,Team Secret Whales,LCP,Top,Esports World Cup · playoffs,4,0.25,1.32,584.0,-1.0,55.0,583.0
Bie,Team Secret Whales,LCP,Support,Esports World Cup · playoffs,4,0.25,2.33,577.0,-1.0,55.0,576.0
Feisty,LØS,CBLOL,Mid,Esports World Cup · playoffs,5,0.4,2.1,554.0,3.0,55.0,557.0
Hizto,Team Secret Whales,LCP,Jungle,Esports World Cup · playoffs,4,0.25,2.91,540.0,-1.0,55.0,539.0
Dire,Team Secret Whales,LCP,Mid,Esports World Cup · playoffs,4,0.25,2.78,533.0,-1.0,55.0,532.0
Guigo,FURIA,CBLOL,Top,Esports World Cup · playoffs,3,0.0,0.82,535.0,-4.0,55.0,531.0
JoJo,FURIA,CBLOL,Support,Esports World Cup · playoffs,3,0.0,0.69,525.0,-4.0,55.0,521.0
Duduhh,LØS,CBLOL,ADC,Esports World Cup · playoffs,5,0.4,2.2,515.0,3.0,55.0,518.0
Ayu,FURIA,CBLOL,ADC,Esports World Cup · playoffs,3,0.0,2.5,505.0,-4.0,55.0,501.0
Gloryy,GAM Esports,LCP,Mid,Esports World Cup · playoffs,6,0.333,4.25,479.0,7.0,55.0,486.0
Tutsz,FURIA,CBLOL,Mid,Esports World Cup · playoffs,3,0.0,0.73,484.0,-4.0,55.0,480.0
Rahel,Sentinels,LCS,ADC,Esports World Cup · playoffs,4,0.25,4.14,467.0,0.0,55.0,467.0
Artemis,GAM Esports,LCP,ADC,Esports World Cup · playoffs,6,0.333,3.54,453.0,7.0,55.0,460.0
huhi,Sentinels,LCS,Support,Esports World Cup · playoffs,4,0.25,2.38,457.0,0.0,55.0,457.0
Curse,LØS,CBLOL,Jungle,Esports World Cup · playoffs,5,0.4,2.05,440.0,3.0,55.0,443.0
DARKWINGS,Sentinels,LCS,Mid,Esports World Cup · playoffs,4,0.25,2.82,441.0,0.0,55.0,441.0
Kiaya,GAM Esports,LCP,Top,Esports World Cup · playoffs,6,0.333,2.62,434.0,7.0,55.0,441.0
Taki,GAM Esports,LCP,Support,Esports World Cup · playoffs,6,0.333,2.45,428.0,7.0,55.0,435.0
HamBak,Sentinels,LCS,Jungle,Esports World Cup · playoffs,4,0.25,1.79,417.0,0.0,55.0,417.0
Draktharr,GAM Esports,LCP,Jungle,Esports World Cup · playoffs,6,0.333,3.26,409.0,7.0,55.0,416.0
Impact,Sentinels,LCS,Top,Esports World Cup · playoffs,4,0.25,1.62,394.0,0.0,55.0,394.0
Chovy,Gen.G,LCK,Mid,First Stand,9,0.667,6.46,1026.0,-2.0,55.0,1024.0
Bin,Bilibili Gaming,LPL,Top,First Stand,15,0.8,5.04,1014.0,9.0,55.0,1023.0
Kiin,Gen.G,LCK,Top,First Stand,9,0.667,3.13,1018.0,-2.0,55.0,1016.0
Knight,Bilibili Gaming,LPL,Mid,First Stand,15,0.8,5.26,988.0,9.0,55.0,997.0
Ruler,Gen.G,LCK,ADC,First Stand,9,0.667,4.94,974.0,-2.0,55.0,972.0
Viper,Bilibili Gaming,LPL,ADC,First Stand,15,0.8,6.34,962.0,9.0,55.0,971.0
Duro,Gen.G,LCK,Support,First Stand,9,0.667,4.0,961.0,-2.0,55.0,959.0
Canyon,Gen.G,LCK,Jungle,First Stand,9,0.667,5.4,958.0,-2.0,55.0,956.0
ON,Bilibili Gaming,LPL,Support,First Stand,15,0.8,4.57,925.0,9.0,55.0,934.0
Xun,Bilibili Gaming,LPL,Jungle,First Stand,15,0.8,5.88,902.0,9.0,55.0,911.0
SkewMond,G2 Esports,LEC,Jungle,First Stand,16,0.625,4.52,802.0,11.0,55.0,813.0
Caps,G2 Esports,LEC,Mid,First Stand,16,0.625,4.05,801.0,11.0,55.0,812.0
Hans Sama,G2 Esports,LEC,ADC,First Stand,16,0.625,3.55,798.0,11.0,55.0,809.0
BrokenBlade,G2 Esports,LEC,Top,First Stand,16,0.625,3.54,783.0,11.0,55.0,794.0
JunJia,JD Gaming,LPL,Jungle,First Stand,13,0.462,2.61,788.0,-3.0,55.0,785.0
GALA,JD Gaming,LPL,ADC,First Stand,13,0.462,5.45,770.0,-3.0,55.0,767.0
Labrov,G2 Esports,LEC,Support,First Stand,16,0.625,3.83,755.0,11.0,55.0,766.0
Diable,Nongshim RedForce,LCK,ADC,First Stand,11,0.454,2.43,767.0,-2.0,55.0,765.0
Vampire,JD Gaming,LPL,Support,First Stand,13,0.462,4.68,755.0,-3.0,55.0,752.0
HongQ,JD Gaming,LPL,Mid,First Stand,13,0.462,3.1,746.0,-3.0,55.0,743.0
Xiaoxu,JD Gaming,LPL,Top,First Stand,13,0.462,1.72,729.0,-3.0,55.0,726.0
Kellin,BNK FEARX,LCK,Support,First Stand,11,0.454,2.82,720.0,-2.0,55.0,718.0
Dhokla,LYON,LCS,Top,First Stand,12,0.333,1.23,719.0,-7.0,55.0,712.0
VicLa,BNK FEARX,LCK,Mid,First Stand,11,0.454,2.49,707.0,-2.0,55.0,705.0
Clear,BNK FEARX,LCK,Top,First Stand,11,0.454,1.88,671.0,-2.0,55.0,669.0
Raptor,BNK FEARX,LCK,Jungle,First Stand,11,0.454,2.26,664.0,-2.0,55.0,662.0
Berserker,LYON,LCS,ADC,First Stand,12,0.333,2.34,653.0,-7.0,55.0,646.0
Isles,LYON,LCS,Support,First Stand,12,0.333,2.26,650.0,-7.0,55.0,643.0
Saint,LYON,LCS,Mid,First Stand,12,0.333,1.88,628.0,-7.0,55.0,621.0
xyno,LOUD,CBLOL,Top,First Stand,8,0.25,2.28,606.0,0.0,55.0,606.0
Eddie,Team Secret Whales,LCP,ADC,First Stand,6,0.0,2.05,606.0,-6.0,55.0,600.0
Inspired,LYON,LCS,Jungle,First Stand,12,0.333,2.93,603.0,-7.0,55.0,596.0
Pun,Team Secret Whales,LCP,Top,First Stand,6,0.0,1.79,584.0,-6.0,55.0,578.0
Bie,Team Secret Whales,LCP,Support,First Stand,6,0.0,2.14,577.0,-6.0,55.0,571.0
Hizto,Team Secret Whales,LCP,Jungle,First Stand,6,0.0,3.37,540.0,-6.0,55.0,534.0
Dire,Team Secret Whales,LCP,Mid,First Stand,6,0.0,1.31,533.0,-6.0,55.0,527.0
RedBert,LOUD,CBLOL,Support,First Stand,8,0.25,1.18,391.0,0.0,55.0,391.0
Envy,Estral Esports,CD,Mid,First Stand,8,0.25,1.95,374.0,0.0,55.0,374.0
YoungJae,LOUD,CBLOL,Jungle,First Stand,8,0.25,2.0,365.0,0.0,55.0,365.0
Bull,LOUD,CBLOL,ADC,First Stand,8,0.25,1.3,346.0,0.0,55.0,346.0
ceskycechcz,EXILE esports,HM,Top,HC Spring · playoffs,12,0.75,4.42,-344.0,4.0,55.0,-340.0
Reedfoo,Ethereal Enigmas,HC,ADC,HC Spring · playoffs,12,0.75,2.78,-347.0,4.0,55.0,-343.0
Trila,Ethereal Enigmas,HC,Jungle,HC Spring · playoffs,12,0.75,4.36,-349.0,4.0,55.0,-345.0
Gniotek,UP2UMEDIA Cebulaki,RL,Support,HC Spring · playoffs,20,0.6,4.55,-391.0,-0.0,55.0,-391.0
Sobakk,EXILE esports Academy,HC,Support,HC Spring · playoffs,12,0.75,3.65,-407.0,4.0,55.0,-403.0
WalliR,Ethereal Enigmas,HC,Mid,HC Spring · playoffs,12,0.75,2.49,-417.0,4.0,55.0,-413.0
FoobaR,EXILE esports,HM,Jungle,HC Spring · playoffs,8,0.5,3.32,-469.0,1.0,55.0,-468.0
skakavka,KIA.eSuba Academy,HC,ADC,HC Spring · playoffs,10,0.5,3.48,-494.0,1.0,55.0,-493.0
dylux,GD Esports,HC,Jungle,HC Spring · playoffs,8,0.25,2.76,-539.0,-2.0,55.0,-541.0
VOPI,Priority,HC,Top,HC Spring · playoffs,20,0.6,3.66,-549.0,-0.0,55.0,-549.0
StarPax,Priority,HC,Support,HC Spring · playoffs,4,0.25,4.78,-553.0,-2.0,55.0,-555.0
Arp,Andromeda Gaming,HC,Jungle,HC Spring · playoffs,15,0.467,4.0,-556.0,-5.0,55.0,-561.0
Kaka,Priority,HC,Mid,HC Spring · playoffs,20,0.6,3.62,-562.0,-0.0,55.0,-562.0
Lukyss,EXILE esports,HM,Mid,HC Spring · playoffs,10,0.4,1.83,-579.0,-1.0,55.0,-580.0
Ranorr,CITA Kaizen Academy,HC,Support,HC Spring · playoffs,3,0.0,3.06,-611.0,-1.0,55.0,-612.0
Woda,Priority,HC,ADC,HC Spring · playoffs,16,0.688,4.23,-620.0,2.0,55.0,-618.0
Maty,Rugby Club Havířov,HC,Support,HC Spring · playoffs,5,0.4,4.82,-619.0,-0.0,55.0,-619.0
Młody G,BRUTE,HM,Mid,HC Spring · playoffs,8,0.25,2.6,-641.0,-2.0,55.0,-643.0
Cherry,Andromeda Gaming,HC,Support,HC Spring · playoffs,10,0.5,5.45,-650.0,1.0,55.0,-649.0
Dzejno,EXILE esports Academy,HC,Support,HC Spring · playoffs,11,0.364,1.41,-664.0,-3.0,55.0,-667.0
Lexendo,EXILE esports,HM,ADC,HC Spring · playoffs,11,0.364,1.98,-668.0,-3.0,55.0,-671.0
starkyy,EXILE esports Academy,HC,Top,HC Spring · playoffs,11,0.364,1.25,-679.0,-3.0,55.0,-682.0
Blek,EXILE esports Academy,HC,ADC,HC Spring · playoffs,8,0.25,3.27,-683.0,-2.0,55.0,-685.0
Palco,Rugby Club Havířov,HC,Top,HC Spring · playoffs,10,0.5,1.58,-690.0,1.0,55.0,-689.0
Vorkis,EXILE esports Academy,HC,Top,HC Spring · playoffs,8,0.25,2.17,-689.0,-2.0,55.0,-691.0
TalentLess,Andromeda Gaming,HC,Mid,HC Spring · playoffs,10,0.5,2.61,-716.0,1.0,55.0,-715.0
Pongo,Andromeda Gaming,HC,Jungle,HC Spring · playoffs,10,0.5,2.37,-743.0,1.0,55.0,-742.0
Skodix,KIA.eSuba Academy,HC,ADC,HC Spring · playoffs,3,0.0,2.19,-755.0,-0.0,55.0,-755.0
Ad1s,EXILE esports Academy,HC,Mid,HC Spring · playoffs,3,0.0,1.31,-785.0,-0.0,55.0,-785.0
GoDirr,BRUTE,HM,Top,HC Spring · playoffs,3,0.0,1.33,-799.0,-0.0,55.0,-799.0
miflond,Magyar Gamer Szövetsèg,HC,Jungle,HC Spring · playoffs,1,0.0,1.5,-835.0,1.0,55.0,-834.0
Yakko,Diversion Gaming,HC,Jungle,HC Spring · playoffs,2,0.0,1.2,-995.0,-1.0,55.0,-996.0
ceskycechcz,EXILE esports,HM,Top,HC Spring · saison régulière,16,0.875,4.55,-344.0,2.0,55.0,-342.0
Reedfoo,Ethereal Enigmas,HC,ADC,HC Spring · saison régulière,16,0.875,4.11,-347.0,2.0,55.0,-345.0
Trila,Ethereal Enigmas,HC,Jungle,HC Spring · saison régulière,16,0.875,5.2,-349.0,2.0,55.0,-347.0
Gniotek,UP2UMEDIA Cebulaki,RL,Support,HC Spring · saison régulière,15,0.733,3.39,-391.0,1.0,55.0,-390.0
Sobakk,EXILE esports Academy,HC,Support,HC Spring · saison régulière,16,0.875,4.11,-407.0,2.0,55.0,-405.0
WalliR,Ethereal Enigmas,HC,Mid,HC Spring · saison régulière,16,0.875,3.13,-417.0,2.0,55.0,-415.0
FoobaR,EXILE esports,HM,Jungle,HC Spring · saison régulière,17,0.647,5.42,-469.0,5.0,55.0,-464.0
Vlaren,eSuba,HM,Support,HC Spring · saison régulière,15,0.267,2.27,-497.0,-4.0,55.0,-501.0
dylux,GD Esports,HC,Jungle,HC Spring · saison régulière,17,0.588,3.53,-539.0,3.0,55.0,-536.0
VOPI,Priority,HC,Top,HC Spring · saison régulière,18,0.667,3.6,-549.0,3.0,55.0,-546.0
StarPax,Priority,HC,Support,HC Spring · saison régulière,13,0.769,4.32,-553.0,1.0,55.0,-552.0
Arp,Andromeda Gaming,HC,Jungle,HC Spring · saison régulière,18,0.667,5.56,-556.0,3.0,55.0,-553.0
Kaka,Priority,HC,Mid,HC Spring · saison régulière,15,0.733,3.6,-562.0,1.0,55.0,-561.0
Lukyss,EXILE esports,HM,Mid,HC Spring · saison régulière,14,0.714,2.69,-579.0,5.0,55.0,-574.0
Ranorr,CITA Kaizen Academy,HC,Support,HC Spring · saison régulière,17,0.588,3.79,-611.0,3.0,55.0,-608.0
Woda,Priority,HC,ADC,HC Spring · saison régulière,2,0.5,5.0,-620.0,1.0,55.0,-619.0
Tea0r,KIA.eSuba Academy,HC,Top,HC Spring · saison régulière,8,0.5,1.45,-628.0,-1.0,55.0,-629.0
Młody G,BRUTE,HM,Mid,HC Spring · saison régulière,17,0.588,4.0,-641.0,3.0,55.0,-638.0
Cherry,Andromeda Gaming,HC,Support,HC Spring · saison régulière,17,0.412,2.93,-650.0,-2.0,55.0,-652.0
Dzejno,EXILE esports Academy,HC,Support,HC Spring · saison régulière,17,0.647,3.31,-664.0,5.0,55.0,-659.0
Lexendo,EXILE esports,HM,ADC,HC Spring · saison régulière,17,0.647,4.17,-668.0,5.0,55.0,-663.0
starkyy,EXILE esports Academy,HC,Top,HC Spring · saison régulière,17,0.647,2.48,-679.0,5.0,55.0,-674.0
Blek,EXILE esports Academy,HC,ADC,HC Spring · saison régulière,17,0.588,3.24,-683.0,3.0,55.0,-680.0
Vorkis,EXILE esports Academy,HC,Top,HC Spring · saison régulière,17,0.588,3.18,-689.0,3.0,55.0,-686.0
Nade,Diversion Gaming,HC,Support,HC Spring · saison régulière,9,0.333,3.29,-711.0,2.0,55.0,-709.0
TalentLess,Andromeda Gaming,HC,Mid,HC Spring · saison régulière,17,0.412,2.36,-716.0,-2.0,55.0,-718.0
Pongo,Andromeda Gaming,HC,Jungle,HC Spring · saison régulière,17,0.412,2.46,-743.0,-2.0,55.0,-745.0
Skodix,KIA.eSuba Academy,HC,ADC,HC Spring · saison régulière,17,0.353,2.53,-755.0,-3.0,55.0,-758.0
Rajed,SPIKE Syndicate,EBL,Top,HC Spring · saison régulière,15,0.267,1.75,-768.0,-4.0,55.0,-772.0
Ad1s,EXILE esports Academy,HC,Mid,HC Spring · saison régulière,16,0.375,2.07,-785.0,-2.0,55.0,-787.0
GoDirr,BRUTE,HM,Top,HC Spring · saison régulière,15,0.4,1.86,-799.0,-1.0,55.0,-800.0
Danden,Rugby Club Havířov,HC,Jungle,HC Spring · saison régulière,12,0.167,2.08,-810.0,-1.0,55.0,-811.0
Zelvicka,Andromeda Gaming,HC,ADC,HC Spring · saison régulière,17,0.412,2.28,-811.0,-2.0,55.0,-813.0
miflond,Magyar Gamer Szövetsèg,HC,Jungle,HC Spring · saison régulière,11,0.273,1.94,-835.0,-2.0,55.0,-837.0
Etoo,Once Upon A Team,HC,ADC,HC Spring · saison régulière,15,0.267,2.53,-850.0,-4.0,55.0,-854.0
Vexter,Rugby Club Havířov,HC,Support,HC Spring · saison régulière,12,0.25,2.44,-862.0,-0.0,55.0,-862.0
Doge,KIA.eSuba Academy,HC,Jungle,HC Spring · saison régulière,15,0.267,2.69,-869.0,-4.0,55.0,-873.0
Pulzer,Onion Team,HC,Mid,HC Spring · saison régulière,15,0.267,2.47,-908.0,-4.0,55.0,-912.0
Kaeru,Rugby Club Havířov,HC,Mid,HC Spring · saison régulière,15,0.2,2.3,-938.0,-0.0,55.0,-938.0
Yakko,Diversion Gaming,HC,Jungle,HC Spring · saison régulière,8,0.375,1.87,-995.0,-3.0,55.0,-998.0
Kargic,Rugby Club Havířov,HC,ADC,HC Spring · saison régulière,17,0.176,1.81,-1043.0,-3.0,55.0,-1046.0
Kopec,Rugby Club Havířov,HC,Top,HC Spring · saison régulière,17,0.176,0.88,-1050.0,-3.0,55.0,-1053.0
Sobakk,EXILE esports Academy,HC,Support,HC Summer · playoffs,9,0.556,3.78,-407.0,-2.0,55.0,-409.0
skakavka,KIA.eSuba Academy,HC,ADC,HC Summer · playoffs,5,0.6,3.4,-494.0,3.0,55.0,-491.0
Deepe,KIA.eSuba Academy,HC,Mid,HC Summer · playoffs,5,0.6,2.77,-503.0,3.0,55.0,-500.0
Arp,Andromeda Gaming,HC,Jungle,HC Summer · playoffs,5,0.4,2.16,-556.0,-1.0,55.0,-557.0
Proxie,EXILE esports Academy,HC,Jungle,HC Summer · playoffs,9,0.556,3.65,-608.0,-2.0,55.0,-610.0
Maty,Rugby Club Havířov,HC,Support,HC Summer · playoffs,5,0.6,3.79,-619.0,1.0,55.0,-618.0
Tea0r,KIA.eSuba Academy,HC,Top,HC Summer · playoffs,5,0.6,3.82,-628.0,3.0,55.0,-625.0
Hajnlik,KIA.eSuba Academy,HC,Jungle,HC Summer · playoffs,5,0.6,2.7,-641.0,3.0,55.0,-638.0
Cherry,Andromeda Gaming,HC,Support,HC Summer · playoffs,5,0.4,8.0,-650.0,-1.0,55.0,-651.0
Apae,KIA.eSuba Academy,HC,Mid,HC Summer · playoffs,5,0.6,3.48,-682.0,3.0,55.0,-679.0
Blek,EXILE esports Academy,HC,ADC,HC Summer · playoffs,9,0.556,3.61,-683.0,-2.0,55.0,-685.0
Palco,Rugby Club Havířov,HC,Top,HC Summer · playoffs,5,0.6,2.37,-690.0,1.0,55.0,-689.0
Electro,Rugby Club Havířov,HC,ADC,HC Summer · playoffs,5,0.6,3.3,-690.0,1.0,55.0,-689.0
Vorkis,EXILE esports Academy,HC,Top,HC Summer · playoffs,5,0.6,2.4,-689.0,-1.0,55.0,-690.0
Mikel,Rugby Club Havířov,HC,Mid,HC Summer · playoffs,5,0.6,3.0,-695.0,1.0,55.0,-694.0
TalentLess,Andromeda Gaming,HC,Mid,HC Summer · playoffs,5,0.4,2.9,-716.0,-1.0,55.0,-717.0
exro,Andromeda Gaming,HC,ADC,HC Summer · playoffs,5,0.4,2.65,-718.0,-1.0,55.0,-719.0
Setra,Andromeda Gaming,HC,Top,HC Summer · playoffs,5,0.4,1.52,-724.0,-1.0,55.0,-725.0
salamek,CITA Kaizen Academy,HC,Support,HC Summer · playoffs,4,0.25,2.24,-726.0,-0.0,55.0,-726.0
Kricgang,CITA Kaizen Academy,HC,Jungle,HC Summer · playoffs,4,0.25,2.35,-751.0,-0.0,55.0,-751.0
NvN,CITA Kaizen Academy,HC,Mid,HC Summer · playoffs,1,0.0,4.0,-770.0,-0.0,55.0,-770.0
safo,CITA Kaizen Academy,HC,ADC,HC Summer · playoffs,4,0.25,1.57,-782.0,-0.0,55.0,-782.0
Ad1s,EXILE esports Academy,HC,Mid,HC Summer · playoffs,9,0.556,2.76,-785.0,-2.0,55.0,-787.0
Danden,Rugby Club Havířov,HC,Jungle,HC Summer · playoffs,5,0.6,3.83,-810.0,1.0,55.0,-809.0
Kars,CITA Kaizen Academy,HC,Top,HC Summer · playoffs,4,0.25,1.95,-868.0,-0.0,55.0,-868.0
mirza,Mighty Eagles,EBL,ADC,HC Summer · saison régulière,7,0.714,4.65,-393.0,6.0,55.0,-387.0
Sobakk,EXILE esports Academy,HC,Support,HC Summer · saison régulière,17,0.588,3.42,-407.0,-1.0,55.0,-408.0
skakavka,KIA.eSuba Academy,HC,ADC,HC Summer · saison régulière,11,0.727,4.16,-494.0,6.0,55.0,-488.0
Deepe,KIA.eSuba Academy,HC,Mid,HC Summer · saison régulière,12,0.5,3.46,-503.0,-1.0,55.0,-504.0
VOPI,Priority,HC,Top,HC Summer · saison régulière,16,0.438,2.39,-549.0,-1.0,55.0,-550.0
Arp,Andromeda Gaming,HC,Jungle,HC Summer · saison régulière,12,0.5,3.11,-556.0,3.0,55.0,-553.0
Proxie,EXILE esports Academy,HC,Jungle,HC Summer · saison régulière,10,0.7,3.61,-608.0,3.0,55.0,-605.0
Maty,Rugby Club Havířov,HC,Support,HC Summer · saison régulière,16,0.625,4.51,-619.0,1.0,55.0,-618.0
Tea0r,KIA.eSuba Academy,HC,Top,HC Summer · saison régulière,6,0.667,2.43,-628.0,-0.0,55.0,-628.0
Hajnlik,KIA.eSuba Academy,HC,Jungle,HC Summer · saison régulière,11,0.546,3.19,-641.0,0.0,55.0,-641.0
Cherry,Andromeda Gaming,HC,Support,HC Summer · saison régulière,17,0.471,7.31,-650.0,-0.0,55.0,-650.0
Stein,KIA.eSuba Academy,HC,Top,HC Summer · saison régulière,15,0.533,3.15,-650.0,-0.0,55.0,-650.0
Blek,EXILE esports Academy,HC,ADC,HC Summer · saison régulière,17,0.588,4.07,-683.0,-1.0,55.0,-684.0
Crazzor,Priority,HC,Jungle,HC Summer · saison régulière,11,0.546,3.58,-686.0,1.0,55.0,-685.0
Apae,KIA.eSuba Academy,HC,Mid,HC Summer · saison régulière,7,0.429,1.93,-682.0,-3.0,55.0,-685.0
Palco,Rugby Club Havířov,HC,Top,HC Summer · saison régulière,16,0.625,2.75,-690.0,1.0,55.0,-689.0
Electro,Rugby Club Havířov,HC,ADC,HC Summer · saison régulière,16,0.625,2.43,-690.0,1.0,55.0,-689.0
Vorkis,EXILE esports Academy,HC,Top,HC Summer · saison régulière,17,0.588,1.95,-689.0,-1.0,55.0,-690.0
Mikel,Rugby Club Havířov,HC,Mid,HC Summer · saison régulière,14,0.571,4.62,-695.0,-0.0,55.0,-695.0
maed,Mighty Eagles,HC,Top,HC Summer · saison régulière,11,0.454,2.44,-707.0,1.0,55.0,-706.0
xLucker,Mighty Eagles,HC,Support,HC Summer · saison régulière,17,0.471,3.59,-712.0,0.0,55.0,-712.0
TalentLess,Andromeda Gaming,HC,Mid,HC Summer · saison régulière,13,0.462,3.41,-716.0,-0.0,55.0,-716.0
exro,Andromeda Gaming,HC,ADC,HC Summer · saison régulière,14,0.5,3.02,-718.0,1.0,55.0,-717.0
Setra,Andromeda Gaming,HC,Top,HC Summer · saison régulière,15,0.533,2.43,-724.0,1.0,55.0,-723.0
salamek,CITA Kaizen Academy,HC,Support,HC Summer · saison régulière,18,0.444,2.66,-726.0,1.0,55.0,-725.0
Lays,Magyar Gamer Szövetsèg,HC,Top,HC Summer · saison régulière,16,0.438,3.3,-739.0,0.0,55.0,-739.0
Kricgang,CITA Kaizen Academy,HC,Jungle,HC Summer · saison régulière,12,0.417,2.74,-751.0,2.0,55.0,-749.0
Skodix,KIA.eSuba Academy,HC,ADC,HC Summer · saison régulière,10,0.6,4.12,-755.0,2.0,55.0,-753.0
Milik,Magyar Gamer Szövetsèg,HC,Support,HC Summer · saison régulière,10,0.4,3.34,-753.0,-2.0,55.0,-755.0
Razwen,Mighty Eagles,HC,Mid,HC Summer · saison régulière,17,0.471,2.34,-761.0,0.0,55.0,-761.0
NvN,CITA Kaizen Academy,HC,Mid,HC Summer · saison régulière,18,0.444,2.18,-770.0,1.0,55.0,-769.0
Vojtus,Magyar Gamer Szövetsèg,HC,Mid,HC Summer · saison régulière,19,0.421,3.29,-780.0,-1.0,55.0,-781.0
safo,CITA Kaizen Academy,HC,ADC,HC Summer · saison régulière,18,0.444,1.93,-782.0,1.0,55.0,-781.0
Ad1s,EXILE esports Academy,HC,Mid,HC Summer · saison régulière,15,0.667,4.19,-785.0,4.0,55.0,-781.0
Danden,Rugby Club Havířov,HC,Jungle,HC Summer · saison régulière,16,0.625,4.09,-810.0,1.0,55.0,-809.0
AAdaMM,Magyar Gamer Szövetsèg,HC,ADC,HC Summer · saison régulière,19,0.421,4.19,-812.0,-1.0,55.0,-813.0
Henning,Priority,HC,Support,HC Summer · saison régulière,19,0.421,3.08,-811.0,-3.0,55.0,-814.0
flini,Mighty Eagles,HC,Jungle,HC Summer · saison régulière,17,0.471,3.14,-820.0,0.0,55.0,-820.0
miflond,Magyar Gamer Szövetsèg,HC,Jungle,HC Summer · saison régulière,11,0.546,2.82,-835.0,2.0,55.0,-833.0
Danos,Priority,HC,Mid,HC Summer · saison régulière,19,0.421,3.79,-857.0,-3.0,55.0,-860.0
Kars,CITA Kaizen Academy,HC,Top,HC Summer · saison régulière,16,0.375,1.79,-868.0,-4.0,55.0,-872.0
Shifter,Mighty Eagles,HC,ADC,HC Summer · saison régulière,10,0.3,1.84,-977.0,-6.0,55.0,-983.0
kPr,Valerion,HLL,Top,HLL Spring · playoffs,8,0.375,1.91,333.0,-3.0,55.0,330.0
Unkn0wn,Valerion,HLL,ADC,HLL Spring · playoffs,8,0.75,4.84,242.0,1.0,55.0,243.0
Speedy1,Valerion,HLL,Support,HLL Spring · playoffs,8,0.75,4.43,222.0,1.0,55.0,223.0
Peppe,Valerion,HLL,Mid,HLL Spring · playoffs,5,0.4,2.77,155.0,3.0,55.0,158.0
alix,Gamespace Mediterranean College Esports,HLL,Mid,HLL Spring · playoffs,5,0.4,2.23,153.0,-0.0,55.0,153.0
Drofan,Team Phantasma,HLL,Jungle,HLL Spring · playoffs,5,0.4,2.94,87.0,-0.0,55.0,87.0
Smurfe,Frites Esports Club,HLL,Top,HLL Spring · playoffs,8,0.75,2.96,35.0,1.0,55.0,36.0
Vaynedeta,Gamespace Mediterranean College Esports,HLL,ADC,HLL Spring · playoffs,5,0.4,3.0,21.0,3.0,55.0,24.0
Abagnale,Gamespace Mediterranean College Esports,HLL,Support,HLL Spring · playoffs,8,0.375,2.44,20.0,-3.0,55.0,17.0
Tsiper,WLGaming Esports,HLL,Mid,HLL Spring · playoffs,8,0.75,5.5,-21.0,1.0,55.0,-20.0
Addusto,Eintracht Frankfurt,PRM,Top,HLL Spring · playoffs,5,0.4,1.75,-24.0,-0.0,55.0,-24.0
CRoNiiK,Team Phantasma,HLL,Jungle,HLL Spring · playoffs,5,0.4,2.12,-32.0,3.0,55.0,-29.0
Pallet,WLGaming Esports,HLL,Jungle,HLL Spring · playoffs,8,0.75,6.71,-45.0,1.0,55.0,-44.0
Nikiyas,Bulldog Esports,NLC,ADC,HLL Spring · playoffs,5,0.4,2.77,-60.0,-0.0,55.0,-60.0
Kuroneel,GOAL,HLL,Mid,HLL Spring · playoffs,8,0.375,3.36,-77.0,-3.0,55.0,-80.0
Color,Forsaken,RL,Top,HLL Spring · playoffs,5,0.4,1.24,-84.0,3.0,55.0,-81.0
Lekcyc,Bubliki,LPLOL,Support,HLL Spring · playoffs,5,0.4,4.0,-91.0,-0.0,55.0,-91.0
REAVER,WLGaming Esports,HLL,Support,HLL Spring · playoffs,5,0.4,4.55,-121.0,3.0,55.0,-118.0
Druxy,ZennIT,ROL,ADC,HLL Spring · playoffs,8,0.375,3.05,-219.0,-3.0,55.0,-222.0
Elix1r,Gamespace Mediterranean College Esports,HLL,Jungle,HLL Spring · playoffs,8,0.375,3.26,-227.0,-3.0,55.0,-230.0
kPr,Valerion,HLL,Top,HLL Spring · saison régulière,14,0.714,4.68,333.0,3.0,55.0,336.0
Unkn0wn,Valerion,HLL,ADC,HLL Spring · saison régulière,14,0.786,8.17,242.0,3.0,55.0,245.0
Speedy1,Valerion,HLL,Support,HLL Spring · saison régulière,14,0.786,6.26,222.0,3.0,55.0,225.0
Peppe,Valerion,HLL,Mid,HLL Spring · saison régulière,14,0.643,4.86,155.0,2.0,55.0,157.0
alix,Gamespace Mediterranean College Esports,HLL,Mid,HLL Spring · saison régulière,14,0.714,4.54,153.0,3.0,55.0,156.0
Drofan,Team Phantasma,HLL,Jungle,HLL Spring · saison régulière,14,0.714,5.61,87.0,3.0,55.0,90.0
Smurfe,Frites Esports Club,HLL,Top,HLL Spring · saison régulière,14,0.786,5.32,35.0,3.0,55.0,38.0
Vaynedeta,Gamespace Mediterranean College Esports,HLL,ADC,HLL Spring · saison régulière,14,0.643,5.17,21.0,2.0,55.0,23.0
Abagnale,Gamespace Mediterranean College Esports,HLL,Support,HLL Spring · saison régulière,14,0.714,5.0,20.0,3.0,55.0,23.0
Tsiper,WLGaming Esports,HLL,Mid,HLL Spring · saison régulière,14,0.786,5.31,-21.0,3.0,55.0,-18.0
Fallen,Ancient Ones,NL,Jungle,HLL Spring · saison régulière,5,0.4,3.45,-18.0,-3.0,55.0,-21.0
Addusto,Eintracht Frankfurt,PRM,Top,HLL Spring · saison régulière,14,0.714,2.65,-24.0,3.0,55.0,-21.0
CRoNiiK,Team Phantasma,HLL,Jungle,HLL Spring · saison régulière,14,0.643,4.3,-32.0,2.0,55.0,-30.0
Pallet,WLGaming Esports,HLL,Jungle,HLL Spring · saison régulière,14,0.786,5.05,-45.0,3.0,55.0,-42.0
Nikiyas,Bulldog Esports,NLC,ADC,HLL Spring · saison régulière,14,0.714,5.34,-60.0,3.0,55.0,-57.0
Kuroneel,GOAL,HLL,Mid,HLL Spring · saison régulière,14,0.714,4.92,-77.0,3.0,55.0,-74.0
Color,Forsaken,RL,Top,HLL Spring · saison régulière,2,1.0,3.25,-84.0,5.0,55.0,-79.0
Mahonix,Pyramid IV Esports,AL,Support,HLL Spring · saison régulière,9,0.556,3.71,-87.0,4.0,55.0,-83.0
DANKI,Zerolag Esports,AL,Top,HLL Spring · saison régulière,5,0.4,3.79,-85.0,-3.0,55.0,-88.0
Lekcyc,Bubliki,LPLOL,Support,HLL Spring · saison régulière,14,0.714,4.83,-91.0,3.0,55.0,-88.0
K1ckbait,ALMO Players,HLL,Mid,HLL Spring · saison régulière,10,0.4,2.56,-91.0,1.0,55.0,-90.0
Septico1,Gamespace Mediterranean College Esports,HLL,Top,HLL Spring · saison régulière,14,0.357,1.74,-104.0,-1.0,55.0,-105.0
REAVER,WLGaming Esports,HLL,Support,HLL Spring · saison régulière,14,0.643,5.07,-121.0,2.0,55.0,-119.0
Xeonerr,Spartans EU,HLL,Jungle,HLL Spring · saison régulière,2,1.0,5.0,-159.0,4.0,55.0,-155.0
Ace,Senshi eSports,ROL,ADC,HLL Spring · saison régulière,18,0.333,2.01,-192.0,0.0,55.0,-192.0
Druxy,ZennIT,ROL,ADC,HLL Spring · saison régulière,14,0.714,4.64,-219.0,3.0,55.0,-216.0
Libra,Spartans EU,HLL,Top,HLL Spring · saison régulière,4,0.25,2.57,-217.0,-3.0,55.0,-220.0
Elix1r,Gamespace Mediterranean College Esports,HLL,Jungle,HLL Spring · saison régulière,14,0.714,4.88,-227.0,3.0,55.0,-224.0
Matixx,Team Phantasma,HLL,Top,HLL Spring · saison régulière,12,0.583,2.46,-231.0,-3.0,55.0,-234.0
Alex,Spartans EU,HLL,Mid,HLL Spring · saison régulière,12,0.417,2.57,-307.0,0.0,55.0,-307.0
Soul,DMG Esports,NLC,Support,HLL Spring · saison régulière,8,0.125,1.74,-312.0,-5.0,55.0,-317.0
Leon,The ParadOx Invaders,HLL,Jungle,HLL Spring · saison régulière,17,0.353,2.33,-320.0,2.0,55.0,-318.0
Fame,Gamespace Mediterranean College Esports,HLL,Jungle,HLL Spring · saison régulière,16,0.375,1.96,-335.0,1.0,55.0,-334.0
Lagas,Spartans EU,HLL,Support,HLL Spring · saison régulière,14,0.357,2.38,-340.0,-1.0,55.0,-341.0
escoX,Gamespace Mediterranean College Esports,HLL,Support,HLL Spring · saison régulière,18,0.333,2.39,-341.0,0.0,55.0,-341.0
Jimsnop,The ParadOx Invaders,HLL,Mid,HLL Spring · saison régulière,19,0.316,2.43,-340.0,-2.0,55.0,-342.0
Kartso,EKSI EPTA,HLL,Support,HLL Spring · saison régulière,4,0.25,2.39,-342.0,-4.0,55.0,-346.0
Tochas,Dream Esports,LPLOL,Support,HLL Spring · saison régulière,18,0.444,2.67,-351.0,2.0,55.0,-349.0
SM,Spartans EU,HLL,ADC,HLL Spring · saison régulière,14,0.357,2.48,-359.0,-1.0,55.0,-360.0
Cripple,The Bandits,ROL,Top,HLL Spring · saison régulière,16,0.5,1.32,-372.0,4.0,55.0,-368.0
D4rtaine,Hyperion (Portuguese Team),HLL,Top,HLL Spring · saison régulière,19,0.316,1.66,-386.0,-2.0,55.0,-388.0
Ambush,ALMO Players,HLL,Jungle,HLL Spring · saison régulière,8,0.5,3.08,-405.0,1.0,55.0,-404.0
GaraXy,The ParadOx Invaders,HLL,Support,HLL Spring · saison régulière,8,0.25,2.05,-419.0,0.0,55.0,-419.0
Dafnis,EKSI EPTA,HLL,Top,HLL Spring · saison régulière,4,0.25,1.94,-416.0,-4.0,55.0,-420.0
Loading,The ParadOx Invaders,HLL,Top,HLL Spring · saison régulière,18,0.333,2.56,-421.0,0.0,55.0,-421.0
Azu,ALMO Players,HLL,ADC,HLL Spring · saison régulière,18,0.444,2.91,-432.0,2.0,55.0,-430.0
Nikolex,Spartans EU,HLL,Jungle,HLL Spring · saison régulière,12,0.25,2.09,-439.0,-5.0,55.0,-444.0
Prosty,Zerolag Esports,HLL,ADC,HLL Spring · saison régulière,19,0.316,2.47,-550.0,-2.0,55.0,-552.0
Heroic,Bubliki,LPLOL,Mid,HLL Spring · saison régulière,4,0.25,1.65,-565.0,-3.0,55.0,-568.0
Faded,Aeterna Esports,LIT,Mid,HLL Spring · saison régulière,18,0.333,1.88,-612.0,0.0,55.0,-612.0
Messclick,2 Massive,HLL,ADC,HLL Spring · saison régulière,4,0.25,1.5,-618.0,-3.0,55.0,-621.0
kPr,Valerion,HLL,Top,HLL Summer · playoffs,10,0.9,6.0,333.0,5.0,55.0,338.0
Unkn0wn,Valerion,HLL,ADC,HLL Summer · playoffs,10,0.9,4.84,242.0,5.0,55.0,247.0
Speedy1,Valerion,HLL,Support,HLL Summer · playoffs,10,0.9,4.7,222.0,5.0,55.0,227.0
Cboi,Valerion,HLL,Jungle,HLL Summer · playoffs,10,0.9,4.57,214.0,5.0,55.0,219.0
Peppe,Valerion,HLL,Mid,HLL Summer · playoffs,10,0.9,4.79,155.0,5.0,55.0,160.0
alix,Gamespace Mediterranean College Esports,HLL,Mid,HLL Summer · playoffs,15,0.4,3.08,153.0,-2.0,55.0,151.0
Drofan,Team Phantasma,HLL,Jungle,HLL Summer · playoffs,17,0.529,3.66,87.0,-1.0,55.0,86.0
Evangelyne,Team Phantasma,HLL,ADC,HLL Summer · playoffs,17,0.529,4.05,85.0,-1.0,55.0,84.0
Vaynedeta,Gamespace Mediterranean College Esports,HLL,ADC,HLL Summer · playoffs,15,0.4,4.11,21.0,-2.0,55.0,19.0
Abagnale,Gamespace Mediterranean College Esports,HLL,Support,HLL Summer · playoffs,15,0.4,2.83,20.0,-2.0,55.0,18.0
Tsiper,WLGaming Esports,HLL,Mid,HLL Summer · playoffs,9,0.333,2.58,-21.0,0.0,55.0,-21.0
Secrett,Team Phantasma,HLL,Mid,HLL Summer · playoffs,17,0.529,3.17,-42.0,-1.0,55.0,-43.0
Pallet,WLGaming Esports,HLL,Jungle,HLL Summer · playoffs,9,0.333,3.0,-45.0,0.0,55.0,-45.0
Centu,Team Phantasma,HLL,Support,HLL Summer · playoffs,17,0.529,3.53,-78.0,-1.0,55.0,-79.0
Septico1,Gamespace Mediterranean College Esports,HLL,Top,HLL Summer · playoffs,15,0.4,3.33,-104.0,-2.0,55.0,-106.0
REAVER,WLGaming Esports,HLL,Support,HLL Summer · playoffs,9,0.333,3.87,-121.0,0.0,55.0,-121.0
Vzz,WLGaming Esports,HLL,ADC,HLL Summer · playoffs,9,0.333,2.88,-128.0,0.0,55.0,-128.0
MrJackson,The ParadOx Invaders,HLL,Jungle,HLL Summer · playoffs,2,0.0,1.45,-134.0,-3.0,55.0,-137.0
Mietek,WLGaming Esports,HLL,Top,HLL Summer · playoffs,9,0.333,1.61,-150.0,0.0,55.0,-150.0
Goldmen,Team Phantasma,HLL,Top,HLL Summer · playoffs,17,0.529,1.65,-151.0,-1.0,55.0,-152.0
Xeonerr,Spartans EU,HLL,Jungle,HLL Summer · playoffs,3,0.333,2.92,-159.0,1.0,55.0,-158.0
Libra,Spartans EU,HLL,Top,HLL Summer · playoffs,3,0.333,1.91,-217.0,1.0,55.0,-216.0
Elix1r,Gamespace Mediterranean College Esports,HLL,Jungle,HLL Summer · playoffs,15,0.4,2.89,-227.0,-2.0,55.0,-229.0
Aggress1on,The ParadOx Invaders,HLL,ADC,HLL Summer · playoffs,2,0.0,1.62,-296.0,-3.0,55.0,-299.0
Alex,Spartans EU,HLL,Mid,HLL Summer · playoffs,3,0.333,2.19,-307.0,1.0,55.0,-306.0
Lagas,Spartans EU,HLL,Support,HLL Summer · playoffs,3,0.333,1.67,-340.0,1.0,55.0,-339.0
Jimsnop,The ParadOx Invaders,HLL,Mid,HLL Summer · playoffs,2,0.0,1.67,-340.0,-3.0,55.0,-343.0
SM,Spartans EU,HLL,ADC,HLL Summer · playoffs,3,0.333,1.83,-359.0,1.0,55.0,-358.0
GaraXy,The ParadOx Invaders,HLL,Support,HLL Summer · playoffs,2,0.0,1.27,-419.0,-3.0,55.0,-422.0
Loading,The ParadOx Invaders,HLL,Top,HLL Summer · playoffs,2,0.0,0.33,-421.0,-3.0,55.0,-424.0
kPr,Valerion,HLL,Top,HLL Summer · saison régulière,14,0.929,5.47,333.0,-1.0,55.0,332.0
Unkn0wn,Valerion,HLL,ADC,HLL Summer · saison régulière,14,0.929,7.08,242.0,-1.0,55.0,241.0
Speedy1,Valerion,HLL,Support,HLL Summer · saison régulière,14,0.929,5.05,222.0,-1.0,55.0,221.0
Cboi,Valerion,HLL,Jungle,HLL Summer · saison régulière,14,0.929,9.12,214.0,-1.0,55.0,213.0
alix,Gamespace Mediterranean College Esports,HLL,Mid,HLL Summer · saison régulière,12,0.667,5.24,153.0,5.0,55.0,158.0
Peppe,Valerion,HLL,Mid,HLL Summer · saison régulière,14,0.929,9.94,155.0,-1.0,55.0,154.0
Drofan,Team Phantasma,HLL,Jungle,HLL Summer · saison régulière,14,0.786,6.34,87.0,6.0,55.0,93.0
Evangelyne,Team Phantasma,HLL,ADC,HLL Summer · saison régulière,14,0.786,7.75,85.0,6.0,55.0,91.0
Vaynedeta,Gamespace Mediterranean College Esports,HLL,ADC,HLL Summer · saison régulière,12,0.667,8.44,21.0,5.0,55.0,26.0
Abagnale,Gamespace Mediterranean College Esports,HLL,Support,HLL Summer · saison régulière,12,0.667,4.36,20.0,5.0,55.0,25.0
Tsiper,WLGaming Esports,HLL,Mid,HLL Summer · saison régulière,14,0.571,3.94,-21.0,-2.0,55.0,-23.0
Secrett,Team Phantasma,HLL,Mid,HLL Summer · saison régulière,12,0.75,4.23,-42.0,4.0,55.0,-38.0
Pallet,WLGaming Esports,HLL,Jungle,HLL Summer · saison régulière,14,0.571,3.02,-45.0,-2.0,55.0,-47.0
Centu,Team Phantasma,HLL,Support,HLL Summer · saison régulière,14,0.786,7.04,-78.0,6.0,55.0,-72.0
Septico1,Gamespace Mediterranean College Esports,HLL,Top,HLL Summer · saison régulière,11,0.727,3.45,-104.0,6.0,55.0,-98.0
REAVER,WLGaming Esports,HLL,Support,HLL Summer · saison régulière,14,0.571,3.92,-121.0,-2.0,55.0,-123.0
Vzz,WLGaming Esports,HLL,ADC,HLL Summer · saison régulière,14,0.571,3.82,-128.0,-2.0,55.0,-130.0
MrJackson,The ParadOx Invaders,HLL,Jungle,HLL Summer · saison régulière,8,0.5,3.09,-134.0,4.0,55.0,-130.0
Goldmen,Team Phantasma,HLL,Top,HLL Summer · saison régulière,14,0.786,3.5,-151.0,6.0,55.0,-145.0
Mietek,WLGaming Esports,HLL,Top,HLL Summer · saison régulière,14,0.571,3.07,-150.0,-2.0,55.0,-152.0
Xeonerr,Spartans EU,HLL,Jungle,HLL Summer · saison régulière,14,0.429,2.63,-159.0,0.0,55.0,-159.0
miracle,The ParadOx Invaders,HLL,Jungle,HLL Summer · saison régulière,2,1.0,2.91,-185.0,2.0,55.0,-183.0
Libra,Spartans EU,HLL,Top,HLL Summer · saison régulière,14,0.429,2.11,-217.0,0.0,55.0,-217.0
RaFaL,The ParadOx Invaders,HLL,Support,HLL Summer · saison régulière,14,0.429,1.93,-224.0,4.0,55.0,-220.0
Elix1r,Gamespace Mediterranean College Esports,HLL,Jungle,HLL Summer · saison régulière,12,0.667,5.96,-227.0,5.0,55.0,-222.0
Aggress1on,The ParadOx Invaders,HLL,ADC,HLL Summer · saison régulière,14,0.429,3.0,-296.0,4.0,55.0,-292.0
Alex,Spartans EU,HLL,Mid,HLL Summer · saison régulière,14,0.429,3.18,-307.0,0.0,55.0,-307.0
SmallBugi,The ParadOx Invaders,TCL,Mid,HLL Summer · saison régulière,2,0.0,0.85,-328.0,-2.0,55.0,-330.0
Jimsnop,The ParadOx Invaders,HLL,Mid,HLL Summer · saison régulière,12,0.5,3.59,-340.0,6.0,55.0,-334.0
denizzz,Zerolag Esports,NL,Jungle,HLL Summer · saison régulière,4,0.0,1.78,-334.0,-1.0,55.0,-335.0
Virgo,Zerolag Esports,HLL,Support,HLL Summer · saison régulière,12,0.0,1.24,-332.0,-8.0,55.0,-340.0
Lagas,Spartans EU,HLL,Support,HLL Summer · saison régulière,14,0.429,2.39,-340.0,0.0,55.0,-340.0
SM,Spartans EU,HLL,ADC,HLL Summer · saison régulière,14,0.429,2.24,-359.0,0.0,55.0,-359.0
Cripple,The Bandits,ROL,Top,HLL Summer · saison régulière,2,0.0,0.43,-372.0,1.0,55.0,-371.0
Ambush,ALMO Players,HLL,Jungle,HLL Summer · saison régulière,14,0.143,1.98,-405.0,-3.0,55.0,-408.0
Loading,The ParadOx Invaders,HLL,Top,HLL Summer · saison régulière,14,0.429,2.92,-421.0,4.0,55.0,-417.0
Azu,ALMO Players,HLL,ADC,HLL Summer · saison régulière,14,0.143,1.53,-432.0,-3.0,55.0,-435.0
SoimuMIC,REDPack Esports,HLL,Top,HLL Summer · saison régulière,6,0.0,1.72,-455.0,-2.0,55.0,-457.0
Shinn,ALMO Players,HLL,Top,HLL Summer · saison régulière,12,0.167,0.79,-531.0,-4.0,55.0,-535.0
Prosty,Zerolag Esports,HLL,ADC,HLL Summer · saison régulière,2,0.0,0.75,-550.0,-5.0,55.0,-555.0
CrabLord,ALMO Players,HLL,Support,HLL Summer · saison régulière,12,0.167,1.59,-553.0,-4.0,55.0,-557.0
Messclick,2 Massive,HLL,ADC,HLL Summer · saison régulière,6,0.0,1.0,-618.0,-2.0,55.0,-620.0
Neczo,ALMO Players,EBL,Mid,HLL Summer · saison régulière,6,0.0,0.87,-684.0,-3.0,55.0,-687.0
helforca,Zerolag Esports,HLL,Mid,HLL Summer · saison régulière,12,0.0,1.71,-682.0,-8.0,55.0,-690.0
Papiteero,Team Heretics Academy,LES,Top,HLL Winter · playoffs,7,0.571,5.21,405.0,1.0,55.0,406.0
kPr,Valerion,HLL,Top,HLL Winter · playoffs,5,0.4,2.32,333.0,1.0,55.0,334.0
Unkn0wn,Valerion,HLL,ADC,HLL Winter · playoffs,9,0.667,3.83,242.0,1.0,55.0,243.0
Speedy1,Valerion,HLL,Support,HLL Winter · playoffs,9,0.667,2.5,222.0,1.0,55.0,223.0
Peppe,Valerion,HLL,Mid,HLL Winter · playoffs,7,0.571,4.94,155.0,1.0,55.0,156.0
Booshi,ZYB Esport,LFL,ADC,HLL Winter · playoffs,7,0.571,9.22,120.0,1.0,55.0,121.0
iBo,devils.one inStreamly,RL,Top,HLL Winter · playoffs,9,0.667,1.89,112.0,1.0,55.0,113.0
Drofan,Team Phantasma,HLL,Jungle,HLL Winter · playoffs,5,0.4,3.83,87.0,1.0,55.0,88.0
NoName,Verdant,NLC,Jungle,HLL Winter · playoffs,3,0.0,0.62,25.0,-3.0,55.0,22.0
Abagnale,Gamespace Mediterranean College Esports,HLL,Support,HLL Winter · playoffs,5,0.4,7.3,20.0,1.0,55.0,21.0
RAMES,SU Esports,TCL,Jungle,HLL Winter · playoffs,7,0.571,5.62,17.0,1.0,55.0,18.0
Tsiper,WLGaming Esports,HLL,Mid,HLL Winter · playoffs,9,0.667,3.77,-21.0,1.0,55.0,-20.0
Pallet,WLGaming Esports,HLL,Jungle,HLL Winter · playoffs,9,0.667,2.45,-45.0,1.0,55.0,-44.0
Mentos,Falke Esports,LES,Mid,HLL Winter · playoffs,3,0.0,0.54,-54.0,-3.0,55.0,-57.0
Nikiyas,Bulldog Esports,NLC,ADC,HLL Winter · playoffs,3,0.0,1.5,-60.0,-3.0,55.0,-63.0
Kuroneel,GOAL,HLL,Mid,HLL Winter · playoffs,5,0.4,5.75,-77.0,1.0,55.0,-76.0
REAVER,WLGaming Esports,HLL,Support,HLL Winter · playoffs,7,0.571,4.0,-121.0,1.0,55.0,-120.0
Nenad,Team Insidious,HLL,Top,HLL Winter · playoffs,3,0.0,0.41,-179.0,-3.0,55.0,-182.0
Nsurr,Team Insidious,HLL,Support,HLL Winter · playoffs,3,0.0,0.62,-203.0,-3.0,55.0,-206.0
Druxy,ZennIT,ROL,ADC,HLL Winter · playoffs,5,0.4,3.62,-219.0,1.0,55.0,-218.0
Papiteero,Team Heretics Academy,LES,Top,HLL Winter · saison régulière,14,0.714,4.34,405.0,-6.0,55.0,399.0
kPr,Valerion,HLL,Top,HLL Winter · saison régulière,4,1.0,10.8,333.0,2.0,55.0,335.0
Unkn0wn,Valerion,HLL,ADC,HLL Winter · saison régulière,14,1.0,6.5,242.0,8.0,55.0,250.0
Speedy1,Valerion,HLL,Support,HLL Winter · saison régulière,14,1.0,5.72,222.0,8.0,55.0,230.0
Peppe,Valerion,HLL,Mid,HLL Winter · saison régulière,14,0.714,5.71,155.0,-6.0,55.0,149.0
iBo,devils.one inStreamly,RL,Top,HLL Winter · saison régulière,14,1.0,5.11,112.0,8.0,55.0,120.0
Booshi,ZYB Esport,LFL,ADC,HLL Winter · saison régulière,6,0.667,7.7,120.0,-2.0,55.0,118.0
Drofan,Team Phantasma,HLL,Jungle,HLL Winter · saison régulière,14,0.643,3.82,87.0,-0.0,55.0,87.0
NoName,Verdant,NLC,Jungle,HLL Winter · saison régulière,14,0.643,4.27,25.0,4.0,55.0,29.0
Abagnale,Gamespace Mediterranean College Esports,HLL,Support,HLL Winter · saison régulière,14,0.643,4.0,20.0,-0.0,55.0,20.0
Vaynedeta,Gamespace Mediterranean College Esports,HLL,ADC,HLL Winter · saison régulière,8,0.75,4.32,21.0,-4.0,55.0,17.0
RAMES,SU Esports,TCL,Jungle,HLL Winter · saison régulière,14,0.714,5.86,17.0,-6.0,55.0,11.0
Tsiper,WLGaming Esports,HLL,Mid,HLL Winter · saison régulière,14,1.0,9.13,-21.0,8.0,55.0,-13.0
Pallet,WLGaming Esports,HLL,Jungle,HLL Winter · saison régulière,14,1.0,5.79,-45.0,8.0,55.0,-37.0
Mentos,Falke Esports,LES,Mid,HLL Winter · saison régulière,14,0.643,3.76,-54.0,4.0,55.0,-50.0
Nikiyas,Bulldog Esports,NLC,ADC,HLL Winter · saison régulière,14,0.643,4.69,-60.0,4.0,55.0,-56.0
Benaset,Gamespace Mediterranean College Esports,HLL,Support,HLL Winter · saison régulière,12,0.5,3.07,-73.0,3.0,55.0,-70.0
Kuroneel,GOAL,HLL,Mid,HLL Winter · saison régulière,14,0.643,4.33,-77.0,-0.0,55.0,-77.0
K1ckbait,ALMO Players,HLL,Mid,HLL Winter · saison régulière,3,1.0,13.6,-91.0,6.0,55.0,-85.0
REAVER,WLGaming Esports,HLL,Support,HLL Winter · saison régulière,14,0.714,3.96,-121.0,-6.0,55.0,-127.0
Shourdy,Senshi eSports,ROL,Top,HLL Winter · saison régulière,14,0.429,1.92,-151.0,-1.0,55.0,-152.0
Shakur,Only The Family,HLL,ADC,HLL Winter · saison régulière,14,0.429,3.77,-171.0,-1.0,55.0,-172.0
Nenad,Team Insidious,HLL,Top,HLL Winter · saison régulière,14,0.643,2.8,-179.0,4.0,55.0,-175.0
Nsurr,Team Insidious,HLL,Support,HLL Winter · saison régulière,14,0.643,2.52,-203.0,4.0,55.0,-199.0
Druxy,ZennIT,ROL,ADC,HLL Winter · saison régulière,14,0.643,4.19,-219.0,-0.0,55.0,-219.0
belit,Deer Gaming,NLC,Jungle,HLL Winter · saison régulière,3,0.0,0.68,-247.0,-6.0,55.0,-253.0
hammerul,ALMO Players,HLL,Jungle,HLL Winter · saison régulière,17,0.294,3.03,-329.0,-2.0,55.0,-331.0
Fame,Gamespace Mediterranean College Esports,HLL,Jungle,HLL Winter · saison régulière,14,0.429,2.55,-335.0,-1.0,55.0,-336.0
Kartso,EKSI EPTA,HLL,Support,HLL Winter · saison régulière,12,0.333,2.05,-342.0,4.0,55.0,-338.0
Jimsnop,The ParadOx Invaders,HLL,Mid,HLL Winter · saison régulière,14,0.143,1.97,-340.0,1.0,55.0,-339.0
SM,Spartans EU,HLL,ADC,HLL Winter · saison régulière,14,0.286,3.55,-359.0,2.0,55.0,-357.0
Hecabrand,Team Phoenix,TCL,Top,HLL Winter · saison régulière,3,0.0,0.94,-369.0,-6.0,55.0,-375.0
alishor,ALMO Players,HLL,Top,HLL Winter · saison régulière,15,0.267,2.14,-376.0,-2.0,55.0,-378.0
Dafnis,EKSI EPTA,HLL,Top,HLL Winter · saison régulière,14,0.286,1.47,-416.0,2.0,55.0,-414.0
GaraXy,The ParadOx Invaders,HLL,Support,HLL Winter · saison régulière,17,0.294,3.16,-419.0,-2.0,55.0,-421.0
Azu,ALMO Players,HLL,ADC,HLL Winter · saison régulière,17,0.294,2.6,-432.0,-2.0,55.0,-434.0
Nikolex,Spartans EU,HLL,Jungle,HLL Winter · saison régulière,14,0.286,2.86,-439.0,2.0,55.0,-437.0
D1verse,Lausanne-Sport Esports,HLL,Mid,HLL Winter · saison régulière,14,0.286,2.35,-441.0,2.0,55.0,-439.0
Paparotis,The ParadOx Invaders,HLL,Support,HLL Winter · saison régulière,14,0.143,1.62,-454.0,1.0,55.0,-453.0
Alvanai,Hyperion (Portuguese Team),LIT,Mid,HLL Winter · saison régulière,14,0.429,2.87,-464.0,-1.0,55.0,-465.0
C7,NORTHERNGRADE ESPORTS,HLL,Top,HLL Winter · saison régulière,10,0.5,2.06,-465.0,-2.0,55.0,-467.0
AERO,The ParadOx Invaders,HLL,Jungle,HLL Winter · saison régulière,12,0.167,1.4,-487.0,0.0,55.0,-487.0
K1ng,Hyperion (Portuguese Team),HLL,ADC,HLL Winter · saison régulière,14,0.143,1.44,-515.0,1.0,55.0,-514.0
Faded,Aeterna Esports,LIT,Mid,HLL Winter · saison régulière,14,0.143,1.17,-612.0,-8.0,55.0,-620.0
TheSerius,Bohemian Guardians,HM,Top,HLL Winter · saison régulière,14,0.143,1.19,-751.0,1.0,55.0,-750.0
Robocop,Ruddy Corporation,NLC,Top,HM Spring · playoffs,11,0.818,3.48,282.0,1.0,55.0,283.0
J3rkie,Ruddy Corporation,NLC,Support,HM Spring · playoffs,11,0.818,3.88,219.0,1.0,55.0,220.0
Savero,Nightbirds,HM,Jungle,HM Spring · playoffs,14,0.571,4.84,122.0,5.0,55.0,127.0
SLT,Nightbirds,HM,Top,HM Spring · playoffs,14,0.571,4.21,121.0,5.0,55.0,126.0
Afriibi,Ruddy Corporation,NLC,ADC,HM Spring · playoffs,8,0.75,4.44,109.0,-1.0,55.0,108.0
Anonymouss,Ruddy Corporation,NLC,Jungle,HM Spring · playoffs,11,0.818,3.79,99.0,1.0,55.0,100.0
denyk,Nightbirds,HM,Support,HM Spring · playoffs,14,0.571,3.96,93.0,5.0,55.0,98.0
Nan0,Ruddy Corporation,NLC,Mid,HM Spring · playoffs,11,0.818,3.91,72.0,1.0,55.0,73.0
Vasco,Nightbirds,HM,Mid,HM Spring · playoffs,14,0.571,3.21,58.0,5.0,55.0,63.0
Strode,Nightbirds,HM,ADC,HM Spring · playoffs,14,0.571,3.52,58.0,5.0,55.0,63.0
Bobsik,Falke Esports,LES,Top,HM Spring · playoffs,12,0.5,2.13,-105.0,-2.0,55.0,-107.0
Adyyy,eSuba,HM,Mid,HM Spring · playoffs,12,0.5,2.54,-150.0,-2.0,55.0,-152.0
Mita,eSuba,HM,Support,HM Spring · playoffs,12,0.5,2.56,-209.0,-2.0,55.0,-211.0
raining,eSuba,HM,ADC,HM Spring · playoffs,12,0.5,3.1,-209.0,-2.0,55.0,-211.0
qualzy,Otter Side,HM,Jungle,HM Spring · playoffs,12,0.5,2.38,-228.0,-2.0,55.0,-230.0
BlackSwan,Meavedron,HM,ADC,HM Spring · playoffs,4,0.75,3.1,-328.0,3.0,55.0,-325.0
Marco,EXILE esports,HM,Support,HM Spring · playoffs,4,0.25,3.53,-333.0,-3.0,55.0,-336.0
Albi,Meavedron,HM,Jungle,HM Spring · playoffs,10,0.3,1.97,-367.0,0.0,55.0,-367.0
SiroN1,Meavedron,HM,Support,HM Spring · playoffs,10,0.3,2.8,-393.0,0.0,55.0,-393.0
Dzeffry,Meavedron,HM,Top,HM Spring · playoffs,3,0.0,1.0,-433.0,-6.0,55.0,-439.0
Dyego,CITA Kaizen,HM,Mid,HM Spring · playoffs,10,0.3,2.51,-440.0,0.0,55.0,-440.0
Royeq,REDPack Esports,NLC,ADC,HM Spring · playoffs,6,0.0,2.31,-463.0,-3.0,55.0,-466.0
DVLK,eSuba,HM,Jungle,HM Spring · playoffs,4,0.25,2.43,-468.0,-3.0,55.0,-471.0
Baro,Meavedron,HM,Top,HM Spring · playoffs,10,0.3,1.81,-480.0,0.0,55.0,-480.0
Deepe,KIA.eSuba Academy,HC,Mid,HM Spring · playoffs,4,0.25,2.65,-503.0,-3.0,55.0,-506.0
KNEZA,BRUTE,HM,ADC,HM Spring · playoffs,4,0.25,1.81,-513.0,-3.0,55.0,-516.0
MyCash,Bohemian Guardians,HM,Top,HM Spring · playoffs,3,0.0,0.88,-718.0,-1.0,55.0,-719.0
JJirkos,EXILE esports,HM,Support,HM Spring · playoffs,3,0.0,1.25,-737.0,-1.0,55.0,-738.0
Robocop,Ruddy Corporation,NLC,Top,HM Spring · saison régulière,15,0.867,6.3,282.0,6.0,55.0,288.0
J3rkie,Ruddy Corporation,NLC,Support,HM Spring · saison régulière,15,0.867,6.31,219.0,6.0,55.0,225.0
Savero,Nightbirds,HM,Jungle,HM Spring · saison régulière,15,0.933,9.57,122.0,-2.0,55.0,120.0
SLT,Nightbirds,HM,Top,HM Spring · saison régulière,15,0.933,4.0,121.0,-2.0,55.0,119.0
Afriibi,Ruddy Corporation,NLC,ADC,HM Spring · saison régulière,3,0.333,2.47,109.0,-0.0,55.0,109.0
denyk,Nightbirds,HM,Support,HM Spring · saison régulière,15,0.933,7.83,93.0,-2.0,55.0,91.0
Nan0,Ruddy Corporation,NLC,Mid,HM Spring · saison régulière,4,1.0,17.0,72.0,-1.0,55.0,71.0
Vasco,Nightbirds,HM,Mid,HM Spring · saison régulière,15,0.933,4.51,58.0,-2.0,55.0,56.0
Strode,Nightbirds,HM,ADC,HM Spring · saison régulière,15,0.933,6.18,58.0,-2.0,55.0,56.0
Bobsik,Falke Esports,LES,Top,HM Spring · saison régulière,14,0.714,2.39,-105.0,2.0,55.0,-103.0
Adyyy,eSuba,HM,Mid,HM Spring · saison régulière,14,0.714,3.67,-150.0,2.0,55.0,-148.0
Mita,eSuba,HM,Support,HM Spring · saison régulière,14,0.714,2.92,-209.0,2.0,55.0,-207.0
raining,eSuba,HM,ADC,HM Spring · saison régulière,14,0.714,5.56,-209.0,2.0,55.0,-207.0
qualzy,Otter Side,HM,Jungle,HM Spring · saison régulière,14,0.714,4.37,-228.0,2.0,55.0,-226.0
behave,CITA Kaizen,HM,Jungle,HM Spring · saison régulière,9,0.778,6.29,-267.0,4.0,55.0,-263.0
BlackSwan,Meavedron,HM,ADC,HM Spring · saison régulière,15,0.533,2.64,-328.0,1.0,55.0,-327.0
Marco,EXILE esports,HM,Support,HM Spring · saison régulière,15,0.4,2.91,-333.0,0.0,55.0,-333.0
Albi,Meavedron,HM,Jungle,HM Spring · saison régulière,11,0.546,3.45,-367.0,0.0,55.0,-367.0
SiroN1,Meavedron,HM,Support,HM Spring · saison régulière,13,0.615,3.77,-393.0,2.0,55.0,-391.0
Koresh,Onion Team,HM,Support,HM Spring · saison régulière,10,0.3,2.41,-410.0,-4.0,55.0,-414.0
Domoles,Onion Team,HM,Mid,HM Spring · saison régulière,7,0.714,4.59,-436.0,8.0,55.0,-428.0
Dzeffry,Meavedron,HM,Top,HM Spring · saison régulière,15,0.4,1.49,-433.0,0.0,55.0,-433.0
Dyego,CITA Kaizen,HM,Mid,HM Spring · saison régulière,15,0.533,3.0,-440.0,1.0,55.0,-439.0
Piwek,Onion Team,HM,ADC,HM Spring · saison régulière,8,1.0,6.52,-452.0,8.0,55.0,-444.0
DVLK,eSuba,HM,Jungle,HM Spring · saison régulière,15,0.4,2.57,-468.0,0.0,55.0,-468.0
Baro,Meavedron,HM,Top,HM Spring · saison régulière,15,0.533,1.98,-480.0,1.0,55.0,-479.0
Deepe,KIA.eSuba Academy,HC,Mid,HM Spring · saison régulière,15,0.4,2.14,-503.0,0.0,55.0,-503.0
KNEZA,BRUTE,HM,ADC,HM Spring · saison régulière,15,0.4,2.1,-513.0,0.0,55.0,-513.0
Drzemik,Onion Team,HM,ADC,HM Spring · saison régulière,17,0.235,2.01,-511.0,-4.0,55.0,-515.0
dylux,GD Esports,HC,Jungle,HM Spring · saison régulière,2,1.0,32.0,-539.0,4.0,55.0,-535.0
Robi,SPIKE Syndicate,EBL,Mid,HM Spring · saison régulière,6,0.333,2.36,-558.0,-0.0,55.0,-558.0
Krosak,Onion Team,HM,Top,HM Spring · saison régulière,4,0.0,1.45,-570.0,-3.0,55.0,-573.0
Downed,BRUTE,HM,Mid,HM Spring · saison régulière,14,0.214,1.61,-600.0,-2.0,55.0,-602.0
Skyp,BRUTE,HM,ADC,HM Spring · saison régulière,13,0.231,1.8,-609.0,-1.0,55.0,-610.0
Inspire,Onion Team,HM,Mid,HM Spring · saison régulière,17,0.235,1.94,-609.0,-4.0,55.0,-613.0
Munet,BRUTE,HM,Support,HM Spring · saison régulière,16,0.188,1.73,-643.0,-0.0,55.0,-643.0
Hunter,Onion Team,HM,Jungle,HM Spring · saison régulière,6,0.0,1.73,-648.0,-4.0,55.0,-652.0
Interor,BRUTE,HM,Top,HM Spring · saison régulière,14,0.143,1.57,-668.0,-1.0,55.0,-669.0
Blek,EXILE esports Academy,HC,ADC,HM Spring · saison régulière,2,1.0,6.33,-683.0,-1.0,55.0,-684.0
MyCash,Bohemian Guardians,HM,Top,HM Spring · saison régulière,15,0.2,1.59,-718.0,-3.0,55.0,-721.0
Setra,Andromeda Gaming,HC,Top,HM Spring · saison régulière,13,0.308,1.44,-724.0,-1.0,55.0,-725.0
JJirkos,EXILE esports,HM,Support,HM Spring · saison régulière,15,0.2,1.74,-737.0,-3.0,55.0,-740.0
Dunzi,BRUTE,HM,Jungle,HM Spring · saison régulière,12,0.083,1.16,-748.0,-2.0,55.0,-750.0
Savero,Nightbirds,HM,Jungle,HM Summer · playoffs,9,1.0,16.89,122.0,4.0,55.0,126.0
SLT,Nightbirds,HM,Top,HM Summer · playoffs,9,1.0,4.21,121.0,4.0,55.0,125.0
denyk,Nightbirds,HM,Support,HM Summer · playoffs,9,1.0,9.89,93.0,4.0,55.0,97.0
Vasco,Nightbirds,HM,Mid,HM Summer · playoffs,9,1.0,6.94,58.0,4.0,55.0,62.0
Strode,Nightbirds,HM,ADC,HM Summer · playoffs,9,1.0,7.41,58.0,4.0,55.0,62.0
Archer,CITA Kaizen,HM,ADC,HM Summer · playoffs,11,0.454,2.81,-152.0,-2.0,55.0,-154.0
Esko,eSuba,HM,ADC,HM Summer · playoffs,16,0.562,3.34,-192.0,7.0,55.0,-185.0
Techoteco,CITA Kaizen,HM,Jungle,HM Summer · playoffs,11,0.454,3.06,-191.0,-2.0,55.0,-193.0
Mita,eSuba,HM,Support,HM Summer · playoffs,16,0.562,2.41,-209.0,7.0,55.0,-202.0
Ophelia,CITA Kaizen,HM,Mid,HM Summer · playoffs,11,0.454,3.08,-223.0,-2.0,55.0,-225.0
Darkeszy,eSuba,HM,Top,HM Summer · playoffs,16,0.562,4.04,-246.0,7.0,55.0,-239.0
oki1,CITA Kaizen,HM,Support,HM Summer · playoffs,6,0.5,3.0,-249.0,0.0,55.0,-249.0
tomomaso,CITA Kaizen,HM,Top,HM Summer · playoffs,11,0.454,2.26,-257.0,-2.0,55.0,-259.0
ceskycechcz,EXILE esports,HM,Top,HM Summer · playoffs,7,0.143,1.22,-344.0,-3.0,55.0,-347.0
Albi,Meavedron,HM,Jungle,HM Summer · playoffs,7,0.143,1.7,-367.0,-7.0,55.0,-374.0
Ketrab,Meavedron,HM,Mid,HM Summer · playoffs,10,0.4,1.95,-387.0,-6.0,55.0,-393.0
SiroN1,Meavedron,HM,Support,HM Summer · playoffs,10,0.4,2.71,-393.0,-6.0,55.0,-399.0
nika,Meavedron,HM,ADC,HM Summer · playoffs,10,0.4,2.34,-405.0,-6.0,55.0,-411.0
Enkil,BRUTE,HM,Support,HM Summer · playoffs,3,0.0,1.57,-420.0,-1.0,55.0,-421.0
Dzeffry,Meavedron,HM,Top,HM Summer · playoffs,10,0.4,1.6,-433.0,-6.0,55.0,-439.0
Dyego,CITA Kaizen,HM,Mid,HM Summer · playoffs,5,0.4,3.85,-440.0,-2.0,55.0,-442.0
DVLK,eSuba,HM,Jungle,HM Summer · playoffs,16,0.562,2.31,-468.0,7.0,55.0,-461.0
FoobaR,EXILE esports,HM,Jungle,HM Summer · playoffs,3,0.0,1.14,-469.0,0.0,55.0,-469.0
Vlaren,eSuba,HM,Support,HM Summer · playoffs,16,0.562,3.37,-497.0,7.0,55.0,-490.0
KNEZA,BRUTE,HM,ADC,HM Summer · playoffs,3,0.0,1.48,-513.0,-1.0,55.0,-514.0
Lukyss,EXILE esports,HM,Mid,HM Summer · playoffs,7,0.143,1.68,-579.0,-3.0,55.0,-582.0
Dmns,BRUTE,HM,Jungle,HM Summer · playoffs,3,0.0,5.25,-589.0,-1.0,55.0,-590.0
Młody G,BRUTE,HM,Mid,HM Summer · playoffs,3,0.0,2.75,-641.0,-1.0,55.0,-642.0
Lexendo,EXILE esports,HM,ADC,HM Summer · playoffs,7,0.143,1.53,-668.0,-3.0,55.0,-671.0
JJirkos,EXILE esports,HM,Support,HM Summer · playoffs,4,0.25,1.93,-737.0,-3.0,55.0,-740.0
GoDirr,BRUTE,HM,Top,HM Summer · playoffs,3,0.0,1.0,-799.0,-1.0,55.0,-800.0
Savero,Nightbirds,HM,Jungle,HM Summer · saison régulière,12,1.0,12.94,122.0,0.0,55.0,122.0
SLT,Nightbirds,HM,Top,HM Summer · saison régulière,12,1.0,8.69,121.0,0.0,55.0,121.0
denyk,Nightbirds,HM,Support,HM Summer · saison régulière,12,1.0,5.77,93.0,0.0,55.0,93.0
Vasco,Nightbirds,HM,Mid,HM Summer · saison régulière,12,1.0,11.06,58.0,0.0,55.0,58.0
Strode,Nightbirds,HM,ADC,HM Summer · saison régulière,12,1.0,7.42,58.0,0.0,55.0,58.0
Archer,CITA Kaizen,HM,ADC,HM Summer · saison régulière,13,0.769,5.52,-152.0,6.0,55.0,-146.0
Techoteco,CITA Kaizen,HM,Jungle,HM Summer · saison régulière,7,0.857,11.73,-191.0,6.0,55.0,-185.0
Esko,eSuba,HM,ADC,HM Summer · saison régulière,17,0.471,3.01,-192.0,-4.0,55.0,-196.0
Mita,eSuba,HM,Support,HM Summer · saison régulière,17,0.471,2.5,-209.0,-4.0,55.0,-213.0
Ophelia,CITA Kaizen,HM,Mid,HM Summer · saison régulière,13,0.769,4.21,-223.0,6.0,55.0,-217.0
oki1,CITA Kaizen,HM,Support,HM Summer · saison régulière,13,0.769,4.62,-249.0,6.0,55.0,-243.0
Darkeszy,eSuba,HM,Top,HM Summer · saison régulière,17,0.471,2.68,-246.0,-4.0,55.0,-250.0
tomomaso,CITA Kaizen,HM,Top,HM Summer · saison régulière,13,0.769,2.11,-257.0,6.0,55.0,-251.0
ceskycechcz,EXILE esports,HM,Top,HM Summer · saison régulière,11,0.546,2.5,-344.0,5.0,55.0,-339.0
Albi,Meavedron,HM,Jungle,HM Summer · saison régulière,16,0.625,4.65,-367.0,7.0,55.0,-360.0
Ketrab,Meavedron,HM,Mid,HM Summer · saison régulière,16,0.625,3.38,-387.0,7.0,55.0,-380.0
SiroN1,Meavedron,HM,Support,HM Summer · saison régulière,16,0.625,4.37,-393.0,7.0,55.0,-386.0
nika,Meavedron,HM,ADC,HM Summer · saison régulière,16,0.625,3.79,-405.0,7.0,55.0,-398.0
Enkil,BRUTE,HM,Support,HM Summer · saison régulière,15,0.333,2.69,-420.0,-3.0,55.0,-423.0
Dzeffry,Meavedron,HM,Top,HM Summer · saison régulière,16,0.625,2.34,-433.0,7.0,55.0,-426.0
Domoles,Onion Team,HM,Mid,HM Summer · saison régulière,10,0.2,1.29,-436.0,-6.0,55.0,-442.0
Piwek,Onion Team,HM,ADC,HM Summer · saison régulière,13,0.231,1.27,-452.0,-6.0,55.0,-458.0
Dolis,eSuba,HM,Mid,HM Summer · saison régulière,17,0.471,4.38,-454.0,-4.0,55.0,-458.0
FoobaR,EXILE esports,HM,Jungle,HM Summer · saison régulière,8,0.5,3.0,-469.0,2.0,55.0,-467.0
DVLK,eSuba,HM,Jungle,HM Summer · saison régulière,17,0.471,3.5,-468.0,-4.0,55.0,-472.0
Mentor,Bohemian Guardians,HM,Support,HM Summer · saison régulière,15,0.267,3.5,-488.0,-4.0,55.0,-492.0
KNEZA,BRUTE,HM,ADC,HM Summer · saison régulière,17,0.294,2.18,-513.0,-2.0,55.0,-515.0
Benny,Bohemian Guardians,HM,Jungle,HM Summer · saison régulière,15,0.267,3.18,-521.0,-4.0,55.0,-525.0
Lukyss,EXILE esports,HM,Mid,HM Summer · saison régulière,13,0.462,2.34,-579.0,2.0,55.0,-577.0
Lumity,Bohemian Guardians,HM,Mid,HM Summer · saison régulière,15,0.267,5.69,-582.0,-4.0,55.0,-586.0
Dmns,BRUTE,HM,Jungle,HM Summer · saison régulière,17,0.294,2.69,-589.0,-2.0,55.0,-591.0
Nephix,Bohemian Guardians,HM,ADC,HM Summer · saison régulière,12,0.25,2.09,-598.0,-5.0,55.0,-603.0
Młody G,BRUTE,HM,Mid,HM Summer · saison régulière,17,0.294,1.74,-641.0,-2.0,55.0,-643.0
Lexendo,EXILE esports,HM,ADC,HM Summer · saison régulière,13,0.462,3.37,-668.0,2.0,55.0,-666.0
tonyroo,Onion Team,HM,Top,HM Summer · saison régulière,13,0.231,1.21,-727.0,-6.0,55.0,-733.0
JJirkos,EXILE esports,HM,Support,HM Summer · saison régulière,13,0.462,2.32,-737.0,2.0,55.0,-735.0
TheSerius,Bohemian Guardians,HM,Top,HM Summer · saison régulière,9,0.111,1.69,-751.0,-3.0,55.0,-754.0
Taxvig,Onion Team,HM,Jungle,HM Summer · saison régulière,13,0.231,1.65,-752.0,-6.0,55.0,-758.0
GoDirr,BRUTE,HM,Top,HM Summer · saison régulière,17,0.294,1.81,-799.0,-2.0,55.0,-801.0
Pulzer,Onion Team,HC,Mid,HM Summer · saison régulière,9,0.333,2.83,-908.0,-5.0,55.0,-913.0
SLT,Nightbirds,HM,Top,HW,17,0.941,3.7,121.0,2.0,55.0,123.0
Twight,eSuba,NL,Jungle,HW,23,0.609,4.04,93.0,3.0,54.0,96.0
denyk,Nightbirds,HM,Support,HW,17,0.941,5.25,93.0,2.0,55.0,95.0
Vasco,Nightbirds,HM,Mid,HW,17,0.941,6.73,58.0,2.0,55.0,60.0
Strode,Nightbirds,HM,ADC,HW,17,0.941,6.92,58.0,2.0,55.0,60.0
Kokos,DOCISK,RL,Jungle,HW,16,0.5,3.87,26.0,-5.0,55.0,21.0
TIMR,LUA Gaming,LES,Support,HW,2,1.0,9.75,-93.0,-0.0,55.0,-93.0
Bobsik,Falke Esports,LES,Top,HW,20,0.6,2.75,-105.0,-2.0,55.0,-107.0
MrJackson,The ParadOx Invaders,HLL,Jungle,HW,17,0.941,3.87,-134.0,2.0,55.0,-132.0
Adyyy,eSuba,HM,Mid,HW,20,0.6,3.06,-150.0,-2.0,55.0,-152.0
miracle,The ParadOx Invaders,HLL,Jungle,HW,9,0.333,3.93,-185.0,-0.0,55.0,-185.0
Esko,eSuba,HM,ADC,HW,23,0.609,5.11,-192.0,3.0,54.0,-189.0
Mita,eSuba,HM,Support,HW,20,0.6,2.74,-209.0,-2.0,55.0,-211.0
raining,eSuba,HM,ADC,HW,20,0.6,4.63,-209.0,-2.0,55.0,-211.0
qualzy,Otter Side,HM,Jungle,HW,20,0.6,3.41,-228.0,-2.0,55.0,-230.0
STANIK,mCon esports,ROL,Mid,HW,23,0.609,6.06,-239.0,3.0,54.0,-236.0
Darkeszy,eSuba,HM,Top,HW,23,0.609,4.07,-246.0,3.0,54.0,-243.0
oki1,CITA Kaizen,HM,Support,HW,25,0.52,2.87,-249.0,0.0,54.0,-249.0
behave,CITA Kaizen,HM,Jungle,HW,29,0.517,4.49,-267.0,-2.0,54.0,-269.0
Marco,EXILE esports,HM,Support,HW,18,0.5,2.32,-333.0,5.0,55.0,-328.0
ceskycechcz,EXILE esports,HM,Top,HW,8,0.375,3.8,-344.0,-3.0,55.0,-347.0
SiroN1,Meavedron,HM,Support,HW,16,0.5,2.64,-393.0,-5.0,55.0,-398.0
Koresh,Onion Team,HM,Support,HW,16,0.5,3.47,-410.0,4.0,55.0,-406.0
WalliR,Ethereal Enigmas,HC,Mid,HW,6,0.333,3.95,-417.0,-2.0,55.0,-419.0
Dzeffry,Meavedron,HM,Top,HW,18,0.5,1.79,-433.0,5.0,55.0,-428.0
Dyego,CITA Kaizen,HM,Mid,HW,14,0.357,2.3,-440.0,3.0,55.0,-437.0
Domoles,Onion Team,HM,Mid,HW,29,0.517,4.06,-436.0,-2.0,54.0,-438.0
Piwek,Onion Team,HM,ADC,HW,29,0.517,2.48,-452.0,-2.0,54.0,-454.0
FoobaR,EXILE esports,HM,Jungle,HW,8,0.375,3.61,-469.0,-3.0,55.0,-472.0
DVLK,eSuba,HM,Jungle,HW,16,0.5,2.75,-468.0,-5.0,55.0,-473.0
Baro,Meavedron,HM,Top,HW,16,0.5,2.26,-480.0,-5.0,55.0,-485.0
Deepe,KIA.eSuba Academy,HC,Mid,HW,18,0.5,2.4,-503.0,5.0,55.0,-498.0
Vlaren,eSuba,HM,Support,HW,6,0.333,3.92,-497.0,-2.0,55.0,-499.0
KNEZA,BRUTE,HM,ADC,HW,18,0.5,2.23,-513.0,5.0,55.0,-508.0
Drzemik,Onion Team,HM,ADC,HW,17,0.471,3.69,-511.0,2.0,55.0,-509.0
VOPI,Priority,HC,Top,HW,17,0.471,2.23,-549.0,2.0,55.0,-547.0
Arp,Andromeda Gaming,HC,Jungle,HW,8,0.625,3.19,-556.0,3.0,55.0,-553.0
Krosak,Onion Team,HM,Top,HW,29,0.517,1.95,-570.0,-2.0,54.0,-572.0
Inspire,Onion Team,HM,Mid,HW,5,0.4,2.65,-609.0,-0.0,55.0,-609.0
Cherry,Andromeda Gaming,HC,Support,HW,8,0.375,3.0,-650.0,3.0,55.0,-647.0
Ludas Matyi,Team Spawn Peek,EBL,ADC,HW,13,0.385,2.01,-659.0,4.0,55.0,-655.0
Lexendo,EXILE esports,HM,ADC,HW,8,0.375,2.66,-668.0,-3.0,55.0,-671.0
Nade,Diversion Gaming,HC,Support,HW,6,0.333,3.71,-711.0,-1.0,55.0,-712.0
TalentLess,Andromeda Gaming,HC,Mid,HW,6,0.5,2.77,-716.0,4.0,55.0,-712.0
Setra,Andromeda Gaming,HC,Top,HW,8,0.375,1.73,-724.0,-3.0,55.0,-727.0
Pongo,Andromeda Gaming,HC,Jungle,HW,8,0.375,2.09,-743.0,3.0,55.0,-740.0
JJirkos,EXILE esports,HM,Support,HW,8,0.375,2.68,-737.0,-3.0,55.0,-740.0
Lays,Magyar Gamer Szövetsèg,HC,Top,HW,8,0.375,3.58,-739.0,-2.0,55.0,-741.0
Skodix,KIA.eSuba Academy,HC,ADC,HW,6,0.333,2.95,-755.0,-1.0,55.0,-756.0
Rajed,SPIKE Syndicate,EBL,Top,HW,6,0.333,3.18,-768.0,-2.0,55.0,-770.0
Ad1s,EXILE esports Academy,HC,Mid,HW,6,0.333,2.55,-785.0,-1.0,55.0,-786.0
GoDirr,BRUTE,HM,Top,HW,6,0.333,1.64,-799.0,-1.0,55.0,-800.0
Zelvicka,Andromeda Gaming,HC,ADC,HW,8,0.375,1.57,-811.0,3.0,55.0,-808.0
AAdaMM,Magyar Gamer Szövetsèg,HC,ADC,HW,8,0.375,2.76,-812.0,-2.0,55.0,-814.0
Etoo,Once Upon A Team,HC,ADC,HW,6,0.333,5.92,-850.0,-2.0,55.0,-852.0
Danos,Priority,HC,Mid,HW,4,0.0,1.71,-857.0,-1.0,55.0,-858.0
Doge,KIA.eSuba Academy,HC,Jungle,HW,6,0.333,4.68,-869.0,-2.0,55.0,-871.0
Pulzer,Onion Team,HC,Mid,HW,8,0.375,2.52,-908.0,-2.0,55.0,-910.0
Yakko,Diversion Gaming,HC,Jungle,HW,6,0.333,2.89,-995.0,-1.0,55.0,-996.0
Chovy,Gen.G,LCK,Mid,KeSPA Cup,9,0.556,3.09,1026.0,-7.0,55.0,1019.0
Kiin,Gen.G,LCK,Top,KeSPA Cup,9,0.556,3.17,1018.0,-7.0,55.0,1011.0
Ruler,Gen.G,LCK,ADC,KeSPA Cup,9,0.556,2.79,974.0,-7.0,55.0,967.0
Duro,Gen.G,LCK,Support,KeSPA Cup,9,0.556,3.26,961.0,-7.0,55.0,954.0
Canyon,Gen.G,LCK,Jungle,KeSPA Cup,9,0.556,4.92,958.0,-7.0,55.0,951.0
Zeka,Hanwha Life Esports,LCK,Mid,KeSPA Cup,8,0.625,5.17,938.0,2.0,55.0,940.0
Zeus,Hanwha Life Esports,LCK,Top,KeSPA Cup,8,0.625,2.93,927.0,2.0,55.0,929.0
Keria,T1,LCK,Support,KeSPA Cup,5,0.6,5.84,923.0,-1.0,55.0,922.0
Gumayusi,Hanwha Life Esports,LCK,ADC,KeSPA Cup,8,0.625,3.46,912.0,2.0,55.0,914.0
Peyz,T1,LCK,ADC,KeSPA Cup,5,0.6,3.46,906.0,-1.0,55.0,905.0
Doran,T1,LCK,Top,KeSPA Cup,5,0.6,3.39,886.0,-1.0,55.0,885.0
Kanavi,Hanwha Life Esports,LCK,Jungle,KeSPA Cup,8,0.625,3.28,875.0,2.0,55.0,877.0
Faker,T1,LCK,Mid,KeSPA Cup,5,0.6,3.27,861.0,-1.0,55.0,860.0
Delight,Hanwha Life Esports,LCK,Support,KeSPA Cup,8,0.625,3.41,857.0,2.0,55.0,859.0
Oner,T1,LCK,Jungle,KeSPA Cup,5,0.6,4.95,842.0,-1.0,55.0,841.0
Peter,DN SOOPers,LCK,Support,KeSPA Cup,25,0.68,3.37,800.0,9.0,54.0,809.0
Diable,Nongshim RedForce,LCK,ADC,KeSPA Cup,11,0.546,3.82,767.0,-6.0,55.0,761.0
Aiming,Kiwoom DRX,LCK,ADC,KeSPA Cup,10,0.5,5.76,754.0,2.0,55.0,756.0
Sharvel,DN SOOPers,LCK,Jungle,KeSPA Cup,25,0.68,4.24,737.0,9.0,54.0,746.0
Lehends,Nongshim RedForce,LCK,Support,KeSPA Cup,11,0.546,2.82,743.0,-6.0,55.0,737.0
Bdd,KT Rolster,LCK,Mid,KeSPA Cup,6,0.333,3.67,735.0,-3.0,55.0,732.0
Effort,KT Rolster,LCK,Support,KeSPA Cup,2,0.0,1.45,734.0,-4.0,55.0,730.0
Roamer,HANJIN BRION,LCK,Mid,KeSPA Cup,11,0.454,3.65,728.0,-3.0,55.0,725.0
Kellin,BNK FEARX,LCK,Support,KeSPA Cup,1,0.0,0.57,720.0,-2.0,55.0,718.0
PerfecT,KT Rolster,LCK,Top,KeSPA Cup,6,0.333,2.03,720.0,-3.0,55.0,717.0
Cuzz,KT Rolster,LCK,Jungle,KeSPA Cup,2,0.0,3.5,715.0,-4.0,55.0,711.0
VicLa,BNK FEARX,LCK,Mid,KeSPA Cup,1,0.0,1.5,707.0,-2.0,55.0,705.0
Rich,Kiwoom DRX Challengers,LCKC,Top,KeSPA Cup,13,0.538,1.94,705.0,-1.0,55.0,704.0
Taeyoon,BNK FEARX,LCK,ADC,KeSPA Cup,1,0.0,1.0,695.0,-2.0,55.0,693.0
Casting,HANJIN BRION,LCK,Top,KeSPA Cup,11,0.454,3.06,679.0,-3.0,55.0,676.0
Clear,BNK FEARX,LCK,Top,KeSPA Cup,1,0.0,0.29,671.0,-2.0,55.0,669.0
GIDEON,HANJIN BRION,LCK,Jungle,KeSPA Cup,11,0.454,4.71,668.0,-3.0,55.0,665.0
Raptor,BNK FEARX,LCK,Jungle,KeSPA Cup,1,0.0,1.33,664.0,-2.0,55.0,662.0
Scout,Nongshim RedForce,LCK,Mid,KeSPA Cup,11,0.546,3.02,662.0,-6.0,55.0,656.0
deokdam,DN SOOPers,LCK,ADC,KeSPA Cup,25,0.68,4.34,629.0,9.0,54.0,638.0
Willer,Kiwoom DRX,LCK,Jungle,KeSPA Cup,13,0.538,3.77,638.0,-1.0,55.0,637.0
Teddy,HANJIN BRION,LCK,ADC,KeSPA Cup,11,0.454,4.03,637.0,-3.0,55.0,634.0
Andil,Kiwoom DRX,LCK,Support,KeSPA Cup,13,0.538,2.64,634.0,-1.0,55.0,633.0
Ucal,Kiwoom DRX,LCK,Mid,KeSPA Cup,13,0.538,4.37,634.0,-1.0,55.0,633.0
DuDu,DN SOOPers,LCK,Top,KeSPA Cup,25,0.68,3.71,619.0,9.0,54.0,628.0
Namgung,HANJIN BRION,LCK,Support,KeSPA Cup,11,0.454,2.73,624.0,-3.0,55.0,621.0
Sponge,Nongshim RedForce,LCK,Jungle,KeSPA Cup,11,0.546,2.89,609.0,-6.0,55.0,603.0
Kingen,Nongshim RedForce,LCK,Top,KeSPA Cup,11,0.546,2.66,607.0,-6.0,55.0,601.0
Painter,T1 Esports Academy,LCKC,Jungle,KeSPA Cup,10,0.5,3.53,585.0,7.0,55.0,592.0
Cloud,T1 Esports Academy,LCKC,Support,KeSPA Cup,10,0.5,3.41,562.0,7.0,55.0,569.0
Clozer,DN SOOPers,LCK,Mid,KeSPA Cup,25,0.68,4.37,559.0,9.0,54.0,568.0
LazyFeel,Kiwoom DRX Challengers,LCKC,ADC,KeSPA Cup,3,0.667,6.12,560.0,3.0,55.0,563.0
Guti,T1 Esports Academy,LCKC,Mid,KeSPA Cup,10,0.5,3.24,511.0,7.0,55.0,518.0
Jiwoo,KT Rolster,LCK,ADC,KeSPA Cup,4,0.5,2.53,515.0,-5.0,55.0,510.0
Haetae,T1 Esports Academy,LCKC,Top,KeSPA Cup,10,0.5,3.77,492.0,7.0,55.0,499.0
MG,BNK FEARX Youth,LCKC,Mid,KeSPA Cup,4,0.5,3.6,470.0,3.0,55.0,473.0
Pollu,KT Rolster Challengers,LCKC,Support,KeSPA Cup,5,0.4,2.03,471.0,1.0,55.0,472.0
FenRir,KT Rolster Challengers,LCKC,ADC,KeSPA Cup,3,0.0,1.93,461.0,-4.0,55.0,457.0
Jaehyuk,Dplus Kia Challengers,LCKC,Top,KeSPA Cup,5,0.0,1.79,433.0,-1.0,55.0,432.0
Garden,Dplus Kia Challengers,LCKC,Mid,KeSPA Cup,5,0.0,1.7,415.0,-1.0,55.0,414.0
Wayne,Dplus Kia Challengers,LCKC,ADC,KeSPA Cup,5,0.0,2.21,414.0,-1.0,55.0,413.0
Loopy,Dplus Kia Challengers,LCKC,Support,KeSPA Cup,5,0.0,1.33,412.0,-1.0,55.0,411.0
Sylvie,KT Rolster Challengers,LCKC,Jungle,KeSPA Cup,5,0.4,4.0,385.0,1.0,55.0,386.0
Hwichan,KT Rolster Challengers,LCKC,Mid,KeSPA Cup,1,0.0,1.67,385.0,-0.0,55.0,385.0
Grizzly,BNK FEARX Youth,LCKC,Jungle,KeSPA Cup,4,0.5,5.0,376.0,3.0,55.0,379.0
Bluffing,Hanwha Life Esports Challengers,LCKC,Support,KeSPA Cup,8,0.5,4.68,370.0,8.0,55.0,378.0
Sero,KT Rolster Challengers,LCKC,Top,KeSPA Cup,1,0.0,0.78,370.0,-0.0,55.0,370.0
Luon,BNK FEARX Youth,LCKC,Support,KeSPA Cup,4,0.5,1.64,336.0,3.0,55.0,339.0
Kangin,BNK FEARX Youth,LCKC,Top,KeSPA Cup,4,0.5,2.44,326.0,3.0,55.0,329.0
Cypher,T1 Esports Academy,LCKC,ADC,KeSPA Cup,10,0.5,2.83,288.0,7.0,55.0,295.0
Pyeonsik,Hanwha Life Esports Challengers,LCKC,ADC,KeSPA Cup,8,0.5,3.46,260.0,8.0,55.0,268.0
Jackal,Hanwha Life Esports Challengers,LCKC,Jungle,KeSPA Cup,8,0.5,3.56,249.0,8.0,55.0,257.0
Cracker,Hanwha Life Esports Challengers,LCKC,Mid,KeSPA Cup,8,0.5,3.93,194.0,8.0,55.0,202.0
Slayer,BNK FEARX Youth,LCKC,ADC,KeSPA Cup,4,0.5,2.83,184.0,3.0,55.0,187.0
Panther,Hanwha Life Esports Challengers,LCKC,Top,KeSPA Cup,8,0.5,2.6,168.0,8.0,55.0,176.0
Kemish,Gen.G Global Academy,LCKC,Mid,KeSPA Cup,5,0.0,1.5,129.0,-4.0,55.0,125.0
Ripple,Gen.G Global Academy,LCKC,Top,KeSPA Cup,5,0.0,1.0,100.0,-4.0,55.0,96.0
Courage,Gen.G Global Academy,LCKC,Jungle,KeSPA Cup,5,0.0,1.14,73.0,-4.0,55.0,69.0
Solid,Dplus Kia Challengers,LCKC,Jungle,KeSPA Cup,5,0.0,1.31,46.0,-1.0,55.0,45.0
MUDAI,Gen.G Global Academy,LCKC,ADC,KeSPA Cup,5,0.0,0.71,49.0,-4.0,55.0,45.0
Lumos,Gen.G Global Academy,LCKC,Support,KeSPA Cup,5,0.0,0.7,-84.0,-4.0,55.0,-88.0
Eclipse,T1 Esports Academy,LCKC,ADC,LAS Champ 1 · playoffs,6,0.0,1.76,172.0,-9.0,55.0,163.0
Aether,T1 Esports Academy Rookies,LAS,Support,LAS Champ 1 · playoffs,16,0.625,6.13,66.0,-4.0,55.0,62.0
Solid,Dplus Kia Challengers,LCKC,Jungle,LAS Champ 1 · playoffs,15,0.8,3.93,46.0,7.0,55.0,53.0
Solbon,T1 Esports Academy Rookies,LAS,Mid,LAS Champ 1 · playoffs,16,0.625,4.47,-71.0,-4.0,55.0,-75.0
Jinbeom,T1 Esports Academy Rookies,LAS,ADC,LAS Champ 1 · playoffs,11,0.727,2.72,-83.0,4.0,55.0,-79.0
Weather,T1 Esports Academy Rookies,LAS,Top,LAS Champ 1 · playoffs,3,0.667,5.0,-96.0,1.0,55.0,-95.0
Carim,T1 Esports Academy Rookies,LAS,Jungle,LAS Champ 1 · playoffs,16,0.625,6.32,-109.0,-4.0,55.0,-113.0
Kitten,Dplus Kia Academy,LAS,Support,LAS Champ 1 · playoffs,15,0.8,5.74,-136.0,7.0,55.0,-129.0
Midir,T1 Esports Academy Rookies,LAS,Top,LAS Champ 1 · playoffs,13,0.615,4.33,-164.0,-5.0,55.0,-169.0
Nevid,Dplus Kia Academy,LAS,Top,LAS Champ 1 · playoffs,15,0.8,2.36,-195.0,7.0,55.0,-188.0
Junu,DN SOOPers Academy,LAS,Top,LAS Champ 1 · playoffs,4,0.25,2.27,-222.0,-4.0,55.0,-226.0
Despair,Dplus Kia Academy,LAS,Mid,LAS Champ 1 · playoffs,15,0.8,4.18,-247.0,7.0,55.0,-240.0
GGomZi,Hanwha Life Esports Academy,LAS,ADC,LAS Champ 1 · playoffs,5,0.4,3.5,-257.0,-7.0,55.0,-264.0
xpd,Dplus Kia Academy,LAS,ADC,LAS Champ 1 · playoffs,15,0.8,4.51,-299.0,7.0,55.0,-292.0
Buddy,Hanwha Life Esports Academy,LAS,Mid,LAS Champ 1 · playoffs,6,0.0,1.03,-286.0,-9.0,55.0,-295.0
Hailstone,Hanwha Life Esports Academy,LAS,Support,LAS Champ 1 · playoffs,6,0.0,2.45,-308.0,-9.0,55.0,-317.0
Flint,Hanwha Life Esports Academy,LAS,Jungle,LAS Champ 1 · playoffs,6,0.0,1.59,-326.0,-9.0,55.0,-335.0
Revenge,DN SOOPers Challengers,LAS,ADC,LAS Champ 1 · playoffs,4,0.25,2.0,-334.0,-4.0,55.0,-338.0
Harusary,Gen.G Scholars,LAS,ADC,LAS Champ 1 · playoffs,15,0.4,2.22,-369.0,7.0,55.0,-362.0
Achael,Hanwha Life Esports Academy,LAS,Top,LAS Champ 1 · playoffs,6,0.0,1.72,-354.0,-9.0,55.0,-363.0
AKIRA,DN SOOPers Academy,LAS,Support,LAS Champ 1 · playoffs,4,0.25,2.79,-364.0,-4.0,55.0,-368.0
Lancelot,Gen.G Scholars,LAS,Jungle,LAS Champ 1 · playoffs,15,0.4,2.45,-378.0,7.0,55.0,-371.0
Zealot,KT Rolster Academy,LAS,Top,LAS Champ 1 · playoffs,4,0.25,2.41,-398.0,2.0,55.0,-396.0
Hayes,Kiwoom DRX Academy,LAS,Support,LAS Champ 1 · playoffs,15,0.4,3.95,-405.0,7.0,55.0,-398.0
Loid,KT Rolster Academy,LAS,Mid,LAS Champ 1 · playoffs,4,0.25,2.88,-406.0,2.0,55.0,-404.0
FLOW,KT Rolster Academy,LAS,Support,LAS Champ 1 · playoffs,4,0.25,4.9,-408.0,2.0,55.0,-406.0
Yuny,Gen.G Scholars,LAS,Mid,LAS Champ 1 · playoffs,15,0.4,2.71,-416.0,7.0,55.0,-409.0
Soft,DN SOOPers Academy,LAS,Jungle,LAS Champ 1 · playoffs,4,0.25,3.08,-437.0,-4.0,55.0,-441.0
Bean,Gen.G Scholars,LAS,Top,LAS Champ 1 · playoffs,15,0.4,1.84,-452.0,7.0,55.0,-445.0
Elbow,DN SOOPers Academy,LAS,Mid,LAS Champ 1 · playoffs,4,0.25,2.58,-568.0,-4.0,55.0,-572.0
Precede,Gen.G Scholars,LAS,ADC,LAS Champ 1 · playoffs,4,0.25,2.38,-679.0,2.0,55.0,-677.0
Nerion,Kiwoom DRX Academy,LAS,Jungle,LAS Champ 1 · playoffs,4,0.25,3.2,-706.0,2.0,55.0,-704.0
Eclipse,T1 Esports Academy,LCKC,ADC,LAS Champ 1 · saison régulière,49,0.776,5.29,172.0,9.0,54.0,181.0
Aether,T1 Esports Academy Rookies,LAS,Support,LAS Champ 1 · saison régulière,48,0.833,7.07,66.0,12.0,54.0,78.0
Solid,Dplus Kia Challengers,LCKC,Jungle,LAS Champ 1 · saison régulière,50,0.66,3.82,46.0,-8.0,54.0,38.0
Solbon,T1 Esports Academy Rookies,LAS,Mid,LAS Champ 1 · saison régulière,39,0.82,5.44,-71.0,13.0,54.0,-58.0
Jinbeom,T1 Esports Academy Rookies,LAS,ADC,LAS Champ 1 · saison régulière,12,0.667,4.93,-83.0,-4.0,55.0,-87.0
Weather,T1 Esports Academy Rookies,LAS,Top,LAS Champ 1 · saison régulière,9,1.0,3.46,-96.0,1.0,55.0,-95.0
Carim,T1 Esports Academy Rookies,LAS,Jungle,LAS Champ 1 · saison régulière,48,0.833,8.83,-109.0,12.0,54.0,-97.0
Kitten,Dplus Kia Academy,LAS,Support,LAS Champ 1 · saison régulière,30,0.667,3.21,-136.0,-7.0,54.0,-143.0
Midir,T1 Esports Academy Rookies,LAS,Top,LAS Champ 1 · saison régulière,39,0.795,4.6,-164.0,11.0,54.0,-153.0
Nevid,Dplus Kia Academy,LAS,Top,LAS Champ 1 · saison régulière,45,0.644,2.17,-195.0,-7.0,54.0,-202.0
Junu,DN SOOPers Academy,LAS,Top,LAS Champ 1 · saison régulière,43,0.558,3.27,-222.0,8.0,54.0,-214.0
GGomZi,Hanwha Life Esports Academy,LAS,ADC,LAS Champ 1 · saison régulière,32,0.875,6.39,-257.0,11.0,54.0,-246.0
Despair,Dplus Kia Academy,LAS,Mid,LAS Champ 1 · saison régulière,50,0.66,2.63,-247.0,-8.0,54.0,-255.0
Buddy,Hanwha Life Esports Academy,LAS,Mid,LAS Champ 1 · saison régulière,26,0.885,3.69,-286.0,13.0,54.0,-273.0
Hailstone,Hanwha Life Esports Academy,LAS,Support,LAS Champ 1 · saison régulière,49,0.776,5.36,-308.0,9.0,54.0,-299.0
xpd,Dplus Kia Academy,LAS,ADC,LAS Champ 1 · saison régulière,30,0.667,2.67,-299.0,-7.0,54.0,-306.0
Flint,Hanwha Life Esports Academy,LAS,Jungle,LAS Champ 1 · saison régulière,49,0.776,4.73,-326.0,9.0,54.0,-317.0
Valiant,Hanwha Life Esports Challengers,LAS,Mid,LAS Champ 1 · saison régulière,20,0.65,3.33,-325.0,-4.0,55.0,-329.0
Revenge,DN SOOPers Challengers,LAS,ADC,LAS Champ 1 · saison régulière,51,0.51,3.03,-334.0,0.0,54.0,-334.0
Achael,Hanwha Life Esports Academy,LAS,Top,LAS Champ 1 · saison régulière,49,0.776,3.3,-354.0,9.0,54.0,-345.0
Rapport,Nongshim RedForce Academy,LAS,Support,LAS Champ 1 · saison régulière,20,0.65,2.22,-351.0,-2.0,54.0,-353.0
AKIRA,DN SOOPers Academy,LAS,Support,LAS Champ 1 · saison régulière,18,0.444,3.63,-364.0,0.0,55.0,-364.0
Harusary,Gen.G Scholars,LAS,ADC,LAS Champ 1 · saison régulière,52,0.423,2.89,-369.0,-2.0,54.0,-371.0
Lancelot,Gen.G Scholars,LAS,Jungle,LAS Champ 1 · saison régulière,52,0.423,2.69,-378.0,-2.0,54.0,-380.0
Zealot,KT Rolster Academy,LAS,Top,LAS Champ 1 · saison régulière,49,0.326,2.5,-398.0,-3.0,54.0,-401.0
Jesus,HANJIN BRION Academy,LAS,Mid,LAS Champ 1 · saison régulière,29,0.241,1.9,-404.0,3.0,54.0,-401.0
Hayes,Kiwoom DRX Academy,LAS,Support,LAS Champ 1 · saison régulière,52,0.423,3.35,-405.0,-2.0,54.0,-407.0
Loid,KT Rolster Academy,LAS,Mid,LAS Champ 1 · saison régulière,49,0.326,2.93,-406.0,-3.0,54.0,-409.0
FLOW,KT Rolster Academy,LAS,Support,LAS Champ 1 · saison régulière,45,0.311,2.63,-408.0,-3.0,54.0,-411.0
Yuny,Gen.G Scholars,LAS,Mid,LAS Champ 1 · saison régulière,52,0.423,3.42,-416.0,-2.0,54.0,-418.0
Hitscan,Dplus Kia Academy,LAS,ADC,LAS Champ 1 · saison régulière,20,0.65,2.64,-417.0,-2.0,54.0,-419.0
Ark,Nongshim RedForce Academy,LAS,Jungle,LAS Champ 1 · saison régulière,51,0.314,2.53,-420.0,-3.0,54.0,-423.0
Soft,DN SOOPers Academy,LAS,Jungle,LAS Champ 1 · saison régulière,51,0.51,3.08,-437.0,0.0,54.0,-437.0
Bean,Gen.G Scholars,LAS,Top,LAS Champ 1 · saison régulière,52,0.423,2.06,-452.0,-2.0,54.0,-454.0
Crow,T1 Esports Academy Rookies,LAS,Mid,LAS Champ 1 · saison régulière,51,0.314,2.07,-515.0,-3.0,54.0,-518.0
Gyeol,DN SOOPers Academy,LAS,Support,LAS Champ 1 · saison régulière,33,0.546,2.53,-519.0,0.0,54.0,-519.0
Elbow,DN SOOPers Academy,LAS,Mid,LAS Champ 1 · saison régulière,51,0.51,2.75,-568.0,0.0,54.0,-568.0
Wooper,HANJIN BRION Academy,LAS,ADC,LAS Champ 1 · saison régulière,48,0.167,2.25,-594.0,-4.0,54.0,-598.0
Namsi,Nongshim RedForce Academy,LAS,Support,LAS Champ 1 · saison régulière,51,0.314,2.2,-653.0,-3.0,54.0,-656.0
nonnein,HANJIN BRION Academy,LAS,Top,LAS Champ 1 · saison régulière,48,0.167,1.34,-655.0,-4.0,54.0,-659.0
Precede,Gen.G Scholars,LAS,ADC,LAS Champ 1 · saison régulière,45,0.311,2.48,-679.0,-3.0,54.0,-682.0
Amelia,Nongshim RedForce Academy,LAS,Top,LAS Champ 1 · saison régulière,48,0.292,1.69,-690.0,-3.0,54.0,-693.0
Pecia,HANJIN BRION Academy,LAS,Support,LAS Champ 1 · saison régulière,44,0.182,4.04,-700.0,-2.0,54.0,-702.0
Nerion,Kiwoom DRX Academy,LAS,Jungle,LAS Champ 1 · saison régulière,49,0.326,2.87,-706.0,-3.0,54.0,-709.0
Tobe,HANJIN BRION Academy,LAS,Mid,LAS Champ 1 · saison régulière,30,0.167,1.54,-732.0,-2.0,54.0,-734.0
White,Nongshim RedForce Academy,LAS,ADC,LAS Champ 1 · saison régulière,48,0.292,1.76,-740.0,-3.0,54.0,-743.0
Howl,HANJIN BRION Academy,LAS,Jungle,LAS Champ 1 · saison régulière,37,0.108,1.87,-879.0,-9.0,54.0,-888.0
Aether,T1 Esports Academy Rookies,LAS,Support,LAS Champ 2 · saison régulière,29,0.793,7.16,66.0,-2.0,54.0,64.0
Solbon,T1 Esports Academy Rookies,LAS,Mid,LAS Champ 2 · saison régulière,20,0.75,4.53,-71.0,-7.0,54.0,-78.0
Jinbeom,T1 Esports Academy Rookies,LAS,ADC,LAS Champ 2 · saison régulière,29,0.793,4.89,-83.0,-2.0,54.0,-85.0
Weather,T1 Esports Academy Rookies,LAS,Top,LAS Champ 2 · saison régulière,11,0.818,2.14,-96.0,6.0,55.0,-90.0
Carim,T1 Esports Academy Rookies,LAS,Jungle,LAS Champ 2 · saison régulière,22,0.773,7.63,-109.0,-7.0,54.0,-116.0
Kitten,Dplus Kia Academy,LAS,Support,LAS Champ 2 · saison régulière,28,0.786,4.18,-136.0,2.0,54.0,-134.0
Midir,T1 Esports Academy Rookies,LAS,Top,LAS Champ 2 · saison régulière,18,0.778,3.67,-164.0,-8.0,55.0,-172.0
Nevid,Dplus Kia Academy,LAS,Top,LAS Champ 2 · saison régulière,28,0.786,2.55,-195.0,2.0,54.0,-193.0
Listo,Dplus Kia Academy,LAS,Jungle,LAS Champ 2 · saison régulière,28,0.786,5.36,-196.0,2.0,54.0,-194.0
Xdp,Dplus Kia Academy,LAS,ADC,LAS Champ 2 · saison régulière,26,0.769,3.07,-203.0,0.0,54.0,-203.0
Junu,DN SOOPers Academy,LAS,Top,LAS Champ 2 · saison régulière,31,0.581,3.45,-222.0,3.0,54.0,-219.0
Despair,Dplus Kia Academy,LAS,Mid,LAS Champ 2 · saison régulière,28,0.786,3.87,-247.0,2.0,54.0,-245.0
IDEA,HANJIN BRION Academy,LAS,Jungle,LAS Champ 2 · saison régulière,30,0.567,3.55,-248.0,3.0,54.0,-245.0
Felix,HANJIN BRION Academy,LAS,Support,LAS Champ 2 · saison régulière,30,0.567,4.3,-257.0,3.0,54.0,-254.0
Savvy,KT Rolster Academy,LAS,ADC,LAS Champ 2 · saison régulière,29,0.621,4.23,-257.0,3.0,54.0,-254.0
GGomZi,Hanwha Life Esports Academy,LAS,ADC,LAS Champ 2 · saison régulière,28,0.536,2.78,-257.0,-4.0,54.0,-261.0
Buddy,Hanwha Life Esports Academy,LAS,Mid,LAS Champ 2 · saison régulière,28,0.536,3.85,-286.0,-4.0,54.0,-290.0
Hinata,DN SOOPers Academy,LAS,Mid,LAS Champ 2 · saison régulière,31,0.581,3.88,-307.0,3.0,54.0,-304.0
SMITE,KT Rolster Academy,LAS,Jungle,LAS Champ 2 · saison régulière,29,0.621,4.05,-312.0,3.0,54.0,-309.0
Hailstone,Hanwha Life Esports Academy,LAS,Support,LAS Champ 2 · saison régulière,28,0.536,3.19,-308.0,-4.0,54.0,-312.0
Revenge,DN SOOPers Challengers,LAS,ADC,LAS Champ 2 · saison régulière,9,0.667,3.18,-334.0,4.0,55.0,-330.0
Flint,Hanwha Life Esports Academy,LAS,Jungle,LAS Champ 2 · saison régulière,28,0.536,3.32,-326.0,-4.0,54.0,-330.0
Hyun,Nongshim RedForce Academy,LAS,Top,LAS Champ 2 · saison régulière,17,0.471,2.62,-337.0,2.0,55.0,-335.0
Rapport,Nongshim RedForce Academy,LAS,Support,LAS Champ 2 · saison régulière,7,0.571,3.43,-351.0,3.0,55.0,-348.0
Achael,Hanwha Life Esports Academy,LAS,Top,LAS Champ 2 · saison régulière,28,0.536,2.32,-354.0,-4.0,54.0,-358.0
AKIRA,DN SOOPers Academy,LAS,Support,LAS Champ 2 · saison régulière,31,0.581,4.4,-364.0,3.0,54.0,-361.0
Eggbap,Nongshim RedForce Academy,LAS,Mid,LAS Champ 2 · saison régulière,26,0.462,3.0,-376.0,2.0,54.0,-374.0
Zealot,KT Rolster Academy,LAS,Top,LAS Champ 2 · saison régulière,29,0.621,3.63,-398.0,3.0,54.0,-395.0
Levy,DN SOOPers Academy,LAS,ADC,LAS Champ 2 · saison régulière,22,0.546,2.96,-397.0,-1.0,54.0,-398.0
Jesus,HANJIN BRION Academy,LAS,Mid,LAS Champ 2 · saison régulière,30,0.567,4.04,-404.0,3.0,54.0,-401.0
Loid,KT Rolster Academy,LAS,Mid,LAS Champ 2 · saison régulière,29,0.621,3.74,-406.0,3.0,54.0,-403.0
FLOW,KT Rolster Academy,LAS,Support,LAS Champ 2 · saison régulière,29,0.621,4.45,-408.0,3.0,54.0,-405.0
Hayes,Kiwoom DRX Academy,LAS,Support,LAS Champ 2 · saison régulière,3,0.0,2.0,-405.0,-3.0,55.0,-408.0
Ark,Nongshim RedForce Academy,LAS,Jungle,LAS Champ 2 · saison régulière,18,0.556,3.06,-420.0,9.0,55.0,-411.0
Yuny,Gen.G Scholars,LAS,Mid,LAS Champ 2 · saison régulière,27,0.259,2.22,-416.0,-2.0,54.0,-418.0
Soft,DN SOOPers Academy,LAS,Jungle,LAS Champ 2 · saison régulière,31,0.581,3.89,-437.0,3.0,54.0,-434.0
Bean,Gen.G Scholars,LAS,Top,LAS Champ 2 · saison régulière,27,0.259,2.01,-452.0,-2.0,54.0,-454.0
Crow,T1 Esports Academy Rookies,LAS,Mid,LAS Champ 2 · saison régulière,9,0.889,6.65,-515.0,5.0,55.0,-510.0
Hound,Nongshim RedForce Academy,LAS,ADC,LAS Champ 2 · saison régulière,26,0.462,1.92,-525.0,2.0,54.0,-523.0
Wooper,HANJIN BRION Academy,LAS,ADC,LAS Champ 2 · saison régulière,30,0.567,4.64,-594.0,3.0,54.0,-591.0
Calcifer,Gen.G Scholars,LAS,Jungle,LAS Champ 2 · saison régulière,27,0.259,2.02,-612.0,-2.0,54.0,-614.0
Ezekiel,Kiwoom DRX Academy,LAS,ADC,LAS Champ 2 · saison régulière,17,0.176,1.71,-622.0,1.0,55.0,-621.0
nonnein,HANJIN BRION Academy,LAS,Top,LAS Champ 2 · saison régulière,30,0.567,2.5,-655.0,3.0,54.0,-652.0
Namsi,Nongshim RedForce Academy,LAS,Support,LAS Champ 2 · saison régulière,19,0.421,2.47,-653.0,-0.0,55.0,-653.0
Mirae,Gen.G Scholars,LAS,Support,LAS Champ 2 · saison régulière,27,0.259,1.76,-659.0,-2.0,54.0,-661.0
EPG specter,Eunpyeong Meditech High School,LAS,Jungle,LAS Champ 2 · saison régulière,25,0.16,2.6,-677.0,-3.0,54.0,-680.0
Precede,Gen.G Scholars,LAS,ADC,LAS Champ 2 · saison régulière,27,0.259,1.7,-679.0,-2.0,54.0,-681.0
EPG pageone,Eunpyeong Meditech High School,LAS,Top,LAS Champ 2 · saison régulière,18,0.222,1.19,-701.0,0.0,55.0,-701.0
Nerion,Kiwoom DRX Academy,LAS,Jungle,LAS Champ 2 · saison régulière,27,0.148,1.75,-706.0,-3.0,54.0,-709.0
Berr,Kiwoom DRX Academy,LAS,Support,LAS Champ 2 · saison régulière,27,0.148,2.16,-724.0,-3.0,54.0,-727.0
MINO,Kiwoom DRX Academy,LAS,Mid,LAS Champ 2 · saison régulière,27,0.148,2.22,-729.0,-3.0,54.0,-732.0
EPG Mikael,Eunpyeong Meditech High School,LAS,Support,LAS Champ 2 · saison régulière,25,0.16,1.85,-734.0,-3.0,54.0,-737.0
EPG DREN,Eunpyeong Meditech High School,LAS,Mid,LAS Champ 2 · saison régulière,25,0.16,1.2,-799.0,-3.0,54.0,-802.0
Jellly,Kiwoom DRX Academy,LAS,Top,LAS Champ 2 · saison régulière,22,0.091,1.29,-800.0,-4.0,54.0,-804.0
Regret9,Eunpyeong Meditech High School,LAS,ADC,LAS Champ 2 · saison régulière,25,0.16,1.36,-805.0,-3.0,54.0,-808.0
Chovy,Gen.G,LCK,Mid,LCK Cup · saison régulière,22,0.909,7.08,1026.0,16.0,54.0,1042.0
Kiin,Gen.G,LCK,Top,LCK Cup · saison régulière,22,0.909,7.03,1018.0,16.0,54.0,1034.0
Ruler,Gen.G,LCK,ADC,LCK Cup · saison régulière,22,0.909,6.29,974.0,16.0,54.0,990.0
Duro,Gen.G,LCK,Support,LCK Cup · saison régulière,22,0.909,6.15,961.0,16.0,54.0,977.0
Canyon,Gen.G,LCK,Jungle,LCK Cup · saison régulière,22,0.909,6.87,958.0,16.0,54.0,974.0
Keria,T1,LCK,Support,LCK Cup · saison régulière,23,0.609,5.05,923.0,2.0,54.0,925.0
Zeka,Hanwha Life Esports,LCK,Mid,LCK Cup · saison régulière,14,0.357,3.1,938.0,-15.0,55.0,923.0
Zeus,Hanwha Life Esports,LCK,Top,LCK Cup · saison régulière,14,0.357,2.19,927.0,-15.0,55.0,912.0
Peyz,T1,LCK,ADC,LCK Cup · saison régulière,23,0.609,4.16,906.0,2.0,54.0,908.0
Gumayusi,Hanwha Life Esports,LCK,ADC,LCK Cup · saison régulière,14,0.357,3.09,912.0,-15.0,55.0,897.0
Doran,T1,LCK,Top,LCK Cup · saison régulière,23,0.609,3.12,886.0,2.0,54.0,888.0
Faker,T1,LCK,Mid,LCK Cup · saison régulière,23,0.609,3.33,861.0,2.0,54.0,863.0
Lucid,Dplus Kia,LCK,Jungle,LCK Cup · saison régulière,35,0.514,2.89,876.0,-16.0,54.0,860.0
Kanavi,Hanwha Life Esports,LCK,Jungle,LCK Cup · saison régulière,14,0.357,2.44,875.0,-15.0,55.0,860.0
Oner,T1,LCK,Jungle,LCK Cup · saison régulière,23,0.609,4.13,842.0,2.0,54.0,844.0
Delight,Hanwha Life Esports,LCK,Support,LCK Cup · saison régulière,14,0.357,3.04,857.0,-15.0,55.0,842.0
Smash,Dplus Kia,LCK,ADC,LCK Cup · saison régulière,35,0.514,4.2,845.0,-16.0,54.0,829.0
Peter,DN SOOPers,LCK,Support,LCK Cup · saison régulière,26,0.5,2.91,800.0,11.0,54.0,811.0
ShowMaker,Dplus Kia,LCK,Mid,LCK Cup · saison régulière,35,0.514,3.28,820.0,-16.0,54.0,804.0
Career,Dplus Kia,LCK,Support,LCK Cup · saison régulière,35,0.514,3.24,812.0,-16.0,54.0,796.0
Diable,Nongshim RedForce,LCK,ADC,LCK Cup · saison régulière,33,0.546,3.5,767.0,13.0,54.0,780.0
Aiming,Kiwoom DRX,LCK,ADC,LCK Cup · saison régulière,17,0.353,3.24,754.0,-4.0,55.0,750.0
Siwoo,Dplus Kia,LCK,Top,LCK Cup · saison régulière,35,0.514,2.2,763.0,-16.0,54.0,747.0
Lehends,Nongshim RedForce,LCK,Support,LCK Cup · saison régulière,21,0.381,2.88,743.0,-4.0,54.0,739.0
Kellin,BNK FEARX,LCK,Support,LCK Cup · saison régulière,33,0.546,4.19,720.0,13.0,54.0,733.0
Bdd,KT Rolster,LCK,Mid,LCK Cup · saison régulière,17,0.353,3.36,735.0,-4.0,55.0,731.0
VicLa,BNK FEARX,LCK,Mid,LCK Cup · saison régulière,33,0.546,3.39,707.0,13.0,54.0,720.0
Roamer,HANJIN BRION,LCK,Mid,LCK Cup · saison régulière,19,0.316,2.74,728.0,-10.0,55.0,718.0
PerfecT,KT Rolster,LCK,Top,LCK Cup · saison régulière,17,0.353,2.48,720.0,-4.0,55.0,716.0
Rich,Kiwoom DRX Challengers,LCKC,Top,LCK Cup · saison régulière,33,0.454,3.02,705.0,7.0,54.0,712.0
Cuzz,KT Rolster,LCK,Jungle,LCK Cup · saison régulière,17,0.353,2.6,715.0,-4.0,55.0,711.0
Taeyoon,BNK FEARX,LCK,ADC,LCK Cup · saison régulière,21,0.381,2.31,695.0,-4.0,54.0,691.0
Clear,BNK FEARX,LCK,Top,LCK Cup · saison régulière,33,0.546,2.49,671.0,13.0,54.0,684.0
Raptor,BNK FEARX,LCK,Jungle,LCK Cup · saison régulière,33,0.546,3.55,664.0,13.0,54.0,677.0
Casting,HANJIN BRION,LCK,Top,LCK Cup · saison régulière,19,0.316,2.58,679.0,-10.0,55.0,669.0
GIDEON,HANJIN BRION,LCK,Jungle,LCK Cup · saison régulière,19,0.316,2.51,668.0,-10.0,55.0,658.0
Scout,Nongshim RedForce,LCK,Mid,LCK Cup · saison régulière,21,0.381,3.52,662.0,-4.0,54.0,658.0
Willer,Kiwoom DRX,LCK,Jungle,LCK Cup · saison régulière,33,0.454,3.07,638.0,7.0,54.0,645.0
Andil,Kiwoom DRX,LCK,Support,LCK Cup · saison régulière,33,0.454,2.81,634.0,7.0,54.0,641.0
Ucal,Kiwoom DRX,LCK,Mid,LCK Cup · saison régulière,33,0.454,3.24,634.0,7.0,54.0,641.0
deokdam,DN SOOPers,LCK,ADC,LCK Cup · saison régulière,33,0.454,2.96,629.0,11.0,54.0,640.0
DuDu,DN SOOPers,LCK,Top,LCK Cup · saison régulière,33,0.454,3.26,619.0,11.0,54.0,630.0
Teddy,HANJIN BRION,LCK,ADC,LCK Cup · saison régulière,19,0.316,2.79,637.0,-10.0,55.0,627.0
Namgung,HANJIN BRION,LCK,Support,LCK Cup · saison régulière,19,0.316,2.54,624.0,-10.0,55.0,614.0
Sponge,Nongshim RedForce,LCK,Jungle,LCK Cup · saison régulière,21,0.381,2.72,609.0,-4.0,54.0,605.0
Kingen,Nongshim RedForce,LCK,Top,LCK Cup · saison régulière,21,0.381,2.45,607.0,-4.0,54.0,603.0
Clozer,DN SOOPers,LCK,Mid,LCK Cup · saison régulière,33,0.454,3.36,559.0,11.0,54.0,570.0
Jiwoo,KT Rolster,LCK,ADC,LCK Cup · saison régulière,33,0.454,3.37,515.0,7.0,54.0,522.0
Pollu,KT Rolster Challengers,LCKC,Support,LCK Cup · saison régulière,6,0.333,1.3,471.0,-4.0,55.0,467.0
Pyosik,DN SOOPers,LCK,Jungle,LCK Cup · saison régulière,33,0.454,4.07,384.0,11.0,54.0,395.0
Life,DN SOOPers,LCK,Support,LCK Cup · saison régulière,7,0.286,1.65,373.0,-0.0,55.0,373.0
Ghost,KT Rolster Challengers,LCKC,Support,LCK Cup · saison régulière,11,0.364,2.67,221.0,-0.0,55.0,221.0
Chovy,Gen.G,LCK,Mid,LCK Rounds 1-2 · playoffs,8,0.625,4.89,1026.0,-0.0,55.0,1026.0
Kiin,Gen.G,LCK,Top,LCK Rounds 1-2 · playoffs,8,0.625,3.18,1018.0,-0.0,55.0,1018.0
Ruler,Gen.G,LCK,ADC,LCK Rounds 1-2 · playoffs,8,0.625,4.84,974.0,-0.0,55.0,974.0
Duro,Gen.G,LCK,Support,LCK Rounds 1-2 · playoffs,8,0.625,3.4,961.0,-0.0,55.0,961.0
Canyon,Gen.G,LCK,Jungle,LCK Rounds 1-2 · playoffs,8,0.625,4.18,958.0,-0.0,55.0,958.0
Zeka,Hanwha Life Esports,LCK,Mid,LCK Rounds 1-2 · playoffs,4,0.75,5.88,938.0,2.0,55.0,940.0
Zeus,Hanwha Life Esports,LCK,Top,LCK Rounds 1-2 · playoffs,4,0.75,2.85,927.0,2.0,55.0,929.0
Keria,T1,LCK,Support,LCK Rounds 1-2 · playoffs,9,0.444,2.75,923.0,-1.0,55.0,922.0
Gumayusi,Hanwha Life Esports,LCK,ADC,LCK Rounds 1-2 · playoffs,4,0.75,4.56,912.0,2.0,55.0,914.0
Peyz,T1,LCK,ADC,LCK Rounds 1-2 · playoffs,9,0.444,4.5,906.0,-1.0,55.0,905.0
Doran,T1,LCK,Top,LCK Rounds 1-2 · playoffs,9,0.444,2.58,886.0,-1.0,55.0,885.0
Lucid,Dplus Kia,LCK,Jungle,LCK Rounds 1-2 · playoffs,8,0.625,4.84,876.0,4.0,55.0,880.0
Kanavi,Hanwha Life Esports,LCK,Jungle,LCK Rounds 1-2 · playoffs,4,0.75,4.25,875.0,2.0,55.0,877.0
Faker,T1,LCK,Mid,LCK Rounds 1-2 · playoffs,9,0.444,2.42,861.0,-1.0,55.0,860.0
Delight,Hanwha Life Esports,LCK,Support,LCK Rounds 1-2 · playoffs,4,0.75,5.5,857.0,2.0,55.0,859.0
Smash,Dplus Kia,LCK,ADC,LCK Rounds 1-2 · playoffs,8,0.625,6.83,845.0,4.0,55.0,849.0
Oner,T1,LCK,Jungle,LCK Rounds 1-2 · playoffs,9,0.444,3.23,842.0,-1.0,55.0,841.0
ShowMaker,Dplus Kia,LCK,Mid,LCK Rounds 1-2 · playoffs,8,0.625,4.0,820.0,4.0,55.0,824.0
Career,Dplus Kia,LCK,Support,LCK Rounds 1-2 · playoffs,8,0.625,5.18,812.0,4.0,55.0,816.0
Siwoo,Dplus Kia,LCK,Top,LCK Rounds 1-2 · playoffs,8,0.625,2.11,763.0,4.0,55.0,767.0
Aiming,Kiwoom DRX,LCK,ADC,LCK Rounds 1-2 · playoffs,8,0.375,4.59,754.0,-2.0,55.0,752.0
Bdd,KT Rolster,LCK,Mid,LCK Rounds 1-2 · playoffs,8,0.375,4.24,735.0,-2.0,55.0,733.0
Effort,KT Rolster,LCK,Support,LCK Rounds 1-2 · playoffs,8,0.375,1.73,734.0,-2.0,55.0,732.0
Roamer,HANJIN BRION,LCK,Mid,LCK Rounds 1-2 · playoffs,2,0.0,1.67,728.0,-2.0,55.0,726.0
PerfecT,KT Rolster,LCK,Top,LCK Rounds 1-2 · playoffs,8,0.375,2.39,720.0,-2.0,55.0,718.0
Cuzz,KT Rolster,LCK,Jungle,LCK Rounds 1-2 · playoffs,8,0.375,2.55,715.0,-2.0,55.0,713.0
Casting,HANJIN BRION,LCK,Top,LCK Rounds 1-2 · playoffs,3,0.0,1.22,679.0,-3.0,55.0,676.0
GIDEON,HANJIN BRION,LCK,Jungle,LCK Rounds 1-2 · playoffs,3,0.0,1.78,668.0,-3.0,55.0,665.0
Teddy,HANJIN BRION,LCK,ADC,LCK Rounds 1-2 · playoffs,3,0.0,1.4,637.0,-3.0,55.0,634.0
Namgung,HANJIN BRION,LCK,Support,LCK Rounds 1-2 · playoffs,3,0.0,3.17,624.0,-3.0,55.0,621.0
Loki,Cloud9,LCS,Mid,LCK Rounds 1-2 · playoffs,1,0.0,0.5,532.0,-2.0,55.0,530.0
Chovy,Gen.G,LCK,Mid,LCK Rounds 1-2 · saison régulière,41,0.732,6.21,1026.0,-1.0,54.0,1025.0
Kiin,Gen.G,LCK,Top,LCK Rounds 1-2 · saison régulière,41,0.732,4.14,1018.0,-1.0,54.0,1017.0
Ruler,Gen.G,LCK,ADC,LCK Rounds 1-2 · saison régulière,41,0.732,5.62,974.0,-1.0,54.0,973.0
Duro,Gen.G,LCK,Support,LCK Rounds 1-2 · saison régulière,41,0.732,6.52,961.0,-1.0,54.0,960.0
Canyon,Gen.G,LCK,Jungle,LCK Rounds 1-2 · saison régulière,41,0.732,4.82,958.0,-1.0,54.0,957.0
Zeka,Hanwha Life Esports,LCK,Mid,LCK Rounds 1-2 · saison régulière,43,0.744,6.1,938.0,9.0,54.0,947.0
Zeus,Hanwha Life Esports,LCK,Top,LCK Rounds 1-2 · saison régulière,43,0.744,3.81,927.0,9.0,54.0,936.0
Keria,T1,LCK,Support,LCK Rounds 1-2 · saison régulière,40,0.75,4.94,923.0,4.0,54.0,927.0
Gumayusi,Hanwha Life Esports,LCK,ADC,LCK Rounds 1-2 · saison régulière,43,0.744,4.37,912.0,9.0,54.0,921.0
Peyz,T1,LCK,ADC,LCK Rounds 1-2 · saison régulière,40,0.75,5.14,906.0,4.0,54.0,910.0
Doran,T1,LCK,Top,LCK Rounds 1-2 · saison régulière,40,0.75,2.75,886.0,4.0,54.0,890.0
Kanavi,Hanwha Life Esports,LCK,Jungle,LCK Rounds 1-2 · saison régulière,43,0.744,3.48,875.0,9.0,54.0,884.0
Lucid,Dplus Kia,LCK,Jungle,LCK Rounds 1-2 · saison régulière,39,0.564,3.48,876.0,-2.0,54.0,874.0
Faker,T1,LCK,Mid,LCK Rounds 1-2 · saison régulière,40,0.75,3.36,861.0,4.0,54.0,865.0
Delight,Hanwha Life Esports,LCK,Support,LCK Rounds 1-2 · saison régulière,40,0.75,4.94,857.0,7.0,54.0,864.0
Oner,T1,LCK,Jungle,LCK Rounds 1-2 · saison régulière,40,0.75,4.13,842.0,4.0,54.0,846.0
Smash,Dplus Kia,LCK,ADC,LCK Rounds 1-2 · saison régulière,42,0.571,3.92,845.0,-2.0,54.0,843.0
ShowMaker,Dplus Kia,LCK,Mid,LCK Rounds 1-2 · saison régulière,42,0.571,3.42,820.0,-2.0,54.0,818.0
Career,Dplus Kia,LCK,Support,LCK Rounds 1-2 · saison régulière,42,0.571,5.6,812.0,-2.0,54.0,810.0
Peter,DN SOOPers,LCK,Support,LCK Rounds 1-2 · saison régulière,18,0.167,2.35,800.0,-12.0,55.0,788.0
Aiming,Kiwoom DRX,LCK,ADC,LCK Rounds 1-2 · saison régulière,38,0.632,5.35,754.0,15.0,54.0,769.0
Siwoo,Dplus Kia,LCK,Top,LCK Rounds 1-2 · saison régulière,42,0.571,2.01,763.0,-2.0,54.0,761.0
Bdd,KT Rolster,LCK,Mid,LCK Rounds 1-2 · saison régulière,41,0.634,4.35,735.0,15.0,54.0,750.0
Effort,KT Rolster,LCK,Support,LCK Rounds 1-2 · saison régulière,41,0.634,4.46,734.0,15.0,54.0,749.0
Diable,Nongshim RedForce,LCK,ADC,LCK Rounds 1-2 · saison régulière,38,0.237,2.37,767.0,-18.0,54.0,749.0
Lehends,Nongshim RedForce,LCK,Support,LCK Rounds 1-2 · saison régulière,34,0.382,2.52,743.0,2.0,54.0,745.0
Roamer,HANJIN BRION,LCK,Mid,LCK Rounds 1-2 · saison régulière,24,0.5,3.34,728.0,14.0,54.0,742.0
Sharvel,DN SOOPers,LCK,Jungle,LCK Rounds 1-2 · saison régulière,3,0.667,4.5,737.0,-0.0,55.0,737.0
PerfecT,KT Rolster,LCK,Top,LCK Rounds 1-2 · saison régulière,41,0.634,3.05,720.0,15.0,54.0,735.0
Cuzz,KT Rolster,LCK,Jungle,LCK Rounds 1-2 · saison régulière,41,0.634,3.5,715.0,15.0,54.0,730.0
Kellin,BNK FEARX,LCK,Support,LCK Rounds 1-2 · saison régulière,39,0.359,3.67,720.0,-10.0,54.0,710.0
Rich,Kiwoom DRX Challengers,LCKC,Top,LCK Rounds 1-2 · saison régulière,44,0.364,2.23,705.0,2.0,54.0,707.0
Taeyoon,BNK FEARX,LCK,ADC,LCK Rounds 1-2 · saison régulière,40,0.45,3.22,695.0,6.0,54.0,701.0
VicLa,BNK FEARX,LCK,Mid,LCK Rounds 1-2 · saison régulière,29,0.345,2.25,707.0,-8.0,54.0,699.0
Casting,HANJIN BRION,LCK,Top,LCK Rounds 1-2 · saison régulière,40,0.4,2.78,679.0,10.0,54.0,689.0
GIDEON,HANJIN BRION,LCK,Jungle,LCK Rounds 1-2 · saison régulière,40,0.4,3.8,668.0,10.0,54.0,678.0
Daystar,BNK FEARX,LCK,Mid,LCK Rounds 1-2 · saison régulière,10,0.4,2.97,674.0,-2.0,55.0,672.0
Clear,BNK FEARX,LCK,Top,LCK Rounds 1-2 · saison régulière,39,0.359,2.13,671.0,-10.0,54.0,661.0
Scout,Nongshim RedForce,LCK,Mid,LCK Rounds 1-2 · saison régulière,41,0.317,2.84,662.0,-4.0,54.0,658.0
Raptor,BNK FEARX,LCK,Jungle,LCK Rounds 1-2 · saison régulière,39,0.359,2.54,664.0,-10.0,54.0,654.0
Teddy,HANJIN BRION,LCK,ADC,LCK Rounds 1-2 · saison régulière,40,0.4,3.7,637.0,10.0,54.0,647.0
Willer,Kiwoom DRX,LCK,Jungle,LCK Rounds 1-2 · saison régulière,44,0.364,3.05,638.0,2.0,54.0,640.0
Andil,Kiwoom DRX,LCK,Support,LCK Rounds 1-2 · saison régulière,44,0.364,2.32,634.0,2.0,54.0,636.0
Ucal,Kiwoom DRX,LCK,Mid,LCK Rounds 1-2 · saison régulière,44,0.364,3.79,634.0,2.0,54.0,636.0
Namgung,HANJIN BRION,LCK,Support,LCK Rounds 1-2 · saison régulière,40,0.4,2.8,624.0,10.0,54.0,634.0
deokdam,DN SOOPers,LCK,ADC,LCK Rounds 1-2 · saison régulière,33,0.091,1.78,629.0,-20.0,54.0,609.0
Sponge,Nongshim RedForce,LCK,Jungle,LCK Rounds 1-2 · saison régulière,41,0.317,2.47,609.0,-4.0,54.0,605.0
Kingen,Nongshim RedForce,LCK,Top,LCK Rounds 1-2 · saison régulière,41,0.317,2.16,607.0,-4.0,54.0,603.0
DuDu,DN SOOPers,LCK,Top,LCK Rounds 1-2 · saison régulière,37,0.081,1.39,619.0,-24.0,54.0,595.0
LazyFeel,Kiwoom DRX Challengers,LCKC,ADC,LCK Rounds 1-2 · saison régulière,39,0.385,2.56,560.0,5.0,54.0,565.0
Clozer,DN SOOPers,LCK,Mid,LCK Rounds 1-2 · saison régulière,37,0.081,1.83,559.0,-24.0,54.0,535.0
Loki,Cloud9,LCS,Mid,LCK Rounds 1-2 · saison régulière,16,0.25,2.67,532.0,-3.0,55.0,529.0
Jiwoo,KT Rolster,LCK,ADC,LCK Rounds 1-2 · saison régulière,5,0.2,1.44,515.0,-3.0,55.0,512.0
FenRir,KT Rolster Challengers,LCKC,ADC,LCK Rounds 1-2 · saison régulière,3,0.667,3.09,461.0,0.0,55.0,461.0
DDoiV,DN SOOPers Challengers,LCKC,Jungle,LCK Rounds 1-2 · saison régulière,2,0.0,0.67,395.0,-1.0,55.0,394.0
Bluffing,Hanwha Life Esports Challengers,LCKC,Support,LCK Rounds 1-2 · saison régulière,3,0.667,3.75,370.0,1.0,55.0,371.0
Life,DN SOOPers,LCK,Support,LCK Rounds 1-2 · saison régulière,11,0.0,0.88,373.0,-6.0,55.0,367.0
Pyosik,DN SOOPers,LCK,Jungle,LCK Rounds 1-2 · saison régulière,35,0.086,1.69,384.0,-23.0,54.0,361.0
Pleata,Nongshim Esports Academy,LCKC,Support,LCK Rounds 1-2 · saison régulière,7,0.0,3.6,346.0,-6.0,55.0,340.0
Quantum,DN SOOPers Challengers,LCKC,Support,LCK Rounds 1-2 · saison régulière,8,0.0,1.35,295.0,-6.0,55.0,289.0
Enosh,DN SOOPers Challengers,LCKC,ADC,LCK Rounds 1-2 · saison régulière,4,0.0,0.86,233.0,-4.0,55.0,229.0
Slayer,BNK FEARX Youth,LCKC,ADC,LCK Rounds 1-2 · saison régulière,2,0.0,0.89,184.0,-2.0,55.0,182.0
Chovy,Gen.G,LCK,Mid,LCK Rounds 3-4 · playoffs,11,0.818,7.28,1026.0,8.0,55.0,1034.0
Kiin,Gen.G,LCK,Top,LCK Rounds 3-4 · playoffs,11,0.818,5.08,1018.0,8.0,55.0,1026.0
Ruler,Gen.G,LCK,ADC,LCK Rounds 3-4 · playoffs,11,0.818,5.96,974.0,8.0,55.0,982.0
Duro,Gen.G,LCK,Support,LCK Rounds 3-4 · playoffs,11,0.818,5.74,961.0,8.0,55.0,969.0
Canyon,Gen.G,LCK,Jungle,LCK Rounds 3-4 · playoffs,11,0.818,5.64,958.0,8.0,55.0,966.0
Zeka,Hanwha Life Esports,LCK,Mid,LCK Rounds 3-4 · playoffs,17,0.471,5.03,938.0,0.0,55.0,938.0
Zeus,Hanwha Life Esports,LCK,Top,LCK Rounds 3-4 · playoffs,17,0.471,3.0,927.0,0.0,55.0,927.0
Keria,T1,LCK,Support,LCK Rounds 3-4 · playoffs,18,0.5,5.3,923.0,-6.0,55.0,917.0
Gumayusi,Hanwha Life Esports,LCK,ADC,LCK Rounds 3-4 · playoffs,17,0.471,2.88,912.0,0.0,55.0,912.0
Peyz,T1,LCK,ADC,LCK Rounds 3-4 · playoffs,18,0.5,3.61,906.0,-6.0,55.0,900.0
Doran,T1,LCK,Top,LCK Rounds 3-4 · playoffs,18,0.5,2.88,886.0,-6.0,55.0,880.0
Kanavi,Hanwha Life Esports,LCK,Jungle,LCK Rounds 3-4 · playoffs,17,0.471,2.25,875.0,0.0,55.0,875.0
Lucid,Dplus Kia,LCK,Jungle,LCK Rounds 3-4 · playoffs,16,0.438,2.94,876.0,-5.0,55.0,871.0
Delight,Hanwha Life Esports,LCK,Support,LCK Rounds 3-4 · playoffs,17,0.471,3.06,857.0,0.0,55.0,857.0
Faker,T1,LCK,Mid,LCK Rounds 3-4 · playoffs,18,0.5,3.02,861.0,-6.0,55.0,855.0
Smash,Dplus Kia,LCK,ADC,LCK Rounds 3-4 · playoffs,16,0.438,4.14,845.0,-5.0,55.0,840.0
Oner,T1,LCK,Jungle,LCK Rounds 3-4 · playoffs,18,0.5,2.98,842.0,-6.0,55.0,836.0
ShowMaker,Dplus Kia,LCK,Mid,LCK Rounds 3-4 · playoffs,16,0.438,3.98,820.0,-5.0,55.0,815.0
Career,Dplus Kia,LCK,Support,LCK Rounds 3-4 · playoffs,16,0.438,3.76,812.0,-5.0,55.0,807.0
Diable,Nongshim RedForce,LCK,ADC,LCK Rounds 3-4 · playoffs,4,0.25,2.85,767.0,-2.0,55.0,765.0
Siwoo,Dplus Kia,LCK,Top,LCK Rounds 3-4 · playoffs,16,0.438,1.91,763.0,-5.0,55.0,758.0
Lehends,Nongshim RedForce,LCK,Support,LCK Rounds 3-4 · playoffs,4,0.25,2.26,743.0,-2.0,55.0,741.0
Bdd,KT Rolster,LCK,Mid,LCK Rounds 3-4 · playoffs,15,0.467,3.75,735.0,-0.0,55.0,735.0
Effort,KT Rolster,LCK,Support,LCK Rounds 3-4 · playoffs,15,0.467,3.62,734.0,-0.0,55.0,734.0
Roamer,HANJIN BRION,LCK,Mid,LCK Rounds 3-4 · playoffs,10,0.4,2.96,728.0,-0.0,55.0,728.0
Kellin,BNK FEARX,LCK,Support,LCK Rounds 3-4 · playoffs,19,0.526,4.84,720.0,5.0,55.0,725.0
PerfecT,KT Rolster,LCK,Top,LCK Rounds 3-4 · playoffs,15,0.467,2.5,720.0,-0.0,55.0,720.0
Cuzz,KT Rolster,LCK,Jungle,LCK Rounds 3-4 · playoffs,15,0.467,3.47,715.0,-0.0,55.0,715.0
VicLa,BNK FEARX,LCK,Mid,LCK Rounds 3-4 · playoffs,19,0.526,3.16,707.0,5.0,55.0,712.0
Taeyoon,BNK FEARX,LCK,ADC,LCK Rounds 3-4 · playoffs,19,0.526,3.55,695.0,5.0,55.0,700.0
Casting,HANJIN BRION,LCK,Top,LCK Rounds 3-4 · playoffs,10,0.4,3.19,679.0,-0.0,55.0,679.0
Clear,BNK FEARX,LCK,Top,LCK Rounds 3-4 · playoffs,19,0.526,2.96,671.0,5.0,55.0,676.0
Raptor,BNK FEARX,LCK,Jungle,LCK Rounds 3-4 · playoffs,19,0.526,2.76,664.0,5.0,55.0,669.0
GIDEON,HANJIN BRION,LCK,Jungle,LCK Rounds 3-4 · playoffs,10,0.4,3.03,668.0,-0.0,55.0,668.0
Scout,Nongshim RedForce,LCK,Mid,LCK Rounds 3-4 · playoffs,4,0.25,3.21,662.0,-2.0,55.0,660.0
Teddy,HANJIN BRION,LCK,ADC,LCK Rounds 3-4 · playoffs,10,0.4,3.36,637.0,-0.0,55.0,637.0
Namgung,HANJIN BRION,LCK,Support,LCK Rounds 3-4 · playoffs,10,0.4,2.83,624.0,-0.0,55.0,624.0
Sponge,Nongshim RedForce,LCK,Jungle,LCK Rounds 3-4 · playoffs,4,0.25,3.2,609.0,-2.0,55.0,607.0
Kingen,Nongshim RedForce,LCK,Top,LCK Rounds 3-4 · playoffs,4,0.25,2.54,607.0,-2.0,55.0,605.0
Jiwoo,KT Rolster,LCK,ADC,LCK Rounds 3-4 · playoffs,15,0.467,3.22,515.0,-0.0,55.0,515.0
Chovy,Gen.G,LCK,Mid,LCK Rounds 3-4 · saison régulière,18,0.611,3.83,1026.0,-9.0,55.0,1017.0
Kiin,Gen.G,LCK,Top,LCK Rounds 3-4 · saison régulière,18,0.611,2.52,1018.0,-9.0,55.0,1009.0
Ruler,Gen.G,LCK,ADC,LCK Rounds 3-4 · saison régulière,18,0.611,4.49,974.0,-9.0,55.0,965.0
Duro,Gen.G,LCK,Support,LCK Rounds 3-4 · saison régulière,18,0.611,4.62,961.0,-9.0,55.0,952.0
Canyon,Gen.G,LCK,Jungle,LCK Rounds 3-4 · saison régulière,18,0.611,3.98,958.0,-9.0,55.0,949.0
Zeka,Hanwha Life Esports,LCK,Mid,LCK Rounds 3-4 · saison régulière,21,0.524,5.0,938.0,-2.0,54.0,936.0
Zeus,Hanwha Life Esports,LCK,Top,LCK Rounds 3-4 · saison régulière,21,0.524,2.73,927.0,-2.0,54.0,925.0
Keria,T1,LCK,Support,LCK Rounds 3-4 · saison régulière,19,0.421,4.33,923.0,-3.0,55.0,920.0
Gumayusi,Hanwha Life Esports,LCK,ADC,LCK Rounds 3-4 · saison régulière,21,0.524,3.61,912.0,-2.0,54.0,910.0
Peyz,T1,LCK,ADC,LCK Rounds 3-4 · saison régulière,19,0.421,4.64,906.0,-3.0,55.0,903.0
Lucid,Dplus Kia,LCK,Jungle,LCK Rounds 3-4 · saison régulière,19,0.579,3.38,876.0,12.0,55.0,888.0
Doran,T1,LCK,Top,LCK Rounds 3-4 · saison régulière,19,0.421,2.41,886.0,-3.0,55.0,883.0
Kanavi,Hanwha Life Esports,LCK,Jungle,LCK Rounds 3-4 · saison régulière,21,0.524,2.62,875.0,-2.0,54.0,873.0
Faker,T1,LCK,Mid,LCK Rounds 3-4 · saison régulière,19,0.421,2.66,861.0,-3.0,55.0,858.0
Smash,Dplus Kia,LCK,ADC,LCK Rounds 3-4 · saison régulière,19,0.579,4.91,845.0,12.0,55.0,857.0
Delight,Hanwha Life Esports,LCK,Support,LCK Rounds 3-4 · saison régulière,18,0.5,3.88,857.0,-3.0,55.0,854.0
Oner,T1,LCK,Jungle,LCK Rounds 3-4 · saison régulière,16,0.438,2.59,842.0,-4.0,55.0,838.0
ShowMaker,Dplus Kia,LCK,Mid,LCK Rounds 3-4 · saison régulière,19,0.579,3.71,820.0,12.0,55.0,832.0
Career,Dplus Kia,LCK,Support,LCK Rounds 3-4 · saison régulière,19,0.579,3.29,812.0,12.0,55.0,824.0
Peter,DN SOOPers,LCK,Support,LCK Rounds 3-4 · saison régulière,18,0.556,3.23,800.0,-2.0,55.0,798.0
Diable,Nongshim RedForce,LCK,ADC,LCK Rounds 3-4 · saison régulière,20,0.6,4.65,767.0,8.0,55.0,775.0
Siwoo,Dplus Kia,LCK,Top,LCK Rounds 3-4 · saison régulière,19,0.579,1.95,763.0,12.0,55.0,775.0
Aiming,Kiwoom DRX,LCK,ADC,LCK Rounds 3-4 · saison régulière,17,0.353,3.22,754.0,-2.0,55.0,752.0
Lehends,Nongshim RedForce,LCK,Support,LCK Rounds 3-4 · saison régulière,20,0.6,2.72,743.0,8.0,55.0,751.0
Bdd,KT Rolster,LCK,Mid,LCK Rounds 3-4 · saison régulière,21,0.381,3.42,735.0,3.0,54.0,738.0
Effort,KT Rolster,LCK,Support,LCK Rounds 3-4 · saison régulière,21,0.381,3.18,734.0,3.0,54.0,737.0
Sharvel,DN SOOPers,LCK,Jungle,LCK Rounds 3-4 · saison régulière,18,0.556,3.67,737.0,-2.0,55.0,735.0
Roamer,HANJIN BRION,LCK,Mid,LCK Rounds 3-4 · saison régulière,21,0.524,3.65,728.0,3.0,54.0,731.0
PerfecT,KT Rolster,LCK,Top,LCK Rounds 3-4 · saison régulière,21,0.381,2.54,720.0,3.0,54.0,723.0
Cuzz,KT Rolster,LCK,Jungle,LCK Rounds 3-4 · saison régulière,21,0.381,3.4,715.0,3.0,54.0,718.0
Kellin,BNK FEARX,LCK,Support,LCK Rounds 3-4 · saison régulière,20,0.5,4.7,720.0,-4.0,55.0,716.0
VicLa,BNK FEARX,LCK,Mid,LCK Rounds 3-4 · saison régulière,20,0.5,3.0,707.0,-4.0,55.0,703.0
Taeyoon,BNK FEARX,LCK,ADC,LCK Rounds 3-4 · saison régulière,20,0.5,3.69,695.0,-4.0,55.0,691.0
Casting,HANJIN BRION,LCK,Top,LCK Rounds 3-4 · saison régulière,21,0.524,3.35,679.0,3.0,54.0,682.0
GIDEON,HANJIN BRION,LCK,Jungle,LCK Rounds 3-4 · saison régulière,21,0.524,4.76,668.0,3.0,54.0,671.0
Scout,Nongshim RedForce,LCK,Mid,LCK Rounds 3-4 · saison régulière,20,0.6,4.9,662.0,8.0,55.0,670.0
Clear,BNK FEARX,LCK,Top,LCK Rounds 3-4 · saison régulière,20,0.5,3.0,671.0,-4.0,55.0,667.0
Raptor,BNK FEARX,LCK,Jungle,LCK Rounds 3-4 · saison régulière,20,0.5,3.73,664.0,-4.0,55.0,660.0
Teddy,HANJIN BRION,LCK,ADC,LCK Rounds 3-4 · saison régulière,21,0.524,4.5,637.0,3.0,54.0,640.0
Willer,Kiwoom DRX,LCK,Jungle,LCK Rounds 3-4 · saison régulière,19,0.316,2.03,638.0,-6.0,55.0,632.0
Andil,Kiwoom DRX,LCK,Support,LCK Rounds 3-4 · saison régulière,18,0.333,2.51,634.0,-4.0,55.0,630.0
Ucal,Kiwoom DRX,LCK,Mid,LCK Rounds 3-4 · saison régulière,19,0.316,3.77,634.0,-6.0,55.0,628.0
deokdam,DN SOOPers,LCK,ADC,LCK Rounds 3-4 · saison régulière,18,0.556,3.0,629.0,-2.0,55.0,627.0
Namgung,HANJIN BRION,LCK,Support,LCK Rounds 3-4 · saison régulière,21,0.524,3.08,624.0,3.0,54.0,627.0
Sponge,Nongshim RedForce,LCK,Jungle,LCK Rounds 3-4 · saison régulière,20,0.6,3.3,609.0,8.0,55.0,617.0
DuDu,DN SOOPers,LCK,Top,LCK Rounds 3-4 · saison régulière,18,0.556,2.28,619.0,-2.0,55.0,617.0
Kingen,Nongshim RedForce,LCK,Top,LCK Rounds 3-4 · saison régulière,20,0.6,2.72,607.0,8.0,55.0,615.0
Painter,T1 Esports Academy,LCKC,Jungle,LCK Rounds 3-4 · saison régulière,3,0.333,3.0,585.0,1.0,55.0,586.0
Clozer,DN SOOPers,LCK,Mid,LCK Rounds 3-4 · saison régulière,18,0.556,3.38,559.0,-2.0,55.0,557.0
LazyFeel,Kiwoom DRX Challengers,LCKC,ADC,LCK Rounds 3-4 · saison régulière,2,0.0,1.29,560.0,-3.0,55.0,557.0
Jiwoo,KT Rolster,LCK,ADC,LCK Rounds 3-4 · saison régulière,11,0.273,3.04,515.0,-1.0,55.0,514.0
FenRir,KT Rolster Challengers,LCKC,ADC,LCK Rounds 3-4 · saison régulière,10,0.5,2.82,461.0,3.0,55.0,464.0
Bluffing,Hanwha Life Esports Challengers,LCKC,Support,LCK Rounds 3-4 · saison régulière,3,0.667,5.33,370.0,1.0,55.0,371.0
Minous,Kiwoom DRX Challengers,LCKC,Support,LCK Rounds 3-4 · saison régulière,1,0.0,1.0,250.0,-2.0,55.0,248.0
Frog,Kiwoom DRX Challengers,LCKC,Top,LCK Rounds 3-4 · saison régulière,19,0.316,2.38,174.0,-6.0,55.0,168.0
Effort,KT Rolster,LCK,Support,LCKC Kickoff · saison régulière,25,0.6,4.52,734.0,-4.0,54.0,730.0
Sharvel,DN SOOPers,LCK,Jungle,LCKC Kickoff · saison régulière,15,0.4,2.96,737.0,-11.0,55.0,726.0
Painter,T1 Esports Academy,LCKC,Jungle,LCKC Kickoff · saison régulière,34,0.618,2.67,585.0,-4.0,54.0,581.0
LazyFeel,Kiwoom DRX Challengers,LCKC,ADC,LCKC Kickoff · saison régulière,35,0.486,3.3,560.0,-1.0,54.0,559.0
Cloud,T1 Esports Academy,LCKC,Support,LCKC Kickoff · saison régulière,34,0.618,4.45,562.0,-4.0,54.0,558.0
Guti,T1 Esports Academy,LCKC,Mid,LCKC Kickoff · saison régulière,34,0.618,3.29,511.0,-4.0,54.0,507.0
Haetae,T1 Esports Academy,LCKC,Top,LCKC Kickoff · saison régulière,34,0.618,2.25,492.0,-4.0,54.0,488.0
Lucy,Nongshim Esports Academy,LCKC,ADC,LCKC Kickoff · saison régulière,32,0.688,5.42,450.0,20.0,54.0,470.0
SeTab,Nongshim Esports Academy,LCKC,Mid,LCKC Kickoff · saison régulière,32,0.688,4.62,447.0,20.0,54.0,467.0
Janus,Nongshim Esports Academy,LCKC,Top,LCKC Kickoff · saison régulière,32,0.688,3.9,444.0,20.0,54.0,464.0
FenRir,KT Rolster Challengers,LCKC,ADC,LCKC Kickoff · saison régulière,25,0.6,3.73,461.0,-4.0,54.0,457.0
Jaehyuk,Dplus Kia Challengers,LCKC,Top,LCKC Kickoff · saison régulière,15,0.4,2.86,433.0,-11.0,55.0,422.0
MihawK,Nongshim Esports Academy,LCKC,Jungle,LCKC Kickoff · saison régulière,32,0.688,5.23,399.0,20.0,54.0,419.0
Garden,Dplus Kia Challengers,LCKC,Mid,LCKC Kickoff · saison régulière,15,0.4,2.55,415.0,-11.0,55.0,404.0
Wayne,Dplus Kia Challengers,LCKC,ADC,LCKC Kickoff · saison régulière,15,0.4,2.72,414.0,-11.0,55.0,403.0
DDoiV,DN SOOPers Challengers,LCKC,Jungle,LCKC Kickoff · saison régulière,22,0.591,3.88,395.0,7.0,54.0,402.0
Loopy,Dplus Kia Challengers,LCKC,Support,LCKC Kickoff · saison régulière,15,0.4,3.55,412.0,-11.0,55.0,401.0
Lancer,DN SOOPers Challengers,LCKC,Top,LCKC Kickoff · saison régulière,22,0.591,2.72,394.0,7.0,54.0,401.0
FIESTA,Team Vitality,LEC,Mid,LCKC Kickoff · saison régulière,16,0.375,2.66,401.0,-1.0,55.0,400.0
Flip,DN SOOPers Challengers,LCKC,Mid,LCKC Kickoff · saison régulière,22,0.591,2.8,380.0,7.0,54.0,387.0
Sylvie,KT Rolster Challengers,LCKC,Jungle,LCKC Kickoff · saison régulière,25,0.6,4.71,385.0,-4.0,54.0,381.0
Hwichan,KT Rolster Challengers,LCKC,Mid,LCKC Kickoff · saison régulière,25,0.6,3.71,385.0,-4.0,54.0,381.0
Bluffing,Hanwha Life Esports Challengers,LCKC,Support,LCKC Kickoff · saison régulière,26,0.385,3.12,370.0,2.0,54.0,372.0
Sero,KT Rolster Challengers,LCKC,Top,LCKC Kickoff · saison régulière,25,0.6,3.0,370.0,-4.0,54.0,366.0
Pleata,Nongshim Esports Academy,LCKC,Support,LCKC Kickoff · saison régulière,32,0.688,5.81,346.0,20.0,54.0,366.0
Luon,BNK FEARX Youth,LCKC,Support,LCKC Kickoff · saison régulière,16,0.375,3.25,336.0,-1.0,55.0,335.0
Kangin,BNK FEARX Youth,LCKC,Top,LCKC Kickoff · saison régulière,16,0.375,2.57,326.0,-1.0,55.0,325.0
AKaJe,Kiwoom DRX Challengers,LCKC,Mid,LCKC Kickoff · saison régulière,35,0.486,2.74,304.0,-1.0,54.0,303.0
Quantum,DN SOOPers Challengers,LCKC,Support,LCKC Kickoff · saison régulière,22,0.591,4.44,295.0,7.0,54.0,302.0
Winner,Kiwoom DRX Challengers,LCKC,Jungle,LCKC Kickoff · saison régulière,35,0.486,3.21,302.0,-1.0,54.0,301.0
Cypher,T1 Esports Academy,LCKC,ADC,LCKC Kickoff · saison régulière,34,0.618,3.37,288.0,-4.0,54.0,284.0
Pyeonsik,Hanwha Life Esports Challengers,LCKC,ADC,LCKC Kickoff · saison régulière,26,0.385,3.82,260.0,2.0,54.0,262.0
Jackal,Hanwha Life Esports Challengers,LCKC,Jungle,LCKC Kickoff · saison régulière,26,0.385,3.47,249.0,2.0,54.0,251.0
Minous,Kiwoom DRX Challengers,LCKC,Support,LCKC Kickoff · saison régulière,35,0.486,2.78,250.0,-1.0,54.0,249.0
Tempester,HANJIN BRION Challengers,LCKC,Mid,LCKC Kickoff · saison régulière,16,0.375,3.17,251.0,-2.0,55.0,249.0
Enosh,DN SOOPers Challengers,LCKC,ADC,LCKC Kickoff · saison régulière,22,0.591,4.54,233.0,7.0,54.0,240.0
OddEye,HANJIN BRION Challengers,LCKC,ADC,LCKC Kickoff · saison régulière,17,0.353,3.36,218.0,-2.0,55.0,216.0
Cracker,Hanwha Life Esports Challengers,LCKC,Mid,LCKC Kickoff · saison régulière,26,0.385,2.75,194.0,2.0,54.0,196.0
Zephyr,BNK FEARX Youth,LCKC,Jungle,LCKC Kickoff · saison régulière,16,0.375,2.04,188.0,-1.0,55.0,187.0
Dinai,HANJIN BRION Challengers,LCKC,Jungle,LCKC Kickoff · saison régulière,17,0.353,2.56,185.0,-2.0,55.0,183.0
Slayer,BNK FEARX Youth,LCKC,ADC,LCKC Kickoff · saison régulière,16,0.375,3.27,184.0,-1.0,55.0,183.0
PlanB,HANJIN BRION Challengers,LCKC,Support,LCKC Kickoff · saison régulière,17,0.353,2.4,178.0,-2.0,55.0,176.0
Frog,Kiwoom DRX Challengers,LCKC,Top,LCKC Kickoff · saison régulière,35,0.486,3.21,174.0,-1.0,54.0,173.0
Panther,Hanwha Life Esports Challengers,LCKC,Top,LCKC Kickoff · saison régulière,26,0.385,2.26,168.0,2.0,54.0,170.0
DDahyuk,HANJIN BRION Challengers,LCKC,Top,LCKC Kickoff · saison régulière,17,0.353,2.6,164.0,-2.0,55.0,162.0
Kemish,Gen.G Global Academy,LCKC,Mid,LCKC Kickoff · saison régulière,12,0.083,1.95,129.0,-5.0,55.0,124.0
Fisher,DetonatioN FocusMe,LCP,Mid,LCKC Kickoff · saison régulière,1,0.0,1.33,110.0,-1.0,55.0,109.0
Ripple,Gen.G Global Academy,LCKC,Top,LCKC Kickoff · saison régulière,12,0.083,1.24,100.0,-5.0,55.0,95.0
Courage,Gen.G Global Academy,LCKC,Jungle,LCKC Kickoff · saison régulière,12,0.083,1.9,73.0,-5.0,55.0,68.0
MUDAI,Gen.G Global Academy,LCKC,ADC,LCKC Kickoff · saison régulière,12,0.083,1.37,49.0,-5.0,55.0,44.0
Lumos,Gen.G Global Academy,LCKC,Support,LCKC Kickoff · saison régulière,12,0.083,1.42,-84.0,-5.0,55.0,-89.0
Lucid,Dplus Kia,LCK,Jungle,LCKC Rounds 1-2 · saison régulière,2,1.0,3.0,876.0,2.0,55.0,878.0
Peter,DN SOOPers,LCK,Support,LCKC Rounds 1-2 · saison régulière,20,0.6,4.02,800.0,1.0,55.0,801.0
Diable,Nongshim RedForce,LCK,ADC,LCKC Rounds 1-2 · saison régulière,2,1.0,4.44,767.0,4.0,55.0,771.0
Lehends,Nongshim RedForce,LCK,Support,LCKC Rounds 1-2 · saison régulière,6,0.667,3.4,743.0,-0.0,55.0,743.0
Sharvel,DN SOOPers,LCK,Jungle,LCKC Rounds 1-2 · saison régulière,41,0.634,4.48,737.0,-2.0,54.0,735.0
Painter,T1 Esports Academy,LCKC,Jungle,LCKC Rounds 1-2 · saison régulière,45,0.667,3.28,585.0,-2.0,54.0,583.0
LazyFeel,Kiwoom DRX Challengers,LCKC,ADC,LCKC Rounds 1-2 · saison régulière,6,0.5,5.38,560.0,4.0,55.0,564.0
Cloud,T1 Esports Academy,LCKC,Support,LCKC Rounds 1-2 · saison régulière,45,0.667,4.32,562.0,-2.0,54.0,560.0
Jiwoo,KT Rolster,LCK,ADC,LCKC Rounds 1-2 · saison régulière,38,0.553,2.94,515.0,-0.0,54.0,515.0
Guti,T1 Esports Academy,LCKC,Mid,LCKC Rounds 1-2 · saison régulière,45,0.667,3.6,511.0,-2.0,54.0,509.0
Haetae,T1 Esports Academy,LCKC,Top,LCKC Rounds 1-2 · saison régulière,43,0.651,2.96,492.0,-5.0,54.0,487.0
Pollu,KT Rolster Challengers,LCKC,Support,LCKC Rounds 1-2 · saison régulière,34,0.588,3.35,471.0,4.0,54.0,475.0
FenRir,KT Rolster Challengers,LCKC,ADC,LCKC Rounds 1-2 · saison régulière,45,0.6,2.64,461.0,2.0,54.0,463.0
Lucy,Nongshim Esports Academy,LCKC,ADC,LCKC Rounds 1-2 · saison régulière,45,0.556,4.22,450.0,-9.0,54.0,441.0
SeTab,Nongshim Esports Academy,LCKC,Mid,LCKC Rounds 1-2 · saison régulière,45,0.556,3.24,447.0,-9.0,54.0,438.0
Janus,Nongshim Esports Academy,LCKC,Top,LCKC Rounds 1-2 · saison régulière,45,0.556,3.21,444.0,-9.0,54.0,435.0
Jaehyuk,Dplus Kia Challengers,LCKC,Top,LCKC Rounds 1-2 · saison régulière,43,0.651,3.26,433.0,0.0,54.0,433.0
Garden,Dplus Kia Challengers,LCKC,Mid,LCKC Rounds 1-2 · saison régulière,43,0.651,4.06,415.0,0.0,54.0,415.0
Wayne,Dplus Kia Challengers,LCKC,ADC,LCKC Rounds 1-2 · saison régulière,43,0.651,6.29,414.0,0.0,54.0,414.0
Loopy,Dplus Kia Challengers,LCKC,Support,LCKC Rounds 1-2 · saison régulière,43,0.651,5.09,412.0,0.0,54.0,412.0
FIESTA,Team Vitality,LEC,Mid,LCKC Rounds 1-2 · saison régulière,48,0.438,2.36,401.0,-1.0,54.0,400.0
DDoiV,DN SOOPers Challengers,LCKC,Jungle,LCKC Rounds 1-2 · saison régulière,45,0.578,3.51,395.0,-1.0,54.0,394.0
Lancer,DN SOOPers Challengers,LCKC,Top,LCKC Rounds 1-2 · saison régulière,45,0.578,2.37,394.0,-1.0,54.0,393.0
MihawK,Nongshim Esports Academy,LCKC,Jungle,LCKC Rounds 1-2 · saison régulière,45,0.556,4.02,399.0,-9.0,54.0,390.0
Sylvie,KT Rolster Challengers,LCKC,Jungle,LCKC Rounds 1-2 · saison régulière,45,0.6,4.24,385.0,2.0,54.0,387.0
Hwichan,KT Rolster Challengers,LCKC,Mid,LCKC Rounds 1-2 · saison régulière,45,0.6,4.53,385.0,2.0,54.0,387.0
Flip,DN SOOPers Challengers,LCKC,Mid,LCKC Rounds 1-2 · saison régulière,45,0.578,3.44,380.0,-1.0,54.0,379.0
Bluffing,Hanwha Life Esports Challengers,LCKC,Support,LCKC Rounds 1-2 · saison régulière,40,0.425,3.99,370.0,5.0,54.0,375.0
Sero,KT Rolster Challengers,LCKC,Top,LCKC Rounds 1-2 · saison régulière,45,0.6,2.79,370.0,2.0,54.0,372.0
SIRIUSS,Gen.G Global Academy,LCKC,Support,LCKC Rounds 1-2 · saison régulière,13,0.231,2.42,356.0,5.0,55.0,361.0
Pleata,Nongshim Esports Academy,LCKC,Support,LCKC Rounds 1-2 · saison régulière,39,0.538,4.66,346.0,-8.0,54.0,338.0
Luon,BNK FEARX Youth,LCKC,Support,LCKC Rounds 1-2 · saison régulière,48,0.438,3.24,336.0,-1.0,54.0,335.0
Kangin,BNK FEARX Youth,LCKC,Top,LCKC Rounds 1-2 · saison régulière,48,0.438,2.27,326.0,-1.0,54.0,325.0
AKaJe,Kiwoom DRX Challengers,LCKC,Mid,LCKC Rounds 1-2 · saison régulière,44,0.546,3.27,304.0,4.0,54.0,308.0
Winner,Kiwoom DRX Challengers,LCKC,Jungle,LCKC Rounds 1-2 · saison régulière,44,0.546,3.68,302.0,4.0,54.0,306.0
Quantum,DN SOOPers Challengers,LCKC,Support,LCKC Rounds 1-2 · saison régulière,25,0.56,3.88,295.0,-2.0,54.0,293.0
Cypher,T1 Esports Academy,LCKC,ADC,LCKC Rounds 1-2 · saison régulière,31,0.71,3.25,288.0,-5.0,54.0,283.0
Pyeonsik,Hanwha Life Esports Challengers,LCKC,ADC,LCKC Rounds 1-2 · saison régulière,42,0.405,4.58,260.0,3.0,54.0,263.0
Minous,Kiwoom DRX Challengers,LCKC,Support,LCKC Rounds 1-2 · saison régulière,44,0.546,3.47,250.0,4.0,54.0,254.0
Jackal,Hanwha Life Esports Challengers,LCKC,Jungle,LCKC Rounds 1-2 · saison régulière,42,0.405,3.47,249.0,3.0,54.0,252.0
Tempester,HANJIN BRION Challengers,LCKC,Mid,LCKC Rounds 1-2 · saison régulière,43,0.326,3.4,251.0,-3.0,54.0,248.0
Enosh,DN SOOPers Challengers,LCKC,ADC,LCKC Rounds 1-2 · saison régulière,45,0.578,3.67,233.0,-1.0,54.0,232.0
Ghost,KT Rolster Challengers,LCKC,Support,LCKC Rounds 1-2 · saison régulière,11,0.636,3.14,221.0,-2.0,55.0,219.0
OddEye,HANJIN BRION Challengers,LCKC,ADC,LCKC Rounds 1-2 · saison régulière,43,0.326,3.17,218.0,-3.0,54.0,215.0
Cracker,Hanwha Life Esports Challengers,LCKC,Mid,LCKC Rounds 1-2 · saison régulière,42,0.405,2.64,194.0,3.0,54.0,197.0
Zephyr,BNK FEARX Youth,LCKC,Jungle,LCKC Rounds 1-2 · saison régulière,48,0.438,2.63,188.0,-1.0,54.0,187.0
Dinai,HANJIN BRION Challengers,LCKC,Jungle,LCKC Rounds 1-2 · saison régulière,43,0.326,2.66,185.0,-3.0,54.0,182.0
Slayer,BNK FEARX Youth,LCKC,ADC,LCKC Rounds 1-2 · saison régulière,46,0.413,2.42,184.0,-5.0,54.0,179.0
Frog,Kiwoom DRX Challengers,LCKC,Top,LCKC Rounds 1-2 · saison régulière,44,0.546,3.59,174.0,4.0,54.0,178.0
PlanB,HANJIN BRION Challengers,LCKC,Support,LCKC Rounds 1-2 · saison régulière,43,0.326,3.17,178.0,-3.0,54.0,175.0
Panther,Hanwha Life Esports Challengers,LCKC,Top,LCKC Rounds 1-2 · saison régulière,42,0.405,2.81,168.0,3.0,54.0,171.0
DDahyuk,HANJIN BRION Challengers,LCKC,Top,LCKC Rounds 1-2 · saison régulière,43,0.326,2.35,164.0,-3.0,54.0,161.0
Kemish,Gen.G Global Academy,LCKC,Mid,LCKC Rounds 1-2 · saison régulière,40,0.225,2.92,129.0,7.0,54.0,136.0
Ripple,Gen.G Global Academy,LCKC,Top,LCKC Rounds 1-2 · saison régulière,42,0.214,1.76,100.0,7.0,54.0,107.0
Courage,Gen.G Global Academy,LCKC,Jungle,LCKC Rounds 1-2 · saison régulière,42,0.214,2.2,73.0,7.0,54.0,80.0
MUDAI,Gen.G Global Academy,LCKC,ADC,LCKC Rounds 1-2 · saison régulière,42,0.214,1.9,49.0,7.0,54.0,56.0
Jinbeom,T1 Esports Academy Rookies,LAS,ADC,LCKC Rounds 1-2 · saison régulière,14,0.571,3.79,-83.0,2.0,55.0,-81.0
Lumos,Gen.G Global Academy,LCKC,Support,LCKC Rounds 1-2 · saison régulière,31,0.194,1.5,-84.0,2.0,54.0,-82.0
Valiant,Hanwha Life Esports Challengers,LAS,Mid,LCKC Rounds 1-2 · saison régulière,2,0.0,1.11,-325.0,-1.0,55.0,-326.0
Painter,T1 Esports Academy,LCKC,Jungle,LCKC Rounds 3-4 · playoffs,11,0.818,4.11,585.0,9.0,55.0,594.0
Cloud,T1 Esports Academy,LCKC,Support,LCKC Rounds 3-4 · playoffs,11,0.818,5.66,562.0,9.0,55.0,571.0
Guti,T1 Esports Academy,LCKC,Mid,LCKC Rounds 3-4 · playoffs,11,0.818,6.08,511.0,9.0,55.0,520.0
Haetae,T1 Esports Academy,LCKC,Top,LCKC Rounds 3-4 · playoffs,11,0.818,2.51,492.0,9.0,55.0,501.0
Pollu,KT Rolster Challengers,LCKC,Support,LCKC Rounds 3-4 · playoffs,19,0.526,4.91,471.0,1.0,55.0,472.0
MG,BNK FEARX Youth,LCKC,Mid,LCKC Rounds 3-4 · playoffs,7,0.571,4.59,470.0,-2.0,55.0,468.0
FenRir,KT Rolster Challengers,LCKC,ADC,LCKC Rounds 3-4 · playoffs,19,0.526,4.0,461.0,1.0,55.0,462.0
Lucy,Nongshim Esports Academy,LCKC,ADC,LCKC Rounds 3-4 · playoffs,14,0.429,3.46,450.0,-2.0,55.0,448.0
SeTab,Nongshim Esports Academy,LCKC,Mid,LCKC Rounds 3-4 · playoffs,14,0.429,3.24,447.0,-2.0,55.0,445.0
Janus,Nongshim Esports Academy,LCKC,Top,LCKC Rounds 3-4 · playoffs,14,0.429,3.32,444.0,-2.0,55.0,442.0
Jaehyuk,Dplus Kia Challengers,LCKC,Top,LCKC Rounds 3-4 · playoffs,13,0.462,2.4,433.0,4.0,55.0,437.0
Garden,Dplus Kia Challengers,LCKC,Mid,LCKC Rounds 3-4 · playoffs,13,0.462,2.98,415.0,4.0,55.0,419.0
Wayne,Dplus Kia Challengers,LCKC,ADC,LCKC Rounds 3-4 · playoffs,13,0.462,3.8,414.0,4.0,55.0,418.0
Loopy,Dplus Kia Challengers,LCKC,Support,LCKC Rounds 3-4 · playoffs,13,0.462,3.8,412.0,4.0,55.0,416.0
MihawK,Nongshim Esports Academy,LCKC,Jungle,LCKC Rounds 3-4 · playoffs,14,0.429,2.71,399.0,-2.0,55.0,397.0
DDoiV,DN SOOPers Challengers,LCKC,Jungle,LCKC Rounds 3-4 · playoffs,21,0.571,3.25,395.0,-1.0,54.0,394.0
Lancer,DN SOOPers Challengers,LCKC,Top,LCKC Rounds 3-4 · playoffs,21,0.571,2.05,394.0,-1.0,54.0,393.0
Sylvie,KT Rolster Challengers,LCKC,Jungle,LCKC Rounds 3-4 · playoffs,19,0.526,3.65,385.0,1.0,55.0,386.0
Hwichan,KT Rolster Challengers,LCKC,Mid,LCKC Rounds 3-4 · playoffs,19,0.526,5.08,385.0,1.0,55.0,386.0
Flip,DN SOOPers Challengers,LCKC,Mid,LCKC Rounds 3-4 · playoffs,21,0.571,2.85,380.0,-1.0,54.0,379.0
Grizzly,BNK FEARX Youth,LCKC,Jungle,LCKC Rounds 3-4 · playoffs,7,0.571,3.5,376.0,-2.0,55.0,374.0
Sero,KT Rolster Challengers,LCKC,Top,LCKC Rounds 3-4 · playoffs,19,0.526,2.45,370.0,1.0,55.0,371.0
Bluffing,Hanwha Life Esports Challengers,LCKC,Support,LCKC Rounds 3-4 · playoffs,3,0.0,2.6,370.0,-4.0,55.0,366.0
Pleata,Nongshim Esports Academy,LCKC,Support,LCKC Rounds 3-4 · playoffs,14,0.429,5.97,346.0,-2.0,55.0,344.0
Luon,BNK FEARX Youth,LCKC,Support,LCKC Rounds 3-4 · playoffs,7,0.571,3.85,336.0,-2.0,55.0,334.0
Kangin,BNK FEARX Youth,LCKC,Top,LCKC Rounds 3-4 · playoffs,7,0.571,2.36,326.0,-2.0,55.0,324.0
AKaJe,Kiwoom DRX Challengers,LCKC,Mid,LCKC Rounds 3-4 · playoffs,14,0.286,2.83,304.0,-6.0,55.0,298.0
Winner,Kiwoom DRX Challengers,LCKC,Jungle,LCKC Rounds 3-4 · playoffs,14,0.286,2.57,302.0,-6.0,55.0,296.0
Quantum,DN SOOPers Challengers,LCKC,Support,LCKC Rounds 3-4 · playoffs,21,0.571,2.88,295.0,-1.0,54.0,294.0
Pyeonsik,Hanwha Life Esports Challengers,LCKC,ADC,LCKC Rounds 3-4 · playoffs,3,0.0,2.71,260.0,-4.0,55.0,256.0
Jackal,Hanwha Life Esports Challengers,LCKC,Jungle,LCKC Rounds 3-4 · playoffs,3,0.0,1.57,249.0,-4.0,55.0,245.0
Minous,Kiwoom DRX Challengers,LCKC,Support,LCKC Rounds 3-4 · playoffs,14,0.286,2.19,250.0,-6.0,55.0,244.0
Enosh,DN SOOPers Challengers,LCKC,ADC,LCKC Rounds 3-4 · playoffs,21,0.571,2.68,233.0,-1.0,54.0,232.0
Cracker,Hanwha Life Esports Challengers,LCKC,Mid,LCKC Rounds 3-4 · playoffs,3,0.0,2.27,194.0,-4.0,55.0,190.0
Slayer,BNK FEARX Youth,LCKC,ADC,LCKC Rounds 3-4 · playoffs,7,0.571,3.13,184.0,-2.0,55.0,182.0
Eclipse,T1 Esports Academy,LCKC,ADC,LCKC Rounds 3-4 · playoffs,11,0.818,4.32,172.0,9.0,55.0,181.0
Frog,Kiwoom DRX Challengers,LCKC,Top,LCKC Rounds 3-4 · playoffs,14,0.286,1.93,174.0,-6.0,55.0,168.0
Panther,Hanwha Life Esports Challengers,LCKC,Top,LCKC Rounds 3-4 · playoffs,3,0.0,1.36,168.0,-4.0,55.0,164.0
Vincenzo,Kiwoom DRX Challengers,LCKC,ADC,LCKC Rounds 3-4 · playoffs,14,0.286,2.56,74.0,-6.0,55.0,68.0
Solid,Dplus Kia Challengers,LCKC,Jungle,LCKC Rounds 3-4 · playoffs,13,0.462,2.51,46.0,4.0,55.0,50.0
Rich,Kiwoom DRX Challengers,LCKC,Top,LCKC Rounds 3-4 · saison régulière,20,0.75,2.78,705.0,2.0,55.0,707.0
Painter,T1 Esports Academy,LCKC,Jungle,LCKC Rounds 3-4 · saison régulière,20,0.6,3.3,585.0,-1.0,55.0,584.0
LazyFeel,Kiwoom DRX Challengers,LCKC,ADC,LCKC Rounds 3-4 · saison régulière,18,0.722,4.53,560.0,0.0,55.0,560.0
Cloud,T1 Esports Academy,LCKC,Support,LCKC Rounds 3-4 · saison régulière,22,0.546,4.28,562.0,-3.0,54.0,559.0
Jiwoo,KT Rolster,LCK,ADC,LCKC Rounds 3-4 · saison régulière,5,0.8,2.94,515.0,1.0,55.0,516.0
Guti,T1 Esports Academy,LCKC,Mid,LCKC Rounds 3-4 · saison régulière,22,0.546,4.47,511.0,-3.0,54.0,508.0
Haetae,T1 Esports Academy,LCKC,Top,LCKC Rounds 3-4 · saison régulière,17,0.529,2.73,492.0,-1.0,55.0,491.0
MG,BNK FEARX Youth,LCKC,Mid,LCKC Rounds 3-4 · saison régulière,20,0.6,5.97,470.0,2.0,55.0,472.0
Pollu,KT Rolster Challengers,LCKC,Support,LCKC Rounds 3-4 · saison régulière,20,0.5,3.38,471.0,0.0,55.0,471.0
FenRir,KT Rolster Challengers,LCKC,ADC,LCKC Rounds 3-4 · saison régulière,5,0.6,4.07,461.0,2.0,55.0,463.0
Lucy,Nongshim Esports Academy,LCKC,ADC,LCKC Rounds 3-4 · saison régulière,21,0.476,4.56,450.0,-1.0,54.0,449.0
SeTab,Nongshim Esports Academy,LCKC,Mid,LCKC Rounds 3-4 · saison régulière,21,0.476,3.62,447.0,-1.0,54.0,446.0
Jaehyuk,Dplus Kia Challengers,LCKC,Top,LCKC Rounds 3-4 · saison régulière,20,0.6,2.89,433.0,10.0,55.0,443.0
Janus,Nongshim Esports Academy,LCKC,Top,LCKC Rounds 3-4 · saison régulière,21,0.476,2.52,444.0,-1.0,54.0,443.0
Garden,Dplus Kia Challengers,LCKC,Mid,LCKC Rounds 3-4 · saison régulière,20,0.6,3.59,415.0,10.0,55.0,425.0
Wayne,Dplus Kia Challengers,LCKC,ADC,LCKC Rounds 3-4 · saison régulière,20,0.6,3.75,414.0,10.0,55.0,424.0
Loopy,Dplus Kia Challengers,LCKC,Support,LCKC Rounds 3-4 · saison régulière,20,0.6,3.85,412.0,10.0,55.0,422.0
MihawK,Nongshim Esports Academy,LCKC,Jungle,LCKC Rounds 3-4 · saison régulière,21,0.476,3.17,399.0,-1.0,54.0,398.0
DDoiV,DN SOOPers Challengers,LCKC,Jungle,LCKC Rounds 3-4 · saison régulière,21,0.381,2.66,395.0,-6.0,54.0,389.0
Lancer,DN SOOPers Challengers,LCKC,Top,LCKC Rounds 3-4 · saison régulière,21,0.381,1.75,394.0,-6.0,54.0,388.0
Sylvie,KT Rolster Challengers,LCKC,Jungle,LCKC Rounds 3-4 · saison régulière,20,0.5,3.25,385.0,0.0,55.0,385.0
Hwichan,KT Rolster Challengers,LCKC,Mid,LCKC Rounds 3-4 · saison régulière,20,0.5,3.64,385.0,0.0,55.0,385.0
Grizzly,BNK FEARX Youth,LCKC,Jungle,LCKC Rounds 3-4 · saison régulière,20,0.6,5.46,376.0,2.0,55.0,378.0
Flip,DN SOOPers Challengers,LCKC,Mid,LCKC Rounds 3-4 · saison régulière,21,0.381,3.0,380.0,-6.0,54.0,374.0
Sero,KT Rolster Challengers,LCKC,Top,LCKC Rounds 3-4 · saison régulière,20,0.5,2.53,370.0,0.0,55.0,370.0
Bluffing,Hanwha Life Esports Challengers,LCKC,Support,LCKC Rounds 3-4 · saison régulière,16,0.375,2.86,370.0,-10.0,55.0,360.0
Pleata,Nongshim Esports Academy,LCKC,Support,LCKC Rounds 3-4 · saison régulière,21,0.476,4.01,346.0,-1.0,54.0,345.0
Luon,BNK FEARX Youth,LCKC,Support,LCKC Rounds 3-4 · saison régulière,20,0.6,4.05,336.0,2.0,55.0,338.0
Kangin,BNK FEARX Youth,LCKC,Top,LCKC Rounds 3-4 · saison régulière,20,0.6,6.23,326.0,2.0,55.0,328.0
AKaJe,Kiwoom DRX Challengers,LCKC,Mid,LCKC Rounds 3-4 · saison régulière,20,0.75,6.03,304.0,2.0,55.0,306.0
Winner,Kiwoom DRX Challengers,LCKC,Jungle,LCKC Rounds 3-4 · saison régulière,20,0.75,4.8,302.0,2.0,55.0,304.0
Quantum,DN SOOPers Challengers,LCKC,Support,LCKC Rounds 3-4 · saison régulière,21,0.381,3.5,295.0,-6.0,54.0,289.0
Cypher,T1 Esports Academy,LCKC,ADC,LCKC Rounds 3-4 · saison régulière,17,0.588,2.93,288.0,-2.0,55.0,286.0
Tempester,HANJIN BRION Challengers,LCKC,Mid,LCKC Rounds 3-4 · saison régulière,21,0.524,3.78,251.0,6.0,54.0,257.0
Minous,Kiwoom DRX Challengers,LCKC,Support,LCKC Rounds 3-4 · saison régulière,20,0.75,4.58,250.0,2.0,55.0,252.0
Pyeonsik,Hanwha Life Esports Challengers,LCKC,ADC,LCKC Rounds 3-4 · saison régulière,19,0.316,3.96,260.0,-10.0,55.0,250.0
Jackal,Hanwha Life Esports Challengers,LCKC,Jungle,LCKC Rounds 3-4 · saison régulière,19,0.316,3.6,249.0,-10.0,55.0,239.0
Enosh,DN SOOPers Challengers,LCKC,ADC,LCKC Rounds 3-4 · saison régulière,21,0.381,3.4,233.0,-6.0,54.0,227.0
OddEye,HANJIN BRION Challengers,LCKC,ADC,LCKC Rounds 3-4 · saison régulière,21,0.524,6.24,218.0,6.0,54.0,224.0
Ghost,KT Rolster Challengers,LCKC,Support,LCKC Rounds 3-4 · saison régulière,10,0.3,1.96,221.0,-5.0,55.0,216.0
Dinai,HANJIN BRION Challengers,LCKC,Jungle,LCKC Rounds 3-4 · saison régulière,21,0.524,3.66,185.0,6.0,54.0,191.0
Slayer,BNK FEARX Youth,LCKC,ADC,LCKC Rounds 3-4 · saison régulière,20,0.6,3.25,184.0,2.0,55.0,186.0
PlanB,HANJIN BRION Challengers,LCKC,Support,LCKC Rounds 3-4 · saison régulière,21,0.524,3.42,178.0,6.0,54.0,184.0
Cracker,Hanwha Life Esports Challengers,LCKC,Mid,LCKC Rounds 3-4 · saison régulière,19,0.316,2.12,194.0,-10.0,55.0,184.0
Eclipse,T1 Esports Academy,LCKC,ADC,LCKC Rounds 3-4 · saison régulière,5,0.4,2.42,172.0,-2.0,55.0,170.0
DDahyuk,HANJIN BRION Challengers,LCKC,Top,LCKC Rounds 3-4 · saison régulière,21,0.524,3.86,164.0,6.0,54.0,170.0
Panther,Hanwha Life Esports Challengers,LCKC,Top,LCKC Rounds 3-4 · saison régulière,19,0.316,2.35,168.0,-10.0,55.0,158.0
Kemish,Gen.G Global Academy,LCKC,Mid,LCKC Rounds 3-4 · saison régulière,20,0.3,2.58,129.0,1.0,55.0,130.0
Ripple,Gen.G Global Academy,LCKC,Top,LCKC Rounds 3-4 · saison régulière,20,0.3,1.39,100.0,1.0,55.0,101.0
Courage,Gen.G Global Academy,LCKC,Jungle,LCKC Rounds 3-4 · saison régulière,20,0.3,1.9,73.0,1.0,55.0,74.0
Solid,Dplus Kia Challengers,LCKC,Jungle,LCKC Rounds 3-4 · saison régulière,20,0.6,2.59,46.0,10.0,55.0,56.0
MUDAI,Gen.G Global Academy,LCKC,ADC,LCKC Rounds 3-4 · saison régulière,20,0.3,1.7,49.0,1.0,55.0,50.0
Lumos,Gen.G Global Academy,LCKC,Support,LCKC Rounds 3-4 · saison régulière,20,0.3,1.31,-84.0,1.0,55.0,-83.0
Carim,T1 Esports Academy Rookies,LAS,Jungle,LCKC Rounds 3-4 · saison régulière,2,0.0,2.0,-109.0,-3.0,55.0,-112.0
Valiant,Hanwha Life Esports Challengers,LAS,Mid,LCKC Rounds 3-4 · saison régulière,3,0.0,1.4,-325.0,0.0,55.0,-325.0
Eddie,Team Secret Whales,LCP,ADC,LCP Split 1 · playoffs,12,0.75,5.68,606.0,2.0,55.0,608.0
Pun,Team Secret Whales,LCP,Top,LCP Split 1 · playoffs,12,0.75,3.8,584.0,2.0,55.0,586.0
Bie,Team Secret Whales,LCP,Support,LCP Split 1 · playoffs,12,0.75,5.83,577.0,2.0,55.0,579.0
Hizto,Team Secret Whales,LCP,Jungle,LCP Split 1 · playoffs,12,0.75,5.55,540.0,2.0,55.0,542.0
Dire,Team Secret Whales,LCP,Mid,LCP Split 1 · playoffs,12,0.75,5.47,533.0,2.0,55.0,535.0
Artemis,GAM Esports,LCP,ADC,LCP Split 1 · playoffs,3,0.0,1.89,453.0,-7.0,55.0,446.0
HongSuo,Deep Cross Gaming,LCP,Mid,LCP Split 1 · playoffs,17,0.471,3.34,436.0,-1.0,55.0,435.0
Kiaya,GAM Esports,LCP,Top,LCP Split 1 · playoffs,3,0.0,1.07,434.0,-7.0,55.0,427.0
Taki,GAM Esports,LCP,Support,LCP Split 1 · playoffs,3,0.0,1.69,428.0,-7.0,55.0,421.0
Draktharr,GAM Esports,LCP,Jungle,LCP Split 1 · playoffs,3,0.0,1.58,409.0,-7.0,55.0,402.0
Flauren,Deep Cross Gaming,LCP,Top,LCP Split 1 · playoffs,17,0.471,2.92,387.0,-1.0,55.0,386.0
Pop9,Deep Cross Gaming,LCP,Jungle,LCP Split 1 · playoffs,17,0.471,2.95,377.0,-1.0,55.0,376.0
Feng,Deep Cross Gaming,LCP,ADC,LCP Split 1 · playoffs,17,0.471,3.09,362.0,-1.0,55.0,361.0
Shad0w,CTBC Flying Oyster,LCP,Jungle,LCP Split 1 · playoffs,4,0.25,3.21,351.0,-3.0,55.0,348.0
Pungyeon,CTBC Flying Oyster,LCP,Mid,LCP Split 1 · playoffs,4,0.25,2.67,347.0,-3.0,55.0,344.0
ShiauC,Deep Cross Gaming,LCP,Support,LCP Split 1 · playoffs,17,0.471,2.58,345.0,-1.0,55.0,344.0
Doggo,CTBC Flying Oyster,LCP,ADC,LCP Split 1 · playoffs,4,0.25,5.0,323.0,-3.0,55.0,320.0
Rest,CTBC Flying Oyster,LCP,Top,LCP Split 1 · playoffs,4,0.25,1.59,314.0,-3.0,55.0,311.0
Marble,Fukuoka SoftBank HAWKS gaming,LCP,ADC,LCP Split 1 · playoffs,16,0.562,3.94,301.0,9.0,55.0,310.0
Aress,GAM Esports,LCP,Mid,LCP Split 1 · playoffs,3,0.0,2.75,313.0,-7.0,55.0,306.0
Aria,Fukuoka SoftBank HAWKS gaming,LCP,Mid,LCP Split 1 · playoffs,16,0.562,4.67,286.0,9.0,55.0,295.0
Vsta,Fukuoka SoftBank HAWKS gaming,LCP,Support,LCP Split 1 · playoffs,16,0.562,4.41,255.0,9.0,55.0,264.0
Van1,Fukuoka SoftBank HAWKS gaming,LCP,Jungle,LCP Split 1 · playoffs,16,0.562,3.7,251.0,9.0,55.0,260.0
Evi,Fukuoka SoftBank HAWKS gaming,LCP,Top,LCP Split 1 · playoffs,16,0.562,2.83,233.0,9.0,55.0,242.0
1Jiang,Ground Zero Gaming,LCP,Top,LCP Split 1 · playoffs,12,0.417,2.32,231.0,-1.0,55.0,230.0
Husha,Ground Zero Gaming,LCP,Jungle,LCP Split 1 · playoffs,12,0.417,2.48,218.0,-1.0,55.0,217.0
Orca,Ground Zero Gaming,LCP,Support,LCP Split 1 · playoffs,12,0.417,2.62,166.0,-1.0,55.0,165.0
Shunn,Ground Zero Gaming,LCP,ADC,LCP Split 1 · playoffs,12,0.417,3.24,161.0,-1.0,55.0,160.0
JimieN,Ground Zero Gaming,LCP,Mid,LCP Split 1 · playoffs,12,0.417,3.05,161.0,-1.0,55.0,160.0
2274,CTBC Flying Oyster Academy,PCS,Support,LCP Split 1 · playoffs,4,0.25,2.21,71.0,-3.0,55.0,68.0
Eddie,Team Secret Whales,LCP,ADC,LCP Split 1 · saison régulière,16,0.812,6.89,606.0,-1.0,55.0,605.0
Pun,Team Secret Whales,LCP,Top,LCP Split 1 · saison régulière,15,0.8,3.95,584.0,-0.0,55.0,584.0
Bie,Team Secret Whales,LCP,Support,LCP Split 1 · saison régulière,16,0.812,7.14,577.0,-1.0,55.0,576.0
Hizto,Team Secret Whales,LCP,Jungle,LCP Split 1 · saison régulière,16,0.812,6.03,540.0,-1.0,55.0,539.0
Dire,Team Secret Whales,LCP,Mid,LCP Split 1 · saison régulière,16,0.812,6.21,533.0,-1.0,55.0,532.0
Artemis,GAM Esports,LCP,ADC,LCP Split 1 · saison régulière,17,0.588,4.15,453.0,-6.0,55.0,447.0
HongSuo,Deep Cross Gaming,LCP,Mid,LCP Split 1 · saison régulière,19,0.684,5.62,436.0,6.0,55.0,442.0
Kiaya,GAM Esports,LCP,Top,LCP Split 1 · saison régulière,17,0.588,2.95,434.0,-6.0,55.0,428.0
Taki,GAM Esports,LCP,Support,LCP Split 1 · saison régulière,17,0.588,4.79,428.0,-6.0,55.0,422.0
Gury,MVK Esports,LCP,Jungle,LCP Split 1 · saison régulière,16,0.5,2.61,412.0,5.0,55.0,417.0
Kati,MVK Esports,LCP,Mid,LCP Split 1 · saison régulière,16,0.438,3.44,413.0,4.0,55.0,417.0
Draktharr,GAM Esports,LCP,Jungle,LCP Split 1 · saison régulière,17,0.588,2.73,409.0,-6.0,55.0,403.0
Flauren,Deep Cross Gaming,LCP,Top,LCP Split 1 · saison régulière,19,0.684,4.3,387.0,6.0,55.0,393.0
Pop9,Deep Cross Gaming,LCP,Jungle,LCP Split 1 · saison régulière,19,0.684,4.31,377.0,6.0,55.0,383.0
Feng,Deep Cross Gaming,LCP,ADC,LCP Split 1 · saison régulière,19,0.684,4.37,362.0,6.0,55.0,368.0
Shad0w,CTBC Flying Oyster,LCP,Jungle,LCP Split 1 · saison régulière,17,0.471,3.92,351.0,6.0,55.0,357.0
Pungyeon,CTBC Flying Oyster,LCP,Mid,LCP Split 1 · saison régulière,17,0.471,3.64,347.0,6.0,55.0,353.0
ShiauC,Deep Cross Gaming,LCP,Support,LCP Split 1 · saison régulière,19,0.684,3.81,345.0,6.0,55.0,351.0
Doggo,CTBC Flying Oyster,LCP,ADC,LCP Split 1 · saison régulière,17,0.471,3.36,323.0,6.0,55.0,329.0
Rest,CTBC Flying Oyster,LCP,Top,LCP Split 1 · saison régulière,17,0.471,4.68,314.0,6.0,55.0,320.0
Aress,GAM Esports,LCP,Mid,LCP Split 1 · saison régulière,17,0.588,4.03,313.0,-6.0,55.0,307.0
Marble,Fukuoka SoftBank HAWKS gaming,LCP,ADC,LCP Split 1 · saison régulière,16,0.375,3.79,301.0,-8.0,55.0,293.0
Aria,Fukuoka SoftBank HAWKS gaming,LCP,Mid,LCP Split 1 · saison régulière,16,0.375,3.27,286.0,-8.0,55.0,278.0
Vsta,Fukuoka SoftBank HAWKS gaming,LCP,Support,LCP Split 1 · saison régulière,16,0.375,3.69,255.0,-8.0,55.0,247.0
Van1,Fukuoka SoftBank HAWKS gaming,LCP,Jungle,LCP Split 1 · saison régulière,16,0.375,2.95,251.0,-8.0,55.0,243.0
1Jiang,Ground Zero Gaming,LCP,Top,LCP Split 1 · saison régulière,21,0.524,2.71,231.0,8.0,54.0,239.0
Seany,MVK Esports Academy,VCS,Mid,LCP Split 1 · saison régulière,3,0.333,2.75,229.0,-2.0,55.0,227.0
Husha,Ground Zero Gaming,LCP,Jungle,LCP Split 1 · saison régulière,21,0.524,3.42,218.0,8.0,54.0,226.0
Evi,Fukuoka SoftBank HAWKS gaming,LCP,Top,LCP Split 1 · saison régulière,16,0.375,1.96,233.0,-8.0,55.0,225.0
Kratos,MVK Esports,LCP,Top,LCP Split 1 · saison régulière,19,0.421,1.79,198.0,2.0,55.0,200.0
Orca,Ground Zero Gaming,LCP,Support,LCP Split 1 · saison régulière,21,0.524,3.14,166.0,8.0,54.0,174.0
Elio,Saigon Warriors,VCS,Support,LCP Split 1 · saison régulière,19,0.421,2.44,172.0,2.0,55.0,174.0
Shunn,Ground Zero Gaming,LCP,ADC,LCP Split 1 · saison régulière,21,0.524,2.97,161.0,8.0,54.0,169.0
JimieN,Ground Zero Gaming,LCP,Mid,LCP Split 1 · saison régulière,21,0.524,2.49,161.0,8.0,54.0,169.0
Shogun,SN CyberCore Esports,VCS,ADC,LCP Split 1 · saison régulière,19,0.421,3.26,90.0,2.0,55.0,92.0
2274,CTBC Flying Oyster Academy,PCS,Support,LCP Split 1 · saison régulière,17,0.471,2.74,71.0,6.0,55.0,77.0
Keine,paiN Gaming,CBLOL,Mid,LCP Split 1 · saison régulière,15,0.067,2.11,73.0,-7.0,55.0,66.0
Gaeng,DetonatioN FocusMe,LCP,Support,LCP Split 1 · saison régulière,15,0.067,1.31,-70.0,-7.0,55.0,-77.0
Momo,DetonatioN FocusMe,LCP,Top,LCP Split 1 · saison régulière,13,0.077,0.87,-78.0,-4.0,55.0,-82.0
Citrus,DetonatioN FocusMe,LCP,Jungle,LCP Split 1 · saison régulière,15,0.067,1.12,-78.0,-7.0,55.0,-85.0
Kakkun,DetonatioN FocusMe,LCP,ADC,LCP Split 1 · saison régulière,15,0.067,1.42,-88.0,-7.0,55.0,-95.0
Eddie,Team Secret Whales,LCP,ADC,LCP Split 2 · playoffs,12,0.75,7.45,606.0,-1.0,55.0,605.0
Pun,Team Secret Whales,LCP,Top,LCP Split 2 · playoffs,12,0.75,3.14,584.0,-1.0,55.0,583.0
Bie,Team Secret Whales,LCP,Support,LCP Split 2 · playoffs,12,0.75,5.83,577.0,-1.0,55.0,576.0
Hizto,Team Secret Whales,LCP,Jungle,LCP Split 2 · playoffs,12,0.75,5.06,540.0,-1.0,55.0,539.0
Dire,Team Secret Whales,LCP,Mid,LCP Split 2 · playoffs,12,0.75,4.78,533.0,-1.0,55.0,532.0
Gloryy,GAM Esports,LCP,Mid,LCP Split 2 · playoffs,5,0.6,2.56,479.0,-1.0,55.0,478.0
Artemis,GAM Esports,LCP,ADC,LCP Split 2 · playoffs,12,0.5,6.45,453.0,-2.0,55.0,451.0
HongSuo,Deep Cross Gaming,LCP,Mid,LCP Split 2 · playoffs,21,0.571,2.82,436.0,12.0,54.0,448.0
Harky,MVK Esports,LCP,ADC,LCP Split 2 · playoffs,11,0.273,3.26,431.0,1.0,55.0,432.0
Kiaya,GAM Esports,LCP,Top,LCP Split 2 · playoffs,12,0.5,2.6,434.0,-2.0,55.0,432.0
Taki,GAM Esports,LCP,Support,LCP Split 2 · playoffs,12,0.5,4.47,428.0,-2.0,55.0,426.0
Gury,MVK Esports,LCP,Jungle,LCP Split 2 · playoffs,11,0.273,2.58,412.0,1.0,55.0,413.0
Steller,MVK Esports Academy,VCS,Top,LCP Split 2 · playoffs,1,0.0,0.67,412.0,-3.0,55.0,409.0
Draktharr,GAM Esports,LCP,Jungle,LCP Split 2 · playoffs,12,0.5,4.61,409.0,-2.0,55.0,407.0
Flauren,Deep Cross Gaming,LCP,Top,LCP Split 2 · playoffs,21,0.571,4.68,387.0,12.0,54.0,399.0
Pop9,Deep Cross Gaming,LCP,Jungle,LCP Split 2 · playoffs,21,0.571,3.45,377.0,12.0,54.0,389.0
Feng,Deep Cross Gaming,LCP,ADC,LCP Split 2 · playoffs,21,0.571,2.46,362.0,12.0,54.0,374.0
Kino,CTBC Flying Oyster,LCP,Support,LCP Split 2 · playoffs,5,0.4,2.39,374.0,-6.0,55.0,368.0
Pout,CTBC Flying Oyster,LCP,Mid,LCP Split 2 · playoffs,5,0.4,2.47,366.0,-6.0,55.0,360.0
ShiauC,Deep Cross Gaming,LCP,Support,LCP Split 2 · playoffs,21,0.571,2.69,345.0,12.0,54.0,357.0
SiuLoong,MVK Esports,LCP,Support,LCP Split 2 · playoffs,11,0.273,2.76,349.0,1.0,55.0,350.0
Shad0w,CTBC Flying Oyster,LCP,Jungle,LCP Split 2 · playoffs,5,0.4,2.2,351.0,-6.0,55.0,345.0
Doggo,CTBC Flying Oyster,LCP,ADC,LCP Split 2 · playoffs,5,0.4,3.07,323.0,-6.0,55.0,317.0
Aress,GAM Esports,LCP,Mid,LCP Split 2 · playoffs,7,0.429,4.88,313.0,-1.0,55.0,312.0
Rest,CTBC Flying Oyster,LCP,Top,LCP Split 2 · playoffs,5,0.4,1.63,314.0,-6.0,55.0,308.0
Marble,Fukuoka SoftBank HAWKS gaming,LCP,ADC,LCP Split 2 · playoffs,3,0.0,2.33,301.0,-4.0,55.0,297.0
Aria,Fukuoka SoftBank HAWKS gaming,LCP,Mid,LCP Split 2 · playoffs,3,0.0,2.0,286.0,-4.0,55.0,282.0
Vsta,Fukuoka SoftBank HAWKS gaming,LCP,Support,LCP Split 2 · playoffs,3,0.0,1.73,255.0,-4.0,55.0,251.0
Van1,Fukuoka SoftBank HAWKS gaming,LCP,Jungle,LCP Split 2 · playoffs,3,0.0,1.57,251.0,-4.0,55.0,247.0
Seany,MVK Esports Academy,VCS,Mid,LCP Split 2 · playoffs,11,0.273,3.06,229.0,1.0,55.0,230.0
Evi,Fukuoka SoftBank HAWKS gaming,LCP,Top,LCP Split 2 · playoffs,3,0.0,0.71,233.0,-4.0,55.0,229.0
Kratos,MVK Esports,LCP,Top,LCP Split 2 · playoffs,10,0.3,1.93,198.0,4.0,55.0,202.0
Eddie,Team Secret Whales,LCP,ADC,LCP Split 2 · saison régulière,17,0.824,6.48,606.0,0.0,55.0,606.0
Pun,Team Secret Whales,LCP,Top,LCP Split 2 · saison régulière,17,0.824,3.28,584.0,0.0,55.0,584.0
Bie,Team Secret Whales,LCP,Support,LCP Split 2 · saison régulière,17,0.824,9.63,577.0,0.0,55.0,577.0
Hizto,Team Secret Whales,LCP,Jungle,LCP Split 2 · saison régulière,17,0.824,5.2,540.0,0.0,55.0,540.0
Dire,Team Secret Whales,LCP,Mid,LCP Split 2 · saison régulière,17,0.824,5.4,533.0,0.0,55.0,533.0
Artemis,GAM Esports,LCP,ADC,LCP Split 2 · saison régulière,18,0.667,4.95,453.0,5.0,55.0,458.0
Kiaya,GAM Esports,LCP,Top,LCP Split 2 · saison régulière,18,0.667,3.36,434.0,5.0,55.0,439.0
Harky,MVK Esports,LCP,ADC,LCP Split 2 · saison régulière,17,0.647,4.49,431.0,7.0,55.0,438.0
HongSuo,Deep Cross Gaming,LCP,Mid,LCP Split 2 · saison régulière,17,0.471,4.26,436.0,-2.0,55.0,434.0
Taki,GAM Esports,LCP,Support,LCP Split 2 · saison régulière,18,0.667,4.04,428.0,5.0,55.0,433.0
Steller,MVK Esports Academy,VCS,Top,LCP Split 2 · saison régulière,12,0.833,4.67,412.0,11.0,55.0,423.0
Gury,MVK Esports,LCP,Jungle,LCP Split 2 · saison régulière,17,0.647,4.26,412.0,7.0,55.0,419.0
Draktharr,GAM Esports,LCP,Jungle,LCP Split 2 · saison régulière,18,0.667,3.95,409.0,5.0,55.0,414.0
Flauren,Deep Cross Gaming,LCP,Top,LCP Split 2 · saison régulière,18,0.444,2.22,387.0,-4.0,55.0,383.0
Pop9,Deep Cross Gaming,LCP,Jungle,LCP Split 2 · saison régulière,18,0.444,3.87,377.0,-4.0,55.0,373.0
Kino,CTBC Flying Oyster,LCP,Support,LCP Split 2 · saison régulière,13,0.385,3.29,374.0,-4.0,55.0,370.0
Pout,CTBC Flying Oyster,LCP,Mid,LCP Split 2 · saison régulière,13,0.385,2.95,366.0,-4.0,55.0,362.0
Feng,Deep Cross Gaming,LCP,ADC,LCP Split 2 · saison régulière,18,0.444,3.48,362.0,-4.0,55.0,358.0
SiuLoong,MVK Esports,LCP,Support,LCP Split 2 · saison régulière,17,0.647,3.95,349.0,7.0,55.0,356.0
Pungyeon,CTBC Flying Oyster,LCP,Mid,LCP Split 2 · saison régulière,5,0.4,1.72,347.0,-6.0,55.0,341.0
ShiauC,Deep Cross Gaming,LCP,Support,LCP Split 2 · saison régulière,18,0.444,2.91,345.0,-4.0,55.0,341.0
Shad0w,CTBC Flying Oyster,LCP,Jungle,LCP Split 2 · saison régulière,18,0.389,2.86,351.0,-10.0,55.0,341.0
Aress,GAM Esports,LCP,Mid,LCP Split 2 · saison régulière,18,0.667,6.55,313.0,5.0,55.0,318.0
Doggo,CTBC Flying Oyster,LCP,ADC,LCP Split 2 · saison régulière,18,0.389,2.95,323.0,-10.0,55.0,313.0
Marble,Fukuoka SoftBank HAWKS gaming,LCP,ADC,LCP Split 2 · saison régulière,17,0.588,6.12,301.0,8.0,55.0,309.0
Rest,CTBC Flying Oyster,LCP,Top,LCP Split 2 · saison régulière,18,0.389,2.05,314.0,-10.0,55.0,304.0
Aria,Fukuoka SoftBank HAWKS gaming,LCP,Mid,LCP Split 2 · saison régulière,17,0.588,5.38,286.0,8.0,55.0,294.0
Vsta,Fukuoka SoftBank HAWKS gaming,LCP,Support,LCP Split 2 · saison régulière,17,0.588,3.7,255.0,8.0,55.0,263.0
Van1,Fukuoka SoftBank HAWKS gaming,LCP,Jungle,LCP Split 2 · saison régulière,17,0.588,4.25,251.0,8.0,55.0,259.0
Evi,Fukuoka SoftBank HAWKS gaming,LCP,Top,LCP Split 2 · saison régulière,17,0.588,2.88,233.0,8.0,55.0,241.0
Seany,MVK Esports Academy,VCS,Mid,LCP Split 2 · saison régulière,3,0.667,4.0,229.0,2.0,55.0,231.0
1Jiang,Ground Zero Gaming,LCP,Top,LCP Split 2 · saison régulière,15,0.2,2.53,231.0,-8.0,55.0,223.0
Husha,Ground Zero Gaming,LCP,Jungle,LCP Split 2 · saison régulière,15,0.2,2.34,218.0,-8.0,55.0,210.0
Kratos,MVK Esports,LCP,Top,LCP Split 2 · saison régulière,4,0.25,1.4,198.0,-2.0,55.0,196.0
Chika,MVK Esports,LCP,Mid,LCP Split 2 · saison régulière,14,0.643,3.77,187.0,5.0,55.0,192.0
Orca,Ground Zero Gaming,LCP,Support,LCP Split 2 · saison régulière,15,0.2,2.21,166.0,-8.0,55.0,158.0
Shunn,Ground Zero Gaming,LCP,ADC,LCP Split 2 · saison régulière,15,0.2,2.11,161.0,-8.0,55.0,153.0
JimieN,Ground Zero Gaming,LCP,Mid,LCP Split 2 · saison régulière,15,0.2,1.94,161.0,-8.0,55.0,153.0
Woody,DetonatioN FocusMe,LCP,Support,LCP Split 2 · saison régulière,18,0.222,3.04,120.0,1.0,55.0,121.0
Fisher,DetonatioN FocusMe,LCP,Mid,LCP Split 2 · saison régulière,18,0.222,2.24,110.0,1.0,55.0,111.0
2274,CTBC Flying Oyster Academy,PCS,Support,LCP Split 2 · saison régulière,5,0.4,2.53,71.0,-6.0,55.0,65.0
Momo,DetonatioN FocusMe,LCP,Top,LCP Split 2 · saison régulière,18,0.222,1.03,-78.0,1.0,55.0,-77.0
Citrus,DetonatioN FocusMe,LCP,Jungle,LCP Split 2 · saison régulière,18,0.222,1.89,-78.0,1.0,55.0,-77.0
Kakkun,DetonatioN FocusMe,LCP,ADC,LCP Split 2 · saison régulière,18,0.222,1.95,-88.0,1.0,55.0,-87.0
Eddie,Team Secret Whales,LCP,ADC,LCP Split 3 · saison régulière,22,0.818,5.96,606.0,10.0,54.0,616.0
Pun,Team Secret Whales,LCP,Top,LCP Split 3 · saison régulière,22,0.818,3.2,584.0,10.0,54.0,594.0
Bie,Team Secret Whales,LCP,Support,LCP Split 3 · saison régulière,22,0.818,6.6,577.0,10.0,54.0,587.0
Hizto,Team Secret Whales,LCP,Jungle,LCP Split 3 · saison régulière,22,0.818,5.9,540.0,10.0,54.0,550.0
Dire,Team Secret Whales,LCP,Mid,LCP Split 3 · saison régulière,22,0.818,5.98,533.0,10.0,54.0,543.0
Gloryy,GAM Esports,LCP,Mid,LCP Split 3 · saison régulière,23,0.522,4.3,479.0,-0.0,54.0,479.0
Artemis,GAM Esports,LCP,ADC,LCP Split 3 · saison régulière,23,0.522,5.11,453.0,-0.0,54.0,453.0
Kiaya,GAM Esports,LCP,Top,LCP Split 3 · saison régulière,23,0.522,3.24,434.0,-0.0,54.0,434.0
Harky,MVK Esports,LCP,ADC,LCP Split 3 · saison régulière,28,0.464,3.13,431.0,-2.0,54.0,429.0
Taki,GAM Esports,LCP,Support,LCP Split 3 · saison régulière,23,0.522,4.87,428.0,-0.0,54.0,428.0
HongSuo,Deep Cross Gaming,LCP,Mid,LCP Split 3 · saison régulière,16,0.438,3.67,436.0,-13.0,55.0,423.0
Gury,MVK Esports,LCP,Jungle,LCP Split 3 · saison régulière,28,0.464,2.49,412.0,-2.0,54.0,410.0
Draktharr,GAM Esports,LCP,Jungle,LCP Split 3 · saison régulière,23,0.522,4.31,409.0,-0.0,54.0,409.0
Kino,CTBC Flying Oyster,LCP,Support,LCP Split 3 · saison régulière,35,0.543,3.25,374.0,18.0,54.0,392.0
Pout,CTBC Flying Oyster,LCP,Mid,LCP Split 3 · saison régulière,35,0.543,4.18,366.0,18.0,54.0,384.0
Flauren,Deep Cross Gaming,LCP,Top,LCP Split 3 · saison régulière,16,0.438,2.32,387.0,-13.0,55.0,374.0
Shad0w,CTBC Flying Oyster,LCP,Jungle,LCP Split 3 · saison régulière,35,0.543,3.77,351.0,18.0,54.0,369.0
Pop9,Deep Cross Gaming,LCP,Jungle,LCP Split 3 · saison régulière,16,0.438,3.11,377.0,-13.0,55.0,364.0
Feng,Deep Cross Gaming,LCP,ADC,LCP Split 3 · saison régulière,16,0.438,3.12,362.0,-13.0,55.0,349.0
SiuLoong,MVK Esports,LCP,Support,LCP Split 3 · saison régulière,28,0.464,2.92,349.0,-2.0,54.0,347.0
Doggo,CTBC Flying Oyster,LCP,ADC,LCP Split 3 · saison régulière,35,0.543,3.83,323.0,18.0,54.0,341.0
Rest,CTBC Flying Oyster,LCP,Top,LCP Split 3 · saison régulière,35,0.543,3.35,314.0,18.0,54.0,332.0
ShiauC,Deep Cross Gaming,LCP,Support,LCP Split 3 · saison régulière,16,0.438,2.39,345.0,-13.0,55.0,332.0
Betty,Ground Zero Gaming,LCP,ADC,LCP Split 3 · saison régulière,15,0.533,4.5,330.0,-0.0,55.0,330.0
Uniboy,Ground Zero Gaming,LCP,Mid,LCP Split 3 · saison régulière,15,0.533,5.19,320.0,-0.0,55.0,320.0
Marble,Fukuoka SoftBank HAWKS gaming,LCP,ADC,LCP Split 3 · saison régulière,8,0.125,2.4,301.0,-14.0,55.0,287.0
Aria,Fukuoka SoftBank HAWKS gaming,LCP,Mid,LCP Split 3 · saison régulière,8,0.125,2.35,286.0,-14.0,55.0,272.0
Vsta,Fukuoka SoftBank HAWKS gaming,LCP,Support,LCP Split 3 · saison régulière,8,0.125,1.22,255.0,-14.0,55.0,241.0
Van1,Fukuoka SoftBank HAWKS gaming,LCP,Jungle,LCP Split 3 · saison régulière,8,0.125,1.72,251.0,-14.0,55.0,237.0
1Jiang,Ground Zero Gaming,LCP,Top,LCP Split 3 · saison régulière,15,0.533,2.95,231.0,-0.0,55.0,231.0
Evi,Fukuoka SoftBank HAWKS gaming,LCP,Top,LCP Split 3 · saison régulière,8,0.125,1.3,233.0,-14.0,55.0,219.0
Husha,Ground Zero Gaming,LCP,Jungle,LCP Split 3 · saison régulière,15,0.533,3.52,218.0,-0.0,55.0,218.0
Kaiwing,Ground Zero Gaming,LCP,Support,LCP Split 3 · saison régulière,15,0.533,3.85,208.0,-0.0,55.0,208.0
Kratos,MVK Esports,LCP,Top,LCP Split 3 · saison régulière,28,0.464,1.95,198.0,-2.0,54.0,196.0
Chika,MVK Esports,LCP,Mid,LCP Split 3 · saison régulière,28,0.464,3.08,187.0,-2.0,54.0,185.0
Woody,DetonatioN FocusMe,LCP,Support,LCP Split 3 · saison régulière,13,0.154,2.06,120.0,1.0,55.0,121.0
Fisher,DetonatioN FocusMe,LCP,Mid,LCP Split 3 · saison régulière,13,0.154,1.98,110.0,1.0,55.0,111.0
Momo,DetonatioN FocusMe,LCP,Top,LCP Split 3 · saison régulière,13,0.154,1.27,-78.0,1.0,55.0,-77.0
Citrus,DetonatioN FocusMe,LCP,Jungle,LCP Split 3 · saison régulière,13,0.154,1.56,-78.0,1.0,55.0,-77.0
Kakkun,DetonatioN FocusMe,LCP,ADC,LCP Split 3 · saison régulière,13,0.154,1.83,-88.0,1.0,55.0,-87.0
Dhokla,LYON,LCS,Top,LCS Lock-In · saison régulière,22,0.682,3.0,719.0,0.0,54.0,719.0
Berserker,LYON,LCS,ADC,LCS Lock-In · saison régulière,22,0.682,6.83,653.0,0.0,54.0,653.0
Isles,LYON,LCS,Support,LCS Lock-In · saison régulière,22,0.682,5.72,650.0,0.0,54.0,650.0
Saint,LYON,LCS,Mid,LCS Lock-In · saison régulière,22,0.682,4.38,628.0,0.0,54.0,628.0
Morgan,Team Liquid,LCS,Top,LCS Lock-In · saison régulière,15,0.533,2.46,635.0,-10.0,55.0,625.0
CoreJJ,Team Liquid,LCS,Support,LCS Lock-In · saison régulière,15,0.533,3.63,630.0,-10.0,55.0,620.0
Vulcan,Cloud9,LCS,Support,LCS Lock-In · saison régulière,17,0.765,7.48,602.0,17.0,55.0,619.0
Yeon,Team Liquid,LCS,ADC,LCS Lock-In · saison régulière,15,0.533,3.62,629.0,-10.0,55.0,619.0
Thanatos,Cloud9,LCS,Top,LCS Lock-In · saison régulière,17,0.765,3.5,589.0,17.0,55.0,606.0
Inspired,LYON,LCS,Jungle,LCS Lock-In · saison régulière,22,0.682,8.0,603.0,0.0,54.0,603.0
Blaber,Cloud9,LCS,Jungle,LCS Lock-In · saison régulière,17,0.765,5.12,580.0,17.0,55.0,597.0
Josedeodo,Team Liquid,LCS,Jungle,LCS Lock-In · saison régulière,15,0.533,4.41,596.0,-10.0,55.0,586.0
Quid,Team Liquid,LCS,Mid,LCS Lock-In · saison régulière,15,0.533,4.0,595.0,-10.0,55.0,585.0
Zven,Cloud9,LCS,ADC,LCS Lock-In · saison régulière,17,0.765,5.69,508.0,17.0,55.0,525.0
Quad,FlyQuest,LCS,Mid,LCS Lock-In · saison régulière,14,0.357,2.74,489.0,-8.0,55.0,481.0
APA,Cloud9,LCS,Mid,LCS Lock-In · saison régulière,17,0.765,5.03,462.0,17.0,55.0,479.0
Gakgos,FlyQuest,LCS,Top,LCS Lock-In · saison régulière,14,0.357,2.85,475.0,-8.0,55.0,467.0
Rahel,Sentinels,LCS,ADC,LCS Lock-In · saison régulière,20,0.45,3.6,467.0,-4.0,55.0,463.0
huhi,Sentinels,LCS,Support,LCS Lock-In · saison régulière,20,0.45,3.74,457.0,-4.0,55.0,453.0
Gryffinn,FlyQuest,LCS,Jungle,LCS Lock-In · saison régulière,14,0.357,1.94,448.0,-8.0,55.0,440.0
DARKWINGS,Sentinels,LCS,Mid,LCS Lock-In · saison régulière,20,0.45,3.5,441.0,-4.0,55.0,437.0
Cryogen,FlyQuest,LCS,Support,LCS Lock-In · saison régulière,14,0.357,2.73,433.0,-8.0,55.0,425.0
HamBak,Sentinels,LCS,Jungle,LCS Lock-In · saison régulière,20,0.45,2.93,417.0,-4.0,55.0,413.0
Castle,LYON,LCS,Top,LCS Lock-In · saison régulière,17,0.412,2.1,397.0,10.0,55.0,407.0
Massu,FlyQuest,LCS,ADC,LCS Lock-In · saison régulière,14,0.357,2.5,412.0,-8.0,55.0,404.0
Impact,Sentinels,LCS,Top,LCS Lock-In · saison régulière,20,0.45,3.08,394.0,-4.0,55.0,390.0
Lyonz,Disguised,LCS,Support,LCS Lock-In · saison régulière,17,0.412,3.95,366.0,10.0,55.0,376.0
Callme,Disguised,LCS,Mid,LCS Lock-In · saison régulière,17,0.412,2.71,345.0,10.0,55.0,355.0
sajed,Disguised,LCS,ADC,LCS Lock-In · saison régulière,17,0.412,3.46,314.0,10.0,55.0,324.0
Contractz,Shopify Rebellion,LCS,Jungle,LCS Lock-In · saison régulière,6,0.0,1.33,294.0,-6.0,55.0,288.0
Fudge,Shopify Rebellion,LCS,Top,LCS Lock-In · saison régulière,6,0.0,1.0,293.0,-6.0,55.0,287.0
Bvoy,Shopify Rebellion,LCS,ADC,LCS Lock-In · saison régulière,6,0.0,1.38,279.0,-6.0,55.0,273.0
Zinie,Shopify Rebellion,LCS,Mid,LCS Lock-In · saison régulière,6,0.0,1.0,267.0,-6.0,55.0,261.0
KryRa,Disguised,LCS,Jungle,LCS Lock-In · saison régulière,11,0.364,3.14,237.0,7.0,55.0,244.0
eXyu,Dignitas,LCS,Jungle,LCS Lock-In · saison régulière,7,0.286,2.56,238.0,2.0,55.0,240.0
Ceos,paiN Gaming,CBLOL,Support,LCS Lock-In · saison régulière,6,0.0,1.65,240.0,-6.0,55.0,234.0
Ignar,Dignitas,LCS,Support,LCS Lock-In · saison régulière,5,0.4,2.71,217.0,1.0,55.0,218.0
Photon,Dignitas,LCS,Top,LCS Lock-In · saison régulière,7,0.286,2.81,204.0,2.0,55.0,206.0
Palafox,Dignitas,LCS,Mid,LCS Lock-In · saison régulière,7,0.286,2.52,174.0,2.0,55.0,176.0
Breezy,Cupid Esports,NACL,Support,LCS Lock-In · saison régulière,2,0.0,1.86,147.0,1.0,55.0,148.0
Kisno,NRG,NACL,Jungle,LCS Lock-In · saison régulière,6,0.5,2.48,134.0,3.0,55.0,137.0
FBI,Dignitas,LCS,ADC,LCS Lock-In · saison régulière,5,0.4,3.21,132.0,1.0,55.0,133.0
Mobility,Cupid Esports,NACL,ADC,LCS Lock-In · saison régulière,2,0.0,1.44,127.0,1.0,55.0,128.0
Dhokla,LYON,LCS,Top,LCS Spring · playoffs,11,0.818,4.46,719.0,11.0,55.0,730.0
Berserker,LYON,LCS,ADC,LCS Spring · playoffs,11,0.818,8.27,653.0,11.0,55.0,664.0
Isles,LYON,LCS,Support,LCS Spring · playoffs,11,0.818,7.11,650.0,11.0,55.0,661.0
Saint,LYON,LCS,Mid,LCS Spring · playoffs,11,0.818,6.05,628.0,11.0,55.0,639.0
Morgan,Team Liquid,LCS,Top,LCS Spring · playoffs,18,0.611,2.68,635.0,-2.0,55.0,633.0
CoreJJ,Team Liquid,LCS,Support,LCS Spring · playoffs,18,0.611,4.62,630.0,-2.0,55.0,628.0
Yeon,Team Liquid,LCS,ADC,LCS Spring · playoffs,18,0.611,3.76,629.0,-2.0,55.0,627.0
Inspired,LYON,LCS,Jungle,LCS Spring · playoffs,11,0.818,6.88,603.0,11.0,55.0,614.0
Josedeodo,Team Liquid,LCS,Jungle,LCS Spring · playoffs,18,0.611,4.21,596.0,-2.0,55.0,594.0
Quid,Team Liquid,LCS,Mid,LCS Spring · playoffs,18,0.611,4.59,595.0,-2.0,55.0,593.0
Vulcan,Cloud9,LCS,Support,LCS Spring · playoffs,11,0.273,2.38,602.0,-11.0,55.0,591.0
Thanatos,Cloud9,LCS,Top,LCS Spring · playoffs,11,0.273,1.47,589.0,-11.0,55.0,578.0
Blaber,Cloud9,LCS,Jungle,LCS Spring · playoffs,11,0.273,1.85,580.0,-11.0,55.0,569.0
Zven,Cloud9,LCS,ADC,LCS Spring · playoffs,11,0.273,2.95,508.0,-11.0,55.0,497.0
Quad,FlyQuest,LCS,Mid,LCS Spring · playoffs,12,0.5,5.53,489.0,8.0,55.0,497.0
Gakgos,FlyQuest,LCS,Top,LCS Spring · playoffs,12,0.5,2.26,475.0,8.0,55.0,483.0
Rahel,Sentinels,LCS,ADC,LCS Spring · playoffs,3,0.0,1.42,467.0,-6.0,55.0,461.0
Gryffinn,FlyQuest,LCS,Jungle,LCS Spring · playoffs,12,0.5,3.32,448.0,8.0,55.0,456.0
huhi,Sentinels,LCS,Support,LCS Spring · playoffs,3,0.0,2.43,457.0,-6.0,55.0,451.0
APA,Cloud9,LCS,Mid,LCS Spring · playoffs,11,0.273,1.71,462.0,-11.0,55.0,451.0
Cryogen,FlyQuest,LCS,Support,LCS Spring · playoffs,12,0.5,4.46,433.0,8.0,55.0,441.0
DARKWINGS,Sentinels,LCS,Mid,LCS Spring · playoffs,3,0.0,2.43,441.0,-6.0,55.0,435.0
Massu,FlyQuest,LCS,ADC,LCS Spring · playoffs,12,0.5,5.89,412.0,8.0,55.0,420.0
HamBak,Sentinels,LCS,Jungle,LCS Spring · playoffs,3,0.0,1.57,417.0,-6.0,55.0,411.0
Impact,Sentinels,LCS,Top,LCS Spring · playoffs,3,0.0,1.67,394.0,-6.0,55.0,388.0
Contractz,Shopify Rebellion,LCS,Jungle,LCS Spring · playoffs,3,0.0,2.17,294.0,0.0,55.0,294.0
Fudge,Shopify Rebellion,LCS,Top,LCS Spring · playoffs,3,0.0,1.1,293.0,0.0,55.0,293.0
Bvoy,Shopify Rebellion,LCS,ADC,LCS Spring · playoffs,3,0.0,1.22,279.0,0.0,55.0,279.0
Zinie,Shopify Rebellion,LCS,Mid,LCS Spring · playoffs,3,0.0,0.77,267.0,0.0,55.0,267.0
Ceos,paiN Gaming,CBLOL,Support,LCS Spring · playoffs,3,0.0,1.33,240.0,0.0,55.0,240.0
Dhokla,LYON,LCS,Top,LCS Spring · saison régulière,15,0.8,3.83,719.0,3.0,55.0,722.0
Berserker,LYON,LCS,ADC,LCS Spring · saison régulière,18,0.667,4.75,653.0,-4.0,55.0,649.0
Isles,LYON,LCS,Support,LCS Spring · saison régulière,18,0.667,6.18,650.0,-4.0,55.0,646.0
Morgan,Team Liquid,LCS,Top,LCS Spring · saison régulière,18,0.611,2.6,635.0,-7.0,55.0,628.0
Saint,LYON,LCS,Mid,LCS Spring · saison régulière,18,0.667,3.89,628.0,-4.0,55.0,624.0
CoreJJ,Team Liquid,LCS,Support,LCS Spring · saison régulière,18,0.611,5.82,630.0,-7.0,55.0,623.0
Yeon,Team Liquid,LCS,ADC,LCS Spring · saison régulière,18,0.611,4.07,629.0,-7.0,55.0,622.0
Vulcan,Cloud9,LCS,Support,LCS Spring · saison régulière,18,0.778,10.3,602.0,10.0,55.0,612.0
Thanatos,Cloud9,LCS,Top,LCS Spring · saison régulière,18,0.778,3.97,589.0,10.0,55.0,599.0
Inspired,LYON,LCS,Jungle,LCS Spring · saison régulière,18,0.667,4.1,603.0,-4.0,55.0,599.0
Blaber,Cloud9,LCS,Jungle,LCS Spring · saison régulière,18,0.778,6.52,580.0,10.0,55.0,590.0
Josedeodo,Team Liquid,LCS,Jungle,LCS Spring · saison régulière,18,0.611,5.51,596.0,-7.0,55.0,589.0
Quid,Team Liquid,LCS,Mid,LCS Spring · saison régulière,18,0.611,3.57,595.0,-7.0,55.0,588.0
Zven,Cloud9,LCS,ADC,LCS Spring · saison régulière,18,0.778,5.1,508.0,10.0,55.0,518.0
Quad,FlyQuest,LCS,Mid,LCS Spring · saison régulière,19,0.579,4.43,489.0,4.0,55.0,493.0
Gakgos,FlyQuest,LCS,Top,LCS Spring · saison régulière,19,0.579,4.64,475.0,4.0,55.0,479.0
APA,Cloud9,LCS,Mid,LCS Spring · saison régulière,18,0.778,4.35,462.0,10.0,55.0,472.0
Rahel,Sentinels,LCS,ADC,LCS Spring · saison régulière,18,0.5,3.97,467.0,-2.0,55.0,465.0
huhi,Sentinels,LCS,Support,LCS Spring · saison régulière,18,0.5,3.93,457.0,-2.0,55.0,455.0
Gryffinn,FlyQuest,LCS,Jungle,LCS Spring · saison régulière,19,0.579,4.08,448.0,4.0,55.0,452.0
DARKWINGS,Sentinels,LCS,Mid,LCS Spring · saison régulière,18,0.5,2.77,441.0,-2.0,55.0,439.0
Cryogen,FlyQuest,LCS,Support,LCS Spring · saison régulière,19,0.579,3.86,433.0,4.0,55.0,437.0
Massu,FlyQuest,LCS,ADC,LCS Spring · saison régulière,19,0.579,3.51,412.0,4.0,55.0,416.0
HamBak,Sentinels,LCS,Jungle,LCS Spring · saison régulière,18,0.5,3.95,417.0,-2.0,55.0,415.0
Impact,Sentinels,LCS,Top,LCS Spring · saison régulière,18,0.5,2.17,394.0,-2.0,55.0,392.0
Castle,LYON,LCS,Top,LCS Spring · saison régulière,14,0.143,1.12,397.0,-10.0,55.0,387.0
Lyonz,Disguised,LCS,Support,LCS Spring · saison régulière,15,0.267,2.45,366.0,-4.0,55.0,362.0
Callme,Disguised,LCS,Mid,LCS Spring · saison régulière,15,0.267,1.77,345.0,-4.0,55.0,341.0
sajed,Disguised,LCS,ADC,LCS Spring · saison régulière,15,0.267,1.48,314.0,-4.0,55.0,310.0
Contractz,Shopify Rebellion,LCS,Jungle,LCS Spring · saison régulière,15,0.333,3.02,294.0,3.0,55.0,297.0
Fudge,Shopify Rebellion,LCS,Top,LCS Spring · saison régulière,15,0.333,1.68,293.0,3.0,55.0,296.0
Bvoy,Shopify Rebellion,LCS,ADC,LCS Spring · saison régulière,15,0.333,3.71,279.0,3.0,55.0,282.0
Zinie,Shopify Rebellion,LCS,Mid,LCS Spring · saison régulière,15,0.333,2.67,267.0,3.0,55.0,270.0
Ceos,paiN Gaming,CBLOL,Support,LCS Spring · saison régulière,15,0.333,2.79,240.0,3.0,55.0,243.0
eXyu,Dignitas,LCS,Jungle,LCS Spring · saison régulière,17,0.176,1.75,238.0,-1.0,55.0,237.0
KryRa,Disguised,LCS,Jungle,LCS Spring · saison régulière,15,0.267,2.0,237.0,-4.0,55.0,233.0
Ignar,Dignitas,LCS,Support,LCS Spring · saison régulière,17,0.176,2.83,217.0,-1.0,55.0,216.0
Srtty,Disguised,LCS,Top,LCS Spring · saison régulière,4,0.5,3.89,203.0,-0.0,55.0,203.0
Photon,Dignitas,LCS,Top,LCS Spring · saison régulière,17,0.176,2.05,204.0,-1.0,55.0,203.0
Palafox,Dignitas,LCS,Mid,LCS Spring · saison régulière,17,0.176,1.46,174.0,-1.0,55.0,173.0
FBI,Dignitas,LCS,ADC,LCS Spring · saison régulière,17,0.176,2.27,132.0,-1.0,55.0,131.0
Dhokla,LYON,LCS,Top,LCS Summer · playoffs,8,0.5,2.41,719.0,-6.0,55.0,713.0
Berserker,LYON,LCS,ADC,LCS Summer · playoffs,8,0.5,4.53,653.0,-6.0,55.0,647.0
Isles,LYON,LCS,Support,LCS Summer · playoffs,8,0.5,5.33,650.0,-6.0,55.0,644.0
Morgan,Team Liquid,LCS,Top,LCS Summer · playoffs,7,0.857,8.62,635.0,7.0,55.0,642.0
CoreJJ,Team Liquid,LCS,Support,LCS Summer · playoffs,7,0.857,8.7,630.0,7.0,55.0,637.0
Yeon,Team Liquid,LCS,ADC,LCS Summer · playoffs,7,0.857,6.08,629.0,7.0,55.0,636.0
Saint,LYON,LCS,Mid,LCS Summer · playoffs,8,0.5,4.19,628.0,-6.0,55.0,622.0
Vulcan,Cloud9,LCS,Support,LCS Summer · playoffs,11,0.636,10.08,602.0,5.0,55.0,607.0
Josedeodo,Team Liquid,LCS,Jungle,LCS Summer · playoffs,7,0.857,7.5,596.0,7.0,55.0,603.0
Quid,Team Liquid,LCS,Mid,LCS Summer · playoffs,7,0.857,4.29,595.0,7.0,55.0,602.0
Inspired,LYON,LCS,Jungle,LCS Summer · playoffs,8,0.5,4.12,603.0,-6.0,55.0,597.0
Thanatos,Cloud9,LCS,Top,LCS Summer · playoffs,11,0.636,2.8,589.0,5.0,55.0,594.0
Blaber,Cloud9,LCS,Jungle,LCS Summer · playoffs,11,0.636,4.3,580.0,5.0,55.0,585.0
Tactical,Cloud9,LCS,ADC,LCS Summer · playoffs,11,0.636,3.83,554.0,5.0,55.0,559.0
Loki,Cloud9,LCS,Mid,LCS Summer · playoffs,11,0.636,3.45,532.0,5.0,55.0,537.0
Quad,FlyQuest,LCS,Mid,LCS Summer · playoffs,11,0.454,3.04,489.0,-3.0,55.0,486.0
Zeyzal,Shopify Rebellion,LCS,Support,LCS Summer · playoffs,17,0.412,3.12,472.0,3.0,55.0,475.0
Gakgos,FlyQuest,LCS,Top,LCS Summer · playoffs,11,0.454,3.12,475.0,-3.0,55.0,472.0
Rahel,Sentinels,LCS,ADC,LCS Summer · playoffs,8,0.25,3.94,467.0,-6.0,55.0,461.0
huhi,Sentinels,LCS,Support,LCS Summer · playoffs,8,0.25,3.94,457.0,-6.0,55.0,451.0
Gryffinn,FlyQuest,LCS,Jungle,LCS Summer · playoffs,11,0.454,2.9,448.0,-3.0,55.0,445.0
DARKWINGS,Sentinels,LCS,Mid,LCS Summer · playoffs,8,0.25,2.74,441.0,-6.0,55.0,435.0
Cryogen,FlyQuest,LCS,Support,LCS Summer · playoffs,11,0.454,3.42,433.0,-3.0,55.0,430.0
HamBak,Sentinels,LCS,Jungle,LCS Summer · playoffs,8,0.25,2.82,417.0,-6.0,55.0,411.0
Massu,FlyQuest,LCS,ADC,LCS Summer · playoffs,11,0.454,2.86,412.0,-3.0,55.0,409.0
Impact,Sentinels,LCS,Top,LCS Summer · playoffs,8,0.25,2.16,394.0,-6.0,55.0,388.0
Contractz,Shopify Rebellion,LCS,Jungle,LCS Summer · playoffs,17,0.412,2.33,294.0,3.0,55.0,297.0
Fudge,Shopify Rebellion,LCS,Top,LCS Summer · playoffs,17,0.412,1.94,293.0,3.0,55.0,296.0
Bvoy,Shopify Rebellion,LCS,ADC,LCS Summer · playoffs,17,0.412,2.0,279.0,3.0,55.0,282.0
Zinie,Shopify Rebellion,LCS,Mid,LCS Summer · playoffs,17,0.412,2.46,267.0,3.0,55.0,270.0
Dhokla,LYON,LCS,Top,LCS Summer · saison régulière,15,0.867,4.03,719.0,7.0,55.0,726.0
Berserker,LYON,LCS,ADC,LCS Summer · saison régulière,15,0.867,7.83,653.0,7.0,55.0,660.0
Isles,LYON,LCS,Support,LCS Summer · saison régulière,15,0.867,6.55,650.0,7.0,55.0,657.0
Morgan,Team Liquid,LCS,Top,LCS Summer · saison régulière,15,0.8,5.11,635.0,5.0,55.0,640.0
CoreJJ,Team Liquid,LCS,Support,LCS Summer · saison régulière,15,0.8,7.25,630.0,5.0,55.0,635.0
Saint,LYON,LCS,Mid,LCS Summer · saison régulière,15,0.867,5.87,628.0,7.0,55.0,635.0
Yeon,Team Liquid,LCS,ADC,LCS Summer · saison régulière,15,0.8,6.3,629.0,5.0,55.0,634.0
Inspired,LYON,LCS,Jungle,LCS Summer · saison régulière,6,1.0,8.88,603.0,7.0,55.0,610.0
Josedeodo,Team Liquid,LCS,Jungle,LCS Summer · saison régulière,15,0.8,6.28,596.0,5.0,55.0,601.0
Vulcan,Cloud9,LCS,Support,LCS Summer · saison régulière,17,0.588,5.81,602.0,-2.0,55.0,600.0
Quid,Team Liquid,LCS,Mid,LCS Summer · saison régulière,15,0.8,5.84,595.0,5.0,55.0,600.0
Thanatos,Cloud9,LCS,Top,LCS Summer · saison régulière,17,0.588,4.52,589.0,-2.0,55.0,587.0
Blaber,Cloud9,LCS,Jungle,LCS Summer · saison régulière,17,0.588,4.52,580.0,-2.0,55.0,578.0
Tactical,Cloud9,LCS,ADC,LCS Summer · saison régulière,17,0.588,4.15,554.0,-2.0,55.0,552.0
Loki,Cloud9,LCS,Mid,LCS Summer · saison régulière,17,0.588,5.18,532.0,-2.0,55.0,530.0
Quad,FlyQuest,LCS,Mid,LCS Summer · saison régulière,14,0.429,3.59,489.0,-7.0,55.0,482.0
Zeyzal,Shopify Rebellion,LCS,Support,LCS Summer · saison régulière,18,0.444,2.64,472.0,0.0,55.0,472.0
Gakgos,FlyQuest,LCS,Top,LCS Summer · saison régulière,14,0.429,2.22,475.0,-7.0,55.0,468.0
Rahel,Sentinels,LCS,ADC,LCS Summer · saison régulière,17,0.529,6.21,467.0,1.0,55.0,468.0
huhi,Sentinels,LCS,Support,LCS Summer · saison régulière,17,0.529,4.28,457.0,1.0,55.0,458.0
DARKWINGS,Sentinels,LCS,Mid,LCS Summer · saison régulière,17,0.529,3.02,441.0,1.0,55.0,442.0
Gryffinn,FlyQuest,LCS,Jungle,LCS Summer · saison régulière,14,0.429,3.35,448.0,-7.0,55.0,441.0
Cryogen,FlyQuest,LCS,Support,LCS Summer · saison régulière,14,0.429,2.89,433.0,-7.0,55.0,426.0
HamBak,Sentinels,LCS,Jungle,LCS Summer · saison régulière,17,0.529,3.98,417.0,1.0,55.0,418.0
Massu,FlyQuest,LCS,ADC,LCS Summer · saison régulière,14,0.429,3.55,412.0,-7.0,55.0,405.0
Impact,Sentinels,LCS,Top,LCS Summer · saison régulière,17,0.529,2.83,394.0,1.0,55.0,395.0
Lyonz,Disguised,LCS,Support,LCS Summer · saison régulière,15,0.2,1.77,366.0,-6.0,55.0,360.0
Callme,Disguised,LCS,Mid,LCS Summer · saison régulière,15,0.2,1.85,345.0,-6.0,55.0,339.0
sajed,Disguised,LCS,ADC,LCS Summer · saison régulière,15,0.2,1.7,314.0,-6.0,55.0,308.0
Contractz,Shopify Rebellion,LCS,Jungle,LCS Summer · saison régulière,18,0.444,3.25,294.0,0.0,55.0,294.0
Fudge,Shopify Rebellion,LCS,Top,LCS Summer · saison régulière,18,0.444,3.05,293.0,0.0,55.0,293.0
Bvoy,Shopify Rebellion,LCS,ADC,LCS Summer · saison régulière,18,0.444,2.85,279.0,0.0,55.0,279.0
Zinie,Shopify Rebellion,LCS,Mid,LCS Summer · saison régulière,18,0.444,2.27,267.0,0.0,55.0,267.0
eXyu,Dignitas,LCS,Jungle,LCS Summer · saison régulière,6,0.333,1.97,238.0,2.0,55.0,240.0
KryRa,Disguised,LCS,Jungle,LCS Summer · saison régulière,15,0.2,1.79,237.0,-6.0,55.0,231.0
Ignar,Dignitas,LCS,Support,LCS Summer · saison régulière,17,0.176,2.52,217.0,1.0,55.0,218.0
Srtty,Disguised,LCS,Top,LCS Summer · saison régulière,15,0.2,1.4,203.0,-6.0,55.0,197.0
Palafox,Dignitas,LCS,Mid,LCS Summer · saison régulière,17,0.176,1.88,174.0,1.0,55.0,175.0
FBI,Dignitas,LCS,ADC,LCS Summer · saison régulière,17,0.176,1.76,132.0,1.0,55.0,133.0
Denathor,Dignitas,LCS,Top,LCS Summer · saison régulière,17,0.176,1.38,25.0,1.0,55.0,26.0
Dardoch,Dignitas,LCS,Jungle,LCS Summer · saison régulière,11,0.091,1.28,-30.0,-2.0,55.0,-32.0
SkewMond,G2 Esports,LEC,Jungle,LEC Spring · playoffs,14,0.643,5.82,802.0,5.0,55.0,807.0
Caps,G2 Esports,LEC,Mid,LEC Spring · playoffs,14,0.643,4.91,801.0,5.0,55.0,806.0
Hans Sama,G2 Esports,LEC,ADC,LEC Spring · playoffs,14,0.643,5.08,798.0,5.0,55.0,803.0
Caliste,Karmine Corp,LEC,ADC,LEC Spring · playoffs,19,0.632,5.61,785.0,7.0,55.0,792.0
BrokenBlade,G2 Esports,LEC,Top,LEC Spring · playoffs,14,0.643,3.12,783.0,5.0,55.0,788.0
kyeahoo,Karmine Corp,LEC,Mid,LEC Spring · playoffs,19,0.632,4.21,774.0,7.0,55.0,781.0
Canna,Karmine Corp,LEC,Top,LEC Spring · playoffs,19,0.632,2.39,756.0,7.0,55.0,763.0
Labrov,G2 Esports,LEC,Support,LEC Spring · playoffs,14,0.643,3.89,755.0,5.0,55.0,760.0
Busio,Karmine Corp,LEC,Support,LEC Spring · playoffs,19,0.632,3.88,736.0,7.0,55.0,743.0
Yike,Karmine Corp,LEC,Jungle,LEC Spring · playoffs,19,0.632,4.35,730.0,7.0,55.0,737.0
Elyoya,Movistar KOI,LEC,Jungle,LEC Spring · playoffs,11,0.454,3.38,694.0,1.0,55.0,695.0
Fleshy,Team Vitality,LEC,Support,LEC Spring · playoffs,6,0.0,1.88,690.0,-11.0,55.0,679.0
Jojopyun,Movistar KOI,LEC,Mid,LEC Spring · playoffs,11,0.454,2.45,678.0,1.0,55.0,679.0
Supa,Movistar KOI,LEC,ADC,LEC Spring · playoffs,11,0.454,3.56,675.0,1.0,55.0,676.0
Alvaro,Movistar KOI,LEC,Support,LEC Spring · playoffs,11,0.454,3.52,668.0,1.0,55.0,669.0
Carzzy,Team Vitality,LEC,ADC,LEC Spring · playoffs,6,0.0,1.8,672.0,-11.0,55.0,661.0
Naak Nako,Team Vitality,LEC,Top,LEC Spring · playoffs,6,0.0,1.55,666.0,-11.0,55.0,655.0
Myrwn,Movistar KOI,LEC,Top,LEC Spring · playoffs,11,0.454,1.8,653.0,1.0,55.0,654.0
Rhilech,Natus Vincere,LEC,Jungle,LEC Spring · playoffs,4,0.25,1.57,607.0,-4.0,55.0,603.0
Lyncas,Team Vitality,LEC,Jungle,LEC Spring · playoffs,6,0.0,1.79,602.0,-11.0,55.0,591.0
SamD,Natus Vincere,LEC,ADC,LEC Spring · playoffs,4,0.25,1.27,586.0,-4.0,55.0,582.0
Maynter,Natus Vincere,LEC,Top,LEC Spring · playoffs,4,0.25,1.0,581.0,-4.0,55.0,577.0
Parus,Natus Vincere,LEC,Support,LEC Spring · playoffs,4,0.25,1.0,567.0,-4.0,55.0,563.0
Poby,Natus Vincere,LEC,Mid,LEC Spring · playoffs,4,0.25,2.38,558.0,-4.0,55.0,554.0
ISMA,GiantX,LEC,Jungle,LEC Spring · playoffs,6,0.5,2.8,532.0,2.0,55.0,534.0
Humanoid,Team Vitality,LEC,Mid,LEC Spring · playoffs,6,0.0,2.09,533.0,-11.0,55.0,522.0
Jun,GiantX,LEC,Support,LEC Spring · playoffs,6,0.5,3.53,518.0,2.0,55.0,520.0
Jackies,GiantX,LEC,Mid,LEC Spring · playoffs,6,0.5,3.75,512.0,2.0,55.0,514.0
Lot,GiantX,LEC,Top,LEC Spring · playoffs,6,0.5,1.59,477.0,2.0,55.0,479.0
Noah,GiantX,LEC,ADC,LEC Spring · playoffs,6,0.5,2.43,459.0,2.0,55.0,461.0
SkewMond,G2 Esports,LEC,Jungle,LEC Spring · saison régulière,21,0.714,3.63,802.0,-6.0,54.0,796.0
Caps,G2 Esports,LEC,Mid,LEC Spring · saison régulière,21,0.714,5.05,801.0,-6.0,54.0,795.0
Hans Sama,G2 Esports,LEC,ADC,LEC Spring · saison régulière,21,0.714,4.32,798.0,-6.0,54.0,792.0
Caliste,Karmine Corp,LEC,ADC,LEC Spring · saison régulière,23,0.652,4.91,785.0,-4.0,54.0,781.0
BrokenBlade,G2 Esports,LEC,Top,LEC Spring · saison régulière,21,0.714,2.68,783.0,-6.0,54.0,777.0
kyeahoo,Karmine Corp,LEC,Mid,LEC Spring · saison régulière,23,0.652,3.89,774.0,-4.0,54.0,770.0
Canna,Karmine Corp,LEC,Top,LEC Spring · saison régulière,23,0.652,3.14,756.0,-4.0,54.0,752.0
Labrov,G2 Esports,LEC,Support,LEC Spring · saison régulière,21,0.714,3.64,755.0,-6.0,54.0,749.0
Busio,Karmine Corp,LEC,Support,LEC Spring · saison régulière,23,0.652,6.49,736.0,-4.0,54.0,732.0
Yike,Karmine Corp,LEC,Jungle,LEC Spring · saison régulière,23,0.652,3.61,730.0,-4.0,54.0,726.0
Fleshy,Team Vitality,LEC,Support,LEC Spring · saison régulière,24,0.708,4.61,690.0,13.0,54.0,703.0
Elyoya,Movistar KOI,LEC,Jungle,LEC Spring · saison régulière,23,0.652,4.85,694.0,5.0,54.0,699.0
Carzzy,Team Vitality,LEC,ADC,LEC Spring · saison régulière,24,0.708,4.76,672.0,13.0,54.0,685.0
Jojopyun,Movistar KOI,LEC,Mid,LEC Spring · saison régulière,23,0.652,3.94,678.0,5.0,54.0,683.0
Supa,Movistar KOI,LEC,ADC,LEC Spring · saison régulière,23,0.652,5.53,675.0,5.0,54.0,680.0
Naak Nako,Team Vitality,LEC,Top,LEC Spring · saison régulière,24,0.708,3.9,666.0,13.0,54.0,679.0
Alvaro,Movistar KOI,LEC,Support,LEC Spring · saison régulière,23,0.652,4.1,668.0,5.0,54.0,673.0
Myrwn,Movistar KOI,LEC,Top,LEC Spring · saison régulière,23,0.652,3.06,653.0,5.0,54.0,658.0
Lyncas,Team Vitality,LEC,Jungle,LEC Spring · saison régulière,24,0.708,4.72,602.0,13.0,54.0,615.0
Rhilech,Natus Vincere,LEC,Jungle,LEC Spring · saison régulière,23,0.522,3.5,607.0,-4.0,54.0,603.0
Trymbi,Shifters,LEC,Support,LEC Spring · saison régulière,22,0.273,2.54,593.0,1.0,54.0,594.0
SamD,Natus Vincere,LEC,ADC,LEC Spring · saison régulière,23,0.522,3.01,586.0,-4.0,54.0,582.0
Maynter,Natus Vincere,LEC,Top,LEC Spring · saison régulière,23,0.522,2.42,581.0,-4.0,54.0,577.0
Parus,Natus Vincere,LEC,Support,LEC Spring · saison régulière,23,0.522,3.65,567.0,-4.0,54.0,563.0
Poby,Natus Vincere,LEC,Mid,LEC Spring · saison régulière,23,0.522,2.88,558.0,-4.0,54.0,554.0
Lospa,Fnatic,LEC,Support,LEC Spring · saison régulière,23,0.435,4.05,540.0,6.0,54.0,546.0
Humanoid,Team Vitality,LEC,Mid,LEC Spring · saison régulière,24,0.708,3.57,533.0,13.0,54.0,546.0
ISMA,GiantX,LEC,Jungle,LEC Spring · saison régulière,22,0.5,4.06,532.0,-3.0,54.0,529.0
Razork,Fnatic,LEC,Jungle,LEC Spring · saison régulière,23,0.435,3.06,512.0,6.0,54.0,518.0
Upset,Fnatic,LEC,ADC,LEC Spring · saison régulière,23,0.435,5.38,512.0,6.0,54.0,518.0
Jun,GiantX,LEC,Support,LEC Spring · saison régulière,22,0.5,3.22,518.0,-3.0,54.0,515.0
Jackies,GiantX,LEC,Mid,LEC Spring · saison régulière,22,0.5,3.36,512.0,-3.0,54.0,509.0
Empyros,Fnatic,LEC,Top,LEC Spring · saison régulière,23,0.435,2.85,492.0,6.0,54.0,498.0
Vladi,Fnatic,LEC,Mid,LEC Spring · saison régulière,23,0.435,3.78,481.0,6.0,54.0,487.0
Sheo,Shifters,LEC,Jungle,LEC Spring · saison régulière,19,0.316,2.61,477.0,6.0,55.0,483.0
Lot,GiantX,LEC,Top,LEC Spring · saison régulière,22,0.5,2.47,477.0,-3.0,54.0,474.0
Noah,GiantX,LEC,ADC,LEC Spring · saison régulière,22,0.5,2.41,459.0,-3.0,54.0,456.0
LIDER,SK Gaming,LEC,Mid,LEC Spring · saison régulière,21,0.333,1.81,446.0,-2.0,54.0,444.0
Boukada,Shifters,LEC,Jungle,LEC Spring · saison régulière,17,0.176,2.09,440.0,-3.0,55.0,437.0
Jopa,SK Gaming,LEC,ADC,LEC Spring · saison régulière,21,0.333,3.03,417.0,-2.0,54.0,415.0
Rooster,Shifters,LEC,Top,LEC Spring · saison régulière,22,0.273,2.2,411.0,1.0,54.0,412.0
Mikyx,SK Gaming,LEC,Support,LEC Spring · saison régulière,21,0.333,2.33,403.0,-2.0,54.0,401.0
Skeanz,SK Gaming,LEC,Jungle,LEC Spring · saison régulière,21,0.333,2.69,382.0,-2.0,54.0,380.0
Wunder,SK Gaming,LEC,Top,LEC Spring · saison régulière,21,0.333,1.47,381.0,-2.0,54.0,379.0
nuc,Shifters,LEC,Mid,LEC Spring · saison régulière,22,0.273,2.31,348.0,1.0,54.0,349.0
Daglas,Team Heretics,LEC,Jungle,LEC Spring · saison régulière,6,0.0,1.45,355.0,-7.0,55.0,348.0
Ice,Team Heretics,LEC,ADC,LEC Spring · saison régulière,20,0.15,2.0,321.0,-6.0,54.0,315.0
Paduck,Shifters,LEC,ADC,LEC Spring · saison régulière,22,0.273,2.32,312.0,1.0,54.0,313.0
Serin,Team Heretics,LEC,Mid,LEC Spring · saison régulière,20,0.15,1.98,274.0,-6.0,54.0,268.0
Tracyn,Team Heretics,LEC,Top,LEC Spring · saison régulière,20,0.15,1.66,271.0,-6.0,54.0,265.0
Way,Team Heretics,LEC,Support,LEC Spring · saison régulière,20,0.15,2.2,211.0,-6.0,54.0,205.0
SkewMond,G2 Esports,LEC,Jungle,LEC Summer · playoffs,10,0.9,5.94,802.0,11.0,55.0,813.0
Caps,G2 Esports,LEC,Mid,LEC Summer · playoffs,10,0.9,7.07,801.0,11.0,55.0,812.0
Hans Sama,G2 Esports,LEC,ADC,LEC Summer · playoffs,10,0.9,6.69,798.0,11.0,55.0,809.0
BrokenBlade,G2 Esports,LEC,Top,LEC Summer · playoffs,10,0.9,3.67,783.0,11.0,55.0,794.0
Caliste,Karmine Corp,LEC,ADC,LEC Summer · playoffs,11,0.364,3.31,785.0,-8.0,55.0,777.0
kyeahoo,Karmine Corp,LEC,Mid,LEC Summer · playoffs,11,0.364,3.04,774.0,-8.0,55.0,766.0
Labrov,G2 Esports,LEC,Support,LEC Summer · playoffs,10,0.9,4.59,755.0,11.0,55.0,766.0
Canna,Karmine Corp,LEC,Top,LEC Summer · playoffs,11,0.364,2.12,756.0,-8.0,55.0,748.0
Busio,Karmine Corp,LEC,Support,LEC Summer · playoffs,11,0.364,2.69,736.0,-8.0,55.0,728.0
Yike,Karmine Corp,LEC,Jungle,LEC Summer · playoffs,11,0.364,2.69,730.0,-8.0,55.0,722.0
Elyoya,Movistar KOI,LEC,Jungle,LEC Summer · playoffs,15,0.6,4.94,694.0,9.0,55.0,703.0
Jojopyun,Movistar KOI,LEC,Mid,LEC Summer · playoffs,15,0.6,4.33,678.0,9.0,55.0,687.0
Fleshy,Team Vitality,LEC,Support,LEC Summer · playoffs,8,0.25,2.38,690.0,-5.0,55.0,685.0
Supa,Movistar KOI,LEC,ADC,LEC Summer · playoffs,15,0.6,5.28,675.0,9.0,55.0,684.0
Alvaro,Movistar KOI,LEC,Support,LEC Summer · playoffs,15,0.6,5.45,668.0,9.0,55.0,677.0
Carzzy,Team Vitality,LEC,ADC,LEC Summer · playoffs,8,0.25,2.86,672.0,-5.0,55.0,667.0
Myrwn,Movistar KOI,LEC,Top,LEC Summer · playoffs,15,0.6,2.86,653.0,9.0,55.0,662.0
Naak Nako,Team Vitality,LEC,Top,LEC Summer · playoffs,8,0.25,1.81,666.0,-5.0,55.0,661.0
Rhilech,Natus Vincere,LEC,Jungle,LEC Summer · playoffs,9,0.444,3.09,607.0,-4.0,55.0,603.0
Lyncas,Team Vitality,LEC,Jungle,LEC Summer · playoffs,8,0.25,2.67,602.0,-5.0,55.0,597.0
SamD,Natus Vincere,LEC,ADC,LEC Summer · playoffs,9,0.444,3.62,586.0,-4.0,55.0,582.0
Maynter,Natus Vincere,LEC,Top,LEC Summer · playoffs,9,0.444,3.32,581.0,-4.0,55.0,577.0
Parus,Natus Vincere,LEC,Support,LEC Summer · playoffs,9,0.444,2.84,567.0,-4.0,55.0,563.0
Poby,Natus Vincere,LEC,Mid,LEC Summer · playoffs,9,0.444,3.36,558.0,-4.0,55.0,554.0
Oscarinin,GiantX,LEC,Top,LEC Summer · playoffs,9,0.333,2.12,539.0,-1.0,55.0,538.0
ISMA,GiantX,LEC,Jungle,LEC Summer · playoffs,9,0.333,2.33,532.0,-1.0,55.0,531.0
Jun,GiantX,LEC,Support,LEC Summer · playoffs,9,0.333,2.96,518.0,-1.0,55.0,517.0
Jackies,GiantX,LEC,Mid,LEC Summer · playoffs,9,0.333,2.06,512.0,-1.0,55.0,511.0
FIESTA,Team Vitality,LEC,Mid,LEC Summer · playoffs,8,0.25,2.55,401.0,-5.0,55.0,396.0
Flakked,GiantX,LEC,ADC,LEC Summer · playoffs,9,0.333,3.05,394.0,-1.0,55.0,393.0
Caliste,Karmine Corp,LEC,ADC,LEC Summer · saison régulière,20,0.9,8.34,785.0,13.0,55.0,798.0
SkewMond,G2 Esports,LEC,Jungle,LEC Summer · saison régulière,21,0.667,5.09,802.0,-8.0,54.0,794.0
Caps,G2 Esports,LEC,Mid,LEC Summer · saison régulière,21,0.667,3.77,801.0,-8.0,54.0,793.0
Hans Sama,G2 Esports,LEC,ADC,LEC Summer · saison régulière,21,0.667,4.39,798.0,-8.0,54.0,790.0
kyeahoo,Karmine Corp,LEC,Mid,LEC Summer · saison régulière,20,0.9,5.07,774.0,13.0,55.0,787.0
BrokenBlade,G2 Esports,LEC,Top,LEC Summer · saison régulière,21,0.667,2.95,783.0,-8.0,54.0,775.0
Canna,Karmine Corp,LEC,Top,LEC Summer · saison régulière,20,0.9,4.1,756.0,13.0,55.0,769.0
Busio,Karmine Corp,LEC,Support,LEC Summer · saison régulière,20,0.9,4.67,736.0,13.0,55.0,749.0
Labrov,G2 Esports,LEC,Support,LEC Summer · saison régulière,21,0.667,3.03,755.0,-8.0,54.0,747.0
Yike,Karmine Corp,LEC,Jungle,LEC Summer · saison régulière,20,0.9,4.8,730.0,13.0,55.0,743.0
Fleshy,Team Vitality,LEC,Support,LEC Summer · saison régulière,22,0.636,5.06,690.0,8.0,54.0,698.0
Elyoya,Movistar KOI,LEC,Jungle,LEC Summer · saison régulière,22,0.454,4.55,694.0,-11.0,54.0,683.0
Carzzy,Team Vitality,LEC,ADC,LEC Summer · saison régulière,22,0.636,4.31,672.0,8.0,54.0,680.0
Naak Nako,Team Vitality,LEC,Top,LEC Summer · saison régulière,22,0.636,3.16,666.0,8.0,54.0,674.0
Jojopyun,Movistar KOI,LEC,Mid,LEC Summer · saison régulière,22,0.454,3.7,678.0,-11.0,54.0,667.0
Supa,Movistar KOI,LEC,ADC,LEC Summer · saison régulière,22,0.454,2.86,675.0,-11.0,54.0,664.0
Alvaro,Movistar KOI,LEC,Support,LEC Summer · saison régulière,22,0.454,2.85,668.0,-11.0,54.0,657.0
Myrwn,Movistar KOI,LEC,Top,LEC Summer · saison régulière,22,0.454,2.79,653.0,-11.0,54.0,642.0
Hype,Team Heretics,LEC,ADC,LEC Summer · saison régulière,19,0.21,2.24,634.0,-1.0,55.0,633.0
SlowQ,SK Gaming,LEC,Mid,LEC Summer · saison régulière,20,0.35,2.62,616.0,2.0,55.0,618.0
Lyncas,Team Vitality,LEC,Jungle,LEC Summer · saison régulière,22,0.636,4.18,602.0,8.0,54.0,610.0
Rhilech,Natus Vincere,LEC,Jungle,LEC Summer · saison régulière,21,0.524,4.33,607.0,3.0,54.0,610.0
SamD,Natus Vincere,LEC,ADC,LEC Summer · saison régulière,21,0.524,3.51,586.0,3.0,54.0,589.0
Maynter,Natus Vincere,LEC,Top,LEC Summer · saison régulière,21,0.524,3.21,581.0,3.0,54.0,584.0
Parus,Natus Vincere,LEC,Support,LEC Summer · saison régulière,21,0.524,3.15,567.0,3.0,54.0,570.0
Poby,Natus Vincere,LEC,Mid,LEC Summer · saison régulière,21,0.524,4.47,558.0,3.0,54.0,561.0
Oscarinin,GiantX,LEC,Top,LEC Summer · saison régulière,24,0.542,2.6,539.0,3.0,54.0,542.0
Lospa,Fnatic,LEC,Support,LEC Summer · saison régulière,22,0.454,3.43,540.0,-0.0,54.0,540.0
ISMA,GiantX,LEC,Jungle,LEC Summer · saison régulière,24,0.542,3.85,532.0,3.0,54.0,535.0
Jun,GiantX,LEC,Support,LEC Summer · saison régulière,24,0.542,3.74,518.0,3.0,54.0,521.0
Jackies,GiantX,LEC,Mid,LEC Summer · saison régulière,24,0.542,3.67,512.0,3.0,54.0,515.0
Razork,Fnatic,LEC,Jungle,LEC Summer · saison régulière,22,0.454,2.55,512.0,-0.0,54.0,512.0
Upset,Fnatic,LEC,ADC,LEC Summer · saison régulière,22,0.454,4.47,512.0,-0.0,54.0,512.0
Stend,Shifters,LEC,Support,LEC Summer · saison régulière,21,0.238,2.38,519.0,-9.0,54.0,510.0
Vladi,Fnatic,LEC,Mid,LEC Summer · saison régulière,22,0.454,3.58,481.0,-0.0,54.0,481.0
Sheo,Shifters,LEC,Jungle,LEC Summer · saison régulière,21,0.238,2.15,477.0,-9.0,54.0,468.0
Soboro,Fnatic,LEC,Top,LEC Summer · saison régulière,22,0.454,2.54,448.0,-0.0,54.0,448.0
Jopa,SK Gaming,LEC,ADC,LEC Summer · saison régulière,20,0.35,3.66,417.0,2.0,55.0,419.0
FIESTA,Team Vitality,LEC,Mid,LEC Summer · saison régulière,22,0.636,2.72,401.0,8.0,54.0,409.0
Mikyx,SK Gaming,LEC,Support,LEC Summer · saison régulière,20,0.35,2.44,403.0,2.0,55.0,405.0
Rooster,Shifters,LEC,Top,LEC Summer · saison régulière,21,0.238,2.61,411.0,-9.0,54.0,402.0
Flakked,GiantX,LEC,ADC,LEC Summer · saison régulière,24,0.542,4.07,394.0,3.0,54.0,397.0
Skeanz,SK Gaming,LEC,Jungle,LEC Summer · saison régulière,20,0.35,3.05,382.0,2.0,55.0,384.0
Wunder,SK Gaming,LEC,Top,LEC Summer · saison régulière,20,0.35,1.88,381.0,2.0,55.0,383.0
Daglas,Team Heretics,LEC,Jungle,LEC Summer · saison régulière,19,0.21,1.75,355.0,-1.0,55.0,354.0
nuc,Shifters,LEC,Mid,LEC Summer · saison régulière,21,0.238,2.48,348.0,-9.0,54.0,339.0
Paduck,Shifters,LEC,ADC,LEC Summer · saison régulière,21,0.238,1.74,312.0,-9.0,54.0,303.0
Serin,Team Heretics,LEC,Mid,LEC Summer · saison régulière,19,0.21,2.32,274.0,-1.0,55.0,273.0
Tracyn,Team Heretics,LEC,Top,LEC Summer · saison régulière,19,0.21,1.62,271.0,-1.0,55.0,270.0
Way,Team Heretics,LEC,Support,LEC Summer · saison régulière,19,0.21,2.05,211.0,-1.0,55.0,210.0
SkewMond,G2 Esports,LEC,Jungle,LEC Versus · playoffs,12,0.833,6.65,802.0,10.0,55.0,812.0
Caps,G2 Esports,LEC,Mid,LEC Versus · playoffs,12,0.833,5.92,801.0,10.0,55.0,811.0
Hans Sama,G2 Esports,LEC,ADC,LEC Versus · playoffs,12,0.833,6.13,798.0,10.0,55.0,808.0
BrokenBlade,G2 Esports,LEC,Top,LEC Versus · playoffs,12,0.833,5.17,783.0,10.0,55.0,793.0
Caliste,Karmine Corp,LEC,ADC,LEC Versus · playoffs,20,0.6,5.73,785.0,3.0,55.0,788.0
kyeahoo,Karmine Corp,LEC,Mid,LEC Versus · playoffs,20,0.6,3.94,774.0,3.0,55.0,777.0
Labrov,G2 Esports,LEC,Support,LEC Versus · playoffs,12,0.833,5.31,755.0,10.0,55.0,765.0
Canna,Karmine Corp,LEC,Top,LEC Versus · playoffs,20,0.6,3.12,756.0,3.0,55.0,759.0
Busio,Karmine Corp,LEC,Support,LEC Versus · playoffs,20,0.6,4.33,736.0,3.0,55.0,739.0
Yike,Karmine Corp,LEC,Jungle,LEC Versus · playoffs,20,0.6,3.62,730.0,3.0,55.0,733.0
Elyoya,Movistar KOI,LEC,Jungle,LEC Versus · playoffs,12,0.5,4.36,694.0,3.0,55.0,697.0
Fleshy,Team Vitality,LEC,Support,LEC Versus · playoffs,7,0.429,3.48,690.0,-2.0,55.0,688.0
Jojopyun,Movistar KOI,LEC,Mid,LEC Versus · playoffs,12,0.5,3.09,678.0,3.0,55.0,681.0
Supa,Movistar KOI,LEC,ADC,LEC Versus · playoffs,12,0.5,3.96,675.0,3.0,55.0,678.0
Alvaro,Movistar KOI,LEC,Support,LEC Versus · playoffs,12,0.5,3.3,668.0,3.0,55.0,671.0
Carzzy,Team Vitality,LEC,ADC,LEC Versus · playoffs,7,0.429,2.27,672.0,-2.0,55.0,670.0
Naak Nako,Team Vitality,LEC,Top,LEC Versus · playoffs,7,0.429,1.71,666.0,-2.0,55.0,664.0
Myrwn,Movistar KOI,LEC,Top,LEC Versus · playoffs,12,0.5,2.33,653.0,3.0,55.0,656.0
Rhilech,Natus Vincere,LEC,Jungle,LEC Versus · playoffs,7,0.429,3.11,607.0,-2.0,55.0,605.0
Lyncas,Team Vitality,LEC,Jungle,LEC Versus · playoffs,7,0.429,3.37,602.0,-2.0,55.0,600.0
SamD,Natus Vincere,LEC,ADC,LEC Versus · playoffs,7,0.429,3.0,586.0,-2.0,55.0,584.0
Maynter,Natus Vincere,LEC,Top,LEC Versus · playoffs,7,0.429,1.95,581.0,-2.0,55.0,579.0
Parus,Natus Vincere,LEC,Support,LEC Versus · playoffs,7,0.429,2.64,567.0,-2.0,55.0,565.0
Poby,Natus Vincere,LEC,Mid,LEC Versus · playoffs,7,0.429,3.58,558.0,-2.0,55.0,556.0
Lospa,Fnatic,LEC,Support,LEC Versus · playoffs,4,0.0,1.25,540.0,-7.0,55.0,533.0
Humanoid,Team Vitality,LEC,Mid,LEC Versus · playoffs,7,0.429,1.96,533.0,-2.0,55.0,531.0
ISMA,GiantX,LEC,Jungle,LEC Versus · playoffs,11,0.364,2.47,532.0,-3.0,55.0,529.0
Stend,Shifters,LEC,Support,LEC Versus · playoffs,5,0.2,1.05,519.0,-2.0,55.0,517.0
Jun,GiantX,LEC,Support,LEC Versus · playoffs,11,0.364,2.81,518.0,-3.0,55.0,515.0
Jackies,GiantX,LEC,Mid,LEC Versus · playoffs,11,0.364,2.96,512.0,-3.0,55.0,509.0
Razork,Fnatic,LEC,Jungle,LEC Versus · playoffs,4,0.0,1.3,512.0,-7.0,55.0,505.0
Upset,Fnatic,LEC,ADC,LEC Versus · playoffs,4,0.0,3.0,512.0,-7.0,55.0,505.0
Empyros,Fnatic,LEC,Top,LEC Versus · playoffs,4,0.0,1.23,492.0,-7.0,55.0,485.0
Sheo,Shifters,LEC,Jungle,LEC Versus · playoffs,5,0.2,1.47,477.0,-2.0,55.0,475.0
Vladi,Fnatic,LEC,Mid,LEC Versus · playoffs,4,0.0,2.58,481.0,-7.0,55.0,474.0
Lot,GiantX,LEC,Top,LEC Versus · playoffs,11,0.364,2.7,477.0,-3.0,55.0,474.0
Noah,GiantX,LEC,ADC,LEC Versus · playoffs,11,0.364,3.19,459.0,-3.0,55.0,456.0
Ice,Team Heretics,LEC,ADC,LEC Versus · playoffs,5,0.2,1.21,321.0,-2.0,55.0,319.0
Serin,Team Heretics,LEC,Mid,LEC Versus · playoffs,5,0.2,1.92,274.0,-2.0,55.0,272.0
Tracyn,Team Heretics,LEC,Top,LEC Versus · playoffs,5,0.2,1.6,271.0,-2.0,55.0,269.0
SkewMond,G2 Esports,LEC,Jungle,LEC Versus · saison régulière,11,0.546,5.08,802.0,-12.0,55.0,790.0
Caps,G2 Esports,LEC,Mid,LEC Versus · saison régulière,11,0.546,4.57,801.0,-12.0,55.0,789.0
Caliste,Karmine Corp,LEC,ADC,LEC Versus · saison régulière,11,0.727,6.8,785.0,2.0,55.0,787.0
Hans Sama,G2 Esports,LEC,ADC,LEC Versus · saison régulière,11,0.546,5.0,798.0,-12.0,55.0,786.0
kyeahoo,Karmine Corp,LEC,Mid,LEC Versus · saison régulière,11,0.727,4.45,774.0,2.0,55.0,776.0
BrokenBlade,G2 Esports,LEC,Top,LEC Versus · saison régulière,11,0.546,3.3,783.0,-12.0,55.0,771.0
Canna,Karmine Corp,LEC,Top,LEC Versus · saison régulière,11,0.727,5.4,756.0,2.0,55.0,758.0
Labrov,G2 Esports,LEC,Support,LEC Versus · saison régulière,11,0.546,2.88,755.0,-12.0,55.0,743.0
Busio,Karmine Corp,LEC,Support,LEC Versus · saison régulière,11,0.727,4.14,736.0,2.0,55.0,738.0
Yike,Karmine Corp,LEC,Jungle,LEC Versus · saison régulière,11,0.727,5.9,730.0,2.0,55.0,732.0
Elyoya,Movistar KOI,LEC,Jungle,LEC Versus · saison régulière,11,0.546,6.0,694.0,-1.0,55.0,693.0
Fleshy,Team Vitality,LEC,Support,LEC Versus · saison régulière,11,0.636,4.2,690.0,1.0,55.0,691.0
Jojopyun,Movistar KOI,LEC,Mid,LEC Versus · saison régulière,11,0.546,2.29,678.0,-1.0,55.0,677.0
Supa,Movistar KOI,LEC,ADC,LEC Versus · saison régulière,11,0.546,4.91,675.0,-1.0,55.0,674.0
Carzzy,Team Vitality,LEC,ADC,LEC Versus · saison régulière,11,0.636,4.31,672.0,1.0,55.0,673.0
Naak Nako,Team Vitality,LEC,Top,LEC Versus · saison régulière,11,0.636,3.28,666.0,1.0,55.0,667.0
Alvaro,Movistar KOI,LEC,Support,LEC Versus · saison régulière,11,0.546,3.76,668.0,-1.0,55.0,667.0
Myrwn,Movistar KOI,LEC,Top,LEC Versus · saison régulière,11,0.546,3.67,653.0,-1.0,55.0,652.0
Rhilech,Natus Vincere,LEC,Jungle,LEC Versus · saison régulière,11,0.636,4.79,607.0,5.0,55.0,612.0
Rekkles,Witchcraft,LEC,Support,LEC Versus · saison régulière,11,0.454,10.0,605.0,-1.0,55.0,604.0
Lyncas,Team Vitality,LEC,Jungle,LEC Versus · saison régulière,11,0.636,3.81,602.0,1.0,55.0,603.0
Trymbi,Shifters,LEC,Support,LEC Versus · saison régulière,11,0.454,2.91,593.0,3.0,55.0,596.0
SamD,Natus Vincere,LEC,ADC,LEC Versus · saison régulière,11,0.636,5.08,586.0,5.0,55.0,591.0
Maynter,Natus Vincere,LEC,Top,LEC Versus · saison régulière,11,0.636,3.41,581.0,5.0,55.0,586.0
Parus,Natus Vincere,LEC,Support,LEC Versus · saison régulière,11,0.636,4.33,567.0,5.0,55.0,572.0
Poby,Natus Vincere,LEC,Mid,LEC Versus · saison régulière,11,0.636,4.43,558.0,5.0,55.0,563.0
Lospa,Fnatic,LEC,Support,LEC Versus · saison régulière,11,0.454,3.89,540.0,0.0,55.0,540.0
ISMA,GiantX,LEC,Jungle,LEC Versus · saison régulière,11,0.546,4.04,532.0,2.0,55.0,534.0
Humanoid,Team Vitality,LEC,Mid,LEC Versus · saison régulière,11,0.636,2.83,533.0,1.0,55.0,534.0
Stend,Shifters,LEC,Support,LEC Versus · saison régulière,11,0.546,2.82,519.0,7.0,55.0,526.0
Jun,GiantX,LEC,Support,LEC Versus · saison régulière,11,0.546,2.89,518.0,2.0,55.0,520.0
Jackies,GiantX,LEC,Mid,LEC Versus · saison régulière,11,0.546,2.97,512.0,2.0,55.0,514.0
Razork,Fnatic,LEC,Jungle,LEC Versus · saison régulière,11,0.454,2.94,512.0,0.0,55.0,512.0
Upset,Fnatic,LEC,ADC,LEC Versus · saison régulière,11,0.454,7.0,512.0,0.0,55.0,512.0
Crownie,Witchcraft,LEC,ADC,LEC Versus · saison régulière,11,0.454,3.08,511.0,-1.0,55.0,510.0
Empyros,Fnatic,LEC,Top,LEC Versus · saison régulière,11,0.454,2.36,492.0,0.0,55.0,492.0
Sheo,Shifters,LEC,Jungle,LEC Versus · saison régulière,11,0.546,3.32,477.0,7.0,55.0,484.0
Nemesis,Witchcraft,LEC,Mid,LEC Versus · saison régulière,11,0.454,3.5,485.0,-1.0,55.0,484.0
Vladi,Fnatic,LEC,Mid,LEC Versus · saison régulière,11,0.454,3.23,481.0,0.0,55.0,481.0
Lot,GiantX,LEC,Top,LEC Versus · saison régulière,11,0.546,2.23,477.0,2.0,55.0,479.0
Noah,GiantX,LEC,ADC,LEC Versus · saison régulière,11,0.546,4.45,459.0,2.0,55.0,461.0
Velja,Witchcraft,LEC,Jungle,LEC Versus · saison régulière,11,0.454,2.35,457.0,-1.0,55.0,456.0
LIDER,SK Gaming,LEC,Mid,LEC Versus · saison régulière,11,0.273,2.63,446.0,0.0,55.0,446.0
Boukada,Shifters,LEC,Jungle,LEC Versus · saison régulière,11,0.454,3.18,440.0,3.0,55.0,443.0
Baus,Los Ratones,LEC,Top,LEC Versus · saison régulière,11,0.454,1.24,425.0,-1.0,55.0,424.0
Jopa,SK Gaming,LEC,ADC,LEC Versus · saison régulière,11,0.273,3.26,417.0,0.0,55.0,417.0
Rooster,Shifters,LEC,Top,LEC Versus · saison régulière,11,0.454,3.0,411.0,3.0,55.0,414.0
Mikyx,SK Gaming,LEC,Support,LEC Versus · saison régulière,11,0.273,1.68,403.0,0.0,55.0,403.0
Skeanz,SK Gaming,LEC,Jungle,LEC Versus · saison régulière,11,0.273,2.75,382.0,0.0,55.0,382.0
Wunder,SK Gaming,LEC,Top,LEC Versus · saison régulière,11,0.273,2.44,381.0,0.0,55.0,381.0
Prime,Karmine Corp Blue,LFL,Support,LEC Versus · saison régulière,11,0.182,2.33,374.0,-6.0,55.0,368.0
Yukino,Karmine Corp Blue,LFL,Jungle,LEC Versus · saison régulière,11,0.182,1.9,373.0,-6.0,55.0,367.0
Kamiloo,Karmine Corp Blue,LFL,Mid,LEC Versus · saison régulière,11,0.182,1.77,371.0,-6.0,55.0,365.0
nuc,Shifters,LEC,Mid,LEC Versus · saison régulière,11,0.454,3.31,348.0,3.0,55.0,351.0
Hazel,ROSSMANN Centaurs,PRM,ADC,LEC Versus · saison régulière,11,0.182,2.33,338.0,-6.0,55.0,332.0
Ice,Team Heretics,LEC,ADC,LEC Versus · saison régulière,11,0.546,4.35,321.0,7.0,55.0,328.0
Paduck,Shifters,LEC,ADC,LEC Versus · saison régulière,11,0.454,3.5,312.0,3.0,55.0,315.0
Tao,Karmine Corp Blue,LFL,Top,LEC Versus · saison régulière,11,0.182,1.42,306.0,-6.0,55.0,300.0
Serin,Team Heretics,LEC,Mid,LEC Versus · saison régulière,11,0.546,4.61,274.0,7.0,55.0,281.0
Tracyn,Team Heretics,LEC,Top,LEC Versus · saison régulière,11,0.546,2.93,271.0,7.0,55.0,278.0
Batuuu,Team Heretics Academy,LES,Support,LES Final Four · playoffs,5,0.4,6.6,460.0,0.0,55.0,460.0
Fresskowy,Movistar KOI Fénix,LES,Mid,LES Final Four · playoffs,9,0.667,3.58,451.0,2.0,55.0,453.0
Mercy9,Team Heretics Academy,LES,Mid,LES Final Four · playoffs,5,0.4,4.58,421.0,0.0,55.0,421.0
Lure,Team Heretics Academy,LES,ADC,LES Final Four · playoffs,5,0.4,5.0,413.0,0.0,55.0,413.0
Papiteero,Team Heretics Academy,LES,Top,LES Final Four · playoffs,5,0.4,4.08,405.0,0.0,55.0,405.0
Myrtus,Movistar KOI Fénix,LES,Support,LES Final Four · playoffs,9,0.667,3.12,386.0,2.0,55.0,388.0
NightSlayer,Movistar KOI Fénix,LES,Top,LES Final Four · playoffs,9,0.667,2.86,369.0,2.0,55.0,371.0
13,Movistar KOI Fénix,LES,ADC,LES Final Four · playoffs,9,0.667,3.03,320.0,2.0,55.0,322.0
Kozi,UCAM Esports,LES,Top,LES Final Four · playoffs,7,0.571,2.58,309.0,2.0,55.0,311.0
XnS,Movistar KOI Fénix,LES,Jungle,LES Final Four · playoffs,9,0.667,2.9,299.0,2.0,55.0,301.0
ESCIK,UCAM Esports,LES,Mid,LES Final Four · playoffs,7,0.571,5.92,284.0,2.0,55.0,286.0
ANDARIEL,UCAM Esports,LES,ADC,LES Final Four · playoffs,7,0.571,4.76,283.0,2.0,55.0,285.0
bluerzor,UCAM Esports,LES,Jungle,LES Final Four · playoffs,7,0.571,3.62,263.0,2.0,55.0,265.0
iLEVI,UCAM Esports,LES,Support,LES Final Four · playoffs,7,0.571,5.78,222.0,2.0,55.0,224.0
Oscure,Barça eSports,LES,Support,LES Final Four · playoffs,3,0.0,1.31,185.0,-4.0,55.0,181.0
Legolas,Barça eSports,LES,ADC,LES Final Four · playoffs,3,0.0,1.0,159.0,-4.0,55.0,155.0
Lurox,Team Heretics Academy,LES,Jungle,LES Final Four · playoffs,5,0.4,4.21,133.0,0.0,55.0,133.0
selenex,Barça eSports,LES,Top,LES Final Four · playoffs,3,0.0,0.92,115.0,-4.0,55.0,111.0
Koldo,Barça eSports,LES,Jungle,LES Final Four · playoffs,3,0.0,1.2,106.0,-4.0,55.0,102.0
Macaquinho,Barça eSports,LES,Mid,LES Final Four · playoffs,3,0.0,1.0,95.0,-4.0,55.0,91.0
Batuuu,Team Heretics Academy,LES,Support,LES Spring · playoffs,8,0.75,5.89,460.0,6.0,55.0,466.0
Fresskowy,Movistar KOI Fénix,LES,Mid,LES Spring · playoffs,8,0.5,3.9,451.0,-4.0,55.0,447.0
Mercy9,Team Heretics Academy,LES,Mid,LES Spring · playoffs,8,0.75,5.84,421.0,6.0,55.0,427.0
Lure,Team Heretics Academy,LES,ADC,LES Spring · playoffs,8,0.75,5.17,413.0,6.0,55.0,419.0
Papiteero,Team Heretics Academy,LES,Top,LES Spring · playoffs,8,0.75,5.81,405.0,6.0,55.0,411.0
Myrtus,Movistar KOI Fénix,LES,Support,LES Spring · playoffs,8,0.5,2.77,386.0,-4.0,55.0,382.0
NightSlayer,Movistar KOI Fénix,LES,Top,LES Spring · playoffs,8,0.5,1.76,369.0,-4.0,55.0,365.0
13,Movistar KOI Fénix,LES,ADC,LES Spring · playoffs,8,0.5,2.7,320.0,-4.0,55.0,316.0
Kozi,UCAM Esports,LES,Top,LES Spring · playoffs,9,0.444,3.57,309.0,-2.0,55.0,307.0
ESCIK,UCAM Esports,LES,Mid,LES Spring · playoffs,9,0.444,3.87,284.0,-2.0,55.0,282.0
ANDARIEL,UCAM Esports,LES,ADC,LES Spring · playoffs,9,0.444,3.4,283.0,-2.0,55.0,281.0
bluerzor,UCAM Esports,LES,Jungle,LES Spring · playoffs,9,0.444,2.94,263.0,-2.0,55.0,261.0
iLEVI,UCAM Esports,LES,Support,LES Spring · playoffs,9,0.444,2.71,222.0,-2.0,55.0,220.0
Oscure,Barça eSports,LES,Support,LES Spring · playoffs,7,0.286,3.14,185.0,-0.0,55.0,185.0
Legolas,Barça eSports,LES,ADC,LES Spring · playoffs,7,0.286,2.11,159.0,-0.0,55.0,159.0
Lurox,Team Heretics Academy,LES,Jungle,LES Spring · playoffs,8,0.75,5.22,133.0,6.0,55.0,139.0
selenex,Barça eSports,LES,Top,LES Spring · playoffs,7,0.286,3.62,115.0,-0.0,55.0,115.0
Koldo,Barça eSports,LES,Jungle,LES Spring · playoffs,7,0.286,2.59,106.0,-0.0,55.0,106.0
Macaquinho,Barça eSports,LES,Mid,LES Spring · playoffs,7,0.286,2.29,95.0,-0.0,55.0,95.0
Time,GIANTX iTero,LES,Jungle,LES Spring · playoffs,8,0.5,2.45,3.0,-4.0,55.0,-1.0
Batuuu,Team Heretics Academy,LES,Support,LES Spring · saison régulière,15,0.933,10.39,460.0,11.0,55.0,471.0
Fresskowy,Movistar KOI Fénix,LES,Mid,LES Spring · saison régulière,16,0.75,5.81,451.0,-2.0,55.0,449.0
Mercy9,Team Heretics Academy,LES,Mid,LES Spring · saison régulière,15,0.933,6.71,421.0,11.0,55.0,432.0
Lure,Team Heretics Academy,LES,ADC,LES Spring · saison régulière,15,0.933,10.67,413.0,11.0,55.0,424.0
Papiteero,Team Heretics Academy,LES,Top,LES Spring · saison régulière,15,0.933,7.89,405.0,11.0,55.0,416.0
Flakked,GiantX,LEC,ADC,LES Spring · saison régulière,15,0.467,4.11,394.0,-1.0,55.0,393.0
Myrtus,Movistar KOI Fénix,LES,Support,LES Spring · saison régulière,16,0.75,5.68,386.0,-2.0,55.0,384.0
NightSlayer,Movistar KOI Fénix,LES,Top,LES Spring · saison régulière,16,0.75,3.91,369.0,-2.0,55.0,367.0
Daglas,Team Heretics,LEC,Jungle,LES Spring · saison régulière,11,0.909,14.55,355.0,9.0,55.0,364.0
13,Movistar KOI Fénix,LES,ADC,LES Spring · saison régulière,16,0.75,3.65,320.0,-2.0,55.0,318.0
Kozi,UCAM Esports,LES,Top,LES Spring · saison régulière,18,0.611,3.24,309.0,-8.0,55.0,301.0
ESCIK,UCAM Esports,LES,Mid,LES Spring · saison régulière,18,0.611,4.69,284.0,-8.0,55.0,276.0
ANDARIEL,UCAM Esports,LES,ADC,LES Spring · saison régulière,18,0.611,4.63,283.0,-8.0,55.0,275.0
bluerzor,UCAM Esports,LES,Jungle,LES Spring · saison régulière,18,0.611,4.44,263.0,-8.0,55.0,255.0
iLEVI,UCAM Esports,LES,Support,LES Spring · saison régulière,18,0.611,3.58,222.0,-8.0,55.0,214.0
Oscure,Barça eSports,LES,Support,LES Spring · saison régulière,17,0.647,4.16,185.0,8.0,55.0,193.0
Legolas,Barça eSports,LES,ADC,LES Spring · saison régulière,17,0.647,5.95,159.0,8.0,55.0,167.0
Lurox,Team Heretics Academy,LES,Jungle,LES Spring · saison régulière,4,1.0,14.0,133.0,2.0,55.0,135.0
selenex,Barça eSports,LES,Top,LES Spring · saison régulière,17,0.647,3.34,115.0,8.0,55.0,123.0
Koldo,Barça eSports,LES,Jungle,LES Spring · saison régulière,17,0.647,5.86,106.0,8.0,55.0,114.0
Macaquinho,Barça eSports,LES,Mid,LES Spring · saison régulière,17,0.647,3.39,95.0,8.0,55.0,103.0
Attila,GIANTX iTero,LES,Support,LES Spring · saison régulière,15,0.467,4.74,13.0,-1.0,55.0,12.0
ManoloGap,GIANTX iTero,LES,Top,LES Spring · saison régulière,15,0.467,2.44,9.0,-1.0,55.0,8.0
Time,GIANTX iTero,LES,Jungle,LES Spring · saison régulière,16,0.75,3.48,3.0,-2.0,55.0,1.0
Miniduke,GIANTX iTero,LES,Mid,LES Spring · saison régulière,15,0.467,2.16,-18.0,-1.0,55.0,-19.0
Th3Antonio,GIANTX iTero,LES,Jungle,LES Spring · saison régulière,15,0.467,3.08,-19.0,-1.0,55.0,-20.0
TIMR,LUA Gaming,LES,Support,LES Spring · saison régulière,16,0.312,2.45,-93.0,0.0,55.0,-93.0
Dani,LUA Gaming,LES,Top,LES Spring · saison régulière,16,0.312,1.47,-146.0,0.0,55.0,-146.0
Kaii,LUA Gaming,LES,ADC,LES Spring · saison régulière,16,0.312,1.98,-148.0,0.0,55.0,-148.0
Hydra,LUA Gaming,LES,Mid,LES Spring · saison régulière,16,0.312,2.57,-148.0,0.0,55.0,-148.0
Pegaso,LUA Gaming,LES,Jungle,LES Spring · saison régulière,16,0.312,1.93,-182.0,0.0,55.0,-182.0
Xixauxas,UB Alma Mater,LES,Support,LES Spring · saison régulière,4,0.0,1.17,-220.0,-3.0,55.0,-223.0
Deleted,Falke Esports,LES,Support,LES Spring · saison régulière,15,0.2,1.51,-229.0,-2.0,55.0,-231.0
Marcv1,Falke Esports,LES,ADC,LES Spring · saison régulière,15,0.2,1.48,-235.0,-2.0,55.0,-237.0
Ivama,UB Alma Mater,LES,Jungle,LES Spring · saison régulière,14,0.0,1.13,-258.0,-6.0,55.0,-264.0
Clicker,Falke Esports,LES,Jungle,LES Spring · saison régulière,15,0.2,1.51,-283.0,-2.0,55.0,-285.0
Ethe,Falke Esports,LES,Top,LES Spring · saison régulière,15,0.2,1.06,-300.0,-2.0,55.0,-302.0
Pasameelcelo,UB Alma Mater,LES,Top,LES Spring · saison régulière,12,0.0,1.13,-305.0,-5.0,55.0,-310.0
Midnight,UB Alma Mater,LES,Mid,LES Spring · saison régulière,15,0.2,1.25,-327.0,-2.0,55.0,-329.0
adrianlaneitor,UB Alma Mater,LES,ADC,LES Spring · saison régulière,14,0.0,0.78,-328.0,-6.0,55.0,-334.0
Pauporter,UB Alma Mater,LES,Mid,LES Spring · saison régulière,14,0.0,0.77,-387.0,-6.0,55.0,-393.0
Kellie,RLX Esports,EBL,Support,LES Spring · saison régulière,10,0.0,0.84,-600.0,-4.0,55.0,-604.0
Batuuu,Team Heretics Academy,LES,Support,LES Summer · playoffs,8,0.625,3.68,460.0,2.0,55.0,462.0
Fresskowy,Movistar KOI Fénix,LES,Mid,LES Summer · playoffs,8,0.75,5.05,451.0,5.0,55.0,456.0
Mercy9,Team Heretics Academy,LES,Mid,LES Summer · playoffs,8,0.625,5.22,421.0,2.0,55.0,423.0
Lure,Team Heretics Academy,LES,ADC,LES Summer · playoffs,8,0.625,3.7,413.0,2.0,55.0,415.0
Papiteero,Team Heretics Academy,LES,Top,LES Summer · playoffs,8,0.625,3.56,405.0,2.0,55.0,407.0
Myrtus,Movistar KOI Fénix,LES,Support,LES Summer · playoffs,8,0.75,4.26,386.0,5.0,55.0,391.0
NightSlayer,Movistar KOI Fénix,LES,Top,LES Summer · playoffs,8,0.75,6.6,369.0,5.0,55.0,374.0
13,Movistar KOI Fénix,LES,ADC,LES Summer · playoffs,8,0.75,3.74,320.0,5.0,55.0,325.0
XnS,Movistar KOI Fénix,LES,Jungle,LES Summer · playoffs,8,0.75,3.77,299.0,5.0,55.0,304.0
Kozi,UCAM Esports,LES,Top,LES Summer · playoffs,6,0.167,2.05,309.0,-7.0,55.0,302.0
ESCIK,UCAM Esports,LES,Mid,LES Summer · playoffs,6,0.167,3.0,284.0,-7.0,55.0,277.0
ANDARIEL,UCAM Esports,LES,ADC,LES Summer · playoffs,6,0.167,3.14,283.0,-7.0,55.0,276.0
bluerzor,UCAM Esports,LES,Jungle,LES Summer · playoffs,6,0.167,1.7,263.0,-7.0,55.0,256.0
iLEVI,UCAM Esports,LES,Support,LES Summer · playoffs,6,0.167,2.3,222.0,-7.0,55.0,215.0
Oscure,Barça eSports,LES,Support,LES Summer · playoffs,6,0.333,2.24,185.0,-0.0,55.0,185.0
Legolas,Barça eSports,LES,ADC,LES Summer · playoffs,6,0.333,1.85,159.0,-0.0,55.0,159.0
Lurox,Team Heretics Academy,LES,Jungle,LES Summer · playoffs,8,0.625,6.47,133.0,2.0,55.0,135.0
selenex,Barça eSports,LES,Top,LES Summer · playoffs,6,0.333,1.75,115.0,-0.0,55.0,115.0
Koldo,Barça eSports,LES,Jungle,LES Summer · playoffs,6,0.333,2.04,106.0,-0.0,55.0,106.0
Macaquinho,Barça eSports,LES,Mid,LES Summer · playoffs,6,0.333,2.26,95.0,-0.0,55.0,95.0
Fresskowy,Movistar KOI Fénix,LES,Mid,LES Summer · saison régulière,16,0.875,6.59,451.0,6.0,55.0,457.0
Batuuu,Team Heretics Academy,LES,Support,LES Summer · saison régulière,17,0.647,4.17,460.0,-12.0,55.0,448.0
Mercy9,Team Heretics Academy,LES,Mid,LES Summer · saison régulière,17,0.647,3.89,421.0,-12.0,55.0,409.0
Lure,Team Heretics Academy,LES,ADC,LES Summer · saison régulière,17,0.647,3.68,413.0,-12.0,55.0,401.0
Papiteero,Team Heretics Academy,LES,Top,LES Summer · saison régulière,17,0.647,3.81,405.0,-12.0,55.0,393.0
Myrtus,Movistar KOI Fénix,LES,Support,LES Summer · saison régulière,16,0.875,3.84,386.0,6.0,55.0,392.0
NightSlayer,Movistar KOI Fénix,LES,Top,LES Summer · saison régulière,16,0.875,6.26,369.0,6.0,55.0,375.0
13,Movistar KOI Fénix,LES,ADC,LES Summer · saison régulière,16,0.875,3.92,320.0,6.0,55.0,326.0
Kozi,UCAM Esports,LES,Top,LES Summer · saison régulière,15,0.867,4.5,309.0,10.0,55.0,319.0
XnS,Movistar KOI Fénix,LES,Jungle,LES Summer · saison régulière,16,0.875,7.06,299.0,6.0,55.0,305.0
ESCIK,UCAM Esports,LES,Mid,LES Summer · saison régulière,15,0.867,9.39,284.0,10.0,55.0,294.0
ANDARIEL,UCAM Esports,LES,ADC,LES Summer · saison régulière,15,0.867,7.71,283.0,10.0,55.0,293.0
bluerzor,UCAM Esports,LES,Jungle,LES Summer · saison régulière,15,0.867,7.38,263.0,10.0,55.0,273.0
iLEVI,UCAM Esports,LES,Support,LES Summer · saison régulière,15,0.867,4.96,222.0,10.0,55.0,232.0
Oscure,Barça eSports,LES,Support,LES Summer · saison régulière,16,0.562,3.46,185.0,-0.0,55.0,185.0
Legolas,Barça eSports,LES,ADC,LES Summer · saison régulière,16,0.562,3.94,159.0,-0.0,55.0,159.0
Lurox,Team Heretics Academy,LES,Jungle,LES Summer · saison régulière,17,0.647,4.02,133.0,-12.0,55.0,121.0
selenex,Barça eSports,LES,Top,LES Summer · saison régulière,16,0.562,3.06,115.0,-0.0,55.0,115.0
Koldo,Barça eSports,LES,Jungle,LES Summer · saison régulière,16,0.562,4.18,106.0,-0.0,55.0,106.0
Dyenn,GIANTX iTero,LES,Mid,LES Summer · saison régulière,16,0.438,2.76,103.0,0.0,55.0,103.0
Macaquinho,Barça eSports,LES,Mid,LES Summer · saison régulière,16,0.562,4.0,95.0,-0.0,55.0,95.0
Attila,GIANTX iTero,LES,Support,LES Summer · saison régulière,16,0.438,2.94,13.0,0.0,55.0,13.0
Time,GIANTX iTero,LES,Jungle,LES Summer · saison régulière,16,0.438,3.12,3.0,0.0,55.0,3.0
Th3Antonio,GIANTX iTero,LES,Jungle,LES Summer · saison régulière,16,0.438,2.05,-19.0,0.0,55.0,-19.0
Mentos,Falke Esports,LES,Mid,LES Summer · saison régulière,15,0.067,3.02,-54.0,-6.0,55.0,-60.0
Niqkl,LUA Gaming,LES,Top,LES Summer · saison régulière,16,0.312,1.6,-69.0,-1.0,55.0,-70.0
TIMR,LUA Gaming,LES,Support,LES Summer · saison régulière,16,0.312,2.4,-93.0,-1.0,55.0,-94.0
Rayito,GIANTX iTero,LES,ADC,LES Summer · saison régulière,16,0.438,2.87,-110.0,0.0,55.0,-110.0
Bobsik,Falke Esports,LES,Top,LES Summer · saison régulière,15,0.067,1.24,-105.0,-6.0,55.0,-111.0
Kaii,LUA Gaming,LES,ADC,LES Summer · saison régulière,16,0.312,2.77,-148.0,-1.0,55.0,-149.0
Hydra,LUA Gaming,LES,Mid,LES Summer · saison régulière,16,0.312,2.48,-148.0,-1.0,55.0,-149.0
Pegaso,LUA Gaming,LES,Jungle,LES Summer · saison régulière,16,0.312,2.41,-182.0,-1.0,55.0,-183.0
Xixauxas,UB Alma Mater,LES,Support,LES Summer · saison régulière,15,0.2,1.47,-220.0,3.0,55.0,-217.0
Deleted,Falke Esports,LES,Support,LES Summer · saison régulière,15,0.067,1.64,-229.0,-6.0,55.0,-235.0
Marcv1,Falke Esports,LES,ADC,LES Summer · saison régulière,15,0.067,2.23,-235.0,-6.0,55.0,-241.0
Ivama,UB Alma Mater,LES,Jungle,LES Summer · saison régulière,15,0.2,1.62,-258.0,3.0,55.0,-255.0
Clicker,Falke Esports,LES,Jungle,LES Summer · saison régulière,15,0.067,1.57,-283.0,-6.0,55.0,-289.0
Pasameelcelo,UB Alma Mater,LES,Top,LES Summer · saison régulière,15,0.2,1.33,-305.0,3.0,55.0,-302.0
Midnight,UB Alma Mater,LES,Mid,LES Summer · saison régulière,15,0.2,1.42,-327.0,3.0,55.0,-324.0
adrianlaneitor,UB Alma Mater,LES,ADC,LES Summer · saison régulière,15,0.2,1.38,-328.0,3.0,55.0,-325.0
Batuuu,Team Heretics Academy,LES,Support,LES Winter · saison régulière,5,0.6,5.15,460.0,-1.0,55.0,459.0
Fresskowy,Movistar KOI Fénix,LES,Mid,LES Winter · saison régulière,10,0.8,8.0,451.0,4.0,55.0,455.0
Mercy9,Team Heretics Academy,LES,Mid,LES Winter · saison régulière,5,0.6,3.14,421.0,-1.0,55.0,420.0
Lure,Team Heretics Academy,LES,ADC,LES Winter · saison régulière,5,0.6,3.28,413.0,-1.0,55.0,412.0
Flakked,GiantX,LEC,ADC,LES Winter · saison régulière,6,0.5,4.43,394.0,-1.0,55.0,393.0
Myrtus,Movistar KOI Fénix,LES,Support,LES Winter · saison régulière,10,0.8,4.57,386.0,4.0,55.0,390.0
NightSlayer,Movistar KOI Fénix,LES,Top,LES Winter · saison régulière,10,0.8,4.36,369.0,4.0,55.0,373.0
Daglas,Team Heretics,LEC,Jungle,LES Winter · saison régulière,5,0.6,5.5,355.0,-1.0,55.0,354.0
13,Movistar KOI Fénix,LES,ADC,LES Winter · saison régulière,10,0.8,5.24,320.0,4.0,55.0,324.0
Kozi,UCAM Esports,LES,Top,LES Winter · saison régulière,7,0.571,3.58,309.0,1.0,55.0,310.0
ESCIK,UCAM Esports,LES,Mid,LES Winter · saison régulière,7,0.571,4.74,284.0,1.0,55.0,285.0
ANDARIEL,UCAM Esports,LES,ADC,LES Winter · saison régulière,7,0.571,5.06,283.0,1.0,55.0,284.0
bluerzor,UCAM Esports,LES,Jungle,LES Winter · saison régulière,7,0.571,5.53,263.0,1.0,55.0,264.0
iLEVI,UCAM Esports,LES,Support,LES Winter · saison régulière,7,0.571,3.25,222.0,1.0,55.0,223.0
Oscure,Barça eSports,LES,Support,LES Winter · saison régulière,11,0.454,3.06,185.0,1.0,55.0,186.0
Legolas,Barça eSports,LES,ADC,LES Winter · saison régulière,11,0.454,2.43,159.0,1.0,55.0,160.0
selenex,Barça eSports,LES,Top,LES Winter · saison régulière,11,0.454,3.17,115.0,1.0,55.0,116.0
Koldo,Barça eSports,LES,Jungle,LES Winter · saison régulière,11,0.454,3.62,106.0,1.0,55.0,107.0
Macaquinho,Barça eSports,LES,Mid,LES Winter · saison régulière,11,0.454,3.05,95.0,1.0,55.0,96.0
Mihile,Team Heretics Academy,LES,Top,LES Winter · saison régulière,5,0.6,3.91,88.0,-1.0,55.0,87.0
Attila,GIANTX iTero,LES,Support,LES Winter · saison régulière,6,0.5,5.33,13.0,-1.0,55.0,12.0
ManoloGap,GIANTX iTero,LES,Top,LES Winter · saison régulière,6,0.5,2.71,9.0,-1.0,55.0,8.0
Time,GIANTX iTero,LES,Jungle,LES Winter · saison régulière,10,0.8,4.03,3.0,4.0,55.0,7.0
Miniduke,GIANTX iTero,LES,Mid,LES Winter · saison régulière,6,0.5,2.48,-18.0,-1.0,55.0,-19.0
Th3Antonio,GIANTX iTero,LES,Jungle,LES Winter · saison régulière,6,0.5,2.43,-19.0,-1.0,55.0,-20.0
TIMR,LUA Gaming,LES,Support,LES Winter · saison régulière,3,0.0,2.56,-93.0,-2.0,55.0,-95.0
Dani,LUA Gaming,LES,Top,LES Winter · saison régulière,3,0.0,1.91,-146.0,-2.0,55.0,-148.0
Kaii,LUA Gaming,LES,ADC,LES Winter · saison régulière,3,0.0,1.43,-148.0,-2.0,55.0,-150.0
Hydra,LUA Gaming,LES,Mid,LES Winter · saison régulière,3,0.0,3.22,-148.0,-2.0,55.0,-150.0
Pegaso,LUA Gaming,LES,Jungle,LES Winter · saison régulière,3,0.0,2.0,-182.0,-2.0,55.0,-184.0
Ivama,UB Alma Mater,LES,Jungle,LES Winter · saison régulière,5,0.4,3.06,-258.0,1.0,55.0,-257.0
Ethe,Falke Esports,LES,Top,LES Winter · saison régulière,3,0.0,0.71,-300.0,-3.0,55.0,-303.0
adrianlaneitor,UB Alma Mater,LES,ADC,LES Winter · saison régulière,5,0.4,2.16,-328.0,1.0,55.0,-327.0
Midnight,UB Alma Mater,LES,Mid,LES Winter · saison régulière,3,0.0,1.07,-327.0,-3.0,55.0,-330.0
naau,Aeterna Esports,LIT,Jungle,LES Winter · saison régulière,3,0.0,1.36,-380.0,-3.0,55.0,-383.0
Pauporter,UB Alma Mater,LES,Mid,LES Winter · saison régulière,5,0.4,3.08,-387.0,1.0,55.0,-386.0
Bruno,Kawaii Kiwis,LES,Jungle,LES · saison régulière,15,0.6,3.69,50.0,-3.0,55.0,47.0
Kingsblade,Kawaii Kiwis,LES,Top,LES · saison régulière,15,0.6,2.31,24.0,-3.0,55.0,21.0
joeyscags,Kawaii Kiwis,LES,Support,LES · saison régulière,15,0.6,3.11,19.0,-3.0,55.0,16.0
Toumes,Kawaii Kiwis,LES,Mid,LES · saison régulière,15,0.6,3.04,6.0,-3.0,55.0,3.0
Sorrow,Kawaii Kiwis,LES,ADC,LES · saison régulière,15,0.6,2.62,-24.0,-3.0,55.0,-27.0
Satto,Guinea Pink,NL,Support,LES · saison régulière,5,0.4,3.78,-33.0,-2.0,55.0,-35.0
Mentos,Falke Esports,LES,Mid,LES · saison régulière,5,0.4,4.53,-54.0,6.0,55.0,-48.0
Bobsik,Falke Esports,LES,Top,LES · saison régulière,5,0.4,1.9,-105.0,6.0,55.0,-99.0
Deleted,Falke Esports,LES,Support,LES · saison régulière,5,0.4,2.75,-229.0,6.0,55.0,-223.0
Marcv1,Falke Esports,LES,ADC,LES · saison régulière,5,0.4,3.1,-235.0,6.0,55.0,-229.0
Clicker,Falke Esports,LES,Jungle,LES · saison régulière,5,0.4,3.39,-283.0,6.0,55.0,-277.0
Thayger,Galions,LFL,Jungle,LFL · playoffs,28,0.75,5.48,615.0,8.0,54.0,623.0
Kryze,Solary,LFL,Top,LFL · playoffs,19,0.684,3.94,620.0,-3.0,55.0,617.0
Carlsen,Galions,LFL,Top,LFL · playoffs,28,0.75,4.91,598.0,8.0,54.0,606.0
Zicssi,Solary,LFL,Jungle,LFL · playoffs,19,0.684,4.82,604.0,-3.0,55.0,601.0
Zoelys,Galions,LFL,Support,LFL · playoffs,28,0.75,5.91,591.0,8.0,54.0,599.0
Piero,Solary,LFL,Support,LFL · playoffs,19,0.684,4.08,601.0,-3.0,55.0,598.0
Aetinoth,Solary,LFL,ADC,LFL · playoffs,19,0.684,3.43,601.0,-3.0,55.0,598.0
HARPOON,Galions,LFL,ADC,LFL · playoffs,28,0.75,4.56,579.0,8.0,54.0,587.0
Jool,Solary,LFL,Mid,LFL · playoffs,19,0.684,2.83,572.0,-3.0,55.0,569.0
OMON,Galions,LFL,Mid,LFL · playoffs,28,0.75,3.89,550.0,8.0,54.0,558.0
Stend,Shifters,LEC,Support,LFL · playoffs,2,0.0,0.5,519.0,-2.0,55.0,517.0
Ragner,Joblife,LFL,Top,LFL · playoffs,4,0.0,1.25,431.0,-6.0,55.0,425.0
Spooder,TLN Pirates,LFL,Top,LFL · playoffs,28,0.5,3.13,407.0,2.0,54.0,409.0
Prime,Karmine Corp Blue,LFL,Support,LFL · playoffs,25,0.52,4.26,374.0,6.0,54.0,380.0
Thomas,TLN Pirates,LFL,Support,LFL · playoffs,28,0.5,3.46,377.0,2.0,54.0,379.0
Yukino,Karmine Corp Blue,LFL,Jungle,LFL · playoffs,25,0.52,3.22,373.0,6.0,54.0,379.0
Yakkey,Vitality.Bee,LFL,ADC,LFL · playoffs,13,0.308,2.82,382.0,-3.0,55.0,379.0
Axelent,TLN Pirates,LFL,ADC,LFL · playoffs,28,0.5,3.38,376.0,2.0,54.0,378.0
Kamiloo,Karmine Corp Blue,LFL,Mid,LFL · playoffs,25,0.52,4.03,371.0,6.0,54.0,377.0
Looki,Karmine Corp Blue,LFL,ADC,LFL · playoffs,14,0.643,4.57,361.0,6.0,55.0,367.0
Nafkelah,Skillcamp,LFL,Mid,LFL · playoffs,10,0.4,3.89,359.0,3.0,55.0,362.0
Toffe,TLN Pirates,LFL,Mid,LFL · playoffs,28,0.5,2.77,359.0,2.0,54.0,361.0
Stefan,TLN Pirates,LFL,Jungle,LFL · playoffs,28,0.5,3.29,357.0,2.0,54.0,359.0
Steeelback,Skillcamp,LFL,Support,LFL · playoffs,10,0.4,2.2,346.0,3.0,55.0,349.0
Hazel,ROSSMANN Centaurs,PRM,ADC,LFL · playoffs,11,0.364,3.92,338.0,1.0,55.0,339.0
Yeti,Skillcamp,LFL,Top,LFL · playoffs,10,0.4,2.63,333.0,3.0,55.0,336.0
Czajek,Vitality.Bee,LFL,Mid,LFL · playoffs,13,0.308,3.43,326.0,-3.0,55.0,323.0
Kofte,Joblife,LFL,Mid,LFL · playoffs,4,0.0,1.38,327.0,-6.0,55.0,321.0
SPOOKY,Skillcamp,LFL,Jungle,LFL · playoffs,10,0.4,2.55,314.0,3.0,55.0,317.0
Tao,Karmine Corp Blue,LFL,Top,LFL · playoffs,25,0.52,1.94,306.0,6.0,54.0,312.0
Manaty,Ici Japon Corp. Esport,LFL,Jungle,LFL · playoffs,11,0.273,2.37,314.0,-4.0,55.0,310.0
Dekap,Vitality.Bee,LFL,Support,LFL · playoffs,13,0.308,2.3,303.0,-3.0,55.0,300.0
Potent,Vitality.Bee,LFL,Top,LFL · playoffs,13,0.308,1.85,293.0,-3.0,55.0,290.0
Keduii,Joblife,PRM,ADC,LFL · playoffs,4,0.0,1.3,288.0,-6.0,55.0,282.0
Dajor,Ici Japon Corp. Esport,LFL,Mid,LFL · playoffs,10,0.2,2.93,251.0,-7.0,55.0,244.0
Badlulu,Ici Japon Corp. Esport,LFL,Top,LFL · playoffs,10,0.2,1.95,229.0,-7.0,55.0,222.0
Dawciu,Vitality.Bee,LFL,Jungle,LFL · playoffs,13,0.308,1.79,225.0,-3.0,55.0,222.0
Soldier,Ici Japon Corp. Esport,LFL,ADC,LFL · playoffs,10,0.2,3.42,209.0,-7.0,55.0,202.0
xKenzuke,Esprit Shōnen,LFL,Mid,LFL · playoffs,6,0.333,2.48,199.0,2.0,55.0,201.0
Kaboom,SU Esports,LFL,Jungle,LFL · playoffs,4,0.0,1.32,194.0,-6.0,55.0,188.0
Wao,ZYB Esport,LFL,Top,LFL · playoffs,5,0.2,1.65,189.0,-2.0,55.0,187.0
whiteinn,Ici Japon Corp. Esport,LFL,Support,LFL · playoffs,10,0.2,1.68,192.0,-7.0,55.0,185.0
Shift,Joblife,LFL,Jungle,LFL · playoffs,4,0.0,1.24,180.0,-6.0,55.0,174.0
Exofeng,Skillcamp,LFL,ADC,LFL · playoffs,10,0.4,4.03,159.0,3.0,55.0,162.0
Jezu,ZYB Esport,LFL,ADC,LFL · playoffs,5,0.2,3.36,155.0,-2.0,55.0,153.0
Leny,Frites Esports Club,ROL,Top,LFL · playoffs,6,0.333,1.35,147.0,2.0,55.0,149.0
Nisqy,ZYB Esport,LFL,Mid,LFL · playoffs,5,0.2,1.45,130.0,-2.0,55.0,128.0
Booshi,ZYB Esport,LFL,ADC,LFL · playoffs,6,0.333,3.06,120.0,2.0,55.0,122.0
Mersa,Joblife,LFL,Support,LFL · playoffs,4,0.0,1.32,103.0,-6.0,55.0,97.0
Riippp,ZYB Esport,LFL,Support,LFL · playoffs,3,0.333,2.85,91.0,-0.0,55.0,91.0
Mxe,Magaza Esports,EBL,Support,LFL · playoffs,6,0.333,2.65,29.0,2.0,55.0,31.0
Kobs,ZYB Esport,LFL,Jungle,LFL · playoffs,6,0.333,2.19,28.0,2.0,55.0,30.0
Kryze,Solary,LFL,Top,LFL · saison régulière,36,0.806,5.31,620.0,8.0,54.0,628.0
Zicssi,Solary,LFL,Jungle,LFL · saison régulière,36,0.806,5.46,604.0,8.0,54.0,612.0
Aetinoth,Solary,LFL,ADC,LFL · saison régulière,35,0.8,3.97,601.0,8.0,54.0,609.0
Targamas,French Flair,LFL,Support,LFL · saison régulière,25,0.68,4.23,603.0,6.0,54.0,609.0
Piero,Solary,LFL,Support,LFL · saison régulière,35,0.8,5.0,601.0,7.0,54.0,608.0
NattyNatt,French Flair,LFL,Jungle,LFL · saison régulière,25,0.68,3.25,597.0,6.0,54.0,603.0
Thayger,Galions,LFL,Jungle,LFL · saison régulière,43,0.581,4.46,615.0,-19.0,54.0,596.0
3XA,Joblife,LFL,ADC,LFL · saison régulière,31,0.645,4.56,589.0,7.0,54.0,596.0
Jool,Solary,LFL,Mid,LFL · saison régulière,36,0.806,4.67,572.0,8.0,54.0,580.0
Carlsen,Galions,LFL,Top,LFL · saison régulière,43,0.581,3.46,598.0,-19.0,54.0,579.0
Zoelys,Galions,LFL,Support,LFL · saison régulière,43,0.581,3.94,591.0,-19.0,54.0,572.0
HARPOON,Galions,LFL,ADC,LFL · saison régulière,43,0.581,3.98,579.0,-19.0,54.0,560.0
OMON,Galions,LFL,Mid,LFL · saison régulière,43,0.581,3.13,550.0,-19.0,54.0,531.0
HungryPanda,Joblife,LFL,Support,LFL · saison régulière,19,0.526,2.34,470.0,7.0,55.0,477.0
Ragner,Joblife,LFL,Top,LFL · saison régulière,9,0.556,3.34,431.0,1.0,55.0,432.0
Spooder,TLN Pirates,LFL,Top,LFL · saison régulière,38,0.605,2.59,407.0,1.0,54.0,408.0
Adam,ZYB Esport,LFL,Top,LFL · saison régulière,39,0.538,3.17,408.0,-4.0,54.0,404.0
Yakkey,Vitality.Bee,LFL,ADC,LFL · saison régulière,18,0.611,6.24,382.0,10.0,55.0,392.0
Boda,Kaufland Hangry Knights,PRM,Top,LFL · saison régulière,12,0.5,2.57,379.0,3.0,55.0,382.0
Thomas,TLN Pirates,LFL,Support,LFL · saison régulière,38,0.605,3.15,377.0,1.0,54.0,378.0
Prime,Karmine Corp Blue,LFL,Support,LFL · saison régulière,18,0.611,3.74,374.0,4.0,55.0,378.0
Axelent,TLN Pirates,LFL,ADC,LFL · saison régulière,38,0.605,4.09,376.0,1.0,54.0,377.0
Yukino,Karmine Corp Blue,LFL,Jungle,LFL · saison régulière,18,0.611,3.91,373.0,4.0,55.0,377.0
Kamiloo,Karmine Corp Blue,LFL,Mid,LFL · saison régulière,18,0.611,4.03,371.0,4.0,55.0,375.0
SAKEN,ZYB Esport,LFL,Mid,LFL · saison régulière,37,0.54,4.23,371.0,-3.0,54.0,368.0
Nafkelah,Skillcamp,LFL,Mid,LFL · saison régulière,41,0.561,3.9,359.0,3.0,54.0,362.0
Toffe,TLN Pirates,LFL,Mid,LFL · saison régulière,38,0.605,2.96,359.0,1.0,54.0,360.0
Looki,Karmine Corp Blue,LFL,ADC,LFL · saison régulière,12,0.5,4.5,361.0,-2.0,55.0,359.0
Stefan,TLN Pirates,LFL,Jungle,LFL · saison régulière,38,0.605,3.05,357.0,1.0,54.0,358.0
Vertigo,Joblife,LFL,Top,LFL · saison régulière,31,0.452,3.57,351.0,1.0,54.0,352.0
Steeelback,Skillcamp,LFL,Support,LFL · saison régulière,41,0.561,3.88,346.0,3.0,54.0,349.0
Hazel,ROSSMANN Centaurs,PRM,ADC,LFL · saison régulière,9,0.667,4.15,338.0,4.0,55.0,342.0
Doss,Kaufland Hangry Knights,PRM,Support,LFL · saison régulière,12,0.5,3.28,336.0,3.0,55.0,339.0
Yeti,Skillcamp,LFL,Top,LFL · saison régulière,41,0.561,2.83,333.0,3.0,54.0,336.0
Czajek,Vitality.Bee,LFL,Mid,LFL · saison régulière,30,0.467,3.98,326.0,4.0,54.0,330.0
Kofte,Joblife,LFL,Mid,LFL · saison régulière,9,0.556,5.28,327.0,1.0,55.0,328.0
UNF0RGIVEN,Kaufland Hangry Knights,PRM,ADC,LFL · saison régulière,12,0.5,3.33,317.0,3.0,55.0,320.0
Manaty,Ici Japon Corp. Esport,LFL,Jungle,LFL · saison régulière,29,0.414,3.38,314.0,5.0,54.0,319.0
SPOOKY,Skillcamp,LFL,Jungle,LFL · saison régulière,41,0.561,3.32,314.0,3.0,54.0,317.0
Tao,Karmine Corp Blue,LFL,Top,LFL · saison régulière,18,0.611,2.25,306.0,4.0,55.0,310.0
Comp,Joblife,LFL,ADC,LFL · saison régulière,28,0.429,3.49,309.0,1.0,54.0,310.0
Dekap,Vitality.Bee,LFL,Support,LFL · saison régulière,30,0.467,3.34,303.0,4.0,54.0,307.0
Potent,Vitality.Bee,LFL,Top,LFL · saison régulière,30,0.467,2.26,293.0,4.0,54.0,297.0
Avra,Esprit Shōnen,LFL,ADC,LFL · saison régulière,10,0.3,2.97,263.0,-0.0,55.0,263.0
Dajor,Ici Japon Corp. Esport,LFL,Mid,LFL · saison régulière,21,0.476,3.6,251.0,4.0,54.0,255.0
Oleg,Karmine Corp Blue Stars,NL,Jungle,LFL · saison régulière,3,0.333,2.43,248.0,-2.0,55.0,246.0
Badlulu,Ici Japon Corp. Esport,LFL,Top,LFL · saison régulière,21,0.476,2.68,229.0,4.0,54.0,233.0
Dawciu,Vitality.Bee,LFL,Jungle,LFL · saison régulière,30,0.467,3.57,225.0,4.0,54.0,229.0
J3rkie,Ruddy Corporation,NLC,Support,LFL · saison régulière,2,0.0,2.91,219.0,-1.0,55.0,218.0
Soldier,Ici Japon Corp. Esport,LFL,ADC,LFL · saison régulière,21,0.476,3.83,209.0,4.0,54.0,213.0
Koala,Esprit Shōnen,NL,Top,LFL · saison régulière,6,0.167,1.86,216.0,-4.0,55.0,212.0
xKenzuke,Esprit Shōnen,LFL,Mid,LFL · saison régulière,18,0.222,2.32,199.0,0.0,55.0,199.0
Panda,Karmine Corp Blue Stars,NL,Mid,LFL · saison régulière,3,0.333,5.0,198.0,-2.0,55.0,196.0
whiteinn,Ici Japon Corp. Esport,LFL,Support,LFL · saison régulière,21,0.476,3.03,192.0,4.0,54.0,196.0
Kaboom,SU Esports,LFL,Jungle,LFL · saison régulière,15,0.4,1.96,194.0,-1.0,55.0,193.0
Wao,ZYB Esport,LFL,Top,LFL · saison régulière,9,0.333,1.68,189.0,2.0,55.0,191.0
Sayn,Verdant,NLC,Mid,LFL · saison régulière,12,0.5,2.74,181.0,3.0,55.0,184.0
Shift,Joblife,LFL,Jungle,LFL · saison régulière,37,0.46,2.57,180.0,2.0,54.0,182.0
Exofeng,Skillcamp,LFL,ADC,LFL · saison régulière,18,0.833,5.79,159.0,5.0,55.0,164.0
Jezu,ZYB Esport,LFL,ADC,LFL · saison régulière,32,0.375,3.48,155.0,-3.0,54.0,152.0
Leny,Frites Esports Club,ROL,Top,LFL · saison régulière,12,0.333,2.57,147.0,2.0,55.0,149.0
Czekolad,LODIS,RL,Mid,LFL · saison régulière,28,0.429,2.27,147.0,1.0,54.0,148.0
Avarice,Project Conquerors,NL,ADC,LFL · saison régulière,11,0.364,3.97,137.0,-0.0,55.0,137.0
Alaric,Karmine Corp Blue Stars,NL,Support,LFL · saison régulière,3,0.333,2.35,135.0,-2.0,55.0,133.0
Nisqy,ZYB Esport,LFL,Mid,LFL · saison régulière,27,0.37,2.59,130.0,-3.0,54.0,127.0
Booshi,ZYB Esport,LFL,ADC,LFL · saison régulière,5,0.2,1.7,120.0,-3.0,55.0,117.0
Koussay,BAAM Esports,AL,Mid,LFL · saison régulière,12,0.333,3.62,100.0,2.0,55.0,102.0
Mersa,Joblife,LFL,Support,LFL · saison régulière,18,0.389,2.89,103.0,-4.0,55.0,99.0
Bambi,Project Conquerors,NL,Top,LFL · saison régulière,11,0.364,2.76,97.0,-0.0,55.0,97.0
Riippp,ZYB Esport,LFL,Support,LFL · saison régulière,32,0.344,1.83,91.0,-5.0,54.0,86.0
Seneca,BAAM Esports,AL,Support,LFL · saison régulière,12,0.333,2.73,73.0,2.0,55.0,75.0
Nan0,Ruddy Corporation,NLC,Mid,LFL · saison régulière,2,0.0,3.0,72.0,-1.0,55.0,71.0
UniqueCORN,Project Conquerors,NL,Mid,LFL · saison régulière,11,0.364,3.37,62.0,-0.0,55.0,62.0
Frost,Project Conquerors,NL,Jungle,LFL · saison régulière,11,0.364,2.62,47.0,-0.0,55.0,47.0
Sunfry,Project Conquerors,NL,Support,LFL · saison régulière,11,0.364,2.21,44.0,-0.0,55.0,44.0
Vizzpers,Vitality.Bee,LFL,ADC,LFL · saison régulière,12,0.25,1.81,49.0,-6.0,55.0,43.0
Gordinho,Esprit Shōnen,LFL,Support,LFL · saison régulière,14,0.0,1.07,38.0,-4.0,55.0,34.0
Mxe,Magaza Esports,EBL,Support,LFL · saison régulière,12,0.333,2.66,29.0,2.0,55.0,31.0
Kobs,ZYB Esport,LFL,Jungle,LFL · saison régulière,20,0.35,2.33,28.0,-5.0,54.0,23.0
Yuros,DIA Ozarox Esports,NL,Mid,LFL · saison régulière,2,0.0,2.0,-6.0,-0.0,55.0,-6.0
Jeykup,Colossal Gaming,LIT,Jungle,LFL · saison régulière,12,0.5,2.91,-24.0,3.0,55.0,-21.0
Addusto,Eintracht Frankfurt,PRM,Top,LFL · saison régulière,10,0.4,1.61,-24.0,3.0,55.0,-21.0
KKT,Bulldog Esports,NLC,Jungle,LFL · saison régulière,12,0.333,1.96,-28.0,2.0,55.0,-26.0
CRoNiiK,Team Phantasma,HLL,Jungle,LFL · saison régulière,3,0.333,2.54,-32.0,0.0,55.0,-32.0
Marty,Galions Sharks,NL,Mid,LFL · saison régulière,2,0.0,5.0,-50.0,-1.0,55.0,-51.0
SwiT,Galions Sharks,NL,Top,LFL · saison régulière,2,0.0,1.73,-83.0,-1.0,55.0,-84.0
Lulas,Esprit Shōnen,LPLOL,Jungle,LFL · saison régulière,9,0.0,1.54,-112.0,-1.0,55.0,-113.0
Deadly,Otter Side,LPLOL,ADC,LFL · saison régulière,23,0.348,3.67,-119.0,-2.0,54.0,-121.0
fantomisto,Esprit Shōnen,RL,Mid,LFL · saison régulière,6,0.0,1.36,-123.0,-1.0,55.0,-124.0
Dream,Galions Sharks,NL,ADC,LFL · saison régulière,2,0.0,2.17,-137.0,-1.0,55.0,-138.0
Kallesyn,Lausanne-Sport Esports,NL,Top,LFL · saison régulière,3,0.333,1.42,-157.0,0.0,55.0,-157.0
shibi,Anonymo Esports,RL,Jungle,LFL · saison régulière,2,0.0,3.9,-164.0,-1.0,55.0,-165.0
Drali,Caldya Esport,NL,Top,LFL · saison régulière,5,0.0,0.71,-178.0,-1.0,55.0,-179.0
Kiki,Caldya Esport,NL,Jungle,LFL · saison régulière,5,0.0,1.15,-184.0,-1.0,55.0,-185.0
Louis,Lausanne-Sport Esports,NL,Mid,LFL · saison régulière,3,0.333,1.9,-186.0,0.0,55.0,-186.0
Hexom,Lausanne-Sport Esports,NL,Support,LFL · saison régulière,3,0.333,1.38,-187.0,0.0,55.0,-187.0
Vespa,Only The Family,EBL,ADC,LFL · saison régulière,12,0.333,2.47,-193.0,2.0,55.0,-191.0
Moto,Lausanne-Sport Esports,NL,Jungle,LFL · saison régulière,3,0.333,1.36,-193.0,0.0,55.0,-193.0
Yen,Esprit Shōnen,LFL,ADC,LFL · saison régulière,15,0.067,1.9,-201.0,-2.0,55.0,-203.0
Owpi,Once Upon A Team,ROL,Top,LFL · saison régulière,2,0.0,1.0,-208.0,-3.0,55.0,-211.0
Archfiend,Esprit Shōnen,EBL,Top,LFL · saison régulière,8,0.0,1.07,-212.0,0.0,55.0,-212.0
rym,Once Upon A Team,ROL,Mid,LFL · saison régulière,2,0.0,0.5,-245.0,-3.0,55.0,-248.0
tomomaso,CITA Kaizen,HM,Top,LFL · saison régulière,2,0.0,3.25,-257.0,-0.0,55.0,-257.0
Marbirius,Caldya Esport,NL,Mid,LFL · saison régulière,3,0.0,0.92,-258.0,0.0,55.0,-258.0
Colomblbl,Once Upon A Team,ROL,Support,LFL · saison régulière,2,0.0,0.91,-291.0,-2.0,55.0,-293.0
Akanania,Caldya Esport,NL,ADC,LFL · saison régulière,3,0.0,0.85,-339.0,0.0,55.0,-339.0
Blazteurs,Crystal Rose,NL,Support,LFL · saison régulière,2,0.0,3.0,-388.0,-0.0,55.0,-388.0
adi1,Bomba Team,RL,Jungle,LIT Spring · playoffs,9,1.0,7.7,74.0,6.0,55.0,80.0
APP,HMBLE,LIT,Top,LIT Spring · playoffs,9,1.0,5.28,30.0,6.0,55.0,36.0
Click,HMBLE,LIT,Support,LIT Spring · playoffs,9,1.0,8.55,3.0,6.0,55.0,9.0
Tyrone,HMBLE,LIT,ADC,LIT Spring · playoffs,9,1.0,10.86,-32.0,6.0,55.0,-26.0
Vigil,HMBLE,LIT,Mid,LIT Spring · playoffs,9,1.0,5.84,-79.0,6.0,55.0,-73.0
Shredder,Colossal Gaming,LIT,Support,LIT Spring · playoffs,19,0.474,4.28,-275.0,4.0,55.0,-271.0
SkaR,Colossal Gaming,LIT,Top,LIT Spring · playoffs,19,0.474,2.04,-301.0,4.0,55.0,-297.0
Sharon,Colossal Gaming,LIT,Mid,LIT Spring · playoffs,11,0.454,2.5,-304.0,-0.0,55.0,-304.0
lobellan,TITANS,LIT,Top,LIT Spring · playoffs,11,0.454,1.57,-319.0,-0.0,55.0,-319.0
MeMo1,Zena Esports,LIT,Mid,LIT Spring · playoffs,8,0.625,2.62,-348.0,8.0,55.0,-340.0
ilyy,Zena Esports,LIT,ADC,LIT Spring · playoffs,8,0.625,4.11,-349.0,8.0,55.0,-341.0
Rharesh,GMBLERS Esports,LIT,ADC,LIT Spring · playoffs,19,0.474,3.76,-367.0,4.0,55.0,-363.0
naau,Aeterna Esports,LIT,Jungle,LIT Spring · playoffs,9,0.667,7.5,-380.0,1.0,55.0,-379.0
Fragola,Colossal Gaming,LIT,Jungle,LIT Spring · playoffs,10,0.5,2.1,-392.0,0.0,55.0,-392.0
PiskHello,Colossal Gaming,LIT,ADC,LIT Spring · playoffs,11,0.454,1.88,-408.0,-0.0,55.0,-408.0
Jekko,Zena Esports,LIT,Jungle,LIT Spring · playoffs,8,0.625,5.0,-419.0,8.0,55.0,-411.0
Nash,Colossal Gaming,LIT,Support,LIT Spring · playoffs,11,0.454,3.52,-413.0,-0.0,55.0,-413.0
The Mountain,EKO Esports,LIT,Top,LIT Spring · playoffs,6,0.0,0.46,-411.0,-11.0,55.0,-422.0
OrthoZero,Zena Esports,LIT,Support,LIT Spring · playoffs,8,0.625,4.91,-436.0,8.0,55.0,-428.0
xHikama,Colossal Gaming,LIT,ADC,LIT Spring · playoffs,3,0.0,0.44,-427.0,-4.0,55.0,-431.0
Strava,GMBLERS Esports,LIT,Top,LIT Spring · playoffs,9,0.667,3.78,-447.0,1.0,55.0,-446.0
Corriragazzo,EKO Esports,LIT,Support,LIT Spring · playoffs,6,0.0,0.83,-441.0,-11.0,55.0,-452.0
DejaVu,GMBLERS Esports,LIT,Mid,LIT Spring · playoffs,19,0.474,3.69,-459.0,4.0,55.0,-455.0
Raffy,Crystal Rose,LIT,Top,LIT Spring · playoffs,8,0.625,3.16,-464.0,8.0,55.0,-456.0
Alvanai,Hyperion (Portuguese Team),LIT,Mid,LIT Spring · playoffs,9,0.667,5.67,-464.0,1.0,55.0,-463.0
Pericolo,Zena Esports,LIT,ADC,LIT Spring · playoffs,9,0.667,3.13,-477.0,1.0,55.0,-476.0
Mario,TIGROTS,LIT,Jungle,LIT Spring · playoffs,19,0.474,3.08,-500.0,4.0,55.0,-496.0
Izo,GMBLERS Esports,LIT,Jungle,LIT Spring · playoffs,6,0.0,0.56,-551.0,-11.0,55.0,-562.0
Lesranct,TITANS,LIT,Jungle,LIT Spring · playoffs,3,0.0,1.75,-585.0,-4.0,55.0,-589.0
S1D,StoneHenge Esports,LIT,Support,LIT Spring · playoffs,3,0.0,0.64,-622.0,-4.0,55.0,-626.0
Alessio,EKO Esports,LIT,ADC,LIT Spring · playoffs,6,0.0,0.76,-632.0,-11.0,55.0,-643.0
Divine,HANGMEN,LIT,Mid,LIT Spring · playoffs,3,0.0,0.64,-672.0,-4.0,55.0,-676.0
Doxy,StoneHenge Esports,LIT,Top,LIT Spring · playoffs,3,0.0,0.13,-674.0,-4.0,55.0,-678.0
Lerax,TITANS,LIT,Top,LIT Spring · playoffs,3,0.0,1.15,-690.0,-4.0,55.0,-694.0
Daskhai,2 Massive,LIT,Mid,LIT Spring · playoffs,3,0.0,1.21,-693.0,-4.0,55.0,-697.0
Luke,TITANS,LIT,Mid,LIT Spring · playoffs,6,0.0,0.39,-697.0,-11.0,55.0,-708.0
Bubba,TITANS,LIT,Support,LIT Spring · playoffs,3,0.0,1.25,-731.0,-4.0,55.0,-735.0
RaptoSauros,TITANS,LIT,ADC,LIT Spring · playoffs,3,0.0,1.77,-764.0,-4.0,55.0,-768.0
Sjakal,StoneHenge Esports,LIT,Jungle,LIT Spring · playoffs,3,0.0,0.82,-834.0,-4.0,55.0,-838.0
adi1,Bomba Team,RL,Jungle,LIT Spring · saison régulière,7,1.0,6.27,74.0,-3.0,55.0,71.0
APP,HMBLE,LIT,Top,LIT Spring · saison régulière,7,1.0,5.21,30.0,-3.0,55.0,27.0
Click,HMBLE,LIT,Support,LIT Spring · saison régulière,7,1.0,6.33,3.0,-3.0,55.0,0.0
Tyrone,HMBLE,LIT,ADC,LIT Spring · saison régulière,7,1.0,10.89,-32.0,-3.0,55.0,-35.0
Vigil,HMBLE,LIT,Mid,LIT Spring · saison régulière,7,1.0,5.8,-79.0,-3.0,55.0,-82.0
Wall,StoneHenge Esports,LIT,Mid,LIT Spring · saison régulière,6,0.5,5.21,-240.0,8.0,55.0,-232.0
Budino,P11 Esports,LIT,Mid,LIT Spring · saison régulière,17,0.706,3.11,-259.0,3.0,55.0,-256.0
Shredder,Colossal Gaming,LIT,Support,LIT Spring · saison régulière,7,0.571,4.69,-275.0,-1.0,55.0,-276.0
Sharon,Colossal Gaming,LIT,Mid,LIT Spring · saison régulière,7,0.714,5.45,-304.0,4.0,55.0,-300.0
SkaR,Colossal Gaming,LIT,Top,LIT Spring · saison régulière,7,0.571,3.38,-301.0,-1.0,55.0,-302.0
lobellan,TITANS,LIT,Top,LIT Spring · saison régulière,7,0.714,2.5,-319.0,4.0,55.0,-315.0
P11 Keyross,P11 Esports,LIT,Jungle,LIT Spring · saison régulière,17,0.706,4.79,-340.0,3.0,55.0,-337.0
MeMo1,Zena Esports,LIT,Mid,LIT Spring · saison régulière,4,0.5,2.5,-348.0,-1.0,55.0,-349.0
ilyy,Zena Esports,LIT,ADC,LIT Spring · saison régulière,6,0.5,2.22,-349.0,-3.0,55.0,-352.0
P11 Demo,P11 Esports,LIT,Top,LIT Spring · saison régulière,17,0.706,2.55,-365.0,3.0,55.0,-362.0
Rharesh,GMBLERS Esports,LIT,ADC,LIT Spring · saison régulière,7,0.571,4.18,-367.0,-1.0,55.0,-368.0
Kappa1,Epitomy Esports,LIT,Mid,LIT Spring · saison régulière,12,0.583,3.52,-374.0,1.0,55.0,-373.0
Aledice,Epitomy Esports,LIT,Support,LIT Spring · saison régulière,12,0.583,3.09,-378.0,1.0,55.0,-377.0
EPT HackerPanda,Epitomy Esports,LIT,Jungle,LIT Spring · saison régulière,12,0.583,3.25,-383.0,1.0,55.0,-382.0
Fragola,Colossal Gaming,LIT,Jungle,LIT Spring · saison régulière,5,0.6,3.73,-392.0,-0.0,55.0,-392.0
The Mountain,EKO Esports,LIT,Top,LIT Spring · saison régulière,7,0.714,4.74,-411.0,12.0,55.0,-399.0
PiskHello,Colossal Gaming,LIT,ADC,LIT Spring · saison régulière,5,0.6,3.45,-408.0,-0.0,55.0,-408.0
Nash,Colossal Gaming,LIT,Support,LIT Spring · saison régulière,7,0.714,4.35,-413.0,4.0,55.0,-409.0
Jekko,Zena Esports,LIT,Jungle,LIT Spring · saison régulière,7,0.429,3.53,-419.0,-5.0,55.0,-424.0
Pecora,Epitomy Esports,LIT,ADC,LIT Spring · saison régulière,12,0.583,3.37,-426.0,1.0,55.0,-425.0
xHikama,Colossal Gaming,LIT,ADC,LIT Spring · saison régulière,15,0.267,2.48,-427.0,-1.0,55.0,-428.0
Corriragazzo,EKO Esports,LIT,Support,LIT Spring · saison régulière,7,0.714,12.0,-441.0,12.0,55.0,-429.0
OrthoZero,Zena Esports,LIT,Support,LIT Spring · saison régulière,7,0.429,2.75,-436.0,-5.0,55.0,-441.0
ImTheTitan,Team Aqua ASD,LIT,Top,LIT Spring · saison régulière,10,0.6,3.71,-459.0,1.0,55.0,-458.0
DejaVu,GMBLERS Esports,LIT,Mid,LIT Spring · saison régulière,7,0.571,4.8,-459.0,-1.0,55.0,-460.0
Alvanai,Hyperion (Portuguese Team),LIT,Mid,LIT Spring · saison régulière,7,0.143,2.46,-464.0,-4.0,55.0,-468.0
Raffy,Crystal Rose,LIT,Top,LIT Spring · saison régulière,7,0.429,2.16,-464.0,-5.0,55.0,-469.0
Huubiii,Macko Invictus,LIT,ADC,LIT Spring · saison régulière,17,0.706,3.04,-476.0,3.0,55.0,-473.0
Casablanca,DECOY 21,LIT,Mid,LIT Spring · saison régulière,10,0.7,2.83,-473.0,-0.0,55.0,-473.0
Pericolo,Zena Esports,LIT,ADC,LIT Spring · saison régulière,7,0.143,1.7,-477.0,-4.0,55.0,-481.0
Gwisin,P11 Esports,LIT,ADC,LIT Spring · saison régulière,2,1.0,12.5,-487.0,5.0,55.0,-482.0
DC21 Aarrow,DECOY 21,LIT,Top,LIT Spring · saison régulière,10,0.7,2.3,-485.0,-0.0,55.0,-485.0
DC21 Mozzi,DECOY 21,LIT,Support,LIT Spring · saison régulière,10,0.7,3.31,-485.0,-0.0,55.0,-485.0
HKE Naskito,Huskies Esports,LIT,Support,LIT Spring · saison régulière,5,0.2,2.27,-484.0,-2.0,55.0,-486.0
CloudStrikee,Team Aqua ASD,LIT,Support,LIT Spring · saison régulière,6,0.167,2.31,-491.0,-4.0,55.0,-495.0
Sheshwa,Huskies Esports,LIT,Jungle,LIT Spring · saison régulière,5,0.2,2.25,-494.0,-2.0,55.0,-496.0
Sala,Epitomy Esports,LIT,Top,LIT Spring · saison régulière,2,0.5,2.43,-500.0,1.0,55.0,-499.0
Mario,TIGROTS,LIT,Jungle,LIT Spring · saison régulière,7,0.571,2.54,-500.0,-1.0,55.0,-501.0
Xero,Rich Gang,LIT,Mid,LIT Spring · saison régulière,4,0.0,1.7,-505.0,-2.0,55.0,-507.0
Solfurion,DECOY 21,LIT,Jungle,LIT Spring · saison régulière,10,0.7,3.62,-514.0,-0.0,55.0,-514.0
Xen0gan,P11 Esports,LIT,Mid,LIT Spring · saison régulière,2,0.0,1.22,-523.0,-6.0,55.0,-529.0
Leader,Hooligans,EBL,Jungle,LIT Spring · saison régulière,8,0.375,2.51,-541.0,4.0,55.0,-537.0
Izo,GMBLERS Esports,LIT,Jungle,LIT Spring · saison régulière,7,0.714,5.64,-551.0,12.0,55.0,-539.0
Lesranct,TITANS,LIT,Jungle,LIT Spring · saison régulière,7,0.286,2.44,-585.0,1.0,55.0,-584.0
Pinguino,P11 Esports,LIT,Support,LIT Spring · saison régulière,17,0.706,4.65,-611.0,3.0,55.0,-608.0
Alessio,EKO Esports,LIT,ADC,LIT Spring · saison régulière,7,0.714,5.75,-632.0,12.0,55.0,-620.0
S1D,StoneHenge Esports,LIT,Support,LIT Spring · saison régulière,15,0.267,2.65,-622.0,-1.0,55.0,-623.0
Doxy,StoneHenge Esports,LIT,Top,LIT Spring · saison régulière,15,0.267,2.33,-674.0,-1.0,55.0,-675.0
Divine,HANGMEN,LIT,Mid,LIT Spring · saison régulière,7,0.143,1.18,-672.0,-5.0,55.0,-677.0
Luke,TITANS,LIT,Mid,LIT Spring · saison régulière,7,0.714,4.37,-697.0,12.0,55.0,-685.0
Lerax,TITANS,LIT,Top,LIT Spring · saison régulière,7,0.286,1.8,-690.0,1.0,55.0,-689.0
Daskhai,2 Massive,LIT,Mid,LIT Spring · saison régulière,7,0.286,2.57,-693.0,1.0,55.0,-692.0
Showman,DECOY 21,LIT,ADC,LIT Spring · saison régulière,10,0.7,2.42,-721.0,-0.0,55.0,-721.0
Bubba,TITANS,LIT,Support,LIT Spring · saison régulière,7,0.286,2.15,-731.0,1.0,55.0,-730.0
TheSerius,Bohemian Guardians,HM,Top,LIT Spring · saison régulière,7,0.143,1.19,-751.0,-4.0,55.0,-755.0
RaptoSauros,TITANS,LIT,ADC,LIT Spring · saison régulière,7,0.286,2.5,-764.0,1.0,55.0,-763.0
Groudon,Aeterna Esports,LIT,Jungle,LIT Spring · saison régulière,7,0.143,1.74,-792.0,-4.0,55.0,-796.0
Sjakal,StoneHenge Esports,LIT,Jungle,LIT Spring · saison régulière,7,0.143,2.13,-834.0,-5.0,55.0,-839.0
APP,HMBLE,LIT,Top,LIT Summer · playoffs,9,1.0,5.78,30.0,5.0,55.0,35.0
Click,HMBLE,LIT,Support,LIT Summer · playoffs,9,1.0,9.22,3.0,5.0,55.0,8.0
Jeykup,Colossal Gaming,LIT,Jungle,LIT Summer · playoffs,7,0.429,3.4,-24.0,0.0,55.0,-24.0
Tyrone,HMBLE,LIT,ADC,LIT Summer · playoffs,9,1.0,8.33,-32.0,5.0,55.0,-27.0
Vigil,HMBLE,LIT,Mid,LIT Summer · playoffs,9,1.0,5.62,-79.0,5.0,55.0,-74.0
Carnage,HMBLE,LIT,Jungle,LIT Summer · playoffs,9,1.0,13.82,-80.0,5.0,55.0,-75.0
Shredder,Colossal Gaming,LIT,Support,LIT Summer · playoffs,13,0.462,3.1,-275.0,2.0,55.0,-273.0
SkaR,Colossal Gaming,LIT,Top,LIT Summer · playoffs,13,0.462,1.39,-301.0,2.0,55.0,-299.0
lobellan,TITANS,LIT,Top,LIT Summer · playoffs,9,0.667,2.26,-319.0,-0.0,55.0,-319.0
Dehaste,Team Aqua ASD,EBL,Mid,LIT Summer · playoffs,8,0.375,2.5,-336.0,-0.0,55.0,-336.0
Gemon,Zena Esports,LIT,Top,LIT Summer · playoffs,12,0.667,3.77,-350.0,3.0,55.0,-347.0
JayJay,Zena Esports,LIT,Mid,LIT Summer · playoffs,12,0.667,6.33,-367.0,3.0,55.0,-364.0
Rharesh,GMBLERS Esports,LIT,ADC,LIT Summer · playoffs,7,0.143,1.55,-367.0,-3.0,55.0,-370.0
Furby,P11 Esports,LIT,Mid,LIT Summer · playoffs,3,0.0,4.33,-386.0,-3.0,55.0,-389.0
Azuka,Colossal Gaming,LIT,Mid,LIT Summer · playoffs,13,0.462,3.4,-397.0,2.0,55.0,-395.0
Jekko,Zena Esports,LIT,Jungle,LIT Summer · playoffs,12,0.667,4.87,-419.0,3.0,55.0,-416.0
AwerpiS,TITANS,LIT,Support,LIT Summer · playoffs,9,0.667,2.59,-422.0,-0.0,55.0,-422.0
xHikama,Colossal Gaming,LIT,ADC,LIT Summer · playoffs,13,0.462,2.48,-427.0,2.0,55.0,-425.0
OrthoZero,Zena Esports,LIT,Support,LIT Summer · playoffs,12,0.667,3.06,-436.0,3.0,55.0,-433.0
Darkchri,GMBLERS Esports,LIT,Support,LIT Summer · playoffs,7,0.143,1.65,-446.0,-3.0,55.0,-449.0
Strava,GMBLERS Esports,LIT,Top,LIT Summer · playoffs,7,0.143,1.28,-447.0,-3.0,55.0,-450.0
Goliah,Team Aqua ASD,LIT,Jungle,LIT Summer · playoffs,12,0.333,3.62,-451.0,-2.0,55.0,-453.0
Ryuzaki,TITANS,LIT,Jungle,LIT Summer · playoffs,9,0.667,4.37,-458.0,-0.0,55.0,-458.0
ImTheTitan,Team Aqua ASD,LIT,Top,LIT Summer · playoffs,8,0.375,3.37,-459.0,-0.0,55.0,-459.0
Niki,Aeterna Esports,LIT,Top,LIT Summer · playoffs,4,0.25,1.35,-460.0,-2.0,55.0,-462.0
lightcat,GMBLERS Esports,LIT,Mid,LIT Summer · playoffs,7,0.143,1.14,-466.0,-3.0,55.0,-469.0
Pericolo,Zena Esports,LIT,ADC,LIT Summer · playoffs,12,0.667,3.09,-477.0,3.0,55.0,-474.0
Gwisin,P11 Esports,LIT,ADC,LIT Summer · playoffs,3,0.0,1.73,-487.0,-3.0,55.0,-490.0
CloudStrikee,Team Aqua ASD,LIT,Support,LIT Summer · playoffs,12,0.333,2.03,-491.0,-2.0,55.0,-493.0
Kaylem,EKO Esports,LIT,Top,LIT Summer · playoffs,3,0.0,1.63,-498.0,-2.0,55.0,-500.0
Kyte,Team Aqua ASD,LIT,ADC,LIT Summer · playoffs,12,0.333,2.38,-501.0,-2.0,55.0,-503.0
Mihai,EKO Esports,EBL,ADC,LIT Summer · playoffs,3,0.0,3.08,-525.0,-2.0,55.0,-527.0
Izo,GMBLERS Esports,LIT,Jungle,LIT Summer · playoffs,7,0.143,1.86,-551.0,-3.0,55.0,-554.0
Crocomux,EKO Esports,LIT,Mid,LIT Summer · playoffs,3,0.0,4.86,-562.0,-2.0,55.0,-564.0
Speedy,EKO Esports,LIT,Jungle,LIT Summer · playoffs,3,0.0,1.94,-577.0,-2.0,55.0,-579.0
Maciejka,P11 Esports,LIT,Jungle,LIT Summer · playoffs,3,0.0,3.08,-587.0,-3.0,55.0,-590.0
Faded,Aeterna Esports,LIT,Mid,LIT Summer · playoffs,4,0.25,1.0,-612.0,-2.0,55.0,-614.0
Creon,TITANS,LIT,ADC,LIT Summer · playoffs,9,0.667,2.79,-653.0,-0.0,55.0,-653.0
Luke,TITANS,LIT,Mid,LIT Summer · playoffs,9,0.667,3.29,-697.0,-0.0,55.0,-697.0
Fratellin,Macko Invictus,LIT,Top,LIT Summer · playoffs,3,0.0,1.43,-718.0,-3.0,55.0,-721.0
downfall,EKO Esports,LIT,Support,LIT Summer · playoffs,3,0.0,1.88,-821.0,-2.0,55.0,-823.0
APP,HMBLE,LIT,Top,LIT Summer · saison régulière,7,1.0,8.18,30.0,0.0,55.0,30.0
Click,HMBLE,LIT,Support,LIT Summer · saison régulière,7,1.0,4.71,3.0,0.0,55.0,3.0
Jeykup,Colossal Gaming,LIT,Jungle,LIT Summer · saison régulière,7,0.571,3.81,-24.0,-0.0,55.0,-24.0
Tyrone,HMBLE,LIT,ADC,LIT Summer · saison régulière,7,1.0,8.15,-32.0,0.0,55.0,-32.0
Vigil,HMBLE,LIT,Mid,LIT Summer · saison régulière,7,1.0,4.42,-79.0,0.0,55.0,-79.0
Carnage,HMBLE,LIT,Jungle,LIT Summer · saison régulière,7,1.0,6.41,-80.0,0.0,55.0,-80.0
Shredder,Colossal Gaming,LIT,Support,LIT Summer · saison régulière,7,0.571,4.05,-275.0,-0.0,55.0,-275.0
SkaR,Colossal Gaming,LIT,Top,LIT Summer · saison régulière,7,0.571,2.24,-301.0,-0.0,55.0,-301.0
lobellan,TITANS,LIT,Top,LIT Summer · saison régulière,2,0.5,2.12,-319.0,0.0,55.0,-319.0
Gemon,Zena Esports,LIT,Top,LIT Summer · saison régulière,7,0.429,3.13,-350.0,0.0,55.0,-350.0
Rharesh,GMBLERS Esports,LIT,ADC,LIT Summer · saison régulière,7,0.571,4.27,-367.0,6.0,55.0,-361.0
JayJay,Zena Esports,LIT,Mid,LIT Summer · saison régulière,7,0.429,3.79,-367.0,0.0,55.0,-367.0
Azuka,Colossal Gaming,LIT,Mid,LIT Summer · saison régulière,7,0.571,3.29,-397.0,-0.0,55.0,-397.0
Furby,P11 Esports,LIT,Mid,LIT Summer · saison régulière,7,0.0,2.84,-386.0,-11.0,55.0,-397.0
Jekko,Zena Esports,LIT,Jungle,LIT Summer · saison régulière,7,0.429,4.76,-419.0,0.0,55.0,-419.0
AwerpiS,TITANS,LIT,Support,LIT Summer · saison régulière,7,0.286,2.39,-422.0,-3.0,55.0,-425.0
xHikama,Colossal Gaming,LIT,ADC,LIT Summer · saison régulière,7,0.571,2.78,-427.0,-0.0,55.0,-427.0
OrthoZero,Zena Esports,LIT,Support,LIT Summer · saison régulière,7,0.429,3.0,-436.0,0.0,55.0,-436.0
Corriragazzo,EKO Esports,LIT,Support,LIT Summer · saison régulière,7,0.429,1.96,-441.0,2.0,55.0,-439.0
Darkchri,GMBLERS Esports,LIT,Support,LIT Summer · saison régulière,7,0.571,3.81,-446.0,6.0,55.0,-440.0
Strava,GMBLERS Esports,LIT,Top,LIT Summer · saison régulière,7,0.571,2.71,-447.0,6.0,55.0,-441.0
Goliah,Team Aqua ASD,LIT,Jungle,LIT Summer · saison régulière,7,0.714,4.89,-451.0,6.0,55.0,-445.0
Niki,Aeterna Esports,LIT,Top,LIT Summer · saison régulière,7,0.714,2.16,-460.0,6.0,55.0,-454.0
lightcat,GMBLERS Esports,LIT,Mid,LIT Summer · saison régulière,7,0.571,4.5,-466.0,6.0,55.0,-460.0
Ryuzaki,TITANS,LIT,Jungle,LIT Summer · saison régulière,7,0.286,3.05,-458.0,-3.0,55.0,-461.0
Pericolo,Zena Esports,LIT,ADC,LIT Summer · saison régulière,7,0.429,2.52,-477.0,0.0,55.0,-477.0
Limoncello,P11 Esports,LIT,Top,LIT Summer · saison régulière,7,0.0,1.5,-472.0,-11.0,55.0,-483.0
CloudStrikee,Team Aqua ASD,LIT,Support,LIT Summer · saison régulière,7,0.714,3.62,-491.0,6.0,55.0,-485.0
Kyte,Team Aqua ASD,LIT,ADC,LIT Summer · saison régulière,7,0.714,4.94,-501.0,6.0,55.0,-495.0
Kaylem,EKO Esports,LIT,Top,LIT Summer · saison régulière,7,0.429,1.67,-498.0,2.0,55.0,-496.0
Gwisin,P11 Esports,LIT,ADC,LIT Summer · saison régulière,7,0.0,1.48,-487.0,-11.0,55.0,-498.0
Mihai,EKO Esports,EBL,ADC,LIT Summer · saison régulière,7,0.429,3.5,-525.0,2.0,55.0,-523.0
Izo,GMBLERS Esports,LIT,Jungle,LIT Summer · saison régulière,7,0.571,5.95,-551.0,6.0,55.0,-545.0
Crocomux,EKO Esports,LIT,Mid,LIT Summer · saison régulière,7,0.429,2.52,-562.0,2.0,55.0,-560.0
Speedy,EKO Esports,LIT,Jungle,LIT Summer · saison régulière,7,0.429,2.9,-577.0,2.0,55.0,-575.0
Maciejka,P11 Esports,LIT,Jungle,LIT Summer · saison régulière,7,0.0,1.84,-587.0,-11.0,55.0,-598.0
Faded,Aeterna Esports,LIT,Mid,LIT Summer · saison régulière,7,0.714,2.9,-612.0,6.0,55.0,-606.0
Pinguino,P11 Esports,LIT,Support,LIT Summer · saison régulière,7,0.0,1.83,-611.0,-11.0,55.0,-622.0
Creon,TITANS,LIT,ADC,LIT Summer · saison régulière,7,0.286,2.07,-653.0,-3.0,55.0,-656.0
Luke,TITANS,LIT,Mid,LIT Summer · saison régulière,7,0.286,2.4,-697.0,-3.0,55.0,-700.0
adi1,Bomba Team,RL,Jungle,LIT Winter · playoffs,9,1.0,9.27,74.0,5.0,55.0,79.0
APP,HMBLE,LIT,Top,LIT Winter · playoffs,9,1.0,10.64,30.0,5.0,55.0,35.0
Click,HMBLE,LIT,Support,LIT Winter · playoffs,9,1.0,8.65,3.0,5.0,55.0,8.0
Tyrone,HMBLE,LIT,ADC,LIT Winter · playoffs,9,1.0,10.08,-32.0,5.0,55.0,-27.0
Vigil,HMBLE,LIT,Mid,LIT Winter · playoffs,9,1.0,9.0,-79.0,5.0,55.0,-74.0
Centu,Team Phantasma,HLL,Support,LIT Winter · playoffs,14,0.429,2.46,-78.0,-4.0,55.0,-82.0
Elix1r,Gamespace Mediterranean College Esports,HLL,Jungle,LIT Winter · playoffs,5,0.4,3.65,-227.0,-1.0,55.0,-228.0
Shredder,Colossal Gaming,LIT,Support,LIT Winter · playoffs,20,0.65,5.42,-275.0,3.0,55.0,-272.0
Sharon,Colossal Gaming,LIT,Mid,LIT Winter · playoffs,8,0.25,2.21,-304.0,-1.0,55.0,-305.0
Balyy,EKO Esports,LIT,Jungle,LIT Winter · playoffs,4,0.25,2.52,-319.0,-0.0,55.0,-319.0
lobellan,TITANS,LIT,Top,LIT Winter · playoffs,4,0.25,1.23,-319.0,-0.0,55.0,-319.0
Bisgaard,Colossal Gaming,LIT,Mid,LIT Winter · playoffs,14,0.429,3.97,-337.0,-4.0,55.0,-341.0
Rharesh,GMBLERS Esports,LIT,ADC,LIT Winter · playoffs,20,0.65,5.71,-367.0,3.0,55.0,-364.0
Cripple,The Bandits,ROL,Top,LIT Winter · playoffs,5,0.4,2.45,-372.0,-1.0,55.0,-373.0
Diobello,HANGMEN,LIT,Top,LIT Winter · playoffs,20,0.65,3.41,-399.0,3.0,55.0,-396.0
Fragola,Colossal Gaming,LIT,Jungle,LIT Winter · playoffs,14,0.429,2.44,-392.0,-4.0,55.0,-396.0
PiskHello,Colossal Gaming,LIT,ADC,LIT Winter · playoffs,14,0.429,2.83,-408.0,-4.0,55.0,-412.0
The Mountain,EKO Esports,LIT,Top,LIT Winter · playoffs,14,0.429,1.33,-411.0,-4.0,55.0,-415.0
Jekko,Zena Esports,LIT,Jungle,LIT Winter · playoffs,3,0.0,0.82,-419.0,-4.0,55.0,-423.0
Corriragazzo,EKO Esports,LIT,Support,LIT Winter · playoffs,10,0.5,3.46,-441.0,1.0,55.0,-440.0
OrthoZero,Zena Esports,LIT,Support,LIT Winter · playoffs,3,0.0,1.25,-436.0,-4.0,55.0,-440.0
Strava,GMBLERS Esports,LIT,Top,LIT Winter · playoffs,3,0.0,0.83,-447.0,1.0,55.0,-446.0
Toti,EKO Esports,LIT,ADC,LIT Winter · playoffs,7,0.143,1.51,-448.0,1.0,55.0,-447.0
DejaVu,GMBLERS Esports,LIT,Mid,LIT Winter · playoffs,20,0.65,4.2,-459.0,3.0,55.0,-456.0
Raffy,Crystal Rose,LIT,Top,LIT Winter · playoffs,3,0.0,1.3,-464.0,-4.0,55.0,-468.0
Pericolo,Zena Esports,LIT,ADC,LIT Winter · playoffs,10,0.5,2.82,-477.0,1.0,55.0,-476.0
Mario,TIGROTS,LIT,Jungle,LIT Winter · playoffs,20,0.65,5.57,-500.0,3.0,55.0,-497.0
Kyte,Team Aqua ASD,LIT,ADC,LIT Winter · playoffs,8,0.25,1.72,-501.0,-1.0,55.0,-502.0
Xero,Rich Gang,LIT,Mid,LIT Winter · playoffs,10,0.5,3.69,-505.0,1.0,55.0,-504.0
Tigrot,TIGROTS,LIT,Support,LIT Winter · playoffs,5,0.4,2.48,-515.0,-1.0,55.0,-516.0
Hamudis,Deacoy,LIT,Jungle,LIT Winter · playoffs,8,0.25,1.8,-548.0,-1.0,55.0,-549.0
Padawii,TIGROTS,LIT,ADC,LIT Winter · playoffs,5,0.4,2.81,-551.0,-1.0,55.0,-552.0
Maciejka,P11 Esports,LIT,Jungle,LIT Winter · playoffs,3,0.0,2.22,-587.0,1.0,55.0,-586.0
Iso99,P11 Esports,LIT,Jungle,LIT Winter · playoffs,10,0.5,2.98,-588.0,1.0,55.0,-587.0
S1D,StoneHenge Esports,LIT,Support,LIT Winter · playoffs,7,0.143,1.84,-622.0,1.0,55.0,-621.0
Shack,TIGROTS,LIT,Mid,LIT Winter · playoffs,5,0.4,2.22,-630.0,-1.0,55.0,-631.0
Sadaz,Zena Esports,LIT,Mid,LIT Winter · playoffs,3,0.0,1.33,-645.0,-4.0,55.0,-649.0
Divine,HANGMEN,LIT,Mid,LIT Winter · playoffs,7,0.143,2.35,-672.0,1.0,55.0,-671.0
Fratellin,Macko Invictus,LIT,Top,LIT Winter · playoffs,8,0.25,1.46,-718.0,-1.0,55.0,-719.0
RaptoSauros,TITANS,LIT,ADC,LIT Winter · playoffs,3,0.0,1.67,-764.0,-4.0,55.0,-768.0
Haruhiro,P11 Esports,LIT,Top,LIT Winter · playoffs,10,0.5,2.14,-771.0,1.0,55.0,-770.0
adi1,Bomba Team,RL,Jungle,LIT Winter · saison régulière,7,0.857,5.09,74.0,-4.0,55.0,70.0
APP,HMBLE,LIT,Top,LIT Winter · saison régulière,7,0.857,4.53,30.0,-4.0,55.0,26.0
Click,HMBLE,LIT,Support,LIT Winter · saison régulière,7,0.857,5.24,3.0,-4.0,55.0,-1.0
Tyrone,HMBLE,LIT,ADC,LIT Winter · saison régulière,7,0.857,8.73,-32.0,-4.0,55.0,-36.0
Centu,Team Phantasma,HLL,Support,LIT Winter · saison régulière,7,1.0,9.08,-78.0,12.0,55.0,-66.0
Vigil,HMBLE,LIT,Mid,LIT Winter · saison régulière,7,0.857,3.5,-79.0,-4.0,55.0,-83.0
Elix1r,Gamespace Mediterranean College Esports,HLL,Jungle,LIT Winter · saison régulière,7,0.143,2.74,-227.0,-6.0,55.0,-233.0
Wall,StoneHenge Esports,LIT,Mid,LIT Winter · saison régulière,5,0.4,2.89,-240.0,2.0,55.0,-238.0
Budino,P11 Esports,LIT,Mid,LIT Winter · saison régulière,12,0.75,5.48,-259.0,2.0,55.0,-257.0
Shredder,Colossal Gaming,LIT,Support,LIT Winter · saison régulière,7,0.286,5.28,-275.0,-4.0,55.0,-279.0
SkaR,Colossal Gaming,LIT,Top,LIT Winter · saison régulière,12,0.75,3.16,-301.0,2.0,55.0,-299.0
Sharon,Colossal Gaming,LIT,Mid,LIT Winter · saison régulière,7,0.571,2.78,-304.0,3.0,55.0,-301.0
HKE Cicciopoteto,Huskies Esports,LIT,Top,LIT Winter · saison régulière,10,0.7,3.33,-308.0,2.0,55.0,-306.0
Balyy,EKO Esports,LIT,Jungle,LIT Winter · saison régulière,6,0.667,3.47,-319.0,6.0,55.0,-313.0
lobellan,TITANS,LIT,Top,LIT Winter · saison régulière,7,0.571,2.47,-319.0,4.0,55.0,-315.0
Bisgaard,Colossal Gaming,LIT,Mid,LIT Winter · saison régulière,7,1.0,20.8,-337.0,12.0,55.0,-325.0
Ghidi,HANGMEN,LIT,ADC,LIT Winter · saison régulière,13,0.615,5.48,-349.0,1.0,55.0,-348.0
HKE MaLiCE,Huskies Esports,LIT,Mid,LIT Winter · saison régulière,10,0.7,6.44,-354.0,2.0,55.0,-352.0
Pocovirtuoso,HANGMEN,LIT,Support,LIT Winter · saison régulière,13,0.615,4.12,-360.0,1.0,55.0,-359.0
Rharesh,GMBLERS Esports,LIT,ADC,LIT Winter · saison régulière,7,0.286,2.82,-367.0,-4.0,55.0,-371.0
Cripple,The Bandits,ROL,Top,LIT Winter · saison régulière,16,0.312,1.46,-372.0,-2.0,55.0,-374.0
Aledice,Epitomy Esports,LIT,Support,LIT Winter · saison régulière,9,0.556,3.4,-378.0,2.0,55.0,-376.0
Furby,P11 Esports,LIT,Mid,LIT Winter · saison régulière,11,0.727,6.27,-386.0,10.0,55.0,-376.0
Fragola,Colossal Gaming,LIT,Jungle,LIT Winter · saison régulière,7,1.0,21.4,-392.0,12.0,55.0,-380.0
mirza,Mighty Eagles,EBL,ADC,LIT Winter · saison régulière,10,0.5,5.54,-393.0,0.0,55.0,-393.0
PiskHello,Colossal Gaming,LIT,ADC,LIT Winter · saison régulière,7,1.0,16.17,-408.0,12.0,55.0,-396.0
The Mountain,EKO Esports,LIT,Top,LIT Winter · saison régulière,7,1.0,6.9,-411.0,12.0,55.0,-399.0
Diobello,HANGMEN,LIT,Top,LIT Winter · saison régulière,20,0.5,2.33,-399.0,-4.0,54.0,-403.0
Jekko,Zena Esports,LIT,Jungle,LIT Winter · saison régulière,7,0.429,3.21,-419.0,1.0,55.0,-418.0
HKE KyuuBee,Huskies Esports,LIT,ADC,LIT Winter · saison régulière,10,0.7,3.18,-427.0,2.0,55.0,-425.0
xHikama,Colossal Gaming,LIT,ADC,LIT Winter · saison régulière,12,0.75,4.57,-427.0,2.0,55.0,-425.0
OrthoZero,Zena Esports,LIT,Support,LIT Winter · saison régulière,7,0.429,2.16,-436.0,1.0,55.0,-435.0
HAN kebs,HANGMEN,LIT,Jungle,LIT Winter · saison régulière,13,0.615,3.42,-437.0,1.0,55.0,-436.0
EPTM Aarrow,Epitomy Masters,LIT,Top,LIT Winter · saison régulière,10,0.5,2.15,-437.0,0.0,55.0,-437.0
Toti,EKO Esports,LIT,ADC,LIT Winter · saison régulière,7,0.571,3.55,-448.0,4.0,55.0,-444.0
Limoncello,P11 Esports,LIT,Top,LIT Winter · saison régulière,11,0.727,3.0,-472.0,10.0,55.0,-462.0
Raffy,Crystal Rose,LIT,Top,LIT Winter · saison régulière,7,0.429,1.29,-464.0,1.0,55.0,-463.0
DejaVu,GMBLERS Esports,LIT,Mid,LIT Winter · saison régulière,7,0.286,3.08,-459.0,-4.0,55.0,-463.0
EPTM Mozziii,Epitomy Masters,LIT,Support,LIT Winter · saison régulière,10,0.5,2.76,-465.0,0.0,55.0,-465.0
Gwisin,P11 Esports,LIT,ADC,LIT Winter · saison régulière,11,0.727,4.92,-487.0,10.0,55.0,-477.0
Huubiii,Macko Invictus,LIT,ADC,LIT Winter · saison régulière,6,0.333,1.44,-476.0,-3.0,55.0,-479.0
HKE Naskito,Huskies Esports,LIT,Support,LIT Winter · saison régulière,10,0.7,3.69,-484.0,2.0,55.0,-482.0
CloudStrikee,Team Aqua ASD,LIT,Support,LIT Winter · saison régulière,12,0.75,3.69,-491.0,2.0,55.0,-489.0
Sheshwa,Huskies Esports,LIT,Jungle,LIT Winter · saison régulière,10,0.7,4.39,-494.0,2.0,55.0,-492.0
Kyte,Team Aqua ASD,LIT,ADC,LIT Winter · saison régulière,6,0.667,2.85,-501.0,3.0,55.0,-498.0
Sala,Epitomy Esports,LIT,Top,LIT Winter · saison régulière,10,0.5,2.49,-500.0,-1.0,55.0,-501.0
Mario,TIGROTS,LIT,Jungle,LIT Winter · saison régulière,14,0.357,3.02,-500.0,-5.0,55.0,-505.0
Tigrot,TIGROTS,LIT,Support,LIT Winter · saison régulière,22,0.364,2.36,-515.0,-1.0,54.0,-516.0
Xen0gan,P11 Esports,LIT,Mid,LIT Winter · saison régulière,13,0.462,3.73,-523.0,6.0,55.0,-517.0
Hamudis,Deacoy,LIT,Jungle,LIT Winter · saison régulière,7,0.571,2.42,-548.0,3.0,55.0,-545.0
Padawii,TIGROTS,LIT,ADC,LIT Winter · saison régulière,22,0.364,2.26,-551.0,1.0,54.0,-550.0
Izo,GMBLERS Esports,LIT,Jungle,LIT Winter · saison régulière,5,0.2,1.17,-551.0,-2.0,55.0,-553.0
Davyyy,TIGROTS,LIT,Top,LIT Winter · saison régulière,15,0.467,1.97,-556.0,1.0,55.0,-555.0
Maciejka,P11 Esports,LIT,Jungle,LIT Winter · saison régulière,11,0.727,5.96,-587.0,10.0,55.0,-577.0
Lesranct,TITANS,LIT,Jungle,LIT Winter · saison régulière,10,0.5,3.7,-585.0,0.0,55.0,-585.0
Iso99,P11 Esports,LIT,Jungle,LIT Winter · saison régulière,2,0.0,2.0,-588.0,-3.0,55.0,-591.0
S1D,StoneHenge Esports,LIT,Support,LIT Winter · saison régulière,7,0.571,2.38,-622.0,4.0,55.0,-618.0
Shack,TIGROTS,LIT,Mid,LIT Winter · saison régulière,23,0.348,2.09,-630.0,-2.0,54.0,-632.0
Sadaz,Zena Esports,LIT,Mid,LIT Winter · saison régulière,7,0.429,3.43,-645.0,1.0,55.0,-644.0
Divine,HANGMEN,LIT,Mid,LIT Winter · saison régulière,20,0.6,3.64,-672.0,4.0,54.0,-668.0
Fratellin,Macko Invictus,LIT,Top,LIT Winter · saison régulière,13,0.462,1.93,-718.0,-1.0,55.0,-719.0
Showman,DECOY 21,LIT,ADC,LIT Winter · saison régulière,7,0.143,1.62,-721.0,-6.0,55.0,-727.0
RaptoSauros,TITANS,LIT,ADC,LIT Winter · saison régulière,7,0.429,5.43,-764.0,1.0,55.0,-763.0
Haruhiro,P11 Esports,LIT,Top,LIT Winter · saison régulière,6,0.0,0.72,-771.0,-8.0,55.0,-779.0
Groudon,Aeterna Esports,LIT,Jungle,LIT Winter · saison régulière,4,0.0,1.4,-792.0,-4.0,55.0,-796.0
downfall,EKO Esports,LIT,Support,LIT Winter · saison régulière,7,0.143,0.88,-821.0,-6.0,55.0,-827.0
DICE,FENNEL,LJL,Mid,LJL Spring · playoffs,22,0.773,4.94,-41.0,1.0,54.0,-40.0
Ellim,FENNEL,LJL,Jungle,LJL Spring · playoffs,22,0.773,5.38,-77.0,1.0,54.0,-76.0
kkkkkkkkk,FENNEL,LJL,Top,LJL Spring · playoffs,22,0.773,3.66,-92.0,1.0,54.0,-91.0
Patch,SU Esports,TCL,Support,LJL Spring · playoffs,26,0.654,4.81,-99.0,2.0,54.0,-97.0
Archer,CITA Kaizen,HM,ADC,LJL Spring · playoffs,26,0.654,5.25,-152.0,2.0,54.0,-150.0
Bruce,FENNEL,LJL,Support,LJL Spring · playoffs,20,0.75,4.84,-165.0,-1.0,55.0,-166.0
tol2,New Meta,LJL,Top,LJL Spring · playoffs,19,0.526,2.07,-179.0,0.0,55.0,-179.0
Ramune,Rising Gaming,LJL,Mid,LJL Spring · playoffs,26,0.654,5.71,-312.0,2.0,54.0,-310.0
advance,New Meta,LJL,Top,LJL Spring · playoffs,19,0.474,2.91,-319.0,0.0,55.0,-319.0
Daemi,Arneb,LJL,Mid,LJL Spring · playoffs,20,0.6,6.48,-337.0,7.0,55.0,-330.0
YellowYoshi,Rising Gaming,LJL,Top,LJL Spring · playoffs,26,0.654,3.32,-355.0,2.0,54.0,-353.0
Kania,Arneb,LJL,Jungle,LJL Spring · playoffs,20,0.6,5.84,-371.0,7.0,55.0,-364.0
Elative,Uwinks,LJL,Jungle,LJL Spring · playoffs,20,0.5,2.58,-381.0,-1.0,55.0,-382.0
dresscode,Arneb,LJL,ADC,LJL Spring · playoffs,20,0.6,7.22,-410.0,7.0,55.0,-403.0
HRK,New Meta,LJL,Jungle,LJL Spring · playoffs,15,0.333,2.36,-422.0,-5.0,55.0,-427.0
Gecko,RAYN Clocks,LJL,Top,LJL Spring · playoffs,17,0.353,3.11,-437.0,-4.0,55.0,-441.0
Alps,New Meta,LJL,Mid,LJL Spring · playoffs,13,0.462,2.83,-444.0,2.0,55.0,-442.0
Taiyaki,Arneb,LJL,Support,LJL Spring · playoffs,20,0.6,4.66,-457.0,7.0,55.0,-450.0
leaf,Arneb,LJL,Top,LJL Spring · playoffs,20,0.6,3.16,-472.0,7.0,55.0,-465.0
rre,L Guide Gaming,LJL,Mid,LJL Spring · playoffs,15,0.267,2.39,-475.0,-3.0,55.0,-478.0
Gimi,Uwinks,LJL,ADC,LJL Spring · playoffs,20,0.5,3.86,-487.0,-1.0,55.0,-488.0
MayR,FENNEL,LJL,ADC,LJL Spring · playoffs,22,0.773,4.57,-500.0,1.0,54.0,-499.0
Kangkuk,RAYN Clocks,LJL,Jungle,LJL Spring · playoffs,17,0.353,4.4,-514.0,-4.0,55.0,-518.0
Eria,New Meta,LJL,Mid,LJL Spring · playoffs,6,0.5,2.46,-516.0,-2.0,55.0,-518.0
ankochan,Rising Gaming,LJL,Jungle,LJL Spring · playoffs,26,0.654,3.71,-530.0,2.0,54.0,-528.0
Godot,New Meta,LJL,ADC,LJL Spring · playoffs,1,0.0,2.0,-534.0,-0.0,55.0,-534.0
chico,RAYN Clocks,LJL,Support,LJL Spring · playoffs,17,0.353,2.48,-552.0,-4.0,55.0,-556.0
Fluid,RAYN Clocks,LJL,ADC,LJL Spring · playoffs,14,0.357,2.94,-556.0,-1.0,55.0,-557.0
Razer,RAYN Clocks,LJL,Mid,LJL Spring · playoffs,17,0.353,2.78,-559.0,-4.0,55.0,-563.0
suyahime,New Meta,LJL,ADC,LJL Spring · playoffs,18,0.5,3.84,-602.0,0.0,55.0,-602.0
f4ke,Uwinks,LJL,Support,LJL Spring · playoffs,20,0.5,2.64,-609.0,-1.0,55.0,-610.0
SnowRabbit,L Guide Gaming,LJL,Top,LJL Spring · playoffs,13,0.154,1.71,-631.0,-6.0,55.0,-637.0
Karaage,L Guide Gaming,LJL,Mid,LJL Spring · playoffs,9,0.222,1.49,-634.0,-6.0,55.0,-640.0
Damocles,DetonatioN FocusMe Academy,LJL,ADC,LJL Spring · playoffs,17,0.176,2.72,-657.0,-2.0,55.0,-659.0
Potential,DetonatioN FocusMe Academy,LJL,Top,LJL Spring · playoffs,17,0.176,1.56,-691.0,-2.0,55.0,-693.0
Kurahuto,DetonatioN FocusMe Academy,LJL,Support,LJL Spring · playoffs,17,0.176,1.93,-691.0,-2.0,55.0,-693.0
UKyo,New Meta,LJL,Support,LJL Spring · playoffs,19,0.474,1.71,-695.0,0.0,55.0,-695.0
p1ng,L Guide Gaming,LJL,Jungle,LJL Spring · playoffs,14,0.286,1.88,-742.0,-1.0,55.0,-743.0
Grit,DetonatioN FocusMe Academy,LJL,Jungle,LJL Spring · playoffs,17,0.176,1.32,-742.0,-2.0,55.0,-744.0
Ravvy,DetonatioN FocusMe Academy,LJL,Mid,LJL Spring · playoffs,17,0.176,1.06,-766.0,-2.0,55.0,-768.0
Saver,L Guide Gaming,LJL,Support,LJL Spring · playoffs,15,0.267,1.78,-782.0,-3.0,55.0,-785.0
Jericho,Uwinks,LJL,Mid,LJL Spring · playoffs,20,0.5,3.11,-798.0,-1.0,55.0,-799.0
DICE,FENNEL,LJL,Mid,LJL Summer · playoffs,12,0.75,4.42,-41.0,4.0,55.0,-37.0
Ellim,FENNEL,LJL,Jungle,LJL Summer · playoffs,12,0.75,6.38,-77.0,4.0,55.0,-73.0
kkkkkkkkk,FENNEL,LJL,Top,LJL Summer · playoffs,12,0.75,5.54,-92.0,4.0,55.0,-88.0
Bruce,FENNEL,LJL,Support,LJL Summer · playoffs,12,0.75,3.51,-165.0,4.0,55.0,-161.0
tol2,New Meta,LJL,Top,LJL Summer · playoffs,17,0.647,2.16,-179.0,8.0,55.0,-171.0
Enapon,New Meta,LJL,Mid,LJL Summer · playoffs,17,0.647,4.67,-243.0,8.0,55.0,-235.0
R0se,New Meta,LJL,Support,LJL Summer · playoffs,17,0.647,4.77,-333.0,8.0,55.0,-325.0
Daemi,Arneb,LJL,Mid,LJL Summer · playoffs,11,0.454,3.94,-337.0,-4.0,55.0,-341.0
wanan,L Guide Gaming,LJL,ADC,LJL Summer · playoffs,20,0.5,4.48,-354.0,3.0,55.0,-351.0
JustFocus,L Guide Gaming,LJL,Support,LJL Summer · playoffs,20,0.5,4.84,-355.0,3.0,55.0,-352.0
Kania,Arneb,LJL,Jungle,LJL Summer · playoffs,11,0.454,3.84,-371.0,-4.0,55.0,-375.0
L1mit,New Meta,LJL,ADC,LJL Summer · playoffs,17,0.647,3.37,-385.0,8.0,55.0,-377.0
Elative,Uwinks,LJL,Jungle,LJL Summer · playoffs,8,0.25,1.64,-381.0,-1.0,55.0,-382.0
Imagine,L Guide Gaming,LJL,Jungle,LJL Summer · playoffs,20,0.5,3.76,-403.0,3.0,55.0,-400.0
dresscode,Arneb,LJL,ADC,LJL Summer · playoffs,11,0.454,5.15,-410.0,-4.0,55.0,-414.0
HRK,New Meta,LJL,Jungle,LJL Summer · playoffs,17,0.647,3.82,-422.0,8.0,55.0,-414.0
Gecko,RAYN Clocks,LJL,Top,LJL Summer · playoffs,6,0.0,1.08,-437.0,-9.0,55.0,-446.0
Taiyaki,Arneb,LJL,Support,LJL Summer · playoffs,11,0.454,2.34,-457.0,-4.0,55.0,-461.0
rre,L Guide Gaming,LJL,Mid,LJL Summer · playoffs,20,0.5,4.81,-475.0,3.0,55.0,-472.0
leaf,Arneb,LJL,Top,LJL Summer · playoffs,11,0.454,2.17,-472.0,-4.0,55.0,-476.0
Gimi,Uwinks,LJL,ADC,LJL Summer · playoffs,8,0.25,2.0,-487.0,-1.0,55.0,-488.0
MayR,FENNEL,LJL,ADC,LJL Summer · playoffs,12,0.75,4.41,-500.0,4.0,55.0,-496.0
Kangkuk,RAYN Clocks,LJL,Jungle,LJL Summer · playoffs,6,0.0,1.39,-514.0,-9.0,55.0,-523.0
chico,RAYN Clocks,LJL,Support,LJL Summer · playoffs,6,0.0,0.81,-552.0,-9.0,55.0,-561.0
Fluid,RAYN Clocks,LJL,ADC,LJL Summer · playoffs,5,0.0,1.0,-556.0,-8.0,55.0,-564.0
Razer,RAYN Clocks,LJL,Mid,LJL Summer · playoffs,6,0.0,0.66,-559.0,-9.0,55.0,-568.0
f4ke,Uwinks,LJL,Support,LJL Summer · playoffs,8,0.25,1.55,-609.0,-1.0,55.0,-610.0
SnowRabbit,L Guide Gaming,LJL,Top,LJL Summer · playoffs,20,0.5,2.28,-631.0,3.0,55.0,-628.0
Jericho,Uwinks,LJL,Mid,LJL Summer · playoffs,8,0.25,1.58,-798.0,-1.0,55.0,-799.0
DICE,FENNEL,LJL,Mid,LJL Winter · playoffs,16,1.0,7.73,-41.0,8.0,55.0,-33.0
Ellim,FENNEL,LJL,Jungle,LJL Winter · playoffs,16,1.0,7.21,-77.0,8.0,55.0,-69.0
kkkkkkkkk,FENNEL,LJL,Top,LJL Winter · playoffs,16,1.0,6.1,-92.0,8.0,55.0,-84.0
Patch,SU Esports,TCL,Support,LJL Winter · playoffs,15,0.533,3.43,-99.0,-3.0,55.0,-102.0
Hetel,Rising Gaming,LJL,Support,LJL Winter · playoffs,2,1.0,7.0,-105.0,2.0,55.0,-103.0
Archer,CITA Kaizen,HM,ADC,LJL Winter · playoffs,17,0.588,3.82,-152.0,-0.0,55.0,-152.0
EL,Rising Gaming,LJL,Jungle,LJL Winter · playoffs,2,1.0,21.0,-154.0,2.0,55.0,-152.0
Bruce,FENNEL,LJL,Support,LJL Winter · playoffs,16,1.0,7.73,-165.0,8.0,55.0,-157.0
raki,FENNEL,LJL,ADC,LJL Winter · playoffs,16,1.0,5.66,-169.0,8.0,55.0,-161.0
Enapon,New Meta,LJL,Mid,LJL Winter · playoffs,13,0.538,3.72,-243.0,-4.0,55.0,-247.0
advance,New Meta,LJL,Top,LJL Winter · playoffs,8,0.625,4.32,-285.0,1.0,55.0,-284.0
Ramune,Rising Gaming,LJL,Mid,LJL Winter · playoffs,17,0.588,4.02,-312.0,-0.0,55.0,-312.0
advance,New Meta,LJL,Top,LJL Winter · playoffs,2,0.0,1.0,-319.0,-4.0,55.0,-323.0
YellowYoshi,Rising Gaming,LJL,Top,LJL Winter · playoffs,17,0.588,3.51,-355.0,-0.0,55.0,-355.0
wanan,L Guide Gaming,LJL,ADC,LJL Winter · playoffs,13,0.538,4.67,-354.0,-4.0,55.0,-358.0
JustFocus,L Guide Gaming,LJL,Support,LJL Winter · playoffs,13,0.538,3.24,-355.0,-4.0,55.0,-359.0
anakin,Uwinks,LJL,Support,LJL Winter · playoffs,5,0.2,2.26,-365.0,-4.0,55.0,-369.0
Elative,Uwinks,LJL,Jungle,LJL Winter · playoffs,5,0.2,1.61,-381.0,-4.0,55.0,-385.0
Vox,VARREL YOUTH,LJL,ADC,LJL Winter · playoffs,11,0.273,3.32,-394.0,-3.0,55.0,-397.0
Imagine,L Guide Gaming,LJL,Jungle,LJL Winter · playoffs,13,0.538,3.07,-403.0,-4.0,55.0,-407.0
Amel,L Guide Gaming,LJL,Jungle,LJL Winter · playoffs,13,0.538,2.98,-415.0,-3.0,55.0,-418.0
Kreative,NOVEX,LJL,Jungle,LJL Winter · playoffs,11,0.364,2.8,-418.0,-1.0,55.0,-419.0
HRK,New Meta,LJL,Jungle,LJL Winter · playoffs,10,0.4,2.33,-422.0,-3.0,55.0,-425.0
Gecko,RAYN Clocks,LJL,Top,LJL Winter · playoffs,15,0.533,3.71,-437.0,12.0,55.0,-425.0
SaKi,L Guide Gaming,LJL,Support,LJL Winter · playoffs,13,0.538,3.04,-431.0,-3.0,55.0,-434.0
NaiNa,L Guide Gaming,LJL,ADC,LJL Winter · playoffs,13,0.538,3.51,-434.0,-3.0,55.0,-437.0
Alps,New Meta,LJL,Mid,LJL Winter · playoffs,11,0.454,2.91,-444.0,-0.0,55.0,-444.0
CK Fluid,RAYN Clocks,LJL,ADC,LJL Winter · playoffs,1,0.0,1.2,-451.0,-2.0,55.0,-453.0
Cryo,NOVEX,LJL,Mid,LJL Winter · playoffs,11,0.364,2.68,-455.0,-1.0,55.0,-456.0
Sh1vq,NOVEX,LJL,Support,LJL Winter · playoffs,11,0.364,3.22,-471.0,-1.0,55.0,-472.0
rre,L Guide Gaming,LJL,Mid,LJL Winter · playoffs,13,0.538,3.3,-475.0,-3.0,55.0,-478.0
Pinnnk,Inferno Drive Tokyo,LJL,Top,LJL Winter · playoffs,13,0.538,2.89,-476.0,-4.0,55.0,-480.0
Gimi,Uwinks,LJL,ADC,LJL Winter · playoffs,5,0.2,2.04,-487.0,-4.0,55.0,-491.0
antana,VARREL YOUTH,LJL,Top,LJL Winter · playoffs,11,0.273,2.09,-493.0,-3.0,55.0,-496.0
Kangkuk,RAYN Clocks,LJL,Jungle,LJL Winter · playoffs,15,0.533,4.04,-514.0,12.0,55.0,-502.0
MayR,FENNEL,LJL,ADC,LJL Winter · playoffs,5,0.0,1.43,-500.0,-5.0,55.0,-505.0
Eria,New Meta,LJL,Mid,LJL Winter · playoffs,9,0.333,2.05,-516.0,-2.0,55.0,-518.0
ankochan,Rising Gaming,LJL,Jungle,LJL Winter · playoffs,15,0.533,3.63,-530.0,-3.0,55.0,-533.0
Godot,New Meta,LJL,ADC,LJL Winter · playoffs,12,0.417,2.21,-534.0,-3.0,55.0,-537.0
chico,RAYN Clocks,LJL,Support,LJL Winter · playoffs,15,0.533,2.88,-552.0,12.0,55.0,-540.0
Fluid,RAYN Clocks,LJL,ADC,LJL Winter · playoffs,14,0.571,3.8,-556.0,13.0,55.0,-543.0
Razer,RAYN Clocks,LJL,Mid,LJL Winter · playoffs,15,0.533,2.81,-559.0,12.0,55.0,-547.0
koisi,NOVEX,LJL,Support,LJL Winter · playoffs,4,0.5,2.29,-547.0,-4.0,55.0,-551.0
f4ke,Uwinks,LJL,Support,LJL Winter · playoffs,11,0.273,2.05,-609.0,-3.0,55.0,-612.0
SnowRabbit,L Guide Gaming,LJL,Top,LJL Winter · playoffs,13,0.538,2.02,-631.0,-3.0,55.0,-634.0
Karaage,L Guide Gaming,LJL,Mid,LJL Winter · playoffs,5,0.0,1.32,-634.0,-5.0,55.0,-639.0
Damocles,DetonatioN FocusMe Academy,LJL,ADC,LJL Winter · playoffs,5,0.4,3.12,-657.0,4.0,55.0,-653.0
Fubuki,Fast8,LJL,Jungle,LJL Winter · playoffs,11,0.273,2.71,-673.0,-3.0,55.0,-676.0
Kurahuto,DetonatioN FocusMe Academy,LJL,Support,LJL Winter · playoffs,5,0.4,2.08,-691.0,4.0,55.0,-687.0
Potential,DetonatioN FocusMe Academy,LJL,Top,LJL Winter · playoffs,4,0.5,4.1,-691.0,3.0,55.0,-688.0
Aquila,NOVEX,LJL,ADC,LJL Winter · playoffs,11,0.364,3.28,-691.0,-1.0,55.0,-692.0
wada1,Yang Yang Gaming,LJL,Support,LJL Winter · playoffs,5,0.2,2.46,-696.0,-0.0,55.0,-696.0
udon,VelbeliKaizokudan,LJL,Top,LJL Winter · playoffs,5,0.2,1.07,-704.0,-4.0,55.0,-708.0
PonG,NOVEX,LJL,Top,LJL Winter · playoffs,11,0.364,1.69,-726.0,-1.0,55.0,-727.0
Grit,DetonatioN FocusMe Academy,LJL,Jungle,LJL Winter · playoffs,4,0.5,3.38,-742.0,3.0,55.0,-739.0
GukBo,VARREL YOUTH,LJL,Mid,LJL Winter · playoffs,11,0.273,2.0,-740.0,-3.0,55.0,-743.0
raku,Fast8,LJL,Support,LJL Winter · playoffs,5,0.0,1.62,-746.0,-5.0,55.0,-751.0
Ravvy,DetonatioN FocusMe Academy,LJL,Mid,LJL Winter · playoffs,4,0.5,1.65,-766.0,3.0,55.0,-763.0
iu,Yang Yang Gaming,LJL,Top,LJL Winter · playoffs,5,0.2,1.26,-796.0,-0.0,55.0,-796.0
Jericho,Uwinks,LJL,Mid,LJL Winter · playoffs,5,0.2,1.9,-798.0,-4.0,55.0,-802.0
Ham,New Meta,LJL,Jungle,LJL Winter · playoffs,2,0.5,1.89,-855.0,0.0,55.0,-855.0
Hetel,Rising Gaming,LJL,Support,LJL · saison régulière,13,0.769,6.21,-105.0,-1.0,55.0,-106.0
Archer,CITA Kaizen,HM,ADC,LJL · saison régulière,13,0.769,10.43,-152.0,-1.0,55.0,-153.0
EL,Rising Gaming,LJL,Jungle,LJL · saison régulière,13,0.769,7.62,-154.0,-1.0,55.0,-155.0
tol2,New Meta,LJL,Top,LJL · saison régulière,13,0.769,2.48,-179.0,7.0,55.0,-172.0
Enapon,New Meta,LJL,Mid,LJL · saison régulière,27,0.778,5.47,-243.0,3.0,54.0,-240.0
advance,New Meta,LJL,Top,LJL · saison régulière,14,0.643,2.84,-285.0,1.0,55.0,-284.0
advance,New Meta,LJL,Top,LJL · saison régulière,12,0.917,5.96,-319.0,9.0,55.0,-310.0
Ramune,Rising Gaming,LJL,Mid,LJL · saison régulière,11,0.727,6.78,-312.0,0.0,55.0,-312.0
Daemi,Arneb,LJL,Mid,LJL · saison régulière,26,0.654,7.9,-337.0,-1.0,54.0,-338.0
NVX Aquila,NOVEX,LJL,ADC,LJL · saison régulière,14,0.786,5.65,-343.0,2.0,55.0,-341.0
wanan,L Guide Gaming,LJL,ADC,LJL · saison régulière,27,0.778,6.83,-354.0,3.0,54.0,-351.0
NVX PonG,NOVEX,LJL,Top,LJL · saison régulière,14,0.786,3.68,-354.0,2.0,55.0,-352.0
JustFocus,L Guide Gaming,LJL,Support,LJL · saison régulière,27,0.778,5.34,-355.0,3.0,54.0,-352.0
anakin,Uwinks,LJL,Support,LJL · saison régulière,20,0.7,4.1,-365.0,10.0,54.0,-355.0
YellowYoshi,Rising Gaming,LJL,Top,LJL · saison régulière,13,0.769,4.43,-355.0,-1.0,55.0,-356.0
Ryo,VARREL YOUTH,LJL,Jungle,LJL · saison régulière,14,0.714,4.38,-368.0,6.0,55.0,-362.0
Elative,Uwinks,LJL,Jungle,LJL · saison régulière,27,0.667,4.06,-381.0,10.0,54.0,-371.0
Kania,Arneb,LJL,Jungle,LJL · saison régulière,26,0.654,5.67,-371.0,-1.0,54.0,-372.0
Vox,VARREL YOUTH,LJL,ADC,LJL · saison régulière,14,0.714,5.55,-394.0,6.0,55.0,-388.0
Imagine,L Guide Gaming,LJL,Jungle,LJL · saison régulière,27,0.778,5.95,-403.0,3.0,54.0,-400.0
F8 ice,Fast8,LJL,Jungle,LJL · saison régulière,14,0.571,4.49,-408.0,0.0,55.0,-408.0
Amel,L Guide Gaming,LJL,Jungle,LJL · saison régulière,14,0.786,5.34,-415.0,6.0,55.0,-409.0
dresscode,Arneb,LJL,ADC,LJL · saison régulière,26,0.654,7.98,-410.0,-1.0,54.0,-411.0
Kreative,NOVEX,LJL,Jungle,LJL · saison régulière,16,0.75,5.0,-418.0,4.0,55.0,-414.0
HRK,New Meta,LJL,Jungle,LJL · saison régulière,20,0.65,4.38,-422.0,6.0,54.0,-416.0
SaKi,L Guide Gaming,LJL,Support,LJL · saison régulière,14,0.786,4.55,-431.0,6.0,55.0,-425.0
NaiNa,L Guide Gaming,LJL,ADC,LJL · saison régulière,14,0.786,4.75,-434.0,6.0,55.0,-428.0
Gecko,RAYN Clocks,LJL,Top,LJL · saison régulière,14,0.643,4.83,-437.0,4.0,55.0,-433.0
Alps,New Meta,LJL,Mid,LJL · saison régulière,15,0.733,3.85,-444.0,3.0,55.0,-441.0
CK Fluid,RAYN Clocks,LJL,ADC,LJL · saison régulière,14,0.643,4.09,-451.0,4.0,55.0,-447.0
Cryo,NOVEX,LJL,Mid,LJL · saison régulière,26,0.654,4.9,-455.0,0.0,54.0,-455.0
Taiyaki,Arneb,LJL,Support,LJL · saison régulière,26,0.654,5.02,-457.0,-1.0,54.0,-458.0
Sh1vq,NOVEX,LJL,Support,LJL · saison régulière,14,0.786,4.42,-471.0,2.0,55.0,-469.0
rre,L Guide Gaming,LJL,Mid,LJL · saison régulière,14,0.786,5.87,-475.0,6.0,55.0,-469.0
leaf,Arneb,LJL,Top,LJL · saison régulière,26,0.654,4.16,-472.0,-1.0,54.0,-473.0
Pinnnk,Inferno Drive Tokyo,LJL,Top,LJL · saison régulière,27,0.778,3.76,-476.0,3.0,54.0,-473.0
Gimi,Uwinks,LJL,ADC,LJL · saison régulière,27,0.667,4.09,-487.0,10.0,54.0,-477.0
F8 Hannah,Fast8,LJL,Top,LJL · saison régulière,14,0.571,2.84,-487.0,0.0,55.0,-487.0
antana,VARREL YOUTH,LJL,Top,LJL · saison régulière,14,0.714,3.35,-493.0,6.0,55.0,-487.0
F8 raku,Fast8,LJL,Support,LJL · saison régulière,14,0.571,3.64,-498.0,0.0,55.0,-498.0
MayR,FENNEL,LJL,ADC,LJL · saison régulière,26,0.538,3.16,-500.0,1.0,54.0,-499.0
CAG kaylie,CAG OSAKA,LJL,Mid,LJL · saison régulière,12,0.417,3.39,-511.0,2.0,55.0,-509.0
Kangkuk,RAYN Clocks,LJL,Jungle,LJL · saison régulière,14,0.643,5.55,-514.0,4.0,55.0,-510.0
Eria,New Meta,LJL,Mid,LJL · saison régulière,11,0.818,2.74,-516.0,6.0,55.0,-510.0
Godot,New Meta,LJL,ADC,LJL · saison régulière,19,0.684,4.0,-534.0,2.0,55.0,-532.0
mb,New Meta,LJL,Jungle,LJL · saison régulière,14,0.643,3.91,-534.0,1.0,55.0,-533.0
F8 aspire,Fast8,LJL,Mid,LJL · saison régulière,12,0.5,4.79,-548.0,1.0,55.0,-547.0
koisi,NOVEX,LJL,Support,LJL · saison régulière,18,0.611,4.04,-547.0,0.0,55.0,-547.0
chico,RAYN Clocks,LJL,Support,LJL · saison régulière,14,0.643,4.06,-552.0,4.0,55.0,-548.0
BOO Looter,Bamboo Juice,LJL,Top,LJL · saison régulière,14,0.429,3.28,-553.0,1.0,55.0,-552.0
Razer,RAYN Clocks,LJL,Mid,LJL · saison régulière,14,0.643,3.51,-559.0,4.0,55.0,-555.0
ichida,Uwinks,LJL,Mid,LJL · saison régulière,12,0.5,2.51,-561.0,-3.0,55.0,-564.0
F8 hanya,Fast8,LJL,Top,LJL · saison régulière,12,0.5,2.27,-587.0,1.0,55.0,-586.0
Ls,NOVEX,LJL,Support,LJL · saison régulière,12,0.5,2.86,-595.0,-1.0,55.0,-596.0
f4ke,Uwinks,LJL,Support,LJL · saison régulière,14,0.714,4.71,-609.0,6.0,55.0,-603.0
VK velbellys,VelbeliKaizokudan,LJL,Mid,LJL · saison régulière,11,0.454,3.06,-613.0,-2.0,55.0,-615.0
SnowRabbit,L Guide Gaming,LJL,Top,LJL · saison régulière,14,0.786,2.0,-631.0,6.0,55.0,-625.0
Karaage,L Guide Gaming,LJL,Mid,LJL · saison régulière,28,0.643,3.6,-634.0,6.0,54.0,-628.0
BOO SEKAI,Bamboo Juice,LJL,Support,LJL · saison régulière,11,0.364,2.61,-647.0,-2.0,55.0,-649.0
Fubuki,Fast8,LJL,Jungle,LJL · saison régulière,12,0.5,3.37,-673.0,1.0,55.0,-672.0
YYG NONO,Yang Yang Gaming,LJL,Jungle,LJL · saison régulière,12,0.417,2.26,-679.0,-0.0,55.0,-679.0
YYG Nafta,Yang Yang Gaming,LJL,Mid,LJL · saison régulière,12,0.417,2.61,-686.0,-0.0,55.0,-686.0
YYG Xerife,Yang Yang Gaming,LJL,ADC,LJL · saison régulière,11,0.364,2.85,-687.0,-1.0,55.0,-688.0
Aquila,NOVEX,LJL,ADC,LJL · saison régulière,12,0.5,3.32,-691.0,-1.0,55.0,-692.0
wada1,Yang Yang Gaming,LJL,Support,LJL · saison régulière,11,0.454,2.83,-696.0,1.0,55.0,-695.0
TenT,CAG OSAKA,LJL,ADC,LJL · saison régulière,26,0.308,2.71,-700.0,-4.0,54.0,-704.0
udon,VelbeliKaizokudan,LJL,Top,LJL · saison régulière,26,0.462,1.97,-704.0,-1.0,54.0,-705.0
BOO KAIRU,Bamboo Juice,LJL,ADC,LJL · saison régulière,18,0.389,2.45,-708.0,-2.0,55.0,-710.0
V3 fairy,V3 Esports,LJL,Jungle,LJL · saison régulière,13,0.154,2.33,-720.0,0.0,55.0,-720.0
PonG,NOVEX,LJL,Top,LJL · saison régulière,12,0.5,2.19,-726.0,-1.0,55.0,-727.0
raku,Fast8,LJL,Support,LJL · saison régulière,12,0.5,3.74,-746.0,1.0,55.0,-745.0
OkerumoN,CAG OSAKA,LJL,Support,LJL · saison régulière,26,0.308,2.07,-743.0,-4.0,54.0,-747.0
Yuu,CAG OSAKA,LJL,Top,LJL · saison régulière,26,0.308,1.86,-743.0,-4.0,54.0,-747.0
Rando,VelbeliKaizokudan,LJL,Top,LJL · saison régulière,14,0.357,1.27,-762.0,-4.0,55.0,-766.0
VK jisyoku,VelbeliKaizokudan,LJL,ADC,LJL · saison régulière,12,0.333,2.67,-777.0,-4.0,55.0,-781.0
iu,Yang Yang Gaming,LJL,Top,LJL · saison régulière,12,0.417,1.62,-796.0,-0.0,55.0,-796.0
Jericho,Uwinks,LJL,Mid,LJL · saison régulière,26,0.423,2.09,-798.0,1.0,54.0,-797.0
BOO YonYon,Bamboo Juice,LJL,Mid,LJL · saison régulière,15,0.267,1.87,-792.0,-7.0,55.0,-799.0
Racon,CAG OSAKA,LJL,Jungle,LJL · saison régulière,26,0.308,2.06,-796.0,-4.0,54.0,-800.0
Alleycat,CAG OSAKA,LJL,Mid,LJL · saison régulière,14,0.214,1.61,-796.0,-5.0,55.0,-801.0
VK motimotti11,VelbeliKaizokudan,LJL,ADC,LJL · saison régulière,14,0.357,1.81,-799.0,-4.0,55.0,-803.0
VK NishinoHawk,VelbeliKaizokudan,LJL,Support,LJL · saison régulière,12,0.333,1.96,-805.0,-4.0,55.0,-809.0
Sassappel,VelbeliKaizokudan,LJL,Jungle,LJL · saison régulière,12,0.333,1.98,-814.0,-4.0,55.0,-818.0
Blender,Bamboo Juice,LJL,Jungle,LJL · saison régulière,26,0.346,2.43,-836.0,-8.0,54.0,-844.0
Ham,New Meta,LJL,Jungle,LJL · saison régulière,16,0.25,1.71,-855.0,-5.0,55.0,-860.0
V3 ruin,V3 Esports,LJL,Support,LJL · saison régulière,14,0.143,1.33,-901.0,-2.0,55.0,-903.0
ezman,V3 Esports,LJL,Support,LJL · saison régulière,12,0.083,1.65,-902.0,-3.0,55.0,-905.0
V3 Luka,V3 Esports,LJL,Jungle,LJL · saison régulière,13,0.077,1.39,-945.0,-5.0,55.0,-950.0
UT K1ngNoth1ng,UTeSports,LJL,Support,LJL · saison régulière,12,0.083,1.58,-953.0,-6.0,55.0,-959.0
UT Louis,UTeSports,LJL,ADC,LJL · saison régulière,12,0.083,1.58,-964.0,-6.0,55.0,-970.0
RVX jisyoku,Revolution Victory X,LJL,ADC,LJL · saison régulière,13,0.077,1.56,-977.0,-6.0,55.0,-983.0
RVX Poro,Revolution Victory X,LJL,Top,LJL · saison régulière,13,0.077,0.73,-983.0,-6.0,55.0,-989.0
UT Hase,UTeSports,LJL,Jungle,LJL · saison régulière,12,0.083,1.61,-989.0,-6.0,55.0,-995.0
UEC Fahren,UEC eSports PlusPlus,LJL,Jungle,LJL · saison régulière,14,0.071,1.05,-995.0,-2.0,55.0,-997.0
UT Aware,UTeSports,LJL,Mid,LJL · saison régulière,12,0.083,1.41,-993.0,-6.0,55.0,-999.0
UT ringoriiii,UTeSports,LJL,Top,LJL · saison régulière,12,0.083,1.19,-995.0,-6.0,55.0,-1001.0
hinami,V3 Esports,LJL,ADC,LJL · saison régulière,26,0.115,1.75,-998.0,-4.0,54.0,-1002.0
RVX RefK,Revolution Victory X,LJL,Support,LJL · saison régulière,13,0.077,1.12,-997.0,-6.0,55.0,-1003.0
Asagao,V3 Esports,LJL,Mid,LJL · saison régulière,26,0.115,1.29,-1018.0,-4.0,54.0,-1022.0
jejemua,V3 Esports,LJL,Top,LJL · saison régulière,26,0.115,0.94,-1028.0,-4.0,54.0,-1032.0
UEC ks76,UEC eSports PlusPlus,LJL,Mid,LJL · saison régulière,14,0.071,0.86,-1031.0,-2.0,55.0,-1033.0
UEC clodmattya,UEC eSports PlusPlus,LJL,Top,LJL · saison régulière,14,0.071,0.8,-1040.0,-2.0,55.0,-1042.0
UEC Ruunan,UEC eSports PlusPlus,LJL,ADC,LJL · saison régulière,14,0.071,1.03,-1057.0,-2.0,55.0,-1059.0
UEC Fragrance,UEC eSports PlusPlus,LJL,Support,LJL · saison régulière,14,0.071,0.86,-1071.0,-2.0,55.0,-1073.0
Bin,Bilibili Gaming,LPL,Top,LPL Split 1 · playoffs,15,0.8,5.04,1014.0,7.0,55.0,1021.0
Knight,Bilibili Gaming,LPL,Mid,LPL Split 1 · playoffs,15,0.8,6.1,988.0,7.0,55.0,995.0
Viper,Bilibili Gaming,LPL,ADC,LPL Split 1 · playoffs,15,0.8,8.4,962.0,7.0,55.0,969.0
ON,Bilibili Gaming,LPL,Support,LPL Split 1 · playoffs,15,0.8,4.29,925.0,7.0,55.0,932.0
fengyue,Ninjas in Pyjamas,LPL,Support,LPL Split 1 · playoffs,18,0.556,3.05,909.0,-0.0,55.0,909.0
Xun,Bilibili Gaming,LPL,Jungle,LPL Split 1 · playoffs,15,0.8,5.84,902.0,7.0,55.0,909.0
Croco,LNG Esports,LPL,Jungle,LPL Split 1 · playoffs,7,0.571,3.63,885.0,-3.0,55.0,882.0
Angel,EDward Gaming,LPL,Mid,LPL Split 1 · playoffs,4,0.25,4.33,847.0,-2.0,55.0,845.0
Rookie,Invictus Gaming,LPL,Mid,LPL Split 1 · playoffs,18,0.444,3.89,832.0,2.0,55.0,834.0
Hope,Anyone's Legend,LPL,ADC,LPL Split 1 · playoffs,16,0.562,4.25,828.0,1.0,55.0,829.0
Tarzan,Anyone's Legend,LPL,Jungle,LPL Split 1 · playoffs,16,0.562,4.79,826.0,1.0,55.0,827.0
Shanks,Anyone's Legend,LPL,Mid,LPL Split 1 · playoffs,16,0.562,3.94,817.0,1.0,55.0,818.0
Care,Ninjas in Pyjamas,LPL,Mid,LPL Split 1 · playoffs,11,0.364,2.76,824.0,-6.0,55.0,818.0
Erha,Team WE,LPL,Support,LPL Split 1 · playoffs,18,0.5,4.35,808.0,2.0,55.0,810.0
Kael,Anyone's Legend,LPL,Support,LPL Split 1 · playoffs,16,0.562,3.65,807.0,1.0,55.0,808.0
HOYA,Ninjas in Pyjamas,LPL,Top,LPL Split 1 · playoffs,11,0.364,1.9,813.0,-6.0,55.0,807.0
JunJia,JD Gaming,LPL,Jungle,LPL Split 1 · playoffs,22,0.546,2.75,788.0,6.0,54.0,794.0
GALA,JD Gaming,LPL,ADC,LPL Split 1 · playoffs,22,0.546,3.69,770.0,6.0,54.0,776.0
Vampire,JD Gaming,LPL,Support,LPL Split 1 · playoffs,22,0.546,4.65,755.0,6.0,54.0,761.0
Creme,Top Esports,LPL,Mid,LPL Split 1 · playoffs,18,0.556,3.35,759.0,-0.0,55.0,759.0
HongQ,JD Gaming,LPL,Mid,LPL Split 1 · playoffs,22,0.546,3.12,746.0,6.0,54.0,752.0
Xiaohu,Weibo Gaming,LPL,Mid,LPL Split 1 · playoffs,18,0.5,3.23,737.0,2.0,55.0,739.0
Elk,Weibo Gaming,LPL,ADC,LPL Split 1 · playoffs,18,0.5,3.79,735.0,2.0,55.0,737.0
Zika,Weibo Gaming,LPL,Top,LPL Split 1 · playoffs,18,0.5,3.33,733.0,2.0,55.0,735.0
Xiaoxu,JD Gaming,LPL,Top,LPL Split 1 · playoffs,22,0.546,2.07,729.0,6.0,54.0,735.0
Guwon,Ninjas in Pyjamas,LPL,Jungle,LPL Split 1 · playoffs,11,0.364,2.36,735.0,-6.0,55.0,729.0
Flandre,Bilibili Gaming,LPL,Top,LPL Split 1 · playoffs,16,0.562,2.97,698.0,1.0,55.0,699.0
Wei,Invictus Gaming,LPL,Jungle,LPL Split 1 · playoffs,18,0.444,3.48,689.0,2.0,55.0,691.0
1xn,LNG Esports,LPL,ADC,LPL Split 1 · playoffs,7,0.571,7.29,692.0,-3.0,55.0,689.0
Monki,Team WE,LPL,Jungle,LPL Split 1 · playoffs,15,0.333,2.14,680.0,-3.0,55.0,677.0
369,Top Esports,LPL,Top,LPL Split 1 · playoffs,18,0.556,3.93,657.0,-0.0,55.0,657.0
JiaQi,Invictus Gaming,LPL,ADC,LPL Split 1 · playoffs,18,0.556,2.76,650.0,-0.0,55.0,650.0
Photic,Ninjas in Pyjamas,LPL,ADC,LPL Split 1 · playoffs,18,0.444,3.29,645.0,2.0,55.0,647.0
Jiejie,EDward Gaming,LPL,Jungle,LPL Split 1 · playoffs,18,0.5,3.93,635.0,2.0,55.0,637.0
Xiaohao,Weibo Gaming,LPL,Jungle,LPL Split 1 · playoffs,4,0.25,4.45,635.0,-2.0,55.0,633.0
MISSING,LNG Esports,LPL,Support,LPL Split 1 · playoffs,7,0.571,3.36,635.0,-3.0,55.0,632.0
sheer,LNG Esports,LPL,Top,LPL Split 1 · playoffs,7,0.571,4.25,632.0,-3.0,55.0,629.0
Assum,Invictus Gaming,LPL,ADC,LPL Split 1 · playoffs,11,0.364,2.26,634.0,-6.0,55.0,628.0
naiyou,Top Esports,LPL,Jungle,LPL Split 1 · playoffs,18,0.556,3.03,620.0,-0.0,55.0,620.0
Zhuo,Top Esports,LPL,Support,LPL Split 1 · playoffs,11,0.364,3.68,600.0,-6.0,55.0,594.0
Cube,Team WE,LPL,Top,LPL Split 1 · playoffs,15,0.333,2.09,593.0,-3.0,55.0,590.0
BuLLDoG,EDward Gaming,LPL,Mid,LPL Split 1 · playoffs,7,0.571,4.84,585.0,-3.0,55.0,582.0
re0,Oh My God,LPL,Jungle,LPL Split 1 · playoffs,7,0.429,2.16,563.0,-2.0,55.0,561.0
Karis,Team WE,LPL,Mid,LPL Split 1 · playoffs,15,0.333,2.12,547.0,-3.0,55.0,544.0
About,Team WE,LPL,ADC,LPL Split 1 · playoffs,15,0.333,2.06,540.0,-3.0,55.0,537.0
Junhao,ThunderTalk Gaming,LPL,Jungle,LPL Split 1 · playoffs,3,0.0,2.55,535.0,-1.0,55.0,534.0
Leave,EDward Gaming,LPL,ADC,LPL Split 1 · playoffs,4,0.25,2.31,528.0,-2.0,55.0,526.0
Jwei,Weibo Gaming,LPL,Support,LPL Split 1 · playoffs,18,0.444,3.6,514.0,2.0,55.0,516.0
Starry,Oh My God,LPL,ADC,LPL Split 1 · playoffs,7,0.429,2.41,500.0,-2.0,55.0,498.0
Zdz,EDward Gaming,LPL,Top,LPL Split 1 · playoffs,4,0.25,2.7,492.0,-2.0,55.0,490.0
Feather,ThunderTalk Gaming,LPL,Support,LPL Split 1 · playoffs,3,0.0,1.75,487.0,-1.0,55.0,486.0
Heru,ThunderTalk Gaming,LPL,Mid,LPL Split 1 · playoffs,3,0.0,2.18,478.0,-1.0,55.0,477.0
Keshi,ThunderTalk Gaming,LPL,Top,LPL Split 1 · playoffs,3,0.0,1.67,460.0,-1.0,55.0,459.0
Soboro,Fnatic,LEC,Top,LPL Split 1 · playoffs,18,0.444,1.88,448.0,2.0,55.0,450.0
Parukia,EDward Gaming,LPL,Support,LPL Split 1 · playoffs,4,0.25,2.24,427.0,-2.0,55.0,425.0
haichao,Oh My God,LPL,Mid,LPL Split 1 · playoffs,7,0.429,4.13,410.0,-2.0,55.0,408.0
Moham,Weibo Gaming,LPL,Support,LPL Split 1 · playoffs,7,0.429,2.63,403.0,-2.0,55.0,401.0
Hery,Oh My God,LPL,Top,LPL Split 1 · playoffs,7,0.429,2.6,337.0,-2.0,55.0,335.0
yaoyao,SillySilly Gaming,PCS,Support,LPL Split 1 · playoffs,15,0.333,2.5,218.0,-3.0,55.0,215.0
Ryan3,ThunderTalk Gaming,LPL,ADC,LPL Split 1 · playoffs,3,0.0,2.09,161.0,-1.0,55.0,160.0
Bin,Bilibili Gaming,LPL,Top,LPL Split 1 · saison régulière,25,0.6,3.29,1014.0,-10.0,54.0,1004.0
Knight,Bilibili Gaming,LPL,Mid,LPL Split 1 · saison régulière,25,0.6,5.81,988.0,-10.0,54.0,978.0
Viper,Bilibili Gaming,LPL,ADC,LPL Split 1 · saison régulière,25,0.6,5.27,962.0,-10.0,54.0,952.0
ON,Bilibili Gaming,LPL,Support,LPL Split 1 · saison régulière,25,0.6,3.68,925.0,-10.0,54.0,915.0
fengyue,Ninjas in Pyjamas,LPL,Support,LPL Split 1 · saison régulière,25,0.44,1.9,909.0,-1.0,54.0,908.0
Croco,LNG Esports,LPL,Jungle,LPL Split 1 · saison régulière,14,0.857,6.77,885.0,9.0,55.0,894.0
Xun,Bilibili Gaming,LPL,Jungle,LPL Split 1 · saison régulière,25,0.6,3.73,902.0,-10.0,54.0,892.0
Angel,EDward Gaming,LPL,Mid,LPL Split 1 · saison régulière,15,0.6,5.68,847.0,8.0,55.0,855.0
Hope,Anyone's Legend,LPL,ADC,LPL Split 1 · saison régulière,27,0.667,4.34,828.0,7.0,54.0,835.0
Tarzan,Anyone's Legend,LPL,Jungle,LPL Split 1 · saison régulière,27,0.667,4.58,826.0,7.0,54.0,833.0
Rookie,Invictus Gaming,LPL,Mid,LPL Split 1 · saison régulière,25,0.28,2.56,832.0,-6.0,54.0,826.0
Care,Ninjas in Pyjamas,LPL,Mid,LPL Split 1 · saison régulière,18,0.667,6.09,824.0,2.0,55.0,826.0
Shanks,Anyone's Legend,LPL,Mid,LPL Split 1 · saison régulière,27,0.667,4.31,817.0,7.0,54.0,824.0
HOYA,Ninjas in Pyjamas,LPL,Top,LPL Split 1 · saison régulière,18,0.667,6.29,813.0,2.0,55.0,815.0
Erha,Team WE,LPL,Support,LPL Split 1 · saison régulière,26,0.5,3.12,808.0,7.0,54.0,815.0
Kael,Anyone's Legend,LPL,Support,LPL Split 1 · saison régulière,27,0.667,3.79,807.0,7.0,54.0,814.0
JunJia,JD Gaming,LPL,Jungle,LPL Split 1 · saison régulière,26,0.5,3.42,788.0,2.0,54.0,790.0
GALA,JD Gaming,LPL,ADC,LPL Split 1 · saison régulière,26,0.5,4.61,770.0,2.0,54.0,772.0
Creme,Top Esports,LPL,Mid,LPL Split 1 · saison régulière,25,0.44,3.51,759.0,-1.0,54.0,758.0
Vampire,JD Gaming,LPL,Support,LPL Split 1 · saison régulière,26,0.5,3.68,755.0,2.0,54.0,757.0
HongQ,JD Gaming,LPL,Mid,LPL Split 1 · saison régulière,26,0.5,3.49,746.0,2.0,54.0,748.0
Xiaohu,Weibo Gaming,LPL,Mid,LPL Split 1 · saison régulière,26,0.5,4.14,737.0,7.0,54.0,744.0
Elk,Weibo Gaming,LPL,ADC,LPL Split 1 · saison régulière,26,0.5,4.24,735.0,7.0,54.0,742.0
Zika,Weibo Gaming,LPL,Top,LPL Split 1 · saison régulière,26,0.5,3.35,733.0,7.0,54.0,740.0
Guwon,Ninjas in Pyjamas,LPL,Jungle,LPL Split 1 · saison régulière,18,0.667,5.06,735.0,2.0,55.0,737.0
Xiaoxu,JD Gaming,LPL,Top,LPL Split 1 · saison régulière,26,0.5,3.91,729.0,2.0,54.0,731.0
Flandre,Bilibili Gaming,LPL,Top,LPL Split 1 · saison régulière,27,0.667,3.61,698.0,7.0,54.0,705.0
1xn,LNG Esports,LPL,ADC,LPL Split 1 · saison régulière,14,0.857,7.62,692.0,9.0,55.0,701.0
Wei,Invictus Gaming,LPL,Jungle,LPL Split 1 · saison régulière,25,0.28,2.4,689.0,-6.0,54.0,683.0
Monki,Team WE,LPL,Jungle,LPL Split 1 · saison régulière,16,0.562,2.2,680.0,2.0,55.0,682.0
369,Top Esports,LPL,Top,LPL Split 1 · saison régulière,25,0.44,1.74,657.0,-1.0,54.0,656.0
Tangyuan,LGD Gaming,LPL,Mid,LPL Split 1 · saison régulière,17,0.471,4.93,657.0,-3.0,55.0,654.0
JiaQi,Invictus Gaming,LPL,ADC,LPL Split 1 · saison régulière,25,0.44,2.28,650.0,-1.0,54.0,649.0
MISSING,LNG Esports,LPL,Support,LPL Split 1 · saison régulière,14,0.857,6.68,635.0,9.0,55.0,644.0
Xiaohao,Weibo Gaming,LPL,Jungle,LPL Split 1 · saison régulière,15,0.6,6.52,635.0,8.0,55.0,643.0
Jiejie,EDward Gaming,LPL,Jungle,LPL Split 1 · saison régulière,26,0.5,4.34,635.0,7.0,54.0,642.0
sheer,LNG Esports,LPL,Top,LPL Split 1 · saison régulière,14,0.857,6.22,632.0,9.0,55.0,641.0
Photic,Ninjas in Pyjamas,LPL,ADC,LPL Split 1 · saison régulière,25,0.28,3.07,645.0,-6.0,54.0,639.0
Assum,Invictus Gaming,LPL,ADC,LPL Split 1 · saison régulière,18,0.667,5.26,634.0,2.0,55.0,636.0
Heng,LGD Gaming,LPL,Jungle,LPL Split 1 · saison régulière,17,0.471,3.19,625.0,-3.0,55.0,622.0
naiyou,Top Esports,LPL,Jungle,LPL Split 1 · saison régulière,25,0.44,2.23,620.0,-1.0,54.0,619.0
Zhuo,Top Esports,LPL,Support,LPL Split 1 · saison régulière,18,0.667,6.3,600.0,2.0,55.0,602.0
Cube,Team WE,LPL,Top,LPL Split 1 · saison régulière,16,0.562,2.86,593.0,2.0,55.0,595.0
BuLLDoG,EDward Gaming,LPL,Mid,LPL Split 1 · saison régulière,14,0.857,8.41,585.0,9.0,55.0,594.0
Shaoye,LGD Gaming,LPL,ADC,LPL Split 1 · saison régulière,17,0.471,3.08,597.0,-3.0,55.0,594.0
Saber,Ultra Prime,LPL,Mid,LPL Split 1 · saison régulière,13,0.231,4.64,586.0,-5.0,55.0,581.0
sasi,Ultra Prime,LPL,Top,LPL Split 1 · saison régulière,17,0.471,2.82,576.0,-3.0,55.0,573.0
re0,Oh My God,LPL,Jungle,LPL Split 1 · saison régulière,5,0.8,4.67,563.0,6.0,55.0,569.0
Karis,Team WE,LPL,Mid,LPL Split 1 · saison régulière,16,0.562,3.48,547.0,2.0,55.0,549.0
About,Team WE,LPL,ADC,LPL Split 1 · saison régulière,16,0.562,2.68,540.0,2.0,55.0,542.0
Leave,EDward Gaming,LPL,ADC,LPL Split 1 · saison régulière,15,0.6,4.11,528.0,8.0,55.0,536.0
Junhao,ThunderTalk Gaming,LPL,Jungle,LPL Split 1 · saison régulière,13,0.077,1.92,535.0,-12.0,55.0,523.0
Jwei,Weibo Gaming,LPL,Support,LPL Split 1 · saison régulière,25,0.28,2.23,514.0,-6.0,54.0,508.0
Starry,Oh My God,LPL,ADC,LPL Split 1 · saison régulière,14,0.429,2.52,500.0,-0.0,55.0,500.0
Zdz,EDward Gaming,LPL,Top,LPL Split 1 · saison régulière,15,0.6,3.26,492.0,8.0,55.0,500.0
Ycx,LNG Esports,LPL,Support,LPL Split 1 · saison régulière,17,0.471,3.2,493.0,-3.0,55.0,490.0
Feather,ThunderTalk Gaming,LPL,Support,LPL Split 1 · saison régulière,13,0.077,1.55,487.0,-12.0,55.0,475.0
Heru,ThunderTalk Gaming,LPL,Mid,LPL Split 1 · saison régulière,13,0.077,1.96,478.0,-12.0,55.0,466.0
Keshi,ThunderTalk Gaming,LPL,Top,LPL Split 1 · saison régulière,13,0.077,1.25,460.0,-12.0,55.0,448.0
Soboro,Fnatic,LEC,Top,LPL Split 1 · saison régulière,25,0.28,1.48,448.0,-6.0,54.0,442.0
Liangchen,Bilibili Gaming Junior,LPL,Top,LPL Split 1 · saison régulière,13,0.231,2.13,442.0,-5.0,55.0,437.0
Xiaoxia,Ultra Prime,LPL,Support,LPL Split 1 · saison régulière,13,0.231,1.87,441.0,-5.0,55.0,436.0
Parukia,EDward Gaming,LPL,Support,LPL Split 1 · saison régulière,15,0.6,2.82,427.0,8.0,55.0,435.0
haichao,Oh My God,LPL,Mid,LPL Split 1 · saison régulière,14,0.429,3.48,410.0,-0.0,55.0,410.0
Moham,Weibo Gaming,LPL,Support,LPL Split 1 · saison régulière,14,0.429,2.87,403.0,-0.0,55.0,403.0
Grizzly,BNK FEARX Youth,LCKC,Jungle,LPL Split 1 · saison régulière,13,0.231,2.39,376.0,-5.0,55.0,371.0
Hena,paiN Gaming,CBLOL,ADC,LPL Split 1 · saison régulière,13,0.231,2.88,355.0,-5.0,55.0,350.0
Hery,Oh My God,LPL,Top,LPL Split 1 · saison régulière,14,0.429,1.72,337.0,-0.0,55.0,337.0
Juhan,Oh My God,LPL,Jungle,LPL Split 1 · saison régulière,9,0.222,0.88,325.0,-6.0,55.0,319.0
yaoyao,SillySilly Gaming,PCS,Support,LPL Split 1 · saison régulière,16,0.562,2.72,218.0,2.0,55.0,220.0
Ryan3,ThunderTalk Gaming,LPL,ADC,LPL Split 1 · saison régulière,13,0.077,2.08,161.0,-12.0,55.0,149.0
Bin,Bilibili Gaming,LPL,Top,LPL Split 2 · playoffs,22,0.727,4.78,1014.0,-4.0,54.0,1010.0
Knight,Bilibili Gaming,LPL,Mid,LPL Split 2 · playoffs,22,0.727,8.42,988.0,-4.0,54.0,984.0
Viper,Bilibili Gaming,LPL,ADC,LPL Split 2 · playoffs,22,0.727,5.31,962.0,-4.0,54.0,958.0
ON,Bilibili Gaming,LPL,Support,LPL Split 2 · playoffs,22,0.727,3.5,925.0,-4.0,54.0,921.0
fengyue,Ninjas in Pyjamas,LPL,Support,LPL Split 2 · playoffs,13,0.692,5.13,909.0,5.0,55.0,914.0
Xun,Bilibili Gaming,LPL,Jungle,LPL Split 2 · playoffs,22,0.727,5.11,902.0,-4.0,54.0,898.0
Croco,LNG Esports,LPL,Jungle,LPL Split 2 · playoffs,5,0.4,2.69,885.0,-4.0,55.0,881.0
Erha,Team WE,LPL,Support,LPL Split 2 · playoffs,20,0.55,3.67,808.0,17.0,55.0,825.0
Hope,Anyone's Legend,LPL,ADC,LPL Split 2 · playoffs,12,0.5,4.48,828.0,-5.0,55.0,823.0
Tarzan,Anyone's Legend,LPL,Jungle,LPL Split 2 · playoffs,12,0.5,4.85,826.0,-5.0,55.0,821.0
Care,Ninjas in Pyjamas,LPL,Mid,LPL Split 2 · playoffs,5,0.4,2.2,824.0,-6.0,55.0,818.0
Shanks,Anyone's Legend,LPL,Mid,LPL Split 2 · playoffs,12,0.5,4.18,817.0,-5.0,55.0,812.0
HOYA,Ninjas in Pyjamas,LPL,Top,LPL Split 2 · playoffs,5,0.4,2.6,813.0,-6.0,55.0,807.0
Kael,Anyone's Legend,LPL,Support,LPL Split 2 · playoffs,12,0.5,4.97,807.0,-5.0,55.0,802.0
Ahn,ThunderTalk Gaming,LPL,ADC,LPL Split 2 · playoffs,12,0.5,3.27,791.0,6.0,55.0,797.0
JunJia,JD Gaming,LPL,Jungle,LPL Split 2 · playoffs,12,0.417,3.28,788.0,-2.0,55.0,786.0
Meiko,Invictus Gaming,LPL,Support,LPL Split 2 · playoffs,3,0.0,1.7,791.0,-8.0,55.0,783.0
JackeyLove,Top Esports,LPL,ADC,LPL Split 2 · playoffs,13,0.692,4.19,767.0,5.0,55.0,772.0
ZUIAN,Top Esports,LPL,Top,LPL Split 2 · playoffs,13,0.692,3.67,764.0,5.0,55.0,769.0
GALA,JD Gaming,LPL,ADC,LPL Split 2 · playoffs,12,0.417,4.14,770.0,-2.0,55.0,768.0
Creme,Top Esports,LPL,Mid,LPL Split 2 · playoffs,13,0.692,4.97,759.0,5.0,55.0,764.0
Vampire,JD Gaming,LPL,Support,LPL Split 2 · playoffs,12,0.417,3.31,755.0,-2.0,55.0,753.0
Tian,Top Esports,LPL,Jungle,LPL Split 2 · playoffs,13,0.692,3.66,744.0,5.0,55.0,749.0
HongQ,JD Gaming,LPL,Mid,LPL Split 2 · playoffs,12,0.417,3.37,746.0,-2.0,55.0,744.0
Xiaohu,Weibo Gaming,LPL,Mid,LPL Split 2 · playoffs,5,0.4,3.2,737.0,-5.0,55.0,732.0
Elk,Weibo Gaming,LPL,ADC,LPL Split 2 · playoffs,5,0.4,4.5,735.0,-5.0,55.0,730.0
Guwon,Ninjas in Pyjamas,LPL,Jungle,LPL Split 2 · playoffs,5,0.4,2.71,735.0,-6.0,55.0,729.0
Zika,Weibo Gaming,LPL,Top,LPL Split 2 · playoffs,5,0.4,2.0,733.0,-5.0,55.0,728.0
Xiaoxu,JD Gaming,LPL,Top,LPL Split 2 · playoffs,12,0.417,3.34,729.0,-2.0,55.0,727.0
Breathe,Anyone's Legend,LPL,Top,LPL Split 2 · playoffs,3,0.0,1.0,723.0,-8.0,55.0,715.0
Burdol,LGD Gaming,LPL,Top,LPL Split 2 · playoffs,16,0.375,2.16,706.0,1.0,55.0,707.0
Monki,Team WE,LPL,Jungle,LPL Split 2 · playoffs,20,0.55,3.27,680.0,17.0,55.0,697.0
Flandre,Bilibili Gaming,LPL,Top,LPL Split 2 · playoffs,12,0.5,3.22,698.0,-5.0,55.0,693.0
1xn,LNG Esports,LPL,ADC,LPL Split 2 · playoffs,5,0.4,2.0,692.0,-4.0,55.0,688.0
Wei,Invictus Gaming,LPL,Jungle,LPL Split 2 · playoffs,3,0.0,2.71,689.0,-8.0,55.0,681.0
Tangyuan,LGD Gaming,LPL,Mid,LPL Split 2 · playoffs,16,0.375,2.68,657.0,1.0,55.0,658.0
JiaQi,Invictus Gaming,LPL,ADC,LPL Split 2 · playoffs,3,0.0,1.07,650.0,-8.0,55.0,642.0
Xiaohao,Weibo Gaming,LPL,Jungle,LPL Split 2 · playoffs,11,0.273,2.7,635.0,4.0,55.0,639.0
MISSING,LNG Esports,LPL,Support,LPL Split 2 · playoffs,5,0.4,2.0,635.0,-4.0,55.0,631.0
Jiejie,EDward Gaming,LPL,Jungle,LPL Split 2 · playoffs,5,0.4,3.09,635.0,-5.0,55.0,630.0
sheer,LNG Esports,LPL,Top,LPL Split 2 · playoffs,5,0.4,2.15,632.0,-4.0,55.0,628.0
Assum,Invictus Gaming,LPL,ADC,LPL Split 2 · playoffs,5,0.4,1.7,634.0,-6.0,55.0,628.0
Heng,LGD Gaming,LPL,Jungle,LPL Split 2 · playoffs,16,0.375,2.64,625.0,1.0,55.0,626.0
Cube,Team WE,LPL,Top,LPL Split 2 · playoffs,20,0.55,2.81,593.0,17.0,55.0,610.0
TheHank,Bilibili Gaming Junior,LPL,Support,LPL Split 2 · playoffs,5,0.4,2.06,613.0,-5.0,55.0,608.0
Shaoye,LGD Gaming,LPL,ADC,LPL Split 2 · playoffs,16,0.375,2.62,597.0,1.0,55.0,598.0
Zhuo,Top Esports,LPL,Support,LPL Split 2 · playoffs,5,0.4,2.88,600.0,-6.0,55.0,594.0
BuLLDoG,EDward Gaming,LPL,Mid,LPL Split 2 · playoffs,5,0.4,2.08,585.0,-4.0,55.0,581.0
Karis,Team WE,LPL,Mid,LPL Split 2 · playoffs,20,0.55,4.08,547.0,17.0,55.0,564.0
sinian,EDG Youth Team,LPL,Mid,LPL Split 2 · playoffs,11,0.273,2.56,554.0,4.0,55.0,558.0
About,Team WE,LPL,ADC,LPL Split 2 · playoffs,20,0.55,3.66,540.0,17.0,55.0,557.0
Junhao,ThunderTalk Gaming,LPL,Jungle,LPL Split 2 · playoffs,12,0.5,3.53,535.0,6.0,55.0,541.0
Leave,EDward Gaming,LPL,ADC,LPL Split 2 · playoffs,11,0.273,2.77,528.0,4.0,55.0,532.0
Jwei,Weibo Gaming,LPL,Support,LPL Split 2 · playoffs,11,0.273,3.18,514.0,4.0,55.0,518.0
Zdz,EDward Gaming,LPL,Top,LPL Split 2 · playoffs,11,0.273,1.74,492.0,4.0,55.0,496.0
Ycx,LNG Esports,LPL,Support,LPL Split 2 · playoffs,16,0.375,2.18,493.0,1.0,55.0,494.0
Feather,ThunderTalk Gaming,LPL,Support,LPL Split 2 · playoffs,12,0.5,3.61,487.0,6.0,55.0,493.0
Renard,Invictus Gaming,LPL,Mid,LPL Split 2 · playoffs,1,0.0,1.33,495.0,-3.0,55.0,492.0
Heru,ThunderTalk Gaming,LPL,Mid,LPL Split 2 · playoffs,12,0.5,3.27,478.0,6.0,55.0,484.0
Keshi,ThunderTalk Gaming,LPL,Top,LPL Split 2 · playoffs,12,0.5,2.74,460.0,6.0,55.0,466.0
Nia,LNG Esports,LPL,Mid,LPL Split 2 · playoffs,2,0.0,1.25,354.0,-5.0,55.0,349.0
Bin,Bilibili Gaming,LPL,Top,LPL Split 2 · saison régulière,32,0.75,3.32,1014.0,4.0,54.0,1018.0
Knight,Bilibili Gaming,LPL,Mid,LPL Split 2 · saison régulière,32,0.75,8.69,988.0,4.0,54.0,992.0
Viper,Bilibili Gaming,LPL,ADC,LPL Split 2 · saison régulière,32,0.75,5.3,962.0,4.0,54.0,966.0
ON,Bilibili Gaming,LPL,Support,LPL Split 2 · saison régulière,32,0.75,4.6,925.0,4.0,54.0,929.0
fengyue,Ninjas in Pyjamas,LPL,Support,LPL Split 2 · saison régulière,30,0.6,3.5,909.0,5.0,54.0,914.0
Xun,Bilibili Gaming,LPL,Jungle,LPL Split 2 · saison régulière,32,0.75,4.79,902.0,4.0,54.0,906.0
Croco,LNG Esports,LPL,Jungle,LPL Split 2 · saison régulière,13,0.692,4.55,885.0,1.0,55.0,886.0
Angel,EDward Gaming,LPL,Mid,LPL Split 2 · saison régulière,12,0.5,2.97,847.0,-0.0,55.0,847.0
Care,Ninjas in Pyjamas,LPL,Mid,LPL Split 2 · saison régulière,33,0.485,3.96,824.0,4.0,54.0,828.0
Hope,Anyone's Legend,LPL,ADC,LPL Split 2 · saison régulière,31,0.548,4.0,828.0,-5.0,54.0,823.0
Tarzan,Anyone's Legend,LPL,Jungle,LPL Split 2 · saison régulière,31,0.548,4.1,826.0,-5.0,54.0,821.0
HOYA,Ninjas in Pyjamas,LPL,Top,LPL Split 2 · saison régulière,33,0.485,2.59,813.0,4.0,54.0,817.0
Shanks,Anyone's Legend,LPL,Mid,LPL Split 2 · saison régulière,31,0.548,4.12,817.0,-5.0,54.0,812.0
Kael,Anyone's Legend,LPL,Support,LPL Split 2 · saison régulière,31,0.548,4.54,807.0,-5.0,54.0,802.0
JunJia,JD Gaming,LPL,Jungle,LPL Split 2 · saison régulière,35,0.571,3.96,788.0,9.0,54.0,797.0
Ahn,ThunderTalk Gaming,LPL,ADC,LPL Split 2 · saison régulière,14,0.571,4.74,791.0,5.0,55.0,796.0
Meiko,Invictus Gaming,LPL,Support,LPL Split 2 · saison régulière,35,0.429,3.33,791.0,2.0,54.0,793.0
Erha,Team WE,LPL,Support,LPL Split 2 · saison régulière,33,0.182,2.24,808.0,-21.0,54.0,787.0
GALA,JD Gaming,LPL,ADC,LPL Split 2 · saison régulière,35,0.571,4.57,770.0,9.0,54.0,779.0
JackeyLove,Top Esports,LPL,ADC,LPL Split 2 · saison régulière,30,0.6,3.74,767.0,5.0,54.0,772.0
ZUIAN,Top Esports,LPL,Top,LPL Split 2 · saison régulière,30,0.6,2.57,764.0,5.0,54.0,769.0
Vampire,JD Gaming,LPL,Support,LPL Split 2 · saison régulière,35,0.571,4.54,755.0,9.0,54.0,764.0
Creme,Top Esports,LPL,Mid,LPL Split 2 · saison régulière,30,0.6,4.2,759.0,5.0,54.0,764.0
HongQ,JD Gaming,LPL,Mid,LPL Split 2 · saison régulière,35,0.571,4.24,746.0,9.0,54.0,755.0
Tian,Top Esports,LPL,Jungle,LPL Split 2 · saison régulière,30,0.6,3.67,744.0,5.0,54.0,749.0
Xiaohu,Weibo Gaming,LPL,Mid,LPL Split 2 · saison régulière,35,0.457,2.89,737.0,3.0,54.0,740.0
Guwon,Ninjas in Pyjamas,LPL,Jungle,LPL Split 2 · saison régulière,33,0.485,2.76,735.0,4.0,54.0,739.0
Xiaoxu,JD Gaming,LPL,Top,LPL Split 2 · saison régulière,35,0.571,2.96,729.0,9.0,54.0,738.0
Elk,Weibo Gaming,LPL,ADC,LPL Split 2 · saison régulière,35,0.457,3.12,735.0,3.0,54.0,738.0
Zika,Weibo Gaming,LPL,Top,LPL Split 2 · saison régulière,35,0.457,2.47,733.0,3.0,54.0,736.0
Breathe,Anyone's Legend,LPL,Top,LPL Split 2 · saison régulière,35,0.429,2.6,723.0,2.0,54.0,725.0
Burdol,LGD Gaming,LPL,Top,LPL Split 2 · saison régulière,12,0.5,3.3,706.0,-3.0,55.0,703.0
Flandre,Bilibili Gaming,LPL,Top,LPL Split 2 · saison régulière,31,0.548,3.41,698.0,-5.0,54.0,693.0
1xn,LNG Esports,LPL,ADC,LPL Split 2 · saison régulière,13,0.692,5.64,692.0,1.0,55.0,693.0
Wei,Invictus Gaming,LPL,Jungle,LPL Split 2 · saison régulière,35,0.429,2.95,689.0,2.0,54.0,691.0
Monki,Team WE,LPL,Jungle,LPL Split 2 · saison régulière,29,0.207,1.72,680.0,-15.0,54.0,665.0
Tangyuan,LGD Gaming,LPL,Mid,LPL Split 2 · saison régulière,12,0.5,4.95,657.0,-3.0,55.0,654.0
JiaQi,Invictus Gaming,LPL,ADC,LPL Split 2 · saison régulière,35,0.429,3.03,650.0,2.0,54.0,652.0
Photic,Ninjas in Pyjamas,LPL,ADC,LPL Split 2 · saison régulière,7,0.143,2.0,645.0,-5.0,55.0,640.0
Jiejie,EDward Gaming,LPL,Jungle,LPL Split 2 · saison régulière,35,0.457,3.72,635.0,3.0,54.0,638.0
Assum,Invictus Gaming,LPL,ADC,LPL Split 2 · saison régulière,33,0.485,3.29,634.0,4.0,54.0,638.0
MISSING,LNG Esports,LPL,Support,LPL Split 2 · saison régulière,13,0.692,4.7,635.0,1.0,55.0,636.0
Xiaohao,Weibo Gaming,LPL,Jungle,LPL Split 2 · saison régulière,14,0.5,3.48,635.0,-1.0,55.0,634.0
sheer,LNG Esports,LPL,Top,LPL Split 2 · saison régulière,13,0.692,4.0,632.0,1.0,55.0,633.0
climber,Ultra Prime,LPL,Jungle,LPL Split 2 · saison régulière,12,0.5,3.15,626.0,1.0,55.0,627.0
Heng,LGD Gaming,LPL,Jungle,LPL Split 2 · saison régulière,12,0.5,3.43,625.0,-3.0,55.0,622.0
TheHank,Bilibili Gaming Junior,LPL,Support,LPL Split 2 · saison régulière,8,0.75,2.69,613.0,5.0,55.0,618.0
Zhuo,Top Esports,LPL,Support,LPL Split 2 · saison régulière,33,0.485,4.49,600.0,4.0,54.0,604.0
Shaoye,LGD Gaming,LPL,ADC,LPL Split 2 · saison régulière,12,0.5,2.78,597.0,-3.0,55.0,594.0
Saber,Ultra Prime,LPL,Mid,LPL Split 2 · saison régulière,10,0.6,10.18,586.0,6.0,55.0,592.0
BuLLDoG,EDward Gaming,LPL,Mid,LPL Split 2 · saison régulière,13,0.692,4.78,585.0,1.0,55.0,586.0
sasi,Ultra Prime,LPL,Top,LPL Split 2 · saison régulière,12,0.5,2.26,576.0,1.0,55.0,577.0
Cube,Team WE,LPL,Top,LPL Split 2 · saison régulière,33,0.182,1.48,593.0,-21.0,54.0,572.0
re0,Oh My God,LPL,Jungle,LPL Split 2 · saison régulière,9,0.222,1.08,563.0,-4.0,55.0,559.0
sinian,EDG Youth Team,LPL,Mid,LPL Split 2 · saison régulière,2,0.5,3.4,554.0,-1.0,55.0,553.0
Junhao,ThunderTalk Gaming,LPL,Jungle,LPL Split 2 · saison régulière,14,0.571,4.61,535.0,5.0,55.0,540.0
Leave,EDward Gaming,LPL,ADC,LPL Split 2 · saison régulière,14,0.5,3.58,528.0,-1.0,55.0,527.0
Karis,Team WE,LPL,Mid,LPL Split 2 · saison régulière,33,0.182,1.75,547.0,-21.0,54.0,526.0
About,Team WE,LPL,ADC,LPL Split 2 · saison régulière,33,0.182,1.91,540.0,-21.0,54.0,519.0
Jwei,Weibo Gaming,LPL,Support,LPL Split 2 · saison régulière,14,0.5,4.59,514.0,-1.0,55.0,513.0
Hang,Weibo Gaming,LPL,Support,LPL Split 2 · saison régulière,27,0.37,2.82,515.0,-3.0,54.0,512.0
Starry,Oh My God,LPL,ADC,LPL Split 2 · saison régulière,6,0.333,1.84,500.0,1.0,55.0,501.0
Renard,Invictus Gaming,LPL,Mid,LPL Split 2 · saison régulière,19,0.421,3.13,495.0,-1.0,55.0,494.0
Feather,ThunderTalk Gaming,LPL,Support,LPL Split 2 · saison régulière,14,0.571,4.79,487.0,5.0,55.0,492.0
Zdz,EDward Gaming,LPL,Top,LPL Split 2 · saison régulière,14,0.5,2.58,492.0,-1.0,55.0,491.0
Ycx,LNG Esports,LPL,Support,LPL Split 2 · saison régulière,12,0.5,3.5,493.0,-3.0,55.0,490.0
Heru,ThunderTalk Gaming,LPL,Mid,LPL Split 2 · saison régulière,14,0.571,3.94,478.0,5.0,55.0,483.0
Keshi,ThunderTalk Gaming,LPL,Top,LPL Split 2 · saison régulière,14,0.571,2.82,460.0,5.0,55.0,465.0
Xiaoxia,Ultra Prime,LPL,Support,LPL Split 2 · saison régulière,12,0.5,3.94,441.0,1.0,55.0,442.0
haichao,Oh My God,LPL,Mid,LPL Split 2 · saison régulière,13,0.231,2.8,410.0,-4.0,55.0,406.0
Moham,Weibo Gaming,LPL,Support,LPL Split 2 · saison régulière,13,0.231,2.78,403.0,-4.0,55.0,399.0
Nia,LNG Esports,LPL,Mid,LPL Split 2 · saison régulière,16,0.438,2.39,354.0,3.0,55.0,357.0
Hena,paiN Gaming,CBLOL,ADC,LPL Split 2 · saison régulière,12,0.5,3.65,355.0,1.0,55.0,356.0
Hery,Oh My God,LPL,Top,LPL Split 2 · saison régulière,13,0.231,1.1,337.0,-4.0,55.0,333.0
Juhan,Oh My God,LPL,Jungle,LPL Split 2 · saison régulière,4,0.25,1.77,325.0,-0.0,55.0,325.0
Bin,Bilibili Gaming,LPL,Top,LPL Split 3 · playoffs,11,0.636,3.15,1014.0,-2.0,55.0,1012.0
Knight,Bilibili Gaming,LPL,Mid,LPL Split 3 · playoffs,11,0.636,5.8,988.0,-2.0,55.0,986.0
TheShy,Invictus Gaming,LPL,Top,LPL Split 3 · playoffs,20,0.7,2.83,953.0,8.0,55.0,961.0
Viper,Bilibili Gaming,LPL,ADC,LPL Split 3 · playoffs,11,0.636,5.54,962.0,-2.0,55.0,960.0
ON,Bilibili Gaming,LPL,Support,LPL Split 3 · playoffs,11,0.636,5.31,925.0,-2.0,55.0,923.0
fengyue,Ninjas in Pyjamas,LPL,Support,LPL Split 3 · playoffs,11,0.727,4.41,909.0,2.0,55.0,911.0
Xun,Bilibili Gaming,LPL,Jungle,LPL Split 3 · playoffs,11,0.636,4.89,902.0,-2.0,55.0,900.0
Rookie,Invictus Gaming,LPL,Mid,LPL Split 3 · playoffs,20,0.7,6.66,832.0,8.0,55.0,840.0
Hope,Anyone's Legend,LPL,ADC,LPL Split 3 · playoffs,16,0.562,4.22,828.0,6.0,55.0,834.0
Tarzan,Anyone's Legend,LPL,Jungle,LPL Split 3 · playoffs,16,0.562,3.64,826.0,6.0,55.0,832.0
Care,Ninjas in Pyjamas,LPL,Mid,LPL Split 3 · playoffs,11,0.727,5.0,824.0,2.0,55.0,826.0
Shanks,Anyone's Legend,LPL,Mid,LPL Split 3 · playoffs,16,0.562,3.15,817.0,6.0,55.0,823.0
HOYA,Ninjas in Pyjamas,LPL,Top,LPL Split 3 · playoffs,11,0.727,3.6,813.0,2.0,55.0,815.0
Erha,Team WE,LPL,Support,LPL Split 3 · playoffs,12,0.417,3.79,808.0,5.0,55.0,813.0
Kael,Anyone's Legend,LPL,Support,LPL Split 3 · playoffs,16,0.562,4.35,807.0,6.0,55.0,813.0
Meiko,Invictus Gaming,LPL,Support,LPL Split 3 · playoffs,20,0.7,5.33,791.0,8.0,55.0,799.0
Ahn,ThunderTalk Gaming,LPL,ADC,LPL Split 3 · playoffs,3,0.0,1.0,791.0,-4.0,55.0,787.0
JunJia,JD Gaming,LPL,Jungle,LPL Split 3 · playoffs,5,0.0,1.56,788.0,-10.0,55.0,778.0
Crisp,LGD Gaming,LPL,Support,LPL Split 3 · playoffs,17,0.412,3.49,776.0,0.0,55.0,776.0
JackeyLove,Top Esports,LPL,ADC,LPL Split 3 · playoffs,10,0.4,3.06,767.0,-3.0,55.0,764.0
ZUIAN,Top Esports,LPL,Top,LPL Split 3 · playoffs,10,0.4,2.14,764.0,-3.0,55.0,761.0
GALA,JD Gaming,LPL,ADC,LPL Split 3 · playoffs,7,0.143,2.84,770.0,-10.0,55.0,760.0
Creme,Top Esports,LPL,Mid,LPL Split 3 · playoffs,10,0.4,2.84,759.0,-3.0,55.0,756.0
Vampire,JD Gaming,LPL,Support,LPL Split 3 · playoffs,7,0.143,2.33,755.0,-10.0,55.0,745.0
Tian,Top Esports,LPL,Jungle,LPL Split 3 · playoffs,10,0.4,3.24,744.0,-3.0,55.0,741.0
Guwon,Ninjas in Pyjamas,LPL,Jungle,LPL Split 3 · playoffs,11,0.727,5.68,735.0,2.0,55.0,737.0
HongQ,JD Gaming,LPL,Mid,LPL Split 3 · playoffs,7,0.143,1.97,746.0,-10.0,55.0,736.0
Breathe,Anyone's Legend,LPL,Top,LPL Split 3 · playoffs,16,0.562,2.94,723.0,6.0,55.0,729.0
Xiaoxu,JD Gaming,LPL,Top,LPL Split 3 · playoffs,7,0.143,2.18,729.0,-10.0,55.0,719.0
Burdol,LGD Gaming,LPL,Top,LPL Split 3 · playoffs,17,0.412,2.72,706.0,0.0,55.0,706.0
Wei,Invictus Gaming,LPL,Jungle,LPL Split 3 · playoffs,20,0.7,4.0,689.0,8.0,55.0,697.0
Monki,Team WE,LPL,Jungle,LPL Split 3 · playoffs,12,0.417,2.19,680.0,5.0,55.0,685.0
JiaQi,Invictus Gaming,LPL,ADC,LPL Split 3 · playoffs,20,0.7,3.73,650.0,8.0,55.0,658.0
Tangyuan,LGD Gaming,LPL,Mid,LPL Split 3 · playoffs,17,0.412,3.44,657.0,0.0,55.0,657.0
Photic,Ninjas in Pyjamas,LPL,ADC,LPL Split 3 · playoffs,11,0.727,5.19,645.0,2.0,55.0,647.0
Jiejie,EDward Gaming,LPL,Jungle,LPL Split 3 · playoffs,3,0.0,1.13,635.0,-1.0,55.0,634.0
Heng,LGD Gaming,LPL,Jungle,LPL Split 3 · playoffs,17,0.412,2.72,625.0,0.0,55.0,625.0
Cube,Team WE,LPL,Top,LPL Split 3 · playoffs,12,0.417,2.97,593.0,5.0,55.0,598.0
Shaoye,LGD Gaming,LPL,ADC,LPL Split 3 · playoffs,17,0.412,2.8,597.0,0.0,55.0,597.0
Zhuo,Top Esports,LPL,Support,LPL Split 3 · playoffs,10,0.4,5.57,600.0,-3.0,55.0,597.0
BuLLDoG,EDward Gaming,LPL,Mid,LPL Split 3 · playoffs,3,0.0,1.27,585.0,-1.0,55.0,584.0
Karis,Team WE,LPL,Mid,LPL Split 3 · playoffs,12,0.417,3.27,547.0,5.0,55.0,552.0
About,Team WE,LPL,ADC,LPL Split 3 · playoffs,12,0.417,3.5,540.0,5.0,55.0,545.0
Junhao,ThunderTalk Gaming,LPL,Jungle,LPL Split 3 · playoffs,3,0.0,1.73,535.0,-4.0,55.0,531.0
Leave,EDward Gaming,LPL,ADC,LPL Split 3 · playoffs,3,0.0,1.36,528.0,-1.0,55.0,527.0
Zdz,EDward Gaming,LPL,Top,LPL Split 3 · playoffs,3,0.0,0.44,492.0,-1.0,55.0,491.0
Feather,ThunderTalk Gaming,LPL,Support,LPL Split 3 · playoffs,3,0.0,1.23,487.0,-4.0,55.0,483.0
Heru,ThunderTalk Gaming,LPL,Mid,LPL Split 3 · playoffs,3,0.0,1.2,478.0,-4.0,55.0,474.0
Keshi,ThunderTalk Gaming,LPL,Top,LPL Split 3 · playoffs,3,0.0,0.93,460.0,-4.0,55.0,456.0
Parukia,EDward Gaming,LPL,Support,LPL Split 3 · playoffs,3,0.0,1.45,427.0,-1.0,55.0,426.0
Bin,Bilibili Gaming,LPL,Top,LPL Split 3 · saison régulière,5,0.8,3.21,1014.0,3.0,55.0,1017.0
Knight,Bilibili Gaming,LPL,Mid,LPL Split 3 · saison régulière,35,0.714,5.4,988.0,-0.0,54.0,988.0
Viper,Bilibili Gaming,LPL,ADC,LPL Split 3 · saison régulière,35,0.714,5.0,962.0,-0.0,54.0,962.0
TheShy,Invictus Gaming,LPL,Top,LPL Split 3 · saison régulière,15,0.6,2.33,953.0,1.0,55.0,954.0
ON,Bilibili Gaming,LPL,Support,LPL Split 3 · saison régulière,35,0.714,3.54,925.0,-0.0,54.0,925.0
fengyue,Ninjas in Pyjamas,LPL,Support,LPL Split 3 · saison régulière,15,0.8,5.49,909.0,7.0,55.0,916.0
Xun,Bilibili Gaming,LPL,Jungle,LPL Split 3 · saison régulière,35,0.714,4.91,902.0,-0.0,54.0,902.0
Rookie,Invictus Gaming,LPL,Mid,LPL Split 3 · saison régulière,15,0.6,4.05,832.0,1.0,55.0,833.0
Care,Ninjas in Pyjamas,LPL,Mid,LPL Split 3 · saison régulière,15,0.8,7.04,824.0,7.0,55.0,831.0
Hope,Anyone's Legend,LPL,ADC,LPL Split 3 · saison régulière,36,0.611,5.44,828.0,1.0,54.0,829.0
Tarzan,Anyone's Legend,LPL,Jungle,LPL Split 3 · saison régulière,36,0.611,5.62,826.0,1.0,54.0,827.0
HOYA,Ninjas in Pyjamas,LPL,Top,LPL Split 3 · saison régulière,15,0.8,4.09,813.0,7.0,55.0,820.0
Shanks,Anyone's Legend,LPL,Mid,LPL Split 3 · saison régulière,36,0.611,4.53,817.0,1.0,54.0,818.0
Erha,Team WE,LPL,Support,LPL Split 3 · saison régulière,32,0.5,2.94,808.0,2.0,54.0,810.0
Kael,Anyone's Legend,LPL,Support,LPL Split 3 · saison régulière,36,0.611,4.74,807.0,1.0,54.0,808.0
Ahn,ThunderTalk Gaming,LPL,ADC,LPL Split 3 · saison régulière,35,0.314,2.5,791.0,2.0,54.0,793.0
Meiko,Invictus Gaming,LPL,Support,LPL Split 3 · saison régulière,15,0.6,3.66,791.0,1.0,55.0,792.0
JunJia,JD Gaming,LPL,Jungle,LPL Split 3 · saison régulière,33,0.546,3.39,788.0,2.0,54.0,790.0
Crisp,LGD Gaming,LPL,Support,LPL Split 3 · saison régulière,35,0.486,3.89,776.0,6.0,54.0,782.0
GALA,JD Gaming,LPL,ADC,LPL Split 3 · saison régulière,37,0.54,4.67,770.0,0.0,54.0,770.0
JackeyLove,Top Esports,LPL,ADC,LPL Split 3 · saison régulière,31,0.581,3.43,767.0,-0.0,54.0,767.0
ZUIAN,Top Esports,LPL,Top,LPL Split 3 · saison régulière,31,0.581,3.0,764.0,-0.0,54.0,764.0
Creme,Top Esports,LPL,Mid,LPL Split 3 · saison régulière,31,0.581,3.86,759.0,-0.0,54.0,759.0
Vampire,JD Gaming,LPL,Support,LPL Split 3 · saison régulière,37,0.54,3.31,755.0,0.0,54.0,755.0
HongQ,JD Gaming,LPL,Mid,LPL Split 3 · saison régulière,37,0.54,3.62,746.0,0.0,54.0,746.0
Tian,Top Esports,LPL,Jungle,LPL Split 3 · saison régulière,31,0.581,3.23,744.0,-0.0,54.0,744.0
Guwon,Ninjas in Pyjamas,LPL,Jungle,LPL Split 3 · saison régulière,15,0.8,4.73,735.0,7.0,55.0,742.0
Xiaohu,Weibo Gaming,LPL,Mid,LPL Split 3 · saison régulière,16,0.438,3.22,737.0,-2.0,55.0,735.0
Elk,Weibo Gaming,LPL,ADC,LPL Split 3 · saison régulière,16,0.438,2.61,735.0,-2.0,55.0,733.0
Zika,Weibo Gaming,LPL,Top,LPL Split 3 · saison régulière,16,0.438,2.36,733.0,-2.0,55.0,731.0
Xiaoxu,JD Gaming,LPL,Top,LPL Split 3 · saison régulière,37,0.54,2.83,729.0,0.0,54.0,729.0
Breathe,Anyone's Legend,LPL,Top,LPL Split 3 · saison régulière,36,0.611,4.06,723.0,1.0,54.0,724.0
Burdol,LGD Gaming,LPL,Top,LPL Split 3 · saison régulière,35,0.486,2.91,706.0,6.0,54.0,712.0
Wenbo,Bilibili Gaming,LPL,Top,LPL Split 3 · saison régulière,20,0.7,3.39,716.0,-5.0,55.0,711.0
Flandre,Bilibili Gaming,LPL,Top,LPL Split 3 · saison régulière,10,0.7,4.7,698.0,2.0,55.0,700.0
Wei,Invictus Gaming,LPL,Jungle,LPL Split 3 · saison régulière,15,0.6,4.66,689.0,1.0,55.0,690.0
1xn,LNG Esports,LPL,ADC,LPL Split 3 · saison régulière,14,0.143,2.16,692.0,-6.0,55.0,686.0
Monki,Team WE,LPL,Jungle,LPL Split 3 · saison régulière,32,0.5,2.49,680.0,2.0,54.0,682.0
Tangyuan,LGD Gaming,LPL,Mid,LPL Split 3 · saison régulière,35,0.486,5.04,657.0,6.0,54.0,663.0
Photic,Ninjas in Pyjamas,LPL,ADC,LPL Split 3 · saison régulière,15,0.8,5.55,645.0,7.0,55.0,652.0
JiaQi,Invictus Gaming,LPL,ADC,LPL Split 3 · saison régulière,5,0.4,3.24,650.0,-2.0,55.0,648.0
Assum,Invictus Gaming,LPL,ADC,LPL Split 3 · saison régulière,10,0.7,4.5,634.0,4.0,55.0,638.0
Jiejie,EDward Gaming,LPL,Jungle,LPL Split 3 · saison régulière,25,0.28,2.38,635.0,-3.0,54.0,632.0
Heng,LGD Gaming,LPL,Jungle,LPL Split 3 · saison régulière,35,0.486,4.17,625.0,6.0,54.0,631.0
MISSING,LNG Esports,LPL,Support,LPL Split 3 · saison régulière,6,0.0,1.55,635.0,-8.0,55.0,627.0
sheer,LNG Esports,LPL,Top,LPL Split 3 · saison régulière,14,0.143,2.04,632.0,-6.0,55.0,626.0
Xiaohao,Weibo Gaming,LPL,Jungle,LPL Split 3 · saison régulière,22,0.318,2.95,635.0,-10.0,54.0,625.0
Shaoye,LGD Gaming,LPL,ADC,LPL Split 3 · saison régulière,35,0.486,3.41,597.0,6.0,54.0,603.0
Zhuo,Top Esports,LPL,Support,LPL Split 3 · saison régulière,31,0.581,3.62,600.0,-0.0,54.0,600.0
Cube,Team WE,LPL,Top,LPL Split 3 · saison régulière,32,0.5,2.48,593.0,2.0,54.0,595.0
BuLLDoG,EDward Gaming,LPL,Mid,LPL Split 3 · saison régulière,29,0.241,2.28,585.0,-7.0,54.0,578.0
sinian,EDG Youth Team,LPL,Mid,LPL Split 3 · saison régulière,2,0.0,0.4,554.0,-4.0,55.0,550.0
Karis,Team WE,LPL,Mid,LPL Split 3 · saison régulière,32,0.5,3.25,547.0,2.0,54.0,549.0
About,Team WE,LPL,ADC,LPL Split 3 · saison régulière,32,0.5,3.0,540.0,2.0,54.0,542.0
Junhao,ThunderTalk Gaming,LPL,Jungle,LPL Split 3 · saison régulière,35,0.314,3.02,535.0,2.0,54.0,537.0
Leave,EDward Gaming,LPL,ADC,LPL Split 3 · saison régulière,31,0.226,2.03,528.0,-11.0,54.0,517.0
Jwei,Weibo Gaming,LPL,Support,LPL Split 3 · saison régulière,5,0.2,2.24,514.0,-2.0,55.0,512.0
Ycx,LNG Esports,LPL,Support,LPL Split 3 · saison régulière,8,0.25,3.05,493.0,2.0,55.0,495.0
Feather,ThunderTalk Gaming,LPL,Support,LPL Split 3 · saison régulière,35,0.314,2.61,487.0,2.0,54.0,489.0
Zdz,EDward Gaming,LPL,Top,LPL Split 3 · saison régulière,31,0.226,1.52,492.0,-11.0,54.0,481.0
Heru,ThunderTalk Gaming,LPL,Mid,LPL Split 3 · saison régulière,35,0.314,2.55,478.0,2.0,54.0,480.0
Keshi,ThunderTalk Gaming,LPL,Top,LPL Split 3 · saison régulière,35,0.314,1.73,460.0,2.0,54.0,462.0
Parukia,EDward Gaming,LPL,Support,LPL Split 3 · saison régulière,31,0.226,1.76,427.0,-11.0,54.0,416.0
Moham,Weibo Gaming,LPL,Support,LPL Split 3 · saison régulière,11,0.546,3.76,403.0,-0.0,55.0,403.0
Weiwei,LNG Esports,LPL,Jungle,LPL Split 3 · saison régulière,14,0.143,2.4,402.0,-6.0,55.0,396.0
Nia,LNG Esports,LPL,Mid,LPL Split 3 · saison régulière,14,0.143,2.11,354.0,-6.0,55.0,348.0
Cimpo,SU Esports,TCL,ADC,LPLOL Spring · playoffs,6,1.0,6.59,151.0,1.0,55.0,152.0
Camana,Bushido Wildcats,TCL,Mid,LPLOL Spring · playoffs,6,1.0,5.29,-35.0,1.0,55.0,-34.0
Lulas,Esprit Shōnen,LPLOL,Jungle,LPLOL Spring · playoffs,6,1.0,13.71,-112.0,1.0,55.0,-111.0
TheGreatGary,Otter Side,LPLOL,Top,LPLOL Spring · playoffs,6,1.0,4.94,-274.0,1.0,55.0,-273.0
Kaplica,Lund Esports Organization,NLC,Top,LPLOL Spring · playoffs,7,0.143,1.62,-280.0,-2.0,55.0,-282.0
kkero,ZennIT,ROL,Support,LPLOL Spring · playoffs,6,1.0,6.67,-295.0,1.0,55.0,-294.0
Lostboy,Crusaders,LPLOL,Support,LPLOL Spring · playoffs,7,0.143,3.4,-365.0,-2.0,55.0,-367.0
D4SH,Capybara Esports,LPLOL,Jungle,LPLOL Spring · playoffs,11,0.546,3.19,-460.0,2.0,55.0,-458.0
BBK Sankaizer,Bubliki,LPLOL,Top,LPLOL Spring · playoffs,8,0.75,3.09,-465.0,3.0,55.0,-462.0
Shiganari,Ronaldo Team,LPLOL,ADC,LPLOL Spring · playoffs,4,0.25,2.39,-475.0,-1.0,55.0,-476.0
Demonadc,Bubliki,LPLOL,ADC,LPLOL Spring · playoffs,11,0.546,2.39,-505.0,2.0,55.0,-503.0
RDT raisu,Ronaldo Team,LPLOL,Support,LPLOL Spring · playoffs,4,0.25,1.84,-510.0,-1.0,55.0,-511.0
Dreampull,Capybara Esports,LPLOL,Top,LPLOL Spring · playoffs,4,0.25,1.17,-515.0,-1.0,55.0,-516.0
Sahira,Crusaders,LPLOL,Mid,LPLOL Spring · playoffs,7,0.143,1.41,-535.0,-2.0,55.0,-537.0
Nomanz,Ronaldo Team,LPLOL,Mid,LPLOL Spring · playoffs,4,0.25,2.31,-542.0,-1.0,55.0,-543.0
Glimpse,Crusaders,LPLOL,ADC,LPLOL Spring · playoffs,7,0.143,2.16,-547.0,-2.0,55.0,-549.0
CrabLord,ALMO Players,HLL,Support,LPLOL Spring · playoffs,11,0.546,2.4,-553.0,2.0,55.0,-551.0
FallenBandit,Tung Tung Bogi,LPLOL,Jungle,LPLOL Spring · playoffs,4,0.25,1.58,-579.0,-1.0,55.0,-580.0
ardaffler,Bubliki,LPLOL,Mid,LPLOL Spring · playoffs,11,0.546,3.62,-590.0,2.0,55.0,-588.0
Sankaizer,Bubliki,LPLOL,Top,LPLOL Spring · playoffs,3,0.0,0.73,-593.0,-1.0,55.0,-594.0
Cimpo,SU Esports,TCL,ADC,LPLOL Spring · saison régulière,7,1.0,7.5,151.0,2.0,55.0,153.0
Camana,Bushido Wildcats,TCL,Mid,LPLOL Spring · saison régulière,7,1.0,8.18,-35.0,2.0,55.0,-33.0
Noodle,Crusaders,NLC,Jungle,LPLOL Spring · saison régulière,5,0.8,21.75,-50.0,6.0,55.0,-44.0
Lulas,Esprit Shōnen,LPLOL,Jungle,LPLOL Spring · saison régulière,7,1.0,7.14,-112.0,2.0,55.0,-110.0
Hamsi,DIA Ozarox Esports,TCL,Top,LPLOL Spring · saison régulière,5,0.4,1.5,-252.0,-3.0,55.0,-255.0
TheGreatGary,Otter Side,LPLOL,Top,LPLOL Spring · saison régulière,5,1.0,5.38,-274.0,1.0,55.0,-273.0
Kaplica,Lund Esports Organization,NLC,Top,LPLOL Spring · saison régulière,7,0.714,3.35,-280.0,6.0,55.0,-274.0
kkero,ZennIT,ROL,Support,LPLOL Spring · saison régulière,7,1.0,7.0,-295.0,2.0,55.0,-293.0
Aspect,DIA Ozarox Esports,TCL,Jungle,LPLOL Spring · saison régulière,7,0.429,2.79,-312.0,-3.0,55.0,-315.0
Lostboy,Crusaders,LPLOL,Support,LPLOL Spring · saison régulière,7,0.714,5.59,-365.0,6.0,55.0,-359.0
Ze Luis,Francesinhas,LPLOL,Support,LPLOL Spring · saison régulière,7,0.429,3.43,-430.0,2.0,55.0,-428.0
Varin,Team Phoenix,TCL,Support,LPLOL Spring · saison régulière,7,0.429,5.54,-428.0,-3.0,55.0,-431.0
D4SH,Capybara Esports,LPLOL,Jungle,LPLOL Spring · saison régulière,7,0.571,3.43,-460.0,2.0,55.0,-458.0
BBK Sankaizer,Bubliki,LPLOL,Top,LPLOL Spring · saison régulière,7,0.571,2.35,-465.0,2.0,55.0,-463.0
Shiganari,Ronaldo Team,LPLOL,ADC,LPLOL Spring · saison régulière,7,0.571,3.67,-475.0,4.0,55.0,-471.0
LVS,Francesinhas,LPLOL,Top,LPLOL Spring · saison régulière,7,0.429,2.32,-480.0,2.0,55.0,-478.0
NOMA,Francesinhas,LPLOL,Mid,LPLOL Spring · saison régulière,7,0.429,2.18,-493.0,2.0,55.0,-491.0
Demonadc,Bubliki,LPLOL,ADC,LPLOL Spring · saison régulière,7,0.571,4.25,-505.0,2.0,55.0,-503.0
RDT raisu,Ronaldo Team,LPLOL,Support,LPLOL Spring · saison régulière,7,0.571,2.29,-510.0,4.0,55.0,-506.0
Dreampull,Capybara Esports,LPLOL,Top,LPLOL Spring · saison régulière,7,0.571,3.0,-515.0,4.0,55.0,-511.0
Flashpowa,Dream Esports,LPLOL,ADC,LPLOL Spring · saison régulière,7,0.429,2.74,-514.0,-3.0,55.0,-517.0
salgueir0,White Dragons,LPLOL,Jungle,LPLOL Spring · saison régulière,7,0.0,1.18,-514.0,-11.0,55.0,-525.0
Sahira,Crusaders,LPLOL,Mid,LPLOL Spring · saison régulière,7,0.714,2.94,-535.0,6.0,55.0,-529.0
Nomanz,Ronaldo Team,LPLOL,Mid,LPLOL Spring · saison régulière,7,0.571,2.06,-542.0,4.0,55.0,-538.0
costy,Francesinhas,LPLOL,ADC,LPLOL Spring · saison régulière,7,0.429,2.24,-541.0,2.0,55.0,-539.0
Glimpse,Crusaders,LPLOL,ADC,LPLOL Spring · saison régulière,7,0.714,3.33,-547.0,6.0,55.0,-541.0
CrabLord,ALMO Players,HLL,Support,LPLOL Spring · saison régulière,7,0.571,5.87,-553.0,2.0,55.0,-551.0
BANKAI,Dream Esports,LPLOL,Mid,LPLOL Spring · saison régulière,5,0.6,4.33,-567.0,1.0,55.0,-566.0
FallenBandit,Tung Tung Bogi,LPLOL,Jungle,LPLOL Spring · saison régulière,7,0.571,3.21,-579.0,4.0,55.0,-575.0
ardaffler,Bubliki,LPLOL,Mid,LPLOL Spring · saison régulière,7,0.571,3.72,-590.0,2.0,55.0,-588.0
Lumity,Bohemian Guardians,HM,Mid,LPLOL Spring · saison régulière,4,0.0,1.58,-582.0,-6.0,55.0,-588.0
Coli,Dynasty,EBL,Support,LPLOL Spring · saison régulière,6,0.0,0.8,-591.0,-10.0,55.0,-601.0
Semide,GTZ Esports,LPLOL,Mid,LPLOL Spring · saison régulière,7,0.286,3.53,-653.0,-1.0,55.0,-654.0
RealR,GTZ Esports,LPLOL,Jungle,LPLOL Spring · saison régulière,7,0.286,1.4,-685.0,-1.0,55.0,-686.0
bakisa,Dynasty,EBL,ADC,LPLOL Spring · saison régulière,7,0.0,0.67,-682.0,-11.0,55.0,-693.0
JoKozz,ZeroZone Gaming,LPLOL,Top,LPLOL Spring · saison régulière,7,0.0,1.04,-796.0,-11.0,55.0,-807.0
Calmsky,White Dragons,LPLOL,Support,LPLOL Summer · saison régulière,13,1.0,10.5,-87.0,10.0,55.0,-77.0
Lekcyc,Bubliki,LPLOL,Support,LPLOL Summer · saison régulière,20,0.55,3.91,-91.0,1.0,55.0,-90.0
Kurama,Otter Side,LPLOL,Jungle,LPLOL Summer · saison régulière,15,0.6,3.05,-98.0,-2.0,55.0,-100.0
Fred,White Dragons,LPLOL,Mid,LPLOL Summer · saison régulière,13,1.0,9.09,-127.0,10.0,55.0,-117.0
Falleo,White Dragons,LPLOL,Top,LPLOL Summer · saison régulière,13,1.0,5.77,-130.0,10.0,55.0,-120.0
Deadly,Otter Side,LPLOL,ADC,LPLOL Summer · saison régulière,16,0.562,3.96,-119.0,-4.0,55.0,-123.0
Aeon,White Dragons,LPLOL,ADC,LPLOL Summer · saison régulière,13,1.0,10.76,-187.0,10.0,55.0,-177.0
Elramir,Dream Esports,TCL,Jungle,LPLOL Summer · saison régulière,4,0.25,2.71,-174.0,-6.0,55.0,-180.0
Sukru,Dream Esports,NL,Top,LPLOL Summer · saison régulière,4,0.25,2.27,-215.0,-6.0,55.0,-221.0
qualzy,Otter Side,HM,Jungle,LPLOL Summer · saison régulière,1,0.0,0.71,-228.0,-2.0,55.0,-230.0
CLEARS,Dream Esports,NLC,Jungle,LPLOL Summer · saison régulière,6,0.667,6.0,-243.0,2.0,55.0,-241.0
TheGreatGary,Otter Side,LPLOL,Top,LPLOL Summer · saison régulière,16,0.562,2.44,-274.0,-4.0,55.0,-278.0
Soufiane,GD Esports,AL,Mid,LPLOL Summer · saison régulière,5,0.2,2.61,-344.0,-3.0,55.0,-347.0
Tochas,Dream Esports,LPLOL,Support,LPLOL Summer · saison régulière,10,0.5,3.24,-351.0,-4.0,55.0,-355.0
Smarty,Otter Side,LPLOL,Support,LPLOL Summer · saison régulière,16,0.562,3.58,-374.0,-4.0,55.0,-378.0
D4rtaine,Hyperion (Portuguese Team),HLL,Top,LPLOL Summer · saison régulière,9,0.556,2.68,-386.0,3.0,55.0,-383.0
Cha0s,Dream Esports,NLC,Top,LPLOL Summer · saison régulière,6,0.667,2.69,-413.0,2.0,55.0,-411.0
NGE H4far,NORTHERNGRADE ESPORTS,LPLOL,Support,LPLOL Summer · saison régulière,10,0.4,4.65,-427.0,4.0,55.0,-423.0
Ze Luis,Francesinhas,LPLOL,Support,LPLOL Summer · saison régulière,11,0.546,3.02,-430.0,1.0,55.0,-429.0
TTB raisu,Tung Tung Bogi,LPLOL,Support,LPLOL Summer · saison régulière,10,0.6,4.61,-444.0,3.0,55.0,-441.0
D4SH,Capybara Esports,LPLOL,Jungle,LPLOL Summer · saison régulière,9,0.444,3.96,-460.0,1.0,55.0,-459.0
Janis,NORTHERNGRADE ESPORTS,LPLOL,Jungle,LPLOL Summer · saison régulière,10,0.4,4.14,-466.0,4.0,55.0,-462.0
Alvanai,Hyperion (Portuguese Team),LIT,Mid,LPLOL Summer · saison régulière,8,0.5,4.05,-464.0,1.0,55.0,-463.0
C7,NORTHERNGRADE ESPORTS,HLL,Top,LPLOL Summer · saison régulière,9,0.333,2.97,-465.0,1.0,55.0,-464.0
LVS,Francesinhas,LPLOL,Top,LPLOL Summer · saison régulière,11,0.546,3.53,-480.0,1.0,55.0,-479.0
TinjaNurtles,Bubliki,LPLOL,Jungle,LPLOL Summer · saison régulière,20,0.55,3.18,-486.0,1.0,55.0,-485.0
NOMA,Francesinhas,LPLOL,Mid,LPLOL Summer · saison régulière,11,0.546,2.52,-493.0,1.0,55.0,-492.0
Demonadc,Bubliki,LPLOL,ADC,LPLOL Summer · saison régulière,20,0.55,4.06,-505.0,1.0,55.0,-504.0
salgueir0,White Dragons,LPLOL,Jungle,LPLOL Summer · saison régulière,13,1.0,7.03,-514.0,10.0,55.0,-504.0
NGE Katashi,NORTHERNGRADE ESPORTS,LPLOL,Mid,LPLOL Summer · saison régulière,10,0.4,2.6,-516.0,4.0,55.0,-512.0
K1ng,Hyperion (Portuguese Team),HLL,ADC,LPLOL Summer · saison régulière,9,0.556,2.54,-515.0,3.0,55.0,-512.0
Dreampull,Capybara Esports,LPLOL,Top,LPLOL Summer · saison régulière,9,0.444,2.0,-515.0,1.0,55.0,-514.0
Baca,Otter Side,LPLOL,Mid,LPLOL Summer · saison régulière,16,0.562,4.23,-526.0,-4.0,55.0,-530.0
dylux,GD Esports,HC,Jungle,LPLOL Summer · saison régulière,3,0.333,2.33,-539.0,-1.0,55.0,-540.0
costy,Francesinhas,LPLOL,ADC,LPLOL Summer · saison régulière,11,0.546,2.43,-541.0,1.0,55.0,-540.0
Anechek,Dominion Goblins,LPLOL,Jungle,LPLOL Summer · saison régulière,18,0.5,2.69,-554.0,5.0,55.0,-549.0
Heroic,Bubliki,LPLOL,Mid,LPLOL Summer · saison régulière,16,0.562,2.56,-565.0,2.0,55.0,-563.0
BANKAI,Dream Esports,LPLOL,Mid,LPLOL Summer · saison régulière,10,0.5,4.23,-567.0,-4.0,55.0,-571.0
ZaFiR,Hyperion (Portuguese Team),EBL,Support,LPLOL Summer · saison régulière,6,0.5,3.33,-572.0,0.0,55.0,-572.0
FallenBandit,Tung Tung Bogi,LPLOL,Jungle,LPLOL Summer · saison régulière,13,0.462,3.24,-579.0,1.0,55.0,-578.0
Sankaizer,Bubliki,LPLOL,Top,LPLOL Summer · saison régulière,20,0.55,2.26,-593.0,1.0,55.0,-592.0
Fengu,Dominion Goblins,LPLOL,ADC,LPLOL Summer · saison régulière,12,0.417,2.48,-598.0,3.0,55.0,-595.0
PrettyFellow,Dominion Goblins,LPLOL,Support,LPLOL Summer · saison régulière,12,0.417,2.31,-612.0,3.0,55.0,-609.0
Pinki,Dream Esports,LPLOL,ADC,LPLOL Summer · saison régulière,10,0.5,3.67,-626.0,-4.0,55.0,-630.0
TTB Artishpalk,Tung Tung Bogi,LPLOL,Top,LPLOL Summer · saison régulière,13,0.462,2.08,-642.0,1.0,55.0,-641.0
TTB Trtgfg,Tung Tung Bogi,LPLOL,Mid,LPLOL Summer · saison régulière,13,0.462,3.6,-647.0,1.0,55.0,-646.0
brokk,Dominion Goblins,LPLOL,Top,LPLOL Summer · saison régulière,12,0.417,1.35,-649.0,3.0,55.0,-646.0
Dezo,NORTHERNGRADE ESPORTS,LPLOL,ADC,LPLOL Summer · saison régulière,10,0.4,2.89,-650.0,4.0,55.0,-646.0
z1zimink,Dominion Goblins,LPLOL,Mid,LPLOL Summer · saison régulière,12,0.417,2.12,-657.0,3.0,55.0,-654.0
Carros,Tung Tung Bogi,LPLOL,ADC,LPLOL Summer · saison régulière,13,0.462,2.18,-681.0,1.0,55.0,-680.0
JoKozz,ZeroZone Gaming,LPLOL,Top,LPLOL Summer · saison régulière,9,0.444,3.83,-796.0,-2.0,55.0,-798.0
Jeyrus,DIA Ozarox Esports,TCL,ADC,LPLOL Winter · saison régulière,12,0.833,4.71,43.0,-0.0,55.0,43.0
Aytekn,Bushido Wildcats,TCL,Top,LPLOL Winter · saison régulière,12,0.833,3.34,39.0,-0.0,55.0,39.0
Camana,Bushido Wildcats,TCL,Mid,LPLOL Winter · saison régulière,12,0.833,8.74,-35.0,-0.0,55.0,-35.0
Cape,Ozarox Esports,TCL,Jungle,LPLOL Winter · saison régulière,7,0.571,2.56,-128.0,2.0,55.0,-126.0
bicas,DMG Esports,NLC,Jungle,LPLOL Winter · saison régulière,12,0.833,7.3,-167.0,-0.0,55.0,-167.0
Ozgur,Team Phoenix,TCL,ADC,LPLOL Winter · saison régulière,6,0.5,3.2,-184.0,2.0,55.0,-182.0
Ace,Senshi eSports,ROL,ADC,LPLOL Winter · saison régulière,12,0.667,2.8,-192.0,6.0,55.0,-186.0
TheGreatGary,Otter Side,LPLOL,Top,LPLOL Winter · saison régulière,12,0.667,4.0,-274.0,6.0,55.0,-268.0
Degla,One More Esports,AL,Support,LPLOL Winter · saison régulière,7,0.571,3.37,-279.0,5.0,55.0,-274.0
Kaplica,Lund Esports Organization,NLC,Top,LPLOL Winter · saison régulière,7,0.571,2.07,-280.0,2.0,55.0,-278.0
Inzuh,Crystal Rose,LPLOL,Mid,LPLOL Winter · saison régulière,12,0.667,4.79,-288.0,6.0,55.0,-282.0
Wuis,Crystal Rose,ROL,Support,LPLOL Winter · saison régulière,6,0.5,2.65,-342.0,3.0,55.0,-339.0
Tochas,Dream Esports,LPLOL,Support,LPLOL Winter · saison régulière,12,0.667,3.7,-351.0,6.0,55.0,-345.0
Lostboy,Crusaders,LPLOL,Support,LPLOL Winter · saison régulière,7,0.571,6.71,-365.0,2.0,55.0,-363.0
Renewal,Only The Family,EBL,Jungle,LPLOL Winter · saison régulière,12,0.667,4.58,-389.0,6.0,55.0,-383.0
D4rtaine,Hyperion (Portuguese Team),HLL,Top,LPLOL Winter · saison régulière,6,0.5,2.25,-386.0,3.0,55.0,-383.0
vladichich,RLX Esports,EBL,ADC,LPLOL Winter · saison régulière,7,0.571,6.12,-402.0,5.0,55.0,-397.0
Ze Luis,Francesinhas,LPLOL,Support,LPLOL Winter · saison régulière,12,0.833,6.72,-430.0,-0.0,55.0,-430.0
D4SH,Capybara Esports,LPLOL,Jungle,LPLOL Winter · saison régulière,6,0.5,3.8,-460.0,2.0,55.0,-458.0
LVS,Francesinhas,LPLOL,Top,LPLOL Winter · saison régulière,6,0.5,2.09,-480.0,2.0,55.0,-478.0
NOMA,Francesinhas,LPLOL,Mid,LPLOL Winter · saison régulière,6,0.5,2.72,-493.0,2.0,55.0,-491.0
Demonadc,Bubliki,LPLOL,ADC,LPLOL Winter · saison régulière,5,0.4,1.26,-505.0,-2.0,55.0,-507.0
salgueir0,White Dragons,LPLOL,Jungle,LPLOL Winter · saison régulière,7,0.571,4.57,-514.0,5.0,55.0,-509.0
Flashpowa,Dream Esports,LPLOL,ADC,LPLOL Winter · saison régulière,7,0.571,3.43,-514.0,2.0,55.0,-512.0
Dreampull,Capybara Esports,LPLOL,Top,LPLOL Winter · saison régulière,5,0.4,1.72,-515.0,-2.0,55.0,-517.0
costy,Francesinhas,LPLOL,ADC,LPLOL Winter · saison régulière,6,0.5,2.23,-541.0,2.0,55.0,-539.0
Nomanz,Ronaldo Team,LPLOL,Mid,LPLOL Winter · saison régulière,5,0.4,3.27,-542.0,-2.0,55.0,-544.0
Lumity,Bohemian Guardians,HM,Mid,LPLOL Winter · saison régulière,7,0.571,4.83,-582.0,5.0,55.0,-577.0
Semide,GTZ Esports,LPLOL,Mid,LPLOL Winter · saison régulière,6,0.5,5.73,-653.0,3.0,55.0,-650.0
Dezo,NORTHERNGRADE ESPORTS,LPLOL,ADC,LPLOL Winter · saison régulière,2,0.0,1.3,-650.0,-2.0,55.0,-652.0
RealR,GTZ Esports,LPLOL,Jungle,LPLOL Winter · saison régulière,6,0.5,4.69,-685.0,3.0,55.0,-682.0
JoKozz,ZeroZone Gaming,LPLOL,Top,LPLOL Winter · saison régulière,7,0.571,4.06,-796.0,5.0,55.0,-791.0
Oddie,Estral Esports,CD,Jungle,LRN Split 1 · playoffs,10,0.9,6.64,149.0,3.0,55.0,152.0
Shiku,Leviatan,CBLOL,Support,LRN Split 1 · playoffs,10,0.9,6.57,11.0,3.0,55.0,14.0
Jauny,Fuego,LRN,Top,LRN Split 1 · playoffs,15,0.6,6.0,-33.0,-4.0,55.0,-37.0
Zothve,Fluxo W7M,CBLOL,Top,LRN Split 1 · playoffs,10,0.9,6.29,-57.0,3.0,55.0,-54.0
Skyy,Fuego,LRN,Mid,LRN Split 1 · playoffs,15,0.6,3.98,-95.0,-4.0,55.0,-99.0
Ivory,Fuego,LRN,Mid,LRN Split 1 · playoffs,10,0.9,6.45,-142.0,3.0,55.0,-139.0
Gavotto,Fuego,LRN,ADC,LRN Split 1 · playoffs,10,0.9,7.11,-253.0,3.0,55.0,-250.0
Scenari0,Golden Lions,LRS,ADC,LRN Split 1 · playoffs,16,0.438,4.15,-298.0,8.0,55.0,-290.0
Kita,Zeu5 Esports,LRN,Support,LRN Split 1 · playoffs,10,0.3,2.5,-320.0,-2.0,55.0,-322.0
Blind Walker,Zeu5 Esports,LRN,Jungle,LRN Split 1 · playoffs,10,0.3,3.06,-352.0,-2.0,55.0,-354.0
Crecre,Golden Lions,LRS,Support,LRN Split 1 · playoffs,16,0.438,2.75,-383.0,8.0,55.0,-375.0
Challenq,3v Team,LRN,Top,LRN Split 1 · playoffs,5,0.6,3.82,-387.0,5.0,55.0,-382.0
Madblade,SDM Tigres,LRN,Support,LRN Split 1 · playoffs,15,0.6,3.34,-382.0,-4.0,55.0,-386.0
Gato,3v Team,LRN,Jungle,LRN Split 1 · playoffs,13,0.462,2.15,-422.0,5.0,55.0,-417.0
Mataz,SDM Tigres,LRN,Jungle,LRN Split 1 · playoffs,15,0.6,2.95,-431.0,-4.0,55.0,-435.0
Brayaron,Golden Lions,LRS,Top,LRN Split 1 · playoffs,11,0.364,2.53,-455.0,3.0,55.0,-452.0
Maiquiyo,3v Team,LRN,Top,LRN Split 1 · playoffs,3,0.0,1.18,-452.0,-4.0,55.0,-456.0
Felkros,3v Team,LRN,Support,LRN Split 1 · playoffs,3,0.0,3.9,-474.0,-1.0,55.0,-475.0
Piqueos,Golden Lions,LRS,Mid,LRN Split 1 · playoffs,16,0.438,2.76,-503.0,8.0,55.0,-495.0
VirusFx,SDM Tigres,LRN,ADC,LRN Split 1 · playoffs,15,0.6,3.1,-510.0,-4.0,55.0,-514.0
Ratth,3v Team,LRN,ADC,LRN Split 1 · playoffs,3,0.0,2.83,-535.0,-1.0,55.0,-536.0
Zhayend,LYON Academy,LRN,Top,LRN Split 1 · playoffs,7,0.429,2.46,-555.0,2.0,55.0,-553.0
Cor,3v Team,LRN,Mid,LRN Split 1 · playoffs,4,0.25,1.57,-563.0,-4.0,55.0,-567.0
Mitir,SDM Tigres,LRN,Jungle,LRN Split 1 · playoffs,3,0.0,6.33,-577.0,-1.0,55.0,-578.0
DeadlyMark,SDM Tigres,LRN,Mid,LRN Split 1 · playoffs,3,0.0,3.57,-587.0,-1.0,55.0,-588.0
Shavo,Polar Squad Esports,LRN,Top,LRN Split 1 · playoffs,4,0.25,0.88,-609.0,-4.0,55.0,-613.0
Foxy,Zeu5 Esports,LRN,ADC,LRN Split 1 · playoffs,10,0.3,3.5,-644.0,-2.0,55.0,-646.0
Kantoshi,Polar Squad Esports,LRN,Top,LRN Split 1 · playoffs,3,0.0,1.23,-654.0,-1.0,55.0,-655.0
Catan,Polar Squad Esports,LRN,ADC,LRN Split 1 · playoffs,4,0.25,1.23,-667.0,-4.0,55.0,-671.0
Sweeho,LYON Academy,LRN,Mid,LRN Split 1 · playoffs,10,0.3,2.69,-776.0,-2.0,55.0,-778.0
Oddie,Estral Esports,CD,Jungle,LRN Split 1 · saison régulière,14,0.857,8.0,149.0,-3.0,55.0,146.0
Shiku,Leviatan,CBLOL,Support,LRN Split 1 · saison régulière,14,0.857,5.07,11.0,-3.0,55.0,8.0
Jauny,Fuego,LRN,Top,LRN Split 1 · saison régulière,13,0.846,6.22,-33.0,7.0,55.0,-26.0
Zothve,Fluxo W7M,CBLOL,Top,LRN Split 1 · saison régulière,14,0.857,5.92,-57.0,-3.0,55.0,-60.0
Skyy,Fuego,LRN,Mid,LRN Split 1 · saison régulière,13,0.846,4.21,-95.0,7.0,55.0,-88.0
Ivory,Fuego,LRN,Mid,LRN Split 1 · saison régulière,14,0.857,7.67,-142.0,-3.0,55.0,-145.0
Gavotto,Fuego,LRN,ADC,LRN Split 1 · saison régulière,14,0.857,5.32,-253.0,-3.0,55.0,-256.0
Scenari0,Golden Lions,LRS,ADC,LRN Split 1 · saison régulière,15,0.533,6.07,-298.0,-3.0,55.0,-301.0
Kita,Zeu5 Esports,LRN,Support,LRN Split 1 · saison régulière,18,0.444,4.79,-320.0,-1.0,55.0,-321.0
Berik,Winthrop University,NACL,Top,LRN Split 1 · saison régulière,10,0.2,1.97,-342.0,-5.0,55.0,-347.0
Blind Walker,Zeu5 Esports,LRN,Jungle,LRN Split 1 · saison régulière,16,0.5,4.14,-352.0,-1.0,55.0,-353.0
Madblade,SDM Tigres,LRN,Support,LRN Split 1 · saison régulière,11,0.818,7.52,-382.0,5.0,55.0,-377.0
Crecre,Golden Lions,LRS,Support,LRN Split 1 · saison régulière,14,0.571,3.55,-383.0,0.0,55.0,-383.0
Steellar,SDM Tigres,LRN,Top,LRN Split 1 · saison régulière,2,1.0,7.67,-388.0,3.0,55.0,-385.0
Saens,Polar Squad Esports,LRN,Jungle,LRN Split 1 · saison régulière,11,0.546,2.83,-421.0,4.0,55.0,-417.0
Mataz,SDM Tigres,LRN,Jungle,LRN Split 1 · saison régulière,15,0.867,6.05,-431.0,9.0,55.0,-422.0
Gato,3v Team,LRN,Jungle,LRN Split 1 · saison régulière,12,0.583,3.07,-422.0,-1.0,55.0,-423.0
Maiquiyo,3v Team,LRN,Top,LRN Split 1 · saison régulière,1,1.0,8.0,-452.0,2.0,55.0,-450.0
Brayaron,Golden Lions,LRS,Top,LRN Split 1 · saison régulière,15,0.533,2.29,-455.0,-3.0,55.0,-458.0
Felkros,3v Team,LRN,Support,LRN Split 1 · saison régulière,13,0.385,2.77,-474.0,3.0,55.0,-471.0
Raysito,Zeu5 Esports,LRN,ADC,LRN Split 1 · saison régulière,10,0.4,2.24,-493.0,-0.0,55.0,-493.0
Tuercas,NCG Esports,LRN,Top,LRN Split 1 · saison régulière,16,0.375,1.87,-500.0,1.0,55.0,-499.0
VirusFx,SDM Tigres,LRN,ADC,LRN Split 1 · saison régulière,13,0.846,4.43,-510.0,7.0,55.0,-503.0
Piqueos,Golden Lions,LRS,Mid,LRN Split 1 · saison régulière,15,0.533,3.89,-503.0,-3.0,55.0,-506.0
Ratth,3v Team,LRN,ADC,LRN Split 1 · saison régulière,5,0.6,2.67,-535.0,3.0,55.0,-532.0
Vares,3v Team,LRN,Mid,LRN Split 1 · saison régulière,10,0.4,1.9,-542.0,-0.0,55.0,-542.0
Relax,Golden Lions,LRN,Support,LRN Split 1 · saison régulière,13,0.462,3.71,-555.0,4.0,55.0,-551.0
Zhayend,LYON Academy,LRN,Top,LRN Split 1 · saison régulière,18,0.444,2.35,-555.0,-1.0,55.0,-556.0
Cor,3v Team,LRN,Mid,LRN Split 1 · saison régulière,15,0.4,2.83,-563.0,4.0,55.0,-559.0
Mitir,SDM Tigres,LRN,Jungle,LRN Split 1 · saison régulière,3,0.667,3.5,-577.0,5.0,55.0,-572.0
DeadlyMark,SDM Tigres,LRN,Mid,LRN Split 1 · saison régulière,11,0.454,4.23,-587.0,5.0,55.0,-582.0
Alitan,NCG Esports,LRN,Jungle,LRN Split 1 · saison régulière,16,0.375,1.86,-605.0,1.0,55.0,-604.0
Shavo,Polar Squad Esports,LRN,Top,LRN Split 1 · saison régulière,15,0.4,2.51,-609.0,4.0,55.0,-605.0
Foxy,Zeu5 Esports,LRN,ADC,LRN Split 1 · saison régulière,18,0.444,3.67,-644.0,-1.0,55.0,-645.0
Kantoshi,Polar Squad Esports,LRN,Top,LRN Split 1 · saison régulière,9,0.556,2.58,-654.0,4.0,55.0,-650.0
Catan,Polar Squad Esports,LRN,ADC,LRN Split 1 · saison régulière,13,0.308,2.82,-667.0,2.0,55.0,-665.0
BetoEZ,NCG Esports,LRN,Support,LRN Split 1 · saison régulière,17,0.353,1.9,-667.0,-0.0,55.0,-667.0
Sweeho,LYON Academy,LRN,Mid,LRN Split 1 · saison régulière,17,0.412,3.0,-776.0,-3.0,55.0,-779.0
KASE,LYON Academy,LRN,Jungle,LRN Split 1 · saison régulière,11,0.273,2.28,-777.0,-3.0,55.0,-780.0
Feng,Icon Esports,LRN,Jungle,LRN Split 1 · saison régulière,12,0.167,1.39,-839.0,-8.0,55.0,-847.0
BetaTwinz,Icon Esports,LRN,Support,LRN Split 1 · saison régulière,12,0.167,2.05,-849.0,-8.0,55.0,-857.0
Rokecs,Polar Squad Esports,LRN,ADC,LRN Split 1 · saison régulière,2,1.0,7.4,-905.0,2.0,55.0,-903.0
Keii,Zeu5 Esports,LRN,Top,LRN Split 2 · playoffs,12,0.5,2.86,66.0,1.0,55.0,67.0
Jauny,Fuego,LRN,Top,LRN Split 2 · playoffs,14,0.786,4.97,-33.0,4.0,55.0,-29.0
Skyy,Fuego,LRN,Mid,LRN Split 2 · playoffs,9,1.0,6.17,-95.0,6.0,55.0,-89.0
Zelt,Zeu5 Esports,LRN,Mid,LRN Split 2 · playoffs,12,0.5,4.09,-146.0,1.0,55.0,-145.0
Snaker,Fuego,LRN,ADC,LRN Split 2 · playoffs,14,0.786,5.3,-167.0,4.0,55.0,-163.0
Ichiwin,Fuego,LRN,Support,LRN Split 2 · playoffs,14,0.786,4.89,-187.0,4.0,55.0,-183.0
Grell,Fuego,LRN,Jungle,LRN Split 2 · playoffs,14,0.786,4.14,-266.0,4.0,55.0,-262.0
Kita,Zeu5 Esports,LRN,Support,LRN Split 2 · playoffs,11,0.546,3.94,-320.0,2.0,55.0,-318.0
Adler,Kits Esports,LRN,Support,LRN Split 2 · playoffs,13,0.385,3.26,-322.0,2.0,55.0,-320.0
Blind Walker,Zeu5 Esports,LRN,Jungle,LRN Split 2 · playoffs,12,0.5,3.33,-352.0,1.0,55.0,-351.0
Challenq,3v Team,LRN,Top,LRN Split 2 · playoffs,14,0.5,1.85,-387.0,-0.0,55.0,-387.0
Steellar,SDM Tigres,LRN,Top,LRN Split 2 · playoffs,4,0.5,2.8,-388.0,-1.0,55.0,-389.0
Gato,3v Team,LRN,Jungle,LRN Split 2 · playoffs,15,0.467,2.51,-422.0,-2.0,55.0,-424.0
Mataz,SDM Tigres,LRN,Jungle,LRN Split 2 · playoffs,5,0.4,2.75,-431.0,-3.0,55.0,-434.0
Maiquiyo,3v Team,LRN,Top,LRN Split 2 · playoffs,1,0.0,0.17,-452.0,-2.0,55.0,-454.0
Dimitry,Kits Esports,LRN,Jungle,LRN Split 2 · playoffs,13,0.385,3.21,-462.0,2.0,55.0,-460.0
Felkros,3v Team,LRN,Support,LRN Split 2 · playoffs,15,0.467,2.13,-474.0,-2.0,55.0,-476.0
InoriB,Kits Esports,LRN,ADC,LRN Split 2 · playoffs,13,0.385,3.63,-483.0,2.0,55.0,-481.0
Cacahuate,Kits Esports,LRN,Top,LRN Split 2 · playoffs,4,0.75,4.09,-488.0,4.0,55.0,-484.0
Diaakc,Kits Esports,LRN,Top,LRN Split 2 · playoffs,9,0.222,3.06,-487.0,-2.0,55.0,-489.0
Raysito,Zeu5 Esports,LRN,ADC,LRN Split 2 · playoffs,12,0.5,3.97,-493.0,1.0,55.0,-492.0
Iybc9o2q,Kits Esports,LRN,Mid,LRN Split 2 · playoffs,13,0.385,3.45,-512.0,2.0,55.0,-510.0
VirusFx,SDM Tigres,LRN,ADC,LRN Split 2 · playoffs,5,0.4,2.43,-510.0,-3.0,55.0,-513.0
Ratth,3v Team,LRN,ADC,LRN Split 2 · playoffs,2,0.0,0.35,-535.0,-4.0,55.0,-539.0
Vares,3v Team,LRN,Mid,LRN Split 2 · playoffs,15,0.467,2.98,-542.0,-2.0,55.0,-544.0
Zhayend,LYON Academy,LRN,Top,LRN Split 2 · playoffs,2,0.0,1.0,-555.0,-1.0,55.0,-556.0
Cor,3v Team,LRN,Mid,LRN Split 2 · playoffs,13,0.538,2.84,-563.0,2.0,55.0,-561.0
DeadlyMark,SDM Tigres,LRN,Mid,LRN Split 2 · playoffs,5,0.4,4.31,-587.0,-3.0,55.0,-590.0
Fatorix,SDM Tigres,LRN,ADC,LRN Split 2 · playoffs,5,0.4,2.88,-602.0,-3.0,55.0,-605.0
NANINI,LYON Academy,LRN,ADC,LRN Split 2 · playoffs,3,0.0,1.64,-654.0,-2.0,55.0,-656.0
Starhide,LYON Academy,LRN,Support,LRN Split 2 · playoffs,3,0.0,2.42,-679.0,-2.0,55.0,-681.0
Sweeho,LYON Academy,LRN,Mid,LRN Split 2 · playoffs,3,0.0,2.38,-776.0,-2.0,55.0,-778.0
KASE,LYON Academy,LRN,Jungle,LRN Split 2 · playoffs,3,0.0,3.0,-777.0,-2.0,55.0,-779.0
Galileo,Zeu5 Esports,LRS,Mid,LRN Split 2 · playoffs,1,0.0,2.11,-920.0,-1.0,55.0,-921.0
Keii,Zeu5 Esports,LRN,Top,LRN Split 2 · saison régulière,17,0.824,5.38,66.0,5.0,55.0,71.0
Jauny,Fuego,LRN,Top,LRN Split 2 · saison régulière,12,0.833,8.0,-33.0,0.0,55.0,-33.0
Skyy,Fuego,LRN,Mid,LRN Split 2 · saison régulière,13,0.846,5.38,-95.0,-1.0,55.0,-96.0
Zelt,Zeu5 Esports,LRN,Mid,LRN Split 2 · saison régulière,17,0.824,8.57,-146.0,5.0,55.0,-141.0
Intio,Zeu5 Esports,LRN,ADC,LRN Split 2 · saison régulière,12,0.833,8.32,-169.0,6.0,55.0,-163.0
Snaker,Fuego,LRN,ADC,LRN Split 2 · saison régulière,8,1.0,6.16,-167.0,1.0,55.0,-166.0
Ichiwin,Fuego,LRN,Support,LRN Split 2 · saison régulière,13,0.846,4.4,-187.0,-1.0,55.0,-188.0
Grell,Fuego,LRN,Jungle,LRN Split 2 · saison régulière,13,0.846,4.49,-266.0,-1.0,55.0,-267.0
Kita,Zeu5 Esports,LRN,Support,LRN Split 2 · saison régulière,17,0.824,6.21,-320.0,5.0,55.0,-315.0
Adler,Kits Esports,LRN,Support,LRN Split 2 · saison régulière,4,1.0,6.0,-322.0,3.0,55.0,-319.0
Blind Walker,Zeu5 Esports,LRN,Jungle,LRN Split 2 · saison régulière,17,0.824,7.32,-352.0,5.0,55.0,-347.0
Challenq,3v Team,LRN,Top,LRN Split 2 · saison régulière,3,0.667,3.53,-387.0,3.0,55.0,-384.0
Steellar,SDM Tigres,LRN,Top,LRN Split 2 · saison régulière,12,0.417,2.55,-388.0,-0.0,55.0,-388.0
Gato,3v Team,LRN,Jungle,LRN Split 2 · saison régulière,13,0.615,3.44,-422.0,4.0,55.0,-418.0
Mataz,SDM Tigres,LRN,Jungle,LRN Split 2 · saison régulière,4,0.0,1.95,-431.0,-2.0,55.0,-433.0
Maiquiyo,3v Team,LRN,Top,LRN Split 2 · saison régulière,13,0.615,3.86,-452.0,4.0,55.0,-448.0
Dimitry,Kits Esports,LRN,Jungle,LRN Split 2 · saison régulière,16,0.5,3.05,-462.0,-2.0,55.0,-464.0
Felkros,3v Team,LRN,Support,LRN Split 2 · saison régulière,13,0.615,3.46,-474.0,4.0,55.0,-470.0
InoriB,Kits Esports,LRN,ADC,LRN Split 2 · saison régulière,16,0.5,2.46,-483.0,-2.0,55.0,-485.0
Diaakc,Kits Esports,LRN,Top,LRN Split 2 · saison régulière,6,0.5,2.43,-487.0,1.0,55.0,-486.0
Cacahuate,Kits Esports,LRN,Top,LRN Split 2 · saison régulière,10,0.5,2.05,-488.0,-3.0,55.0,-491.0
Raysito,Zeu5 Esports,LRN,ADC,LRN Split 2 · saison régulière,17,0.529,5.2,-493.0,-1.0,55.0,-494.0
Tuercas,NCG Esports,LRN,Top,LRN Split 2 · saison régulière,9,0.667,2.71,-500.0,2.0,55.0,-498.0
VirusFx,SDM Tigres,LRN,ADC,LRN Split 2 · saison régulière,5,0.6,2.76,-510.0,-1.0,55.0,-511.0
Iybc9o2q,Kits Esports,LRN,Mid,LRN Split 2 · saison régulière,16,0.5,2.72,-512.0,-2.0,55.0,-514.0
Ratth,3v Team,LRN,ADC,LRN Split 2 · saison régulière,13,0.615,3.81,-535.0,4.0,55.0,-531.0
Vares,3v Team,LRN,Mid,LRN Split 2 · saison régulière,9,0.667,5.17,-542.0,2.0,55.0,-540.0
Zhayend,LYON Academy,LRN,Top,LRN Split 2 · saison régulière,7,0.429,1.88,-555.0,-0.0,55.0,-555.0
Cor,3v Team,LRN,Mid,LRN Split 2 · saison régulière,8,0.5,2.66,-563.0,-0.0,55.0,-563.0
Mitir,SDM Tigres,LRN,Jungle,LRN Split 2 · saison régulière,12,0.417,4.03,-577.0,-0.0,55.0,-577.0
DeadlyMark,SDM Tigres,LRN,Mid,LRN Split 2 · saison régulière,16,0.312,3.5,-587.0,-2.0,55.0,-589.0
Fatorix,SDM Tigres,LRN,ADC,LRN Split 2 · saison régulière,13,0.462,4.57,-602.0,-0.0,55.0,-602.0
NANINI,LYON Academy,LRN,ADC,LRN Split 2 · saison régulière,12,0.333,2.11,-654.0,2.0,55.0,-652.0
Kantoshi,Polar Squad Esports,LRN,Top,LRN Split 2 · saison régulière,4,0.0,0.8,-654.0,-2.0,55.0,-656.0
Starhide,LYON Academy,LRN,Support,LRN Split 2 · saison régulière,14,0.286,1.83,-679.0,0.0,55.0,-679.0
Horus,SDM Tigres,LRN,Support,LRN Split 2 · saison régulière,10,0.2,1.8,-680.0,-4.0,55.0,-684.0
L1,Kits Esports,LRN,Support,LRN Split 2 · saison régulière,12,0.333,2.13,-683.0,-5.0,55.0,-688.0
Sweeho,LYON Academy,LRN,Mid,LRN Split 2 · saison régulière,14,0.286,2.19,-776.0,0.0,55.0,-776.0
KASE,LYON Academy,LRN,Jungle,LRN Split 2 · saison régulière,10,0.2,1.78,-777.0,1.0,55.0,-776.0
Rokecs,Polar Squad Esports,LRN,ADC,LRN Split 2 · saison régulière,14,0.0,0.85,-905.0,-6.0,55.0,-911.0
Zamacona,Polar Squad Esports,LRN,Support,LRN Split 2 · saison régulière,10,0.0,1.03,-938.0,-5.0,55.0,-943.0
Chomu,Polar Squad Esports,LRN,Jungle,LRN Split 2 · saison régulière,14,0.0,1.35,-959.0,-6.0,55.0,-965.0
Strensh,Leviatan,CBLOL,ADC,LRS Split 1 · playoffs,10,0.6,5.12,-81.0,-2.0,55.0,-83.0
Ux,9z Globant,LRS,Support,LRS Split 1 · playoffs,10,0.7,3.7,-101.0,4.0,55.0,-97.0
Wamu,Maze Gaming,LRS,Top,LRS Split 1 · playoffs,10,0.6,4.0,-232.0,-2.0,55.0,-234.0
Nate,9z Globant,LRS,Top,LRS Split 1 · playoffs,10,0.7,6.06,-247.0,4.0,55.0,-243.0
Camilo,Volticons,LRS,Support,LRS Split 1 · playoffs,16,0.625,3.53,-287.0,6.0,55.0,-281.0
Gastruks,Golden Lions,LRS,Support,LRS Split 1 · playoffs,10,0.6,4.18,-282.0,-2.0,55.0,-284.0
nvillada,Malvinas Gaming,LRS,Top,LRS Split 1 · playoffs,11,0.454,3.64,-303.0,-1.0,55.0,-304.0
Aloned,9z Globant,LRS,Mid,LRS Split 1 · playoffs,10,0.7,5.12,-316.0,4.0,55.0,-312.0
FIX,9z Globant,LRS,ADC,LRS Split 1 · playoffs,10,0.7,4.4,-332.0,4.0,55.0,-328.0
ianshaka,Volticons,LRS,ADC,LRS Split 1 · playoffs,16,0.625,3.98,-415.0,6.0,55.0,-409.0
Ganks,Golden Lions,LRS,Jungle,LRS Split 1 · playoffs,10,0.6,3.97,-408.0,-2.0,55.0,-410.0
AlluK,Docta Esports,LRS,Jungle,LRS Split 1 · playoffs,11,0.454,3.76,-410.0,-1.0,55.0,-411.0
Saifer,Docta Esports,LRS,Mid,LRS Split 1 · playoffs,10,0.6,6.09,-410.0,-2.0,55.0,-412.0
Lac,Docta Esports,LRS,ADC,LRS Split 1 · playoffs,11,0.454,3.69,-422.0,-1.0,55.0,-423.0
Chordy,Volticons,LRS,Top,LRS Split 1 · playoffs,16,0.625,3.8,-437.0,6.0,55.0,-431.0
Fortu,Malvinas Gaming,LRS,Support,LRS Split 1 · playoffs,11,0.454,3.69,-466.0,-1.0,55.0,-467.0
DiDi,Volticons,LRS,Mid,LRS Split 1 · playoffs,16,0.625,3.05,-478.0,6.0,55.0,-472.0
Martote,Volticons,LRS,Jungle,LRS Split 1 · playoffs,16,0.625,3.0,-487.0,6.0,55.0,-481.0
Nobody,Malvinas Gaming,LRS,Mid,LRS Split 1 · playoffs,11,0.454,4.0,-483.0,-1.0,55.0,-484.0
Shu Hari,Maze Gaming,LRS,Support,LRS Split 1 · playoffs,3,0.0,0.6,-500.0,-2.0,55.0,-502.0
iso,Docta Esports,LRS,ADC,LRS Split 1 · playoffs,6,0.0,1.24,-501.0,-5.0,55.0,-506.0
Neadz,Seven Dark,LRS,Mid,LRS Split 1 · playoffs,6,0.0,1.52,-531.0,-5.0,55.0,-536.0
Giankios,Seven Dark,LRS,Top,LRS Split 1 · playoffs,6,0.0,0.78,-553.0,-5.0,55.0,-558.0
Apoka,9z Globant,LRS,Jungle,LRS Split 1 · playoffs,10,0.7,4.62,-595.0,4.0,55.0,-591.0
Pyl,Seven Dark,LRS,Support,LRS Split 1 · playoffs,6,0.0,1.11,-591.0,-5.0,55.0,-596.0
SkyMind,The New Kings,LRS,Mid,LRS Split 1 · playoffs,3,0.0,0.5,-619.0,-2.0,55.0,-621.0
Cow,Seven Dark,LRS,Jungle,LRS Split 1 · playoffs,6,0.0,0.84,-662.0,-5.0,55.0,-667.0
Warangelus,The New Kings,LRS,ADC,LRS Split 1 · playoffs,3,0.0,0.85,-700.0,-2.0,55.0,-702.0
Acce,The New Kings,LRS,Top,LRS Split 1 · playoffs,3,0.0,1.22,-752.0,-2.0,55.0,-754.0
Strensh,Leviatan,CBLOL,ADC,LRS Split 1 · saison régulière,16,0.812,7.0,-81.0,5.0,55.0,-76.0
Ux,9z Globant,LRS,Support,LRS Split 1 · saison régulière,6,0.667,2.69,-101.0,-1.0,55.0,-102.0
Wamu,Maze Gaming,LRS,Top,LRS Split 1 · saison régulière,16,0.812,5.17,-232.0,5.0,55.0,-227.0
Warsor,9z Globant,LRS,Jungle,LRS Split 1 · saison régulière,9,0.333,2.66,-238.0,-2.0,55.0,-240.0
Nate,9z Globant,LRS,Top,LRS Split 1 · saison régulière,16,0.438,3.59,-247.0,-11.0,55.0,-258.0
Gastruks,Golden Lions,LRS,Support,LRS Split 1 · saison régulière,16,0.812,6.13,-282.0,5.0,55.0,-277.0
Camilo,Volticons,LRS,Support,LRS Split 1 · saison régulière,17,0.706,6.78,-287.0,3.0,55.0,-284.0
nvillada,Malvinas Gaming,LRS,Top,LRS Split 1 · saison régulière,16,0.75,3.64,-303.0,8.0,55.0,-295.0
Aloned,9z Globant,LRS,Mid,LRS Split 1 · saison régulière,16,0.438,2.8,-316.0,-11.0,55.0,-327.0
FIX,9z Globant,LRS,ADC,LRS Split 1 · saison régulière,16,0.438,2.84,-332.0,-11.0,55.0,-343.0
Peco,RAMPAGE,LRS,Mid,LRS Split 1 · saison régulière,9,0.333,2.44,-378.0,-2.0,55.0,-380.0
AlluK,Docta Esports,LRS,Jungle,LRS Split 1 · saison régulière,16,0.75,3.76,-410.0,8.0,55.0,-402.0
Ganks,Golden Lions,LRS,Jungle,LRS Split 1 · saison régulière,16,0.812,4.98,-408.0,5.0,55.0,-403.0
Saifer,Docta Esports,LRS,Mid,LRS Split 1 · saison régulière,16,0.812,6.13,-410.0,5.0,55.0,-405.0
ianshaka,Volticons,LRS,ADC,LRS Split 1 · saison régulière,17,0.706,5.5,-415.0,3.0,55.0,-412.0
Stoneses,RAMPAGE,LRS,Support,LRS Split 1 · saison régulière,9,0.333,2.87,-412.0,-2.0,55.0,-414.0
Lac,Docta Esports,LRS,ADC,LRS Split 1 · saison régulière,16,0.75,4.32,-422.0,8.0,55.0,-414.0
Neo,Maze Gaming,LRS,Jungle,LRS Split 1 · saison régulière,13,0.308,2.41,-424.0,0.0,55.0,-424.0
Chordy,Volticons,LRS,Top,LRS Split 1 · saison régulière,17,0.706,3.14,-437.0,3.0,55.0,-434.0
Hitsu,Maze Gaming,LRS,Mid,LRS Split 1 · saison régulière,13,0.308,3.87,-442.0,0.0,55.0,-442.0
Fortu,Malvinas Gaming,LRS,Support,LRS Split 1 · saison régulière,16,0.75,3.98,-466.0,8.0,55.0,-458.0
Nobody,Malvinas Gaming,LRS,Mid,LRS Split 1 · saison régulière,14,0.714,2.66,-483.0,8.0,55.0,-475.0
DiDi,Volticons,LRS,Mid,LRS Split 1 · saison régulière,17,0.706,3.85,-478.0,3.0,55.0,-475.0
Martote,Volticons,LRS,Jungle,LRS Split 1 · saison régulière,17,0.706,3.65,-487.0,3.0,55.0,-484.0
iso,Docta Esports,LRS,ADC,LRS Split 1 · saison régulière,4,1.0,30.0,-501.0,5.0,55.0,-496.0
Shu Hari,Maze Gaming,LRS,Support,LRS Split 1 · saison régulière,18,0.389,2.71,-500.0,2.0,55.0,-498.0
Neadz,Seven Dark,LRS,Mid,LRS Split 1 · saison régulière,4,1.0,4.73,-531.0,5.0,55.0,-526.0
Naitz,Maze Gaming,LRS,ADC,LRS Split 1 · saison régulière,9,0.333,3.12,-540.0,-2.0,55.0,-542.0
Giankios,Seven Dark,LRS,Top,LRS Split 1 · saison régulière,8,0.75,3.53,-553.0,9.0,55.0,-544.0
Mitir,SDM Tigres,LRN,Jungle,LRS Split 1 · saison régulière,9,0.111,3.09,-577.0,-3.0,55.0,-580.0
Pyl,Seven Dark,LRS,Support,LRS Split 1 · saison régulière,4,1.0,6.18,-591.0,5.0,55.0,-586.0
Apoka,9z Globant,LRS,Jungle,LRS Split 1 · saison régulière,14,0.5,2.86,-595.0,-7.0,55.0,-602.0
SkyMind,The New Kings,LRS,Mid,LRS Split 1 · saison régulière,12,0.417,3.1,-619.0,5.0,55.0,-614.0
Venhamin,Maze Gaming,LRS,Top,LRS Split 1 · saison régulière,13,0.308,1.75,-642.0,-0.0,55.0,-642.0
Cow,Seven Dark,LRS,Jungle,LRS Split 1 · saison régulière,9,0.667,2.9,-662.0,8.0,55.0,-654.0
Dinastik,Docta Esports,LRS,Top,LRS Split 1 · saison régulière,11,0.273,2.42,-653.0,-2.0,55.0,-655.0
KUMEW,Docta Esports,LRS,ADC,LRS Split 1 · saison régulière,15,0.267,4.24,-669.0,-1.0,55.0,-670.0
Warangelus,The New Kings,LRS,ADC,LRS Split 1 · saison régulière,18,0.389,2.36,-700.0,2.0,55.0,-698.0
Funky,The New Kings,LRS,Jungle,LRS Split 1 · saison régulière,12,0.333,1.79,-732.0,-3.0,55.0,-735.0
Acce,The New Kings,LRS,Top,LRS Split 1 · saison régulière,15,0.333,2.21,-752.0,-2.0,55.0,-754.0
Pet,Tu Papá Esports,LRS,Top,LRS Split 1 · saison régulière,11,0.091,1.17,-817.0,-3.0,55.0,-820.0
Galileo,Zeu5 Esports,LRS,Mid,LRS Split 1 · saison régulière,11,0.091,1.37,-920.0,-6.0,55.0,-926.0
Ux,9z Globant,LRS,Support,LRS Split 2 · playoffs,10,0.9,4.34,-101.0,9.0,55.0,-92.0
Warsor,9z Globant,LRS,Jungle,LRS Split 2 · playoffs,10,0.9,5.11,-238.0,9.0,55.0,-229.0
Wamu,Maze Gaming,LRS,Top,LRS Split 2 · playoffs,16,0.5,2.73,-232.0,-2.0,55.0,-234.0
Nate,9z Globant,LRS,Top,LRS Split 2 · playoffs,10,0.9,6.16,-247.0,9.0,55.0,-238.0
Scenari0,Golden Lions,LRS,ADC,LRS Split 2 · playoffs,14,0.429,4.36,-298.0,-2.0,55.0,-300.0
Aloned,9z Globant,LRS,Mid,LRS Split 2 · playoffs,10,0.9,5.21,-316.0,9.0,55.0,-307.0
FIX,9z Globant,LRS,ADC,LRS Split 2 · playoffs,10,0.9,3.77,-332.0,9.0,55.0,-323.0
Crecre,Golden Lions,LRS,Support,LRS Split 2 · playoffs,14,0.429,4.89,-383.0,-2.0,55.0,-385.0
Viciun,Maze Gaming,LRS,ADC,LRS Split 2 · playoffs,16,0.5,4.84,-394.0,-2.0,55.0,-396.0
Ganks,Golden Lions,LRS,Jungle,LRS Split 2 · playoffs,14,0.429,3.37,-408.0,-2.0,55.0,-410.0
AlluK,Docta Esports,LRS,Jungle,LRS Split 2 · playoffs,7,0.429,2.32,-410.0,-0.0,55.0,-410.0
Saifer,Docta Esports,LRS,Mid,LRS Split 2 · playoffs,7,0.429,5.28,-410.0,-0.0,55.0,-410.0
ianshaka,Volticons,LRS,ADC,LRS Split 2 · playoffs,8,0.25,2.85,-415.0,-6.0,55.0,-421.0
Lac,Docta Esports,LRS,ADC,LRS Split 2 · playoffs,7,0.429,3.03,-422.0,-0.0,55.0,-422.0
Neo,Maze Gaming,LRS,Jungle,LRS Split 2 · playoffs,16,0.5,3.64,-424.0,-2.0,55.0,-426.0
Chordy,Volticons,LRS,Top,LRS Split 2 · playoffs,8,0.25,1.67,-437.0,-6.0,55.0,-443.0
Hitsu,Maze Gaming,LRS,Mid,LRS Split 2 · playoffs,16,0.5,4.04,-442.0,-2.0,55.0,-444.0
Brayaron,Golden Lions,LRS,Top,LRS Split 2 · playoffs,11,0.546,3.24,-455.0,2.0,55.0,-453.0
Fortu,Malvinas Gaming,LRS,Support,LRS Split 2 · playoffs,5,0.4,2.5,-466.0,2.0,55.0,-464.0
Nobody,Malvinas Gaming,LRS,Mid,LRS Split 2 · playoffs,5,0.4,2.78,-483.0,2.0,55.0,-481.0
DiDi,Volticons,LRS,Mid,LRS Split 2 · playoffs,8,0.25,2.42,-478.0,-6.0,55.0,-484.0
Martote,Volticons,LRS,Jungle,LRS Split 2 · playoffs,8,0.25,1.89,-487.0,-6.0,55.0,-493.0
Shu Hari,Maze Gaming,LRS,Support,LRS Split 2 · playoffs,16,0.5,2.82,-500.0,-2.0,55.0,-502.0
Piqueos,Golden Lions,LRS,Mid,LRS Split 2 · playoffs,14,0.429,2.59,-503.0,-2.0,55.0,-505.0
Relax,Golden Lions,LRN,Support,LRS Split 2 · playoffs,2,0.0,1.0,-555.0,-3.0,55.0,-558.0
Hika,Malvinas Gaming,LRS,ADC,LRS Split 2 · playoffs,5,0.4,3.31,-644.0,2.0,55.0,-642.0
Dinastik,Docta Esports,LRS,Top,LRS Split 2 · playoffs,7,0.429,2.43,-653.0,-0.0,55.0,-653.0
KUMEW,Docta Esports,LRS,ADC,LRS Split 2 · playoffs,7,0.429,3.36,-669.0,-0.0,55.0,-669.0
QQMore,Malvinas Gaming,LRS,Jungle,LRS Split 2 · playoffs,5,0.4,4.0,-682.0,2.0,55.0,-680.0
Shadow,Volticons,LRS,Support,LRS Split 2 · playoffs,8,0.25,2.32,-717.0,-6.0,55.0,-723.0
Strensh,Leviatan,CBLOL,ADC,LRS Split 2 · saison régulière,8,0.5,3.86,-81.0,1.0,55.0,-80.0
Ux,9z Globant,LRS,Support,LRS Split 2 · saison régulière,18,0.722,3.62,-101.0,3.0,55.0,-98.0
Wamu,Maze Gaming,LRS,Top,LRS Split 2 · saison régulière,15,0.733,5.32,-232.0,6.0,55.0,-226.0
Warsor,9z Globant,LRS,Jungle,LRS Split 2 · saison régulière,9,0.778,4.97,-238.0,2.0,55.0,-236.0
Nate,9z Globant,LRS,Top,LRS Split 2 · saison régulière,18,0.722,4.72,-247.0,3.0,55.0,-244.0
Camilo,Volticons,LRS,Support,LRS Split 2 · saison régulière,16,0.562,4.05,-287.0,-1.0,55.0,-288.0
Scenari0,Golden Lions,LRS,ADC,LRS Split 2 · saison régulière,13,0.692,4.88,-298.0,5.0,55.0,-293.0
Aloned,9z Globant,LRS,Mid,LRS Split 2 · saison régulière,18,0.722,3.49,-316.0,3.0,55.0,-313.0
FIX,9z Globant,LRS,ADC,LRS Split 2 · saison régulière,18,0.722,3.51,-332.0,3.0,55.0,-329.0
Crecre,Golden Lions,LRS,Support,LRS Split 2 · saison régulière,17,0.647,4.38,-383.0,-0.0,55.0,-383.0
Viciun,Maze Gaming,LRS,ADC,LRS Split 2 · saison régulière,14,0.714,6.12,-394.0,5.0,55.0,-389.0
Ganks,Golden Lions,LRS,Jungle,LRS Split 2 · saison régulière,17,0.647,3.52,-408.0,-0.0,55.0,-408.0
AlluK,Docta Esports,LRS,Jungle,LRS Split 2 · saison régulière,17,0.471,2.91,-410.0,-2.0,55.0,-412.0
Saifer,Docta Esports,LRS,Mid,LRS Split 2 · saison régulière,17,0.471,3.8,-410.0,-2.0,55.0,-412.0
ianshaka,Volticons,LRS,ADC,LRS Split 2 · saison régulière,18,0.611,5.61,-415.0,-0.0,55.0,-415.0
Neo,Maze Gaming,LRS,Jungle,LRS Split 2 · saison régulière,15,0.733,4.65,-424.0,6.0,55.0,-418.0
Lac,Docta Esports,LRS,ADC,LRS Split 2 · saison régulière,17,0.471,3.44,-422.0,-2.0,55.0,-424.0
Hitsu,Maze Gaming,LRS,Mid,LRS Split 2 · saison régulière,15,0.733,4.52,-442.0,6.0,55.0,-436.0
Chordy,Volticons,LRS,Top,LRS Split 2 · saison régulière,18,0.611,3.15,-437.0,-0.0,55.0,-437.0
Brayaron,Golden Lions,LRS,Top,LRS Split 2 · saison régulière,17,0.647,2.44,-455.0,-0.0,55.0,-455.0
Fortu,Malvinas Gaming,LRS,Support,LRS Split 2 · saison régulière,14,0.286,2.45,-466.0,-4.0,55.0,-470.0
DiDi,Volticons,LRS,Mid,LRS Split 2 · saison régulière,18,0.611,3.5,-478.0,-0.0,55.0,-478.0
Martote,Volticons,LRS,Jungle,LRS Split 2 · saison régulière,18,0.611,3.18,-487.0,-0.0,55.0,-487.0
Nobody,Malvinas Gaming,LRS,Mid,LRS Split 2 · saison régulière,14,0.286,2.04,-483.0,-4.0,55.0,-487.0
Shu Hari,Maze Gaming,LRS,Support,LRS Split 2 · saison régulière,15,0.733,4.92,-500.0,6.0,55.0,-494.0
iso,Docta Esports,LRS,ADC,LRS Split 2 · saison régulière,3,0.667,5.0,-501.0,-0.0,55.0,-501.0
Piqueos,Golden Lions,LRS,Mid,LRS Split 2 · saison régulière,17,0.647,3.09,-503.0,-0.0,55.0,-503.0
Naitz,Maze Gaming,LRS,ADC,LRS Split 2 · saison régulière,1,1.0,10.5,-540.0,2.0,55.0,-538.0
Giankios,Seven Dark,LRS,Top,LRS Split 2 · saison régulière,16,0.25,2.65,-553.0,-0.0,55.0,-553.0
Apoka,9z Globant,LRS,Jungle,LRS Split 2 · saison régulière,9,0.667,2.95,-595.0,1.0,55.0,-594.0
Hika,Malvinas Gaming,LRS,ADC,LRS Split 2 · saison régulière,14,0.286,3.3,-644.0,-4.0,55.0,-648.0
Dinastik,Docta Esports,LRS,Top,LRS Split 2 · saison régulière,17,0.471,2.54,-653.0,-2.0,55.0,-655.0
Cow,Seven Dark,LRS,Jungle,LRS Split 2 · saison régulière,8,0.25,2.51,-662.0,-1.0,55.0,-663.0
Tinchoxar,Malvinas Gaming,LRS,Jungle,LRS Split 2 · saison régulière,12,0.333,2.34,-665.0,-2.0,55.0,-667.0
KUMEW,Docta Esports,LRS,ADC,LRS Split 2 · saison régulière,16,0.25,3.07,-669.0,-0.0,55.0,-669.0
Viico,ZEN Esports,LRS,Support,LRS Split 2 · saison régulière,13,0.308,1.74,-682.0,2.0,55.0,-680.0
QQMore,Malvinas Gaming,LRS,Jungle,LRS Split 2 · saison régulière,17,0.235,2.02,-682.0,-2.0,55.0,-684.0
Shadow,Volticons,LRS,Support,LRS Split 2 · saison régulière,2,1.0,4.12,-717.0,1.0,55.0,-716.0
TomnaM,ZEN Esports,LRS,ADC,LRS Split 2 · saison régulière,17,0.235,2.96,-724.0,-2.0,55.0,-726.0
Respeta,ZEN Esports,LRS,Top,LRS Split 2 · saison régulière,17,0.235,1.46,-737.0,-2.0,55.0,-739.0
Doni,ZEN Esports,LRS,Mid,LRS Split 2 · saison régulière,17,0.235,2.43,-751.0,-2.0,55.0,-753.0
chilD,Seven Dark,LRS,Support,LRS Split 2 · saison régulière,16,0.25,1.47,-765.0,-0.0,55.0,-765.0
Termo,Malvinas Gaming,LRS,Top,LRS Split 2 · saison régulière,14,0.286,1.71,-782.0,-4.0,55.0,-786.0
Bin,Bilibili Gaming,LPL,Top,MSI,17,0.647,2.85,1014.0,3.0,55.0,1017.0
Knight,Bilibili Gaming,LPL,Mid,MSI,17,0.647,7.17,988.0,3.0,55.0,991.0
Viper,Bilibili Gaming,LPL,ADC,MSI,17,0.647,4.73,962.0,3.0,55.0,965.0
Zeka,Hanwha Life Esports,LCK,Mid,MSI,20,0.65,6.08,938.0,3.0,55.0,941.0
Zeus,Hanwha Life Esports,LCK,Top,MSI,20,0.65,3.09,927.0,3.0,55.0,930.0
ON,Bilibili Gaming,LPL,Support,MSI,17,0.647,4.11,925.0,3.0,55.0,928.0
Keria,T1,LCK,Support,MSI,21,0.714,3.65,923.0,1.0,54.0,924.0
Gumayusi,Hanwha Life Esports,LCK,ADC,MSI,20,0.65,3.55,912.0,3.0,55.0,915.0
Peyz,T1,LCK,ADC,MSI,21,0.714,5.18,906.0,1.0,54.0,907.0
Xun,Bilibili Gaming,LPL,Jungle,MSI,17,0.647,4.79,902.0,3.0,55.0,905.0
fengyue,Ninjas in Pyjamas,LPL,Support,MSI,9,0.333,1.97,909.0,-8.0,55.0,901.0
Doran,T1,LCK,Top,MSI,21,0.714,2.29,886.0,1.0,54.0,887.0
Kanavi,Hanwha Life Esports,LCK,Jungle,MSI,20,0.65,3.09,875.0,3.0,55.0,878.0
Faker,T1,LCK,Mid,MSI,21,0.714,3.68,861.0,1.0,54.0,862.0
Delight,Hanwha Life Esports,LCK,Support,MSI,20,0.65,4.21,857.0,3.0,55.0,860.0
Oner,T1,LCK,Jungle,MSI,21,0.714,3.48,842.0,1.0,54.0,843.0
SkewMond,G2 Esports,LEC,Jungle,MSI,15,0.4,2.89,802.0,-6.0,55.0,796.0
Caps,G2 Esports,LEC,Mid,MSI,15,0.4,2.48,801.0,-6.0,55.0,795.0
Hans Sama,G2 Esports,LEC,ADC,MSI,15,0.4,2.27,798.0,-6.0,55.0,792.0
BrokenBlade,G2 Esports,LEC,Top,MSI,15,0.4,2.46,783.0,-6.0,55.0,777.0
Caliste,Karmine Corp,LEC,ADC,MSI,9,0.333,3.45,785.0,-8.0,55.0,777.0
kyeahoo,Karmine Corp,LEC,Mid,MSI,9,0.333,5.05,774.0,-8.0,55.0,766.0
JackeyLove,Top Esports,LPL,ADC,MSI,9,0.333,1.89,767.0,-8.0,55.0,759.0
ZUIAN,Top Esports,LPL,Top,MSI,9,0.333,1.46,764.0,-8.0,55.0,756.0
Creme,Top Esports,LPL,Mid,MSI,9,0.333,3.7,759.0,-8.0,55.0,751.0
Labrov,G2 Esports,LEC,Support,MSI,15,0.4,2.09,755.0,-6.0,55.0,749.0
Canna,Karmine Corp,LEC,Top,MSI,9,0.333,2.81,756.0,-8.0,55.0,748.0
Tian,Top Esports,LPL,Jungle,MSI,9,0.333,2.83,744.0,-8.0,55.0,736.0
Dhokla,LYON,LCS,Top,MSI,17,0.647,2.35,719.0,17.0,55.0,736.0
Busio,Karmine Corp,LEC,Support,MSI,9,0.333,2.39,736.0,-8.0,55.0,728.0
Yike,Karmine Corp,LEC,Jungle,MSI,9,0.333,2.85,730.0,-8.0,55.0,722.0
Tatu,FURIA,CBLOL,Jungle,MSI,6,0.0,2.67,678.0,-4.0,55.0,674.0
Berserker,LYON,LCS,ADC,MSI,17,0.647,5.44,653.0,17.0,55.0,670.0
Isles,LYON,LCS,Support,MSI,17,0.647,3.68,650.0,17.0,55.0,667.0
Saint,LYON,LCS,Mid,MSI,17,0.647,3.81,628.0,17.0,55.0,645.0
Morgan,Team Liquid,LCS,Top,MSI,12,0.5,3.69,635.0,6.0,55.0,641.0
CoreJJ,Team Liquid,LCS,Support,MSI,12,0.5,3.39,630.0,6.0,55.0,636.0
Yeon,Team Liquid,LCS,ADC,MSI,12,0.5,3.75,629.0,6.0,55.0,635.0
Inspired,LYON,LCS,Jungle,MSI,17,0.647,3.88,603.0,17.0,55.0,620.0
Eddie,Team Secret Whales,LCP,ADC,MSI,10,0.3,4.89,606.0,1.0,55.0,607.0
Josedeodo,Team Liquid,LCS,Jungle,MSI,12,0.5,4.08,596.0,6.0,55.0,602.0
Quid,Team Liquid,LCS,Mid,MSI,12,0.5,3.79,595.0,6.0,55.0,601.0
Pun,Team Secret Whales,LCP,Top,MSI,10,0.3,2.03,584.0,1.0,55.0,585.0
Bie,Team Secret Whales,LCP,Support,MSI,10,0.3,3.4,577.0,1.0,55.0,578.0
Hizto,Team Secret Whales,LCP,Jungle,MSI,10,0.3,3.4,540.0,1.0,55.0,541.0
Dire,Team Secret Whales,LCP,Mid,MSI,10,0.3,2.16,533.0,1.0,55.0,534.0
Guigo,FURIA,CBLOL,Top,MSI,6,0.0,2.14,535.0,-4.0,55.0,531.0
JoJo,FURIA,CBLOL,Support,MSI,6,0.0,3.21,525.0,-4.0,55.0,521.0
Ayu,FURIA,CBLOL,ADC,MSI,6,0.0,3.19,505.0,-4.0,55.0,501.0
Tutsz,FURIA,CBLOL,Mid,MSI,6,0.0,2.0,484.0,-4.0,55.0,480.0
HongSuo,Deep Cross Gaming,LCP,Mid,MSI,6,0.0,1.28,436.0,-3.0,55.0,433.0
Flauren,Deep Cross Gaming,LCP,Top,MSI,6,0.0,1.07,387.0,-3.0,55.0,384.0
Pop9,Deep Cross Gaming,LCP,Jungle,MSI,6,0.0,1.42,377.0,-3.0,55.0,374.0
Feng,Deep Cross Gaming,LCP,ADC,MSI,6,0.0,1.88,362.0,-3.0,55.0,359.0
ShiauC,Deep Cross Gaming,LCP,Support,MSI,6,0.0,1.36,345.0,-3.0,55.0,342.0
Tactical,Cloud9,LCS,ADC,NACL Spring · playoffs,12,0.833,5.08,554.0,7.0,55.0,561.0
Horder,Cupid Esports,NACL,Top,NACL Spring · playoffs,8,0.375,1.86,189.0,-3.0,55.0,186.0
PhyMini,NRG,NACL,Mid,NACL Spring · playoffs,7,0.286,2.7,190.0,-7.0,55.0,183.0
Music,Cupid Esports,NACL,Jungle,NACL Spring · playoffs,8,0.375,4.28,157.0,-3.0,55.0,154.0
Spirax,Maryville University,NACL,Mid,NACL Spring · playoffs,8,0.375,3.85,138.0,-1.0,55.0,137.0
Mobility,Cupid Esports,NACL,ADC,NACL Spring · playoffs,23,0.522,4.33,127.0,1.0,54.0,128.0
Yuuji,Maryville University,NACL,Jungle,NACL Spring · playoffs,8,0.375,3.77,129.0,-1.0,55.0,128.0
Kisno,NRG,NACL,Jungle,NACL Spring · playoffs,7,0.286,2.08,134.0,-7.0,55.0,127.0
Obstinatus,Maryville University,NACL,Support,NACL Spring · playoffs,8,0.375,3.04,92.0,-1.0,55.0,91.0
ScaryJerry,Maryville University,NACL,ADC,NACL Spring · playoffs,8,0.375,3.21,88.0,-1.0,55.0,87.0
Sushee,NRG,NACL,ADC,NACL Spring · playoffs,7,0.286,2.79,79.0,-7.0,55.0,72.0
Keii,Zeu5 Esports,LRN,Top,NACL Spring · playoffs,8,0.375,1.5,66.0,-1.0,55.0,65.0
Tomio,Conviction,NACL,Jungle,NACL Spring · playoffs,12,0.833,9.07,22.0,7.0,55.0,29.0
Zamudo,NRG,NACL,Top,NACL Spring · playoffs,7,0.286,1.71,36.0,-7.0,55.0,29.0
Denathor,Dignitas,LCS,Top,NACL Spring · playoffs,23,0.522,3.32,25.0,1.0,54.0,26.0
Sniper,Conviction,NACL,Top,NACL Spring · playoffs,12,0.833,4.9,-31.0,7.0,55.0,-24.0
Dardoch,Dignitas,LCS,Jungle,NACL Spring · playoffs,16,0.438,2.79,-30.0,3.0,55.0,-27.0
Spica,NRG,NACL,Support,NACL Spring · playoffs,7,0.286,2.52,-50.0,-7.0,55.0,-57.0
Insanity,Conviction,NACL,Mid,NACL Spring · playoffs,12,0.833,6.52,-69.0,7.0,55.0,-62.0
Bounty,University of Mississippi,NACL,Support,NACL Spring · playoffs,12,0.833,4.44,-79.0,7.0,55.0,-72.0
Cody Sun,Conviction,NACL,ADC,NACL Spring · playoffs,16,0.438,4.29,-75.0,3.0,55.0,-72.0
Kim Down,Winthrop University,NACL,Support,NACL Spring · playoffs,23,0.522,3.62,-85.0,1.0,54.0,-84.0
Fiji,CCG Esports,NACL,Top,NACL Spring · playoffs,16,0.438,2.33,-98.0,3.0,55.0,-95.0
Zach,Winthrop University,NACL,Mid,NACL Spring · playoffs,23,0.522,3.59,-102.0,1.0,54.0,-101.0
Only35,CCG Esports,NACL,Support,NACL Spring · playoffs,16,0.438,3.08,-107.0,3.0,55.0,-104.0
Wilson,Winthrop University,NACL,Jungle,NACL Spring · playoffs,23,0.522,3.27,-112.0,1.0,54.0,-111.0
AoJune,Maryville University,NACL,Mid,NACL Spring · playoffs,16,0.438,2.15,-114.0,3.0,55.0,-111.0
shochi,Contingent Esports,NACL,Mid,NACL Spring · playoffs,8,0.375,2.15,-135.0,-3.0,55.0,-138.0
Levitate,Blue Otter,NACL,ADC,NACL Spring · playoffs,8,0.375,3.4,-178.0,-3.0,55.0,-181.0
Zyko,Conviction,NACL,Support,NACL Spring · playoffs,8,0.375,3.38,-190.0,-3.0,55.0,-193.0
Tactical,Cloud9,LCS,ADC,NACL Spring · saison régulière,7,0.571,5.58,554.0,-2.0,55.0,552.0
PhyMini,NRG,NACL,Mid,NACL Spring · saison régulière,14,0.857,6.13,190.0,13.0,55.0,203.0
Horder,Cupid Esports,NACL,Top,NACL Spring · saison régulière,22,0.636,3.44,189.0,3.0,54.0,192.0
Music,Cupid Esports,NACL,Jungle,NACL Spring · saison régulière,21,0.667,5.18,157.0,3.0,54.0,160.0
Breezy,Cupid Esports,NACL,Support,NACL Spring · saison régulière,13,0.538,4.9,147.0,-2.0,55.0,145.0
Spirax,Maryville University,NACL,Mid,NACL Spring · saison régulière,21,0.762,3.87,138.0,7.0,54.0,145.0
Kisno,NRG,NACL,Jungle,NACL Spring · saison régulière,22,0.727,4.3,134.0,6.0,54.0,140.0
Yuuji,Maryville University,NACL,Jungle,NACL Spring · saison régulière,21,0.762,8.29,129.0,7.0,54.0,136.0
Mobility,Cupid Esports,NACL,ADC,NACL Spring · saison régulière,18,0.556,5.13,127.0,-2.0,55.0,125.0
Obstinatus,Maryville University,NACL,Support,NACL Spring · saison régulière,21,0.762,5.02,92.0,7.0,54.0,99.0
ScaryJerry,Maryville University,NACL,ADC,NACL Spring · saison régulière,18,0.778,4.44,88.0,9.0,55.0,97.0
Sushee,NRG,NACL,ADC,NACL Spring · saison régulière,22,0.727,3.98,79.0,6.0,54.0,85.0
Keii,Zeu5 Esports,LRN,Top,NACL Spring · saison régulière,17,0.706,2.53,66.0,4.0,55.0,70.0
Zamudo,NRG,NACL,Top,NACL Spring · saison régulière,22,0.727,3.21,36.0,6.0,54.0,42.0
Denathor,Dignitas,LCS,Top,NACL Spring · saison régulière,18,0.556,3.69,25.0,-2.0,55.0,23.0
Tomio,Conviction,NACL,Jungle,NACL Spring · saison régulière,20,0.55,4.71,22.0,-3.0,54.0,19.0
Crimson,Maryville University,NACL,Top,NACL Spring · saison régulière,4,1.0,7.0,-29.0,3.0,55.0,-26.0
Dardoch,Dignitas,LCS,Jungle,NACL Spring · saison régulière,20,0.65,5.11,-30.0,3.0,55.0,-27.0
Sniper,Conviction,NACL,Top,NACL Spring · saison régulière,20,0.55,3.45,-31.0,-3.0,54.0,-34.0
Spica,NRG,NACL,Support,NACL Spring · saison régulière,22,0.727,5.52,-50.0,6.0,54.0,-44.0
Cody Sun,Conviction,NACL,ADC,NACL Spring · saison régulière,20,0.65,4.44,-75.0,3.0,55.0,-72.0
Insanity,Conviction,NACL,Mid,NACL Spring · saison régulière,20,0.55,4.06,-69.0,-3.0,54.0,-72.0
Bounty,University of Mississippi,NACL,Support,NACL Spring · saison régulière,7,0.571,4.61,-79.0,-2.0,55.0,-81.0
Kim Down,Winthrop University,NACL,Support,NACL Spring · saison régulière,18,0.556,2.69,-85.0,-2.0,55.0,-87.0
Fiji,CCG Esports,NACL,Top,NACL Spring · saison régulière,20,0.65,3.18,-98.0,3.0,55.0,-95.0
Keel,Citadel Gaming,NACL,Support,NACL Spring · saison régulière,11,0.454,2.68,-102.0,3.0,55.0,-99.0
Zach,Winthrop University,NACL,Mid,NACL Spring · saison régulière,16,0.625,3.12,-102.0,1.0,55.0,-101.0
Only35,CCG Esports,NACL,Support,NACL Spring · saison régulière,20,0.65,3.53,-107.0,3.0,55.0,-104.0
Samikin,Winthrop University,NACL,Mid,NACL Spring · saison régulière,22,0.227,2.35,-100.0,-10.0,54.0,-110.0
AoJune,Maryville University,NACL,Mid,NACL Spring · saison régulière,20,0.65,3.02,-114.0,3.0,55.0,-111.0
Wilson,Winthrop University,NACL,Jungle,NACL Spring · saison régulière,18,0.556,3.12,-112.0,-2.0,55.0,-114.0
shochi,Contingent Esports,NACL,Mid,NACL Spring · saison régulière,22,0.636,3.09,-135.0,3.0,54.0,-132.0
Stray,Citadel Gaming,NACL,Top,NACL Spring · saison régulière,20,0.4,2.62,-173.0,1.0,54.0,-172.0
Levitate,Blue Otter,NACL,ADC,NACL Spring · saison régulière,22,0.636,3.8,-178.0,3.0,54.0,-175.0
Zyko,Conviction,NACL,Support,NACL Spring · saison régulière,22,0.636,3.45,-190.0,3.0,54.0,-187.0
Bradley,University of Mississippi,NACL,Mid,NACL Spring · saison régulière,20,0.4,2.52,-207.0,1.0,54.0,-206.0
Rovex,Blue Otter,NACL,Support,NACL Spring · saison régulière,22,0.227,2.52,-200.0,-10.0,54.0,-210.0
aadam,Dorado Gaming,NACL,Mid,NACL Spring · saison régulière,22,0.318,2.54,-218.0,-2.0,54.0,-220.0
Dec0y,Dorado Gaming,NACL,Top,NACL Spring · saison régulière,22,0.318,1.68,-220.0,-2.0,54.0,-222.0
Griffin,University of Mississippi,NACL,Jungle,NACL Spring · saison régulière,20,0.4,3.05,-224.0,1.0,54.0,-223.0
Hub,Dorado Gaming,NACL,ADC,NACL Spring · saison régulière,21,0.333,2.06,-231.0,-2.0,54.0,-233.0
Array,University of Mississippi,NACL,ADC,NACL Spring · saison régulière,20,0.4,2.68,-239.0,1.0,54.0,-238.0
Lojaz,Dorado Gaming,NACL,Jungle,NACL Spring · saison régulière,22,0.318,2.38,-247.0,-2.0,54.0,-249.0
Asilah,Contingent Esports,NACL,Mid,NACL Spring · saison régulière,9,0.333,2.13,-255.0,-2.0,55.0,-257.0
Spawn,CCG Esports,NACL,ADC,NACL Spring · saison régulière,22,0.227,3.44,-273.0,-10.0,54.0,-283.0
Ariana,University of Mississippi,NACL,Top,NACL Spring · saison régulière,21,0.238,1.94,-277.0,-7.0,54.0,-284.0
Munchy,Blue Otter,NACL,Jungle,NACL Spring · saison régulière,22,0.227,2.09,-293.0,-10.0,54.0,-303.0
Meech,Nine Lives Esports,NACL,ADC,NACL Spring · saison régulière,13,0.538,3.17,-317.0,-2.0,55.0,-319.0
Bazz,Apex Mission Impossible,NACL,ADC,NACL Spring · saison régulière,17,0.176,2.0,-363.0,-2.0,55.0,-365.0
Redemption,Dorado Gaming,NACL,Support,NACL Spring · saison régulière,22,0.318,2.57,-378.0,-2.0,54.0,-380.0
Retrozing,University of Mississippi,NACL,Mid,NACL Spring · saison régulière,19,0.158,2.68,-407.0,-3.0,55.0,-410.0
Bio,Apex Mission Impossible,NACL,Jungle,NACL Spring · saison régulière,19,0.158,1.48,-417.0,-3.0,55.0,-420.0
arbrio,Contingent Esports,NACL,Top,NACL Spring · saison régulière,19,0.158,1.28,-460.0,-3.0,55.0,-463.0
Protos,Apex Mission Impossible,NACL,Support,NACL Spring · saison régulière,19,0.158,1.36,-515.0,-3.0,55.0,-518.0
Horder,Cupid Esports,NACL,Top,NACL Summer · playoffs,12,0.833,5.16,189.0,5.0,55.0,194.0
PhyMini,NRG,NACL,Mid,NACL Summer · playoffs,14,0.5,3.9,190.0,-8.0,55.0,182.0
Music,Cupid Esports,NACL,Jungle,NACL Summer · playoffs,12,0.833,4.39,157.0,5.0,55.0,162.0
Breezy,Cupid Esports,NACL,Support,NACL Summer · playoffs,12,0.833,5.36,147.0,5.0,55.0,152.0
Mobility,Cupid Esports,NACL,ADC,NACL Summer · playoffs,12,0.833,5.14,127.0,5.0,55.0,132.0
Yuuji,Maryville University,NACL,Jungle,NACL Summer · playoffs,20,0.5,3.9,129.0,-2.0,55.0,127.0
Kisno,NRG,NACL,Jungle,NACL Summer · playoffs,14,0.5,3.18,134.0,-8.0,55.0,126.0
Obstinatus,Maryville University,NACL,Support,NACL Summer · playoffs,22,0.546,5.39,92.0,0.0,54.0,92.0
ScaryJerry,Maryville University,NACL,ADC,NACL Summer · playoffs,22,0.546,3.85,88.0,0.0,54.0,88.0
Ablazeolive,Cupid Esports,NACL,Mid,NACL Summer · playoffs,12,0.833,4.68,80.0,5.0,55.0,85.0
Sushee,NRG,NACL,ADC,NACL Summer · playoffs,11,0.546,3.36,79.0,-5.0,55.0,74.0
InFlame,Dorado Gaming,NACL,Support,NACL Summer · playoffs,2,0.0,1.0,53.0,-3.0,55.0,50.0
Zamudo,NRG,NACL,Top,NACL Summer · playoffs,14,0.5,1.73,36.0,-8.0,55.0,28.0
Tomio,Conviction,NACL,Jungle,NACL Summer · playoffs,10,0.5,3.95,22.0,2.0,55.0,24.0
Tomo,Winthrop University,NACL,ADC,NACL Summer · playoffs,14,0.5,4.16,-21.0,8.0,55.0,-13.0
Sniper,Conviction,NACL,Top,NACL Summer · playoffs,10,0.5,3.89,-31.0,2.0,55.0,-29.0
Crimson,Maryville University,NACL,Top,NACL Summer · playoffs,22,0.546,3.56,-29.0,0.0,54.0,-29.0
Spica,NRG,NACL,Support,NACL Summer · playoffs,14,0.5,3.44,-50.0,-8.0,55.0,-58.0
Insanity,Conviction,NACL,Mid,NACL Summer · playoffs,10,0.5,3.23,-69.0,2.0,55.0,-67.0
Cody Sun,Conviction,NACL,ADC,NACL Summer · playoffs,10,0.5,5.54,-75.0,2.0,55.0,-73.0
Kim Down,Winthrop University,NACL,Support,NACL Summer · playoffs,14,0.5,3.64,-85.0,8.0,55.0,-77.0
Bounty,University of Mississippi,NACL,Support,NACL Summer · playoffs,6,0.167,2.44,-79.0,-9.0,55.0,-88.0
Samikin,Winthrop University,NACL,Mid,NACL Summer · playoffs,14,0.5,3.74,-100.0,8.0,55.0,-92.0
Kaido,Contingent Esports,NACL,Jungle,NACL Summer · playoffs,11,0.454,4.74,-104.0,6.0,55.0,-98.0
Wilson,Winthrop University,NACL,Jungle,NACL Summer · playoffs,14,0.5,2.86,-112.0,8.0,55.0,-104.0
AoJune,Maryville University,NACL,Mid,NACL Summer · playoffs,22,0.546,4.96,-114.0,0.0,54.0,-114.0
Daption,Contingent Esports,NACL,ADC,NACL Summer · playoffs,11,0.454,2.81,-171.0,6.0,55.0,-165.0
Zyko,Conviction,NACL,Support,NACL Summer · playoffs,10,0.5,3.46,-190.0,2.0,55.0,-188.0
JonnyRockets,Contingent Esports,NACL,Top,NACL Summer · playoffs,9,0.556,1.51,-201.0,8.0,55.0,-193.0
Tub,Contingent Esports,NACL,Support,NACL Summer · playoffs,11,0.454,1.95,-209.0,6.0,55.0,-203.0
Bradley,University of Mississippi,NACL,Mid,NACL Summer · playoffs,6,0.167,3.0,-207.0,-9.0,55.0,-216.0
aadam,Dorado Gaming,NACL,Mid,NACL Summer · playoffs,5,0.0,1.62,-218.0,-6.0,55.0,-224.0
Dec0y,Dorado Gaming,NACL,Top,NACL Summer · playoffs,5,0.0,0.95,-220.0,-6.0,55.0,-226.0
Niles,Maryville University,NACL,Jungle,NACL Summer · playoffs,2,1.0,8.2,-229.0,3.0,55.0,-226.0
Shogo,NRG,NACL,ADC,NACL Summer · playoffs,3,0.333,2.3,-226.0,-2.0,55.0,-228.0
Griffin,University of Mississippi,NACL,Jungle,NACL Summer · playoffs,6,0.167,2.04,-224.0,-9.0,55.0,-233.0
Hub,Dorado Gaming,NACL,ADC,NACL Summer · playoffs,5,0.0,1.21,-231.0,-6.0,55.0,-237.0
Array,University of Mississippi,NACL,ADC,NACL Summer · playoffs,6,0.167,1.67,-239.0,-9.0,55.0,-248.0
Asilah,Contingent Esports,NACL,Mid,NACL Summer · playoffs,11,0.454,2.0,-255.0,6.0,55.0,-249.0
Lojaz,Dorado Gaming,NACL,Jungle,NACL Summer · playoffs,5,0.0,1.0,-247.0,-6.0,55.0,-253.0
Ariana,University of Mississippi,NACL,Top,NACL Summer · playoffs,6,0.167,1.45,-277.0,-9.0,55.0,-286.0
Berik,Winthrop University,NACL,Top,NACL Summer · playoffs,14,0.5,2.67,-342.0,8.0,55.0,-334.0
Redemption,Dorado Gaming,NACL,Support,NACL Summer · playoffs,3,0.0,1.23,-378.0,-3.0,55.0,-381.0
arbrio,Contingent Esports,NACL,Top,NACL Summer · playoffs,2,0.0,1.12,-460.0,-2.0,55.0,-462.0
PhyMini,NRG,NACL,Mid,NACL Summer · saison régulière,11,0.909,8.0,190.0,12.0,55.0,202.0
Horder,Cupid Esports,NACL,Top,NACL Summer · saison régulière,11,0.727,4.38,189.0,0.0,55.0,189.0
Music,Cupid Esports,NACL,Jungle,NACL Summer · saison régulière,11,0.727,6.05,157.0,0.0,55.0,157.0
Breezy,Cupid Esports,NACL,Support,NACL Summer · saison régulière,11,0.727,3.87,147.0,0.0,55.0,147.0
Kisno,NRG,NACL,Jungle,NACL Summer · saison régulière,11,0.909,10.18,134.0,12.0,55.0,146.0
Spirax,Maryville University,NACL,Mid,NACL Summer · saison régulière,3,0.333,1.38,138.0,-2.0,55.0,136.0
Mobility,Cupid Esports,NACL,ADC,NACL Summer · saison régulière,11,0.727,7.06,127.0,0.0,55.0,127.0
Sushee,NRG,NACL,ADC,NACL Summer · saison régulière,11,0.909,6.29,79.0,12.0,55.0,91.0
Obstinatus,Maryville University,NACL,Support,NACL Summer · saison régulière,10,0.5,2.15,92.0,-3.0,55.0,89.0
ScaryJerry,Maryville University,NACL,ADC,NACL Summer · saison régulière,13,0.462,2.98,88.0,-5.0,55.0,83.0
Ablazeolive,Cupid Esports,NACL,Mid,NACL Summer · saison régulière,11,0.727,5.15,80.0,0.0,55.0,80.0
InFlame,Dorado Gaming,NACL,Support,NACL Summer · saison régulière,13,0.615,3.4,53.0,8.0,55.0,61.0
Zamudo,NRG,NACL,Top,NACL Summer · saison régulière,11,0.909,5.08,36.0,12.0,55.0,48.0
Tomio,Conviction,NACL,Jungle,NACL Summer · saison régulière,7,0.286,3.72,22.0,-2.0,55.0,20.0
Tomo,Winthrop University,NACL,ADC,NACL Summer · saison régulière,13,0.538,3.88,-21.0,-4.0,55.0,-25.0
Dardoch,Dignitas,LCS,Jungle,NACL Summer · saison régulière,7,0.429,3.95,-30.0,-3.0,55.0,-33.0
Crimson,Maryville University,NACL,Top,NACL Summer · saison régulière,13,0.462,2.79,-29.0,-5.0,55.0,-34.0
Sniper,Conviction,NACL,Top,NACL Summer · saison régulière,14,0.357,4.92,-31.0,-4.0,55.0,-35.0
Spica,NRG,NACL,Support,NACL Summer · saison régulière,9,0.889,4.89,-50.0,9.0,55.0,-41.0
Mixtsure,NRG,NACL,Support,NACL Summer · saison régulière,2,1.0,5.0,-75.0,2.0,55.0,-73.0
Insanity,Conviction,NACL,Mid,NACL Summer · saison régulière,14,0.357,2.83,-69.0,-4.0,55.0,-73.0
Bounty,University of Mississippi,NACL,Support,NACL Summer · saison régulière,13,0.462,2.2,-79.0,4.0,55.0,-75.0
Cody Sun,Conviction,NACL,ADC,NACL Summer · saison régulière,14,0.357,5.0,-75.0,-4.0,55.0,-79.0
Kim Down,Winthrop University,NACL,Support,NACL Summer · saison régulière,13,0.538,2.63,-85.0,-4.0,55.0,-89.0
Fiji,CCG Esports,NACL,Top,NACL Summer · saison régulière,15,0.467,2.72,-98.0,-3.0,55.0,-101.0
Samikin,Winthrop University,NACL,Mid,NACL Summer · saison régulière,13,0.538,3.74,-100.0,-4.0,55.0,-104.0
Only35,CCG Esports,NACL,Support,NACL Summer · saison régulière,15,0.467,3.0,-107.0,-3.0,55.0,-110.0
Kaido,Contingent Esports,NACL,Jungle,NACL Summer · saison régulière,15,0.4,3.33,-104.0,-7.0,55.0,-111.0
Wilson,Winthrop University,NACL,Jungle,NACL Summer · saison régulière,13,0.538,2.81,-112.0,-4.0,55.0,-116.0
AoJune,Maryville University,NACL,Mid,NACL Summer · saison régulière,13,0.462,2.62,-114.0,-5.0,55.0,-119.0
shochi,Contingent Esports,NACL,Mid,NACL Summer · saison régulière,5,0.4,3.1,-135.0,1.0,55.0,-134.0
Daption,Contingent Esports,NACL,ADC,NACL Summer · saison régulière,15,0.4,3.11,-171.0,-7.0,55.0,-178.0
Levitate,Blue Otter,NACL,ADC,NACL Summer · saison régulière,16,0.25,3.27,-178.0,-1.0,55.0,-179.0
Zyko,Conviction,NACL,Support,NACL Summer · saison régulière,14,0.357,2.4,-190.0,-4.0,55.0,-194.0
Bradley,University of Mississippi,NACL,Mid,NACL Summer · saison régulière,11,0.546,3.31,-207.0,5.0,55.0,-202.0
JonnyRockets,Contingent Esports,NACL,Top,NACL Summer · saison régulière,15,0.4,1.86,-201.0,-7.0,55.0,-208.0
aadam,Dorado Gaming,NACL,Mid,NACL Summer · saison régulière,13,0.615,3.35,-218.0,8.0,55.0,-210.0
Dec0y,Dorado Gaming,NACL,Top,NACL Summer · saison régulière,13,0.615,2.64,-220.0,8.0,55.0,-212.0
Tub,Contingent Esports,NACL,Support,NACL Summer · saison régulière,15,0.4,2.37,-209.0,-7.0,55.0,-216.0
Griffin,University of Mississippi,NACL,Jungle,NACL Summer · saison régulière,11,0.546,4.07,-224.0,5.0,55.0,-219.0
Hub,Dorado Gaming,NACL,ADC,NACL Summer · saison régulière,13,0.615,5.52,-231.0,8.0,55.0,-223.0
Leza,CCG Esports,NACL,Mid,NACL Summer · saison régulière,15,0.467,3.19,-226.0,-3.0,55.0,-229.0
Niles,Maryville University,NACL,Jungle,NACL Summer · saison régulière,13,0.462,2.2,-229.0,-5.0,55.0,-234.0
Array,University of Mississippi,NACL,ADC,NACL Summer · saison régulière,13,0.462,4.19,-239.0,4.0,55.0,-235.0
Lojaz,Dorado Gaming,NACL,Jungle,NACL Summer · saison régulière,13,0.615,3.9,-247.0,8.0,55.0,-239.0
Young,Blue Otter,NACL,Mid,NACL Summer · saison régulière,16,0.25,2.38,-244.0,-1.0,55.0,-245.0
Asilah,Contingent Esports,NACL,Mid,NACL Summer · saison régulière,10,0.4,2.32,-255.0,-8.0,55.0,-263.0
Minui,Blue Otter,NACL,Support,NACL Summer · saison régulière,16,0.25,1.81,-270.0,-1.0,55.0,-271.0
Ariana,University of Mississippi,NACL,Top,NACL Summer · saison régulière,13,0.462,2.24,-277.0,4.0,55.0,-273.0
Spawn,CCG Esports,NACL,ADC,NACL Summer · saison régulière,15,0.467,4.87,-273.0,-3.0,55.0,-276.0
Philip,Blue Otter,NACL,Top,NACL Summer · saison régulière,16,0.25,2.76,-292.0,-1.0,55.0,-293.0
Munchy,Blue Otter,NACL,Jungle,NACL Summer · saison régulière,16,0.25,2.19,-293.0,-1.0,55.0,-294.0
Berik,Winthrop University,NACL,Top,NACL Summer · saison régulière,13,0.538,2.68,-342.0,-4.0,55.0,-346.0
Retrozing,University of Mississippi,NACL,Mid,NACL Summer · saison régulière,2,0.0,2.75,-407.0,-1.0,55.0,-408.0
Breezy,Cupid Esports,NACL,Support,NACL · saison régulière,9,0.778,3.11,147.0,-0.0,55.0,147.0
Ablazeolive,Cupid Esports,NACL,Mid,NACL · saison régulière,5,0.2,2.04,80.0,-4.0,55.0,76.0
Mixtsure,NRG,NACL,Support,NACL · saison régulière,9,0.444,3.44,-75.0,-3.0,55.0,-78.0
Samikin,Winthrop University,NACL,Mid,NACL · saison régulière,13,0.615,5.27,-100.0,9.0,55.0,-91.0
Kaido,Contingent Esports,NACL,Jungle,NACL · saison régulière,9,0.778,4.64,-104.0,-0.0,55.0,-104.0
Verdict,DeathMark E-Sports,NACL,Jungle,NACL · saison régulière,13,0.462,3.1,-162.0,-3.0,55.0,-165.0
Daption,Contingent Esports,NACL,ADC,NACL · saison régulière,9,0.778,3.64,-171.0,-0.0,55.0,-171.0
Karsiak,DeathMark E-Sports,NACL,Top,NACL · saison régulière,13,0.462,2.61,-174.0,-3.0,55.0,-177.0
SirZepre,DeathMark E-Sports,NACL,Mid,NACL · saison régulière,13,0.462,2.96,-185.0,-3.0,55.0,-188.0
Rovex,Blue Otter,NACL,Support,NACL · saison régulière,13,0.615,4.94,-200.0,9.0,55.0,-191.0
Shogo,NRG,NACL,ADC,NACL · saison régulière,9,0.444,4.29,-226.0,-3.0,55.0,-229.0
Asilah,Contingent Esports,NACL,Mid,NACL · saison régulière,9,0.778,3.19,-255.0,-0.0,55.0,-255.0
Spawn,CCG Esports,NACL,ADC,NACL · saison régulière,13,0.615,7.14,-273.0,9.0,55.0,-264.0
Ariana,University of Mississippi,NACL,Top,NACL · saison régulière,13,0.615,4.0,-277.0,9.0,55.0,-268.0
Munchy,Blue Otter,NACL,Jungle,NACL · saison régulière,13,0.615,4.26,-293.0,9.0,55.0,-284.0
Philip,Blue Otter,NACL,Top,NACL · saison régulière,5,0.2,1.62,-292.0,-4.0,55.0,-296.0
Meech,Nine Lives Esports,NACL,ADC,NACL · saison régulière,5,0.2,2.85,-317.0,-4.0,55.0,-321.0
Bazz,Apex Mission Impossible,NACL,ADC,NACL · saison régulière,5,0.2,2.29,-363.0,0.0,55.0,-363.0
Retrozing,University of Mississippi,NACL,Mid,NACL · saison régulière,5,0.2,2.77,-407.0,0.0,55.0,-407.0
Bio,Apex Mission Impossible,NACL,Jungle,NACL · saison régulière,5,0.2,1.68,-417.0,0.0,55.0,-417.0
arbrio,Contingent Esports,NACL,Top,NACL · saison régulière,5,0.2,1.61,-460.0,0.0,55.0,-460.0
Looki,Karmine Corp Blue,LFL,ADC,NL · playoffs,9,0.667,7.73,361.0,-2.0,55.0,359.0
Jeskla,Vivo Keyd Stars,CBLOL,ADC,NL · playoffs,7,0.143,1.85,298.0,-1.0,55.0,297.0
Oleg,Karmine Corp Blue Stars,NL,Jungle,NL · playoffs,17,0.706,5.39,248.0,2.0,55.0,250.0
Koala,Esprit Shōnen,NL,Top,NL · playoffs,17,0.706,4.7,216.0,2.0,55.0,218.0
Gwen,Karmine Corp Blue Stars,NL,ADC,NL · playoffs,8,0.75,6.37,210.0,3.0,55.0,213.0
Panda,Karmine Corp Blue Stars,NL,Mid,NL · playoffs,17,0.706,5.02,198.0,2.0,55.0,200.0
Avarice,Project Conquerors,NL,ADC,NL · playoffs,23,0.565,3.98,137.0,2.0,54.0,139.0
Alaric,Karmine Corp Blue Stars,NL,Support,NL · playoffs,17,0.706,4.28,135.0,2.0,55.0,137.0
Twight,eSuba,NL,Jungle,NL · playoffs,10,0.7,5.52,93.0,10.0,55.0,103.0
Bambi,Project Conquerors,NL,Top,NL · playoffs,23,0.565,2.19,97.0,2.0,54.0,99.0
Evangelyne,Team Phantasma,HLL,ADC,NL · playoffs,3,0.0,1.92,85.0,-2.0,55.0,83.0
UniqueCORN,Project Conquerors,NL,Mid,NL · playoffs,23,0.565,2.68,62.0,2.0,54.0,64.0
Frost,Project Conquerors,NL,Jungle,NL · playoffs,23,0.565,2.57,47.0,2.0,54.0,49.0
Sunfry,Project Conquerors,NL,Support,NL · playoffs,23,0.565,2.73,44.0,2.0,54.0,46.0
Gordinho,Esprit Shōnen,LFL,Support,NL · playoffs,7,0.143,1.58,38.0,-1.0,55.0,37.0
Evaan,Ancient Ones,NL,Mid,NL · playoffs,3,0.0,2.91,7.0,-5.0,55.0,2.0
Kross,Ancient Ones,NL,ADC,NL · playoffs,3,0.0,2.46,-5.0,-5.0,55.0,-10.0
Fallen,Ancient Ones,NL,Jungle,NL · playoffs,3,0.0,2.5,-18.0,-5.0,55.0,-23.0
IENCH Taric,Ancient Ones,NL,Support,NL · playoffs,3,0.0,2.69,-24.0,-5.0,55.0,-29.0
Satto,Guinea Pink,NL,Support,NL · playoffs,3,0.0,2.64,-33.0,-2.0,55.0,-35.0
Marty,Galions Sharks,NL,Mid,NL · playoffs,10,0.7,8.2,-50.0,10.0,55.0,-40.0
Passzi,UCAM Esports,NL,Support,NL · playoffs,10,0.7,6.78,-62.0,10.0,55.0,-52.0
SwiT,Galions Sharks,NL,Top,NL · playoffs,10,0.7,7.82,-83.0,10.0,55.0,-73.0
shidolovell,Lille Esport,NL,Jungle,NL · playoffs,3,0.0,4.0,-112.0,-2.0,55.0,-114.0
Nireo,Ancient Ones,NL,Top,NL · playoffs,3,0.0,2.67,-119.0,-5.0,55.0,-124.0
Dream,Galions Sharks,NL,ADC,NL · playoffs,10,0.7,5.3,-137.0,10.0,55.0,-127.0
Infinity,Team High Ground,NL,Jungle,NL · playoffs,6,0.5,3.0,-134.0,-0.0,55.0,-134.0
MélyaP,Lille Esport,NL,Mid,NL · playoffs,3,0.0,2.55,-134.0,-2.0,55.0,-136.0
Metha,Team High Ground,NL,Support,NL · playoffs,6,0.5,3.11,-151.0,-0.0,55.0,-151.0
Kitano,Team High Ground,NL,Top,NL · playoffs,6,0.5,2.05,-156.0,-0.0,55.0,-156.0
Scimmia,Team High Ground,NL,Mid,NL · playoffs,6,0.5,2.86,-177.0,-0.0,55.0,-177.0
Drali,Caldya Esport,NL,Top,NL · playoffs,10,0.1,1.24,-178.0,-6.0,55.0,-184.0
Kiki,Caldya Esport,NL,Jungle,NL · playoffs,10,0.1,1.37,-184.0,-6.0,55.0,-190.0
Sukru,Dream Esports,NL,Top,NL · playoffs,3,0.0,1.57,-215.0,-2.0,55.0,-217.0
Tebox,Team High Ground,NL,ADC,NL · playoffs,6,0.5,3.38,-220.0,-0.0,55.0,-220.0
Marbirius,Caldya Esport,NL,Mid,NL · playoffs,10,0.1,1.54,-258.0,-6.0,55.0,-264.0
Akanania,Caldya Esport,NL,ADC,NL · playoffs,3,0.0,0.87,-339.0,-5.0,55.0,-344.0
Looki,Karmine Corp Blue,LFL,ADC,NL · saison régulière,14,0.929,7.55,361.0,0.0,55.0,361.0
Jeskla,Vivo Keyd Stars,CBLOL,ADC,NL · saison régulière,14,0.714,4.84,298.0,10.0,55.0,308.0
Oleg,Karmine Corp Blue Stars,NL,Jungle,NL · saison régulière,23,0.956,8.62,248.0,4.0,54.0,252.0
Koala,Esprit Shōnen,NL,Top,NL · saison régulière,23,0.956,4.29,216.0,4.0,54.0,220.0
Gwen,Karmine Corp Blue Stars,NL,ADC,NL · saison régulière,5,1.0,11.33,210.0,5.0,55.0,215.0
Panda,Karmine Corp Blue Stars,NL,Mid,NL · saison régulière,23,0.956,6.08,198.0,4.0,54.0,202.0
Alaric,Karmine Corp Blue Stars,NL,Support,NL · saison régulière,21,0.952,5.91,135.0,3.0,54.0,138.0
Avarice,Project Conquerors,NL,ADC,NL · saison régulière,23,0.696,7.13,137.0,0.0,54.0,137.0
Dyenn,GIANTX iTero,LES,Mid,NL · saison régulière,3,1.0,5.6,103.0,3.0,55.0,106.0
Bambi,Project Conquerors,NL,Top,NL · saison régulière,22,0.727,3.86,97.0,2.0,54.0,99.0
Evangelyne,Team Phantasma,HLL,ADC,NL · saison régulière,14,0.643,4.21,85.0,8.0,55.0,93.0
Twight,eSuba,NL,Jungle,NL · saison régulière,9,0.556,4.71,93.0,-3.0,55.0,90.0
jokaa,ROSSMANN Centaurs,PRM,Jungle,NL · saison régulière,14,0.429,2.19,97.0,-7.0,55.0,90.0
Infoneral,ROSSMANN Centaurs,PRM,Support,NL · saison régulière,14,0.429,2.38,86.0,-7.0,55.0,79.0
UniqueCORN,Project Conquerors,NL,Mid,NL · saison régulière,23,0.696,4.77,62.0,0.0,54.0,62.0
Gordinho,Esprit Shōnen,LFL,Support,NL · saison régulière,14,0.714,3.91,38.0,10.0,55.0,48.0
Frost,Project Conquerors,NL,Jungle,NL · saison régulière,23,0.696,4.41,47.0,0.0,54.0,47.0
Sunfry,Project Conquerors,NL,Support,NL · saison régulière,23,0.696,3.48,44.0,0.0,54.0,44.0
Evaan,Ancient Ones,NL,Mid,NL · saison régulière,17,0.765,7.62,7.0,7.0,55.0,14.0
Kross,Ancient Ones,NL,ADC,NL · saison régulière,17,0.765,6.54,-5.0,7.0,55.0,2.0
Yuros,DIA Ozarox Esports,NL,Mid,NL · saison régulière,13,0.308,3.55,-6.0,1.0,55.0,-5.0
Fallen,Ancient Ones,NL,Jungle,NL · saison régulière,17,0.765,6.37,-18.0,7.0,55.0,-11.0
Aymen,Karmine Corp Blue Stars,AL,Support,NL · saison régulière,2,1.0,7.5,-16.0,1.0,55.0,-15.0
IENCH Taric,Ancient Ones,NL,Support,NL · saison régulière,17,0.765,4.96,-24.0,7.0,55.0,-17.0
KKT,Bulldog Esports,NLC,Jungle,NL · saison régulière,5,0.6,5.36,-28.0,2.0,55.0,-26.0
Satto,Guinea Pink,NL,Support,NL · saison régulière,23,0.522,3.53,-33.0,5.0,54.0,-28.0
Marty,Galions Sharks,NL,Mid,NL · saison régulière,22,0.454,5.78,-50.0,-8.0,54.0,-58.0
Passzi,UCAM Esports,NL,Support,NL · saison régulière,9,0.556,3.55,-62.0,-3.0,55.0,-65.0
SwiT,Galions Sharks,NL,Top,NL · saison régulière,23,0.478,4.42,-83.0,-9.0,54.0,-92.0
shidolovell,Lille Esport,NL,Jungle,NL · saison régulière,18,0.5,3.46,-112.0,3.0,55.0,-109.0
Nireo,Ancient Ones,NL,Top,NL · saison régulière,17,0.765,2.92,-119.0,7.0,55.0,-112.0
MélyaP,Lille Esport,NL,Mid,NL · saison régulière,21,0.524,3.22,-134.0,6.0,54.0,-128.0
Infinity,Team High Ground,NL,Jungle,NL · saison régulière,14,0.5,4.18,-134.0,1.0,55.0,-133.0
Dream,Galions Sharks,NL,ADC,NL · saison régulière,23,0.478,3.94,-137.0,-9.0,54.0,-146.0
Metha,Team High Ground,NL,Support,NL · saison régulière,14,0.5,3.06,-151.0,1.0,55.0,-150.0
Kitano,Team High Ground,NL,Top,NL · saison régulière,14,0.5,2.48,-156.0,1.0,55.0,-155.0
Kallesyn,Lausanne-Sport Esports,NL,Top,NL · saison régulière,17,0.353,2.73,-157.0,-1.0,55.0,-158.0
Drali,Caldya Esport,NL,Top,NL · saison régulière,23,0.565,2.81,-178.0,7.0,54.0,-171.0
Scimmia,Team High Ground,NL,Mid,NL · saison régulière,14,0.5,3.69,-177.0,1.0,55.0,-176.0
Kiki,Caldya Esport,NL,Jungle,NL · saison régulière,23,0.565,3.71,-184.0,7.0,54.0,-177.0
Louis,Lausanne-Sport Esports,NL,Mid,NL · saison régulière,14,0.357,2.03,-186.0,-1.0,55.0,-187.0
Hexom,Lausanne-Sport Esports,NL,Support,NL · saison régulière,14,0.357,2.32,-187.0,-1.0,55.0,-188.0
Moto,Lausanne-Sport Esports,NL,Jungle,NL · saison régulière,14,0.357,2.31,-193.0,-1.0,55.0,-194.0
Vespa,Only The Family,EBL,ADC,NL · saison régulière,9,0.333,2.24,-193.0,-3.0,55.0,-196.0
Yen,Esprit Shōnen,LFL,ADC,NL · saison régulière,14,0.357,2.91,-201.0,-1.0,55.0,-202.0
Sukru,Dream Esports,NL,Top,NL · saison régulière,23,0.522,4.15,-215.0,5.0,54.0,-210.0
CHARMANDERBOT,Zephyr Esport,NL,Support,NL · saison régulière,14,0.286,3.87,-219.0,-0.0,55.0,-219.0
Tebox,Team High Ground,NL,ADC,NL · saison régulière,14,0.5,2.67,-220.0,1.0,55.0,-219.0
Lixo,Zephyr Esport,NL,ADC,NL · saison régulière,14,0.286,5.03,-253.0,-0.0,55.0,-253.0
Marbirius,Caldya Esport,NL,Mid,NL · saison régulière,20,0.5,3.28,-258.0,4.0,54.0,-254.0
Inzuh,Crystal Rose,LPLOL,Mid,NL · saison régulière,9,0.222,2.29,-288.0,1.0,55.0,-287.0
ZPR Navi,Zephyr Esport,NL,Top,NL · saison régulière,14,0.286,2.17,-293.0,-0.0,55.0,-293.0
denizzz,Zerolag Esports,NL,Jungle,NL · saison régulière,14,0.286,2.67,-334.0,-0.0,55.0,-334.0
Wuis,Crystal Rose,ROL,Support,NL · saison régulière,9,0.222,1.92,-342.0,1.0,55.0,-341.0
Akanania,Caldya Esport,NL,ADC,NL · saison régulière,9,0.333,3.82,-339.0,-3.0,55.0,-342.0
FliiZee,Crystal Rose,NL,ADC,NL · saison régulière,13,0.077,1.67,-381.0,-2.0,55.0,-383.0
Renewal,Only The Family,EBL,Jungle,NL · saison régulière,17,0.118,1.85,-389.0,-1.0,55.0,-390.0
Achille,Crystal Rose,NL,Top,NL · saison régulière,12,0.083,1.36,-387.0,-3.0,55.0,-390.0
Blazteurs,Crystal Rose,NL,Support,NL · saison régulière,8,0.0,1.25,-388.0,-5.0,55.0,-393.0
Dym,Crystal Rose,NL,Mid,NL · saison régulière,14,0.071,1.63,-405.0,-4.0,55.0,-409.0
Twendddy,Zephyr Esport,ROL,Top,NL · saison régulière,9,0.111,1.19,-412.0,-4.0,55.0,-416.0
D1verse,Lausanne-Sport Esports,HLL,Mid,NL · saison régulière,9,0.222,1.92,-441.0,-4.0,55.0,-445.0
Raffy,Crystal Rose,LIT,Top,NL · saison régulière,9,0.222,1.38,-464.0,1.0,55.0,-463.0
Furuy,Verdant,NLC,Mid,NLC Spring · playoffs,5,1.0,24.67,221.0,4.0,55.0,225.0
Szygenda,Eintracht Frankfurt,PRM,Top,NLC Spring · playoffs,3,0.333,1.89,171.0,-1.0,55.0,170.0
bobista,Verdant,NLC,Top,NLC Spring · playoffs,5,1.0,8.88,155.0,4.0,55.0,159.0
Guggu,Verdant,NLC,Support,NLC Spring · playoffs,5,1.0,6.4,134.0,4.0,55.0,138.0
Mishi,Verdant,NLC,ADC,NLC Spring · playoffs,5,1.0,9.3,131.0,4.0,55.0,135.0
NoName,Verdant,NLC,Jungle,NLC Spring · playoffs,5,1.0,11.5,25.0,4.0,55.0,29.0
Nille,Arctic Pandas,NLC,Top,NLC Spring · playoffs,5,0.4,3.18,21.0,-4.0,55.0,17.0
Simpli,Arctic Pandas,NLC,Mid,NLC Spring · playoffs,5,0.4,2.26,-9.0,-4.0,55.0,-13.0
Boltox,Arctic Pandas,NLC,Support,NLC Spring · playoffs,5,0.4,3.2,-16.0,-4.0,55.0,-20.0
Ag0nyPain,Senshi eSports,ROL,Mid,NLC Spring · playoffs,13,0.462,3.11,-31.0,4.0,55.0,-27.0
KKT,Bulldog Esports,NLC,Jungle,NLC Spring · playoffs,3,0.333,2.21,-28.0,-1.0,55.0,-29.0
dibu,Arctic Pandas,NLC,Jungle,NLC Spring · playoffs,5,0.4,2.65,-30.0,-4.0,55.0,-34.0
Markus,Senshi eSports,ROL,Jungle,NLC Spring · playoffs,13,0.462,2.94,-58.0,4.0,55.0,-54.0
kehvo,Arctic Pandas,NLC,ADC,NLC Spring · playoffs,5,0.4,3.25,-52.0,-4.0,55.0,-56.0
Virtuso,Deer Gaming,NLC,Top,NLC Spring · playoffs,10,0.4,1.98,-115.0,-2.0,55.0,-117.0
Scuffed,Deer Gaming,NLC,Mid,NLC Spring · playoffs,10,0.4,2.52,-122.0,-2.0,55.0,-124.0
ugandan fighter,Ruddy Corporation,NLC,Top,NLC Spring · playoffs,13,0.462,2.4,-136.0,4.0,55.0,-132.0
Kasing,Bulldog Esports,NLC,Support,NLC Spring · playoffs,3,0.333,2.64,-146.0,-1.0,55.0,-147.0
uden,Deer Gaming,NLC,Support,NLC Spring · playoffs,10,0.4,4.19,-169.0,-2.0,55.0,-171.0
FredSpaghet,Sørby eSport,NLC,Support,NLC Spring · playoffs,13,0.462,4.0,-240.0,4.0,55.0,-236.0
reje,Bulldog Esports,NLC,ADC,NLC Spring · playoffs,3,0.333,1.93,-243.0,-1.0,55.0,-244.0
Hankat,Myth Esports,ROL,Jungle,NLC Spring · playoffs,10,0.4,1.96,-249.0,-2.0,55.0,-251.0
Ronaldo,Bulldog Esports,NLC,Mid,NLC Spring · playoffs,3,0.333,2.13,-275.0,-1.0,55.0,-276.0
Kakarot,SU Esports,NLC,ADC,NLC Spring · playoffs,10,0.4,2.5,-278.0,-2.0,55.0,-280.0
MadsF,Sørby eSport,NLC,ADC,NLC Spring · playoffs,13,0.462,4.03,-335.0,4.0,55.0,-331.0
Furuy,Verdant,NLC,Mid,NLC Spring · saison régulière,7,0.857,5.94,221.0,0.0,55.0,221.0
Szygenda,Eintracht Frankfurt,PRM,Top,NLC Spring · saison régulière,8,0.5,2.93,171.0,-0.0,55.0,171.0
bobista,Verdant,NLC,Top,NLC Spring · saison régulière,7,0.857,5.0,155.0,0.0,55.0,155.0
Guggu,Verdant,NLC,Support,NLC Spring · saison régulière,7,0.857,5.9,134.0,0.0,55.0,134.0
Mishi,Verdant,NLC,ADC,NLC Spring · saison régulière,7,0.857,6.71,131.0,0.0,55.0,131.0
NoName,Verdant,NLC,Jungle,NLC Spring · saison régulière,7,0.857,6.65,25.0,0.0,55.0,25.0
Nille,Arctic Pandas,NLC,Top,NLC Spring · saison régulière,7,0.571,2.33,21.0,-2.0,55.0,19.0
Simpli,Arctic Pandas,NLC,Mid,NLC Spring · saison régulière,7,0.571,4.94,-9.0,-2.0,55.0,-11.0
Boltox,Arctic Pandas,NLC,Support,NLC Spring · saison régulière,7,0.571,4.09,-16.0,-2.0,55.0,-18.0
KKT,Bulldog Esports,NLC,Jungle,NLC Spring · saison régulière,8,0.5,3.4,-28.0,-0.0,55.0,-28.0
Ag0nyPain,Senshi eSports,ROL,Mid,NLC Spring · saison régulière,7,0.571,3.04,-31.0,-0.0,55.0,-31.0
dibu,Arctic Pandas,NLC,Jungle,NLC Spring · saison régulière,7,0.571,2.55,-30.0,-2.0,55.0,-32.0
kehvo,Arctic Pandas,NLC,ADC,NLC Spring · saison régulière,7,0.571,4.0,-52.0,-2.0,55.0,-54.0
Markus,Senshi eSports,ROL,Jungle,NLC Spring · saison régulière,7,0.571,3.52,-58.0,-0.0,55.0,-58.0
Bust,DMG Esports,NLC,Top,NLC Spring · saison régulière,8,0.375,2.76,-86.0,-1.0,55.0,-87.0
Virtuso,Deer Gaming,NLC,Top,NLC Spring · saison régulière,7,0.571,2.73,-115.0,2.0,55.0,-113.0
Scuffed,Deer Gaming,NLC,Mid,NLC Spring · saison régulière,7,0.571,3.35,-122.0,2.0,55.0,-120.0
Kamito,DMG Esports,NLC,ADC,NLC Spring · saison régulière,8,0.375,2.87,-136.0,-1.0,55.0,-137.0
Kasing,Bulldog Esports,NLC,Support,NLC Spring · saison régulière,8,0.5,4.52,-146.0,-0.0,55.0,-146.0
uden,Deer Gaming,NLC,Support,NLC Spring · saison régulière,7,0.571,6.35,-169.0,2.0,55.0,-167.0
Mansterninja,Lundqvist Lightside,NLC,Top,NLC Spring · saison régulière,7,0.286,1.41,-185.0,0.0,55.0,-185.0
FredSpaghet,Sørby eSport,NLC,Support,NLC Spring · saison régulière,7,0.571,4.22,-240.0,-0.0,55.0,-240.0
reje,Bulldog Esports,NLC,ADC,NLC Spring · saison régulière,8,0.5,2.58,-243.0,-0.0,55.0,-243.0
CLEARS,Dream Esports,NLC,Jungle,NLC Spring · saison régulière,8,0.375,2.63,-243.0,-1.0,55.0,-244.0
Hankat,Myth Esports,ROL,Jungle,NLC Spring · saison régulière,7,0.571,3.29,-249.0,2.0,55.0,-247.0
Ronaldo,Bulldog Esports,NLC,Mid,NLC Spring · saison régulière,8,0.5,4.74,-275.0,-0.0,55.0,-275.0
Kakarot,SU Esports,NLC,ADC,NLC Spring · saison régulière,7,0.571,2.73,-278.0,2.0,55.0,-276.0
Luis,Dynasty,ROL,Support,NLC Spring · saison régulière,7,0.286,1.56,-289.0,0.0,55.0,-289.0
Unicow,Lundqvist Lightside,NLC,Mid,NLC Spring · saison régulière,7,0.286,2.76,-300.0,0.0,55.0,-300.0
Soul,DMG Esports,NLC,Support,NLC Spring · saison régulière,8,0.375,3.32,-312.0,-1.0,55.0,-313.0
Spiderlair,Lundqvist Lightside,NLC,Jungle,NLC Spring · saison régulière,7,0.286,2.56,-316.0,0.0,55.0,-316.0
Bjoernen,Lundqvist Lightside,NLC,ADC,NLC Spring · saison régulière,7,0.286,3.0,-324.0,0.0,55.0,-324.0
MadsF,Sørby eSport,NLC,ADC,NLC Spring · saison régulière,7,0.571,2.63,-335.0,-0.0,55.0,-335.0
JayJay,Zena Esports,LIT,Mid,NLC Spring · saison régulière,8,0.375,3.46,-367.0,-1.0,55.0,-368.0
Furby,P11 Esports,LIT,Mid,NLC Spring · saison régulière,7,0.286,2.88,-386.0,0.0,55.0,-386.0
Cha0s,Dream Esports,NLC,Top,NLC Spring · saison régulière,7,0.286,1.57,-413.0,0.0,55.0,-413.0
Robocop,Ruddy Corporation,NLC,Top,NLC Summer · saison régulière,20,0.85,5.22,282.0,6.0,55.0,288.0
J3rkie,Ruddy Corporation,NLC,Support,NLC Summer · saison régulière,20,0.85,5.45,219.0,6.0,55.0,225.0
Sayn,Verdant,NLC,Mid,NLC Summer · saison régulière,23,0.739,5.97,181.0,4.0,54.0,185.0
bobista,Verdant,NLC,Top,NLC Summer · saison régulière,23,0.739,4.13,155.0,4.0,54.0,159.0
Guggu,Verdant,NLC,Support,NLC Summer · saison régulière,23,0.739,3.96,134.0,4.0,54.0,138.0
Mishi,Verdant,NLC,ADC,NLC Summer · saison régulière,23,0.739,4.8,131.0,4.0,54.0,135.0
Afriibi,Ruddy Corporation,NLC,ADC,NLC Summer · saison régulière,20,0.85,6.82,109.0,6.0,55.0,115.0
Anonymouss,Ruddy Corporation,NLC,Jungle,NLC Summer · saison régulière,20,0.85,5.33,99.0,6.0,55.0,105.0
Nan0,Ruddy Corporation,NLC,Mid,NLC Summer · saison régulière,20,0.85,6.0,72.0,6.0,55.0,78.0
Mafro,Verdant,NLC,Jungle,NLC Summer · saison régulière,23,0.739,4.35,51.0,4.0,54.0,55.0
Artoria,DMG Esports,NLC,Mid,NLC Summer · saison régulière,14,0.571,4.49,49.0,3.0,55.0,52.0
wittman,Deer Gaming,NLC,ADC,NLC Summer · saison régulière,18,0.611,5.51,18.0,6.0,55.0,24.0
Nille,Arctic Pandas,NLC,Top,NLC Summer · saison régulière,19,0.526,2.89,21.0,2.0,55.0,23.0
Simpli,Arctic Pandas,NLC,Mid,NLC Summer · saison régulière,19,0.526,3.38,-9.0,2.0,55.0,-7.0
Boltox,Arctic Pandas,NLC,Support,NLC Summer · saison régulière,19,0.526,3.31,-16.0,2.0,55.0,-14.0
KKT,Bulldog Esports,NLC,Jungle,NLC Summer · saison régulière,6,0.5,2.29,-28.0,1.0,55.0,-27.0
dibu,Arctic Pandas,NLC,Jungle,NLC Summer · saison régulière,19,0.526,3.64,-30.0,2.0,55.0,-28.0
Mood,Deer Gaming,NLC,Support,NLC Summer · saison régulière,18,0.611,3.41,-51.0,6.0,55.0,-45.0
NuQ,Bulldog Esports,NLC,Top,NLC Summer · saison régulière,19,0.474,2.1,-48.0,-1.0,55.0,-49.0
kehvo,Arctic Pandas,NLC,ADC,NLC Summer · saison régulière,19,0.526,3.37,-52.0,2.0,55.0,-50.0
Nikiyas,Bulldog Esports,NLC,ADC,NLC Summer · saison régulière,19,0.474,3.54,-60.0,-1.0,55.0,-61.0
Bust,DMG Esports,NLC,Top,NLC Summer · saison régulière,14,0.571,3.28,-86.0,3.0,55.0,-83.0
Virtuso,Deer Gaming,NLC,Top,NLC Summer · saison régulière,18,0.611,2.6,-115.0,6.0,55.0,-109.0
Nord,B2U,NLC,Jungle,NLC Summer · saison régulière,12,0.583,4.0,-114.0,3.0,55.0,-111.0
Joki37,Bulldog Esports,NLC,Jungle,NLC Summer · saison régulière,13,0.462,2.31,-110.0,-2.0,55.0,-112.0
Scuffed,Deer Gaming,NLC,Mid,NLC Summer · saison régulière,18,0.611,3.47,-122.0,6.0,55.0,-116.0
Kamito,DMG Esports,NLC,ADC,NLC Summer · saison régulière,14,0.571,4.85,-136.0,3.0,55.0,-133.0
Kasing,Bulldog Esports,NLC,Support,NLC Summer · saison régulière,19,0.474,2.73,-146.0,-1.0,55.0,-147.0
bicas,DMG Esports,NLC,Jungle,NLC Summer · saison régulière,14,0.571,3.6,-167.0,3.0,55.0,-164.0
Akkers,Brod n Friends,NLC,Support,NLC Summer · saison régulière,12,0.5,3.56,-167.0,0.0,55.0,-167.0
Cast,Absolved,NLC,Jungle,NLC Summer · saison régulière,10,0.4,2.62,-171.0,-1.0,55.0,-172.0
MKL,B2U,NLC,ADC,NLC Summer · saison régulière,14,0.5,4.94,-185.0,0.0,55.0,-185.0
Mansterninja,Lundqvist Lightside,NLC,Top,NLC Summer · saison régulière,12,0.417,1.27,-185.0,0.0,55.0,-185.0
Tweek,Brod n Friends,NLC,Jungle,NLC Summer · saison régulière,12,0.5,3.61,-196.0,0.0,55.0,-196.0
Achranos,Brod n Friends,NLC,Mid,NLC Summer · saison régulière,12,0.5,3.7,-202.0,0.0,55.0,-202.0
NoDu,B2U,NLC,Support,NLC Summer · saison régulière,14,0.5,3.1,-210.0,0.0,55.0,-210.0
Berone,Brod n Friends,NLC,Top,NLC Summer · saison régulière,12,0.5,1.7,-219.0,0.0,55.0,-219.0
Syn,Brod n Friends,NLC,ADC,NLC Summer · saison régulière,12,0.5,2.83,-224.0,0.0,55.0,-224.0
Emil2,Absolved,NLC,Mid,NLC Summer · saison régulière,10,0.4,2.4,-225.0,-1.0,55.0,-226.0
1334mat,Lund Esports Organization,NLC,Jungle,NLC Summer · saison régulière,13,0.462,4.09,-232.0,0.0,55.0,-232.0
Bloodlust,Absolved,NLC,ADC,NLC Summer · saison régulière,10,0.4,3.16,-237.0,-1.0,55.0,-238.0
Squiddly,B2U,NLC,Mid,NLC Summer · saison régulière,14,0.5,3.23,-238.0,0.0,55.0,-238.0
belit,Deer Gaming,NLC,Jungle,NLC Summer · saison régulière,18,0.611,3.82,-247.0,6.0,55.0,-241.0
Charm,Lundqvist Lightside,NLC,Support,NLC Summer · saison régulière,12,0.417,2.69,-242.0,0.0,55.0,-242.0
FredSpaghet,Sørby eSport,NLC,Support,NLC Summer · saison régulière,4,0.0,2.31,-240.0,-5.0,55.0,-245.0
krytybu,Volda E-Sport,NLC,Top,NLC Summer · saison régulière,17,0.412,2.6,-255.0,-1.0,55.0,-256.0
Sundax,Volda E-Sport,NLC,Support,NLC Summer · saison régulière,17,0.412,3.04,-269.0,-1.0,55.0,-270.0
Nomi,Volda E-Sport,NLC,ADC,NLC Summer · saison régulière,17,0.412,2.98,-273.0,-1.0,55.0,-274.0
Ronaldo,Bulldog Esports,NLC,Mid,NLC Summer · saison régulière,19,0.474,3.21,-275.0,-1.0,55.0,-276.0
Kaplica,Lund Esports Organization,NLC,Top,NLC Summer · saison régulière,13,0.462,1.95,-280.0,0.0,55.0,-280.0
Valiant,Volda E-Sport,NLC,Mid,NLC Summer · saison régulière,14,0.357,2.08,-299.0,0.0,55.0,-299.0
Unicow,Lundqvist Lightside,NLC,Mid,NLC Summer · saison régulière,12,0.417,2.48,-300.0,0.0,55.0,-300.0
Soul,DMG Esports,NLC,Support,NLC Summer · saison régulière,14,0.571,3.28,-312.0,3.0,55.0,-309.0
Zilax,Lund Esports Organization,NLC,Mid,NLC Summer · saison régulière,13,0.462,1.86,-311.0,0.0,55.0,-311.0
Spiderlair,Lundqvist Lightside,NLC,Jungle,NLC Summer · saison régulière,12,0.417,3.41,-316.0,0.0,55.0,-316.0
Guvez,B2U,NLC,Top,NLC Summer · saison régulière,10,0.5,1.67,-318.0,-0.0,55.0,-318.0
Zuhy,Fortress Esports,ROL,Mid,NLC Summer · saison régulière,2,0.0,0.69,-319.0,-2.0,55.0,-321.0
Bjoernen,Lundqvist Lightside,NLC,ADC,NLC Summer · saison régulière,12,0.417,2.39,-324.0,0.0,55.0,-324.0
MadsF,Sørby eSport,NLC,ADC,NLC Summer · saison régulière,6,0.0,2.0,-335.0,-6.0,55.0,-341.0
Dovendyr,Lund Esports Organization,NLC,Support,NLC Summer · saison régulière,13,0.462,2.96,-419.0,0.0,55.0,-419.0
BunnyBeast,Lund Esports Organization,NLC,ADC,NLC Summer · saison régulière,13,0.462,4.41,-428.0,0.0,55.0,-428.0
Xero,Rich Gang,LIT,Mid,NLC Summer · saison régulière,5,0.2,2.45,-505.0,-3.0,55.0,-508.0
Luke,2 Massive,NLC,Support,NLC Summer · saison régulière,4,0.0,0.71,-556.0,-4.0,55.0,-560.0
Messclick,2 Massive,HLL,ADC,NLC Summer · saison régulière,2,0.0,1.75,-618.0,-2.0,55.0,-620.0
Daskhai,2 Massive,LIT,Mid,NLC Summer · saison régulière,2,0.0,2.6,-693.0,-2.0,55.0,-695.0
Furuy,Verdant,NLC,Mid,NLC Winter · playoffs,9,1.0,6.86,221.0,12.0,55.0,233.0
Leks,ROSSMANN Centaurs,PRM,Top,NLC Winter · playoffs,3,0.0,1.07,174.0,-4.0,55.0,170.0
bobista,Verdant,NLC,Top,NLC Winter · playoffs,9,1.0,5.89,155.0,12.0,55.0,167.0
Guggu,Verdant,NLC,Support,NLC Winter · playoffs,9,1.0,5.63,134.0,12.0,55.0,146.0
Mishi,Verdant,NLC,ADC,NLC Winter · playoffs,9,1.0,6.7,131.0,12.0,55.0,143.0
Mafro,Verdant,NLC,Jungle,NLC Winter · playoffs,9,1.0,7.3,51.0,12.0,55.0,63.0
Nille,Arctic Pandas,NLC,Top,NLC Winter · playoffs,6,0.5,2.57,21.0,-2.0,55.0,19.0
Simpli,Arctic Pandas,NLC,Mid,NLC Winter · playoffs,6,0.5,4.94,-9.0,-2.0,55.0,-11.0
Boltox,Arctic Pandas,NLC,Support,NLC Winter · playoffs,6,0.5,2.92,-16.0,-2.0,55.0,-18.0
dibu,Arctic Pandas,NLC,Jungle,NLC Winter · playoffs,6,0.5,2.44,-30.0,-2.0,55.0,-32.0
kehvo,Arctic Pandas,NLC,ADC,NLC Winter · playoffs,6,0.5,2.92,-52.0,-2.0,55.0,-54.0
Noodle,Crusaders,NLC,Jungle,NLC Winter · playoffs,3,0.0,1.0,-50.0,-4.0,55.0,-54.0
Calmsky,White Dragons,LPLOL,Support,NLC Winter · playoffs,6,0.0,2.07,-87.0,-6.0,55.0,-93.0
Lulas,Esprit Shōnen,LPLOL,Jungle,NLC Winter · playoffs,6,0.0,1.29,-112.0,-6.0,55.0,-118.0
fantomisto,Esprit Shōnen,RL,Mid,NLC Winter · playoffs,6,0.0,1.81,-123.0,-6.0,55.0,-129.0
Faetski,devils.one inStreamly,RL,ADC,NLC Winter · playoffs,6,0.0,1.9,-141.0,-6.0,55.0,-147.0
Kasing,Bulldog Esports,NLC,Support,NLC Winter · playoffs,3,0.0,0.71,-146.0,-4.0,55.0,-150.0
Goldmen,Team Phantasma,HLL,Top,NLC Winter · playoffs,6,0.0,1.83,-151.0,-6.0,55.0,-157.0
Hunt,Bulldog Esports,NLC,Mid,NLC Winter · playoffs,3,0.0,1.0,-160.0,-4.0,55.0,-164.0
Syzyfek,Forsaken,RL,ADC,NLC Winter · playoffs,3,0.0,0.8,-201.0,-4.0,55.0,-205.0
Loki,Cloud9,LCS,Mid,NLC Winter · saison régulière,1,1.0,12.0,532.0,-0.0,55.0,532.0
Yakkey,Vitality.Bee,LFL,ADC,NLC Winter · saison régulière,9,0.556,4.96,382.0,-2.0,55.0,380.0
Furuy,Verdant,NLC,Mid,NLC Winter · saison régulière,9,0.667,6.94,221.0,-6.0,55.0,215.0
Leks,ROSSMANN Centaurs,PRM,Top,NLC Winter · saison régulière,9,0.667,4.83,174.0,5.0,55.0,179.0
bobista,Verdant,NLC,Top,NLC Winter · saison régulière,9,0.667,4.11,155.0,-6.0,55.0,149.0
Guggu,Verdant,NLC,Support,NLC Winter · saison régulière,9,0.667,4.7,134.0,-6.0,55.0,128.0
Mishi,Verdant,NLC,ADC,NLC Winter · saison régulière,9,0.667,4.5,131.0,-6.0,55.0,125.0
Mafro,Verdant,NLC,Jungle,NLC Winter · saison régulière,9,0.667,4.6,51.0,-6.0,55.0,45.0
Nille,Arctic Pandas,NLC,Top,NLC Winter · saison régulière,9,0.889,7.64,21.0,5.0,55.0,26.0
Simpli,Arctic Pandas,NLC,Mid,NLC Winter · saison régulière,9,0.889,8.88,-9.0,5.0,55.0,-4.0
Boltox,Arctic Pandas,NLC,Support,NLC Winter · saison régulière,9,0.889,6.86,-16.0,5.0,55.0,-11.0
dibu,Arctic Pandas,NLC,Jungle,NLC Winter · saison régulière,9,0.889,4.79,-30.0,5.0,55.0,-25.0
Noodle,Crusaders,NLC,Jungle,NLC Winter · saison régulière,9,0.667,5.19,-50.0,5.0,55.0,-45.0
kehvo,Arctic Pandas,NLC,ADC,NLC Winter · saison régulière,9,0.889,5.62,-52.0,5.0,55.0,-47.0
Calmsky,White Dragons,LPLOL,Support,NLC Winter · saison régulière,9,0.778,5.3,-87.0,7.0,55.0,-80.0
Lulas,Esprit Shōnen,LPLOL,Jungle,NLC Winter · saison régulière,9,0.778,6.48,-112.0,7.0,55.0,-105.0
fantomisto,Esprit Shōnen,RL,Mid,NLC Winter · saison régulière,9,0.778,7.22,-123.0,7.0,55.0,-116.0
Virtuso,Deer Gaming,NLC,Top,NLC Winter · saison régulière,9,0.556,1.81,-115.0,-2.0,55.0,-117.0
Scuffed,Deer Gaming,NLC,Mid,NLC Winter · saison régulière,9,0.556,2.36,-122.0,-2.0,55.0,-124.0
Faetski,devils.one inStreamly,RL,ADC,NLC Winter · saison régulière,9,0.778,6.54,-141.0,7.0,55.0,-134.0
RustySniper,The Bandits,NLC,ADC,NLC Winter · saison régulière,8,0.625,2.34,-142.0,3.0,55.0,-139.0
Kasing,Bulldog Esports,NLC,Support,NLC Winter · saison régulière,9,0.667,6.87,-146.0,5.0,55.0,-141.0
Goldmen,Team Phantasma,HLL,Top,NLC Winter · saison régulière,9,0.778,3.81,-151.0,7.0,55.0,-144.0
Hunt,Bulldog Esports,NLC,Mid,NLC Winter · saison régulière,8,0.625,3.96,-160.0,5.0,55.0,-155.0
Cast,Absolved,NLC,Jungle,NLC Winter · saison régulière,8,0.625,1.9,-171.0,3.0,55.0,-168.0
uden,Deer Gaming,NLC,Support,NLC Winter · saison régulière,9,0.556,12.2,-169.0,-2.0,55.0,-171.0
Mansterninja,Lundqvist Lightside,NLC,Top,NLC Winter · saison régulière,7,0.714,2.31,-185.0,5.0,55.0,-180.0
Syzyfek,Forsaken,RL,ADC,NLC Winter · saison régulière,9,0.667,4.54,-201.0,5.0,55.0,-196.0
MathisV,Dynasty,ROL,Mid,NLC Winter · saison régulière,8,0.375,4.52,-202.0,1.0,55.0,-201.0
CLEARS,Dream Esports,NLC,Jungle,NLC Winter · saison régulière,8,0.375,2.21,-243.0,1.0,55.0,-242.0
Soul,DMG Esports,NLC,Support,NLC Winter · saison régulière,8,0.375,1.72,-312.0,1.0,55.0,-311.0
Guvez,B2U,NLC,Top,NLC Winter · saison régulière,1,0.0,0.4,-318.0,-2.0,55.0,-320.0
Furby,P11 Esports,LIT,Mid,NLC Winter · saison régulière,8,0.625,12.0,-386.0,3.0,55.0,-383.0
Royeq,REDPack Esports,NLC,ADC,NLC Winter · saison régulière,7,0.429,3.29,-463.0,2.0,55.0,-461.0
Exile1,SPIKE Syndicate,EBL,Jungle,NLC Winter · saison régulière,8,0.5,1.97,-462.0,-3.0,55.0,-465.0
Painful,mCon esports,ROL,Mid,NLC Winter · saison régulière,4,0.0,0.94,-544.0,-3.0,55.0,-547.0
Luke,2 Massive,NLC,Support,NLC Winter · saison régulière,9,0.222,1.98,-556.0,-2.0,55.0,-558.0
2274,CTBC Flying Oyster Academy,PCS,Support,PCS Spring · saison régulière,13,0.692,3.76,71.0,5.0,55.0,76.0
YSKM,Frank Esports,PCS,Top,PCS Spring · saison régulière,23,0.609,2.69,-27.0,1.0,54.0,-26.0
Tianzhen,SillySilly Gaming,PCS,Jungle,PCS Spring · saison régulière,17,0.647,4.34,-33.0,3.0,55.0,-30.0
kingpo54,Frank Esports,PCS,Support,PCS Spring · saison régulière,23,0.609,4.37,-49.0,1.0,54.0,-48.0
MnM,Frank Esports,PCS,ADC,PCS Spring · saison régulière,23,0.609,4.29,-54.0,1.0,54.0,-53.0
Pretender,Frank Esports,PCS,Mid,PCS Spring · saison régulière,23,0.609,4.79,-67.0,1.0,54.0,-66.0
1116,SillySilly Gaming,PCS,Mid,PCS Spring · saison régulière,11,0.546,3.15,-80.0,2.0,55.0,-78.0
Tracy,CTBC Flying Oyster Academy,PCS,ADC,PCS Spring · saison régulière,13,0.692,2.77,-94.0,5.0,55.0,-89.0
Holo,Frank Esports,PCS,Jungle,PCS Spring · saison régulière,23,0.609,6.0,-92.0,1.0,54.0,-91.0
Hermes,SillySilly Gaming,PCS,ADC,PCS Spring · saison régulière,17,0.647,4.28,-95.0,3.0,55.0,-92.0
Ashlomailma,Shadow Keepers Esports,PCS,Support,PCS Spring · saison régulière,11,0.546,4.02,-98.0,2.0,55.0,-96.0
Xzz,SillySilly Gaming,PCS,Mid,PCS Spring · saison régulière,17,0.647,4.36,-106.0,3.0,55.0,-103.0
Zkai,CTBC Flying Oyster Academy,PCS,Top,PCS Spring · saison régulière,13,0.692,4.21,-123.0,5.0,55.0,-118.0
Yuhe,CTBC Flying Oyster Academy,PCS,Mid,PCS Spring · saison régulière,13,0.692,3.68,-129.0,5.0,55.0,-124.0
Cedric,Shadow Keepers Esports,PCS,Jungle,PCS Spring · saison régulière,11,0.546,3.89,-132.0,2.0,55.0,-130.0
En,SillySilly Gaming,PCS,Support,PCS Spring · saison régulière,17,0.647,3.53,-153.0,3.0,55.0,-150.0
Leaky,CTBC Flying Oyster Academy,PCS,Jungle,PCS Spring · saison régulière,10,0.7,3.13,-158.0,6.0,55.0,-152.0
Hasu7,SillySilly Gaming,PCS,Top,PCS Spring · saison régulière,17,0.647,3.2,-157.0,3.0,55.0,-154.0
Weizhe,Shadow Keepers Esports,PCS,Top,PCS Spring · saison régulière,11,0.546,1.71,-167.0,2.0,55.0,-165.0
Listo,Dplus Kia Academy,LAS,Jungle,PCS Spring · saison régulière,6,0.333,3.12,-196.0,-1.0,55.0,-197.0
Prage,Sponge Gaming,PCS,ADC,PCS Spring · saison régulière,11,0.546,3.92,-231.0,2.0,55.0,-229.0
BuLuKaKa,Reignfall,PCS,Mid,PCS Spring · saison régulière,6,0.333,3.0,-324.0,-1.0,55.0,-325.0
MadDogg9,Reignfall,PCS,ADC,PCS Spring · saison régulière,6,0.333,2.53,-418.0,-1.0,55.0,-419.0
Zoey,Embrace Whatever Happens,PCS,Mid,PCS Spring · saison régulière,4,0.0,0.67,-544.0,-3.0,55.0,-547.0
RenYe,Sponge Gaming,PCS,Jungle,PCS Spring · saison régulière,4,0.0,3.06,-545.0,-5.0,55.0,-550.0
Lucifer,Embrace Whatever Happens,PCS,ADC,PCS Spring · saison régulière,4,0.0,0.86,-550.0,-3.0,55.0,-553.0
Adizai,Sponge Gaming,PCS,Top,PCS Spring · saison régulière,4,0.0,1.71,-555.0,-5.0,55.0,-560.0
yaoyao,SillySilly Gaming,PCS,Support,PCS Summer · saison régulière,15,0.667,5.68,218.0,1.0,55.0,219.0
2274,CTBC Flying Oyster Academy,PCS,Support,PCS Summer · saison régulière,16,0.625,3.92,71.0,5.0,55.0,76.0
YSKM,Frank Esports,PCS,Top,PCS Summer · saison régulière,12,0.667,3.53,-27.0,5.0,55.0,-22.0
Tianzhen,SillySilly Gaming,PCS,Jungle,PCS Summer · saison régulière,15,0.667,5.46,-33.0,1.0,55.0,-32.0
kingpo54,Frank Esports,PCS,Support,PCS Summer · saison régulière,12,0.667,5.31,-49.0,5.0,55.0,-44.0
MnM,Frank Esports,PCS,ADC,PCS Summer · saison régulière,12,0.667,5.86,-54.0,5.0,55.0,-49.0
Pretender,Frank Esports,PCS,Mid,PCS Summer · saison régulière,12,0.667,3.88,-67.0,5.0,55.0,-62.0
1116,SillySilly Gaming,PCS,Mid,PCS Summer · saison régulière,15,0.667,4.88,-80.0,1.0,55.0,-79.0
Holo,Frank Esports,PCS,Jungle,PCS Summer · saison régulière,12,0.667,5.52,-92.0,5.0,55.0,-87.0
Tracy,CTBC Flying Oyster Academy,PCS,ADC,PCS Summer · saison régulière,16,0.625,4.14,-94.0,5.0,55.0,-89.0
Zkai,CTBC Flying Oyster Academy,PCS,Top,PCS Summer · saison régulière,16,0.625,3.87,-123.0,5.0,55.0,-118.0
Yuhe,CTBC Flying Oyster Academy,PCS,Mid,PCS Summer · saison régulière,16,0.625,4.71,-129.0,5.0,55.0,-124.0
Wako,SillySilly Gaming,PCS,ADC,PCS Summer · saison régulière,15,0.667,6.31,-153.0,1.0,55.0,-152.0
Leaky,CTBC Flying Oyster Academy,PCS,Jungle,PCS Summer · saison régulière,16,0.625,3.25,-158.0,5.0,55.0,-153.0
Driver,SillySilly Gaming,PCS,Top,PCS Summer · saison régulière,15,0.667,3.36,-211.0,1.0,55.0,-210.0
Prage,Sponge Gaming,PCS,ADC,PCS Summer · saison régulière,2,0.0,1.0,-231.0,-2.0,55.0,-233.0
Goldc,Reignfall,PCS,Top,PCS Summer · saison régulière,11,0.364,2.42,-309.0,1.0,55.0,-308.0
BuLuKaKa,Reignfall,PCS,Mid,PCS Summer · saison régulière,11,0.364,2.94,-324.0,1.0,55.0,-323.0
Liang,Reignfall,PCS,Jungle,PCS Summer · saison régulière,11,0.364,2.31,-392.0,1.0,55.0,-391.0
OverT1me,Reignfall,PCS,Support,PCS Summer · saison régulière,11,0.364,1.78,-392.0,1.0,55.0,-391.0
MadDogg9,Reignfall,PCS,ADC,PCS Summer · saison régulière,11,0.364,2.71,-418.0,1.0,55.0,-417.0
Zoey,Embrace Whatever Happens,PCS,Mid,PCS Summer · saison régulière,7,0.429,1.96,-544.0,-2.0,55.0,-546.0
RenYe,Sponge Gaming,PCS,Jungle,PCS Summer · saison régulière,6,0.333,2.35,-545.0,-1.0,55.0,-546.0
Lucifer,Embrace Whatever Happens,PCS,ADC,PCS Summer · saison régulière,7,0.429,3.1,-550.0,-2.0,55.0,-552.0
Adizai,Sponge Gaming,PCS,Top,PCS Summer · saison régulière,6,0.333,1.61,-555.0,-1.0,55.0,-556.0
Habubu,Berlin International Gaming,PRM,Jungle,PRM Spring · playoffs,12,0.417,2.71,514.0,-8.0,55.0,506.0
Markoon,G2 NORD,PRM,Jungle,PRM Spring · playoffs,26,0.654,6.46,438.0,8.0,54.0,446.0
Shelfmade,G2 NORD,PRM,Top,PRM Spring · playoffs,26,0.654,3.74,426.0,8.0,54.0,434.0
Rin,G2 NORD,PRM,ADC,PRM Spring · playoffs,26,0.654,3.69,421.0,8.0,54.0,429.0
Toasty,G2 NORD,PRM,Mid,PRM Spring · playoffs,26,0.654,3.71,409.0,8.0,54.0,417.0
Irrelevant,Berlin International Gaming,PRM,Top,PRM Spring · playoffs,27,0.482,2.08,425.0,-9.0,54.0,416.0
Reeker,Berlin International Gaming,PRM,Mid,PRM Spring · playoffs,27,0.482,2.99,405.0,-9.0,54.0,396.0
Tockimo,G2 NORD,PRM,Support,PRM Spring · playoffs,26,0.654,3.13,384.0,8.0,54.0,392.0
zorenous,TeamOrangeGaming,PRM,Top,PRM Spring · playoffs,4,0.25,1.93,385.0,-1.0,55.0,384.0
Boda,Kaufland Hangry Knights,PRM,Top,PRM Spring · playoffs,12,0.583,4.55,379.0,5.0,55.0,384.0
113,Berlin International Gaming,PRM,Jungle,PRM Spring · playoffs,19,0.579,3.16,382.0,0.0,55.0,382.0
Kaiser,Berlin International Gaming,PRM,Support,PRM Spring · playoffs,23,0.435,2.99,387.0,-10.0,54.0,377.0
PowerOfEvil,Eintracht Spandau,PRM,Mid,PRM Spring · playoffs,16,0.438,3.56,366.0,1.0,55.0,367.0
Doss,Kaufland Hangry Knights,PRM,Support,PRM Spring · playoffs,12,0.583,3.86,336.0,5.0,55.0,341.0
Hazel,ROSSMANN Centaurs,PRM,ADC,PRM Spring · playoffs,4,0.25,2.71,338.0,0.0,55.0,338.0
seaz,Eintracht Spandau,PRM,Support,PRM Spring · playoffs,16,0.438,3.98,334.0,1.0,55.0,335.0
JNX,Eintracht Spandau,PRM,Top,PRM Spring · playoffs,16,0.438,2.11,331.0,1.0,55.0,332.0
UNF0RGIVEN,Kaufland Hangry Knights,PRM,ADC,PRM Spring · playoffs,12,0.583,4.75,317.0,5.0,55.0,322.0
DenVoksne,Unicorns of Love Sexy Edition,PRM,ADC,PRM Spring · playoffs,16,0.375,2.01,316.0,-7.0,55.0,309.0
Keduii,Joblife,PRM,ADC,PRM Spring · playoffs,8,0.625,5.18,288.0,8.0,55.0,296.0
Fun K3y,Eintracht Spandau,PRM,ADC,PRM Spring · playoffs,8,0.25,2.03,293.0,-6.0,55.0,287.0
Twiizt,Unicorns of Love Sexy Edition,PRM,Support,PRM Spring · playoffs,16,0.375,4.87,294.0,-7.0,55.0,287.0
RoyalKanin,Unicorns of Love Sexy Edition,PRM,Mid,PRM Spring · playoffs,16,0.375,2.65,288.0,-7.0,55.0,281.0
White,Unicorns of Love Sexy Edition,PRM,Jungle,PRM Spring · playoffs,16,0.375,2.84,268.0,-7.0,55.0,261.0
Xagog,Eintracht Spandau,PRM,Jungle,PRM Spring · playoffs,16,0.438,2.37,245.0,1.0,55.0,246.0
Fornoreason,Unicorns of Love Sexy Edition,PRM,Top,PRM Spring · playoffs,16,0.375,1.49,250.0,-7.0,55.0,243.0
Vizicsacsi,E WIE EINFACH E-SPORTS,PRM,Top,PRM Spring · playoffs,11,0.546,3.42,239.0,2.0,55.0,241.0
Ryuk,TeamOrangeGaming,PRM,ADC,PRM Spring · playoffs,4,0.25,2.54,233.0,-1.0,55.0,232.0
SAJATOR,TeamOrangeGaming,PRM,Mid,PRM Spring · playoffs,4,0.25,2.46,233.0,-1.0,55.0,232.0
Lilipp,TeamOrangeGaming,PRM,Support,PRM Spring · playoffs,4,0.25,4.0,228.0,-1.0,55.0,227.0
Relative,E WIE EINFACH E-SPORTS,PRM,Mid,PRM Spring · playoffs,11,0.546,3.79,206.0,2.0,55.0,208.0
Afroboi,E WIE EINFACH E-SPORTS,PRM,Jungle,PRM Spring · playoffs,11,0.546,3.42,199.0,2.0,55.0,201.0
Patrik,Berlin International Gaming,PRM,ADC,PRM Spring · playoffs,27,0.482,2.8,206.0,-9.0,54.0,197.0
Woldjo,TeamOrangeGaming,PRM,Jungle,PRM Spring · playoffs,4,0.25,3.7,189.0,-1.0,55.0,188.0
Noz2k,E WIE EINFACH E-SPORTS,PRM,ADC,PRM Spring · playoffs,11,0.546,3.41,182.0,2.0,55.0,184.0
Leks,ROSSMANN Centaurs,PRM,Top,PRM Spring · playoffs,4,0.25,2.27,174.0,0.0,55.0,174.0
Wildenbruch,E WIE EINFACH E-SPORTS,PRM,Support,PRM Spring · playoffs,11,0.546,2.92,166.0,2.0,55.0,168.0
Densi,Kaufland Hangry Knights,PRM,Jungle,PRM Spring · playoffs,12,0.583,3.39,140.0,5.0,55.0,145.0
jokaa,ROSSMANN Centaurs,PRM,Jungle,PRM Spring · playoffs,4,0.25,2.5,97.0,0.0,55.0,97.0
Infoneral,ROSSMANN Centaurs,PRM,Support,PRM Spring · playoffs,4,0.25,2.09,86.0,0.0,55.0,86.0
Abbedagge,Kaufland Hangry Knights,PRM,Mid,PRM Spring · playoffs,12,0.583,3.63,74.0,5.0,55.0,79.0
Fooneses,ROSSMANN Centaurs,PRM,Mid,PRM Spring · playoffs,4,0.25,3.07,3.0,0.0,55.0,3.0
Habubu,Berlin International Gaming,PRM,Jungle,PRM Spring · saison régulière,19,0.842,4.03,514.0,4.0,55.0,518.0
Markoon,G2 NORD,PRM,Jungle,PRM Spring · saison régulière,18,0.667,5.85,438.0,-3.0,55.0,435.0
Irrelevant,Berlin International Gaming,PRM,Top,PRM Spring · saison régulière,19,0.842,3.64,425.0,4.0,55.0,429.0
Shelfmade,G2 NORD,PRM,Top,PRM Spring · saison régulière,18,0.667,3.31,426.0,-3.0,55.0,423.0
Rin,G2 NORD,PRM,ADC,PRM Spring · saison régulière,18,0.667,4.41,421.0,-3.0,55.0,418.0
Reeker,Berlin International Gaming,PRM,Mid,PRM Spring · saison régulière,19,0.842,4.21,405.0,4.0,55.0,409.0
Toasty,G2 NORD,PRM,Mid,PRM Spring · saison régulière,18,0.667,6.11,409.0,-3.0,55.0,406.0
zorenous,TeamOrangeGaming,PRM,Top,PRM Spring · saison régulière,19,0.684,3.11,385.0,12.0,55.0,397.0
Kaiser,Berlin International Gaming,PRM,Support,PRM Spring · saison régulière,19,0.842,6.95,387.0,4.0,55.0,391.0
Tockimo,G2 NORD,PRM,Support,PRM Spring · saison régulière,18,0.667,3.7,384.0,-3.0,55.0,381.0
PowerOfEvil,Eintracht Spandau,PRM,Mid,PRM Spring · saison régulière,17,0.882,8.36,366.0,8.0,55.0,374.0
seaz,Eintracht Spandau,PRM,Support,PRM Spring · saison régulière,17,0.882,4.52,334.0,8.0,55.0,342.0
JNX,Eintracht Spandau,PRM,Top,PRM Spring · saison régulière,17,0.882,5.59,331.0,8.0,55.0,339.0
UNF0RGIVEN,Kaufland Hangry Knights,PRM,ADC,PRM Spring · saison régulière,10,0.4,3.86,317.0,1.0,55.0,318.0
DenVoksne,Unicorns of Love Sexy Edition,PRM,ADC,PRM Spring · saison régulière,19,0.579,2.72,316.0,-5.0,55.0,311.0
Keduii,Joblife,PRM,ADC,PRM Spring · saison régulière,17,0.882,3.85,288.0,8.0,55.0,296.0
Twiizt,Unicorns of Love Sexy Edition,PRM,Support,PRM Spring · saison régulière,16,0.562,4.62,294.0,-6.0,55.0,288.0
RoyalKanin,Unicorns of Love Sexy Edition,PRM,Mid,PRM Spring · saison régulière,19,0.579,3.16,288.0,-5.0,55.0,283.0
White,Unicorns of Love Sexy Edition,PRM,Jungle,PRM Spring · saison régulière,19,0.579,2.86,268.0,-5.0,55.0,263.0
Xagog,Eintracht Spandau,PRM,Jungle,PRM Spring · saison régulière,17,0.882,2.69,245.0,8.0,55.0,253.0
Ryuk,TeamOrangeGaming,PRM,ADC,PRM Spring · saison régulière,19,0.684,5.28,233.0,12.0,55.0,245.0
Fornoreason,Unicorns of Love Sexy Edition,PRM,Top,PRM Spring · saison régulière,19,0.579,1.29,250.0,-5.0,55.0,245.0
SAJATOR,TeamOrangeGaming,PRM,Mid,PRM Spring · saison régulière,19,0.684,5.11,233.0,12.0,55.0,245.0
Vizicsacsi,E WIE EINFACH E-SPORTS,PRM,Top,PRM Spring · saison régulière,19,0.579,2.64,239.0,6.0,55.0,245.0
Lilipp,TeamOrangeGaming,PRM,Support,PRM Spring · saison régulière,19,0.684,4.61,228.0,12.0,55.0,240.0
Notiko,Eintracht Frankfurt,PRM,ADC,PRM Spring · saison régulière,17,0.235,2.25,228.0,-6.0,55.0,222.0
Relative,E WIE EINFACH E-SPORTS,PRM,Mid,PRM Spring · saison régulière,19,0.579,4.38,206.0,6.0,55.0,212.0
Patrik,Berlin International Gaming,PRM,ADC,PRM Spring · saison régulière,19,0.842,4.94,206.0,4.0,55.0,210.0
Afroboi,E WIE EINFACH E-SPORTS,PRM,Jungle,PRM Spring · saison régulière,19,0.579,3.78,199.0,6.0,55.0,205.0
Woldjo,TeamOrangeGaming,PRM,Jungle,PRM Spring · saison régulière,19,0.684,4.37,189.0,12.0,55.0,201.0
Noz2k,E WIE EINFACH E-SPORTS,PRM,ADC,PRM Spring · saison régulière,19,0.579,4.9,182.0,6.0,55.0,188.0
Wildenbruch,E WIE EINFACH E-SPORTS,PRM,Support,PRM Spring · saison régulière,19,0.579,2.81,166.0,6.0,55.0,172.0
Exofeng,Skillcamp,LFL,ADC,PRM Spring · saison régulière,9,0.222,2.96,159.0,-7.0,55.0,152.0
Densi,Kaufland Hangry Knights,PRM,Jungle,PRM Spring · saison régulière,16,0.375,2.57,140.0,-2.0,55.0,138.0
Farfetch,Eintracht Frankfurt,PRM,Support,PRM Spring · saison régulière,17,0.235,2.64,144.0,-6.0,55.0,138.0
Lurox,Team Heretics Academy,LES,Jungle,PRM Spring · saison régulière,3,0.0,1.64,133.0,-4.0,55.0,129.0
Sencux,Eintracht Frankfurt,PRM,Mid,PRM Spring · saison régulière,17,0.235,2.95,110.0,-6.0,55.0,104.0
Seneca,BAAM Esports,AL,Support,PRM Spring · saison régulière,3,0.667,5.14,73.0,1.0,55.0,74.0
Abbedagge,Kaufland Hangry Knights,PRM,Mid,PRM Spring · saison régulière,19,0.316,2.95,74.0,-6.0,55.0,68.0
D4nKa,Eintracht Frankfurt,PRM,Jungle,PRM Spring · saison régulière,17,0.235,2.41,52.0,-6.0,55.0,46.0
Tazaku,VfB eSports,PRM,ADC,PRM Spring · saison régulière,18,0.167,1.76,29.0,-7.0,55.0,22.0
Jakobobbi,VfB eSports,PRM,Support,PRM Spring · saison régulière,18,0.167,1.7,25.0,-7.0,55.0,18.0
Sven,VfB eSports,PRM,Top,PRM Spring · saison régulière,18,0.167,1.23,16.0,-7.0,55.0,9.0
Fooneses,ROSSMANN Centaurs,PRM,Mid,PRM Spring · saison régulière,17,0.0,1.74,3.0,-3.0,55.0,0.0
Pyrka,Kaufland Hangry Knights,PRM,Support,PRM Spring · saison régulière,19,0.316,3.33,-15.0,-6.0,55.0,-21.0
Venour,Kaufland Hangry Knights,PRM,Top,PRM Spring · saison régulière,19,0.316,1.77,-36.0,-6.0,55.0,-42.0
ZWICKL,VfB eSports,PRM,Jungle,PRM Spring · saison régulière,18,0.167,1.5,-42.0,-7.0,55.0,-49.0
Luke,VfB eSports,PRM,Mid,PRM Spring · saison régulière,18,0.167,1.3,-76.0,-7.0,55.0,-83.0
Mietek,WLGaming Esports,HLL,Top,PRM Spring · saison régulière,17,0.235,1.57,-150.0,-6.0,55.0,-156.0
Pasu,ROSSMANN Centaurs,PRM,Jungle,PRM Spring · saison régulière,17,0.0,1.29,-161.0,-3.0,55.0,-164.0
Devn,Eintracht Frankfurt,PRM,ADC,PRM Spring · saison régulière,17,0.0,1.48,-248.0,-3.0,55.0,-251.0
CPM,3BL Esports,AL,Top,PRM Spring · saison régulière,17,0.0,1.4,-291.0,-3.0,55.0,-294.0
Smarty,Otter Side,LPLOL,Support,PRM Spring · saison régulière,17,0.0,1.27,-374.0,-3.0,55.0,-377.0
Habubu,Berlin International Gaming,PRM,Jungle,PRM Summer · saison régulière,20,0.7,4.03,514.0,-6.0,55.0,508.0
Markoon,G2 NORD,PRM,Jungle,PRM Summer · saison régulière,19,0.737,7.68,438.0,6.0,55.0,444.0
Shelfmade,G2 NORD,PRM,Top,PRM Summer · saison régulière,19,0.737,4.02,426.0,6.0,55.0,432.0
Rin,G2 NORD,PRM,ADC,PRM Summer · saison régulière,19,0.737,4.67,421.0,6.0,55.0,427.0
Irrelevant,Berlin International Gaming,PRM,Top,PRM Summer · saison régulière,20,0.7,3.36,425.0,-6.0,55.0,419.0
Toasty,G2 NORD,PRM,Mid,PRM Summer · saison régulière,19,0.737,4.77,409.0,6.0,55.0,415.0
Reeker,Berlin International Gaming,PRM,Mid,PRM Summer · saison régulière,20,0.7,4.17,405.0,-6.0,55.0,399.0
Tockimo,G2 NORD,PRM,Support,PRM Summer · saison régulière,19,0.737,3.16,384.0,6.0,55.0,390.0
zorenous,TeamOrangeGaming,PRM,Top,PRM Summer · saison régulière,9,0.333,2.16,385.0,-4.0,55.0,381.0
Kaiser,Berlin International Gaming,PRM,Support,PRM Summer · saison régulière,20,0.7,4.04,387.0,-6.0,55.0,381.0
Boda,Kaufland Hangry Knights,PRM,Top,PRM Summer · saison régulière,20,0.45,2.47,379.0,-6.0,55.0,373.0
PowerOfEvil,Eintracht Spandau,PRM,Mid,PRM Summer · saison régulière,20,0.55,4.91,366.0,0.0,55.0,366.0
Hazel,ROSSMANN Centaurs,PRM,ADC,PRM Summer · saison régulière,22,0.546,4.05,338.0,8.0,54.0,346.0
seaz,Eintracht Spandau,PRM,Support,PRM Summer · saison régulière,20,0.55,2.92,334.0,0.0,55.0,334.0
JNX,Eintracht Spandau,PRM,Top,PRM Summer · saison régulière,20,0.55,2.78,331.0,0.0,55.0,331.0
Doss,Kaufland Hangry Knights,PRM,Support,PRM Summer · saison régulière,20,0.45,3.42,336.0,-6.0,55.0,330.0
DenVoksne,Unicorns of Love Sexy Edition,PRM,ADC,PRM Summer · saison régulière,19,0.737,3.41,316.0,10.0,55.0,326.0
UNF0RGIVEN,Kaufland Hangry Knights,PRM,ADC,PRM Summer · saison régulière,20,0.45,4.57,317.0,-6.0,55.0,311.0
Twiizt,Unicorns of Love Sexy Edition,PRM,Support,PRM Summer · saison régulière,19,0.737,5.62,294.0,10.0,55.0,304.0
RoyalKanin,Unicorns of Love Sexy Edition,PRM,Mid,PRM Summer · saison régulière,19,0.737,3.7,288.0,10.0,55.0,298.0
Fun K3y,Eintracht Spandau,PRM,ADC,PRM Summer · saison régulière,20,0.55,4.17,293.0,0.0,55.0,293.0
White,Unicorns of Love Sexy Edition,PRM,Jungle,PRM Summer · saison régulière,19,0.737,4.08,268.0,10.0,55.0,278.0
Fornoreason,Unicorns of Love Sexy Edition,PRM,Top,PRM Summer · saison régulière,19,0.737,2.85,250.0,10.0,55.0,260.0
Xagog,Eintracht Spandau,PRM,Jungle,PRM Summer · saison régulière,20,0.55,3.16,245.0,0.0,55.0,245.0
Vizicsacsi,E WIE EINFACH E-SPORTS,PRM,Top,PRM Summer · saison régulière,24,0.5,2.79,239.0,-2.0,54.0,237.0
Ryuk,TeamOrangeGaming,PRM,ADC,PRM Summer · saison régulière,19,0.316,3.66,233.0,-10.0,55.0,223.0
SAJATOR,TeamOrangeGaming,PRM,Mid,PRM Summer · saison régulière,19,0.316,2.75,233.0,-10.0,55.0,223.0
Lilipp,TeamOrangeGaming,PRM,Support,PRM Summer · saison régulière,19,0.316,2.86,228.0,-10.0,55.0,218.0
Relative,E WIE EINFACH E-SPORTS,PRM,Mid,PRM Summer · saison régulière,24,0.5,4.24,206.0,-2.0,54.0,204.0
Patrik,Berlin International Gaming,PRM,ADC,PRM Summer · saison régulière,20,0.7,4.57,206.0,-6.0,55.0,200.0
Afroboi,E WIE EINFACH E-SPORTS,PRM,Jungle,PRM Summer · saison régulière,24,0.5,3.47,199.0,-2.0,54.0,197.0
Noz2k,E WIE EINFACH E-SPORTS,PRM,ADC,PRM Summer · saison régulière,19,0.474,3.71,182.0,-3.0,55.0,179.0
Woldjo,TeamOrangeGaming,PRM,Jungle,PRM Summer · saison régulière,19,0.316,3.26,189.0,-10.0,55.0,179.0
Leks,ROSSMANN Centaurs,PRM,Top,PRM Summer · saison régulière,19,0.474,2.78,174.0,1.0,55.0,175.0
Wildenbruch,E WIE EINFACH E-SPORTS,PRM,Support,PRM Summer · saison régulière,24,0.5,2.41,166.0,-2.0,54.0,164.0
c0st0m,ROSSMANN Centaurs,PRM,Mid,PRM Summer · saison régulière,22,0.546,3.49,132.0,8.0,54.0,140.0
Densi,Kaufland Hangry Knights,PRM,Jungle,PRM Summer · saison régulière,20,0.45,2.86,140.0,-6.0,55.0,134.0
Afriibi,Ruddy Corporation,NLC,ADC,PRM Summer · saison régulière,3,0.667,3.17,109.0,2.0,55.0,111.0
Sencux,Eintracht Frankfurt,PRM,Mid,PRM Summer · saison régulière,19,0.158,2.51,110.0,-5.0,55.0,105.0
jokaa,ROSSMANN Centaurs,PRM,Jungle,PRM Summer · saison régulière,22,0.546,3.22,97.0,8.0,54.0,105.0
Infoneral,ROSSMANN Centaurs,PRM,Support,PRM Summer · saison régulière,22,0.546,3.51,86.0,8.0,54.0,94.0
Abbedagge,Kaufland Hangry Knights,PRM,Mid,PRM Summer · saison régulière,20,0.45,3.23,74.0,-6.0,55.0,68.0
D4nKa,Eintracht Frankfurt,PRM,Jungle,PRM Summer · saison régulière,19,0.158,1.59,52.0,-5.0,55.0,47.0
Tazaku,VfB eSports,PRM,ADC,PRM Summer · saison régulière,18,0.278,2.68,29.0,5.0,55.0,34.0
Jakobobbi,VfB eSports,PRM,Support,PRM Summer · saison régulière,18,0.278,2.3,25.0,5.0,55.0,30.0
Sven,VfB eSports,PRM,Top,PRM Summer · saison régulière,18,0.278,1.66,16.0,5.0,55.0,21.0
Richu,Eintracht Frankfurt,PRM,Support,PRM Summer · saison régulière,19,0.158,1.43,22.0,-5.0,55.0,17.0
Fooneses,ROSSMANN Centaurs,PRM,Mid,PRM Summer · saison régulière,3,1.0,3.2,3.0,6.0,55.0,9.0
Addusto,Eintracht Frankfurt,PRM,Top,PRM Summer · saison régulière,19,0.158,1.27,-24.0,-5.0,55.0,-29.0
WhiteKnight,TeamOrangeGaming,PRM,Top,PRM Summer · saison régulière,10,0.3,1.36,-29.0,-6.0,55.0,-35.0
ZWICKL,VfB eSports,PRM,Jungle,PRM Summer · saison régulière,18,0.278,2.42,-42.0,5.0,55.0,-37.0
Luke,VfB eSports,PRM,Mid,PRM Summer · saison régulière,18,0.278,1.2,-76.0,5.0,55.0,-71.0
Devn,Eintracht Frankfurt,PRM,ADC,PRM Summer · saison régulière,19,0.158,2.25,-248.0,-5.0,55.0,-253.0
Habubu,Berlin International Gaming,PRM,Jungle,PRM Winter · saison régulière,15,0.733,4.82,514.0,6.0,55.0,520.0
Markoon,G2 NORD,PRM,Jungle,PRM Winter · saison régulière,15,0.6,4.93,438.0,-6.0,55.0,432.0
Irrelevant,Berlin International Gaming,PRM,Top,PRM Winter · saison régulière,15,0.733,4.33,425.0,6.0,55.0,431.0
Shelfmade,G2 NORD,PRM,Top,PRM Winter · saison régulière,15,0.6,3.1,426.0,-6.0,55.0,420.0
Rin,G2 NORD,PRM,ADC,PRM Winter · saison régulière,15,0.6,3.62,421.0,-6.0,55.0,415.0
Reeker,Berlin International Gaming,PRM,Mid,PRM Winter · saison régulière,15,0.733,4.49,405.0,6.0,55.0,411.0
Toasty,G2 NORD,PRM,Mid,PRM Winter · saison régulière,15,0.6,4.65,409.0,-6.0,55.0,403.0
Kaiser,Berlin International Gaming,PRM,Support,PRM Winter · saison régulière,15,0.733,5.48,387.0,6.0,55.0,393.0
zorenous,TeamOrangeGaming,PRM,Top,PRM Winter · saison régulière,4,0.25,1.44,385.0,-1.0,55.0,384.0
Tockimo,G2 NORD,PRM,Support,PRM Winter · saison régulière,15,0.6,2.64,384.0,-6.0,55.0,378.0
PowerOfEvil,Eintracht Spandau,PRM,Mid,PRM Winter · saison régulière,16,0.562,5.38,366.0,-1.0,55.0,365.0
seaz,Eintracht Spandau,PRM,Support,PRM Winter · saison régulière,16,0.562,3.29,334.0,-1.0,55.0,333.0
JNX,Eintracht Spandau,PRM,Top,PRM Winter · saison régulière,16,0.562,3.03,331.0,-1.0,55.0,330.0
DenVoksne,Unicorns of Love Sexy Edition,PRM,ADC,PRM Winter · saison régulière,15,0.6,4.16,316.0,6.0,55.0,322.0
Twiizt,Unicorns of Love Sexy Edition,PRM,Support,PRM Winter · saison régulière,15,0.6,4.82,294.0,6.0,55.0,300.0
Fun K3y,Eintracht Spandau,PRM,ADC,PRM Winter · saison régulière,15,0.733,3.49,293.0,6.0,55.0,299.0
RoyalKanin,Unicorns of Love Sexy Edition,PRM,Mid,PRM Winter · saison régulière,15,0.6,3.56,288.0,6.0,55.0,294.0
Keduii,Joblife,PRM,ADC,PRM Winter · saison régulière,16,0.562,2.96,288.0,-1.0,55.0,287.0
White,Unicorns of Love Sexy Edition,PRM,Jungle,PRM Winter · saison régulière,15,0.6,3.84,268.0,6.0,55.0,274.0
Fornoreason,Unicorns of Love Sexy Edition,PRM,Top,PRM Winter · saison régulière,15,0.6,2.36,250.0,6.0,55.0,256.0
Xagog,Eintracht Spandau,PRM,Jungle,PRM Winter · saison régulière,16,0.562,2.06,245.0,-1.0,55.0,244.0
Vizicsacsi,E WIE EINFACH E-SPORTS,PRM,Top,PRM Winter · saison régulière,9,0.333,2.0,239.0,-6.0,55.0,233.0
Notiko,Eintracht Frankfurt,PRM,ADC,PRM Winter · saison régulière,9,0.444,3.16,228.0,4.0,55.0,232.0
Ryuk,TeamOrangeGaming,PRM,ADC,PRM Winter · saison régulière,6,0.333,4.06,233.0,-3.0,55.0,230.0
SAJATOR,TeamOrangeGaming,PRM,Mid,PRM Winter · saison régulière,6,0.333,2.9,233.0,-3.0,55.0,230.0
Lilipp,TeamOrangeGaming,PRM,Support,PRM Winter · saison régulière,6,0.333,3.26,228.0,-3.0,55.0,225.0
Relative,E WIE EINFACH E-SPORTS,PRM,Mid,PRM Winter · saison régulière,9,0.333,1.88,206.0,-6.0,55.0,200.0
Afroboi,E WIE EINFACH E-SPORTS,PRM,Jungle,PRM Winter · saison régulière,9,0.333,2.86,199.0,-6.0,55.0,193.0
Woldjo,TeamOrangeGaming,PRM,Jungle,PRM Winter · saison régulière,6,0.333,2.48,189.0,-3.0,55.0,186.0
Noz2k,E WIE EINFACH E-SPORTS,PRM,ADC,PRM Winter · saison régulière,9,0.333,2.72,182.0,-6.0,55.0,176.0
Exofeng,Skillcamp,LFL,ADC,PRM Winter · saison régulière,7,0.429,4.23,159.0,3.0,55.0,162.0
Wildenbruch,E WIE EINFACH E-SPORTS,PRM,Support,PRM Winter · saison régulière,9,0.333,2.39,166.0,-6.0,55.0,160.0
Farfetch,Eintracht Frankfurt,PRM,Support,PRM Winter · saison régulière,9,0.444,2.02,144.0,4.0,55.0,148.0
Lurox,Team Heretics Academy,LES,Jungle,PRM Winter · saison régulière,7,0.429,2.16,133.0,3.0,55.0,136.0
Sencux,Eintracht Frankfurt,PRM,Mid,PRM Winter · saison régulière,9,0.444,3.95,110.0,4.0,55.0,114.0
Abbedagge,Kaufland Hangry Knights,PRM,Mid,PRM Winter · saison régulière,7,0.429,4.29,74.0,3.0,55.0,77.0
Urban,A One Man Army Prime,PRM,Support,PRM Winter · saison régulière,6,0.167,2.79,71.0,-4.0,55.0,67.0
D4nKa,Eintracht Frankfurt,PRM,Jungle,PRM Winter · saison régulière,9,0.444,3.86,52.0,4.0,55.0,56.0
Dome,A One Man Army Prime,PRM,Jungle,PRM Winter · saison régulière,6,0.167,1.62,60.0,-4.0,55.0,56.0
Xay,A One Man Army Prime,PRM,ADC,PRM Winter · saison régulière,6,0.167,2.35,54.0,-4.0,55.0,50.0
Artoria,DMG Esports,NLC,Mid,PRM Winter · saison régulière,6,0.167,1.86,49.0,-4.0,55.0,45.0
Smurfe,Frites Esports Club,HLL,Top,PRM Winter · saison régulière,6,0.167,2.24,35.0,-4.0,55.0,31.0
Fooneses,ROSSMANN Centaurs,PRM,Mid,PRM Winter · saison régulière,4,0.0,1.0,3.0,-1.0,55.0,2.0
Pyrka,Kaufland Hangry Knights,PRM,Support,PRM Winter · saison régulière,7,0.429,2.15,-15.0,3.0,55.0,-12.0
Venour,Kaufland Hangry Knights,PRM,Top,PRM Winter · saison régulière,7,0.429,2.68,-36.0,3.0,55.0,-33.0
Sotsy,3BL Esports,AL,Top,PRM Winter · saison régulière,1,1.0,5.0,-140.0,1.0,55.0,-139.0
Mietek,WLGaming Esports,HLL,Top,PRM Winter · saison régulière,9,0.444,1.62,-150.0,4.0,55.0,-146.0
Pasu,ROSSMANN Centaurs,PRM,Jungle,PRM Winter · saison régulière,4,0.0,0.88,-161.0,-1.0,55.0,-162.0
Devn,Eintracht Frankfurt,PRM,ADC,PRM Winter · saison régulière,4,0.0,2.0,-248.0,-1.0,55.0,-249.0
CPM,3BL Esports,AL,Top,PRM Winter · saison régulière,4,0.0,0.88,-291.0,-1.0,55.0,-292.0
Smarty,Otter Side,LPLOL,Support,PRM Winter · saison régulière,4,0.0,0.63,-374.0,-1.0,55.0,-375.0
Notiko,Eintracht Frankfurt,PRM,ADC,PRM · saison régulière,14,0.5,2.78,228.0,4.0,55.0,232.0
Szygenda,Eintracht Frankfurt,PRM,Top,PRM · saison régulière,14,0.5,2.56,171.0,4.0,55.0,175.0
Lorenz,All for One Gaming,PRM,Support,PRM · saison régulière,14,0.5,2.85,154.0,-5.0,55.0,149.0
Diplex,All for One Gaming,PRM,Mid,PRM · saison régulière,14,0.5,4.86,144.0,-5.0,55.0,139.0
Sencux,Eintracht Frankfurt,PRM,Mid,PRM · saison régulière,14,0.5,3.53,110.0,4.0,55.0,114.0
Raider,CGN Esports,AL,Top,PRM · saison régulière,7,0.857,5.46,104.0,2.0,55.0,106.0
Zanzarah,All for One Gaming,PRM,Jungle,PRM · saison régulière,14,0.5,3.17,89.0,-5.0,55.0,84.0
Flamer,All for One Gaming,PRM,Top,PRM · saison régulière,14,0.5,3.06,66.0,-5.0,55.0,61.0
D4nKa,Eintracht Frankfurt,PRM,Jungle,PRM · saison régulière,14,0.5,2.69,52.0,4.0,55.0,56.0
Varry,All for One Gaming,PRM,ADC,PRM · saison régulière,14,0.5,3.42,59.0,-5.0,55.0,54.0
Richu,Eintracht Frankfurt,PRM,Support,PRM · saison régulière,14,0.5,2.73,22.0,4.0,55.0,26.0
Jakobobbi,VfB eSports,PRM,Support,PRM · saison régulière,8,0.25,2.3,25.0,1.0,55.0,26.0
Sven,VfB eSports,PRM,Top,PRM · saison régulière,8,0.25,1.88,16.0,1.0,55.0,17.0
ZWICKL,VfB eSports,PRM,Jungle,PRM · saison régulière,8,0.25,1.75,-42.0,1.0,55.0,-41.0
Luke,VfB eSports,PRM,Mid,PRM · saison régulière,8,0.25,1.53,-76.0,1.0,55.0,-75.0
Bwipo,Estral Esports,CD,Top,RL Spring · playoffs,9,0.667,4.21,290.0,6.0,55.0,296.0
Odi11,Bomba Team,RL,ADC,RL Spring · playoffs,10,0.7,5.09,239.0,1.0,55.0,240.0
minemaciek,Bomba Team,RL,Support,RL Spring · playoffs,10,0.7,3.85,214.0,1.0,55.0,215.0
Scorth,PCIFIC Esports,TCL,ADC,RL Spring · playoffs,5,0.6,4.28,204.0,1.0,55.0,205.0
Mrozku,Bomba Team,RL,Mid,RL Spring · playoffs,10,0.7,3.61,181.0,1.0,55.0,182.0
frajgo,Bomba Team,RL,Top,RL Spring · playoffs,10,0.7,3.68,166.0,1.0,55.0,167.0
Woolite,devils.one inStreamly,RL,ADC,RL Spring · playoffs,8,0.25,2.21,168.0,-6.0,55.0,162.0
mikusik,LODIS,RL,Jungle,RL Spring · playoffs,8,0.25,2.95,139.0,-6.0,55.0,133.0
iBo,devils.one inStreamly,RL,Top,RL Spring · playoffs,9,0.667,2.19,112.0,6.0,55.0,118.0
Lucker,Forsaken,RL,Support,RL Spring · playoffs,9,0.667,3.08,107.0,6.0,55.0,113.0
Decay,Forsaken,RL,Mid,RL Spring · playoffs,9,0.667,3.36,99.0,6.0,55.0,105.0
Agresivoo,Barcząca Esports by Yumisu,RL,Top,RL Spring · playoffs,8,0.25,2.71,106.0,-6.0,55.0,100.0
Jactroll,Barcząca Esports by Yumisu,RL,Support,RL Spring · playoffs,8,0.25,3.25,83.0,-6.0,55.0,77.0
Artoria,DMG Esports,NLC,Mid,RL Spring · playoffs,8,0.25,3.53,49.0,-6.0,55.0,43.0
Guli,Barcząca Esports by Yumisu,RL,Jungle,RL Spring · playoffs,10,0.7,3.09,18.0,1.0,55.0,19.0
HeSSZero,Anonymo Esports,RL,Top,RL Spring · playoffs,3,0.0,1.45,-97.0,-0.0,55.0,-97.0
Joki37,Bulldog Esports,NLC,Jungle,RL Spring · playoffs,3,0.0,2.0,-110.0,-0.0,55.0,-110.0
Vzz,WLGaming Esports,HLL,ADC,RL Spring · playoffs,4,0.75,2.5,-128.0,5.0,55.0,-123.0
Sobek,Anonymo Esports,RL,Mid,RL Spring · playoffs,3,0.0,1.78,-131.0,-0.0,55.0,-131.0
ejsner,Barcząca Esports by Yumisu,RL,ADC,RL Spring · playoffs,3,0.0,2.33,-131.0,-0.0,55.0,-131.0
Raxxo,Anonymo Esports,RL,Support,RL Spring · playoffs,3,0.0,2.86,-230.0,-0.0,55.0,-230.0
XnS,Movistar KOI Fénix,LES,Jungle,RL Spring · saison régulière,17,0.706,3.77,299.0,-2.0,55.0,297.0
Odi11,Bomba Team,RL,ADC,RL Spring · saison régulière,16,0.75,6.48,239.0,-0.0,55.0,239.0
minemaciek,Bomba Team,RL,Support,RL Spring · saison régulière,16,0.75,4.34,214.0,-0.0,55.0,214.0
Scorth,PCIFIC Esports,TCL,ADC,RL Spring · saison régulière,17,0.706,2.95,204.0,-2.0,55.0,202.0
Mrozku,Bomba Team,RL,Mid,RL Spring · saison régulière,16,0.75,5.61,181.0,-0.0,55.0,181.0
Woolite,devils.one inStreamly,RL,ADC,RL Spring · saison régulière,17,0.706,4.59,168.0,6.0,55.0,174.0
frajgo,Bomba Team,RL,Top,RL Spring · saison régulière,15,0.733,2.43,166.0,-1.0,55.0,165.0
mikusik,LODIS,RL,Jungle,RL Spring · saison régulière,17,0.706,4.57,139.0,6.0,55.0,145.0
Agresivoo,Barcząca Esports by Yumisu,RL,Top,RL Spring · saison régulière,17,0.706,4.5,106.0,6.0,55.0,112.0
iBo,devils.one inStreamly,RL,Top,RL Spring · saison régulière,17,0.706,2.59,112.0,-2.0,55.0,110.0
Lucker,Forsaken,RL,Support,RL Spring · saison régulière,17,0.706,3.7,107.0,-2.0,55.0,105.0
Decay,Forsaken,RL,Mid,RL Spring · saison régulière,17,0.706,4.91,99.0,-2.0,55.0,97.0
Jactroll,Barcząca Esports by Yumisu,RL,Support,RL Spring · saison régulière,17,0.706,4.87,83.0,6.0,55.0,89.0
Artoria,DMG Esports,NLC,Mid,RL Spring · saison régulière,10,0.8,8.36,49.0,11.0,55.0,60.0
Kokos,DOCISK,RL,Jungle,RL Spring · saison régulière,17,0.471,3.17,26.0,1.0,55.0,27.0
Guli,Barcząca Esports by Yumisu,RL,Jungle,RL Spring · saison régulière,16,0.75,5.69,18.0,-0.0,55.0,18.0
lee sang,LODIS,RL,Mid,RL Spring · saison régulière,17,0.471,4.62,10.0,1.0,55.0,11.0
Klorell,LODIS,RL,ADC,RL Spring · saison régulière,17,0.471,4.11,-41.0,1.0,55.0,-40.0
Calmsky,White Dragons,LPLOL,Support,RL Spring · saison régulière,19,0.368,2.92,-87.0,-4.0,55.0,-91.0
HeSSZero,Anonymo Esports,RL,Top,RL Spring · saison régulière,15,0.533,3.17,-97.0,4.0,55.0,-93.0
Joki37,Bulldog Esports,NLC,Jungle,RL Spring · saison régulière,15,0.533,2.3,-110.0,4.0,55.0,-106.0
Tenshi,Barcząca Esports by Yumisu,RL,Mid,RL Spring · saison régulière,7,0.571,3.1,-101.0,-5.0,55.0,-106.0
fantomisto,Esprit Shōnen,RL,Mid,RL Spring · saison régulière,19,0.368,3.58,-123.0,-4.0,55.0,-127.0
Sobek,Anonymo Esports,RL,Mid,RL Spring · saison régulière,15,0.533,3.53,-131.0,4.0,55.0,-127.0
ejsner,Barcząca Esports by Yumisu,RL,ADC,RL Spring · saison régulière,15,0.533,4.51,-131.0,4.0,55.0,-127.0
PmK,DOCISK,RL,Top,RL Spring · saison régulière,17,0.412,2.51,-134.0,-0.0,55.0,-134.0
Blesia,Barcząca Esports by Yumisu,RL,Top,RL Spring · saison régulière,17,0.471,2.57,-138.0,1.0,55.0,-137.0
Faetski,devils.one inStreamly,RL,ADC,RL Spring · saison régulière,19,0.368,2.7,-141.0,-4.0,55.0,-145.0
Robertoos,Barcząca Esports by Yumisu,RL,Support,RL Spring · saison régulière,10,0.5,5.0,-148.0,2.0,55.0,-146.0
Anyone,DOCISK,RL,ADC,RL Spring · saison régulière,17,0.412,2.19,-148.0,-0.0,55.0,-148.0
Goldmen,Team Phantasma,HLL,Top,RL Spring · saison régulière,19,0.368,2.12,-151.0,-4.0,55.0,-155.0
Birkyy,DOCISK,RL,Mid,RL Spring · saison régulière,17,0.412,2.29,-185.0,-0.0,55.0,-185.0
kubagoat,DOCISK,RL,Support,RL Spring · saison régulière,17,0.412,3.98,-213.0,-0.0,55.0,-213.0
Raxxo,Anonymo Esports,RL,Support,RL Spring · saison régulière,15,0.533,3.55,-230.0,4.0,55.0,-226.0
ShazQ,GLORE,RL,Jungle,RL Spring · saison régulière,2,0.0,1.75,-228.0,-1.0,55.0,-229.0
belit,Deer Gaming,NLC,Jungle,RL Spring · saison régulière,19,0.368,2.56,-247.0,-4.0,55.0,-251.0
FullClear,DOCISK,RL,Jungle,RL Spring · saison régulière,17,0.412,2.19,-272.0,-0.0,55.0,-272.0
Krysia,GLORE,RL,Jungle,RL Spring · saison régulière,12,0.0,1.19,-373.0,-4.0,55.0,-377.0
Szafa,GLORE,RL,Top,RL Spring · saison régulière,12,0.0,0.84,-403.0,-5.0,55.0,-408.0
Salami,GLORE,RL,ADC,RL Spring · saison régulière,14,0.0,1.23,-435.0,-5.0,55.0,-440.0
Sorrow2,GLORE,RL,Mid,RL Spring · saison régulière,14,0.0,1.36,-436.0,-5.0,55.0,-441.0
Acorderr,GLORE,RL,Support,RL Spring · saison régulière,14,0.0,1.31,-469.0,-5.0,55.0,-474.0
Erdote,devils.one inStreamly,RL,Support,RL Summer · saison régulière,21,0.571,5.77,301.0,2.0,54.0,303.0
Odi11,Bomba Team,RL,ADC,RL Summer · saison régulière,28,0.643,3.97,239.0,-2.0,54.0,237.0
minemaciek,Bomba Team,RL,Support,RL Summer · saison régulière,28,0.643,3.65,214.0,-2.0,54.0,212.0
Mrozku,Bomba Team,RL,Mid,RL Summer · saison régulière,28,0.643,5.15,181.0,-2.0,54.0,179.0
Woolite,devils.one inStreamly,RL,ADC,RL Summer · saison régulière,21,0.571,3.85,168.0,2.0,54.0,170.0
frajgo,Bomba Team,RL,Top,RL Summer · saison régulière,28,0.643,3.1,166.0,-2.0,54.0,164.0
Shlatan,devils.one inStreamly,RL,Jungle,RL Summer · saison régulière,21,0.571,4.28,154.0,2.0,54.0,156.0
Czekolad,LODIS,RL,Mid,RL Summer · saison régulière,27,0.593,4.21,147.0,-1.0,54.0,146.0
zamulek,LODIS,RL,ADC,RL Summer · saison régulière,27,0.593,4.26,146.0,-1.0,54.0,145.0
Sinmivak,LODIS,RL,Top,RL Summer · saison régulière,27,0.593,3.51,140.0,-1.0,54.0,139.0
mikusik,LODIS,RL,Jungle,RL Summer · saison régulière,27,0.593,4.0,139.0,-1.0,54.0,138.0
iBo,devils.one inStreamly,RL,Top,RL Summer · saison régulière,21,0.571,3.16,112.0,2.0,54.0,114.0
Lucker,Forsaken,RL,Support,RL Summer · saison régulière,24,0.542,2.32,107.0,6.0,54.0,113.0
Decay,Forsaken,RL,Mid,RL Summer · saison régulière,24,0.542,3.48,99.0,6.0,54.0,105.0
MAXI,Forsaken,RL,Jungle,RL Summer · saison régulière,24,0.542,2.95,69.0,6.0,54.0,75.0
Kaseko,LODIS,RL,Support,RL Summer · saison régulière,27,0.593,2.78,75.0,-1.0,54.0,74.0
adi1,Bomba Team,RL,Jungle,RL Summer · saison régulière,28,0.643,3.42,74.0,-2.0,54.0,72.0
Kokos,DOCISK,RL,Jungle,RL Summer · saison régulière,15,0.533,4.23,26.0,4.0,55.0,30.0
Guli,Barcząca Esports by Yumisu,RL,Jungle,RL Summer · saison régulière,16,0.375,3.3,18.0,-5.0,55.0,13.0
Huron,DOCISK,RL,Support,RL Summer · saison régulière,15,0.533,4.3,-56.0,4.0,55.0,-52.0
Color,Forsaken,RL,Top,RL Summer · saison régulière,24,0.542,2.32,-84.0,6.0,54.0,-78.0
iwanan,devils.one inStreamly,RL,Mid,RL Summer · saison régulière,19,0.526,3.56,-103.0,1.0,55.0,-102.0
HeSSZero,Anonymo Esports,RL,Top,RL Summer · saison régulière,14,0.286,2.0,-97.0,-5.0,55.0,-102.0
PmK,DOCISK,RL,Top,RL Summer · saison régulière,15,0.533,2.91,-134.0,4.0,55.0,-130.0
Sobek,Anonymo Esports,RL,Mid,RL Summer · saison régulière,13,0.308,2.17,-131.0,-4.0,55.0,-135.0
ejsner,Barcząca Esports by Yumisu,RL,ADC,RL Summer · saison régulière,16,0.375,3.32,-131.0,-5.0,55.0,-136.0
Blesia,Barcząca Esports by Yumisu,RL,Top,RL Summer · saison régulière,16,0.375,1.98,-138.0,-5.0,55.0,-143.0
Anyone,DOCISK,RL,ADC,RL Summer · saison régulière,15,0.533,3.73,-148.0,4.0,55.0,-144.0
Robertoos,Barcząca Esports by Yumisu,RL,Support,RL Summer · saison régulière,9,0.333,2.87,-148.0,-4.0,55.0,-152.0
shibi,Anonymo Esports,RL,Jungle,RL Summer · saison régulière,14,0.286,2.8,-164.0,-5.0,55.0,-169.0
Birkyy,DOCISK,RL,Mid,RL Summer · saison régulière,15,0.533,3.02,-185.0,4.0,55.0,-181.0
Syzyfek,Forsaken,RL,ADC,RL Summer · saison régulière,24,0.542,3.01,-201.0,6.0,54.0,-195.0
Raxxo,Anonymo Esports,RL,Support,RL Summer · saison régulière,12,0.167,2.31,-230.0,-11.0,55.0,-241.0
Lothen,Anonymo Esports,RL,ADC,RL Summer · saison régulière,14,0.286,2.71,-239.0,-5.0,55.0,-244.0
Jacobmolly,UP2UMEDIA Cebulaki,RL,Jungle,RL Summer · saison régulière,13,0.154,1.96,-277.0,0.0,55.0,-277.0
Xaro,Barcząca Esports by Yumisu,RL,Mid,RL Summer · saison régulière,16,0.375,2.7,-282.0,-5.0,55.0,-287.0
chicase,UP2UMEDIA Cebulaki,RL,ADC,RL Summer · saison régulière,13,0.154,1.76,-291.0,0.0,55.0,-291.0
Gniotek,UP2UMEDIA Cebulaki,RL,Support,RL Summer · saison régulière,13,0.154,2.37,-391.0,0.0,55.0,-391.0
Hatsu,UP2UMEDIA Cebulaki,RL,Top,RL Summer · saison régulière,13,0.154,1.75,-423.0,0.0,55.0,-423.0
Salaterka,UP2UMEDIA Cebulaki,RL,Mid,RL Summer · saison régulière,10,0.1,1.14,-468.0,-2.0,55.0,-470.0
Odi11,Bomba Team,RL,ADC,RL Winter · saison régulière,14,0.714,5.84,239.0,6.0,55.0,245.0
minemaciek,Bomba Team,RL,Support,RL Winter · saison régulière,14,0.714,4.22,214.0,6.0,55.0,220.0
Mrozku,Bomba Team,RL,Mid,RL Winter · saison régulière,14,0.714,4.1,181.0,6.0,55.0,187.0
frajgo,Bomba Team,RL,Top,RL Winter · saison régulière,14,0.714,3.0,166.0,6.0,55.0,172.0
Woolite,devils.one inStreamly,RL,ADC,RL Winter · saison régulière,22,0.636,3.28,168.0,0.0,54.0,168.0
zamulek,LODIS,RL,ADC,RL Winter · saison régulière,17,0.529,4.24,146.0,2.0,55.0,148.0
Sinmivak,LODIS,RL,Top,RL Winter · saison régulière,17,0.529,3.62,140.0,2.0,55.0,142.0
mikusik,LODIS,RL,Jungle,RL Winter · saison régulière,22,0.636,4.71,139.0,0.0,54.0,139.0
Lucker,Forsaken,RL,Support,RL Winter · saison régulière,2,0.5,2.75,107.0,-1.0,55.0,106.0
Agresivoo,Barcząca Esports by Yumisu,RL,Top,RL Winter · saison régulière,22,0.636,3.83,106.0,0.0,54.0,106.0
Jactroll,Barcząca Esports by Yumisu,RL,Support,RL Winter · saison régulière,22,0.636,3.08,83.0,0.0,54.0,83.0
Kaseko,LODIS,RL,Support,RL Winter · saison régulière,17,0.529,3.18,75.0,2.0,55.0,77.0
Guli,Barcząca Esports by Yumisu,RL,Jungle,RL Winter · saison régulière,14,0.714,5.11,18.0,6.0,55.0,24.0
Cinkrof,Forsaken,RL,Jungle,RL Winter · saison régulière,17,0.529,3.22,13.0,2.0,55.0,15.0
lee sang,LODIS,RL,Mid,RL Winter · saison régulière,7,0.286,3.77,10.0,-2.0,55.0,8.0
Secrett,Team Phantasma,HLL,Mid,RL Winter · saison régulière,17,0.529,3.37,-42.0,2.0,55.0,-40.0
Klorell,LODIS,RL,ADC,RL Winter · saison régulière,7,0.286,2.28,-41.0,-2.0,55.0,-43.0
Huron,DOCISK,RL,Support,RL Winter · saison régulière,9,0.333,3.74,-56.0,-5.0,55.0,-61.0
HeSSZero,Anonymo Esports,RL,Top,RL Winter · saison régulière,16,0.562,4.76,-97.0,2.0,55.0,-95.0
Tenshi,Barcząca Esports by Yumisu,RL,Mid,RL Winter · saison régulière,22,0.636,2.94,-101.0,0.0,54.0,-101.0
Joki37,Bulldog Esports,NLC,Jungle,RL Winter · saison régulière,16,0.562,3.71,-110.0,2.0,55.0,-108.0
Syzyf,Onion Team,RL,Mid,RL Winter · saison régulière,11,0.273,2.0,-110.0,1.0,55.0,-109.0
Zora,Onion Team,RL,Top,RL Winter · saison régulière,11,0.273,2.15,-113.0,1.0,55.0,-112.0
Sobek,Anonymo Esports,RL,Mid,RL Winter · saison régulière,16,0.562,3.64,-131.0,2.0,55.0,-129.0
ejsner,Barcząca Esports by Yumisu,RL,ADC,RL Winter · saison régulière,16,0.562,6.15,-131.0,2.0,55.0,-129.0
PmK,DOCISK,RL,Top,RL Winter · saison régulière,11,0.364,1.86,-134.0,-6.0,55.0,-140.0
Robertoos,Barcząca Esports by Yumisu,RL,Support,RL Winter · saison régulière,7,0.286,4.05,-148.0,-2.0,55.0,-150.0
Anyone,DOCISK,RL,ADC,RL Winter · saison régulière,11,0.364,2.18,-148.0,-6.0,55.0,-154.0
Birkyy,DOCISK,RL,Mid,RL Winter · saison régulière,11,0.364,2.33,-185.0,-6.0,55.0,-191.0
kubagoat,DOCISK,RL,Support,RL Winter · saison régulière,4,0.0,1.36,-213.0,-4.0,55.0,-217.0
ShazQ,GLORE,RL,Jungle,RL Winter · saison régulière,11,0.273,1.86,-228.0,1.0,55.0,-227.0
Raxxo,Anonymo Esports,RL,Support,RL Winter · saison régulière,16,0.562,4.62,-230.0,2.0,55.0,-228.0
belit,Deer Gaming,NLC,Jungle,RL Winter · saison régulière,6,0.333,3.78,-247.0,1.0,55.0,-246.0
Sidav,Senshi eSports,ROL,ADC,RL Winter · saison régulière,11,0.273,2.97,-255.0,1.0,55.0,-254.0
FullClear,DOCISK,RL,Jungle,RL Winter · saison régulière,11,0.364,1.94,-272.0,-6.0,55.0,-278.0
Gniotek,UP2UMEDIA Cebulaki,RL,Support,RL Winter · saison régulière,11,0.273,2.17,-391.0,1.0,55.0,-390.0
Sorrow2,GLORE,RL,Mid,RL Winter · saison régulière,2,0.0,1.67,-436.0,-2.0,55.0,-438.0
Hunter,Onion Team,HM,Jungle,RL Winter · saison régulière,4,0.0,1.2,-648.0,-4.0,55.0,-652.0
Seal,Frites Esports Club,ROL,Support,ROL Spring · playoffs,8,1.0,7.88,224.0,1.0,55.0,225.0
Cboi,Valerion,HLL,Jungle,ROL Spring · playoffs,8,1.0,8.11,214.0,1.0,55.0,215.0
Wolorz,Frites Esports Club,ROL,Mid,ROL Spring · playoffs,8,1.0,8.14,132.0,1.0,55.0,133.0
FlickeR,Frites Esports Club,ROL,ADC,ROL Spring · playoffs,8,1.0,8.85,127.0,1.0,55.0,128.0
Bisk,The Bandits,ROL,Top,ROL Spring · playoffs,9,0.444,2.52,70.0,1.0,55.0,71.0
NuQ,Bulldog Esports,NLC,Top,ROL Spring · playoffs,8,1.0,4.48,-48.0,1.0,55.0,-47.0
Luncafoer,The Bandits,ROL,Jungle,ROL Spring · playoffs,10,0.4,2.7,-151.0,0.0,55.0,-151.0
Pipibaat,The Bandits,ROL,Jungle,ROL Spring · playoffs,16,0.5,3.57,-189.0,4.0,55.0,-185.0
bbmuffin,The Bandits,ROL,Mid,ROL Spring · playoffs,10,0.4,2.82,-187.0,0.0,55.0,-187.0
Ilyxøu,mCon esports,ROL,Top,ROL Spring · playoffs,5,0.2,0.83,-189.0,-7.0,55.0,-196.0
MathisV,Dynasty,ROL,Mid,ROL Spring · playoffs,4,0.0,4.36,-202.0,-1.0,55.0,-203.0
Owpi,Once Upon A Team,ROL,Top,ROL Spring · playoffs,7,0.571,5.29,-208.0,2.0,55.0,-206.0
CaviaVampier,The Bandits,ROL,ADC,ROL Spring · playoffs,10,0.4,1.91,-225.0,0.0,55.0,-225.0
rym,Once Upon A Team,ROL,Mid,ROL Spring · playoffs,7,0.571,3.26,-245.0,2.0,55.0,-243.0
Space,Once Upon A Team,ROL,ADC,ROL Spring · playoffs,7,0.571,2.74,-250.0,2.0,55.0,-248.0
ScienTrist,mCon esports,ROL,Support,ROL Spring · playoffs,16,0.5,3.4,-264.0,4.0,55.0,-260.0
Sidav,Senshi eSports,ROL,ADC,ROL Spring · playoffs,5,0.2,1.59,-255.0,-7.0,55.0,-262.0
Tibor,mCon esports,ROL,Mid,ROL Spring · playoffs,16,0.5,2.56,-268.0,4.0,55.0,-264.0
Aliplane,mCon esports,ROL,ADC,ROL Spring · playoffs,16,0.5,3.37,-273.0,4.0,55.0,-269.0
Guertas,Senshi eSports,ROL,Jungle,ROL Spring · playoffs,5,0.2,1.08,-269.0,-7.0,55.0,-276.0
Colomblbl,Once Upon A Team,ROL,Support,ROL Spring · playoffs,7,0.571,2.91,-291.0,2.0,55.0,-289.0
MaiYuk,mCon esports,ROL,Top,ROL Spring · playoffs,16,0.5,1.82,-315.0,4.0,55.0,-311.0
Numandiel,Senshi eSports,ROL,Mid,ROL Spring · playoffs,5,0.2,1.21,-305.0,-7.0,55.0,-312.0
Wuis,Crystal Rose,ROL,Support,ROL Spring · playoffs,4,0.0,2.37,-342.0,-1.0,55.0,-343.0
Void,Dynasty,ROL,ADC,ROL Spring · playoffs,4,0.0,2.75,-383.0,-1.0,55.0,-384.0
Twendddy,Zephyr Esport,ROL,Top,ROL Spring · playoffs,4,0.0,1.36,-412.0,-1.0,55.0,-413.0
AwerpiS,TITANS,LIT,Support,ROL Spring · playoffs,10,0.4,3.9,-422.0,0.0,55.0,-422.0
Enkil,BRUTE,HM,Support,ROL Spring · playoffs,5,0.2,2.64,-420.0,-7.0,55.0,-427.0
Fishue,Dynasty,ROL,Jungle,ROL Spring · playoffs,4,0.0,2.29,-480.0,-1.0,55.0,-481.0
Baumeef,Once Upon A Team,ROL,Jungle,ROL Spring · playoffs,7,0.571,3.63,-484.0,2.0,55.0,-482.0
Seal,Frites Esports Club,ROL,Support,ROL Spring · saison régulière,14,1.0,9.15,224.0,2.0,55.0,226.0
Cboi,Valerion,HLL,Jungle,ROL Spring · saison régulière,14,1.0,9.45,214.0,2.0,55.0,216.0
Wolorz,Frites Esports Club,ROL,Mid,ROL Spring · saison régulière,14,1.0,11.94,132.0,2.0,55.0,134.0
FlickeR,Frites Esports Club,ROL,ADC,ROL Spring · saison régulière,14,1.0,9.08,127.0,2.0,55.0,129.0
Bisk,The Bandits,ROL,Top,ROL Spring · saison régulière,15,0.733,3.69,70.0,2.0,55.0,72.0
NuQ,Bulldog Esports,NLC,Top,ROL Spring · saison régulière,14,1.0,3.25,-48.0,2.0,55.0,-46.0
Luncafoer,The Bandits,ROL,Jungle,ROL Spring · saison régulière,12,0.833,3.74,-151.0,2.0,55.0,-149.0
Ilyxøu,mCon esports,ROL,Top,ROL Spring · saison régulière,15,0.6,3.71,-189.0,8.0,55.0,-181.0
bbmuffin,The Bandits,ROL,Mid,ROL Spring · saison régulière,15,0.733,4.71,-187.0,2.0,55.0,-185.0
Pipibaat,The Bandits,ROL,Jungle,ROL Spring · saison régulière,14,0.429,3.1,-189.0,3.0,55.0,-186.0
MathisV,Dynasty,ROL,Mid,ROL Spring · saison régulière,18,0.5,5.16,-202.0,1.0,55.0,-201.0
Owpi,Once Upon A Team,ROL,Top,ROL Spring · saison régulière,3,0.667,2.7,-208.0,-0.0,55.0,-208.0
Archfiend,Esprit Shōnen,EBL,Top,ROL Spring · saison régulière,3,0.667,2.62,-212.0,-0.0,55.0,-212.0
CaviaVampier,The Bandits,ROL,ADC,ROL Spring · saison régulière,15,0.733,3.39,-225.0,2.0,55.0,-223.0
rym,Once Upon A Team,ROL,Mid,ROL Spring · saison régulière,11,0.546,4.09,-245.0,1.0,55.0,-244.0
Sidav,Senshi eSports,ROL,ADC,ROL Spring · saison régulière,15,0.6,4.18,-255.0,8.0,55.0,-247.0
Space,Once Upon A Team,ROL,ADC,ROL Spring · saison régulière,17,0.471,2.92,-250.0,-1.0,55.0,-251.0
Guertas,Senshi eSports,ROL,Jungle,ROL Spring · saison régulière,13,0.538,5.94,-269.0,7.0,55.0,-262.0
ScienTrist,mCon esports,ROL,Support,ROL Spring · saison régulière,2,0.0,2.25,-264.0,-1.0,55.0,-265.0
Tibor,mCon esports,ROL,Mid,ROL Spring · saison régulière,2,0.0,0.8,-268.0,-1.0,55.0,-269.0
Aliplane,mCon esports,ROL,ADC,ROL Spring · saison régulière,2,0.0,0.86,-273.0,-1.0,55.0,-274.0
Colomblbl,Once Upon A Team,ROL,Support,ROL Spring · saison régulière,17,0.471,3.17,-291.0,-1.0,55.0,-292.0
Numandiel,Senshi eSports,ROL,Mid,ROL Spring · saison régulière,15,0.6,3.63,-305.0,8.0,55.0,-297.0
MaiYuk,mCon esports,ROL,Top,ROL Spring · saison régulière,19,0.368,1.3,-315.0,-3.0,55.0,-318.0
Wuis,Crystal Rose,ROL,Support,ROL Spring · saison régulière,18,0.5,3.95,-342.0,1.0,55.0,-341.0
Slyv3r,mCon esports,ROL,ADC,ROL Spring · saison régulière,17,0.412,2.55,-367.0,-2.0,55.0,-369.0
Stookbeer,mCon esports,ROL,Support,ROL Spring · saison régulière,17,0.412,1.88,-380.0,-2.0,55.0,-382.0
Void,Dynasty,ROL,ADC,ROL Spring · saison régulière,18,0.5,3.08,-383.0,1.0,55.0,-382.0
Twendddy,Zephyr Esport,ROL,Top,ROL Spring · saison régulière,10,0.5,3.11,-412.0,4.0,55.0,-408.0
Enkil,BRUTE,HM,Support,ROL Spring · saison régulière,15,0.6,4.14,-420.0,8.0,55.0,-412.0
Franky,Myth Esports,ROL,Mid,ROL Spring · saison régulière,10,0.2,2.9,-416.0,-2.0,55.0,-418.0
Dovendyr,Lund Esports Organization,NLC,Support,ROL Spring · saison régulière,17,0.235,2.29,-419.0,-1.0,55.0,-420.0
AwerpiS,TITANS,LIT,Support,ROL Spring · saison régulière,13,0.692,3.47,-422.0,0.0,55.0,-422.0
BunnyBeast,Lund Esports Organization,NLC,ADC,ROL Spring · saison régulière,17,0.235,2.29,-428.0,-1.0,55.0,-429.0
Boye,Senshi eSports,ROL,Mid,ROL Spring · saison régulière,7,0.286,2.5,-433.0,1.0,55.0,-432.0
Smart,ZennIT,ROL,Top,ROL Spring · saison régulière,17,0.235,1.16,-427.0,-8.0,55.0,-435.0
Jamie,ZennIT,ROL,ADC,ROL Spring · saison régulière,17,0.235,2.04,-429.0,-8.0,55.0,-437.0
Egemen,Once Upon A Team,ROL,Top,ROL Spring · saison régulière,14,0.429,1.21,-449.0,-1.0,55.0,-450.0
Sïgma,ZennIT,ROL,Support,ROL Spring · saison régulière,17,0.235,1.9,-450.0,-8.0,55.0,-458.0
Hatred,ZennIT,ROL,Jungle,ROL Spring · saison régulière,17,0.235,2.62,-451.0,-8.0,55.0,-459.0
Dolis,eSuba,HM,Mid,ROL Spring · saison régulière,17,0.235,2.75,-454.0,-8.0,55.0,-462.0
Fishue,Dynasty,ROL,Jungle,ROL Spring · saison régulière,18,0.5,2.74,-480.0,1.0,55.0,-479.0
Baumeef,Once Upon A Team,ROL,Jungle,ROL Spring · saison régulière,14,0.429,1.96,-484.0,-1.0,55.0,-485.0
Painful,mCon esports,ROL,Mid,ROL Spring · saison régulière,17,0.412,1.91,-544.0,-2.0,55.0,-546.0
Sprotte,SPIKE Syndicate,ROL,Top,ROL Spring · saison régulière,17,0.235,1.97,-551.0,-1.0,55.0,-552.0
Ferrari,SPIKE Syndicate,EBL,Jungle,ROL Spring · saison régulière,17,0.235,2.16,-563.0,-1.0,55.0,-564.0
Joekie,mCon esports,ROL,Jungle,ROL Spring · saison régulière,5,0.2,2.08,-597.0,-6.0,55.0,-603.0
Seal,Frites Esports Club,ROL,Support,ROL Summer · playoffs,9,0.889,5.93,224.0,1.0,55.0,225.0
Leny,Frites Esports Club,ROL,Top,ROL Summer · playoffs,9,0.889,3.07,147.0,1.0,55.0,148.0
Wolorz,Frites Esports Club,ROL,Mid,ROL Summer · playoffs,9,0.889,6.1,132.0,1.0,55.0,133.0
FlickeR,Frites Esports Club,ROL,ADC,ROL Summer · playoffs,9,0.889,10.29,127.0,1.0,55.0,128.0
Artanis,Frites Esports Club,ROL,Jungle,ROL Summer · playoffs,9,0.889,6.44,49.0,1.0,55.0,50.0
Ag0nyPain,Senshi eSports,ROL,Mid,ROL Summer · playoffs,13,0.692,4.7,-31.0,7.0,55.0,-24.0
Markus,Senshi eSports,ROL,Jungle,ROL Summer · playoffs,14,0.643,3.82,-58.0,7.0,55.0,-51.0
Warner,ZennIT,ROL,Mid,ROL Summer · playoffs,3,0.333,3.44,-128.0,0.0,55.0,-128.0
RustySniper,The Bandits,NLC,ADC,ROL Summer · playoffs,2,0.5,2.56,-142.0,-1.0,55.0,-143.0
Shourdy,Senshi eSports,ROL,Top,ROL Summer · playoffs,14,0.643,2.16,-151.0,7.0,55.0,-144.0
Luncafoer,The Bandits,ROL,Jungle,ROL Summer · playoffs,9,0.333,2.18,-151.0,-7.0,55.0,-158.0
Ace,Senshi eSports,ROL,ADC,ROL Summer · playoffs,14,0.643,3.71,-192.0,7.0,55.0,-185.0
Ilyxøu,mCon esports,ROL,Top,ROL Summer · playoffs,9,0.222,1.74,-189.0,0.0,55.0,-189.0
bbmuffin,The Bandits,ROL,Mid,ROL Summer · playoffs,9,0.333,2.03,-187.0,-7.0,55.0,-194.0
Pipibaat,The Bandits,ROL,Jungle,ROL Summer · playoffs,9,0.333,1.47,-189.0,-7.0,55.0,-196.0
Strongside,Senshi eSports,ROL,Support,ROL Summer · playoffs,14,0.643,3.88,-205.0,7.0,55.0,-198.0
Panj,Myth Esports,ROL,Support,ROL Summer · playoffs,2,0.0,0.88,-217.0,-2.0,55.0,-219.0
Druxy,ZennIT,ROL,ADC,ROL Summer · playoffs,3,0.333,2.58,-219.0,0.0,55.0,-219.0
CaviaVampier,The Bandits,ROL,ADC,ROL Summer · playoffs,7,0.286,1.56,-225.0,-6.0,55.0,-231.0
PatkicaA,Myth Esports,ROL,Top,ROL Summer · playoffs,2,0.0,2.2,-234.0,-2.0,55.0,-236.0
STANIK,mCon esports,ROL,Mid,ROL Summer · playoffs,6,0.333,3.44,-239.0,-1.0,55.0,-240.0
Hankat,Myth Esports,ROL,Jungle,ROL Summer · playoffs,2,0.0,1.11,-249.0,-2.0,55.0,-251.0
kkero,ZennIT,ROL,Support,ROL Summer · playoffs,3,0.333,3.89,-295.0,0.0,55.0,-295.0
Oguzkhan,mCon esports,ROL,Jungle,ROL Summer · playoffs,9,0.222,2.18,-340.0,0.0,55.0,-340.0
zhìì,Myth Esports,ROL,Mid,ROL Summer · playoffs,2,0.0,0.33,-342.0,-2.0,55.0,-344.0
Slyv3r,mCon esports,ROL,ADC,ROL Summer · playoffs,9,0.222,2.29,-367.0,0.0,55.0,-367.0
Cripple,The Bandits,ROL,Top,ROL Summer · playoffs,3,0.333,1.09,-372.0,-2.0,55.0,-374.0
Stookbeer,mCon esports,ROL,Support,ROL Summer · playoffs,9,0.222,1.74,-380.0,0.0,55.0,-380.0
Boye,Senshi eSports,ROL,Mid,ROL Summer · playoffs,1,0.0,2.2,-433.0,0.0,55.0,-433.0
Hatred,ZennIT,ROL,Jungle,ROL Summer · playoffs,3,0.333,3.36,-451.0,0.0,55.0,-451.0
Fede,Myth Esports,ROL,ADC,ROL Summer · playoffs,2,0.0,1.4,-453.0,-2.0,55.0,-455.0
Nightmares,The Bandits,ROL,Support,ROL Summer · playoffs,3,0.0,0.83,-505.0,-4.0,55.0,-509.0
Seal,Frites Esports Club,ROL,Support,ROL Summer · saison régulière,15,0.933,5.65,224.0,2.0,55.0,226.0
Leny,Frites Esports Club,ROL,Top,ROL Summer · saison régulière,13,0.923,3.69,147.0,-0.0,55.0,147.0
Wolorz,Frites Esports Club,ROL,Mid,ROL Summer · saison régulière,15,0.933,8.63,132.0,2.0,55.0,134.0
FlickeR,Frites Esports Club,ROL,ADC,ROL Summer · saison régulière,15,0.933,8.36,127.0,2.0,55.0,129.0
Bisk,The Bandits,ROL,Top,ROL Summer · saison régulière,5,0.6,2.75,70.0,2.0,55.0,72.0
Artanis,Frites Esports Club,ROL,Jungle,ROL Summer · saison régulière,15,0.933,9.63,49.0,2.0,55.0,51.0
Smurfe,Frites Esports Club,HLL,Top,ROL Summer · saison régulière,2,1.0,4.83,35.0,2.0,55.0,37.0
Ag0nyPain,Senshi eSports,ROL,Mid,ROL Summer · saison régulière,13,0.615,3.75,-31.0,-3.0,55.0,-34.0
Markus,Senshi eSports,ROL,Jungle,ROL Summer · saison régulière,18,0.5,3.41,-58.0,-7.0,55.0,-65.0
Warner,ZennIT,ROL,Mid,ROL Summer · saison régulière,17,0.412,2.7,-128.0,-3.0,55.0,-131.0
Metroflox,Magaza Esports,EBL,Jungle,ROL Summer · saison régulière,9,0.556,3.35,-140.0,3.0,55.0,-137.0
RustySniper,The Bandits,NLC,ADC,ROL Summer · saison régulière,5,0.6,2.88,-142.0,2.0,55.0,-140.0
Luncafoer,The Bandits,ROL,Jungle,ROL Summer · saison régulière,16,0.625,3.18,-151.0,5.0,55.0,-146.0
Shourdy,Senshi eSports,ROL,Top,ROL Summer · saison régulière,18,0.5,2.14,-151.0,-7.0,55.0,-158.0
bbmuffin,The Bandits,ROL,Mid,ROL Summer · saison régulière,18,0.667,2.89,-187.0,5.0,55.0,-182.0
Pipibaat,The Bandits,ROL,Jungle,ROL Summer · saison régulière,18,0.667,2.92,-189.0,5.0,55.0,-184.0
Ilyxøu,mCon esports,ROL,Top,ROL Summer · saison régulière,15,0.533,2.37,-189.0,2.0,55.0,-187.0
Ace,Senshi eSports,ROL,ADC,ROL Summer · saison régulière,18,0.5,3.06,-192.0,-7.0,55.0,-199.0
MathisV,Dynasty,ROL,Mid,ROL Summer · saison régulière,20,0.4,3.36,-202.0,2.0,54.0,-200.0
Strongside,Senshi eSports,ROL,Support,ROL Summer · saison régulière,18,0.5,2.73,-205.0,-7.0,55.0,-212.0
Panj,Myth Esports,ROL,Support,ROL Summer · saison régulière,21,0.476,2.9,-217.0,-0.0,54.0,-217.0
CaviaVampier,The Bandits,ROL,ADC,ROL Summer · saison régulière,11,0.636,3.46,-225.0,3.0,55.0,-222.0
Druxy,ZennIT,ROL,ADC,ROL Summer · saison régulière,17,0.412,2.71,-219.0,-3.0,55.0,-222.0
Mastos,Dynasty,ROL,Top,ROL Summer · saison régulière,20,0.4,1.89,-235.0,2.0,54.0,-233.0
PatkicaA,Myth Esports,ROL,Top,ROL Summer · saison régulière,21,0.476,3.45,-234.0,-0.0,54.0,-234.0
STANIK,mCon esports,ROL,Mid,ROL Summer · saison régulière,15,0.533,4.05,-239.0,2.0,55.0,-237.0
Hankat,Myth Esports,ROL,Jungle,ROL Summer · saison régulière,10,0.5,3.92,-249.0,6.0,55.0,-243.0
Luis,Dynasty,ROL,Support,ROL Summer · saison régulière,12,0.417,3.35,-289.0,1.0,55.0,-288.0
kkero,ZennIT,ROL,Support,ROL Summer · saison régulière,17,0.412,2.49,-295.0,-3.0,55.0,-298.0
Emperor,ZennIT,ROL,Top,ROL Summer · saison régulière,13,0.538,1.9,-301.0,1.0,55.0,-300.0
Baashh,Dynasty,ROL,Jungle,ROL Summer · saison régulière,11,0.273,3.29,-310.0,-1.0,55.0,-311.0
M0NK,Dynasty,ROL,ADC,ROL Summer · saison régulière,15,0.467,2.79,-314.0,2.0,55.0,-312.0
Oguzkhan,mCon esports,ROL,Jungle,ROL Summer · saison régulière,15,0.533,3.88,-340.0,2.0,55.0,-338.0
zhìì,Myth Esports,ROL,Mid,ROL Summer · saison régulière,19,0.526,3.58,-342.0,1.0,55.0,-341.0
Slyv3r,mCon esports,ROL,ADC,ROL Summer · saison régulière,15,0.533,3.0,-367.0,2.0,55.0,-365.0
Cripple,The Bandits,ROL,Top,ROL Summer · saison régulière,13,0.692,1.77,-372.0,3.0,55.0,-369.0
Stookbeer,mCon esports,ROL,Support,ROL Summer · saison régulière,15,0.533,2.5,-380.0,2.0,55.0,-378.0
Harbo,Once Upon A Team,ROL,Mid,ROL Summer · saison régulière,11,0.091,3.27,-397.0,-0.0,55.0,-397.0
Lotuss,Myth Esports,ROL,Jungle,ROL Summer · saison régulière,11,0.454,3.15,-412.0,-6.0,55.0,-418.0
Schorling,Once Upon A Team,ROL,Top,ROL Summer · saison régulière,10,0.2,1.82,-427.0,0.0,55.0,-427.0
Sjedow,Once Upon A Team,ROL,Support,ROL Summer · saison régulière,16,0.125,2.72,-433.0,-1.0,55.0,-434.0
Boye,Senshi eSports,ROL,Mid,ROL Summer · saison régulière,2,0.0,0.77,-433.0,-1.0,55.0,-434.0
Fede,Myth Esports,ROL,ADC,ROL Summer · saison régulière,21,0.476,2.91,-453.0,-0.0,54.0,-453.0
Hatred,ZennIT,ROL,Jungle,ROL Summer · saison régulière,17,0.412,2.92,-451.0,-3.0,55.0,-454.0
SoimuMIC,REDPack Esports,HLL,Top,ROL Summer · saison régulière,2,1.0,4.62,-455.0,0.0,55.0,-455.0
IDA,Once Upon A Team,ROL,ADC,ROL Summer · saison régulière,16,0.125,2.15,-495.0,-1.0,55.0,-496.0
Nightmares,The Bandits,ROL,Support,ROL Summer · saison régulière,2,1.0,6.25,-505.0,0.0,55.0,-505.0
Floris56,Senshi eSports,ROL,ADC,ROL Summer · saison régulière,3,0.333,2.5,-586.0,-3.0,55.0,-589.0
Coli,Dynasty,EBL,Support,ROL Summer · saison régulière,5,0.2,1.92,-591.0,-0.0,55.0,-591.0
bakisa,Dynasty,EBL,ADC,ROL Summer · saison régulière,5,0.2,2.23,-682.0,-0.0,55.0,-682.0
Etoo,Once Upon A Team,HC,ADC,ROL Summer · saison régulière,2,0.0,0.62,-850.0,1.0,55.0,-849.0
Seal,Frites Esports Club,ROL,Support,ROL Winter · playoffs,3,1.0,11.33,224.0,2.0,55.0,226.0
Cboi,Valerion,HLL,Jungle,ROL Winter · playoffs,3,1.0,18.33,214.0,2.0,55.0,216.0
Wolorz,Frites Esports Club,ROL,Mid,ROL Winter · playoffs,3,1.0,6.5,132.0,2.0,55.0,134.0
FlickeR,Frites Esports Club,ROL,ADC,ROL Winter · playoffs,3,1.0,6.75,127.0,2.0,55.0,129.0
Bisk,The Bandits,ROL,Top,ROL Winter · playoffs,11,0.546,3.56,70.0,1.0,55.0,71.0
NuQ,Bulldog Esports,NLC,Top,ROL Winter · playoffs,3,1.0,3.25,-48.0,2.0,55.0,-46.0
Luncafoer,The Bandits,ROL,Jungle,ROL Winter · playoffs,11,0.546,2.71,-151.0,1.0,55.0,-150.0
bbmuffin,The Bandits,ROL,Mid,ROL Winter · playoffs,11,0.546,3.07,-187.0,1.0,55.0,-186.0
Ilyxøu,mCon esports,ROL,Top,ROL Winter · playoffs,1,0.0,2.0,-189.0,-1.0,55.0,-190.0
CaviaVampier,The Bandits,ROL,ADC,ROL Winter · playoffs,11,0.546,2.39,-225.0,1.0,55.0,-224.0
Guertas,Senshi eSports,ROL,Jungle,ROL Winter · playoffs,3,0.0,3.07,-269.0,-4.0,55.0,-273.0
Zuhy,Fortress Esports,ROL,Mid,ROL Winter · playoffs,3,0.0,2.19,-319.0,-4.0,55.0,-323.0
Slyv3r,mCon esports,ROL,ADC,ROL Winter · playoffs,3,0.0,2.42,-367.0,-4.0,55.0,-371.0
Smart,ZennIT,ROL,Top,ROL Winter · playoffs,8,0.625,2.68,-427.0,5.0,55.0,-422.0
Jamie,ZennIT,ROL,ADC,ROL Winter · playoffs,8,0.625,3.61,-429.0,5.0,55.0,-424.0
AwerpiS,TITANS,LIT,Support,ROL Winter · playoffs,9,0.444,2.38,-422.0,-2.0,55.0,-424.0
Enkil,BRUTE,HM,Support,ROL Winter · playoffs,3,0.0,2.5,-420.0,-4.0,55.0,-424.0
Asza,mCon esports,ROL,ADC,ROL Winter · playoffs,3,0.0,2.2,-419.0,-5.0,55.0,-424.0
Sïgma,ZennIT,ROL,Support,ROL Winter · playoffs,8,0.625,2.97,-450.0,5.0,55.0,-445.0
Kruimel,mCon esports,ROL,Mid,ROL Winter · playoffs,3,0.0,1.67,-441.0,-5.0,55.0,-446.0
Hatred,ZennIT,ROL,Jungle,ROL Winter · playoffs,8,0.625,4.11,-451.0,5.0,55.0,-446.0
Dolis,eSuba,HM,Mid,ROL Winter · playoffs,8,0.625,5.05,-454.0,5.0,55.0,-449.0
Nightmares,The Bandits,ROL,Support,ROL Winter · playoffs,2,0.0,2.25,-505.0,-3.0,55.0,-508.0
John P,mCon esports,ROL,Top,ROL Winter · playoffs,3,0.0,1.11,-527.0,-5.0,55.0,-532.0
Joekie,mCon esports,ROL,Jungle,ROL Winter · playoffs,3,0.0,1.83,-597.0,-5.0,55.0,-602.0
Seal,Frites Esports Club,ROL,Support,ROL Winter · saison régulière,13,1.0,6.7,224.0,0.0,55.0,224.0
Cboi,Valerion,HLL,Jungle,ROL Winter · saison régulière,13,1.0,7.93,214.0,0.0,55.0,214.0
Wolorz,Frites Esports Club,ROL,Mid,ROL Winter · saison régulière,13,1.0,9.0,132.0,0.0,55.0,132.0
FlickeR,Frites Esports Club,ROL,ADC,ROL Winter · saison régulière,13,1.0,9.04,127.0,0.0,55.0,127.0
Bisk,The Bandits,ROL,Top,ROL Winter · saison régulière,15,0.6,2.55,70.0,3.0,55.0,73.0
NuQ,Bulldog Esports,NLC,Top,ROL Winter · saison régulière,13,1.0,3.76,-48.0,0.0,55.0,-48.0
Luncafoer,The Bandits,ROL,Jungle,ROL Winter · saison régulière,15,0.6,4.04,-151.0,3.0,55.0,-148.0
bbmuffin,The Bandits,ROL,Mid,ROL Winter · saison régulière,15,0.6,2.96,-187.0,3.0,55.0,-184.0
Ilyxøu,mCon esports,ROL,Top,ROL Winter · saison régulière,14,0.571,2.82,-189.0,4.0,55.0,-185.0
CaviaVampier,The Bandits,ROL,ADC,ROL Winter · saison régulière,13,0.615,2.77,-225.0,3.0,55.0,-222.0
Guertas,Senshi eSports,ROL,Jungle,ROL Winter · saison régulière,14,0.571,3.65,-269.0,4.0,55.0,-265.0
Zuhy,Fortress Esports,ROL,Mid,ROL Winter · saison régulière,14,0.571,3.74,-319.0,4.0,55.0,-315.0
Slyv3r,mCon esports,ROL,ADC,ROL Winter · saison régulière,14,0.571,3.27,-367.0,4.0,55.0,-363.0
jjs156,Once Upon A Team,ROL,Top,ROL Winter · saison régulière,12,0.417,2.97,-368.0,-2.0,55.0,-370.0
HandiDog,Dynasty,ROL,Top,ROL Winter · saison régulière,13,0.385,2.79,-397.0,-2.0,55.0,-399.0
Enkil,BRUTE,HM,Support,ROL Winter · saison régulière,14,0.571,2.83,-420.0,4.0,55.0,-416.0
Franky,Myth Esports,ROL,Mid,ROL Winter · saison régulière,13,0.385,3.64,-416.0,-1.0,55.0,-417.0
Asza,mCon esports,ROL,ADC,ROL Winter · saison régulière,14,0.429,2.33,-419.0,1.0,55.0,-418.0
AwerpiS,TITANS,LIT,Support,ROL Winter · saison régulière,15,0.6,3.71,-422.0,3.0,55.0,-419.0
Dovendyr,Lund Esports Organization,NLC,Support,ROL Winter · saison régulière,13,0.385,3.25,-419.0,-1.0,55.0,-420.0
Smart,ZennIT,ROL,Top,ROL Winter · saison régulière,14,0.286,1.58,-427.0,-1.0,55.0,-428.0
BunnyBeast,Lund Esports Organization,NLC,ADC,ROL Winter · saison régulière,13,0.385,3.3,-428.0,-1.0,55.0,-429.0
Jamie,ZennIT,ROL,ADC,ROL Winter · saison régulière,14,0.286,2.24,-429.0,-1.0,55.0,-430.0
Kruimel,mCon esports,ROL,Mid,ROL Winter · saison régulière,14,0.429,2.84,-441.0,1.0,55.0,-440.0
Henry Snow,Dynasty,ROL,ADC,ROL Winter · saison régulière,13,0.385,2.51,-448.0,-2.0,55.0,-450.0
Sïgma,ZennIT,ROL,Support,ROL Winter · saison régulière,14,0.286,2.07,-450.0,-1.0,55.0,-451.0
Hatred,ZennIT,ROL,Jungle,ROL Winter · saison régulière,14,0.286,3.48,-451.0,-1.0,55.0,-452.0
Dolis,eSuba,HM,Mid,ROL Winter · saison régulière,14,0.286,2.84,-454.0,-1.0,55.0,-455.0
Someone,Once Upon A Team,ROL,Mid,ROL Winter · saison régulière,14,0.357,2.11,-465.0,-5.0,55.0,-470.0
Praxmax,Once Upon A Team,ROL,Support,ROL Winter · saison régulière,14,0.357,2.55,-467.0,-5.0,55.0,-472.0
Fishue,Dynasty,ROL,Jungle,ROL Winter · saison régulière,13,0.385,2.67,-480.0,-2.0,55.0,-482.0
Baumeef,Once Upon A Team,ROL,Jungle,ROL Winter · saison régulière,14,0.357,1.88,-484.0,-5.0,55.0,-489.0
Nightmares,The Bandits,ROL,Support,ROL Winter · saison régulière,14,0.429,3.43,-505.0,1.0,55.0,-504.0
John P,mCon esports,ROL,Top,ROL Winter · saison régulière,8,0.375,1.31,-527.0,0.0,55.0,-527.0
Sprotte,SPIKE Syndicate,ROL,Top,ROL Winter · saison régulière,13,0.385,2.0,-551.0,-1.0,55.0,-552.0
Unchained,Hooligans,ROL,Mid,ROL Winter · saison régulière,13,0.385,2.5,-558.0,-2.0,55.0,-560.0
Ferrari,SPIKE Syndicate,EBL,Jungle,ROL Winter · saison régulière,12,0.333,3.5,-563.0,-2.0,55.0,-565.0
Floris56,Senshi eSports,ROL,ADC,ROL Winter · saison régulière,14,0.357,2.03,-586.0,-5.0,55.0,-591.0
Joekie,mCon esports,ROL,Jungle,ROL Winter · saison régulière,14,0.429,2.11,-597.0,1.0,55.0,-596.0
Ranorr,CITA Kaizen Academy,HC,Support,ROL Winter · saison régulière,13,0.385,3.11,-611.0,-2.0,55.0,-613.0
Hype,Team Heretics,LEC,ADC,TCL Kickoff · saison régulière,15,0.933,8.27,634.0,2.0,55.0,636.0
SlowQ,SK Gaming,LEC,Mid,TCL Kickoff · saison régulière,15,0.933,6.14,616.0,2.0,55.0,618.0
Ragner,Joblife,LFL,Top,TCL Kickoff · saison régulière,15,0.933,5.0,431.0,2.0,55.0,433.0
113,Berlin International Gaming,PRM,Jungle,TCL Kickoff · saison régulière,15,0.933,4.58,382.0,2.0,55.0,384.0
Kofte,Joblife,LFL,Mid,TCL Kickoff · saison régulière,20,0.6,3.96,327.0,6.0,55.0,333.0
XnS,Movistar KOI Fénix,LES,Jungle,TCL Kickoff · saison régulière,20,0.45,4.06,299.0,-4.0,55.0,295.0
Bonnie,S2G Esports,TCL,Jungle,TCL Kickoff · saison régulière,20,0.6,5.07,240.0,6.0,55.0,246.0
DnDn,S2G Esports,TCL,Top,TCL Kickoff · saison régulière,20,0.6,4.05,232.0,6.0,55.0,238.0
Way,Team Heretics,LEC,Support,TCL Kickoff · saison régulière,15,0.933,9.0,211.0,2.0,55.0,213.0
Scorth,PCIFIC Esports,TCL,ADC,TCL Kickoff · saison régulière,20,0.6,4.93,204.0,6.0,55.0,210.0
alix,Gamespace Mediterranean College Esports,HLL,Mid,TCL Kickoff · saison régulière,19,0.632,3.54,153.0,3.0,55.0,156.0
Mersa,Joblife,LFL,Support,TCL Kickoff · saison régulière,20,0.6,3.55,103.0,6.0,55.0,109.0
Carry,Bushido Wildcats,TCL,Support,TCL Kickoff · saison régulière,20,0.45,3.01,96.0,-4.0,55.0,92.0
Kenal,Bushido Wildcats,TCL,ADC,TCL Kickoff · saison régulière,19,0.632,3.98,88.0,3.0,55.0,91.0
StarScreen,Pyramid IV Esports,AL,Top,TCL Kickoff · saison régulière,19,0.632,2.66,43.0,3.0,55.0,46.0
FireAscept,PCIFIC Esports,TCL,Mid,TCL Kickoff · saison régulière,14,0.357,2.96,39.0,-2.0,55.0,37.0
Dionelux,JSK Esports,AL,Top,TCL Kickoff · saison régulière,20,0.45,2.26,28.0,-4.0,55.0,24.0
Ersin,Team Phoenix,TCL,Top,TCL Kickoff · saison régulière,14,0.357,3.13,-52.0,-2.0,55.0,-54.0
Lekcyc,Bubliki,LPLOL,Support,TCL Kickoff · saison régulière,19,0.632,3.91,-91.0,3.0,55.0,-88.0
Kurama,Otter Side,LPLOL,Jungle,TCL Kickoff · saison régulière,14,0.357,2.34,-98.0,-2.0,55.0,-100.0
MélyaP,Lille Esport,NL,Mid,TCL Kickoff · saison régulière,2,0.0,0.67,-134.0,-4.0,55.0,-138.0
Atat,Dark Passage,TCL,Support,TCL Kickoff · saison régulière,13,0.308,1.86,-142.0,0.0,55.0,-142.0
Fade,Ozarox Esports,TCL,Mid,TCL Kickoff · saison régulière,20,0.45,3.2,-143.0,-4.0,55.0,-147.0
Elramir,Dream Esports,TCL,Jungle,TCL Kickoff · saison régulière,19,0.632,3.55,-174.0,3.0,55.0,-171.0
Grave,Dark Passage,TCL,ADC,TCL Kickoff · saison régulière,20,0.45,2.93,-173.0,-4.0,55.0,-177.0
KSAEZ,Dark Passage,TCL,Mid,TCL Kickoff · saison régulière,13,0.308,4.2,-209.0,0.0,55.0,-209.0
Sukru,Dream Esports,NL,Top,TCL Kickoff · saison régulière,13,0.308,2.12,-215.0,0.0,55.0,-215.0
Mean,BoostGate Esports,TCL,ADC,TCL Kickoff · saison régulière,6,0.0,1.24,-254.0,0.0,55.0,-254.0
Kakarot,SU Esports,NLC,ADC,TCL Kickoff · saison régulière,14,0.357,2.59,-278.0,-2.0,55.0,-280.0
Joexy,Dark Passage,TCL,Support,TCL Kickoff · saison régulière,14,0.357,2.48,-280.0,-2.0,55.0,-282.0
Wuis,Crystal Rose,ROL,Support,TCL Kickoff · saison régulière,3,0.333,2.07,-342.0,-2.0,55.0,-344.0
Neramin,BoostGate Esports,TCL,ADC,TCL Kickoff · saison régulière,13,0.308,2.57,-366.0,0.0,55.0,-366.0
Kireas,BoostGate Esports,TCL,Jungle,TCL Kickoff · saison régulière,13,0.308,2.92,-374.0,0.0,55.0,-374.0
Cha0s,Dream Esports,NLC,Top,TCL Kickoff · saison régulière,6,0.0,0.7,-413.0,0.0,55.0,-413.0
Varin,Team Phoenix,TCL,Support,TCL Kickoff · saison régulière,6,0.0,1.41,-428.0,0.0,55.0,-428.0
ardaffler,Bubliki,LPLOL,Mid,TCL Kickoff · saison régulière,7,0.143,2.29,-590.0,-6.0,55.0,-596.0
Daskhai,2 Massive,LIT,Mid,TCL Kickoff · saison régulière,5,0.2,1.65,-693.0,-2.0,55.0,-695.0
Ragner,Joblife,LFL,Top,TCL Spring · playoffs,6,1.0,9.2,431.0,4.0,55.0,435.0
113,Berlin International Gaming,PRM,Jungle,TCL Spring · playoffs,6,1.0,4.71,382.0,4.0,55.0,386.0
Kofte,Joblife,LFL,Mid,TCL Spring · playoffs,6,1.0,6.22,327.0,4.0,55.0,331.0
Ruep,Bushido Wildcats,TCL,ADC,TCL Spring · playoffs,6,1.0,5.5,263.0,4.0,55.0,267.0
Stalken,PCIFIC Esports,TCL,Jungle,TCL Spring · playoffs,15,0.6,6.5,167.0,7.0,55.0,174.0
Leks,ROSSMANN Centaurs,PRM,Top,TCL Spring · playoffs,8,0.5,2.58,174.0,-2.0,55.0,172.0
Carry,Bushido Wildcats,TCL,Support,TCL Spring · playoffs,6,1.0,14.8,96.0,4.0,55.0,100.0
monkaS,PCIFIC Esports,TCL,Support,TCL Spring · playoffs,6,0.0,1.6,86.0,-7.0,55.0,79.0
Seneca,BAAM Esports,AL,Support,TCL Spring · playoffs,8,0.5,3.39,73.0,-2.0,55.0,71.0
Nawa,PCIFIC Esports,TCL,ADC,TCL Spring · playoffs,15,0.6,4.24,47.0,7.0,55.0,54.0
FireAscept,PCIFIC Esports,TCL,Mid,TCL Spring · playoffs,15,0.6,3.22,39.0,7.0,55.0,46.0
Aytekn,Bushido Wildcats,TCL,Top,TCL Spring · playoffs,15,0.6,3.25,39.0,7.0,55.0,46.0
Jeyrus,DIA Ozarox Esports,TCL,ADC,TCL Spring · playoffs,5,0.4,2.42,43.0,-1.0,55.0,42.0
StarScreen,Pyramid IV Esports,AL,Top,TCL Spring · playoffs,6,0.0,0.78,43.0,-7.0,55.0,36.0
Dionelux,JSK Esports,AL,Top,TCL Spring · playoffs,4,0.25,2.08,28.0,-2.0,55.0,26.0
Beplush,Dark Passage,TCL,Support,TCL Spring · playoffs,15,0.6,3.92,8.0,7.0,55.0,15.0
RAMES,SU Esports,TCL,Jungle,TCL Spring · playoffs,8,0.5,2.22,17.0,-2.0,55.0,15.0
Secrett,Team Phantasma,HLL,Mid,TCL Spring · playoffs,8,0.5,3.15,-42.0,-2.0,55.0,-44.0
Ersin,Team Phoenix,TCL,Top,TCL Spring · playoffs,5,0.4,2.63,-52.0,-1.0,55.0,-53.0
Centu,Team Phantasma,HLL,Support,TCL Spring · playoffs,4,0.25,2.64,-78.0,-2.0,55.0,-80.0
Kurama,Otter Side,LPLOL,Jungle,TCL Spring · playoffs,5,0.4,1.94,-98.0,-1.0,55.0,-99.0
iwanan,devils.one inStreamly,RL,Mid,TCL Spring · playoffs,4,0.25,3.89,-103.0,-2.0,55.0,-105.0
Warner,ZennIT,ROL,Mid,TCL Spring · playoffs,5,0.4,3.5,-128.0,-1.0,55.0,-129.0
Cape,Ozarox Esports,TCL,Jungle,TCL Spring · playoffs,6,0.0,1.11,-128.0,-7.0,55.0,-135.0
Fade,Ozarox Esports,TCL,Mid,TCL Spring · playoffs,6,0.0,1.07,-143.0,-7.0,55.0,-150.0
bicas,DMG Esports,NLC,Jungle,TCL Spring · playoffs,4,0.25,2.92,-167.0,-2.0,55.0,-169.0
Grave,Dark Passage,TCL,ADC,TCL Spring · playoffs,6,0.0,1.45,-173.0,-7.0,55.0,-180.0
Vespa,Only The Family,EBL,ADC,TCL Spring · playoffs,8,0.5,3.22,-193.0,-2.0,55.0,-195.0
Mean,BoostGate Esports,TCL,ADC,TCL Spring · playoffs,4,0.25,2.31,-254.0,-2.0,55.0,-256.0
Virgo,Zerolag Esports,HLL,Support,TCL Spring · playoffs,5,0.4,2.88,-332.0,-1.0,55.0,-333.0
Hype,Team Heretics,LEC,ADC,TCL Spring · saison régulière,4,1.0,6.25,634.0,-5.0,55.0,629.0
SlowQ,SK Gaming,LEC,Mid,TCL Spring · saison régulière,4,1.0,1.81,616.0,-5.0,55.0,611.0
Stend,Shifters,LEC,Support,TCL Spring · saison régulière,4,1.0,6.67,519.0,-5.0,55.0,514.0
Ragner,Joblife,LFL,Top,TCL Spring · saison régulière,15,0.933,3.33,431.0,-6.0,55.0,425.0
113,Berlin International Gaming,PRM,Jungle,TCL Spring · saison régulière,15,0.933,4.62,382.0,-6.0,55.0,376.0
Kofte,Joblife,LFL,Mid,TCL Spring · saison régulière,11,0.909,4.5,327.0,-1.0,55.0,326.0
Ruep,Bushido Wildcats,TCL,ADC,TCL Spring · saison régulière,11,0.909,3.57,263.0,-1.0,55.0,262.0
Leks,ROSSMANN Centaurs,PRM,Top,TCL Spring · saison régulière,17,0.588,3.39,174.0,1.0,55.0,175.0
Stalken,PCIFIC Esports,TCL,Jungle,TCL Spring · saison régulière,16,0.562,4.03,167.0,-3.0,55.0,164.0
Carry,Bushido Wildcats,TCL,Support,TCL Spring · saison régulière,11,0.909,3.24,96.0,-1.0,55.0,95.0
monkaS,PCIFIC Esports,TCL,Support,TCL Spring · saison régulière,14,0.714,4.23,86.0,8.0,55.0,94.0
Seneca,BAAM Esports,AL,Support,TCL Spring · saison régulière,17,0.588,4.69,73.0,1.0,55.0,74.0
StarScreen,Pyramid IV Esports,AL,Top,TCL Spring · saison régulière,14,0.714,3.4,43.0,8.0,55.0,51.0
Jeyrus,DIA Ozarox Esports,TCL,ADC,TCL Spring · saison régulière,18,0.444,4.38,43.0,5.0,55.0,48.0
Nawa,PCIFIC Esports,TCL,ADC,TCL Spring · saison régulière,16,0.562,3.08,47.0,-3.0,55.0,44.0
FireAscept,PCIFIC Esports,TCL,Mid,TCL Spring · saison régulière,16,0.562,2.59,39.0,-3.0,55.0,36.0
Aytekn,Bushido Wildcats,TCL,Top,TCL Spring · saison régulière,16,0.562,3.62,39.0,-3.0,55.0,36.0
Dionelux,JSK Esports,AL,Top,TCL Spring · saison régulière,17,0.412,3.67,28.0,-1.0,55.0,27.0
RAMES,SU Esports,TCL,Jungle,TCL Spring · saison régulière,17,0.588,4.07,17.0,1.0,55.0,18.0
Beplush,Dark Passage,TCL,Support,TCL Spring · saison régulière,16,0.562,3.04,8.0,-3.0,55.0,5.0
Secrett,Team Phantasma,HLL,Mid,TCL Spring · saison régulière,17,0.588,3.31,-42.0,1.0,55.0,-41.0
Ersin,Team Phoenix,TCL,Top,TCL Spring · saison régulière,18,0.444,3.47,-52.0,5.0,55.0,-47.0
Centu,Team Phantasma,HLL,Support,TCL Spring · saison régulière,17,0.412,4.18,-78.0,-1.0,55.0,-79.0
Kurama,Otter Side,LPLOL,Jungle,TCL Spring · saison régulière,18,0.444,2.83,-98.0,5.0,55.0,-93.0
iwanan,devils.one inStreamly,RL,Mid,TCL Spring · saison régulière,17,0.412,4.51,-103.0,-1.0,55.0,-104.0
Cape,Ozarox Esports,TCL,Jungle,TCL Spring · saison régulière,14,0.714,2.7,-128.0,8.0,55.0,-120.0
Warner,ZennIT,ROL,Mid,TCL Spring · saison régulière,10,0.4,2.59,-128.0,5.0,55.0,-123.0
Fade,Ozarox Esports,TCL,Mid,TCL Spring · saison régulière,14,0.714,3.1,-143.0,8.0,55.0,-135.0
Bmoooo,Team Phoenix,TCL,Support,TCL Spring · saison régulière,16,0.25,3.53,-138.0,-2.0,55.0,-140.0
Grave,Dark Passage,TCL,ADC,TCL Spring · saison régulière,14,0.714,3.63,-173.0,8.0,55.0,-165.0
bicas,DMG Esports,NLC,Jungle,TCL Spring · saison régulière,17,0.412,3.35,-167.0,-1.0,55.0,-168.0
Vespa,Only The Family,EBL,ADC,TCL Spring · saison régulière,17,0.588,2.76,-193.0,1.0,55.0,-192.0
KSAEZ,Dark Passage,TCL,Mid,TCL Spring · saison régulière,15,0.133,2.15,-209.0,-2.0,55.0,-211.0
Creal,Team Phoenix,TCL,Mid,TCL Spring · saison régulière,8,0.5,2.93,-211.0,0.0,55.0,-211.0
meto,Team Phoenix,TCL,Jungle,TCL Spring · saison régulière,16,0.25,2.07,-228.0,-2.0,55.0,-230.0
Mean,BoostGate Esports,TCL,ADC,TCL Spring · saison régulière,17,0.412,4.06,-254.0,-1.0,55.0,-255.0
Joexy,Dark Passage,TCL,Support,TCL Spring · saison régulière,15,0.133,1.74,-280.0,-2.0,55.0,-282.0
Raen1,Team Phoenix,TCL,ADC,TCL Spring · saison régulière,16,0.25,2.19,-316.0,-2.0,55.0,-318.0
Virgo,Zerolag Esports,HLL,Support,TCL Spring · saison régulière,18,0.444,3.89,-332.0,5.0,55.0,-327.0
SmallBugi,The ParadOx Invaders,TCL,Mid,TCL Spring · saison régulière,16,0.25,2.15,-328.0,-2.0,55.0,-330.0
Neramin,BoostGate Esports,TCL,ADC,TCL Spring · saison régulière,15,0.133,1.85,-366.0,-2.0,55.0,-368.0
Hecabrand,Team Phoenix,TCL,Top,TCL Spring · saison régulière,16,0.25,1.93,-369.0,-2.0,55.0,-371.0
Kireas,BoostGate Esports,TCL,Jungle,TCL Spring · saison régulière,15,0.133,1.55,-374.0,-2.0,55.0,-376.0
Sangrod,Shark Attack,TCL,Top,TCL Spring · saison régulière,13,0.154,1.1,-400.0,-1.0,55.0,-401.0
Ruep,Bushido Wildcats,TCL,ADC,TCL Summer · saison régulière,23,0.739,6.31,263.0,9.0,54.0,272.0
Vetheo,SU Esports,TCL,Mid,TCL Summer · saison régulière,24,0.542,3.67,220.0,2.0,54.0,222.0
Scorth,PCIFIC Esports,TCL,ADC,TCL Summer · saison régulière,22,0.636,3.61,204.0,2.0,54.0,206.0
Stalken,PCIFIC Esports,TCL,Jungle,TCL Summer · saison régulière,22,0.636,7.35,167.0,2.0,54.0,169.0
IlllIma,SU Esports,TCL,Top,TCL Summer · saison régulière,24,0.542,2.37,159.0,2.0,54.0,161.0
Cimpo,SU Esports,TCL,ADC,TCL Summer · saison régulière,20,0.55,3.86,151.0,2.0,55.0,153.0
Bayonetta,PCIFIC Esports,TCL,Top,TCL Summer · saison régulière,22,0.636,4.18,119.0,2.0,54.0,121.0
Osman123,Bushido Wildcats,TCL,Jungle,TCL Summer · saison régulière,23,0.739,4.52,100.0,9.0,54.0,109.0
Carry,Bushido Wildcats,TCL,Support,TCL Summer · saison régulière,23,0.739,4.06,96.0,9.0,54.0,105.0
monkaS,PCIFIC Esports,TCL,Support,TCL Summer · saison régulière,22,0.636,4.01,86.0,2.0,54.0,88.0
Aytekn,Bushido Wildcats,TCL,Top,TCL Summer · saison régulière,23,0.739,3.67,39.0,9.0,54.0,48.0
Jeyrus,DIA Ozarox Esports,TCL,ADC,TCL Summer · saison régulière,11,0.454,2.3,43.0,-0.0,55.0,43.0
FireAscept,PCIFIC Esports,TCL,Mid,TCL Summer · saison régulière,22,0.636,3.15,39.0,2.0,54.0,41.0
RAMES,SU Esports,TCL,Jungle,TCL Summer · saison régulière,24,0.542,4.45,17.0,2.0,54.0,19.0
Beplush,Dark Passage,TCL,Support,TCL Summer · saison régulière,22,0.5,3.79,8.0,-1.0,54.0,7.0
Yuros,DIA Ozarox Esports,NL,Mid,TCL Summer · saison régulière,8,0.625,4.08,-6.0,6.0,55.0,0.0
Camana,Bushido Wildcats,TCL,Mid,TCL Summer · saison régulière,23,0.739,6.89,-35.0,9.0,54.0,-26.0
Typhoon,Dark Passage,TCL,Jungle,TCL Summer · saison régulière,21,0.524,3.37,-37.0,-0.0,54.0,-37.0
Ersin,Team Phoenix,TCL,Top,TCL Summer · saison régulière,13,0.231,2.72,-52.0,-3.0,55.0,-55.0
Carve,DIA Ozarox Esports,TCL,Support,TCL Summer · saison régulière,11,0.454,2.92,-68.0,-0.0,55.0,-68.0
Lynx,Dark Passage,TCL,Mid,TCL Summer · saison régulière,22,0.5,3.11,-81.0,-1.0,54.0,-82.0
Patch,SU Esports,TCL,Support,TCL Summer · saison régulière,24,0.542,3.12,-99.0,2.0,54.0,-97.0
fabFabulous,Dark Passage,TCL,Top,TCL Summer · saison régulière,22,0.5,1.66,-115.0,-1.0,54.0,-116.0
Grave,Dark Passage,TCL,ADC,TCL Summer · saison régulière,22,0.5,2.94,-173.0,-1.0,54.0,-174.0
Forzent,Team Phoenix,TCL,Jungle,TCL Summer · saison régulière,11,0.273,1.91,-181.0,1.0,55.0,-180.0
Ozgur,Team Phoenix,TCL,ADC,TCL Summer · saison régulière,11,0.273,3.79,-184.0,1.0,55.0,-183.0
Creal,Team Phoenix,TCL,Mid,TCL Summer · saison régulière,13,0.231,1.78,-211.0,-3.0,55.0,-214.0
Hamsi,DIA Ozarox Esports,TCL,Top,TCL Summer · saison régulière,11,0.454,2.94,-252.0,-0.0,55.0,-252.0
Kakarot,SU Esports,NLC,ADC,TCL Summer · saison régulière,4,0.5,1.93,-278.0,-0.0,55.0,-278.0
Aspect,DIA Ozarox Esports,TCL,Jungle,TCL Summer · saison régulière,11,0.454,3.51,-312.0,-0.0,55.0,-312.0
Raen1,Team Phoenix,TCL,ADC,TCL Summer · saison régulière,2,0.0,0.86,-316.0,-3.0,55.0,-319.0
Neramin,BoostGate Esports,TCL,ADC,TCL Summer · saison régulière,6,0.0,1.42,-366.0,-4.0,55.0,-370.0
Kireas,BoostGate Esports,TCL,Jungle,TCL Summer · saison régulière,6,0.0,1.08,-374.0,-4.0,55.0,-378.0
Sangrod,Shark Attack,TCL,Top,TCL Summer · saison régulière,9,0.222,1.38,-400.0,-5.0,55.0,-405.0
Varin,Team Phoenix,TCL,Support,TCL Summer · saison régulière,13,0.231,2.72,-428.0,-3.0,55.0,-431.0
Steller,MVK Esports Academy,VCS,Top,VCS Finals · playoffs,10,0.6,3.15,412.0,5.0,55.0,417.0
Seany,MVK Esports Academy,VCS,Mid,VCS Finals · playoffs,10,0.6,2.94,229.0,5.0,55.0,234.0
Aomine,Saigon Warriors,VCS,ADC,VCS Finals · playoffs,7,0.714,6.0,212.0,2.0,55.0,214.0
Elio,Saigon Warriors,VCS,Support,VCS Finals · playoffs,7,0.714,5.93,172.0,2.0,55.0,174.0
kairi,SN CyberCore Esports,VCS,Support,VCS Finals · playoffs,9,0.444,3.06,157.0,-3.0,55.0,154.0
AisyL,Saigon Warriors,VCS,Mid,VCS Finals · playoffs,7,0.714,4.47,136.0,2.0,55.0,138.0
Nern,Saigon Warriors,VCS,Top,VCS Finals · playoffs,7,0.714,3.06,92.0,2.0,55.0,94.0
j1n5,Saigon Warriors,VCS,Jungle,VCS Finals · playoffs,7,0.714,5.71,68.0,2.0,55.0,70.0
GiaQui,9Gaming Esports,VCS,Mid,VCS Finals · playoffs,6,0.167,2.95,-81.0,-4.0,55.0,-85.0
Zin,9Gaming Esports,VCS,Support,VCS Finals · playoffs,6,0.167,2.22,-84.0,-4.0,55.0,-88.0
Charlington,9Gaming Esports,VCS,ADC,VCS Finals · playoffs,6,0.167,2.58,-136.0,-4.0,55.0,-140.0
Rikk,SN CyberCore Esports,VCS,Jungle,VCS Finals · playoffs,8,0.5,2.17,-152.0,-1.0,55.0,-153.0
Sparda,SN CyberCore Esports,VCS,Top,VCS Finals · playoffs,9,0.444,1.83,-151.0,-3.0,55.0,-154.0
Yashiro2,SN CyberCore Esports,VCS,ADC,VCS Finals · playoffs,9,0.444,2.71,-160.0,-3.0,55.0,-163.0
Callian,MVK Esports Academy,VCS,Support,VCS Finals · playoffs,10,0.6,3.56,-175.0,5.0,55.0,-170.0
SCP,9Gaming Esports,VCS,Jungle,VCS Finals · playoffs,6,0.167,1.97,-175.0,-4.0,55.0,-179.0
Vin,SN CyberCore Esports,VCS,Mid,VCS Finals · playoffs,9,0.444,3.06,-253.0,-3.0,55.0,-256.0
Umi,MVK Esports Academy,VCS,Jungle,VCS Finals · playoffs,10,0.6,4.11,-265.0,5.0,55.0,-260.0
Nuna,MVK Esports Academy,VCS,ADC,VCS Finals · playoffs,10,0.6,3.46,-271.0,5.0,55.0,-266.0
Hasmed,9Gaming Esports,VCS,Top,VCS Finals · playoffs,6,0.167,1.64,-279.0,-4.0,55.0,-283.0
Steller,MVK Esports Academy,VCS,Top,VCS Finals · saison régulière,7,0.429,2.88,412.0,-4.0,55.0,408.0
Seany,MVK Esports Academy,VCS,Mid,VCS Finals · saison régulière,9,0.444,3.12,229.0,-5.0,55.0,224.0
Aomine,Saigon Warriors,VCS,ADC,VCS Finals · saison régulière,8,0.75,6.06,212.0,-1.0,55.0,211.0
Elio,Saigon Warriors,VCS,Support,VCS Finals · saison régulière,8,0.75,7.06,172.0,-1.0,55.0,171.0
kairi,SN CyberCore Esports,VCS,Support,VCS Finals · saison régulière,10,0.6,3.84,157.0,5.0,55.0,162.0
AisyL,Saigon Warriors,VCS,Mid,VCS Finals · saison régulière,8,0.75,3.78,136.0,-1.0,55.0,135.0
Nern,Saigon Warriors,VCS,Top,VCS Finals · saison régulière,8,0.75,3.15,92.0,-1.0,55.0,91.0
j1n5,Saigon Warriors,VCS,Jungle,VCS Finals · saison régulière,6,0.833,6.29,68.0,3.0,55.0,71.0
GiaQui,9Gaming Esports,VCS,Mid,VCS Finals · saison régulière,9,0.556,6.63,-81.0,3.0,55.0,-78.0
Zin,9Gaming Esports,VCS,Support,VCS Finals · saison régulière,9,0.556,4.41,-84.0,3.0,55.0,-81.0
Charlington,9Gaming Esports,VCS,ADC,VCS Finals · saison régulière,9,0.556,3.89,-136.0,3.0,55.0,-133.0
Sparda,SN CyberCore Esports,VCS,Top,VCS Finals · saison régulière,10,0.6,3.17,-151.0,5.0,55.0,-146.0
tiphat,1TAP Dino,VCS,Jungle,VCS Finals · saison régulière,6,0.167,1.17,-150.0,-0.0,55.0,-150.0
Rikk,SN CyberCore Esports,VCS,Jungle,VCS Finals · saison régulière,6,0.5,2.32,-152.0,-2.0,55.0,-154.0
Yashiro2,SN CyberCore Esports,VCS,ADC,VCS Finals · saison régulière,10,0.6,4.33,-160.0,5.0,55.0,-155.0
SCP,9Gaming Esports,VCS,Jungle,VCS Finals · saison régulière,9,0.556,3.97,-175.0,3.0,55.0,-172.0
Callian,MVK Esports Academy,VCS,Support,VCS Finals · saison régulière,9,0.444,3.65,-175.0,-5.0,55.0,-180.0
rayq,Saigon Warriors,VCS,Jungle,VCS Finals · saison régulière,2,0.5,1.56,-233.0,-4.0,55.0,-237.0
Vin,SN CyberCore Esports,VCS,Mid,VCS Finals · saison régulière,10,0.6,3.18,-253.0,5.0,55.0,-248.0
NPC,MVK Esports Academy,VCS,Jungle,VCS Finals · saison régulière,9,0.444,3.29,-259.0,-5.0,55.0,-264.0
Umi,MVK Esports Academy,VCS,Jungle,VCS Finals · saison régulière,2,0.5,4.4,-265.0,-1.0,55.0,-266.0
Hasmed,9Gaming Esports,VCS,Top,VCS Finals · saison régulière,9,0.556,1.83,-279.0,3.0,55.0,-276.0
Nuna,MVK Esports Academy,VCS,ADC,VCS Finals · saison régulière,9,0.444,4.23,-271.0,-5.0,55.0,-276.0
Easylove,1TAP Dino,VCS,ADC,VCS Finals · saison régulière,4,0.25,1.45,-307.0,-1.0,55.0,-308.0
TT,1TAP Dino,VCS,Mid,VCS Finals · saison régulière,10,0.2,1.43,-337.0,-2.0,55.0,-339.0
Nanaue,1TAP Dino,VCS,Top,VCS Finals · saison régulière,10,0.2,1.28,-409.0,-2.0,55.0,-411.0
Tahahy,1TAP Dino,VCS,Support,VCS Finals · saison régulière,10,0.2,2.29,-691.0,-2.0,55.0,-693.0
Harky,MVK Esports,LCP,ADC,VCS Spring · playoffs,11,0.818,3.34,431.0,-0.0,55.0,431.0
Steller,MVK Esports Academy,VCS,Top,VCS Spring · playoffs,11,0.818,4.52,412.0,-0.0,55.0,412.0
SiuLoong,MVK Esports,LCP,Support,VCS Spring · playoffs,7,0.857,4.82,349.0,1.0,55.0,350.0
Seany,MVK Esports Academy,VCS,Mid,VCS Spring · playoffs,3,1.0,7.0,229.0,-0.0,55.0,229.0
Chika,MVK Esports,LCP,Mid,VCS Spring · playoffs,8,0.75,4.33,187.0,-0.0,55.0,187.0
kairi,SN CyberCore Esports,VCS,Support,VCS Spring · playoffs,11,0.454,4.73,157.0,3.0,55.0,160.0
AisyL,Saigon Warriors,VCS,Mid,VCS Spring · playoffs,17,0.471,2.85,136.0,1.0,55.0,137.0
Nern,Saigon Warriors,VCS,Top,VCS Spring · playoffs,17,0.471,4.18,92.0,1.0,55.0,93.0
j1n5,Saigon Warriors,VCS,Jungle,VCS Spring · playoffs,7,0.429,2.44,68.0,-5.0,55.0,63.0
Dara2,9Gaming Esports,VCS,Support,VCS Spring · playoffs,8,0.25,1.74,-51.0,-7.0,55.0,-58.0
SanSan,MVK Esports Academy,VCS,Jungle,VCS Spring · playoffs,3,1.0,3.73,-115.0,-0.0,55.0,-115.0
tiphat,1TAP Dino,VCS,Jungle,VCS Spring · playoffs,10,0.5,5.07,-150.0,6.0,55.0,-144.0
Virgo,1TAP Dino,VCS,Top,VCS Spring · playoffs,10,0.4,1.92,-184.0,7.0,55.0,-177.0
Callian,MVK Esports Academy,VCS,Support,VCS Spring · playoffs,4,0.75,2.95,-175.0,-2.0,55.0,-177.0
Kzt,1TAP Dino,VCS,Jungle,VCS Spring · playoffs,10,0.4,2.67,-185.0,7.0,55.0,-178.0
666,9Gaming Esports,VCS,Jungle,VCS Spring · playoffs,2,0.0,0.92,-180.0,-6.0,55.0,-186.0
LDK,Saigon Warriors,VCS,Support,VCS Spring · playoffs,6,0.5,3.27,-213.0,-2.0,55.0,-215.0
BayMaxxx,9Gaming Esports,VCS,Mid,VCS Spring · playoffs,8,0.25,1.97,-225.0,-7.0,55.0,-232.0
peka,1TAP Dino,VCS,Mid,VCS Spring · playoffs,7,0.571,3.5,-258.0,8.0,55.0,-250.0
NPC,MVK Esports Academy,VCS,Jungle,VCS Spring · playoffs,8,0.75,4.56,-259.0,-0.0,55.0,-259.0
Umi,MVK Esports Academy,VCS,Jungle,VCS Spring · playoffs,6,0.333,2.54,-265.0,-2.0,55.0,-267.0
Nuna,MVK Esports Academy,VCS,ADC,VCS Spring · playoffs,8,0.25,1.92,-271.0,-7.0,55.0,-278.0
Okyu,1TAP Dino,VCS,ADC,VCS Spring · playoffs,10,0.4,2.61,-323.0,7.0,55.0,-316.0
Hieu3,1TAP Dino,VCS,Support,VCS Spring · playoffs,10,0.4,2.57,-339.0,7.0,55.0,-332.0
TT,1TAP Dino,VCS,Mid,VCS Spring · playoffs,17,0.471,2.47,-337.0,1.0,55.0,-336.0
Nanaue,1TAP Dino,VCS,Top,VCS Spring · playoffs,8,0.25,1.19,-409.0,-7.0,55.0,-416.0
Harky,MVK Esports,LCP,ADC,VCS Spring · saison régulière,10,1.0,11.67,431.0,5.0,55.0,436.0
Steller,MVK Esports Academy,VCS,Top,VCS Spring · saison régulière,10,1.0,6.44,412.0,5.0,55.0,417.0
SiuLoong,MVK Esports,LCP,Support,VCS Spring · saison régulière,5,1.0,10.5,349.0,3.0,55.0,352.0
Seany,MVK Esports Academy,VCS,Mid,VCS Spring · saison régulière,6,1.0,11.33,229.0,5.0,55.0,234.0
Chika,MVK Esports,LCP,Mid,VCS Spring · saison régulière,4,1.0,4.5,187.0,1.0,55.0,188.0
AisyL,Saigon Warriors,VCS,Mid,VCS Spring · saison régulière,8,0.75,3.39,136.0,0.0,55.0,136.0
Nern,Saigon Warriors,VCS,Top,VCS Spring · saison régulière,10,0.6,2.96,92.0,-2.0,55.0,90.0
j1n5,Saigon Warriors,VCS,Jungle,VCS Spring · saison régulière,6,0.5,3.42,68.0,-3.0,55.0,65.0
Dara2,9Gaming Esports,VCS,Support,VCS Spring · saison régulière,8,0.75,3.39,-51.0,14.0,55.0,-37.0
SanSan,MVK Esports Academy,VCS,Jungle,VCS Spring · saison régulière,4,1.0,5.42,-115.0,1.0,55.0,-114.0
tiphat,1TAP Dino,VCS,Jungle,VCS Spring · saison régulière,6,0.5,3.8,-150.0,-2.0,55.0,-152.0
666,9Gaming Esports,VCS,Jungle,VCS Spring · saison régulière,11,0.727,5.82,-180.0,14.0,55.0,-166.0
Callian,MVK Esports Academy,VCS,Support,VCS Spring · saison régulière,5,1.0,5.27,-175.0,2.0,55.0,-173.0
Kzt,1TAP Dino,VCS,Jungle,VCS Spring · saison régulière,1,0.0,1.56,-185.0,-3.0,55.0,-188.0
Virgo,1TAP Dino,VCS,Top,VCS Spring · saison régulière,11,0.273,1.52,-184.0,-8.0,55.0,-192.0
BayMaxxx,9Gaming Esports,VCS,Mid,VCS Spring · saison régulière,11,0.727,3.72,-225.0,14.0,55.0,-211.0
LDK,Saigon Warriors,VCS,Support,VCS Spring · saison régulière,10,0.6,6.45,-213.0,-2.0,55.0,-215.0
Solis,ZEN Esports,VCS,Top,VCS Spring · saison régulière,11,0.182,1.01,-235.0,-4.0,55.0,-239.0
NPC,MVK Esports Academy,VCS,Jungle,VCS Spring · saison régulière,6,1.0,25.0,-259.0,5.0,55.0,-254.0
Vin,SN CyberCore Esports,VCS,Mid,VCS Spring · saison régulière,11,0.273,2.94,-253.0,-4.0,55.0,-257.0
Nuna,MVK Esports Academy,VCS,ADC,VCS Spring · saison régulière,11,0.727,5.48,-271.0,14.0,55.0,-257.0
peka,1TAP Dino,VCS,Mid,VCS Spring · saison régulière,10,0.3,2.1,-258.0,-7.0,55.0,-265.0
NtNt,SN CyberCore Esports,VCS,Jungle,VCS Spring · saison régulière,11,0.273,3.95,-307.0,-4.0,55.0,-311.0
Okyu,1TAP Dino,VCS,ADC,VCS Spring · saison régulière,11,0.273,1.74,-323.0,-8.0,55.0,-331.0
TT,1TAP Dino,VCS,Mid,VCS Spring · saison régulière,10,0.6,4.7,-337.0,-2.0,55.0,-339.0
Hieu3,1TAP Dino,VCS,Support,VCS Spring · saison régulière,11,0.273,2.53,-339.0,-8.0,55.0,-347.0
VietThanh,Ngựa Hí Esports,VCS,Top,VCS Spring · saison régulière,11,0.273,1.71,-391.0,-4.0,55.0,-395.0
Nanaue,1TAP Dino,VCS,Top,VCS Spring · saison régulière,11,0.727,5.0,-409.0,14.0,55.0,-395.0
Hustle,SN CyberCore Esports,VCS,Mid,VCS Spring · saison régulière,11,0.182,1.73,-396.0,-4.0,55.0,-400.0
Blue,Ngựa Hí Esports,VCS,Support,VCS Spring · saison régulière,11,0.273,2.18,-410.0,-4.0,55.0,-414.0
ANOKER,1TAP Dino,VCS,Jungle,VCS Spring · saison régulière,10,0.3,2.2,-410.0,-6.0,55.0,-416.0
P9,SN CyberCore Esports,VCS,Jungle,VCS Spring · saison régulière,11,0.182,1.5,-459.0,-4.0,55.0,-463.0
Arrietty,SN CyberCore Esports,VCS,ADC,VCS Spring · saison régulière,11,0.182,1.13,-490.0,-4.0,55.0,-494.0
Aomine,Saigon Warriors,VCS,ADC,VCS Summer · playoffs,10,0.9,5.57,212.0,0.0,55.0,212.0
Elio,Saigon Warriors,VCS,Support,VCS Summer · playoffs,17,0.471,3.16,172.0,-4.0,55.0,168.0
kairi,SN CyberCore Esports,VCS,Support,VCS Summer · playoffs,10,0.9,4.69,157.0,0.0,55.0,157.0
AisyL,Saigon Warriors,VCS,Mid,VCS Summer · playoffs,10,0.9,3.45,136.0,0.0,55.0,136.0
Nern,Saigon Warriors,VCS,Top,VCS Summer · playoffs,10,0.9,3.96,92.0,0.0,55.0,92.0
Shogun,SN CyberCore Esports,VCS,ADC,VCS Summer · playoffs,8,0.25,1.95,90.0,0.0,55.0,90.0
j1n5,Saigon Warriors,VCS,Jungle,VCS Summer · playoffs,10,0.9,5.89,68.0,0.0,55.0,68.0
Emo,1TAP Dino,VCS,Mid,VCS Summer · playoffs,17,0.471,3.56,-12.0,-4.0,55.0,-16.0
GiaQui,9Gaming Esports,VCS,Mid,VCS Summer · playoffs,13,0.385,3.7,-81.0,4.0,55.0,-77.0
Zin,9Gaming Esports,VCS,Support,VCS Summer · playoffs,13,0.385,3.5,-84.0,4.0,55.0,-80.0
Charlington,9Gaming Esports,VCS,ADC,VCS Summer · playoffs,13,0.385,3.12,-136.0,4.0,55.0,-132.0
SCP,9Gaming Esports,VCS,Jungle,VCS Summer · playoffs,13,0.385,2.56,-175.0,4.0,55.0,-171.0
Virgo,1TAP Dino,VCS,Top,VCS Summer · playoffs,17,0.471,2.08,-184.0,-4.0,55.0,-188.0
Vit,SN CyberCore Esports,VCS,ADC,VCS Summer · playoffs,8,0.25,1.72,-226.0,0.0,55.0,-226.0
Solis,ZEN Esports,VCS,Top,VCS Summer · playoffs,13,0.385,1.82,-235.0,4.0,55.0,-231.0
rayq,Saigon Warriors,VCS,Jungle,VCS Summer · playoffs,17,0.471,3.04,-233.0,-4.0,55.0,-237.0
Vin,SN CyberCore Esports,VCS,Mid,VCS Summer · playoffs,8,0.25,2.75,-253.0,0.0,55.0,-253.0
NtNt,SN CyberCore Esports,VCS,Jungle,VCS Summer · playoffs,8,0.25,2.55,-307.0,0.0,55.0,-307.0
Ryuk,SN CyberCore Esports,VCS,Top,VCS Summer · playoffs,8,0.25,2.56,-310.0,0.0,55.0,-310.0
Easylove,1TAP Dino,VCS,ADC,VCS Summer · playoffs,17,0.471,2.56,-307.0,-4.0,55.0,-311.0
Aomine,Saigon Warriors,VCS,ADC,VCS Summer · saison régulière,11,0.909,8.25,212.0,5.0,55.0,217.0
Elio,Saigon Warriors,VCS,Support,VCS Summer · saison régulière,11,0.727,5.1,172.0,8.0,55.0,180.0
kairi,SN CyberCore Esports,VCS,Support,VCS Summer · saison régulière,11,0.909,8.0,157.0,5.0,55.0,162.0
AisyL,Saigon Warriors,VCS,Mid,VCS Summer · saison régulière,11,0.909,6.95,136.0,5.0,55.0,141.0
Nern,Saigon Warriors,VCS,Top,VCS Summer · saison régulière,11,0.909,4.59,92.0,5.0,55.0,97.0
Shogun,SN CyberCore Esports,VCS,ADC,VCS Summer · saison régulière,13,0.462,3.4,90.0,2.0,55.0,92.0
j1n5,Saigon Warriors,VCS,Jungle,VCS Summer · saison régulière,11,0.909,10.25,68.0,5.0,55.0,73.0
Emo,1TAP Dino,VCS,Mid,VCS Summer · saison régulière,11,0.727,5.33,-12.0,8.0,55.0,-4.0
Dara2,9Gaming Esports,VCS,Support,VCS Summer · saison régulière,3,0.333,2.25,-51.0,-1.0,55.0,-52.0
GiaQui,9Gaming Esports,VCS,Mid,VCS Summer · saison régulière,11,0.546,3.54,-81.0,-0.0,55.0,-81.0
Zin,9Gaming Esports,VCS,Support,VCS Summer · saison régulière,11,0.546,5.1,-84.0,-0.0,55.0,-84.0
SanSan,MVK Esports Academy,VCS,Jungle,VCS Summer · saison régulière,7,0.286,2.73,-115.0,-4.0,55.0,-119.0
Charlington,9Gaming Esports,VCS,ADC,VCS Summer · saison régulière,11,0.546,3.21,-136.0,-0.0,55.0,-136.0
Rikk,SN CyberCore Esports,VCS,Jungle,VCS Summer · saison régulière,2,1.0,4.67,-152.0,3.0,55.0,-149.0
SCP,9Gaming Esports,VCS,Jungle,VCS Summer · saison régulière,11,0.546,2.96,-175.0,-0.0,55.0,-175.0
Virgo,1TAP Dino,VCS,Top,VCS Summer · saison régulière,11,0.727,3.0,-184.0,8.0,55.0,-176.0
Callian,MVK Esports Academy,VCS,Support,VCS Summer · saison régulière,11,0.273,2.95,-175.0,-6.0,55.0,-181.0
666,9Gaming Esports,VCS,Jungle,VCS Summer · saison régulière,8,0.125,1.14,-180.0,-6.0,55.0,-186.0
Vit,SN CyberCore Esports,VCS,ADC,VCS Summer · saison régulière,13,0.462,2.78,-226.0,2.0,55.0,-224.0
rayq,Saigon Warriors,VCS,Jungle,VCS Summer · saison régulière,9,0.667,6.43,-233.0,5.0,55.0,-228.0
BayMaxxx,9Gaming Esports,VCS,Mid,VCS Summer · saison régulière,5,0.0,0.57,-225.0,-5.0,55.0,-230.0
Solis,ZEN Esports,VCS,Top,VCS Summer · saison régulière,10,0.6,2.97,-235.0,1.0,55.0,-234.0
Vin,SN CyberCore Esports,VCS,Mid,VCS Summer · saison régulière,13,0.462,3.45,-253.0,2.0,55.0,-251.0
NPC,MVK Esports Academy,VCS,Jungle,VCS Summer · saison régulière,6,0.167,2.04,-259.0,-4.0,55.0,-263.0
Umi,MVK Esports Academy,VCS,Jungle,VCS Summer · saison régulière,3,0.0,0.79,-265.0,-4.0,55.0,-269.0
Nuna,MVK Esports Academy,VCS,ADC,VCS Summer · saison régulière,11,0.091,1.69,-271.0,-10.0,55.0,-281.0
Easylove,1TAP Dino,VCS,ADC,VCS Summer · saison régulière,7,0.571,5.18,-307.0,2.0,55.0,-305.0
NtNt,SN CyberCore Esports,VCS,Jungle,VCS Summer · saison régulière,13,0.462,2.62,-307.0,2.0,55.0,-305.0
Ryuk,SN CyberCore Esports,VCS,Top,VCS Summer · saison régulière,8,0.375,1.84,-310.0,-2.0,55.0,-312.0
Copper,MVK Esports Academy,VCS,Top,VCS Summer · saison régulière,11,0.273,1.82,-380.0,-6.0,55.0,-386.0
SkyK,MVK Esports Academy,VCS,ADC,VCS Summer · saison régulière,11,0.273,2.71,-399.0,-6.0,55.0,-405.0
Nanaue,1TAP Dino,VCS,Top,VCS Summer · saison régulière,11,0.091,1.66,-409.0,-10.0,55.0,-419.0
Tahahy,1TAP Dino,VCS,Support,VCS Summer · saison régulière,8,0.0,1.48,-691.0,-9.0,55.0,-700.0
Kryze,Solary,LFL,Top,"WSCI (invitation des équipes académie, septembre)",9,0.889,6.31,620.0,4.0,55.0,624.0
TheHank,Bilibili Gaming Junior,LPL,Support,"WSCI (invitation des équipes académie, septembre)",6,0.5,4.93,613.0,1.0,55.0,614.0
Thayger,Galions,LFL,Jungle,"WSCI (invitation des équipes académie, septembre)",9,0.778,5.12,615.0,-2.0,55.0,613.0
Zicssi,Solary,LFL,Jungle,"WSCI (invitation des équipes académie, septembre)",9,0.889,3.8,604.0,4.0,55.0,608.0
Piero,Solary,LFL,Support,"WSCI (invitation des équipes académie, septembre)",9,0.889,11.07,601.0,4.0,55.0,605.0
Aetinoth,Solary,LFL,ADC,"WSCI (invitation des équipes académie, septembre)",9,0.889,5.36,601.0,4.0,55.0,605.0
Carlsen,Galions,LFL,Top,"WSCI (invitation des équipes académie, septembre)",9,0.778,5.5,598.0,-2.0,55.0,596.0
Zoelys,Galions,LFL,Support,"WSCI (invitation des équipes académie, septembre)",9,0.778,5.78,591.0,-2.0,55.0,589.0
Painter,T1 Esports Academy,LCKC,Jungle,"WSCI (invitation des équipes académie, septembre)",10,0.8,4.44,585.0,-2.0,55.0,583.0
HARPOON,Galions,LFL,ADC,"WSCI (invitation des équipes académie, septembre)",9,0.778,3.43,579.0,-2.0,55.0,577.0
Jool,Solary,LFL,Mid,"WSCI (invitation des équipes académie, septembre)",9,0.889,3.97,572.0,4.0,55.0,576.0
Cloud,T1 Esports Academy,LCKC,Support,"WSCI (invitation des équipes académie, septembre)",10,0.8,5.93,562.0,-2.0,55.0,560.0
sinian,EDG Youth Team,LPL,Mid,"WSCI (invitation des équipes académie, septembre)",6,0.5,3.3,554.0,1.0,55.0,555.0
OMON,Galions,LFL,Mid,"WSCI (invitation des équipes académie, septembre)",9,0.778,3.23,550.0,-2.0,55.0,548.0
Guti,T1 Esports Academy,LCKC,Mid,"WSCI (invitation des équipes académie, septembre)",10,0.8,5.96,511.0,-2.0,55.0,509.0
Haetae,T1 Esports Academy,LCKC,Top,"WSCI (invitation des équipes académie, septembre)",10,0.8,3.96,492.0,-2.0,55.0,490.0
Pollu,KT Rolster Challengers,LCKC,Support,"WSCI (invitation des équipes académie, septembre)",9,0.556,2.7,471.0,-1.0,55.0,470.0
FenRir,KT Rolster Challengers,LCKC,ADC,"WSCI (invitation des équipes académie, septembre)",9,0.556,2.86,461.0,-1.0,55.0,460.0
Fresskowy,Movistar KOI Fénix,LES,Mid,"WSCI (invitation des équipes académie, septembre)",18,0.611,3.84,451.0,-1.0,55.0,450.0
Liangchen,Bilibili Gaming Junior,LPL,Top,"WSCI (invitation des équipes académie, septembre)",6,0.5,2.41,442.0,1.0,55.0,443.0
Irrelevant,Berlin International Gaming,PRM,Top,"WSCI (invitation des équipes académie, septembre)",5,0.4,3.2,425.0,-1.0,55.0,424.0
Jaehyuk,Dplus Kia Challengers,LCKC,Top,"WSCI (invitation des équipes académie, septembre)",11,0.636,4.08,433.0,-11.0,55.0,422.0
Garden,Dplus Kia Challengers,LCKC,Mid,"WSCI (invitation des équipes académie, septembre)",11,0.636,2.98,415.0,-11.0,55.0,404.0
Reeker,Berlin International Gaming,PRM,Mid,"WSCI (invitation des équipes académie, septembre)",5,0.4,4.4,405.0,-1.0,55.0,404.0
Wayne,Dplus Kia Challengers,LCKC,ADC,"WSCI (invitation des équipes académie, septembre)",11,0.636,4.6,414.0,-11.0,55.0,403.0
Loopy,Dplus Kia Challengers,LCKC,Support,"WSCI (invitation des équipes académie, septembre)",11,0.636,3.62,412.0,-11.0,55.0,401.0
DDoiV,DN SOOPers Challengers,LCKC,Jungle,"WSCI (invitation des équipes académie, septembre)",11,0.546,3.76,395.0,4.0,55.0,399.0
Lancer,DN SOOPers Challengers,LCKC,Top,"WSCI (invitation des équipes académie, septembre)",11,0.546,2.81,394.0,4.0,55.0,398.0
Kaiser,Berlin International Gaming,PRM,Support,"WSCI (invitation des équipes académie, septembre)",5,0.4,4.2,387.0,-1.0,55.0,386.0
Myrtus,Movistar KOI Fénix,LES,Support,"WSCI (invitation des équipes académie, septembre)",18,0.611,4.21,386.0,-1.0,55.0,385.0
Flip,DN SOOPers Challengers,LCKC,Mid,"WSCI (invitation des équipes académie, septembre)",11,0.546,3.2,380.0,4.0,55.0,384.0
Sylvie,KT Rolster Challengers,LCKC,Jungle,"WSCI (invitation des équipes académie, septembre)",9,0.556,3.5,385.0,-1.0,55.0,384.0
Hwichan,KT Rolster Challengers,LCKC,Mid,"WSCI (invitation des équipes académie, septembre)",9,0.556,3.31,385.0,-1.0,55.0,384.0
113,Berlin International Gaming,PRM,Jungle,"WSCI (invitation des équipes académie, septembre)",5,0.4,2.36,382.0,-1.0,55.0,381.0
Sero,KT Rolster Challengers,LCKC,Top,"WSCI (invitation des équipes académie, septembre)",9,0.556,1.94,370.0,-1.0,55.0,369.0
NightSlayer,Movistar KOI Fénix,LES,Top,"WSCI (invitation des équipes académie, septembre)",18,0.611,2.45,369.0,-1.0,55.0,368.0
13,Movistar KOI Fénix,LES,ADC,"WSCI (invitation des équipes académie, septembre)",18,0.611,2.71,320.0,-1.0,55.0,319.0
Quantum,DN SOOPers Challengers,LCKC,Support,"WSCI (invitation des équipes académie, septembre)",11,0.546,4.32,295.0,4.0,55.0,299.0
XnS,Movistar KOI Fénix,LES,Jungle,"WSCI (invitation des équipes académie, septembre)",18,0.611,4.19,299.0,-1.0,55.0,298.0
Ruep,Bushido Wildcats,TCL,ADC,"WSCI (invitation des équipes académie, septembre)",3,0.0,2.62,263.0,-1.0,55.0,262.0
Aomine,Saigon Warriors,VCS,ADC,"WSCI (invitation des équipes académie, septembre)",4,0.25,3.8,212.0,2.0,55.0,214.0
Patrik,Berlin International Gaming,PRM,ADC,"WSCI (invitation des équipes académie, septembre)",5,0.4,3.79,206.0,-1.0,55.0,205.0
Horder,Cupid Esports,NACL,Top,"WSCI (invitation des équipes académie, septembre)",10,0.6,3.19,189.0,4.0,55.0,193.0
Elio,Saigon Warriors,VCS,Support,"WSCI (invitation des équipes académie, septembre)",4,0.25,3.77,172.0,2.0,55.0,174.0
Eclipse,T1 Esports Academy,LCKC,ADC,"WSCI (invitation des équipes académie, septembre)",10,0.8,4.24,172.0,-2.0,55.0,170.0
Music,Cupid Esports,NACL,Jungle,"WSCI (invitation des équipes académie, septembre)",10,0.6,3.72,157.0,4.0,55.0,161.0
Breezy,Cupid Esports,NACL,Support,"WSCI (invitation des équipes académie, septembre)",10,0.6,3.64,147.0,4.0,55.0,151.0
AisyL,Saigon Warriors,VCS,Mid,"WSCI (invitation des équipes académie, septembre)",4,0.25,3.46,136.0,2.0,55.0,138.0
Mobility,Cupid Esports,NACL,ADC,"WSCI (invitation des équipes académie, septembre)",10,0.6,4.39,127.0,4.0,55.0,131.0
Osman123,Bushido Wildcats,TCL,Jungle,"WSCI (invitation des équipes académie, septembre)",3,0.0,3.2,100.0,-1.0,55.0,99.0
Carry,Bushido Wildcats,TCL,Support,"WSCI (invitation des équipes académie, septembre)",3,0.0,2.4,96.0,-1.0,55.0,95.0
Nern,Saigon Warriors,VCS,Top,"WSCI (invitation des équipes académie, septembre)",4,0.25,1.74,92.0,2.0,55.0,94.0
Ablazeolive,Cupid Esports,NACL,Mid,"WSCI (invitation des équipes académie, septembre)",10,0.6,3.35,80.0,4.0,55.0,84.0
j1n5,Saigon Warriors,VCS,Jungle,"WSCI (invitation des équipes académie, septembre)",4,0.25,2.12,68.0,2.0,55.0,70.0
2274,CTBC Flying Oyster Academy,PCS,Support,"WSCI (invitation des équipes académie, septembre)",6,0.0,2.24,71.0,-2.0,55.0,69.0
Aytekn,Bushido Wildcats,TCL,Top,"WSCI (invitation des équipes académie, septembre)",3,0.0,2.0,39.0,-1.0,55.0,38.0
Solid,Dplus Kia Challengers,LCKC,Jungle,"WSCI (invitation des équipes académie, septembre)",11,0.636,2.36,46.0,-11.0,55.0,35.0
Jauny,Fuego,LRN,Top,"WSCI (invitation des équipes académie, septembre)",9,0.444,2.83,-33.0,4.0,55.0,-29.0
Camana,Bushido Wildcats,TCL,Mid,"WSCI (invitation des équipes académie, septembre)",3,0.0,2.25,-35.0,-1.0,55.0,-36.0
DICE,FENNEL,LJL,Mid,"WSCI (invitation des équipes académie, septembre)",6,0.0,1.95,-41.0,-3.0,55.0,-44.0
SuperCleber,Vivo Keyd Stars Academy,CD,Top,"WSCI (invitation des équipes académie, septembre)",6,0.333,2.42,-59.0,3.0,55.0,-56.0
Buero,Vivo Keyd Stars Academy,CD,ADC,"WSCI (invitation des équipes académie, septembre)",6,0.333,3.0,-75.0,3.0,55.0,-72.0
Ellim,FENNEL,LJL,Jungle,"WSCI (invitation des équipes académie, septembre)",6,0.0,1.88,-77.0,-3.0,55.0,-80.0
zay,Vivo Keyd Stars Academy,CD,Support,"WSCI (invitation des équipes académie, septembre)",6,0.333,5.0,-92.0,3.0,55.0,-89.0
Skyy,Fuego,LRN,Mid,"WSCI (invitation des équipes académie, septembre)",9,0.444,2.1,-95.0,4.0,55.0,-91.0
kkkkkkkkk,FENNEL,LJL,Top,"WSCI (invitation des équipes académie, septembre)",6,0.0,0.96,-92.0,-3.0,55.0,-95.0
Tracy,CTBC Flying Oyster Academy,PCS,ADC,"WSCI (invitation des équipes académie, septembre)",6,0.0,1.21,-94.0,-2.0,55.0,-96.0
Ux,9z Globant,LRS,Support,"WSCI (invitation des équipes académie, septembre)",3,0.0,2.92,-101.0,-1.0,55.0,-102.0
Zkai,CTBC Flying Oyster Academy,PCS,Top,"WSCI (invitation des équipes académie, septembre)",6,0.0,1.14,-123.0,-2.0,55.0,-125.0
Qats,Vivo Keyd Stars Academy,CD,Mid,"WSCI (invitation des équipes académie, septembre)",6,0.333,2.61,-129.0,3.0,55.0,-126.0
Yuhe,CTBC Flying Oyster Academy,PCS,Mid,"WSCI (invitation des équipes académie, septembre)",6,0.0,0.73,-129.0,-2.0,55.0,-131.0
sarolu,Vivo Keyd Stars Academy,CD,Jungle,"WSCI (invitation des équipes académie, septembre)",6,0.333,1.88,-153.0,3.0,55.0,-150.0
Leaky,CTBC Flying Oyster Academy,PCS,Jungle,"WSCI (invitation des équipes académie, septembre)",6,0.0,1.06,-158.0,-2.0,55.0,-160.0
Snaker,Fuego,LRN,ADC,"WSCI (invitation des équipes académie, septembre)",9,0.444,2.41,-167.0,4.0,55.0,-163.0
Bruce,FENNEL,LJL,Support,"WSCI (invitation des équipes académie, septembre)",6,0.0,1.1,-165.0,-3.0,55.0,-168.0
Ichiwin,Fuego,LRN,Support,"WSCI (invitation des équipes académie, septembre)",9,0.444,2.83,-187.0,4.0,55.0,-183.0
Warsor,9z Globant,LRS,Jungle,"WSCI (invitation des équipes académie, septembre)",3,0.0,1.79,-238.0,-1.0,55.0,-239.0
Nate,9z Globant,LRS,Top,"WSCI (invitation des équipes académie, septembre)",3,0.0,3.5,-247.0,-1.0,55.0,-248.0
Grell,Fuego,LRN,Jungle,"WSCI (invitation des équipes académie, septembre)",9,0.444,1.89,-266.0,4.0,55.0,-262.0
Aloned,9z Globant,LRS,Mid,"WSCI (invitation des équipes académie, septembre)",3,0.0,2.13,-316.0,-1.0,55.0,-317.0
Revenge,DN SOOPers Challengers,LAS,ADC,"WSCI (invitation des équipes académie, septembre)",11,0.546,4.56,-334.0,4.0,55.0,-330.0
FIX,9z Globant,LRS,ADC,"WSCI (invitation des équipes académie, septembre)",3,0.0,3.4,-332.0,-1.0,55.0,-333.0
MayR,FENNEL,LJL,ADC,"WSCI (invitation des équipes académie, septembre)",6,0.0,1.16,-500.0,-3.0,55.0,-503.0
TheShy,Invictus Gaming,LPL,Top,Worlds,8,0.5,2.06,953.0,1.0,55.0,954.0
Rookie,Invictus Gaming,LPL,Mid,Worlds,8,0.5,4.43,832.0,1.0,55.0,833.0
Erha,Team WE,LPL,Support,Worlds,4,0.25,3.67,808.0,-2.0,55.0,806.0
Meiko,Invictus Gaming,LPL,Support,Worlds,8,0.5,3.56,791.0,1.0,55.0,792.0
JunJia,JD Gaming,LPL,Jungle,Worlds,8,0.5,4.09,788.0,-3.0,55.0,785.0
JackeyLove,Top Esports,LPL,ADC,Worlds,4,0.75,8.0,767.0,4.0,55.0,771.0
ZUIAN,Top Esports,LPL,Top,Worlds,4,0.75,3.46,764.0,4.0,55.0,768.0
GALA,JD Gaming,LPL,ADC,Worlds,8,0.5,6.17,770.0,-3.0,55.0,767.0
Creme,Top Esports,LPL,Mid,Worlds,4,0.75,11.0,759.0,4.0,55.0,763.0
Vampire,JD Gaming,LPL,Support,Worlds,8,0.5,3.23,755.0,-3.0,55.0,752.0
Tian,Top Esports,LPL,Jungle,Worlds,4,0.75,3.92,744.0,4.0,55.0,748.0
HongQ,JD Gaming,LPL,Mid,Worlds,8,0.5,2.88,746.0,-3.0,55.0,743.0
Xiaoxu,JD Gaming,LPL,Top,Worlds,8,0.5,2.57,729.0,-3.0,55.0,726.0
Wei,Invictus Gaming,LPL,Jungle,Worlds,8,0.5,3.11,689.0,1.0,55.0,690.0
Monki,Team WE,LPL,Jungle,Worlds,4,0.25,1.56,680.0,-2.0,55.0,678.0
JiaQi,Invictus Gaming,LPL,ADC,Worlds,8,0.5,2.41,650.0,1.0,55.0,651.0
Zhuo,Top Esports,LPL,Support,Worlds,4,0.75,7.14,600.0,4.0,55.0,604.0
Cube,Team WE,LPL,Top,Worlds,4,0.25,1.43,593.0,-2.0,55.0,591.0
Karis,Team WE,LPL,Mid,Worlds,4,0.25,4.43,547.0,-2.0,55.0,545.0
About,Team WE,LPL,ADC,Worlds,4,0.25,3.0,540.0,-2.0,55.0,538.0
