player,team,league,role,competition,games,win_rate,kda,season_points,delta,delta_sd,competition_points
Citrus,Aegis,LFL,Jungle,AL Spring · playoffs,8,0.75,2.61,213.0,3.0,54.0,216.0
Elramir,Geekay Esports,AL,Jungle,AL Spring · playoffs,12,0.417,4.39,201.0,-3.0,54.0,198.0
Leo,Geekay Esports,AL,ADC,AL Spring · playoffs,12,0.417,6.0,186.0,-3.0,54.0,183.0
Giyuu,Geekay Esports,AL,Mid,AL Spring · playoffs,12,0.417,5.57,163.0,-3.0,54.0,160.0
Dehaste,Nigma Galaxy,AL,Mid,AL Spring · playoffs,8,0.75,3.29,154.0,3.0,54.0,157.0
Dekap,Geekay Esports,AL,Support,AL Spring · playoffs,12,0.417,4.7,149.0,-3.0,54.0,146.0
Bong,Geekay Esports,AL,Top,AL Spring · playoffs,12,0.417,3.17,145.0,-3.0,54.0,142.0
Pangjin,Nigma Galaxy,AL,ADC,AL Spring · playoffs,8,0.75,3.26,121.0,3.0,54.0,124.0
Boda,Nigma Galaxy,AL,Top,AL Spring · playoffs,8,0.75,1.85,94.0,3.0,54.0,97.0
Joexy,FUT Esports,TSC,Support,AL Spring · playoffs,8,0.5,2.27,-2.0,4.0,54.0,2.0
Klownz,Nigma Galaxy,AL,Support,AL Spring · playoffs,8,0.75,2.44,-6.0,3.0,54.0,-3.0
Juzu,GnG Amazigh,AL,Top,AL Spring · playoffs,8,0.5,2.06,-25.0,4.0,54.0,-21.0
MG,Twisted Minds,AL,Mid,AL Spring · playoffs,4,0.25,6.0,-31.0,-4.0,54.0,-35.0
Wufo,Twisted Minds,AL,Top,AL Spring · playoffs,4,0.25,2.05,-38.0,-4.0,54.0,-42.0
Stefan,DSYRE,LIT,Jungle,AL Spring · playoffs,4,0.25,4.21,-55.0,-4.0,54.0,-59.0
Sloth,Twisted Minds,AL,Support,AL Spring · playoffs,4,0.25,4.64,-59.0,-4.0,54.0,-63.0
Akashi,Anubis Gaming,AL,Mid,AL Spring · playoffs,8,0.5,3.57,-81.0,4.0,54.0,-77.0
Mimic,Twisted Minds,AL,ADC,AL Spring · playoffs,4,0.25,3.81,-93.0,-4.0,54.0,-97.0
Aklass,Fox Gaming,AL,ADC,AL Spring · playoffs,8,0.5,4.0,-130.0,4.0,54.0,-126.0
Skude,Esprit Shōnen,NL,Jungle,AL Spring · playoffs,8,0.5,3.32,-263.0,4.0,54.0,-259.0
Citrus,Aegis,LFL,Jungle,AL Spring · saison régulière,14,0.786,6.34,213.0,-2.0,54.0,211.0
Elramir,Geekay Esports,AL,Jungle,AL Spring · saison régulière,14,0.786,4.39,201.0,-2.0,54.0,199.0
Leo,Geekay Esports,AL,ADC,AL Spring · saison régulière,14,0.786,7.62,186.0,-2.0,54.0,184.0
Giyuu,Geekay Esports,AL,Mid,AL Spring · saison régulière,14,0.786,6.28,163.0,-2.0,54.0,161.0
Dehaste,Nigma Galaxy,AL,Mid,AL Spring · saison régulière,14,0.786,5.52,154.0,-2.0,54.0,152.0
Dekap,Geekay Esports,AL,Support,AL Spring · saison régulière,14,0.786,3.83,149.0,-2.0,54.0,147.0
Bong,Geekay Esports,AL,Top,AL Spring · saison régulière,14,0.786,4.53,145.0,-2.0,54.0,143.0
Pangjin,Nigma Galaxy,AL,ADC,AL Spring · saison régulière,14,0.786,5.94,121.0,-2.0,54.0,119.0
Boda,Nigma Galaxy,AL,Top,AL Spring · saison régulière,14,0.786,3.02,94.0,-2.0,54.0,92.0
Mercy9,Misa Esports,TCL,Mid,AL Spring · saison régulière,14,0.5,3.78,56.0,2.0,54.0,58.0
Joexy,FUT Esports,TSC,Support,AL Spring · saison régulière,14,0.643,2.73,-2.0,2.0,54.0,0.0
Klownz,Nigma Galaxy,AL,Support,AL Spring · saison régulière,14,0.786,3.47,-6.0,-2.0,54.0,-8.0
Juzu,GnG Amazigh,AL,Top,AL Spring · saison régulière,14,0.643,3.26,-25.0,2.0,54.0,-23.0
MG,Twisted Minds,AL,Mid,AL Spring · saison régulière,14,0.571,6.32,-31.0,1.0,54.0,-30.0
Wufo,Twisted Minds,AL,Top,AL Spring · saison régulière,14,0.571,2.62,-38.0,1.0,54.0,-37.0
Stefan,DSYRE,LIT,Jungle,AL Spring · saison régulière,14,0.571,5.23,-55.0,1.0,54.0,-54.0
Sloth,Twisted Minds,AL,Support,AL Spring · saison régulière,14,0.571,3.02,-59.0,1.0,54.0,-58.0
Akashi,Anubis Gaming,AL,Mid,AL Spring · saison régulière,14,0.643,4.93,-81.0,2.0,54.0,-79.0
Jalleba,Fog Esports,AL,ADC,AL Spring · saison régulière,14,0.357,2.53,-79.0,-4.0,54.0,-83.0
Mimic,Twisted Minds,AL,ADC,AL Spring · saison régulière,14,0.571,3.48,-93.0,1.0,54.0,-92.0
Aklass,Fox Gaming,AL,ADC,AL Spring · saison régulière,13,0.692,6.86,-130.0,5.0,54.0,-125.0
Nsurr,Project Conquerors,NL,Support,AL Spring · saison régulière,14,0.286,1.87,-134.0,4.0,54.0,-130.0
Mishal,BAAM Esports,AL,Support,AL Spring · saison régulière,14,0.5,2.94,-159.0,2.0,54.0,-157.0
Raider,Regem,NLC Aurora Open,Top,AL Spring · saison régulière,14,0.357,2.69,-156.0,-4.0,54.0,-160.0
Fade,BoostGate Esports,TCL,Mid,AL Spring · saison régulière,14,0.357,2.6,-169.0,-4.0,54.0,-173.0
Bibou,WLGaming Esports,GLL,ADC,AL Spring · saison régulière,14,0.286,2.93,-193.0,4.0,54.0,-189.0
AnnieBot,One More Esports,AL,Mid,AL Spring · saison régulière,9,0.333,1.94,-256.0,3.0,54.0,-253.0
Skude,Esprit Shōnen,NL,Jungle,AL Spring · saison régulière,14,0.643,3.93,-263.0,2.0,54.0,-261.0
Scofield,Regem,NLC Aurora Open,Jungle,AL Spring · saison régulière,14,0.5,2.66,-268.0,2.0,54.0,-266.0
Fatihcan,Klanik Esport,NL,ADC,AL Spring · saison régulière,14,0.5,4.26,-272.0,2.0,54.0,-270.0
Hiro,One More Esports,AL,Top,AL Spring · saison régulière,14,0.286,2.41,-347.0,4.0,54.0,-343.0
Porcupine,One More Esports,AL,Jungle,AL Spring · saison régulière,13,0.308,3.85,-360.0,4.0,54.0,-356.0
Iheb,Twareg Esports,AL,Support,AL Spring · saison régulière,14,0.357,2.05,-377.0,-4.0,54.0,-381.0
Biskoo,RA'AD,AL,Support,AL Spring · saison régulière,14,0.071,1.41,-411.0,-1.0,54.0,-412.0
Mune,RA'AD,AL,ADC,AL Spring · saison régulière,14,0.071,1.56,-421.0,-1.0,54.0,-422.0
Murph,RA'AD,AL,Top,AL Spring · saison régulière,14,0.071,0.95,-450.0,-1.0,54.0,-451.0
Maged,RA'AD,AL,Top,AL Spring · saison régulière,14,0.5,1.95,-457.0,2.0,54.0,-455.0
Santa,RA'AD,AL,Jungle,AL Spring · saison régulière,14,0.071,1.98,-622.0,-1.0,54.0,-623.0
Deceiving,RA'AD,AL,Mid,AL Spring · saison régulière,14,0.071,1.61,-633.0,-1.0,54.0,-634.0
Elramir,Geekay Esports,AL,Jungle,AL Summer · playoffs,6,1.0,5.78,201.0,8.0,54.0,209.0
Leo,Geekay Esports,AL,ADC,AL Summer · playoffs,6,1.0,9.67,186.0,8.0,54.0,194.0
Giyuu,Geekay Esports,AL,Mid,AL Summer · playoffs,6,1.0,7.0,163.0,8.0,54.0,171.0
Dekap,Geekay Esports,AL,Support,AL Summer · playoffs,6,1.0,4.55,149.0,8.0,54.0,157.0
Bong,Geekay Esports,AL,Top,AL Summer · playoffs,6,1.0,7.64,145.0,8.0,54.0,153.0
Dehaste,Nigma Galaxy,AL,Mid,AL Summer · playoffs,9,0.333,2.03,154.0,-3.0,54.0,151.0
Boda,Nigma Galaxy,AL,Top,AL Summer · playoffs,9,0.333,1.58,94.0,-3.0,54.0,91.0
Klownz,Nigma Galaxy,AL,Support,AL Summer · playoffs,9,0.333,2.19,-6.0,-3.0,54.0,-9.0
RAMES,Nigma Galaxy,AL,Jungle,AL Summer · playoffs,9,0.333,2.37,-11.0,-3.0,54.0,-14.0
MG,Twisted Minds,AL,Mid,AL Summer · playoffs,7,0.429,4.0,-31.0,-1.0,54.0,-32.0
Wufo,Twisted Minds,AL,Top,AL Summer · playoffs,7,0.429,2.67,-38.0,-1.0,54.0,-39.0
Selfmade,Twisted Minds,AL,Jungle,AL Summer · playoffs,7,0.429,4.14,-54.0,-1.0,54.0,-55.0
Sloth,Twisted Minds,AL,Support,AL Summer · playoffs,7,0.429,3.88,-59.0,-1.0,54.0,-60.0
ACD,Anubis Gaming,AL,Top,AL Summer · playoffs,4,0.25,1.33,-67.0,-4.0,54.0,-71.0
Akashi,Anubis Gaming,AL,Mid,AL Summer · playoffs,4,0.25,3.0,-81.0,-4.0,54.0,-85.0
Mimic,Twisted Minds,AL,ADC,AL Summer · playoffs,7,0.429,3.89,-93.0,-1.0,54.0,-94.0
san1,Anubis Gaming,AL,ADC,AL Summer · playoffs,4,0.25,2.0,-105.0,-4.0,54.0,-109.0
Shawi,Anubis Gaming,AL,Support,AL Summer · playoffs,4,0.25,1.88,-132.0,-4.0,54.0,-136.0
Slayder,Nigma Galaxy,AL,ADC,AL Summer · playoffs,9,0.333,5.65,-202.0,-3.0,54.0,-205.0
Zapdo,Anubis Gaming,AL,Jungle,AL Summer · playoffs,4,0.25,1.38,-319.0,-4.0,54.0,-323.0
Elramir,Geekay Esports,AL,Jungle,AL Summer · saison régulière,13,0.769,4.85,201.0,-6.0,54.0,195.0
Leo,Geekay Esports,AL,ADC,AL Summer · saison régulière,13,0.769,5.75,186.0,-6.0,54.0,180.0
Dehaste,Nigma Galaxy,AL,Mid,AL Summer · saison régulière,14,0.786,4.42,154.0,6.0,54.0,160.0
Giyuu,Geekay Esports,AL,Mid,AL Summer · saison régulière,13,0.769,4.89,163.0,-6.0,54.0,157.0
Dekap,Geekay Esports,AL,Support,AL Summer · saison régulière,13,0.769,5.31,149.0,-6.0,54.0,143.0
Bong,Geekay Esports,AL,Top,AL Summer · saison régulière,13,0.769,4.97,145.0,-6.0,54.0,139.0
Boda,Nigma Galaxy,AL,Top,AL Summer · saison régulière,14,0.786,3.6,94.0,6.0,54.0,100.0
Klownz,Nigma Galaxy,AL,Support,AL Summer · saison régulière,14,0.786,2.98,-6.0,6.0,54.0,0.0
RAMES,Nigma Galaxy,AL,Jungle,AL Summer · saison régulière,14,0.786,5.55,-11.0,6.0,54.0,-5.0
Juzu,GnG Amazigh,AL,Top,AL Summer · saison régulière,14,0.571,3.4,-25.0,1.0,54.0,-24.0
MG,Twisted Minds,AL,Mid,AL Summer · saison régulière,14,0.714,6.19,-31.0,5.0,54.0,-26.0
Wufo,Twisted Minds,AL,Top,AL Summer · saison régulière,14,0.714,3.77,-38.0,5.0,54.0,-33.0
Selfmade,Twisted Minds,AL,Jungle,AL Summer · saison régulière,14,0.714,5.62,-54.0,5.0,54.0,-49.0
Sloth,Twisted Minds,AL,Support,AL Summer · saison régulière,14,0.714,4.57,-59.0,5.0,54.0,-54.0
ACD,Anubis Gaming,AL,Top,AL Summer · saison régulière,13,0.615,2.67,-67.0,7.0,54.0,-60.0
Akashi,Anubis Gaming,AL,Mid,AL Summer · saison régulière,13,0.615,4.3,-81.0,7.0,54.0,-74.0
Roison,Verdant,NLC Aurora Open,Mid,AL Summer · saison régulière,10,0.6,6.76,-87.0,3.0,54.0,-84.0
Mimic,Twisted Minds,AL,ADC,AL Summer · saison régulière,14,0.714,6.21,-93.0,5.0,54.0,-88.0
san1,Anubis Gaming,AL,ADC,AL Summer · saison régulière,13,0.615,4.35,-105.0,7.0,54.0,-98.0
Shawi,Anubis Gaming,AL,Support,AL Summer · saison régulière,13,0.615,5.06,-132.0,7.0,54.0,-125.0
Julbu,Verdant,NLC,Jungle,AL Summer · saison régulière,10,0.6,4.72,-128.0,3.0,54.0,-125.0
Sayn,Fox Gaming,AL,Mid,AL Summer · saison régulière,13,0.385,3.27,-168.0,-2.0,54.0,-170.0
Neramin,Verdant,NLC Aurora Open,ADC,AL Summer · saison régulière,14,0.571,5.56,-172.0,1.0,54.0,-171.0
Slayder,Nigma Galaxy,AL,ADC,AL Summer · saison régulière,12,0.75,6.3,-202.0,3.0,54.0,-199.0
B Butcher,GnG Amazigh,AL,Support,AL Summer · saison régulière,14,0.571,3.37,-225.0,1.0,54.0,-224.0
Knighter,KRC Genk Esports,ESLOL,Mid,AL Summer · saison régulière,4,0.5,4.0,-231.0,-2.0,54.0,-233.0
Frozen,Fox Gaming,AL,Support,AL Summer · saison régulière,13,0.462,1.94,-255.0,-0.0,54.0,-255.0
Orion,aNc Outplayed,LIT,ADC,AL Summer · saison régulière,4,0.0,1.5,-266.0,-5.0,54.0,-271.0
Notiko,Fox Gaming,AL,ADC,AL Summer · saison régulière,14,0.429,2.73,-272.0,-2.0,54.0,-274.0
Smurfe,Fox Gaming,AL,Top,AL Summer · saison régulière,14,0.429,2.31,-305.0,-2.0,54.0,-307.0
Zapdo,Anubis Gaming,AL,Jungle,AL Summer · saison régulière,13,0.615,4.16,-319.0,7.0,54.0,-312.0
justcan,Hazing Chase,TSC,Support,AL Summer · saison régulière,4,0.0,0.69,-315.0,-5.0,54.0,-320.0
Hiro,One More Esports,AL,Top,AL Summer · saison régulière,13,0.154,1.79,-347.0,-6.0,54.0,-353.0
Viking,Akroma,NL,Jungle,AL Summer · saison régulière,4,0.5,1.83,-353.0,-2.0,54.0,-355.0
Porcupine,One More Esports,AL,Jungle,AL Summer · saison régulière,14,0.143,1.83,-360.0,-8.0,54.0,-368.0
Edvard,One More Esports,AL,Support,AL Summer · saison régulière,10,0.2,1.41,-387.0,-3.0,54.0,-390.0
Sawyor,Fox Gaming,AL,Jungle,AL Summer · saison régulière,13,0.385,2.76,-410.0,-2.0,54.0,-412.0
Mangoo,RA'AD,AL,ADC,AL Summer · saison régulière,7,0.0,1.62,-439.0,-2.0,54.0,-441.0
Maged,RA'AD,AL,Top,AL Summer · saison régulière,14,0.0,0.59,-457.0,-4.0,54.0,-461.0
Sivvy,RA'AD,AL,Support,AL Summer · saison régulière,14,0.0,1.68,-479.0,-4.0,54.0,-483.0
Griffon,One More Esports,AL,Mid,AL Summer · saison régulière,14,0.143,1.58,-497.0,-8.0,54.0,-505.0
Santa,RA'AD,AL,Jungle,AL Summer · saison régulière,14,0.0,1.68,-622.0,-4.0,54.0,-626.0
Deceiving,RA'AD,AL,Mid,AL Summer · saison régulière,14,0.0,1.85,-633.0,-4.0,54.0,-637.0
Jalleba,Fog Esports,AL,ADC,AL · saison régulière,9,1.0,7.88,-79.0,4.0,54.0,-75.0
Vasco,Twareg Esports,AL,Mid,AL · saison régulière,6,0.5,2.0,-123.0,-2.0,54.0,-125.0
Raider,Regem,NLC Aurora Open,Top,AL · saison régulière,9,1.0,4.59,-156.0,4.0,54.0,-152.0
Mishal,BAAM Esports,AL,Support,AL · saison régulière,3,0.0,2.38,-159.0,-2.0,54.0,-161.0
Kingston,Hazing Chase,TSC,Jungle,AL · saison régulière,3,0.0,2.15,-203.0,-2.0,54.0,-205.0
Bung,KRC Genk Esports,ESLOL,ADC,AL · saison régulière,6,0.5,4.23,-213.0,-2.0,54.0,-215.0
StarScreen,FUT Esports,TCL,Top,AL · saison régulière,3,0.0,3.4,-245.0,-2.0,54.0,-247.0
Iheb,Twareg Esports,AL,Support,AL · saison régulière,6,0.5,2.19,-377.0,-2.0,54.0,-379.0
Mangoo,RA'AD,AL,ADC,AL · saison régulière,6,0.0,1.79,-439.0,-1.0,54.0,-440.0
Maged,RA'AD,AL,Top,AL · saison régulière,6,0.0,1.18,-457.0,-1.0,54.0,-458.0
Sivvy,RA'AD,AL,Support,AL · saison régulière,6,0.0,1.33,-479.0,-1.0,54.0,-480.0
Santa,RA'AD,AL,Jungle,AL · saison régulière,6,0.0,1.58,-622.0,-1.0,54.0,-623.0
Deceiving,RA'AD,AL,Mid,AL · saison régulière,6,0.0,1.36,-633.0,-1.0,54.0,-634.0
Yuuji,Dragonsteel,NACL,Jungle,AmCh · playoffs,5,0.4,5.11,289.0,-6.0,54.0,283.0
ScaryJerry,Dragonsteel,NACL,ADC,AmCh · playoffs,5,0.4,9.4,250.0,-6.0,54.0,244.0
Zyko,Dragonsteel,NACL,Support,AmCh · playoffs,5,0.4,2.53,242.0,-6.0,54.0,236.0
Hidan,paiN Gaming Academy,CBLOLA,Top,AmCh · playoffs,15,0.733,3.31,227.0,7.0,54.0,234.0
Spirax,Dragonsteel,NACL,Mid,AmCh · playoffs,5,0.4,2.82,230.0,-6.0,54.0,224.0
eXyu,Fear x Starforge,NACL,Jungle,AmCh · playoffs,20,0.55,4.73,217.0,2.0,54.0,219.0
Zamudo,Dragonsteel,NACL,Top,AmCh · playoffs,5,0.4,1.3,212.0,-6.0,54.0,206.0
Guigs,paiN Gaming Academy,CBLOLA,Support,AmCh · playoffs,15,0.733,4.28,175.0,7.0,54.0,182.0
Tatu,paiN Gaming Academy,CBLOLA,Jungle,AmCh · playoffs,15,0.733,5.11,131.0,7.0,54.0,138.0
Instinct,Fear x Starforge,NACL,ADC,AmCh · playoffs,20,0.55,4.97,123.0,2.0,54.0,125.0
sarolu,Vivo Keyd Stars Academy,CBLOLA,Jungle,AmCh · playoffs,10,0.4,2.62,106.0,-0.0,54.0,106.0
Marvin,paiN Gaming Academy,CBLOLA,ADC,AmCh · playoffs,15,0.733,11.4,92.0,7.0,54.0,99.0
Baula,Fuego,LRN,Support,AmCh · playoffs,15,0.467,2.88,92.0,-1.0,54.0,91.0
Qats,paiN Gaming Academy,CBLOLA,Mid,AmCh · playoffs,15,0.733,4.53,80.0,7.0,54.0,87.0
Morttheus,Vivo Keyd Stars Academy,CBLOLA,ADC,AmCh · playoffs,10,0.4,4.48,77.0,-0.0,54.0,77.0
Winsome,Fear x Starforge,NACL,Support,AmCh · playoffs,20,0.55,2.79,71.0,2.0,54.0,73.0
Telas,Vivo Keyd Stars Academy,CBLOLA,Support,AmCh · playoffs,10,0.4,2.56,63.0,-0.0,54.0,63.0
Tyrin,Vivo Keyd Stars Academy,CBLOLA,Top,AmCh · playoffs,10,0.4,2.62,52.0,-0.0,54.0,52.0
Zelt,Fuego,LRN,Mid,AmCh · playoffs,15,0.467,4.75,51.0,-1.0,54.0,50.0
Ablazeolive,Fear x Starforge,NACL,Mid,AmCh · playoffs,20,0.55,4.25,37.0,2.0,54.0,39.0
ADD,Fuego,LRN,Top,AmCh · playoffs,15,0.467,1.84,25.0,-1.0,54.0,24.0
Philip,Fear x Starforge,NACL,Top,AmCh · playoffs,20,0.55,3.05,-0.0,2.0,54.0,2.0
Mataz,Fuego,LRN,Jungle,AmCh · playoffs,15,0.467,3.06,-14.0,-1.0,54.0,-15.0
Kisee,Vivo Keyd Stars Academy,CBLOLA,Mid,AmCh · playoffs,10,0.4,2.9,-55.0,-0.0,54.0,-55.0
VirusFx,Fuego,LRN,ADC,AmCh · playoffs,15,0.467,3.48,-97.0,-1.0,54.0,-98.0
QQMore,WAP Esports,LRS,Jungle,AmCh · playoffs,5,0.0,1.44,-163.0,-2.0,54.0,-165.0
Thoryn,WAP Esports,LRS,Top,AmCh · playoffs,5,0.0,1.64,-225.0,-2.0,54.0,-227.0
DiDi,WAP Esports,LRS,Mid,AmCh · playoffs,4,0.0,2.07,-230.0,-1.0,54.0,-231.0
Kindless,WAP Esports,LRS,ADC,AmCh · playoffs,5,0.0,2.13,-243.0,-2.0,54.0,-245.0
Shu Hari,WAP Esports,LRS,Support,AmCh · playoffs,5,0.0,1.36,-378.0,-2.0,54.0,-380.0
ProDelta,Vivo Keyd Stars,CBLOL,Support,CBLOL Split 1 · playoffs,18,0.5,3.25,378.0,-9.0,54.0,369.0
Guigo,Vivo Keyd Stars,CBLOL,Top,CBLOL Split 1 · playoffs,18,0.5,2.44,375.0,-9.0,54.0,366.0
Smiley,Vivo Keyd Stars,CBLOL,ADC,CBLOL Split 1 · playoffs,18,0.5,2.84,364.0,-9.0,54.0,355.0
Kuri,paiN Gaming,CBLOL,Support,CBLOL Split 1 · playoffs,22,0.546,4.17,358.0,-3.0,54.0,355.0
Leleko,Vivo Keyd Stars,CBLOL,Mid,CBLOL Split 1 · playoffs,18,0.5,4.36,355.0,-9.0,54.0,346.0
Disamis,Vivo Keyd Stars,CBLOL,Jungle,CBLOL Split 1 · playoffs,18,0.5,3.02,350.0,-9.0,54.0,341.0
TitaN,paiN Gaming,CBLOL,ADC,CBLOL Split 1 · playoffs,22,0.546,3.7,341.0,-3.0,54.0,338.0
Wizer,paiN Gaming,CBLOL,Top,CBLOL Split 1 · playoffs,22,0.546,2.91,334.0,-3.0,54.0,331.0
CarioK,paiN Gaming,CBLOL,Jungle,CBLOL Split 1 · playoffs,22,0.546,2.84,329.0,-3.0,54.0,326.0
dyNquedo,paiN Gaming,CBLOL,Mid,CBLOL Split 1 · playoffs,22,0.546,7.78,326.0,-3.0,54.0,323.0
tinowns,LOUD,CBLOL,Mid,CBLOL Split 1 · playoffs,12,0.75,8.5,291.0,15.0,54.0,306.0
fNb,RED Canids,CBLOL,Top,CBLOL Split 1 · playoffs,13,0.538,3.89,296.0,1.0,54.0,297.0
Brance,RED Canids,CBLOL,ADC,CBLOL Split 1 · playoffs,13,0.538,6.16,295.0,1.0,54.0,296.0
JoJo,FURIA,CBLOL,Support,CBLOL Split 1 · playoffs,13,0.538,4.05,288.0,1.0,54.0,289.0
Route,LOUD,CBLOL,ADC,CBLOL Split 1 · playoffs,12,0.75,7.42,265.0,15.0,54.0,280.0
Grevthar,RED Canids,CBLOL,Mid,CBLOL Split 1 · playoffs,13,0.538,5.41,251.0,1.0,54.0,252.0
Robo,LOUD,CBLOL,Top,CBLOL Split 1 · playoffs,12,0.75,3.08,222.0,15.0,54.0,237.0
Aegis,RED Canids,CBLOL,Jungle,CBLOL Split 1 · playoffs,13,0.538,3.21,226.0,1.0,54.0,227.0
RedBert,LOUD,CBLOL,Support,CBLOL Split 1 · playoffs,12,0.75,3.44,209.0,15.0,54.0,224.0
Croc,LOUD,CBLOL,Jungle,CBLOL Split 1 · playoffs,12,0.75,3.55,195.0,15.0,54.0,210.0
Celo,LØS,CBLOL,ADC,CBLOL Split 1 · playoffs,8,0.25,3.18,202.0,-1.0,54.0,201.0
Ceos,KaBuM! Esports,CBLOL,Support,CBLOL Split 1 · playoffs,7,0.143,1.97,176.0,-3.0,54.0,173.0
Netuno,KaBuM! Esports,CBLOL,ADC,CBLOL Split 1 · playoffs,7,0.143,3.0,170.0,-3.0,54.0,167.0
Hauz,KaBuM! Esports,CBLOL,Mid,CBLOL Split 1 · playoffs,7,0.143,3.11,140.0,-3.0,54.0,137.0
Lonely,KaBuM! Esports,CBLOL,Top,CBLOL Split 1 · playoffs,7,0.143,1.64,109.0,-3.0,54.0,106.0
Malrang,KaBuM! Esports,CBLOL,Jungle,CBLOL Split 1 · playoffs,7,0.143,3.22,93.0,-3.0,54.0,90.0
sanghyeon,LØS,CBLOL,Support,CBLOL Split 1 · playoffs,8,0.25,3.19,54.0,-1.0,54.0,53.0
Seize,LØS,CBLOL,Jungle,CBLOL Split 1 · playoffs,8,0.25,3.1,42.0,-1.0,54.0,41.0
SuperCleber,LØS,CBLOL,Top,CBLOL Split 1 · playoffs,8,0.25,2.96,32.0,-1.0,54.0,31.0
Envy,LØS,CBLOL,Mid,CBLOL Split 1 · playoffs,8,0.25,3.35,27.0,-1.0,54.0,26.0
ProDelta,Vivo Keyd Stars,CBLOL,Support,CBLOL Split 1 · saison régulière,18,0.722,4.98,378.0,3.0,54.0,381.0
Guigo,Vivo Keyd Stars,CBLOL,Top,CBLOL Split 1 · saison régulière,18,0.722,4.6,375.0,3.0,54.0,378.0
Smiley,Vivo Keyd Stars,CBLOL,ADC,CBLOL Split 1 · saison régulière,18,0.722,5.57,364.0,3.0,54.0,367.0
Leleko,Vivo Keyd Stars,CBLOL,Mid,CBLOL Split 1 · saison régulière,10,0.8,7.56,355.0,4.0,54.0,359.0
Disamis,Vivo Keyd Stars,CBLOL,Jungle,CBLOL Split 1 · saison régulière,18,0.722,5.09,350.0,3.0,54.0,353.0
Kuri,paiN Gaming,CBLOL,Support,CBLOL Split 1 · saison régulière,18,0.611,5.66,358.0,-10.0,54.0,348.0
TitaN,paiN Gaming,CBLOL,ADC,CBLOL Split 1 · saison régulière,18,0.611,4.1,341.0,-10.0,54.0,331.0
Wizer,paiN Gaming,CBLOL,Top,CBLOL Split 1 · saison régulière,18,0.611,3.45,334.0,-10.0,54.0,324.0
CarioK,paiN Gaming,CBLOL,Jungle,CBLOL Split 1 · saison régulière,18,0.611,3.89,329.0,-10.0,54.0,319.0
dyNquedo,paiN Gaming,CBLOL,Mid,CBLOL Split 1 · saison régulière,18,0.611,5.65,326.0,-10.0,54.0,316.0
fNb,RED Canids,CBLOL,Top,CBLOL Split 1 · saison régulière,18,0.667,4.83,296.0,-0.0,54.0,296.0
Brance,RED Canids,CBLOL,ADC,CBLOL Split 1 · saison régulière,18,0.667,6.11,295.0,-0.0,54.0,295.0
tinowns,LOUD,CBLOL,Mid,CBLOL Split 1 · saison régulière,18,0.667,9.62,291.0,-0.0,54.0,291.0
JoJo,FURIA,CBLOL,Support,CBLOL Split 1 · saison régulière,16,0.688,6.03,288.0,0.0,54.0,288.0
Route,LOUD,CBLOL,ADC,CBLOL Split 1 · saison régulière,18,0.667,5.56,265.0,-0.0,54.0,265.0
Grevthar,RED Canids,CBLOL,Mid,CBLOL Split 1 · saison régulière,18,0.667,4.98,251.0,-0.0,54.0,251.0
frosty,RED Canids,CBLOL,Support,CBLOL Split 1 · saison régulière,2,0.5,3.5,242.0,-0.0,54.0,242.0
Aegis,RED Canids,CBLOL,Jungle,CBLOL Split 1 · saison régulière,18,0.667,3.27,226.0,-0.0,54.0,226.0
Robo,LOUD,CBLOL,Top,CBLOL Split 1 · saison régulière,18,0.667,2.33,222.0,-0.0,54.0,222.0
RedBert,LOUD,CBLOL,Support,CBLOL Split 1 · saison régulière,18,0.667,3.33,209.0,-0.0,54.0,209.0
Celo,LØS,CBLOL,ADC,CBLOL Split 1 · saison régulière,18,0.5,4.69,202.0,3.0,54.0,205.0
Croc,LOUD,CBLOL,Jungle,CBLOL Split 1 · saison régulière,18,0.667,3.21,195.0,-0.0,54.0,195.0
Ceos,KaBuM! Esports,CBLOL,Support,CBLOL Split 1 · saison régulière,18,0.556,3.66,176.0,3.0,54.0,179.0
Netuno,KaBuM! Esports,CBLOL,ADC,CBLOL Split 1 · saison régulière,18,0.556,5.27,170.0,3.0,54.0,173.0
Hauz,KaBuM! Esports,CBLOL,Mid,CBLOL Split 1 · saison régulière,18,0.556,4.69,140.0,3.0,54.0,143.0
Ayu,FURIA,CBLOL,ADC,CBLOL Split 1 · saison régulière,18,0.222,3.46,134.0,-4.0,54.0,130.0
Tutsz,FURIA,CBLOL,Mid,CBLOL Split 1 · saison régulière,18,0.222,2.94,131.0,-4.0,54.0,127.0
Pilot,Liberty,CBLOL,Mid,CBLOL Split 1 · saison régulière,18,0.5,4.5,109.0,10.0,54.0,119.0
Destroy,FURIA,CBLOL,Top,CBLOL Split 1 · saison régulière,10,0.3,1.83,113.0,-0.0,54.0,113.0
Kojima,Fluxo,CBLOL,ADC,CBLOL Split 1 · saison régulière,18,0.389,3.26,114.0,-1.0,54.0,113.0
Lonely,KaBuM! Esports,CBLOL,Top,CBLOL Split 1 · saison régulière,18,0.556,3.46,109.0,3.0,54.0,112.0
scamber,Fluxo,CBLOL,Support,CBLOL Split 1 · saison régulière,18,0.389,2.48,111.0,-1.0,54.0,110.0
Fuuu,Fluxo,CBLOL,Mid,CBLOL Split 1 · saison régulière,18,0.389,3.75,109.0,-1.0,54.0,108.0
Kiari,Fluxo,CBLOL,Top,CBLOL Split 1 · saison régulière,18,0.389,2.11,103.0,-1.0,54.0,102.0
Malrang,KaBuM! Esports,CBLOL,Jungle,CBLOL Split 1 · saison régulière,18,0.556,4.36,93.0,3.0,54.0,96.0
Cavalo,Liberty,CBLOL,Support,CBLOL Split 1 · saison régulière,18,0.5,2.07,71.0,10.0,54.0,81.0
Makes,Liberty,CBLOL,Top,CBLOL Split 1 · saison régulière,18,0.5,1.89,56.0,10.0,54.0,66.0
sanghyeon,LØS,CBLOL,Support,CBLOL Split 1 · saison régulière,18,0.5,3.81,54.0,3.0,54.0,57.0
NinjaKiwi,INTZ,CBLOL,ADC,CBLOL Split 1 · saison régulière,18,0.167,2.73,51.0,-5.0,54.0,46.0
Seize,LØS,CBLOL,Jungle,CBLOL Split 1 · saison régulière,18,0.5,3.74,42.0,3.0,54.0,45.0
Yampi,INTZ,CBLOL,Jungle,CBLOL Split 1 · saison régulière,18,0.167,2.0,44.0,-5.0,54.0,39.0
SuperCleber,LØS,CBLOL,Top,CBLOL Split 1 · saison régulière,18,0.5,3.53,32.0,3.0,54.0,35.0
Damage,INTZ,CBLOL,Support,CBLOL Split 1 · saison régulière,18,0.167,2.21,37.0,-5.0,54.0,32.0
Envy,LØS,CBLOL,Mid,CBLOL Split 1 · saison régulière,18,0.5,4.0,27.0,3.0,54.0,30.0
Mir,FURIA,CBLOL,Jungle,CBLOL Split 1 · saison régulière,10,0.3,2.31,28.0,-0.0,54.0,28.0
Toucouille,Ilha das Lendas,CBLOLA,Mid,CBLOL Split 1 · saison régulière,8,0.625,3.68,13.0,-1.0,54.0,12.0
StineR,FURIA Youth,CBLOLA,Jungle,CBLOL Split 1 · saison régulière,8,0.125,2.03,-37.0,-3.0,54.0,-40.0
xyno,FURIA Youth,CBLOLA,Top,CBLOL Split 1 · saison régulière,8,0.125,1.41,-57.0,-3.0,54.0,-60.0
Sting,Rise Gaming,CBLOLA,Jungle,CBLOL Split 1 · saison régulière,18,0.389,2.64,-95.0,-1.0,54.0,-96.0
Tay,INTZ,CBLOL,Top,CBLOL Split 1 · saison régulière,18,0.167,1.8,-113.0,-5.0,54.0,-118.0
Drakehero,Liberty,CBLOL,Jungle,CBLOL Split 1 · saison régulière,18,0.5,3.31,-146.0,10.0,54.0,-136.0
micaO,Liberty Academy,CBLOLA,ADC,CBLOL Split 1 · saison régulière,18,0.5,2.39,-192.0,10.0,54.0,-182.0
zay,Flamengo Academy,CBLOLA,Support,CBLOL Split 1 · saison régulière,16,0.25,2.85,-248.0,-3.0,54.0,-251.0
uZent,RED Academy,CBLOLA,Support,CBLOL Split 1 · saison régulière,2,0.0,0.78,-345.0,-1.0,54.0,-346.0
Aithusa,Flamengo Academy,CBLOLA,Mid,CBLOL Split 1 · saison régulière,18,0.167,2.39,-390.0,-5.0,54.0,-395.0
ProDelta,Vivo Keyd Stars,CBLOL,Support,CBLOL Split 2 · playoffs,17,0.471,2.09,378.0,-2.0,54.0,376.0
Guigo,Vivo Keyd Stars,CBLOL,Top,CBLOL Split 2 · playoffs,17,0.471,1.92,375.0,-2.0,54.0,373.0
Kuri,paiN Gaming,CBLOL,Support,CBLOL Split 2 · playoffs,11,0.818,4.49,358.0,9.0,54.0,367.0
Smiley,Vivo Keyd Stars,CBLOL,ADC,CBLOL Split 2 · playoffs,17,0.471,3.33,364.0,-2.0,54.0,362.0
Leleko,Vivo Keyd Stars,CBLOL,Mid,CBLOL Split 2 · playoffs,17,0.471,4.85,355.0,-2.0,54.0,353.0
TitaN,paiN Gaming,CBLOL,ADC,CBLOL Split 2 · playoffs,11,0.818,6.48,341.0,9.0,54.0,350.0
Disamis,Vivo Keyd Stars,CBLOL,Jungle,CBLOL Split 2 · playoffs,17,0.471,4.21,350.0,-2.0,54.0,348.0
Wizer,paiN Gaming,CBLOL,Top,CBLOL Split 2 · playoffs,11,0.818,4.84,334.0,9.0,54.0,343.0
CarioK,paiN Gaming,CBLOL,Jungle,CBLOL Split 2 · playoffs,11,0.818,6.39,329.0,9.0,54.0,338.0
dyNquedo,paiN Gaming,CBLOL,Mid,CBLOL Split 2 · playoffs,11,0.818,6.35,326.0,9.0,54.0,335.0
fNb,RED Canids,CBLOL,Top,CBLOL Split 2 · playoffs,15,0.6,2.45,296.0,1.0,54.0,297.0
Brance,RED Canids,CBLOL,ADC,CBLOL Split 2 · playoffs,15,0.6,5.06,295.0,1.0,54.0,296.0
JoJo,FURIA,CBLOL,Support,CBLOL Split 2 · playoffs,15,0.467,3.63,288.0,3.0,54.0,291.0
tinowns,LOUD,CBLOL,Mid,CBLOL Split 2 · playoffs,16,0.375,4.84,291.0,-6.0,54.0,285.0
Route,LOUD,CBLOL,ADC,CBLOL Split 2 · playoffs,16,0.375,4.87,265.0,-6.0,54.0,259.0
Wiz,FURIA,CBLOL,Jungle,CBLOL Split 2 · playoffs,15,0.467,3.26,249.0,3.0,54.0,252.0
Grevthar,RED Canids,CBLOL,Mid,CBLOL Split 2 · playoffs,15,0.6,4.3,251.0,1.0,54.0,252.0
frosty,RED Canids,CBLOL,Support,CBLOL Split 2 · playoffs,15,0.6,4.09,242.0,1.0,54.0,243.0
Aegis,RED Canids,CBLOL,Jungle,CBLOL Split 2 · playoffs,15,0.6,3.7,226.0,1.0,54.0,227.0
Robo,LOUD,CBLOL,Top,CBLOL Split 2 · playoffs,16,0.375,2.26,222.0,-6.0,54.0,216.0
RedBert,LOUD,CBLOL,Support,CBLOL Split 2 · playoffs,16,0.375,2.3,209.0,-6.0,54.0,203.0
Zzk,FURIA,CBLOL,Top,CBLOL Split 2 · playoffs,15,0.467,2.28,192.0,3.0,54.0,195.0
Croc,LOUD,CBLOL,Jungle,CBLOL Split 2 · playoffs,16,0.375,2.52,195.0,-6.0,54.0,189.0
Ayu,FURIA,CBLOL,ADC,CBLOL Split 2 · playoffs,15,0.467,5.42,134.0,3.0,54.0,137.0
Tutsz,FURIA,CBLOL,Mid,CBLOL Split 2 · playoffs,15,0.467,5.33,131.0,3.0,54.0,134.0
Shini,Fluxo,CBLOL,Jungle,CBLOL Split 2 · playoffs,8,0.25,1.5,112.0,-5.0,54.0,107.0
scamber,Fluxo,CBLOL,Support,CBLOL Split 2 · playoffs,8,0.25,1.89,111.0,-5.0,54.0,106.0
Fuuu,Fluxo,CBLOL,Mid,CBLOL Split 2 · playoffs,8,0.25,3.6,109.0,-5.0,54.0,104.0
Kiari,Fluxo,CBLOL,Top,CBLOL Split 2 · playoffs,7,0.286,2.44,103.0,-4.0,54.0,99.0
Trigo,Fluxo,CBLOL,ADC,CBLOL Split 2 · playoffs,8,0.25,2.11,-93.0,-5.0,54.0,-98.0
Forlin,Fluxo Academy,CBLOLA,Top,CBLOL Split 2 · playoffs,1,0.0,0.5,-280.0,-1.0,54.0,-281.0
ProDelta,Vivo Keyd Stars,CBLOL,Support,CBLOL Split 2 · saison régulière,18,0.833,4.94,378.0,9.0,54.0,387.0
Guigo,Vivo Keyd Stars,CBLOL,Top,CBLOL Split 2 · saison régulière,18,0.833,2.92,375.0,9.0,54.0,384.0
Smiley,Vivo Keyd Stars,CBLOL,ADC,CBLOL Split 2 · saison régulière,18,0.833,7.27,364.0,9.0,54.0,373.0
Leleko,Vivo Keyd Stars,CBLOL,Mid,CBLOL Split 2 · saison régulière,18,0.833,5.17,355.0,9.0,54.0,364.0
Kuri,paiN Gaming,CBLOL,Support,CBLOL Split 2 · saison régulière,18,0.778,5.19,358.0,4.0,54.0,362.0
Disamis,Vivo Keyd Stars,CBLOL,Jungle,CBLOL Split 2 · saison régulière,18,0.833,5.87,350.0,9.0,54.0,359.0
TitaN,paiN Gaming,CBLOL,ADC,CBLOL Split 2 · saison régulière,18,0.778,7.12,341.0,4.0,54.0,345.0
Wizer,paiN Gaming,CBLOL,Top,CBLOL Split 2 · saison régulière,18,0.778,5.76,334.0,4.0,54.0,338.0
CarioK,paiN Gaming,CBLOL,Jungle,CBLOL Split 2 · saison régulière,18,0.778,5.79,329.0,4.0,54.0,333.0
dyNquedo,paiN Gaming,CBLOL,Mid,CBLOL Split 2 · saison régulière,18,0.778,5.97,326.0,4.0,54.0,330.0
fNb,RED Canids,CBLOL,Top,CBLOL Split 2 · saison régulière,18,0.611,3.89,296.0,-1.0,54.0,295.0
Brance,RED Canids,CBLOL,ADC,CBLOL Split 2 · saison régulière,18,0.611,7.64,295.0,-1.0,54.0,294.0
JoJo,FURIA,CBLOL,Support,CBLOL Split 2 · saison régulière,20,0.55,3.64,288.0,-2.0,54.0,286.0
tinowns,LOUD,CBLOL,Mid,CBLOL Split 2 · saison régulière,18,0.556,4.94,291.0,-7.0,54.0,284.0
Route,LOUD,CBLOL,ADC,CBLOL Split 2 · saison régulière,18,0.556,4.97,265.0,-7.0,54.0,258.0
Grevthar,RED Canids,CBLOL,Mid,CBLOL Split 2 · saison régulière,18,0.611,8.0,251.0,-1.0,54.0,250.0
SCARY,KaBuM! Esports,CBLOL,Jungle,CBLOL Split 2 · saison régulière,15,0.533,3.19,244.0,4.0,54.0,248.0
Wiz,FURIA,CBLOL,Jungle,CBLOL Split 2 · saison régulière,20,0.55,4.45,249.0,-2.0,54.0,247.0
frosty,RED Canids,CBLOL,Support,CBLOL Split 2 · saison régulière,18,0.611,4.54,242.0,-1.0,54.0,241.0
Aegis,RED Canids,CBLOL,Jungle,CBLOL Split 2 · saison régulière,18,0.611,3.98,226.0,-1.0,54.0,225.0
Robo,LOUD,CBLOL,Top,CBLOL Split 2 · saison régulière,18,0.556,1.77,222.0,-7.0,54.0,215.0
RedBert,LOUD,CBLOL,Support,CBLOL Split 2 · saison régulière,18,0.556,2.84,209.0,-7.0,54.0,202.0
Zzk,FURIA,CBLOL,Top,CBLOL Split 2 · saison régulière,20,0.55,2.07,192.0,-2.0,54.0,190.0
Croc,LOUD,CBLOL,Jungle,CBLOL Split 2 · saison régulière,18,0.556,2.27,195.0,-7.0,54.0,188.0
Ceos,KaBuM! Esports,CBLOL,Support,CBLOL Split 2 · saison régulière,19,0.474,2.73,176.0,0.0,54.0,176.0
Netuno,KaBuM! Esports,CBLOL,ADC,CBLOL Split 2 · saison régulière,19,0.474,5.09,170.0,0.0,54.0,170.0
Dioge,INTZ,CBLOL,Mid,CBLOL Split 2 · saison régulière,18,0.444,3.46,165.0,4.0,54.0,169.0
Hauz,KaBuM! Esports,CBLOL,Mid,CBLOL Split 2 · saison régulière,19,0.474,3.72,140.0,0.0,54.0,140.0
Ayu,FURIA,CBLOL,ADC,CBLOL Split 2 · saison régulière,20,0.55,6.1,134.0,-2.0,54.0,132.0
Tutsz,FURIA,CBLOL,Mid,CBLOL Split 2 · saison régulière,20,0.55,5.3,131.0,-2.0,54.0,129.0
Shini,Fluxo,CBLOL,Jungle,CBLOL Split 2 · saison régulière,19,0.474,2.73,112.0,6.0,54.0,118.0
scamber,Fluxo,CBLOL,Support,CBLOL Split 2 · saison régulière,19,0.474,3.38,111.0,6.0,54.0,117.0
Fuuu,Fluxo,CBLOL,Mid,CBLOL Split 2 · saison régulière,19,0.474,3.71,109.0,6.0,54.0,115.0
Lonely,KaBuM! Esports,CBLOL,Top,CBLOL Split 2 · saison régulière,13,0.538,3.32,109.0,4.0,54.0,113.0
Kiari,Fluxo,CBLOL,Top,CBLOL Split 2 · saison régulière,19,0.474,2.46,103.0,6.0,54.0,109.0
Pilot,Liberty,CBLOL,Mid,CBLOL Split 2 · saison régulière,18,0.167,3.88,109.0,-8.0,54.0,101.0
Malrang,KaBuM! Esports,CBLOL,Jungle,CBLOL Split 2 · saison régulière,4,0.25,2.2,93.0,-4.0,54.0,89.0
Cavalo,Liberty,CBLOL,Support,CBLOL Split 2 · saison régulière,18,0.167,1.49,71.0,-8.0,54.0,63.0
NinjaKiwi,INTZ,CBLOL,ADC,CBLOL Split 2 · saison régulière,18,0.444,3.51,51.0,4.0,54.0,55.0
sanghyeon,LØS,CBLOL,Support,CBLOL Split 2 · saison régulière,18,0.111,1.83,54.0,-5.0,54.0,49.0
Yampi,INTZ,CBLOL,Jungle,CBLOL Split 2 · saison régulière,18,0.444,2.52,44.0,4.0,54.0,48.0
Makes,Liberty,CBLOL,Top,CBLOL Split 2 · saison régulière,18,0.167,1.01,56.0,-8.0,54.0,48.0
Damage,INTZ,CBLOL,Support,CBLOL Split 2 · saison régulière,18,0.444,2.06,37.0,4.0,54.0,41.0
Seize,LØS,CBLOL,Jungle,CBLOL Split 2 · saison régulière,18,0.111,2.56,42.0,-5.0,54.0,37.0
SuperCleber,LØS,CBLOL,Top,CBLOL Split 2 · saison régulière,18,0.111,2.04,32.0,-5.0,54.0,27.0
Envy,LØS,CBLOL,Mid,CBLOL Split 2 · saison régulière,18,0.111,3.14,27.0,-5.0,54.0,22.0
brTT,LØS,CBLOL,ADC,CBLOL Split 2 · saison régulière,18,0.111,2.8,-46.0,-5.0,54.0,-51.0
Betão,KaBuM! Academy,CBLOLA,Top,CBLOL Split 2 · saison régulière,6,0.333,1.88,-73.0,-4.0,54.0,-77.0
Trigo,Fluxo,CBLOL,ADC,CBLOL Split 2 · saison régulière,19,0.474,3.43,-93.0,6.0,54.0,-87.0
Yupps,INTZ,CBLOL,Top,CBLOL Split 2 · saison régulière,18,0.444,1.71,-105.0,4.0,54.0,-101.0
Drakehero,Liberty,CBLOL,Jungle,CBLOL Split 2 · saison régulière,6,0.0,1.83,-146.0,-4.0,54.0,-150.0
Levizin,Liberty,CBLOL,Jungle,CBLOL Split 2 · saison régulière,12,0.25,1.79,-154.0,-4.0,54.0,-158.0
micaO,Liberty Academy,CBLOLA,ADC,CBLOL Split 2 · saison régulière,6,0.0,1.57,-192.0,-4.0,54.0,-196.0
Leandrinn,Liberty,CBLOL,ADC,CBLOL Split 2 · saison régulière,12,0.25,1.05,-220.0,-4.0,54.0,-224.0
SCARY,KaBuM! Esports,CBLOL,Jungle,CBLOLA Split 1 · playoffs,18,0.611,5.04,244.0,1.0,54.0,245.0
Guigs,paiN Gaming Academy,CBLOLA,Support,CBLOLA Split 1 · playoffs,20,0.6,4.5,175.0,-6.0,54.0,169.0
Dioge,INTZ,CBLOL,Mid,CBLOLA Split 1 · playoffs,18,0.611,6.05,165.0,1.0,54.0,166.0
Tatu,paiN Gaming Academy,CBLOLA,Jungle,CBLOLA Split 1 · playoffs,20,0.6,4.05,131.0,-6.0,54.0,125.0
Marvin,paiN Gaming Academy,CBLOLA,ADC,CBLOLA Split 1 · playoffs,20,0.6,6.1,92.0,-6.0,54.0,86.0
Morttheus,Vivo Keyd Stars Academy,CBLOLA,ADC,CBLOLA Split 1 · playoffs,13,0.692,4.76,77.0,4.0,54.0,81.0
Qats,paiN Gaming Academy,CBLOLA,Mid,CBLOLA Split 1 · playoffs,20,0.6,3.96,80.0,-6.0,54.0,74.0
Telas,Vivo Keyd Stars Academy,CBLOLA,Support,CBLOLA Split 1 · playoffs,13,0.692,3.9,63.0,4.0,54.0,67.0
Tyrin,Vivo Keyd Stars Academy,CBLOLA,Top,CBLOLA Split 1 · playoffs,13,0.692,3.7,52.0,4.0,54.0,56.0
Vahvel,Leviatan,LLA,Support,CBLOLA Split 1 · playoffs,7,0.429,3.73,-4.0,1.0,54.0,-3.0
Manel,FURIA Youth,CBLOLA,Support,CBLOLA Split 1 · playoffs,6,0.5,3.48,-5.0,-4.0,54.0,-9.0
scuro,KaBuM! Academy,CBLOLA,ADC,CBLOLA Split 1 · playoffs,18,0.611,6.25,-40.0,1.0,54.0,-39.0
StineR,FURIA Youth,CBLOLA,Jungle,CBLOLA Split 1 · playoffs,11,0.364,2.74,-37.0,-5.0,54.0,-42.0
xyno,FURIA Youth,CBLOLA,Top,CBLOLA Split 1 · playoffs,11,0.364,2.12,-57.0,-5.0,54.0,-62.0
Betão,KaBuM! Academy,CBLOLA,Top,CBLOLA Split 1 · playoffs,18,0.611,3.98,-73.0,1.0,54.0,-72.0
Aikawa,FURIA Youth,CBLOLA,ADC,CBLOLA Split 1 · playoffs,19,0.474,4.19,-71.0,-8.0,54.0,-79.0
ThayT,KaBuM! Academy,CBLOLA,Jungle,CBLOLA Split 1 · playoffs,13,0.692,4.84,-94.0,4.0,54.0,-90.0
Krastyel,KaBuM! Academy,CBLOLA,Support,CBLOLA Split 1 · playoffs,18,0.611,4.9,-98.0,1.0,54.0,-97.0
Bounty,Rise Gaming,CBLOLA,Support,CBLOLA Split 1 · playoffs,12,0.5,2.28,-110.0,7.0,54.0,-103.0
Yupps,INTZ,CBLOL,Top,CBLOLA Split 1 · playoffs,20,0.6,2.8,-105.0,-6.0,54.0,-111.0
lolo,FURIA Youth,CBLOLA,Mid,CBLOLA Split 1 · playoffs,19,0.474,3.24,-108.0,-8.0,54.0,-116.0
Hugato,LOUD Academy,CBLOLA,Jungle,CBLOLA Split 1 · playoffs,20,0.55,4.67,-133.0,7.0,54.0,-126.0
niN,Flamengo Academy,CBLOLA,Top,CBLOLA Split 1 · playoffs,12,0.5,1.8,-133.0,7.0,54.0,-126.0
Lynkez,Rise Gaming,CBLOLA,Mid,CBLOLA Split 1 · playoffs,13,0.692,4.32,-139.0,4.0,54.0,-135.0
Goot,Flamengo Academy,CBLOLA,Jungle,CBLOLA Split 1 · playoffs,12,0.5,3.86,-160.0,7.0,54.0,-153.0
Levizin,Liberty,CBLOL,Jungle,CBLOLA Split 1 · playoffs,10,0.4,2.94,-154.0,1.0,54.0,-153.0
Sant,LOUD Academy,CBLOLA,ADC,CBLOLA Split 1 · playoffs,20,0.55,5.02,-168.0,7.0,54.0,-161.0
bulas,LOUD Academy,CBLOLA,Support,CBLOLA Split 1 · playoffs,20,0.55,4.0,-181.0,7.0,54.0,-174.0
ST3PZ,Flamengo Academy,CBLOLA,ADC,CBLOLA Split 1 · playoffs,12,0.5,4.79,-182.0,7.0,54.0,-175.0
Anyyy,LOUD Academy,CBLOLA,Mid,CBLOLA Split 1 · playoffs,20,0.55,7.53,-183.0,7.0,54.0,-176.0
Cirilo,RED Academy,CBLOLA,ADC,CBLOLA Split 1 · playoffs,10,0.4,4.41,-176.0,0.0,54.0,-176.0
Peco,RED Academy,CBLOLA,Mid,CBLOLA Split 1 · playoffs,10,0.4,4.23,-179.0,0.0,54.0,-179.0
zynts,RED Academy,CBLOLA,Top,CBLOLA Split 1 · playoffs,10,0.4,2.12,-183.0,0.0,54.0,-183.0
Blacky,Fluxo Academy,CBLOLA,Mid,CBLOLA Split 1 · playoffs,12,0.5,3.08,-196.0,7.0,54.0,-189.0
curty,LOUD Academy,CBLOLA,Top,CBLOLA Split 1 · playoffs,20,0.55,2.71,-210.0,7.0,54.0,-203.0
Curse,RED Academy,CBLOLA,Jungle,CBLOLA Split 1 · playoffs,10,0.4,2.57,-207.0,0.0,54.0,-207.0
Leandrinn,Liberty,CBLOL,ADC,CBLOLA Split 1 · playoffs,10,0.4,1.79,-220.0,1.0,54.0,-219.0
bbeNj,Tropa Raizen,CBLOLA,ADC,CBLOLA Split 1 · playoffs,6,0.5,7.0,-238.0,2.0,54.0,-236.0
jmz,LØS Academy,CBLOLA,Top,CBLOLA Split 1 · playoffs,4,0.0,3.71,-272.0,-3.0,54.0,-275.0
Forlin,Fluxo Academy,CBLOLA,Top,CBLOLA Split 1 · playoffs,7,0.429,2.04,-280.0,-3.0,54.0,-283.0
Stoneses,KaBuM! Academy,CBLOLA,Support,CBLOLA Split 1 · playoffs,10,0.4,2.69,-306.0,0.0,54.0,-306.0
Randal,LØS Academy,CBLOLA,Jungle,CBLOLA Split 1 · playoffs,4,0.0,1.84,-303.0,-3.0,54.0,-306.0
Soweto,Flamengo Academy,CBLOLA,Jungle,CBLOLA Split 1 · playoffs,7,0.429,2.41,-314.0,1.0,54.0,-313.0
Xoska,KaBuM! Academy,CBLOLA,Mid,CBLOLA Split 1 · playoffs,7,0.429,2.12,-325.0,-3.0,54.0,-328.0
SkyBart,Fluxo Academy,CBLOLA,Top,CBLOLA Split 1 · playoffs,7,0.429,2.62,-330.0,1.0,54.0,-329.0
Vinicete,FURIA Youth,CBLOLA,Jungle,CBLOLA Split 1 · playoffs,8,0.625,2.5,-328.0,-3.0,54.0,-331.0
konseki,LØS Academy,CBLOLA,Support,CBLOLA Split 1 · playoffs,4,0.0,1.62,-331.0,-3.0,54.0,-334.0
Avenger,XV eSports,CBLOLA,Mid,CBLOLA Split 1 · playoffs,7,0.429,3.52,-335.0,1.0,54.0,-334.0
Hakari,FURIA Youth,CBLOLA,Top,CBLOLA Split 1 · playoffs,8,0.625,2.33,-334.0,-3.0,54.0,-337.0
Momochi,Liberty Academy,CBLOLA,Support,CBLOLA Split 1 · playoffs,10,0.4,2.53,-338.0,1.0,54.0,-337.0
SkB,Liberty Academy,CBLOLA,Top,CBLOLA Split 1 · playoffs,10,0.4,2.62,-339.0,1.0,54.0,-338.0
uZent,RED Academy,CBLOLA,Support,CBLOLA Split 1 · playoffs,13,0.462,2.41,-345.0,-4.0,54.0,-349.0
Kina,Liberty Academy,CBLOLA,Mid,CBLOLA Split 1 · playoffs,10,0.4,2.69,-355.0,1.0,54.0,-354.0
Empty,LØS Academy,CBLOLA,ADC,CBLOLA Split 1 · playoffs,4,0.0,1.24,-358.0,-3.0,54.0,-361.0
Juliera,Fluxo Academy,CBLOLA,ADC,CBLOLA Split 1 · playoffs,7,0.429,3.26,-362.0,-3.0,54.0,-365.0
Kick,Fluxo Academy,CBLOLA,Support,CBLOLA Split 1 · playoffs,7,0.429,2.52,-374.0,-3.0,54.0,-377.0
Tavares,LØS Academy,CBLOLA,Mid,CBLOLA Split 1 · playoffs,4,0.0,3.62,-374.0,-3.0,54.0,-377.0
enel1,Fluxo Academy,CBLOLA,Jungle,CBLOLA Split 1 · playoffs,7,0.429,2.5,-468.0,-3.0,54.0,-471.0
Taara,INTZ Academy,CBLOLA,ADC,CBLOLA Split 1 · playoffs,4,0.0,1.42,-526.0,-3.0,54.0,-529.0
Dizin,INTZ Academy,CBLOLA,Jungle,CBLOLA Split 1 · playoffs,4,0.0,1.33,-623.0,-3.0,54.0,-626.0
Namiru,INTZ Academy,CBLOLA,Mid,CBLOLA Split 1 · playoffs,4,0.0,2.18,-626.0,-3.0,54.0,-629.0
Lellis,INTZ Academy,CBLOLA,Top,CBLOLA Split 1 · playoffs,4,0.0,1.12,-675.0,-3.0,54.0,-678.0
Sthe,INTZ Academy,CBLOLA,Support,CBLOLA Split 1 · playoffs,4,0.0,0.77,-696.0,-3.0,54.0,-699.0
Leleko,Vivo Keyd Stars,CBLOL,Mid,CBLOLA Split 1 · saison régulière,4,0.75,12.67,355.0,-2.0,54.0,353.0
SCARY,KaBuM! Esports,CBLOL,Jungle,CBLOLA Split 1 · saison régulière,11,0.818,4.96,244.0,2.0,54.0,246.0
Guigs,paiN Gaming Academy,CBLOLA,Support,CBLOLA Split 1 · saison régulière,11,0.818,4.62,175.0,-1.0,54.0,174.0
Dioge,INTZ,CBLOL,Mid,CBLOLA Split 1 · saison régulière,11,0.818,7.06,165.0,2.0,54.0,167.0
Tatu,paiN Gaming Academy,CBLOLA,Jungle,CBLOLA Split 1 · saison régulière,11,0.818,5.62,131.0,-1.0,54.0,130.0
Marvin,paiN Gaming Academy,CBLOLA,ADC,CBLOLA Split 1 · saison régulière,11,0.818,7.33,92.0,-1.0,54.0,91.0
Qats,paiN Gaming Academy,CBLOLA,Mid,CBLOLA Split 1 · saison régulière,11,0.818,5.57,80.0,-1.0,54.0,79.0
Morttheus,Vivo Keyd Stars Academy,CBLOLA,ADC,CBLOLA Split 1 · saison régulière,11,0.727,7.06,77.0,-2.0,54.0,75.0
Telas,Vivo Keyd Stars Academy,CBLOLA,Support,CBLOLA Split 1 · saison régulière,11,0.727,4.47,63.0,-2.0,54.0,61.0
Tyrin,Vivo Keyd Stars Academy,CBLOLA,Top,CBLOLA Split 1 · saison régulière,11,0.727,4.0,52.0,-2.0,54.0,50.0
Toucouille,Ilha das Lendas,CBLOLA,Mid,CBLOLA Split 1 · saison régulière,3,1.0,12.75,13.0,4.0,54.0,17.0
Vahvel,Leviatan,LLA,Support,CBLOLA Split 1 · saison régulière,4,0.25,2.73,-4.0,-2.0,54.0,-6.0
StineR,FURIA Youth,CBLOLA,Jungle,CBLOLA Split 1 · saison régulière,7,0.429,5.13,-37.0,1.0,54.0,-36.0
scuro,KaBuM! Academy,CBLOLA,ADC,CBLOLA Split 1 · saison régulière,11,0.818,6.45,-40.0,2.0,54.0,-38.0
xyno,FURIA Youth,CBLOLA,Top,CBLOLA Split 1 · saison régulière,7,0.429,3.39,-57.0,1.0,54.0,-56.0
Betão,KaBuM! Academy,CBLOLA,Top,CBLOLA Split 1 · saison régulière,11,0.818,3.46,-73.0,2.0,54.0,-71.0
Aikawa,FURIA Youth,CBLOLA,ADC,CBLOLA Split 1 · saison régulière,11,0.454,5.68,-71.0,-1.0,54.0,-72.0
Krastyel,KaBuM! Academy,CBLOLA,Support,CBLOLA Split 1 · saison régulière,11,0.818,5.96,-98.0,2.0,54.0,-96.0
ThayT,KaBuM! Academy,CBLOLA,Jungle,CBLOLA Split 1 · saison régulière,11,0.727,3.6,-94.0,-2.0,54.0,-96.0
Yupps,INTZ,CBLOL,Top,CBLOLA Split 1 · saison régulière,11,0.818,3.23,-105.0,-1.0,54.0,-106.0
lolo,FURIA Youth,CBLOLA,Mid,CBLOLA Split 1 · saison régulière,5,0.6,4.67,-108.0,-1.0,54.0,-109.0
Bounty,Rise Gaming,CBLOLA,Support,CBLOLA Split 1 · saison régulière,11,0.636,4.53,-110.0,-2.0,54.0,-112.0
Hugato,LOUD Academy,CBLOLA,Jungle,CBLOLA Split 1 · saison régulière,11,0.636,4.92,-133.0,6.0,54.0,-127.0
niN,Flamengo Academy,CBLOLA,Top,CBLOLA Split 1 · saison régulière,11,0.636,2.5,-133.0,-2.0,54.0,-135.0
Lynkez,Rise Gaming,CBLOLA,Mid,CBLOLA Split 1 · saison régulière,4,0.5,6.6,-139.0,-4.0,54.0,-143.0
Levizin,Liberty,CBLOL,Jungle,CBLOLA Split 1 · saison régulière,11,0.454,2.74,-154.0,1.0,54.0,-153.0
Goot,Flamengo Academy,CBLOLA,Jungle,CBLOLA Split 1 · saison régulière,11,0.636,4.64,-160.0,-2.0,54.0,-162.0
Sant,LOUD Academy,CBLOLA,ADC,CBLOLA Split 1 · saison régulière,11,0.636,5.21,-168.0,6.0,54.0,-162.0
bulas,LOUD Academy,CBLOLA,Support,CBLOLA Split 1 · saison régulière,11,0.636,3.16,-181.0,6.0,54.0,-175.0
Cirilo,RED Academy,CBLOLA,ADC,CBLOLA Split 1 · saison régulière,11,0.546,5.24,-176.0,1.0,54.0,-175.0
Anyyy,LOUD Academy,CBLOLA,Mid,CBLOLA Split 1 · saison régulière,11,0.636,6.53,-183.0,6.0,54.0,-177.0
Peco,RED Academy,CBLOLA,Mid,CBLOLA Split 1 · saison régulière,11,0.546,4.04,-179.0,1.0,54.0,-178.0
zynts,RED Academy,CBLOLA,Top,CBLOLA Split 1 · saison régulière,11,0.546,3.5,-183.0,1.0,54.0,-182.0
ST3PZ,Flamengo Academy,CBLOLA,ADC,CBLOLA Split 1 · saison régulière,11,0.636,4.31,-182.0,-2.0,54.0,-184.0
Blacky,Fluxo Academy,CBLOLA,Mid,CBLOLA Split 1 · saison régulière,11,0.636,4.06,-196.0,-2.0,54.0,-198.0
curty,LOUD Academy,CBLOLA,Top,CBLOLA Split 1 · saison régulière,11,0.636,2.8,-210.0,6.0,54.0,-204.0
Curse,RED Academy,CBLOLA,Jungle,CBLOLA Split 1 · saison régulière,11,0.546,3.31,-207.0,1.0,54.0,-206.0
Leandrinn,Liberty,CBLOL,ADC,CBLOLA Split 1 · saison régulière,11,0.454,2.26,-220.0,1.0,54.0,-219.0
bbeNj,Tropa Raizen,CBLOLA,ADC,CBLOLA Split 1 · saison régulière,4,0.25,3.08,-238.0,-2.0,54.0,-240.0
jmz,LØS Academy,CBLOLA,Top,CBLOLA Split 1 · saison régulière,11,0.273,3.07,-272.0,-0.0,54.0,-272.0
Forlin,Fluxo Academy,CBLOLA,Top,CBLOLA Split 1 · saison régulière,10,0.4,2.27,-280.0,0.0,54.0,-280.0
Randal,LØS Academy,CBLOLA,Jungle,CBLOLA Split 1 · saison régulière,11,0.273,2.31,-303.0,-0.0,54.0,-303.0
Stoneses,KaBuM! Academy,CBLOLA,Support,CBLOLA Split 1 · saison régulière,11,0.546,4.67,-306.0,1.0,54.0,-305.0
Soweto,Flamengo Academy,CBLOLA,Jungle,CBLOLA Split 1 · saison régulière,11,0.273,2.08,-314.0,-3.0,54.0,-317.0
Xoska,KaBuM! Academy,CBLOLA,Mid,CBLOLA Split 1 · saison régulière,11,0.364,2.83,-325.0,2.0,54.0,-323.0
Vinicete,FURIA Youth,CBLOLA,Jungle,CBLOLA Split 1 · saison régulière,4,0.5,3.0,-328.0,-2.0,54.0,-330.0
konseki,LØS Academy,CBLOLA,Support,CBLOLA Split 1 · saison régulière,11,0.273,4.0,-331.0,-0.0,54.0,-331.0
SkyBart,Fluxo Academy,CBLOLA,Top,CBLOLA Split 1 · saison régulière,11,0.273,2.04,-330.0,-3.0,54.0,-333.0
Hakari,FURIA Youth,CBLOLA,Top,CBLOLA Split 1 · saison régulière,4,0.5,2.64,-334.0,-2.0,54.0,-336.0
Momochi,Liberty Academy,CBLOLA,Support,CBLOLA Split 1 · saison régulière,11,0.454,3.07,-338.0,1.0,54.0,-337.0
Avenger,XV eSports,CBLOLA,Mid,CBLOLA Split 1 · saison régulière,11,0.273,2.2,-335.0,-3.0,54.0,-338.0
SkB,Liberty Academy,CBLOLA,Top,CBLOLA Split 1 · saison régulière,11,0.454,2.84,-339.0,1.0,54.0,-338.0
uZent,RED Academy,CBLOLA,Support,CBLOLA Split 1 · saison régulière,11,0.454,4.0,-345.0,-1.0,54.0,-346.0
Kina,Liberty Academy,CBLOLA,Mid,CBLOLA Split 1 · saison régulière,11,0.454,4.27,-355.0,1.0,54.0,-354.0
Empty,LØS Academy,CBLOLA,ADC,CBLOLA Split 1 · saison régulière,11,0.273,3.22,-358.0,-0.0,54.0,-358.0
Juliera,Fluxo Academy,CBLOLA,ADC,CBLOLA Split 1 · saison régulière,11,0.364,4.96,-362.0,2.0,54.0,-360.0
Kick,Fluxo Academy,CBLOLA,Support,CBLOLA Split 1 · saison régulière,11,0.364,3.0,-374.0,2.0,54.0,-372.0
Tavares,LØS Academy,CBLOLA,Mid,CBLOLA Split 1 · saison régulière,11,0.273,3.54,-374.0,-0.0,54.0,-374.0
enel1,Fluxo Academy,CBLOLA,Jungle,CBLOLA Split 1 · saison régulière,4,0.0,3.18,-468.0,2.0,54.0,-466.0
Rosa,INTZ Academy,CBLOLA,ADC,CBLOLA Split 1 · saison régulière,2,0.0,0.91,-524.0,-1.0,54.0,-525.0
Taara,INTZ Academy,CBLOLA,ADC,CBLOLA Split 1 · saison régulière,9,0.0,1.22,-526.0,-1.0,54.0,-527.0
Dizin,INTZ Academy,CBLOLA,Jungle,CBLOLA Split 1 · saison régulière,11,0.0,1.24,-623.0,-2.0,54.0,-625.0
Namiru,INTZ Academy,CBLOLA,Mid,CBLOLA Split 1 · saison régulière,11,0.0,1.29,-626.0,-2.0,54.0,-628.0
Lellis,INTZ Academy,CBLOLA,Top,CBLOLA Split 1 · saison régulière,11,0.0,0.73,-675.0,-2.0,54.0,-677.0
Sthe,INTZ Academy,CBLOLA,Support,CBLOLA Split 1 · saison régulière,11,0.0,1.06,-696.0,-2.0,54.0,-698.0
Hidan,paiN Gaming Academy,CBLOLA,Top,CBLOLA Split 2 · playoffs,13,0.769,4.0,227.0,7.0,54.0,234.0
Guigs,paiN Gaming Academy,CBLOLA,Support,CBLOLA Split 2 · playoffs,13,0.769,6.71,175.0,7.0,54.0,182.0
Tatu,paiN Gaming Academy,CBLOLA,Jungle,CBLOLA Split 2 · playoffs,13,0.769,9.6,131.0,7.0,54.0,138.0
sarolu,Vivo Keyd Stars Academy,CBLOLA,Jungle,CBLOLA Split 2 · playoffs,19,0.79,4.63,106.0,11.0,54.0,117.0
Marvin,paiN Gaming Academy,CBLOLA,ADC,CBLOLA Split 2 · playoffs,13,0.769,7.24,92.0,7.0,54.0,99.0
Qats,paiN Gaming Academy,CBLOLA,Mid,CBLOLA Split 2 · playoffs,13,0.769,5.28,80.0,7.0,54.0,87.0
Morttheus,Vivo Keyd Stars Academy,CBLOLA,ADC,CBLOLA Split 2 · playoffs,22,0.727,8.29,77.0,7.0,54.0,84.0
Telas,Vivo Keyd Stars Academy,CBLOLA,Support,CBLOLA Split 2 · playoffs,22,0.727,3.79,63.0,7.0,54.0,70.0
Tyrin,Vivo Keyd Stars Academy,CBLOLA,Top,CBLOLA Split 2 · playoffs,22,0.727,2.89,52.0,7.0,54.0,59.0
Toucouille,Ilha das Lendas,CBLOLA,Mid,CBLOLA Split 2 · playoffs,12,0.417,3.69,13.0,-3.0,54.0,10.0
Manel,FURIA Youth,CBLOLA,Support,CBLOLA Split 2 · playoffs,14,0.5,1.69,-5.0,0.0,54.0,-5.0
StineR,FURIA Youth,CBLOLA,Jungle,CBLOLA Split 2 · playoffs,14,0.5,2.83,-37.0,0.0,54.0,-37.0
Kisee,Vivo Keyd Stars Academy,CBLOLA,Mid,CBLOLA Split 2 · playoffs,22,0.727,7.05,-55.0,7.0,54.0,-48.0
xyno,FURIA Youth,CBLOLA,Top,CBLOLA Split 2 · playoffs,14,0.5,2.58,-57.0,0.0,54.0,-57.0
Aikawa,FURIA Youth,CBLOLA,ADC,CBLOLA Split 2 · playoffs,14,0.5,5.91,-71.0,0.0,54.0,-71.0
Betão,KaBuM! Academy,CBLOLA,Top,CBLOLA Split 2 · playoffs,10,0.3,1.88,-73.0,-0.0,54.0,-73.0
Shrimp,Ilha das Lendas,CBLOLA,Jungle,CBLOLA Split 2 · playoffs,11,0.454,2.96,-80.0,-1.0,54.0,-81.0
ThayT,KaBuM! Academy,CBLOLA,Jungle,CBLOLA Split 2 · playoffs,10,0.3,3.19,-94.0,-0.0,54.0,-94.0
Sting,Rise Gaming,CBLOLA,Jungle,CBLOLA Split 2 · playoffs,9,0.444,3.28,-95.0,-2.0,54.0,-97.0
Krastyel,KaBuM! Academy,CBLOLA,Support,CBLOLA Split 2 · playoffs,10,0.3,1.84,-98.0,-0.0,54.0,-98.0
Ayel,Ilha das Lendas,CBLOLA,Top,CBLOLA Split 2 · playoffs,12,0.417,2.43,-95.0,-3.0,54.0,-98.0
Flare,Ilha das Lendas,CBLOLA,ADC,CBLOLA Split 2 · playoffs,12,0.417,3.73,-102.0,-3.0,54.0,-105.0
lolo,FURIA Youth,CBLOLA,Mid,CBLOLA Split 2 · playoffs,14,0.5,3.72,-108.0,0.0,54.0,-108.0
Bounty,Rise Gaming,CBLOLA,Support,CBLOLA Split 2 · playoffs,9,0.444,2.08,-110.0,-2.0,54.0,-112.0
Yuki,Ilha das Lendas,CBLOLA,Support,CBLOLA Split 2 · playoffs,12,0.417,2.03,-122.0,-3.0,54.0,-125.0
Hugato,LOUD Academy,CBLOLA,Jungle,CBLOLA Split 2 · playoffs,5,0.0,2.6,-133.0,-5.0,54.0,-138.0
Lynkez,Rise Gaming,CBLOLA,Mid,CBLOLA Split 2 · playoffs,9,0.444,3.23,-139.0,-2.0,54.0,-141.0
Drakehero,Liberty,CBLOL,Jungle,CBLOLA Split 2 · playoffs,5,0.0,1.48,-146.0,-4.0,54.0,-150.0
kksh,Rise Gaming,CBLOLA,ADC,CBLOLA Split 2 · playoffs,9,0.444,4.74,-161.0,-2.0,54.0,-163.0
Sant,LOUD Academy,CBLOLA,ADC,CBLOLA Split 2 · playoffs,4,0.0,3.0,-168.0,-3.0,54.0,-171.0
zekas,Rise Gaming,CBLOLA,Top,CBLOLA Split 2 · playoffs,9,0.444,2.41,-173.0,-2.0,54.0,-175.0
bulas,LOUD Academy,CBLOLA,Support,CBLOLA Split 2 · playoffs,5,0.0,2.05,-181.0,-5.0,54.0,-186.0
Anyyy,LOUD Academy,CBLOLA,Mid,CBLOLA Split 2 · playoffs,5,0.0,3.21,-183.0,-5.0,54.0,-188.0
micaO,Liberty Academy,CBLOLA,ADC,CBLOLA Split 2 · playoffs,5,0.0,0.9,-192.0,-4.0,54.0,-196.0
curty,LOUD Academy,CBLOLA,Top,CBLOLA Split 2 · playoffs,5,0.0,1.47,-210.0,-5.0,54.0,-215.0
RAV3N,KaBuM! Academy,CBLOLA,ADC,CBLOLA Split 2 · playoffs,10,0.3,2.43,-299.0,-0.0,54.0,-299.0
Xoska,KaBuM! Academy,CBLOLA,Mid,CBLOLA Split 2 · playoffs,10,0.3,2.33,-325.0,-0.0,54.0,-325.0
Momochi,Liberty Academy,CBLOLA,Support,CBLOLA Split 2 · playoffs,5,0.0,0.89,-338.0,-4.0,54.0,-342.0
SkB,Liberty Academy,CBLOLA,Top,CBLOLA Split 2 · playoffs,5,0.0,0.9,-339.0,-4.0,54.0,-343.0
Kina,Liberty Academy,CBLOLA,Mid,CBLOLA Split 2 · playoffs,5,0.0,1.12,-355.0,-4.0,54.0,-359.0
SCARY,KaBuM! Esports,CBLOL,Jungle,CBLOLA Split 2 · saison régulière,6,0.667,11.62,244.0,3.0,54.0,247.0
Hidan,paiN Gaming Academy,CBLOLA,Top,CBLOLA Split 2 · saison régulière,13,0.846,5.88,227.0,-0.0,54.0,227.0
Guigs,paiN Gaming Academy,CBLOLA,Support,CBLOLA Split 2 · saison régulière,13,0.846,4.89,175.0,-0.0,54.0,175.0
Tatu,paiN Gaming Academy,CBLOLA,Jungle,CBLOLA Split 2 · saison régulière,13,0.846,6.54,131.0,-0.0,54.0,131.0
Lonely,KaBuM! Esports,CBLOL,Top,CBLOLA Split 2 · saison régulière,7,0.429,3.43,109.0,-4.0,54.0,105.0
sarolu,Vivo Keyd Stars Academy,CBLOLA,Jungle,CBLOLA Split 2 · saison régulière,12,0.75,3.7,106.0,-2.0,54.0,104.0
Marvin,paiN Gaming Academy,CBLOLA,ADC,CBLOLA Split 2 · saison régulière,13,0.846,6.78,92.0,-0.0,54.0,92.0
Qats,paiN Gaming Academy,CBLOLA,Mid,CBLOLA Split 2 · saison régulière,13,0.846,7.45,80.0,-0.0,54.0,80.0
Morttheus,Vivo Keyd Stars Academy,CBLOLA,ADC,CBLOLA Split 2 · saison régulière,15,0.733,9.72,77.0,-2.0,54.0,75.0
Telas,Vivo Keyd Stars Academy,CBLOLA,Support,CBLOLA Split 2 · saison régulière,15,0.733,3.91,63.0,-2.0,54.0,61.0
Tyrin,Vivo Keyd Stars Academy,CBLOLA,Top,CBLOLA Split 2 · saison régulière,15,0.733,4.42,52.0,-2.0,54.0,50.0
Toucouille,Ilha das Lendas,CBLOLA,Mid,CBLOLA Split 2 · saison régulière,14,0.643,4.51,13.0,4.0,54.0,17.0
Manel,FURIA Youth,CBLOLA,Support,CBLOLA Split 2 · saison régulière,13,0.846,3.02,-5.0,12.0,54.0,7.0
StineR,FURIA Youth,CBLOLA,Jungle,CBLOLA Split 2 · saison régulière,13,0.846,3.6,-37.0,12.0,54.0,-25.0
xyno,FURIA Youth,CBLOLA,Top,CBLOLA Split 2 · saison régulière,13,0.846,4.33,-57.0,12.0,54.0,-45.0
Kisee,Vivo Keyd Stars Academy,CBLOLA,Mid,CBLOLA Split 2 · saison régulière,15,0.733,5.36,-55.0,-2.0,54.0,-57.0
Aikawa,FURIA Youth,CBLOLA,ADC,CBLOLA Split 2 · saison régulière,13,0.846,15.36,-71.0,12.0,54.0,-59.0
Betão,KaBuM! Academy,CBLOLA,Top,CBLOLA Split 2 · saison régulière,6,0.667,3.18,-73.0,3.0,54.0,-70.0
Shrimp,Ilha das Lendas,CBLOLA,Jungle,CBLOLA Split 2 · saison régulière,13,0.615,3.49,-80.0,4.0,54.0,-76.0
Ayel,Ilha das Lendas,CBLOLA,Top,CBLOLA Split 2 · saison régulière,14,0.643,3.38,-95.0,4.0,54.0,-91.0
Sting,Rise Gaming,CBLOLA,Jungle,CBLOLA Split 2 · saison régulière,9,0.667,3.16,-95.0,4.0,54.0,-91.0
ThayT,KaBuM! Academy,CBLOLA,Jungle,CBLOLA Split 2 · saison régulière,5,0.6,4.91,-94.0,1.0,54.0,-93.0
lolo,FURIA Youth,CBLOLA,Mid,CBLOLA Split 2 · saison régulière,13,0.846,4.17,-108.0,12.0,54.0,-96.0
Flare,Ilha das Lendas,CBLOLA,ADC,CBLOLA Split 2 · saison régulière,14,0.643,6.73,-102.0,4.0,54.0,-98.0
Krastyel,KaBuM! Academy,CBLOLA,Support,CBLOLA Split 2 · saison régulière,13,0.538,3.41,-98.0,-1.0,54.0,-99.0
Bounty,Rise Gaming,CBLOLA,Support,CBLOLA Split 2 · saison régulière,13,0.615,2.69,-110.0,1.0,54.0,-109.0
Yuki,Ilha das Lendas,CBLOLA,Support,CBLOLA Split 2 · saison régulière,14,0.643,2.84,-122.0,4.0,54.0,-118.0
murilao,Tropa Raizen,CBLOLA,Support,CBLOLA Split 2 · saison régulière,10,0.5,2.17,-133.0,5.0,54.0,-128.0
Lynkez,Rise Gaming,CBLOLA,Mid,CBLOLA Split 2 · saison régulière,9,0.667,3.81,-139.0,4.0,54.0,-135.0
Hugato,LOUD Academy,CBLOLA,Jungle,CBLOLA Split 2 · saison régulière,13,0.462,3.65,-133.0,-8.0,54.0,-141.0
Drakehero,Liberty,CBLOL,Jungle,CBLOLA Split 2 · saison régulière,5,0.2,1.76,-146.0,-4.0,54.0,-150.0
Levizin,Liberty,CBLOL,Jungle,CBLOLA Split 2 · saison régulière,8,0.625,4.79,-154.0,2.0,54.0,-152.0
kksh,Rise Gaming,CBLOLA,ADC,CBLOLA Split 2 · saison régulière,14,0.643,6.9,-161.0,3.0,54.0,-158.0
Goot,Flamengo Academy,CBLOLA,Jungle,CBLOLA Split 2 · saison régulière,13,0.308,2.95,-160.0,-5.0,54.0,-165.0
zekas,Rise Gaming,CBLOLA,Top,CBLOLA Split 2 · saison régulière,14,0.643,3.86,-173.0,3.0,54.0,-170.0
Sant,LOUD Academy,CBLOLA,ADC,CBLOLA Split 2 · saison régulière,13,0.462,3.53,-168.0,-8.0,54.0,-176.0
Peco,RED Academy,CBLOLA,Mid,CBLOLA Split 2 · saison régulière,13,0.385,2.9,-179.0,-1.0,54.0,-180.0
zynts,RED Academy,CBLOLA,Top,CBLOLA Split 2 · saison régulière,13,0.385,2.22,-183.0,-1.0,54.0,-184.0
ST3PZ,Flamengo Academy,CBLOLA,ADC,CBLOLA Split 2 · saison régulière,13,0.308,5.67,-182.0,-5.0,54.0,-187.0
bulas,LOUD Academy,CBLOLA,Support,CBLOLA Split 2 · saison régulière,13,0.462,2.3,-181.0,-8.0,54.0,-189.0
Anyyy,LOUD Academy,CBLOLA,Mid,CBLOLA Split 2 · saison régulière,13,0.462,5.17,-183.0,-8.0,54.0,-191.0
micaO,Liberty Academy,CBLOLA,ADC,CBLOLA Split 2 · saison régulière,5,0.2,2.89,-192.0,-4.0,54.0,-196.0
Blacky,Fluxo Academy,CBLOLA,Mid,CBLOLA Split 2 · saison régulière,13,0.308,2.54,-196.0,-2.0,54.0,-198.0
Curse,RED Academy,CBLOLA,Jungle,CBLOLA Split 2 · saison régulière,13,0.385,3.72,-207.0,-1.0,54.0,-208.0
Rabelo,RED Academy,CBLOLA,ADC,CBLOLA Split 2 · saison régulière,13,0.385,4.9,-213.0,-1.0,54.0,-214.0
Leandrinn,Liberty,CBLOL,ADC,CBLOLA Split 2 · saison régulière,8,0.625,2.18,-220.0,2.0,54.0,-218.0
curty,LOUD Academy,CBLOLA,Top,CBLOLA Split 2 · saison régulière,13,0.462,2.47,-210.0,-8.0,54.0,-218.0
bbeNj,Tropa Raizen,CBLOLA,ADC,CBLOLA Split 2 · saison régulière,13,0.385,4.25,-238.0,-0.0,54.0,-238.0
Duduhh,LØS Academy,CBLOLA,ADC,CBLOLA Split 2 · saison régulière,13,0.308,2.69,-254.0,1.0,54.0,-253.0
zay,Flamengo Academy,CBLOLA,Support,CBLOLA Split 2 · saison régulière,13,0.308,2.92,-248.0,-5.0,54.0,-253.0
Nero,LØS Academy,CBLOLA,Jungle,CBLOLA Split 2 · saison régulière,13,0.308,2.95,-268.0,1.0,54.0,-267.0
jmz,LØS Academy,CBLOLA,Top,CBLOLA Split 2 · saison régulière,13,0.308,2.17,-272.0,1.0,54.0,-271.0
Forlin,Fluxo Academy,CBLOLA,Top,CBLOLA Split 2 · saison régulière,5,0.6,3.83,-280.0,1.0,54.0,-279.0
random,Tropa Raizen,CBLOLA,Mid,CBLOLA Split 2 · saison régulière,13,0.385,3.85,-292.0,-0.0,54.0,-292.0
Reversed,Tropa Raizen,CBLOLA,Top,CBLOLA Split 2 · saison régulière,13,0.385,3.03,-296.0,-0.0,54.0,-296.0
RAV3N,KaBuM! Academy,CBLOLA,ADC,CBLOLA Split 2 · saison régulière,13,0.538,5.46,-299.0,-1.0,54.0,-300.0
Stoneses,KaBuM! Academy,CBLOLA,Support,CBLOLA Split 2 · saison régulière,2,0.0,1.07,-306.0,-6.0,54.0,-312.0
Soweto,Flamengo Academy,CBLOLA,Jungle,CBLOLA Split 2 · saison régulière,5,0.2,1.32,-314.0,2.0,54.0,-312.0
Xoska,KaBuM! Academy,CBLOLA,Mid,CBLOLA Split 2 · saison régulière,13,0.538,3.45,-325.0,-1.0,54.0,-326.0
Mewkyo,Tropa Raizen,CBLOLA,Jungle,CBLOLA Split 2 · saison régulière,13,0.385,2.54,-328.0,-0.0,54.0,-328.0
konseki,LØS Academy,CBLOLA,Support,CBLOLA Split 2 · saison régulière,13,0.308,2.47,-331.0,1.0,54.0,-330.0
SkyBart,Fluxo Academy,CBLOLA,Top,CBLOLA Split 2 · saison régulière,11,0.273,2.05,-330.0,-0.0,54.0,-330.0
Momochi,Liberty Academy,CBLOLA,Support,CBLOLA Split 2 · saison régulière,13,0.462,2.04,-338.0,-2.0,54.0,-340.0
SkB,Liberty Academy,CBLOLA,Top,CBLOLA Split 2 · saison régulière,13,0.462,1.64,-339.0,-2.0,54.0,-341.0
uZent,RED Academy,CBLOLA,Support,CBLOLA Split 2 · saison régulière,13,0.385,2.6,-345.0,-1.0,54.0,-346.0
Kina,Liberty Academy,CBLOLA,Mid,CBLOLA Split 2 · saison régulière,13,0.462,2.62,-355.0,-2.0,54.0,-357.0
Juliera,Fluxo Academy,CBLOLA,ADC,CBLOLA Split 2 · saison régulière,12,0.25,3.0,-362.0,-3.0,54.0,-365.0
Tavares,LØS Academy,CBLOLA,Mid,CBLOLA Split 2 · saison régulière,12,0.25,2.47,-374.0,0.0,54.0,-374.0
Kick,Fluxo Academy,CBLOLA,Support,CBLOLA Split 2 · saison régulière,13,0.308,1.87,-374.0,-2.0,54.0,-376.0
Aithusa,Flamengo Academy,CBLOLA,Mid,CBLOLA Split 2 · saison régulière,13,0.308,3.26,-390.0,-5.0,54.0,-395.0
enel1,Fluxo Academy,CBLOLA,Jungle,CBLOLA Split 2 · saison régulière,8,0.125,1.52,-468.0,-4.0,54.0,-472.0
Rosa,INTZ Academy,CBLOLA,ADC,CBLOLA Split 2 · saison régulière,12,0.083,1.38,-524.0,1.0,54.0,-523.0
Taara,INTZ Academy,CBLOLA,ADC,CBLOLA Split 2 · saison régulière,1,0.0,1.25,-526.0,-0.0,54.0,-526.0
Dizin,INTZ Academy,CBLOLA,Jungle,CBLOLA Split 2 · saison régulière,13,0.077,1.6,-623.0,1.0,54.0,-622.0
Namiru,INTZ Academy,CBLOLA,Mid,CBLOLA Split 2 · saison régulière,13,0.077,2.4,-626.0,1.0,54.0,-625.0
Lellis,INTZ Academy,CBLOLA,Top,CBLOLA Split 2 · saison régulière,13,0.077,0.9,-675.0,1.0,54.0,-674.0
Sthe,INTZ Academy,CBLOLA,Support,CBLOLA Split 2 · saison régulière,13,0.077,0.82,-696.0,1.0,54.0,-695.0
Daglas,Vitality.Bee,LFL,Jungle,CDF · playoffs,13,0.923,7.12,650.0,11.0,54.0,661.0
Keduii,Team BDS Academy,LFL,ADC,CDF · playoffs,9,0.556,3.74,491.0,-11.0,54.0,480.0
Abbedagge,Karmine Corp Blue,LFL,Mid,CDF · playoffs,9,0.667,4.37,474.0,-3.0,54.0,471.0
SkewMond,Team BDS Academy,LFL,Jungle,CDF · playoffs,9,0.556,2.66,453.0,-11.0,54.0,442.0
Reeker,Team BDS Academy,LFL,Mid,CDF · playoffs,9,0.556,2.12,452.0,-11.0,54.0,441.0
Caliste,Karmine Corp Blue,LFL,ADC,CDF · playoffs,9,0.667,5.84,434.0,-3.0,54.0,431.0
JNX,Team BDS Academy,LFL,Top,CDF · playoffs,9,0.556,2.46,425.0,-11.0,54.0,414.0
Parus,Team BDS Academy,LFL,Support,CDF · playoffs,9,0.556,2.06,407.0,-11.0,54.0,396.0
Fleshy,Karmine Corp Blue,LFL,Support,CDF · playoffs,9,0.667,5.13,380.0,-3.0,54.0,377.0
Maynter,Karmine Corp Blue,LFL,Top,CDF · playoffs,9,0.667,4.12,350.0,-3.0,54.0,347.0
Dajor,Team GO,LFL,Mid,CDF · playoffs,8,0.625,2.25,319.0,-1.0,54.0,318.0
Stend,Vitality.Bee,LFL,Support,CDF · playoffs,13,0.923,5.76,301.0,11.0,54.0,312.0
113,Karmine Corp Blue,LFL,Jungle,CDF · playoffs,9,0.667,4.08,314.0,-3.0,54.0,311.0
Eckas,Solary,LFL,Jungle,CDF · playoffs,15,0.667,4.51,287.0,9.0,54.0,296.0
Jopa,Vitality.Bee,LFL,ADC,CDF · playoffs,13,0.923,5.88,280.0,11.0,54.0,291.0
SamD,BK ROG Esports,LFL,ADC,CDF · playoffs,11,0.546,3.98,284.0,-3.0,54.0,281.0
Czajek,Vitality.Bee,LFL,Mid,CDF · playoffs,13,0.923,5.03,265.0,11.0,54.0,276.0
Decay,Solary,LFL,Mid,CDF · playoffs,15,0.667,4.07,266.0,9.0,54.0,275.0
Eika,Gentle Mates,LFL,Mid,CDF · playoffs,6,0.5,2.82,269.0,-1.0,54.0,268.0
Naak Nako,Vitality.Bee,LFL,Top,CDF · playoffs,13,0.923,3.31,237.0,11.0,54.0,248.0
Howling,BK ROG Esports,LFL,Top,CDF · playoffs,11,0.546,2.48,251.0,-3.0,54.0,248.0
Czekolad,BK ROG Esports,LFL,Mid,CDF · playoffs,11,0.546,3.19,249.0,-3.0,54.0,246.0
Kryze,Solary,LFL,Top,CDF · playoffs,15,0.667,3.25,235.0,9.0,54.0,244.0
Myrtus,Solary,LFL,Support,CDF · playoffs,15,0.667,4.29,232.0,9.0,54.0,241.0
Lot,Team GO,LFL,Top,CDF · playoffs,8,0.625,3.48,216.0,-1.0,54.0,215.0
TakeSet,Solary,LFL,ADC,CDF · playoffs,15,0.667,5.11,191.0,9.0,54.0,200.0
Rhilech,BK ROG Esports,LFL,Jungle,CDF · playoffs,11,0.546,3.93,199.0,-3.0,54.0,196.0
Hantera,BK ROG Esports,LFL,Support,CDF · playoffs,11,0.546,3.17,196.0,-3.0,54.0,193.0
Jezu,Team GO,LFL,ADC,CDF · playoffs,8,0.625,4.21,191.0,-1.0,54.0,190.0
Badlulu,Aegis,LFL,Top,CDF · playoffs,7,0.571,2.85,182.0,1.0,54.0,183.0
Prime,Team GO,LFL,Support,CDF · playoffs,8,0.625,2.49,183.0,-1.0,54.0,182.0
Boukada,Team GO,LFL,Jungle,CDF · playoffs,8,0.625,4.21,152.0,-1.0,54.0,151.0
BAO,Gentle Mates,LFL,ADC,CDF · playoffs,6,0.5,3.65,145.0,-1.0,54.0,144.0
Ragner,Gentle Mates,LFL,Top,CDF · playoffs,6,0.5,2.17,139.0,-1.0,54.0,138.0
Deadly,Ici Japon Corp. Esport,LFL,ADC,CDF · playoffs,3,0.0,1.81,139.0,-5.0,54.0,134.0
White,Gentle Mates,LFL,Jungle,CDF · playoffs,6,0.5,3.38,123.0,-1.0,54.0,122.0
OMON,Ici Japon Corp. Esport,LFL,Mid,CDF · playoffs,3,0.0,0.96,125.0,-5.0,54.0,120.0
kamilius,Gentle Mates,LFL,Support,CDF · playoffs,6,0.5,2.61,117.0,-1.0,54.0,116.0
Nafkelah,Aegis,LFL,Mid,CDF · playoffs,7,0.571,4.04,114.0,1.0,54.0,115.0
Hadess,Ici Japon Corp. Esport,LFL,Jungle,CDF · playoffs,3,0.0,1.43,117.0,-5.0,54.0,112.0
Peng,GameWard,LFL,Mid,CDF · playoffs,7,0.429,2.5,108.0,-1.0,54.0,107.0
PatkicaA,Ici Japon Corp. Esport,LFL,Top,CDF · playoffs,3,0.0,1.0,106.0,-5.0,54.0,101.0
Misanthiel,IziDream,NL,Top,CDF · playoffs,5,0.4,3.36,90.0,-1.0,54.0,89.0
Benaset,IziDream,NL,Support,CDF · playoffs,5,0.4,2.03,89.0,-1.0,54.0,88.0
Steeelback,GameWard,LFL,Support,CDF · playoffs,8,0.375,3.09,85.0,-3.0,54.0,82.0
Zicssi,GameWard,LFL,Jungle,CDF · playoffs,8,0.375,2.21,79.0,-3.0,54.0,76.0
Matias,GameWard,LFL,ADC,CDF · playoffs,8,0.375,2.19,70.0,-3.0,54.0,67.0
CRoNiiK,IziDream,NL,Jungle,CDF · playoffs,5,0.4,2.0,49.0,-1.0,54.0,48.0
Veignorem,Aegis,LFL,Support,CDF · playoffs,7,0.571,5.71,47.0,1.0,54.0,48.0
Kamiloo,IziDream,NL,Mid,CDF · playoffs,5,0.4,1.87,41.0,-1.0,54.0,40.0
Piwek,IziDream,NL,ADC,CDF · playoffs,5,0.4,2.45,32.0,-1.0,54.0,31.0
Frappii,Akroma,NL,ADC,CDF · playoffs,6,0.5,2.92,21.0,6.0,54.0,27.0
Raïto,Ici Japon Corp. Esport,NL,Support,CDF · playoffs,3,0.0,1.23,28.0,-5.0,54.0,23.0
Pride,GameWard,LFL,Top,CDF · playoffs,8,0.375,1.56,22.0,-3.0,54.0,19.0
HONOR,Joblife,NL,Support,CDF · playoffs,2,0.0,1.67,22.0,-5.0,54.0,17.0
xKenzuke,Joblife,NL,Mid,CDF · playoffs,2,0.0,1.6,-24.0,-5.0,54.0,-29.0
Difference,Akroma,NL,Top,CDF · playoffs,6,0.5,2.64,-45.0,6.0,54.0,-39.0
Innaxe,Team du Sud,LFL,ADC,CDF · playoffs,3,0.333,5.0,-42.0,-4.0,54.0,-46.0
FEBIVEN,Team du Sud,LFL,Mid,CDF · playoffs,3,0.333,1.1,-54.0,-4.0,54.0,-58.0
Krimson,Zerance,NL,Jungle,CDF · playoffs,5,0.4,4.25,-66.0,7.0,54.0,-59.0
KKT,Joblife,NL,Jungle,CDF · playoffs,2,0.0,1.57,-77.0,-5.0,54.0,-82.0
SLT,Team du Sud,LFL,Top,CDF · playoffs,3,0.333,1.25,-91.0,-4.0,54.0,-95.0
Potent,Joblife,NL,Top,CDF · playoffs,2,0.0,0.45,-92.0,-5.0,54.0,-97.0
Trayton,Nameless (French Team),NL,Support,CDF · playoffs,2,0.0,2.38,-98.0,-2.0,54.0,-100.0
Seelame,Joblife,NL,ADC,CDF · playoffs,2,0.0,1.14,-101.0,-5.0,54.0,-106.0
Goldenpenny,Klanik Esport,NL,ADC,CDF · playoffs,5,0.4,4.56,-110.0,2.0,54.0,-108.0
Kitano,Nameless (French Team),NL,Top,CDF · playoffs,2,0.0,0.5,-108.0,-2.0,54.0,-110.0
Leny,Venomcrest Esports,NLC,Top,CDF · playoffs,6,0.333,2.12,-127.0,5.0,54.0,-122.0
Nsurr,Project Conquerors,NL,Support,CDF · playoffs,2,0.0,2.43,-134.0,-2.0,54.0,-136.0
Lucker,Esprit Shōnen,NL,ADC,CDF · playoffs,6,0.333,1.72,-141.0,4.0,54.0,-137.0
Tiky,Nameless (French Team),NL,Mid,CDF · playoffs,2,0.0,3.2,-137.0,-2.0,54.0,-139.0
Bean,Aegis,LFL,ADC,CDF · playoffs,7,0.571,4.86,-142.0,1.0,54.0,-141.0
Mafro,Akroma,NL,Jungle,CDF · playoffs,6,0.5,3.19,-151.0,6.0,54.0,-145.0
Wakz,Nameless (French Team),NL,ADC,CDF · playoffs,2,0.0,3.4,-146.0,-2.0,54.0,-148.0
Romeo,NORD Esports,NLC,Support,CDF · playoffs,6,0.333,3.13,-165.0,5.0,54.0,-160.0
Abagnale,Akroma,NL,Support,CDF · playoffs,6,0.5,2.31,-166.0,6.0,54.0,-160.0
Sayn,Fox Gaming,AL,Mid,CDF · playoffs,6,0.333,2.61,-168.0,5.0,54.0,-163.0
Joinze,Nameless (French Team),NL,Jungle,CDF · playoffs,2,0.0,2.11,-164.0,-2.0,54.0,-166.0
Kuroneel,Zerance,NL,Mid,CDF · playoffs,5,0.4,2.1,-192.0,7.0,54.0,-185.0
Elijah,Lundqvist Lightside,NLC,Top,CDF · playoffs,5,0.4,2.21,-199.0,7.0,54.0,-192.0
Theocacs,Venomcrest Esports,NLC,Jungle,CDF · playoffs,2,0.0,1.71,-192.0,-2.0,54.0,-194.0
Bibou,WLGaming Esports,GLL,ADC,CDF · playoffs,2,0.0,1.71,-193.0,-2.0,54.0,-195.0
Zhangsid,Akroma,NL,Mid,CDF · playoffs,6,0.5,2.6,-218.0,6.0,54.0,-212.0
Balyy,EKO Esports,LIT,Jungle,CDF · playoffs,6,0.333,2.76,-217.0,5.0,54.0,-212.0
Deimos,Lille Esport,NL,Top,CDF · playoffs,3,0.333,1.31,-216.0,-2.0,54.0,-218.0
Alex234,MOUZ NXT,PRM,Jungle,CDF · playoffs,2,0.0,1.57,-323.0,-1.0,54.0,-324.0
Hiro,One More Esports,AL,Top,CDF · playoffs,2,0.0,1.42,-347.0,-2.0,54.0,-349.0
Soldier,EGN Esports,LPLOL,ADC,CDF · playoffs,6,0.333,6.5,-407.0,5.0,54.0,-402.0
Beaupere,ZennIT,ESLOL,Mid,CDF · playoffs,6,0.333,1.38,-407.0,4.0,54.0,-403.0
Dopaminw,Verdant,NLC,Jungle,CDF · playoffs,2,0.0,1.18,-561.0,-2.0,54.0,-563.0
Shourdy,Hurricane of Feathers,LPLOL,Top,CDF · playoffs,2,0.0,0.87,-587.0,-1.0,54.0,-588.0
Kolios,Once Upon A Team,ESLOL,Support,CDF · playoffs,5,0.4,3.65,-684.0,2.0,54.0,-682.0
escoX,Guinea Pink,NEXO,Support,CT · playoffs,10,0.7,4.44,-274.0,1.0,54.0,-273.0
Prominence,Oxygen Gaming,NEXO,Jungle,CT · playoffs,10,0.7,5.85,-326.0,1.0,54.0,-325.0
Serch,Universae Instituto FP,NEXO,Mid,CT · playoffs,10,0.7,4.37,-341.0,1.0,54.0,-340.0
Arven,Guinea Pink,NEXO,Mid,CT · playoffs,9,0.556,3.24,-358.0,2.0,54.0,-356.0
Yoangi,Guinea Pink,NEXO,ADC,CT · playoffs,10,0.7,7.17,-378.0,1.0,54.0,-377.0
Urgaleex,Tan'i eSports,NEXO,Top,CT · playoffs,21,0.667,2.72,-395.0,7.0,54.0,-388.0
Ninten,eQuizers,NEXO,Support,CT · playoffs,9,0.556,3.38,-420.0,2.0,54.0,-418.0
Lvsyan,Dream Makers,NEXO,Mid,CT · playoffs,21,0.667,4.06,-435.0,7.0,54.0,-428.0
Sh3ry,Tan'i eSports,NEXO,Support,CT · playoffs,19,0.632,3.11,-445.0,4.0,54.0,-441.0
Marcv1,Oxygen Gaming,NEXO,ADC,CT · playoffs,9,0.556,3.74,-459.0,2.0,54.0,-457.0
topo,Universae Instituto FP,NEXO,Top,CT · playoffs,10,0.7,3.79,-499.0,1.0,54.0,-498.0
Dyenn,Kawaii Kiwis,NEXO,Mid,CT · playoffs,5,0.2,4.42,-528.0,-2.0,54.0,-530.0
Kurilius,Kawaii Kiwis,NEXO,ADC,CT · playoffs,5,0.2,2.93,-554.0,-2.0,54.0,-556.0
ALNSHT,Universae Instituto FP,NEXO,ADC,CT · playoffs,11,0.364,3.77,-562.0,-1.0,54.0,-563.0
Deceller,Kawaii Kiwis,NEXO,Jungle,CT · playoffs,21,0.667,4.25,-588.0,7.0,54.0,-581.0
Parlita,eQuizers,NEXO,Top,CT · playoffs,9,0.556,2.02,-588.0,2.0,54.0,-586.0
Taba,eQuizers,NEXO,Jungle,CT · playoffs,9,0.556,2.8,-591.0,2.0,54.0,-589.0
Ardo,Kawaii Kiwis,NEXO,Support,CT · playoffs,5,0.2,2.89,-588.0,-2.0,54.0,-590.0
Boohis,Universae Instituto FP,NEXO,Support,CT · playoffs,11,0.364,2.43,-595.0,-1.0,54.0,-596.0
Dani,Kawaii Kiwis,NEXO,Top,CT · playoffs,5,0.2,2.1,-605.0,-2.0,54.0,-607.0
Yaavi,Malvinas Gaming EU,NEXO,ADC,CT · playoffs,21,0.667,4.15,-625.0,7.0,54.0,-618.0
Emvipi,Kawaii Kiwis,NEXO,Jungle,CT · playoffs,5,0.2,1.64,-621.0,-2.0,54.0,-623.0
Knika,Guinea Pink,NEXO,Top,CT · playoffs,3,0.333,2.71,-624.0,1.0,54.0,-623.0
Kellie,Malvinas Gaming EU,NEXO,Support,CT · playoffs,2,1.0,5.17,-645.0,3.0,54.0,-642.0
oRisko,Universae Instituto FP,NEXO,Jungle,CT · playoffs,11,0.364,2.97,-654.0,-1.0,54.0,-655.0
eRelevant,PRINCIPALITY,NEXO,Support,CT · playoffs,7,0.286,1.45,-673.0,-5.0,54.0,-678.0
Rainn,UCAM Esports Academy,NEXO,Support,CT · playoffs,6,0.333,3.31,-682.0,-3.0,54.0,-685.0
PatxiPirata,Malvinas Gaming EU,NEXO,Top,CT · playoffs,11,0.364,1.72,-721.0,-1.0,54.0,-722.0
Enigma,Malvinas Gaming EU,NEXO,Mid,CT · playoffs,11,0.364,3.17,-723.0,-1.0,54.0,-724.0
Guanch0,Tan'i eSports,NEXO,Mid,CT · playoffs,7,0.286,2.07,-739.0,-5.0,54.0,-744.0
Nacho,Tan'i eSports,NEXO,Jungle,CT · playoffs,7,0.286,1.36,-766.0,-5.0,54.0,-771.0
Chama,Falke Esports,NEXO,ADC,CT · playoffs,9,0.444,5.53,-780.0,-0.0,54.0,-780.0
ItsCoto,Malvinas Gaming EU,NEXO,Jungle,CT · playoffs,9,0.444,4.07,-785.0,-0.0,54.0,-785.0
PepiineroJr,BGA eQuizers,NEXO,Mid,CT · playoffs,3,0.333,3.55,-840.0,-1.0,54.0,-841.0
Archacutor,BGA eQuizers,NEXO,Support,CT · playoffs,9,0.444,2.61,-858.0,-0.0,54.0,-858.0
Wiker,Tan'i eSports,NEXO,ADC,CT · playoffs,7,0.286,1.97,-894.0,-5.0,54.0,-899.0
Knight,Bilibili Gaming,LPL,Mid,Demacia Cup Season,6,1.0,6.31,984.0,7.0,54.0,991.0
Elk,Bilibili Gaming,LPL,ADC,Demacia Cup Season,6,1.0,7.2,971.0,7.0,54.0,978.0
ON,Bilibili Gaming,LPL,Support,Demacia Cup Season,6,1.0,12.86,970.0,7.0,54.0,977.0
Bin,Bilibili Gaming,LPL,Top,Demacia Cup Season,6,1.0,5.91,941.0,7.0,54.0,948.0
Creme,Top Esports,LPL,Mid,Demacia Cup Season,5,0.4,2.71,898.0,-4.0,54.0,894.0
Meiko,Top Esports,LPL,Support,Demacia Cup Season,5,0.4,5.64,887.0,-4.0,54.0,883.0
Tian,Top Esports,LPL,Jungle,Demacia Cup Season,5,0.4,3.29,885.0,-4.0,54.0,881.0
369,Top Esports,LPL,Top,Demacia Cup Season,5,0.4,2.44,881.0,-4.0,54.0,877.0
Hang,LNG Esports,LPL,Support,Demacia Cup Season,2,0.5,3.4,876.0,-2.0,54.0,874.0
JackeyLove,Top Esports,LPL,ADC,Demacia Cup Season,5,0.4,2.76,869.0,-4.0,54.0,865.0
Ruler,JD Gaming,LPL,ADC,Demacia Cup Season,11,0.546,3.48,836.0,2.0,54.0,838.0
Yagao,JD Gaming,LPL,Mid,Demacia Cup Season,11,0.546,3.81,814.0,2.0,54.0,816.0
sheer,JD Gaming,LPL,Top,Demacia Cup Season,11,0.546,3.15,798.0,2.0,54.0,800.0
MISSING,JD Gaming,LPL,Support,Demacia Cup Season,11,0.546,2.77,792.0,2.0,54.0,794.0
Xun,Bilibili Gaming,LPL,Jungle,Demacia Cup Season,6,1.0,9.5,778.0,7.0,54.0,785.0
Zika,LNG Esports,LPL,Top,Demacia Cup Season,4,0.25,1.56,737.0,-8.0,54.0,729.0
Weiwei,LNG Esports,LPL,Jungle,Demacia Cup Season,4,0.25,1.57,718.0,-8.0,54.0,710.0
GALA,LNG Esports,LPL,ADC,Demacia Cup Season,4,0.25,1.7,718.0,-8.0,54.0,710.0
Zhuo,Ninjas in Pyjamas,LPL,Support,Demacia Cup Season,3,0.0,1.44,710.0,-4.0,54.0,706.0
Scout,LNG Esports,LPL,Mid,Demacia Cup Season,4,0.25,3.0,690.0,-8.0,54.0,682.0
shanji,Ninjas in Pyjamas,LPL,Top,Demacia Cup Season,3,0.0,0.67,670.0,-4.0,54.0,666.0
Photic,Ninjas in Pyjamas,LPL,ADC,Demacia Cup Season,3,0.0,0.67,662.0,-4.0,54.0,658.0
Rookie,Ninjas in Pyjamas,LPL,Mid,Demacia Cup Season,3,0.0,1.21,647.0,-4.0,54.0,643.0
Aki,Ninjas in Pyjamas,LPL,Jungle,Demacia Cup Season,3,0.0,1.8,628.0,-4.0,54.0,624.0
Xiaoxu,Rare Atom,LPL,Top,Demacia Cup Season,7,0.429,3.38,540.0,7.0,54.0,547.0
VicLa,Rare Atom,LPL,Mid,Demacia Cup Season,7,0.429,3.21,538.0,7.0,54.0,545.0
Assum,Rare Atom,LPL,ADC,Demacia Cup Season,7,0.429,2.72,527.0,7.0,54.0,534.0
naiyou,Rare Atom,LPL,Jungle,Demacia Cup Season,7,0.429,3.11,490.0,7.0,54.0,497.0
Zorah,Rare Atom,LPL,Support,Demacia Cup Season,6,0.5,2.89,385.0,7.0,54.0,392.0
Mark,Team WE,LPL,Support,Demacia Cup Season,2,0.0,0.83,380.0,-7.0,54.0,373.0
Maggie,Joy Dream,LDL,Jungle,Demacia Cup Season,11,0.546,2.67,230.0,2.0,54.0,232.0
Thomas,Veni Vidi Vici,LES,Support,EBL Spring · playoffs,13,0.692,4.51,73.0,7.0,54.0,80.0
Noodle,Verdant,NLC Aurora Open,Jungle,EBL Spring · playoffs,8,0.625,3.96,-53.0,-1.0,54.0,-54.0
Septico1,Myth Esports,ESLOL,Top,EBL Spring · playoffs,8,0.625,3.67,-192.0,-1.0,54.0,-193.0
Subbex,SPIKE Syndicate,EBL,ADC,EBL Spring · playoffs,8,0.625,5.0,-216.0,-1.0,54.0,-217.0
Sahira,SPIKE Syndicate,EBL,Mid,EBL Spring · playoffs,8,0.625,4.0,-237.0,-1.0,54.0,-238.0
Lauxio,Klanik Esport,NL,Support,EBL Spring · playoffs,8,0.625,3.28,-247.0,-1.0,54.0,-248.0
Nenad,Partizan Esports,EBL,Top,EBL Spring · playoffs,7,0.143,2.17,-275.0,-4.0,54.0,-279.0
Falleo,BeFive,EBL,Top,EBL Spring · playoffs,13,0.692,4.48,-304.0,7.0,54.0,-297.0
Panj,Lupus Esports,EBL,Support,EBL Spring · playoffs,4,0.25,2.12,-316.0,-3.0,54.0,-319.0
Kektz,Crvena zvezda Esports,EBL,Top,EBL Spring · playoffs,4,0.25,1.35,-316.0,-3.0,54.0,-319.0
Tibor,BeFive,EBL,Mid,EBL Spring · playoffs,13,0.692,3.6,-351.0,7.0,54.0,-344.0
Plox,BeFive,EBL,ADC,EBL Spring · playoffs,13,0.692,5.33,-352.0,7.0,54.0,-345.0
Pipibaat,mCon esports,ESLOL,Jungle,EBL Spring · playoffs,7,0.143,3.36,-382.0,-4.0,54.0,-386.0
DoubleAiM,BeFive,EBL,Jungle,EBL Spring · playoffs,13,0.692,3.8,-403.0,7.0,54.0,-396.0
FlickeR,Partizan Esports,EBL,ADC,EBL Spring · playoffs,4,0.25,5.33,-405.0,-3.0,54.0,-408.0
Benzz,Diamant Esports,EBL,ADC,EBL Spring · playoffs,7,0.143,5.73,-414.0,-4.0,54.0,-418.0
Foxie,Diamant Esports,EBL,Mid,EBL Spring · playoffs,7,0.143,3.1,-427.0,-4.0,54.0,-431.0
Anonymouss,Myth Esports,ESLOL,Jungle,EBL Spring · playoffs,4,0.25,2.13,-449.0,-3.0,54.0,-452.0
Sekkou,Diamant Esports,EBL,Support,EBL Spring · playoffs,7,0.143,2.41,-459.0,-4.0,54.0,-463.0
Diva,BeFive,EBL,Mid,EBL Spring · playoffs,4,0.25,2.75,-591.0,-3.0,54.0,-594.0
Thomas,Veni Vidi Vici,LES,Support,EBL Spring · saison régulière,13,0.769,5.17,73.0,2.0,54.0,75.0
Noodle,Verdant,NLC Aurora Open,Jungle,EBL Spring · saison régulière,14,0.857,9.75,-53.0,-1.0,54.0,-54.0
Septico1,Myth Esports,ESLOL,Top,EBL Spring · saison régulière,14,0.857,4.55,-192.0,-1.0,54.0,-193.0
Subbex,SPIKE Syndicate,EBL,ADC,EBL Spring · saison régulière,14,0.857,9.16,-216.0,-1.0,54.0,-217.0
Sahira,SPIKE Syndicate,EBL,Mid,EBL Spring · saison régulière,14,0.857,6.74,-237.0,-1.0,54.0,-238.0
Lauxio,Klanik Esport,NL,Support,EBL Spring · saison régulière,14,0.857,5.17,-247.0,-1.0,54.0,-248.0
Nenad,Partizan Esports,EBL,Top,EBL Spring · saison régulière,14,0.786,4.46,-275.0,6.0,54.0,-269.0
Falleo,BeFive,EBL,Top,EBL Spring · saison régulière,13,0.769,5.03,-304.0,2.0,54.0,-302.0
Panj,Lupus Esports,EBL,Support,EBL Spring · saison régulière,14,0.643,3.44,-316.0,1.0,54.0,-315.0
Kektz,Crvena zvezda Esports,EBL,Top,EBL Spring · saison régulière,14,0.643,3.06,-316.0,1.0,54.0,-315.0
Avarice,Crvena zvezda Esports,EBL,ADC,EBL Spring · saison régulière,14,0.429,7.7,-337.0,-2.0,54.0,-339.0
Tibor,BeFive,EBL,Mid,EBL Spring · saison régulière,13,0.769,3.83,-351.0,2.0,54.0,-349.0
Plox,BeFive,EBL,ADC,EBL Spring · saison régulière,13,0.769,5.85,-352.0,2.0,54.0,-350.0
Pipibaat,mCon esports,ESLOL,Jungle,EBL Spring · saison régulière,14,0.786,4.75,-382.0,6.0,54.0,-376.0
Hunt,NORD Esports,NLC,Mid,EBL Spring · saison régulière,14,0.286,2.79,-392.0,0.0,54.0,-392.0
DoubleAiM,BeFive,EBL,Jungle,EBL Spring · saison régulière,13,0.769,4.05,-403.0,2.0,54.0,-401.0
FlickeR,Partizan Esports,EBL,ADC,EBL Spring · saison régulière,14,0.643,6.32,-405.0,1.0,54.0,-404.0
Benzz,Diamant Esports,EBL,ADC,EBL Spring · saison régulière,14,0.786,6.55,-414.0,6.0,54.0,-408.0
FSZ,GTZ Esports,LPLOL,Mid,EBL Spring · saison régulière,14,0.429,3.74,-414.0,-2.0,54.0,-416.0
Foxie,Diamant Esports,EBL,Mid,EBL Spring · saison régulière,14,0.786,4.89,-427.0,6.0,54.0,-421.0
minemaciek,Rebels Gaming,LES,Support,EBL Spring · saison régulière,14,0.286,2.98,-434.0,0.0,54.0,-434.0
Anonymouss,Myth Esports,ESLOL,Jungle,EBL Spring · saison régulière,14,0.643,3.6,-449.0,1.0,54.0,-448.0
Sekkou,Diamant Esports,EBL,Support,EBL Spring · saison régulière,14,0.786,3.62,-459.0,6.0,54.0,-453.0
Nikola,Crvena zvezda Esports,EBL,Support,EBL Spring · saison régulière,7,0.429,2.69,-487.0,-5.0,54.0,-492.0
Hatred,Crvena zvezda Esports,EBL,Jungle,EBL Spring · saison régulière,14,0.429,4.25,-532.0,-2.0,54.0,-534.0
Paladin,BeFive,EBL,ADC,EBL Spring · saison régulière,14,0.286,3.88,-537.0,0.0,54.0,-537.0
Terror,Crvena zvezda Esports,EBL,Top,EBL Spring · saison régulière,14,0.429,3.33,-539.0,-2.0,54.0,-541.0
Diva,BeFive,EBL,Mid,EBL Spring · saison régulière,14,0.643,2.64,-591.0,1.0,54.0,-590.0
Tundra,Lupus Esports,EBL,Support,EBL Spring · saison régulière,7,0.429,4.94,-594.0,3.0,54.0,-591.0
Paresz,Cyber Wolves,EBL,Jungle,EBL Spring · saison régulière,11,0.182,2.56,-588.0,-3.0,54.0,-591.0
Nazgul,Ankora Gaming,EBL,Top,EBL Spring · saison régulière,11,0.273,1.34,-605.0,-2.0,54.0,-607.0
Endless,Cyber Wolves,EBL,ADC,EBL Spring · saison régulière,13,0.154,1.58,-624.0,-4.0,54.0,-628.0
Bala,Cyber Wolves,EBL,Top,EBL Spring · saison régulière,13,0.154,1.57,-639.0,-4.0,54.0,-643.0
Sentio,SPIKE Syndicate,EBL,ADC,EBL Spring · saison régulière,2,0.0,1.91,-646.0,-1.0,54.0,-647.0
FENZ1,Bitfix RG,NLC Aurora Open,Mid,EBL Spring · saison régulière,9,0.111,1.18,-689.0,-0.0,54.0,-689.0
Astalia,Cyber Wolves,EBL,Support,EBL Spring · saison régulière,13,0.154,1.95,-703.0,-4.0,54.0,-707.0
Cl0x,Partizan Esports,EBL,Support,EBL Spring · saison régulière,14,0.071,1.56,-739.0,-2.0,54.0,-741.0
Jocke,Partizan Esports,EBL,ADC,EBL Spring · saison régulière,14,0.071,1.68,-778.0,-2.0,54.0,-780.0
MegaJ,Ankora Gaming,EBL,Top,EBL Spring · saison régulière,14,0.071,1.11,-835.0,-2.0,54.0,-837.0
Colamax,Partizan Esports,EBL,Jungle,EBL Spring · saison régulière,14,0.071,1.82,-835.0,-2.0,54.0,-837.0
Robenong,Cyber Wolves,EBL,Mid,EBL Spring · saison régulière,13,0.154,1.26,-879.0,-4.0,54.0,-883.0
D4SH,Crvena zvezda Esports,EBL,Jungle,EBL Summer · playoffs,10,0.6,4.0,-149.0,3.0,54.0,-146.0
Stormax,Partizan Esports,EBL,Jungle,EBL Summer · playoffs,13,0.538,4.66,-192.0,0.0,54.0,-192.0
Tasteless,Partizan Esports,EBL,Support,EBL Summer · playoffs,13,0.538,2.86,-236.0,0.0,54.0,-236.0
Nenad,Partizan Esports,EBL,Top,EBL Summer · playoffs,13,0.538,5.4,-275.0,0.0,54.0,-275.0
Falleo,BeFive,EBL,Top,EBL Summer · playoffs,6,0.5,2.41,-304.0,-0.0,54.0,-304.0
Kektz,Crvena zvezda Esports,EBL,Top,EBL Summer · playoffs,10,0.6,1.73,-316.0,3.0,54.0,-313.0
6ax,Crvena zvezda Esports,EBL,Mid,EBL Summer · playoffs,10,0.6,2.65,-332.0,3.0,54.0,-329.0
Avarice,Crvena zvezda Esports,EBL,ADC,EBL Summer · playoffs,10,0.6,5.53,-337.0,3.0,54.0,-334.0
Tibor,BeFive,EBL,Mid,EBL Summer · playoffs,6,0.5,1.74,-351.0,-0.0,54.0,-351.0
DoubleAiM,BeFive,EBL,Jungle,EBL Summer · playoffs,6,0.5,3.67,-403.0,-0.0,54.0,-403.0
Lagolinas,Cyber Wolves,EBL,Mid,EBL Summer · playoffs,3,0.0,2.7,-400.0,-3.0,54.0,-403.0
FlickeR,Partizan Esports,EBL,ADC,EBL Summer · playoffs,13,0.538,8.41,-405.0,0.0,54.0,-405.0
Milica,Partizan Esports,EBL,Mid,EBL Summer · playoffs,13,0.538,6.0,-481.0,0.0,54.0,-481.0
Tochas,Cyber Wolves,EBL,Support,EBL Summer · playoffs,3,0.0,1.73,-481.0,-3.0,54.0,-484.0
Nikola,Crvena zvezda Esports,EBL,Support,EBL Summer · playoffs,10,0.6,1.95,-487.0,3.0,54.0,-484.0
Paladin,BeFive,EBL,ADC,EBL Summer · playoffs,6,0.5,3.69,-537.0,-0.0,54.0,-537.0
Diva,BeFive,EBL,Mid,EBL Summer · playoffs,6,0.5,4.13,-591.0,-0.0,54.0,-591.0
Paresz,Cyber Wolves,EBL,Jungle,EBL Summer · playoffs,3,0.0,2.25,-588.0,-3.0,54.0,-591.0
Endless,Cyber Wolves,EBL,ADC,EBL Summer · playoffs,3,0.0,1.67,-624.0,-3.0,54.0,-627.0
Bala,Cyber Wolves,EBL,Top,EBL Summer · playoffs,3,0.0,1.09,-639.0,-3.0,54.0,-642.0
Goldenpenny,Klanik Esport,NL,ADC,EBL Summer · saison régulière,1,1.0,19.0,-110.0,1.0,54.0,-109.0
D4SH,Crvena zvezda Esports,EBL,Jungle,EBL Summer · saison régulière,14,0.857,4.22,-149.0,7.0,54.0,-142.0
Stormax,Partizan Esports,EBL,Jungle,EBL Summer · saison régulière,14,0.857,9.45,-192.0,8.0,54.0,-184.0
Tasteless,Partizan Esports,EBL,Support,EBL Summer · saison régulière,14,0.857,5.78,-236.0,8.0,54.0,-228.0
Nenad,Partizan Esports,EBL,Top,EBL Summer · saison régulière,14,0.857,6.48,-275.0,8.0,54.0,-267.0
Falleo,BeFive,EBL,Top,EBL Summer · saison régulière,13,0.538,3.24,-304.0,-4.0,54.0,-308.0
Kektz,Crvena zvezda Esports,EBL,Top,EBL Summer · saison régulière,14,0.857,3.67,-316.0,7.0,54.0,-309.0
6ax,Crvena zvezda Esports,EBL,Mid,EBL Summer · saison régulière,14,0.857,4.97,-332.0,7.0,54.0,-325.0
Avarice,Crvena zvezda Esports,EBL,ADC,EBL Summer · saison régulière,14,0.857,7.17,-337.0,7.0,54.0,-330.0
Tibor,BeFive,EBL,Mid,EBL Summer · saison régulière,13,0.538,2.78,-351.0,-4.0,54.0,-355.0
Lagolinas,Cyber Wolves,EBL,Mid,EBL Summer · saison régulière,8,0.75,4.84,-400.0,7.0,54.0,-393.0
FlickeR,Partizan Esports,EBL,ADC,EBL Summer · saison régulière,14,0.857,12.43,-405.0,8.0,54.0,-397.0
DoubleAiM,BeFive,EBL,Jungle,EBL Summer · saison régulière,13,0.538,3.45,-403.0,-4.0,54.0,-407.0
Foxie,Diamant Esports,EBL,Mid,EBL Summer · saison régulière,2,0.5,3.5,-427.0,-1.0,54.0,-428.0
Milica,Partizan Esports,EBL,Mid,EBL Summer · saison régulière,14,0.857,8.48,-481.0,8.0,54.0,-473.0
Tochas,Cyber Wolves,EBL,Support,EBL Summer · saison régulière,12,0.583,2.75,-481.0,2.0,54.0,-479.0
JohnGiannis,The ParadOx Invaders,GLL,Top,EBL Summer · saison régulière,2,0.0,1.38,-478.0,-1.0,54.0,-479.0
Nikola,Crvena zvezda Esports,EBL,Support,EBL Summer · saison régulière,13,0.846,6.04,-487.0,6.0,54.0,-481.0
Noki,Diamant Esports,EBL,Support,EBL Summer · saison régulière,14,0.357,2.6,-520.0,-4.0,54.0,-524.0
Paladin,BeFive,EBL,ADC,EBL Summer · saison régulière,13,0.538,3.22,-537.0,-4.0,54.0,-541.0
Paresz,Cyber Wolves,EBL,Jungle,EBL Summer · saison régulière,14,0.571,2.89,-588.0,2.0,54.0,-586.0
Nadro,SPIKE Syndicate,EBL,Support,EBL Summer · saison régulière,14,0.357,2.38,-588.0,-1.0,54.0,-589.0
Devn,Diamant Esports,EBL,ADC,EBL Summer · saison régulière,14,0.357,4.03,-590.0,-4.0,54.0,-594.0
Diva,BeFive,EBL,Mid,EBL Summer · saison régulière,12,0.583,2.9,-591.0,-4.0,54.0,-595.0
Tundra,Lupus Esports,EBL,Support,EBL Summer · saison régulière,12,0.333,2.51,-594.0,-1.0,54.0,-595.0
Endless,Cyber Wolves,EBL,ADC,EBL Summer · saison régulière,9,0.667,4.81,-624.0,5.0,54.0,-619.0
gtrik,SPIKE Syndicate,EBL,Mid,EBL Summer · saison régulière,14,0.357,2.84,-625.0,-1.0,54.0,-626.0
Panda,Lupus Esports,EBL,Mid,EBL Summer · saison régulière,10,0.3,3.41,-631.0,-2.0,54.0,-633.0
Bala,Cyber Wolves,EBL,Top,EBL Summer · saison régulière,14,0.571,3.23,-639.0,2.0,54.0,-637.0
UniqueCORN,Diamant Esports,EBL,Mid,EBL Summer · saison régulière,12,0.333,3.13,-637.0,-3.0,54.0,-640.0
Sentio,SPIKE Syndicate,EBL,ADC,EBL Summer · saison régulière,14,0.357,2.45,-646.0,-1.0,54.0,-647.0
Nighthawk,SPIKE Syndicate,EBL,Jungle,EBL Summer · saison régulière,14,0.357,2.04,-652.0,-1.0,54.0,-653.0
Exile1,Lupus Esports,EBL,Jungle,EBL Summer · saison régulière,13,0.308,1.8,-679.0,-4.0,54.0,-683.0
GaraXy,Ankora Gaming,EBL,Jungle,EBL Summer · saison régulière,13,0.077,2.83,-681.0,-7.0,54.0,-688.0
Stefanko,Diamant Esports,EBL,Top,EBL Summer · saison régulière,14,0.357,2.42,-692.0,-4.0,54.0,-696.0
Pinki,Lupus Esports,EBL,ADC,EBL Summer · saison régulière,14,0.357,5.14,-701.0,-1.0,54.0,-702.0
Astalia,Cyber Wolves,EBL,Support,EBL Summer · saison régulière,2,0.5,1.89,-703.0,0.0,54.0,-703.0
Blueboar,Diamant Esports,EBL,Jungle,EBL Summer · saison régulière,14,0.357,2.55,-705.0,-4.0,54.0,-709.0
APP,Lupus Esports,EBL,Top,EBL Summer · saison régulière,14,0.357,2.37,-724.0,-1.0,54.0,-725.0
Faded,Ankora Gaming,EBL,Mid,EBL Summer · saison régulière,12,0.083,2.02,-751.0,-6.0,54.0,-757.0
Scaryride,Ankora Gaming,EBL,Support,EBL Summer · saison régulière,13,0.077,2.49,-761.0,-7.0,54.0,-768.0
Hasagi,SPIKE Syndicate,EBL,Top,EBL Summer · saison régulière,14,0.357,2.97,-796.0,-1.0,54.0,-797.0
Ivan1,Ankora Gaming,EBL,ADC,EBL Summer · saison régulière,13,0.077,1.92,-809.0,-7.0,54.0,-816.0
MegaJ,Ankora Gaming,EBL,Top,EBL Summer · saison régulière,4,0.0,2.4,-835.0,-3.0,54.0,-838.0
Robenong,Cyber Wolves,EBL,Mid,EBL Summer · saison régulière,2,0.0,0.09,-879.0,-4.0,54.0,-883.0
Dehaste,Nigma Galaxy,AL,Mid,EBLPA,10,1.0,6.29,154.0,2.0,54.0,156.0
Kio,MHSC Esport,NL,Top,EBLPA,10,1.0,5.95,92.0,2.0,54.0,94.0
Thomas,Veni Vidi Vici,LES,Support,EBLPA,10,1.0,7.95,73.0,2.0,54.0,75.0
Axelent,MHSC Esport,NL,ADC,EBLPA,10,1.0,7.68,70.0,2.0,54.0,72.0
Djoko,MHSC Esport,NL,Jungle,EBLPA,10,1.0,9.53,68.0,2.0,54.0,70.0
Stormax,Partizan Esports,EBL,Jungle,EBLPA,11,0.454,3.47,-192.0,-1.0,54.0,-193.0
Fallen,OGC Sigma Esports,HM,Jungle,EBLPA,14,0.5,3.69,-204.0,4.0,54.0,-200.0
Subbex,SPIKE Syndicate,EBL,ADC,EBLPA,14,0.5,4.8,-216.0,4.0,54.0,-212.0
Tasteless,Partizan Esports,EBL,Support,EBLPA,11,0.454,2.79,-236.0,-1.0,54.0,-237.0
Lauxio,Klanik Esport,NL,Support,EBLPA,14,0.5,2.81,-247.0,4.0,54.0,-243.0
Nenad,Partizan Esports,EBL,Top,EBLPA,4,0.25,1.62,-275.0,-1.0,54.0,-276.0
Falleo,BeFive,EBL,Top,EBLPA,14,0.5,2.83,-304.0,4.0,54.0,-300.0
6ax,Crvena zvezda Esports,EBL,Mid,EBLPA,4,0.25,3.5,-332.0,-1.0,54.0,-333.0
Avarice,Crvena zvezda Esports,EBL,ADC,EBLPA,4,0.25,1.79,-337.0,-1.0,54.0,-338.0
Tibor,BeFive,EBL,Mid,EBLPA,14,0.5,3.81,-351.0,4.0,54.0,-347.0
Indecision,aNc Outplayed,LIT,Jungle,EBLPA,4,0.25,1.1,-350.0,-1.0,54.0,-351.0
klowny,Atleta Esport,LIT,Top,EBLPA,11,0.454,1.75,-406.0,-1.0,54.0,-407.0
Foxie,Diamant Esports,EBL,Mid,EBLPA,7,0.286,3.33,-427.0,0.0,54.0,-427.0
Milica,Partizan Esports,EBL,Mid,EBLPA,11,0.454,3.46,-481.0,-1.0,54.0,-482.0
Nikola,Crvena zvezda Esports,EBL,Support,EBLPA,4,0.25,1.0,-487.0,-1.0,54.0,-488.0
Rylle,eSuba,HM,Mid,EBLPA,11,0.454,2.75,-491.0,-1.0,54.0,-492.0
Tundra,Lupus Esports,EBL,Support,EBLPA,4,0.0,0.83,-594.0,-3.0,54.0,-597.0
Nighthawk,SPIKE Syndicate,EBL,Jungle,EBLPA,7,0.286,3.13,-652.0,0.0,54.0,-652.0
Pinki,Lupus Esports,EBL,ADC,EBLPA,4,0.0,0.75,-701.0,-3.0,54.0,-704.0
APP,Lupus Esports,EBL,Top,EBLPA,4,0.0,1.14,-724.0,-3.0,54.0,-727.0
Hasagi,SPIKE Syndicate,EBL,Top,EBLPA,7,0.286,2.94,-796.0,0.0,54.0,-796.0
Keduii,Team BDS Academy,LFL,ADC,EMEA Masters Spring,14,0.714,5.47,491.0,-10.0,54.0,481.0
SkewMond,Team BDS Academy,LFL,Jungle,EMEA Masters Spring,14,0.714,6.97,453.0,-10.0,54.0,443.0
Reeker,Team BDS Academy,LFL,Mid,EMEA Masters Spring,14,0.714,5.05,452.0,-10.0,54.0,442.0
Caliste,Karmine Corp Blue,LFL,ADC,EMEA Masters Spring,11,0.546,6.14,434.0,-5.0,54.0,429.0
JNX,Team BDS Academy,LFL,Top,EMEA Masters Spring,14,0.714,3.08,425.0,-10.0,54.0,415.0
Parus,Team BDS Academy,LFL,Support,EMEA Masters Spring,14,0.714,4.05,407.0,-10.0,54.0,397.0
Fleshy,Karmine Corp Blue,LFL,Support,EMEA Masters Spring,11,0.546,3.73,380.0,-5.0,54.0,375.0
Maynter,Karmine Corp Blue,LFL,Top,EMEA Masters Spring,11,0.546,2.5,350.0,-5.0,54.0,345.0
Vladi,Karmine Corp,LEC,Mid,EMEA Masters Spring,11,0.546,4.32,341.0,-5.0,54.0,336.0
LIMIT,SK Gaming Prime,PRM,Support,EMEA Masters Spring,11,0.636,2.88,317.0,1.0,54.0,318.0
Thayger,Barça eSports,LES,Jungle,EMEA Masters Spring,6,0.333,3.9,291.0,0.0,54.0,291.0
Eika,Gentle Mates,LFL,Mid,EMEA Masters Spring,15,0.6,5.06,269.0,-4.0,54.0,265.0
PowerOfEvil,Eintracht Spandau,PRMP,Mid,EMEA Masters Spring,18,0.778,6.81,238.0,14.0,54.0,252.0
Citrus,Aegis,LFL,Jungle,EMEA Masters Spring,18,0.667,3.2,213.0,5.0,54.0,218.0
Lyncas,Team Vitality,LEC,Jungle,EMEA Masters Spring,11,0.546,3.24,221.0,-5.0,54.0,216.0
Xerxe,Team Heretics Academy,LES,Jungle,EMEA Masters Spring,7,0.571,5.83,214.0,1.0,54.0,215.0
Elramir,Geekay Esports,AL,Jungle,EMEA Masters Spring,25,0.64,5.23,201.0,4.0,54.0,205.0
Sertuss,Team Heretics Academy,LES,Mid,EMEA Masters Spring,7,0.571,5.23,200.0,1.0,54.0,201.0
Jackspektra,Team Heretics Academy,LES,ADC,EMEA Masters Spring,7,0.571,4.81,197.0,1.0,54.0,198.0
Rhilech,BK ROG Esports,LFL,Jungle,EMEA Masters Spring,6,0.333,3.06,199.0,-1.0,54.0,198.0
Leo,Geekay Esports,AL,ADC,EMEA Masters Spring,25,0.64,8.92,186.0,4.0,54.0,190.0
Carlsen,Team Heretics Academy,LES,Top,EMEA Masters Spring,7,0.571,2.25,176.0,1.0,54.0,177.0
Fun K3y,Eintracht Spandau,PRMP,ADC,EMEA Masters Spring,18,0.778,5.58,161.0,14.0,54.0,175.0
Diplex,SK Gaming Prime,PRM,Mid,EMEA Masters Spring,11,0.636,4.63,173.0,1.0,54.0,174.0
Osman123,Beşiktaş Esports,TCL,Jungle,EMEA Masters Spring,21,0.524,3.32,166.0,8.0,54.0,174.0
Neon,SK Gaming Prime,PRM,ADC,EMEA Masters Spring,11,0.636,4.67,172.0,1.0,54.0,173.0
Color,Macko Esports,LIT,Top,EMEA Masters Spring,8,0.625,2.35,170.0,-0.0,54.0,170.0
Vertigo,Eintracht Spandau,PRMP,Top,EMEA Masters Spring,18,0.778,3.88,153.0,14.0,54.0,167.0
Giyuu,Geekay Esports,AL,Mid,EMEA Masters Spring,25,0.64,6.48,163.0,4.0,54.0,167.0
Lilipp,Eintracht Spandau,PRMP,Support,EMEA Masters Spring,18,0.778,3.92,150.0,14.0,54.0,164.0
Rabble,SK Gaming Prime,PRM,Jungle,EMEA Masters Spring,11,0.636,4.93,162.0,1.0,54.0,163.0
Dehaste,Nigma Galaxy,AL,Mid,EMEA Masters Spring,18,0.667,4.24,154.0,5.0,54.0,159.0
Lotuss,Macko Esports,LIT,Jungle,EMEA Masters Spring,8,0.625,4.0,158.0,-0.0,54.0,158.0
Dekap,Geekay Esports,AL,Support,EMEA Masters Spring,25,0.64,5.95,149.0,4.0,54.0,153.0
Bong,Geekay Esports,AL,Top,EMEA Masters Spring,25,0.64,2.39,145.0,4.0,54.0,149.0
BAO,Gentle Mates,LFL,ADC,EMEA Masters Spring,15,0.6,9.32,145.0,-4.0,54.0,141.0
zamulek,DSYRE,LIT,ADC,EMEA Masters Spring,6,0.333,3.93,141.0,-1.0,54.0,140.0
Venour,SK Gaming Prime,PRM,Top,EMEA Masters Spring,11,0.636,2.54,138.0,1.0,54.0,139.0
Zanzarah,Eintracht Spandau,PRMP,Jungle,EMEA Masters Spring,18,0.778,4.4,124.0,14.0,54.0,138.0
Armut,Papara SuperMassive,TCL,Top,EMEA Masters Spring,6,0.167,2.28,140.0,-4.0,54.0,136.0
Ragner,Gentle Mates,LFL,Top,EMEA Masters Spring,15,0.6,3.75,139.0,-4.0,54.0,135.0
whiteinn,Team Heretics Academy,LES,Support,EMEA Masters Spring,7,0.571,4.25,131.0,1.0,54.0,132.0
Pangjin,Nigma Galaxy,AL,ADC,EMEA Masters Spring,18,0.667,4.37,121.0,5.0,54.0,126.0
White,Gentle Mates,LFL,Jungle,EMEA Masters Spring,15,0.6,4.51,123.0,-4.0,54.0,119.0
Hoon,Beşiktaş Esports,TCL,Top,EMEA Masters Spring,21,0.524,2.42,106.0,8.0,54.0,114.0
kamilius,Gentle Mates,LFL,Support,EMEA Masters Spring,15,0.6,5.0,117.0,-4.0,54.0,113.0
Click,Macko Esports,LIT,Support,EMEA Masters Spring,8,0.625,4.48,108.0,-0.0,54.0,108.0
Skeanz,Papara SuperMassive,TCL,Jungle,EMEA Masters Spring,6,0.167,3.14,108.0,-4.0,54.0,104.0
Czypsy,Atleta Esport,LIT,Support,EMEA Masters Spring,9,0.444,1.95,99.0,1.0,54.0,100.0
Boda,Nigma Galaxy,AL,Top,EMEA Masters Spring,18,0.667,3.0,94.0,5.0,54.0,99.0
Mireu,Gentle Mates,LFL,Mid,EMEA Masters Spring,21,0.524,2.35,87.0,8.0,54.0,95.0
Thomas,Veni Vidi Vici,LES,Support,EMEA Masters Spring,6,0.167,2.36,73.0,-6.0,54.0,67.0
Ruep,Dark Passage,TCL,ADC,EMEA Masters Spring,15,0.533,3.25,66.0,-5.0,54.0,61.0
SlowQ,DSYRE,LIT,Mid,EMEA Masters Spring,6,0.333,3.77,56.0,-1.0,54.0,55.0
CHEF,Dark Passage,TCL,Jungle,EMEA Masters Spring,15,0.533,3.24,55.0,-5.0,54.0,50.0
Kofte,Zero Tenacity,UL,Mid,EMEA Masters Spring,5,0.0,1.6,49.0,-5.0,54.0,44.0
Carry,Papara SuperMassive,TCL,Support,EMEA Masters Spring,15,0.533,3.03,34.0,-5.0,54.0,29.0
Xico,Guasones,LES,Mid,EMEA Masters Spring,6,0.333,2.67,26.0,0.0,54.0,26.0
Kaori,Beşiktaş Esports,TCL,ADC,EMEA Masters Spring,21,0.524,3.87,15.0,8.0,54.0,23.0
HARPOON,Zero Tenacity,UL,ADC,EMEA Masters Spring,6,0.0,2.35,29.0,-7.0,54.0,22.0
Paixdia,Beşiktaş Esports,TCL,Support,EMEA Masters Spring,21,0.524,2.77,11.0,8.0,54.0,19.0
Empyros,DSYRE,LIT,Top,EMEA Masters Spring,6,0.333,3.46,20.0,-1.0,54.0,19.0
Vaynedeta,Team Phantasma,GLL,ADC,EMEA Masters Spring,9,0.444,4.3,21.0,-2.0,54.0,19.0
Peppe,Team Phantasma,GLL,Mid,EMEA Masters Spring,9,0.444,3.91,16.0,-2.0,54.0,14.0
Efias,DSYRE,LIT,Support,EMEA Masters Spring,6,0.333,3.69,15.0,-1.0,54.0,14.0
Erdote,Zero Tenacity,UL,Support,EMEA Masters Spring,6,0.0,2.04,17.0,-7.0,54.0,10.0
bluerzor,Zero Tenacity,UL,Jungle,EMEA Masters Spring,6,0.0,1.75,7.0,-7.0,54.0,0.0
Klownz,Nigma Galaxy,AL,Support,EMEA Masters Spring,18,0.667,3.49,-6.0,5.0,54.0,-1.0
Syzyfek,Guasones,LES,ADC,EMEA Masters Spring,6,0.333,3.28,-2.0,0.0,54.0,-2.0
Robocop,Entropiq,HM,Top,EMEA Masters Spring,9,0.556,3.89,-4.0,2.0,54.0,-2.0
Yohan,NASR eSports Turkey,TCL,Jungle,EMEA Masters Spring,6,0.167,5.15,-3.0,1.0,54.0,-2.0
Jactroll,Papara SuperMassive,TCL,Support,EMEA Masters Spring,6,0.167,1.67,-7.0,-4.0,54.0,-11.0
RAMES,Nigma Galaxy,AL,Jungle,EMEA Masters Spring,9,0.444,3.18,-11.0,-2.0,54.0,-13.0
many,Entropiq,HM,Mid,EMEA Masters Spring,9,0.556,4.7,-20.0,2.0,54.0,-18.0
Luger,Papara SuperMassive,TCL,ADC,EMEA Masters Spring,6,0.167,1.54,-15.0,-4.0,54.0,-19.0
iLEVI,Anorthosis Famagusta Esports,GLL,Support,EMEA Masters Spring,6,0.333,3.12,-19.0,-2.0,54.0,-21.0
SPOOKY,Entropiq,HM,Jungle,EMEA Masters Spring,9,0.556,3.12,-24.0,2.0,54.0,-22.0
denyk,Entropiq,HM,Support,EMEA Masters Spring,9,0.556,5.0,-31.0,2.0,54.0,-29.0
Afroboi,MOUZ NXT,PRM,Jungle,EMEA Masters Spring,9,0.444,2.18,-30.0,1.0,54.0,-29.0
Papiteero,Anorthosis Famagusta Esports,GLL,Top,EMEA Masters Spring,6,0.333,2.89,-28.0,-2.0,54.0,-30.0
Strode,Entropiq,HM,ADC,EMEA Masters Spring,9,0.556,5.0,-33.0,2.0,54.0,-31.0
Nakyung,Beşiktaş Esports,TCL,Mid,EMEA Masters Spring,15,0.533,4.88,-26.0,-5.0,54.0,-31.0
Furuy,Anorthosis Famagusta Esports,GLL,Mid,EMEA Masters Spring,6,0.333,3.5,-34.0,-2.0,54.0,-36.0
Farfetch,Misa Esports,TCL,Support,EMEA Masters Spring,6,0.333,2.2,-36.0,0.0,54.0,-36.0
Melonik,Zero Tenacity,UL,Top,EMEA Masters Spring,6,0.0,1.22,-31.0,-7.0,54.0,-38.0
Noodle,Verdant,NLC Aurora Open,Jungle,EMEA Masters Spring,9,0.556,4.84,-53.0,8.0,54.0,-45.0
Sn1lle,LUA Gaming,LES,Jungle,EMEA Masters Spring,6,0.167,2.63,-50.0,-2.0,54.0,-52.0
HungryPanda,Team Phantasma,GLL,Support,EMEA Masters Spring,9,0.444,2.71,-54.0,-2.0,54.0,-56.0
Blue,Beşiktaş Esports,TCL,Mid,EMEA Masters Spring,6,0.167,3.29,-58.0,-4.0,54.0,-62.0
Own3r,EGN Esports,LPLOL,Jungle,EMEA Masters Spring,6,0.0,1.0,-59.0,-4.0,54.0,-63.0
jinjo,Lionscreed,NLC,ADC,EMEA Masters Spring,6,0.167,4.13,-70.0,1.0,54.0,-69.0
Tempt,Lionscreed,NLC,Mid,EMEA Masters Spring,6,0.167,4.21,-76.0,1.0,54.0,-75.0
Taegyeong,BoostGate Esports,TCL,Top,EMEA Masters Spring,15,0.533,2.18,-71.0,-5.0,54.0,-76.0
Banderas,Guasones,LES,Top,EMEA Masters Spring,6,0.167,2.0,-79.0,1.0,54.0,-78.0
Roison,Verdant,NLC Aurora Open,Mid,EMEA Masters Spring,9,0.444,1.69,-87.0,1.0,54.0,-86.0
Odi11,Macko Esports,LIT,ADC,EMEA Masters Spring,8,0.625,5.29,-90.0,-0.0,54.0,-90.0
Envy Carry,Project Conquerors,NL,Mid,EMEA Masters Spring,6,0.5,4.41,-102.0,4.0,54.0,-98.0
jokaa,NORD Esports,NLC,Jungle,EMEA Masters Spring,6,0.5,2.26,-106.0,4.0,54.0,-102.0
alix,NASR eSports Turkey,TSC,Mid,EMEA Masters Spring,6,0.167,1.15,-109.0,-4.0,54.0,-113.0
Spooder,Rebels Gaming,LES,Top,EMEA Masters Spring,6,0.333,5.71,-119.0,0.0,54.0,-119.0
GOLDENTO4ST,Gamespace Mediterranean College Esports,GLL,ADC,EMEA Masters Spring,6,0.333,3.79,-129.0,-2.0,54.0,-131.0
NOMA,EGN Esports,LPLOL,Mid,EMEA Masters Spring,6,0.0,1.2,-131.0,-4.0,54.0,-135.0
raining,Team Refuse,GLL,ADC,EMEA Masters Spring,6,0.5,3.82,-140.0,4.0,54.0,-136.0
pr1me,Verdant,NLC Aurora Open,Top,EMEA Masters Spring,9,0.444,1.91,-153.0,1.0,54.0,-152.0
Seal,Myth Esports,ESLOL,Support,EMEA Masters Spring,6,0.167,2.35,-161.0,-2.0,54.0,-163.0
Neramin,Verdant,NLC Aurora Open,ADC,EMEA Masters Spring,9,0.444,2.14,-172.0,1.0,54.0,-171.0
Built,Ruddy Corporation,NLC Aurora Open,Top,EMEA Masters Spring,6,0.167,0.65,-169.0,-4.0,54.0,-173.0
Yakkey,aNc Outplayed,LIT,ADC,EMEA Masters Spring,7,0.429,2.95,-182.0,2.0,54.0,-180.0
Wind1,Team UNiTY,HM,Top,EMEA Masters Spring,6,0.333,1.58,-184.0,3.0,54.0,-181.0
Septico1,Myth Esports,ESLOL,Top,EMEA Masters Spring,9,0.556,3.67,-192.0,8.0,54.0,-184.0
Kasing,Gamespace Mediterranean College Esports,GLL,Support,EMEA Masters Spring,6,0.167,3.43,-192.0,1.0,54.0,-191.0
Stormax,Partizan Esports,EBL,Jungle,EMEA Masters Spring,6,0.333,3.8,-192.0,-2.0,54.0,-194.0
Subbex,SPIKE Syndicate,EBL,ADC,EMEA Masters Spring,9,0.556,2.84,-216.0,8.0,54.0,-208.0
Bung,KRC Genk Esports,ESLOL,ADC,EMEA Masters Spring,6,0.167,3.27,-213.0,-2.0,54.0,-215.0
Vortum,EGN Esports,LPLOL,Top,EMEA Masters Spring,5,0.0,1.1,-215.0,-3.0,54.0,-218.0
B Butcher,GnG Amazigh,AL,Support,EMEA Masters Spring,6,0.333,2.04,-225.0,3.0,54.0,-222.0
Nan0,A One Man Army,ESLOL,Mid,EMEA Masters Spring,8,0.625,4.41,-225.0,-0.0,54.0,-225.0
Sahira,SPIKE Syndicate,EBL,Mid,EMEA Masters Spring,9,0.556,5.0,-237.0,8.0,54.0,-229.0
Knighter,KRC Genk Esports,ESLOL,Mid,EMEA Masters Spring,6,0.167,4.53,-231.0,-2.0,54.0,-233.0
Lauxio,Klanik Esport,NL,Support,EMEA Masters Spring,9,0.556,4.5,-247.0,8.0,54.0,-239.0
Only35,GLORE,HM,Support,EMEA Masters Spring,6,0.5,2.97,-247.0,4.0,54.0,-243.0
costy,EGN Esports,LPLOL,ADC,EMEA Masters Spring,6,0.0,2.39,-270.0,-4.0,54.0,-274.0
Looca,KRC Genk Esports,ESLOL,Top,EMEA Masters Spring,6,0.167,2.39,-288.0,-2.0,54.0,-290.0
bicas,GTZ Esports,LPLOL,Jungle,EMEA Masters Spring,7,0.429,3.14,-295.0,2.0,54.0,-293.0
NattyNatt,Ruddy Corporation,NLC,Jungle,EMEA Masters Spring,6,0.167,1.85,-290.0,-4.0,54.0,-294.0
silkysmath,Ruddy Corporation,NLC,ADC,EMEA Masters Spring,6,0.167,1.68,-304.0,-4.0,54.0,-308.0
Falleo,BeFive,EBL,Top,EMEA Masters Spring,6,0.167,1.77,-304.0,-6.0,54.0,-310.0
Redfernal,White Dragons,LPLOL,Support,EMEA Masters Spring,6,0.0,1.06,-307.0,-4.0,54.0,-311.0
justcan,Hazing Chase,TSC,Support,EMEA Masters Spring,6,0.167,1.41,-315.0,-4.0,54.0,-319.0
Yeti,Anonymo Esports,UL,Top,EMEA Masters Spring,7,0.429,1.93,-354.0,2.0,54.0,-352.0
Tibor,BeFive,EBL,Mid,EMEA Masters Spring,6,0.167,2.17,-351.0,-6.0,54.0,-357.0
Plox,BeFive,EBL,ADC,EMEA Masters Spring,6,0.167,2.65,-352.0,-6.0,54.0,-358.0
Secrett,WLGaming Esports,GLL,Mid,EMEA Masters Spring,7,0.429,2.0,-386.0,2.0,54.0,-384.0
EdbyK,eSuba,HM,Top,EMEA Masters Spring,6,0.5,2.67,-411.0,4.0,54.0,-407.0
Sawyor,Fox Gaming,AL,Jungle,EMEA Masters Spring,6,0.333,2.17,-410.0,3.0,54.0,-407.0
klowny,Atleta Esport,LIT,Top,EMEA Masters Spring,9,0.444,1.71,-406.0,-2.0,54.0,-408.0
DoubleAiM,BeFive,EBL,Jungle,EMEA Masters Spring,6,0.167,1.6,-403.0,-6.0,54.0,-409.0
Tochas,Cyber Wolves,EBL,Support,EMEA Masters Spring,7,0.429,1.54,-481.0,2.0,54.0,-479.0
kehvo,Anonymo Esports,UL,ADC,EMEA Masters Spring,6,0.333,3.07,-533.0,3.0,54.0,-530.0
pump,Anonymo Esports,UL,Mid,EMEA Masters Spring,6,0.333,2.81,-573.0,3.0,54.0,-570.0
Daglas,Vitality.Bee,LFL,Jungle,EMEA Masters Summer,24,0.667,4.69,650.0,3.0,54.0,653.0
Keduii,Team BDS Academy,LFL,ADC,EMEA Masters Summer,21,0.81,8.79,491.0,8.0,54.0,499.0
Abbedagge,Karmine Corp Blue,LFL,Mid,EMEA Masters Summer,13,0.692,5.68,474.0,-2.0,54.0,472.0
SkewMond,Team BDS Academy,LFL,Jungle,EMEA Masters Summer,21,0.81,6.54,453.0,8.0,54.0,461.0
Reeker,Team BDS Academy,LFL,Mid,EMEA Masters Summer,21,0.81,4.92,452.0,8.0,54.0,460.0
JNX,Team BDS Academy,LFL,Top,EMEA Masters Summer,21,0.81,4.12,425.0,8.0,54.0,433.0
Caliste,Karmine Corp Blue,LFL,ADC,EMEA Masters Summer,13,0.692,8.53,434.0,-2.0,54.0,432.0
Parus,Team BDS Academy,LFL,Support,EMEA Masters Summer,21,0.81,4.07,407.0,8.0,54.0,415.0
Fleshy,Karmine Corp Blue,LFL,Support,EMEA Masters Summer,13,0.692,3.66,380.0,-2.0,54.0,378.0
Maynter,Karmine Corp Blue,LFL,Top,EMEA Masters Summer,13,0.692,4.1,350.0,-2.0,54.0,348.0
Dajor,Team GO,LFL,Mid,EMEA Masters Summer,29,0.655,4.03,319.0,5.0,53.0,324.0
Lospa,FUT Esports,TCL,Support,EMEA Masters Summer,7,0.571,2.23,324.0,-1.0,54.0,323.0
113,Karmine Corp Blue,LFL,Jungle,EMEA Masters Summer,13,0.692,3.68,314.0,-2.0,54.0,312.0
Stend,Vitality.Bee,LFL,Support,EMEA Masters Summer,24,0.667,5.52,301.0,3.0,54.0,304.0
SamD,BK ROG Esports,LFL,ADC,EMEA Masters Summer,28,0.679,7.57,284.0,5.0,54.0,289.0
Thayger,Barça eSports,LES,Jungle,EMEA Masters Summer,16,0.438,2.95,291.0,-8.0,54.0,283.0
Jopa,Vitality.Bee,LFL,ADC,EMEA Masters Summer,24,0.667,5.7,280.0,3.0,54.0,283.0
Czajek,Vitality.Bee,LFL,Mid,EMEA Masters Summer,24,0.667,5.02,265.0,3.0,54.0,268.0
Howling,BK ROG Esports,LFL,Top,EMEA Masters Summer,28,0.679,5.32,251.0,5.0,54.0,256.0
FIESTA,Papara SuperMassive,TCL,Mid,EMEA Masters Summer,18,0.444,2.25,261.0,-7.0,54.0,254.0
Czekolad,BK ROG Esports,LFL,Mid,EMEA Masters Summer,28,0.679,4.4,249.0,5.0,54.0,254.0
Naak Nako,Vitality.Bee,LFL,Top,EMEA Masters Summer,24,0.667,2.79,237.0,3.0,54.0,240.0
PowerOfEvil,Eintracht Spandau,PRMP,Mid,EMEA Masters Summer,9,0.667,4.05,238.0,2.0,54.0,240.0
Xerxe,Team Heretics Academy,LES,Jungle,EMEA Masters Summer,17,0.647,5.36,214.0,8.0,54.0,222.0
Lot,Team GO,LFL,Top,EMEA Masters Summer,29,0.655,4.21,216.0,5.0,53.0,221.0
Sertuss,Team Heretics Academy,LES,Mid,EMEA Masters Summer,17,0.647,4.37,200.0,8.0,54.0,208.0
Jackspektra,Team Heretics Academy,LES,ADC,EMEA Masters Summer,17,0.647,5.23,197.0,8.0,54.0,205.0
Elramir,Geekay Esports,AL,Jungle,EMEA Masters Summer,11,0.636,3.84,201.0,4.0,54.0,205.0
Zest,Dark Passage,TCL,Top,EMEA Masters Summer,14,0.429,2.55,204.0,0.0,54.0,204.0
Rhilech,BK ROG Esports,LFL,Jungle,EMEA Masters Summer,28,0.679,4.11,199.0,5.0,54.0,204.0
Hantera,BK ROG Esports,LFL,Support,EMEA Masters Summer,28,0.679,3.88,196.0,5.0,54.0,201.0
Jezu,Team GO,LFL,ADC,EMEA Masters Summer,29,0.655,5.86,191.0,5.0,53.0,196.0
Leo,Geekay Esports,AL,ADC,EMEA Masters Summer,11,0.636,5.64,186.0,4.0,54.0,190.0
Piero,Unicorns of Love Sexy Edition,PRMP,Support,EMEA Masters Summer,12,0.5,3.09,192.0,-3.0,54.0,189.0
Prime,Team GO,LFL,Support,EMEA Masters Summer,29,0.655,3.77,183.0,5.0,53.0,188.0
Doss,SK Gaming Prime,PRM,Support,EMEA Masters Summer,11,0.546,2.86,184.0,3.0,54.0,187.0
Carlsen,Team Heretics Academy,LES,Top,EMEA Masters Summer,17,0.647,2.78,176.0,8.0,54.0,184.0
Diplex,SK Gaming Prime,PRM,Mid,EMEA Masters Summer,11,0.546,4.89,173.0,3.0,54.0,176.0
Neon,SK Gaming Prime,PRM,ADC,EMEA Masters Summer,11,0.546,5.84,172.0,3.0,54.0,175.0
Lurox,Unicorns of Love Sexy Edition,PRMP,Jungle,EMEA Masters Summer,12,0.5,4.21,175.0,-3.0,54.0,172.0
Serin,NNO Prime,PRMP,Mid,EMEA Masters Summer,20,0.55,4.41,168.0,-0.0,54.0,168.0
Color,Macko Esports,LIT,Top,EMEA Masters Summer,20,0.55,3.07,170.0,-3.0,54.0,167.0
Giyuu,Geekay Esports,AL,Mid,EMEA Masters Summer,11,0.636,4.26,163.0,4.0,54.0,167.0
xMatty,Unicorns of Love Sexy Edition,PRMP,ADC,EMEA Masters Summer,12,0.5,8.12,169.0,-3.0,54.0,166.0
Rabble,SK Gaming Prime,PRM,Jungle,EMEA Masters Summer,11,0.546,3.3,162.0,3.0,54.0,165.0
Fun K3y,Eintracht Spandau,PRMP,ADC,EMEA Masters Summer,9,0.667,3.11,161.0,2.0,54.0,163.0
Lucky,NNO Prime,PRMP,Support,EMEA Masters Summer,20,0.55,2.06,161.0,-0.0,54.0,161.0
Boukada,Team GO,LFL,Jungle,EMEA Masters Summer,29,0.655,5.15,152.0,5.0,53.0,157.0
DenVoksne,Macko Esports,LIT,ADC,EMEA Masters Summer,20,0.55,3.21,159.0,-3.0,54.0,156.0
Vertigo,Eintracht Spandau,PRMP,Top,EMEA Masters Summer,9,0.667,3.56,153.0,2.0,54.0,155.0
Lotuss,Macko Esports,LIT,Jungle,EMEA Masters Summer,20,0.55,3.97,158.0,-3.0,54.0,155.0
Dekap,Geekay Esports,AL,Support,EMEA Masters Summer,11,0.636,3.22,149.0,4.0,54.0,153.0
Lilipp,Eintracht Spandau,PRMP,Support,EMEA Masters Summer,9,0.667,2.27,150.0,2.0,54.0,152.0
Dehaste,Nigma Galaxy,AL,Mid,EMEA Masters Summer,7,0.286,1.92,154.0,-5.0,54.0,149.0
zamulek,DSYRE,LIT,ADC,EMEA Masters Summer,11,0.636,6.68,141.0,8.0,54.0,149.0
Bong,Geekay Esports,AL,Top,EMEA Masters Summer,11,0.636,3.64,145.0,4.0,54.0,149.0
NuQ,Team Phantasma,GLL,Top,EMEA Masters Summer,8,0.375,2.87,147.0,-0.0,54.0,147.0
UNF0RGIVEN,Papara SuperMassive,TCL,ADC,EMEA Masters Summer,18,0.444,5.72,153.0,-7.0,54.0,146.0
Venour,SK Gaming Prime,PRM,Top,EMEA Masters Summer,11,0.546,3.12,138.0,3.0,54.0,141.0
whiteinn,Team Heretics Academy,LES,Support,EMEA Masters Summer,17,0.647,2.89,131.0,8.0,54.0,139.0
TolanD,Unicorns of Love Sexy Edition,PRMP,Mid,EMEA Masters Summer,12,0.5,2.92,136.0,-3.0,54.0,133.0
Armut,Papara SuperMassive,TCL,Top,EMEA Masters Summer,18,0.444,2.29,140.0,-7.0,54.0,133.0
Zanzarah,Eintracht Spandau,PRMP,Jungle,EMEA Masters Summer,9,0.667,2.73,124.0,2.0,54.0,126.0
Aetinoth,GIANTX iTero,LES,ADC,EMEA Masters Summer,4,0.5,4.12,122.0,1.0,54.0,123.0
Backlund,Dark Passage,TCL,Mid,EMEA Masters Summer,14,0.429,1.9,122.0,0.0,54.0,122.0
Feisty,GIANTX iTero,LES,Mid,EMEA Masters Summer,4,0.5,3.5,119.0,1.0,54.0,120.0
Rin,Ramboot Club,LES,ADC,EMEA Masters Summer,10,0.4,4.11,116.0,-0.0,54.0,116.0
Sacre,FC Schalke 04 Esports,PRM,Top,EMEA Masters Summer,12,0.5,3.9,115.0,-0.0,54.0,115.0
Manaty,Team Phantasma,GLL,Jungle,EMEA Masters Summer,8,0.375,4.68,111.0,-0.0,54.0,111.0
Cboi,FC Schalke 04 Esports,PRM,Jungle,EMEA Masters Summer,12,0.5,2.81,109.0,-0.0,54.0,109.0
Peng,GameWard,LFL,Mid,EMEA Masters Summer,5,0.6,3.23,108.0,-1.0,54.0,107.0
Click,Macko Esports,LIT,Support,EMEA Masters Summer,20,0.55,2.76,108.0,-3.0,54.0,105.0
Hoon,Beşiktaş Esports,TCL,Top,EMEA Masters Summer,4,0.5,2.14,106.0,-2.0,54.0,104.0
Oscure,Barça eSports,LES,Support,EMEA Masters Summer,16,0.438,2.78,111.0,-8.0,54.0,103.0
Scarface,NNO Prime,PRMP,Top,EMEA Masters Summer,20,0.55,2.65,102.0,-0.0,54.0,102.0
Vigil,Macko Esports,LIT,Mid,EMEA Masters Summer,20,0.55,2.8,105.0,-3.0,54.0,102.0
Skeanz,Papara SuperMassive,TCL,Jungle,EMEA Masters Summer,18,0.444,3.0,108.0,-7.0,54.0,101.0
Shiganari,NNO Prime,PRMP,ADC,EMEA Masters Summer,20,0.55,3.76,99.0,-0.0,54.0,99.0
Czypsy,Atleta Esport,LIT,Support,EMEA Masters Summer,4,0.5,2.12,99.0,-1.0,54.0,98.0
Twiizt,FC Schalke 04 Esports,PRM,Support,EMEA Masters Summer,12,0.5,3.08,96.0,-0.0,54.0,96.0
Shlatan,NNO Prime,PRMP,Jungle,EMEA Masters Summer,20,0.55,3.38,93.0,-0.0,54.0,93.0
Boda,Nigma Galaxy,AL,Top,EMEA Masters Summer,7,0.286,1.48,94.0,-5.0,54.0,89.0
Leb,Ramboot Club,LES,Jungle,EMEA Masters Summer,10,0.4,4.25,85.0,-0.0,54.0,85.0
Steeelback,GameWard,LFL,Support,EMEA Masters Summer,5,0.6,2.39,85.0,-1.0,54.0,84.0
Zicssi,GameWard,LFL,Jungle,EMEA Masters Summer,5,0.6,2.05,79.0,-1.0,54.0,78.0
Tracyn,Austrian Force willhaben,PRMP,Top,EMEA Masters Summer,4,0.5,1.94,85.0,-7.0,54.0,78.0
Peach,GIANTX iTero,LES,Jungle,EMEA Masters Summer,4,0.5,6.43,75.0,1.0,54.0,76.0
Kikis,Atleta Esport,LIT,Jungle,EMEA Masters Summer,4,0.5,5.75,76.0,-1.0,54.0,75.0
Rhuckz,Movistar KOI,LES,Support,EMEA Masters Summer,10,0.6,4.68,72.0,0.0,54.0,72.0
Matias,GameWard,LFL,ADC,EMEA Masters Summer,5,0.6,4.08,70.0,-1.0,54.0,69.0
Ruep,Dark Passage,TCL,ADC,EMEA Masters Summer,14,0.429,2.78,66.0,0.0,54.0,66.0
iBo,Ramboot Club,LES,Top,EMEA Masters Summer,10,0.4,2.14,64.0,-0.0,54.0,64.0
SlowQ,DSYRE,LIT,Mid,EMEA Masters Summer,11,0.636,4.4,56.0,8.0,54.0,64.0
Mercy9,Misa Esports,TCL,Mid,EMEA Masters Summer,16,0.625,4.06,56.0,6.0,54.0,62.0
Sebekx,Atleta Esport,LIT,Mid,EMEA Masters Summer,4,0.5,4.22,59.0,-1.0,54.0,58.0
CHEF,Dark Passage,TCL,Jungle,EMEA Masters Summer,14,0.429,2.68,55.0,0.0,54.0,55.0
Simpli,FC Schalke 04 Esports,PRM,Mid,EMEA Masters Summer,12,0.5,2.52,45.0,-0.0,54.0,45.0
Kofte,Zero Tenacity,UL,Mid,EMEA Masters Summer,7,0.286,2.48,49.0,-6.0,54.0,43.0
Shelfmade,Unicorns of Love Sexy Edition,PRMP,Top,EMEA Masters Summer,12,0.5,2.27,42.0,-3.0,54.0,39.0
twohoyrz,Ramboot Club,LES,Mid,EMEA Masters Summer,10,0.4,3.2,33.0,-0.0,54.0,33.0
ESCIK,Austrian Force willhaben,PRMP,Mid,EMEA Masters Summer,4,0.5,2.88,40.0,-7.0,54.0,33.0
Empyros,DSYRE,LIT,Top,EMEA Masters Summer,11,0.636,5.37,20.0,8.0,54.0,28.0
Peco,FC Schalke 04 Esports,PRM,ADC,EMEA Masters Summer,12,0.5,4.36,28.0,-0.0,54.0,28.0
Carry,Papara SuperMassive,TCL,Support,EMEA Masters Summer,18,0.444,2.2,34.0,-7.0,54.0,27.0
MAXI,Movistar KOI,LES,Jungle,EMEA Masters Summer,10,0.6,6.4,25.0,0.0,54.0,25.0
HARPOON,Zero Tenacity,UL,ADC,EMEA Masters Summer,7,0.286,3.33,29.0,-6.0,54.0,23.0
Efias,DSYRE,LIT,Support,EMEA Masters Summer,11,0.636,3.14,15.0,8.0,54.0,23.0
Vaynedeta,Team Phantasma,GLL,ADC,EMEA Masters Summer,8,0.375,4.95,21.0,-0.0,54.0,21.0
Pride,GameWard,LFL,Top,EMEA Masters Summer,5,0.6,1.22,22.0,-1.0,54.0,21.0
Luana,Misa Esports,TCL,Top,EMEA Masters Summer,16,0.625,3.32,14.0,6.0,54.0,20.0
Peppe,Team Phantasma,GLL,Mid,EMEA Masters Summer,8,0.375,3.42,16.0,-0.0,54.0,16.0
Kaori,Beşiktaş Esports,TCL,ADC,EMEA Masters Summer,4,0.5,3.14,15.0,-2.0,54.0,13.0
WhiteKnight,Barça eSports,LES,Top,EMEA Masters Summer,16,0.438,3.17,20.0,-8.0,54.0,12.0
Erdote,Zero Tenacity,UL,Support,EMEA Masters Summer,7,0.286,1.96,17.0,-6.0,54.0,11.0
Ferret,FUT Esports,TSC,Jungle,EMEA Masters Summer,7,0.571,4.18,12.0,-1.0,54.0,11.0
Paixdia,Beşiktaş Esports,TCL,Support,EMEA Masters Summer,4,0.5,2.69,11.0,-2.0,54.0,9.0
IlllIma,Misa Esports,TCL,Top,EMEA Masters Summer,2,0.0,2.75,3.0,-0.0,54.0,3.0
bluerzor,Zero Tenacity,UL,Jungle,EMEA Masters Summer,7,0.286,1.69,7.0,-6.0,54.0,1.0
Kireas,Misa Esports,TCL,Jungle,EMEA Masters Summer,16,0.625,6.16,-6.0,6.0,54.0,0.0
Marky,Movistar KOI,LES,Top,EMEA Masters Summer,10,0.6,2.75,-2.0,0.0,54.0,-2.0
Robocop,Entropiq,HM,Top,EMEA Masters Summer,10,0.5,3.5,-4.0,2.0,54.0,-2.0
Patch,Dark Passage,TCL,Support,EMEA Masters Summer,14,0.429,2.11,-3.0,0.0,54.0,-3.0
Batuuu,BoostGate Esports,TCL,Support,EMEA Masters Summer,10,0.5,2.02,-6.0,2.0,54.0,-4.0
Klownz,Nigma Galaxy,AL,Support,EMEA Masters Summer,7,0.286,1.62,-6.0,-5.0,54.0,-11.0
adi1,Austrian Force willhaben,PRMP,Jungle,EMEA Masters Summer,4,0.5,2.38,-4.0,-7.0,54.0,-11.0
Woolite,Austrian Force willhaben,PRMP,ADC,EMEA Masters Summer,4,0.5,3.0,-9.0,-7.0,54.0,-16.0
RAMES,Nigma Galaxy,AL,Jungle,EMEA Masters Summer,7,0.286,2.21,-11.0,-5.0,54.0,-16.0
many,Entropiq,HM,Mid,EMEA Masters Summer,10,0.5,2.74,-20.0,2.0,54.0,-18.0
iLEVI,Anorthosis Famagusta Esports,GLL,Support,EMEA Masters Summer,10,0.4,2.7,-19.0,0.0,54.0,-19.0
Bolulu,FUT Esports,TSC,Mid,EMEA Masters Summer,7,0.571,3.6,-19.0,-1.0,54.0,-20.0
SPOOKY,Entropiq,HM,Jungle,EMEA Masters Summer,10,0.5,2.97,-24.0,2.0,54.0,-22.0
Legolas,Barça eSports,LES,ADC,EMEA Masters Summer,16,0.438,3.96,-15.0,-8.0,54.0,-23.0
SAJATOR,Barça eSports,LES,Mid,EMEA Masters Summer,16,0.438,4.09,-16.0,-8.0,54.0,-24.0
Papiteero,Anorthosis Famagusta Esports,GLL,Top,EMEA Masters Summer,10,0.4,2.54,-28.0,0.0,54.0,-28.0
Nakyung,Beşiktaş Esports,TCL,Mid,EMEA Masters Summer,4,0.5,3.42,-26.0,-2.0,54.0,-28.0
denyk,Entropiq,HM,Support,EMEA Masters Summer,10,0.5,3.48,-31.0,2.0,54.0,-29.0
Farfetch,Misa Esports,TCL,Support,EMEA Masters Summer,16,0.625,2.95,-36.0,6.0,54.0,-30.0
Strode,Entropiq,HM,ADC,EMEA Masters Summer,10,0.5,3.82,-33.0,2.0,54.0,-31.0
MG,Twisted Minds,AL,Mid,EMEA Masters Summer,4,0.5,12.5,-31.0,-1.0,54.0,-32.0
Melonik,Zero Tenacity,UL,Top,EMEA Masters Summer,7,0.286,1.61,-31.0,-6.0,54.0,-37.0
HiRit,FUT Esports,TCL,Top,EMEA Masters Summer,7,0.571,2.89,-37.0,-1.0,54.0,-38.0
Wufo,Twisted Minds,AL,Top,EMEA Masters Summer,4,0.5,4.29,-38.0,-1.0,54.0,-39.0
Random,Movistar KOI,LES,Mid,EMEA Masters Summer,10,0.6,4.28,-43.0,0.0,54.0,-43.0
Stefan,DSYRE,LIT,Jungle,EMEA Masters Summer,11,0.636,4.7,-55.0,8.0,54.0,-47.0
Shy Carry,Movistar KOI,LES,ADC,EMEA Masters Summer,10,0.6,5.79,-47.0,0.0,54.0,-47.0
Noodle,Verdant,NLC Aurora Open,Jungle,EMEA Masters Summer,10,0.4,3.11,-53.0,0.0,54.0,-53.0
HungryPanda,Team Phantasma,GLL,Support,EMEA Masters Summer,8,0.375,2.13,-54.0,-0.0,54.0,-54.0
Selfmade,Twisted Minds,AL,Jungle,EMEA Masters Summer,4,0.5,5.86,-54.0,-1.0,54.0,-55.0
Sloth,Twisted Minds,AL,Support,EMEA Masters Summer,4,0.5,2.7,-59.0,-1.0,54.0,-60.0
Aytekn,BoostGate Esports,TCL,Top,EMEA Masters Summer,10,0.5,2.12,-68.0,2.0,54.0,-66.0
Obstinatus,UCAM Esports,LES,Support,EMEA Masters Summer,5,0.6,3.22,-67.0,-1.0,54.0,-68.0
ACD,Anubis Gaming,AL,Top,EMEA Masters Summer,2,0.0,3.29,-67.0,-2.0,54.0,-69.0
Koldo,UCAM Esports,LES,Jungle,EMEA Masters Summer,5,0.6,5.6,-71.0,-1.0,54.0,-72.0
Baca,UCAM Esports,LES,Mid,EMEA Masters Summer,5,0.6,6.0,-73.0,-1.0,54.0,-74.0
Mihai,Atleta Esport,LIT,ADC,EMEA Masters Summer,4,0.5,7.33,-78.0,-1.0,54.0,-79.0
Akashi,Anubis Gaming,AL,Mid,EMEA Masters Summer,2,0.0,3.25,-81.0,-2.0,54.0,-83.0
Goliath,Forsaken,UL,Support,EMEA Masters Summer,2,0.0,3.0,-88.0,-0.0,54.0,-88.0
Mimic,Twisted Minds,AL,ADC,EMEA Masters Summer,4,0.5,4.83,-93.0,-1.0,54.0,-94.0
Kenal,UCAM Esports,LES,ADC,EMEA Masters Summer,5,0.6,5.15,-101.0,-1.0,54.0,-102.0
Sinmivak,UCAM Esports,LES,Top,EMEA Masters Summer,5,0.6,2.68,-101.0,-1.0,54.0,-102.0
Simpy,Regem,NLC Aurora Open,Support,EMEA Masters Summer,10,0.4,2.49,-106.0,3.0,54.0,-103.0
jokaa,NORD Esports,NLC,Jungle,EMEA Masters Summer,9,0.556,3.38,-106.0,1.0,54.0,-105.0
san1,Anubis Gaming,AL,ADC,EMEA Masters Summer,2,0.0,1.38,-105.0,-2.0,54.0,-107.0
Mxe,Ramboot Club,LES,Support,EMEA Masters Summer,10,0.4,2.41,-108.0,-0.0,54.0,-108.0
Lindgarde,Regem,NLC Aurora Open,ADC,EMEA Masters Summer,10,0.4,4.62,-112.0,3.0,54.0,-109.0
alix,NASR eSports Turkey,TSC,Mid,EMEA Masters Summer,9,0.333,2.0,-109.0,-4.0,54.0,-113.0
Buchi,Venomcrest Esports,NLC Aurora Open,Top,EMEA Masters Summer,2,0.0,1.4,-112.0,-2.0,54.0,-114.0
Leny,Venomcrest Esports,NLC,Top,EMEA Masters Summer,10,0.4,1.53,-127.0,3.0,54.0,-124.0
Nille,NORD Esports,NLC,Top,EMEA Masters Summer,9,0.556,2.93,-126.0,1.0,54.0,-125.0
GOLDENTO4ST,Gamespace Mediterranean College Esports,GLL,ADC,EMEA Masters Summer,2,0.0,3.57,-129.0,0.0,54.0,-129.0
Kituruken,Ruddy Corporation,NLC,Jungle,EMEA Masters Summer,9,0.333,2.53,-126.0,-4.0,54.0,-130.0
NOMA,EGN Esports,LPLOL,Mid,EMEA Masters Summer,5,0.0,2.24,-131.0,-2.0,54.0,-133.0
Shawi,Anubis Gaming,AL,Support,EMEA Masters Summer,2,0.0,1.62,-132.0,-2.0,54.0,-134.0
raining,Team Refuse,GLL,ADC,EMEA Masters Summer,5,0.4,5.62,-140.0,0.0,54.0,-140.0
ToongE,Forsaken,UL,ADC,EMEA Masters Summer,2,0.0,2.09,-141.0,-0.0,54.0,-141.0
Acorderr,Back2TheGame,UL,Support,EMEA Masters Summer,8,0.375,1.66,-141.0,-1.0,54.0,-142.0
D4SH,Crvena zvezda Esports,EBL,Jungle,EMEA Masters Summer,6,0.167,2.27,-149.0,-2.0,54.0,-151.0
Scorth,FUT Esports,TSC,ADC,EMEA Masters Summer,7,0.571,5.36,-153.0,-1.0,54.0,-154.0
Vander,Austrian Force willhaben,PRMP,Support,EMEA Masters Summer,4,0.5,3.5,-149.0,-7.0,54.0,-156.0
FIERCE,Regem,NLC Aurora Open,Mid,EMEA Masters Summer,10,0.4,2.69,-160.0,3.0,54.0,-157.0
Seal,Myth Esports,ESLOL,Support,EMEA Masters Summer,9,0.333,2.48,-161.0,1.0,54.0,-160.0
Xeonerr,Forsaken,UL,Jungle,EMEA Masters Summer,2,0.0,1.85,-162.0,-0.0,54.0,-162.0
Romeo,NORD Esports,NLC,Support,EMEA Masters Summer,9,0.556,2.11,-165.0,1.0,54.0,-164.0
bobista,Team Refuse,GLL,Top,EMEA Masters Summer,5,0.4,2.35,-166.0,0.0,54.0,-166.0
Fade,BoostGate Esports,TCL,Mid,EMEA Masters Summer,10,0.5,1.84,-169.0,2.0,54.0,-167.0
HolyPhoenix,Misa Esports,TCL,ADC,EMEA Masters Summer,16,0.625,6.88,-174.0,6.0,54.0,-168.0
Nata,Ruddy Corporation,NLC Aurora Open,ADC,EMEA Masters Summer,9,0.333,4.15,-166.0,-4.0,54.0,-170.0
XnS,BoostGate Esports,TCL,Jungle,EMEA Masters Summer,10,0.5,5.4,-173.0,2.0,54.0,-171.0
ShazQ,Back2TheGame,UL,Jungle,EMEA Masters Summer,8,0.375,2.96,-171.0,-1.0,54.0,-172.0
Built,Ruddy Corporation,NLC Aurora Open,Top,EMEA Masters Summer,9,0.333,2.69,-169.0,-4.0,54.0,-173.0
seaz,GIANTX iTero,LES,Support,EMEA Masters Summer,4,0.5,4.11,-174.0,1.0,54.0,-173.0
SeMike,EKO Esports,LIT,Mid,EMEA Masters Summer,3,0.333,3.3,-172.0,-3.0,54.0,-175.0
Syzyf,Back2TheGame,UL,Mid,EMEA Masters Summer,8,0.375,2.15,-175.0,-1.0,54.0,-176.0
R4VEN,GIANTX iTero,LES,Top,EMEA Masters Summer,4,0.5,5.6,-177.0,1.0,54.0,-176.0
Mentos,Team Refuse,GLL,Mid,EMEA Masters Summer,5,0.4,4.38,-177.0,0.0,54.0,-177.0
Grave,BoostGate Esports,TCL,ADC,EMEA Masters Summer,10,0.5,3.65,-180.0,2.0,54.0,-178.0
Lothen,Back2TheGame,UL,ADC,EMEA Masters Summer,8,0.375,4.11,-186.0,-1.0,54.0,-187.0
Wind1,Team UNiTY,HM,Top,EMEA Masters Summer,2,0.0,0.75,-184.0,-3.0,54.0,-187.0
Theocacs,Venomcrest Esports,NLC,Jungle,EMEA Masters Summer,10,0.4,2.42,-192.0,3.0,54.0,-189.0
Septico1,Myth Esports,ESLOL,Top,EMEA Masters Summer,2,0.0,0.83,-192.0,-0.0,54.0,-192.0
Kasing,Gamespace Mediterranean College Esports,GLL,Support,EMEA Masters Summer,2,0.0,3.62,-192.0,0.0,54.0,-192.0
Stormax,Partizan Esports,EBL,Jungle,EMEA Masters Summer,6,0.167,2.44,-192.0,-2.0,54.0,-194.0
Pocovirtuoso,EKO Esports,LIT,Support,EMEA Masters Summer,3,0.333,1.72,-194.0,-3.0,54.0,-197.0
Slayder,Nigma Galaxy,AL,ADC,EMEA Masters Summer,7,0.286,4.44,-202.0,-5.0,54.0,-207.0
Kozi,Back2TheGame,UL,Top,EMEA Masters Summer,8,0.375,3.05,-208.0,-1.0,54.0,-209.0
RAFBIN,Forsaken,UL,Mid,EMEA Masters Summer,2,0.0,2.83,-210.0,-0.0,54.0,-210.0
Vortum,EGN Esports,LPLOL,Top,EMEA Masters Summer,5,0.0,0.81,-215.0,-2.0,54.0,-217.0
Balyy,EKO Esports,LIT,Jungle,EMEA Masters Summer,3,0.333,3.25,-217.0,-3.0,54.0,-220.0
Tyrone,EKO Esports,LIT,ADC,EMEA Masters Summer,3,0.333,3.38,-229.0,-3.0,54.0,-232.0
Tasteless,Partizan Esports,EBL,Support,EMEA Masters Summer,6,0.167,1.43,-236.0,-2.0,54.0,-238.0
ECSTASSY,NORD Esports,NLC,ADC,EMEA Masters Summer,9,0.556,3.62,-240.0,1.0,54.0,-239.0
lobellan,EKO Esports,LIT,Top,EMEA Masters Summer,3,0.333,2.27,-239.0,-3.0,54.0,-242.0
Pun1sher,Anorthosis Famagusta Esports,GLL,Mid,EMEA Masters Summer,10,0.4,4.0,-250.0,0.0,54.0,-250.0
RoyalKanin,Gamespace Mediterranean College Esports,GLL,Mid,EMEA Masters Summer,2,0.0,2.25,-252.0,0.0,54.0,-252.0
Ze Luis,GTZ Esports,LPLOL,Support,EMEA Masters Summer,8,0.375,1.88,-250.0,-3.0,54.0,-253.0
Typhoon,Beşiktaş Esports,TCL,Jungle,EMEA Masters Summer,4,0.5,2.53,-262.0,-2.0,54.0,-264.0
Gaëthan,GTZ Esports,LPLOL,Top,EMEA Masters Summer,8,0.375,2.89,-270.0,-3.0,54.0,-273.0
Araignée,ZennIT,ESLOL,ADC,EMEA Masters Summer,2,0.0,2.2,-273.0,-2.0,54.0,-275.0
Mishi,Anorthosis Famagusta Esports,GLL,ADC,EMEA Masters Summer,10,0.4,3.97,-277.0,0.0,54.0,-277.0
Nenad,Partizan Esports,EBL,Top,EMEA Masters Summer,6,0.167,1.72,-275.0,-2.0,54.0,-277.0
KNEZA,Team UNiTY,HM,ADC,EMEA Masters Summer,2,0.0,2.33,-282.0,-3.0,54.0,-285.0
bicas,GTZ Esports,LPLOL,Jungle,EMEA Masters Summer,6,0.5,1.71,-295.0,0.0,54.0,-295.0
welcom,Dynamo Eclot,HM,Top,EMEA Masters Summer,2,0.0,1.0,-294.0,-2.0,54.0,-296.0
Silk,BRUTE,HM,Mid,EMEA Masters Summer,3,0.333,3.29,-304.0,4.0,54.0,-300.0
Falleo,BeFive,EBL,Top,EMEA Masters Summer,2,0.0,2.12,-304.0,2.0,54.0,-302.0
Namex,DMG Esports,NLC Aurora Open,ADC,EMEA Masters Summer,2,0.0,1.12,-304.0,-2.0,54.0,-306.0
Bitse,DMG Esports,NLC Aurora Open,Jungle,EMEA Masters Summer,2,0.0,0.4,-308.0,-2.0,54.0,-310.0
Rayzorac,ZennIT,ESLOL,Top,EMEA Masters Summer,2,0.0,1.2,-311.0,-2.0,54.0,-313.0
Kektz,Crvena zvezda Esports,EBL,Top,EMEA Masters Summer,6,0.167,1.71,-316.0,-2.0,54.0,-318.0
Zapdo,Anubis Gaming,AL,Jungle,EMEA Masters Summer,2,0.0,1.9,-319.0,-2.0,54.0,-321.0
Peto,BRUTE,HM,Support,EMEA Masters Summer,3,0.333,2.67,-326.0,4.0,54.0,-322.0
Jejky,Dynamo Eclot,HM,Jungle,EMEA Masters Summer,2,0.0,1.18,-321.0,-2.0,54.0,-323.0
Defflok,Team UNiTY,HM,Mid,EMEA Masters Summer,2,0.0,0.5,-324.0,-3.0,54.0,-327.0
Centu,GRP Esports,UL,Support,EMEA Masters Summer,2,0.0,1.42,-332.0,-1.0,54.0,-333.0
belit,GRP Esports,UL,Jungle,EMEA Masters Summer,2,0.0,2.8,-332.0,-1.0,54.0,-333.0
6ax,Crvena zvezda Esports,EBL,Mid,EMEA Masters Summer,6,0.167,2.45,-332.0,-2.0,54.0,-334.0
Skaterot,DMG Esports,NLC Aurora Open,Mid,EMEA Masters Summer,2,0.0,1.2,-335.0,-2.0,54.0,-337.0
Alaric,Ruddy Corporation,NLC Aurora Open,Support,EMEA Masters Summer,9,0.333,2.2,-333.0,-4.0,54.0,-337.0
Avarice,Crvena zvezda Esports,EBL,ADC,EMEA Masters Summer,6,0.167,3.5,-337.0,-2.0,54.0,-339.0
Unkn0wn,GTZ Esports,LPLOL,ADC,EMEA Masters Summer,8,0.375,2.03,-340.0,-3.0,54.0,-343.0
Tibor,BeFive,EBL,Mid,EMEA Masters Summer,2,0.0,1.4,-351.0,2.0,54.0,-349.0
shibi,Team UNiTY,HM,Jungle,EMEA Masters Summer,2,0.0,0.89,-347.0,-3.0,54.0,-350.0
Hiro,BRUTE,HM,ADC,EMEA Masters Summer,3,0.333,3.86,-359.0,4.0,54.0,-355.0
Adiss,BRUTE,HM,Top,EMEA Masters Summer,3,0.333,2.43,-361.0,4.0,54.0,-357.0
Henra,White Dragons,LPLOL,Mid,EMEA Masters Summer,2,0.0,2.0,-364.0,1.0,54.0,-363.0
Hyorai,ZennIT,ESLOL,Support,EMEA Masters Summer,2,0.0,0.71,-362.0,-2.0,54.0,-364.0
Gordinho,Venomcrest Esports,NLC Aurora Open,Support,EMEA Masters Summer,5,0.4,2.45,-367.0,0.0,54.0,-367.0
Guertas,ZennIT,ESLOL,Jungle,EMEA Masters Summer,2,0.0,1.4,-366.0,-2.0,54.0,-368.0
Twight,BRUTE,HM,Jungle,EMEA Masters Summer,3,0.333,2.0,-374.0,4.0,54.0,-370.0
J3rkie,Team UNiTY,HM,Support,EMEA Masters Summer,2,0.0,0.82,-370.0,-3.0,54.0,-373.0
Mahonix,Myth Esports,ESLOL,Support,EMEA Masters Summer,2,0.0,1.85,-374.0,-0.0,54.0,-374.0
Snabi,DMG Esports,NLC,Support,EMEA Masters Summer,2,0.0,1.0,-374.0,-2.0,54.0,-376.0
Pipibaat,mCon esports,ESLOL,Jungle,EMEA Masters Summer,9,0.333,2.82,-382.0,1.0,54.0,-381.0
Caucha,White Dragons,LPLOL,Top,EMEA Masters Summer,2,0.0,1.6,-387.0,1.0,54.0,-386.0
Hunt,NORD Esports,NLC,Mid,EMEA Masters Summer,9,0.556,2.78,-392.0,1.0,54.0,-391.0
IceBreaker,Gamespace Mediterranean College Esports,GLL,Top,EMEA Masters Summer,2,0.0,1.33,-394.0,0.0,54.0,-394.0
Worst,White Dragons,LPLOL,ADC,EMEA Masters Summer,2,0.0,2.5,-395.0,1.0,54.0,-394.0
Lagolinas,Cyber Wolves,EBL,Mid,EMEA Masters Summer,2,0.0,1.4,-400.0,3.0,54.0,-397.0
Artoria,GRP Esports,UL,Mid,EMEA Masters Summer,2,0.0,2.14,-396.0,-1.0,54.0,-397.0
DoubleAiM,BeFive,EBL,Jungle,EMEA Masters Summer,2,0.0,3.29,-403.0,2.0,54.0,-401.0
FlickeR,Partizan Esports,EBL,ADC,EMEA Masters Summer,5,0.2,3.08,-405.0,-0.0,54.0,-405.0
klowny,Atleta Esport,LIT,Top,EMEA Masters Summer,4,0.5,2.27,-406.0,-1.0,54.0,-407.0
Pallet,Team Refuse,GLL,Jungle,EMEA Masters Summer,5,0.4,2.68,-407.0,0.0,54.0,-407.0
Robba,mCon esports,ESLOL,Top,EMEA Masters Summer,9,0.333,1.92,-410.0,1.0,54.0,-409.0
Beaupere,ZennIT,ESLOL,Mid,EMEA Masters Summer,2,0.0,1.0,-407.0,-2.0,54.0,-409.0
Soldier,EGN Esports,LPLOL,ADC,EMEA Masters Summer,5,0.0,4.12,-407.0,-2.0,54.0,-409.0
FSZ,GTZ Esports,LPLOL,Mid,EMEA Masters Summer,8,0.375,2.18,-414.0,-3.0,54.0,-417.0
Aeon,SNOOZE Esports,ESLOL,ADC,EMEA Masters Summer,2,0.0,2.5,-423.0,-0.0,54.0,-423.0
VaSKED,Dynamo Eclot,HM,Support,EMEA Masters Summer,2,0.0,1.27,-423.0,-2.0,54.0,-425.0
Savero,Gamespace Mediterranean College Esports,GLL,Jungle,EMEA Masters Summer,2,0.0,3.57,-427.0,0.0,54.0,-427.0
Toffe,mCon esports,ESLOL,Mid,EMEA Masters Summer,9,0.333,2.96,-432.0,1.0,54.0,-431.0
Joao,EGN Esports,LPLOL,Support,EMEA Masters Summer,5,0.0,1.0,-429.0,-2.0,54.0,-431.0
Anonymouss,Myth Esports,ESLOL,Jungle,EMEA Masters Summer,2,0.0,2.22,-449.0,-0.0,54.0,-449.0
yanjee,Hurricane of Feathers,LPLOL,Jungle,EMEA Masters Summer,2,0.0,1.12,-451.0,-0.0,54.0,-451.0
Crisma,SNOOZE Esports,ESLOL,Support,EMEA Masters Summer,2,0.0,1.2,-462.0,-0.0,54.0,-462.0
Mietek,GRP Esports,UL,Top,EMEA Masters Summer,2,0.0,0.78,-464.0,-1.0,54.0,-465.0
Mean,Myth Esports,ESLOL,ADC,EMEA Masters Summer,2,0.0,1.9,-470.0,-0.0,54.0,-470.0
Leks,SNOOZE Esports,ESLOL,Top,EMEA Masters Summer,2,0.0,0.55,-472.0,-0.0,54.0,-472.0
Afriibi,mCon esports,ESLOL,ADC,EMEA Masters Summer,9,0.333,2.97,-476.0,1.0,54.0,-475.0
Tochas,Cyber Wolves,EBL,Support,EMEA Masters Summer,2,0.0,0.45,-481.0,3.0,54.0,-478.0
LorLor,Myth Esports,ESLOL,Mid,EMEA Masters Summer,2,0.0,1.89,-480.0,-0.0,54.0,-480.0
STANIK,Dynamo Eclot,HM,Mid,EMEA Masters Summer,2,0.0,2.5,-481.0,-2.0,54.0,-483.0
Milica,Partizan Esports,EBL,Mid,EMEA Masters Summer,6,0.167,2.0,-481.0,-2.0,54.0,-483.0
DANY,Dynamo Eclot,HM,ADC,EMEA Masters Summer,2,0.0,2.8,-485.0,-2.0,54.0,-487.0
Nikola,Crvena zvezda Esports,EBL,Support,EMEA Masters Summer,6,0.167,1.73,-487.0,-2.0,54.0,-489.0
Kamyta,Hurricane of Feathers,LPLOL,Support,EMEA Masters Summer,2,0.0,0.78,-492.0,-0.0,54.0,-492.0
Flawed,SNOOZE Esports,ESLOL,Jungle,EMEA Masters Summer,2,0.0,0.82,-500.0,-0.0,54.0,-500.0
Faetski,GRP Esports,UL,ADC,EMEA Masters Summer,2,0.0,2.83,-500.0,-1.0,54.0,-501.0
DuarteV,Hurricane of Feathers,LPLOL,ADC,EMEA Masters Summer,2,0.0,1.0,-508.0,-0.0,54.0,-508.0
Paladin,BeFive,EBL,ADC,EMEA Masters Summer,2,0.0,3.14,-537.0,2.0,54.0,-535.0
Heroic,SNOOZE Esports,ESLOL,Mid,EMEA Masters Summer,2,0.0,3.33,-550.0,-0.0,54.0,-550.0
RealR,GTZ Esports,LPLOL,Jungle,EMEA Masters Summer,2,0.0,1.2,-568.0,-3.0,54.0,-571.0
Paresz,Cyber Wolves,EBL,Jungle,EMEA Masters Summer,2,0.0,0.25,-588.0,3.0,54.0,-585.0
Shourdy,Hurricane of Feathers,LPLOL,Top,EMEA Masters Summer,2,0.0,0.55,-587.0,-0.0,54.0,-587.0
Diva,BeFive,EBL,Mid,EMEA Masters Summer,2,0.0,1.5,-591.0,2.0,54.0,-589.0
Endless,Cyber Wolves,EBL,ADC,EMEA Masters Summer,2,0.0,1.5,-624.0,3.0,54.0,-621.0
Vinchi,White Dragons,LPLOL,Jungle,EMEA Masters Summer,2,0.0,0.4,-623.0,1.0,54.0,-622.0
Bala,Cyber Wolves,EBL,Top,EMEA Masters Summer,2,0.0,0.5,-639.0,3.0,54.0,-636.0
towhat,White Dragons,LPLOL,Support,EMEA Masters Summer,2,0.0,0.38,-652.0,1.0,54.0,-651.0
Czypsy,Atleta Esport,LIT,Support,EPL,3,0.333,2.47,99.0,0.0,54.0,99.0
Kofte,Zero Tenacity,UL,Mid,EPL,47,0.787,5.14,49.0,15.0,53.0,64.0
HARPOON,Zero Tenacity,UL,ADC,EPL,45,0.8,5.66,29.0,16.0,53.0,45.0
Erdote,Zero Tenacity,UL,Support,EPL,47,0.787,4.19,17.0,15.0,53.0,32.0
bluerzor,Zero Tenacity,UL,Jungle,EPL,47,0.787,5.58,7.0,15.0,53.0,22.0
Peppe,Team Phantasma,GLL,Mid,EPL,2,0.5,5.5,16.0,2.0,54.0,18.0
Robocop,Entropiq,HM,Top,EPL,24,0.583,3.31,-4.0,-12.0,54.0,-16.0
Melonik,Zero Tenacity,UL,Top,EPL,43,0.791,3.31,-31.0,12.0,53.0,-19.0
many,Entropiq,HM,Mid,EPL,24,0.583,2.82,-20.0,-12.0,54.0,-32.0
SPOOKY,Entropiq,HM,Jungle,EPL,24,0.583,3.07,-24.0,-12.0,54.0,-36.0
denyk,Entropiq,HM,Support,EPL,24,0.583,3.31,-31.0,-12.0,54.0,-43.0
Strode,Entropiq,HM,ADC,EPL,24,0.583,4.73,-33.0,-12.0,54.0,-45.0
Lekcyc,Berlin International Gaming,PRM,Support,EPL,24,0.583,3.04,-43.0,-6.0,54.0,-49.0
Sencux,Berlin International Gaming,PRM,Mid,EPL,24,0.583,3.37,-54.0,-6.0,54.0,-60.0
Densi,Berlin International Gaming,PRMP,Jungle,EPL,24,0.583,4.07,-64.0,-6.0,54.0,-70.0
Highway,IziDream,NL,Support,EPL,11,0.454,2.5,-80.0,1.0,54.0,-79.0
Akashi,Anubis Gaming,AL,Mid,EPL,10,0.2,2.52,-81.0,-4.0,54.0,-85.0
Jeskla,Berlin International Gaming,PRMP,ADC,EPL,24,0.583,3.55,-86.0,-6.0,54.0,-92.0
Goliath,Forsaken,UL,Support,EPL,14,0.357,2.61,-88.0,-8.0,54.0,-96.0
Vizicsacsi,Berlin International Gaming,PRM,Top,EPL,24,0.583,1.83,-120.0,-6.0,54.0,-126.0
GOLDENTO4ST,Gamespace Mediterranean College Esports,GLL,ADC,EPL,17,0.353,4.38,-129.0,1.0,54.0,-128.0
PiOk,GLORE,HM,ADC,EPL,20,0.45,3.53,-143.0,4.0,54.0,-139.0
Acorderr,Back2TheGame,UL,Support,EPL,48,0.562,2.53,-141.0,1.0,53.0,-140.0
DahVys,ZETA,LES,Jungle,EPL,8,0.25,2.92,-144.0,-2.0,54.0,-146.0
ToongE,Forsaken,UL,ADC,EPL,14,0.357,2.13,-141.0,-8.0,54.0,-149.0
bobista,Team Refuse,GLL,Top,EPL,16,0.438,3.49,-166.0,-1.0,54.0,-167.0
Xeonerr,Forsaken,UL,Jungle,EPL,14,0.357,2.51,-162.0,-8.0,54.0,-170.0
ShazQ,Back2TheGame,UL,Jungle,EPL,48,0.562,3.52,-171.0,1.0,53.0,-170.0
Syzyf,Back2TheGame,UL,Mid,EPL,48,0.562,3.71,-175.0,1.0,53.0,-174.0
Mentos,Team Refuse,GLL,Mid,EPL,16,0.438,3.8,-177.0,-1.0,54.0,-178.0
Lothen,Back2TheGame,UL,ADC,EPL,48,0.562,4.14,-186.0,1.0,53.0,-185.0
Wind1,Team UNiTY,HM,Top,EPL,35,0.4,2.15,-184.0,-1.0,53.0,-185.0
Libra,WLGaming Esports,GLL,Top,EPL,10,0.4,2.57,-197.0,7.0,54.0,-190.0
Bibou,WLGaming Esports,GLL,ADC,EPL,14,0.357,3.52,-193.0,2.0,54.0,-191.0
Kasing,Gamespace Mediterranean College Esports,GLL,Support,EPL,17,0.353,3.18,-192.0,1.0,54.0,-191.0
mirrored,GLORE,HM,Mid,EPL,17,0.471,2.55,-195.0,3.0,54.0,-192.0
Stormax,Partizan Esports,EBL,Jungle,EPL,12,0.167,3.45,-192.0,-5.0,54.0,-197.0
Kozi,Back2TheGame,UL,Top,EPL,48,0.562,2.45,-208.0,1.0,53.0,-207.0
Toni,Kaufland Hangry Knights,PRMP,Jungle,EPL,9,0.444,3.93,-214.0,6.0,54.0,-208.0
RAFBIN,Forsaken,UL,Mid,EPL,14,0.357,2.35,-210.0,-8.0,54.0,-218.0
Black,Dark Passage,TCL,ADC,EPL,10,0.2,2.39,-220.0,-4.0,54.0,-224.0
Knighter,KRC Genk Esports,ESLOL,Mid,EPL,10,0.4,2.97,-231.0,5.0,54.0,-226.0
Kakan,Ruzeh Esports,NLC,Top,EPL,15,0.6,2.12,-235.0,8.0,54.0,-227.0
ECSTASSY,NORD Esports,NLC,ADC,EPL,3,0.333,3.22,-240.0,0.0,54.0,-240.0
Tasteless,Partizan Esports,EBL,Support,EPL,10,0.2,1.98,-236.0,-4.0,54.0,-240.0
Carnage,WLGaming Esports,GLL,Jungle,EPL,30,0.4,3.28,-245.0,1.0,53.0,-244.0
StarScreen,FUT Esports,TCL,Top,EPL,2,0.0,0.7,-245.0,-2.0,54.0,-247.0
RoyalKanin,Gamespace Mediterranean College Esports,GLL,Mid,EPL,17,0.353,3.53,-252.0,1.0,54.0,-251.0
Nenad,Partizan Esports,EBL,Top,EPL,2,0.0,3.27,-275.0,1.0,54.0,-274.0
Notiko,Fox Gaming,AL,ADC,EPL,13,0.462,3.53,-272.0,-2.0,54.0,-274.0
KNEZA,Team UNiTY,HM,ADC,EPL,33,0.424,3.68,-282.0,-1.0,53.0,-283.0
Togepi,Forsaken,UL,Top,EPL,14,0.357,1.82,-286.0,-8.0,54.0,-294.0
welcom,Dynamo Eclot,HM,Top,EPL,4,0.25,1.68,-294.0,-3.0,54.0,-297.0
Ariana,Forsaken,UL,Top,EPL,4,0.75,3.39,-303.0,3.0,54.0,-300.0
Defflok,Team UNiTY,HM,Mid,EPL,35,0.4,2.97,-324.0,-1.0,53.0,-325.0
Calmsky,Verdant,NLC,Support,EPL,17,0.353,2.77,-329.0,4.0,54.0,-325.0
Unkn0wn,GTZ Esports,LPLOL,ADC,EPL,17,0.353,2.81,-340.0,4.0,54.0,-336.0
Bako,WLGaming Esports,GLL,Top,EPL,6,0.333,2.74,-345.0,-2.0,54.0,-347.0
shibi,Team UNiTY,HM,Jungle,EPL,35,0.4,2.54,-347.0,-1.0,53.0,-348.0
Metroflox,Parakeet Gaming,HM,Jungle,EPL,6,0.5,3.25,-358.0,5.0,54.0,-353.0
Ilgar,GLORE,HM,Jungle,EPL,17,0.471,3.35,-366.0,3.0,54.0,-363.0
Bananitoo,WLGaming Esports,GLL,Support,EPL,14,0.357,3.65,-366.0,2.0,54.0,-364.0
J3rkie,Team UNiTY,HM,Support,EPL,35,0.4,2.28,-370.0,-1.0,53.0,-371.0
Smarty,GLORE,HM,Support,EPL,20,0.45,2.55,-381.0,4.0,54.0,-377.0
Secrett,WLGaming Esports,GLL,Mid,EPL,12,0.333,2.91,-386.0,0.0,54.0,-386.0
IceBreaker,Gamespace Mediterranean College Esports,GLL,Top,EPL,34,0.353,2.46,-394.0,6.0,53.0,-388.0
FlickeR,Partizan Esports,EBL,ADC,EPL,12,0.167,2.94,-405.0,-5.0,54.0,-410.0
Sawyor,Fox Gaming,AL,Jungle,EPL,6,0.167,2.94,-410.0,-1.0,54.0,-411.0
ceskycechcz,eSuba,HM,Mid,EPL,4,0.75,3.0,-419.0,8.0,54.0,-411.0
klowny,Atleta Esport,LIT,Top,EPL,10,0.2,1.58,-406.0,-6.0,54.0,-412.0
FSZ,GTZ Esports,LPLOL,Mid,EPL,8,0.25,3.35,-414.0,-2.0,54.0,-416.0
Lenom,Galakticos,TCL,Top,EPL,2,0.0,0.87,-420.0,-1.0,54.0,-421.0
Krysia,devils.one inStreamly,UL,Jungle,EPL,2,0.5,3.1,-422.0,-0.0,54.0,-422.0
Savero,Gamespace Mediterranean College Esports,GLL,Jungle,EPL,17,0.353,3.28,-427.0,1.0,54.0,-426.0
VaSKED,Dynamo Eclot,HM,Support,EPL,4,0.25,1.84,-423.0,-3.0,54.0,-426.0
Milica,Partizan Esports,EBL,Mid,EPL,12,0.167,2.51,-481.0,-5.0,54.0,-486.0
Madly,Comanchero Gaming,TSC,Top,EPL,10,0.4,1.7,-524.0,6.0,54.0,-518.0
Leo D Aras,Wild Panthers Esports,GLL,Support,EPL,2,0.5,2.83,-622.0,-2.0,54.0,-624.0
Colamax,Partizan Esports,EBL,Jungle,EPL,2,0.0,2.0,-835.0,-1.0,54.0,-836.0
Zaremba,SNOOZE Esports,ESLOL,Support,ESLOL BLX Masters · playoffs,17,0.765,4.2,14.0,6.0,54.0,20.0
Seal,Myth Esports,ESLOL,Support,ESLOL BLX Masters · playoffs,7,0.429,2.3,-161.0,2.0,54.0,-159.0
HAWHAW,SNOOZE Esports,ESLOL,Mid,ESLOL BLX Masters · playoffs,17,0.765,4.35,-175.0,6.0,54.0,-169.0
Roshan,SNOOZE Esports,ESLOL,Jungle,ESLOL BLX Masters · playoffs,17,0.765,9.4,-177.0,6.0,54.0,-171.0
choego,SNOOZE Esports,ESLOL,ADC,ESLOL BLX Masters · playoffs,17,0.765,5.96,-197.0,6.0,54.0,-191.0
Vortum,EGN Esports,LPLOL,Top,ESLOL BLX Masters · playoffs,5,0.4,1.55,-215.0,-1.0,54.0,-216.0
Araignée,ZennIT,ESLOL,ADC,ESLOL BLX Masters · playoffs,11,0.727,4.48,-273.0,7.0,54.0,-266.0
Rayzorac,ZennIT,ESLOL,Top,ESLOL BLX Masters · playoffs,11,0.727,5.23,-311.0,7.0,54.0,-304.0
Axo,Jörmungang,ESLOL,Top,ESLOL BLX Masters · playoffs,11,0.727,4.93,-313.0,0.0,54.0,-313.0
Asza,Team Shrimp,ESLOL,ADC,ESLOL BLX Masters · playoffs,17,0.647,3.67,-324.0,2.0,54.0,-322.0
Numandiel,ZennIT,ESLOL,Mid,ESLOL BLX Masters · playoffs,11,0.727,4.17,-335.0,7.0,54.0,-328.0
Dan,Jörmungang,ESLOL,ADC,ESLOL BLX Masters · playoffs,11,0.727,4.18,-351.0,0.0,54.0,-351.0
Hyorai,ZennIT,ESLOL,Support,ESLOL BLX Masters · playoffs,11,0.727,3.24,-362.0,7.0,54.0,-355.0
MaxouTigrou,Jörmungang,ESLOL,Jungle,ESLOL BLX Masters · playoffs,9,0.667,5.04,-356.0,-2.0,54.0,-358.0
Guertas,ZennIT,ESLOL,Jungle,ESLOL BLX Masters · playoffs,11,0.727,5.71,-366.0,7.0,54.0,-359.0
Anthrax,Team Shrimp,ESLOL,Support,ESLOL BLX Masters · playoffs,17,0.647,5.7,-368.0,2.0,54.0,-366.0
Pipibaat,mCon esports,ESLOL,Jungle,ESLOL BLX Masters · playoffs,4,0.25,1.3,-382.0,-0.0,54.0,-382.0
Enva,Top 1 Benelux,ESLOL,Top,ESLOL BLX Masters · playoffs,25,0.6,3.88,-401.0,2.0,54.0,-399.0
ManoloGap,CORE 128,NEXO,Top,ESLOL BLX Masters · playoffs,4,0.25,1.78,-404.0,-0.0,54.0,-404.0
Druust,Jörmungang,ESLOL,Mid,ESLOL BLX Masters · playoffs,11,0.727,2.84,-407.0,0.0,54.0,-407.0
Polychiki,Jörmungang,ESLOL,Support,ESLOL BLX Masters · playoffs,11,0.727,3.16,-427.0,0.0,54.0,-427.0
Chaleureux,Top 1 Benelux,ESLOL,Support,ESLOL BLX Masters · playoffs,25,0.6,2.81,-437.0,2.0,54.0,-435.0
Asta,Top 1 Benelux,ESLOL,Jungle,ESLOL BLX Masters · playoffs,25,0.6,3.1,-450.0,2.0,54.0,-448.0
Ferrari,RQS Esports,ESLOL,Jungle,ESLOL BLX Masters · playoffs,15,0.667,4.28,-454.0,5.0,54.0,-449.0
Tsugara,Top 1 Benelux,ESLOL,Mid,ESLOL BLX Masters · playoffs,25,0.6,3.74,-455.0,2.0,54.0,-453.0
Joekie,Team Shrimp,ESLOL,Jungle,ESLOL BLX Masters · playoffs,11,0.636,3.44,-460.0,1.0,54.0,-459.0
Leks,SNOOZE Esports,ESLOL,Top,ESLOL BLX Masters · playoffs,17,0.765,4.26,-472.0,6.0,54.0,-466.0
FFE Jojonyjohns,Fight For Ever,ESLOL,Support,ESLOL BLX Masters · playoffs,11,0.546,3.44,-468.0,1.0,54.0,-467.0
Baumeef,42 Gaming,NLC,Jungle,ESLOL BLX Masters · playoffs,5,0.4,2.6,-474.0,-1.0,54.0,-475.0
Afriibi,mCon esports,ESLOL,ADC,ESLOL BLX Masters · playoffs,4,0.25,2.41,-476.0,-0.0,54.0,-476.0
John P,Team Shrimp,ESLOL,Top,ESLOL BLX Masters · playoffs,16,0.625,2.92,-479.0,1.0,54.0,-478.0
Stookbeer,Dynasty,ESLOL,Support,ESLOL BLX Masters · playoffs,5,0.4,2.67,-480.0,-1.0,54.0,-481.0
HandiDog,ATK Esports,ESLOL,Top,ESLOL BLX Masters · playoffs,12,0.583,3.25,-481.0,-1.0,54.0,-482.0
Sïgma,Top 1 Benelux,ESLOL,ADC,ESLOL BLX Masters · playoffs,25,0.6,4.34,-487.0,2.0,54.0,-485.0
Zefta,Aurora,ESLOL,Jungle,ESLOL BLX Masters · playoffs,6,0.5,3.5,-488.0,0.0,54.0,-488.0
Bcan,RQS Esports,ESLOL,Mid,ESLOL BLX Masters · playoffs,18,0.556,3.67,-499.0,4.0,54.0,-495.0
Phoenix,Team Shrimp,ESLOL,Top,ESLOL BLX Masters · playoffs,17,0.647,2.58,-501.0,2.0,54.0,-499.0
Marty,mCon esports,ESLOL,Mid,ESLOL BLX Masters · playoffs,4,0.25,3.86,-506.0,-0.0,54.0,-506.0
Eska,Fight For Ever,ESLOL,ADC,ESLOL BLX Masters · playoffs,11,0.546,3.19,-511.0,1.0,54.0,-510.0
Xeltop,Klanik Esport,NL,Mid,ESLOL BLX Masters · playoffs,5,0.4,2.92,-518.0,-0.0,54.0,-518.0
Keycraftsman,RQS Esports,ESLOL,Support,ESLOL BLX Masters · playoffs,18,0.556,2.65,-525.0,4.0,54.0,-521.0
TjaTjonny,RQS Esports,ESLOL,Top,ESLOL BLX Masters · playoffs,18,0.556,2.26,-526.0,4.0,54.0,-522.0
Kweezer,RED OUAT,ESLOL,Jungle,ESLOL BLX Masters · playoffs,23,0.478,3.41,-532.0,1.0,54.0,-531.0
CaviaVampier,RQS Esports,ESLOL,ADC,ESLOL BLX Masters · playoffs,18,0.556,3.21,-536.0,4.0,54.0,-532.0
Blum,Fight For Ever,ESLOL,Jungle,ESLOL BLX Masters · playoffs,11,0.546,2.76,-533.0,1.0,54.0,-532.0
Evangelyne,RED OUAT,ESLOL,ADC,ESLOL BLX Masters · playoffs,23,0.478,4.81,-538.0,1.0,54.0,-537.0
Khaydarin,Aurora,ESLOL,ADC,ESLOL BLX Masters · playoffs,6,0.5,3.79,-543.0,0.0,54.0,-543.0
WindMimiC,ATK Esports,ESLOL,Mid,ESLOL BLX Masters · playoffs,12,0.583,3.76,-550.0,-1.0,54.0,-551.0
MaiYuk,Myth Esports,ESLOL,Top,ESLOL BLX Masters · playoffs,7,0.429,1.7,-562.0,2.0,54.0,-560.0
MikeMoois,24/7 Tower Dive,ESLOL,Mid,ESLOL BLX Masters · playoffs,17,0.471,3.44,-561.0,-1.0,54.0,-562.0
xDrop,Verdant,NLC,ADC,ESLOL BLX Masters · playoffs,5,0.4,2.26,-564.0,-1.0,54.0,-565.0
Galaxynt,RED OUAT,ESLOL,Top,ESLOL BLX Masters · playoffs,23,0.478,2.15,-568.0,1.0,54.0,-567.0
Raphi,RED OUAT,ESLOL,Mid,ESLOL BLX Masters · playoffs,23,0.478,3.18,-574.0,1.0,54.0,-573.0
Sevensen,StriX (Belgian Team),ESLOL,Top,ESLOL BLX Masters · playoffs,11,0.454,3.33,-577.0,-1.0,54.0,-578.0
Diouz,StriX (Belgian Team),ESLOL,Support,ESLOL BLX Masters · playoffs,11,0.454,4.33,-584.0,-1.0,54.0,-585.0
MrHB,A One Man Army,ESLOL,ADC,ESLOL BLX Masters · playoffs,5,0.4,6.1,-604.0,1.0,54.0,-603.0
Karmamani,24/7 Tower Dive,ESLOL,Jungle,ESLOL BLX Masters · playoffs,17,0.471,2.54,-603.0,-1.0,54.0,-604.0
Nausicaä,24/7 Tower Dive,ESLOL,Support,ESLOL BLX Masters · playoffs,11,0.454,3.33,-604.0,-2.0,54.0,-606.0
Freckle,ATK Esports,ESLOL,Jungle,ESLOL BLX Masters · playoffs,12,0.583,3.0,-606.0,-1.0,54.0,-607.0
Franky,Pertinax Esports,ESLOL,Mid,ESLOL BLX Masters · playoffs,6,0.333,3.3,-608.0,-1.0,54.0,-609.0
Mimas,24/7 Tower Dive,ESLOL,ADC,ESLOL BLX Masters · playoffs,17,0.471,3.14,-609.0,-1.0,54.0,-610.0
Garank,RED OUAT,ESLOL,Support,ESLOL BLX Masters · playoffs,23,0.478,2.95,-616.0,1.0,54.0,-615.0
Leolas,A One Man Army,ESLOL,Support,ESLOL BLX Masters · playoffs,5,0.4,2.12,-622.0,1.0,54.0,-621.0
STX Driplex,StriX (Belgian Team),ESLOL,Mid,ESLOL BLX Masters · playoffs,11,0.454,3.02,-627.0,-1.0,54.0,-628.0
Maartendo,24/7 Tower Dive,ESLOL,Top,ESLOL BLX Masters · playoffs,17,0.471,2.0,-628.0,-1.0,54.0,-629.0
STX spleen,StriX (Belgian Team),ESLOL,Jungle,ESLOL BLX Masters · playoffs,11,0.454,2.68,-629.0,-1.0,54.0,-630.0
Slyv3r,Dutch Community Team,ESLOL,ADC,ESLOL BLX Masters · playoffs,6,0.167,2.14,-632.0,-3.0,54.0,-635.0
UniqueCORN,Diamant Esports,EBL,Mid,ESLOL BLX Masters · playoffs,5,0.4,3.6,-637.0,1.0,54.0,-636.0
ScienTrist,Once Upon A Team,ESLOL,Jungle,ESLOL BLX Masters · playoffs,5,0.4,1.94,-646.0,-0.0,54.0,-646.0
STX Legendary,StriX (Belgian Team),ESLOL,ADC,ESLOL BLX Masters · playoffs,11,0.454,2.83,-651.0,-1.0,54.0,-652.0
Dusseldrop,Dutch Community Team,ESLOL,Top,ESLOL BLX Masters · playoffs,6,0.167,1.37,-657.0,-3.0,54.0,-660.0
REVENG,Wild Panthers Esports,GLL,Jungle,ESLOL BLX Masters · playoffs,7,0.429,1.68,-700.0,2.0,54.0,-698.0
jjs156,Once Upon A Team,ESLOL,Top,ESLOL BLX Masters · playoffs,5,0.4,2.12,-723.0,-0.0,54.0,-723.0
Water,Fight For Ever,ESLOL,Mid,ESLOL BLX Masters · playoffs,5,0.6,2.82,-763.0,1.0,54.0,-762.0
Sm0oZi,Once Upon A Team,ESLOL,ADC,ESLOL BLX Masters · playoffs,5,0.4,2.07,-787.0,-0.0,54.0,-787.0
Sn1lle,LUA Gaming,LES,Jungle,ESLOL Spring · playoffs,7,0.857,5.42,-50.0,4.0,54.0,-46.0
Seal,Myth Esports,ESLOL,Support,ESLOL Spring · playoffs,7,0.857,4.56,-161.0,4.0,54.0,-157.0
Wind1,Team UNiTY,HM,Top,ESLOL Spring · playoffs,11,0.546,2.58,-184.0,-1.0,54.0,-185.0
Bung,KRC Genk Esports,ESLOL,ADC,ESLOL Spring · playoffs,7,0.857,8.36,-213.0,4.0,54.0,-209.0
Gakgos,NASR eSports Turkey,TSC,Top,ESLOL Spring · playoffs,4,0.25,1.09,-213.0,-2.0,54.0,-215.0
B Butcher,GnG Amazigh,AL,Support,ESLOL Spring · playoffs,11,0.546,2.91,-225.0,-1.0,54.0,-226.0
Knighter,KRC Genk Esports,ESLOL,Mid,ESLOL Spring · playoffs,7,0.857,6.12,-231.0,4.0,54.0,-227.0
Looca,KRC Genk Esports,ESLOL,Top,ESLOL Spring · playoffs,7,0.857,6.19,-288.0,4.0,54.0,-284.0
Rayzorac,ZennIT,ESLOL,Top,ESLOL Spring · playoffs,8,0.25,1.34,-311.0,-1.0,54.0,-312.0
Hyorai,ZennIT,ESLOL,Support,ESLOL Spring · playoffs,8,0.25,1.93,-362.0,-1.0,54.0,-363.0
Beaupere,ZennIT,ESLOL,Mid,ESLOL Spring · playoffs,8,0.25,2.77,-407.0,-1.0,54.0,-408.0
Sawyor,Fox Gaming,AL,Jungle,ESLOL Spring · playoffs,11,0.546,4.09,-410.0,-1.0,54.0,-411.0
Stookbeer,Dynasty,ESLOL,Support,ESLOL Spring · playoffs,4,0.25,1.9,-480.0,-2.0,54.0,-482.0
StanPelly,ZennIT,ESLOL,Jungle,ESLOL Spring · playoffs,8,0.25,3.12,-497.0,-1.0,54.0,-498.0
Flawed,SNOOZE Esports,ESLOL,Jungle,ESLOL Spring · playoffs,4,0.25,1.8,-500.0,-2.0,54.0,-502.0
Marty,mCon esports,ESLOL,Mid,ESLOL Spring · playoffs,4,0.25,3.7,-506.0,-2.0,54.0,-508.0
kehvo,Anonymo Esports,UL,ADC,ESLOL Spring · playoffs,11,0.546,4.12,-533.0,-1.0,54.0,-534.0
pump,Anonymo Esports,UL,Mid,ESLOL Spring · playoffs,11,0.546,3.21,-573.0,-1.0,54.0,-574.0
Slyv3r,Dutch Community Team,ESLOL,ADC,ESLOL Spring · playoffs,4,0.25,2.67,-632.0,-2.0,54.0,-634.0
Dimeh,ZennIT,ESLOL,ADC,ESLOL Spring · playoffs,8,0.25,2.81,-648.0,-1.0,54.0,-649.0
Sn1lle,LUA Gaming,LES,Jungle,ESLOL Spring · saison régulière,13,0.923,8.71,-50.0,3.0,54.0,-47.0
Seal,Myth Esports,ESLOL,Support,ESLOL Spring · saison régulière,13,0.923,13.6,-161.0,3.0,54.0,-158.0
XnS,BoostGate Esports,TCL,Jungle,ESLOL Spring · saison régulière,13,0.308,3.21,-173.0,-4.0,54.0,-177.0
Wind1,Team UNiTY,HM,Top,ESLOL Spring · saison régulière,12,0.667,4.1,-184.0,3.0,54.0,-181.0
Kokos,Myth Esports,ESLOL,Jungle,ESLOL Spring · saison régulière,14,0.571,3.44,-206.0,-0.0,54.0,-206.0
Gakgos,NASR eSports Turkey,TSC,Top,ESLOL Spring · saison régulière,13,0.615,3.35,-213.0,5.0,54.0,-208.0
Bung,KRC Genk Esports,ESLOL,ADC,ESLOL Spring · saison régulière,13,0.923,13.54,-213.0,3.0,54.0,-210.0
B Butcher,GnG Amazigh,AL,Support,ESLOL Spring · saison régulière,13,0.615,5.13,-225.0,1.0,54.0,-224.0
Knighter,KRC Genk Esports,ESLOL,Mid,ESLOL Spring · saison régulière,13,0.923,6.35,-231.0,3.0,54.0,-228.0
Looca,KRC Genk Esports,ESLOL,Top,ESLOL Spring · saison régulière,13,0.923,5.18,-288.0,3.0,54.0,-285.0
Rayzorac,ZennIT,ESLOL,Top,ESLOL Spring · saison régulière,14,0.643,5.28,-311.0,2.0,54.0,-309.0
Hyorai,ZennIT,ESLOL,Support,ESLOL Spring · saison régulière,13,0.692,3.61,-362.0,4.0,54.0,-358.0
Baul,Nativz,NLC,Support,ESLOL Spring · saison régulière,14,0.571,3.08,-366.0,-0.0,54.0,-366.0
Beaupere,ZennIT,ESLOL,Mid,ESLOL Spring · saison régulière,12,0.667,4.13,-407.0,3.0,54.0,-404.0
Sawyor,Fox Gaming,AL,Jungle,ESLOL Spring · saison régulière,13,0.615,4.22,-410.0,1.0,54.0,-409.0
Soldier,EGN Esports,LPLOL,ADC,ESLOL Spring · saison régulière,13,0.308,2.85,-407.0,-4.0,54.0,-411.0
Stookbeer,Dynasty,ESLOL,Support,ESLOL Spring · saison régulière,13,0.615,3.04,-480.0,5.0,54.0,-475.0
Leks,SNOOZE Esports,ESLOL,Top,ESLOL Spring · saison régulière,13,0.308,2.3,-472.0,-4.0,54.0,-476.0
Flawed,SNOOZE Esports,ESLOL,Jungle,ESLOL Spring · saison régulière,13,0.615,3.23,-500.0,5.0,54.0,-495.0
StanPelly,ZennIT,ESLOL,Jungle,ESLOL Spring · saison régulière,14,0.643,3.73,-497.0,2.0,54.0,-495.0
Marty,mCon esports,ESLOL,Mid,ESLOL Spring · saison régulière,13,0.615,5.8,-506.0,5.0,54.0,-501.0
Aliplane,Myth Esports,ESLOL,ADC,ESLOL Spring · saison régulière,14,0.571,5.48,-503.0,-0.0,54.0,-503.0
Mettoe,Myth Esports,ESLOL,Mid,ESLOL Spring · saison régulière,14,0.571,5.31,-506.0,-0.0,54.0,-506.0
kehvo,Anonymo Esports,UL,ADC,ESLOL Spring · saison régulière,13,0.615,5.76,-533.0,1.0,54.0,-532.0
pump,Anonymo Esports,UL,Mid,ESLOL Spring · saison régulière,13,0.615,4.28,-573.0,1.0,54.0,-572.0
Garank,RED OUAT,ESLOL,Support,ESLOL Spring · saison régulière,1,0.0,0.7,-616.0,-3.0,54.0,-619.0
Slyv3r,Dutch Community Team,ESLOL,ADC,ESLOL Spring · saison régulière,13,0.615,4.15,-632.0,5.0,54.0,-627.0
Dimeh,ZennIT,ESLOL,ADC,ESLOL Spring · saison régulière,14,0.643,4.29,-648.0,2.0,54.0,-646.0
Dusseldrop,Dutch Community Team,ESLOL,Top,ESLOL Spring · saison régulière,14,0.571,3.51,-657.0,-0.0,54.0,-657.0
Kolios,Once Upon A Team,ESLOL,Support,ESLOL Spring · saison régulière,14,0.214,1.74,-684.0,-1.0,54.0,-685.0
Hummelu,Dynasty,ESLOL,Jungle,ESLOL Spring · saison régulière,14,0.071,1.56,-714.0,-4.0,54.0,-718.0
Lykki,Once Upon A Team,ESLOL,Jungle,ESLOL Spring · saison régulière,10,0.2,1.89,-719.0,0.0,54.0,-719.0
Moosey,A One Man Army,ESLOL,Support,ESLOL Spring · saison régulière,14,0.071,1.54,-740.0,-4.0,54.0,-744.0
bucu,SNOOZE Esports,ESLOL,Mid,ESLOL Spring · saison régulière,13,0.308,2.55,-753.0,-4.0,54.0,-757.0
Water,Fight For Ever,ESLOL,Mid,ESLOL Spring · saison régulière,14,0.214,2.15,-763.0,-1.0,54.0,-764.0
Revo,Once Upon A Team,ESLOL,Top,ESLOL Spring · saison régulière,14,0.214,1.56,-773.0,-1.0,54.0,-774.0
Nilsog,Once Upon A Team,ESLOL,ADC,ESLOL Spring · saison régulière,14,0.214,2.2,-783.0,-1.0,54.0,-784.0
Hasagi,SPIKE Syndicate,EBL,Top,ESLOL Spring · saison régulière,14,0.071,1.55,-796.0,-4.0,54.0,-800.0
Criptik,Dynasty,ESLOL,ADC,ESLOL Spring · saison régulière,14,0.071,2.29,-863.0,-4.0,54.0,-867.0
CR0WN,Dynasty,ESLOL,Mid,ESLOL Spring · saison régulière,14,0.071,1.45,-865.0,-4.0,54.0,-869.0
Gremy,KRC Genk Esports,ESLOL,Jungle,ESLOL Spring · saison régulière,11,0.364,1.59,-1013.0,-2.0,54.0,-1015.0
Seal,Myth Esports,ESLOL,Support,ESLOL Summer · playoffs,13,0.538,3.41,-161.0,-1.0,54.0,-162.0
Septico1,Myth Esports,ESLOL,Top,ESLOL Summer · playoffs,8,0.5,2.33,-192.0,2.0,54.0,-190.0
Araignée,ZennIT,ESLOL,ADC,ESLOL Summer · playoffs,9,0.556,4.92,-273.0,3.0,54.0,-270.0
Rayzorac,ZennIT,ESLOL,Top,ESLOL Summer · playoffs,9,0.556,6.43,-311.0,3.0,54.0,-308.0
Hyorai,ZennIT,ESLOL,Support,ESLOL Summer · playoffs,9,0.556,2.35,-362.0,3.0,54.0,-359.0
Guertas,ZennIT,ESLOL,Jungle,ESLOL Summer · playoffs,9,0.556,4.43,-366.0,3.0,54.0,-363.0
Mahonix,Myth Esports,ESLOL,Support,ESLOL Summer · playoffs,8,0.5,3.2,-374.0,2.0,54.0,-372.0
Pipibaat,mCon esports,ESLOL,Jungle,ESLOL Summer · playoffs,13,0.538,3.53,-382.0,-1.0,54.0,-383.0
Beaupere,ZennIT,ESLOL,Mid,ESLOL Summer · playoffs,9,0.556,4.08,-407.0,3.0,54.0,-404.0
Robba,mCon esports,ESLOL,Top,ESLOL Summer · playoffs,13,0.538,2.64,-410.0,-1.0,54.0,-411.0
Aeon,SNOOZE Esports,ESLOL,ADC,ESLOL Summer · playoffs,4,0.25,2.39,-423.0,-3.0,54.0,-426.0
Toffe,mCon esports,ESLOL,Mid,ESLOL Summer · playoffs,13,0.538,4.07,-432.0,-1.0,54.0,-433.0
Anonymouss,Myth Esports,ESLOL,Jungle,ESLOL Summer · playoffs,8,0.5,3.75,-449.0,2.0,54.0,-447.0
Crisma,SNOOZE Esports,ESLOL,Support,ESLOL Summer · playoffs,4,0.25,1.77,-462.0,-3.0,54.0,-465.0
Mean,Myth Esports,ESLOL,ADC,ESLOL Summer · playoffs,8,0.5,3.07,-470.0,2.0,54.0,-468.0
Leks,SNOOZE Esports,ESLOL,Top,ESLOL Summer · playoffs,4,0.25,3.1,-472.0,-3.0,54.0,-475.0
Afriibi,mCon esports,ESLOL,ADC,ESLOL Summer · playoffs,13,0.538,3.58,-476.0,-1.0,54.0,-477.0
LorLor,Myth Esports,ESLOL,Mid,ESLOL Summer · playoffs,8,0.5,2.67,-480.0,2.0,54.0,-478.0
Flawed,SNOOZE Esports,ESLOL,Jungle,ESLOL Summer · playoffs,4,0.25,1.89,-500.0,-3.0,54.0,-503.0
Heroic,SNOOZE Esports,ESLOL,Mid,ESLOL Summer · playoffs,4,0.25,1.85,-550.0,-3.0,54.0,-553.0
Seal,Myth Esports,ESLOL,Support,ESLOL Summer · saison régulière,14,0.786,5.26,-161.0,5.0,54.0,-156.0
Septico1,Myth Esports,ESLOL,Top,ESLOL Summer · saison régulière,14,0.786,3.3,-192.0,2.0,54.0,-190.0
Nan0,A One Man Army,ESLOL,Mid,ESLOL Summer · saison régulière,14,0.5,5.45,-225.0,-1.0,54.0,-226.0
Araignée,ZennIT,ESLOL,ADC,ESLOL Summer · saison régulière,4,0.75,4.7,-273.0,2.0,54.0,-271.0
Rayzorac,ZennIT,ESLOL,Top,ESLOL Summer · saison régulière,14,0.643,4.26,-311.0,-3.0,54.0,-314.0
Hyorai,ZennIT,ESLOL,Support,ESLOL Summer · saison régulière,14,0.643,3.32,-362.0,-3.0,54.0,-365.0
Guertas,ZennIT,ESLOL,Jungle,ESLOL Summer · saison régulière,14,0.643,4.4,-366.0,-3.0,54.0,-369.0
Mahonix,Myth Esports,ESLOL,Support,ESLOL Summer · saison régulière,14,0.786,5.14,-374.0,2.0,54.0,-372.0
Pipibaat,mCon esports,ESLOL,Jungle,ESLOL Summer · saison régulière,14,0.786,6.12,-382.0,5.0,54.0,-377.0
Robba,mCon esports,ESLOL,Top,ESLOL Summer · saison régulière,14,0.786,3.43,-410.0,5.0,54.0,-405.0
Beaupere,ZennIT,ESLOL,Mid,ESLOL Summer · saison régulière,14,0.643,6.21,-407.0,-3.0,54.0,-410.0
Aeon,SNOOZE Esports,ESLOL,ADC,ESLOL Summer · saison régulière,14,0.571,7.04,-423.0,2.0,54.0,-421.0
Toffe,mCon esports,ESLOL,Mid,ESLOL Summer · saison régulière,14,0.786,5.81,-432.0,5.0,54.0,-427.0
Anonymouss,Myth Esports,ESLOL,Jungle,ESLOL Summer · saison régulière,14,0.786,4.45,-449.0,2.0,54.0,-447.0
Rexat,42 Gaming,NLC,Support,ESLOL Summer · saison régulière,2,0.5,5.0,-456.0,-0.0,54.0,-456.0
Crisma,SNOOZE Esports,ESLOL,Support,ESLOL Summer · saison régulière,7,0.714,3.77,-462.0,5.0,54.0,-457.0
Mean,Myth Esports,ESLOL,ADC,ESLOL Summer · saison régulière,14,0.786,4.93,-470.0,2.0,54.0,-468.0
Leks,SNOOZE Esports,ESLOL,Top,ESLOL Summer · saison régulière,14,0.571,4.19,-472.0,2.0,54.0,-470.0
Afriibi,mCon esports,ESLOL,ADC,ESLOL Summer · saison régulière,14,0.786,4.69,-476.0,5.0,54.0,-471.0
Fluffy,Dynasty,ESLOL,Jungle,ESLOL Summer · saison régulière,14,0.5,3.98,-476.0,0.0,54.0,-476.0
LorLor,Myth Esports,ESLOL,Mid,ESLOL Summer · saison régulière,14,0.786,3.76,-480.0,2.0,54.0,-478.0
Stookbeer,Dynasty,ESLOL,Support,ESLOL Summer · saison régulière,12,0.5,3.45,-480.0,0.0,54.0,-480.0
Flawed,SNOOZE Esports,ESLOL,Jungle,ESLOL Summer · saison régulière,14,0.571,4.17,-500.0,2.0,54.0,-498.0
Marty,mCon esports,ESLOL,Mid,ESLOL Summer · saison régulière,14,0.5,6.67,-506.0,0.0,54.0,-506.0
Mauki,A One Man Army,ESLOL,ADC,ESLOL Summer · saison régulière,14,0.5,5.31,-513.0,-1.0,54.0,-514.0
Heroic,SNOOZE Esports,ESLOL,Mid,ESLOL Summer · saison régulière,14,0.571,4.11,-550.0,2.0,54.0,-548.0
MaiYuk,Myth Esports,ESLOL,Top,ESLOL Summer · saison régulière,14,0.5,2.34,-562.0,0.0,54.0,-562.0
Jaguar,A One Man Army,ESLOL,Top,ESLOL Summer · saison régulière,14,0.5,2.07,-563.0,-1.0,54.0,-564.0
Deletus,A One Man Army,ESLOL,Jungle,ESLOL Summer · saison régulière,14,0.5,3.91,-582.0,-1.0,54.0,-583.0
Slyv3r,Dutch Community Team,ESLOL,ADC,ESLOL Summer · saison régulière,12,0.417,4.12,-632.0,-1.0,54.0,-633.0
Dimeh,ZennIT,ESLOL,ADC,ESLOL Summer · saison régulière,10,0.6,4.22,-648.0,-5.0,54.0,-653.0
jjs156,Once Upon A Team,ESLOL,Top,ESLOL Summer · saison régulière,12,0.25,1.36,-723.0,-1.0,54.0,-724.0
Lyrokun,Once Upon A Team,ESLOL,Support,ESLOL Summer · saison régulière,14,0.214,2.17,-730.0,-3.0,54.0,-733.0
Moosey,A One Man Army,ESLOL,Support,ESLOL Summer · saison régulière,14,0.5,2.96,-740.0,-1.0,54.0,-741.0
Sm0oZi,Once Upon A Team,ESLOL,ADC,ESLOL Summer · saison régulière,14,0.214,2.36,-787.0,-3.0,54.0,-790.0
Monstrob,Once Upon A Team,ESLOL,Mid,ESLOL Summer · saison régulière,14,0.214,1.54,-788.0,-3.0,54.0,-791.0
Woldjo,Once Upon A Team,ESLOL,Jungle,ESLOL Summer · saison régulière,14,0.214,1.9,-843.0,-3.0,54.0,-846.0
Cisse,KRC Genk Esports,ESLOL,Support,ESLOL Summer · saison régulière,13,0.0,0.92,-934.0,-3.0,54.0,-937.0
Unchainedd,KRC Genk Esports,ESLOL,ADC,ESLOL Summer · saison régulière,14,0.0,0.73,-1006.0,-3.0,54.0,-1009.0
Gremy,KRC Genk Esports,ESLOL,Jungle,ESLOL Summer · saison régulière,14,0.0,1.16,-1013.0,-3.0,54.0,-1016.0
DrSaw,KRC Genk Esports,ESLOL,Top,ESLOL Summer · saison régulière,14,0.0,0.43,-1078.0,-3.0,54.0,-1081.0
BramGyBhoo,KRC Genk Esports,ESLOL,Mid,ESLOL Summer · saison régulière,14,0.0,0.66,-1078.0,-3.0,54.0,-1081.0
Axo,Jörmungang,ESLOL,Top,ESLOL · saison régulière,6,1.0,2.76,-313.0,2.0,54.0,-311.0
Dan,Jörmungang,ESLOL,ADC,ESLOL · saison régulière,6,1.0,6.77,-351.0,2.0,54.0,-349.0
MaxouTigrou,Jörmungang,ESLOL,Jungle,ESLOL · saison régulière,6,1.0,8.3,-356.0,2.0,54.0,-354.0
WNTR,Lundqvist Lightside,NLC Aurora Open,Top,ESLOL · saison régulière,8,0.625,4.5,-355.0,-1.0,54.0,-356.0
Druust,Jörmungang,ESLOL,Mid,ESLOL · saison régulière,6,1.0,7.88,-407.0,2.0,54.0,-405.0
Polychiki,Jörmungang,ESLOL,Support,ESLOL · saison régulière,6,1.0,2.93,-427.0,2.0,54.0,-425.0
Zefta,Aurora,ESLOL,Jungle,ESLOL · saison régulière,8,0.625,5.7,-488.0,-1.0,54.0,-489.0
sheol,Pertinax Esports,ESLOL,Top,ESLOL · saison régulière,11,0.273,2.04,-519.0,1.0,54.0,-518.0
Khaydarin,Aurora,ESLOL,ADC,ESLOL · saison régulière,8,0.625,4.78,-543.0,-1.0,54.0,-544.0
MrHB,A One Man Army,ESLOL,ADC,ESLOL · saison régulière,11,0.273,2.56,-604.0,1.0,54.0,-603.0
Franky,Pertinax Esports,ESLOL,Mid,ESLOL · saison régulière,11,0.273,4.19,-608.0,1.0,54.0,-607.0
Leolas,A One Man Army,ESLOL,Support,ESLOL · saison régulière,11,0.273,2.04,-622.0,1.0,54.0,-621.0
ScienTrist,Once Upon A Team,ESLOL,Jungle,ESLOL · saison régulière,11,0.273,2.34,-646.0,1.0,54.0,-645.0
Kiin,Gen.G,LCK,Top,Esports World Cup · playoffs,2,0.0,0.62,1053.0,-5.0,54.0,1048.0
Canyon,Gen.G,LCK,Jungle,Esports World Cup · playoffs,2,0.0,1.83,1049.0,-5.0,54.0,1044.0
Chovy,Gen.G,LCK,Mid,Esports World Cup · playoffs,2,0.0,1.0,1024.0,-5.0,54.0,1019.0
Knight,Bilibili Gaming,LPL,Mid,Esports World Cup · playoffs,3,0.333,3.0,984.0,-2.0,54.0,982.0
Peyz,Gen.G,LCK,ADC,Esports World Cup · playoffs,2,0.0,1.71,979.0,-5.0,54.0,974.0
Elk,Bilibili Gaming,LPL,ADC,Esports World Cup · playoffs,3,0.333,4.33,971.0,-2.0,54.0,969.0
ON,Bilibili Gaming,LPL,Support,Esports World Cup · playoffs,3,0.333,2.27,970.0,-2.0,54.0,968.0
Keria,T1,LCK,Support,Esports World Cup · playoffs,10,0.7,4.48,936.0,4.0,54.0,940.0
Bin,Bilibili Gaming,LPL,Top,Esports World Cup · playoffs,3,0.333,2.3,941.0,-2.0,54.0,939.0
Faker,T1,LCK,Mid,Esports World Cup · playoffs,10,0.7,5.06,900.0,4.0,54.0,904.0
Creme,Top Esports,LPL,Mid,Esports World Cup · playoffs,8,0.625,5.15,898.0,3.0,54.0,901.0
Zeus,T1,LCK,Top,Esports World Cup · playoffs,10,0.7,2.63,894.0,4.0,54.0,898.0
Gumayusi,T1,LCK,ADC,Esports World Cup · playoffs,10,0.7,5.28,893.0,4.0,54.0,897.0
Meiko,Top Esports,LPL,Support,Esports World Cup · playoffs,8,0.625,3.32,887.0,3.0,54.0,890.0
Tian,Top Esports,LPL,Jungle,Esports World Cup · playoffs,8,0.625,4.28,885.0,3.0,54.0,888.0
369,Top Esports,LPL,Top,Esports World Cup · playoffs,8,0.625,2.94,881.0,3.0,54.0,884.0
JackeyLove,Top Esports,LPL,ADC,Esports World Cup · playoffs,8,0.625,4.11,869.0,3.0,54.0,872.0
Oner,T1,LCK,Jungle,Esports World Cup · playoffs,10,0.7,6.22,830.0,4.0,54.0,834.0
Lehends,Gen.G,LCK,Support,Esports World Cup · playoffs,2,0.0,0.31,825.0,-5.0,54.0,820.0
Xun,Bilibili Gaming,LPL,Jungle,Esports World Cup · playoffs,3,0.333,1.54,778.0,-2.0,54.0,776.0
Caps,G2 Esports,LEC,Mid,Esports World Cup · playoffs,5,0.4,3.07,771.0,-2.0,54.0,769.0
Yike,G2 Esports,LEC,Jungle,Esports World Cup · playoffs,5,0.4,2.71,754.0,-2.0,54.0,752.0
BrokenBlade,G2 Esports,LEC,Top,Esports World Cup · playoffs,5,0.4,3.57,754.0,-2.0,54.0,752.0
Hans Sama,G2 Esports,LEC,ADC,Esports World Cup · playoffs,5,0.4,2.47,751.0,-2.0,54.0,749.0
Mikyx,G2 Esports,LEC,Support,Esports World Cup · playoffs,5,0.4,2.27,735.0,-2.0,54.0,733.0
APA,Team Liquid,LCS,Mid,Esports World Cup · playoffs,5,0.6,8.57,684.0,6.0,54.0,690.0
Inspired,FlyQuest,LCS,Jungle,Esports World Cup · playoffs,3,0.333,2.91,679.0,-1.0,54.0,678.0
CoreJJ,Team Liquid,LCS,Support,Esports World Cup · playoffs,5,0.6,4.57,652.0,6.0,54.0,658.0
Massu,FlyQuest,LCS,ADC,Esports World Cup · playoffs,3,0.333,4.12,654.0,-1.0,54.0,653.0
Razork,Fnatic,LEC,Jungle,Esports World Cup · playoffs,2,0.0,2.67,653.0,-3.0,54.0,650.0
Bwipo,FlyQuest,LCS,Top,Esports World Cup · playoffs,3,0.333,1.62,649.0,-1.0,54.0,648.0
Busio,FlyQuest,LCS,Support,Esports World Cup · playoffs,3,0.333,1.86,644.0,-1.0,54.0,643.0
Oscarinin,Fnatic,LEC,Top,Esports World Cup · playoffs,2,0.0,2.12,642.0,-3.0,54.0,639.0
Yeon,Team Liquid,LCS,ADC,Esports World Cup · playoffs,5,0.6,4.91,630.0,6.0,54.0,636.0
UmTi,Team Liquid,LCS,Jungle,Esports World Cup · playoffs,5,0.6,3.5,628.0,6.0,54.0,634.0
Jun,Fnatic,LEC,Support,Esports World Cup · playoffs,2,0.0,1.75,636.0,-3.0,54.0,633.0
Humanoid,Fnatic,LEC,Mid,Esports World Cup · playoffs,2,0.0,2.33,636.0,-3.0,54.0,633.0
Noah,Fnatic,LEC,ADC,Esports World Cup · playoffs,2,0.0,1.9,633.0,-3.0,54.0,630.0
Impact,Team Liquid,LCS,Top,Esports World Cup · playoffs,5,0.6,2.76,614.0,6.0,54.0,620.0
Quad,FlyQuest,LCS,Mid,Esports World Cup · playoffs,3,0.333,3.11,604.0,-1.0,54.0,603.0
Vaynedeta,Team Phantasma,GLL,ADC,GLL Spring · playoffs,11,0.636,4.43,21.0,4.0,54.0,25.0
Peppe,Team Phantasma,GLL,Mid,GLL Spring · playoffs,11,0.636,5.2,16.0,4.0,54.0,20.0
RAMES,Nigma Galaxy,AL,Jungle,GLL Spring · playoffs,11,0.636,4.71,-11.0,4.0,54.0,-7.0
iLEVI,Anorthosis Famagusta Esports,GLL,Support,GLL Spring · playoffs,8,0.5,2.56,-19.0,-1.0,54.0,-20.0
Papiteero,Anorthosis Famagusta Esports,GLL,Top,GLL Spring · playoffs,8,0.5,3.32,-28.0,-1.0,54.0,-29.0
Furuy,Anorthosis Famagusta Esports,GLL,Mid,GLL Spring · playoffs,8,0.5,3.54,-34.0,-1.0,54.0,-35.0
HungryPanda,Team Phantasma,GLL,Support,GLL Spring · playoffs,11,0.636,2.82,-54.0,4.0,54.0,-50.0
Kituruken,Ruddy Corporation,NLC,Jungle,GLL Spring · playoffs,7,0.429,1.84,-126.0,-3.0,54.0,-129.0
GOLDENTO4ST,Gamespace Mediterranean College Esports,GLL,ADC,GLL Spring · playoffs,8,0.5,5.15,-129.0,-1.0,54.0,-130.0
Xeonerr,Forsaken,UL,Jungle,GLL Spring · playoffs,4,0.25,3.75,-162.0,-1.0,54.0,-163.0
HAWHAW,SNOOZE Esports,ESLOL,Mid,GLL Spring · playoffs,7,0.429,2.7,-175.0,-3.0,54.0,-178.0
Nash,Guasones,LES,Support,GLL Spring · playoffs,7,0.429,2.03,-179.0,-3.0,54.0,-182.0
Stormax,Partizan Esports,EBL,Jungle,GLL Spring · playoffs,8,0.5,4.38,-192.0,-1.0,54.0,-193.0
Kackos,Gamespace Mediterranean College Esports,GLL,Top,GLL Spring · playoffs,7,0.429,2.3,-212.0,-3.0,54.0,-215.0
XoNix,aNc Outplayed,LIT,Mid,GLL Spring · playoffs,4,0.25,4.38,-308.0,-1.0,54.0,-309.0
Bananitoo,WLGaming Esports,GLL,Support,GLL Spring · playoffs,4,0.25,3.0,-366.0,-1.0,54.0,-367.0
Jeyrus,WLGaming Esports,GLL,ADC,GLL Spring · playoffs,4,0.25,3.27,-374.0,-1.0,54.0,-375.0
IceBreaker,Gamespace Mediterranean College Esports,GLL,Top,GLL Spring · playoffs,4,0.25,1.62,-394.0,-1.0,54.0,-395.0
klowny,Atleta Esport,LIT,Top,GLL Spring · playoffs,11,0.636,3.45,-406.0,4.0,54.0,-402.0
Aeon,SNOOZE Esports,ESLOL,ADC,GLL Spring · playoffs,7,0.429,3.41,-423.0,-3.0,54.0,-426.0
Time,Veni Vidi Vici,LES,Jungle,GLL Spring · saison régulière,10,0.5,3.17,296.0,-3.0,54.0,293.0
Vaynedeta,Team Phantasma,GLL,ADC,GLL Spring · saison régulière,14,0.714,5.68,21.0,-5.0,54.0,16.0
Peppe,Team Phantasma,GLL,Mid,GLL Spring · saison régulière,14,0.714,4.94,16.0,-5.0,54.0,11.0
RAMES,Nigma Galaxy,AL,Jungle,GLL Spring · saison régulière,10,0.9,7.23,-11.0,3.0,54.0,-8.0
iLEVI,Anorthosis Famagusta Esports,GLL,Support,GLL Spring · saison régulière,14,0.857,5.86,-19.0,9.0,54.0,-10.0
Papiteero,Anorthosis Famagusta Esports,GLL,Top,GLL Spring · saison régulière,14,0.857,7.1,-28.0,9.0,54.0,-19.0
Furuy,Anorthosis Famagusta Esports,GLL,Mid,GLL Spring · saison régulière,14,0.857,9.74,-34.0,9.0,54.0,-25.0
HungryPanda,Team Phantasma,GLL,Support,GLL Spring · saison régulière,14,0.714,2.78,-54.0,-5.0,54.0,-59.0
GOLDENTO4ST,Gamespace Mediterranean College Esports,GLL,ADC,GLL Spring · saison régulière,14,0.857,6.78,-129.0,9.0,54.0,-120.0
Kituruken,Ruddy Corporation,NLC,Jungle,GLL Spring · saison régulière,6,0.833,3.09,-126.0,5.0,54.0,-121.0
Nino,Team Insidious,GLL,Top,GLL Spring · saison régulière,11,0.364,1.92,-148.0,-1.0,54.0,-149.0
Xeonerr,Forsaken,UL,Jungle,GLL Spring · saison régulière,4,0.5,2.48,-162.0,1.0,54.0,-161.0
HAWHAW,SNOOZE Esports,ESLOL,Mid,GLL Spring · saison régulière,14,0.714,5.18,-175.0,6.0,54.0,-169.0
Nash,Guasones,LES,Support,GLL Spring · saison régulière,14,0.714,4.84,-179.0,6.0,54.0,-173.0
Stormax,Partizan Esports,EBL,Jungle,GLL Spring · saison régulière,14,0.857,6.52,-192.0,9.0,54.0,-183.0
Libra,WLGaming Esports,GLL,Top,GLL Spring · saison régulière,14,0.286,2.04,-197.0,-2.0,54.0,-199.0
Kackos,Gamespace Mediterranean College Esports,GLL,Top,GLL Spring · saison régulière,14,0.714,3.46,-212.0,6.0,54.0,-206.0
XoNix,aNc Outplayed,LIT,Mid,GLL Spring · saison régulière,14,0.5,4.53,-308.0,-2.0,54.0,-310.0
Zapdo,Anubis Gaming,AL,Jungle,GLL Spring · saison régulière,4,0.25,2.18,-319.0,-8.0,54.0,-327.0
Calmsky,Verdant,NLC,Support,GLL Spring · saison régulière,13,0.308,2.63,-329.0,-2.0,54.0,-331.0
Nikolex,The ParadOx Invaders,GLL,Jungle,GLL Spring · saison régulière,8,0.625,3.55,-357.0,0.0,54.0,-357.0
Sirinox,Wild Panthers Esports,GLL,ADC,GLL Spring · saison régulière,14,0.286,3.88,-360.0,0.0,54.0,-360.0
Bananitoo,WLGaming Esports,GLL,Support,GLL Spring · saison régulière,14,0.5,3.74,-366.0,-2.0,54.0,-368.0
Jeyrus,WLGaming Esports,GLL,ADC,GLL Spring · saison régulière,14,0.5,5.97,-374.0,-2.0,54.0,-376.0
IceBreaker,Gamespace Mediterranean College Esports,GLL,Top,GLL Spring · saison régulière,14,0.5,3.27,-394.0,-2.0,54.0,-396.0
Pallet,Team Refuse,GLL,Jungle,GLL Spring · saison régulière,13,0.308,2.16,-407.0,-2.0,54.0,-409.0
klowny,Atleta Esport,LIT,Top,GLL Spring · saison régulière,14,0.714,3.19,-406.0,-5.0,54.0,-411.0
Aeon,SNOOZE Esports,ESLOL,ADC,GLL Spring · saison régulière,14,0.714,6.23,-423.0,6.0,54.0,-417.0
Chova,The ParadOx Invaders,GLL,Support,GLL Spring · saison régulière,10,0.3,2.22,-435.0,2.0,54.0,-433.0
DANKI,Team Refuse,GLL,Top,GLL Spring · saison régulière,13,0.308,2.62,-438.0,-2.0,54.0,-440.0
yanjee,Hurricane of Feathers,LPLOL,Jungle,GLL Spring · saison régulière,10,0.3,2.39,-451.0,2.0,54.0,-449.0
MrPhant0m,Zerolag Esports,GLL,ADC,GLL Spring · saison régulière,7,0.286,2.39,-458.0,-3.0,54.0,-461.0
Humble,Wild Panthers Esports,GLL,ADC,GLL Spring · saison régulière,13,0.308,2.41,-463.0,-2.0,54.0,-465.0
JohnGiannis,The ParadOx Invaders,GLL,Top,GLL Spring · saison régulière,14,0.286,2.95,-478.0,0.0,54.0,-478.0
Kamyta,Hurricane of Feathers,LPLOL,Support,GLL Spring · saison régulière,14,0.286,3.4,-492.0,-2.0,54.0,-494.0
MetroArcher,Team Legion,GLL,ADC,GLL Spring · saison régulière,14,0.286,2.24,-499.0,-2.0,54.0,-501.0
Jimsnop,The ParadOx Invaders,GLL,Mid,GLL Spring · saison régulière,14,0.286,2.88,-502.0,-2.0,54.0,-504.0
ZaFiR,Zerolag Esports,GLL,Support,GLL Spring · saison régulière,13,0.308,2.33,-509.0,-4.0,54.0,-513.0
Heroic,SNOOZE Esports,ESLOL,Mid,GLL Spring · saison régulière,13,0.308,2.39,-550.0,-4.0,54.0,-554.0
Deletus,A One Man Army,ESLOL,Jungle,GLL Spring · saison régulière,4,0.25,1.5,-582.0,-4.0,54.0,-586.0
Freazy,Zerolag Esports,GLL,Mid,GLL Spring · saison régulière,13,0.308,2.62,-614.0,-2.0,54.0,-616.0
GaraXy,Ankora Gaming,EBL,Jungle,GLL Spring · saison régulière,4,0.5,2.27,-681.0,2.0,54.0,-679.0
REVENG,Wild Panthers Esports,GLL,Jungle,GLL Spring · saison régulière,14,0.286,1.75,-700.0,-2.0,54.0,-702.0
Hades2,Maverix,HM,Jungle,GLL Spring · saison régulière,5,0.2,1.24,-732.0,-2.0,54.0,-734.0
Faded,Ankora Gaming,EBL,Mid,GLL Spring · saison régulière,14,0.286,2.89,-751.0,0.0,54.0,-751.0
NuQ,Team Phantasma,GLL,Top,GLL Summer · playoffs,7,0.857,2.67,147.0,4.0,54.0,151.0
Manaty,Team Phantasma,GLL,Jungle,GLL Summer · playoffs,7,0.857,6.24,111.0,4.0,54.0,115.0
Vaynedeta,Team Phantasma,GLL,ADC,GLL Summer · playoffs,7,0.857,7.5,21.0,4.0,54.0,25.0
Peppe,Team Phantasma,GLL,Mid,GLL Summer · playoffs,7,0.857,4.42,16.0,4.0,54.0,20.0
iLEVI,Anorthosis Famagusta Esports,GLL,Support,GLL Summer · playoffs,10,0.4,2.72,-19.0,0.0,54.0,-19.0
Papiteero,Anorthosis Famagusta Esports,GLL,Top,GLL Summer · playoffs,10,0.4,2.55,-28.0,0.0,54.0,-28.0
HungryPanda,Team Phantasma,GLL,Support,GLL Summer · playoffs,7,0.857,2.4,-54.0,4.0,54.0,-50.0
Noodle,Verdant,NLC Aurora Open,Jungle,GLL Summer · playoffs,10,0.4,4.0,-53.0,0.0,54.0,-53.0
GOLDENTO4ST,Gamespace Mediterranean College Esports,GLL,ADC,GLL Summer · playoffs,4,0.25,3.07,-129.0,-3.0,54.0,-132.0
raining,Team Refuse,GLL,ADC,GLL Summer · playoffs,7,0.429,3.84,-140.0,-1.0,54.0,-141.0
bobista,Team Refuse,GLL,Top,GLL Summer · playoffs,7,0.429,2.44,-166.0,-1.0,54.0,-167.0
Mentos,Team Refuse,GLL,Mid,GLL Summer · playoffs,7,0.429,3.88,-177.0,-1.0,54.0,-178.0
Kasing,Gamespace Mediterranean College Esports,GLL,Support,GLL Summer · playoffs,4,0.25,3.13,-192.0,-3.0,54.0,-195.0
Pun1sher,Anorthosis Famagusta Esports,GLL,Mid,GLL Summer · playoffs,10,0.4,4.65,-250.0,0.0,54.0,-250.0
RoyalKanin,Gamespace Mediterranean College Esports,GLL,Mid,GLL Summer · playoffs,4,0.25,4.0,-252.0,-3.0,54.0,-255.0
Mishi,Anorthosis Famagusta Esports,GLL,ADC,GLL Summer · playoffs,10,0.4,5.05,-277.0,0.0,54.0,-277.0
Gordinho,Venomcrest Esports,NLC Aurora Open,Support,GLL Summer · playoffs,7,0.429,1.61,-367.0,-1.0,54.0,-368.0
IceBreaker,Gamespace Mediterranean College Esports,GLL,Top,GLL Summer · playoffs,4,0.25,1.35,-394.0,-3.0,54.0,-397.0
Pallet,Team Refuse,GLL,Jungle,GLL Summer · playoffs,7,0.429,2.33,-407.0,-1.0,54.0,-408.0
Savero,Gamespace Mediterranean College Esports,GLL,Jungle,GLL Summer · playoffs,4,0.25,3.29,-427.0,-3.0,54.0,-430.0
NuQ,Team Phantasma,GLL,Top,GLL Summer · saison régulière,14,0.929,3.73,147.0,1.0,54.0,148.0
Manaty,Team Phantasma,GLL,Jungle,GLL Summer · saison régulière,14,0.929,7.72,111.0,1.0,54.0,112.0
Vaynedeta,Team Phantasma,GLL,ADC,GLL Summer · saison régulière,14,0.929,10.41,21.0,1.0,54.0,22.0
Peppe,Team Phantasma,GLL,Mid,GLL Summer · saison régulière,13,0.923,7.71,16.0,1.0,54.0,17.0
iLEVI,Anorthosis Famagusta Esports,GLL,Support,GLL Summer · saison régulière,14,0.714,4.56,-19.0,5.0,54.0,-14.0
Papiteero,Anorthosis Famagusta Esports,GLL,Top,GLL Summer · saison régulière,14,0.714,4.42,-28.0,5.0,54.0,-23.0
Noodle,Verdant,NLC Aurora Open,Jungle,GLL Summer · saison régulière,14,0.714,6.55,-53.0,5.0,54.0,-48.0
HungryPanda,Team Phantasma,GLL,Support,GLL Summer · saison régulière,14,0.929,4.08,-54.0,1.0,54.0,-53.0
GOLDENTO4ST,Gamespace Mediterranean College Esports,GLL,ADC,GLL Summer · saison régulière,14,0.5,5.15,-129.0,-1.0,54.0,-130.0
raining,Team Refuse,GLL,ADC,GLL Summer · saison régulière,14,0.5,4.76,-140.0,2.0,54.0,-138.0
bobista,Team Refuse,GLL,Top,GLL Summer · saison régulière,14,0.5,3.0,-166.0,2.0,54.0,-164.0
Mentos,Team Refuse,GLL,Mid,GLL Summer · saison régulière,14,0.5,4.91,-177.0,2.0,54.0,-175.0
Kasing,Gamespace Mediterranean College Esports,GLL,Support,GLL Summer · saison régulière,8,0.5,3.07,-192.0,1.0,54.0,-191.0
Bibou,WLGaming Esports,GLL,ADC,GLL Summer · saison régulière,12,0.5,4.59,-193.0,-2.0,54.0,-195.0
Libra,WLGaming Esports,GLL,Top,GLL Summer · saison régulière,8,0.375,2.2,-197.0,-2.0,54.0,-199.0
Black,Dark Passage,TCL,ADC,GLL Summer · saison régulière,2,0.5,3.6,-220.0,-0.0,54.0,-220.0
Enjawve,Joblife,NL,Support,GLL Summer · saison régulière,6,0.5,2.0,-235.0,-2.0,54.0,-237.0
Pun1sher,Anorthosis Famagusta Esports,GLL,Mid,GLL Summer · saison régulière,14,0.714,5.78,-250.0,5.0,54.0,-245.0
Carnage,WLGaming Esports,GLL,Jungle,GLL Summer · saison régulière,14,0.5,3.93,-245.0,-2.0,54.0,-247.0
RoyalKanin,Gamespace Mediterranean College Esports,GLL,Mid,GLL Summer · saison régulière,4,0.75,8.33,-252.0,2.0,54.0,-250.0
Mishi,Anorthosis Famagusta Esports,GLL,ADC,GLL Summer · saison régulière,14,0.714,8.76,-277.0,5.0,54.0,-272.0
Skye1,Zerolag Esports,GLL,Top,GLL Summer · saison régulière,14,0.357,2.56,-298.0,-1.0,54.0,-299.0
PsYcraw,Zerolag Esports,GLL,Support,GLL Summer · saison régulière,13,0.385,1.94,-308.0,0.0,54.0,-308.0
dibu,Zerolag Esports,GLL,Jungle,GLL Summer · saison régulière,14,0.357,2.71,-317.0,-1.0,54.0,-318.0
Bako,WLGaming Esports,GLL,Top,GLL Summer · saison régulière,6,0.667,1.76,-345.0,0.0,54.0,-345.0
Nikolex,The ParadOx Invaders,GLL,Jungle,GLL Summer · saison régulière,13,0.462,2.48,-357.0,-1.0,54.0,-358.0
TheSerius,The ParadOx Invaders,GLL,Top,GLL Summer · saison régulière,8,0.5,2.12,-360.0,-0.0,54.0,-360.0
Psilakhs,Wild Panthers Esports,GLL,Jungle,GLL Summer · saison régulière,4,0.0,1.29,-362.0,-1.0,54.0,-363.0
Gordinho,Venomcrest Esports,NLC Aurora Open,Support,GLL Summer · saison régulière,14,0.5,3.19,-367.0,2.0,54.0,-365.0
Bananitoo,WLGaming Esports,GLL,Support,GLL Summer · saison régulière,14,0.5,3.41,-366.0,-2.0,54.0,-368.0
Secrett,WLGaming Esports,GLL,Mid,GLL Summer · saison régulière,14,0.5,5.34,-386.0,-2.0,54.0,-388.0
Haoswen,Lundqvist Lightside,NLC Aurora Open,Support,GLL Summer · saison régulière,8,0.375,1.79,-392.0,1.0,54.0,-391.0
Warszi,NORD Esports,NLC,Mid,GLL Summer · saison régulière,10,0.4,4.69,-390.0,-2.0,54.0,-392.0
IceBreaker,Gamespace Mediterranean College Esports,GLL,Top,GLL Summer · saison régulière,14,0.5,2.64,-394.0,-1.0,54.0,-395.0
Pallet,Team Refuse,GLL,Jungle,GLL Summer · saison régulière,14,0.5,3.28,-407.0,2.0,54.0,-405.0
Traffy,devils.one inStreamly,UL,Support,GLL Summer · saison régulière,8,0.125,1.46,-424.0,0.0,54.0,-424.0
Savero,Gamespace Mediterranean College Esports,GLL,Jungle,GLL Summer · saison régulière,14,0.5,2.84,-427.0,-1.0,54.0,-428.0
Chova,The ParadOx Invaders,GLL,Support,GLL Summer · saison régulière,6,0.5,1.34,-435.0,-2.0,54.0,-437.0
Rabbit,Wild Panthers Esports,GLL,Jungle,GLL Summer · saison régulière,8,0.125,2.11,-440.0,1.0,54.0,-439.0
Paparotis,The ParadOx Invaders,GLL,ADC,GLL Summer · saison régulière,14,0.429,3.6,-460.0,-1.0,54.0,-461.0
Humble,Wild Panthers Esports,GLL,ADC,GLL Summer · saison régulière,8,0.125,2.72,-463.0,0.0,54.0,-463.0
Shakur,Zerolag Esports,GLL,ADC,GLL Summer · saison régulière,14,0.357,3.17,-465.0,-1.0,54.0,-466.0
JohnGiannis,The ParadOx Invaders,GLL,Top,GLL Summer · saison régulière,6,0.333,1.31,-478.0,-1.0,54.0,-479.0
Jimsnop,The ParadOx Invaders,GLL,Mid,GLL Summer · saison régulière,14,0.429,2.62,-502.0,-1.0,54.0,-503.0
J0J0C,Wild Panthers Esports,GLL,Mid,GLL Summer · saison régulière,12,0.083,1.96,-539.0,0.0,54.0,-539.0
Freazy,Zerolag Esports,GLL,Mid,GLL Summer · saison régulière,11,0.273,1.69,-614.0,-5.0,54.0,-619.0
Leo D Aras,Wild Panthers Esports,GLL,Support,GLL Summer · saison régulière,6,0.0,1.2,-622.0,-3.0,54.0,-625.0
Gagai,Wild Panthers Esports,GLL,ADC,GLL Summer · saison régulière,4,0.0,1.06,-627.0,-1.0,54.0,-628.0
REVENG,Wild Panthers Esports,GLL,Jungle,GLL Summer · saison régulière,2,0.0,0.91,-700.0,-3.0,54.0,-703.0
DoubleB,Green Dolphin Gaming,NEXO,Top,GLL Summer · saison régulière,5,0.0,1.42,-723.0,0.0,54.0,-723.0
Nino,Team Insidious,GLL,Top,GLL · saison régulière,6,1.0,11.57,-148.0,6.0,54.0,-142.0
Kokos,Myth Esports,ESLOL,Jungle,GLL · saison régulière,6,1.0,6.41,-206.0,6.0,54.0,-200.0
Wuis,FoxFire,TSC,Support,GLL · saison régulière,6,1.0,6.25,-255.0,6.0,54.0,-249.0
Gazal,Actions Per Minute,GLL,Support,GLL · saison régulière,10,0.6,3.24,-258.0,-1.0,54.0,-259.0
EUNE,Actions Per Minute,GLL,ADC,GLL · saison régulière,10,0.6,4.18,-265.0,-1.0,54.0,-266.0
Satan,Actions Per Minute,GLL,Mid,GLL · saison régulière,10,0.6,4.33,-267.0,-1.0,54.0,-268.0
Avert,Actions Per Minute,GLL,Jungle,GLL · saison régulière,10,0.6,3.38,-295.0,-1.0,54.0,-296.0
Jamie,Team Insidious,GLL,ADC,GLL · saison régulière,6,1.0,8.7,-336.0,6.0,54.0,-330.0
Loading,Actions Per Minute,GLL,Top,GLL · saison régulière,10,0.6,2.54,-338.0,-1.0,54.0,-339.0
Psilakhs,Wild Panthers Esports,GLL,Jungle,GLL · saison régulière,3,0.0,0.78,-362.0,-2.0,54.0,-364.0
Rabbit,Wild Panthers Esports,GLL,Jungle,GLL · saison régulière,3,0.0,1.47,-440.0,-2.0,54.0,-442.0
J0J0C,Wild Panthers Esports,GLL,Mid,GLL · saison régulière,2,0.0,0.62,-539.0,-3.0,54.0,-542.0
Leo D Aras,Wild Panthers Esports,GLL,Support,GLL · saison régulière,3,0.0,1.31,-622.0,-2.0,54.0,-624.0
Gagai,Wild Panthers Esports,GLL,ADC,GLL · saison régulière,6,0.0,1.36,-627.0,-4.0,54.0,-631.0
DoubleB,Green Dolphin Gaming,NEXO,Top,GLL · saison régulière,3,0.0,2.1,-723.0,-2.0,54.0,-725.0
NuQ,Team Phantasma,GLL,Top,GLLPA,11,0.909,3.23,147.0,0.0,54.0,147.0
Manaty,Team Phantasma,GLL,Jungle,GLLPA,11,0.909,4.38,111.0,0.0,54.0,111.0
Coldraa,Team du Sud,LFL,ADC,GLLPA,10,0.5,6.45,108.0,-3.0,54.0,105.0
Czypsy,Atleta Esport,LIT,Support,GLLPA,9,0.778,3.49,99.0,3.0,54.0,102.0
Vaynedeta,Team Phantasma,GLL,ADC,GLLPA,11,0.909,7.3,21.0,0.0,54.0,21.0
Peppe,Team Phantasma,GLL,Mid,GLLPA,11,0.909,8.18,16.0,0.0,54.0,16.0
iLEVI,Anorthosis Famagusta Esports,GLL,Support,GLLPA,12,0.667,3.08,-19.0,-5.0,54.0,-24.0
Papiteero,Anorthosis Famagusta Esports,GLL,Top,GLLPA,12,0.667,3.48,-28.0,-5.0,54.0,-33.0
HungryPanda,Team Phantasma,GLL,Support,GLLPA,11,0.909,5.39,-54.0,0.0,54.0,-54.0
Highway,IziDream,NL,Support,GLLPA,10,0.5,3.79,-80.0,-3.0,54.0,-83.0
Nille,NORD Esports,NLC,Top,GLLPA,9,0.778,4.82,-126.0,3.0,54.0,-123.0
DahVys,ZETA,LES,Jungle,GLLPA,10,0.5,4.59,-144.0,-3.0,54.0,-147.0
Nino,Team Insidious,GLL,Top,GLLPA,3,0.333,3.43,-148.0,0.0,54.0,-148.0
Mentos,Team Refuse,GLL,Mid,GLLPA,9,0.778,5.24,-177.0,3.0,54.0,-174.0
Libra,WLGaming Esports,GLL,Top,GLLPA,6,0.5,3.52,-197.0,6.0,54.0,-191.0
Carnage,WLGaming Esports,GLL,Jungle,GLLPA,9,0.778,4.56,-245.0,3.0,54.0,-242.0
Pun1sher,Anorthosis Famagusta Esports,GLL,Mid,GLLPA,12,0.667,2.87,-250.0,-5.0,54.0,-255.0
Mishi,Anorthosis Famagusta Esports,GLL,ADC,GLLPA,12,0.667,3.07,-277.0,-5.0,54.0,-282.0
Centu,GRP Esports,UL,Support,GLLPA,3,0.333,6.33,-332.0,0.0,54.0,-332.0
Loading,Actions Per Minute,GLL,Top,GLLPA,2,0.0,1.5,-338.0,-1.0,54.0,-339.0
Ryuzaki,Guasones,LES,Jungle,GLLPA,12,0.667,3.92,-338.0,-5.0,54.0,-343.0
JayJay,42 Gaming,NLC,Mid,GLLPA,4,0.25,1.67,-347.0,1.0,54.0,-346.0
Psilakhs,Wild Panthers Esports,GLL,Jungle,GLLPA,6,0.5,5.25,-362.0,6.0,54.0,-356.0
Nikolex,The ParadOx Invaders,GLL,Jungle,GLLPA,5,0.4,3.38,-357.0,0.0,54.0,-357.0
TheSerius,The ParadOx Invaders,GLL,Top,GLLPA,5,0.4,2.04,-360.0,0.0,54.0,-360.0
Edvard,One More Esports,AL,Support,GLLPA,6,0.5,3.79,-387.0,6.0,54.0,-381.0
IceBreaker,Gamespace Mediterranean College Esports,GLL,Top,GLLPA,10,0.5,2.24,-394.0,-3.0,54.0,-397.0
Pallet,Team Refuse,GLL,Jungle,GLLPA,4,0.25,2.0,-407.0,-0.0,54.0,-407.0
Toffe,mCon esports,ESLOL,Mid,GLLPA,10,0.5,5.36,-432.0,-3.0,54.0,-435.0
MrPhant0m,Zerolag Esports,GLL,ADC,GLLPA,3,0.333,3.33,-458.0,0.0,54.0,-458.0
STANIK,Dynamo Eclot,HM,Mid,GLLPA,4,0.25,4.22,-481.0,-0.0,54.0,-481.0
Jimsnop,The ParadOx Invaders,GLL,Mid,GLLPA,5,0.4,3.5,-502.0,0.0,54.0,-502.0
Heroic,SNOOZE Esports,ESLOL,Mid,GLLPA,6,0.5,3.26,-550.0,6.0,54.0,-544.0
CrabLord,Delta Syndicate,HC,Support,GLLPA,2,0.0,0.67,-642.0,-1.0,54.0,-643.0
GaraXy,Ankora Gaming,EBL,Jungle,GLLPA,3,0.333,4.71,-681.0,0.0,54.0,-681.0
Lowfire,Delta Syndicate,HC,ADC,GLLPA,2,0.0,1.0,-706.0,-1.0,54.0,-707.0
ardaffler,Keypulse Esports,LPLOL,ADC,GLLPA,6,0.5,5.5,-716.0,6.0,54.0,-710.0
Faded,Ankora Gaming,EBL,Mid,GLLPA,2,0.0,3.33,-751.0,-1.0,54.0,-752.0
Alaric,Ruddy Corporation,NLC Aurora Open,Support,HC Spring · playoffs,12,0.417,2.81,-333.0,-2.0,54.0,-335.0
MyCash,Delta Syndicate,HC,Top,HC Spring · playoffs,7,0.571,1.74,-556.0,1.0,54.0,-555.0
Dzejno,Esport STUBA,HC,ADC,HC Spring · playoffs,8,0.75,6.8,-656.0,4.0,54.0,-652.0
Sojo,Delta Syndicate,HC,Jungle,HC Spring · playoffs,7,0.571,4.29,-661.0,1.0,54.0,-660.0
Siriass,Esport STUBA,HC,Support,HC Spring · playoffs,8,0.75,3.26,-694.0,4.0,54.0,-690.0
Lowfire,Delta Syndicate,HC,ADC,HC Spring · playoffs,7,0.571,8.91,-706.0,1.0,54.0,-705.0
Scarpy,Esport STUBA,HC,Top,HC Spring · playoffs,8,0.75,1.88,-738.0,4.0,54.0,-734.0
Etoo,Maverix,HM,ADC,HC Spring · playoffs,12,0.417,3.84,-752.0,-2.0,54.0,-754.0
Goksi,Esport STUBA,HC,Jungle,HC Spring · playoffs,8,0.75,4.13,-776.0,4.0,54.0,-772.0
Samyaza,Esport STUBA,HC,Mid,HC Spring · playoffs,8,0.75,5.4,-800.0,4.0,54.0,-796.0
derfiddler,Maverix,HC,Jungle,HC Spring · playoffs,12,0.417,1.83,-811.0,-2.0,54.0,-813.0
Ethinak,Maverix,HC,Top,HC Spring · playoffs,12,0.417,2.79,-825.0,-2.0,54.0,-827.0
Bisgaard,Delta Syndicate,HC,Mid,HC Spring · playoffs,7,0.571,6.23,-878.0,1.0,54.0,-877.0
TalentLess,Maverix,HC,Mid,HC Spring · playoffs,12,0.417,3.75,-877.0,-2.0,54.0,-879.0
FoobaR,EXILE esports,HC,Jungle,HC Spring · playoffs,3,0.0,1.21,-879.0,-3.0,54.0,-882.0
Lukyss,H3ARTS,HC,Mid,HC Spring · playoffs,3,0.0,1.64,-983.0,-3.0,54.0,-986.0
JJirkos,Delta Syndicate,HC,Support,HC Spring · playoffs,7,0.571,3.7,-998.0,1.0,54.0,-997.0
Zelvicka,Inside Games,HC,ADC,HC Spring · playoffs,3,0.0,2.0,-1152.0,-3.0,54.0,-1155.0
Phenix,Inside Games,HC,Support,HC Spring · playoffs,3,0.0,0.87,-1161.0,-3.0,54.0,-1164.0
BrokenSword,OGC Esports,HM,Top,HC Spring · saison régulière,2,0.5,3.75,-313.0,-2.0,54.0,-315.0
Alaric,Ruddy Corporation,NLC Aurora Open,Support,HC Spring · saison régulière,4,0.75,4.44,-333.0,0.0,54.0,-333.0
r0bbed,Parakeet Gaming,HM,Top,HC Spring · saison régulière,2,0.5,4.25,-559.0,-0.0,54.0,-559.0
MyCash,Delta Syndicate,HC,Top,HC Spring · saison régulière,4,0.25,1.83,-556.0,-4.0,54.0,-560.0
Dzejno,Esport STUBA,HC,ADC,HC Spring · saison régulière,4,1.0,10.33,-656.0,8.0,54.0,-648.0
Sojo,Delta Syndicate,HC,Jungle,HC Spring · saison régulière,4,0.25,4.91,-661.0,-4.0,54.0,-665.0
starkyy,EXILE esports,HC,Top,HC Spring · saison régulière,4,0.5,3.67,-666.0,-4.0,54.0,-670.0
Siriass,Esport STUBA,HC,Support,HC Spring · saison régulière,4,1.0,8.5,-694.0,8.0,54.0,-686.0
Worthless,EXILE esports,HC,ADC,HC Spring · saison régulière,4,0.5,3.46,-703.0,-4.0,54.0,-707.0
Lowfire,Delta Syndicate,HC,ADC,HC Spring · saison régulière,4,0.25,3.4,-706.0,-4.0,54.0,-710.0
Marco,FLY5,HC,Support,HC Spring · saison régulière,4,0.5,1.68,-715.0,-3.0,54.0,-718.0
Duo Dino,Esport STUBA,HM,Top,HC Spring · saison régulière,1,1.0,3.0,-730.0,2.0,54.0,-728.0
Lyrokun,Once Upon A Team,ESLOL,Support,HC Spring · saison régulière,4,0.25,5.0,-730.0,0.0,54.0,-730.0
Scarpy,Esport STUBA,HC,Top,HC Spring · saison régulière,3,1.0,2.6,-738.0,6.0,54.0,-732.0
0ri,FLY5,HC,Jungle,HC Spring · saison régulière,4,0.5,2.75,-739.0,-3.0,54.0,-742.0
Etoo,Maverix,HM,ADC,HC Spring · saison régulière,4,0.75,5.64,-752.0,0.0,54.0,-752.0
Goksi,Esport STUBA,HC,Jungle,HC Spring · saison régulière,4,1.0,13.0,-776.0,8.0,54.0,-768.0
WalliR,EXILE esports,HC,Mid,HC Spring · saison régulière,4,0.5,2.05,-779.0,-4.0,54.0,-783.0
Shadowest,Team Meliora,HC,Top,HC Spring · saison régulière,4,0.25,1.62,-789.0,-2.0,54.0,-791.0
Samyaza,Esport STUBA,HC,Mid,HC Spring · saison régulière,4,1.0,10.67,-800.0,8.0,54.0,-792.0
derfiddler,Maverix,HC,Jungle,HC Spring · saison régulière,4,0.75,3.26,-811.0,0.0,54.0,-811.0
Dejw,Team Meliora,HC,ADC,HC Spring · saison régulière,4,0.5,2.46,-809.0,-3.0,54.0,-812.0
Ethinak,Maverix,HC,Top,HC Spring · saison régulière,4,0.75,2.77,-825.0,0.0,54.0,-825.0
Roobin,Team Meliora,HC,Mid,HC Spring · saison régulière,4,0.25,2.46,-868.0,-2.0,54.0,-870.0
FoobaR,EXILE esports,HC,Jungle,HC Spring · saison régulière,4,0.5,3.46,-879.0,4.0,54.0,-875.0
Luknom,SAMCLAN Esports Club,LPLOL,Support,HC Spring · saison régulière,4,0.5,4.17,-873.0,-4.0,54.0,-877.0
TalentLess,Maverix,HC,Mid,HC Spring · saison régulière,4,0.75,4.23,-877.0,0.0,54.0,-877.0
Bisgaard,Delta Syndicate,HC,Mid,HC Spring · saison régulière,4,0.25,7.33,-878.0,-4.0,54.0,-882.0
Mita,Team Meliora,HC,Support,HC Spring · saison régulière,4,0.25,1.68,-895.0,-2.0,54.0,-897.0
Sined,FLY5,HC,Mid,HC Spring · saison régulière,4,0.5,2.0,-898.0,-3.0,54.0,-901.0
Lukyss,H3ARTS,HC,Mid,HC Spring · saison régulière,4,0.5,4.07,-983.0,4.0,54.0,-979.0
JJirkos,Delta Syndicate,HC,Support,HC Spring · saison régulière,4,0.25,3.0,-998.0,-4.0,54.0,-1002.0
Toumes,Inside Games,HC,Mid,HC Spring · saison régulière,4,0.25,3.22,-1087.0,0.0,54.0,-1087.0
Zelvicka,Inside Games,HC,ADC,HC Spring · saison régulière,4,0.5,2.1,-1152.0,4.0,54.0,-1148.0
Phenix,Inside Games,HC,Support,HC Spring · saison régulière,4,0.5,1.81,-1161.0,4.0,54.0,-1157.0
Bobsik,Maverix,HM,Top,HC Summer · playoffs,3,0.0,1.36,-497.0,-6.0,54.0,-503.0
MyCash,Delta Syndicate,HC,Top,HC Summer · playoffs,9,1.0,3.93,-556.0,13.0,54.0,-543.0
Crow,Maverix,HM,Support,HC Summer · playoffs,3,0.0,1.1,-593.0,-6.0,54.0,-599.0
Benda,Delta Syndicate,HC,Mid,HC Summer · playoffs,9,1.0,5.7,-628.0,13.0,54.0,-615.0
CrabLord,Delta Syndicate,HC,Support,HC Summer · playoffs,9,1.0,5.36,-642.0,13.0,54.0,-629.0
Sojo,Delta Syndicate,HC,Jungle,HC Summer · playoffs,9,1.0,6.05,-661.0,13.0,54.0,-648.0
Marlley,FLY5,HC,Support,HC Summer · playoffs,6,0.0,1.87,-649.0,-8.0,54.0,-657.0
starkyy,EXILE esports,HC,Top,HC Summer · playoffs,6,0.5,3.22,-666.0,1.0,54.0,-665.0
Lowfire,Delta Syndicate,HC,ADC,HC Summer · playoffs,9,1.0,7.35,-706.0,13.0,54.0,-693.0
Worthless,EXILE esports,HC,ADC,HC Summer · playoffs,6,0.5,3.71,-703.0,1.0,54.0,-702.0
Cherry,EXILE esports,HC,Support,HC Summer · playoffs,6,0.5,3.09,-711.0,1.0,54.0,-710.0
Hades2,Maverix,HM,Jungle,HC Summer · playoffs,3,0.0,1.47,-732.0,-6.0,54.0,-738.0
Dolis,Maverix,HM,Mid,HC Summer · playoffs,3,0.0,1.9,-732.0,-6.0,54.0,-738.0
0ri,FLY5,HC,Jungle,HC Summer · playoffs,6,0.0,2.0,-739.0,-8.0,54.0,-747.0
Etoo,Maverix,HM,ADC,HC Summer · playoffs,3,0.0,2.88,-752.0,-6.0,54.0,-758.0
WalliR,EXILE esports,HC,Mid,HC Summer · playoffs,6,0.5,2.11,-779.0,1.0,54.0,-778.0
Tropy16,FLY5,HC,Top,HC Summer · playoffs,6,0.0,1.13,-776.0,-8.0,54.0,-784.0
Focuss,FLY5,HC,ADC,HC Summer · playoffs,6,0.0,1.6,-830.0,-8.0,54.0,-838.0
FoobaR,EXILE esports,HC,Jungle,HC Summer · playoffs,3,0.0,1.89,-879.0,-4.0,54.0,-883.0
Toybu,FLY5,HC,Mid,HC Summer · playoffs,6,0.0,1.5,-903.0,-8.0,54.0,-911.0
Bobsik,Maverix,HM,Top,HC Summer · saison régulière,14,0.643,3.19,-497.0,-1.0,54.0,-498.0
DVLK,eSuba,HM,Mid,HC Summer · saison régulière,9,0.778,3.76,-539.0,2.0,54.0,-537.0
MyCash,Delta Syndicate,HC,Top,HC Summer · saison régulière,14,0.643,2.86,-556.0,-5.0,54.0,-561.0
Crow,Maverix,HM,Support,HC Summer · saison régulière,14,0.643,4.6,-593.0,-1.0,54.0,-594.0
Benda,Delta Syndicate,HC,Mid,HC Summer · saison régulière,5,0.4,3.73,-628.0,-6.0,54.0,-634.0
Marlley,FLY5,HC,Support,HC Summer · saison régulière,14,0.714,3.92,-649.0,9.0,54.0,-640.0
CrabLord,Delta Syndicate,HC,Support,HC Summer · saison régulière,14,0.643,3.33,-642.0,-5.0,54.0,-647.0
Dzejno,Esport STUBA,HC,ADC,HC Summer · saison régulière,14,0.5,4.3,-656.0,-1.0,54.0,-657.0
starkyy,EXILE esports,HC,Top,HC Summer · saison régulière,14,0.643,2.98,-666.0,3.0,54.0,-663.0
Sojo,Delta Syndicate,HC,Jungle,HC Summer · saison régulière,14,0.643,3.78,-661.0,-5.0,54.0,-666.0
Exofeng,Maverix,HC,ADC,HC Summer · saison régulière,1,1.0,4.5,-679.0,1.0,54.0,-678.0
Siriass,Esport STUBA,HC,Support,HC Summer · saison régulière,14,0.5,3.09,-694.0,-1.0,54.0,-695.0
Worthless,EXILE esports,HC,ADC,HC Summer · saison régulière,14,0.643,4.84,-703.0,3.0,54.0,-700.0
Cherry,EXILE esports,HC,Support,HC Summer · saison régulière,14,0.643,5.3,-711.0,3.0,54.0,-708.0
Lowfire,Delta Syndicate,HC,ADC,HC Summer · saison régulière,14,0.643,3.55,-706.0,-5.0,54.0,-711.0
0ri,FLY5,HC,Jungle,HC Summer · saison régulière,14,0.714,5.0,-739.0,9.0,54.0,-730.0
Hades2,Maverix,HM,Jungle,HC Summer · saison régulière,14,0.643,4.03,-732.0,-1.0,54.0,-733.0
Dolis,Maverix,HM,Mid,HC Summer · saison régulière,14,0.643,8.21,-732.0,-1.0,54.0,-733.0
Scarpy,Esport STUBA,HC,Top,HC Summer · saison régulière,5,0.6,4.22,-738.0,-0.0,54.0,-738.0
Etoo,Maverix,HM,ADC,HC Summer · saison régulière,13,0.615,4.85,-752.0,-2.0,54.0,-754.0
Sobakk,Diversion Gaming,HC,Support,HC Summer · saison régulière,14,0.429,2.97,-756.0,-4.0,54.0,-760.0
Tropy16,FLY5,HC,Top,HC Summer · saison régulière,14,0.714,3.19,-776.0,9.0,54.0,-767.0
WalliR,EXILE esports,HC,Mid,HC Summer · saison régulière,14,0.643,3.2,-779.0,3.0,54.0,-776.0
Goksi,Esport STUBA,HC,Jungle,HC Summer · saison régulière,14,0.5,4.47,-776.0,-1.0,54.0,-777.0
Vlaren,Team Meliora,HC,Jungle,HC Summer · saison régulière,14,0.429,3.11,-781.0,3.0,54.0,-778.0
Shadowest,Team Meliora,HC,Top,HC Summer · saison régulière,14,0.429,2.17,-789.0,3.0,54.0,-786.0
Dzeffry,Diversion Gaming,HC,Top,HC Summer · saison régulière,14,0.429,1.74,-797.0,-4.0,54.0,-801.0
Samyaza,Esport STUBA,HC,Mid,HC Summer · saison régulière,14,0.5,3.05,-800.0,-1.0,54.0,-801.0
LANDY,Diversion Gaming,HC,ADC,HC Summer · saison régulière,14,0.429,4.73,-798.0,-4.0,54.0,-802.0
Dejw,Team Meliora,HC,ADC,HC Summer · saison régulière,14,0.429,4.29,-809.0,3.0,54.0,-806.0
Focuss,FLY5,HC,ADC,HC Summer · saison régulière,9,0.778,3.88,-830.0,9.0,54.0,-821.0
Hajnlik,Diversion Gaming,HC,Jungle,HC Summer · saison régulière,14,0.429,2.83,-828.0,-4.0,54.0,-832.0
Deepe,Diversion Gaming,HC,Mid,HC Summer · saison régulière,14,0.429,3.23,-833.0,-4.0,54.0,-837.0
Roobin,Team Meliora,HC,Mid,HC Summer · saison régulière,10,0.4,5.05,-868.0,2.0,54.0,-866.0
FoobaR,EXILE esports,HC,Jungle,HC Summer · saison régulière,14,0.643,4.72,-879.0,3.0,54.0,-876.0
Mita,Team Meliora,HC,Support,HC Summer · saison régulière,11,0.454,2.31,-895.0,5.0,54.0,-890.0
Toybu,FLY5,HC,Mid,HC Summer · saison régulière,14,0.714,4.21,-903.0,9.0,54.0,-894.0
Stein,Esport STUBA,HC,Top,HC Summer · saison régulière,9,0.444,1.75,-1023.0,-1.0,54.0,-1024.0
Toumes,Inside Games,HC,Mid,HC Summer · saison régulière,13,0.0,2.14,-1087.0,-4.0,54.0,-1091.0
Vodin,Inside Games,HC,Top,HC Summer · saison régulière,14,0.0,1.41,-1118.0,-4.0,54.0,-1122.0
Zelvicka,Inside Games,HC,ADC,HC Summer · saison régulière,14,0.0,1.98,-1152.0,-4.0,54.0,-1156.0
Phenix,Inside Games,HC,Support,HC Summer · saison régulière,13,0.0,1.05,-1161.0,-4.0,54.0,-1165.0
Danden,Inside Games,HC,Jungle,HC Summer · saison régulière,14,0.0,1.7,-1183.0,-4.0,54.0,-1187.0
Oleg,Venomcrest Esports,NLC Aurora Open,Jungle,HC · saison régulière,7,0.571,5.33,-247.0,-2.0,54.0,-249.0
N3znamy,OGC Esports,HM,Jungle,HC · saison régulière,6,1.0,7.09,-263.0,4.0,54.0,-259.0
Benda,Delta Syndicate,HC,Mid,HC · saison régulière,6,0.0,1.78,-628.0,-4.0,54.0,-632.0
starkyy,EXILE esports,HC,Top,HC · saison régulière,6,1.0,6.2,-666.0,4.0,54.0,-662.0
Worthless,EXILE esports,HC,ADC,HC · saison régulière,6,1.0,5.53,-703.0,4.0,54.0,-699.0
ardaffler,Keypulse Esports,LPLOL,ADC,HC · saison régulière,10,0.4,2.97,-716.0,-4.0,54.0,-720.0
Sobakk,Diversion Gaming,HC,Support,HC · saison régulière,10,0.6,3.71,-756.0,4.0,54.0,-752.0
WalliR,EXILE esports,HC,Mid,HC · saison régulière,6,1.0,6.09,-779.0,4.0,54.0,-775.0
Dzeffry,Diversion Gaming,HC,Top,HC · saison régulière,10,0.6,4.85,-797.0,4.0,54.0,-793.0
LANDY,Diversion Gaming,HC,ADC,HC · saison régulière,10,0.6,3.93,-798.0,4.0,54.0,-794.0
Hajnlik,Diversion Gaming,HC,Jungle,HC · saison régulière,10,0.6,3.57,-828.0,4.0,54.0,-824.0
Deepe,Diversion Gaming,HC,Mid,HC · saison régulière,10,0.6,3.87,-833.0,4.0,54.0,-829.0
Toybu,FLY5,HC,Mid,HC · saison régulière,10,0.4,2.17,-903.0,-4.0,54.0,-907.0
Vikske,Repre Gold,HC,Support,HC · saison régulière,10,0.4,2.54,-946.0,-4.0,54.0,-950.0
Stein,Esport STUBA,HC,Top,HC · saison régulière,10,0.4,1.32,-1023.0,-4.0,54.0,-1027.0
Danden,Inside Games,HC,Jungle,HC · saison régulière,6,0.0,1.92,-1183.0,-4.0,54.0,-1187.0
Robocop,Entropiq,HM,Top,HM Spring · playoffs,11,0.636,3.82,-4.0,-1.0,54.0,-5.0
many,Entropiq,HM,Mid,HM Spring · playoffs,11,0.636,5.87,-20.0,-1.0,54.0,-21.0
SPOOKY,Entropiq,HM,Jungle,HM Spring · playoffs,11,0.636,5.41,-24.0,-1.0,54.0,-25.0
denyk,Entropiq,HM,Support,HM Spring · playoffs,11,0.636,7.29,-31.0,-1.0,54.0,-32.0
Strode,Entropiq,HM,ADC,HM Spring · playoffs,11,0.636,5.83,-33.0,-1.0,54.0,-34.0
Envy Carry,Project Conquerors,NL,Mid,HM Spring · playoffs,7,0.429,3.28,-102.0,2.0,54.0,-100.0
jokaa,NORD Esports,NLC,Jungle,HM Spring · playoffs,7,0.429,2.07,-106.0,2.0,54.0,-104.0
raining,Team Refuse,GLL,ADC,HM Spring · playoffs,7,0.429,3.5,-140.0,2.0,54.0,-138.0
CPM,Veni Vidi Vici,LES,Top,HM Spring · playoffs,8,0.5,2.17,-187.0,-3.0,54.0,-190.0
Fallen,OGC Sigma Esports,HM,Jungle,HM Spring · playoffs,4,0.25,9.4,-204.0,1.0,54.0,-203.0
KNEZA,Team UNiTY,HM,ADC,HM Spring · playoffs,8,0.5,2.15,-282.0,-3.0,54.0,-285.0
Zimba,OGC Sigma Esports,HM,Support,HM Spring · playoffs,4,0.25,4.8,-288.0,1.0,54.0,-287.0
welcom,Dynamo Eclot,HM,Top,HM Spring · playoffs,4,0.25,3.73,-294.0,1.0,54.0,-293.0
Defflok,Team UNiTY,HM,Mid,HM Spring · playoffs,8,0.5,2.5,-324.0,-3.0,54.0,-327.0
shibi,Team UNiTY,HM,Jungle,HM Spring · playoffs,8,0.5,2.42,-347.0,-3.0,54.0,-350.0
J3rkie,Team UNiTY,HM,Support,HM Spring · playoffs,8,0.5,1.85,-370.0,-3.0,54.0,-373.0
Mystiques,GLORE,HM,Support,HM Spring · playoffs,7,0.429,1.6,-389.0,2.0,54.0,-387.0
EdbyK,eSuba,HM,Top,HM Spring · playoffs,7,0.429,2.47,-411.0,2.0,54.0,-409.0
Esko,eSuba,HM,ADC,HM Spring · playoffs,4,0.25,5.88,-465.0,1.0,54.0,-464.0
Benda,Delta Syndicate,HC,Mid,HM Spring · playoffs,4,0.25,3.64,-628.0,1.0,54.0,-627.0
Robocop,Entropiq,HM,Top,HM Spring · saison régulière,13,1.0,6.41,-4.0,8.0,54.0,4.0
many,Entropiq,HM,Mid,HM Spring · saison régulière,13,1.0,7.85,-20.0,8.0,54.0,-12.0
SPOOKY,Entropiq,HM,Jungle,HM Spring · saison régulière,13,1.0,8.82,-24.0,8.0,54.0,-16.0
denyk,Entropiq,HM,Support,HM Spring · saison régulière,13,1.0,9.27,-31.0,8.0,54.0,-23.0
Strode,Entropiq,HM,ADC,HM Spring · saison régulière,13,1.0,7.89,-33.0,8.0,54.0,-25.0
Envy Carry,Project Conquerors,NL,Mid,HM Spring · saison régulière,14,0.643,4.0,-102.0,0.0,54.0,-102.0
jokaa,NORD Esports,NLC,Jungle,HM Spring · saison régulière,14,0.643,3.0,-106.0,0.0,54.0,-106.0
raining,Team Refuse,GLL,ADC,HM Spring · saison régulière,4,0.75,4.0,-140.0,-2.0,54.0,-142.0
bobista,Team Refuse,GLL,Top,HM Spring · saison régulière,5,0.4,2.83,-166.0,-1.0,54.0,-167.0
CPM,Veni Vidi Vici,LES,Top,HM Spring · saison régulière,14,0.5,6.69,-187.0,-1.0,54.0,-188.0
Fallen,OGC Sigma Esports,HM,Jungle,HM Spring · saison régulière,14,0.571,3.37,-204.0,2.0,54.0,-202.0
Balyy,EKO Esports,LIT,Jungle,HM Spring · saison régulière,4,0.0,1.59,-217.0,-5.0,54.0,-222.0
Only35,GLORE,HM,Support,HM Spring · saison régulière,14,0.643,2.44,-247.0,0.0,54.0,-247.0
BlackSwan,GLORE,HM,ADC,HM Spring · saison régulière,10,0.6,3.43,-281.0,2.0,54.0,-279.0
KNEZA,Team UNiTY,HM,ADC,HM Spring · saison régulière,14,0.5,3.69,-282.0,-1.0,54.0,-283.0
Zimba,OGC Sigma Esports,HM,Support,HM Spring · saison régulière,14,0.571,3.37,-288.0,2.0,54.0,-286.0
welcom,Dynamo Eclot,HM,Top,HM Spring · saison régulière,14,0.571,3.44,-294.0,2.0,54.0,-292.0
Defflok,Team UNiTY,HM,Mid,HM Spring · saison régulière,14,0.5,4.61,-324.0,-1.0,54.0,-325.0
Peto,BRUTE,HM,Support,HM Spring · saison régulière,14,0.429,3.83,-326.0,-0.0,54.0,-326.0
eaRyz,BRUTE,HM,Jungle,HM Spring · saison régulière,14,0.429,2.78,-334.0,-0.0,54.0,-334.0
Evaan,Lille Esport,NL,Mid,HM Spring · saison régulière,9,0.333,4.52,-337.0,-2.0,54.0,-339.0
Frost,Project Conquerors,NL,Jungle,HM Spring · saison régulière,14,0.214,2.56,-340.0,-3.0,54.0,-343.0
shibi,Team UNiTY,HM,Jungle,HM Spring · saison régulière,14,0.5,3.55,-347.0,-1.0,54.0,-348.0
Lunddorf,eSuba,HM,Top,HM Spring · saison régulière,10,0.4,1.59,-359.0,1.0,54.0,-358.0
Hiro,BRUTE,HM,ADC,HM Spring · saison régulière,14,0.429,5.61,-359.0,-0.0,54.0,-359.0
Adiss,BRUTE,HM,Top,HM Spring · saison régulière,14,0.429,3.68,-361.0,-0.0,54.0,-361.0
J3rkie,Team UNiTY,HM,Support,HM Spring · saison régulière,14,0.5,3.33,-370.0,-1.0,54.0,-371.0
Smarty,GLORE,HM,Support,HM Spring · saison régulière,14,0.357,2.35,-381.0,0.0,54.0,-381.0
Artoria,GRP Esports,UL,Mid,HM Spring · saison régulière,14,0.429,3.26,-396.0,-0.0,54.0,-396.0
EdbyK,eSuba,HM,Top,HM Spring · saison régulière,13,0.615,2.79,-411.0,-0.0,54.0,-411.0
ceskycechcz,eSuba,HM,Mid,HM Spring · saison régulière,1,1.0,10.0,-419.0,2.0,54.0,-417.0
Savero,Gamespace Mediterranean College Esports,GLL,Jungle,HM Spring · saison régulière,14,0.357,2.46,-427.0,0.0,54.0,-427.0
Setra,OGC Esports,HM,Top,HM Spring · saison régulière,4,0.25,1.14,-452.0,-3.0,54.0,-455.0
Esko,eSuba,HM,ADC,HM Spring · saison régulière,14,0.571,6.43,-465.0,2.0,54.0,-463.0
DANY,Dynamo Eclot,HM,ADC,HM Spring · saison régulière,13,0.308,1.94,-485.0,-2.0,54.0,-487.0
Rylle,eSuba,HM,Mid,HM Spring · saison régulière,14,0.357,2.8,-491.0,0.0,54.0,-491.0
Makk,Dynamo Eclot,HM,Top,HM Spring · saison régulière,14,0.214,2.16,-518.0,-3.0,54.0,-521.0
Aincardz,Anonymo Esports,UL,Jungle,HM Spring · saison régulière,4,0.5,3.06,-527.0,0.0,54.0,-527.0
danzA,Dynamo Eclot,HM,Mid,HM Spring · saison régulière,14,0.214,2.97,-547.0,-3.0,54.0,-550.0
LeoLeCargo,Dynamo Eclot,HM,Support,HM Spring · saison régulière,14,0.214,1.86,-559.0,-3.0,54.0,-562.0
Marzo,Dynamo Eclot,HM,ADC,HM Spring · saison régulière,14,0.214,3.11,-600.0,-3.0,54.0,-603.0
Kulvas,GLORE,HM,Top,HM Spring · saison régulière,9,0.333,3.05,-621.0,-2.0,54.0,-623.0
Benda,Delta Syndicate,HC,Mid,HM Spring · saison régulière,14,0.571,3.64,-628.0,2.0,54.0,-626.0
Robko,OGC Esports,HM,Support,HM Spring · saison régulière,4,0.25,1.26,-750.0,-3.0,54.0,-753.0
Robocop,Entropiq,HM,Top,HM Summer · playoffs,8,0.75,4.24,-4.0,3.0,54.0,-1.0
many,Entropiq,HM,Mid,HM Summer · playoffs,8,0.75,6.09,-20.0,3.0,54.0,-17.0
SPOOKY,Entropiq,HM,Jungle,HM Summer · playoffs,8,0.75,6.71,-24.0,3.0,54.0,-21.0
denyk,Entropiq,HM,Support,HM Summer · playoffs,8,0.75,4.33,-31.0,3.0,54.0,-28.0
Strode,Entropiq,HM,ADC,HM Summer · playoffs,8,0.75,7.44,-33.0,3.0,54.0,-30.0
Wind1,Team UNiTY,HM,Top,HM Summer · playoffs,11,0.454,2.72,-184.0,3.0,54.0,-181.0
KNEZA,Team UNiTY,HM,ADC,HM Summer · playoffs,11,0.454,4.89,-282.0,3.0,54.0,-279.0
welcom,Dynamo Eclot,HM,Top,HM Summer · playoffs,6,0.5,1.39,-294.0,-2.0,54.0,-296.0
Silk,BRUTE,HM,Mid,HM Summer · playoffs,3,0.0,4.5,-304.0,-4.0,54.0,-308.0
Defflok,Team UNiTY,HM,Mid,HM Summer · playoffs,11,0.454,3.12,-324.0,3.0,54.0,-321.0
Jejky,Dynamo Eclot,HM,Jungle,HM Summer · playoffs,6,0.5,2.09,-321.0,-2.0,54.0,-323.0
Peto,BRUTE,HM,Support,HM Summer · playoffs,3,0.0,4.22,-326.0,-4.0,54.0,-330.0
shibi,Team UNiTY,HM,Jungle,HM Summer · playoffs,11,0.454,3.31,-347.0,3.0,54.0,-344.0
Hiro,BRUTE,HM,ADC,HM Summer · playoffs,3,0.0,4.71,-359.0,-4.0,54.0,-363.0
Adiss,BRUTE,HM,Top,HM Summer · playoffs,3,0.0,2.67,-361.0,-4.0,54.0,-365.0
J3rkie,Team UNiTY,HM,Support,HM Summer · playoffs,11,0.454,2.37,-370.0,3.0,54.0,-367.0
Twight,BRUTE,HM,Jungle,HM Summer · playoffs,3,0.0,4.0,-374.0,-4.0,54.0,-378.0
VaSKED,Dynamo Eclot,HM,Support,HM Summer · playoffs,6,0.5,1.24,-423.0,-2.0,54.0,-425.0
STANIK,Dynamo Eclot,HM,Mid,HM Summer · playoffs,6,0.5,3.0,-481.0,-2.0,54.0,-483.0
DANY,Dynamo Eclot,HM,ADC,HM Summer · playoffs,6,0.5,2.72,-485.0,-2.0,54.0,-487.0
Robocop,Entropiq,HM,Top,HM Summer · saison régulière,13,1.0,5.75,-4.0,4.0,54.0,0.0
many,Entropiq,HM,Mid,HM Summer · saison régulière,13,1.0,4.83,-20.0,4.0,54.0,-16.0
SPOOKY,Entropiq,HM,Jungle,HM Summer · saison régulière,13,1.0,5.78,-24.0,4.0,54.0,-20.0
denyk,Entropiq,HM,Support,HM Summer · saison régulière,13,1.0,5.83,-31.0,4.0,54.0,-27.0
Strode,Entropiq,HM,ADC,HM Summer · saison régulière,13,1.0,6.55,-33.0,4.0,54.0,-29.0
PiOk,GLORE,HM,ADC,HM Summer · saison régulière,14,0.429,4.65,-143.0,-6.0,54.0,-149.0
Wind1,Team UNiTY,HM,Top,HM Summer · saison régulière,15,0.667,3.51,-184.0,8.0,54.0,-176.0
mirrored,GLORE,HM,Mid,HM Summer · saison régulière,7,0.571,3.76,-195.0,0.0,54.0,-195.0
Adyyy,Parakeet Gaming,HM,Mid,HM Summer · saison régulière,14,0.429,2.88,-232.0,-1.0,54.0,-233.0
Kakan,Ruzeh Esports,NLC,Top,HM Summer · saison régulière,6,0.5,2.38,-235.0,-1.0,54.0,-236.0
N3znamy,OGC Esports,HM,Jungle,HM Summer · saison régulière,14,0.214,2.32,-263.0,-3.0,54.0,-266.0
KNEZA,Team UNiTY,HM,ADC,HM Summer · saison régulière,15,0.667,4.11,-282.0,8.0,54.0,-274.0
welcom,Dynamo Eclot,HM,Top,HM Summer · saison régulière,13,0.538,2.35,-294.0,5.0,54.0,-289.0
Silk,BRUTE,HM,Mid,HM Summer · saison régulière,15,0.6,4.56,-304.0,2.0,54.0,-302.0
BrokenSword,OGC Esports,HM,Top,HM Summer · saison régulière,12,0.25,2.45,-313.0,-0.0,54.0,-313.0
Defflok,Team UNiTY,HM,Mid,HM Summer · saison régulière,15,0.667,4.94,-324.0,8.0,54.0,-316.0
Jejky,Dynamo Eclot,HM,Jungle,HM Summer · saison régulière,13,0.538,2.96,-321.0,5.0,54.0,-316.0
Abner,Parakeet Gaming,HM,ADC,HM Summer · saison régulière,14,0.429,3.17,-322.0,-1.0,54.0,-323.0
Peto,BRUTE,HM,Support,HM Summer · saison régulière,15,0.6,3.72,-326.0,2.0,54.0,-324.0
ONLY,OGC Esports,HM,ADC,HM Summer · saison régulière,14,0.214,2.89,-331.0,-3.0,54.0,-334.0
shibi,Team UNiTY,HM,Jungle,HM Summer · saison régulière,15,0.667,4.55,-347.0,8.0,54.0,-339.0
gregreg,Parakeet Gaming,HM,Support,HM Summer · saison régulière,14,0.429,2.69,-347.0,-1.0,54.0,-348.0
Hiro,BRUTE,HM,ADC,HM Summer · saison régulière,15,0.6,6.16,-359.0,2.0,54.0,-357.0
Metroflox,Parakeet Gaming,HM,Jungle,HM Summer · saison régulière,14,0.429,3.24,-358.0,-1.0,54.0,-359.0
Adiss,BRUTE,HM,Top,HM Summer · saison régulière,15,0.6,2.82,-361.0,2.0,54.0,-359.0
J3rkie,Team UNiTY,HM,Support,HM Summer · saison régulière,15,0.667,2.82,-370.0,8.0,54.0,-362.0
Ilgar,GLORE,HM,Jungle,HM Summer · saison régulière,14,0.429,2.74,-366.0,-6.0,54.0,-372.0
Twight,BRUTE,HM,Jungle,HM Summer · saison régulière,15,0.6,4.0,-374.0,2.0,54.0,-372.0
Smarty,GLORE,HM,Support,HM Summer · saison régulière,14,0.429,2.96,-381.0,-6.0,54.0,-387.0
VaSKED,Dynamo Eclot,HM,Support,HM Summer · saison régulière,13,0.538,2.72,-423.0,5.0,54.0,-418.0
EdbyK,eSuba,HM,Top,HM Summer · saison régulière,14,0.143,1.16,-411.0,-10.0,54.0,-421.0
ceskycechcz,eSuba,HM,Mid,HM Summer · saison régulière,8,0.125,1.65,-419.0,-8.0,54.0,-427.0
Setra,OGC Esports,HM,Top,HM Summer · saison régulière,2,0.0,1.5,-452.0,-3.0,54.0,-455.0
Esko,eSuba,HM,ADC,HM Summer · saison régulière,14,0.143,2.83,-465.0,-10.0,54.0,-475.0
STANIK,Dynamo Eclot,HM,Mid,HM Summer · saison régulière,13,0.538,4.56,-481.0,5.0,54.0,-476.0
DANY,Dynamo Eclot,HM,ADC,HM Summer · saison régulière,13,0.538,4.25,-485.0,5.0,54.0,-480.0
Sw3ry,eSuba,HM,Support,HM Summer · saison régulière,14,0.143,2.23,-520.0,-10.0,54.0,-530.0
DVLK,eSuba,HM,Mid,HM Summer · saison régulière,6,0.167,1.77,-539.0,-2.0,54.0,-541.0
r0bbed,Parakeet Gaming,HM,Top,HM Summer · saison régulière,14,0.429,2.29,-559.0,-1.0,54.0,-560.0
Dawon,OGC Esports,HM,Mid,HM Summer · saison régulière,14,0.214,2.86,-577.0,-3.0,54.0,-580.0
Lulas,eSuba,HM,Jungle,HM Summer · saison régulière,12,0.167,3.0,-577.0,-8.0,54.0,-585.0
Kulvas,GLORE,HM,Top,HM Summer · saison régulière,7,0.286,2.0,-621.0,-6.0,54.0,-627.0
FENZ1,Bitfix RG,NLC Aurora Open,Mid,HM Summer · saison régulière,7,0.286,2.33,-689.0,-6.0,54.0,-695.0
Robko,OGC Esports,HM,Support,HM Summer · saison régulière,14,0.214,2.23,-750.0,-3.0,54.0,-753.0
EdbyK,eSuba,HM,Top,HM · saison régulière,8,0.75,5.62,-411.0,3.0,54.0,-408.0
Esko,eSuba,HM,ADC,HM · saison régulière,8,0.75,5.45,-465.0,3.0,54.0,-462.0
Bobsik,Maverix,HM,Top,HM · saison régulière,11,0.636,3.36,-497.0,6.0,54.0,-491.0
Sw3ry,eSuba,HM,Support,HM · saison régulière,8,0.75,3.06,-520.0,3.0,54.0,-517.0
DVLK,eSuba,HM,Mid,HM · saison régulière,8,0.75,4.17,-539.0,3.0,54.0,-536.0
MyCash,Delta Syndicate,HC,Top,HM · saison régulière,7,0.143,1.52,-556.0,-6.0,54.0,-562.0
Lulas,eSuba,HM,Jungle,HM · saison régulière,8,0.75,9.08,-577.0,3.0,54.0,-574.0
Crow,Maverix,HM,Support,HM · saison régulière,11,0.636,3.06,-593.0,6.0,54.0,-587.0
Benda,Delta Syndicate,HC,Mid,HM · saison régulière,7,0.143,2.03,-628.0,-6.0,54.0,-634.0
CrabLord,Delta Syndicate,HC,Support,HM · saison régulière,7,0.143,1.63,-642.0,-6.0,54.0,-648.0
Dzejno,Esport STUBA,HC,ADC,HM · saison régulière,4,0.25,2.23,-656.0,-4.0,54.0,-660.0
Sojo,Delta Syndicate,HC,Jungle,HM · saison régulière,7,0.143,3.27,-661.0,-6.0,54.0,-667.0
Siriass,Esport STUBA,HC,Support,HM · saison régulière,4,0.25,1.47,-694.0,-4.0,54.0,-698.0
Lowfire,Delta Syndicate,HC,ADC,HM · saison régulière,7,0.143,1.87,-706.0,-6.0,54.0,-712.0
Hades2,Maverix,HM,Jungle,HM · saison régulière,11,0.636,3.44,-732.0,6.0,54.0,-726.0
Dolis,Maverix,HM,Mid,HM · saison régulière,11,0.636,5.77,-732.0,6.0,54.0,-726.0
Duo Dino,Esport STUBA,HM,Top,HM · saison régulière,4,0.25,1.07,-730.0,-4.0,54.0,-734.0
Etoo,Maverix,HM,ADC,HM · saison régulière,11,0.636,5.86,-752.0,6.0,54.0,-746.0
Goksi,Esport STUBA,HC,Jungle,HM · saison régulière,4,0.25,1.75,-776.0,-4.0,54.0,-780.0
Samyaza,Esport STUBA,HC,Mid,HM · saison régulière,4,0.25,1.73,-800.0,-4.0,54.0,-804.0
DenVoksne,Macko Esports,LIT,ADC,HW,6,0.5,3.59,159.0,-2.0,54.0,157.0
Six10,Team GO,LFL,Mid,HW,7,0.571,6.79,124.0,0.0,54.0,124.0
Leon,Berlin International Gaming,PRM,Support,HW,7,0.571,4.35,79.0,0.0,54.0,79.0
Robocop,Entropiq,HM,Top,HW,12,0.667,3.44,-4.0,2.0,54.0,-2.0
many,Entropiq,HM,Mid,HW,12,0.667,3.77,-20.0,2.0,54.0,-18.0
SPOOKY,Entropiq,HM,Jungle,HW,12,0.667,3.43,-24.0,2.0,54.0,-22.0
denyk,Entropiq,HM,Support,HW,12,0.667,4.6,-31.0,2.0,54.0,-29.0
Strode,Entropiq,HM,ADC,HW,12,0.667,5.69,-33.0,2.0,54.0,-31.0
XERSUS,Klanik Esport,NL,Support,HW,20,0.75,3.2,-34.0,2.0,54.0,-32.0
Phantomles,Klanik Esport,NL,Mid,HW,20,0.75,4.9,-47.0,2.0,54.0,-45.0
jokaa,NORD Esports,NLC,Jungle,HW,20,0.75,4.15,-106.0,2.0,54.0,-104.0
raining,Team Refuse,GLL,ADC,HW,20,0.75,6.25,-140.0,2.0,54.0,-138.0
PiOk,GLORE,HM,ADC,HW,7,0.571,5.21,-143.0,0.0,54.0,-143.0
bobista,Team Refuse,GLL,Top,HW,20,0.75,4.09,-166.0,2.0,54.0,-164.0
Choi,Axolotl,LIT,Jungle,HW,10,0.6,3.97,-175.0,4.0,54.0,-171.0
Wind1,Team UNiTY,HM,Top,HW,6,0.5,3.45,-184.0,-2.0,54.0,-186.0
Elijah,Lundqvist Lightside,NLC,Top,HW,7,0.286,1.38,-199.0,-0.0,54.0,-199.0
Adyyy,Parakeet Gaming,HM,Mid,HW,10,0.7,4.21,-232.0,4.0,54.0,-228.0
Anyone,Packmiko E-Sports,UL,ADC,HW,4,0.5,5.08,-256.0,2.0,54.0,-254.0
N3znamy,OGC Esports,HM,Jungle,HW,10,0.7,3.49,-263.0,4.0,54.0,-259.0
BlackSwan,GLORE,HM,ADC,HW,7,0.429,4.27,-281.0,1.0,54.0,-280.0
welcom,Dynamo Eclot,HM,Top,HW,7,0.571,3.47,-294.0,0.0,54.0,-294.0
Silk,BRUTE,HM,Mid,HW,5,0.4,2.77,-304.0,-0.0,54.0,-304.0
BrokenSword,OGC Esports,HM,Top,HW,10,0.7,3.45,-313.0,4.0,54.0,-309.0
Defflok,Team UNiTY,HM,Mid,HW,6,0.5,3.3,-324.0,-2.0,54.0,-326.0
Peto,BRUTE,HM,Support,HW,5,0.4,2.67,-326.0,-0.0,54.0,-326.0
ONLY,OGC Esports,HM,ADC,HW,10,0.7,3.56,-331.0,4.0,54.0,-327.0
eaRyz,BRUTE,HM,Jungle,HW,10,0.6,5.07,-334.0,-1.0,54.0,-335.0
shibi,Team UNiTY,HM,Jungle,HW,6,0.5,3.89,-347.0,-2.0,54.0,-349.0
Hiro,BRUTE,HM,ADC,HW,5,0.4,5.33,-359.0,-0.0,54.0,-359.0
Adiss,BRUTE,HM,Top,HW,5,0.4,2.32,-361.0,-0.0,54.0,-361.0
J3rkie,Team UNiTY,HM,Support,HW,6,0.5,3.0,-370.0,-2.0,54.0,-372.0
Twight,BRUTE,HM,Jungle,HW,5,0.4,3.09,-374.0,-0.0,54.0,-374.0
Smarty,GLORE,HM,Support,HW,10,0.6,3.4,-381.0,-1.0,54.0,-382.0
FSZ,GTZ Esports,LPLOL,Mid,HW,10,0.6,5.67,-414.0,-1.0,54.0,-415.0
Setra,OGC Esports,HM,Top,HW,11,0.454,2.68,-452.0,3.0,54.0,-449.0
Esko,eSuba,HM,ADC,HW,10,0.6,4.7,-465.0,-1.0,54.0,-466.0
Bobsik,Maverix,HM,Top,HW,10,0.6,3.79,-497.0,4.0,54.0,-493.0
DVLK,eSuba,HM,Mid,HW,4,0.0,1.0,-539.0,-3.0,54.0,-542.0
MyCash,Delta Syndicate,HC,Top,HW,10,0.6,4.25,-556.0,6.0,54.0,-550.0
r0bbed,Parakeet Gaming,HM,Top,HW,4,0.0,1.05,-559.0,-3.0,54.0,-562.0
Dawon,OGC Esports,HM,Mid,HW,5,0.2,1.46,-577.0,-4.0,54.0,-581.0
Marzo,Dynamo Eclot,HM,ADC,HW,5,0.2,4.13,-600.0,-5.0,54.0,-605.0
Marlley,FLY5,HC,Support,HW,10,0.6,2.81,-649.0,6.0,54.0,-643.0
Dzejno,Esport STUBA,HC,ADC,HW,3,0.333,6.12,-656.0,-4.0,54.0,-660.0
starkyy,EXILE esports,HC,Top,HW,9,0.556,2.33,-666.0,-2.0,54.0,-668.0
Exofeng,Maverix,HC,ADC,HW,10,0.6,4.34,-679.0,4.0,54.0,-675.0
Siriass,Esport STUBA,HC,Support,HW,2,0.0,2.18,-694.0,-4.0,54.0,-698.0
Worthless,EXILE esports,HC,ADC,HW,9,0.556,3.26,-703.0,-2.0,54.0,-705.0
Marco,FLY5,HC,Support,HW,10,0.7,4.9,-715.0,4.0,54.0,-711.0
Cherry,EXILE esports,HC,Support,HW,9,0.556,4.34,-711.0,-2.0,54.0,-713.0
Dolis,Maverix,HM,Mid,HW,10,0.6,5.96,-732.0,4.0,54.0,-728.0
0ri,FLY5,HC,Jungle,HW,10,0.6,3.78,-739.0,6.0,54.0,-733.0
Duo Dino,Esport STUBA,HM,Top,HW,5,0.2,1.88,-730.0,-8.0,54.0,-738.0
Scarpy,Esport STUBA,HC,Top,HW,5,0.2,1.7,-738.0,-5.0,54.0,-743.0
Sobakk,Diversion Gaming,HC,Support,HW,9,0.444,1.91,-756.0,4.0,54.0,-752.0
Robko,OGC Esports,HM,Support,HW,5,0.2,2.16,-750.0,-8.0,54.0,-758.0
WalliR,EXILE esports,HC,Mid,HW,9,0.556,2.38,-779.0,-2.0,54.0,-781.0
Goksi,Esport STUBA,HC,Jungle,HW,4,0.25,1.42,-776.0,-7.0,54.0,-783.0
Vlaren,Team Meliora,HC,Jungle,HW,6,0.333,2.48,-781.0,-2.0,54.0,-783.0
Samyaza,Esport STUBA,HC,Mid,HW,5,0.2,2.28,-800.0,-8.0,54.0,-808.0
FoobaR,EXILE esports,HC,Jungle,HW,9,0.556,3.11,-879.0,-2.0,54.0,-881.0
Sined,FLY5,HC,Mid,HW,9,0.444,2.47,-898.0,4.0,54.0,-894.0
Mita,Team Meliora,HC,Support,HW,7,0.286,1.35,-895.0,-0.0,54.0,-895.0
Lukyss,H3ARTS,HC,Mid,HW,4,0.0,1.45,-983.0,-3.0,54.0,-986.0
JJirkos,Delta Syndicate,HC,Support,HW,4,0.0,0.83,-998.0,-3.0,54.0,-1001.0
Toumes,Inside Games,HC,Mid,HW,8,0.375,2.89,-1087.0,-1.0,54.0,-1088.0
Vodin,Inside Games,HC,Top,HW,6,0.333,2.94,-1118.0,-2.0,54.0,-1120.0
Danden,Inside Games,HC,Jungle,HW,9,0.444,3.27,-1183.0,4.0,54.0,-1179.0
Lospa,FUT Esports,TCL,Support,IC,14,0.929,7.9,324.0,10.0,54.0,334.0
Time,Veni Vidi Vici,LES,Jungle,IC,14,0.929,7.16,296.0,10.0,54.0,306.0
Thayger,Barça eSports,LES,Jungle,IC,12,0.75,5.09,291.0,5.0,54.0,296.0
Xerxe,Team Heretics Academy,LES,Jungle,IC,8,0.625,5.5,214.0,-8.0,54.0,206.0
Sertuss,Team Heretics Academy,LES,Mid,IC,8,0.625,5.19,200.0,-8.0,54.0,192.0
Jackspektra,Team Heretics Academy,LES,ADC,IC,8,0.625,2.86,197.0,-8.0,54.0,189.0
Carlsen,Team Heretics Academy,LES,Top,IC,8,0.625,4.43,176.0,-8.0,54.0,168.0
Aetinoth,GIANTX iTero,LES,ADC,IC,14,0.929,7.52,122.0,10.0,54.0,132.0
Feisty,GIANTX iTero,LES,Mid,IC,14,0.929,7.61,119.0,10.0,54.0,129.0
whiteinn,Team Heretics Academy,LES,Support,IC,8,0.625,3.46,131.0,-8.0,54.0,123.0
Oscure,Barça eSports,LES,Support,IC,12,0.75,3.73,111.0,5.0,54.0,116.0
Rhuckz,Movistar KOI,LES,Support,IC,7,0.571,5.62,72.0,-4.0,54.0,68.0
twohoyrz,Ramboot Club,LES,Mid,IC,5,0.4,3.15,33.0,1.0,54.0,34.0
WhiteKnight,Barça eSports,LES,Top,IC,12,0.75,5.83,20.0,5.0,54.0,25.0
MAXI,Movistar KOI,LES,Jungle,IC,7,0.571,3.4,25.0,-4.0,54.0,21.0
Marky,Movistar KOI,LES,Top,IC,7,0.571,2.9,-2.0,-4.0,54.0,-6.0
Legolas,Barça eSports,LES,ADC,IC,12,0.75,5.11,-15.0,5.0,54.0,-10.0
SAJATOR,Barça eSports,LES,Mid,IC,12,0.75,4.61,-16.0,5.0,54.0,-11.0
Random,Movistar KOI,LES,Mid,IC,7,0.571,2.78,-43.0,-4.0,54.0,-47.0
Sn1lle,LUA Gaming,LES,Jungle,IC,10,0.7,5.93,-50.0,2.0,54.0,-48.0
Shy Carry,Movistar KOI,LES,ADC,IC,7,0.571,2.86,-47.0,-4.0,54.0,-51.0
Obstinatus,UCAM Esports,LES,Support,IC,4,0.5,3.8,-67.0,-6.0,54.0,-73.0
Koldo,UCAM Esports,LES,Jungle,IC,4,0.5,3.0,-71.0,-6.0,54.0,-77.0
Tsiper,LUA Gaming,LES,Mid,IC,10,0.7,4.93,-79.0,2.0,54.0,-77.0
Baca,UCAM Esports,LES,Mid,IC,4,0.5,2.73,-73.0,-6.0,54.0,-79.0
Sotsy,LUA Gaming,LES,Top,IC,10,0.7,3.1,-92.0,2.0,54.0,-90.0
Kenal,UCAM Esports,LES,ADC,IC,4,0.5,4.11,-101.0,-6.0,54.0,-107.0
Sinmivak,UCAM Esports,LES,Top,IC,4,0.5,3.67,-101.0,-6.0,54.0,-107.0
Mxe,Ramboot Club,LES,Support,IC,5,0.4,5.29,-108.0,1.0,54.0,-107.0
Hazel,LUA Gaming,LES,ADC,IC,10,0.7,4.83,-112.0,2.0,54.0,-110.0
Spooder,Rebels Gaming,LES,Top,IC,5,0.4,2.4,-119.0,1.0,54.0,-118.0
DuaLL,LUA Gaming,LES,Support,IC,10,0.7,3.28,-124.0,2.0,54.0,-122.0
Xicor,Lille Esport,NL,ADC,IC,5,0.4,2.37,-147.0,1.0,54.0,-146.0
Javier,Rebels Gaming,LES,Mid,IC,4,0.5,5.62,-195.0,1.0,54.0,-194.0
Kozi,Back2TheGame,UL,Top,IC,4,0.5,4.09,-208.0,1.0,54.0,-207.0
Siler,ZETA,LES,Mid,IC,2,0.0,3.38,-233.0,-3.0,54.0,-236.0
Rito,CORE 128,NEXO,Support,IC,7,0.571,3.68,-251.0,-1.0,54.0,-252.0
Matixx,devils.one inStreamly,UL,Top,IC,5,0.4,1.94,-268.0,-1.0,54.0,-269.0
Zapdo,Anubis Gaming,AL,Jungle,IC,5,0.4,1.71,-319.0,1.0,54.0,-318.0
Abner,Parakeet Gaming,HM,ADC,IC,8,0.5,4.04,-322.0,2.0,54.0,-320.0
Prominence,Oxygen Gaming,NEXO,Jungle,IC,7,0.571,4.07,-326.0,-1.0,54.0,-327.0
Calmsky,Verdant,NLC,Support,IC,8,0.5,2.76,-329.0,2.0,54.0,-327.0
Poweh,Oxygen Gaming,NEXO,Top,IC,7,0.571,3.03,-330.0,-1.0,54.0,-331.0
Serch,Universae Instituto FP,NEXO,Mid,IC,7,0.571,2.79,-341.0,-1.0,54.0,-342.0
Arven,Guinea Pink,NEXO,Mid,IC,8,0.5,2.76,-358.0,2.0,54.0,-356.0
TheGreatGary,Leões Porto Salvo Esports,LPLOL,Top,IC,5,0.4,1.93,-366.0,4.0,54.0,-362.0
Yoangi,Guinea Pink,NEXO,ADC,IC,2,0.0,2.7,-378.0,-3.0,54.0,-381.0
Kaii,CORE 128,NEXO,ADC,IC,7,0.571,3.4,-409.0,-1.0,54.0,-410.0
Lvsyan,Dream Makers,NEXO,Mid,IC,4,0.5,5.0,-435.0,2.0,54.0,-433.0
Sorrow,Kawaii Kiwis,NEXO,ADC,IC,4,0.5,3.0,-434.0,1.0,54.0,-433.0
naau,Rebels Gaming,LES,Jungle,IC,4,0.5,3.53,-444.0,1.0,54.0,-443.0
yanjee,Hurricane of Feathers,LPLOL,Jungle,IC,5,0.4,3.06,-451.0,4.0,54.0,-447.0
Marcv1,Oxygen Gaming,NEXO,ADC,IC,4,0.5,4.25,-459.0,-1.0,54.0,-460.0
Waide,Universae Instituto FP,NEXO,Jungle,IC,4,0.5,3.8,-475.0,2.0,54.0,-473.0
Tochas,Cyber Wolves,EBL,Support,IC,5,0.4,2.76,-481.0,-1.0,54.0,-482.0
Kamyta,Hurricane of Feathers,LPLOL,Support,IC,5,0.4,3.12,-492.0,4.0,54.0,-488.0
topo,Universae Instituto FP,NEXO,Top,IC,2,0.0,1.44,-499.0,-1.0,54.0,-500.0
Gilito,eQuizers,NEXO,Support,IC,2,0.0,1.0,-514.0,1.0,54.0,-513.0
sheol,Pertinax Esports,ESLOL,Top,IC,5,0.6,2.75,-519.0,2.0,54.0,-517.0
Sw3ry,eSuba,HM,Support,IC,4,0.5,3.83,-520.0,1.0,54.0,-519.0
Qu4rtzo,ZeroZone Gaming,LPLOL,ADC,IC,5,0.4,2.31,-527.0,4.0,54.0,-523.0
Ibai,eQuizers,NEXO,ADC,IC,2,0.0,0.94,-528.0,1.0,54.0,-527.0
Dyenn,Kawaii Kiwis,NEXO,Mid,IC,3,0.333,2.0,-528.0,-3.0,54.0,-531.0
Eskiper,Green Dolphin Gaming,NEXO,Support,IC,2,1.0,5.8,-552.0,2.0,54.0,-550.0
Bolyy1,Oxygen Gaming,NEXO,Support,IC,4,0.5,1.44,-557.0,-1.0,54.0,-558.0
Opeduy,eQuizers,NEXO,Mid,IC,2,0.0,1.75,-561.0,1.0,54.0,-560.0
ALNSHT,Universae Instituto FP,NEXO,ADC,IC,2,0.0,1.0,-562.0,1.0,54.0,-561.0
Johnarnau,DREN Esports,LIT,Top,IC,2,0.0,0.47,-564.0,0.0,54.0,-564.0
RapMonsters,Keypulse Esports,LPLOL,Mid,IC,5,0.6,7.2,-569.0,2.0,54.0,-567.0
King,Falke Esports,NEXO,ADC,IC,4,0.5,8.0,-585.0,2.0,54.0,-583.0
Parlita,eQuizers,NEXO,Top,IC,2,0.0,0.46,-588.0,1.0,54.0,-587.0
Taba,eQuizers,NEXO,Jungle,IC,2,0.0,1.73,-591.0,1.0,54.0,-590.0
Ardo,Kawaii Kiwis,NEXO,Support,IC,3,0.333,1.0,-588.0,-3.0,54.0,-591.0
Deceller,Kawaii Kiwis,NEXO,Jungle,IC,3,0.333,1.17,-588.0,-3.0,54.0,-591.0
Boohis,Universae Instituto FP,NEXO,Support,IC,2,0.0,1.0,-595.0,1.0,54.0,-594.0
Misaki,Keypulse Esports,LPLOL,Top,IC,5,0.4,1.71,-600.0,4.0,54.0,-596.0
Daksider,Odivelas Sports Club,LPLOL,ADC,IC,5,0.4,2.94,-604.0,-1.0,54.0,-605.0
Dani,Kawaii Kiwis,NEXO,Top,IC,3,0.333,1.36,-605.0,-3.0,54.0,-608.0
Zherathor,Oxygen Gaming,NEXO,Mid,IC,2,0.0,1.83,-624.0,1.0,54.0,-623.0
Knika,Guinea Pink,NEXO,Top,IC,2,0.0,1.0,-624.0,-3.0,54.0,-627.0
Yaavi,Malvinas Gaming EU,NEXO,ADC,IC,3,0.333,1.88,-625.0,-3.0,54.0,-628.0
Akrantor,Universae Instituto FP,NEXO,Top,IC,2,0.0,0.89,-634.0,1.0,54.0,-633.0
Ivama,Green Dolphin Gaming,NEXO,Jungle,IC,2,0.0,0.67,-638.0,-2.0,54.0,-640.0
xGenesis,Erfolg Esports,NEXO,Top,IC,2,0.0,0.33,-641.0,1.0,54.0,-640.0
Kellie,Malvinas Gaming EU,NEXO,Support,IC,2,0.0,0.77,-645.0,1.0,54.0,-644.0
Thaizz,Green Dolphin Gaming,NEXO,Mid,IC,2,0.0,1.4,-654.0,-2.0,54.0,-656.0
eRelevant,PRINCIPALITY,NEXO,Support,IC,2,0.0,2.92,-673.0,0.0,54.0,-673.0
Phyro,Universae Instituto FP,NEXO,Jungle,IC,2,0.0,1.8,-676.0,1.0,54.0,-675.0
Exile1,Lupus Esports,EBL,Jungle,IC,5,0.4,2.7,-679.0,-1.0,54.0,-680.0
Rewound,Guinea Pink,NEXO,Jungle,IC,2,0.0,1.92,-687.0,-3.0,54.0,-690.0
Pinkmin,Melilla Titans,NEXO,Support,IC,3,0.333,1.75,-704.0,0.0,54.0,-704.0
JForteX,Dream Makers,NEXO,Support,IC,2,0.0,1.29,-709.0,0.0,54.0,-709.0
Javielin,Melilla Titans,NEXO,Jungle,IC,3,0.333,5.14,-710.0,0.0,54.0,-710.0
DoubleB,Green Dolphin Gaming,NEXO,Top,IC,2,0.0,1.0,-723.0,-2.0,54.0,-725.0
Fugu,Falke Esports,NEXO,Top,IC,2,0.0,1.29,-728.0,-1.0,54.0,-729.0
Hax,Dream Makers,NEXO,Mid,IC,2,0.0,1.69,-744.0,-1.0,54.0,-745.0
JSaito,Guinea Pink,NEXO,ADC,IC,2,0.0,1.38,-768.0,1.0,54.0,-767.0
Zaiiche,Melilla Titans,NEXO,Top,IC,3,0.333,3.0,-792.0,0.0,54.0,-792.0
Droekt,Melilla Titans,NEXO,Mid,IC,5,0.4,1.55,-816.0,5.0,54.0,-811.0
PepiineroJr,BGA eQuizers,NEXO,Mid,IC,2,0.0,2.29,-840.0,-1.0,54.0,-841.0
Archacutor,BGA eQuizers,NEXO,Support,IC,2,0.0,1.4,-858.0,-1.0,54.0,-859.0
Black,Ceuta Guardians,NEXO,ADC,IC,2,0.0,0.5,-926.0,2.0,54.0,-924.0
juny,Rise Gaming Ignis,IGNIS,Jungle,IGNIS · playoffs,23,0.826,12.43,134.0,8.0,54.0,142.0
yato,Rise Gaming Ignis,IGNIS,ADC,IGNIS · playoffs,28,0.786,7.19,92.0,6.0,53.0,98.0
strangers,Rise Gaming Ignis,IGNIS,Mid,IGNIS · playoffs,28,0.786,6.73,78.0,6.0,53.0,84.0
Winzi,Rise Gaming Ignis,IGNIS,Support,IGNIS · playoffs,28,0.786,4.24,36.0,6.0,53.0,42.0
Cristal,Vivo Keyd Stars Ignis,IGNIS,Mid,IGNIS · playoffs,18,0.667,5.23,6.0,9.0,54.0,15.0
Ayla,Vivo Keyd Stars Ignis,IGNIS,Support,IGNIS · playoffs,20,0.6,3.87,-100.0,4.0,54.0,-96.0
Vidal,MIBR,IGNIS,Jungle,IGNIS · playoffs,20,0.65,3.07,-104.0,4.0,54.0,-100.0
Ryujiyz,Vivo Keyd Stars Ignis,IGNIS,ADC,IGNIS · playoffs,20,0.6,6.57,-108.0,4.0,54.0,-104.0
Azura,Vivo Keyd Stars Ignis,IGNIS,Jungle,IGNIS · playoffs,20,0.6,3.12,-111.0,4.0,54.0,-107.0
Seiju,Vivo Keyd Stars Ignis,IGNIS,Top,IGNIS · playoffs,13,0.538,3.29,-116.0,6.0,54.0,-110.0
Millicent,Rise Gaming Ignis,IGNIS,Top,IGNIS · playoffs,13,0.615,2.57,-121.0,-1.0,54.0,-122.0
Claptrap,Rise Gaming Ignis,IGNIS,Top,IGNIS · playoffs,18,0.667,2.78,-129.0,5.0,54.0,-124.0
Lawl,Banshee,IGNIS,Jungle,IGNIS · playoffs,14,0.571,3.85,-152.0,1.0,54.0,-151.0
Arima,Winter (Brazilian Team),IGNIS,Top,IGNIS · playoffs,11,0.546,3.23,-151.0,0.0,54.0,-151.0
Exiladissima,Vivo Keyd Stars Ignis,IGNIS,Top,IGNIS · playoffs,12,0.583,1.82,-190.0,2.0,54.0,-188.0
Gwenix,Banshee,IGNIS,Support,IGNIS · playoffs,12,0.333,4.16,-200.0,-0.0,54.0,-200.0
Miss,MIBR,IGNIS,Support,IGNIS · playoffs,11,0.454,3.22,-246.0,-1.0,54.0,-247.0
Miyahara,MIBR,IGNIS,Top,IGNIS · playoffs,11,0.454,1.91,-275.0,-1.0,54.0,-276.0
yatsu,MIBR,IGNIS,ADC,IGNIS · playoffs,11,0.454,4.95,-287.0,-1.0,54.0,-288.0
Cuteness,MIBR,IGNIS,Mid,IGNIS · playoffs,11,0.454,2.93,-304.0,-1.0,54.0,-305.0
Ajin,Coven,IGNIS,Mid,IGNIS · playoffs,10,0.4,2.5,-318.0,-0.0,54.0,-318.0
Tata,Banshee,IGNIS,ADC,IGNIS · playoffs,15,0.4,2.98,-325.0,1.0,54.0,-324.0
Rosa,INTZ Academy,CBLOLA,ADC,IGNIS · playoffs,2,0.0,0.9,-524.0,-0.0,54.0,-524.0
Kiin,Gen.G,LCK,Top,KeSPA Cup,9,0.778,3.77,1053.0,3.0,54.0,1056.0
Canyon,Gen.G,LCK,Jungle,KeSPA Cup,9,0.778,4.5,1049.0,3.0,54.0,1052.0
Chovy,Gen.G,LCK,Mid,KeSPA Cup,1,1.0,19.0,1024.0,-0.0,54.0,1024.0
Gumayusi,T1,LCK,ADC,KeSPA Cup,1,0.0,2.33,893.0,-1.0,54.0,892.0
Viper,Hanwha Life Esports,LCK,ADC,KeSPA Cup,12,0.583,4.03,886.0,-0.0,54.0,886.0
Zeka,Hanwha Life Esports,LCK,Mid,KeSPA Cup,12,0.583,4.06,863.0,-0.0,54.0,863.0
Delight,Hanwha Life Esports,LCK,Support,KeSPA Cup,12,0.583,3.45,862.0,-0.0,54.0,862.0
Aiming,Dplus Kia,LCK,ADC,KeSPA Cup,15,0.6,7.27,837.0,1.0,54.0,838.0
Oner,T1,LCK,Jungle,KeSPA Cup,1,0.0,5.0,830.0,-1.0,54.0,829.0
Lehends,Gen.G,LCK,Support,KeSPA Cup,7,0.429,2.76,825.0,-5.0,54.0,820.0
Lucid,Dplus Kia,LCK,Jungle,KeSPA Cup,15,0.6,5.73,809.0,1.0,54.0,810.0
Clozer,BNK FEARX,LCK,Mid,KeSPA Cup,14,0.643,5.16,779.0,5.0,54.0,784.0
ShowMaker,Dplus Kia,LCK,Mid,KeSPA Cup,15,0.6,5.66,782.0,1.0,54.0,783.0
Kellin,Dplus Kia,LCK,Support,KeSPA Cup,1,0.0,2.33,768.0,-2.0,54.0,766.0
BeryL,KT Rolster,LCK,Support,KeSPA Cup,15,0.6,2.86,716.0,1.0,54.0,717.0
Peter,Nongshim RedForce,LCK,Support,KeSPA Cup,8,0.5,3.67,661.0,0.0,54.0,661.0
Zinie,KT Rolster Challengers,LCKC,Mid,KeSPA Cup,8,0.5,4.16,613.0,0.0,54.0,613.0
Kingen,Dplus Kia,LCK,Top,KeSPA Cup,7,0.429,2.91,618.0,-5.0,54.0,613.0
Sylvie,Nongshim RedForce,LCK,Jungle,KeSPA Cup,7,0.429,3.26,598.0,-5.0,54.0,593.0
Hype,KT Rolster Challengers,LCKC,ADC,KeSPA Cup,12,0.667,6.04,586.0,6.0,54.0,592.0
Duro,BNK FEARX,LCK,Support,KeSPA Cup,9,0.778,3.44,585.0,3.0,54.0,588.0
Pleata,Kiwoom DRX,LCK,Support,KeSPA Cup,5,0.4,3.64,576.0,0.0,54.0,576.0
HamBak,KT Rolster Challengers,LCKC,Jungle,KeSPA Cup,14,0.643,3.73,554.0,5.0,54.0,559.0
Azhi,PSG Talon,PCS,Top,KeSPA Cup,9,0.444,1.92,541.0,-1.0,54.0,540.0
Betty,PSG Talon,PCS,ADC,KeSPA Cup,9,0.444,4.52,531.0,-1.0,54.0,530.0
Woody,PSG Talon,PCS,Support,KeSPA Cup,9,0.444,3.87,517.0,-1.0,54.0,516.0
Jiwoo,Nongshim RedForce,LCK,ADC,KeSPA Cup,7,0.429,3.09,514.0,-5.0,54.0,509.0
Siwoo,Dplus Kia Challengers,LCKC,Top,KeSPA Cup,15,0.6,2.92,508.0,1.0,54.0,509.0
Maple,PSG Talon,PCS,Mid,KeSPA Cup,9,0.444,2.7,510.0,-1.0,54.0,509.0
Pollu,HANJIN BRION,LCK,Support,KeSPA Cup,14,0.643,3.94,501.0,5.0,54.0,506.0
Sponge,Kiwoom DRX,LCK,Jungle,KeSPA Cup,5,0.4,3.36,500.0,0.0,54.0,500.0
Bull,DN SOOPers Challengers,LCKC,ADC,KeSPA Cup,2,0.5,7.67,476.0,-0.0,54.0,476.0
Envyy,HANJIN BRION,LCK,ADC,KeSPA Cup,3,0.667,4.11,474.0,2.0,54.0,476.0
YoungJae,HANJIN BRION,LCK,Jungle,KeSPA Cup,8,0.5,2.86,465.0,0.0,54.0,465.0
Morgan,HANJIN BRION,LCK,Top,KeSPA Cup,14,0.643,4.69,457.0,5.0,54.0,462.0
Fisher,Nongshim RedForce,LCK,Mid,KeSPA Cup,7,0.429,2.7,431.0,-5.0,54.0,426.0
Soboro,BNK FEARX Youth,LCKC,Top,KeSPA Cup,4,0.5,2.5,422.0,0.0,54.0,422.0
Taki,Team Secret,VCS,Support,KeSPA Cup,5,0.2,2.77,407.0,0.0,54.0,407.0
Aress,Team Secret,VCS,Mid,KeSPA Cup,5,0.2,4.0,404.0,0.0,54.0,404.0
Quantum,DN SOOPers Challengers,LCKC,Support,KeSPA Cup,5,0.2,1.61,400.0,-3.0,54.0,397.0
kyeahoo,Kiwoom DRX Challengers,LCKC,Mid,KeSPA Cup,5,0.4,5.11,390.0,0.0,54.0,390.0
Frog,Kiwoom DRX Challengers,LCKC,Top,KeSPA Cup,5,0.4,2.24,384.0,0.0,54.0,384.0
DDoiV,HANJIN BRION Challengers,LCKC,Jungle,KeSPA Cup,5,0.2,1.92,355.0,-3.0,54.0,352.0
Casting,KT Rolster Challengers,LCKC,Top,KeSPA Cup,8,0.5,3.44,351.0,0.0,54.0,351.0
Grizzly,Hanwha Life Esports Challengers,LCKC,Jungle,KeSPA Cup,12,0.583,6.48,344.0,-0.0,54.0,344.0
Career,Kiwoom DRX Challengers,LCKC,Support,KeSPA Cup,3,0.667,4.44,330.0,2.0,54.0,332.0
Rooster,Hanwha Life Esports Challengers,LCKC,Top,KeSPA Cup,12,0.583,3.67,330.0,-0.0,54.0,330.0
Pungyeon,DN SOOPers Challengers,LCKC,Mid,KeSPA Cup,5,0.2,1.79,324.0,-3.0,54.0,321.0
Puddin,Team Flash,VCS,ADC,KeSPA Cup,5,0.2,3.24,311.0,0.0,54.0,311.0
Lancer,DN SOOPers Challengers,LCKC,Top,KeSPA Cup,5,0.2,1.19,307.0,-3.0,54.0,304.0
Karsa,CTBC Flying Oyster,PCS,Jungle,KeSPA Cup,9,0.444,3.14,298.0,-1.0,54.0,297.0
Smash,T1 Esports Academy,LCKC,ADC,KeSPA Cup,4,0.0,2.15,261.0,1.0,54.0,262.0
Poby,T1 Esports Academy,LCKC,Mid,KeSPA Cup,5,0.0,1.61,257.0,0.0,54.0,257.0
Daystar,BNK FEARX Youth,LCKC,Mid,KeSPA Cup,4,0.5,4.82,245.0,0.0,54.0,245.0
Diable,BNK FEARX Youth,LCKC,ADC,KeSPA Cup,1,0.0,1.33,180.0,-2.0,54.0,178.0
Paduck,Kiwoom DRX Challengers,LCKC,ADC,KeSPA Cup,8,0.5,4.11,154.0,0.0,54.0,154.0
Pun,CERBERUS Esports,VCS,Top,KeSPA Cup,5,0.2,1.35,136.0,0.0,54.0,136.0
Draktharr,Team Flash,VCS,Jungle,KeSPA Cup,5,0.2,2.18,128.0,0.0,54.0,128.0
Slayer,Gen.G Global Academy,LCKC,ADC,KeSPA Cup,5,0.2,1.62,84.0,-3.0,54.0,81.0
Cloud,T1 Esports Academy Rookies,LAS,Support,KeSPA Cup,5,0.0,1.36,62.0,0.0,54.0,62.0
About,Ultra Prime Academy,LDL,ADC,KeSPA Cup,9,0.778,4.15,58.0,3.0,54.0,61.0
Vincenzo,HANJIN BRION Academy,LAS,Jungle,KeSPA Cup,4,0.0,1.32,14.0,1.0,54.0,15.0
LazyFeel,Kiwoom DRX Academy,LAS,ADC,KeSPA Cup,5,0.4,2.75,-64.0,0.0,54.0,-64.0
Haetae,Hanwha Life Esports Academy,LAS,Top,KeSPA Cup,5,0.0,0.96,-127.0,0.0,54.0,-127.0
Thumb,Dplus Kia Academy,LAS,Support,LAS Champ 1 · playoffs,8,0.75,4.58,155.0,6.0,54.0,161.0
Pooh,HANJIN BRION Academy,LAS,Support,LAS Champ 1 · playoffs,10,0.5,3.68,83.0,0.0,54.0,83.0
Cloud,T1 Esports Academy Rookies,LAS,Support,LAS Champ 1 · playoffs,5,0.4,2.14,62.0,-0.0,54.0,62.0
Garden,Dplus Kia Academy,LAS,Mid,LAS Champ 1 · playoffs,8,0.75,5.82,34.0,6.0,54.0,40.0
Levy,HANJIN BRION Academy,LAS,ADC,LAS Champ 1 · playoffs,10,0.5,3.89,31.0,0.0,54.0,31.0
Vincenzo,HANJIN BRION Academy,LAS,Jungle,LAS Champ 1 · playoffs,10,0.5,7.82,14.0,0.0,54.0,14.0
Quokka,T1 Esports Academy Rookies,LAS,Top,LAS Champ 1 · playoffs,5,0.4,2.71,13.0,-0.0,54.0,13.0
Dinai,T1 Esports Academy Rookies,LAS,Jungle,LAS Champ 1 · playoffs,2,0.0,1.33,9.0,-3.0,54.0,6.0
Prever,Dplus Kia Academy,LAS,Jungle,LAS Champ 1 · playoffs,8,0.75,3.63,-4.0,6.0,54.0,2.0
Jaehyuk,Dplus Kia Academy,LAS,Top,LAS Champ 1 · playoffs,8,0.75,3.59,-10.0,6.0,54.0,-4.0
Cypher,T1 Esports Academy Rookies,LAS,ADC,LAS Champ 1 · playoffs,5,0.4,3.64,-9.0,-0.0,54.0,-9.0
Half,HANJIN BRION Academy,LAS,Top,LAS Champ 1 · playoffs,10,0.5,3.48,-16.0,0.0,54.0,-16.0
Hwichan,T1 Esports Academy Rookies,LAS,Mid,LAS Champ 1 · playoffs,5,0.4,2.6,-20.0,-0.0,54.0,-20.0
Jinbeom,Dplus Kia Academy,LAS,ADC,LAS Champ 1 · playoffs,8,0.75,5.41,-63.0,6.0,54.0,-57.0
Painter,Kiwoom DRX Academy,LAS,Jungle,LAS Champ 1 · playoffs,3,0.0,1.5,-61.0,-6.0,54.0,-67.0
LazyFeel,Kiwoom DRX Academy,LAS,ADC,LAS Champ 1 · playoffs,3,0.0,2.0,-64.0,-6.0,54.0,-70.0
Gryffinn,T1 Esports Academy Rookies,LAS,Jungle,LAS Champ 1 · playoffs,3,0.667,4.67,-73.0,2.0,54.0,-71.0
Chika,Kiwoom DRX Academy,LAS,Mid,LAS Champ 1 · playoffs,3,0.0,0.85,-68.0,-6.0,54.0,-74.0
Lumos,Kiwoom DRX Academy,LAS,Support,LAS Champ 1 · playoffs,3,0.0,1.0,-70.0,-6.0,54.0,-76.0
R0se,HANJIN BRION Academy,LAS,Mid,LAS Champ 1 · playoffs,10,0.5,3.2,-126.0,0.0,54.0,-126.0
Province,Kiwoom DRX Academy,LAS,Top,LAS Champ 1 · playoffs,3,0.0,0.73,-130.0,-6.0,54.0,-136.0
Thumb,Dplus Kia Academy,LAS,Support,LAS Champ 1 · saison régulière,18,0.833,5.47,155.0,4.0,54.0,159.0
FenRir,Dplus Kia Academy,LAS,ADC,LAS Champ 1 · saison régulière,16,0.875,4.06,87.0,6.0,54.0,93.0
Pooh,HANJIN BRION Academy,LAS,Support,LAS Champ 1 · saison régulière,36,0.722,6.22,83.0,0.0,53.0,83.0
Cloud,T1 Esports Academy Rookies,LAS,Support,LAS Champ 1 · saison régulière,36,0.75,3.66,62.0,1.0,53.0,63.0
Garden,Dplus Kia Academy,LAS,Mid,LAS Champ 1 · saison régulière,36,0.75,6.2,34.0,2.0,53.0,36.0
Levy,HANJIN BRION Academy,LAS,ADC,LAS Champ 1 · saison régulière,36,0.722,4.82,31.0,0.0,53.0,31.0
Jackal,Hanwha Life Esports Academy,LAS,Jungle,LAS Champ 1 · saison régulière,33,0.606,4.75,17.0,2.0,53.0,19.0
Bluffing,Hanwha Life Esports Academy,LAS,Support,LAS Champ 1 · saison régulière,36,0.611,5.13,17.0,0.0,53.0,17.0
Quokka,T1 Esports Academy Rookies,LAS,Top,LAS Champ 1 · saison régulière,36,0.75,3.97,13.0,1.0,53.0,14.0
Dinai,T1 Esports Academy Rookies,LAS,Jungle,LAS Champ 1 · saison régulière,19,0.684,4.7,9.0,5.0,54.0,14.0
Vincenzo,HANJIN BRION Academy,LAS,Jungle,LAS Champ 1 · saison régulière,36,0.722,5.28,14.0,0.0,53.0,14.0
Prever,Dplus Kia Academy,LAS,Jungle,LAS Champ 1 · saison régulière,36,0.75,4.52,-4.0,2.0,53.0,-2.0
Cypher,T1 Esports Academy Rookies,LAS,ADC,LAS Champ 1 · saison régulière,36,0.75,5.3,-9.0,1.0,53.0,-8.0
Jaehyuk,Dplus Kia Academy,LAS,Top,LAS Champ 1 · saison régulière,36,0.75,3.62,-10.0,2.0,53.0,-8.0
Hansung,Kiwoom DRX Academy,LAS,Top,LAS Champ 1 · saison régulière,21,0.667,4.13,-10.0,0.0,54.0,-10.0
Half,HANJIN BRION Academy,LAS,Top,LAS Champ 1 · saison régulière,36,0.722,3.0,-16.0,0.0,53.0,-16.0
Hwichan,T1 Esports Academy Rookies,LAS,Mid,LAS Champ 1 · saison régulière,36,0.75,4.77,-20.0,1.0,53.0,-19.0
Lucy,Nongshim Esports Academy,LCKC,ADC,LAS Champ 1 · saison régulière,36,0.472,3.85,-33.0,-2.0,53.0,-35.0
Pyeonsik,Hanwha Life Esports Academy,LAS,ADC,LAS Champ 1 · saison régulière,36,0.611,6.56,-37.0,0.0,53.0,-37.0
Cracker,Hanwha Life Esports Academy,LAS,Mid,LAS Champ 1 · saison régulière,36,0.611,5.09,-51.0,0.0,53.0,-51.0
LazyFeel,Kiwoom DRX Academy,LAS,ADC,LAS Champ 1 · saison régulière,13,0.692,6.13,-64.0,9.0,54.0,-55.0
Painter,Kiwoom DRX Academy,LAS,Jungle,LAS Champ 1 · saison régulière,36,0.639,4.06,-61.0,5.0,53.0,-56.0
Chika,Kiwoom DRX Academy,LAS,Mid,LAS Champ 1 · saison régulière,36,0.639,3.88,-68.0,5.0,53.0,-63.0
Lumos,Kiwoom DRX Academy,LAS,Support,LAS Champ 1 · saison régulière,36,0.639,3.6,-70.0,5.0,53.0,-65.0
Jinbeom,Dplus Kia Academy,LAS,ADC,LAS Champ 1 · saison régulière,20,0.65,4.76,-63.0,-4.0,54.0,-67.0
Gryffinn,T1 Esports Academy Rookies,LAS,Jungle,LAS Champ 1 · saison régulière,17,0.824,4.51,-73.0,-4.0,54.0,-77.0
AKaJe,Kiwoom DRX Academy,LAS,ADC,LAS Champ 1 · saison régulière,23,0.609,5.47,-102.0,-4.0,54.0,-106.0
Province,Kiwoom DRX Academy,LAS,Top,LAS Champ 1 · saison régulière,15,0.6,3.4,-130.0,5.0,54.0,-125.0
R0se,HANJIN BRION Academy,LAS,Mid,LAS Champ 1 · saison régulière,36,0.722,3.95,-126.0,0.0,53.0,-126.0
Haetae,Hanwha Life Esports Academy,LAS,Top,LAS Champ 1 · saison régulière,36,0.611,3.11,-127.0,0.0,53.0,-127.0
Midir,Nongshim Esports Academy,LCKC,Top,LAS Champ 1 · saison régulière,36,0.472,2.6,-150.0,-2.0,53.0,-152.0
Sero,KT Rolster Academy,LAS,Top,LAS Champ 1 · saison régulière,36,0.417,2.76,-152.0,-1.0,53.0,-153.0
Chrissy,KT Rolster Academy,LAS,Support,LAS Champ 1 · saison régulière,36,0.417,3.39,-153.0,-1.0,53.0,-154.0
Soft,KT Rolster Academy,LAS,Jungle,LAS Champ 1 · saison régulière,36,0.417,3.34,-177.0,-1.0,53.0,-178.0
Merit,KT Rolster Academy,LAS,ADC,LAS Champ 1 · saison régulière,36,0.417,4.46,-185.0,-1.0,53.0,-186.0
Chan,BNK FEARX Academy,LAS,Top,LAS Champ 1 · saison régulière,18,0.333,2.26,-190.0,1.0,54.0,-189.0
AKIRA,Dplus Kia Academy,LAS,Support,LAS Champ 1 · saison régulière,18,0.667,3.37,-189.0,-2.0,54.0,-191.0
i kid,KT Rolster Academy,LAS,Mid,LAS Champ 1 · saison régulière,36,0.417,2.87,-224.0,-1.0,53.0,-225.0
Johnsmith,BNK FEARX Academy,LAS,Mid,LAS Champ 1 · saison régulière,18,0.333,2.93,-229.0,1.0,54.0,-228.0
Listo,BNK FEARX Academy,LAS,Jungle,LAS Champ 1 · saison régulière,18,0.333,3.11,-229.0,1.0,54.0,-228.0
AlexRyoo,Gen.G Scholars,LAS,ADC,LAS Champ 1 · saison régulière,16,0.375,3.34,-236.0,1.0,54.0,-235.0
Aegis,BNK FEARX Academy,LAS,Support,LAS Champ 1 · saison régulière,18,0.333,1.83,-254.0,1.0,54.0,-253.0
beast,Nongshim RedForce Academy,LAS,Mid,LAS Champ 1 · saison régulière,36,0.472,3.24,-266.0,-2.0,53.0,-268.0
Hanbyeol,Gen.G Scholars,LAS,Top,LAS Champ 1 · saison régulière,36,0.333,1.89,-279.0,-0.0,53.0,-279.0
FLOW,Nongshim RedForce Academy,LAS,Support,LAS Champ 1 · saison régulière,36,0.472,2.55,-290.0,-2.0,53.0,-292.0
Foam,Gen.G Scholars,LAS,Support,LAS Champ 1 · saison régulière,36,0.333,1.86,-296.0,-0.0,53.0,-296.0
MihawK,Nongshim RedForce Academy,LAS,Jungle,LAS Champ 1 · saison régulière,36,0.472,2.81,-296.0,-2.0,53.0,-298.0
Ladle,Gen.G Scholars,LAS,ADC,LAS Champ 1 · saison régulière,20,0.3,2.19,-315.0,-1.0,54.0,-316.0
Ade,Gen.G Scholars,LAS,Jungle,LAS Champ 1 · saison régulière,36,0.333,1.74,-334.0,-0.0,53.0,-334.0
Solbon,Gen.G Scholars,LAS,Mid,LAS Champ 1 · saison régulière,36,0.333,2.13,-334.0,-0.0,53.0,-334.0
Junwon,BNK FEARX Academy,LAS,Support,LAS Champ 1 · saison régulière,16,0.062,1.92,-406.0,-3.0,54.0,-409.0
Lucifer,BNK FEARX Academy,LAS,ADC,LAS Champ 1 · saison régulière,36,0.194,2.59,-409.0,-4.0,53.0,-413.0
Equinox,BNK FEARX Academy,LAS,Top,LAS Champ 1 · saison régulière,15,0.067,1.25,-414.0,-2.0,54.0,-416.0
Wooper,DN SOOPers Academy,LAS,ADC,LAS Champ 1 · saison régulière,28,0.143,2.19,-444.0,1.0,54.0,-443.0
Neo,DN SOOPers Academy,LAS,Support,LAS Champ 1 · saison régulière,36,0.111,1.03,-456.0,-2.0,53.0,-458.0
Aru,BNK FEARX Academy,LAS,Mid,LAS Champ 1 · saison régulière,18,0.056,1.58,-509.0,-5.0,54.0,-514.0
walker,BNK FEARX Academy,LAS,Jungle,LAS Champ 1 · saison régulière,18,0.056,1.06,-529.0,-5.0,54.0,-534.0
Solid,DN SOOPers Academy,LAS,Jungle,LAS Champ 1 · saison régulière,36,0.111,1.32,-535.0,-2.0,53.0,-537.0
Uknow,DN SOOPers Academy,LAS,Top,LAS Champ 1 · saison régulière,36,0.111,1.13,-546.0,-2.0,53.0,-548.0
Flip,DN SOOPers Academy,LAS,Mid,LAS Champ 1 · saison régulière,36,0.111,1.79,-557.0,-2.0,53.0,-559.0
Thumb,Dplus Kia Academy,LAS,Support,LAS Champ 2 · playoffs,5,0.4,3.5,155.0,0.0,54.0,155.0
Pooh,HANJIN BRION Academy,LAS,Support,LAS Champ 2 · playoffs,7,0.857,3.27,83.0,7.0,54.0,90.0
Guti,HANJIN BRION Academy,LAS,Mid,LAS Champ 2 · playoffs,7,0.857,7.0,65.0,7.0,54.0,72.0
Cloud,T1 Esports Academy Rookies,LAS,Support,LAS Champ 2 · playoffs,8,0.375,1.73,62.0,-5.0,54.0,57.0
Levy,HANJIN BRION Academy,LAS,ADC,LAS Champ 2 · playoffs,7,0.857,5.73,31.0,7.0,54.0,38.0
Garden,Dplus Kia Academy,LAS,Mid,LAS Champ 2 · playoffs,5,0.4,5.38,34.0,0.0,54.0,34.0
Vincenzo,HANJIN BRION Academy,LAS,Jungle,LAS Champ 2 · playoffs,7,0.857,16.0,14.0,7.0,54.0,21.0
Dinai,T1 Esports Academy Rookies,LAS,Jungle,LAS Champ 2 · playoffs,8,0.375,2.34,9.0,-5.0,54.0,4.0
2J2,BNK FEARX Academy,LAS,Support,LAS Champ 2 · playoffs,4,0.25,2.19,4.0,-2.0,54.0,2.0
Prever,Dplus Kia Academy,LAS,Jungle,LAS Champ 2 · playoffs,5,0.4,5.46,-4.0,0.0,54.0,-4.0
Half,HANJIN BRION Academy,LAS,Top,LAS Champ 2 · playoffs,7,0.857,3.81,-16.0,7.0,54.0,-9.0
Jaehyuk,Dplus Kia Academy,LAS,Top,LAS Champ 2 · playoffs,5,0.4,7.5,-10.0,0.0,54.0,-10.0
Cypher,T1 Esports Academy Rookies,LAS,ADC,LAS Champ 2 · playoffs,8,0.375,3.17,-9.0,-5.0,54.0,-14.0
Hwichan,T1 Esports Academy Rookies,LAS,Mid,LAS Champ 2 · playoffs,8,0.375,3.68,-20.0,-5.0,54.0,-25.0
Guardian,BNK FEARX Academy,LAS,Top,LAS Champ 2 · playoffs,4,0.25,1.93,-47.0,-2.0,54.0,-49.0
Abyss,T1 Esports Academy Rookies,LAS,Top,LAS Champ 2 · playoffs,8,0.375,1.71,-82.0,-5.0,54.0,-87.0
Cid,BNK FEARX Academy,LAS,Mid,LAS Champ 2 · playoffs,4,0.25,2.55,-86.0,-2.0,54.0,-88.0
Herres,BNK FEARX Academy,LAS,Jungle,LAS Champ 2 · playoffs,4,0.25,3.62,-95.0,-2.0,54.0,-97.0
MUDAI,BNK FEARX Academy,LAS,ADC,LAS Champ 2 · playoffs,4,0.25,1.86,-107.0,-2.0,54.0,-109.0
xpd,Dplus Kia Academy,LAS,ADC,LAS Champ 2 · playoffs,5,0.4,2.78,-297.0,0.0,54.0,-297.0
Thumb,Dplus Kia Academy,LAS,Support,LAS Champ 2 · saison régulière,24,0.625,3.02,155.0,-6.0,54.0,149.0
Pooh,HANJIN BRION Academy,LAS,Support,LAS Champ 2 · saison régulière,24,0.75,4.8,83.0,-3.0,54.0,80.0
Cloud,T1 Esports Academy Rookies,LAS,Support,LAS Champ 2 · saison régulière,24,0.667,4.18,62.0,6.0,54.0,68.0
Guti,HANJIN BRION Academy,LAS,Mid,LAS Champ 2 · saison régulière,24,0.75,6.16,65.0,-3.0,54.0,62.0
Janus,BNK FEARX Youth,LCKC,Top,LAS Champ 2 · saison régulière,8,0.625,2.79,42.0,1.0,54.0,43.0
Garden,Dplus Kia Academy,LAS,Mid,LAS Champ 2 · saison régulière,24,0.625,4.66,34.0,-6.0,54.0,28.0
Levy,HANJIN BRION Academy,LAS,ADC,LAS Champ 2 · saison régulière,24,0.75,6.06,31.0,-3.0,54.0,28.0
Dinai,T1 Esports Academy Rookies,LAS,Jungle,LAS Champ 2 · saison régulière,24,0.667,6.27,9.0,6.0,54.0,15.0
Quokka,T1 Esports Academy Rookies,LAS,Top,LAS Champ 2 · saison régulière,6,0.833,9.14,13.0,0.0,54.0,13.0
Vincenzo,HANJIN BRION Academy,LAS,Jungle,LAS Champ 2 · saison régulière,24,0.75,6.84,14.0,-3.0,54.0,11.0
2J2,BNK FEARX Academy,LAS,Support,LAS Champ 2 · saison régulière,24,0.667,3.29,4.0,4.0,54.0,8.0
Cypher,T1 Esports Academy Rookies,LAS,ADC,LAS Champ 2 · saison régulière,24,0.667,5.0,-9.0,6.0,54.0,-3.0
Prever,Dplus Kia Academy,LAS,Jungle,LAS Champ 2 · saison régulière,24,0.625,3.51,-4.0,-6.0,54.0,-10.0
Hwichan,T1 Esports Academy Rookies,LAS,Mid,LAS Champ 2 · saison régulière,20,0.65,3.94,-20.0,5.0,54.0,-15.0
Jaehyuk,Dplus Kia Academy,LAS,Top,LAS Champ 2 · saison régulière,16,0.625,3.52,-10.0,-7.0,54.0,-17.0
Half,HANJIN BRION Academy,LAS,Top,LAS Champ 2 · saison régulière,24,0.75,3.32,-16.0,-3.0,54.0,-19.0
Guardian,BNK FEARX Academy,LAS,Top,LAS Champ 2 · saison régulière,24,0.667,4.13,-47.0,4.0,54.0,-43.0
Abyss,T1 Esports Academy Rookies,LAS,Top,LAS Champ 2 · saison régulière,18,0.611,2.67,-82.0,5.0,54.0,-77.0
Cid,BNK FEARX Academy,LAS,Mid,LAS Champ 2 · saison régulière,24,0.667,3.93,-86.0,4.0,54.0,-82.0
Herres,BNK FEARX Academy,LAS,Jungle,LAS Champ 2 · saison régulière,24,0.667,3.68,-95.0,4.0,54.0,-91.0
Pride,KT Rolster Academy,LAS,Support,LAS Champ 2 · saison régulière,24,0.417,3.36,-97.0,1.0,54.0,-96.0
MUDAI,BNK FEARX Academy,LAS,ADC,LAS Champ 2 · saison régulière,24,0.667,4.77,-107.0,4.0,54.0,-103.0
Sero,KT Rolster Academy,LAS,Top,LAS Champ 2 · saison régulière,24,0.417,2.31,-152.0,1.0,54.0,-151.0
Cherry,KT Rolster Academy,LAS,ADC,LAS Champ 2 · saison régulière,24,0.417,3.62,-168.0,1.0,54.0,-167.0
Calix,KT Rolster Academy,LAS,Mid,LAS Champ 2 · saison régulière,24,0.417,2.25,-175.0,1.0,54.0,-174.0
Soft,KT Rolster Academy,LAS,Jungle,LAS Champ 2 · saison régulière,24,0.417,3.2,-177.0,1.0,54.0,-176.0
Celina,Nongshim RedForce Academy,LAS,ADC,LAS Champ 2 · saison régulière,24,0.333,2.88,-265.0,-1.0,54.0,-266.0
beast,Nongshim RedForce Academy,LAS,Mid,LAS Champ 2 · saison régulière,24,0.333,2.48,-266.0,-1.0,54.0,-267.0
Jihoo,Nongshim RedForce Academy,LAS,Top,LAS Champ 2 · saison régulière,24,0.333,1.98,-272.0,-1.0,54.0,-273.0
FLOW,Nongshim RedForce Academy,LAS,Support,LAS Champ 2 · saison régulière,24,0.333,2.14,-290.0,-1.0,54.0,-291.0
MihawK,Nongshim RedForce Academy,LAS,Jungle,LAS Champ 2 · saison régulière,24,0.333,2.38,-296.0,-1.0,54.0,-297.0
xpd,Dplus Kia Academy,LAS,ADC,LAS Champ 2 · saison régulière,24,0.625,3.81,-297.0,-6.0,54.0,-303.0
Wooper,DN SOOPers Academy,LAS,ADC,LAS Champ 2 · saison régulière,24,0.042,2.21,-444.0,1.0,54.0,-443.0
Neo,DN SOOPers Academy,LAS,Support,LAS Champ 2 · saison régulière,19,0.053,1.76,-456.0,2.0,54.0,-454.0
Solid,DN SOOPers Academy,LAS,Jungle,LAS Champ 2 · saison régulière,24,0.042,1.47,-535.0,1.0,54.0,-534.0
Uknow,DN SOOPers Academy,LAS,Top,LAS Champ 2 · saison régulière,24,0.042,1.16,-546.0,1.0,54.0,-545.0
Flip,DN SOOPers Academy,LAS,Mid,LAS Champ 2 · saison régulière,24,0.042,1.99,-557.0,1.0,54.0,-556.0
Kiin,Gen.G,LCK,Top,LCK Spring · playoffs,14,0.643,3.73,1053.0,-4.0,54.0,1049.0
Canyon,Gen.G,LCK,Jungle,LCK Spring · playoffs,14,0.643,4.29,1049.0,-4.0,54.0,1045.0
Chovy,Gen.G,LCK,Mid,LCK Spring · playoffs,14,0.643,5.19,1024.0,-4.0,54.0,1020.0
Peyz,Gen.G,LCK,ADC,LCK Spring · playoffs,14,0.643,5.07,979.0,-4.0,54.0,975.0
Keria,T1,LCK,Support,LCK Spring · playoffs,15,0.533,3.52,936.0,6.0,54.0,942.0
Peanut,Hanwha Life Esports,LCK,Jungle,LCK Spring · playoffs,14,0.571,4.29,909.0,0.0,54.0,909.0
Faker,T1,LCK,Mid,LCK Spring · playoffs,15,0.533,3.94,900.0,6.0,54.0,906.0
Zeus,T1,LCK,Top,LCK Spring · playoffs,15,0.533,2.82,894.0,6.0,54.0,900.0
Gumayusi,T1,LCK,ADC,LCK Spring · playoffs,15,0.533,3.72,893.0,6.0,54.0,899.0
Viper,Hanwha Life Esports,LCK,ADC,LCK Spring · playoffs,14,0.571,5.29,886.0,0.0,54.0,886.0
Zeka,Hanwha Life Esports,LCK,Mid,LCK Spring · playoffs,14,0.571,5.58,863.0,0.0,54.0,863.0
Delight,Hanwha Life Esports,LCK,Support,LCK Spring · playoffs,14,0.571,4.27,862.0,0.0,54.0,862.0
Doran,Hanwha Life Esports,LCK,Top,LCK Spring · playoffs,14,0.571,3.48,854.0,0.0,54.0,854.0
Aiming,Dplus Kia,LCK,ADC,LCK Spring · playoffs,13,0.385,5.65,837.0,3.0,54.0,840.0
Oner,T1,LCK,Jungle,LCK Spring · playoffs,15,0.533,2.92,830.0,6.0,54.0,836.0
Lehends,Gen.G,LCK,Support,LCK Spring · playoffs,14,0.643,3.98,825.0,-4.0,54.0,821.0
Lucid,Dplus Kia,LCK,Jungle,LCK Spring · playoffs,13,0.385,2.89,809.0,3.0,54.0,812.0
ShowMaker,Dplus Kia,LCK,Mid,LCK Spring · playoffs,13,0.385,3.66,782.0,3.0,54.0,785.0
Kellin,Dplus Kia,LCK,Support,LCK Spring · playoffs,13,0.385,3.17,768.0,3.0,54.0,771.0
PerfecT,KT Rolster,LCK,Top,LCK Spring · playoffs,5,0.4,2.31,738.0,-4.0,54.0,734.0
Pyosik,KT Rolster,LCK,Jungle,LCK Spring · playoffs,5,0.4,2.73,717.0,-4.0,54.0,713.0
BeryL,KT Rolster,LCK,Support,LCK Spring · playoffs,5,0.4,2.44,716.0,-4.0,54.0,712.0
DuDu,DN SOOPers,LCK,Top,LCK Spring · playoffs,3,0.0,1.42,677.0,-2.0,54.0,675.0
Deft,KT Rolster,LCK,ADC,LCK Spring · playoffs,5,0.4,3.7,679.0,-4.0,54.0,675.0
Cuzz,DN SOOPers,LCK,Jungle,LCK Spring · playoffs,3,0.0,2.22,674.0,-2.0,54.0,672.0
Bdd,KT Rolster,LCK,Mid,LCK Spring · playoffs,5,0.4,2.79,664.0,-4.0,54.0,660.0
BuLLDoG,DN SOOPers,LCK,Mid,LCK Spring · playoffs,3,0.0,1.29,642.0,-2.0,54.0,640.0
Kingen,Dplus Kia,LCK,Top,LCK Spring · playoffs,13,0.385,1.71,618.0,3.0,54.0,621.0
Bull,DN SOOPers Challengers,LCKC,ADC,LCK Spring · playoffs,3,0.0,1.0,476.0,-2.0,54.0,474.0
Quantum,DN SOOPers Challengers,LCKC,Support,LCK Spring · playoffs,3,0.0,0.65,400.0,-2.0,54.0,398.0
Kiin,Gen.G,LCK,Top,LCK Spring · saison régulière,39,0.872,4.74,1053.0,1.0,53.0,1054.0
Canyon,Gen.G,LCK,Jungle,LCK Spring · saison régulière,39,0.872,6.7,1049.0,1.0,53.0,1050.0
Chovy,Gen.G,LCK,Mid,LCK Spring · saison régulière,39,0.872,6.38,1024.0,1.0,53.0,1025.0
Peyz,Gen.G,LCK,ADC,LCK Spring · saison régulière,39,0.872,7.82,979.0,1.0,53.0,980.0
Keria,T1,LCK,Support,LCK Spring · saison régulière,40,0.8,5.99,936.0,17.0,53.0,953.0
Faker,T1,LCK,Mid,LCK Spring · saison régulière,40,0.8,5.7,900.0,17.0,53.0,917.0
Zeus,T1,LCK,Top,LCK Spring · saison régulière,40,0.8,3.48,894.0,17.0,53.0,911.0
Gumayusi,T1,LCK,ADC,LCK Spring · saison régulière,40,0.8,5.66,893.0,17.0,53.0,910.0
Peanut,Hanwha Life Esports,LCK,Jungle,LCK Spring · saison régulière,41,0.732,5.72,909.0,-4.0,53.0,905.0
Viper,Hanwha Life Esports,LCK,ADC,LCK Spring · saison régulière,41,0.732,7.93,886.0,-4.0,53.0,882.0
Zeka,Hanwha Life Esports,LCK,Mid,LCK Spring · saison régulière,41,0.732,6.29,863.0,-4.0,53.0,859.0
Delight,Hanwha Life Esports,LCK,Support,LCK Spring · saison régulière,41,0.732,6.84,862.0,-4.0,53.0,858.0
Doran,Hanwha Life Esports,LCK,Top,LCK Spring · saison régulière,41,0.732,3.2,854.0,-4.0,53.0,850.0
Oner,T1,LCK,Jungle,LCK Spring · saison régulière,38,0.79,4.18,830.0,15.0,53.0,845.0
Aiming,Dplus Kia,LCK,ADC,LCK Spring · saison régulière,42,0.5,4.9,837.0,-11.0,53.0,826.0
Lehends,Gen.G,LCK,Support,LCK Spring · saison régulière,39,0.872,5.79,825.0,1.0,53.0,826.0
Lucid,Dplus Kia,LCK,Jungle,LCK Spring · saison régulière,42,0.5,3.7,809.0,-11.0,53.0,798.0
Clozer,BNK FEARX,LCK,Mid,LCK Spring · saison régulière,43,0.372,2.95,779.0,-1.0,53.0,778.0
ShowMaker,Dplus Kia,LCK,Mid,LCK Spring · saison régulière,42,0.5,3.98,782.0,-11.0,53.0,771.0
Kellin,Dplus Kia,LCK,Support,LCK Spring · saison régulière,42,0.5,3.99,768.0,-11.0,53.0,757.0
PerfecT,KT Rolster,LCK,Top,LCK Spring · saison régulière,44,0.591,3.07,738.0,3.0,53.0,741.0
Pyosik,KT Rolster,LCK,Jungle,LCK Spring · saison régulière,44,0.591,3.87,717.0,3.0,53.0,720.0
BeryL,KT Rolster,LCK,Support,LCK Spring · saison régulière,44,0.591,3.62,716.0,3.0,53.0,719.0
Deft,KT Rolster,LCK,ADC,LCK Spring · saison régulière,44,0.591,4.62,679.0,3.0,53.0,682.0
DuDu,DN SOOPers,LCK,Top,LCK Spring · saison régulière,43,0.419,2.73,677.0,-0.0,53.0,677.0
Cuzz,DN SOOPers,LCK,Jungle,LCK Spring · saison régulière,43,0.419,2.64,674.0,-0.0,53.0,674.0
Bdd,KT Rolster,LCK,Mid,LCK Spring · saison régulière,44,0.591,4.74,664.0,3.0,53.0,667.0
Peter,Nongshim RedForce,LCK,Support,LCK Spring · saison régulière,44,0.318,3.25,661.0,2.0,53.0,663.0
BuLLDoG,DN SOOPers,LCK,Mid,LCK Spring · saison régulière,43,0.419,3.53,642.0,-0.0,53.0,642.0
Clear,BNK FEARX,LCK,Top,LCK Spring · saison régulière,43,0.372,2.76,633.0,-1.0,53.0,632.0
Hena,BNK FEARX,LCK,ADC,LCK Spring · saison régulière,43,0.372,3.47,620.0,-1.0,53.0,619.0
Kingen,Dplus Kia,LCK,Top,LCK Spring · saison régulière,42,0.5,2.99,618.0,-11.0,53.0,607.0
Sylvie,Nongshim RedForce,LCK,Jungle,LCK Spring · saison régulière,44,0.318,2.34,598.0,2.0,53.0,600.0
Pleata,Kiwoom DRX,LCK,Support,LCK Spring · saison régulière,43,0.256,2.46,576.0,-1.0,53.0,575.0
Andil,DN SOOPers,LCK,Support,LCK Spring · saison régulière,36,0.389,2.22,563.0,-5.0,53.0,558.0
Pullbae,HANJIN BRION Challengers,LCKC,Mid,LCK Spring · saison régulière,1,0.0,2.17,539.0,1.0,54.0,540.0
Willer,BNK FEARX Youth,LCKC,Jungle,LCK Spring · saison régulière,43,0.372,3.44,539.0,-1.0,53.0,538.0
Jiwoo,Nongshim RedForce,LCK,ADC,LCK Spring · saison régulière,44,0.318,2.79,514.0,2.0,53.0,516.0
Pollu,HANJIN BRION,LCK,Support,LCK Spring · saison régulière,27,0.259,2.61,501.0,1.0,54.0,502.0
Sponge,Kiwoom DRX,LCK,Jungle,LCK Spring · saison régulière,43,0.256,1.75,500.0,-1.0,53.0,499.0
Teddy,Kiwoom DRX,LCK,ADC,LCK Spring · saison régulière,43,0.256,2.69,495.0,-1.0,53.0,494.0
GIDEON,HANJIN BRION,LCK,Jungle,LCK Spring · saison régulière,37,0.216,2.44,487.0,-4.0,53.0,483.0
Bull,DN SOOPers Challengers,LCKC,ADC,LCK Spring · saison régulière,39,0.462,3.09,476.0,-0.0,53.0,476.0
Envyy,HANJIN BRION,LCK,ADC,LCK Spring · saison régulière,35,0.229,2.25,474.0,-3.0,53.0,471.0
Morgan,HANJIN BRION,LCK,Top,LCK Spring · saison régulière,41,0.195,1.98,457.0,-5.0,53.0,452.0
Quantum,DN SOOPers Challengers,LCKC,Support,LCK Spring · saison régulière,7,0.571,2.78,400.0,5.0,54.0,405.0
Samver,HANJIN BRION,LCK,ADC,LCK Spring · saison régulière,6,0.0,2.43,404.0,-3.0,54.0,401.0
kyeahoo,Kiwoom DRX Challengers,LCKC,Mid,LCK Spring · saison régulière,18,0.333,3.08,390.0,6.0,54.0,396.0
Frog,Kiwoom DRX Challengers,LCKC,Top,LCK Spring · saison régulière,2,0.0,0.5,384.0,0.0,54.0,384.0
Callme,Nongshim Esports Academy,LCKC,Mid,LCK Spring · saison régulière,35,0.343,2.11,376.0,3.0,53.0,379.0
DDoiV,HANJIN BRION Challengers,LCKC,Jungle,LCK Spring · saison régulière,4,0.0,1.4,355.0,-2.0,54.0,353.0
DnDn,Nongshim Esports Academy,LCKC,Top,LCK Spring · saison régulière,44,0.318,1.66,346.0,2.0,53.0,348.0
Rascal,Kiwoom DRX,LCK,Top,LCK Spring · saison régulière,41,0.268,1.68,345.0,-1.0,53.0,344.0
Guwon,T1 Esports Academy,LCKC,Jungle,LCK Spring · saison régulière,2,1.0,7.75,322.0,2.0,54.0,324.0
Execute,BNK FEARX Youth,LCKC,Support,LCK Spring · saison régulière,43,0.372,2.35,324.0,-1.0,53.0,323.0
Taeyoon,DN SOOPers Challengers,LCKC,ADC,LCK Spring · saison régulière,4,0.0,0.7,267.0,0.0,54.0,267.0
Effort,HANJIN BRION Challengers,LCKC,Support,LCK Spring · saison régulière,14,0.071,1.54,271.0,-6.0,54.0,265.0
FIESTA,Papara SuperMassive,TCL,Mid,LCK Spring · saison régulière,7,0.143,2.62,261.0,1.0,54.0,262.0
SeTab,Kiwoom DRX Challengers,LCKC,Mid,LCK Spring · saison régulière,25,0.2,1.66,262.0,-7.0,54.0,255.0
Karis,HANJIN BRION Challengers,LCKC,Mid,LCK Spring · saison régulière,40,0.2,2.16,255.0,-6.0,53.0,249.0
Calix,Nongshim Esports Academy,LCKC,Mid,LCK Spring · saison régulière,2,0.5,1.33,227.0,-2.0,54.0,225.0
Kiin,Gen.G,LCK,Top,LCK Summer · playoffs,12,0.667,3.39,1053.0,2.0,54.0,1055.0
Canyon,Gen.G,LCK,Jungle,LCK Summer · playoffs,12,0.667,6.22,1049.0,2.0,54.0,1051.0
Chovy,Gen.G,LCK,Mid,LCK Summer · playoffs,12,0.667,5.33,1024.0,2.0,54.0,1026.0
Peyz,Gen.G,LCK,ADC,LCK Summer · playoffs,12,0.667,10.64,979.0,2.0,54.0,981.0
Keria,T1,LCK,Support,LCK Summer · playoffs,15,0.467,2.58,936.0,-9.0,54.0,927.0
Peanut,Hanwha Life Esports,LCK,Jungle,LCK Summer · playoffs,16,0.625,5.19,909.0,10.0,54.0,919.0
Viper,Hanwha Life Esports,LCK,ADC,LCK Summer · playoffs,16,0.625,7.7,886.0,10.0,54.0,896.0
Faker,T1,LCK,Mid,LCK Summer · playoffs,15,0.467,2.19,900.0,-9.0,54.0,891.0
Zeus,T1,LCK,Top,LCK Summer · playoffs,15,0.467,2.14,894.0,-9.0,54.0,885.0
Gumayusi,T1,LCK,ADC,LCK Summer · playoffs,15,0.467,2.46,893.0,-9.0,54.0,884.0
Zeka,Hanwha Life Esports,LCK,Mid,LCK Summer · playoffs,16,0.625,6.33,863.0,10.0,54.0,873.0
Delight,Hanwha Life Esports,LCK,Support,LCK Summer · playoffs,16,0.625,3.41,862.0,10.0,54.0,872.0
Doran,Hanwha Life Esports,LCK,Top,LCK Summer · playoffs,16,0.625,2.93,854.0,10.0,54.0,864.0
Aiming,Dplus Kia,LCK,ADC,LCK Summer · playoffs,11,0.364,6.2,837.0,-1.0,54.0,836.0
Lehends,Gen.G,LCK,Support,LCK Summer · playoffs,12,0.667,3.36,825.0,2.0,54.0,827.0
Oner,T1,LCK,Jungle,LCK Summer · playoffs,15,0.467,2.3,830.0,-9.0,54.0,821.0
Lucid,Dplus Kia,LCK,Jungle,LCK Summer · playoffs,11,0.364,3.93,809.0,-1.0,54.0,808.0
ShowMaker,Dplus Kia,LCK,Mid,LCK Summer · playoffs,11,0.364,4.12,782.0,-1.0,54.0,781.0
Clozer,BNK FEARX,LCK,Mid,LCK Summer · playoffs,4,0.25,2.08,779.0,-4.0,54.0,775.0
PerfecT,KT Rolster,LCK,Top,LCK Summer · playoffs,4,0.25,2.38,738.0,1.0,54.0,739.0
Pyosik,KT Rolster,LCK,Jungle,LCK Summer · playoffs,4,0.25,4.17,717.0,1.0,54.0,718.0
BeryL,KT Rolster,LCK,Support,LCK Summer · playoffs,4,0.25,2.36,716.0,1.0,54.0,717.0
Moham,Dplus Kia,LCK,Support,LCK Summer · playoffs,11,0.364,2.33,683.0,-1.0,54.0,682.0
Deft,KT Rolster,LCK,ADC,LCK Summer · playoffs,4,0.25,2.88,679.0,1.0,54.0,680.0
Bdd,KT Rolster,LCK,Mid,LCK Summer · playoffs,4,0.25,7.5,664.0,1.0,54.0,665.0
Clear,BNK FEARX,LCK,Top,LCK Summer · playoffs,4,0.25,1.57,633.0,-4.0,54.0,629.0
Kingen,Dplus Kia,LCK,Top,LCK Summer · playoffs,11,0.364,1.84,618.0,-1.0,54.0,617.0
Hena,BNK FEARX,LCK,ADC,LCK Summer · playoffs,4,0.25,2.55,620.0,-4.0,54.0,616.0
Duro,BNK FEARX,LCK,Support,LCK Summer · playoffs,4,0.25,1.69,585.0,-4.0,54.0,581.0
Raptor,BNK FEARX,LCK,Jungle,LCK Summer · playoffs,4,0.25,1.53,410.0,-4.0,54.0,406.0
Kiin,Gen.G,LCK,Top,LCK Summer · saison régulière,38,0.921,4.97,1053.0,8.0,53.0,1061.0
Canyon,Gen.G,LCK,Jungle,LCK Summer · saison régulière,38,0.921,6.64,1049.0,8.0,53.0,1057.0
Chovy,Gen.G,LCK,Mid,LCK Summer · saison régulière,38,0.921,7.04,1024.0,8.0,53.0,1032.0
Peyz,Gen.G,LCK,ADC,LCK Summer · saison régulière,38,0.921,9.46,979.0,8.0,53.0,987.0
Keria,T1,LCK,Support,LCK Summer · saison régulière,44,0.568,4.13,936.0,-20.0,53.0,916.0
Peanut,Hanwha Life Esports,LCK,Jungle,LCK Summer · saison régulière,41,0.732,5.6,909.0,0.0,53.0,909.0
Viper,Hanwha Life Esports,LCK,ADC,LCK Summer · saison régulière,41,0.732,6.31,886.0,0.0,53.0,886.0
Faker,T1,LCK,Mid,LCK Summer · saison régulière,44,0.568,3.79,900.0,-20.0,53.0,880.0
Zeus,T1,LCK,Top,LCK Summer · saison régulière,44,0.568,2.87,894.0,-20.0,53.0,874.0
Gumayusi,T1,LCK,ADC,LCK Summer · saison régulière,44,0.568,4.82,893.0,-20.0,53.0,873.0
Zeka,Hanwha Life Esports,LCK,Mid,LCK Summer · saison régulière,41,0.732,5.68,863.0,0.0,53.0,863.0
Delight,Hanwha Life Esports,LCK,Support,LCK Summer · saison régulière,41,0.732,4.33,862.0,0.0,53.0,862.0
Doran,Hanwha Life Esports,LCK,Top,LCK Summer · saison régulière,41,0.732,3.3,854.0,0.0,53.0,854.0
Aiming,Dplus Kia,LCK,ADC,LCK Summer · saison régulière,45,0.644,8.57,837.0,14.0,53.0,851.0
Lehends,Gen.G,LCK,Support,LCK Summer · saison régulière,38,0.921,3.8,825.0,8.0,53.0,833.0
Lucid,Dplus Kia,LCK,Jungle,LCK Summer · saison régulière,45,0.644,5.4,809.0,14.0,53.0,823.0
Oner,T1,LCK,Jungle,LCK Summer · saison régulière,44,0.568,4.79,830.0,-20.0,53.0,810.0
ShowMaker,Dplus Kia,LCK,Mid,LCK Summer · saison régulière,45,0.644,4.71,782.0,14.0,53.0,796.0
Clozer,BNK FEARX,LCK,Mid,LCK Summer · saison régulière,41,0.415,4.05,779.0,6.0,53.0,785.0
Kellin,Dplus Kia,LCK,Support,LCK Summer · saison régulière,35,0.6,3.41,768.0,12.0,53.0,780.0
PerfecT,KT Rolster,LCK,Top,LCK Summer · saison régulière,41,0.512,2.68,738.0,-5.0,53.0,733.0
Pyosik,KT Rolster,LCK,Jungle,LCK Summer · saison régulière,44,0.477,4.59,717.0,-8.0,53.0,709.0
BeryL,KT Rolster,LCK,Support,LCK Summer · saison régulière,44,0.477,3.03,716.0,-8.0,53.0,708.0
Leaper,DN SOOPers,LCK,ADC,LCK Summer · saison régulière,44,0.477,2.94,694.0,2.0,53.0,696.0
Moham,Dplus Kia,LCK,Support,LCK Summer · saison régulière,10,0.8,3.42,683.0,2.0,54.0,685.0
DuDu,DN SOOPers,LCK,Top,LCK Summer · saison régulière,44,0.477,2.97,677.0,2.0,53.0,679.0
Cuzz,DN SOOPers,LCK,Jungle,LCK Summer · saison régulière,44,0.477,3.42,674.0,2.0,53.0,676.0
Deft,KT Rolster,LCK,ADC,LCK Summer · saison régulière,44,0.477,4.35,679.0,-8.0,53.0,671.0
Bdd,KT Rolster,LCK,Mid,LCK Summer · saison régulière,44,0.477,4.37,664.0,-8.0,53.0,656.0
BuLLDoG,DN SOOPers,LCK,Mid,LCK Summer · saison régulière,44,0.477,2.8,642.0,2.0,53.0,644.0
Clear,BNK FEARX,LCK,Top,LCK Summer · saison régulière,41,0.415,2.49,633.0,6.0,53.0,639.0
Kingen,Dplus Kia,LCK,Top,LCK Summer · saison régulière,45,0.644,3.98,618.0,14.0,53.0,632.0
Hena,BNK FEARX,LCK,ADC,LCK Summer · saison régulière,41,0.415,4.23,620.0,6.0,53.0,626.0
Mihile,Nongshim RedForce,LCK,Top,LCK Summer · saison régulière,29,0.345,1.94,604.0,5.0,53.0,609.0
Sylvie,Nongshim RedForce,LCK,Jungle,LCK Summer · saison régulière,40,0.325,2.57,598.0,3.0,53.0,601.0
Duro,BNK FEARX,LCK,Support,LCK Summer · saison régulière,30,0.5,2.99,585.0,14.0,53.0,599.0
Pleata,Kiwoom DRX,LCK,Support,LCK Summer · saison régulière,40,0.25,2.33,576.0,-0.0,53.0,576.0
Andil,DN SOOPers,LCK,Support,LCK Summer · saison régulière,40,0.525,2.27,563.0,5.0,53.0,568.0
FATE,HANJIN BRION,LCK,Mid,LCK Summer · saison régulière,19,0.21,2.88,550.0,-1.0,54.0,549.0
Pullbae,HANJIN BRION Challengers,LCKC,Mid,LCK Summer · saison régulière,5,0.2,2.17,539.0,-2.0,54.0,537.0
vital,Nongshim RedForce,LCK,ADC,LCK Summer · saison régulière,11,0.454,2.95,523.0,9.0,54.0,532.0
Jiwoo,Nongshim RedForce,LCK,ADC,LCK Summer · saison régulière,40,0.325,2.54,514.0,3.0,53.0,517.0
Sponge,Kiwoom DRX,LCK,Jungle,LCK Summer · saison régulière,40,0.25,1.98,500.0,-0.0,53.0,500.0
Pollu,HANJIN BRION,LCK,Support,LCK Summer · saison régulière,41,0.195,1.57,501.0,-4.0,53.0,497.0
Teddy,Kiwoom DRX,LCK,ADC,LCK Summer · saison régulière,38,0.263,3.13,495.0,-0.0,53.0,495.0
Envyy,HANJIN BRION,LCK,ADC,LCK Summer · saison régulière,29,0.207,1.9,474.0,-1.0,53.0,473.0
YoungJae,HANJIN BRION,LCK,Jungle,LCK Summer · saison régulière,35,0.143,3.24,465.0,-7.0,53.0,458.0
Morgan,HANJIN BRION,LCK,Top,LCK Summer · saison régulière,41,0.195,1.83,457.0,-4.0,53.0,453.0
Fisher,Nongshim RedForce,LCK,Mid,LCK Summer · saison régulière,33,0.364,2.62,431.0,2.0,53.0,433.0
Raptor,BNK FEARX,LCK,Jungle,LCK Summer · saison régulière,41,0.415,3.34,410.0,6.0,53.0,416.0
Samver,HANJIN BRION,LCK,ADC,LCK Summer · saison régulière,12,0.167,2.84,404.0,-4.0,54.0,400.0
Quantum,DN SOOPers Challengers,LCKC,Support,LCK Summer · saison régulière,4,0.0,0.55,400.0,-3.0,54.0,397.0
Frog,Kiwoom DRX Challengers,LCKC,Top,LCK Summer · saison régulière,19,0.421,2.48,384.0,5.0,54.0,389.0
kyeahoo,Kiwoom DRX Challengers,LCKC,Mid,LCK Summer · saison régulière,31,0.258,2.77,390.0,-4.0,53.0,386.0
Callme,Nongshim Esports Academy,LCKC,Mid,LCK Summer · saison régulière,1,0.0,1.0,376.0,-0.0,54.0,376.0
DDoiV,HANJIN BRION Challengers,LCKC,Jungle,LCK Summer · saison régulière,6,0.5,3.23,355.0,3.0,54.0,358.0
Casting,KT Rolster Challengers,LCKC,Top,LCK Summer · saison régulière,3,0.0,1.44,351.0,-3.0,54.0,348.0
DnDn,Nongshim Esports Academy,LCKC,Top,LCK Summer · saison régulière,11,0.273,1.75,346.0,-3.0,54.0,343.0
Rascal,Kiwoom DRX,LCK,Top,LCK Summer · saison régulière,21,0.095,1.37,345.0,-5.0,54.0,340.0
Execute,BNK FEARX Youth,LCKC,Support,LCK Summer · saison régulière,11,0.182,1.92,324.0,-8.0,54.0,316.0
GuGer,Nongshim RedForce,LCK,Support,LCK Summer · saison régulière,29,0.276,1.59,314.0,-6.0,53.0,308.0
SeTab,Kiwoom DRX Challengers,LCKC,Mid,LCK Summer · saison régulière,9,0.222,2.46,262.0,4.0,54.0,266.0
Karis,HANJIN BRION Challengers,LCKC,Mid,LCK Summer · saison régulière,17,0.176,2.39,255.0,-2.0,54.0,253.0
Calix,Nongshim Esports Academy,LCKC,Mid,LCK Summer · saison régulière,6,0.167,2.0,227.0,1.0,54.0,228.0
Paduck,Kiwoom DRX Challengers,LCKC,ADC,LCK Summer · saison régulière,2,0.0,2.0,154.0,0.0,54.0,154.0
Zinie,KT Rolster Challengers,LCKC,Mid,LCKC Spring · playoffs,16,0.688,3.71,613.0,4.0,54.0,617.0
Mihile,Nongshim RedForce,LCK,Top,LCKC Spring · playoffs,15,0.467,3.66,604.0,0.0,54.0,604.0
Hype,KT Rolster Challengers,LCKC,ADC,LCKC Spring · playoffs,16,0.688,7.03,586.0,4.0,54.0,590.0
Duro,BNK FEARX,LCK,Support,LCKC Spring · playoffs,4,0.25,3.75,585.0,-1.0,54.0,584.0
HamBak,KT Rolster Challengers,LCKC,Jungle,LCKC Spring · playoffs,16,0.688,4.5,554.0,4.0,54.0,558.0
Pullbae,HANJIN BRION Challengers,LCKC,Mid,LCKC Spring · playoffs,2,0.0,1.33,539.0,-2.0,54.0,537.0
vital,Nongshim RedForce,LCK,ADC,LCKC Spring · playoffs,15,0.467,3.38,523.0,0.0,54.0,523.0
Siwoo,Dplus Kia Challengers,LCKC,Top,LCKC Spring · playoffs,16,0.625,2.73,508.0,3.0,54.0,511.0
Saint,Dplus Kia Challengers,LCKC,Mid,LCKC Spring · playoffs,16,0.625,3.41,496.0,3.0,54.0,499.0
Sharvel,Dplus Kia Challengers,LCKC,Jungle,LCKC Spring · playoffs,16,0.625,4.6,482.0,3.0,54.0,485.0
Rahel,SK Gaming,LEC,ADC,LCKC Spring · playoffs,16,0.625,4.24,481.0,3.0,54.0,484.0
Way,KT Rolster Challengers,LCKC,Support,LCKC Spring · playoffs,16,0.688,8.23,458.0,4.0,54.0,462.0
Loki,Hanwha Life Esports Challengers,LCKC,Mid,LCKC Spring · playoffs,8,0.25,4.06,448.0,-2.0,54.0,446.0
Luon,SK Gaming,LEC,Support,LCKC Spring · playoffs,15,0.467,3.19,442.0,0.0,54.0,442.0
Raptor,BNK FEARX,LCK,Jungle,LCKC Spring · playoffs,4,0.25,2.06,410.0,-1.0,54.0,409.0
Samver,HANJIN BRION,LCK,ADC,LCKC Spring · playoffs,2,0.0,2.67,404.0,-2.0,54.0,402.0
Casting,KT Rolster Challengers,LCKC,Top,LCKC Spring · playoffs,16,0.688,4.11,351.0,4.0,54.0,355.0
Loopy,Isurus,LLA,Support,LCKC Spring · playoffs,16,0.625,3.58,350.0,3.0,54.0,353.0
DDoiV,HANJIN BRION Challengers,LCKC,Jungle,LCKC Spring · playoffs,3,0.0,1.2,355.0,-4.0,54.0,351.0
Grizzly,Hanwha Life Esports Challengers,LCKC,Jungle,LCKC Spring · playoffs,8,0.25,3.82,344.0,-2.0,54.0,342.0
Rooster,Hanwha Life Esports Challengers,LCKC,Top,LCKC Spring · playoffs,8,0.25,2.95,330.0,-2.0,54.0,328.0
Baut,Hanwha Life Esports Challengers,LCKC,Support,LCKC Spring · playoffs,8,0.25,1.93,309.0,-2.0,54.0,307.0
Kangin,HANJIN BRION Challengers,LCKC,Top,LCKC Spring · playoffs,3,0.0,0.8,299.0,-4.0,54.0,295.0
Lure,Hanwha Life Esports Challengers,LCKC,ADC,LCKC Spring · playoffs,8,0.25,3.23,272.0,-2.0,54.0,270.0
Effort,HANJIN BRION Challengers,LCKC,Support,LCKC Spring · playoffs,3,0.0,0.75,271.0,-4.0,54.0,267.0
FIESTA,Papara SuperMassive,TCL,Mid,LCKC Spring · playoffs,6,0.667,4.33,261.0,3.0,54.0,264.0
Daystar,BNK FEARX Youth,LCKC,Mid,LCKC Spring · playoffs,4,0.25,3.75,245.0,-1.0,54.0,244.0
Calix,Nongshim Esports Academy,LCKC,Mid,LCKC Spring · playoffs,9,0.333,4.44,227.0,-3.0,54.0,224.0
Sounda,Team Whales,VCS,Jungle,LCKC Spring · playoffs,15,0.467,2.33,204.0,0.0,54.0,204.0
Diable,BNK FEARX Youth,LCKC,ADC,LCKC Spring · playoffs,4,0.25,2.93,180.0,-1.0,54.0,179.0
Enosh,HANJIN BRION Challengers,LCKC,ADC,LCKC Spring · playoffs,1,0.0,0.2,180.0,-2.0,54.0,178.0
Ivory,HANJIN BRION Challengers,LCKC,Mid,LCKC Spring · playoffs,1,0.0,0.6,45.0,-2.0,54.0,43.0
Janus,BNK FEARX Youth,LCKC,Top,LCKC Spring · playoffs,4,0.25,1.64,42.0,-1.0,54.0,41.0
Zinie,KT Rolster Challengers,LCKC,Mid,LCKC Spring · saison régulière,36,0.694,3.96,613.0,-8.0,53.0,605.0
Mihile,Nongshim RedForce,LCK,Top,LCKC Spring · saison régulière,44,0.591,2.78,604.0,-1.0,53.0,603.0
Duro,BNK FEARX,LCK,Support,LCKC Spring · saison régulière,43,0.465,3.22,585.0,-4.0,53.0,581.0
Pleata,Kiwoom DRX,LCK,Support,LCKC Spring · saison régulière,1,1.0,14.0,576.0,2.0,54.0,578.0
Hype,KT Rolster Challengers,LCKC,ADC,LCKC Spring · saison régulière,46,0.63,5.83,586.0,-14.0,53.0,572.0
Andil,DN SOOPers,LCK,Support,LCKC Spring · saison régulière,4,0.5,1.67,563.0,-1.0,54.0,562.0
Pullbae,HANJIN BRION Challengers,LCKC,Mid,LCKC Spring · saison régulière,6,0.833,9.2,539.0,9.0,54.0,548.0
HamBak,KT Rolster Challengers,LCKC,Jungle,LCKC Spring · saison régulière,46,0.63,3.69,554.0,-14.0,53.0,540.0
vital,Nongshim RedForce,LCK,ADC,LCKC Spring · saison régulière,43,0.605,4.25,523.0,1.0,53.0,524.0
Jiwoo,Nongshim RedForce,LCK,ADC,LCKC Spring · saison régulière,1,0.0,2.0,514.0,-2.0,54.0,512.0
Siwoo,Dplus Kia Challengers,LCKC,Top,LCKC Spring · saison régulière,43,0.628,3.34,508.0,-4.0,53.0,504.0
Pollu,HANJIN BRION,LCK,Support,LCKC Spring · saison régulière,15,0.467,4.65,501.0,-2.0,54.0,499.0
Saint,Dplus Kia Challengers,LCKC,Mid,LCKC Spring · saison régulière,43,0.628,4.07,496.0,-4.0,53.0,492.0
GIDEON,HANJIN BRION,LCK,Jungle,LCKC Spring · saison régulière,3,0.667,6.33,487.0,0.0,54.0,487.0
Sharvel,Dplus Kia Challengers,LCKC,Jungle,LCKC Spring · saison régulière,43,0.628,4.75,482.0,-4.0,53.0,478.0
Rahel,SK Gaming,LEC,ADC,LCKC Spring · saison régulière,43,0.628,4.68,481.0,-4.0,53.0,477.0
Envyy,HANJIN BRION,LCK,ADC,LCKC Spring · saison régulière,3,0.667,2.67,474.0,2.0,54.0,476.0
Bull,DN SOOPers Challengers,LCKC,ADC,LCKC Spring · saison régulière,5,0.8,2.5,476.0,-1.0,54.0,475.0
Loki,Hanwha Life Esports Challengers,LCKC,Mid,LCKC Spring · saison régulière,45,0.644,6.13,448.0,18.0,53.0,466.0
Way,KT Rolster Challengers,LCKC,Support,LCKC Spring · saison régulière,46,0.63,5.56,458.0,-14.0,53.0,444.0
Luon,SK Gaming,LEC,Support,LCKC Spring · saison régulière,44,0.591,2.88,442.0,-1.0,53.0,441.0
Samver,HANJIN BRION,LCK,ADC,LCKC Spring · saison régulière,14,0.714,5.78,404.0,4.0,54.0,408.0
Raptor,BNK FEARX,LCK,Jungle,LCKC Spring · saison régulière,43,0.465,3.03,410.0,-4.0,53.0,406.0
Quantum,DN SOOPers Challengers,LCKC,Support,LCKC Spring · saison régulière,40,0.5,2.34,400.0,1.0,53.0,401.0
Courage,DN SOOPers Challengers,LCKC,Jungle,LCKC Spring · saison régulière,44,0.5,3.25,397.0,-0.0,53.0,397.0
kyeahoo,Kiwoom DRX Challengers,LCKC,Mid,LCKC Spring · saison régulière,32,0.531,4.33,390.0,5.0,53.0,395.0
Frog,Kiwoom DRX Challengers,LCKC,Top,LCKC Spring · saison régulière,37,0.514,3.1,384.0,5.0,53.0,389.0
Rekkles,T1 Esports Academy,LCKC,Support,LCKC Spring · saison régulière,47,0.426,5.73,379.0,3.0,53.0,382.0
DDoiV,HANJIN BRION Challengers,LCKC,Jungle,LCKC Spring · saison régulière,42,0.476,4.24,355.0,11.0,53.0,366.0
Grizzly,Hanwha Life Esports Challengers,LCKC,Jungle,LCKC Spring · saison régulière,47,0.617,3.91,344.0,14.0,53.0,358.0
Loopy,Isurus,LLA,Support,LCKC Spring · saison régulière,43,0.628,4.28,350.0,-4.0,53.0,346.0
Rooster,Hanwha Life Esports Challengers,LCKC,Top,LCKC Spring · saison régulière,47,0.617,3.74,330.0,14.0,53.0,344.0
Casting,KT Rolster Challengers,LCKC,Top,LCKC Spring · saison régulière,46,0.63,3.2,351.0,-14.0,53.0,337.0
Career,Kiwoom DRX Challengers,LCKC,Support,LCKC Spring · saison régulière,44,0.454,3.62,330.0,-2.0,53.0,328.0
Guwon,T1 Esports Academy,LCKC,Jungle,LCKC Spring · saison régulière,47,0.426,3.11,322.0,3.0,53.0,325.0
Pungyeon,DN SOOPers Challengers,LCKC,Mid,LCKC Spring · saison régulière,44,0.5,3.05,324.0,-0.0,53.0,324.0
Baut,Hanwha Life Esports Challengers,LCKC,Support,LCKC Spring · saison régulière,47,0.617,4.36,309.0,14.0,53.0,323.0
Kania,Kiwoom DRX Challengers,LCKC,Jungle,LCKC Spring · saison régulière,45,0.467,2.98,312.0,0.0,53.0,312.0
Kangin,HANJIN BRION Challengers,LCKC,Top,LCKC Spring · saison régulière,45,0.489,3.35,299.0,11.0,53.0,310.0
Lancer,DN SOOPers Challengers,LCKC,Top,LCKC Spring · saison régulière,44,0.5,2.22,307.0,-0.0,53.0,307.0
Lure,Hanwha Life Esports Challengers,LCKC,ADC,LCKC Spring · saison régulière,47,0.617,4.62,272.0,14.0,53.0,286.0
Effort,HANJIN BRION Challengers,LCKC,Support,LCKC Spring · saison régulière,30,0.5,3.9,271.0,14.0,53.0,285.0
Taeyoon,DN SOOPers Challengers,LCKC,ADC,LCKC Spring · saison régulière,39,0.462,2.94,267.0,1.0,53.0,268.0
Smash,T1 Esports Academy,LCKC,ADC,LCKC Spring · saison régulière,47,0.426,3.62,261.0,3.0,53.0,264.0
Poby,T1 Esports Academy,LCKC,Mid,LCKC Spring · saison régulière,47,0.426,3.26,257.0,3.0,53.0,260.0
FIESTA,Papara SuperMassive,TCL,Mid,LCKC Spring · saison régulière,3,0.333,3.38,261.0,-2.0,54.0,259.0
SeTab,Kiwoom DRX Challengers,LCKC,Mid,LCKC Spring · saison régulière,13,0.308,3.0,262.0,-5.0,54.0,257.0
Dal,T1 Esports Academy,LCKC,Top,LCKC Spring · saison régulière,47,0.426,2.54,251.0,3.0,53.0,254.0
Daystar,BNK FEARX Youth,LCKC,Mid,LCKC Spring · saison régulière,43,0.465,3.21,245.0,-4.0,53.0,241.0
Calix,Nongshim Esports Academy,LCKC,Mid,LCKC Spring · saison régulière,41,0.61,6.05,227.0,1.0,53.0,228.0
Toye,Gen.G Global Academy,LCKC,Jungle,LCKC Spring · saison régulière,18,0.111,1.41,229.0,-5.0,54.0,224.0
Sounda,Team Whales,VCS,Jungle,LCKC Spring · saison régulière,38,0.605,2.74,204.0,-1.0,53.0,203.0
Racerr,Kiwoom DRX Challengers,LCKC,Top,LCKC Spring · saison régulière,8,0.25,1.21,205.0,-5.0,54.0,200.0
Enosh,HANJIN BRION Challengers,LCKC,ADC,LCKC Spring · saison régulière,28,0.357,4.59,180.0,5.0,54.0,185.0
Diable,BNK FEARX Youth,LCKC,ADC,LCKC Spring · saison régulière,43,0.465,3.01,180.0,-4.0,53.0,176.0
HorangE,Gen.G Global Academy,LCKC,Top,LCKC Spring · saison régulière,42,0.167,1.53,164.0,-5.0,53.0,159.0
Namgung,Gen.G Global Academy,LCKC,Support,LCKC Spring · saison régulière,19,0.105,1.38,166.0,-7.0,54.0,159.0
Paduck,Kiwoom DRX Challengers,LCKC,ADC,LCKC Spring · saison régulière,45,0.467,2.96,154.0,0.0,53.0,154.0
Toye,Gen.G Global Academy,LCKC,Jungle,LCKC Spring · saison régulière,24,0.208,1.89,139.0,-0.0,54.0,139.0
Carim,Nongshim Esports Academy,LCKC,Jungle,LCKC Spring · saison régulière,6,0.5,3.22,133.0,0.0,54.0,133.0
Dooly,Gen.G Global Academy,LCKC,Mid,LCKC Spring · saison régulière,29,0.207,2.49,114.0,-0.0,53.0,114.0
Pout,KT Rolster Challengers,LCKC,Mid,LCKC Spring · saison régulière,10,0.4,4.18,113.0,-6.0,54.0,107.0
Slayer,Gen.G Global Academy,LCKC,ADC,LCKC Spring · saison régulière,42,0.167,1.94,84.0,-5.0,53.0,79.0
Dahlia,Gen.G Global Academy,LCKC,Support,LCKC Spring · saison régulière,25,0.2,1.84,52.0,-1.0,54.0,51.0
Ivory,HANJIN BRION Challengers,LCKC,Mid,LCKC Spring · saison régulière,39,0.436,3.85,45.0,2.0,53.0,47.0
Janus,BNK FEARX Youth,LCKC,Top,LCKC Spring · saison régulière,43,0.465,2.39,42.0,-4.0,53.0,38.0
Solbon,Gen.G Scholars,LAS,Mid,LCKC Spring · saison régulière,11,0.091,2.33,-334.0,-2.0,54.0,-336.0
Zinie,KT Rolster Challengers,LCKC,Mid,LCKC Summer · playoffs,11,0.818,6.65,613.0,12.0,54.0,625.0
Hype,KT Rolster Challengers,LCKC,ADC,LCKC Summer · playoffs,11,0.818,11.46,586.0,12.0,54.0,598.0
HamBak,KT Rolster Challengers,LCKC,Jungle,LCKC Summer · playoffs,11,0.818,7.36,554.0,12.0,54.0,566.0
Willer,BNK FEARX Youth,LCKC,Jungle,LCKC Summer · playoffs,5,0.4,3.42,539.0,-2.0,54.0,537.0
Siwoo,Dplus Kia Challengers,LCKC,Top,LCKC Summer · playoffs,17,0.529,3.17,508.0,-4.0,54.0,504.0
Saint,Dplus Kia Challengers,LCKC,Mid,LCKC Summer · playoffs,17,0.529,3.28,496.0,-4.0,54.0,492.0
Sharvel,Dplus Kia Challengers,LCKC,Jungle,LCKC Summer · playoffs,17,0.529,4.26,482.0,-4.0,54.0,478.0
Bull,DN SOOPers Challengers,LCKC,ADC,LCKC Summer · playoffs,18,0.444,2.97,476.0,2.0,54.0,478.0
Way,KT Rolster Challengers,LCKC,Support,LCKC Summer · playoffs,11,0.818,7.64,458.0,12.0,54.0,470.0
Loki,Hanwha Life Esports Challengers,LCKC,Mid,LCKC Summer · playoffs,5,0.4,2.92,448.0,-4.0,54.0,444.0
Soboro,BNK FEARX Youth,LCKC,Top,LCKC Summer · playoffs,5,0.4,2.55,422.0,-2.0,54.0,420.0
Quantum,DN SOOPers Challengers,LCKC,Support,LCKC Summer · playoffs,18,0.444,2.18,400.0,2.0,54.0,402.0
Courage,DN SOOPers Challengers,LCKC,Jungle,LCKC Summer · playoffs,18,0.444,3.1,397.0,2.0,54.0,399.0
Rekkles,T1 Esports Academy,LCKC,Support,LCKC Summer · playoffs,12,0.333,3.74,379.0,-4.0,54.0,375.0
Casting,KT Rolster Challengers,LCKC,Top,LCKC Summer · playoffs,11,0.818,4.67,351.0,12.0,54.0,363.0
Wayne,Dplus Kia Challengers,LCKC,ADC,LCKC Summer · playoffs,17,0.529,5.51,357.0,-4.0,54.0,353.0
Grizzly,Hanwha Life Esports Challengers,LCKC,Jungle,LCKC Summer · playoffs,5,0.4,3.0,344.0,-4.0,54.0,340.0
Pungyeon,DN SOOPers Challengers,LCKC,Mid,LCKC Summer · playoffs,18,0.444,3.3,324.0,2.0,54.0,326.0
Rooster,Hanwha Life Esports Challengers,LCKC,Top,LCKC Summer · playoffs,5,0.4,2.93,330.0,-4.0,54.0,326.0
Execute,BNK FEARX Youth,LCKC,Support,LCKC Summer · playoffs,5,0.4,3.14,324.0,-2.0,54.0,322.0
Guwon,T1 Esports Academy,LCKC,Jungle,LCKC Summer · playoffs,12,0.333,1.8,322.0,-4.0,54.0,318.0
Lancer,DN SOOPers Challengers,LCKC,Top,LCKC Summer · playoffs,18,0.444,2.38,307.0,2.0,54.0,309.0
Baut,Hanwha Life Esports Challengers,LCKC,Support,LCKC Summer · playoffs,5,0.4,2.16,309.0,-4.0,54.0,305.0
Lure,Hanwha Life Esports Challengers,LCKC,ADC,LCKC Summer · playoffs,5,0.4,5.43,272.0,-4.0,54.0,268.0
Bible,Dplus Kia Challengers,LCKC,Support,LCKC Summer · playoffs,17,0.529,2.88,268.0,-4.0,54.0,264.0
Smash,T1 Esports Academy,LCKC,ADC,LCKC Summer · playoffs,12,0.333,2.42,261.0,-4.0,54.0,257.0
Poby,T1 Esports Academy,LCKC,Mid,LCKC Summer · playoffs,12,0.333,2.09,257.0,-4.0,54.0,253.0
Dal,T1 Esports Academy,LCKC,Top,LCKC Summer · playoffs,12,0.333,1.38,251.0,-4.0,54.0,247.0
Daystar,BNK FEARX Youth,LCKC,Mid,LCKC Summer · playoffs,5,0.4,3.0,245.0,-2.0,54.0,243.0
Diable,BNK FEARX Youth,LCKC,ADC,LCKC Summer · playoffs,5,0.4,3.7,180.0,-2.0,54.0,178.0
PerfecT,KT Rolster,LCK,Top,LCKC Summer · saison régulière,2,1.0,16.0,738.0,1.0,54.0,739.0
Moham,Dplus Kia,LCK,Support,LCKC Summer · saison régulière,35,0.771,5.84,683.0,7.0,53.0,690.0
Zinie,KT Rolster Challengers,LCKC,Mid,LCKC Summer · saison régulière,45,0.756,4.0,613.0,-0.0,53.0,613.0
Mihile,Nongshim RedForce,LCK,Top,LCKC Summer · saison régulière,9,0.556,3.2,604.0,2.0,54.0,606.0
Hype,KT Rolster Challengers,LCKC,ADC,LCKC Summer · saison régulière,45,0.756,7.57,586.0,-0.0,53.0,586.0
Duro,BNK FEARX,LCK,Support,LCKC Summer · saison régulière,16,0.5,2.51,585.0,-0.0,54.0,585.0
HamBak,KT Rolster Challengers,LCKC,Jungle,LCKC Summer · saison régulière,45,0.756,5.28,554.0,-0.0,53.0,554.0
Willer,BNK FEARX Youth,LCKC,Jungle,LCKC Summer · saison régulière,46,0.522,4.45,539.0,4.0,53.0,543.0
Pullbae,HANJIN BRION Challengers,LCKC,Mid,LCKC Summer · saison régulière,8,0.5,2.77,539.0,0.0,54.0,539.0
vital,Nongshim RedForce,LCK,ADC,LCKC Summer · saison régulière,31,0.355,2.53,523.0,-2.0,53.0,521.0
Siwoo,Dplus Kia Challengers,LCKC,Top,LCKC Summer · saison régulière,45,0.733,4.17,508.0,8.0,53.0,516.0
Saint,Dplus Kia Challengers,LCKC,Mid,LCKC Summer · saison régulière,45,0.733,5.04,496.0,8.0,53.0,504.0
Sharvel,Dplus Kia Challengers,LCKC,Jungle,LCKC Summer · saison régulière,45,0.733,5.95,482.0,8.0,53.0,490.0
Bull,DN SOOPers Challengers,LCKC,ADC,LCKC Summer · saison régulière,5,0.8,5.0,476.0,4.0,54.0,480.0
Way,KT Rolster Challengers,LCKC,Support,LCKC Summer · saison régulière,45,0.756,4.54,458.0,-0.0,53.0,458.0
Loki,Hanwha Life Esports Challengers,LCKC,Mid,LCKC Summer · saison régulière,41,0.512,3.69,448.0,-4.0,53.0,444.0
Soboro,BNK FEARX Youth,LCKC,Top,LCKC Summer · saison régulière,46,0.522,2.84,422.0,4.0,53.0,426.0
Quantum,DN SOOPers Challengers,LCKC,Support,LCKC Summer · saison régulière,5,0.8,5.27,400.0,4.0,54.0,404.0
Courage,DN SOOPers Challengers,LCKC,Jungle,LCKC Summer · saison régulière,42,0.452,3.99,397.0,2.0,53.0,399.0
Rekkles,T1 Esports Academy,LCKC,Support,LCKC Summer · saison régulière,45,0.489,9.29,379.0,2.0,53.0,381.0
kyeahoo,Kiwoom DRX Challengers,LCKC,Mid,LCKC Summer · saison régulière,10,0.3,3.68,390.0,-11.0,54.0,379.0
Callme,Nongshim Esports Academy,LCKC,Mid,LCKC Summer · saison régulière,27,0.407,3.32,376.0,-0.0,54.0,376.0
Frog,Kiwoom DRX Challengers,LCKC,Top,LCKC Summer · saison régulière,10,0.3,2.11,384.0,-11.0,54.0,373.0
Starlit,Gen.G Global Academy,LCKC,Mid,LCKC Summer · saison régulière,47,0.383,2.32,363.0,5.0,53.0,368.0
Wayne,Dplus Kia Challengers,LCKC,ADC,LCKC Summer · saison régulière,45,0.733,7.72,357.0,8.0,53.0,365.0
Berr,Kiwoom DRX Challengers,LCKC,Support,LCKC Summer · saison régulière,35,0.429,2.47,353.0,3.0,53.0,356.0
DDoiV,HANJIN BRION Challengers,LCKC,Jungle,LCKC Summer · saison régulière,41,0.415,3.53,355.0,-3.0,53.0,352.0
Casting,KT Rolster Challengers,LCKC,Top,LCKC Summer · saison régulière,43,0.744,3.76,351.0,-1.0,53.0,350.0
DnDn,Nongshim Esports Academy,LCKC,Top,LCKC Summer · saison régulière,17,0.471,2.2,346.0,-2.0,54.0,344.0
Grizzly,Hanwha Life Esports Challengers,LCKC,Jungle,LCKC Summer · saison régulière,46,0.5,3.56,344.0,-8.0,53.0,336.0
Execute,BNK FEARX Youth,LCKC,Support,LCKC Summer · saison régulière,30,0.533,2.96,324.0,4.0,53.0,328.0
Pungyeon,DN SOOPers Challengers,LCKC,Mid,LCKC Summer · saison régulière,42,0.452,3.33,324.0,2.0,53.0,326.0
Guwon,T1 Esports Academy,LCKC,Jungle,LCKC Summer · saison régulière,45,0.489,3.01,322.0,2.0,53.0,324.0
Rooster,Hanwha Life Esports Challengers,LCKC,Top,LCKC Summer · saison régulière,46,0.5,2.77,330.0,-8.0,53.0,322.0
GuGer,Nongshim RedForce,LCK,Support,LCKC Summer · saison régulière,12,0.5,3.6,314.0,-1.0,54.0,313.0
Lancer,DN SOOPers Challengers,LCKC,Top,LCKC Summer · saison régulière,42,0.452,2.15,307.0,2.0,53.0,309.0
Baut,Hanwha Life Esports Challengers,LCKC,Support,LCKC Summer · saison régulière,46,0.5,3.08,309.0,-8.0,53.0,301.0
Kangin,HANJIN BRION Challengers,LCKC,Top,LCKC Summer · saison régulière,45,0.4,2.36,299.0,-5.0,53.0,294.0
Bible,Dplus Kia Challengers,LCKC,Support,LCKC Summer · saison régulière,10,0.6,3.6,268.0,1.0,54.0,269.0
SeTab,Kiwoom DRX Challengers,LCKC,Mid,LCKC Summer · saison régulière,32,0.375,2.36,262.0,6.0,53.0,268.0
Effort,HANJIN BRION Challengers,LCKC,Support,LCKC Summer · saison régulière,45,0.4,3.13,271.0,-5.0,53.0,266.0
Lure,Hanwha Life Esports Challengers,LCKC,ADC,LCKC Summer · saison régulière,46,0.5,3.81,272.0,-8.0,53.0,264.0
Taeyoon,DN SOOPers Challengers,LCKC,ADC,LCKC Summer · saison régulière,37,0.405,3.41,267.0,-3.0,53.0,264.0
Smash,T1 Esports Academy,LCKC,ADC,LCKC Summer · saison régulière,45,0.489,3.53,261.0,2.0,53.0,263.0
Karis,HANJIN BRION Challengers,LCKC,Mid,LCKC Summer · saison régulière,22,0.409,4.54,255.0,4.0,54.0,259.0
Poby,T1 Esports Academy,LCKC,Mid,LCKC Summer · saison régulière,45,0.489,3.19,257.0,2.0,53.0,259.0
Dal,T1 Esports Academy,LCKC,Top,LCKC Summer · saison régulière,45,0.489,2.34,251.0,2.0,53.0,253.0
Daystar,BNK FEARX Youth,LCKC,Mid,LCKC Summer · saison régulière,46,0.522,3.38,245.0,4.0,53.0,249.0
Toye,Gen.G Global Academy,LCKC,Jungle,LCKC Summer · saison régulière,46,0.391,2.54,229.0,6.0,53.0,235.0
Calix,Nongshim Esports Academy,LCKC,Mid,LCKC Summer · saison régulière,16,0.375,5.32,227.0,-3.0,54.0,224.0
Minous,DN SOOPers Challengers,LCKC,Support,LCKC Summer · saison régulière,37,0.405,2.59,217.0,-3.0,53.0,214.0
Racerr,Kiwoom DRX Challengers,LCKC,Top,LCKC Summer · saison régulière,32,0.375,1.67,205.0,6.0,53.0,211.0
Diable,BNK FEARX Youth,LCKC,ADC,LCKC Summer · saison régulière,46,0.522,3.62,180.0,4.0,53.0,184.0
Enosh,HANJIN BRION Challengers,LCKC,ADC,LCKC Summer · saison régulière,45,0.4,4.49,180.0,-5.0,53.0,175.0
Namgung,Gen.G Global Academy,LCKC,Support,LCKC Summer · saison régulière,47,0.383,1.96,166.0,5.0,53.0,171.0
HorangE,Gen.G Global Academy,LCKC,Top,LCKC Summer · saison régulière,47,0.383,1.83,164.0,5.0,53.0,169.0
Paduck,Kiwoom DRX Challengers,LCKC,ADC,LCKC Summer · saison régulière,42,0.357,3.12,154.0,-5.0,53.0,149.0
OddEye,Nongshim Esports Academy,LCKC,ADC,LCKC Summer · saison régulière,10,0.3,1.9,139.0,-3.0,54.0,136.0
Carim,Nongshim Esports Academy,LCKC,Jungle,LCKC Summer · saison régulière,43,0.395,3.32,133.0,-3.0,53.0,130.0
Zephyr,Kiwoom DRX Challengers,LCKC,Jungle,LCKC Summer · saison régulière,42,0.357,2.53,133.0,-5.0,53.0,128.0
Slayer,Gen.G Global Academy,LCKC,ADC,LCKC Summer · saison régulière,47,0.383,2.87,84.0,5.0,53.0,89.0
Dahlia,Gen.G Global Academy,LCKC,Support,LCKC Summer · saison régulière,1,0.0,0.0,52.0,-1.0,54.0,51.0
Ivory,HANJIN BRION Challengers,LCKC,Mid,LCKC Summer · saison régulière,15,0.333,2.82,45.0,-10.0,54.0,35.0
Vincenzo,HANJIN BRION Academy,LAS,Jungle,LCKC Summer · saison régulière,4,0.25,2.73,14.0,-2.0,54.0,12.0
Lucy,Nongshim Esports Academy,LCKC,ADC,LCKC Summer · saison régulière,33,0.424,3.27,-33.0,0.0,53.0,-33.0
Midir,Nongshim Esports Academy,LCKC,Top,LCKC Summer · saison régulière,11,0.273,2.08,-150.0,0.0,54.0,-150.0
Leemas,Ground Zero Gaming,PCS,ADC,LCO Split 1 · playoffs,11,0.727,5.21,37.0,3.0,54.0,40.0
Shernfire,Ground Zero Gaming,PCS,Jungle,LCO Split 1 · playoffs,11,0.727,3.95,22.0,3.0,54.0,25.0
Thien,Ground Zero Gaming,PCS,Top,LCO Split 1 · playoffs,11,0.727,3.58,-10.0,3.0,54.0,-7.0
Kurak,Ground Zero Gaming,PCS,Support,LCO Split 1 · playoffs,4,0.5,2.38,-21.0,0.0,54.0,-21.0
Kisee,Vivo Keyd Stars Academy,CBLOLA,Mid,LCO Split 1 · playoffs,11,0.727,4.93,-55.0,3.0,54.0,-52.0
BioPanther,Team Bliss,LCO,Top,LCO Split 1 · playoffs,11,0.454,2.85,-78.0,-6.0,54.0,-84.0
Haeri,Team Bliss,LCO,Mid,LCO Split 1 · playoffs,11,0.454,5.18,-117.0,-6.0,54.0,-123.0
Violet,Team Bliss,LCO,ADC,LCO Split 1 · playoffs,11,0.454,4.0,-136.0,-6.0,54.0,-142.0
Dragku,Antic Esports,LCO,Support,LCO Split 1 · playoffs,16,0.562,3.8,-195.0,7.0,54.0,-188.0
zorenous,Antic Esports,LCO,Top,LCO Split 1 · playoffs,16,0.562,2.83,-200.0,7.0,54.0,-193.0
Ryoma,Antic Esports,LCO,Mid,LCO Split 1 · playoffs,16,0.562,4.89,-222.0,7.0,54.0,-215.0
Swip3rR,Antic Esports,LCO,Jungle,LCO Split 1 · playoffs,16,0.562,3.16,-254.0,7.0,54.0,-247.0
k1ng,Antic Esports,LCO,ADC,LCO Split 1 · playoffs,16,0.562,5.07,-264.0,7.0,54.0,-257.0
Whynot,Team Bliss,LCO,Jungle,LCO Split 1 · playoffs,11,0.454,2.27,-300.0,-6.0,54.0,-306.0
Foreigner,Antic Esports,LCO,Jungle,LCO Split 1 · playoffs,4,0.0,3.43,-330.0,-4.0,54.0,-334.0
Benvi,Ground Zero Gaming,LCO,Support,LCO Split 1 · playoffs,11,0.727,3.4,-341.0,3.0,54.0,-338.0
Styx,ION Global Esports,LCO,ADC,LCO Split 1 · playoffs,4,0.5,2.73,-347.0,0.0,54.0,-347.0
Scxtt,Team Bliss,LCO,Support,LCO Split 1 · playoffs,11,0.454,3.27,-350.0,-6.0,54.0,-356.0
Doraemon,ION Global Esports,LCO,Top,LCO Split 1 · playoffs,4,0.0,1.75,-426.0,-4.0,54.0,-430.0
Findo,FURY Global,LCO,Support,LCO Split 1 · playoffs,2,0.0,1.8,-481.0,0.0,54.0,-481.0
Invictis,Kanga Esports,LCO,Jungle,LCO Split 1 · playoffs,4,0.5,2.33,-512.0,0.0,54.0,-512.0
Tomasino,FURY Global,LCO,Top,LCO Split 1 · playoffs,2,0.0,1.88,-516.0,0.0,54.0,-516.0
Chirp,FURY Global,LCO,Mid,LCO Split 1 · playoffs,2,0.0,1.77,-528.0,0.0,54.0,-528.0
Zhovy,ION Global Esports,LCO,Mid,LCO Split 1 · playoffs,4,0.0,1.26,-529.0,-4.0,54.0,-533.0
Nebula,ION Global Esports,LCO,ADC,LCO Split 1 · playoffs,4,0.0,1.11,-543.0,-4.0,54.0,-547.0
Hexflash,ION Global Esports,LCO,Support,LCO Split 1 · playoffs,4,0.0,1.8,-553.0,-4.0,54.0,-557.0
Hoopa,FURY Global,LCO,ADC,LCO Split 1 · playoffs,2,0.0,3.43,-589.0,0.0,54.0,-589.0
nox1,FURY Global,LCO,Jungle,LCO Split 1 · playoffs,2,0.0,2.08,-591.0,0.0,54.0,-591.0
Woodon,Kanga Esports,LCO,Top,LCO Split 1 · playoffs,4,0.5,1.74,-779.0,0.0,54.0,-779.0
Reufury,Kanga Esports,LCO,Mid,LCO Split 1 · playoffs,4,0.5,2.4,-812.0,0.0,54.0,-812.0
Leemas,Ground Zero Gaming,PCS,ADC,LCO Split 1 · saison régulière,12,0.75,5.59,37.0,-7.0,54.0,30.0
Shernfire,Ground Zero Gaming,PCS,Jungle,LCO Split 1 · saison régulière,12,0.75,4.35,22.0,-7.0,54.0,15.0
Thien,Ground Zero Gaming,PCS,Top,LCO Split 1 · saison régulière,12,0.75,4.21,-10.0,-7.0,54.0,-17.0
Kurak,Ground Zero Gaming,PCS,Support,LCO Split 1 · saison régulière,12,0.417,2.97,-21.0,1.0,54.0,-20.0
Kisee,Vivo Keyd Stars Academy,CBLOLA,Mid,LCO Split 1 · saison régulière,12,0.75,4.53,-55.0,-7.0,54.0,-62.0
BioPanther,Team Bliss,LCO,Top,LCO Split 1 · saison régulière,14,0.929,11.62,-78.0,8.0,54.0,-70.0
Haeri,Team Bliss,LCO,Mid,LCO Split 1 · saison régulière,14,0.929,6.56,-117.0,8.0,54.0,-109.0
Violet,Team Bliss,LCO,ADC,LCO Split 1 · saison régulière,14,0.929,6.63,-136.0,8.0,54.0,-128.0
Dragku,Antic Esports,LCO,Support,LCO Split 1 · saison régulière,12,0.75,5.66,-195.0,0.0,54.0,-195.0
zorenous,Antic Esports,LCO,Top,LCO Split 1 · saison régulière,12,0.75,4.27,-200.0,0.0,54.0,-200.0
Ryoma,Antic Esports,LCO,Mid,LCO Split 1 · saison régulière,12,0.75,5.12,-222.0,0.0,54.0,-222.0
Swip3rR,Antic Esports,LCO,Jungle,LCO Split 1 · saison régulière,12,0.75,3.88,-254.0,0.0,54.0,-254.0
k1ng,Antic Esports,LCO,ADC,LCO Split 1 · saison régulière,12,0.75,6.54,-264.0,0.0,54.0,-264.0
Whynot,Team Bliss,LCO,Jungle,LCO Split 1 · saison régulière,14,0.929,5.08,-300.0,8.0,54.0,-292.0
Foreigner,Antic Esports,LCO,Jungle,LCO Split 1 · saison régulière,14,0.5,4.7,-330.0,4.0,54.0,-326.0
Styx,ION Global Esports,LCO,ADC,LCO Split 1 · saison régulière,4,0.75,5.33,-347.0,6.0,54.0,-341.0
Scxtt,Team Bliss,LCO,Support,LCO Split 1 · saison régulière,14,0.929,3.81,-350.0,8.0,54.0,-342.0
Benvi,Ground Zero Gaming,LCO,Support,LCO Split 1 · saison régulière,12,0.75,3.86,-341.0,-7.0,54.0,-348.0
Doraemon,ION Global Esports,LCO,Top,LCO Split 1 · saison régulière,14,0.5,3.3,-426.0,4.0,54.0,-422.0
Findo,FURY Global,LCO,Support,LCO Split 1 · saison régulière,12,0.333,1.92,-481.0,0.0,54.0,-481.0
Invictis,Kanga Esports,LCO,Jungle,LCO Split 1 · saison régulière,12,0.417,3.89,-512.0,1.0,54.0,-511.0
Tomasino,FURY Global,LCO,Top,LCO Split 1 · saison régulière,14,0.286,2.09,-516.0,-4.0,54.0,-520.0
Zhovy,ION Global Esports,LCO,Mid,LCO Split 1 · saison régulière,14,0.5,2.41,-529.0,4.0,54.0,-525.0
Chirp,FURY Global,LCO,Mid,LCO Split 1 · saison régulière,14,0.286,2.46,-528.0,-4.0,54.0,-532.0
Shinki,Dire Wolves,LCO,Support,LCO Split 1 · saison régulière,10,0.3,2.51,-540.0,2.0,54.0,-538.0
Nebula,ION Global Esports,LCO,ADC,LCO Split 1 · saison régulière,14,0.5,3.05,-543.0,4.0,54.0,-539.0
Hexflash,ION Global Esports,LCO,Support,LCO Split 1 · saison régulière,14,0.5,4.28,-553.0,4.0,54.0,-549.0
Hoopa,FURY Global,LCO,ADC,LCO Split 1 · saison régulière,14,0.286,1.72,-589.0,-4.0,54.0,-593.0
nox1,FURY Global,LCO,Jungle,LCO Split 1 · saison régulière,14,0.286,1.36,-591.0,-4.0,54.0,-595.0
Astaa,MAMMOTH,LCO,Support,LCO Split 1 · saison régulière,10,0.2,2.81,-607.0,-2.0,54.0,-609.0
Katsurii,Dire Wolves,LCO,ADC,LCO Split 1 · saison régulière,14,0.214,3.59,-619.0,-1.0,54.0,-620.0
LeeSA,Dire Wolves,LCO,Jungle,LCO Split 1 · saison régulière,14,0.214,2.5,-630.0,-1.0,54.0,-631.0
Nectaar,MAMMOTH,LCO,Top,LCO Split 1 · saison régulière,12,0.167,1.71,-647.0,-2.0,54.0,-649.0
River1,Dire Wolves,LCO,Top,LCO Split 1 · saison régulière,14,0.214,1.1,-680.0,-1.0,54.0,-681.0
Duck1,MAMMOTH,LCO,ADC,LCO Split 1 · saison régulière,12,0.167,1.82,-713.0,-2.0,54.0,-715.0
Goodo,MAMMOTH,LCO,Jungle,LCO Split 1 · saison régulière,12,0.167,2.74,-716.0,-2.0,54.0,-718.0
mfis,Dire Wolves,LCO,Mid,LCO Split 1 · saison régulière,14,0.214,2.54,-746.0,-1.0,54.0,-747.0
Woodon,Kanga Esports,LCO,Top,LCO Split 1 · saison régulière,12,0.417,1.78,-779.0,1.0,54.0,-778.0
Reufury,Kanga Esports,LCO,Mid,LCO Split 1 · saison régulière,12,0.417,2.12,-812.0,1.0,54.0,-811.0
Fighto,Ground Zero Gaming,PCS,Mid,LCO Split 2 · playoffs,9,0.889,5.19,95.0,6.0,54.0,101.0
Leemas,Ground Zero Gaming,PCS,ADC,LCO Split 2 · playoffs,9,0.889,7.59,37.0,6.0,54.0,43.0
Shernfire,Ground Zero Gaming,PCS,Jungle,LCO Split 2 · playoffs,9,0.889,4.59,22.0,6.0,54.0,28.0
Thien,Ground Zero Gaming,PCS,Top,LCO Split 2 · playoffs,9,0.889,3.38,-10.0,6.0,54.0,-4.0
Kurak,Ground Zero Gaming,PCS,Support,LCO Split 2 · playoffs,9,0.889,5.35,-21.0,6.0,54.0,-15.0
BioPanther,Team Bliss,LCO,Top,LCO Split 2 · playoffs,13,0.462,2.75,-78.0,-2.0,54.0,-80.0
Haeri,Team Bliss,LCO,Mid,LCO Split 2 · playoffs,13,0.462,4.15,-117.0,-2.0,54.0,-119.0
Violet,Team Bliss,LCO,ADC,LCO Split 2 · playoffs,13,0.462,3.49,-136.0,-2.0,54.0,-138.0
Aladoric,Team Bliss,LCO,Support,LCO Split 2 · playoffs,13,0.462,2.91,-165.0,-2.0,54.0,-167.0
Dragku,Antic Esports,LCO,Support,LCO Split 2 · playoffs,10,0.5,3.79,-195.0,1.0,54.0,-194.0
Kevy,Team Bliss,LCO,Jungle,LCO Split 2 · playoffs,13,0.462,3.1,-193.0,-2.0,54.0,-195.0
zorenous,Antic Esports,LCO,Top,LCO Split 2 · playoffs,10,0.5,2.65,-200.0,1.0,54.0,-199.0
Raes,Antic Esports,LCO,ADC,LCO Split 2 · playoffs,10,0.5,3.64,-295.0,1.0,54.0,-294.0
Foreigner,Antic Esports,LCO,Jungle,LCO Split 2 · playoffs,10,0.5,3.32,-330.0,1.0,54.0,-329.0
Styx,ION Global Esports,LCO,ADC,LCO Split 2 · playoffs,7,0.286,2.39,-347.0,-5.0,54.0,-352.0
Doraemon,ION Global Esports,LCO,Top,LCO Split 2 · playoffs,7,0.286,1.68,-426.0,-5.0,54.0,-431.0
destiny,Antic Esports,LCO,ADC,LCO Split 2 · playoffs,10,0.5,4.24,-467.0,1.0,54.0,-466.0
Ko1eee,ION Global Esports,LCO,Jungle,LCO Split 2 · playoffs,7,0.286,2.48,-472.0,-5.0,54.0,-477.0
Findo,FURY Global,LCO,Support,LCO Split 2 · playoffs,2,0.0,1.0,-481.0,-2.0,54.0,-483.0
Chungy,Dire Wolves,LCO,Top,LCO Split 2 · playoffs,3,0.333,5.86,-499.0,1.0,54.0,-498.0
Chirp,FURY Global,LCO,Mid,LCO Split 2 · playoffs,2,0.0,2.2,-528.0,-2.0,54.0,-530.0
Zhovy,ION Global Esports,LCO,Mid,LCO Split 2 · playoffs,7,0.286,1.78,-529.0,-5.0,54.0,-534.0
Shinki,Dire Wolves,LCO,Support,LCO Split 2 · playoffs,3,0.333,4.42,-540.0,1.0,54.0,-539.0
Hexflash,ION Global Esports,LCO,Support,LCO Split 2 · playoffs,7,0.286,1.84,-553.0,-5.0,54.0,-558.0
Hoopa,FURY Global,LCO,ADC,LCO Split 2 · playoffs,2,0.0,1.62,-589.0,-2.0,54.0,-591.0
nox1,FURY Global,LCO,Jungle,LCO Split 2 · playoffs,2,0.0,1.46,-591.0,-2.0,54.0,-593.0
Meifan,Dire Wolves,LCO,Top,LCO Split 2 · playoffs,3,0.333,4.33,-603.0,1.0,54.0,-602.0
Katsurii,Dire Wolves,LCO,ADC,LCO Split 2 · playoffs,3,0.333,4.0,-619.0,1.0,54.0,-618.0
mfis,Dire Wolves,LCO,Mid,LCO Split 2 · playoffs,3,0.333,4.64,-746.0,1.0,54.0,-745.0
Fighto,Ground Zero Gaming,PCS,Mid,LCO Split 2 · saison régulière,14,1.0,5.24,95.0,1.0,54.0,96.0
Leemas,Ground Zero Gaming,PCS,ADC,LCO Split 2 · saison régulière,14,1.0,6.89,37.0,1.0,54.0,38.0
Shernfire,Ground Zero Gaming,PCS,Jungle,LCO Split 2 · saison régulière,12,1.0,5.23,22.0,1.0,54.0,23.0
Thien,Ground Zero Gaming,PCS,Top,LCO Split 2 · saison régulière,14,1.0,6.26,-10.0,1.0,54.0,-9.0
Kurak,Ground Zero Gaming,PCS,Support,LCO Split 2 · saison régulière,14,1.0,4.47,-21.0,1.0,54.0,-20.0
BioPanther,Team Bliss,LCO,Top,LCO Split 2 · saison régulière,14,0.857,4.94,-78.0,-2.0,54.0,-80.0
Haeri,Team Bliss,LCO,Mid,LCO Split 2 · saison régulière,14,0.857,6.52,-117.0,-2.0,54.0,-119.0
Violet,Team Bliss,LCO,ADC,LCO Split 2 · saison régulière,14,0.857,5.3,-136.0,-2.0,54.0,-138.0
Aladoric,Team Bliss,LCO,Support,LCO Split 2 · saison régulière,14,0.857,4.68,-165.0,-2.0,54.0,-167.0
Kevy,Team Bliss,LCO,Jungle,LCO Split 2 · saison régulière,14,0.857,5.22,-193.0,-2.0,54.0,-195.0
Dragku,Antic Esports,LCO,Support,LCO Split 2 · saison régulière,14,0.643,4.77,-195.0,-2.0,54.0,-197.0
zorenous,Antic Esports,LCO,Top,LCO Split 2 · saison régulière,14,0.643,4.26,-200.0,-2.0,54.0,-202.0
Raes,Antic Esports,LCO,ADC,LCO Split 2 · saison régulière,14,0.643,6.53,-295.0,-2.0,54.0,-297.0
Incursio,Antic Esports,LCO,Mid,LCO Split 2 · saison régulière,12,0.75,4.14,-317.0,0.0,54.0,-317.0
Foreigner,Antic Esports,LCO,Jungle,LCO Split 2 · saison régulière,14,0.643,4.79,-330.0,-2.0,54.0,-332.0
Styx,ION Global Esports,LCO,ADC,LCO Split 2 · saison régulière,14,0.571,4.84,-347.0,5.0,54.0,-342.0
Doraemon,ION Global Esports,LCO,Top,LCO Split 2 · saison régulière,13,0.615,4.08,-426.0,6.0,54.0,-420.0
Ko1eee,ION Global Esports,LCO,Jungle,LCO Split 2 · saison régulière,14,0.571,4.05,-472.0,5.0,54.0,-467.0
destiny,Antic Esports,LCO,ADC,LCO Split 2 · saison régulière,2,0.0,1.86,-467.0,-2.0,54.0,-469.0
Findo,FURY Global,LCO,Support,LCO Split 2 · saison régulière,14,0.429,1.89,-481.0,5.0,54.0,-476.0
Chungy,Dire Wolves,LCO,Top,LCO Split 2 · saison régulière,8,0.25,2.48,-499.0,-2.0,54.0,-501.0
m0chi,Dire Wolves,LCO,Jungle,LCO Split 2 · saison régulière,10,0.4,2.21,-508.0,3.0,54.0,-505.0
Tomasino,FURY Global,LCO,Top,LCO Split 2 · saison régulière,6,0.167,1.32,-516.0,6.0,54.0,-510.0
Chirp,FURY Global,LCO,Mid,LCO Split 2 · saison régulière,14,0.429,2.44,-528.0,5.0,54.0,-523.0
Zhovy,ION Global Esports,LCO,Mid,LCO Split 2 · saison régulière,14,0.571,3.16,-529.0,5.0,54.0,-524.0
Shinki,Dire Wolves,LCO,Support,LCO Split 2 · saison régulière,14,0.286,2.63,-540.0,-3.0,54.0,-543.0
Hexflash,ION Global Esports,LCO,Support,LCO Split 2 · saison régulière,12,0.5,2.61,-553.0,4.0,54.0,-549.0
Hoopa,FURY Global,LCO,ADC,LCO Split 2 · saison régulière,14,0.429,2.73,-589.0,5.0,54.0,-584.0
nox1,FURY Global,LCO,Jungle,LCO Split 2 · saison régulière,14,0.429,2.5,-591.0,5.0,54.0,-586.0
Meifan,Dire Wolves,LCO,Top,LCO Split 2 · saison régulière,14,0.286,1.59,-603.0,-3.0,54.0,-606.0
Katsurii,Dire Wolves,LCO,ADC,LCO Split 2 · saison régulière,14,0.286,2.86,-619.0,-3.0,54.0,-622.0
Rineko,MAMMOTH,LCO,Top,LCO Split 2 · saison régulière,14,0.214,1.21,-640.0,-1.0,54.0,-641.0
Praedyth,MAMMOTH,LCO,Mid,LCO Split 2 · saison régulière,14,0.214,2.11,-642.0,-1.0,54.0,-643.0
gunkrab,MAMMOTH,LCO,ADC,LCO Split 2 · saison régulière,14,0.214,1.67,-661.0,-1.0,54.0,-662.0
Voice,MAMMOTH,LCO,Support,LCO Split 2 · saison régulière,14,0.214,1.73,-664.0,-1.0,54.0,-665.0
Goodo,MAMMOTH,LCO,Jungle,LCO Split 2 · saison régulière,12,0.167,1.97,-716.0,-1.0,54.0,-717.0
mfis,Dire Wolves,LCO,Mid,LCO Split 2 · saison régulière,4,0.0,2.43,-746.0,-6.0,54.0,-752.0
Woodon,Kanga Esports,LCO,Top,LCO Split 2 · saison régulière,14,0.0,0.74,-779.0,-4.0,54.0,-783.0
VENDRICK,Kanga Esports,LCO,ADC,LCO Split 2 · saison régulière,12,0.0,1.32,-797.0,-3.0,54.0,-800.0
Reufury,Kanga Esports,LCO,Mid,LCO Split 2 · saison régulière,10,0.0,1.29,-812.0,-5.0,54.0,-817.0
gabn,Kanga Esports,LCO,Support,LCO Split 2 · saison régulière,12,0.0,1.07,-831.0,-3.0,54.0,-834.0
Sovereign,Kanga Esports,LCO,Mid,LCO Split 2 · saison régulière,14,0.0,1.14,-873.0,-4.0,54.0,-877.0
APA,Team Liquid,LCS,Mid,LCS Spring · playoffs,19,0.737,5.22,684.0,6.0,54.0,690.0
Inspired,FlyQuest,LCS,Jungle,LCS Spring · playoffs,12,0.583,3.25,679.0,3.0,54.0,682.0
CoreJJ,Team Liquid,LCS,Support,LCS Spring · playoffs,19,0.737,5.79,652.0,6.0,54.0,658.0
Massu,FlyQuest,LCS,ADC,LCS Spring · playoffs,12,0.583,5.8,654.0,3.0,54.0,657.0
Bwipo,FlyQuest,LCS,Top,LCS Spring · playoffs,12,0.583,2.79,649.0,3.0,54.0,652.0
Busio,FlyQuest,LCS,Support,LCS Spring · playoffs,12,0.583,2.83,644.0,3.0,54.0,647.0
Yeon,Team Liquid,LCS,ADC,LCS Spring · playoffs,19,0.737,5.91,630.0,6.0,54.0,636.0
UmTi,Team Liquid,LCS,Jungle,LCS Spring · playoffs,19,0.737,4.49,628.0,6.0,54.0,634.0
Impact,Team Liquid,LCS,Top,LCS Spring · playoffs,19,0.737,3.86,614.0,6.0,54.0,620.0
Berserker,Cloud9,LCS,ADC,LCS Spring · playoffs,9,0.333,4.06,564.0,-1.0,54.0,563.0
Blaber,Cloud9,LCS,Jungle,LCS Spring · playoffs,9,0.333,2.88,564.0,-1.0,54.0,563.0
Jojopyun,Cloud9,LCS,Mid,LCS Spring · playoffs,9,0.333,2.44,552.0,-1.0,54.0,551.0
Vulcan,Cloud9,LCS,Support,LCS Spring · playoffs,9,0.333,3.7,539.0,-1.0,54.0,538.0
Fudge,Cloud9,LCS,Top,LCS Spring · playoffs,9,0.333,3.24,525.0,-1.0,54.0,524.0
Rich,Dignitas,LCS,Top,LCS Spring · playoffs,3,0.0,0.83,514.0,-2.0,54.0,512.0
Eyla,100 Thieves,LCS,Support,LCS Spring · playoffs,12,0.333,3.16,506.0,-2.0,54.0,504.0
Quid,100 Thieves,LCS,Mid,LCS Spring · playoffs,12,0.333,4.53,490.0,-2.0,54.0,488.0
River,100 Thieves,LCS,Jungle,LCS Spring · playoffs,12,0.333,2.19,455.0,-2.0,54.0,453.0
Isles,Dignitas,LCS,Support,LCS Spring · playoffs,3,0.0,1.33,441.0,-2.0,54.0,439.0
Sniper,100 Thieves,LCS,Top,LCS Spring · playoffs,12,0.333,2.04,411.0,-2.0,54.0,409.0
huhi,NRG,LCS,Support,LCS Spring · playoffs,5,0.4,2.89,403.0,-4.0,54.0,399.0
Tomo,100 Thieves,LCS,ADC,LCS Spring · playoffs,3,0.0,1.75,371.0,-2.0,54.0,369.0
FBI,NRG,LCS,ADC,LCS Spring · playoffs,5,0.4,3.67,366.0,-4.0,54.0,362.0
Meech,100 Thieves,LCS,ADC,LCS Spring · playoffs,12,0.333,2.56,362.0,-2.0,54.0,360.0
Palafox,NRG,LCS,Mid,LCS Spring · playoffs,5,0.4,2.43,341.0,-4.0,54.0,337.0
Contractz,NRG,LCS,Jungle,LCS Spring · playoffs,5,0.4,2.35,336.0,-4.0,54.0,332.0
Jensen,Dignitas,LCS,Mid,LCS Spring · playoffs,12,0.583,5.1,319.0,3.0,54.0,322.0
Dhokla,NRG,LCS,Top,LCS Spring · playoffs,5,0.4,2.33,325.0,-4.0,54.0,321.0
Dove,Team Whales,VCS,Mid,LCS Spring · playoffs,3,0.0,1.1,235.0,-2.0,54.0,233.0
eXyu,Fear x Starforge,NACL,Jungle,LCS Spring · playoffs,3,0.0,1.5,217.0,-2.0,54.0,215.0
Inspired,FlyQuest,LCS,Jungle,LCS Spring · saison régulière,14,0.714,5.0,679.0,-1.0,54.0,678.0
APA,Team Liquid,LCS,Mid,LCS Spring · saison régulière,14,0.5,2.6,684.0,-14.0,54.0,670.0
Massu,FlyQuest,LCS,ADC,LCS Spring · saison régulière,14,0.714,4.41,654.0,-1.0,54.0,653.0
Bwipo,FlyQuest,LCS,Top,LCS Spring · saison régulière,14,0.714,2.72,649.0,-1.0,54.0,648.0
Busio,FlyQuest,LCS,Support,LCS Spring · saison régulière,14,0.714,4.38,644.0,-1.0,54.0,643.0
CoreJJ,Team Liquid,LCS,Support,LCS Spring · saison régulière,14,0.5,4.35,652.0,-14.0,54.0,638.0
Yeon,Team Liquid,LCS,ADC,LCS Spring · saison régulière,14,0.5,4.6,630.0,-14.0,54.0,616.0
UmTi,Team Liquid,LCS,Jungle,LCS Spring · saison régulière,14,0.5,2.84,628.0,-14.0,54.0,614.0
Impact,Team Liquid,LCS,Top,LCS Spring · saison régulière,14,0.5,3.39,614.0,-14.0,54.0,600.0
Berserker,Cloud9,LCS,ADC,LCS Spring · saison régulière,14,0.571,5.67,564.0,1.0,54.0,565.0
Blaber,Cloud9,LCS,Jungle,LCS Spring · saison régulière,14,0.571,4.19,564.0,1.0,54.0,565.0
Jojopyun,Cloud9,LCS,Mid,LCS Spring · saison régulière,14,0.571,3.59,552.0,1.0,54.0,553.0
Vulcan,Cloud9,LCS,Support,LCS Spring · saison régulière,14,0.571,4.09,539.0,1.0,54.0,540.0
Fudge,Cloud9,LCS,Top,LCS Spring · saison régulière,14,0.571,3.69,525.0,1.0,54.0,526.0
Rich,Dignitas,LCS,Top,LCS Spring · saison régulière,15,0.467,2.62,514.0,5.0,54.0,519.0
Eyla,100 Thieves,LCS,Support,LCS Spring · saison régulière,14,0.714,4.21,506.0,6.0,54.0,512.0
Quid,100 Thieves,LCS,Mid,LCS Spring · saison régulière,14,0.714,4.25,490.0,6.0,54.0,496.0
Bugi,Shopify Rebellion,LCS,Jungle,LCS Spring · saison régulière,14,0.357,2.87,473.0,-2.0,54.0,471.0
River,100 Thieves,LCS,Jungle,LCS Spring · saison régulière,14,0.714,3.85,455.0,6.0,54.0,461.0
Isles,Dignitas,LCS,Support,LCS Spring · saison régulière,15,0.467,4.97,441.0,5.0,54.0,446.0
Sniper,100 Thieves,LCS,Top,LCS Spring · saison régulière,14,0.714,2.59,411.0,6.0,54.0,417.0
huhi,NRG,LCS,Support,LCS Spring · saison régulière,15,0.4,2.83,403.0,4.0,54.0,407.0
Tomo,100 Thieves,LCS,ADC,LCS Spring · saison régulière,15,0.467,3.94,371.0,5.0,54.0,376.0
FBI,NRG,LCS,ADC,LCS Spring · saison régulière,15,0.4,5.33,366.0,4.0,54.0,370.0
Meech,100 Thieves,LCS,ADC,LCS Spring · saison régulière,14,0.714,5.19,362.0,6.0,54.0,368.0
Bvoy,Shopify Rebellion,LCS,ADC,LCS Spring · saison régulière,12,0.417,5.12,349.0,-1.0,54.0,348.0
Palafox,NRG,LCS,Mid,LCS Spring · saison régulière,15,0.4,2.8,341.0,4.0,54.0,345.0
Contractz,NRG,LCS,Jungle,LCS Spring · saison régulière,15,0.4,3.32,336.0,4.0,54.0,340.0
Olleh,Immortals,LCS,Support,LCS Spring · saison régulière,14,0.286,2.63,339.0,1.0,54.0,340.0
Dhokla,NRG,LCS,Top,LCS Spring · saison régulière,15,0.4,1.92,325.0,4.0,54.0,329.0
Jensen,Dignitas,LCS,Mid,LCS Spring · saison régulière,14,0.714,4.85,319.0,-1.0,54.0,318.0
FakeGod,Shopify Rebellion,LCS,Top,LCS Spring · saison régulière,14,0.357,2.07,313.0,-2.0,54.0,311.0
Mask,Immortals,LCS,Mid,LCS Spring · saison régulière,14,0.286,2.62,303.0,1.0,54.0,304.0
Tactical,Immortals,LCS,ADC,LCS Spring · saison régulière,14,0.286,4.0,299.0,1.0,54.0,300.0
Zeyzal,Shopify Rebellion,LCS,Support,LCS Spring · saison régulière,14,0.357,2.85,300.0,-2.0,54.0,298.0
Armao,Immortals,LCS,Jungle,LCS Spring · saison régulière,14,0.286,3.56,295.0,1.0,54.0,296.0
Castle,Immortals,LCS,Top,LCS Spring · saison régulière,14,0.286,2.09,286.0,1.0,54.0,287.0
Insanity,Shopify Rebellion,LCS,Mid,LCS Spring · saison régulière,14,0.357,2.9,284.0,-2.0,54.0,282.0
Dove,Team Whales,VCS,Mid,LCS Spring · saison régulière,15,0.467,3.57,235.0,5.0,54.0,240.0
eXyu,Fear x Starforge,NACL,Jungle,LCS Spring · saison régulière,15,0.467,3.09,217.0,5.0,54.0,222.0
APA,Team Liquid,LCS,Mid,LCS Summer · playoffs,12,0.583,3.67,684.0,2.0,54.0,686.0
Inspired,FlyQuest,LCS,Jungle,LCS Summer · playoffs,20,0.7,7.09,679.0,6.0,54.0,685.0
Massu,FlyQuest,LCS,ADC,LCS Summer · playoffs,20,0.7,10.09,654.0,6.0,54.0,660.0
Bwipo,FlyQuest,LCS,Top,LCS Summer · playoffs,20,0.7,2.82,649.0,6.0,54.0,655.0
CoreJJ,Team Liquid,LCS,Support,LCS Summer · playoffs,12,0.583,4.19,652.0,2.0,54.0,654.0
Busio,FlyQuest,LCS,Support,LCS Summer · playoffs,20,0.7,5.16,644.0,6.0,54.0,650.0
Yeon,Team Liquid,LCS,ADC,LCS Summer · playoffs,12,0.583,4.52,630.0,2.0,54.0,632.0
UmTi,Team Liquid,LCS,Jungle,LCS Summer · playoffs,12,0.583,2.97,628.0,2.0,54.0,630.0
Impact,Team Liquid,LCS,Top,LCS Summer · playoffs,12,0.583,2.91,614.0,2.0,54.0,616.0
Quad,FlyQuest,LCS,Mid,LCS Summer · playoffs,20,0.7,6.79,604.0,6.0,54.0,610.0
Thanatos,Cloud9,LCS,Top,LCS Summer · playoffs,8,0.25,2.2,598.0,-7.0,54.0,591.0
Berserker,Cloud9,LCS,ADC,LCS Summer · playoffs,8,0.25,5.2,564.0,-7.0,54.0,557.0
Blaber,Cloud9,LCS,Jungle,LCS Summer · playoffs,8,0.25,1.82,564.0,-7.0,54.0,557.0
Jojopyun,Cloud9,LCS,Mid,LCS Summer · playoffs,8,0.25,1.96,552.0,-7.0,54.0,545.0
Vulcan,Cloud9,LCS,Support,LCS Summer · playoffs,8,0.25,2.16,539.0,-7.0,54.0,532.0
Eyla,100 Thieves,LCS,Support,LCS Summer · playoffs,18,0.5,2.96,506.0,5.0,54.0,511.0
Quid,100 Thieves,LCS,Mid,LCS Summer · playoffs,18,0.5,3.59,490.0,5.0,54.0,495.0
River,100 Thieves,LCS,Jungle,LCS Summer · playoffs,18,0.5,3.16,455.0,5.0,54.0,460.0
Isles,Dignitas,LCS,Support,LCS Summer · playoffs,13,0.385,1.85,441.0,-8.0,54.0,433.0
Sniper,100 Thieves,LCS,Top,LCS Summer · playoffs,18,0.5,1.69,411.0,5.0,54.0,416.0
huhi,NRG,LCS,Support,LCS Summer · playoffs,9,0.333,2.62,403.0,3.0,54.0,406.0
Spica,Dignitas,LCS,Jungle,LCS Summer · playoffs,13,0.385,2.78,413.0,-8.0,54.0,405.0
Zven,Dignitas,LCS,ADC,LCS Summer · playoffs,13,0.385,3.35,396.0,-8.0,54.0,388.0
Tomo,100 Thieves,LCS,ADC,LCS Summer · playoffs,18,0.5,4.6,371.0,5.0,54.0,376.0
Licorice,Dignitas,LCS,Top,LCS Summer · playoffs,13,0.385,2.12,379.0,-8.0,54.0,371.0
FBI,NRG,LCS,ADC,LCS Summer · playoffs,9,0.333,3.5,366.0,3.0,54.0,369.0
Palafox,NRG,LCS,Mid,LCS Summer · playoffs,9,0.333,4.35,341.0,3.0,54.0,344.0
Contractz,NRG,LCS,Jungle,LCS Summer · playoffs,9,0.333,4.45,336.0,3.0,54.0,339.0
Dhokla,NRG,LCS,Top,LCS Summer · playoffs,9,0.333,2.06,325.0,3.0,54.0,328.0
Jensen,Dignitas,LCS,Mid,LCS Summer · playoffs,13,0.385,2.67,319.0,-8.0,54.0,311.0
APA,Team Liquid,LCS,Mid,LCS Summer · saison régulière,17,0.824,4.82,684.0,6.0,54.0,690.0
Inspired,FlyQuest,LCS,Jungle,LCS Summer · saison régulière,18,0.611,5.73,679.0,-4.0,54.0,675.0
CoreJJ,Team Liquid,LCS,Support,LCS Summer · saison régulière,17,0.824,5.22,652.0,6.0,54.0,658.0
Massu,FlyQuest,LCS,ADC,LCS Summer · saison régulière,18,0.611,5.12,654.0,-4.0,54.0,650.0
Bwipo,FlyQuest,LCS,Top,LCS Summer · saison régulière,18,0.611,2.81,649.0,-4.0,54.0,645.0
Busio,FlyQuest,LCS,Support,LCS Summer · saison régulière,18,0.611,4.23,644.0,-4.0,54.0,640.0
Yeon,Team Liquid,LCS,ADC,LCS Summer · saison régulière,17,0.824,7.24,630.0,6.0,54.0,636.0
UmTi,Team Liquid,LCS,Jungle,LCS Summer · saison régulière,17,0.824,6.68,628.0,6.0,54.0,634.0
Impact,Team Liquid,LCS,Top,LCS Summer · saison régulière,17,0.824,3.88,614.0,6.0,54.0,620.0
Thanatos,Cloud9,LCS,Top,LCS Summer · saison régulière,16,0.812,3.5,598.0,8.0,54.0,606.0
Quad,FlyQuest,LCS,Mid,LCS Summer · saison régulière,18,0.611,4.67,604.0,-4.0,54.0,600.0
Berserker,Cloud9,LCS,ADC,LCS Summer · saison régulière,16,0.812,10.06,564.0,8.0,54.0,572.0
Blaber,Cloud9,LCS,Jungle,LCS Summer · saison régulière,16,0.812,4.76,564.0,8.0,54.0,572.0
Jojopyun,Cloud9,LCS,Mid,LCS Summer · saison régulière,16,0.812,4.19,552.0,8.0,54.0,560.0
Vulcan,Cloud9,LCS,Support,LCS Summer · saison régulière,16,0.812,6.32,539.0,8.0,54.0,547.0
Eyla,100 Thieves,LCS,Support,LCS Summer · saison régulière,16,0.438,2.66,506.0,-6.0,54.0,500.0
Quid,100 Thieves,LCS,Mid,LCS Summer · saison régulière,16,0.438,2.91,490.0,-6.0,54.0,484.0
Bugi,Shopify Rebellion,LCS,Jungle,LCS Summer · saison régulière,10,0.4,5.0,473.0,4.0,54.0,477.0
River,100 Thieves,LCS,Jungle,LCS Summer · saison régulière,16,0.438,2.4,455.0,-6.0,54.0,449.0
Isles,Dignitas,LCS,Support,LCS Summer · saison régulière,17,0.471,2.55,441.0,6.0,54.0,447.0
Spica,Dignitas,LCS,Jungle,LCS Summer · saison régulière,17,0.471,4.43,413.0,6.0,54.0,419.0
Sniper,100 Thieves,LCS,Top,LCS Summer · saison régulière,16,0.438,1.67,411.0,-6.0,54.0,405.0
Zven,Dignitas,LCS,ADC,LCS Summer · saison régulière,17,0.471,4.14,396.0,6.0,54.0,402.0
huhi,NRG,LCS,Support,LCS Summer · saison régulière,15,0.333,2.02,403.0,-4.0,54.0,399.0
Licorice,Dignitas,LCS,Top,LCS Summer · saison régulière,17,0.471,2.1,379.0,6.0,54.0,385.0
Tomo,100 Thieves,LCS,ADC,LCS Summer · saison régulière,5,0.8,8.62,371.0,1.0,54.0,372.0
FBI,NRG,LCS,ADC,LCS Summer · saison régulière,15,0.333,3.67,366.0,-4.0,54.0,362.0
Meech,100 Thieves,LCS,ADC,LCS Summer · saison régulière,11,0.273,2.33,362.0,-7.0,54.0,355.0
Bvoy,Shopify Rebellion,LCS,ADC,LCS Summer · saison régulière,16,0.25,3.72,349.0,-2.0,54.0,347.0
Palafox,NRG,LCS,Mid,LCS Summer · saison régulière,15,0.333,1.96,341.0,-4.0,54.0,337.0
Olleh,Immortals,LCS,Support,LCS Summer · saison régulière,15,0.2,1.78,339.0,-4.0,54.0,335.0
Contractz,NRG,LCS,Jungle,LCS Summer · saison régulière,15,0.333,2.43,336.0,-4.0,54.0,332.0
Jensen,Dignitas,LCS,Mid,LCS Summer · saison régulière,17,0.471,3.55,319.0,6.0,54.0,325.0
Dhokla,NRG,LCS,Top,LCS Summer · saison régulière,15,0.333,1.7,325.0,-4.0,54.0,321.0
FakeGod,Shopify Rebellion,LCS,Top,LCS Summer · saison régulière,16,0.25,2.62,313.0,-2.0,54.0,311.0
Mask,Immortals,LCS,Mid,LCS Summer · saison régulière,15,0.2,2.49,303.0,-4.0,54.0,299.0
Zeyzal,Shopify Rebellion,LCS,Support,LCS Summer · saison régulière,16,0.25,2.23,300.0,-2.0,54.0,298.0
Tactical,Immortals,LCS,ADC,LCS Summer · saison régulière,15,0.2,2.97,299.0,-4.0,54.0,295.0
Armao,Immortals,LCS,Jungle,LCS Summer · saison régulière,15,0.2,1.71,295.0,-4.0,54.0,291.0
Castle,Immortals,LCS,Top,LCS Summer · saison régulière,15,0.2,1.3,286.0,-4.0,54.0,282.0
Insanity,Shopify Rebellion,LCS,Mid,LCS Summer · saison régulière,16,0.25,3.06,284.0,-2.0,54.0,282.0
Aspire,EDG Youth Team,LDL,Top,LDL Placements · saison régulière,6,0.667,5.1,503.0,-1.0,54.0,502.0
Qingtian,Ultra Prime,LPL,Top,LDL Placements · saison régulière,13,0.538,3.0,451.0,2.0,54.0,453.0
Thesnake,EDward Gaming,LPL,ADC,LDL Placements · saison régulière,6,0.667,5.5,399.0,-1.0,54.0,398.0
Rise,Weibo Gaming Youth Team,LDL,ADC,LDL Placements · saison régulière,6,0.667,9.43,391.0,4.0,54.0,395.0
Coward,EDG Youth Team,LDL,Jungle,LDL Placements · saison régulière,6,0.667,5.14,392.0,-1.0,54.0,391.0
Renard,EDG Youth Team,LDL,Mid,LDL Placements · saison régulière,6,0.667,5.5,386.0,-1.0,54.0,385.0
neny,Invictus Gaming,LPL,Mid,LDL Placements · saison régulière,2,1.0,24.0,374.0,3.0,54.0,377.0
Wayne,Dplus Kia Challengers,LCKC,ADC,LDL Placements · saison régulière,7,0.286,1.6,357.0,-7.0,54.0,350.0
climber,LGD Gaming Young Team,LDL,Jungle,LDL Placements · saison régulière,15,0.6,5.27,349.0,-2.0,54.0,347.0
Youdang,Weibo Gaming Youth Team,LDL,Jungle,LDL Placements · saison régulière,6,0.667,6.22,333.0,4.0,54.0,337.0
zzx,Ji Jie Hao (集结号),LDL,Jungle,LDL Placements · saison régulière,4,1.0,10.33,321.0,4.0,54.0,325.0
Juice,Royal Never Give Up,LPL,Top,LDL Placements · saison régulière,10,0.5,2.67,324.0,-2.0,54.0,322.0
yhp,LGD Gaming Young Team,LDL,ADC,LDL Placements · saison régulière,15,0.6,4.41,322.0,-2.0,54.0,320.0
Xingye,FunPlus Phoenix Blaze,LDL,ADC,LDL Placements · saison régulière,5,0.8,10.5,297.0,6.0,54.0,303.0
xqw,LGD Gaming Young Team,LDL,Mid,LDL Placements · saison régulière,15,0.6,4.12,305.0,-2.0,54.0,303.0
Zap,LGD Gaming Young Team,LDL,Support,LDL Placements · saison régulière,15,0.6,3.36,297.0,-2.0,54.0,295.0
Nuo,LGD Gaming Young Team,LDL,Top,LDL Placements · saison régulière,15,0.6,3.69,296.0,-2.0,54.0,294.0
Jerry,Invictus Gaming Young,LDL,Support,LDL Placements · saison régulière,2,1.0,30.0,288.0,3.0,54.0,291.0
cute,Invictus Gaming Young,LDL,ADC,LDL Placements · saison régulière,2,1.0,13.5,285.0,3.0,54.0,288.0
Xzz,Royal Club,LDL,Mid,LDL Placements · saison régulière,13,0.462,2.77,291.0,-3.0,54.0,288.0
sorrow,FunPlus Phoenix Blaze,LDL,Jungle,LDL Placements · saison régulière,5,0.8,10.0,277.0,6.0,54.0,283.0
Ycx,EDG Youth Team,LDL,Support,LDL Placements · saison régulière,6,0.667,3.68,283.0,-1.0,54.0,282.0
fengyue,Top Esports Challenger,LDL,Support,LDL Placements · saison régulière,4,0.75,4.46,270.0,5.0,54.0,275.0
Aherusi,Bilibili Gaming Junior,LDL,Mid,LDL Placements · saison régulière,4,0.5,3.0,267.0,1.0,54.0,268.0
PandaC,Weibo Gaming Youth Team,LDL,Top,LDL Placements · saison régulière,3,0.333,4.0,266.0,-2.0,54.0,264.0
Crush3,MAX,LDL,Jungle,LDL Placements · saison régulière,3,0.667,5.5,259.0,2.0,54.0,261.0
Ke,Ji Jie Hao (集结号),LDL,Support,LDL Placements · saison régulière,4,1.0,17.0,238.0,4.0,54.0,242.0
Rbow,Invictus Gaming Young,LDL,Top,LDL Placements · saison régulière,2,1.0,5.0,236.0,3.0,54.0,239.0
Maggie,Joy Dream,LDL,Jungle,LDL Placements · saison régulière,7,0.714,3.65,230.0,5.0,54.0,235.0
Lele,FunPlus Phoenix Blaze,LDL,Support,LDL Placements · saison régulière,5,0.8,5.0,227.0,6.0,54.0,233.0
Munian,Weibo Gaming Youth Team,LDL,Top,LDL Placements · saison régulière,6,0.667,6.11,219.0,4.0,54.0,223.0
Dorian,Joy Dream,LDL,Support,LDL Placements · saison régulière,7,0.714,6.69,211.0,5.0,54.0,216.0
Insulator,Ji Jie Hao (集结号),LDL,Mid,LDL Placements · saison régulière,4,1.0,12.0,210.0,4.0,54.0,214.0
TheNiu,FunPlus Phoenix Blaze,LDL,Top,LDL Placements · saison régulière,5,0.8,9.0,200.0,6.0,54.0,206.0
Lzq,Joy Dream,LDL,Mid,LDL Placements · saison régulière,7,0.714,7.45,199.0,5.0,54.0,204.0
Liweier,Weibo Gaming Youth Team,LDL,Jungle,LDL Placements · saison régulière,2,1.0,24.0,199.0,3.0,54.0,202.0
Darwin,LNG Academy,LDL,Jungle,LDL Placements · saison régulière,15,0.467,3.77,201.0,1.0,54.0,202.0
Bunny,Royal Club,LDL,Support,LDL Placements · saison régulière,13,0.462,4.58,199.0,-3.0,54.0,196.0
Linfeng,Oh My God Academy,LDL,Mid,LDL Placements · saison régulière,5,0.2,3.5,196.0,-5.0,54.0,191.0
Junhao,Bilibili Gaming Junior,LDL,Jungle,LDL Placements · saison régulière,13,0.385,3.14,188.0,-1.0,54.0,187.0
Xing,Team WE Academy,LDL,ADC,LDL Placements · saison régulière,5,0.2,1.65,191.0,-4.0,54.0,187.0
XBY,Royal Club,LDL,Jungle,LDL Placements · saison régulière,13,0.462,2.22,186.0,-3.0,54.0,183.0
fled,FunPlus Phoenix Blaze,LDL,Mid,LDL Placements · saison régulière,5,0.8,8.43,176.0,6.0,54.0,182.0
5K,Anyone's Legend.Young,LDL,Top,LDL Placements · saison régulière,16,0.438,4.26,184.0,-4.0,54.0,180.0
redwall,Joy Dream,LDL,Top,LDL Placements · saison régulière,7,0.714,2.35,174.0,5.0,54.0,179.0
Alley,LNG Academy,LDL,Top,LDL Placements · saison régulière,13,0.462,2.11,178.0,0.0,54.0,178.0
rcg,Anyone's Legend.Young,LDL,Mid,LDL Placements · saison régulière,16,0.438,3.27,182.0,-4.0,54.0,178.0
705,Team WE Academy,LDL,Top,LDL Placements · saison régulière,5,0.2,1.88,178.0,-4.0,54.0,174.0
whisper,Anyone's Legend.Young,LDL,Jungle,LDL Placements · saison régulière,16,0.438,3.07,177.0,-4.0,54.0,173.0
chips,LGD Gaming Young Team,LDL,ADC,LDL Placements · saison régulière,15,0.467,2.56,169.0,1.0,54.0,170.0
JiaQi,Top Esports Challenger,LDL,ADC,LDL Placements · saison régulière,13,0.538,4.42,166.0,2.0,54.0,168.0
lamb,Bilibili Gaming Junior,LDL,Top,LDL Placements · saison régulière,13,0.385,2.09,168.0,-1.0,54.0,167.0
Medzz,MAX,LDL,Mid,LDL Placements · saison régulière,3,0.667,4.67,164.0,2.0,54.0,166.0
think,Ji Jie Hao (集结号),LDL,Support,LDL Placements · saison régulière,16,0.438,3.57,170.0,-4.0,54.0,166.0
Garvey,MAX,LDL,Top,LDL Placements · saison régulière,3,0.667,2.2,156.0,2.0,54.0,158.0
xiaohanbao,Anyone's Legend.Young,LDL,ADC,LDL Placements · saison régulière,16,0.438,2.95,159.0,-4.0,54.0,155.0
Luuuck,Ji Jie Hao (集结号),LDL,Top,LDL Placements · saison régulière,4,1.0,11.0,148.0,4.0,54.0,152.0
xLiang,Ji Jie Hao (集结号),LDL,ADC,LDL Placements · saison régulière,4,1.0,3.83,147.0,4.0,54.0,151.0
Flying,Oh My God Academy,LDL,Top,LDL Placements · saison régulière,5,0.2,1.55,152.0,-5.0,54.0,147.0
xiaohuangren,ThunderTalk Gaming Young,LDL,Jungle,LDL Placements · saison régulière,7,0.286,2.12,152.0,-7.0,54.0,145.0
Wangxiao,Top Esports Challenger,LDL,Mid,LDL Placements · saison régulière,13,0.538,3.82,143.0,2.0,54.0,145.0
doing,LNG Academy,LDL,Mid,LDL Placements · saison régulière,15,0.467,2.6,142.0,1.0,54.0,143.0
bat,ThunderTalk Gaming Young,LDL,ADC,LDL Placements · saison régulière,7,0.286,2.54,149.0,-7.0,54.0,142.0
Mitsuki,Top Esports Challenger,LDL,Support,LDL Placements · saison régulière,13,0.538,2.93,136.0,2.0,54.0,138.0
Vinay,MAX,LDL,Support,LDL Placements · saison régulière,3,0.667,3.75,131.0,2.0,54.0,133.0
sasi,ThunderTalk Gaming Young,LDL,Top,LDL Placements · saison régulière,7,0.286,1.93,138.0,-7.0,54.0,131.0
Guoba,Joy Dream,LDL,ADC,LDL Placements · saison régulière,7,0.714,4.17,124.0,5.0,54.0,129.0
zhiqiuyi,FunPlus Phoenix Blaze,LDL,ADC,LDL Placements · saison régulière,13,0.462,3.09,130.0,-3.0,54.0,127.0
Xiaoxia,Bilibili Gaming Junior,LDL,Support,LDL Placements · saison régulière,13,0.385,2.46,120.0,-1.0,54.0,119.0
Ashlomailma,ThunderTalk Gaming Young,LDL,Support,LDL Placements · saison régulière,7,0.286,1.97,123.0,-7.0,54.0,116.0
Baiye,Bilibili Gaming Junior,LDL,ADC,LDL Placements · saison régulière,13,0.385,2.85,110.0,-1.0,54.0,109.0
Serene,Top Esports Challenger,LDL,Jungle,LDL Placements · saison régulière,9,0.444,3.38,107.0,-3.0,54.0,104.0
Yanxiang,Team WE,LPL,Jungle,LDL Placements · saison régulière,5,0.2,2.18,106.0,-4.0,54.0,102.0
BuLuKaKa,Team WE Academy,LDL,Mid,LDL Placements · saison régulière,5,0.2,3.11,91.0,-4.0,54.0,87.0
Miyi,Oh My God Academy,LDL,Support,LDL Placements · saison régulière,5,0.2,3.14,82.0,-5.0,54.0,77.0
Feifan,Oh My God Academy,LDL,Jungle,LDL Placements · saison régulière,5,0.2,2.1,76.0,-5.0,54.0,71.0
Kaixuan,Weibo Gaming Youth Team,LDL,Support,LDL Placements · saison régulière,6,0.667,6.5,59.0,4.0,54.0,63.0
luxury,LNG Academy,LDL,Support,LDL Placements · saison régulière,15,0.467,2.86,53.0,1.0,54.0,54.0
About,Ultra Prime Academy,LDL,ADC,LDL Placements · saison régulière,4,0.0,1.88,58.0,-5.0,54.0,53.0
Cyku,Weibo Gaming Youth Team,LDL,Mid,LDL Placements · saison régulière,6,0.667,4.29,48.0,4.0,54.0,52.0
lethe,MAX,LDL,ADC,LDL Placements · saison régulière,3,0.667,4.71,48.0,2.0,54.0,50.0
TENG,Team WE Academy,LDL,Support,LDL Placements · saison régulière,5,0.2,1.65,50.0,-4.0,54.0,46.0
xinsheng,LNG Academy,LDL,Top,LDL Placements · saison régulière,2,0.5,2.83,40.0,1.0,54.0,41.0
banye,Oh My God Academy,LDL,ADC,LDL Placements · saison régulière,5,0.2,1.75,29.0,-5.0,54.0,24.0
z1n,Joy Dream,LDL,ADC,LDL Placements · saison régulière,6,0.333,2.28,1.0,-0.0,54.0,1.0
Yxl,Bilibili Gaming Junior,LDL,Mid,LDL Placements · saison régulière,9,0.333,2.41,-3.0,-2.0,54.0,-5.0
HwQ,MiaoJing (妙竞),LDL,Mid,LDL Placements · saison régulière,3,0.667,3.23,-22.0,4.0,54.0,-18.0
Qiutian,MiaoJing (妙竞),LDL,Jungle,LDL Placements · saison régulière,3,0.667,3.27,-45.0,4.0,54.0,-41.0
Uniboy,Rare Atom Period,LDL,Mid,LDL Placements · saison régulière,6,0.333,2.94,-57.0,-0.0,54.0,-57.0
Lelecha,MiaoJing (妙竞),LDL,Top,LDL Placements · saison régulière,3,0.667,6.14,-71.0,4.0,54.0,-67.0
cc,Rare Atom Period,LDL,Jungle,LDL Placements · saison régulière,6,0.333,1.23,-72.0,-0.0,54.0,-72.0
Saber,Ultra Prime Academy,LDL,Mid,LDL Placements · saison régulière,4,0.0,3.0,-72.0,-5.0,54.0,-77.0
Yu,Rare Atom Period,LDL,Top,LDL Placements · saison régulière,6,0.333,2.93,-94.0,-0.0,54.0,-94.0
T1en,MiaoJing (妙竞),LDL,ADC,LDL Placements · saison régulière,3,0.667,3.71,-110.0,4.0,54.0,-106.0
minghai,MiaoJing (妙竞),LDL,Support,LDL Placements · saison régulière,3,0.667,3.64,-117.0,4.0,54.0,-113.0
Today,Rare Atom Period,LDL,Support,LDL Placements · saison régulière,6,0.333,2.19,-137.0,-0.0,54.0,-137.0
tears,Ultra Prime Academy,LDL,Support,LDL Placements · saison régulière,4,0.0,2.71,-142.0,-5.0,54.0,-147.0
JiaHao,LNG Academy,LDL,ADC,LDL Placements · saison régulière,4,0.0,1.21,-180.0,-5.0,54.0,-185.0
eight,Ultra Prime Academy,LDL,Jungle,LDL Placements · saison régulière,4,0.0,2.06,-188.0,-5.0,54.0,-193.0
Leave,EDward Gaming,LPL,ADC,LDL Split 1 · saison régulière,22,0.546,4.03,635.0,-15.0,54.0,620.0
Aspire,EDG Youth Team,LDL,Top,LDL Split 1 · saison régulière,18,0.611,2.96,503.0,-8.0,54.0,495.0
Qingtian,Ultra Prime,LPL,Top,LDL Split 1 · saison régulière,22,0.546,2.24,451.0,2.0,54.0,453.0
Rise,Weibo Gaming Youth Team,LDL,ADC,LDL Split 1 · saison régulière,23,0.435,3.54,391.0,-2.0,54.0,389.0
Coward,EDG Youth Team,LDL,Jungle,LDL Split 1 · saison régulière,22,0.546,4.1,392.0,-15.0,54.0,377.0
Renard,EDG Youth Team,LDL,Mid,LDL Split 1 · saison régulière,22,0.546,6.11,386.0,-15.0,54.0,371.0
neny,Invictus Gaming,LPL,Mid,LDL Split 1 · saison régulière,24,0.542,4.64,374.0,-5.0,54.0,369.0
climber,LGD Gaming Young Team,LDL,Jungle,LDL Split 1 · saison régulière,19,0.842,7.76,349.0,15.0,54.0,364.0
ZUIAN,Invictus Gaming,LPL,Top,LDL Split 1 · saison régulière,4,0.75,4.46,355.0,6.0,54.0,361.0
Erha,Weibo Gaming Youth Team,LDL,Support,LDL Split 1 · saison régulière,2,0.5,2.5,340.0,-0.0,54.0,340.0
yhp,LGD Gaming Young Team,LDL,ADC,LDL Split 1 · saison régulière,19,0.842,6.41,322.0,15.0,54.0,337.0
Youdang,Weibo Gaming Youth Team,LDL,Jungle,LDL Split 1 · saison régulière,7,0.571,6.46,333.0,-0.0,54.0,333.0
Dribble,ThunderTalk Gaming Young,LDL,Mid,LDL Split 1 · saison régulière,21,0.571,3.86,329.0,-2.0,54.0,327.0
Juice,Royal Never Give Up,LPL,Top,LDL Split 1 · saison régulière,20,0.65,2.76,324.0,2.0,54.0,326.0
zzx,Ji Jie Hao (集结号),LDL,Jungle,LDL Split 1 · saison régulière,17,0.471,3.24,321.0,1.0,54.0,322.0
xqw,LGD Gaming Young Team,LDL,Mid,LDL Split 1 · saison régulière,19,0.842,4.33,305.0,15.0,54.0,320.0
Zap,LGD Gaming Young Team,LDL,Support,LDL Split 1 · saison régulière,19,0.842,6.03,297.0,15.0,54.0,312.0
Nuo,LGD Gaming Young Team,LDL,Top,LDL Split 1 · saison régulière,19,0.842,4.44,296.0,15.0,54.0,311.0
Xingye,FunPlus Phoenix Blaze,LDL,ADC,LDL Split 1 · saison régulière,22,0.591,5.95,297.0,10.0,54.0,307.0
Xzz,Royal Club,LDL,Mid,LDL Split 1 · saison régulière,8,0.75,6.94,291.0,2.0,54.0,293.0
sorrow,FunPlus Phoenix Blaze,LDL,Jungle,LDL Split 1 · saison régulière,22,0.591,5.62,277.0,10.0,54.0,287.0
Jerry,Invictus Gaming Young,LDL,Support,LDL Split 1 · saison régulière,24,0.542,2.97,288.0,-5.0,54.0,283.0
cute,Invictus Gaming Young,LDL,ADC,LDL Split 1 · saison régulière,24,0.542,4.74,285.0,-5.0,54.0,280.0
fengyue,Top Esports Challenger,LDL,Support,LDL Split 1 · saison régulière,9,0.556,3.68,270.0,1.0,54.0,271.0
XBear,Weibo Gaming Youth Team,LDL,Support,LDL Split 1 · saison régulière,1,0.0,1.83,269.0,-1.0,54.0,268.0
Ycx,EDG Youth Team,LDL,Support,LDL Split 1 · saison régulière,22,0.546,3.36,283.0,-15.0,54.0,268.0
Aherusi,Bilibili Gaming Junior,LDL,Mid,LDL Split 1 · saison régulière,8,0.5,4.05,267.0,1.0,54.0,268.0
Crush3,MAX,LDL,Jungle,LDL Split 1 · saison régulière,21,0.476,3.04,259.0,3.0,54.0,262.0
Qing,FunPlus Phoenix Blaze,LDL,Mid,LDL Split 1 · saison régulière,15,0.8,5.9,227.0,20.0,54.0,247.0
Ke,Ji Jie Hao (集结号),LDL,Support,LDL Split 1 · saison régulière,23,0.522,2.98,238.0,5.0,54.0,243.0
Lele,FunPlus Phoenix Blaze,LDL,Support,LDL Split 1 · saison régulière,22,0.591,3.61,227.0,10.0,54.0,237.0
Rbow,Invictus Gaming Young,LDL,Top,LDL Split 1 · saison régulière,20,0.5,2.92,236.0,-12.0,54.0,224.0
Maggie,Joy Dream,LDL,Jungle,LDL Split 1 · saison régulière,21,0.381,3.01,230.0,-6.0,54.0,224.0
Insulator,Ji Jie Hao (集结号),LDL,Mid,LDL Split 1 · saison régulière,23,0.522,6.19,210.0,5.0,54.0,215.0
Munian,Weibo Gaming Youth Team,LDL,Top,LDL Split 1 · saison régulière,15,0.4,2.86,219.0,-4.0,54.0,215.0
TheNiu,FunPlus Phoenix Blaze,LDL,Top,LDL Split 1 · saison régulière,22,0.591,3.72,200.0,10.0,54.0,210.0
Dorian,Joy Dream,LDL,Support,LDL Split 1 · saison régulière,14,0.357,4.11,211.0,-4.0,54.0,207.0
Bunny,Royal Club,LDL,Support,LDL Split 1 · saison régulière,20,0.65,4.8,199.0,2.0,54.0,201.0
Darwin,LNG Academy,LDL,Jungle,LDL Split 1 · saison régulière,20,0.5,4.13,201.0,-1.0,54.0,200.0
xiaoka,Royal Club,LDL,Mid,LDL Split 1 · saison régulière,12,0.583,4.63,198.0,-1.0,54.0,197.0
Liweier,Weibo Gaming Youth Team,LDL,Jungle,LDL Split 1 · saison régulière,24,0.542,3.3,199.0,-5.0,54.0,194.0
Linfeng,Oh My God Academy,LDL,Mid,LDL Split 1 · saison régulière,20,0.5,4.98,196.0,-2.0,54.0,194.0
Lzq,Joy Dream,LDL,Mid,LDL Split 1 · saison régulière,11,0.364,3.5,199.0,-6.0,54.0,193.0
Xing,Team WE Academy,LDL,ADC,LDL Split 1 · saison régulière,9,0.556,4.94,191.0,1.0,54.0,192.0
5K,Anyone's Legend.Young,LDL,Top,LDL Split 1 · saison régulière,17,0.647,3.92,184.0,6.0,54.0,190.0
rcg,Anyone's Legend.Young,LDL,Mid,LDL Split 1 · saison régulière,20,0.65,7.41,182.0,7.0,54.0,189.0
XBY,Royal Club,LDL,Jungle,LDL Split 1 · saison régulière,20,0.65,4.25,186.0,2.0,54.0,188.0
whisper,Anyone's Legend.Young,LDL,Jungle,LDL Split 1 · saison régulière,20,0.65,4.85,177.0,7.0,54.0,184.0
Junhao,Bilibili Gaming Junior,LDL,Jungle,LDL Split 1 · saison régulière,21,0.429,3.91,188.0,-4.0,54.0,184.0
705,Team WE Academy,LDL,Top,LDL Split 1 · saison régulière,19,0.474,3.48,178.0,3.0,54.0,181.0
Untitled,Oh My God Academy,LDL,ADC,LDL Split 1 · saison régulière,12,0.583,2.53,176.0,4.0,54.0,180.0
think,Ji Jie Hao (集结号),LDL,Support,LDL Split 1 · saison régulière,20,0.65,5.02,170.0,7.0,54.0,177.0
Alley,LNG Academy,LDL,Top,LDL Split 1 · saison régulière,20,0.5,2.3,178.0,-1.0,54.0,177.0
fled,FunPlus Phoenix Blaze,LDL,Mid,LDL Split 1 · saison régulière,5,0.2,2.85,176.0,-4.0,54.0,172.0
chips,LGD Gaming Young Team,LDL,ADC,LDL Split 1 · saison régulière,20,0.5,2.7,169.0,-1.0,54.0,168.0
redwall,Joy Dream,LDL,Top,LDL Split 1 · saison régulière,21,0.381,1.72,174.0,-6.0,54.0,168.0
JiaQi,Top Esports Challenger,LDL,ADC,LDL Split 1 · saison régulière,22,0.546,3.98,166.0,2.0,54.0,168.0
xiaohanbao,Anyone's Legend.Young,LDL,ADC,LDL Split 1 · saison régulière,20,0.65,6.36,159.0,7.0,54.0,166.0
lamb,Bilibili Gaming Junior,LDL,Top,LDL Split 1 · saison régulière,21,0.429,2.68,168.0,-4.0,54.0,164.0
Medzz,MAX,LDL,Mid,LDL Split 1 · saison régulière,24,0.458,3.93,164.0,0.0,54.0,164.0
Garvey,MAX,LDL,Top,LDL Split 1 · saison régulière,24,0.458,3.24,156.0,0.0,54.0,156.0
Luuuck,Ji Jie Hao (集结号),LDL,Top,LDL Split 1 · saison régulière,23,0.522,2.38,148.0,5.0,54.0,153.0
xLiang,Ji Jie Hao (集结号),LDL,ADC,LDL Split 1 · saison régulière,23,0.522,4.61,147.0,5.0,54.0,152.0
Flying,Oh My God Academy,LDL,Top,LDL Split 1 · saison régulière,20,0.5,4.36,152.0,-2.0,54.0,150.0
xiaohuangren,ThunderTalk Gaming Young,LDL,Jungle,LDL Split 1 · saison régulière,21,0.571,4.22,152.0,-2.0,54.0,150.0
bat,ThunderTalk Gaming Young,LDL,ADC,LDL Split 1 · saison régulière,21,0.571,5.83,149.0,-2.0,54.0,147.0
Reason1,Joy Dream,LDL,Mid,LDL Split 1 · saison régulière,10,0.4,3.12,146.0,0.0,54.0,146.0
Wangxiao,Top Esports Challenger,LDL,Mid,LDL Split 1 · saison régulière,22,0.546,3.5,143.0,2.0,54.0,145.0
doing,LNG Academy,LDL,Mid,LDL Split 1 · saison régulière,20,0.5,4.02,142.0,-1.0,54.0,141.0
Mitsuki,Top Esports Challenger,LDL,Support,LDL Split 1 · saison régulière,13,0.538,2.02,136.0,0.0,54.0,136.0
sasi,ThunderTalk Gaming Young,LDL,Top,LDL Split 1 · saison régulière,21,0.571,3.2,138.0,-2.0,54.0,136.0
Starfire,Oh My God Academy,LDL,Jungle,LDL Split 1 · saison régulière,8,0.375,2.26,139.0,-6.0,54.0,133.0
zhiqiuyi,FunPlus Phoenix Blaze,LDL,ADC,LDL Split 1 · saison régulière,20,0.65,5.82,130.0,2.0,54.0,132.0
Vinay,MAX,LDL,Support,LDL Split 1 · saison régulière,24,0.458,2.8,131.0,0.0,54.0,131.0
Yummy,FunPlus Phoenix Blaze,LDL,Mid,LDL Split 1 · saison régulière,2,0.0,2.33,134.0,-6.0,54.0,128.0
Guoba,Joy Dream,LDL,ADC,LDL Split 1 · saison régulière,12,0.333,2.46,124.0,-2.0,54.0,122.0
Ashlomailma,ThunderTalk Gaming Young,LDL,Support,LDL Split 1 · saison régulière,21,0.571,3.26,123.0,-2.0,54.0,121.0
Yge,MAX,LDL,Jungle,LDL Split 1 · saison régulière,3,0.333,4.0,122.0,-2.0,54.0,120.0
Xiaoxia,Bilibili Gaming Junior,LDL,Support,LDL Split 1 · saison régulière,21,0.429,2.47,120.0,-4.0,54.0,116.0
Yanxiang,Team WE,LPL,Jungle,LDL Split 1 · saison régulière,19,0.474,3.27,106.0,3.0,54.0,109.0
Serene,Top Esports Challenger,LDL,Jungle,LDL Split 1 · saison régulière,22,0.546,3.18,107.0,2.0,54.0,109.0
grieve,Joy Dream,LDL,Support,LDL Split 1 · saison régulière,4,0.5,1.79,108.0,0.0,54.0,108.0
Baiye,Bilibili Gaming Junior,LDL,ADC,LDL Split 1 · saison régulière,13,0.385,3.44,110.0,-5.0,54.0,105.0
BuLuKaKa,Team WE Academy,LDL,Mid,LDL Split 1 · saison régulière,19,0.474,5.33,91.0,3.0,54.0,94.0
Miyi,Oh My God Academy,LDL,Support,LDL Split 1 · saison régulière,20,0.5,3.68,82.0,-2.0,54.0,80.0
Feifan,Oh My God Academy,LDL,Jungle,LDL Split 1 · saison régulière,12,0.583,3.61,76.0,4.0,54.0,80.0
Kaixuan,Weibo Gaming Youth Team,LDL,Support,LDL Split 1 · saison régulière,20,0.45,2.75,59.0,-1.0,54.0,58.0
pqy,Team WE Academy,LDL,ADC,LDL Split 1 · saison régulière,10,0.4,4.92,55.0,2.0,54.0,57.0
About,Ultra Prime Academy,LDL,ADC,LDL Split 1 · saison régulière,19,0.316,2.38,58.0,-4.0,54.0,54.0
TENG,Team WE Academy,LDL,Support,LDL Split 1 · saison régulière,19,0.474,2.69,50.0,3.0,54.0,53.0
luxury,LNG Academy,LDL,Support,LDL Split 1 · saison régulière,12,0.417,2.52,53.0,-2.0,54.0,51.0
lethe,MAX,LDL,ADC,LDL Split 1 · saison régulière,24,0.458,3.22,48.0,0.0,54.0,48.0
Cyku,Weibo Gaming Youth Team,LDL,Mid,LDL Split 1 · saison régulière,23,0.435,3.21,48.0,-2.0,54.0,46.0
sjj,Ultra Prime Academy,LDL,Top,LDL Split 1 · saison régulière,19,0.316,1.63,32.0,-4.0,54.0,28.0
Qingshui,Rare Atom Period,LDL,ADC,LDL Split 1 · saison régulière,16,0.438,2.0,20.0,4.0,54.0,24.0
banye,Oh My God Academy,LDL,ADC,LDL Split 1 · saison régulière,8,0.375,4.94,29.0,-6.0,54.0,23.0
z1n,Joy Dream,LDL,ADC,LDL Split 1 · saison régulière,9,0.444,3.21,1.0,-4.0,54.0,-3.0
Yxl,Bilibili Gaming Junior,LDL,Mid,LDL Split 1 · saison régulière,13,0.385,2.49,-3.0,-5.0,54.0,-8.0
HwQ,MiaoJing (妙竞),LDL,Mid,LDL Split 1 · saison régulière,22,0.182,2.1,-22.0,-4.0,54.0,-26.0
redhair,Ji Jie Hao (集结号),LDL,Jungle,LDL Split 1 · saison régulière,6,0.667,4.78,-30.0,4.0,54.0,-26.0
Xiao17,Weibo Gaming Youth Team,LDL,Jungle,LDL Split 1 · saison régulière,13,0.385,4.18,-39.0,-1.0,54.0,-40.0
Qiutian,MiaoJing (妙竞),LDL,Jungle,LDL Split 1 · saison régulière,22,0.182,1.65,-45.0,-4.0,54.0,-49.0
Uniboy,Rare Atom Period,LDL,Mid,LDL Split 1 · saison régulière,18,0.389,4.64,-57.0,1.0,54.0,-56.0
cc,Rare Atom Period,LDL,Jungle,LDL Split 1 · saison régulière,18,0.389,2.58,-72.0,1.0,54.0,-71.0
Lelecha,MiaoJing (妙竞),LDL,Top,LDL Split 1 · saison régulière,22,0.182,1.64,-71.0,-4.0,54.0,-75.0
Saber,Ultra Prime Academy,LDL,Mid,LDL Split 1 · saison régulière,19,0.316,2.84,-72.0,-4.0,54.0,-76.0
Yu,Rare Atom Period,LDL,Top,LDL Split 1 · saison régulière,18,0.389,2.52,-94.0,1.0,54.0,-93.0
T1en,MiaoJing (妙竞),LDL,ADC,LDL Split 1 · saison régulière,22,0.182,2.09,-110.0,-4.0,54.0,-114.0
minghai,MiaoJing (妙竞),LDL,Support,LDL Split 1 · saison régulière,22,0.182,1.6,-117.0,-4.0,54.0,-121.0
Today,Rare Atom Period,LDL,Support,LDL Split 1 · saison régulière,16,0.438,1.77,-137.0,3.0,54.0,-134.0
tears,Ultra Prime Academy,LDL,Support,LDL Split 1 · saison régulière,19,0.316,2.69,-142.0,-4.0,54.0,-146.0
eight,Ultra Prime Academy,LDL,Jungle,LDL Split 1 · saison régulière,19,0.316,1.79,-188.0,-4.0,54.0,-192.0
RYue,West Point Esports,PCS,Top,LDL Split 1 · saison régulière,4,0.25,1.31,-234.0,-7.0,54.0,-241.0
Leave,EDward Gaming,LPL,ADC,LDL Split 2 · saison régulière,20,0.9,6.98,635.0,16.0,54.0,651.0
GLFS,Invictus Gaming,LPL,Jungle,LDL Split 2 · saison régulière,9,0.667,3.75,544.0,0.0,54.0,544.0
Aspire,EDG Youth Team,LDL,Top,LDL Split 2 · saison régulière,20,0.9,5.97,503.0,16.0,54.0,519.0
pinz,Weibo Gaming Youth Team,LDL,Mid,LDL Split 2 · saison régulière,18,0.778,8.31,461.0,4.0,54.0,465.0
Qingtian,Ultra Prime,LPL,Top,LDL Split 2 · saison régulière,18,0.611,2.55,451.0,-1.0,54.0,450.0
Daisy,Weibo Gaming Youth Team,LDL,Jungle,LDL Split 2 · saison régulière,18,0.778,6.85,437.0,4.0,54.0,441.0
Coward,EDG Youth Team,LDL,Jungle,LDL Split 2 · saison régulière,20,0.9,6.09,392.0,16.0,54.0,408.0
Renard,EDG Youth Team,LDL,Mid,LDL Split 2 · saison régulière,18,0.889,8.66,386.0,15.0,54.0,401.0
Rise,Weibo Gaming Youth Team,LDL,ADC,LDL Split 2 · saison régulière,18,0.778,5.57,391.0,4.0,54.0,395.0
Ninefog,Invictus Gaming Young,LDL,Mid,LDL Split 2 · saison régulière,8,0.5,2.88,396.0,-2.0,54.0,394.0
Zorah,Rare Atom,LPL,Support,LDL Split 2 · saison régulière,8,0.25,2.11,385.0,-0.0,54.0,385.0
neny,Invictus Gaming,LPL,Mid,LDL Split 2 · saison régulière,13,0.615,6.91,374.0,-2.0,54.0,372.0
ZUIAN,Invictus Gaming,LPL,Top,LDL Split 2 · saison régulière,16,0.625,3.47,355.0,-0.0,54.0,355.0
climber,LGD Gaming Young Team,LDL,Jungle,LDL Split 2 · saison régulière,24,0.5,4.56,349.0,-4.0,54.0,345.0
Erha,Weibo Gaming Youth Team,LDL,Support,LDL Split 2 · saison régulière,9,0.778,4.25,340.0,4.0,54.0,344.0
Dribble,ThunderTalk Gaming Young,LDL,Mid,LDL Split 2 · saison régulière,24,0.542,3.36,329.0,0.0,54.0,329.0
zzx,Ji Jie Hao (集结号),LDL,Jungle,LDL Split 2 · saison régulière,18,0.611,4.35,321.0,4.0,54.0,325.0
Juice,Royal Never Give Up,LPL,Top,LDL Split 2 · saison régulière,20,0.5,2.35,324.0,-1.0,54.0,323.0
xqw,LGD Gaming Young Team,LDL,Mid,LDL Split 2 · saison régulière,24,0.5,4.75,305.0,-4.0,54.0,301.0
Ycx,EDG Youth Team,LDL,Support,LDL Split 2 · saison régulière,20,0.9,4.35,283.0,16.0,54.0,299.0
Zap,LGD Gaming Young Team,LDL,Support,LDL Split 2 · saison régulière,24,0.5,2.85,297.0,-4.0,54.0,293.0
Xingye,FunPlus Phoenix Blaze,LDL,ADC,LDL Split 2 · saison régulière,24,0.5,4.43,297.0,-5.0,54.0,292.0
Nuo,LGD Gaming Young Team,LDL,Top,LDL Split 2 · saison régulière,24,0.5,2.75,296.0,-4.0,54.0,292.0
Xzz,Royal Club,LDL,Mid,LDL Split 2 · saison régulière,22,0.454,5.04,291.0,-2.0,54.0,289.0
Jerry,Invictus Gaming Young,LDL,Support,LDL Split 2 · saison régulière,23,0.522,4.0,288.0,-7.0,54.0,281.0
cute,Invictus Gaming Young,LDL,ADC,LDL Split 2 · saison régulière,23,0.522,4.98,285.0,-7.0,54.0,278.0
sorrow,FunPlus Phoenix Blaze,LDL,Jungle,LDL Split 2 · saison régulière,24,0.5,4.06,277.0,-5.0,54.0,272.0
PandaC,Weibo Gaming Youth Team,LDL,Top,LDL Split 2 · saison régulière,18,0.778,4.28,266.0,4.0,54.0,270.0
XBear,Weibo Gaming Youth Team,LDL,Support,LDL Split 2 · saison régulière,9,0.778,11.64,269.0,0.0,54.0,269.0
fengyue,Top Esports Challenger,LDL,Support,LDL Split 2 · saison régulière,18,0.611,3.74,270.0,-1.0,54.0,269.0
Aherusi,Bilibili Gaming Junior,LDL,Mid,LDL Split 2 · saison régulière,12,0.417,3.73,267.0,0.0,54.0,267.0
OvO,Royal Club,LDL,Support,LDL Split 2 · saison régulière,7,0.571,2.5,254.0,2.0,54.0,256.0
Hook,Ultra Prime Academy,LDL,Jungle,LDL Split 2 · saison régulière,20,0.55,5.29,228.0,6.0,54.0,234.0
Maggie,Joy Dream,LDL,Jungle,LDL Split 2 · saison régulière,24,0.542,3.45,230.0,4.0,54.0,234.0
Rbow,Invictus Gaming Young,LDL,Top,LDL Split 2 · saison régulière,5,0.4,2.4,236.0,-4.0,54.0,232.0
Lele,FunPlus Phoenix Blaze,LDL,Support,LDL Split 2 · saison régulière,24,0.5,2.77,227.0,-5.0,54.0,222.0
Qing,FunPlus Phoenix Blaze,LDL,Mid,LDL Split 2 · saison régulière,11,0.364,2.41,227.0,-10.0,54.0,217.0
Dorian,Joy Dream,LDL,Support,LDL Split 2 · saison régulière,17,0.588,4.3,211.0,4.0,54.0,215.0
Hran,Joy Dream,LDL,ADC,LDL Split 2 · saison régulière,24,0.542,5.61,209.0,4.0,54.0,213.0
Lzq,Joy Dream,LDL,Mid,LDL Split 2 · saison régulière,24,0.542,3.98,199.0,4.0,54.0,203.0
Darwin,LNG Academy,LDL,Jungle,LDL Split 2 · saison régulière,18,0.278,2.44,201.0,-3.0,54.0,198.0
Tyrion,Invictus Gaming Young,LDL,Jungle,LDL Split 2 · saison régulière,14,0.429,2.51,205.0,-7.0,54.0,198.0
xiaoka,Royal Club,LDL,Mid,LDL Split 2 · saison régulière,2,0.0,2.33,198.0,-2.0,54.0,196.0
Linfeng,Oh My God Academy,LDL,Mid,LDL Split 2 · saison régulière,5,0.4,4.6,196.0,0.0,54.0,196.0
Bunny,Royal Club,LDL,Support,LDL Split 2 · saison régulière,15,0.4,2.6,199.0,-4.0,54.0,195.0
Xing,Team WE Academy,LDL,ADC,LDL Split 2 · saison régulière,11,0.546,4.76,191.0,4.0,54.0,195.0
TheNiu,FunPlus Phoenix Blaze,LDL,Top,LDL Split 2 · saison régulière,22,0.454,3.18,200.0,-8.0,54.0,192.0
charlotte,Oh My God Academy,LDL,Mid,LDL Split 2 · saison régulière,18,0.389,2.95,190.0,1.0,54.0,191.0
Alice,Top Esports Challenger,LDL,Jungle,LDL Split 2 · saison régulière,18,0.611,4.4,190.0,-1.0,54.0,189.0
Junhao,Bilibili Gaming Junior,LDL,Jungle,LDL Split 2 · saison régulière,26,0.423,3.79,188.0,-0.0,54.0,188.0
XBY,Royal Club,LDL,Jungle,LDL Split 2 · saison régulière,22,0.454,3.1,186.0,-2.0,54.0,184.0
Yukina,MAX,LDL,Support,LDL Split 2 · saison régulière,19,0.632,2.43,178.0,6.0,54.0,184.0
5K,Anyone's Legend.Young,LDL,Top,LDL Split 2 · saison régulière,19,0.526,2.37,184.0,-4.0,54.0,180.0
Rosielove,Ultra Prime Academy,LDL,Support,LDL Split 2 · saison régulière,20,0.55,3.87,172.0,6.0,54.0,178.0
redwall,Joy Dream,LDL,Top,LDL Split 2 · saison régulière,24,0.542,2.18,174.0,4.0,54.0,178.0
rcg,Anyone's Legend.Young,LDL,Mid,LDL Split 2 · saison régulière,19,0.526,3.34,182.0,-4.0,54.0,178.0
Alley,LNG Academy,LDL,Top,LDL Split 2 · saison régulière,2,0.0,1.12,178.0,-2.0,54.0,176.0
fled,FunPlus Phoenix Blaze,LDL,Mid,LDL Split 2 · saison régulière,6,0.5,4.85,176.0,-2.0,54.0,174.0
whisper,Anyone's Legend.Young,LDL,Jungle,LDL Split 2 · saison régulière,19,0.526,3.22,177.0,-4.0,54.0,173.0
Medzz,MAX,LDL,Mid,LDL Split 2 · saison régulière,19,0.632,3.36,164.0,6.0,54.0,170.0
lamb,Bilibili Gaming Junior,LDL,Top,LDL Split 2 · saison régulière,12,0.417,2.83,168.0,0.0,54.0,168.0
think,Ji Jie Hao (集结号),LDL,Support,LDL Split 2 · saison régulière,21,0.524,3.94,170.0,-2.0,54.0,168.0
chips,LGD Gaming Young Team,LDL,ADC,LDL Split 2 · saison régulière,24,0.5,4.36,169.0,-4.0,54.0,165.0
JiaQi,Top Esports Challenger,LDL,ADC,LDL Split 2 · saison régulière,18,0.611,5.4,166.0,-1.0,54.0,165.0
Garvey,MAX,LDL,Top,LDL Split 2 · saison régulière,19,0.632,3.16,156.0,6.0,54.0,162.0
xiaohanbao,Anyone's Legend.Young,LDL,ADC,LDL Split 2 · saison régulière,19,0.526,4.07,159.0,-4.0,54.0,155.0
Flying,Oh My God Academy,LDL,Top,LDL Split 2 · saison régulière,23,0.391,2.74,152.0,1.0,54.0,153.0
xiaohuangren,ThunderTalk Gaming Young,LDL,Jungle,LDL Split 2 · saison régulière,24,0.542,2.99,152.0,0.0,54.0,152.0
bat,ThunderTalk Gaming Young,LDL,ADC,LDL Split 2 · saison régulière,24,0.542,3.85,149.0,0.0,54.0,149.0
Luuuck,Ji Jie Hao (集结号),LDL,Top,LDL Split 2 · saison régulière,21,0.524,2.94,148.0,-2.0,54.0,146.0
xLiang,Ji Jie Hao (集结号),LDL,ADC,LDL Split 2 · saison régulière,21,0.524,3.82,147.0,-2.0,54.0,145.0
Wangxiao,Top Esports Challenger,LDL,Mid,LDL Split 2 · saison régulière,18,0.611,4.2,143.0,-1.0,54.0,142.0
Yummy,FunPlus Phoenix Blaze,LDL,Mid,LDL Split 2 · saison régulière,7,0.714,6.2,134.0,7.0,54.0,141.0
Starfire,Oh My God Academy,LDL,Jungle,LDL Split 2 · saison régulière,23,0.391,3.27,139.0,1.0,54.0,140.0
sasi,ThunderTalk Gaming Young,LDL,Top,LDL Split 2 · saison régulière,24,0.542,2.56,138.0,0.0,54.0,138.0
doing,LNG Academy,LDL,Mid,LDL Split 2 · saison régulière,24,0.292,2.99,142.0,-4.0,54.0,138.0
Vinay,MAX,LDL,Support,LDL Split 2 · saison régulière,19,0.632,3.9,131.0,6.0,54.0,137.0
Yge,MAX,LDL,Jungle,LDL Split 2 · saison régulière,19,0.632,3.63,122.0,6.0,54.0,128.0
zhiqiuyi,FunPlus Phoenix Blaze,LDL,ADC,LDL Split 2 · saison régulière,16,0.375,3.27,130.0,-4.0,54.0,126.0
Ashlomailma,ThunderTalk Gaming Young,LDL,Support,LDL Split 2 · saison régulière,24,0.542,2.41,123.0,0.0,54.0,123.0
Xiaoxia,Bilibili Gaming Junior,LDL,Support,LDL Split 2 · saison régulière,26,0.423,2.66,120.0,-0.0,54.0,120.0
Baiye,Bilibili Gaming Junior,LDL,ADC,LDL Split 2 · saison régulière,26,0.423,4.5,110.0,-0.0,54.0,110.0
grieve,Joy Dream,LDL,Support,LDL Split 2 · saison régulière,7,0.429,3.29,108.0,1.0,54.0,109.0
Yanxiang,Team WE,LPL,Jungle,LDL Split 2 · saison régulière,21,0.429,3.77,106.0,-2.0,54.0,104.0
BuLuKaKa,Team WE Academy,LDL,Mid,LDL Split 2 · saison régulière,21,0.429,4.14,91.0,-2.0,54.0,89.0
Miyi,Oh My God Academy,LDL,Support,LDL Split 2 · saison régulière,23,0.391,2.86,82.0,1.0,54.0,83.0
Beluga,Team WE Academy,LDL,Top,LDL Split 2 · saison régulière,21,0.429,2.78,84.0,-2.0,54.0,82.0
About,Ultra Prime Academy,LDL,ADC,LDL Split 2 · saison régulière,20,0.55,3.42,58.0,6.0,54.0,64.0
DLX,Anyone's Legend.Young,LDL,Support,LDL Split 2 · saison régulière,19,0.526,3.27,58.0,-4.0,54.0,54.0
luxury,LNG Academy,LDL,Support,LDL Split 2 · saison régulière,24,0.292,2.31,53.0,-4.0,54.0,49.0
pqy,Team WE Academy,LDL,ADC,LDL Split 2 · saison régulière,10,0.3,2.7,55.0,-6.0,54.0,49.0
TENG,Team WE Academy,LDL,Support,LDL Split 2 · saison régulière,21,0.429,3.03,50.0,-2.0,54.0,48.0
xinsheng,LNG Academy,LDL,Top,LDL Split 2 · saison régulière,22,0.318,2.42,40.0,-1.0,54.0,39.0
sjj,Ultra Prime Academy,LDL,Top,LDL Split 2 · saison régulière,20,0.55,3.6,32.0,6.0,54.0,38.0
Keshi,Bilibili Gaming Junior,LDL,Top,LDL Split 2 · saison régulière,14,0.429,1.84,34.0,-1.0,54.0,33.0
banye,Oh My God Academy,LDL,ADC,LDL Split 2 · saison régulière,23,0.391,3.46,29.0,1.0,54.0,30.0
Dong,Ji Jie Hao (集结号),LDL,Mid,LDL Split 2 · saison régulière,21,0.524,3.42,24.0,-2.0,54.0,22.0
Qingshui,Rare Atom Period,LDL,ADC,LDL Split 2 · saison régulière,19,0.316,2.35,20.0,-3.0,54.0,17.0
Yxl,Bilibili Gaming Junior,LDL,Mid,LDL Split 2 · saison régulière,14,0.429,2.31,-3.0,-1.0,54.0,-4.0
redhair,Ji Jie Hao (集结号),LDL,Jungle,LDL Split 2 · saison régulière,3,0.0,0.62,-30.0,-6.0,54.0,-36.0
Yed9,MiaoJing (妙竞),LDL,Mid,LDL Split 2 · saison régulière,19,0.21,1.86,-35.0,-3.0,54.0,-38.0
TA0,MiaoJing (妙竞),LDL,Jungle,LDL Split 2 · saison régulière,19,0.21,2.17,-48.0,-3.0,54.0,-51.0
Uniboy,Rare Atom Period,LDL,Mid,LDL Split 2 · saison régulière,21,0.286,3.93,-57.0,-4.0,54.0,-61.0
Saber,Ultra Prime Academy,LDL,Mid,LDL Split 2 · saison régulière,20,0.55,5.32,-72.0,6.0,54.0,-66.0
Lelecha,MiaoJing (妙竞),LDL,Top,LDL Split 2 · saison régulière,19,0.21,2.03,-71.0,-3.0,54.0,-74.0
cc,Rare Atom Period,LDL,Jungle,LDL Split 2 · saison régulière,21,0.286,2.8,-72.0,-4.0,54.0,-76.0
Yu,Rare Atom Period,LDL,Top,LDL Split 2 · saison régulière,18,0.278,1.95,-94.0,-4.0,54.0,-98.0
T1en,MiaoJing (妙竞),LDL,ADC,LDL Split 2 · saison régulière,19,0.21,2.09,-110.0,-3.0,54.0,-113.0
minghai,MiaoJing (妙竞),LDL,Support,LDL Split 2 · saison régulière,19,0.21,1.99,-117.0,-3.0,54.0,-120.0
Today,Rare Atom Period,LDL,Support,LDL Split 2 · saison régulière,17,0.235,1.86,-137.0,-9.0,54.0,-146.0
JiaHao,LNG Academy,LDL,ADC,LDL Split 2 · saison régulière,24,0.292,2.72,-180.0,-4.0,54.0,-184.0
Leave,EDward Gaming,LPL,ADC,LDL · playoffs,9,1.0,8.33,635.0,11.0,54.0,646.0
Aspire,EDG Youth Team,LDL,Top,LDL · playoffs,18,0.667,4.03,503.0,2.0,54.0,505.0
Ninefog,Invictus Gaming Young,LDL,Mid,LDL · playoffs,13,0.769,4.19,396.0,12.0,54.0,408.0
Monki,EDward Gaming,LPL,Jungle,LDL · playoffs,5,0.4,3.18,402.0,-3.0,54.0,399.0
Coward,EDG Youth Team,LDL,Jungle,LDL · playoffs,13,0.769,4.7,392.0,5.0,54.0,397.0
Renard,EDG Youth Team,LDL,Mid,LDL · playoffs,13,0.769,8.0,386.0,5.0,54.0,391.0
neny,Invictus Gaming,LPL,Mid,LDL · playoffs,11,0.546,5.32,374.0,4.0,54.0,378.0
ZUIAN,Invictus Gaming,LPL,Top,LDL · playoffs,7,0.429,3.61,355.0,-3.0,54.0,352.0
climber,LGD Gaming Young Team,LDL,Jungle,LDL · playoffs,8,0.25,3.26,349.0,-8.0,54.0,341.0
Dribble,ThunderTalk Gaming Young,LDL,Mid,LDL · playoffs,11,0.546,4.89,329.0,4.0,54.0,333.0
yhp,LGD Gaming Young Team,LDL,ADC,LDL · playoffs,8,0.25,3.71,322.0,-8.0,54.0,314.0
Jerry,Invictus Gaming Young,LDL,Support,LDL · playoffs,27,0.593,3.75,288.0,12.0,54.0,300.0
xqw,LGD Gaming Young Team,LDL,Mid,LDL · playoffs,8,0.25,2.22,305.0,-8.0,54.0,297.0
cute,Invictus Gaming Young,LDL,ADC,LDL · playoffs,27,0.593,6.12,285.0,12.0,54.0,297.0
Xingye,FunPlus Phoenix Blaze,LDL,ADC,LDL · playoffs,6,0.0,3.18,297.0,-7.0,54.0,290.0
Zap,LGD Gaming Young Team,LDL,Support,LDL · playoffs,8,0.25,1.79,297.0,-8.0,54.0,289.0
Nuo,LGD Gaming Young Team,LDL,Top,LDL · playoffs,8,0.25,1.72,296.0,-8.0,54.0,288.0
Ycx,EDG Youth Team,LDL,Support,LDL · playoffs,18,0.667,3.06,283.0,2.0,54.0,285.0
sorrow,FunPlus Phoenix Blaze,LDL,Jungle,LDL · playoffs,6,0.0,1.79,277.0,-7.0,54.0,270.0
Rbow,Invictus Gaming Young,LDL,Top,LDL · playoffs,20,0.65,3.98,236.0,15.0,54.0,251.0
Maggie,Joy Dream,LDL,Jungle,LDL · playoffs,14,0.429,3.32,230.0,-2.0,54.0,228.0
Qing,FunPlus Phoenix Blaze,LDL,Mid,LDL · playoffs,6,0.0,2.14,227.0,-7.0,54.0,220.0
Lele,FunPlus Phoenix Blaze,LDL,Support,LDL · playoffs,6,0.0,1.78,227.0,-7.0,54.0,220.0
Tyrion,Invictus Gaming Young,LDL,Jungle,LDL · playoffs,16,0.625,3.76,205.0,8.0,54.0,213.0
Dorian,Joy Dream,LDL,Support,LDL · playoffs,14,0.429,4.13,211.0,-2.0,54.0,209.0
Hran,Joy Dream,LDL,ADC,LDL · playoffs,14,0.429,4.66,209.0,-2.0,54.0,207.0
Liweier,Weibo Gaming Youth Team,LDL,Jungle,LDL · playoffs,11,0.546,3.82,199.0,4.0,54.0,203.0
Lzq,Joy Dream,LDL,Mid,LDL · playoffs,14,0.429,5.48,199.0,-2.0,54.0,197.0
TheNiu,FunPlus Phoenix Blaze,LDL,Top,LDL · playoffs,6,0.0,1.52,200.0,-7.0,54.0,193.0
redwall,Joy Dream,LDL,Top,LDL · playoffs,14,0.429,2.52,174.0,-2.0,54.0,172.0
xiaohuangren,ThunderTalk Gaming Young,LDL,Jungle,LDL · playoffs,11,0.546,3.53,152.0,4.0,54.0,156.0
bat,ThunderTalk Gaming Young,LDL,ADC,LDL · playoffs,11,0.546,4.03,149.0,4.0,54.0,153.0
sasi,ThunderTalk Gaming Young,LDL,Top,LDL · playoffs,11,0.546,2.25,138.0,4.0,54.0,142.0
Ashlomailma,ThunderTalk Gaming Young,LDL,Support,LDL · playoffs,11,0.546,2.94,123.0,4.0,54.0,127.0
pinz,Weibo Gaming Youth Team,LDL,Mid,LDL · saison régulière,3,1.0,9.5,461.0,1.0,54.0,462.0
Qingtian,Ultra Prime,LPL,Top,LDL · saison régulière,4,0.25,1.64,451.0,-2.0,54.0,449.0
Rise,Weibo Gaming Youth Team,LDL,ADC,LDL · saison régulière,3,1.0,7.0,391.0,1.0,54.0,392.0
climber,LGD Gaming Young Team,LDL,Jungle,LDL · saison régulière,3,1.0,13.33,349.0,4.0,54.0,353.0
Erha,Weibo Gaming Youth Team,LDL,Support,LDL · saison régulière,3,1.0,7.29,340.0,1.0,54.0,341.0
Dribble,ThunderTalk Gaming Young,LDL,Mid,LDL · saison régulière,3,1.0,9.5,329.0,6.0,54.0,335.0
Juice,Royal Never Give Up,LPL,Top,LDL · saison régulière,6,1.0,4.38,324.0,4.0,54.0,328.0
zzx,Ji Jie Hao (集结号),LDL,Jungle,LDL · saison régulière,3,0.0,4.0,321.0,-2.0,54.0,319.0
xqw,LGD Gaming Young Team,LDL,Mid,LDL · saison régulière,3,1.0,4.5,305.0,4.0,54.0,309.0
Zap,LGD Gaming Young Team,LDL,Support,LDL · saison régulière,3,1.0,26.0,297.0,4.0,54.0,301.0
Nuo,LGD Gaming Young Team,LDL,Top,LDL · saison régulière,3,1.0,6.2,296.0,4.0,54.0,300.0
Xzz,Royal Club,LDL,Mid,LDL · saison régulière,3,1.0,11.33,291.0,2.0,54.0,293.0
sorrow,FunPlus Phoenix Blaze,LDL,Jungle,LDL · saison régulière,5,0.4,4.07,277.0,-1.0,54.0,276.0
Aherusi,Bilibili Gaming Junior,LDL,Mid,LDL · saison régulière,4,0.75,4.07,267.0,2.0,54.0,269.0
fengyue,Top Esports Challenger,LDL,Support,LDL · saison régulière,4,0.25,1.48,270.0,-2.0,54.0,268.0
PandaC,Weibo Gaming Youth Team,LDL,Top,LDL · saison régulière,7,0.571,2.13,266.0,-3.0,54.0,263.0
OvO,Royal Club,LDL,Support,LDL · saison régulière,3,1.0,3.58,254.0,2.0,54.0,256.0
Ke,Ji Jie Hao (集结号),LDL,Support,LDL · saison régulière,3,0.0,1.2,238.0,-5.0,54.0,233.0
Maggie,Joy Dream,LDL,Jungle,LDL · saison régulière,5,0.6,3.25,230.0,1.0,54.0,231.0
Lele,FunPlus Phoenix Blaze,LDL,Support,LDL · saison régulière,5,0.4,3.5,227.0,-1.0,54.0,226.0
Hook,Ultra Prime Academy,LDL,Jungle,LDL · saison régulière,3,0.0,1.09,228.0,-4.0,54.0,224.0
Dorian,Joy Dream,LDL,Support,LDL · saison régulière,5,0.6,6.0,211.0,1.0,54.0,212.0
Darwin,LNG Academy,LDL,Jungle,LDL · saison régulière,3,1.0,34.0,201.0,5.0,54.0,206.0
Insulator,Ji Jie Hao (集结号),LDL,Mid,LDL · saison régulière,3,0.0,3.0,210.0,-5.0,54.0,205.0
Bunny,Royal Club,LDL,Support,LDL · saison régulière,3,1.0,3.78,199.0,2.0,54.0,201.0
Liweier,Weibo Gaming Youth Team,LDL,Jungle,LDL · saison régulière,3,1.0,3.45,199.0,1.0,54.0,200.0
xiaoka,Royal Club,LDL,Mid,LDL · saison régulière,3,1.0,7.17,198.0,2.0,54.0,200.0
Lzq,Joy Dream,LDL,Mid,LDL · saison régulière,5,0.6,4.55,199.0,1.0,54.0,200.0
Linfeng,Oh My God Academy,LDL,Mid,LDL · saison régulière,4,0.75,22.0,196.0,4.0,54.0,200.0
Junhao,Bilibili Gaming Junior,LDL,Jungle,LDL · saison régulière,7,0.857,4.96,188.0,6.0,54.0,194.0
charlotte,Oh My God Academy,LDL,Mid,LDL · saison régulière,5,0.6,3.06,190.0,4.0,54.0,194.0
XBY,Royal Club,LDL,Jungle,LDL · saison régulière,6,1.0,3.81,186.0,4.0,54.0,190.0
Alley,LNG Academy,LDL,Top,LDL · saison régulière,3,1.0,10.33,178.0,5.0,54.0,183.0
5K,Anyone's Legend.Young,LDL,Top,LDL · saison régulière,10,0.5,3.14,184.0,-1.0,54.0,183.0
rcg,Anyone's Legend.Young,LDL,Mid,LDL · saison régulière,10,0.5,3.3,182.0,-1.0,54.0,181.0
whisper,Anyone's Legend.Young,LDL,Jungle,LDL · saison régulière,10,0.5,3.16,177.0,-1.0,54.0,176.0
redwall,Joy Dream,LDL,Top,LDL · saison régulière,5,0.6,1.81,174.0,1.0,54.0,175.0
lamb,Bilibili Gaming Junior,LDL,Top,LDL · saison régulière,7,0.857,5.06,168.0,6.0,54.0,174.0
Yukina,MAX,LDL,Support,LDL · saison régulière,3,0.0,2.0,178.0,-4.0,54.0,174.0
chips,LGD Gaming Young Team,LDL,ADC,LDL · saison régulière,3,1.0,35.0,169.0,4.0,54.0,173.0
think,Ji Jie Hao (集结号),LDL,Support,LDL · saison régulière,5,0.4,3.18,170.0,-1.0,54.0,169.0
Rosielove,Ultra Prime Academy,LDL,Support,LDL · saison régulière,3,0.0,1.08,172.0,-4.0,54.0,168.0
JiaQi,Top Esports Challenger,LDL,ADC,LDL · saison régulière,9,0.333,3.81,166.0,-5.0,54.0,161.0
Flying,Oh My God Academy,LDL,Top,LDL · saison régulière,9,0.667,3.5,152.0,8.0,54.0,160.0
xiaohanbao,Anyone's Legend.Young,LDL,ADC,LDL · saison régulière,10,0.5,3.94,159.0,-1.0,54.0,158.0
xiaohuangren,ThunderTalk Gaming Young,LDL,Jungle,LDL · saison régulière,3,1.0,7.5,152.0,6.0,54.0,158.0
bat,ThunderTalk Gaming Young,LDL,ADC,LDL · saison régulière,3,1.0,16.67,149.0,6.0,54.0,155.0
Medzz,MAX,LDL,Mid,LDL · saison régulière,6,0.0,3.06,164.0,-10.0,54.0,154.0
Starfire,Oh My God Academy,LDL,Jungle,LDL · saison régulière,9,0.667,5.33,139.0,8.0,54.0,147.0
Garvey,MAX,LDL,Top,LDL · saison régulière,6,0.0,1.41,156.0,-10.0,54.0,146.0
doing,LNG Academy,LDL,Mid,LDL · saison régulière,6,0.5,3.29,142.0,4.0,54.0,146.0
sasi,ThunderTalk Gaming Young,LDL,Top,LDL · saison régulière,3,1.0,7.2,138.0,6.0,54.0,144.0
Luuuck,Ji Jie Hao (集结号),LDL,Top,LDL · saison régulière,6,0.0,1.32,148.0,-7.0,54.0,141.0
xLiang,Ji Jie Hao (集结号),LDL,ADC,LDL · saison régulière,6,0.0,2.32,147.0,-7.0,54.0,140.0
Wangxiao,Top Esports Challenger,LDL,Mid,LDL · saison régulière,9,0.333,4.95,143.0,-5.0,54.0,138.0
Yummy,FunPlus Phoenix Blaze,LDL,Mid,LDL · saison régulière,5,0.4,3.44,134.0,-1.0,54.0,133.0
Mitsuki,Top Esports Challenger,LDL,Support,LDL · saison régulière,5,0.4,3.1,136.0,-4.0,54.0,132.0
zhiqiuyi,FunPlus Phoenix Blaze,LDL,ADC,LDL · saison régulière,8,0.625,4.52,130.0,1.0,54.0,131.0
Ashlomailma,ThunderTalk Gaming Young,LDL,Support,LDL · saison régulière,3,1.0,6.0,123.0,6.0,54.0,129.0
Xiaoxia,Bilibili Gaming Junior,LDL,Support,LDL · saison régulière,7,0.857,3.87,120.0,6.0,54.0,126.0
Vinay,MAX,LDL,Support,LDL · saison régulière,6,0.0,1.18,131.0,-10.0,54.0,121.0
Yge,MAX,LDL,Jungle,LDL · saison régulière,3,0.0,1.19,122.0,-6.0,54.0,116.0
Baiye,Bilibili Gaming Junior,LDL,ADC,LDL · saison régulière,7,0.857,5.65,110.0,6.0,54.0,116.0
Serene,Top Esports Challenger,LDL,Jungle,LDL · saison régulière,5,0.4,3.47,107.0,-4.0,54.0,103.0
Miyi,Oh My God Academy,LDL,Support,LDL · saison régulière,9,0.667,3.33,82.0,8.0,54.0,90.0
DLX,Anyone's Legend.Young,LDL,Support,LDL · saison régulière,5,0.6,3.3,58.0,1.0,54.0,59.0
luxury,LNG Academy,LDL,Support,LDL · saison régulière,6,0.5,2.77,53.0,4.0,54.0,57.0
Kaixuan,Weibo Gaming Youth Team,LDL,Support,LDL · saison régulière,4,0.25,1.79,59.0,-4.0,54.0,55.0
About,Ultra Prime Academy,LDL,ADC,LDL · saison régulière,3,0.0,0.9,58.0,-4.0,54.0,54.0
Cyku,Weibo Gaming Youth Team,LDL,Mid,LDL · saison régulière,4,0.25,1.33,48.0,-4.0,54.0,44.0
lethe,MAX,LDL,ADC,LDL · saison régulière,3,0.0,1.14,48.0,-6.0,54.0,42.0
xinsheng,LNG Academy,LDL,Top,LDL · saison régulière,3,0.0,1.06,40.0,-1.0,54.0,39.0
banye,Oh My God Academy,LDL,ADC,LDL · saison régulière,9,0.667,4.29,29.0,8.0,54.0,37.0
sjj,Ultra Prime Academy,LDL,Top,LDL · saison régulière,3,0.0,1.0,32.0,-4.0,54.0,28.0
Dong,Ji Jie Hao (集结号),LDL,Mid,LDL · saison régulière,3,0.0,2.45,24.0,-2.0,54.0,22.0
Yxl,Bilibili Gaming Junior,LDL,Mid,LDL · saison régulière,3,1.0,3.82,-3.0,4.0,54.0,1.0
HwQ,MiaoJing (妙竞),LDL,Mid,LDL · saison régulière,3,0.0,2.12,-22.0,-2.0,54.0,-24.0
redhair,Ji Jie Hao (集结号),LDL,Jungle,LDL · saison régulière,3,0.0,1.43,-30.0,-5.0,54.0,-35.0
Xiao17,Weibo Gaming Youth Team,LDL,Jungle,LDL · saison régulière,4,0.25,1.82,-39.0,-4.0,54.0,-43.0
Qiutian,MiaoJing (妙竞),LDL,Jungle,LDL · saison régulière,3,0.0,2.29,-45.0,-2.0,54.0,-47.0
Lelecha,MiaoJing (妙竞),LDL,Top,LDL · saison régulière,3,0.0,0.91,-71.0,-2.0,54.0,-73.0
Saber,Ultra Prime Academy,LDL,Mid,LDL · saison régulière,3,0.0,1.8,-72.0,-4.0,54.0,-76.0
T1en,MiaoJing (妙竞),LDL,ADC,LDL · saison régulière,3,0.0,1.58,-110.0,-2.0,54.0,-112.0
minghai,MiaoJing (妙竞),LDL,Support,LDL · saison régulière,3,0.0,2.3,-117.0,-2.0,54.0,-119.0
JiaHao,LNG Academy,LDL,ADC,LDL · saison régulière,3,0.0,1.31,-180.0,-1.0,54.0,-181.0
Caps,G2 Esports,LEC,Mid,LEC Finals · playoffs,21,0.667,3.74,771.0,-3.0,54.0,768.0
Yike,G2 Esports,LEC,Jungle,LEC Finals · playoffs,21,0.667,5.07,754.0,-3.0,54.0,751.0
BrokenBlade,G2 Esports,LEC,Top,LEC Finals · playoffs,21,0.667,3.11,754.0,-3.0,54.0,751.0
Hans Sama,G2 Esports,LEC,ADC,LEC Finals · playoffs,21,0.667,5.42,751.0,-3.0,54.0,748.0
Mikyx,G2 Esports,LEC,Support,LEC Finals · playoffs,21,0.667,2.91,735.0,-3.0,54.0,732.0
Adam,Team BDS,LEC,Top,LEC Finals · playoffs,11,0.454,2.26,682.0,-3.0,54.0,679.0
Razork,Fnatic,LEC,Jungle,LEC Finals · playoffs,12,0.583,4.28,653.0,6.0,54.0,659.0
Oscarinin,Fnatic,LEC,Top,LEC Finals · playoffs,12,0.583,2.43,642.0,6.0,54.0,648.0
Ice,Team BDS,LEC,ADC,LEC Finals · playoffs,11,0.454,5.05,646.0,-3.0,54.0,643.0
Jun,Fnatic,LEC,Support,LEC Finals · playoffs,12,0.583,3.88,636.0,6.0,54.0,642.0
Humanoid,Fnatic,LEC,Mid,LEC Finals · playoffs,12,0.583,4.14,636.0,6.0,54.0,642.0
Noah,Fnatic,LEC,ADC,LEC Finals · playoffs,12,0.583,6.21,633.0,6.0,54.0,639.0
Sheo,Team BDS,LEC,Jungle,LEC Finals · playoffs,11,0.454,4.55,634.0,-3.0,54.0,631.0
Labrov,Team BDS,LEC,Support,LEC Finals · playoffs,11,0.454,3.54,599.0,-3.0,54.0,596.0
Irrelevant,SK Gaming,LEC,Top,LEC Finals · playoffs,3,0.0,1.22,591.0,-5.0,54.0,586.0
ISMA,SK Gaming,LEC,Jungle,LEC Finals · playoffs,3,0.0,1.44,591.0,-5.0,54.0,586.0
nuc,Team BDS,LEC,Mid,LEC Finals · playoffs,11,0.454,2.96,581.0,-3.0,54.0,578.0
Elyoya,MAD Lions KOI,LEC,Jungle,LEC Finals · playoffs,14,0.429,3.46,554.0,7.0,54.0,561.0
Alvaro,MAD Lions KOI,LEC,Support,LEC Finals · playoffs,14,0.429,2.46,531.0,7.0,54.0,538.0
Supa,MAD Lions KOI,LEC,ADC,LEC Finals · playoffs,14,0.429,3.26,527.0,7.0,54.0,534.0
Nisqy,SK Gaming,LEC,Mid,LEC Finals · playoffs,3,0.0,1.0,538.0,-5.0,54.0,533.0
Myrwn,MAD Lions KOI,LEC,Top,LEC Finals · playoffs,14,0.429,3.22,524.0,7.0,54.0,531.0
Ignar,GiantX,LEC,Support,LEC Finals · playoffs,3,0.0,2.0,524.0,-2.0,54.0,522.0
Fresskowy,MAD Lions KOI,LEC,Mid,LEC Finals · playoffs,14,0.429,3.3,481.0,7.0,54.0,488.0
Rahel,SK Gaming,LEC,ADC,LEC Finals · playoffs,3,0.0,1.33,481.0,-5.0,54.0,476.0
Patrik,GiantX,LEC,ADC,LEC Finals · playoffs,3,0.0,1.29,458.0,-2.0,54.0,456.0
Luon,SK Gaming,LEC,Support,LEC Finals · playoffs,3,0.0,1.3,442.0,-5.0,54.0,437.0
Jackies,GiantX,LEC,Mid,LEC Finals · playoffs,3,0.0,1.3,436.0,-2.0,54.0,434.0
Juhan,GiantX,LEC,Jungle,LEC Finals · playoffs,3,0.0,1.22,383.0,-2.0,54.0,381.0
Th3Antonio,GiantX,LEC,Top,LEC Finals · playoffs,3,0.0,0.64,168.0,-2.0,54.0,166.0
Caps,G2 Esports,LEC,Mid,LEC Spring · playoffs,12,0.833,5.83,771.0,2.0,54.0,773.0
Yike,G2 Esports,LEC,Jungle,LEC Spring · playoffs,12,0.833,4.62,754.0,2.0,54.0,756.0
BrokenBlade,G2 Esports,LEC,Top,LEC Spring · playoffs,12,0.833,3.69,754.0,2.0,54.0,756.0
Hans Sama,G2 Esports,LEC,ADC,LEC Spring · playoffs,12,0.833,5.84,751.0,2.0,54.0,753.0
Mikyx,G2 Esports,LEC,Support,LEC Spring · playoffs,12,0.833,3.64,735.0,2.0,54.0,737.0
Adam,Team BDS,LEC,Top,LEC Spring · playoffs,14,0.5,2.38,682.0,6.0,54.0,688.0
Daglas,Vitality.Bee,LFL,Jungle,LEC Spring · playoffs,12,0.5,3.69,650.0,3.0,54.0,653.0
Ice,Team BDS,LEC,ADC,LEC Spring · playoffs,14,0.5,5.92,646.0,6.0,54.0,652.0
Razork,Fnatic,LEC,Jungle,LEC Spring · playoffs,20,0.55,3.19,653.0,-4.0,54.0,649.0
Sheo,Team BDS,LEC,Jungle,LEC Spring · playoffs,14,0.5,4.33,634.0,6.0,54.0,640.0
Oscarinin,Fnatic,LEC,Top,LEC Spring · playoffs,20,0.55,3.75,642.0,-4.0,54.0,638.0
Jun,Fnatic,LEC,Support,LEC Spring · playoffs,20,0.55,3.89,636.0,-4.0,54.0,632.0
Humanoid,Fnatic,LEC,Mid,LEC Spring · playoffs,20,0.55,3.28,636.0,-4.0,54.0,632.0
Noah,Fnatic,LEC,ADC,LEC Spring · playoffs,20,0.55,4.08,633.0,-4.0,54.0,629.0
Labrov,Team BDS,LEC,Support,LEC Spring · playoffs,14,0.5,2.88,599.0,6.0,54.0,605.0
Irrelevant,SK Gaming,LEC,Top,LEC Spring · playoffs,6,0.333,2.28,591.0,-4.0,54.0,587.0
ISMA,SK Gaming,LEC,Jungle,LEC Spring · playoffs,6,0.333,4.5,591.0,-4.0,54.0,587.0
nuc,Team BDS,LEC,Mid,LEC Spring · playoffs,14,0.5,3.23,581.0,6.0,54.0,587.0
Photon,Team Vitality,LEC,Top,LEC Spring · playoffs,12,0.5,3.27,555.0,3.0,54.0,558.0
Elyoya,MAD Lions KOI,LEC,Jungle,LEC Spring · playoffs,7,0.286,3.45,554.0,-3.0,54.0,551.0
Nisqy,SK Gaming,LEC,Mid,LEC Spring · playoffs,6,0.333,2.09,538.0,-4.0,54.0,534.0
Alvaro,MAD Lions KOI,LEC,Support,LEC Spring · playoffs,7,0.286,2.92,531.0,-3.0,54.0,528.0
Supa,MAD Lions KOI,LEC,ADC,LEC Spring · playoffs,7,0.286,3.69,527.0,-3.0,54.0,524.0
Ignar,GiantX,LEC,Support,LEC Spring · playoffs,5,0.2,3.42,524.0,0.0,54.0,524.0
Myrwn,MAD Lions KOI,LEC,Top,LEC Spring · playoffs,7,0.286,1.64,524.0,-3.0,54.0,521.0
Vetheo,Team Vitality,LEC,Mid,LEC Spring · playoffs,12,0.5,3.47,516.0,3.0,54.0,519.0
Carzzy,Team Vitality,LEC,ADC,LEC Spring · playoffs,12,0.5,3.36,516.0,3.0,54.0,519.0
Trymbi,Team Heretics,LEC,Support,LEC Spring · playoffs,8,0.375,2.54,500.0,0.0,54.0,500.0
Fresskowy,MAD Lions KOI,LEC,Mid,LEC Spring · playoffs,7,0.286,4.14,481.0,-3.0,54.0,478.0
Jankos,Team Heretics,LEC,Jungle,LEC Spring · playoffs,8,0.375,2.5,476.0,0.0,54.0,476.0
Zwyroo,Team Heretics,LEC,Mid,LEC Spring · playoffs,8,0.375,4.77,469.0,0.0,54.0,469.0
Patrik,GiantX,LEC,ADC,LEC Spring · playoffs,5,0.2,3.6,458.0,0.0,54.0,458.0
3XA,SK Gaming,LEC,ADC,LEC Spring · playoffs,6,0.333,3.38,458.0,-4.0,54.0,454.0
Wunder,Team Heretics,LEC,Top,LEC Spring · playoffs,8,0.375,2.68,452.0,0.0,54.0,452.0
Flakked,Team Heretics,LEC,ADC,LEC Spring · playoffs,8,0.375,3.41,448.0,0.0,54.0,448.0
Jackies,GiantX,LEC,Mid,LEC Spring · playoffs,5,0.2,2.57,436.0,0.0,54.0,436.0
Odoamne,GiantX,LEC,Top,LEC Spring · playoffs,5,0.2,1.86,431.0,0.0,54.0,431.0
Hylissang,Team Vitality,LEC,Support,LEC Spring · playoffs,12,0.5,2.65,393.0,3.0,54.0,396.0
Doss,SK Gaming Prime,PRM,Support,LEC Spring · playoffs,6,0.333,3.56,184.0,-4.0,54.0,180.0
Peach,GIANTX iTero,LES,Jungle,LEC Spring · playoffs,5,0.2,2.32,75.0,0.0,54.0,75.0
Caps,G2 Esports,LEC,Mid,LEC Spring · saison régulière,9,0.667,4.94,771.0,-6.0,54.0,765.0
Yike,G2 Esports,LEC,Jungle,LEC Spring · saison régulière,9,0.667,5.0,754.0,-6.0,54.0,748.0
BrokenBlade,G2 Esports,LEC,Top,LEC Spring · saison régulière,9,0.667,3.82,754.0,-6.0,54.0,748.0
Hans Sama,G2 Esports,LEC,ADC,LEC Spring · saison régulière,9,0.667,4.33,751.0,-6.0,54.0,745.0
Mikyx,G2 Esports,LEC,Support,LEC Spring · saison régulière,9,0.667,2.24,735.0,-6.0,54.0,729.0
Adam,Team BDS,LEC,Top,LEC Spring · saison régulière,9,0.556,3.12,682.0,-5.0,54.0,677.0
Razork,Fnatic,LEC,Jungle,LEC Spring · saison régulière,9,0.667,4.19,653.0,1.0,54.0,654.0
Daglas,Vitality.Bee,LFL,Jungle,LEC Spring · saison régulière,9,0.667,3.96,650.0,4.0,54.0,654.0
Oscarinin,Fnatic,LEC,Top,LEC Spring · saison régulière,9,0.667,3.77,642.0,1.0,54.0,643.0
Ice,Team BDS,LEC,ADC,LEC Spring · saison régulière,9,0.556,4.0,646.0,-5.0,54.0,641.0
Jun,Fnatic,LEC,Support,LEC Spring · saison régulière,9,0.667,3.89,636.0,1.0,54.0,637.0
Humanoid,Fnatic,LEC,Mid,LEC Spring · saison régulière,9,0.667,4.0,636.0,1.0,54.0,637.0
Noah,Fnatic,LEC,ADC,LEC Spring · saison régulière,9,0.667,4.82,633.0,1.0,54.0,634.0
Sheo,Team BDS,LEC,Jungle,LEC Spring · saison régulière,9,0.556,4.24,634.0,-5.0,54.0,629.0
Labrov,Team BDS,LEC,Support,LEC Spring · saison régulière,9,0.556,3.0,599.0,-5.0,54.0,594.0
Irrelevant,SK Gaming,LEC,Top,LEC Spring · saison régulière,10,0.4,3.25,591.0,-2.0,54.0,589.0
ISMA,SK Gaming,LEC,Jungle,LEC Spring · saison régulière,10,0.4,4.0,591.0,-2.0,54.0,589.0
nuc,Team BDS,LEC,Mid,LEC Spring · saison régulière,9,0.556,3.76,581.0,-5.0,54.0,576.0
Photon,Team Vitality,LEC,Top,LEC Spring · saison régulière,9,0.667,4.45,555.0,4.0,54.0,559.0
Elyoya,MAD Lions KOI,LEC,Jungle,LEC Spring · saison régulière,9,0.444,4.13,554.0,-2.0,54.0,552.0
Nisqy,SK Gaming,LEC,Mid,LEC Spring · saison régulière,10,0.4,2.92,538.0,-2.0,54.0,536.0
Alvaro,MAD Lions KOI,LEC,Support,LEC Spring · saison régulière,9,0.444,3.81,531.0,-2.0,54.0,529.0
Ignar,GiantX,LEC,Support,LEC Spring · saison régulière,9,0.444,3.65,524.0,2.0,54.0,526.0
Supa,MAD Lions KOI,LEC,ADC,LEC Spring · saison régulière,9,0.444,4.43,527.0,-2.0,54.0,525.0
Myrwn,MAD Lions KOI,LEC,Top,LEC Spring · saison régulière,9,0.444,2.33,524.0,-2.0,54.0,522.0
Vetheo,Team Vitality,LEC,Mid,LEC Spring · saison régulière,9,0.667,3.56,516.0,4.0,54.0,520.0
Carzzy,Team Vitality,LEC,ADC,LEC Spring · saison régulière,9,0.667,3.81,516.0,4.0,54.0,520.0
Trymbi,Team Heretics,LEC,Support,LEC Spring · saison régulière,9,0.667,4.22,500.0,8.0,54.0,508.0
Jankos,Team Heretics,LEC,Jungle,LEC Spring · saison régulière,9,0.667,8.21,476.0,8.0,54.0,484.0
Fresskowy,MAD Lions KOI,LEC,Mid,LEC Spring · saison régulière,9,0.444,3.4,481.0,-2.0,54.0,479.0
Zwyroo,Team Heretics,LEC,Mid,LEC Spring · saison régulière,9,0.667,4.27,469.0,8.0,54.0,477.0
Patrik,GiantX,LEC,ADC,LEC Spring · saison régulière,9,0.444,2.92,458.0,2.0,54.0,460.0
Wunder,Team Heretics,LEC,Top,LEC Spring · saison régulière,9,0.667,4.19,452.0,8.0,54.0,460.0
Flakked,Team Heretics,LEC,ADC,LEC Spring · saison régulière,9,0.667,8.23,448.0,8.0,54.0,456.0
3XA,SK Gaming,LEC,ADC,LEC Spring · saison régulière,10,0.4,3.76,458.0,-2.0,54.0,456.0
Targamas,Karmine Corp,LEC,Support,LEC Spring · saison régulière,9,0.222,2.32,451.0,-1.0,54.0,450.0
Jackies,GiantX,LEC,Mid,LEC Spring · saison régulière,9,0.444,3.26,436.0,2.0,54.0,438.0
Odoamne,GiantX,LEC,Top,LEC Spring · saison régulière,9,0.444,2.83,431.0,2.0,54.0,433.0
Upset,Karmine Corp,LEC,ADC,LEC Spring · saison régulière,9,0.222,5.92,430.0,-1.0,54.0,429.0
Finn,Rogue,LEC,Top,LEC Spring · saison régulière,10,0.3,2.61,400.0,1.0,54.0,401.0
Hylissang,Team Vitality,LEC,Support,LEC Spring · saison régulière,9,0.667,2.21,393.0,4.0,54.0,397.0
SAKEN,Karmine Corp,LEC,Mid,LEC Spring · saison régulière,9,0.222,3.35,393.0,-1.0,54.0,392.0
Cabochard,Karmine Corp,LEC,Top,LEC Spring · saison régulière,9,0.222,2.24,354.0,-1.0,54.0,353.0
Markoon,Rogue,LEC,Jungle,LEC Spring · saison régulière,10,0.3,3.2,346.0,1.0,54.0,347.0
Bo,Karmine Corp,LEC,Jungle,LEC Spring · saison régulière,9,0.222,1.84,335.0,-1.0,54.0,334.0
Comp,Rogue,LEC,ADC,LEC Spring · saison régulière,10,0.3,3.42,312.0,1.0,54.0,313.0
Zoelys,Rogue,LEC,Support,LEC Spring · saison régulière,10,0.3,2.08,299.0,1.0,54.0,300.0
Larssen,Rogue,LEC,Mid,LEC Spring · saison régulière,10,0.3,4.0,285.0,1.0,54.0,286.0
Doss,SK Gaming Prime,PRM,Support,LEC Spring · saison régulière,10,0.4,3.68,184.0,-2.0,54.0,182.0
Peach,GIANTX iTero,LES,Jungle,LEC Spring · saison régulière,9,0.444,4.15,75.0,2.0,54.0,77.0
Caps,G2 Esports,LEC,Mid,LEC Summer · playoffs,16,0.75,4.33,771.0,-2.0,54.0,769.0
Yike,G2 Esports,LEC,Jungle,LEC Summer · playoffs,16,0.75,3.39,754.0,-2.0,54.0,752.0
BrokenBlade,G2 Esports,LEC,Top,LEC Summer · playoffs,16,0.75,3.04,754.0,-2.0,54.0,752.0
Hans Sama,G2 Esports,LEC,ADC,LEC Summer · playoffs,16,0.75,5.89,751.0,-2.0,54.0,749.0
Mikyx,G2 Esports,LEC,Support,LEC Summer · playoffs,16,0.75,1.97,735.0,-2.0,54.0,733.0
Adam,Team BDS,LEC,Top,LEC Summer · playoffs,17,0.471,2.61,682.0,-6.0,54.0,676.0
Razork,Fnatic,LEC,Jungle,LEC Summer · playoffs,13,0.538,6.0,653.0,8.0,54.0,661.0
Oscarinin,Fnatic,LEC,Top,LEC Summer · playoffs,13,0.538,2.91,642.0,8.0,54.0,650.0
Jun,Fnatic,LEC,Support,LEC Summer · playoffs,13,0.538,3.26,636.0,8.0,54.0,644.0
Humanoid,Fnatic,LEC,Mid,LEC Summer · playoffs,13,0.538,3.69,636.0,8.0,54.0,644.0
Noah,Fnatic,LEC,ADC,LEC Summer · playoffs,13,0.538,6.28,633.0,8.0,54.0,641.0
Ice,Team BDS,LEC,ADC,LEC Summer · playoffs,17,0.471,5.0,646.0,-6.0,54.0,640.0
Sheo,Team BDS,LEC,Jungle,LEC Summer · playoffs,17,0.471,3.81,634.0,-6.0,54.0,628.0
Labrov,Team BDS,LEC,Support,LEC Summer · playoffs,17,0.471,2.54,599.0,-6.0,54.0,593.0
Irrelevant,SK Gaming,LEC,Top,LEC Summer · playoffs,7,0.429,2.06,591.0,-1.0,54.0,590.0
ISMA,SK Gaming,LEC,Jungle,LEC Summer · playoffs,7,0.429,3.87,591.0,-1.0,54.0,590.0
nuc,Team BDS,LEC,Mid,LEC Summer · playoffs,17,0.471,3.02,581.0,-6.0,54.0,575.0
Elyoya,MAD Lions KOI,LEC,Jungle,LEC Summer · playoffs,5,0.2,2.95,554.0,-2.0,54.0,552.0
Nisqy,SK Gaming,LEC,Mid,LEC Summer · playoffs,7,0.429,2.29,538.0,-1.0,54.0,537.0
Canna,Karmine Corp,LEC,Top,LEC Summer · playoffs,12,0.5,2.57,526.0,4.0,54.0,530.0
Ignar,GiantX,LEC,Support,LEC Summer · playoffs,9,0.444,4.0,524.0,5.0,54.0,529.0
Alvaro,MAD Lions KOI,LEC,Support,LEC Summer · playoffs,5,0.2,2.04,531.0,-2.0,54.0,529.0
Supa,MAD Lions KOI,LEC,ADC,LEC Summer · playoffs,5,0.2,3.79,527.0,-2.0,54.0,525.0
Myrwn,MAD Lions KOI,LEC,Top,LEC Summer · playoffs,5,0.2,3.91,524.0,-2.0,54.0,522.0
Closer,Karmine Corp,LEC,Jungle,LEC Summer · playoffs,12,0.5,2.47,498.0,4.0,54.0,502.0
Trymbi,Team Heretics,LEC,Support,LEC Summer · playoffs,5,0.2,2.93,500.0,-5.0,54.0,495.0
Rahel,SK Gaming,LEC,ADC,LEC Summer · playoffs,7,0.429,4.18,481.0,-1.0,54.0,480.0
Fresskowy,MAD Lions KOI,LEC,Mid,LEC Summer · playoffs,5,0.2,2.47,481.0,-2.0,54.0,479.0
Jankos,Team Heretics,LEC,Jungle,LEC Summer · playoffs,5,0.2,3.0,476.0,-5.0,54.0,471.0
Zwyroo,Team Heretics,LEC,Mid,LEC Summer · playoffs,5,0.2,3.0,469.0,-5.0,54.0,464.0
Patrik,GiantX,LEC,ADC,LEC Summer · playoffs,9,0.444,5.24,458.0,5.0,54.0,463.0
Targamas,Karmine Corp,LEC,Support,LEC Summer · playoffs,12,0.5,2.52,451.0,4.0,54.0,455.0
Wunder,Team Heretics,LEC,Top,LEC Summer · playoffs,5,0.2,0.94,452.0,-5.0,54.0,447.0
Flakked,Team Heretics,LEC,ADC,LEC Summer · playoffs,5,0.2,3.4,448.0,-5.0,54.0,443.0
Jackies,GiantX,LEC,Mid,LEC Summer · playoffs,9,0.444,4.83,436.0,5.0,54.0,441.0
Luon,SK Gaming,LEC,Support,LEC Summer · playoffs,7,0.429,2.89,442.0,-1.0,54.0,441.0
Upset,Karmine Corp,LEC,ADC,LEC Summer · playoffs,12,0.5,5.53,430.0,4.0,54.0,434.0
Juhan,GiantX,LEC,Jungle,LEC Summer · playoffs,9,0.444,2.87,383.0,5.0,54.0,388.0
Vladi,Karmine Corp,LEC,Mid,LEC Summer · playoffs,12,0.5,3.85,341.0,4.0,54.0,345.0
Th3Antonio,GiantX,LEC,Top,LEC Summer · playoffs,9,0.444,3.29,168.0,5.0,54.0,173.0
Caps,G2 Esports,LEC,Mid,LEC Summer · saison régulière,9,0.778,3.59,771.0,-1.0,54.0,770.0
Yike,G2 Esports,LEC,Jungle,LEC Summer · saison régulière,9,0.778,5.55,754.0,-1.0,54.0,753.0
BrokenBlade,G2 Esports,LEC,Top,LEC Summer · saison régulière,9,0.778,4.11,754.0,-1.0,54.0,753.0
Hans Sama,G2 Esports,LEC,ADC,LEC Summer · saison régulière,9,0.778,4.9,751.0,-1.0,54.0,750.0
Mikyx,G2 Esports,LEC,Support,LEC Summer · saison régulière,9,0.778,2.92,735.0,-1.0,54.0,734.0
Adam,Team BDS,LEC,Top,LEC Summer · saison régulière,9,0.889,4.88,682.0,8.0,54.0,690.0
Ice,Team BDS,LEC,ADC,LEC Summer · saison régulière,9,0.889,13.71,646.0,8.0,54.0,654.0
Razork,Fnatic,LEC,Jungle,LEC Summer · saison régulière,9,0.667,4.33,653.0,-1.0,54.0,652.0
Sheo,Team BDS,LEC,Jungle,LEC Summer · saison régulière,9,0.889,5.53,634.0,8.0,54.0,642.0
Oscarinin,Fnatic,LEC,Top,LEC Summer · saison régulière,9,0.667,4.26,642.0,-1.0,54.0,641.0
Jun,Fnatic,LEC,Support,LEC Summer · saison régulière,9,0.667,4.0,636.0,-1.0,54.0,635.0
Humanoid,Fnatic,LEC,Mid,LEC Summer · saison régulière,9,0.667,3.52,636.0,-1.0,54.0,635.0
Noah,Fnatic,LEC,ADC,LEC Summer · saison régulière,9,0.667,7.58,633.0,-1.0,54.0,632.0
Labrov,Team BDS,LEC,Support,LEC Summer · saison régulière,9,0.889,3.41,599.0,8.0,54.0,607.0
Irrelevant,SK Gaming,LEC,Top,LEC Summer · saison régulière,9,0.889,4.04,591.0,11.0,54.0,602.0
ISMA,SK Gaming,LEC,Jungle,LEC Summer · saison régulière,9,0.889,4.35,591.0,11.0,54.0,602.0
nuc,Team BDS,LEC,Mid,LEC Summer · saison régulière,9,0.889,4.59,581.0,8.0,54.0,589.0
Photon,Team Vitality,LEC,Top,LEC Summer · saison régulière,10,0.2,2.39,555.0,-2.0,54.0,553.0
Nisqy,SK Gaming,LEC,Mid,LEC Summer · saison régulière,9,0.889,5.48,538.0,11.0,54.0,549.0
Elyoya,MAD Lions KOI,LEC,Jungle,LEC Summer · saison régulière,11,0.364,3.92,554.0,-7.0,54.0,547.0
Ignar,GiantX,LEC,Support,LEC Summer · saison régulière,9,0.333,3.37,524.0,1.0,54.0,525.0
Canna,Karmine Corp,LEC,Top,LEC Summer · saison régulière,9,0.444,2.84,526.0,-2.0,54.0,524.0
Alvaro,MAD Lions KOI,LEC,Support,LEC Summer · saison régulière,11,0.364,2.23,531.0,-7.0,54.0,524.0
Supa,MAD Lions KOI,LEC,ADC,LEC Summer · saison régulière,11,0.364,4.14,527.0,-7.0,54.0,520.0
Myrwn,MAD Lions KOI,LEC,Top,LEC Summer · saison régulière,11,0.364,1.76,524.0,-7.0,54.0,517.0
Vetheo,Team Vitality,LEC,Mid,LEC Summer · saison régulière,10,0.2,1.79,516.0,-2.0,54.0,514.0
Carzzy,Team Vitality,LEC,ADC,LEC Summer · saison régulière,10,0.2,2.57,516.0,-2.0,54.0,514.0
Trymbi,Team Heretics,LEC,Support,LEC Summer · saison régulière,9,0.333,2.58,500.0,-2.0,54.0,498.0
Closer,Karmine Corp,LEC,Jungle,LEC Summer · saison régulière,9,0.444,3.09,498.0,-2.0,54.0,496.0
Rahel,SK Gaming,LEC,ADC,LEC Summer · saison régulière,9,0.889,6.81,481.0,11.0,54.0,492.0
Jankos,Team Heretics,LEC,Jungle,LEC Summer · saison régulière,9,0.333,3.5,476.0,-2.0,54.0,474.0
Fresskowy,MAD Lions KOI,LEC,Mid,LEC Summer · saison régulière,11,0.364,3.0,481.0,-7.0,54.0,474.0
Zwyroo,Team Heretics,LEC,Mid,LEC Summer · saison régulière,9,0.333,3.47,469.0,-2.0,54.0,467.0
Patrik,GiantX,LEC,ADC,LEC Summer · saison régulière,9,0.333,5.54,458.0,1.0,54.0,459.0
Luon,SK Gaming,LEC,Support,LEC Summer · saison régulière,9,0.889,5.33,442.0,11.0,54.0,453.0
Wunder,Team Heretics,LEC,Top,LEC Summer · saison régulière,9,0.333,2.36,452.0,-2.0,54.0,450.0
Targamas,Karmine Corp,LEC,Support,LEC Summer · saison régulière,9,0.444,2.83,451.0,-2.0,54.0,449.0
Flakked,Team Heretics,LEC,ADC,LEC Summer · saison régulière,9,0.333,4.1,448.0,-2.0,54.0,446.0
Jackies,GiantX,LEC,Mid,LEC Summer · saison régulière,9,0.333,3.25,436.0,1.0,54.0,437.0
Upset,Karmine Corp,LEC,ADC,LEC Summer · saison régulière,9,0.444,6.9,430.0,-2.0,54.0,428.0
Finn,Rogue,LEC,Top,LEC Summer · saison régulière,10,0.2,1.84,400.0,-4.0,54.0,396.0
Hylissang,Team Vitality,LEC,Support,LEC Summer · saison régulière,10,0.2,1.14,393.0,-2.0,54.0,391.0
Juhan,GiantX,LEC,Jungle,LEC Summer · saison régulière,9,0.333,2.59,383.0,1.0,54.0,384.0
Markoon,Rogue,LEC,Jungle,LEC Summer · saison régulière,10,0.2,3.85,346.0,-4.0,54.0,342.0
Vladi,Karmine Corp,LEC,Mid,LEC Summer · saison régulière,9,0.444,4.0,341.0,-2.0,54.0,339.0
Comp,Rogue,LEC,ADC,LEC Summer · saison régulière,10,0.2,3.24,312.0,-4.0,54.0,308.0
Zoelys,Rogue,LEC,Support,LEC Summer · saison régulière,10,0.2,1.3,299.0,-4.0,54.0,295.0
Larssen,Rogue,LEC,Mid,LEC Summer · saison régulière,10,0.2,3.74,285.0,-4.0,54.0,281.0
Lyncas,Team Vitality,LEC,Jungle,LEC Summer · saison régulière,10,0.2,3.52,221.0,-2.0,54.0,219.0
Th3Antonio,GiantX,LEC,Top,LEC Summer · saison régulière,9,0.333,2.73,168.0,1.0,54.0,169.0
Caps,G2 Esports,LEC,Mid,LEC Winter · playoffs,12,0.833,6.32,771.0,6.0,54.0,777.0
Yike,G2 Esports,LEC,Jungle,LEC Winter · playoffs,12,0.833,7.4,754.0,6.0,54.0,760.0
BrokenBlade,G2 Esports,LEC,Top,LEC Winter · playoffs,12,0.833,8.31,754.0,6.0,54.0,760.0
Hans Sama,G2 Esports,LEC,ADC,LEC Winter · playoffs,12,0.833,11.27,751.0,6.0,54.0,757.0
Mikyx,G2 Esports,LEC,Support,LEC Winter · playoffs,12,0.833,3.57,735.0,6.0,54.0,741.0
Adam,Team BDS,LEC,Top,LEC Winter · playoffs,7,0.571,3.88,682.0,1.0,54.0,683.0
Razork,Fnatic,LEC,Jungle,LEC Winter · playoffs,13,0.538,3.17,653.0,-2.0,54.0,651.0
Daglas,Vitality.Bee,LFL,Jungle,LEC Winter · playoffs,6,0.333,2.7,650.0,-2.0,54.0,648.0
Ice,Team BDS,LEC,ADC,LEC Winter · playoffs,12,0.5,4.71,646.0,-3.0,54.0,643.0
Oscarinin,Fnatic,LEC,Top,LEC Winter · playoffs,13,0.538,2.24,642.0,-2.0,54.0,640.0
Jun,Fnatic,LEC,Support,LEC Winter · playoffs,13,0.538,2.48,636.0,-2.0,54.0,634.0
Humanoid,Fnatic,LEC,Mid,LEC Winter · playoffs,13,0.538,3.12,636.0,-2.0,54.0,634.0
Sheo,Team BDS,LEC,Jungle,LEC Winter · playoffs,12,0.5,4.86,634.0,-3.0,54.0,631.0
Noah,Fnatic,LEC,ADC,LEC Winter · playoffs,13,0.538,4.72,633.0,-2.0,54.0,631.0
Labrov,Team BDS,LEC,Support,LEC Winter · playoffs,12,0.5,2.26,599.0,-3.0,54.0,596.0
Irrelevant,SK Gaming,LEC,Top,LEC Winter · playoffs,8,0.375,4.53,591.0,0.0,54.0,591.0
ISMA,SK Gaming,LEC,Jungle,LEC Winter · playoffs,8,0.375,3.78,591.0,0.0,54.0,591.0
nuc,Team BDS,LEC,Mid,LEC Winter · playoffs,12,0.5,3.37,581.0,-3.0,54.0,578.0
Elyoya,MAD Lions KOI,LEC,Jungle,LEC Winter · playoffs,20,0.55,3.9,554.0,10.0,54.0,564.0
Photon,Team Vitality,LEC,Top,LEC Winter · playoffs,6,0.333,1.93,555.0,-2.0,54.0,553.0
Alvaro,MAD Lions KOI,LEC,Support,LEC Winter · playoffs,20,0.55,3.09,531.0,10.0,54.0,541.0
Nisqy,SK Gaming,LEC,Mid,LEC Winter · playoffs,8,0.375,2.8,538.0,0.0,54.0,538.0
Supa,MAD Lions KOI,LEC,ADC,LEC Winter · playoffs,20,0.55,3.76,527.0,10.0,54.0,537.0
Myrwn,MAD Lions KOI,LEC,Top,LEC Winter · playoffs,20,0.55,2.73,524.0,10.0,54.0,534.0
Ignar,GiantX,LEC,Support,LEC Winter · playoffs,4,0.0,1.17,524.0,-4.0,54.0,520.0
Vetheo,Team Vitality,LEC,Mid,LEC Winter · playoffs,6,0.333,2.93,516.0,-2.0,54.0,514.0
Carzzy,Team Vitality,LEC,ADC,LEC Winter · playoffs,6,0.333,2.08,516.0,-2.0,54.0,514.0
Fresskowy,MAD Lions KOI,LEC,Mid,LEC Winter · playoffs,20,0.55,4.45,481.0,10.0,54.0,491.0
Kaiser,Team Heretics,LEC,Support,LEC Winter · playoffs,5,0.2,3.14,477.0,-5.0,54.0,472.0
Jankos,Team Heretics,LEC,Jungle,LEC Winter · playoffs,5,0.2,2.12,476.0,-5.0,54.0,471.0
3XA,SK Gaming,LEC,ADC,LEC Winter · playoffs,8,0.375,3.67,458.0,0.0,54.0,458.0
Patrik,GiantX,LEC,ADC,LEC Winter · playoffs,4,0.0,0.65,458.0,-4.0,54.0,454.0
Wunder,Team Heretics,LEC,Top,LEC Winter · playoffs,5,0.2,2.0,452.0,-5.0,54.0,447.0
Flakked,Team Heretics,LEC,ADC,LEC Winter · playoffs,5,0.2,3.15,448.0,-5.0,54.0,443.0
Jackies,GiantX,LEC,Mid,LEC Winter · playoffs,4,0.0,0.87,436.0,-4.0,54.0,432.0
Odoamne,GiantX,LEC,Top,LEC Winter · playoffs,4,0.0,0.54,431.0,-4.0,54.0,427.0
JNX,Team BDS Academy,LFL,Top,LEC Winter · playoffs,5,0.4,2.19,425.0,-4.0,54.0,421.0
Hylissang,Team Vitality,LEC,Support,LEC Winter · playoffs,6,0.333,1.28,393.0,-2.0,54.0,391.0
Perkz,Team Heretics,LEC,Mid,LEC Winter · playoffs,5,0.2,2.67,393.0,-5.0,54.0,388.0
Doss,SK Gaming Prime,PRM,Support,LEC Winter · playoffs,8,0.375,4.14,184.0,0.0,54.0,184.0
Peach,GIANTX iTero,LES,Jungle,LEC Winter · playoffs,4,0.0,0.68,75.0,-4.0,54.0,71.0
Caps,G2 Esports,LEC,Mid,LEC Winter · saison régulière,9,0.778,3.2,771.0,-3.0,54.0,768.0
Yike,G2 Esports,LEC,Jungle,LEC Winter · saison régulière,9,0.778,4.36,754.0,-3.0,54.0,751.0
BrokenBlade,G2 Esports,LEC,Top,LEC Winter · saison régulière,9,0.778,3.47,754.0,-3.0,54.0,751.0
Hans Sama,G2 Esports,LEC,ADC,LEC Winter · saison régulière,9,0.778,4.14,751.0,-3.0,54.0,748.0
Mikyx,G2 Esports,LEC,Support,LEC Winter · saison régulière,9,0.778,2.13,735.0,-3.0,54.0,732.0
Adam,Team BDS,LEC,Top,LEC Winter · saison régulière,9,0.778,7.36,682.0,5.0,54.0,687.0
Razork,Fnatic,LEC,Jungle,LEC Winter · saison régulière,9,0.556,5.19,653.0,-1.0,54.0,652.0
Ice,Team BDS,LEC,ADC,LEC Winter · saison régulière,9,0.778,6.13,646.0,5.0,54.0,651.0
Daglas,Vitality.Bee,LFL,Jungle,LEC Winter · saison régulière,9,0.444,2.91,650.0,-4.0,54.0,646.0
Oscarinin,Fnatic,LEC,Top,LEC Winter · saison régulière,9,0.556,2.73,642.0,-1.0,54.0,641.0
Sheo,Team BDS,LEC,Jungle,LEC Winter · saison régulière,9,0.778,6.12,634.0,5.0,54.0,639.0
Jun,Fnatic,LEC,Support,LEC Winter · saison régulière,9,0.556,3.59,636.0,-1.0,54.0,635.0
Humanoid,Fnatic,LEC,Mid,LEC Winter · saison régulière,9,0.556,3.32,636.0,-1.0,54.0,635.0
Noah,Fnatic,LEC,ADC,LEC Winter · saison régulière,9,0.556,3.91,633.0,-1.0,54.0,632.0
Labrov,Team BDS,LEC,Support,LEC Winter · saison régulière,9,0.778,4.07,599.0,5.0,54.0,604.0
Irrelevant,SK Gaming,LEC,Top,LEC Winter · saison régulière,9,0.556,2.87,591.0,3.0,54.0,594.0
ISMA,SK Gaming,LEC,Jungle,LEC Winter · saison régulière,9,0.556,4.2,591.0,3.0,54.0,594.0
nuc,Team BDS,LEC,Mid,LEC Winter · saison régulière,9,0.778,6.27,581.0,5.0,54.0,586.0
Elyoya,MAD Lions KOI,LEC,Jungle,LEC Winter · saison régulière,9,0.556,3.65,554.0,-1.0,54.0,553.0
Photon,Team Vitality,LEC,Top,LEC Winter · saison régulière,9,0.444,3.42,555.0,-4.0,54.0,551.0
Nisqy,SK Gaming,LEC,Mid,LEC Winter · saison régulière,9,0.556,3.89,538.0,3.0,54.0,541.0
Alvaro,MAD Lions KOI,LEC,Support,LEC Winter · saison régulière,9,0.556,3.59,531.0,-1.0,54.0,530.0
Ignar,GiantX,LEC,Support,LEC Winter · saison régulière,9,0.444,5.06,524.0,3.0,54.0,527.0
Supa,MAD Lions KOI,LEC,ADC,LEC Winter · saison régulière,9,0.556,4.23,527.0,-1.0,54.0,526.0
Myrwn,MAD Lions KOI,LEC,Top,LEC Winter · saison régulière,9,0.556,2.06,524.0,-1.0,54.0,523.0
Vetheo,Team Vitality,LEC,Mid,LEC Winter · saison régulière,9,0.444,3.43,516.0,-4.0,54.0,512.0
Carzzy,Team Vitality,LEC,ADC,LEC Winter · saison régulière,9,0.444,2.89,516.0,-4.0,54.0,512.0
Fresskowy,MAD Lions KOI,LEC,Mid,LEC Winter · saison régulière,9,0.556,3.17,481.0,-1.0,54.0,480.0
Kaiser,Team Heretics,LEC,Support,LEC Winter · saison régulière,9,0.444,4.41,477.0,3.0,54.0,480.0
Jankos,Team Heretics,LEC,Jungle,LEC Winter · saison régulière,9,0.444,4.09,476.0,3.0,54.0,479.0
Patrik,GiantX,LEC,ADC,LEC Winter · saison régulière,9,0.444,4.45,458.0,3.0,54.0,461.0
3XA,SK Gaming,LEC,ADC,LEC Winter · saison régulière,9,0.556,3.19,458.0,3.0,54.0,461.0
Wunder,Team Heretics,LEC,Top,LEC Winter · saison régulière,9,0.444,2.82,452.0,3.0,54.0,455.0
Flakked,Team Heretics,LEC,ADC,LEC Winter · saison régulière,9,0.444,5.31,448.0,3.0,54.0,451.0
Targamas,Karmine Corp,LEC,Support,LEC Winter · saison régulière,9,0.222,2.23,451.0,-2.0,54.0,449.0
Jackies,GiantX,LEC,Mid,LEC Winter · saison régulière,9,0.444,2.44,436.0,3.0,54.0,439.0
Odoamne,GiantX,LEC,Top,LEC Winter · saison régulière,9,0.444,3.18,431.0,3.0,54.0,434.0
Upset,Karmine Corp,LEC,ADC,LEC Winter · saison régulière,9,0.222,5.17,430.0,-2.0,54.0,428.0
Perkz,Team Heretics,LEC,Mid,LEC Winter · saison régulière,9,0.444,1.97,393.0,3.0,54.0,396.0
SAKEN,Karmine Corp,LEC,Mid,LEC Winter · saison régulière,9,0.222,3.05,393.0,-2.0,54.0,391.0
Hylissang,Team Vitality,LEC,Support,LEC Winter · saison régulière,9,0.444,2.34,393.0,-4.0,54.0,389.0
Cabochard,Karmine Corp,LEC,Top,LEC Winter · saison régulière,9,0.222,1.92,354.0,-2.0,54.0,352.0
Markoon,Rogue,LEC,Jungle,LEC Winter · saison régulière,9,0.222,1.97,346.0,-2.0,54.0,344.0
Bo,Karmine Corp,LEC,Jungle,LEC Winter · saison régulière,9,0.222,1.51,335.0,-2.0,54.0,333.0
Comp,Rogue,LEC,ADC,LEC Winter · saison régulière,9,0.222,3.12,312.0,-2.0,54.0,310.0
Zoelys,Rogue,LEC,Support,LEC Winter · saison régulière,9,0.222,1.48,299.0,-2.0,54.0,297.0
Larssen,Rogue,LEC,Mid,LEC Winter · saison régulière,9,0.222,2.89,285.0,-2.0,54.0,283.0
Doss,SK Gaming Prime,PRM,Support,LEC Winter · saison régulière,9,0.556,4.53,184.0,3.0,54.0,187.0
Peach,GIANTX iTero,LES,Jungle,LEC Winter · saison régulière,9,0.444,3.24,75.0,3.0,54.0,78.0
Juhan,GiantX,LEC,Jungle,LES Spring · playoffs,14,0.571,3.04,383.0,-2.0,54.0,381.0
Thayger,Barça eSports,LES,Jungle,LES Spring · playoffs,13,0.385,2.69,291.0,5.0,54.0,296.0
Xerxe,Team Heretics Academy,LES,Jungle,LES Spring · playoffs,8,0.75,5.18,214.0,0.0,54.0,214.0
Sertuss,Team Heretics Academy,LES,Mid,LES Spring · playoffs,8,0.75,5.19,200.0,0.0,54.0,200.0
Jackspektra,Team Heretics Academy,LES,ADC,LES Spring · playoffs,8,0.75,3.9,197.0,0.0,54.0,197.0
Badlulu,Aegis,LFL,Top,LES Spring · playoffs,9,0.556,3.09,182.0,0.0,54.0,182.0
Carlsen,Team Heretics Academy,LES,Top,LES Spring · playoffs,8,0.75,3.24,176.0,0.0,54.0,176.0
Th3Antonio,GiantX,LEC,Top,LES Spring · playoffs,14,0.571,3.38,168.0,-2.0,54.0,166.0
DenVoksne,Macko Esports,LIT,ADC,LES Spring · playoffs,9,0.556,4.12,159.0,0.0,54.0,159.0
whiteinn,Team Heretics Academy,LES,Support,LES Spring · playoffs,8,0.75,3.81,131.0,0.0,54.0,131.0
Aetinoth,GIANTX iTero,LES,ADC,LES Spring · playoffs,14,0.571,5.45,122.0,-2.0,54.0,120.0
Feisty,GIANTX iTero,LES,Mid,LES Spring · playoffs,14,0.571,6.88,119.0,-2.0,54.0,117.0
Rhuckz,Movistar KOI,LES,Support,LES Spring · playoffs,9,0.556,4.23,72.0,0.0,54.0,72.0
marlon,Team du Sud,LFL,Support,LES Spring · playoffs,4,0.25,2.12,72.0,-2.0,54.0,70.0
Xico,Guasones,LES,Mid,LES Spring · playoffs,13,0.385,4.53,26.0,5.0,54.0,31.0
MAXI,Movistar KOI,LES,Jungle,LES Spring · playoffs,9,0.556,3.62,25.0,0.0,54.0,25.0
Syzyfek,Guasones,LES,ADC,LES Spring · playoffs,13,0.385,3.02,-2.0,5.0,54.0,3.0
Marky,Movistar KOI,LES,Top,LES Spring · playoffs,4,0.25,2.21,-2.0,-2.0,54.0,-4.0
Farfetch,Misa Esports,TCL,Support,LES Spring · playoffs,13,0.385,3.33,-36.0,5.0,54.0,-31.0
Random,Movistar KOI,LES,Mid,LES Spring · playoffs,4,0.25,1.88,-43.0,-2.0,54.0,-45.0
Shy Carry,Movistar KOI,LES,ADC,LES Spring · playoffs,4,0.25,1.78,-47.0,-2.0,54.0,-49.0
Obstinatus,UCAM Esports,LES,Support,LES Spring · playoffs,4,0.25,1.81,-67.0,-1.0,54.0,-68.0
ACD,Anubis Gaming,AL,Top,LES Spring · playoffs,4,0.25,1.23,-67.0,-1.0,54.0,-68.0
Koldo,UCAM Esports,LES,Jungle,LES Spring · playoffs,4,0.25,1.8,-71.0,-1.0,54.0,-72.0
Baca,UCAM Esports,LES,Mid,LES Spring · playoffs,4,0.25,7.6,-73.0,-1.0,54.0,-74.0
NoName,ZETA,LES,Jungle,LES Spring · playoffs,4,0.25,2.6,-86.0,-2.0,54.0,-88.0
Kenal,UCAM Esports,LES,ADC,LES Spring · playoffs,4,0.25,1.88,-101.0,-1.0,54.0,-102.0
Spooder,Rebels Gaming,LES,Top,LES Spring · playoffs,13,0.385,3.33,-119.0,5.0,54.0,-114.0
seaz,GIANTX iTero,LES,Support,LES Spring · playoffs,14,0.571,4.76,-174.0,-2.0,54.0,-176.0
Javier,Rebels Gaming,LES,Mid,LES Spring · playoffs,9,0.556,4.23,-195.0,0.0,54.0,-195.0
Zwyroo,Team Heretics,LEC,Mid,LES Spring · saison régulière,16,0.812,6.15,469.0,1.0,54.0,470.0
Juhan,GiantX,LEC,Jungle,LES Spring · saison régulière,8,0.875,3.85,383.0,3.0,54.0,386.0
Thayger,Barça eSports,LES,Jungle,LES Spring · saison régulière,18,0.667,3.88,291.0,3.0,54.0,294.0
Xerxe,Team Heretics Academy,LES,Jungle,LES Spring · saison régulière,18,0.722,7.63,214.0,-5.0,54.0,209.0
Sertuss,Team Heretics Academy,LES,Mid,LES Spring · saison régulière,2,0.0,3.11,200.0,-6.0,54.0,194.0
Jackspektra,Team Heretics Academy,LES,ADC,LES Spring · saison régulière,18,0.722,4.36,197.0,-5.0,54.0,192.0
Badlulu,Aegis,LFL,Top,LES Spring · saison régulière,18,0.667,4.22,182.0,4.0,54.0,186.0
Carlsen,Team Heretics Academy,LES,Top,LES Spring · saison régulière,18,0.722,4.47,176.0,-5.0,54.0,171.0
Th3Antonio,GiantX,LEC,Top,LES Spring · saison régulière,18,0.556,4.29,168.0,-3.0,54.0,165.0
DenVoksne,Macko Esports,LIT,ADC,LES Spring · saison régulière,18,0.667,6.33,159.0,4.0,54.0,163.0
whiteinn,Team Heretics Academy,LES,Support,LES Spring · saison régulière,18,0.722,3.94,131.0,-5.0,54.0,126.0
Aetinoth,GIANTX iTero,LES,ADC,LES Spring · saison régulière,18,0.556,4.71,122.0,-3.0,54.0,119.0
Feisty,GIANTX iTero,LES,Mid,LES Spring · saison régulière,18,0.556,4.27,119.0,-3.0,54.0,116.0
Rayito,Veni Vidi Vici,LES,ADC,LES Spring · saison régulière,10,0.6,5.32,112.0,-0.0,54.0,112.0
Leb,Ramboot Club,LES,Jungle,LES Spring · saison régulière,18,0.5,3.55,85.0,-1.0,54.0,84.0
Rhuckz,Movistar KOI,LES,Support,LES Spring · saison régulière,18,0.667,4.29,72.0,4.0,54.0,76.0
marlon,Team du Sud,LFL,Support,LES Spring · saison régulière,19,0.526,3.92,72.0,4.0,54.0,76.0
Peach,GIANTX iTero,LES,Jungle,LES Spring · saison régulière,2,0.0,2.0,75.0,-3.0,54.0,72.0
iBo,Ramboot Club,LES,Top,LES Spring · saison régulière,18,0.5,2.34,64.0,-1.0,54.0,63.0
twohoyrz,Ramboot Club,LES,Mid,LES Spring · saison régulière,18,0.5,4.25,33.0,-1.0,54.0,32.0
MAXI,Movistar KOI,LES,Jungle,LES Spring · saison régulière,18,0.667,4.48,25.0,4.0,54.0,29.0
Xico,Guasones,LES,Mid,LES Spring · saison régulière,18,0.667,4.45,26.0,3.0,54.0,29.0
WhiteKnight,Barça eSports,LES,Top,LES Spring · saison régulière,17,0.235,2.66,20.0,-3.0,54.0,17.0
Marky,Movistar KOI,LES,Top,LES Spring · saison régulière,19,0.526,3.22,-2.0,4.0,54.0,2.0
Syzyfek,Guasones,LES,ADC,LES Spring · saison régulière,18,0.667,4.98,-2.0,3.0,54.0,1.0
Legolas,Barça eSports,LES,ADC,LES Spring · saison régulière,17,0.235,3.08,-15.0,-3.0,54.0,-18.0
SAJATOR,Barça eSports,LES,Mid,LES Spring · saison régulière,17,0.235,2.68,-16.0,-3.0,54.0,-19.0
Miniduke,Veni Vidi Vici,LES,Mid,LES Spring · saison régulière,4,0.25,1.38,-18.0,-2.0,54.0,-20.0
Farfetch,Misa Esports,TCL,Support,LES Spring · saison régulière,18,0.667,3.37,-36.0,3.0,54.0,-33.0
Random,Movistar KOI,LES,Mid,LES Spring · saison régulière,19,0.526,3.59,-43.0,4.0,54.0,-39.0
Shy Carry,Movistar KOI,LES,ADC,LES Spring · saison régulière,19,0.526,5.34,-47.0,4.0,54.0,-43.0
Lekcyc,Berlin International Gaming,PRM,Support,LES Spring · saison régulière,18,0.389,2.36,-43.0,-1.0,54.0,-44.0
Obstinatus,UCAM Esports,LES,Support,LES Spring · saison régulière,18,0.556,3.28,-67.0,3.0,54.0,-64.0
ACD,Anubis Gaming,AL,Top,LES Spring · saison régulière,18,0.556,2.15,-67.0,3.0,54.0,-64.0
Koldo,UCAM Esports,LES,Jungle,LES Spring · saison régulière,18,0.556,3.05,-71.0,3.0,54.0,-68.0
Baca,UCAM Esports,LES,Mid,LES Spring · saison régulière,18,0.556,4.09,-73.0,3.0,54.0,-70.0
Mihai,Atleta Esport,LIT,ADC,LES Spring · saison régulière,18,0.167,2.87,-78.0,-0.0,54.0,-78.0
NoName,ZETA,LES,Jungle,LES Spring · saison régulière,19,0.526,3.49,-86.0,4.0,54.0,-82.0
Jeskla,Berlin International Gaming,PRMP,ADC,LES Spring · saison régulière,8,0.375,4.69,-86.0,-1.0,54.0,-87.0
Seneca,Ramboot Club,LES,Support,LES Spring · saison régulière,18,0.5,2.9,-96.0,-1.0,54.0,-97.0
Kenal,UCAM Esports,LES,ADC,LES Spring · saison régulière,18,0.556,2.87,-101.0,3.0,54.0,-98.0
Spooder,Rebels Gaming,LES,Top,LES Spring · saison régulière,18,0.667,5.37,-119.0,3.0,54.0,-116.0
DahVys,ZETA,LES,Jungle,LES Spring · saison régulière,10,0.2,1.92,-144.0,2.0,54.0,-142.0
Bean,Aegis,LFL,ADC,LES Spring · saison régulière,16,0.312,3.2,-142.0,-6.0,54.0,-148.0
Special,Rebels Gaming,LES,Mid,LES Spring · saison régulière,18,0.389,2.15,-170.0,-1.0,54.0,-171.0
AHaHaCiK,Rebels Gaming,LES,Jungle,LES Spring · saison régulière,18,0.389,2.59,-174.0,-1.0,54.0,-175.0
seaz,GIANTX iTero,LES,Support,LES Spring · saison régulière,18,0.556,3.93,-174.0,-3.0,54.0,-177.0
R4VEN,GIANTX iTero,LES,Top,LES Spring · saison régulière,18,0.389,2.6,-177.0,-1.0,54.0,-178.0
Pridestalkr,Barça eSports,LES,Jungle,LES Spring · saison régulière,17,0.235,2.87,-181.0,-3.0,54.0,-184.0
Javier,Rebels Gaming,LES,Mid,LES Spring · saison régulière,18,0.667,5.84,-195.0,4.0,54.0,-191.0
Hustlin,Barça eSports,LES,Support,LES Spring · saison régulière,17,0.235,2.67,-192.0,-3.0,54.0,-195.0
Siler,ZETA,LES,Mid,LES Spring · saison régulière,12,0.167,2.39,-233.0,1.0,54.0,-232.0
Westlander,ZETA,LES,Top,LES Spring · saison régulière,18,0.167,1.12,-258.0,-0.0,54.0,-258.0
Indecision,aNc Outplayed,LIT,Jungle,LES Spring · saison régulière,8,0.125,1.71,-350.0,-2.0,54.0,-352.0
Arven,Guinea Pink,NEXO,Mid,LES Spring · saison régulière,2,0.0,1.75,-358.0,1.0,54.0,-357.0
FGG,Verdant,NLC Aurora Open,Support,LES Spring · saison régulière,18,0.167,3.17,-412.0,-0.0,54.0,-412.0
Sorrow,Kawaii Kiwis,NEXO,ADC,LES Spring · saison régulière,2,1.0,3.88,-434.0,6.0,54.0,-428.0
Thayger,Barça eSports,LES,Jungle,LES Summer · playoffs,12,0.417,2.44,291.0,-3.0,54.0,288.0
Xerxe,Team Heretics Academy,LES,Jungle,LES Summer · playoffs,8,0.75,6.24,214.0,6.0,54.0,220.0
Sertuss,Team Heretics Academy,LES,Mid,LES Summer · playoffs,8,0.75,5.87,200.0,6.0,54.0,206.0
Jackspektra,Team Heretics Academy,LES,ADC,LES Summer · playoffs,8,0.75,5.84,197.0,6.0,54.0,203.0
Carlsen,Team Heretics Academy,LES,Top,LES Summer · playoffs,8,0.75,3.35,176.0,6.0,54.0,182.0
whiteinn,Team Heretics Academy,LES,Support,LES Summer · playoffs,8,0.75,4.68,131.0,6.0,54.0,137.0
Aetinoth,GIANTX iTero,LES,ADC,LES Summer · playoffs,3,0.0,2.1,122.0,-5.0,54.0,117.0
Rin,Ramboot Club,LES,ADC,LES Summer · playoffs,12,0.583,3.39,116.0,-0.0,54.0,116.0
Feisty,GIANTX iTero,LES,Mid,LES Summer · playoffs,3,0.0,1.64,119.0,-5.0,54.0,114.0
Oscure,Barça eSports,LES,Support,LES Summer · playoffs,12,0.417,2.87,111.0,-3.0,54.0,108.0
Leb,Ramboot Club,LES,Jungle,LES Summer · playoffs,12,0.583,3.71,85.0,-0.0,54.0,85.0
Rhuckz,Movistar KOI,LES,Support,LES Summer · playoffs,5,0.4,3.64,72.0,-0.0,54.0,72.0
Peach,GIANTX iTero,LES,Jungle,LES Summer · playoffs,3,0.0,1.67,75.0,-5.0,54.0,70.0
iBo,Ramboot Club,LES,Top,LES Summer · playoffs,12,0.583,3.3,64.0,-0.0,54.0,64.0
twohoyrz,Ramboot Club,LES,Mid,LES Summer · playoffs,12,0.583,2.8,33.0,-0.0,54.0,33.0
MAXI,Movistar KOI,LES,Jungle,LES Summer · playoffs,5,0.4,3.0,25.0,-0.0,54.0,25.0
WhiteKnight,Barça eSports,LES,Top,LES Summer · playoffs,12,0.417,3.06,20.0,-3.0,54.0,17.0
Marky,Movistar KOI,LES,Top,LES Summer · playoffs,5,0.4,2.85,-2.0,-0.0,54.0,-2.0
Legolas,Barça eSports,LES,ADC,LES Summer · playoffs,12,0.417,3.44,-15.0,-3.0,54.0,-18.0
SAJATOR,Barça eSports,LES,Mid,LES Summer · playoffs,12,0.417,3.36,-16.0,-3.0,54.0,-19.0
Random,Movistar KOI,LES,Mid,LES Summer · playoffs,5,0.4,3.45,-43.0,-0.0,54.0,-43.0
Shy Carry,Movistar KOI,LES,ADC,LES Summer · playoffs,5,0.4,7.0,-47.0,-0.0,54.0,-47.0
Obstinatus,UCAM Esports,LES,Support,LES Summer · playoffs,10,0.5,2.38,-67.0,2.0,54.0,-65.0
Koldo,UCAM Esports,LES,Jungle,LES Summer · playoffs,10,0.5,3.87,-71.0,2.0,54.0,-69.0
Baca,UCAM Esports,LES,Mid,LES Summer · playoffs,10,0.5,4.95,-73.0,2.0,54.0,-71.0
Kenal,UCAM Esports,LES,ADC,LES Summer · playoffs,10,0.5,4.89,-101.0,2.0,54.0,-99.0
Sinmivak,UCAM Esports,LES,Top,LES Summer · playoffs,10,0.5,2.41,-101.0,2.0,54.0,-99.0
Mxe,Ramboot Club,LES,Support,LES Summer · playoffs,12,0.583,3.17,-108.0,-0.0,54.0,-108.0
seaz,GIANTX iTero,LES,Support,LES Summer · playoffs,3,0.0,1.55,-174.0,-5.0,54.0,-179.0
R4VEN,GIANTX iTero,LES,Top,LES Summer · playoffs,3,0.0,1.0,-177.0,-5.0,54.0,-182.0
Thayger,Barça eSports,LES,Jungle,LES Summer · saison régulière,18,0.722,4.48,291.0,9.0,54.0,300.0
Xerxe,Team Heretics Academy,LES,Jungle,LES Summer · saison régulière,18,0.722,7.48,214.0,2.0,54.0,216.0
Sertuss,Team Heretics Academy,LES,Mid,LES Summer · saison régulière,18,0.722,6.85,200.0,2.0,54.0,202.0
Jackspektra,Team Heretics Academy,LES,ADC,LES Summer · saison régulière,18,0.722,6.81,197.0,2.0,54.0,199.0
Carlsen,Team Heretics Academy,LES,Top,LES Summer · saison régulière,18,0.722,4.24,176.0,2.0,54.0,178.0
whiteinn,Team Heretics Academy,LES,Support,LES Summer · saison régulière,18,0.722,4.15,131.0,2.0,54.0,133.0
Aetinoth,GIANTX iTero,LES,ADC,LES Summer · saison régulière,18,0.5,7.44,122.0,1.0,54.0,123.0
Rin,Ramboot Club,LES,ADC,LES Summer · saison régulière,16,0.688,6.12,116.0,5.0,54.0,121.0
Oscure,Barça eSports,LES,Support,LES Summer · saison régulière,18,0.722,3.42,111.0,9.0,54.0,120.0
Feisty,GIANTX iTero,LES,Mid,LES Summer · saison régulière,18,0.5,4.68,119.0,1.0,54.0,120.0
Leb,Ramboot Club,LES,Jungle,LES Summer · saison régulière,18,0.667,5.12,85.0,4.0,54.0,89.0
Peach,GIANTX iTero,LES,Jungle,LES Summer · saison régulière,18,0.5,4.17,75.0,1.0,54.0,76.0
Rhuckz,Movistar KOI,LES,Support,LES Summer · saison régulière,18,0.667,3.5,72.0,3.0,54.0,75.0
iBo,Ramboot Club,LES,Top,LES Summer · saison régulière,18,0.667,3.22,64.0,4.0,54.0,68.0
twohoyrz,Ramboot Club,LES,Mid,LES Summer · saison régulière,18,0.667,6.09,33.0,4.0,54.0,37.0
WhiteKnight,Barça eSports,LES,Top,LES Summer · saison régulière,18,0.722,5.75,20.0,9.0,54.0,29.0
MAXI,Movistar KOI,LES,Jungle,LES Summer · saison régulière,18,0.667,6.72,25.0,3.0,54.0,28.0
Xico,Guasones,LES,Mid,LES Summer · saison régulière,18,0.389,2.9,26.0,-4.0,54.0,22.0
Marky,Movistar KOI,LES,Top,LES Summer · saison régulière,18,0.667,2.96,-2.0,3.0,54.0,1.0
Legolas,Barça eSports,LES,ADC,LES Summer · saison régulière,18,0.722,7.12,-15.0,9.0,54.0,-6.0
Syzyfek,Guasones,LES,ADC,LES Summer · saison régulière,18,0.389,3.52,-2.0,-4.0,54.0,-6.0
SAJATOR,Barça eSports,LES,Mid,LES Summer · saison régulière,18,0.722,5.89,-16.0,9.0,54.0,-7.0
Random,Movistar KOI,LES,Mid,LES Summer · saison régulière,18,0.667,3.62,-43.0,3.0,54.0,-40.0
Shy Carry,Movistar KOI,LES,ADC,LES Summer · saison régulière,18,0.667,4.51,-47.0,3.0,54.0,-44.0
Sn1lle,LUA Gaming,LES,Jungle,LES Summer · saison régulière,17,0.412,3.05,-50.0,-5.0,54.0,-55.0
Obstinatus,UCAM Esports,LES,Support,LES Summer · saison régulière,18,0.556,2.76,-67.0,2.0,54.0,-65.0
Koldo,UCAM Esports,LES,Jungle,LES Summer · saison régulière,18,0.556,4.88,-71.0,2.0,54.0,-69.0
Baca,UCAM Esports,LES,Mid,LES Summer · saison régulière,18,0.556,5.38,-73.0,2.0,54.0,-71.0
Banderas,Guasones,LES,Top,LES Summer · saison régulière,18,0.389,1.88,-79.0,-4.0,54.0,-83.0
Tsiper,LUA Gaming,LES,Mid,LES Summer · saison régulière,18,0.389,3.11,-79.0,-5.0,54.0,-84.0
NoName,ZETA,LES,Jungle,LES Summer · saison régulière,18,0.278,2.48,-86.0,-3.0,54.0,-89.0
Sotsy,LUA Gaming,LES,Top,LES Summer · saison régulière,18,0.389,2.09,-92.0,-5.0,54.0,-97.0
Kenal,UCAM Esports,LES,ADC,LES Summer · saison régulière,18,0.556,3.94,-101.0,2.0,54.0,-99.0
Sinmivak,UCAM Esports,LES,Top,LES Summer · saison régulière,18,0.556,3.68,-101.0,2.0,54.0,-99.0
Mxe,Ramboot Club,LES,Support,LES Summer · saison régulière,16,0.688,4.37,-108.0,5.0,54.0,-103.0
Saviour,ZETA,LES,Support,LES Summer · saison régulière,4,0.25,1.08,-106.0,0.0,54.0,-106.0
Hazel,LUA Gaming,LES,ADC,LES Summer · saison régulière,18,0.389,2.94,-112.0,-5.0,54.0,-117.0
Spooder,Rebels Gaming,LES,Top,LES Summer · saison régulière,18,0.111,1.26,-119.0,-9.0,54.0,-128.0
DuaLL,LUA Gaming,LES,Support,LES Summer · saison régulière,18,0.389,2.03,-124.0,-5.0,54.0,-129.0
PrettyGRE,ZETA,LES,Mid,LES Summer · saison régulière,18,0.278,3.49,-128.0,-3.0,54.0,-131.0
HeSSZero,ZETA,LES,Top,LES Summer · saison régulière,18,0.278,2.4,-165.0,-3.0,54.0,-168.0
Attila,ZETA,LES,ADC,LES Summer · saison régulière,18,0.278,4.07,-166.0,-3.0,54.0,-169.0
seaz,GIANTX iTero,LES,Support,LES Summer · saison régulière,18,0.5,3.44,-174.0,1.0,54.0,-173.0
R4VEN,GIANTX iTero,LES,Top,LES Summer · saison régulière,18,0.5,3.09,-177.0,1.0,54.0,-176.0
Nash,Guasones,LES,Support,LES Summer · saison régulière,18,0.389,2.98,-179.0,-4.0,54.0,-183.0
Javier,Rebels Gaming,LES,Mid,LES Summer · saison régulière,18,0.111,2.18,-195.0,-9.0,54.0,-204.0
Ryuzaki,Guasones,LES,Jungle,LES Summer · saison régulière,18,0.389,3.44,-338.0,-4.0,54.0,-342.0
ANDARIEL,Rebels Gaming,LES,ADC,LES Summer · saison régulière,16,0.125,2.24,-360.0,-7.0,54.0,-367.0
FGG,Verdant,NLC Aurora Open,Support,LES Summer · saison régulière,14,0.286,3.1,-412.0,-3.0,54.0,-415.0
Sorrow,Kawaii Kiwis,NEXO,ADC,LES Summer · saison régulière,2,0.0,1.75,-434.0,-2.0,54.0,-436.0
minemaciek,Rebels Gaming,LES,Support,LES Summer · saison régulière,18,0.111,1.1,-434.0,-9.0,54.0,-443.0
naau,Rebels Gaming,LES,Jungle,LES Summer · saison régulière,18,0.111,1.92,-444.0,-9.0,54.0,-453.0
Marcv1,Oxygen Gaming,NEXO,ADC,LES Summer · saison régulière,2,0.5,8.67,-459.0,-2.0,54.0,-461.0
Phyro,Universae Instituto FP,NEXO,Jungle,LES Summer · saison régulière,1,0.0,1.4,-676.0,-0.0,54.0,-676.0
Time,Veni Vidi Vici,LES,Jungle,LES · saison régulière,11,0.727,6.26,296.0,1.0,54.0,297.0
Rayito,Veni Vidi Vici,LES,ADC,LES · saison régulière,11,0.727,7.76,112.0,1.0,54.0,113.0
Thomas,Veni Vidi Vici,LES,Support,LES · saison régulière,11,0.727,4.0,73.0,1.0,54.0,74.0
Miniduke,Veni Vidi Vici,LES,Mid,LES · saison régulière,11,0.727,4.47,-18.0,1.0,54.0,-17.0
NoName,ZETA,LES,Jungle,LES · saison régulière,8,0.375,3.3,-86.0,2.0,54.0,-84.0
Saviour,ZETA,LES,Support,LES · saison régulière,8,0.375,1.87,-106.0,2.0,54.0,-104.0
PrettyGRE,ZETA,LES,Mid,LES · saison régulière,8,0.375,3.85,-128.0,2.0,54.0,-126.0
HeSSZero,ZETA,LES,Top,LES · saison régulière,8,0.375,2.03,-165.0,2.0,54.0,-163.0
Attila,ZETA,LES,ADC,LES · saison régulière,8,0.375,4.0,-166.0,2.0,54.0,-164.0
CPM,Veni Vidi Vici,LES,Top,LES · saison régulière,11,0.727,4.48,-187.0,1.0,54.0,-186.0
Fallen,OGC Sigma Esports,HM,Jungle,LES · saison régulière,3,0.0,1.0,-204.0,-3.0,54.0,-207.0
Torak,Lundqvist Lightside,NLC,Mid,LES · saison régulière,3,0.0,0.75,-424.0,-3.0,54.0,-427.0
Bolyy1,Oxygen Gaming,NEXO,Support,LES · saison régulière,3,0.0,1.31,-557.0,-3.0,54.0,-560.0
Keduii,Team BDS Academy,LFL,ADC,LFL Spring · playoffs,7,0.571,5.53,491.0,2.0,54.0,493.0
SkewMond,Team BDS Academy,LFL,Jungle,LFL Spring · playoffs,7,0.571,4.11,453.0,2.0,54.0,455.0
Reeker,Team BDS Academy,LFL,Mid,LFL Spring · playoffs,7,0.571,6.85,452.0,2.0,54.0,454.0
Caliste,Karmine Corp Blue,LFL,ADC,LFL Spring · playoffs,11,0.546,3.34,434.0,1.0,54.0,435.0
JNX,Team BDS Academy,LFL,Top,LFL Spring · playoffs,7,0.571,6.56,425.0,2.0,54.0,427.0
Parus,Team BDS Academy,LFL,Support,LFL Spring · playoffs,7,0.571,3.73,407.0,2.0,54.0,409.0
Fleshy,Karmine Corp Blue,LFL,Support,LFL Spring · playoffs,11,0.546,2.45,380.0,1.0,54.0,381.0
Maynter,Karmine Corp Blue,LFL,Top,LFL Spring · playoffs,11,0.546,3.36,350.0,1.0,54.0,351.0
Vladi,Karmine Corp,LEC,Mid,LFL Spring · playoffs,11,0.546,4.7,341.0,1.0,54.0,342.0
113,Karmine Corp Blue,LFL,Jungle,LFL Spring · playoffs,4,0.25,2.17,314.0,-4.0,54.0,310.0
Stend,Vitality.Bee,LFL,Support,LFL Spring · playoffs,6,0.5,4.0,301.0,-2.0,54.0,299.0
SamD,BK ROG Esports,LFL,ADC,LFL Spring · playoffs,4,0.25,11.17,284.0,-4.0,54.0,280.0
Eika,Gentle Mates,LFL,Mid,LFL Spring · playoffs,11,0.636,5.29,269.0,10.0,54.0,279.0
Jopa,Vitality.Bee,LFL,ADC,LFL Spring · playoffs,6,0.5,4.5,280.0,-2.0,54.0,278.0
Czajek,Vitality.Bee,LFL,Mid,LFL Spring · playoffs,6,0.5,6.1,265.0,-2.0,54.0,263.0
Howling,BK ROG Esports,LFL,Top,LFL Spring · playoffs,4,0.25,2.61,251.0,-4.0,54.0,247.0
Czekolad,BK ROG Esports,LFL,Mid,LFL Spring · playoffs,4,0.25,3.1,249.0,-4.0,54.0,245.0
Naak Nako,Vitality.Bee,LFL,Top,LFL Spring · playoffs,6,0.5,3.12,237.0,-2.0,54.0,235.0
Lyncas,Team Vitality,LEC,Jungle,LFL Spring · playoffs,11,0.546,3.79,221.0,1.0,54.0,222.0
Lot,Team GO,LFL,Top,LFL Spring · playoffs,3,0.0,1.64,216.0,-6.0,54.0,210.0
Hantera,BK ROG Esports,LFL,Support,LFL Spring · playoffs,4,0.25,3.1,196.0,-4.0,54.0,192.0
Jezu,Team GO,LFL,ADC,LFL Spring · playoffs,3,0.0,2.2,191.0,-6.0,54.0,185.0
Prime,Team GO,LFL,Support,LFL Spring · playoffs,3,0.0,1.24,183.0,-6.0,54.0,177.0
BAO,Gentle Mates,LFL,ADC,LFL Spring · playoffs,11,0.636,6.65,145.0,10.0,54.0,155.0
Ragner,Gentle Mates,LFL,Top,LFL Spring · playoffs,11,0.636,3.2,139.0,10.0,54.0,149.0
Boukada,Team GO,LFL,Jungle,LFL Spring · playoffs,3,0.0,1.2,152.0,-6.0,54.0,146.0
White,Gentle Mates,LFL,Jungle,LFL Spring · playoffs,11,0.636,2.7,123.0,10.0,54.0,133.0
kamilius,Gentle Mates,LFL,Support,LFL Spring · playoffs,11,0.636,3.57,117.0,10.0,54.0,127.0
Six10,Team GO,LFL,Mid,LFL Spring · playoffs,3,0.0,1.38,124.0,-6.0,54.0,118.0
Selfmade,Twisted Minds,AL,Jungle,LFL Spring · playoffs,6,0.5,2.68,-54.0,-2.0,54.0,-56.0
Keduii,Team BDS Academy,LFL,ADC,LFL Spring · saison régulière,18,0.833,8.5,491.0,-0.0,54.0,491.0
SkewMond,Team BDS Academy,LFL,Jungle,LFL Spring · saison régulière,18,0.833,8.3,453.0,-0.0,54.0,453.0
Reeker,Team BDS Academy,LFL,Mid,LFL Spring · saison régulière,18,0.833,5.54,452.0,-0.0,54.0,452.0
Caliste,Karmine Corp Blue,LFL,ADC,LFL Spring · saison régulière,18,0.722,5.58,434.0,2.0,54.0,436.0
JNX,Team BDS Academy,LFL,Top,LFL Spring · saison régulière,18,0.833,4.68,425.0,-0.0,54.0,425.0
Parus,Team BDS Academy,LFL,Support,LFL Spring · saison régulière,18,0.833,3.58,407.0,-0.0,54.0,407.0
Fleshy,Karmine Corp Blue,LFL,Support,LFL Spring · saison régulière,18,0.722,3.66,380.0,2.0,54.0,382.0
Maynter,Karmine Corp Blue,LFL,Top,LFL Spring · saison régulière,18,0.722,5.79,350.0,2.0,54.0,352.0
Vladi,Karmine Corp,LEC,Mid,LFL Spring · saison régulière,18,0.722,4.75,341.0,2.0,54.0,343.0
113,Karmine Corp Blue,LFL,Jungle,LFL Spring · saison régulière,18,0.611,3.46,314.0,2.0,54.0,316.0
Stend,Vitality.Bee,LFL,Support,LFL Spring · saison régulière,18,0.556,5.19,301.0,-4.0,54.0,297.0
SamD,BK ROG Esports,LFL,ADC,LFL Spring · saison régulière,18,0.611,5.42,284.0,2.0,54.0,286.0
Eckas,Solary,LFL,Jungle,LFL Spring · saison régulière,18,0.444,4.73,287.0,-2.0,54.0,285.0
Jopa,Vitality.Bee,LFL,ADC,LFL Spring · saison régulière,18,0.556,5.15,280.0,-4.0,54.0,276.0
Eika,Gentle Mates,LFL,Mid,LFL Spring · saison régulière,18,0.444,3.71,269.0,-0.0,54.0,269.0
Decay,Solary,LFL,Mid,LFL Spring · saison régulière,18,0.444,4.09,266.0,-2.0,54.0,264.0
Czajek,Vitality.Bee,LFL,Mid,LFL Spring · saison régulière,18,0.556,4.62,265.0,-4.0,54.0,261.0
Howling,BK ROG Esports,LFL,Top,LFL Spring · saison régulière,18,0.611,3.3,251.0,2.0,54.0,253.0
Czekolad,BK ROG Esports,LFL,Mid,LFL Spring · saison régulière,18,0.611,3.83,249.0,2.0,54.0,251.0
Naak Nako,Vitality.Bee,LFL,Top,LFL Spring · saison régulière,18,0.556,2.47,237.0,-4.0,54.0,233.0
Kryze,Solary,LFL,Top,LFL Spring · saison régulière,18,0.444,2.57,235.0,-2.0,54.0,233.0
Myrtus,Solary,LFL,Support,LFL Spring · saison régulière,18,0.444,2.33,232.0,-2.0,54.0,230.0
Lyncas,Team Vitality,LEC,Jungle,LFL Spring · saison régulière,18,0.722,4.5,221.0,2.0,54.0,223.0
Lot,Team GO,LFL,Top,LFL Spring · saison régulière,18,0.5,2.76,216.0,4.0,54.0,220.0
Hantera,BK ROG Esports,LFL,Support,LFL Spring · saison régulière,18,0.611,3.79,196.0,2.0,54.0,198.0
Jezu,Team GO,LFL,ADC,LFL Spring · saison régulière,18,0.5,4.84,191.0,4.0,54.0,195.0
Prime,Team GO,LFL,Support,LFL Spring · saison régulière,18,0.5,3.2,183.0,4.0,54.0,187.0
Boukada,Team GO,LFL,Jungle,LFL Spring · saison régulière,18,0.5,3.38,152.0,4.0,54.0,156.0
BAO,Gentle Mates,LFL,ADC,LFL Spring · saison régulière,18,0.444,5.65,145.0,-0.0,54.0,145.0
Ragner,Gentle Mates,LFL,Top,LFL Spring · saison régulière,18,0.444,3.76,139.0,-0.0,54.0,139.0
Six10,Team GO,LFL,Mid,LFL Spring · saison régulière,18,0.5,2.77,124.0,4.0,54.0,128.0
White,Gentle Mates,LFL,Jungle,LFL Spring · saison régulière,18,0.444,3.73,123.0,-0.0,54.0,123.0
kamilius,Gentle Mates,LFL,Support,LFL Spring · saison régulière,18,0.444,3.28,117.0,-0.0,54.0,117.0
Nafkelah,Aegis,LFL,Mid,LFL Spring · saison régulière,18,0.167,2.49,114.0,-2.0,54.0,112.0
Coldraa,Team du Sud,LFL,ADC,LFL Spring · saison régulière,18,0.333,2.83,108.0,1.0,54.0,109.0
Peng,GameWard,LFL,Mid,LFL Spring · saison régulière,18,0.389,3.09,108.0,1.0,54.0,109.0
Steeelback,GameWard,LFL,Support,LFL Spring · saison régulière,18,0.389,3.03,85.0,1.0,54.0,86.0
Zicssi,GameWard,LFL,Jungle,LFL Spring · saison régulière,18,0.389,2.16,79.0,1.0,54.0,80.0
Matias,GameWard,LFL,ADC,LFL Spring · saison régulière,18,0.389,3.28,70.0,1.0,54.0,71.0
Veignorem,Aegis,LFL,Support,LFL Spring · saison régulière,18,0.167,2.18,47.0,-2.0,54.0,45.0
TynX,Team du Sud,LFL,Jungle,LFL Spring · saison régulière,18,0.333,3.08,30.0,1.0,54.0,31.0
Pride,GameWard,LFL,Top,LFL Spring · saison régulière,18,0.389,2.05,22.0,1.0,54.0,23.0
HONOR,Joblife,NL,Support,LFL Spring · saison régulière,18,0.333,2.44,22.0,1.0,54.0,23.0
Innaxe,Team du Sud,LFL,ADC,LFL Spring · saison régulière,18,0.444,5.54,-42.0,-2.0,54.0,-44.0
FEBIVEN,Team du Sud,LFL,Mid,LFL Spring · saison régulière,18,0.333,3.09,-54.0,1.0,54.0,-53.0
Selfmade,Twisted Minds,AL,Jungle,LFL Spring · saison régulière,18,0.556,2.51,-54.0,-4.0,54.0,-58.0
Hid0,Aegis,LFL,ADC,LFL Spring · saison régulière,18,0.167,2.45,-76.0,-2.0,54.0,-78.0
SLT,Team du Sud,LFL,Top,LFL Spring · saison régulière,18,0.333,1.92,-91.0,1.0,54.0,-90.0
Agresivoo,Eintracht Frankfurt,PRMP,Top,LFL Spring · saison régulière,18,0.167,1.54,-151.0,-2.0,54.0,-153.0
Ryuzaki,Guasones,LES,Jungle,LFL Spring · saison régulière,18,0.167,1.88,-338.0,-2.0,54.0,-340.0
Daglas,Vitality.Bee,LFL,Jungle,LFL Summer · playoffs,12,0.583,4.4,650.0,-1.0,54.0,649.0
Keduii,Team BDS Academy,LFL,ADC,LFL Summer · playoffs,11,0.546,5.28,491.0,0.0,54.0,491.0
Abbedagge,Karmine Corp Blue,LFL,Mid,LFL Summer · playoffs,7,0.571,4.85,474.0,2.0,54.0,476.0
SkewMond,Team BDS Academy,LFL,Jungle,LFL Summer · playoffs,11,0.546,4.21,453.0,0.0,54.0,453.0
Reeker,Team BDS Academy,LFL,Mid,LFL Summer · playoffs,11,0.546,3.71,452.0,0.0,54.0,452.0
Caliste,Karmine Corp Blue,LFL,ADC,LFL Summer · playoffs,7,0.571,7.4,434.0,2.0,54.0,436.0
JNX,Team BDS Academy,LFL,Top,LFL Summer · playoffs,11,0.546,4.27,425.0,0.0,54.0,425.0
Parus,Team BDS Academy,LFL,Support,LFL Summer · playoffs,11,0.546,2.63,407.0,0.0,54.0,407.0
Fleshy,Karmine Corp Blue,LFL,Support,LFL Summer · playoffs,7,0.571,2.5,380.0,2.0,54.0,382.0
Maynter,Karmine Corp Blue,LFL,Top,LFL Summer · playoffs,7,0.571,2.18,350.0,2.0,54.0,352.0
Dajor,Team GO,LFL,Mid,LFL Summer · playoffs,9,0.444,2.96,319.0,2.0,54.0,321.0
113,Karmine Corp Blue,LFL,Jungle,LFL Summer · playoffs,7,0.571,2.64,314.0,2.0,54.0,316.0
Stend,Vitality.Bee,LFL,Support,LFL Summer · playoffs,12,0.583,3.47,301.0,-1.0,54.0,300.0
SamD,BK ROG Esports,LFL,ADC,LFL Summer · playoffs,5,0.4,3.25,284.0,-3.0,54.0,281.0
Jopa,Vitality.Bee,LFL,ADC,LFL Summer · playoffs,12,0.583,4.94,280.0,-1.0,54.0,279.0
Czajek,Vitality.Bee,LFL,Mid,LFL Summer · playoffs,12,0.583,4.03,265.0,-1.0,54.0,264.0
Howling,BK ROG Esports,LFL,Top,LFL Summer · playoffs,5,0.4,3.38,251.0,-3.0,54.0,248.0
Czekolad,BK ROG Esports,LFL,Mid,LFL Summer · playoffs,5,0.4,2.8,249.0,-3.0,54.0,246.0
Naak Nako,Vitality.Bee,LFL,Top,LFL Summer · playoffs,12,0.583,2.73,237.0,-1.0,54.0,236.0
Lot,Team GO,LFL,Top,LFL Summer · playoffs,9,0.444,2.57,216.0,2.0,54.0,218.0
Rhilech,BK ROG Esports,LFL,Jungle,LFL Summer · playoffs,5,0.4,2.18,199.0,-3.0,54.0,196.0
Jezu,Team GO,LFL,ADC,LFL Summer · playoffs,9,0.444,5.43,191.0,2.0,54.0,193.0
Hantera,BK ROG Esports,LFL,Support,LFL Summer · playoffs,5,0.4,1.85,196.0,-3.0,54.0,193.0
Prime,Team GO,LFL,Support,LFL Summer · playoffs,9,0.444,2.96,183.0,2.0,54.0,185.0
Boukada,Team GO,LFL,Jungle,LFL Summer · playoffs,9,0.444,4.1,152.0,2.0,54.0,154.0
Peng,GameWard,LFL,Mid,LFL Summer · playoffs,4,0.25,1.63,108.0,-1.0,54.0,107.0
Steeelback,GameWard,LFL,Support,LFL Summer · playoffs,4,0.25,2.31,85.0,-1.0,54.0,84.0
Zicssi,GameWard,LFL,Jungle,LFL Summer · playoffs,4,0.25,2.0,79.0,-1.0,54.0,78.0
Matias,GameWard,LFL,ADC,LFL Summer · playoffs,4,0.25,3.17,70.0,-1.0,54.0,69.0
Pride,GameWard,LFL,Top,LFL Summer · playoffs,4,0.25,1.64,22.0,-1.0,54.0,21.0
Daglas,Vitality.Bee,LFL,Jungle,LFL Summer · saison régulière,18,0.611,4.7,650.0,-7.0,54.0,643.0
Keduii,Team BDS Academy,LFL,ADC,LFL Summer · saison régulière,18,0.944,7.2,491.0,14.0,54.0,505.0
Abbedagge,Karmine Corp Blue,LFL,Mid,LFL Summer · saison régulière,18,0.833,6.21,474.0,7.0,54.0,481.0
SkewMond,Team BDS Academy,LFL,Jungle,LFL Summer · saison régulière,18,0.944,8.18,453.0,14.0,54.0,467.0
Reeker,Team BDS Academy,LFL,Mid,LFL Summer · saison régulière,18,0.944,6.86,452.0,14.0,54.0,466.0
Caliste,Karmine Corp Blue,LFL,ADC,LFL Summer · saison régulière,18,0.833,7.06,434.0,7.0,54.0,441.0
JNX,Team BDS Academy,LFL,Top,LFL Summer · saison régulière,18,0.944,6.34,425.0,14.0,54.0,439.0
Parus,Team BDS Academy,LFL,Support,LFL Summer · saison régulière,18,0.944,3.71,407.0,14.0,54.0,421.0
Fleshy,Karmine Corp Blue,LFL,Support,LFL Summer · saison régulière,18,0.833,3.94,380.0,7.0,54.0,387.0
Maynter,Karmine Corp Blue,LFL,Top,LFL Summer · saison régulière,18,0.833,3.81,350.0,7.0,54.0,357.0
113,Karmine Corp Blue,LFL,Jungle,LFL Summer · saison régulière,18,0.833,4.28,314.0,7.0,54.0,321.0
Dajor,Team GO,LFL,Mid,LFL Summer · saison régulière,19,0.526,4.2,319.0,-5.0,54.0,314.0
Stend,Vitality.Bee,LFL,Support,LFL Summer · saison régulière,18,0.611,3.32,301.0,-7.0,54.0,294.0
SamD,BK ROG Esports,LFL,ADC,LFL Summer · saison régulière,19,0.579,5.32,284.0,2.0,54.0,286.0
Eckas,Solary,LFL,Jungle,LFL Summer · saison régulière,18,0.444,5.64,287.0,-6.0,54.0,281.0
Jopa,Vitality.Bee,LFL,ADC,LFL Summer · saison régulière,18,0.611,5.68,280.0,-7.0,54.0,273.0
Decay,Solary,LFL,Mid,LFL Summer · saison régulière,18,0.444,4.61,266.0,-6.0,54.0,260.0
Czajek,Vitality.Bee,LFL,Mid,LFL Summer · saison régulière,18,0.611,5.03,265.0,-7.0,54.0,258.0
Howling,BK ROG Esports,LFL,Top,LFL Summer · saison régulière,19,0.579,3.72,251.0,2.0,54.0,253.0
Czekolad,BK ROG Esports,LFL,Mid,LFL Summer · saison régulière,19,0.579,3.19,249.0,2.0,54.0,251.0
Naak Nako,Vitality.Bee,LFL,Top,LFL Summer · saison régulière,18,0.611,3.2,237.0,-7.0,54.0,230.0
Kryze,Solary,LFL,Top,LFL Summer · saison régulière,18,0.444,2.66,235.0,-6.0,54.0,229.0
Myrtus,Solary,LFL,Support,LFL Summer · saison régulière,18,0.444,2.11,232.0,-6.0,54.0,226.0
Lot,Team GO,LFL,Top,LFL Summer · saison régulière,19,0.526,2.75,216.0,-5.0,54.0,211.0
Citrus,Aegis,LFL,Jungle,LFL Summer · saison régulière,18,0.167,2.25,213.0,-4.0,54.0,209.0
Rhilech,BK ROG Esports,LFL,Jungle,LFL Summer · saison régulière,19,0.579,3.79,199.0,2.0,54.0,201.0
Hantera,BK ROG Esports,LFL,Support,LFL Summer · saison régulière,19,0.579,2.83,196.0,2.0,54.0,198.0
Jezu,Team GO,LFL,ADC,LFL Summer · saison régulière,19,0.526,5.13,191.0,-5.0,54.0,186.0
TakeSet,Solary,LFL,ADC,LFL Summer · saison régulière,18,0.444,4.85,191.0,-6.0,54.0,185.0
Badlulu,Aegis,LFL,Top,LFL Summer · saison régulière,18,0.167,2.14,182.0,-4.0,54.0,178.0
Prime,Team GO,LFL,Support,LFL Summer · saison régulière,19,0.526,2.73,183.0,-5.0,54.0,178.0
Boukada,Team GO,LFL,Jungle,LFL Summer · saison régulière,19,0.526,3.61,152.0,-5.0,54.0,147.0
BAO,Gentle Mates,LFL,ADC,LFL Summer · saison régulière,18,0.222,4.51,145.0,-6.0,54.0,139.0
Ragner,Gentle Mates,LFL,Top,LFL Summer · saison régulière,18,0.222,2.85,139.0,-6.0,54.0,133.0
White,Gentle Mates,LFL,Jungle,LFL Summer · saison régulière,18,0.222,2.7,123.0,-6.0,54.0,117.0
Nafkelah,Aegis,LFL,Mid,LFL Summer · saison régulière,2,0.5,3.5,114.0,1.0,54.0,115.0
Peng,GameWard,LFL,Mid,LFL Summer · saison régulière,18,0.444,2.94,108.0,4.0,54.0,112.0
kamilius,Gentle Mates,LFL,Support,LFL Summer · saison régulière,18,0.222,2.15,117.0,-6.0,54.0,111.0
Steeelback,GameWard,LFL,Support,LFL Summer · saison régulière,18,0.444,2.49,85.0,4.0,54.0,89.0
Zicssi,GameWard,LFL,Jungle,LFL Summer · saison régulière,18,0.444,2.55,79.0,4.0,54.0,83.0
Mireu,Gentle Mates,LFL,Mid,LFL Summer · saison régulière,18,0.222,2.71,87.0,-6.0,54.0,81.0
Matias,GameWard,LFL,ADC,LFL Summer · saison régulière,18,0.444,4.5,70.0,4.0,54.0,74.0
marlon,Team du Sud,LFL,Support,LFL Summer · saison régulière,18,0.222,1.92,72.0,-0.0,54.0,72.0
Veignorem,Aegis,LFL,Support,LFL Summer · saison régulière,18,0.167,1.69,47.0,-4.0,54.0,43.0
TynX,Team du Sud,LFL,Jungle,LFL Summer · saison régulière,18,0.222,1.94,30.0,-0.0,54.0,30.0
Pride,GameWard,LFL,Top,LFL Summer · saison régulière,18,0.444,1.97,22.0,4.0,54.0,26.0
Innaxe,Team du Sud,LFL,ADC,LFL Summer · saison régulière,18,0.222,3.42,-42.0,-0.0,54.0,-42.0
FEBIVEN,Team du Sud,LFL,Mid,LFL Summer · saison régulière,18,0.222,2.86,-54.0,-0.0,54.0,-54.0
SLT,Team du Sud,LFL,Top,LFL Summer · saison régulière,18,0.222,0.95,-91.0,-0.0,54.0,-91.0
Naehyun,Aegis,LFL,Mid,LFL Summer · saison régulière,16,0.125,2.53,-93.0,-5.0,54.0,-98.0
Bean,Aegis,LFL,ADC,LFL Summer · saison régulière,18,0.167,3.52,-142.0,-4.0,54.0,-146.0
Citrus,Aegis,LFL,Jungle,LFL · saison régulière,7,0.571,3.3,213.0,3.0,54.0,216.0
Badlulu,Aegis,LFL,Top,LFL · saison régulière,7,0.571,3.71,182.0,3.0,54.0,185.0
Deadly,Ici Japon Corp. Esport,LFL,ADC,LFL · saison régulière,11,0.546,4.68,139.0,-3.0,54.0,136.0
OMON,Ici Japon Corp. Esport,LFL,Mid,LFL · saison régulière,11,0.546,3.21,125.0,-3.0,54.0,122.0
Nafkelah,Aegis,LFL,Mid,LFL · saison régulière,7,0.571,3.08,114.0,3.0,54.0,117.0
Hadess,Ici Japon Corp. Esport,LFL,Jungle,LFL · saison régulière,11,0.546,4.27,117.0,-3.0,54.0,114.0
PatkicaA,Ici Japon Corp. Esport,LFL,Top,LFL · saison régulière,11,0.546,2.94,106.0,-3.0,54.0,103.0
Misanthiel,IziDream,NL,Top,LFL · saison régulière,4,0.25,7.5,90.0,-0.0,54.0,90.0
Benaset,IziDream,NL,Support,LFL · saison régulière,4,0.25,2.5,89.0,-0.0,54.0,89.0
Advienne,Ici Japon Corp. Esport,LFL,Support,LFL · saison régulière,11,0.546,2.68,84.0,-3.0,54.0,81.0
Veignorem,Aegis,LFL,Support,LFL · saison régulière,7,0.571,2.92,47.0,3.0,54.0,50.0
CRoNiiK,IziDream,NL,Jungle,LFL · saison régulière,4,0.25,3.23,49.0,-0.0,54.0,49.0
Kamiloo,IziDream,NL,Mid,LFL · saison régulière,4,0.25,1.68,41.0,-0.0,54.0,41.0
Piwek,IziDream,NL,ADC,LFL · saison régulière,4,0.25,3.5,32.0,-0.0,54.0,32.0
Bean,Aegis,LFL,ADC,LFL · saison régulière,7,0.571,5.54,-142.0,3.0,54.0,-139.0
nicolaiy,aNc Outplayed,LIT,Jungle,LIT Spring · playoffs,4,0.25,1.87,239.0,-2.0,54.0,237.0
Rhilech,BK ROG Esports,LFL,Jungle,LIT Spring · playoffs,9,0.667,4.0,199.0,5.0,54.0,204.0
Color,Macko Esports,LIT,Top,LIT Spring · playoffs,12,0.667,6.58,170.0,4.0,54.0,174.0
Lotuss,Macko Esports,LIT,Jungle,LIT Spring · playoffs,12,0.667,4.03,158.0,4.0,54.0,162.0
zamulek,DSYRE,LIT,ADC,LIT Spring · playoffs,9,0.667,11.44,141.0,5.0,54.0,146.0
Click,Macko Esports,LIT,Support,LIT Spring · playoffs,12,0.667,3.73,108.0,4.0,54.0,112.0
Vigil,Macko Esports,LIT,Mid,LIT Spring · playoffs,4,0.25,2.77,105.0,-2.0,54.0,103.0
Kikis,Atleta Esport,LIT,Jungle,LIT Spring · playoffs,7,0.143,1.74,76.0,-7.0,54.0,69.0
SlowQ,DSYRE,LIT,Mid,LIT Spring · playoffs,9,0.667,6.6,56.0,5.0,54.0,61.0
Sebekx,Atleta Esport,LIT,Mid,LIT Spring · playoffs,7,0.143,1.94,59.0,-7.0,54.0,52.0
Empyros,DSYRE,LIT,Top,LIT Spring · playoffs,9,0.667,3.3,20.0,5.0,54.0,25.0
Efias,DSYRE,LIT,Support,LIT Spring · playoffs,9,0.667,3.71,15.0,5.0,54.0,20.0
Eyliph,Esprit Shōnen,NL,Top,LIT Spring · playoffs,7,0.143,1.29,-41.0,-7.0,54.0,-48.0
Odi11,Macko Esports,LIT,ADC,LIT Spring · playoffs,12,0.667,4.53,-90.0,4.0,54.0,-86.0
Shredder,aNc Outplayed,LIT,Support,LIT Spring · playoffs,4,0.25,2.17,-124.0,-2.0,54.0,-126.0
PiOk,GLORE,HM,ADC,LIT Spring · playoffs,7,0.143,1.91,-143.0,-7.0,54.0,-150.0
Nan0,A One Man Army,ESLOL,Mid,LIT Spring · playoffs,12,0.667,5.61,-225.0,4.0,54.0,-221.0
Tasteless,Partizan Esports,EBL,Support,LIT Spring · playoffs,7,0.143,1.59,-236.0,-7.0,54.0,-243.0
Orion,aNc Outplayed,LIT,ADC,LIT Spring · playoffs,4,0.25,2.7,-266.0,-2.0,54.0,-268.0
Matixx,devils.one inStreamly,UL,Top,LIT Spring · playoffs,4,0.25,1.0,-268.0,-2.0,54.0,-270.0
nicolaiy,aNc Outplayed,LIT,Jungle,LIT Spring · saison régulière,15,0.733,5.92,239.0,4.0,54.0,243.0
Rhilech,BK ROG Esports,LFL,Jungle,LIT Spring · saison régulière,14,0.786,4.37,199.0,-1.0,54.0,198.0
Color,Macko Esports,LIT,Top,LIT Spring · saison régulière,15,0.667,2.66,170.0,-2.0,54.0,168.0
Lotuss,Macko Esports,LIT,Jungle,LIT Spring · saison régulière,15,0.667,4.29,158.0,-2.0,54.0,156.0
zamulek,DSYRE,LIT,ADC,LIT Spring · saison régulière,14,0.786,7.9,141.0,-1.0,54.0,140.0
Vigil,Macko Esports,LIT,Mid,LIT Spring · saison régulière,15,0.733,5.05,105.0,4.0,54.0,109.0
Click,Macko Esports,LIT,Support,LIT Spring · saison régulière,15,0.667,3.13,108.0,-2.0,54.0,106.0
Kikis,Atleta Esport,LIT,Jungle,LIT Spring · saison régulière,14,0.929,8.33,76.0,12.0,54.0,88.0
Sebekx,Atleta Esport,LIT,Mid,LIT Spring · saison régulière,14,0.929,7.12,59.0,12.0,54.0,71.0
SlowQ,DSYRE,LIT,Mid,LIT Spring · saison régulière,14,0.786,5.48,56.0,-1.0,54.0,55.0
Empyros,DSYRE,LIT,Top,LIT Spring · saison régulière,14,0.786,6.0,20.0,-1.0,54.0,19.0
Efias,DSYRE,LIT,Support,LIT Spring · saison régulière,14,0.786,4.51,15.0,-1.0,54.0,14.0
Eyliph,Esprit Shōnen,NL,Top,LIT Spring · saison régulière,14,0.929,5.84,-41.0,12.0,54.0,-29.0
Odi11,Macko Esports,LIT,ADC,LIT Spring · saison régulière,15,0.667,6.72,-90.0,-2.0,54.0,-92.0
Shredder,aNc Outplayed,LIT,Support,LIT Spring · saison régulière,15,0.733,4.17,-124.0,4.0,54.0,-120.0
PiOk,GLORE,HM,ADC,LIT Spring · saison régulière,14,0.929,6.59,-143.0,12.0,54.0,-131.0
Tasteless,Partizan Esports,EBL,Support,LIT Spring · saison régulière,14,0.929,4.94,-236.0,12.0,54.0,-224.0
Nan0,A One Man Army,ESLOL,Mid,LIT Spring · saison régulière,15,0.667,6.03,-225.0,-2.0,54.0,-227.0
Tyrone,EKO Esports,LIT,ADC,LIT Spring · saison régulière,14,0.214,3.63,-229.0,-5.0,54.0,-234.0
lobellan,EKO Esports,LIT,Top,LIT Spring · saison régulière,14,0.214,1.9,-239.0,-5.0,54.0,-244.0
Orion,aNc Outplayed,LIT,ADC,LIT Spring · saison régulière,15,0.733,5.34,-266.0,4.0,54.0,-262.0
Matixx,devils.one inStreamly,UL,Top,LIT Spring · saison régulière,15,0.733,7.42,-268.0,4.0,54.0,-264.0
Berkan,NASR eSports Turkey,TCL,Mid,LIT Spring · saison régulière,14,0.214,2.56,-287.0,-5.0,54.0,-292.0
Renewal,ENEMI3S,LIT,Jungle,LIT Spring · saison régulière,14,0.286,2.38,-293.0,-0.0,54.0,-293.0
Crem,ENEMI3S,LIT,ADC,LIT Spring · saison régulière,14,0.286,3.79,-294.0,-0.0,54.0,-294.0
Ilyxøu,ENEMI3S,LIT,Top,LIT Spring · saison régulière,14,0.286,1.8,-296.0,-0.0,54.0,-296.0
Colden,EKO Esports,LIT,Support,LIT Spring · saison régulière,14,0.214,3.09,-320.0,-5.0,54.0,-325.0
Dusty,ENEMI3S,LIT,Mid,LIT Spring · saison régulière,14,0.286,1.78,-330.0,-0.0,54.0,-330.0
Sadaz,The Gulls Esports,LIT,Mid,LIT Spring · saison régulière,14,0.214,3.46,-351.0,-4.0,54.0,-355.0
CHECKFIDER,Axolotl,LIT,ADC,LIT Spring · saison régulière,12,0.25,2.02,-387.0,-1.0,54.0,-388.0
Rassiel,DREN Esports,LIT,Support,LIT Spring · saison régulière,10,0.2,1.58,-387.0,-2.0,54.0,-389.0
Bananiasty,UniQ Esports Club,NLC,Jungle,LIT Spring · saison régulière,14,0.214,2.08,-392.0,-4.0,54.0,-396.0
Achille,Axolotl,LIT,Top,LIT Spring · saison régulière,14,0.214,1.81,-425.0,-4.0,54.0,-429.0
Joao,EGN Esports,LPLOL,Support,LIT Spring · saison régulière,14,0.214,2.11,-429.0,-4.0,54.0,-433.0
Ryujin,EKO Esports,LIT,Jungle,LIT Spring · saison régulière,14,0.214,2.05,-462.0,-5.0,54.0,-467.0
STANIK,Dynamo Eclot,HM,Mid,LIT Spring · saison régulière,14,0.143,3.68,-481.0,-4.0,54.0,-485.0
Exnom,DREN Esports,LIT,ADC,LIT Spring · saison régulière,14,0.143,1.5,-511.0,-4.0,54.0,-515.0
Sw3ry,eSuba,HM,Support,LIT Spring · saison régulière,14,0.286,2.63,-520.0,-0.0,54.0,-520.0
Eαgle,DREN Esports,LIT,Jungle,LIT Spring · saison régulière,14,0.143,1.48,-541.0,-4.0,54.0,-545.0
Johnarnau,DREN Esports,LIT,Top,LIT Spring · saison régulière,14,0.143,1.42,-564.0,-4.0,54.0,-568.0
Color,Macko Esports,LIT,Top,LIT Summer · playoffs,12,0.667,3.44,170.0,3.0,54.0,173.0
DenVoksne,Macko Esports,LIT,ADC,LIT Summer · playoffs,12,0.667,5.04,159.0,3.0,54.0,162.0
Lotuss,Macko Esports,LIT,Jungle,LIT Summer · playoffs,12,0.667,4.14,158.0,3.0,54.0,161.0
zamulek,DSYRE,LIT,ADC,LIT Summer · playoffs,8,0.375,4.72,141.0,-2.0,54.0,139.0
Click,Macko Esports,LIT,Support,LIT Summer · playoffs,12,0.667,3.1,108.0,3.0,54.0,111.0
Vigil,Macko Esports,LIT,Mid,LIT Summer · playoffs,12,0.667,3.36,105.0,3.0,54.0,108.0
Czypsy,Atleta Esport,LIT,Support,LIT Summer · playoffs,8,0.5,2.76,99.0,4.0,54.0,103.0
Kikis,Atleta Esport,LIT,Jungle,LIT Summer · playoffs,8,0.5,7.54,76.0,4.0,54.0,80.0
Sebekx,Atleta Esport,LIT,Mid,LIT Summer · playoffs,8,0.5,5.18,59.0,4.0,54.0,63.0
SlowQ,DSYRE,LIT,Mid,LIT Summer · playoffs,8,0.375,3.19,56.0,-2.0,54.0,54.0
Empyros,DSYRE,LIT,Top,LIT Summer · playoffs,8,0.375,2.44,20.0,-2.0,54.0,18.0
Efias,DSYRE,LIT,Support,LIT Summer · playoffs,8,0.375,2.79,15.0,-2.0,54.0,13.0
Stefan,DSYRE,LIT,Jungle,LIT Summer · playoffs,8,0.375,3.5,-55.0,-2.0,54.0,-57.0
Mihai,Atleta Esport,LIT,ADC,LIT Summer · playoffs,8,0.5,6.0,-78.0,4.0,54.0,-74.0
SeMike,EKO Esports,LIT,Mid,LIT Summer · playoffs,4,0.25,1.5,-172.0,-4.0,54.0,-176.0
Pocovirtuoso,EKO Esports,LIT,Support,LIT Summer · playoffs,4,0.25,0.96,-194.0,-4.0,54.0,-198.0
Balyy,EKO Esports,LIT,Jungle,LIT Summer · playoffs,4,0.25,1.75,-217.0,-4.0,54.0,-221.0
Tyrone,EKO Esports,LIT,ADC,LIT Summer · playoffs,4,0.25,4.29,-229.0,-4.0,54.0,-233.0
lobellan,EKO Esports,LIT,Top,LIT Summer · playoffs,4,0.25,0.83,-239.0,-4.0,54.0,-243.0
klowny,Atleta Esport,LIT,Top,LIT Summer · playoffs,8,0.5,2.5,-406.0,4.0,54.0,-402.0
Color,Macko Esports,LIT,Top,LIT Summer · saison régulière,12,1.0,7.94,170.0,7.0,54.0,177.0
DenVoksne,Macko Esports,LIT,ADC,LIT Summer · saison régulière,12,1.0,9.93,159.0,7.0,54.0,166.0
Lotuss,Macko Esports,LIT,Jungle,LIT Summer · saison régulière,12,1.0,12.15,158.0,7.0,54.0,165.0
zamulek,DSYRE,LIT,ADC,LIT Summer · saison régulière,13,0.692,5.77,141.0,-1.0,54.0,140.0
Click,Macko Esports,LIT,Support,LIT Summer · saison régulière,12,1.0,7.15,108.0,7.0,54.0,115.0
Vigil,Macko Esports,LIT,Mid,LIT Summer · saison régulière,12,1.0,5.36,105.0,7.0,54.0,112.0
Czypsy,Atleta Esport,LIT,Support,LIT Summer · saison régulière,13,0.615,3.24,99.0,-0.0,54.0,99.0
Kikis,Atleta Esport,LIT,Jungle,LIT Summer · saison régulière,13,0.615,4.23,76.0,-0.0,54.0,76.0
Sebekx,Atleta Esport,LIT,Mid,LIT Summer · saison régulière,13,0.615,5.28,59.0,-0.0,54.0,59.0
SlowQ,DSYRE,LIT,Mid,LIT Summer · saison régulière,13,0.692,6.89,56.0,-1.0,54.0,55.0
Empyros,DSYRE,LIT,Top,LIT Summer · saison régulière,13,0.692,3.44,20.0,-1.0,54.0,19.0
Efias,DSYRE,LIT,Support,LIT Summer · saison régulière,13,0.692,4.12,15.0,-1.0,54.0,14.0
Stefan,DSYRE,LIT,Jungle,LIT Summer · saison régulière,13,0.692,7.18,-55.0,-1.0,54.0,-56.0
Mihai,Atleta Esport,LIT,ADC,LIT Summer · saison régulière,13,0.615,7.25,-78.0,-0.0,54.0,-78.0
kPr,aNc Outplayed,LIT,Top,LIT Summer · saison régulière,13,0.462,2.68,-114.0,2.0,54.0,-112.0
Shredder,aNc Outplayed,LIT,Support,LIT Summer · saison régulière,13,0.462,2.14,-124.0,2.0,54.0,-122.0
SeMike,EKO Esports,LIT,Mid,LIT Summer · saison régulière,13,0.615,4.09,-172.0,8.0,54.0,-164.0
Choi,Axolotl,LIT,Jungle,LIT Summer · saison régulière,2,0.0,0.25,-175.0,-2.0,54.0,-177.0
Yakkey,aNc Outplayed,LIT,ADC,LIT Summer · saison régulière,13,0.462,6.56,-182.0,2.0,54.0,-180.0
Pocovirtuoso,EKO Esports,LIT,Support,LIT Summer · saison régulière,13,0.615,2.22,-194.0,8.0,54.0,-186.0
Balyy,EKO Esports,LIT,Jungle,LIT Summer · saison régulière,13,0.615,4.5,-217.0,8.0,54.0,-209.0
Tyrone,EKO Esports,LIT,ADC,LIT Summer · saison régulière,11,0.727,8.79,-229.0,11.0,54.0,-218.0
Kadir,ENEMI3S,LIT,Jungle,LIT Summer · saison régulière,13,0.308,3.22,-229.0,1.0,54.0,-228.0
lobellan,EKO Esports,LIT,Top,LIT Summer · saison régulière,11,0.727,4.43,-239.0,11.0,54.0,-228.0
Matislaw,ENEMI3S,LIT,Mid,LIT Summer · saison régulière,13,0.308,4.96,-238.0,1.0,54.0,-237.0
AnnieBot,One More Esports,AL,Mid,LIT Summer · saison régulière,2,0.0,1.67,-256.0,-2.0,54.0,-258.0
Crem,ENEMI3S,LIT,ADC,LIT Summer · saison régulière,13,0.308,4.41,-294.0,1.0,54.0,-293.0
Ilyxøu,ENEMI3S,LIT,Top,LIT Summer · saison régulière,13,0.308,1.84,-296.0,1.0,54.0,-295.0
XoNix,aNc Outplayed,LIT,Mid,LIT Summer · saison régulière,13,0.462,3.23,-308.0,2.0,54.0,-306.0
Panj,Lupus Esports,EBL,Support,LIT Summer · saison régulière,9,0.444,2.77,-316.0,4.0,54.0,-312.0
justcan,Hazing Chase,TSC,Support,LIT Summer · saison régulière,4,0.0,0.89,-315.0,-3.0,54.0,-318.0
Indecision,aNc Outplayed,LIT,Jungle,LIT Summer · saison régulière,13,0.462,2.84,-350.0,2.0,54.0,-348.0
klowny,Atleta Esport,LIT,Top,LIT Summer · saison régulière,13,0.615,2.79,-406.0,-0.0,54.0,-406.0
Colacioppo,Axolotl,LIT,Top,LIT Summer · saison régulière,12,0.083,0.91,-568.0,-6.0,54.0,-574.0
Nykeus,Axolotl,LIT,Support,LIT Summer · saison régulière,10,0.1,1.12,-643.0,-7.0,54.0,-650.0
Kaboom,FoxFire,TSC,Jungle,LIT · saison régulière,7,0.857,6.41,-227.0,2.0,54.0,-225.0
Sadaz,The Gulls Esports,LIT,Mid,LIT · saison régulière,8,0.375,3.53,-351.0,-0.0,54.0,-351.0
DasheR,Fukuoka SoftBank HAWKS gaming,PCS,Mid,LJL Spring · playoffs,6,1.0,25.5,312.0,5.0,54.0,317.0
Marble,Fukuoka SoftBank HAWKS gaming,PCS,ADC,LJL Spring · playoffs,6,1.0,21.75,300.0,5.0,54.0,305.0
Forest,Fukuoka SoftBank HAWKS gaming,PCS,Jungle,LJL Spring · playoffs,6,1.0,5.12,270.0,5.0,54.0,275.0
Evi,Fukuoka SoftBank HAWKS gaming,PCS,Top,LJL Spring · playoffs,6,1.0,3.65,248.0,5.0,54.0,253.0
Vsta,Fukuoka SoftBank HAWKS gaming,PCS,Support,LJL Spring · playoffs,6,1.0,6.23,234.0,5.0,54.0,239.0
Yutapon,DetonatioN FocusMe,PCS,ADC,LJL Spring · playoffs,6,0.5,5.31,186.0,-4.0,54.0,182.0
Aria,DetonatioN FocusMe,PCS,Mid,LJL Spring · playoffs,6,0.5,5.07,169.0,-4.0,54.0,165.0
Harp,DetonatioN FocusMe,PCS,Support,LJL Spring · playoffs,6,0.5,3.36,130.0,-4.0,54.0,126.0
Steal,DetonatioN FocusMe,PCS,Jungle,LJL Spring · playoffs,6,0.5,3.53,107.0,-4.0,54.0,103.0
RayFarky,DetonatioN FocusMe,PCS,Top,LJL Spring · playoffs,6,0.5,2.19,79.0,-4.0,54.0,75.0
Ellim,QT DIG∞,LJL,Jungle,LJL Spring · playoffs,7,0.143,2.21,-147.0,-3.0,54.0,-150.0
Yuhi,QT DIG∞,LJL,ADC,LJL Spring · playoffs,7,0.143,2.24,-148.0,-3.0,54.0,-151.0
Kinatu,QT DIG∞,LJL,Top,LJL Spring · playoffs,7,0.143,2.26,-156.0,-3.0,54.0,-159.0
TaNa,V3 Esports,LJL,Top,LJL Spring · playoffs,7,0.429,5.29,-181.0,2.0,54.0,-179.0
Gaeng,QT DIG∞,LJL,Support,LJL Spring · playoffs,7,0.143,1.77,-199.0,-3.0,54.0,-202.0
Acee,V3 Esports,LJL,Mid,LJL Spring · playoffs,7,0.429,3.45,-229.0,2.0,54.0,-227.0
HRK,V3 Esports,LJL,Jungle,LJL Spring · playoffs,7,0.429,1.91,-241.0,2.0,54.0,-239.0
Bini,V3 Esports,LJL,ADC,LJL Spring · playoffs,7,0.429,3.07,-259.0,2.0,54.0,-257.0
Hetel,V3 Esports,LJL,Support,LJL Spring · playoffs,7,0.429,2.0,-279.0,2.0,54.0,-277.0
Kakkun,QT DIG∞,LJL,Mid,LJL Spring · playoffs,7,0.143,3.05,-306.0,-3.0,54.0,-309.0
DasheR,Fukuoka SoftBank HAWKS gaming,PCS,Mid,LJL Spring · saison régulière,20,0.8,6.28,312.0,-12.0,54.0,300.0
Marble,Fukuoka SoftBank HAWKS gaming,PCS,ADC,LJL Spring · saison régulière,20,0.8,8.14,300.0,-12.0,54.0,288.0
Forest,Fukuoka SoftBank HAWKS gaming,PCS,Jungle,LJL Spring · saison régulière,20,0.8,4.71,270.0,-12.0,54.0,258.0
Evi,Fukuoka SoftBank HAWKS gaming,PCS,Top,LJL Spring · saison régulière,20,0.8,4.6,248.0,-12.0,54.0,236.0
Vsta,Fukuoka SoftBank HAWKS gaming,PCS,Support,LJL Spring · saison régulière,20,0.8,6.92,234.0,-12.0,54.0,222.0
Yutapon,DetonatioN FocusMe,PCS,ADC,LJL Spring · saison régulière,20,0.95,8.52,186.0,8.0,54.0,194.0
Aria,DetonatioN FocusMe,PCS,Mid,LJL Spring · saison régulière,20,0.95,9.45,169.0,8.0,54.0,177.0
Harp,DetonatioN FocusMe,PCS,Support,LJL Spring · saison régulière,20,0.95,5.41,130.0,8.0,54.0,138.0
Steal,DetonatioN FocusMe,PCS,Jungle,LJL Spring · saison régulière,20,0.95,4.3,107.0,8.0,54.0,115.0
RayFarky,DetonatioN FocusMe,PCS,Top,LJL Spring · saison régulière,20,0.95,5.03,79.0,8.0,54.0,87.0
Ellim,QT DIG∞,LJL,Jungle,LJL Spring · saison régulière,20,0.4,2.63,-147.0,1.0,54.0,-146.0
Yuhi,QT DIG∞,LJL,ADC,LJL Spring · saison régulière,20,0.4,3.47,-148.0,1.0,54.0,-147.0
Cassin,AXIZ CREST,LJL,Jungle,LJL Spring · saison régulière,20,0.35,2.94,-154.0,1.0,54.0,-153.0
Kinatu,QT DIG∞,LJL,Top,LJL Spring · saison régulière,20,0.4,2.85,-156.0,1.0,54.0,-155.0
TaNa,V3 Esports,LJL,Top,LJL Spring · saison régulière,20,0.35,2.73,-181.0,5.0,54.0,-176.0
Gaeng,QT DIG∞,LJL,Support,LJL Spring · saison régulière,20,0.4,2.65,-199.0,1.0,54.0,-198.0
Ino,AXIZ CREST,LJL,Support,LJL Spring · saison régulière,20,0.35,2.7,-204.0,1.0,54.0,-203.0
Eugeo,AXIZ CREST,LJL,Mid,LJL Spring · saison régulière,20,0.35,2.82,-209.0,1.0,54.0,-208.0
Ssol,AXIZ CREST,LJL,ADC,LJL Spring · saison régulière,20,0.35,3.41,-222.0,1.0,54.0,-221.0
Acee,V3 Esports,LJL,Mid,LJL Spring · saison régulière,20,0.35,3.51,-229.0,5.0,54.0,-224.0
HRK,V3 Esports,LJL,Jungle,LJL Spring · saison régulière,20,0.35,3.27,-241.0,5.0,54.0,-236.0
Bini,V3 Esports,LJL,ADC,LJL Spring · saison régulière,20,0.35,3.62,-259.0,5.0,54.0,-254.0
Washidai,AXIZ CREST,LJL,Top,LJL Spring · saison régulière,20,0.35,2.2,-257.0,1.0,54.0,-256.0
Hetel,V3 Esports,LJL,Support,LJL Spring · saison régulière,20,0.35,2.9,-279.0,5.0,54.0,-274.0
Kakkun,QT DIG∞,LJL,Mid,LJL Spring · saison régulière,20,0.4,2.63,-306.0,1.0,54.0,-305.0
EL,Burning Core Toyama,LJL,Jungle,LJL Spring · saison régulière,20,0.15,1.93,-326.0,-2.0,54.0,-328.0
HowLa,Burning Core Toyama,LJL,ADC,LJL Spring · saison régulière,20,0.15,1.43,-343.0,-2.0,54.0,-345.0
Jool,Burning Core Toyama,LJL,Mid,LJL Spring · saison régulière,20,0.15,1.63,-347.0,-2.0,54.0,-349.0
tol2,Burning Core Toyama,LJL,Top,LJL Spring · saison régulière,20,0.15,1.31,-362.0,-2.0,54.0,-364.0
Charley,Burning Core Toyama,LJL,Support,LJL Spring · saison régulière,20,0.15,1.38,-476.0,-2.0,54.0,-478.0
DasheR,Fukuoka SoftBank HAWKS gaming,PCS,Mid,LJL Summer · playoffs,6,0.833,7.69,312.0,5.0,54.0,317.0
Marble,Fukuoka SoftBank HAWKS gaming,PCS,ADC,LJL Summer · playoffs,6,0.833,7.17,300.0,5.0,54.0,305.0
Forest,Fukuoka SoftBank HAWKS gaming,PCS,Jungle,LJL Summer · playoffs,6,0.833,4.0,270.0,5.0,54.0,275.0
Evi,Fukuoka SoftBank HAWKS gaming,PCS,Top,LJL Summer · playoffs,6,0.833,3.36,248.0,5.0,54.0,253.0
Vsta,Fukuoka SoftBank HAWKS gaming,PCS,Support,LJL Summer · playoffs,6,0.833,3.74,234.0,5.0,54.0,239.0
Yutapon,DetonatioN FocusMe,PCS,ADC,LJL Summer · playoffs,11,0.546,8.94,186.0,1.0,54.0,187.0
Aria,DetonatioN FocusMe,PCS,Mid,LJL Summer · playoffs,11,0.546,4.48,169.0,1.0,54.0,170.0
Harp,DetonatioN FocusMe,PCS,Support,LJL Summer · playoffs,11,0.546,2.81,130.0,1.0,54.0,131.0
Steal,DetonatioN FocusMe,PCS,Jungle,LJL Summer · playoffs,11,0.546,3.42,107.0,1.0,54.0,108.0
RayFarky,DetonatioN FocusMe,PCS,Top,LJL Summer · playoffs,11,0.546,2.55,79.0,1.0,54.0,80.0
Jett,QT DIG∞,LJL,Mid,LJL Summer · playoffs,7,0.286,2.31,-80.0,-2.0,54.0,-82.0
Ellim,QT DIG∞,LJL,Jungle,LJL Summer · playoffs,7,0.286,3.28,-147.0,-2.0,54.0,-149.0
Yuhi,QT DIG∞,LJL,ADC,LJL Summer · playoffs,7,0.286,2.32,-148.0,-2.0,54.0,-150.0
Kinatu,QT DIG∞,LJL,Top,LJL Summer · playoffs,7,0.286,1.3,-156.0,-2.0,54.0,-158.0
TaNa,V3 Esports,LJL,Top,LJL Summer · playoffs,4,0.5,3.9,-181.0,1.0,54.0,-180.0
Gaeng,QT DIG∞,LJL,Support,LJL Summer · playoffs,7,0.286,1.97,-199.0,-2.0,54.0,-201.0
Ino,AXIZ CREST,LJL,Support,LJL Summer · playoffs,2,0.0,0.92,-204.0,-4.0,54.0,-208.0
Eugeo,AXIZ CREST,LJL,Mid,LJL Summer · playoffs,2,0.0,3.4,-209.0,-4.0,54.0,-213.0
Ssol,AXIZ CREST,LJL,ADC,LJL Summer · playoffs,2,0.0,1.33,-222.0,-4.0,54.0,-226.0
Acee,V3 Esports,LJL,Mid,LJL Summer · playoffs,4,0.5,6.0,-229.0,1.0,54.0,-228.0
HRK,V3 Esports,LJL,Jungle,LJL Summer · playoffs,4,0.5,3.06,-241.0,1.0,54.0,-240.0
Bini,V3 Esports,LJL,ADC,LJL Summer · playoffs,4,0.5,4.18,-259.0,1.0,54.0,-258.0
Van1,AXIZ CREST,LJL,Jungle,LJL Summer · playoffs,2,0.0,1.5,-257.0,-4.0,54.0,-261.0
Washidai,AXIZ CREST,LJL,Top,LJL Summer · playoffs,2,0.0,1.0,-257.0,-4.0,54.0,-261.0
Hetel,V3 Esports,LJL,Support,LJL Summer · playoffs,4,0.5,3.77,-279.0,1.0,54.0,-278.0
DasheR,Fukuoka SoftBank HAWKS gaming,PCS,Mid,LJL Summer · saison régulière,20,0.95,8.96,312.0,-2.0,54.0,310.0
Marble,Fukuoka SoftBank HAWKS gaming,PCS,ADC,LJL Summer · saison régulière,20,0.95,12.7,300.0,-2.0,54.0,298.0
Forest,Fukuoka SoftBank HAWKS gaming,PCS,Jungle,LJL Summer · saison régulière,20,0.95,6.24,270.0,-2.0,54.0,268.0
Evi,Fukuoka SoftBank HAWKS gaming,PCS,Top,LJL Summer · saison régulière,20,0.95,4.73,248.0,-2.0,54.0,246.0
Vsta,Fukuoka SoftBank HAWKS gaming,PCS,Support,LJL Summer · saison régulière,20,0.95,6.97,234.0,-2.0,54.0,232.0
Yutapon,DetonatioN FocusMe,PCS,ADC,LJL Summer · saison régulière,20,0.8,6.79,186.0,-1.0,54.0,185.0
Aria,DetonatioN FocusMe,PCS,Mid,LJL Summer · saison régulière,20,0.8,6.41,169.0,-1.0,54.0,168.0
Harp,DetonatioN FocusMe,PCS,Support,LJL Summer · saison régulière,20,0.8,4.42,130.0,-1.0,54.0,129.0
Steal,DetonatioN FocusMe,PCS,Jungle,LJL Summer · saison régulière,20,0.8,5.35,107.0,-1.0,54.0,106.0
RayFarky,DetonatioN FocusMe,PCS,Top,LJL Summer · saison régulière,20,0.8,3.7,79.0,-1.0,54.0,78.0
Jett,QT DIG∞,LJL,Mid,LJL Summer · saison régulière,20,0.4,2.98,-80.0,2.0,54.0,-78.0
Raina,Burning Core Toyama,LJL,Support,LJL Summer · saison régulière,12,0.333,2.67,-110.0,3.0,54.0,-107.0
Ellim,QT DIG∞,LJL,Jungle,LJL Summer · saison régulière,20,0.4,3.28,-147.0,2.0,54.0,-145.0
Yuhi,QT DIG∞,LJL,ADC,LJL Summer · saison régulière,16,0.5,4.66,-148.0,2.0,54.0,-146.0
Kinatu,QT DIG∞,LJL,Top,LJL Summer · saison régulière,16,0.5,2.97,-156.0,2.0,54.0,-154.0
TaNa,V3 Esports,LJL,Top,LJL Summer · saison régulière,20,0.25,2.32,-181.0,-6.0,54.0,-187.0
Gaeng,QT DIG∞,LJL,Support,LJL Summer · saison régulière,20,0.4,2.5,-199.0,2.0,54.0,-197.0
Ino,AXIZ CREST,LJL,Support,LJL Summer · saison régulière,20,0.4,1.59,-204.0,3.0,54.0,-201.0
Eugeo,AXIZ CREST,LJL,Mid,LJL Summer · saison régulière,20,0.4,3.23,-209.0,3.0,54.0,-206.0
Ssol,AXIZ CREST,LJL,ADC,LJL Summer · saison régulière,20,0.4,2.98,-222.0,3.0,54.0,-219.0
Acee,V3 Esports,LJL,Mid,LJL Summer · saison régulière,20,0.25,2.91,-229.0,-6.0,54.0,-235.0
HRK,V3 Esports,LJL,Jungle,LJL Summer · saison régulière,20,0.25,2.04,-241.0,-6.0,54.0,-247.0
Van1,AXIZ CREST,LJL,Jungle,LJL Summer · saison régulière,20,0.4,2.94,-257.0,3.0,54.0,-254.0
Washidai,AXIZ CREST,LJL,Top,LJL Summer · saison régulière,20,0.4,1.99,-257.0,3.0,54.0,-254.0
Bini,V3 Esports,LJL,ADC,LJL Summer · saison régulière,20,0.25,2.76,-259.0,-6.0,54.0,-265.0
Hetel,V3 Esports,LJL,Support,LJL Summer · saison régulière,20,0.25,1.77,-279.0,-6.0,54.0,-285.0
EL,Burning Core Toyama,LJL,Jungle,LJL Summer · saison régulière,20,0.2,2.2,-326.0,3.0,54.0,-323.0
HowLa,Burning Core Toyama,LJL,ADC,LJL Summer · saison régulière,20,0.2,2.5,-343.0,3.0,54.0,-340.0
Jool,Burning Core Toyama,LJL,Mid,LJL Summer · saison régulière,20,0.2,3.36,-347.0,3.0,54.0,-344.0
tol2,Burning Core Toyama,LJL,Top,LJL Summer · saison régulière,20,0.2,1.55,-362.0,3.0,54.0,-359.0
Charley,Burning Core Toyama,LJL,Support,LJL Summer · saison régulière,8,0.0,0.81,-476.0,0.0,54.0,-476.0
Summit,Movistar R7,LLA,Top,LLA Closing · playoffs,12,0.75,2.95,430.0,6.0,54.0,436.0
Keine,Movistar R7,LLA,Mid,LLA Closing · playoffs,12,0.75,6.86,384.0,6.0,54.0,390.0
Josedeodo,Estral Esports,LLA,Jungle,LLA Closing · playoffs,10,0.4,4.82,385.0,-7.0,54.0,378.0
Leza,inf,LLA,Mid,LLA Closing · playoffs,17,0.412,2.81,362.0,2.0,54.0,364.0
ceo,Movistar R7,LLA,ADC,LLA Closing · playoffs,12,0.75,7.05,347.0,6.0,54.0,353.0
Oddie,Movistar R7,LLA,Jungle,LLA Closing · playoffs,12,0.75,4.83,346.0,6.0,54.0,352.0
Loopy,Isurus,LLA,Support,LLA Closing · playoffs,13,0.462,3.17,350.0,-1.0,54.0,349.0
Lyonz,Movistar R7,LLA,Support,LLA Closing · playoffs,12,0.75,3.29,339.0,6.0,54.0,345.0
Ackerman,Estral Esports,LLA,Support,LLA Closing · playoffs,10,0.4,4.03,341.0,-7.0,54.0,334.0
cody,Estral Esports,LLA,Mid,LLA Closing · playoffs,10,0.4,3.59,337.0,-7.0,54.0,330.0
Snaker,Estral Esports,LLA,ADC,LLA Closing · playoffs,10,0.4,4.46,319.0,-7.0,54.0,312.0
Trigger,inf,LLA,ADC,LLA Closing · playoffs,17,0.412,3.44,269.0,2.0,54.0,271.0
Zothve,Estral Esports,LLA,Top,LLA Closing · playoffs,10,0.4,2.09,271.0,-7.0,54.0,264.0
TopLop,inf,LLA,Support,LLA Closing · playoffs,13,0.462,1.7,238.0,3.0,54.0,241.0
Zoen,inf,LLA,Top,LLA Closing · playoffs,17,0.412,2.16,227.0,2.0,54.0,229.0
pan,Isurus,LLA,Top,LLA Closing · playoffs,13,0.462,3.57,224.0,-1.0,54.0,223.0
OnFleek,Isurus,LLA,Jungle,LLA Closing · playoffs,13,0.462,4.42,218.0,-1.0,54.0,217.0
Kaze,Isurus,LLA,Mid,LLA Closing · playoffs,13,0.462,3.45,198.0,-1.0,54.0,197.0
Gavotto,Isurus,LLA,ADC,LLA Closing · playoffs,13,0.462,5.0,185.0,-1.0,54.0,184.0
Grell,inf,LLA,Jungle,LLA Closing · playoffs,17,0.412,2.26,20.0,2.0,54.0,22.0
Summit,Movistar R7,LLA,Top,LLA Closing · saison régulière,20,0.7,2.54,430.0,-2.0,54.0,428.0
Keine,Movistar R7,LLA,Mid,LLA Closing · saison régulière,20,0.7,4.72,384.0,-2.0,54.0,382.0
Josedeodo,Estral Esports,LLA,Jungle,LLA Closing · saison régulière,23,0.565,5.36,385.0,-6.0,54.0,379.0
Leza,inf,LLA,Mid,LLA Closing · saison régulière,20,0.6,4.72,362.0,4.0,54.0,366.0
Loopy,Isurus,LLA,Support,LLA Closing · saison régulière,20,0.65,3.47,350.0,6.0,54.0,356.0
ceo,Movistar R7,LLA,ADC,LLA Closing · saison régulière,20,0.7,5.94,347.0,-2.0,54.0,345.0
Oddie,Movistar R7,LLA,Jungle,LLA Closing · saison régulière,20,0.7,4.21,346.0,-2.0,54.0,344.0
Lyonz,Movistar R7,LLA,Support,LLA Closing · saison régulière,20,0.7,4.15,339.0,-2.0,54.0,337.0
Ackerman,Estral Esports,LLA,Support,LLA Closing · saison régulière,23,0.565,3.77,341.0,-6.0,54.0,335.0
cody,Estral Esports,LLA,Mid,LLA Closing · saison régulière,23,0.565,3.2,337.0,-6.0,54.0,331.0
Snaker,Estral Esports,LLA,ADC,LLA Closing · saison régulière,23,0.565,4.57,319.0,-6.0,54.0,313.0
Trigger,inf,LLA,ADC,LLA Closing · saison régulière,23,0.609,4.42,269.0,1.0,54.0,270.0
Zothve,Estral Esports,LLA,Top,LLA Closing · saison régulière,23,0.565,3.25,271.0,-6.0,54.0,265.0
TopLop,inf,LLA,Support,LLA Closing · saison régulière,23,0.609,2.41,238.0,1.0,54.0,239.0
pan,Isurus,LLA,Top,LLA Closing · saison régulière,20,0.65,3.94,224.0,6.0,54.0,230.0
Zoen,inf,LLA,Top,LLA Closing · saison régulière,23,0.609,2.72,227.0,1.0,54.0,228.0
OnFleek,Isurus,LLA,Jungle,LLA Closing · saison régulière,20,0.65,4.67,218.0,6.0,54.0,224.0
Kaze,Isurus,LLA,Mid,LLA Closing · saison régulière,20,0.65,3.77,198.0,6.0,54.0,204.0
Gavotto,Isurus,LLA,ADC,LLA Closing · saison régulière,20,0.65,4.14,185.0,6.0,54.0,191.0
Beenie,Leviatan,LLA,ADC,LLA Closing · saison régulière,20,0.4,3.68,168.0,2.0,54.0,170.0
Nobody,Leviatan,LLA,Mid,LLA Closing · saison régulière,20,0.4,2.89,26.0,2.0,54.0,28.0
Mir,FURIA,CBLOL,Jungle,LLA Closing · saison régulière,4,0.0,1.9,28.0,-2.0,54.0,26.0
Grell,inf,LLA,Jungle,LLA Closing · saison régulière,23,0.609,2.8,20.0,1.0,54.0,21.0
Jauny,Leviatan,LLA,Top,LLA Closing · saison régulière,20,0.4,2.98,15.0,2.0,54.0,17.0
Ganks,Leviatan,LLA,Jungle,LLA Closing · saison régulière,20,0.4,3.31,-3.0,2.0,54.0,-1.0
Vahvel,Leviatan,LLA,Support,LLA Closing · saison régulière,16,0.438,2.44,-4.0,3.0,54.0,-1.0
Dimitry,Six Karma,LLA,Jungle,LLA Closing · saison régulière,16,0.062,1.74,-94.0,-0.0,54.0,-94.0
Seiya,Six Karma,LLA,Mid,LLA Closing · saison régulière,20,0.05,2.07,-96.0,-2.0,54.0,-98.0
IgnaVilu,Six Karma,LLA,Support,LLA Closing · saison régulière,20,0.05,1.63,-112.0,-2.0,54.0,-114.0
5kid,Six Karma,LLA,ADC,LLA Closing · saison régulière,19,0.053,2.33,-153.0,-2.0,54.0,-155.0
Buggax,Six Karma,LLA,Top,LLA Closing · saison régulière,20,0.05,1.31,-202.0,-2.0,54.0,-204.0
Summit,Movistar R7,LLA,Top,LLA Opening · playoffs,16,0.5,2.25,430.0,-5.0,54.0,425.0
Josedeodo,Estral Esports,LLA,Jungle,LLA Opening · playoffs,11,0.818,12.55,385.0,8.0,54.0,393.0
Ackerman,Estral Esports,LLA,Support,LLA Opening · playoffs,11,0.818,7.68,341.0,8.0,54.0,349.0
cody,Estral Esports,LLA,Mid,LLA Opening · playoffs,11,0.818,5.79,337.0,8.0,54.0,345.0
ceo,Movistar R7,LLA,ADC,LLA Opening · playoffs,16,0.5,3.64,347.0,-5.0,54.0,342.0
Oddie,Movistar R7,LLA,Jungle,LLA Opening · playoffs,16,0.5,3.24,346.0,-5.0,54.0,341.0
Lyonz,Movistar R7,LLA,Support,LLA Opening · playoffs,16,0.5,3.95,339.0,-5.0,54.0,334.0
Snaker,Estral Esports,LLA,ADC,LLA Opening · playoffs,11,0.818,7.5,319.0,8.0,54.0,327.0
Lava,Movistar R7,LLA,Mid,LLA Opening · playoffs,16,0.5,3.27,293.0,-5.0,54.0,288.0
Zothve,Estral Esports,LLA,Top,LLA Opening · playoffs,11,0.818,4.07,271.0,8.0,54.0,279.0
Hidan,paiN Gaming Academy,CBLOLA,Top,LLA Opening · playoffs,12,0.667,4.04,227.0,6.0,54.0,233.0
pan,Isurus,LLA,Top,LLA Opening · playoffs,13,0.385,2.95,224.0,-2.0,54.0,222.0
OnFleek,Isurus,LLA,Jungle,LLA Opening · playoffs,13,0.385,2.94,218.0,-2.0,54.0,216.0
Kaze,Isurus,LLA,Mid,LLA Opening · playoffs,13,0.385,3.19,198.0,-2.0,54.0,196.0
Gavotto,Isurus,LLA,ADC,LLA Opening · playoffs,13,0.385,4.19,185.0,-2.0,54.0,183.0
Shadow,Isurus,LLA,Support,LLA Opening · playoffs,13,0.385,3.42,91.0,-2.0,54.0,89.0
Nobody,Leviatan,LLA,Mid,LLA Opening · playoffs,12,0.667,3.87,26.0,6.0,54.0,32.0
Grell,inf,LLA,Jungle,LLA Opening · playoffs,12,0.667,2.88,20.0,6.0,54.0,26.0
Jauny,Leviatan,LLA,Top,LLA Opening · playoffs,7,0.143,2.44,15.0,-2.0,54.0,13.0
Kice,Six Karma,LLA,Support,LLA Opening · playoffs,3,0.0,1.69,3.0,-5.0,54.0,-2.0
Ganks,Leviatan,LLA,Jungle,LLA Opening · playoffs,7,0.143,2.35,-3.0,-2.0,54.0,-5.0
Mataz,Fuego,LRN,Jungle,LLA Opening · playoffs,3,0.0,1.69,-14.0,-5.0,54.0,-19.0
Lac,All Knights,LLA,ADC,LLA Opening · playoffs,12,0.667,4.62,-29.0,6.0,54.0,-23.0
VirusFx,Fuego,LRN,ADC,LLA Opening · playoffs,7,0.143,2.65,-97.0,-2.0,54.0,-99.0
Seiya,Six Karma,LLA,Mid,LLA Opening · playoffs,3,0.0,1.58,-96.0,-5.0,54.0,-101.0
Cotopaco,Leviatan,LLA,Mid,LLA Opening · playoffs,7,0.143,1.96,-106.0,-2.0,54.0,-108.0
IgnaVilu,Six Karma,LLA,Support,LLA Opening · playoffs,7,0.143,2.35,-112.0,-2.0,54.0,-114.0
5kid,Six Karma,LLA,ADC,LLA Opening · playoffs,3,0.0,1.64,-153.0,-5.0,54.0,-158.0
Gastruks,Undead Gaming,LRS,Support,LLA Opening · playoffs,12,0.667,3.75,-288.0,6.0,54.0,-282.0
Acce,Undead Gaming,LRS,Top,LLA Opening · playoffs,3,0.0,0.9,-291.0,-5.0,54.0,-296.0
Summit,Movistar R7,LLA,Top,LLA Opening · saison régulière,25,0.84,4.02,430.0,5.0,54.0,435.0
Josedeodo,Estral Esports,LLA,Jungle,LLA Opening · saison régulière,26,0.885,8.55,385.0,8.0,54.0,393.0
ceo,Movistar R7,LLA,ADC,LLA Opening · saison régulière,25,0.84,8.21,347.0,5.0,54.0,352.0
Oddie,Movistar R7,LLA,Jungle,LLA Opening · saison régulière,24,0.833,6.12,346.0,5.0,54.0,351.0
Ackerman,Estral Esports,LLA,Support,LLA Opening · saison régulière,26,0.885,9.72,341.0,8.0,54.0,349.0
cody,Estral Esports,LLA,Mid,LLA Opening · saison régulière,26,0.885,9.24,337.0,8.0,54.0,345.0
Lyonz,Movistar R7,LLA,Support,LLA Opening · saison régulière,24,0.833,5.91,339.0,5.0,54.0,344.0
Snaker,Estral Esports,LLA,ADC,LLA Opening · saison régulière,26,0.885,7.08,319.0,8.0,54.0,327.0
Lava,Movistar R7,LLA,Mid,LLA Opening · saison régulière,25,0.84,6.33,293.0,5.0,54.0,298.0
Zothve,Estral Esports,LLA,Top,LLA Opening · saison régulière,26,0.885,4.29,271.0,8.0,54.0,279.0
Zoen,inf,LLA,Top,LLA Opening · saison régulière,2,0.0,2.0,227.0,0.0,54.0,227.0
pan,Isurus,LLA,Top,LLA Opening · saison régulière,26,0.615,3.77,224.0,-2.0,54.0,222.0
Hidan,paiN Gaming Academy,CBLOLA,Top,LLA Opening · saison régulière,26,0.346,1.75,227.0,-12.0,54.0,215.0
OnFleek,Isurus,LLA,Jungle,LLA Opening · saison régulière,11,0.546,3.78,218.0,-5.0,54.0,213.0
Kaze,Isurus,LLA,Mid,LLA Opening · saison régulière,26,0.615,3.16,198.0,-2.0,54.0,196.0
Gavotto,Isurus,LLA,ADC,LLA Opening · saison régulière,22,0.591,3.19,185.0,-2.0,54.0,183.0
Shadow,Isurus,LLA,Support,LLA Opening · saison régulière,26,0.615,3.82,91.0,-2.0,54.0,89.0
Nobody,Leviatan,LLA,Mid,LLA Opening · saison régulière,26,0.346,2.28,26.0,-12.0,54.0,14.0
Jauny,Leviatan,LLA,Top,LLA Opening · saison régulière,28,0.393,3.52,15.0,-2.0,54.0,13.0
Grell,inf,LLA,Jungle,LLA Opening · saison régulière,26,0.346,1.83,20.0,-12.0,54.0,8.0
Kice,Six Karma,LLA,Support,LLA Opening · saison régulière,27,0.296,2.93,3.0,3.0,54.0,6.0
Ganks,Leviatan,LLA,Jungle,LLA Opening · saison régulière,28,0.393,2.76,-3.0,-2.0,54.0,-5.0
Mataz,Fuego,LRN,Jungle,LLA Opening · saison régulière,27,0.296,2.34,-14.0,3.0,54.0,-11.0
Lac,All Knights,LLA,ADC,LLA Opening · saison régulière,2,0.0,2.25,-29.0,-3.0,54.0,-32.0
Solid,inf,LLA,Jungle,LLA Opening · saison régulière,28,0.179,1.81,-70.0,-1.0,54.0,-71.0
Seiya,Six Karma,LLA,Mid,LLA Opening · saison régulière,27,0.296,3.34,-96.0,3.0,54.0,-93.0
VirusFx,Fuego,LRN,ADC,LLA Opening · saison régulière,28,0.393,2.74,-97.0,-2.0,54.0,-99.0
Trigo,Fluxo,CBLOL,ADC,LLA Opening · saison régulière,24,0.375,2.68,-93.0,-9.0,54.0,-102.0
Cotopaco,Leviatan,LLA,Mid,LLA Opening · saison régulière,28,0.393,2.54,-106.0,-2.0,54.0,-108.0
IgnaVilu,Six Karma,LLA,Support,LLA Opening · saison régulière,28,0.393,3.11,-112.0,-2.0,54.0,-114.0
Kz,inf,LLA,ADC,LLA Opening · saison régulière,19,0.158,2.19,-146.0,-4.0,54.0,-150.0
5kid,Six Karma,LLA,ADC,LLA Opening · saison régulière,27,0.296,2.66,-153.0,3.0,54.0,-150.0
KinGi,Undead Gaming,LRS,Jungle,LLA Opening · saison régulière,15,0.667,3.18,-189.0,2.0,54.0,-187.0
Buggax,Six Karma,LLA,Top,LLA Opening · saison régulière,28,0.179,1.31,-202.0,-1.0,54.0,-203.0
Kiefer,Undead Gaming,LRS,Mid,LLA Opening · saison régulière,28,0.179,2.31,-271.0,-1.0,54.0,-272.0
Acce,Undead Gaming,LRS,Top,LLA Opening · saison régulière,27,0.296,2.12,-291.0,3.0,54.0,-288.0
Gastruks,Undead Gaming,LRS,Support,LLA Opening · saison régulière,26,0.346,2.23,-288.0,-12.0,54.0,-300.0
Yerikan,DSC3V,LRN,Support,LLA Opening · saison régulière,26,0.192,2.2,-354.0,-1.0,54.0,-355.0
Daiky,Pirates IDV,LRN,Jungle,LLA Opening · saison régulière,2,1.0,4.6,-408.0,-0.0,54.0,-408.0
Knight,Bilibili Gaming,LPL,Mid,LPL Spring · playoffs,13,0.692,5.96,984.0,6.0,54.0,990.0
Elk,Bilibili Gaming,LPL,ADC,LPL Spring · playoffs,13,0.692,7.59,971.0,6.0,54.0,977.0
ON,Bilibili Gaming,LPL,Support,LPL Spring · playoffs,13,0.692,3.56,970.0,6.0,54.0,976.0
Bin,Bilibili Gaming,LPL,Top,LPL Spring · playoffs,13,0.692,5.81,941.0,6.0,54.0,947.0
Creme,Top Esports,LPL,Mid,LPL Spring · playoffs,16,0.562,3.52,898.0,2.0,54.0,900.0
Meiko,Top Esports,LPL,Support,LPL Spring · playoffs,16,0.562,3.87,887.0,2.0,54.0,889.0
Tian,Top Esports,LPL,Jungle,LPL Spring · playoffs,16,0.562,3.62,885.0,2.0,54.0,887.0
369,Top Esports,LPL,Top,LPL Spring · playoffs,16,0.562,3.31,881.0,2.0,54.0,883.0
Hang,LNG Esports,LPL,Support,LPL Spring · playoffs,5,0.4,1.94,876.0,-5.0,54.0,871.0
JackeyLove,Top Esports,LPL,ADC,LPL Spring · playoffs,16,0.562,3.63,869.0,2.0,54.0,871.0
Ruler,JD Gaming,LPL,ADC,LPL Spring · playoffs,15,0.467,2.7,836.0,-4.0,54.0,832.0
Crisp,Weibo Gaming,LPL,Support,LPL Spring · playoffs,13,0.462,3.33,812.0,2.0,54.0,814.0
Yagao,JD Gaming,LPL,Mid,LPL Spring · playoffs,15,0.467,3.54,814.0,-4.0,54.0,810.0
MISSING,JD Gaming,LPL,Support,LPL Spring · playoffs,15,0.467,2.51,792.0,-4.0,54.0,788.0
Xun,Bilibili Gaming,LPL,Jungle,LPL Spring · playoffs,13,0.692,5.14,778.0,6.0,54.0,784.0
Kanavi,JD Gaming,LPL,Jungle,LPL Spring · playoffs,15,0.467,2.55,780.0,-4.0,54.0,776.0
Stay,Team WE,LPL,ADC,LPL Spring · playoffs,9,0.556,2.52,762.0,1.0,54.0,763.0
YSKM,Invictus Gaming,LPL,Top,LPL Spring · playoffs,5,0.4,2.78,736.0,-0.0,54.0,736.0
Zika,LNG Esports,LPL,Top,LPL Spring · playoffs,5,0.4,2.64,737.0,-5.0,54.0,732.0
Flandre,JD Gaming,LPL,Top,LPL Spring · playoffs,15,0.467,2.26,726.0,-4.0,54.0,722.0
Zhuo,Ninjas in Pyjamas,LPL,Support,LPL Spring · playoffs,18,0.5,5.31,710.0,8.0,54.0,718.0
Weiwei,LNG Esports,LPL,Jungle,LPL Spring · playoffs,5,0.4,2.15,718.0,-5.0,54.0,713.0
Leyan,Ninjas in Pyjamas,LPL,Jungle,LPL Spring · playoffs,3,0.667,5.4,709.0,4.0,54.0,713.0
GALA,LNG Esports,LPL,ADC,LPL Spring · playoffs,5,0.4,3.56,718.0,-5.0,54.0,713.0
Light,Weibo Gaming,LPL,ADC,LPL Spring · playoffs,13,0.462,4.28,700.0,2.0,54.0,702.0
Xiaohu,Weibo Gaming,LPL,Mid,LPL Spring · playoffs,13,0.462,3.75,692.0,2.0,54.0,694.0
Cube,Oh My God,LPL,Top,LPL Spring · playoffs,4,0.25,4.25,695.0,-2.0,54.0,693.0
Heng,Team WE,LPL,Jungle,LPL Spring · playoffs,9,0.556,3.26,691.0,1.0,54.0,692.0
Scout,LNG Esports,LPL,Mid,LPL Spring · playoffs,5,0.4,3.18,690.0,-5.0,54.0,685.0
shanji,Ninjas in Pyjamas,LPL,Top,LPL Spring · playoffs,18,0.5,3.32,670.0,8.0,54.0,678.0
Photic,Ninjas in Pyjamas,LPL,ADC,LPL Spring · playoffs,18,0.5,4.7,662.0,8.0,54.0,670.0
Xiaolaohu,FunPlus Phoenix,LPL,Top,LPL Spring · playoffs,4,0.25,1.25,668.0,-6.0,54.0,662.0
Care,FunPlus Phoenix,LPL,Mid,LPL Spring · playoffs,4,0.25,1.5,667.0,-6.0,54.0,661.0
Rookie,Ninjas in Pyjamas,LPL,Mid,LPL Spring · playoffs,18,0.5,4.22,647.0,8.0,54.0,655.0
Xiaohao,Rare Atom,LPL,Jungle,LPL Spring · playoffs,13,0.462,5.42,653.0,2.0,54.0,655.0
milkyway,FunPlus Phoenix,LPL,Jungle,LPL Spring · playoffs,4,0.25,1.87,658.0,-6.0,54.0,652.0
Aki,Ninjas in Pyjamas,LPL,Jungle,LPL Spring · playoffs,18,0.5,3.83,628.0,8.0,54.0,636.0
deokdam,FunPlus Phoenix,LPL,ADC,LPL Spring · playoffs,4,0.25,1.69,616.0,-6.0,54.0,610.0
Tianzhen,Oh My God,LPL,Jungle,LPL Spring · playoffs,2,0.0,0.78,610.0,-4.0,54.0,606.0
Cryin,EDward Gaming,LPL,Mid,LPL Spring · playoffs,5,0.4,2.83,603.0,-0.0,54.0,603.0
FoFo,Team WE,LPL,Mid,LPL Spring · playoffs,9,0.556,3.28,592.0,1.0,54.0,593.0
Angel,Oh My God,LPL,Mid,LPL Spring · playoffs,4,0.25,2.2,593.0,-2.0,54.0,591.0
ppgod,Oh My God,LPL,Support,LPL Spring · playoffs,4,0.25,5.8,592.0,-2.0,54.0,590.0
Able,Team WE,LPL,ADC,LPL Spring · playoffs,4,0.25,5.0,587.0,-2.0,54.0,585.0
Life,FunPlus Phoenix,LPL,Support,LPL Spring · playoffs,4,0.25,2.36,587.0,-6.0,54.0,581.0
Wayward,Team WE,LPL,Top,LPL Spring · playoffs,9,0.556,2.04,555.0,1.0,54.0,556.0
Wink,EDward Gaming,LPL,Support,LPL Spring · playoffs,5,0.4,2.64,548.0,-0.0,54.0,548.0
Ahn,Invictus Gaming,LPL,ADC,LPL Spring · playoffs,5,0.4,2.43,547.0,-0.0,54.0,547.0
xiaofang,Oh My God,LPL,Jungle,LPL Spring · playoffs,4,0.25,2.5,548.0,-2.0,54.0,546.0
Iwandy,Royal Never Give Up,LPL,Support,LPL Spring · playoffs,9,0.556,2.64,535.0,1.0,54.0,536.0
Zdz,FunPlus Phoenix,LPL,Top,LPL Spring · playoffs,13,0.462,2.48,451.0,2.0,54.0,453.0
Knight,Bilibili Gaming,LPL,Mid,LPL Spring · saison régulière,35,0.857,6.49,984.0,2.0,53.0,986.0
Elk,Bilibili Gaming,LPL,ADC,LPL Spring · saison régulière,35,0.857,5.67,971.0,2.0,53.0,973.0
ON,Bilibili Gaming,LPL,Support,LPL Spring · saison régulière,35,0.857,5.77,970.0,2.0,53.0,972.0
Bin,Bilibili Gaming,LPL,Top,LPL Spring · saison régulière,35,0.857,3.92,941.0,2.0,53.0,943.0
Creme,Top Esports,LPL,Mid,LPL Spring · saison régulière,37,0.784,5.56,898.0,4.0,53.0,902.0
Meiko,Top Esports,LPL,Support,LPL Spring · saison régulière,37,0.784,5.21,887.0,4.0,53.0,891.0
Tian,Top Esports,LPL,Jungle,LPL Spring · saison régulière,37,0.784,6.59,885.0,4.0,53.0,889.0
369,Top Esports,LPL,Top,LPL Spring · saison régulière,37,0.784,4.69,881.0,4.0,53.0,885.0
JackeyLove,Top Esports,LPL,ADC,LPL Spring · saison régulière,37,0.784,4.99,869.0,4.0,53.0,873.0
Hang,LNG Esports,LPL,Support,LPL Spring · saison régulière,25,0.64,4.13,876.0,-4.0,54.0,872.0
Ruler,JD Gaming,LPL,ADC,LPL Spring · saison régulière,39,0.692,5.86,836.0,10.0,53.0,846.0
Yagao,JD Gaming,LPL,Mid,LPL Spring · saison régulière,39,0.692,5.19,814.0,10.0,53.0,824.0
Ale,Anyone's Legend,LPL,Top,LPL Spring · saison régulière,30,0.367,2.49,821.0,-3.0,53.0,818.0
Crisp,Weibo Gaming,LPL,Support,LPL Spring · saison régulière,37,0.54,3.23,812.0,-4.0,53.0,808.0
sheer,JD Gaming,LPL,Top,LPL Spring · saison régulière,14,0.714,6.35,798.0,5.0,54.0,803.0
MISSING,JD Gaming,LPL,Support,LPL Spring · saison régulière,39,0.692,4.51,792.0,10.0,53.0,802.0
Kanavi,JD Gaming,LPL,Jungle,LPL Spring · saison régulière,39,0.692,4.86,780.0,10.0,53.0,790.0
Xun,Bilibili Gaming,LPL,Jungle,LPL Spring · saison régulière,35,0.857,5.24,778.0,2.0,53.0,780.0
Stay,Team WE,LPL,ADC,LPL Spring · saison régulière,16,0.562,3.89,762.0,6.0,54.0,768.0
YSKM,Invictus Gaming,LPL,Top,LPL Spring · saison régulière,35,0.543,2.53,736.0,6.0,53.0,742.0
Zika,LNG Esports,LPL,Top,LPL Spring · saison régulière,41,0.561,3.75,737.0,-2.0,53.0,735.0
Flandre,JD Gaming,LPL,Top,LPL Spring · saison régulière,25,0.68,3.62,726.0,5.0,54.0,731.0
Wei,Bilibili Gaming,LPL,Jungle,LPL Spring · saison régulière,36,0.333,2.58,735.0,-4.0,53.0,731.0
Weiwei,LNG Esports,LPL,Jungle,LPL Spring · saison régulière,41,0.561,4.06,718.0,-2.0,53.0,716.0
GALA,LNG Esports,LPL,ADC,LPL Spring · saison régulière,41,0.561,5.9,718.0,-2.0,53.0,716.0
Zhuo,Ninjas in Pyjamas,LPL,Support,LPL Spring · saison régulière,36,0.583,4.4,710.0,4.0,53.0,714.0
Hope,Anyone's Legend,LPL,ADC,LPL Spring · saison régulière,41,0.439,4.56,719.0,-10.0,53.0,709.0
Leyan,Ninjas in Pyjamas,LPL,Jungle,LPL Spring · saison régulière,27,0.407,3.49,709.0,0.0,54.0,709.0
Cube,Oh My God,LPL,Top,LPL Spring · saison régulière,37,0.514,2.93,695.0,8.0,53.0,703.0
Light,Weibo Gaming,LPL,ADC,LPL Spring · saison régulière,37,0.54,4.68,700.0,-4.0,53.0,696.0
Croco,Anyone's Legend,LPL,Jungle,LPL Spring · saison régulière,41,0.439,3.65,706.0,-10.0,53.0,696.0
Kael,Anyone's Legend,LPL,Support,LPL Spring · saison régulière,41,0.439,4.67,705.0,-10.0,53.0,695.0
Heng,Team WE,LPL,Jungle,LPL Spring · saison régulière,38,0.5,2.39,691.0,2.0,53.0,693.0
Shanks,Anyone's Legend,LPL,Mid,LPL Spring · saison régulière,41,0.439,4.01,700.0,-10.0,53.0,690.0
Scout,LNG Esports,LPL,Mid,LPL Spring · saison régulière,41,0.561,4.3,690.0,-2.0,53.0,688.0
Xiaohu,Weibo Gaming,LPL,Mid,LPL Spring · saison régulière,37,0.54,3.66,692.0,-4.0,53.0,688.0
Xiaolaohu,FunPlus Phoenix,LPL,Top,LPL Spring · saison régulière,40,0.6,2.53,668.0,11.0,53.0,679.0
Care,FunPlus Phoenix,LPL,Mid,LPL Spring · saison régulière,40,0.6,3.83,667.0,11.0,53.0,678.0
shanji,Ninjas in Pyjamas,LPL,Top,LPL Spring · saison régulière,36,0.583,3.23,670.0,4.0,53.0,674.0
milkyway,FunPlus Phoenix,LPL,Jungle,LPL Spring · saison régulière,39,0.615,5.4,658.0,12.0,53.0,670.0
Breathe,Weibo Gaming,LPL,Top,LPL Spring · saison régulière,36,0.333,2.19,671.0,-4.0,53.0,667.0
Photic,Ninjas in Pyjamas,LPL,ADC,LPL Spring · saison régulière,36,0.583,4.68,662.0,4.0,53.0,666.0
Rookie,Ninjas in Pyjamas,LPL,Mid,LPL Spring · saison régulière,36,0.583,5.05,647.0,4.0,53.0,651.0
Xiaohao,Rare Atom,LPL,Jungle,LPL Spring · saison régulière,35,0.571,3.63,653.0,-2.0,53.0,651.0
Aki,Ninjas in Pyjamas,LPL,Jungle,LPL Spring · saison régulière,36,0.583,4.02,628.0,4.0,53.0,632.0
Leave,EDward Gaming,LPL,ADC,LPL Spring · saison régulière,7,0.143,1.75,635.0,-5.0,54.0,630.0
deokdam,FunPlus Phoenix,LPL,ADC,LPL Spring · saison régulière,40,0.6,4.29,616.0,11.0,53.0,627.0
LP,Team WE,LPL,ADC,LPL Spring · saison régulière,2,0.0,0.88,620.0,-1.0,54.0,619.0
Shaoye,LGD Gaming,LPL,ADC,LPL Spring · saison régulière,27,0.37,2.84,617.0,-3.0,54.0,614.0
Tianzhen,Oh My God,LPL,Jungle,LPL Spring · saison régulière,12,0.667,3.51,610.0,-0.0,54.0,610.0
1xn,ThunderTalk Gaming,LPL,ADC,LPL Spring · saison régulière,37,0.405,3.64,611.0,-2.0,53.0,609.0
Meteor,LGD Gaming,LPL,Jungle,LPL Spring · saison régulière,40,0.425,3.27,606.0,-1.0,53.0,605.0
Cryin,EDward Gaming,LPL,Mid,LPL Spring · saison régulière,39,0.487,3.29,603.0,-0.0,53.0,603.0
ppgod,Oh My God,LPL,Support,LPL Spring · saison régulière,37,0.514,3.37,592.0,8.0,53.0,600.0
Angel,Oh My God,LPL,Mid,LPL Spring · saison régulière,34,0.529,6.91,593.0,6.0,53.0,599.0
Life,FunPlus Phoenix,LPL,Support,LPL Spring · saison régulière,40,0.6,3.57,587.0,11.0,53.0,598.0
Able,Team WE,LPL,ADC,LPL Spring · saison régulière,30,0.533,3.3,587.0,7.0,53.0,594.0
FoFo,Team WE,LPL,Mid,LPL Spring · saison régulière,38,0.5,3.69,592.0,2.0,53.0,594.0
Beichuan,ThunderTalk Gaming,LPL,Jungle,LPL Spring · saison régulière,37,0.405,2.74,595.0,-2.0,53.0,593.0
haichao,LGD Gaming,LPL,Mid,LPL Spring · saison régulière,40,0.425,3.91,589.0,-1.0,53.0,588.0
Ucal,ThunderTalk Gaming,LPL,Mid,LPL Spring · saison régulière,37,0.405,4.59,583.0,-2.0,53.0,581.0
HOYA,ThunderTalk Gaming,LPL,Top,LPL Spring · saison régulière,37,0.405,2.41,571.0,-2.0,53.0,569.0
Burdol,LGD Gaming,LPL,Top,LPL Spring · saison régulière,40,0.425,2.26,569.0,-1.0,53.0,568.0
Wayward,Team WE,LPL,Top,LPL Spring · saison régulière,38,0.5,2.82,555.0,2.0,53.0,557.0
xiaofang,Oh My God,LPL,Jungle,LPL Spring · saison régulière,37,0.514,4.15,548.0,8.0,53.0,556.0
Kepler,LGD Gaming,LPL,ADC,LPL Spring · saison régulière,13,0.538,2.67,549.0,2.0,54.0,551.0
Wink,EDward Gaming,LPL,Support,LPL Spring · saison régulière,39,0.487,3.38,548.0,-0.0,53.0,548.0
Ahn,Invictus Gaming,LPL,ADC,LPL Spring · saison régulière,36,0.472,3.29,547.0,0.0,53.0,547.0
Iwandy,Royal Never Give Up,LPL,Support,LPL Spring · saison régulière,38,0.5,2.42,535.0,2.0,53.0,537.0
Xiaoxu,Rare Atom,LPL,Top,LPL Spring · saison régulière,38,0.263,2.45,540.0,-8.0,53.0,532.0
VicLa,Rare Atom,LPL,Mid,LPL Spring · saison régulière,38,0.263,3.45,538.0,-8.0,53.0,530.0
Jinjiao,LGD Gaming,LPL,Support,LPL Spring · saison régulière,40,0.425,2.5,521.0,-1.0,53.0,520.0
Assum,Rare Atom,LPL,ADC,LPL Spring · saison régulière,38,0.263,2.69,527.0,-8.0,53.0,519.0
Starry,Oh My God,LPL,ADC,LPL Spring · saison régulière,7,0.429,3.63,495.0,0.0,54.0,495.0
Doggo,Ultra Prime,LPL,ADC,LPL Spring · saison régulière,39,0.256,2.74,496.0,-3.0,53.0,493.0
Solokill,EDward Gaming,LPL,Top,LPL Spring · saison régulière,8,0.0,1.65,496.0,-4.0,54.0,492.0
H4cker,Ultra Prime,LPL,Jungle,LPL Spring · saison régulière,39,0.256,2.21,485.0,-3.0,53.0,482.0
naiyou,Rare Atom,LPL,Jungle,LPL Spring · saison régulière,38,0.263,2.6,490.0,-8.0,53.0,482.0
Lwx,Royal Never Give Up,LPL,ADC,LPL Spring · saison régulière,34,0.353,2.86,483.0,-3.0,53.0,480.0
Prince,Team WE,LPL,ADC,LPL Spring · saison régulière,22,0.454,3.67,480.0,-4.0,54.0,476.0
Yuekai,Ultra Prime,LPL,Mid,LPL Spring · saison régulière,39,0.256,3.47,468.0,-3.0,53.0,465.0
Jwei,Rare Atom,LPL,Support,LPL Spring · saison régulière,39,0.256,2.33,460.0,-3.0,53.0,457.0
Zdz,FunPlus Phoenix,LPL,Top,LPL Spring · saison régulière,37,0.54,2.18,451.0,-4.0,53.0,447.0
Fisher,Nongshim RedForce,LCK,Mid,LPL Spring · saison régulière,33,0.273,2.58,431.0,-3.0,53.0,428.0
Ming,Royal Never Give Up,LPL,Support,LPL Spring · saison régulière,36,0.333,2.43,426.0,-4.0,53.0,422.0
Decade,Ultra Prime,LPL,Top,LPL Spring · saison régulière,39,0.256,1.51,407.0,-3.0,53.0,404.0
Monki,EDward Gaming,LPL,Jungle,LPL Spring · saison régulière,22,0.409,2.28,402.0,1.0,54.0,403.0
Jiejie,EDward Gaming,LPL,Jungle,LPL Spring · saison régulière,16,0.125,2.62,407.0,-8.0,54.0,399.0
QiuQiu,ThunderTalk Gaming,LPL,Support,LPL Spring · saison régulière,37,0.405,2.78,400.0,-2.0,53.0,398.0
Thesnake,EDward Gaming,LPL,ADC,LPL Spring · saison régulière,31,0.323,3.01,399.0,-3.0,53.0,396.0
Vampire,Invictus Gaming,LPL,Support,LPL Spring · saison régulière,37,0.297,1.94,401.0,-5.0,53.0,396.0
Mark,Team WE,LPL,Support,LPL Spring · saison régulière,16,0.438,5.0,380.0,2.0,54.0,382.0
Zorah,Rare Atom,LPL,Support,LPL Spring · saison régulière,33,0.273,2.18,385.0,-5.0,53.0,380.0
Hery,Oh My God,LPL,Top,LPL Spring · saison régulière,41,0.439,2.85,374.0,-10.0,53.0,364.0
Youdang,Weibo Gaming Youth Team,LDL,Jungle,LPL Spring · saison régulière,2,0.0,1.86,333.0,-3.0,54.0,330.0
Tangyuan,Royal Never Give Up,LPL,Mid,LPL Spring · saison régulière,36,0.333,4.18,323.0,-4.0,53.0,319.0
Linfeng,Oh My God Academy,LDL,Mid,LPL Spring · saison régulière,3,0.333,2.0,196.0,2.0,54.0,198.0
Knight,Bilibili Gaming,LPL,Mid,LPL Summer Placements · saison régulière,14,0.786,4.47,984.0,-6.0,54.0,978.0
Elk,Bilibili Gaming,LPL,ADC,LPL Summer Placements · saison régulière,14,0.786,7.36,971.0,-6.0,54.0,965.0
ON,Bilibili Gaming,LPL,Support,LPL Summer Placements · saison régulière,14,0.786,3.78,970.0,-6.0,54.0,964.0
Bin,Bilibili Gaming,LPL,Top,LPL Summer Placements · saison régulière,14,0.786,3.64,941.0,-6.0,54.0,935.0
Creme,Top Esports,LPL,Mid,LPL Summer Placements · saison régulière,13,0.923,5.33,898.0,8.0,54.0,906.0
Meiko,Top Esports,LPL,Support,LPL Summer Placements · saison régulière,13,0.923,4.83,887.0,8.0,54.0,895.0
Tian,Top Esports,LPL,Jungle,LPL Summer Placements · saison régulière,13,0.923,7.9,885.0,8.0,54.0,893.0
369,Top Esports,LPL,Top,LPL Summer Placements · saison régulière,13,0.923,5.73,881.0,8.0,54.0,889.0
JackeyLove,Top Esports,LPL,ADC,LPL Summer Placements · saison régulière,13,0.923,9.88,869.0,8.0,54.0,877.0
Hang,LNG Esports,LPL,Support,LPL Summer Placements · saison régulière,15,0.533,2.71,876.0,-3.0,54.0,873.0
Ruler,JD Gaming,LPL,ADC,LPL Summer Placements · saison régulière,13,0.923,13.07,836.0,11.0,54.0,847.0
Ale,Anyone's Legend,LPL,Top,LPL Summer Placements · saison régulière,18,0.778,3.14,821.0,10.0,54.0,831.0
Yagao,JD Gaming,LPL,Mid,LPL Summer Placements · saison régulière,13,0.923,5.38,814.0,11.0,54.0,825.0
MISSING,JD Gaming,LPL,Support,LPL Summer Placements · saison régulière,13,0.923,4.74,792.0,11.0,54.0,803.0
sheer,JD Gaming,LPL,Top,LPL Summer Placements · saison régulière,7,0.857,6.77,798.0,4.0,54.0,802.0
Crisp,Weibo Gaming,LPL,Support,LPL Summer Placements · saison régulière,17,0.471,2.56,812.0,-13.0,54.0,799.0
Kanavi,JD Gaming,LPL,Jungle,LPL Summer Placements · saison régulière,13,0.923,6.54,780.0,11.0,54.0,791.0
Xun,Bilibili Gaming,LPL,Jungle,LPL Summer Placements · saison régulière,14,0.786,4.55,778.0,-6.0,54.0,772.0
Feather,ThunderTalk Gaming,LPL,Support,LPL Summer Placements · saison régulière,9,0.333,1.6,765.0,-5.0,54.0,760.0
Tarzan,Weibo Gaming,LPL,Jungle,LPL Summer Placements · saison régulière,19,0.421,4.18,769.0,-16.0,54.0,753.0
YSKM,Invictus Gaming,LPL,Top,LPL Summer Placements · saison régulière,4,0.5,2.89,736.0,1.0,54.0,737.0
Wei,Bilibili Gaming,LPL,Jungle,LPL Summer Placements · saison régulière,14,0.214,2.92,735.0,-0.0,54.0,735.0
Zika,LNG Esports,LPL,Top,LPL Summer Placements · saison régulière,15,0.533,2.78,737.0,-3.0,54.0,734.0
Flandre,JD Gaming,LPL,Top,LPL Summer Placements · saison régulière,6,1.0,4.69,726.0,6.0,54.0,732.0
Hope,Anyone's Legend,LPL,ADC,LPL Summer Placements · saison régulière,18,0.778,5.65,719.0,10.0,54.0,729.0
Croco,Anyone's Legend,LPL,Jungle,LPL Summer Placements · saison régulière,18,0.778,4.8,706.0,10.0,54.0,716.0
Weiwei,LNG Esports,LPL,Jungle,LPL Summer Placements · saison régulière,15,0.533,3.49,718.0,-3.0,54.0,715.0
GALA,LNG Esports,LPL,ADC,LPL Summer Placements · saison régulière,15,0.533,6.43,718.0,-3.0,54.0,715.0
Kael,Anyone's Legend,LPL,Support,LPL Summer Placements · saison régulière,18,0.778,3.68,705.0,10.0,54.0,715.0
Zhuo,Ninjas in Pyjamas,LPL,Support,LPL Summer Placements · saison régulière,19,0.632,3.33,710.0,5.0,54.0,715.0
Shanks,Anyone's Legend,LPL,Mid,LPL Summer Placements · saison régulière,18,0.778,5.36,700.0,10.0,54.0,710.0
Heng,Team WE,LPL,Jungle,LPL Summer Placements · saison régulière,14,0.429,3.26,691.0,1.0,54.0,692.0
Cube,Oh My God,LPL,Top,LPL Summer Placements · saison régulière,5,0.2,2.07,695.0,-4.0,54.0,691.0
Scout,LNG Esports,LPL,Mid,LPL Summer Placements · saison régulière,15,0.533,3.43,690.0,-3.0,54.0,687.0
Light,Weibo Gaming,LPL,ADC,LPL Summer Placements · saison régulière,19,0.421,5.0,700.0,-16.0,54.0,684.0
Xiaohu,Weibo Gaming,LPL,Mid,LPL Summer Placements · saison régulière,19,0.421,3.28,692.0,-16.0,54.0,676.0
shanji,Ninjas in Pyjamas,LPL,Top,LPL Summer Placements · saison régulière,19,0.632,3.96,670.0,5.0,54.0,675.0
Photic,Ninjas in Pyjamas,LPL,ADC,LPL Summer Placements · saison régulière,19,0.632,4.26,662.0,5.0,54.0,667.0
Xiaolaohu,FunPlus Phoenix,LPL,Top,LPL Summer Placements · saison régulière,13,0.462,2.98,668.0,-3.0,54.0,665.0
Care,FunPlus Phoenix,LPL,Mid,LPL Summer Placements · saison régulière,14,0.429,3.92,667.0,-5.0,54.0,662.0
Xiaohao,Rare Atom,LPL,Jungle,LPL Summer Placements · saison régulière,14,0.429,4.23,653.0,3.0,54.0,656.0
Breathe,Weibo Gaming,LPL,Top,LPL Summer Placements · saison régulière,19,0.421,1.86,671.0,-16.0,54.0,655.0
milkyway,FunPlus Phoenix,LPL,Jungle,LPL Summer Placements · saison régulière,14,0.429,3.41,658.0,-5.0,54.0,653.0
Rookie,Ninjas in Pyjamas,LPL,Mid,LPL Summer Placements · saison régulière,19,0.632,4.5,647.0,5.0,54.0,652.0
Leave,EDward Gaming,LPL,ADC,LPL Summer Placements · saison régulière,13,0.385,3.66,635.0,4.0,54.0,639.0
Aki,Ninjas in Pyjamas,LPL,Jungle,LPL Summer Placements · saison régulière,19,0.632,4.44,628.0,5.0,54.0,633.0
Shaoye,LGD Gaming,LPL,ADC,LPL Summer Placements · saison régulière,12,0.667,5.31,617.0,8.0,54.0,625.0
LP,Team WE,LPL,ADC,LPL Summer Placements · saison régulière,11,0.454,2.7,620.0,4.0,54.0,624.0
Niket,Ultra Prime,LPL,Support,LPL Summer Placements · saison régulière,19,0.368,3.04,610.0,2.0,54.0,612.0
deokdam,FunPlus Phoenix,LPL,ADC,LPL Summer Placements · saison régulière,14,0.429,4.18,616.0,-5.0,54.0,611.0
Meteor,LGD Gaming,LPL,Jungle,LPL Summer Placements · saison régulière,14,0.571,4.52,606.0,5.0,54.0,611.0
Cryin,EDward Gaming,LPL,Mid,LPL Summer Placements · saison régulière,13,0.385,3.24,603.0,4.0,54.0,607.0
1xn,ThunderTalk Gaming,LPL,ADC,LPL Summer Placements · saison régulière,14,0.286,2.82,611.0,-9.0,54.0,602.0
haichao,LGD Gaming,LPL,Mid,LPL Summer Placements · saison régulière,14,0.571,7.17,589.0,5.0,54.0,594.0
FoFo,Team WE,LPL,Mid,LPL Summer Placements · saison régulière,14,0.429,4.91,592.0,1.0,54.0,593.0
Beichuan,ThunderTalk Gaming,LPL,Jungle,LPL Summer Placements · saison régulière,14,0.286,2.86,595.0,-9.0,54.0,586.0
Able,Team WE,LPL,ADC,LPL Summer Placements · saison régulière,3,0.333,7.67,587.0,-2.0,54.0,585.0
ppgod,Oh My God,LPL,Support,LPL Summer Placements · saison régulière,14,0.143,2.08,592.0,-7.0,54.0,585.0
Angel,Oh My God,LPL,Mid,LPL Summer Placements · saison régulière,11,0.091,2.15,593.0,-9.0,54.0,584.0
Life,FunPlus Phoenix,LPL,Support,LPL Summer Placements · saison régulière,14,0.429,2.45,587.0,-5.0,54.0,582.0
Burdol,LGD Gaming,LPL,Top,LPL Summer Placements · saison régulière,14,0.571,2.2,569.0,5.0,54.0,574.0
Ucal,ThunderTalk Gaming,LPL,Mid,LPL Summer Placements · saison régulière,14,0.286,3.55,583.0,-9.0,54.0,574.0
HOYA,ThunderTalk Gaming,LPL,Top,LPL Summer Placements · saison régulière,14,0.286,1.66,571.0,-9.0,54.0,562.0
Wayward,Team WE,LPL,Top,LPL Summer Placements · saison régulière,14,0.429,1.98,555.0,1.0,54.0,556.0
Wink,EDward Gaming,LPL,Support,LPL Summer Placements · saison régulière,13,0.385,2.49,548.0,4.0,54.0,552.0
Ahn,Invictus Gaming,LPL,ADC,LPL Summer Placements · saison régulière,19,0.316,3.02,547.0,-1.0,54.0,546.0
Kepler,LGD Gaming,LPL,ADC,LPL Summer Placements · saison régulière,2,0.0,2.0,549.0,-4.0,54.0,545.0
GLFS,Invictus Gaming,LPL,Jungle,LPL Summer Placements · saison régulière,19,0.316,2.38,544.0,-1.0,54.0,543.0
Xiaoxu,Rare Atom,LPL,Top,LPL Summer Placements · saison régulière,14,0.429,2.13,540.0,3.0,54.0,543.0
xiaofang,Oh My God,LPL,Jungle,LPL Summer Placements · saison régulière,14,0.143,2.07,548.0,-7.0,54.0,541.0
VicLa,Rare Atom,LPL,Mid,LPL Summer Placements · saison régulière,14,0.429,3.71,538.0,3.0,54.0,541.0
Assum,Rare Atom,LPL,ADC,LPL Summer Placements · saison régulière,14,0.429,5.81,527.0,3.0,54.0,530.0
Jinjiao,LGD Gaming,LPL,Support,LPL Summer Placements · saison régulière,14,0.571,2.08,521.0,5.0,54.0,526.0
Solokill,EDward Gaming,LPL,Top,LPL Summer Placements · saison régulière,13,0.385,3.16,496.0,4.0,54.0,500.0
Doggo,Ultra Prime,LPL,ADC,LPL Summer Placements · saison régulière,19,0.368,4.25,496.0,2.0,54.0,498.0
Starry,Oh My God,LPL,ADC,LPL Summer Placements · saison régulière,14,0.143,2.26,495.0,-7.0,54.0,488.0
H4cker,Ultra Prime,LPL,Jungle,LPL Summer Placements · saison régulière,19,0.368,3.43,485.0,2.0,54.0,487.0
Yuekai,Ultra Prime,LPL,Mid,LPL Summer Placements · saison régulière,19,0.368,3.71,468.0,2.0,54.0,470.0
Jwei,Rare Atom,LPL,Support,LPL Summer Placements · saison régulière,14,0.429,2.47,460.0,3.0,54.0,463.0
Qingtian,Ultra Prime,LPL,Top,LPL Summer Placements · saison régulière,19,0.368,2.09,451.0,2.0,54.0,453.0
Zdz,FunPlus Phoenix,LPL,Top,LPL Summer Placements · saison régulière,8,0.125,1.0,451.0,-4.0,54.0,447.0
Ming,Royal Never Give Up,LPL,Support,LPL Summer Placements · saison régulière,14,0.214,2.0,426.0,-0.0,54.0,426.0
huanfeng,Royal Never Give Up,LPL,ADC,LPL Summer Placements · saison régulière,14,0.214,3.96,418.0,-0.0,54.0,418.0
Jiejie,EDward Gaming,LPL,Jungle,LPL Summer Placements · saison régulière,13,0.385,3.44,407.0,4.0,54.0,411.0
Vampire,Invictus Gaming,LPL,Support,LPL Summer Placements · saison régulière,19,0.316,2.0,401.0,-1.0,54.0,400.0
QiuQiu,ThunderTalk Gaming,LPL,Support,LPL Summer Placements · saison régulière,5,0.2,1.22,400.0,-4.0,54.0,396.0
Mark,Team WE,LPL,Support,LPL Summer Placements · saison régulière,14,0.429,3.7,380.0,1.0,54.0,381.0
neny,Invictus Gaming,LPL,Mid,LPL Summer Placements · saison régulière,19,0.316,2.91,374.0,-1.0,54.0,373.0
Hery,Oh My God,LPL,Top,LPL Summer Placements · saison régulière,9,0.111,1.84,374.0,-4.0,54.0,370.0
ZUIAN,Invictus Gaming,LPL,Top,LPL Summer Placements · saison régulière,15,0.267,1.33,355.0,-2.0,54.0,353.0
Juice,Royal Never Give Up,LPL,Top,LPL Summer Placements · saison régulière,6,0.333,1.8,324.0,3.0,54.0,327.0
Tangyuan,Royal Never Give Up,LPL,Mid,LPL Summer Placements · saison régulière,12,0.25,3.36,323.0,0.0,54.0,323.0
Xzz,Royal Club,LDL,Mid,LPL Summer Placements · saison régulière,2,0.0,2.6,291.0,-0.0,54.0,291.0
XBear,Weibo Gaming Youth Team,LDL,Support,LPL Summer Placements · saison régulière,2,0.0,1.44,269.0,-3.0,54.0,266.0
TheNiu,FunPlus Phoenix Blaze,LDL,Top,LPL Summer Placements · saison régulière,1,0.0,0.25,200.0,-2.0,54.0,198.0
Linfeng,Oh My God Academy,LDL,Mid,LPL Summer Placements · saison régulière,3,0.333,2.82,196.0,2.0,54.0,198.0
Knight,Bilibili Gaming,LPL,Mid,LPL Summer · playoffs,10,0.9,7.18,984.0,8.0,54.0,992.0
Elk,Bilibili Gaming,LPL,ADC,LPL Summer · playoffs,10,0.9,10.23,971.0,8.0,54.0,979.0
ON,Bilibili Gaming,LPL,Support,LPL Summer · playoffs,10,0.9,4.05,970.0,8.0,54.0,978.0
Bin,Bilibili Gaming,LPL,Top,LPL Summer · playoffs,10,0.9,4.5,941.0,8.0,54.0,949.0
Creme,Top Esports,LPL,Mid,LPL Summer · playoffs,16,0.562,3.69,898.0,-3.0,54.0,895.0
Meiko,Top Esports,LPL,Support,LPL Summer · playoffs,16,0.562,2.74,887.0,-3.0,54.0,884.0
Tian,Top Esports,LPL,Jungle,LPL Summer · playoffs,16,0.562,4.08,885.0,-3.0,54.0,882.0
369,Top Esports,LPL,Top,LPL Summer · playoffs,16,0.562,2.23,881.0,-3.0,54.0,878.0
Hang,LNG Esports,LPL,Support,LPL Summer · playoffs,8,0.25,1.74,876.0,-6.0,54.0,870.0
JackeyLove,Top Esports,LPL,ADC,LPL Summer · playoffs,16,0.562,3.89,869.0,-3.0,54.0,866.0
Ruler,JD Gaming,LPL,ADC,LPL Summer · playoffs,5,0.4,3.0,836.0,-4.0,54.0,832.0
Ale,Anyone's Legend,LPL,Top,LPL Summer · playoffs,8,0.5,2.27,821.0,3.0,54.0,824.0
Crisp,Weibo Gaming,LPL,Support,LPL Summer · playoffs,20,0.45,2.51,812.0,4.0,54.0,816.0
Yagao,JD Gaming,LPL,Mid,LPL Summer · playoffs,5,0.4,2.67,814.0,-4.0,54.0,810.0
MISSING,JD Gaming,LPL,Support,LPL Summer · playoffs,5,0.4,1.52,792.0,-4.0,54.0,788.0
Kanavi,JD Gaming,LPL,Jungle,LPL Summer · playoffs,5,0.4,2.87,780.0,-4.0,54.0,776.0
Tarzan,Weibo Gaming,LPL,Jungle,LPL Summer · playoffs,20,0.45,3.34,769.0,4.0,54.0,773.0
Feather,ThunderTalk Gaming,LPL,Support,LPL Summer · playoffs,8,0.625,4.94,765.0,5.0,54.0,770.0
Wei,Bilibili Gaming,LPL,Jungle,LPL Summer · playoffs,10,0.9,5.11,735.0,8.0,54.0,743.0
YSKM,Invictus Gaming,LPL,Top,LPL Summer · playoffs,5,0.4,1.93,736.0,-2.0,54.0,734.0
Zika,LNG Esports,LPL,Top,LPL Summer · playoffs,8,0.25,2.14,737.0,-6.0,54.0,731.0
Hope,Anyone's Legend,LPL,ADC,LPL Summer · playoffs,8,0.5,6.36,719.0,3.0,54.0,722.0
Flandre,JD Gaming,LPL,Top,LPL Summer · playoffs,5,0.4,2.77,726.0,-4.0,54.0,722.0
Zhuo,Ninjas in Pyjamas,LPL,Support,LPL Summer · playoffs,16,0.625,3.26,710.0,7.0,54.0,717.0
Leyan,Ninjas in Pyjamas,LPL,Jungle,LPL Summer · playoffs,16,0.625,3.54,709.0,7.0,54.0,716.0
Weiwei,LNG Esports,LPL,Jungle,LPL Summer · playoffs,8,0.25,3.88,718.0,-6.0,54.0,712.0
GALA,LNG Esports,LPL,ADC,LPL Summer · playoffs,8,0.25,4.82,718.0,-6.0,54.0,712.0
Croco,Anyone's Legend,LPL,Jungle,LPL Summer · playoffs,8,0.5,3.26,706.0,3.0,54.0,709.0
Kael,Anyone's Legend,LPL,Support,LPL Summer · playoffs,8,0.5,2.53,705.0,3.0,54.0,708.0
Light,Weibo Gaming,LPL,ADC,LPL Summer · playoffs,20,0.45,4.76,700.0,4.0,54.0,704.0
Shanks,Anyone's Legend,LPL,Mid,LPL Summer · playoffs,8,0.5,4.58,700.0,3.0,54.0,703.0
Xiaohu,Weibo Gaming,LPL,Mid,LPL Summer · playoffs,20,0.45,2.5,692.0,4.0,54.0,696.0
Scout,LNG Esports,LPL,Mid,LPL Summer · playoffs,8,0.25,3.62,690.0,-6.0,54.0,684.0
shanji,Ninjas in Pyjamas,LPL,Top,LPL Summer · playoffs,16,0.625,4.06,670.0,7.0,54.0,677.0
Breathe,Weibo Gaming,LPL,Top,LPL Summer · playoffs,20,0.45,1.76,671.0,4.0,54.0,675.0
Photic,Ninjas in Pyjamas,LPL,ADC,LPL Summer · playoffs,16,0.625,4.76,662.0,7.0,54.0,669.0
Care,FunPlus Phoenix,LPL,Mid,LPL Summer · playoffs,9,0.444,2.83,667.0,-2.0,54.0,665.0
milkyway,FunPlus Phoenix,LPL,Jungle,LPL Summer · playoffs,9,0.444,2.96,658.0,-2.0,54.0,656.0
Rookie,Ninjas in Pyjamas,LPL,Mid,LPL Summer · playoffs,16,0.625,5.42,647.0,7.0,54.0,654.0
Xiaohao,Rare Atom,LPL,Jungle,LPL Summer · playoffs,3,0.0,2.0,653.0,-5.0,54.0,648.0
Shaoye,LGD Gaming,LPL,ADC,LPL Summer · playoffs,9,0.444,3.06,617.0,-0.0,54.0,617.0
1xn,ThunderTalk Gaming,LPL,ADC,LPL Summer · playoffs,8,0.625,8.78,611.0,5.0,54.0,616.0
deokdam,FunPlus Phoenix,LPL,ADC,LPL Summer · playoffs,9,0.444,4.05,616.0,-2.0,54.0,614.0
Meteor,LGD Gaming,LPL,Jungle,LPL Summer · playoffs,9,0.444,4.12,606.0,-0.0,54.0,606.0
Tianzhen,Oh My God,LPL,Jungle,LPL Summer · playoffs,3,0.0,0.29,610.0,-6.0,54.0,604.0
Beichuan,ThunderTalk Gaming,LPL,Jungle,LPL Summer · playoffs,8,0.625,8.36,595.0,5.0,54.0,600.0
haichao,LGD Gaming,LPL,Mid,LPL Summer · playoffs,9,0.444,3.5,589.0,-0.0,54.0,589.0
Ucal,ThunderTalk Gaming,LPL,Mid,LPL Summer · playoffs,8,0.625,5.44,583.0,5.0,54.0,588.0
Angel,Oh My God,LPL,Mid,LPL Summer · playoffs,3,0.0,1.0,593.0,-6.0,54.0,587.0
ppgod,Oh My God,LPL,Support,LPL Summer · playoffs,3,0.0,0.36,592.0,-6.0,54.0,586.0
Life,FunPlus Phoenix,LPL,Support,LPL Summer · playoffs,9,0.444,2.71,587.0,-2.0,54.0,585.0
HOYA,ThunderTalk Gaming,LPL,Top,LPL Summer · playoffs,8,0.625,3.86,571.0,5.0,54.0,576.0
Burdol,LGD Gaming,LPL,Top,LPL Summer · playoffs,9,0.444,1.93,569.0,-0.0,54.0,569.0
Ahn,Invictus Gaming,LPL,ADC,LPL Summer · playoffs,5,0.4,5.43,547.0,-2.0,54.0,545.0
GLFS,Invictus Gaming,LPL,Jungle,LPL Summer · playoffs,5,0.4,3.45,544.0,-2.0,54.0,542.0
Xiaoxu,Rare Atom,LPL,Top,LPL Summer · playoffs,3,0.0,1.07,540.0,-5.0,54.0,535.0
VicLa,Rare Atom,LPL,Mid,LPL Summer · playoffs,3,0.0,2.56,538.0,-5.0,54.0,533.0
Assum,Rare Atom,LPL,ADC,LPL Summer · playoffs,3,0.0,2.2,527.0,-5.0,54.0,522.0
Jinjiao,LGD Gaming,LPL,Support,LPL Summer · playoffs,9,0.444,1.47,521.0,-0.0,54.0,521.0
Starry,Oh My God,LPL,ADC,LPL Summer · playoffs,3,0.0,0.6,495.0,-6.0,54.0,489.0
Jwei,Rare Atom,LPL,Support,LPL Summer · playoffs,3,0.0,1.29,460.0,-5.0,54.0,455.0
Zdz,FunPlus Phoenix,LPL,Top,LPL Summer · playoffs,9,0.444,1.75,451.0,-2.0,54.0,449.0
Vampire,Invictus Gaming,LPL,Support,LPL Summer · playoffs,5,0.4,3.4,401.0,-2.0,54.0,399.0
neny,Invictus Gaming,LPL,Mid,LPL Summer · playoffs,5,0.4,2.88,374.0,-2.0,54.0,372.0
Hery,Oh My God,LPL,Top,LPL Summer · playoffs,3,0.0,0.38,374.0,-6.0,54.0,368.0
Knight,Bilibili Gaming,LPL,Mid,LPL Summer · saison régulière,22,0.682,6.56,984.0,1.0,54.0,985.0
Elk,Bilibili Gaming,LPL,ADC,LPL Summer · saison régulière,22,0.682,6.07,971.0,1.0,54.0,972.0
ON,Bilibili Gaming,LPL,Support,LPL Summer · saison régulière,22,0.682,3.54,970.0,1.0,54.0,971.0
Bin,Bilibili Gaming,LPL,Top,LPL Summer · saison régulière,22,0.682,3.51,941.0,1.0,54.0,942.0
Creme,Top Esports,LPL,Mid,LPL Summer · saison régulière,17,0.765,4.58,898.0,5.0,54.0,903.0
Meiko,Top Esports,LPL,Support,LPL Summer · saison régulière,17,0.765,3.35,887.0,5.0,54.0,892.0
Tian,Top Esports,LPL,Jungle,LPL Summer · saison régulière,17,0.765,6.19,885.0,5.0,54.0,890.0
Hang,LNG Esports,LPL,Support,LPL Summer · saison régulière,21,0.667,4.18,876.0,13.0,54.0,889.0
369,Top Esports,LPL,Top,LPL Summer · saison régulière,17,0.765,2.72,881.0,5.0,54.0,886.0
JackeyLove,Top Esports,LPL,ADC,LPL Summer · saison régulière,17,0.765,4.32,869.0,5.0,54.0,874.0
Ruler,JD Gaming,LPL,ADC,LPL Summer · saison régulière,20,0.5,3.98,836.0,-8.0,54.0,828.0
Crisp,Weibo Gaming,LPL,Support,LPL Summer · saison régulière,18,0.667,3.3,812.0,12.0,54.0,824.0
Ale,Anyone's Legend,LPL,Top,LPL Summer · saison régulière,19,0.474,2.53,821.0,-1.0,54.0,820.0
Yagao,JD Gaming,LPL,Mid,LPL Summer · saison régulière,20,0.5,2.96,814.0,-8.0,54.0,806.0
sheer,JD Gaming,LPL,Top,LPL Summer · saison régulière,20,0.5,2.42,798.0,-8.0,54.0,790.0
MISSING,JD Gaming,LPL,Support,LPL Summer · saison régulière,20,0.5,2.8,792.0,-8.0,54.0,784.0
Tarzan,Weibo Gaming,LPL,Jungle,LPL Summer · saison régulière,18,0.667,4.45,769.0,12.0,54.0,781.0
Xun,Bilibili Gaming,LPL,Jungle,LPL Summer · saison régulière,9,0.556,4.5,778.0,-2.0,54.0,776.0
Kanavi,JD Gaming,LPL,Jungle,LPL Summer · saison régulière,20,0.5,4.27,780.0,-8.0,54.0,772.0
Feather,ThunderTalk Gaming,LPL,Support,LPL Summer · saison régulière,15,0.733,4.02,765.0,4.0,54.0,769.0
Zika,LNG Esports,LPL,Top,LPL Summer · saison régulière,21,0.667,3.94,737.0,13.0,54.0,750.0
YSKM,Invictus Gaming,LPL,Top,LPL Summer · saison régulière,16,0.562,2.56,736.0,1.0,54.0,737.0
Wei,Bilibili Gaming,LPL,Jungle,LPL Summer · saison régulière,13,0.769,4.9,735.0,2.0,54.0,737.0
Weiwei,LNG Esports,LPL,Jungle,LPL Summer · saison régulière,21,0.667,5.16,718.0,13.0,54.0,731.0
GALA,LNG Esports,LPL,ADC,LPL Summer · saison régulière,21,0.667,6.84,718.0,13.0,54.0,731.0
Hope,Anyone's Legend,LPL,ADC,LPL Summer · saison régulière,19,0.474,3.15,719.0,-1.0,54.0,718.0
Light,Weibo Gaming,LPL,ADC,LPL Summer · saison régulière,18,0.667,7.8,700.0,12.0,54.0,712.0
Croco,Anyone's Legend,LPL,Jungle,LPL Summer · saison régulière,19,0.474,3.12,706.0,-1.0,54.0,705.0
Leyan,Ninjas in Pyjamas,LPL,Jungle,LPL Summer · saison régulière,3,0.333,2.2,709.0,-4.0,54.0,705.0
Xiaohu,Weibo Gaming,LPL,Mid,LPL Summer · saison régulière,18,0.667,4.36,692.0,12.0,54.0,704.0
Kael,Anyone's Legend,LPL,Support,LPL Summer · saison régulière,19,0.474,2.73,705.0,-1.0,54.0,704.0
Scout,LNG Esports,LPL,Mid,LPL Summer · saison régulière,21,0.667,4.2,690.0,13.0,54.0,703.0
Shanks,Anyone's Legend,LPL,Mid,LPL Summer · saison régulière,19,0.474,2.96,700.0,-1.0,54.0,699.0
Zhuo,Ninjas in Pyjamas,LPL,Support,LPL Summer · saison régulière,19,0.158,2.05,710.0,-18.0,54.0,692.0
Breathe,Weibo Gaming,LPL,Top,LPL Summer · saison régulière,18,0.667,2.84,671.0,12.0,54.0,683.0
Care,FunPlus Phoenix,LPL,Mid,LPL Summer · saison régulière,19,0.368,2.7,667.0,0.0,54.0,667.0
Xiaolaohu,FunPlus Phoenix,LPL,Top,LPL Summer · saison régulière,2,0.0,1.0,668.0,-2.0,54.0,666.0
milkyway,FunPlus Phoenix,LPL,Jungle,LPL Summer · saison régulière,19,0.368,2.99,658.0,0.0,54.0,658.0
Xiaohao,Rare Atom,LPL,Jungle,LPL Summer · saison régulière,16,0.625,5.65,653.0,3.0,54.0,656.0
shanji,Ninjas in Pyjamas,LPL,Top,LPL Summer · saison régulière,19,0.158,1.5,670.0,-18.0,54.0,652.0
Photic,Ninjas in Pyjamas,LPL,ADC,LPL Summer · saison régulière,19,0.158,2.96,662.0,-18.0,54.0,644.0
Leave,EDward Gaming,LPL,ADC,LPL Summer · saison régulière,18,0.444,3.63,635.0,-3.0,54.0,632.0
Rookie,Ninjas in Pyjamas,LPL,Mid,LPL Summer · saison régulière,19,0.158,2.3,647.0,-18.0,54.0,629.0
Tianzhen,Oh My God,LPL,Jungle,LPL Summer · saison régulière,17,0.706,2.88,610.0,8.0,54.0,618.0
deokdam,FunPlus Phoenix,LPL,ADC,LPL Summer · saison régulière,19,0.368,3.07,616.0,0.0,54.0,616.0
1xn,ThunderTalk Gaming,LPL,ADC,LPL Summer · saison régulière,15,0.733,6.0,611.0,4.0,54.0,615.0
Aki,Ninjas in Pyjamas,LPL,Jungle,LPL Summer · saison régulière,16,0.125,2.18,628.0,-14.0,54.0,614.0
Shaoye,LGD Gaming,LPL,ADC,LPL Summer · saison régulière,14,0.214,2.24,617.0,-3.0,54.0,614.0
Niket,Ultra Prime,LPL,Support,LPL Summer · saison régulière,16,0.375,2.73,610.0,-2.0,54.0,608.0
Meteor,LGD Gaming,LPL,Jungle,LPL Summer · saison régulière,19,0.21,3.53,606.0,-4.0,54.0,602.0
Angel,Oh My God,LPL,Mid,LPL Summer · saison régulière,17,0.706,7.44,593.0,8.0,54.0,601.0
ppgod,Oh My God,LPL,Support,LPL Summer · saison régulière,17,0.706,3.42,592.0,8.0,54.0,600.0
Cryin,EDward Gaming,LPL,Mid,LPL Summer · saison régulière,18,0.444,3.27,603.0,-3.0,54.0,600.0
Beichuan,ThunderTalk Gaming,LPL,Jungle,LPL Summer · saison régulière,15,0.733,5.17,595.0,4.0,54.0,599.0
FoFo,Team WE,LPL,Mid,LPL Summer · saison régulière,15,0.333,2.64,592.0,-5.0,54.0,587.0
Ucal,ThunderTalk Gaming,LPL,Mid,LPL Summer · saison régulière,15,0.733,6.14,583.0,4.0,54.0,587.0
Life,FunPlus Phoenix,LPL,Support,LPL Summer · saison régulière,19,0.368,2.12,587.0,0.0,54.0,587.0
haichao,LGD Gaming,LPL,Mid,LPL Summer · saison régulière,19,0.21,3.63,589.0,-4.0,54.0,585.0
Able,Team WE,LPL,ADC,LPL Summer · saison régulière,15,0.333,2.44,587.0,-5.0,54.0,582.0
HOYA,ThunderTalk Gaming,LPL,Top,LPL Summer · saison régulière,15,0.733,3.51,571.0,4.0,54.0,575.0
Burdol,LGD Gaming,LPL,Top,LPL Summer · saison régulière,19,0.21,1.78,569.0,-4.0,54.0,565.0
Wayward,Team WE,LPL,Top,LPL Summer · saison régulière,15,0.333,1.67,555.0,-5.0,54.0,550.0
Ahn,Invictus Gaming,LPL,ADC,LPL Summer · saison régulière,16,0.562,5.47,547.0,1.0,54.0,548.0
Kepler,LGD Gaming,LPL,ADC,LPL Summer · saison régulière,5,0.2,2.42,549.0,-1.0,54.0,548.0
Wink,EDward Gaming,LPL,Support,LPL Summer · saison régulière,18,0.444,3.02,548.0,-3.0,54.0,545.0
GLFS,Invictus Gaming,LPL,Jungle,LPL Summer · saison régulière,16,0.562,5.78,544.0,1.0,54.0,545.0
Xiaoxu,Rare Atom,LPL,Top,LPL Summer · saison régulière,16,0.625,3.11,540.0,3.0,54.0,543.0
VicLa,Rare Atom,LPL,Mid,LPL Summer · saison régulière,16,0.625,4.41,538.0,3.0,54.0,541.0
Assum,Rare Atom,LPL,ADC,LPL Summer · saison régulière,16,0.625,5.68,527.0,3.0,54.0,530.0
Iwandy,Royal Never Give Up,LPL,Support,LPL Summer · saison régulière,12,0.25,2.05,535.0,-6.0,54.0,529.0
Jinjiao,LGD Gaming,LPL,Support,LPL Summer · saison régulière,19,0.21,1.38,521.0,-4.0,54.0,517.0
Starry,Oh My God,LPL,ADC,LPL Summer · saison régulière,17,0.706,5.5,495.0,8.0,54.0,503.0
Doggo,Ultra Prime,LPL,ADC,LPL Summer · saison régulière,16,0.375,5.53,496.0,-2.0,54.0,494.0
Solokill,EDward Gaming,LPL,Top,LPL Summer · saison régulière,18,0.444,2.49,496.0,-3.0,54.0,493.0
H4cker,Ultra Prime,LPL,Jungle,LPL Summer · saison régulière,16,0.375,4.15,485.0,-2.0,54.0,483.0
Yuekai,Ultra Prime,LPL,Mid,LPL Summer · saison régulière,16,0.375,5.11,468.0,-2.0,54.0,466.0
Jwei,Rare Atom,LPL,Support,LPL Summer · saison régulière,16,0.625,2.93,460.0,3.0,54.0,463.0
Zdz,FunPlus Phoenix,LPL,Top,LPL Summer · saison régulière,17,0.412,2.48,451.0,3.0,54.0,454.0
Qingtian,Ultra Prime,LPL,Top,LPL Summer · saison régulière,16,0.375,2.56,451.0,-2.0,54.0,449.0
Geju,Royal Never Give Up,LPL,Jungle,LPL Summer · saison régulière,12,0.167,2.18,433.0,-6.0,54.0,427.0
huanfeng,Royal Never Give Up,LPL,ADC,LPL Summer · saison régulière,17,0.235,4.73,418.0,-7.0,54.0,411.0
Jiejie,EDward Gaming,LPL,Jungle,LPL Summer · saison régulière,18,0.444,3.33,407.0,-3.0,54.0,404.0
Vampire,Invictus Gaming,LPL,Support,LPL Summer · saison régulière,16,0.562,3.75,401.0,1.0,54.0,402.0
Hery,Oh My God,LPL,Top,LPL Summer · saison régulière,17,0.706,3.78,374.0,8.0,54.0,382.0
neny,Invictus Gaming,LPL,Mid,LPL Summer · saison régulière,16,0.562,3.3,374.0,1.0,54.0,375.0
Mark,Team WE,LPL,Support,LPL Summer · saison régulière,15,0.333,1.6,380.0,-5.0,54.0,375.0
Juice,Royal Never Give Up,LPL,Top,LPL Summer · saison régulière,17,0.235,1.68,324.0,-7.0,54.0,317.0
Tangyuan,Royal Never Give Up,LPL,Mid,LPL Summer · saison régulière,17,0.235,2.05,323.0,-7.0,54.0,316.0
Xzz,Royal Club,LDL,Mid,LPL Summer · saison régulière,8,0.375,2.21,291.0,1.0,54.0,292.0
XBY,Royal Club,LDL,Jungle,LPL Summer · saison régulière,2,0.0,0.5,186.0,-3.0,54.0,183.0
Yanxiang,Team WE,LPL,Jungle,LPL Summer · saison régulière,15,0.333,2.77,106.0,-5.0,54.0,101.0
Own3r,EGN Esports,LPLOL,Jungle,LPLOL Spring · playoffs,7,0.857,5.55,-59.0,2.0,54.0,-57.0
NOMA,EGN Esports,LPLOL,Mid,LPLOL Spring · playoffs,7,0.857,4.87,-131.0,2.0,54.0,-129.0
D4SH,Crvena zvezda Esports,EBL,Jungle,LPLOL Spring · playoffs,8,0.625,4.5,-149.0,-1.0,54.0,-150.0
Yakkey,aNc Outplayed,LIT,ADC,LPLOL Spring · playoffs,12,0.333,4.28,-182.0,1.0,54.0,-181.0
Vortum,EGN Esports,LPLOL,Top,LPLOL Spring · playoffs,7,0.857,5.47,-215.0,2.0,54.0,-213.0
Ze Luis,GTZ Esports,LPLOL,Support,LPLOL Spring · playoffs,8,0.625,5.33,-250.0,-1.0,54.0,-251.0
costy,EGN Esports,LPLOL,ADC,LPLOL Spring · playoffs,7,0.857,7.6,-270.0,2.0,54.0,-268.0
bicas,GTZ Esports,LPLOL,Jungle,LPLOL Spring · playoffs,12,0.333,2.24,-295.0,1.0,54.0,-294.0
Redfernal,White Dragons,LPLOL,Support,LPLOL Spring · playoffs,7,0.857,3.5,-307.0,2.0,54.0,-305.0
Yeti,Anonymo Esports,UL,Top,LPLOL Spring · playoffs,12,0.333,2.31,-354.0,1.0,54.0,-353.0
Henra,White Dragons,LPLOL,Mid,LPLOL Spring · playoffs,8,0.625,6.36,-364.0,-1.0,54.0,-365.0
Secrett,WLGaming Esports,GLL,Mid,LPLOL Spring · playoffs,12,0.333,2.26,-386.0,1.0,54.0,-385.0
Caucha,White Dragons,LPLOL,Top,LPLOL Spring · playoffs,8,0.625,3.84,-387.0,-1.0,54.0,-388.0
Worst,White Dragons,LPLOL,ADC,LPLOL Spring · playoffs,8,0.625,4.94,-395.0,-1.0,54.0,-396.0
Tochas,Cyber Wolves,EBL,Support,LPLOL Spring · playoffs,12,0.333,2.44,-481.0,1.0,54.0,-480.0
Qu4rtzo,ZeroZone Gaming,LPLOL,ADC,LPLOL Spring · playoffs,3,0.0,1.27,-527.0,-2.0,54.0,-529.0
Alba,Hurricane of Feathers,LPLOL,Jungle,LPLOL Spring · playoffs,3,0.0,1.07,-548.0,-2.0,54.0,-550.0
RapMonsters,Keypulse Esports,LPLOL,Mid,LPLOL Spring · playoffs,3,0.0,1.25,-569.0,-2.0,54.0,-571.0
Exiled,Hurricane of Feathers,LPLOL,Support,LPLOL Spring · playoffs,3,0.0,0.85,-574.0,-2.0,54.0,-576.0
Shourdy,Hurricane of Feathers,LPLOL,Top,LPLOL Spring · playoffs,3,0.0,0.53,-587.0,-2.0,54.0,-589.0
Own3r,EGN Esports,LPLOL,Jungle,LPLOL Spring · saison régulière,14,1.0,9.55,-59.0,7.0,54.0,-52.0
NOMA,EGN Esports,LPLOL,Mid,LPLOL Spring · saison régulière,14,1.0,9.58,-131.0,7.0,54.0,-124.0
D4SH,Crvena zvezda Esports,EBL,Jungle,LPLOL Spring · saison régulière,14,0.786,8.75,-149.0,3.0,54.0,-146.0
Yakkey,aNc Outplayed,LIT,ADC,LPLOL Spring · saison régulière,3,1.0,21.0,-182.0,4.0,54.0,-178.0
Vortum,EGN Esports,LPLOL,Top,LPLOL Spring · saison régulière,11,1.0,5.75,-215.0,6.0,54.0,-209.0
Ze Luis,GTZ Esports,LPLOL,Support,LPLOL Spring · saison régulière,14,0.786,5.35,-250.0,3.0,54.0,-247.0
Wuis,FoxFire,TSC,Support,LPLOL Spring · saison régulière,10,0.7,3.11,-255.0,-1.0,54.0,-256.0
costy,EGN Esports,LPLOL,ADC,LPLOL Spring · saison régulière,13,1.0,5.09,-270.0,7.0,54.0,-263.0
bicas,GTZ Esports,LPLOL,Jungle,LPLOL Spring · saison régulière,13,0.769,4.85,-295.0,3.0,54.0,-292.0
Redfernal,White Dragons,LPLOL,Support,LPLOL Spring · saison régulière,14,1.0,5.14,-307.0,7.0,54.0,-300.0
Yeti,Anonymo Esports,UL,Top,LPLOL Spring · saison régulière,13,0.769,5.32,-354.0,3.0,54.0,-351.0
Henra,White Dragons,LPLOL,Mid,LPLOL Spring · saison régulière,14,0.786,7.55,-364.0,3.0,54.0,-361.0
Gordinho,Venomcrest Esports,NLC Aurora Open,Support,LPLOL Spring · saison régulière,14,0.214,1.78,-367.0,-6.0,54.0,-373.0
Secrett,WLGaming Esports,GLL,Mid,LPLOL Spring · saison régulière,13,0.769,4.73,-386.0,3.0,54.0,-383.0
Caucha,White Dragons,LPLOL,Top,LPLOL Spring · saison régulière,14,0.786,4.0,-387.0,3.0,54.0,-384.0
Worst,White Dragons,LPLOL,ADC,LPLOL Spring · saison régulière,14,0.786,5.21,-395.0,3.0,54.0,-392.0
Shakur,Zerolag Esports,GLL,ADC,LPLOL Spring · saison régulière,10,0.7,3.8,-465.0,-1.0,54.0,-466.0
Tochas,Cyber Wolves,EBL,Support,LPLOL Spring · saison régulière,1,1.0,2.8,-481.0,2.0,54.0,-479.0
Qu4rtzo,ZeroZone Gaming,LPLOL,ADC,LPLOL Spring · saison régulière,14,0.571,2.95,-527.0,4.0,54.0,-523.0
Alba,Hurricane of Feathers,LPLOL,Jungle,LPLOL Spring · saison régulière,13,0.615,2.69,-548.0,4.0,54.0,-544.0
RapMonsters,Keypulse Esports,LPLOL,Mid,LPLOL Spring · saison régulière,14,0.571,5.07,-569.0,4.0,54.0,-565.0
Exiled,Hurricane of Feathers,LPLOL,Support,LPLOL Spring · saison régulière,14,0.571,2.58,-574.0,4.0,54.0,-570.0
Shourdy,Hurricane of Feathers,LPLOL,Top,LPLOL Spring · saison régulière,14,0.571,2.08,-587.0,4.0,54.0,-583.0
Vinchi,White Dragons,LPLOL,Jungle,LPLOL Spring · saison régulière,12,0.25,2.56,-623.0,-4.0,54.0,-627.0
TLamp,Odivelas Sports Club,LPLOL,ADC,LPLOL Spring · saison régulière,13,0.077,1.57,-648.0,-4.0,54.0,-652.0
towhat,White Dragons,LPLOL,Support,LPLOL Spring · saison régulière,12,0.25,2.88,-652.0,-4.0,54.0,-656.0
Blankk,Keypulse Esports,LPLOL,ADC,LPLOL Spring · saison régulière,13,0.308,3.67,-655.0,-2.0,54.0,-657.0
Alphaa,Keypulse Esports,LPLOL,Support,LPLOL Spring · saison régulière,13,0.308,2.62,-668.0,-2.0,54.0,-670.0
Blackout,Keypulse Esports,LPLOL,Mid,LPLOL Spring · saison régulière,13,0.308,3.32,-673.0,-2.0,54.0,-675.0
Darky,BWE Esports,LPLOL,Top,LPLOL Spring · saison régulière,13,0.308,1.98,-689.0,-2.0,54.0,-691.0
HUGOD,White Dragons,LPLOL,Top,LPLOL Spring · saison régulière,12,0.25,2.45,-721.0,-4.0,54.0,-725.0
Brucs,FlameHard,LPLOL,Jungle,LPLOL Spring · saison régulière,14,0.214,1.83,-721.0,-6.0,54.0,-727.0
Dolis,Maverix,HM,Mid,LPLOL Spring · saison régulière,14,0.071,2.21,-732.0,-5.0,54.0,-737.0
Katquese,White Dragons,LPLOL,Mid,LPLOL Spring · saison régulière,12,0.25,2.53,-756.0,-4.0,54.0,-760.0
KalenBoss,Keypulse Esports,LPLOL,Jungle,LPLOL Spring · saison régulière,13,0.308,2.12,-760.0,-2.0,54.0,-762.0
Xpert,Odivelas Sports Club,LPLOL,Support,LPLOL Spring · saison régulière,14,0.071,1.62,-800.0,-5.0,54.0,-805.0
MetaCaptive,Odivelas Sports Club,LPLOL,Jungle,LPLOL Spring · saison régulière,10,0.0,1.69,-800.0,-5.0,54.0,-805.0
SuperSaiyan,White Dragons,LPLOL,ADC,LPLOL Spring · saison régulière,10,0.2,2.19,-810.0,-5.0,54.0,-815.0
Mettalica,BWE Esports,LPLOL,Mid,LPLOL Spring · saison régulière,12,0.25,2.13,-824.0,-4.0,54.0,-828.0
Campello,SAMCLAN Esports Club,LPLOL,Top,LPLOL Spring · saison régulière,3,0.0,1.25,-826.0,-4.0,54.0,-830.0
Did,BWE Esports,LPLOL,ADC,LPLOL Spring · saison régulière,14,0.214,2.12,-825.0,-6.0,54.0,-831.0
v1SaG3,Odivelas Sports Club,LPLOL,Top,LPLOL Spring · saison régulière,14,0.071,1.05,-861.0,-5.0,54.0,-866.0
Own3r,EGN Esports,LPLOL,Jungle,LPLOL Summer · playoffs,8,0.625,3.21,-59.0,-1.0,54.0,-60.0
NOMA,EGN Esports,LPLOL,Mid,LPLOL Summer · playoffs,8,0.625,3.65,-131.0,-1.0,54.0,-132.0
Vortum,EGN Esports,LPLOL,Top,LPLOL Summer · playoffs,8,0.625,3.05,-215.0,-1.0,54.0,-216.0
Ze Luis,GTZ Esports,LPLOL,Support,LPLOL Summer · playoffs,13,0.462,2.14,-250.0,3.0,54.0,-247.0
Gaëthan,GTZ Esports,LPLOL,Top,LPLOL Summer · playoffs,13,0.462,3.06,-270.0,3.0,54.0,-267.0
bicas,GTZ Esports,LPLOL,Jungle,LPLOL Summer · playoffs,8,0.375,3.36,-295.0,-2.0,54.0,-297.0
Redfernal,White Dragons,LPLOL,Support,LPLOL Summer · playoffs,10,0.5,3.22,-307.0,-2.0,54.0,-309.0
Unkn0wn,GTZ Esports,LPLOL,ADC,LPLOL Summer · playoffs,13,0.462,3.26,-340.0,3.0,54.0,-337.0
Henra,White Dragons,LPLOL,Mid,LPLOL Summer · playoffs,10,0.5,4.43,-364.0,-2.0,54.0,-366.0
Caucha,White Dragons,LPLOL,Top,LPLOL Summer · playoffs,10,0.5,2.93,-387.0,-2.0,54.0,-389.0
Worst,White Dragons,LPLOL,ADC,LPLOL Summer · playoffs,10,0.5,4.25,-395.0,-2.0,54.0,-397.0
Soldier,EGN Esports,LPLOL,ADC,LPLOL Summer · playoffs,8,0.625,7.0,-407.0,-1.0,54.0,-408.0
FSZ,GTZ Esports,LPLOL,Mid,LPLOL Summer · playoffs,12,0.5,3.65,-414.0,5.0,54.0,-409.0
Joao,EGN Esports,LPLOL,Support,LPLOL Summer · playoffs,8,0.625,4.26,-429.0,-1.0,54.0,-430.0
yanjee,Hurricane of Feathers,LPLOL,Jungle,LPLOL Summer · playoffs,5,0.4,2.42,-451.0,0.0,54.0,-451.0
Kamyta,Hurricane of Feathers,LPLOL,Support,LPLOL Summer · playoffs,5,0.4,1.78,-492.0,0.0,54.0,-492.0
DuarteV,Hurricane of Feathers,LPLOL,ADC,LPLOL Summer · playoffs,3,0.667,3.11,-508.0,3.0,54.0,-505.0
RealR,GTZ Esports,LPLOL,Jungle,LPLOL Summer · playoffs,6,0.5,2.3,-568.0,2.0,54.0,-566.0
Galaxy,Hurricane of Feathers,LPLOL,Mid,LPLOL Summer · playoffs,5,0.4,1.55,-576.0,0.0,54.0,-576.0
Shourdy,Hurricane of Feathers,LPLOL,Top,LPLOL Summer · playoffs,5,0.4,1.44,-587.0,0.0,54.0,-587.0
Vinchi,White Dragons,LPLOL,Jungle,LPLOL Summer · playoffs,10,0.5,5.47,-623.0,-2.0,54.0,-625.0
Own3r,EGN Esports,LPLOL,Jungle,LPLOL Summer · saison régulière,13,0.923,6.06,-59.0,6.0,54.0,-53.0
NOMA,EGN Esports,LPLOL,Mid,LPLOL Summer · saison régulière,13,0.923,9.71,-131.0,6.0,54.0,-125.0
Vortum,EGN Esports,LPLOL,Top,LPLOL Summer · saison régulière,13,0.923,4.48,-215.0,6.0,54.0,-209.0
Ze Luis,GTZ Esports,LPLOL,Support,LPLOL Summer · saison régulière,14,0.857,4.7,-250.0,5.0,54.0,-245.0
Gaëthan,GTZ Esports,LPLOL,Top,LPLOL Summer · saison régulière,14,0.857,5.19,-270.0,5.0,54.0,-265.0
bicas,GTZ Esports,LPLOL,Jungle,LPLOL Summer · saison régulière,13,0.846,7.17,-295.0,4.0,54.0,-291.0
Redfernal,White Dragons,LPLOL,Support,LPLOL Summer · saison régulière,13,0.615,4.0,-307.0,-1.0,54.0,-308.0
Unkn0wn,GTZ Esports,LPLOL,ADC,LPLOL Summer · saison régulière,13,0.846,4.65,-340.0,4.0,54.0,-336.0
Henra,White Dragons,LPLOL,Mid,LPLOL Summer · saison régulière,14,0.643,4.22,-364.0,1.0,54.0,-363.0
Caucha,White Dragons,LPLOL,Top,LPLOL Summer · saison régulière,14,0.643,3.7,-387.0,1.0,54.0,-386.0
Worst,White Dragons,LPLOL,ADC,LPLOL Summer · saison régulière,14,0.643,7.39,-395.0,1.0,54.0,-394.0
Soldier,EGN Esports,LPLOL,ADC,LPLOL Summer · saison régulière,13,0.923,8.13,-407.0,6.0,54.0,-401.0
FSZ,GTZ Esports,LPLOL,Mid,LPLOL Summer · saison régulière,14,0.857,5.41,-414.0,5.0,54.0,-409.0
Archfiend,Nativz,NLC Aurora Open,Top,LPLOL Summer · saison régulière,2,0.5,1.86,-413.0,1.0,54.0,-412.0
Joao,EGN Esports,LPLOL,Support,LPLOL Summer · saison régulière,13,0.923,8.21,-429.0,6.0,54.0,-423.0
yanjee,Hurricane of Feathers,LPLOL,Jungle,LPLOL Summer · saison régulière,14,0.5,3.54,-451.0,-1.0,54.0,-452.0
Kamyta,Hurricane of Feathers,LPLOL,Support,LPLOL Summer · saison régulière,14,0.5,2.96,-492.0,-1.0,54.0,-493.0
DuarteV,Hurricane of Feathers,LPLOL,ADC,LPLOL Summer · saison régulière,14,0.5,3.61,-508.0,-1.0,54.0,-509.0
RealR,GTZ Esports,LPLOL,Jungle,LPLOL Summer · saison régulière,2,1.0,12.0,-568.0,1.0,54.0,-567.0
RapMonsters,Keypulse Esports,LPLOL,Mid,LPLOL Summer · saison régulière,14,0.357,2.65,-569.0,-2.0,54.0,-571.0
Galaxy,Hurricane of Feathers,LPLOL,Mid,LPLOL Summer · saison régulière,14,0.5,2.5,-576.0,-1.0,54.0,-577.0
Shourdy,Hurricane of Feathers,LPLOL,Top,LPLOL Summer · saison régulière,14,0.5,1.81,-587.0,-1.0,54.0,-588.0
TMuKK,BWE Esports,LPLOL,Support,LPLOL Summer · saison régulière,12,0.25,2.14,-600.0,1.0,54.0,-599.0
Misaki,Keypulse Esports,LPLOL,Top,LPLOL Summer · saison régulière,14,0.357,1.62,-600.0,-2.0,54.0,-602.0
Daksider,Odivelas Sports Club,LPLOL,ADC,LPLOL Summer · saison régulière,14,0.357,3.7,-604.0,-4.0,54.0,-608.0
Vinchi,White Dragons,LPLOL,Jungle,LPLOL Summer · saison régulière,14,0.643,4.97,-623.0,1.0,54.0,-622.0
towhat,White Dragons,LPLOL,Support,LPLOL Summer · saison régulière,1,1.0,2.2,-652.0,2.0,54.0,-650.0
Yitek,Odivelas Sports Club,LPLOL,Support,LPLOL Summer · saison régulière,14,0.357,3.39,-660.0,-4.0,54.0,-664.0
Raluxu,BWE Esports,LPLOL,Jungle,LPLOL Summer · saison régulière,14,0.286,2.38,-665.0,-1.0,54.0,-666.0
Alphaa,Keypulse Esports,LPLOL,Support,LPLOL Summer · saison régulière,14,0.357,1.95,-668.0,-2.0,54.0,-670.0
nestuoso,BWE Esports,LPLOL,ADC,LPLOL Summer · saison régulière,13,0.231,2.56,-686.0,-3.0,54.0,-689.0
Darky,BWE Esports,LPLOL,Top,LPLOL Summer · saison régulière,14,0.286,2.13,-689.0,-1.0,54.0,-690.0
Adasz,Odivelas Sports Club,LPLOL,Mid,LPLOL Summer · saison régulière,14,0.357,3.08,-687.0,-4.0,54.0,-691.0
ardaffler,Keypulse Esports,LPLOL,ADC,LPLOL Summer · saison régulière,14,0.357,3.64,-716.0,-2.0,54.0,-718.0
KalenBoss,Keypulse Esports,LPLOL,Jungle,LPLOL Summer · saison régulière,14,0.357,2.58,-760.0,-2.0,54.0,-762.0
Mettalica,BWE Esports,LPLOL,Mid,LPLOL Summer · saison régulière,14,0.286,2.3,-824.0,-1.0,54.0,-825.0
Campello,SAMCLAN Esports Club,LPLOL,Top,LPLOL Summer · saison régulière,8,0.125,1.05,-826.0,-1.0,54.0,-827.0
Divine,SAMCLAN Esports Club,LPLOL,Mid,LPLOL Summer · saison régulière,13,0.077,1.88,-840.0,-4.0,54.0,-844.0
Luknom,SAMCLAN Esports Club,LPLOL,Support,LPLOL Summer · saison régulière,11,0.091,1.45,-873.0,-2.0,54.0,-875.0
Abow,SAMCLAN Esports Club,LPLOL,Jungle,LPLOL Summer · saison régulière,12,0.083,1.71,-957.0,-4.0,54.0,-961.0
Exduardo,SAMCLAN Esports Club,LPLOL,ADC,LPLOL Summer · saison régulière,13,0.077,1.34,-963.0,-4.0,54.0,-967.0
TheGreatGary,Leões Porto Salvo Esports,LPLOL,Top,LPLOL · saison régulière,12,0.667,3.49,-366.0,-1.0,54.0,-367.0
ArutnevJr,Leões Porto Salvo Esports,LPLOL,Mid,LPLOL · saison régulière,12,0.667,5.71,-374.0,-1.0,54.0,-375.0
Mantorras,Leões Porto Salvo Esports,LPLOL,Support,LPLOL · saison régulière,12,0.667,3.82,-405.0,-1.0,54.0,-406.0
TinjaNurtles,Leões Porto Salvo Esports,LPLOL,Jungle,LPLOL · saison régulière,12,0.667,3.67,-418.0,-1.0,54.0,-419.0
Arutnev,Leões Porto Salvo Esports,LPLOL,ADC,LPLOL · saison régulière,12,0.667,3.78,-433.0,-1.0,54.0,-434.0
Qu4rtzo,ZeroZone Gaming,LPLOL,ADC,LPLOL · saison régulière,4,0.25,2.32,-527.0,-1.0,54.0,-528.0
Brucs,FlameHard,LPLOL,Jungle,LPLOL · saison régulière,5,0.6,3.88,-721.0,4.0,54.0,-717.0
Luknom,SAMCLAN Esports Club,LPLOL,Support,LPLOL · saison régulière,1,0.0,2.5,-873.0,-0.0,54.0,-873.0
Abow,SAMCLAN Esports Club,LPLOL,Jungle,LPLOL · saison régulière,3,0.0,0.42,-957.0,-2.0,54.0,-959.0
Exduardo,SAMCLAN Esports Club,LPLOL,ADC,LPLOL · saison régulière,3,0.0,1.6,-963.0,-2.0,54.0,-965.0
Baula,Fuego,LRN,Support,LRN 2024 · saison régulière,14,1.0,7.63,92.0,6.0,54.0,98.0
Zelt,Fuego,LRN,Mid,LRN 2024 · saison régulière,14,1.0,29.86,51.0,6.0,54.0,57.0
ADD,Fuego,LRN,Top,LRN 2024 · saison régulière,14,1.0,4.32,25.0,6.0,54.0,31.0
Mataz,Fuego,LRN,Jungle,LRN 2024 · saison régulière,9,1.0,6.68,-14.0,4.0,54.0,-10.0
Lac,All Knights,LLA,ADC,LRN 2024 · saison régulière,5,0.8,12.5,-29.0,3.0,54.0,-26.0
VirusFx,Fuego,LRN,ADC,LRN 2024 · saison régulière,5,1.0,11.12,-97.0,1.0,54.0,-96.0
Follow,PÊEK Gaming,LRN,Jungle,LRN 2024 · saison régulière,14,0.714,4.58,-136.0,2.0,54.0,-134.0
Skyy,PÊEK Gaming,LRN,Mid,LRN 2024 · saison régulière,14,0.714,3.45,-149.0,2.0,54.0,-147.0
Crecre,PÊEK Gaming,LRN,Support,LRN 2024 · saison régulière,13,0.692,5.74,-158.0,1.0,54.0,-157.0
Putin,PÊEK Gaming,LRN,Top,LRN 2024 · saison régulière,14,0.5,2.51,-232.0,2.0,54.0,-230.0
Ichiwin,Tomorrow Esports,LRN,Support,LRN 2024 · saison régulière,14,0.857,6.57,-247.0,11.0,54.0,-236.0
Icy,Tomorrow Esports,LRN,Mid,LRN 2024 · saison régulière,14,0.857,9.64,-251.0,11.0,54.0,-240.0
Fatorix,Tomorrow Esports,LRN,ADC,LRN 2024 · saison régulière,14,0.857,10.09,-274.0,11.0,54.0,-263.0
Keii,Tomorrow Esports,LRN,Top,LRN 2024 · saison régulière,14,0.857,3.47,-303.0,11.0,54.0,-292.0
Yerikan,DSC3V,LRN,Support,LRN 2024 · saison régulière,12,0.333,3.94,-354.0,-3.0,54.0,-357.0
Catan,Waia Snikt,LRN,ADC,LRN 2024 · saison régulière,14,0.5,3.17,-386.0,-4.0,54.0,-390.0
Jean,Waia Snikt,LRN,Jungle,LRN 2024 · saison régulière,13,0.538,3.24,-398.0,-4.0,54.0,-402.0
Daiky,Pirates IDV,LRN,Jungle,LRN 2024 · saison régulière,5,0.2,1.89,-408.0,-0.0,54.0,-408.0
JTL,Waia Snikt,LRN,Top,LRN 2024 · saison régulière,14,0.5,2.21,-410.0,-4.0,54.0,-414.0
Kobrq,Waia Snikt,LRN,Mid,LRN 2024 · saison régulière,14,0.5,2.65,-420.0,-4.0,54.0,-424.0
Felkros,Waia Snikt,LRN,Support,LRN 2024 · saison régulière,14,0.5,3.34,-420.0,-4.0,54.0,-424.0
Blind Walker,Osaka,LRN,Jungle,LRN 2024 · saison régulière,14,0.357,2.89,-427.0,-0.0,54.0,-427.0
Cristonex,Osaka,LRN,Top,LRN 2024 · saison régulière,13,0.385,2.02,-450.0,1.0,54.0,-449.0
Mitir,DSC3V,LRN,Jungle,LRN 2024 · saison régulière,10,0.4,4.16,-457.0,-1.0,54.0,-458.0
Shieldworm,Osaka,LRN,Mid,LRN 2024 · saison régulière,14,0.357,2.76,-466.0,1.0,54.0,-465.0
MrLemon,Tomorrow Esports,LRN,Jungle,LRN 2024 · saison régulière,10,0.9,5.56,-484.0,2.0,54.0,-482.0
Melody,Osaka,LRN,Support,LRN 2024 · saison régulière,14,0.357,2.14,-491.0,-0.0,54.0,-491.0
Kitin,DSC3V,LRN,ADC,LRN 2024 · saison régulière,5,0.2,3.28,-497.0,-3.0,54.0,-500.0
Intio,Osaka,LRN,ADC,LRN 2024 · saison régulière,14,0.357,2.4,-509.0,-0.0,54.0,-509.0
Zzzofia,Pirates IDV,LRN,Support,LRN 2024 · saison régulière,14,0.143,1.91,-597.0,-4.0,54.0,-601.0
Fiant,Pirates IDV,LRN,ADC,LRN 2024 · saison régulière,14,0.143,2.05,-610.0,-4.0,54.0,-614.0
Pinky,Pirates IDV,LRN,Top,LRN 2024 · saison régulière,14,0.143,1.79,-616.0,-4.0,54.0,-620.0
Loers,Pirates IDV,LRN,Mid,LRN 2024 · saison régulière,14,0.143,2.45,-621.0,-4.0,54.0,-625.0
Winder,DSC3V,LRN,Top,LRN 2024 · saison régulière,12,0.167,1.36,-693.0,-5.0,54.0,-698.0
Ice,Janus Panter,LRN,Mid,LRN 2024 · saison régulière,10,0.1,1.13,-752.0,-7.0,54.0,-759.0
NANINI,Janus Panter,LRN,ADC,LRN 2024 · saison régulière,14,0.143,1.13,-795.0,-6.0,54.0,-801.0
Baula,Fuego,LRN,Support,LRN · playoffs,9,1.0,8.73,92.0,6.0,54.0,98.0
Zelt,Fuego,LRN,Mid,LRN · playoffs,9,1.0,8.38,51.0,6.0,54.0,57.0
ADD,Fuego,LRN,Top,LRN · playoffs,9,1.0,4.04,25.0,6.0,54.0,31.0
Mataz,Fuego,LRN,Jungle,LRN · playoffs,9,1.0,5.95,-14.0,6.0,54.0,-8.0
VirusFx,Fuego,LRN,ADC,LRN · playoffs,9,1.0,6.0,-97.0,6.0,54.0,-91.0
Follow,PÊEK Gaming,LRN,Jungle,LRN · playoffs,12,0.5,2.58,-136.0,0.0,54.0,-136.0
Skyy,PÊEK Gaming,LRN,Mid,LRN · playoffs,12,0.5,4.25,-149.0,0.0,54.0,-149.0
Crecre,PÊEK Gaming,LRN,Support,LRN · playoffs,12,0.5,4.33,-158.0,0.0,54.0,-158.0
Putin,PÊEK Gaming,LRN,Top,LRN · playoffs,12,0.5,3.22,-232.0,0.0,54.0,-232.0
Ichiwin,Tomorrow Esports,LRN,Support,LRN · playoffs,6,0.0,1.26,-247.0,-9.0,54.0,-256.0
Icy,Tomorrow Esports,LRN,Mid,LRN · playoffs,6,0.0,1.87,-251.0,-9.0,54.0,-260.0
Fatorix,Tomorrow Esports,LRN,ADC,LRN · playoffs,6,0.0,2.93,-274.0,-9.0,54.0,-283.0
Keii,Tomorrow Esports,LRN,Top,LRN · playoffs,6,0.0,1.12,-303.0,-9.0,54.0,-312.0
Catan,Waia Snikt,LRN,ADC,LRN · playoffs,9,0.333,2.75,-386.0,3.0,54.0,-383.0
Jean,Waia Snikt,LRN,Jungle,LRN · playoffs,9,0.333,2.31,-398.0,3.0,54.0,-395.0
JTL,Waia Snikt,LRN,Top,LRN · playoffs,9,0.333,2.08,-410.0,3.0,54.0,-407.0
Kobrq,Waia Snikt,LRN,Mid,LRN · playoffs,9,0.333,2.64,-420.0,3.0,54.0,-417.0
Felkros,Waia Snikt,LRN,Support,LRN · playoffs,9,0.333,2.45,-420.0,3.0,54.0,-417.0
MrLemon,Tomorrow Esports,LRN,Jungle,LRN · playoffs,6,0.0,2.6,-484.0,-9.0,54.0,-493.0
Baula,Fuego,LRN,Support,LRN · saison régulière,5,0.8,6.5,92.0,-1.0,54.0,91.0
Zelt,Fuego,LRN,Mid,LRN · saison régulière,5,0.8,9.67,51.0,-1.0,54.0,50.0
ADD,Fuego,LRN,Top,LRN · saison régulière,5,0.8,4.33,25.0,-1.0,54.0,24.0
Mataz,Fuego,LRN,Jungle,LRN · saison régulière,5,0.8,7.3,-14.0,-1.0,54.0,-15.0
VirusFx,Fuego,LRN,ADC,LRN · saison régulière,5,0.8,7.67,-97.0,-1.0,54.0,-98.0
Follow,PÊEK Gaming,LRN,Jungle,LRN · saison régulière,4,1.0,3.94,-136.0,3.0,54.0,-133.0
Skyy,PÊEK Gaming,LRN,Mid,LRN · saison régulière,4,1.0,7.33,-149.0,3.0,54.0,-146.0
Crecre,PÊEK Gaming,LRN,Support,LRN · saison régulière,4,1.0,5.54,-158.0,3.0,54.0,-155.0
Putin,PÊEK Gaming,LRN,Top,LRN · saison régulière,4,1.0,5.62,-232.0,3.0,54.0,-229.0
Ichiwin,Tomorrow Esports,LRN,Support,LRN · saison régulière,4,0.5,4.08,-247.0,-2.0,54.0,-249.0
Icy,Tomorrow Esports,LRN,Mid,LRN · saison régulière,4,0.5,6.22,-251.0,-2.0,54.0,-253.0
Fatorix,Tomorrow Esports,LRN,ADC,LRN · saison régulière,4,0.5,7.17,-274.0,-2.0,54.0,-276.0
Keii,Tomorrow Esports,LRN,Top,LRN · saison régulière,4,0.5,2.88,-303.0,-2.0,54.0,-305.0
Yerikan,DSC3V,LRN,Support,LRN · saison régulière,5,0.2,2.08,-354.0,-1.0,54.0,-355.0
Catan,Waia Snikt,LRN,ADC,LRN · saison régulière,5,0.6,2.82,-386.0,3.0,54.0,-383.0
Jean,Waia Snikt,LRN,Jungle,LRN · saison régulière,6,0.5,2.46,-398.0,2.0,54.0,-396.0
JTL,Waia Snikt,LRN,Top,LRN · saison régulière,6,0.5,1.42,-410.0,2.0,54.0,-408.0
Daiky,Pirates IDV,LRN,Jungle,LRN · saison régulière,3,0.0,2.15,-408.0,-1.0,54.0,-409.0
Kobrq,Waia Snikt,LRN,Mid,LRN · saison régulière,6,0.5,2.25,-420.0,2.0,54.0,-418.0
Felkros,Waia Snikt,LRN,Support,LRN · saison régulière,6,0.5,2.04,-420.0,2.0,54.0,-418.0
Blind Walker,Osaka,LRN,Jungle,LRN · saison régulière,4,0.0,1.52,-427.0,-2.0,54.0,-429.0
Cristonex,Osaka,LRN,Top,LRN · saison régulière,4,0.0,0.76,-450.0,-2.0,54.0,-452.0
Mitir,DSC3V,LRN,Jungle,LRN · saison régulière,5,0.2,4.18,-457.0,-1.0,54.0,-458.0
Shieldworm,Osaka,LRN,Mid,LRN · saison régulière,4,0.0,1.68,-466.0,-2.0,54.0,-468.0
MrLemon,Tomorrow Esports,LRN,Jungle,LRN · saison régulière,4,0.5,3.21,-484.0,-2.0,54.0,-486.0
Melody,Osaka,LRN,Support,LRN · saison régulière,4,0.0,2.35,-491.0,-2.0,54.0,-493.0
Kitin,DSC3V,LRN,ADC,LRN · saison régulière,5,0.2,4.0,-497.0,-1.0,54.0,-498.0
Intio,Osaka,LRN,ADC,LRN · saison régulière,4,0.0,2.2,-509.0,-2.0,54.0,-511.0
Zzzofia,Pirates IDV,LRN,Support,LRN · saison régulière,3,0.0,1.25,-597.0,-1.0,54.0,-598.0
Fiant,Pirates IDV,LRN,ADC,LRN · saison régulière,3,0.0,1.29,-610.0,-1.0,54.0,-611.0
Pinky,Pirates IDV,LRN,Top,LRN · saison régulière,3,0.0,1.25,-616.0,-1.0,54.0,-617.0
Loers,Pirates IDV,LRN,Mid,LRN · saison régulière,3,0.0,1.29,-621.0,-1.0,54.0,-622.0
Winder,DSC3V,LRN,Top,LRN · saison régulière,5,0.2,1.23,-693.0,-1.0,54.0,-694.0
Pancake,Furious Gaming,LRS,Jungle,LRS 2024 · saison régulière,12,0.667,4.48,-126.0,1.0,54.0,-125.0
QQMore,WAP Esports,LRS,Jungle,LRS 2024 · saison régulière,10,0.5,4.41,-163.0,2.0,54.0,-161.0
Bardito,Furious Gaming,LRS,Support,LRS 2024 · saison régulière,14,0.571,3.92,-169.0,1.0,54.0,-168.0
Enga,PRIMATE,LRS,Mid,LRS 2024 · saison régulière,14,0.786,5.27,-185.0,5.0,54.0,-180.0
KinGi,Undead Gaming,LRS,Jungle,LRS 2024 · saison régulière,10,0.6,2.94,-189.0,-1.0,54.0,-190.0
Funky,PRIMATE,LRS,Jungle,LRS 2024 · saison régulière,14,0.786,5.03,-196.0,5.0,54.0,-191.0
Shmebu,PRIMATE,LRS,Support,LRS 2024 · saison régulière,14,0.786,5.27,-200.0,5.0,54.0,-195.0
Strensh,PRIMATE,LRS,ADC,LRS 2024 · saison régulière,14,0.786,8.94,-218.0,5.0,54.0,-213.0
Rahab,PRIMATE,LRS,Top,LRS 2024 · saison régulière,13,0.769,3.8,-227.0,4.0,54.0,-223.0
Thoryn,WAP Esports,LRS,Top,LRS 2024 · saison régulière,10,0.5,3.71,-225.0,0.0,54.0,-225.0
DiDi,WAP Esports,LRS,Mid,LRS 2024 · saison régulière,15,0.533,3.44,-230.0,-0.0,54.0,-230.0
Kindless,WAP Esports,LRS,ADC,LRS 2024 · saison régulière,13,0.462,3.0,-243.0,0.0,54.0,-243.0
Feitan,Meta Gaming,LRS,Support,LRS 2024 · saison régulière,15,0.533,3.0,-251.0,-0.0,54.0,-251.0
Shookz,Meta Gaming,LRS,Jungle,LRS 2024 · saison régulière,15,0.533,3.4,-254.0,-0.0,54.0,-254.0
Renyu,Spectacled Bears,LRS,ADC,LRS 2024 · saison régulière,15,0.6,6.45,-269.0,4.0,54.0,-265.0
JuanDeDios,Spectacled Bears,LRS,Top,LRS 2024 · saison régulière,15,0.6,4.28,-274.0,4.0,54.0,-270.0
Kiefer,Undead Gaming,LRS,Mid,LRS 2024 · saison régulière,14,0.643,5.92,-271.0,0.0,54.0,-271.0
Wamu,Meta Gaming,LRS,Top,LRS 2024 · saison régulière,15,0.533,4.35,-277.0,-0.0,54.0,-277.0
Gastruks,Undead Gaming,LRS,Support,LRS 2024 · saison régulière,7,0.571,3.56,-288.0,0.0,54.0,-288.0
Sabaneti,Spectacled Bears,LRS,Jungle,LRS 2024 · saison régulière,15,0.6,4.39,-297.0,4.0,54.0,-293.0
Froststrike,Eclipse Gaming,LRS,Jungle,LRS 2024 · saison régulière,7,0.714,7.42,-302.0,8.0,54.0,-294.0
ianshaka,Undead Gaming,LRS,ADC,LRS 2024 · saison régulière,14,0.286,3.31,-289.0,-6.0,54.0,-295.0
Acce,Undead Gaming,LRS,Top,LRS 2024 · saison régulière,12,0.583,2.59,-291.0,-6.0,54.0,-297.0
Skeeto,Eclipse Gaming,LRS,Top,LRS 2024 · saison régulière,7,0.714,5.58,-307.0,8.0,54.0,-299.0
Saifer,Spectacled Bears,LRS,Mid,LRS 2024 · saison régulière,15,0.6,7.04,-319.0,4.0,54.0,-315.0
Shiku,Spectacled Bears,LRS,Support,LRS 2024 · saison régulière,14,0.571,4.72,-322.0,3.0,54.0,-319.0
Viciun,Meta Gaming,LRS,ADC,LRS 2024 · saison régulière,14,0.571,4.94,-331.0,2.0,54.0,-329.0
Doni,Eclipse Gaming,LRS,Mid,LRS 2024 · saison régulière,7,0.714,4.69,-344.0,8.0,54.0,-336.0
Hayha,WAP Esports,LRS,Support,LRS 2024 · saison régulière,13,0.462,2.62,-352.0,0.0,54.0,-352.0
Hika,Meta Gaming,LRS,ADC,LRS 2024 · saison régulière,14,0.357,4.61,-360.0,-1.0,54.0,-361.0
Unforgiven,Malvinas Gaming,LRS,Jungle,LRS 2024 · saison régulière,14,0.357,4.51,-373.0,-1.0,54.0,-374.0
Shu Hari,WAP Esports,LRS,Support,LRS 2024 · saison régulière,7,0.143,2.07,-378.0,-5.0,54.0,-383.0
Piqueos,Malvinas Gaming,LRS,Mid,LRS 2024 · saison régulière,14,0.357,3.41,-399.0,-1.0,54.0,-400.0
Sunblast,Furious Gaming,LRS,Top,LRS 2024 · saison régulière,14,0.286,1.78,-406.0,-6.0,54.0,-412.0
Chordy,Meta Gaming,LRS,Mid,LRS 2024 · saison régulière,14,0.286,2.82,-408.0,-6.0,54.0,-414.0
Lord,WAP Esports,LRS,Mid,LRS 2024 · saison régulière,14,0.429,3.2,-417.0,-2.0,54.0,-419.0
Brayaron,Malvinas Gaming,LRS,Top,LRS 2024 · saison régulière,14,0.357,2.21,-431.0,-1.0,54.0,-432.0
Izaenk,Undead Gaming,LRS,Top,LRS 2024 · saison régulière,9,0.222,1.81,-455.0,-2.0,54.0,-457.0
Fateware,Eclipse Gaming,LRS,ADC,LRS 2024 · saison régulière,13,0.385,3.64,-512.0,2.0,54.0,-510.0
Woohee,Eclipse Gaming,LRS,Support,LRS 2024 · saison régulière,14,0.357,2.25,-550.0,-0.0,54.0,-550.0
Lac,All Knights,LLA,ADC,LRS · playoffs,5,0.4,2.82,-29.0,-4.0,54.0,-33.0
QQMore,WAP Esports,LRS,Jungle,LRS · playoffs,12,0.75,4.88,-163.0,8.0,54.0,-155.0
Enga,PRIMATE,LRS,Mid,LRS · playoffs,17,0.471,4.81,-185.0,-2.0,54.0,-187.0
KinGi,Undead Gaming,LRS,Jungle,LRS · playoffs,13,0.462,2.65,-189.0,-4.0,54.0,-193.0
Funky,PRIMATE,LRS,Jungle,LRS · playoffs,17,0.471,2.84,-196.0,-2.0,54.0,-198.0
Shmebu,PRIMATE,LRS,Support,LRS · playoffs,17,0.471,4.15,-200.0,-2.0,54.0,-202.0
Thoryn,WAP Esports,LRS,Top,LRS · playoffs,12,0.75,4.5,-225.0,8.0,54.0,-217.0
Strensh,PRIMATE,LRS,ADC,LRS · playoffs,17,0.471,5.12,-218.0,-2.0,54.0,-220.0
DiDi,WAP Esports,LRS,Mid,LRS · playoffs,12,0.75,5.6,-230.0,8.0,54.0,-222.0
Rahab,PRIMATE,LRS,Top,LRS · playoffs,17,0.471,2.9,-227.0,-2.0,54.0,-229.0
Kindless,WAP Esports,LRS,ADC,LRS · playoffs,12,0.75,5.44,-243.0,8.0,54.0,-235.0
Feitan,Meta Gaming,LRS,Support,LRS · playoffs,3,0.333,1.57,-251.0,0.0,54.0,-251.0
Shookz,Meta Gaming,LRS,Jungle,LRS · playoffs,8,0.25,2.92,-254.0,-3.0,54.0,-257.0
Kiefer,Undead Gaming,LRS,Mid,LRS · playoffs,13,0.462,3.37,-271.0,-4.0,54.0,-275.0
Wamu,Meta Gaming,LRS,Top,LRS · playoffs,8,0.25,2.14,-277.0,-3.0,54.0,-280.0
ianshaka,Undead Gaming,LRS,ADC,LRS · playoffs,8,0.5,6.27,-289.0,1.0,54.0,-288.0
Gastruks,Undead Gaming,LRS,Support,LRS · playoffs,13,0.462,3.08,-288.0,-4.0,54.0,-292.0
Viciun,Meta Gaming,LRS,ADC,LRS · playoffs,5,0.2,1.86,-331.0,-3.0,54.0,-334.0
Hika,Meta Gaming,LRS,ADC,LRS · playoffs,8,0.25,2.61,-360.0,-3.0,54.0,-363.0
Shu Hari,WAP Esports,LRS,Support,LRS · playoffs,12,0.75,3.18,-378.0,8.0,54.0,-370.0
Chordy,Meta Gaming,LRS,Mid,LRS · playoffs,8,0.25,2.54,-408.0,-3.0,54.0,-411.0
Izaenk,Undead Gaming,LRS,Top,LRS · playoffs,13,0.462,1.88,-455.0,-4.0,54.0,-459.0
Pancake,Furious Gaming,LRS,Jungle,LRS · saison régulière,3,1.0,4.18,-126.0,4.0,54.0,-122.0
QQMore,WAP Esports,LRS,Jungle,LRS · saison régulière,6,0.5,4.06,-163.0,-1.0,54.0,-164.0
Bardito,Furious Gaming,LRS,Support,LRS · saison régulière,3,1.0,5.0,-169.0,4.0,54.0,-165.0
Enga,PRIMATE,LRS,Mid,LRS · saison régulière,5,0.6,11.2,-185.0,-0.0,54.0,-185.0
KinGi,Undead Gaming,LRS,Jungle,LRS · saison régulière,6,0.667,2.61,-189.0,4.0,54.0,-185.0
Funky,PRIMATE,LRS,Jungle,LRS · saison régulière,5,0.6,4.64,-196.0,-0.0,54.0,-196.0
Shmebu,PRIMATE,LRS,Support,LRS · saison régulière,5,0.6,6.33,-200.0,-0.0,54.0,-200.0
Strensh,PRIMATE,LRS,ADC,LRS · saison régulière,5,0.6,6.11,-218.0,-0.0,54.0,-218.0
Thoryn,WAP Esports,LRS,Top,LRS · saison régulière,6,0.5,2.52,-225.0,-1.0,54.0,-226.0
Rahab,PRIMATE,LRS,Top,LRS · saison régulière,5,0.6,3.4,-227.0,-0.0,54.0,-227.0
DiDi,WAP Esports,LRS,Mid,LRS · saison régulière,6,0.5,5.08,-230.0,-1.0,54.0,-231.0
Kindless,WAP Esports,LRS,ADC,LRS · saison régulière,6,0.5,3.5,-243.0,-1.0,54.0,-244.0
Feitan,Meta Gaming,LRS,Support,LRS · saison régulière,6,0.667,3.31,-251.0,5.0,54.0,-246.0
Shookz,Meta Gaming,LRS,Jungle,LRS · saison régulière,6,0.667,4.73,-254.0,5.0,54.0,-249.0
Kiefer,Undead Gaming,LRS,Mid,LRS · saison régulière,6,0.667,4.5,-271.0,4.0,54.0,-267.0
Renyu,Spectacled Bears,LRS,ADC,LRS · saison régulière,6,0.333,3.05,-269.0,-3.0,54.0,-272.0
Wamu,Meta Gaming,LRS,Top,LRS · saison régulière,6,0.667,3.91,-277.0,5.0,54.0,-272.0
JuanDeDios,Spectacled Bears,LRS,Top,LRS · saison régulière,6,0.333,3.27,-274.0,-3.0,54.0,-277.0
ianshaka,Undead Gaming,LRS,ADC,LRS · saison régulière,9,0.778,9.0,-289.0,8.0,54.0,-281.0
Gastruks,Undead Gaming,LRS,Support,LRS · saison régulière,6,0.667,2.91,-288.0,4.0,54.0,-284.0
Sabaneti,Spectacled Bears,LRS,Jungle,LRS · saison régulière,6,0.333,3.17,-297.0,-3.0,54.0,-300.0
Froststrike,Eclipse Gaming,LRS,Jungle,LRS · saison régulière,5,0.2,2.43,-302.0,-5.0,54.0,-307.0
Skeeto,Eclipse Gaming,LRS,Top,LRS · saison régulière,5,0.2,1.77,-307.0,-5.0,54.0,-312.0
Saifer,Spectacled Bears,LRS,Mid,LRS · saison régulière,6,0.333,4.07,-319.0,-3.0,54.0,-322.0
Shiku,Spectacled Bears,LRS,Support,LRS · saison régulière,6,0.333,2.5,-322.0,-3.0,54.0,-325.0
Doni,Eclipse Gaming,LRS,Mid,LRS · saison régulière,5,0.2,2.12,-344.0,-5.0,54.0,-349.0
Hika,Meta Gaming,LRS,ADC,LRS · saison régulière,6,0.667,7.17,-360.0,5.0,54.0,-355.0
Shu Hari,WAP Esports,LRS,Support,LRS · saison régulière,6,0.5,2.68,-378.0,-1.0,54.0,-379.0
Chordy,Meta Gaming,LRS,Mid,LRS · saison régulière,9,0.778,6.5,-408.0,9.0,54.0,-399.0
Sunblast,Furious Gaming,LRS,Top,LRS · saison régulière,3,1.0,6.4,-406.0,4.0,54.0,-402.0
Izaenk,Undead Gaming,LRS,Top,LRS · saison régulière,6,0.667,5.67,-455.0,4.0,54.0,-451.0
Fateware,Eclipse Gaming,LRS,ADC,LRS · saison régulière,5,0.2,2.27,-512.0,-5.0,54.0,-517.0
Woohee,Eclipse Gaming,LRS,Support,LRS · saison régulière,5,0.2,1.07,-550.0,-5.0,54.0,-555.0
Kiin,Gen.G,LCK,Top,MSI,16,0.75,3.51,1053.0,4.0,54.0,1057.0
Canyon,Gen.G,LCK,Jungle,MSI,16,0.75,4.83,1049.0,4.0,54.0,1053.0
Chovy,Gen.G,LCK,Mid,MSI,16,0.75,5.7,1024.0,4.0,54.0,1028.0
Peyz,Gen.G,LCK,ADC,MSI,16,0.75,6.29,979.0,4.0,54.0,983.0
Knight,Bilibili Gaming,LPL,Mid,MSI,22,0.5,3.79,984.0,-4.0,54.0,980.0
Elk,Bilibili Gaming,LPL,ADC,MSI,22,0.5,3.78,971.0,-4.0,54.0,967.0
ON,Bilibili Gaming,LPL,Support,MSI,22,0.5,2.63,970.0,-4.0,54.0,966.0
Bin,Bilibili Gaming,LPL,Top,MSI,22,0.5,3.28,941.0,-4.0,54.0,937.0
Keria,T1,LCK,Support,MSI,25,0.64,3.66,936.0,-4.0,54.0,932.0
Faker,T1,LCK,Mid,MSI,25,0.64,2.89,900.0,-4.0,54.0,896.0
Creme,Top Esports,LPL,Mid,MSI,16,0.562,3.47,898.0,-7.0,54.0,891.0
Zeus,T1,LCK,Top,MSI,25,0.64,3.02,894.0,-4.0,54.0,890.0
Gumayusi,T1,LCK,ADC,MSI,25,0.64,4.85,893.0,-4.0,54.0,889.0
Meiko,Top Esports,LPL,Support,MSI,16,0.562,4.38,887.0,-7.0,54.0,880.0
Tian,Top Esports,LPL,Jungle,MSI,16,0.562,3.27,885.0,-7.0,54.0,878.0
369,Top Esports,LPL,Top,MSI,16,0.562,2.37,881.0,-7.0,54.0,874.0
JackeyLove,Top Esports,LPL,ADC,MSI,16,0.562,4.18,869.0,-7.0,54.0,862.0
Lehends,Gen.G,LCK,Support,MSI,16,0.75,4.04,825.0,4.0,54.0,829.0
Oner,T1,LCK,Jungle,MSI,25,0.64,3.8,830.0,-4.0,54.0,826.0
Caps,G2 Esports,LEC,Mid,MSI,14,0.571,4.65,771.0,12.0,54.0,783.0
Xun,Bilibili Gaming,LPL,Jungle,MSI,22,0.5,3.78,778.0,-4.0,54.0,774.0
Yike,G2 Esports,LEC,Jungle,MSI,14,0.571,5.57,754.0,12.0,54.0,766.0
BrokenBlade,G2 Esports,LEC,Top,MSI,14,0.571,4.36,754.0,12.0,54.0,766.0
Hans Sama,G2 Esports,LEC,ADC,MSI,14,0.571,4.18,751.0,12.0,54.0,763.0
Mikyx,G2 Esports,LEC,Support,MSI,14,0.571,3.37,735.0,12.0,54.0,747.0
APA,Team Liquid,LCS,Mid,MSI,11,0.364,2.79,684.0,0.0,54.0,684.0
Inspired,FlyQuest,LCS,Jungle,MSI,7,0.286,4.56,679.0,-6.0,54.0,673.0
Razork,Fnatic,LEC,Jungle,MSI,14,0.429,2.63,653.0,1.0,54.0,654.0
CoreJJ,Team Liquid,LCS,Support,MSI,11,0.364,3.63,652.0,0.0,54.0,652.0
Massu,FlyQuest,LCS,ADC,MSI,7,0.286,2.52,654.0,-6.0,54.0,648.0
Bwipo,FlyQuest,LCS,Top,MSI,7,0.286,2.52,649.0,-6.0,54.0,643.0
Oscarinin,Fnatic,LEC,Top,MSI,14,0.429,3.38,642.0,1.0,54.0,643.0
Busio,FlyQuest,LCS,Support,MSI,7,0.286,1.61,644.0,-6.0,54.0,638.0
Jun,Fnatic,LEC,Support,MSI,14,0.429,4.82,636.0,1.0,54.0,637.0
Humanoid,Fnatic,LEC,Mid,MSI,14,0.429,2.87,636.0,1.0,54.0,637.0
Noah,Fnatic,LEC,ADC,MSI,14,0.429,3.49,633.0,1.0,54.0,634.0
Yeon,Team Liquid,LCS,ADC,MSI,11,0.364,3.07,630.0,0.0,54.0,630.0
UmTi,Team Liquid,LCS,Jungle,MSI,11,0.364,2.62,628.0,0.0,54.0,628.0
Impact,Team Liquid,LCS,Top,MSI,11,0.364,1.86,614.0,0.0,54.0,614.0
JunJia,PSG Talon,PCS,Jungle,MSI,15,0.467,3.16,569.0,7.0,54.0,576.0
Azhi,PSG Talon,PCS,Top,MSI,15,0.467,2.02,541.0,7.0,54.0,548.0
Betty,PSG Talon,PCS,ADC,MSI,15,0.467,3.32,531.0,7.0,54.0,538.0
Woody,PSG Talon,PCS,Support,MSI,15,0.467,3.15,517.0,7.0,54.0,524.0
Maple,PSG Talon,PCS,Mid,MSI,15,0.467,2.59,510.0,7.0,54.0,517.0
Kiaya,GAM Esports,VCS,Top,MSI,7,0.286,1.83,496.0,-3.0,54.0,493.0
Levi,GAM Esports,VCS,Jungle,MSI,7,0.286,2.7,494.0,-3.0,54.0,491.0
Elio,GAM Esports,VCS,Support,MSI,7,0.286,2.0,444.0,-3.0,54.0,441.0
Emo,GAM Esports,VCS,Mid,MSI,7,0.286,2.74,417.0,-3.0,54.0,414.0
Josedeodo,Estral Esports,LLA,Jungle,MSI,4,0.0,2.09,385.0,-2.0,54.0,383.0
Ackerman,Estral Esports,LLA,Support,MSI,4,0.0,2.15,341.0,-2.0,54.0,339.0
cody,Estral Esports,LLA,Mid,MSI,4,0.0,1.38,337.0,-2.0,54.0,335.0
Snaker,Estral Esports,LLA,ADC,MSI,4,0.0,1.4,319.0,-2.0,54.0,317.0
Jensen,Dignitas,LCS,Mid,MSI,7,0.286,2.7,319.0,-6.0,54.0,313.0
tinowns,LOUD,CBLOL,Mid,MSI,5,0.2,3.83,291.0,1.0,54.0,292.0
Easylove,GAM Esports,VCS,ADC,MSI,7,0.286,2.88,274.0,-3.0,54.0,271.0
Zothve,Estral Esports,LLA,Top,MSI,4,0.0,0.74,271.0,-2.0,54.0,269.0
Route,LOUD,CBLOL,ADC,MSI,5,0.2,3.69,265.0,1.0,54.0,266.0
Robo,LOUD,CBLOL,Top,MSI,5,0.2,1.39,222.0,1.0,54.0,223.0
RedBert,LOUD,CBLOL,Support,MSI,5,0.2,1.14,209.0,1.0,54.0,210.0
Croc,LOUD,CBLOL,Jungle,MSI,5,0.2,1.83,195.0,1.0,54.0,196.0
Quad,FlyQuest,LCS,Mid,NACL Spring · playoffs,13,0.769,6.08,604.0,1.0,54.0,605.0
Array,Dragoon's Goons,NACL,ADC,NACL Spring · playoffs,5,0.2,2.07,312.0,-7.0,54.0,305.0
Yuuji,Dragonsteel,NACL,Jungle,NACL Spring · playoffs,19,0.579,4.22,289.0,-9.0,54.0,280.0
ScaryJerry,Dragonsteel,NACL,ADC,NACL Spring · playoffs,19,0.579,4.64,250.0,-9.0,54.0,241.0
Zyko,Dragonsteel,NACL,Support,NACL Spring · playoffs,19,0.579,3.34,242.0,-9.0,54.0,233.0
Spirax,Dragonsteel,NACL,Mid,NACL Spring · playoffs,19,0.579,3.58,230.0,-9.0,54.0,221.0
Zamudo,Dragonsteel,NACL,Top,NACL Spring · playoffs,8,0.5,2.67,212.0,4.0,54.0,216.0
Srtty,FlyQuest NZXT,NACL,Top,NACL Spring · playoffs,13,0.769,4.04,200.0,1.0,54.0,201.0
Chime,FlyQuest NZXT,NACL,Support,NACL Spring · playoffs,13,0.769,4.51,168.0,1.0,54.0,169.0
Sheiden,FlyQuest NZXT,NACL,Jungle,NACL Spring · playoffs,13,0.769,4.16,167.0,1.0,54.0,168.0
sajed,FlyQuest NZXT,NACL,ADC,NACL Spring · playoffs,13,0.769,5.11,165.0,1.0,54.0,166.0
Daption,Dragoon's Goons,NACL,Support,NACL Spring · playoffs,9,0.444,2.26,148.0,-1.0,54.0,147.0
Diamond,Supernova,NACL,Support,NACL Spring · playoffs,5,0.2,1.73,114.0,-7.0,54.0,107.0
Faisal,Supernova,NACL,Top,NACL Spring · playoffs,5,0.2,2.11,110.0,-7.0,54.0,103.0
Kenvi,Supernova,NACL,Jungle,NACL Spring · playoffs,5,0.2,1.67,94.0,-7.0,54.0,87.0
Poome,Disguised,NACL,Support,NACL Spring · playoffs,14,0.5,3.94,53.0,12.0,54.0,65.0
Spawn,Team Liquid Challengers,NACL,ADC,NACL Spring · playoffs,13,0.385,6.19,36.0,5.0,54.0,41.0
Keel,Team Liquid Challengers,NACL,Jungle,NACL Spring · playoffs,13,0.385,3.54,35.0,5.0,54.0,40.0
Niles,Maryville University,NACL,Top,NACL Spring · playoffs,19,0.579,3.93,44.0,-9.0,54.0,35.0
Jenkins,Team Liquid Challengers,NACL,Top,NACL Spring · playoffs,13,0.385,2.35,21.0,5.0,54.0,26.0
Qwacker,Blue Otter,NACL,Top,NACL Spring · playoffs,5,0.2,1.95,21.0,-4.0,54.0,17.0
Roamer,Team Liquid Challengers,NACL,Mid,NACL Spring · playoffs,13,0.385,2.89,3.0,5.0,54.0,8.0
Lens,Supernova,NACL,ADC,NACL Spring · playoffs,9,0.444,3.08,2.0,-1.0,54.0,1.0
Doxa,Komodo,NACL,Support,NACL Spring · playoffs,5,0.2,2.69,4.0,-4.0,54.0,0.0
Philip,Fear x Starforge,NACL,Top,NACL Spring · playoffs,9,0.444,1.75,-0.0,-1.0,54.0,-1.0
Perry,Disguised,NACL,Jungle,NACL Spring · playoffs,14,0.5,2.61,-15.0,12.0,54.0,-3.0
Kim Down,Team Liquid Challengers,NACL,Support,NACL Spring · playoffs,13,0.385,3.35,-12.0,5.0,54.0,-7.0
RoseThorn,Area of Effect Esports,NACL,Jungle,NACL Spring · playoffs,8,0.5,2.7,-14.0,4.0,54.0,-10.0
Tenacity,Disguised,NACL,Top,NACL Spring · playoffs,14,0.5,3.22,-41.0,12.0,54.0,-29.0
shochi,CCG Esports,NACL,Mid,NACL Spring · playoffs,5,0.2,1.58,-33.0,-7.0,54.0,-40.0
Toasty,Supernova,NACL,Mid,NACL Spring · playoffs,9,0.444,2.86,-43.0,-1.0,54.0,-44.0
Onat,Area of Effect Esports,NACL,Mid,NACL Spring · playoffs,8,0.5,4.94,-64.0,4.0,54.0,-60.0
DARKWINGS,Winthrop University,NACL,Mid,NACL Spring · playoffs,5,0.2,2.94,-59.0,-4.0,54.0,-63.0
Young,Disguised,NACL,Mid,NACL Spring · playoffs,14,0.5,4.03,-91.0,12.0,54.0,-79.0
Minui,Disguised,NACL,ADC,NACL Spring · playoffs,14,0.5,3.22,-95.0,12.0,54.0,-83.0
Breezy,Area of Effect Esports,NACL,Support,NACL Spring · playoffs,8,0.5,4.26,-92.0,4.0,54.0,-88.0
Airren,Winthrop University,NACL,ADC,NACL Spring · playoffs,5,0.2,3.13,-113.0,-4.0,54.0,-117.0
winnie,Winthrop University,NACL,Jungle,NACL Spring · playoffs,5,0.2,1.84,-114.0,-4.0,54.0,-118.0
Wixxi,Area of Effect Esports,NACL,ADC,NACL Spring · playoffs,8,0.5,4.68,-149.0,4.0,54.0,-145.0
Chad,CCG Esports,NACL,Jungle,NACL Spring · playoffs,9,0.444,2.48,-233.0,-1.0,54.0,-234.0
Quad,FlyQuest,LCS,Mid,NACL Spring · saison régulière,22,0.773,5.62,604.0,-3.0,54.0,601.0
Array,Dragoon's Goons,NACL,ADC,NACL Spring · saison régulière,23,0.696,6.38,312.0,8.0,54.0,320.0
Yuuji,Dragonsteel,NACL,Jungle,NACL Spring · saison régulière,22,0.773,4.81,289.0,8.0,54.0,297.0
ScaryJerry,Dragonsteel,NACL,ADC,NACL Spring · saison régulière,22,0.773,9.33,250.0,8.0,54.0,258.0
Zyko,Dragonsteel,NACL,Support,NACL Spring · saison régulière,22,0.773,5.32,242.0,8.0,54.0,250.0
Spirax,Dragonsteel,NACL,Mid,NACL Spring · saison régulière,22,0.773,5.81,230.0,8.0,54.0,238.0
Zamudo,Dragonsteel,NACL,Top,NACL Spring · saison régulière,24,0.458,1.89,212.0,0.0,54.0,212.0
Srtty,FlyQuest NZXT,NACL,Top,NACL Spring · saison régulière,22,0.773,4.22,200.0,-3.0,54.0,197.0
Chime,FlyQuest NZXT,NACL,Support,NACL Spring · saison régulière,22,0.773,4.81,168.0,-3.0,54.0,165.0
Sheiden,FlyQuest NZXT,NACL,Jungle,NACL Spring · saison régulière,22,0.773,4.8,167.0,-3.0,54.0,164.0
sajed,FlyQuest NZXT,NACL,ADC,NACL Spring · saison régulière,22,0.773,6.22,165.0,-3.0,54.0,162.0
Daption,Dragoon's Goons,NACL,Support,NACL Spring · saison régulière,26,0.462,2.81,148.0,0.0,54.0,148.0
Diamond,Supernova,NACL,Support,NACL Spring · saison régulière,23,0.696,4.56,114.0,8.0,54.0,122.0
Faisal,Supernova,NACL,Top,NACL Spring · saison régulière,23,0.696,3.71,110.0,8.0,54.0,118.0
Kenvi,Supernova,NACL,Jungle,NACL Spring · saison régulière,23,0.696,3.77,94.0,8.0,54.0,102.0
Niles,Maryville University,NACL,Top,NACL Spring · saison régulière,22,0.773,3.09,44.0,8.0,54.0,52.0
Poome,Disguised,NACL,Support,NACL Spring · saison régulière,22,0.409,3.28,53.0,-7.0,54.0,46.0
Spawn,Team Liquid Challengers,NACL,ADC,NACL Spring · saison régulière,21,0.429,5.33,36.0,-4.0,54.0,32.0
Keel,Team Liquid Challengers,NACL,Jungle,NACL Spring · saison régulière,21,0.429,4.53,35.0,-4.0,54.0,31.0
Qwacker,Blue Otter,NACL,Top,NACL Spring · saison régulière,21,0.476,1.99,21.0,7.0,54.0,28.0
Jenkins,Team Liquid Challengers,NACL,Top,NACL Spring · saison régulière,21,0.429,3.42,21.0,-4.0,54.0,17.0
Doxa,Komodo,NACL,Support,NACL Spring · saison régulière,21,0.476,2.89,4.0,7.0,54.0,11.0
Lens,Supernova,NACL,ADC,NACL Spring · saison régulière,26,0.462,3.74,2.0,0.0,54.0,2.0
Kisno,Dragoon's Goons,NACL,Jungle,NACL Spring · saison régulière,21,0.286,1.88,7.0,-5.0,54.0,2.0
Philip,Fear x Starforge,NACL,Top,NACL Spring · saison régulière,26,0.462,2.85,-0.0,0.0,54.0,0.0
Roamer,Team Liquid Challengers,NACL,Mid,NACL Spring · saison régulière,21,0.429,3.71,3.0,-4.0,54.0,-1.0
RoseThorn,Area of Effect Esports,NACL,Jungle,NACL Spring · saison régulière,24,0.458,2.59,-14.0,0.0,54.0,-14.0
Kim Down,Team Liquid Challengers,NACL,Support,NACL Spring · saison régulière,21,0.429,2.79,-12.0,-4.0,54.0,-16.0
Dragoon,Dragoon's Goons,NACL,Top,NACL Spring · saison régulière,21,0.286,1.71,-17.0,-5.0,54.0,-22.0
Perry,Disguised,NACL,Jungle,NACL Spring · saison régulière,22,0.409,2.0,-15.0,-7.0,54.0,-22.0
shochi,CCG Esports,NACL,Mid,NACL Spring · saison régulière,23,0.696,3.29,-33.0,8.0,54.0,-25.0
Toasty,Supernova,NACL,Mid,NACL Spring · saison régulière,26,0.462,3.07,-43.0,0.0,54.0,-43.0
Will,Pulse Star,NACL,Jungle,NACL Spring · saison régulière,22,0.227,2.37,-41.0,-6.0,54.0,-47.0
Tenacity,Disguised,NACL,Top,NACL Spring · saison régulière,22,0.409,2.63,-41.0,-7.0,54.0,-48.0
DARKWINGS,Winthrop University,NACL,Mid,NACL Spring · saison régulière,21,0.476,3.01,-59.0,7.0,54.0,-52.0
Onat,Area of Effect Esports,NACL,Mid,NACL Spring · saison régulière,24,0.458,3.31,-64.0,0.0,54.0,-64.0
Breezy,Area of Effect Esports,NACL,Support,NACL Spring · saison régulière,24,0.458,3.17,-92.0,0.0,54.0,-92.0
Young,Disguised,NACL,Mid,NACL Spring · saison régulière,22,0.409,3.41,-91.0,-7.0,54.0,-98.0
Minui,Disguised,NACL,ADC,NACL Spring · saison régulière,22,0.409,2.51,-95.0,-7.0,54.0,-102.0
Airren,Winthrop University,NACL,ADC,NACL Spring · saison régulière,21,0.476,3.42,-113.0,7.0,54.0,-106.0
winnie,Winthrop University,NACL,Jungle,NACL Spring · saison régulière,21,0.476,2.27,-114.0,7.0,54.0,-107.0
Dardoch,Lotus,NACL,Jungle,NACL Spring · saison régulière,22,0.227,2.18,-113.0,-6.0,54.0,-119.0
Prismal,Pulse Star,NACL,ADC,NACL Spring · saison régulière,22,0.227,2.15,-122.0,-6.0,54.0,-128.0
Wixxi,Area of Effect Esports,NACL,ADC,NACL Spring · saison régulière,24,0.458,3.75,-149.0,0.0,54.0,-149.0
ROCKBOOM,CCG Esports,NACL,ADC,NACL Spring · saison régulière,21,0.286,2.27,-157.0,-5.0,54.0,-162.0
Allorim,Komodo,NACL,Top,NACL Spring · saison régulière,22,0.227,2.2,-204.0,-6.0,54.0,-210.0
Chad,CCG Esports,NACL,Jungle,NACL Spring · saison régulière,26,0.462,2.56,-233.0,0.0,54.0,-233.0
Plux,LiT Esports,NACL,Support,NACL Spring · saison régulière,21,0.286,2.03,-253.0,-5.0,54.0,-258.0
Messages,LiT Esports,NACL,Mid,NACL Spring · saison régulière,21,0.286,2.41,-301.0,-5.0,54.0,-306.0
RJS,Mirage Alliance,NACL,Mid,NACL Spring · saison régulière,22,0.227,2.13,-301.0,-6.0,54.0,-307.0
Yuuji,Dragonsteel,NACL,Jungle,NACL Summer · playoffs,9,0.889,9.23,289.0,5.0,54.0,294.0
Bradley,FlyQuest NZXT,NACL,Mid,NACL Summer · playoffs,14,0.571,7.05,284.0,1.0,54.0,285.0
ScaryJerry,Dragonsteel,NACL,ADC,NACL Summer · playoffs,9,0.889,7.31,250.0,5.0,54.0,255.0
Zyko,Dragonsteel,NACL,Support,NACL Summer · playoffs,9,0.889,6.63,242.0,5.0,54.0,247.0
Spirax,Dragonsteel,NACL,Mid,NACL Summer · playoffs,9,0.889,7.2,230.0,5.0,54.0,235.0
eXyu,Fear x Starforge,NACL,Jungle,NACL Summer · playoffs,15,0.4,3.38,217.0,0.0,54.0,217.0
Zamudo,Dragonsteel,NACL,Top,NACL Summer · playoffs,9,0.889,3.88,212.0,5.0,54.0,217.0
Srtty,FlyQuest NZXT,NACL,Top,NACL Summer · playoffs,14,0.571,3.69,200.0,1.0,54.0,201.0
Chime,FlyQuest NZXT,NACL,Support,NACL Summer · playoffs,14,0.571,5.09,168.0,1.0,54.0,169.0
Sheiden,FlyQuest NZXT,NACL,Jungle,NACL Summer · playoffs,14,0.571,3.26,167.0,1.0,54.0,168.0
sajed,FlyQuest NZXT,NACL,ADC,NACL Summer · playoffs,14,0.571,5.34,165.0,1.0,54.0,166.0
Instinct,Fear x Starforge,NACL,ADC,NACL Summer · playoffs,15,0.4,2.88,123.0,0.0,54.0,123.0
Diamond,Supernova,NACL,Support,NACL Summer · playoffs,13,0.462,2.65,114.0,-5.0,54.0,109.0
Faisal,Supernova,NACL,Top,NACL Summer · playoffs,13,0.462,2.74,110.0,-5.0,54.0,105.0
Kenvi,Supernova,NACL,Jungle,NACL Summer · playoffs,13,0.462,2.2,94.0,-5.0,54.0,89.0
Winsome,Fear x Starforge,NACL,Support,NACL Summer · playoffs,15,0.4,2.15,71.0,0.0,54.0,71.0
Poome,Disguised,NACL,Support,NACL Summer · playoffs,10,0.5,3.9,53.0,4.0,54.0,57.0
Samikin,Blue Otter,NACL,Mid,NACL Summer · playoffs,16,0.5,4.57,47.0,2.0,54.0,49.0
Ablazeolive,Fear x Starforge,NACL,Mid,NACL Summer · playoffs,15,0.4,3.31,37.0,0.0,54.0,37.0
Music,Blue Otter,NACL,Jungle,NACL Summer · playoffs,16,0.5,3.81,32.0,2.0,54.0,34.0
Spawn,Team Liquid Challengers,NACL,ADC,NACL Summer · playoffs,7,0.286,4.5,36.0,-4.0,54.0,32.0
Keel,Team Liquid Challengers,NACL,Jungle,NACL Summer · playoffs,7,0.286,2.76,35.0,-4.0,54.0,31.0
Rovex,Blue Otter,NACL,Support,NACL Summer · playoffs,16,0.5,3.11,24.0,2.0,54.0,26.0
Qwacker,Blue Otter,NACL,Top,NACL Summer · playoffs,16,0.5,3.64,21.0,2.0,54.0,23.0
Jenkins,Team Liquid Challengers,NACL,Top,NACL Summer · playoffs,7,0.286,2.16,21.0,-4.0,54.0,17.0
Levitate,Blue Otter,NACL,ADC,NACL Summer · playoffs,16,0.5,4.37,13.0,2.0,54.0,15.0
Philip,Fear x Starforge,NACL,Top,NACL Summer · playoffs,15,0.4,2.22,-0.0,0.0,54.0,0.0
Roamer,Team Liquid Challengers,NACL,Mid,NACL Summer · playoffs,7,0.286,2.12,3.0,-4.0,54.0,-1.0
Lens,Supernova,NACL,ADC,NACL Summer · playoffs,13,0.462,2.46,2.0,-5.0,54.0,-3.0
Kim Down,Team Liquid Challengers,NACL,Support,NACL Summer · playoffs,7,0.286,1.45,-12.0,-4.0,54.0,-16.0
Tenacity,Disguised,NACL,Top,NACL Summer · playoffs,10,0.5,2.67,-41.0,4.0,54.0,-37.0
Yukino,Disguised,NACL,Jungle,NACL Summer · playoffs,10,0.5,4.65,-50.0,4.0,54.0,-46.0
Toasty,Supernova,NACL,Mid,NACL Summer · playoffs,13,0.462,2.28,-43.0,-5.0,54.0,-48.0
Denathor,Winthrop University,NACL,Top,NACL Summer · playoffs,4,0.25,1.37,-58.0,-3.0,54.0,-61.0
DARKWINGS,Winthrop University,NACL,Mid,NACL Summer · playoffs,4,0.25,2.38,-59.0,-3.0,54.0,-62.0
Young,Disguised,NACL,Mid,NACL Summer · playoffs,10,0.5,6.22,-91.0,4.0,54.0,-87.0
Minui,Disguised,NACL,ADC,NACL Summer · playoffs,10,0.5,4.67,-95.0,4.0,54.0,-91.0
Airren,Winthrop University,NACL,ADC,NACL Summer · playoffs,4,0.25,2.06,-113.0,-3.0,54.0,-116.0
winnie,Winthrop University,NACL,Jungle,NACL Summer · playoffs,4,0.25,1.46,-114.0,-3.0,54.0,-117.0
Chookies,Winthrop University,NACL,Support,NACL Summer · playoffs,4,0.25,2.09,-135.0,-3.0,54.0,-138.0
Tomo,100 Thieves,LCS,ADC,NACL Summer · saison régulière,17,0.471,4.11,371.0,-4.0,54.0,367.0
Yuuji,Dragonsteel,NACL,Jungle,NACL Summer · saison régulière,21,0.857,6.84,289.0,6.0,54.0,295.0
Bradley,FlyQuest NZXT,NACL,Mid,NACL Summer · saison régulière,23,0.609,4.05,284.0,4.0,54.0,288.0
ScaryJerry,Dragonsteel,NACL,ADC,NACL Summer · saison régulière,19,0.842,7.48,250.0,5.0,54.0,255.0
Zyko,Dragonsteel,NACL,Support,NACL Summer · saison régulière,21,0.857,3.89,242.0,6.0,54.0,248.0
Spirax,Dragonsteel,NACL,Mid,NACL Summer · saison régulière,21,0.857,5.07,230.0,6.0,54.0,236.0
eXyu,Fear x Starforge,NACL,Jungle,NACL Summer · saison régulière,22,0.636,3.92,217.0,2.0,54.0,219.0
Zamudo,Dragonsteel,NACL,Top,NACL Summer · saison régulière,21,0.857,2.65,212.0,6.0,54.0,218.0
Srtty,FlyQuest NZXT,NACL,Top,NACL Summer · saison régulière,23,0.609,3.38,200.0,4.0,54.0,204.0
Chime,FlyQuest NZXT,NACL,Support,NACL Summer · saison régulière,23,0.609,3.33,168.0,4.0,54.0,172.0
Sheiden,FlyQuest NZXT,NACL,Jungle,NACL Summer · saison régulière,23,0.609,4.62,167.0,4.0,54.0,171.0
sajed,FlyQuest NZXT,NACL,ADC,NACL Summer · saison régulière,23,0.609,6.51,165.0,4.0,54.0,169.0
Instinct,Fear x Starforge,NACL,ADC,NACL Summer · saison régulière,22,0.636,4.83,123.0,2.0,54.0,125.0
Diamond,Supernova,NACL,Support,NACL Summer · saison régulière,23,0.609,3.21,114.0,8.0,54.0,122.0
Faisal,Supernova,NACL,Top,NACL Summer · saison régulière,23,0.609,3.31,110.0,8.0,54.0,118.0
Kenvi,Supernova,NACL,Jungle,NACL Summer · saison régulière,23,0.609,3.35,94.0,8.0,54.0,102.0
KryRa,CCG Esports,NACL,Jungle,NACL Summer · saison régulière,7,0.286,4.71,107.0,-6.0,54.0,101.0
Kaido,Area of Effect Esports,NACL,Jungle,NACL Summer · saison régulière,6,0.333,3.08,102.0,-1.0,54.0,101.0
Mobility,Area of Effect Esports,NACL,ADC,NACL Summer · saison régulière,6,0.333,6.14,97.0,-1.0,54.0,96.0
Winsome,Fear x Starforge,NACL,Support,NACL Summer · saison régulière,22,0.636,2.18,71.0,2.0,54.0,73.0
Crimson,CCG Esports,NACL,Top,NACL Summer · saison régulière,22,0.318,2.65,63.0,-9.0,54.0,54.0
Poome,Disguised,NACL,Support,NACL Summer · saison régulière,19,0.421,2.55,53.0,-5.0,54.0,48.0
Samikin,Blue Otter,NACL,Mid,NACL Summer · saison régulière,23,0.478,3.91,47.0,-0.0,54.0,47.0
Spawn,Team Liquid Challengers,NACL,ADC,NACL Summer · saison régulière,21,0.476,5.97,36.0,6.0,54.0,42.0
Keel,Team Liquid Challengers,NACL,Jungle,NACL Summer · saison régulière,21,0.476,5.07,35.0,6.0,54.0,41.0
Wilson,Komodo,NACL,Jungle,NACL Summer · saison régulière,2,0.0,0.9,41.0,-2.0,54.0,39.0
Ablazeolive,Fear x Starforge,NACL,Mid,NACL Summer · saison régulière,22,0.636,3.71,37.0,2.0,54.0,39.0
Music,Blue Otter,NACL,Jungle,NACL Summer · saison régulière,23,0.478,3.24,32.0,-0.0,54.0,32.0
Jenkins,Team Liquid Challengers,NACL,Top,NACL Summer · saison régulière,21,0.476,3.11,21.0,6.0,54.0,27.0
Rovex,Blue Otter,NACL,Support,NACL Summer · saison régulière,23,0.478,2.79,24.0,-0.0,54.0,24.0
Qwacker,Blue Otter,NACL,Top,NACL Summer · saison régulière,23,0.478,2.47,21.0,-0.0,54.0,21.0
Levitate,Blue Otter,NACL,ADC,NACL Summer · saison régulière,23,0.478,4.54,13.0,-0.0,54.0,13.0
Lens,Supernova,NACL,ADC,NACL Summer · saison régulière,23,0.609,3.65,2.0,8.0,54.0,10.0
Roamer,Team Liquid Challengers,NACL,Mid,NACL Summer · saison régulière,21,0.476,3.62,3.0,6.0,54.0,9.0
Trevor,CCG Esports,NACL,Support,NACL Summer · saison régulière,22,0.318,2.25,17.0,-9.0,54.0,8.0
Philip,Fear x Starforge,NACL,Top,NACL Summer · saison régulière,22,0.636,2.95,-0.0,2.0,54.0,2.0
Kim Down,Team Liquid Challengers,NACL,Support,NACL Summer · saison régulière,21,0.476,2.55,-12.0,6.0,54.0,-6.0
SkyTec,Winthrop University,NACL,Support,NACL Summer · saison régulière,21,0.381,1.86,-35.0,1.0,54.0,-34.0
Toasty,Supernova,NACL,Mid,NACL Summer · saison régulière,23,0.609,4.25,-43.0,8.0,54.0,-35.0
shochi,CCG Esports,NACL,Mid,NACL Summer · saison régulière,22,0.318,2.89,-33.0,-9.0,54.0,-42.0
Tenacity,Disguised,NACL,Top,NACL Summer · saison régulière,21,0.381,2.52,-41.0,-8.0,54.0,-49.0
Denathor,Winthrop University,NACL,Top,NACL Summer · saison régulière,19,0.421,2.01,-58.0,2.0,54.0,-56.0
DARKWINGS,Winthrop University,NACL,Mid,NACL Summer · saison régulière,21,0.381,3.03,-59.0,1.0,54.0,-58.0
Yukino,Disguised,NACL,Jungle,NACL Summer · saison régulière,21,0.381,3.3,-50.0,-8.0,54.0,-58.0
Onat,Area of Effect Esports,NACL,Mid,NACL Summer · saison régulière,11,0.273,2.91,-64.0,-5.0,54.0,-69.0
Young,Disguised,NACL,Mid,NACL Summer · saison régulière,21,0.381,3.03,-91.0,-8.0,54.0,-99.0
Breezy,Area of Effect Esports,NACL,Support,NACL Summer · saison régulière,25,0.28,2.07,-92.0,-8.0,54.0,-100.0
Minui,Disguised,NACL,ADC,NACL Summer · saison régulière,22,0.318,3.5,-95.0,-8.0,54.0,-103.0
Airren,Winthrop University,NACL,ADC,NACL Summer · saison régulière,21,0.381,3.52,-113.0,1.0,54.0,-112.0
winnie,Winthrop University,NACL,Jungle,NACL Summer · saison régulière,21,0.381,2.91,-114.0,1.0,54.0,-113.0
Cozy,Area of Effect Esports,NACL,Top,NACL Summer · saison régulière,11,0.273,1.93,-130.0,-5.0,54.0,-135.0
Wixxi,Area of Effect Esports,NACL,ADC,NACL Summer · saison régulière,17,0.294,2.62,-149.0,-5.0,54.0,-154.0
ROCKBOOM,CCG Esports,NACL,ADC,NACL Summer · saison régulière,4,0.5,2.62,-157.0,-3.0,54.0,-160.0
Dec0y,Apex Mission Impossible,NACL,Top,NACL Summer · saison régulière,2,0.0,3.25,-173.0,-1.0,54.0,-174.0
Chad,CCG Esports,NACL,Jungle,NACL Summer · saison régulière,15,0.333,2.14,-233.0,-3.0,54.0,-236.0
Cupic,Area of Effect Esports,NACL,Mid,NACL Summer · saison régulière,14,0.286,2.43,-279.0,-4.0,54.0,-283.0
Nxi,Area of Effect Esports,NACL,Jungle,NACL Summer · saison régulière,17,0.294,2.5,-302.0,-5.0,54.0,-307.0
Berik,grompcord,NACL,Top,NACL Summer · saison régulière,11,0.273,1.46,-311.0,-2.0,54.0,-313.0
Array,Dragoon's Goons,NACL,ADC,NACL · saison régulière,34,0.735,7.16,312.0,6.0,53.0,318.0
Bradley,FlyQuest NZXT,NACL,Mid,NACL · saison régulière,9,0.778,6.29,284.0,2.0,54.0,286.0
Mixtsure,Lotus,NACL,Support,NACL · saison régulière,30,0.667,3.49,223.0,6.0,53.0,229.0
Sudzzi,Dragoon's Goons,NACL,Mid,NACL · saison régulière,34,0.735,4.54,212.0,6.0,53.0,218.0
Sushee,Lotus,NACL,ADC,NACL · saison régulière,30,0.667,5.29,192.0,6.0,53.0,198.0
RobbyBob,Lotus,NACL,Mid,NACL · saison régulière,30,0.667,3.65,160.0,6.0,53.0,166.0
Horder,Pulse Star,NACL,Top,NACL · saison régulière,31,0.548,2.48,154.0,6.0,53.0,160.0
Neo,GAM Esports,VCS,ADC,NACL · saison régulière,5,0.2,3.23,158.0,-2.0,54.0,156.0
Daption,Dragoon's Goons,NACL,Support,NACL · saison régulière,34,0.735,3.22,148.0,6.0,53.0,154.0
Porsche,Lotus,NACL,Top,NACL · saison régulière,30,0.667,2.91,138.0,6.0,53.0,144.0
Ariendel,Pulse Star,NACL,Mid,NACL · saison régulière,30,0.533,3.89,129.0,4.0,53.0,133.0
Instinct,Fear x Starforge,NACL,ADC,NACL · saison régulière,9,0.778,5.08,123.0,2.0,54.0,125.0
links,Komodo,NACL,ADC,NACL · saison régulière,25,0.6,5.83,118.0,4.0,54.0,122.0
PicaPica,Komodo,NACL,Support,NACL · saison régulière,21,0.571,3.12,118.0,3.0,54.0,121.0
KryRa,CCG Esports,NACL,Jungle,NACL · saison régulière,6,0.833,10.78,107.0,9.0,54.0,116.0
Kaido,Area of Effect Esports,NACL,Jungle,NACL · saison régulière,9,0.556,5.48,102.0,6.0,54.0,108.0
Mobility,Area of Effect Esports,NACL,ADC,NACL · saison régulière,21,0.524,4.63,97.0,7.0,54.0,104.0
Crimson,CCG Esports,NACL,Top,NACL · saison régulière,15,0.8,4.21,63.0,11.0,54.0,74.0
Inori,Black Rock Esports,NACL,Jungle,NACL · saison régulière,10,0.6,3.03,62.0,4.0,54.0,66.0
Azog,Pulse Star,NACL,ADC,NACL · saison régulière,18,0.5,3.28,56.0,-0.0,54.0,56.0
Wilson,Komodo,NACL,Jungle,NACL · saison régulière,25,0.56,3.45,41.0,6.0,54.0,47.0
Samikin,Blue Otter,NACL,Mid,NACL · saison régulière,14,0.643,6.27,47.0,0.0,54.0,47.0
DrCalculus,DUCKIE GETTERS,NACL,Top,NACL · saison régulière,27,0.593,3.8,45.0,1.0,54.0,46.0
Hiccup1357,DUCKIE GETTERS,NACL,Support,NACL · saison régulière,27,0.593,4.53,37.0,1.0,54.0,38.0
Music,Blue Otter,NACL,Jungle,NACL · saison régulière,14,0.643,3.49,32.0,0.0,54.0,32.0
Trevor,CCG Esports,NACL,Support,NACL · saison régulière,15,0.8,5.1,17.0,11.0,54.0,28.0
Rovex,Blue Otter,NACL,Support,NACL · saison régulière,14,0.643,4.56,24.0,0.0,54.0,24.0
SageWabe,Pulse Star,NACL,ADC,NACL · saison régulière,13,0.462,5.52,17.0,3.0,54.0,20.0
Roughbeanz,DUCKIE GETTERS,NACL,Mid,NACL · saison régulière,27,0.593,4.57,15.0,1.0,54.0,16.0
Kisno,Dragoon's Goons,NACL,Jungle,NACL · saison régulière,45,0.644,3.98,7.0,7.0,53.0,14.0
Doxa,Komodo,NACL,Support,NACL · saison régulière,16,0.562,3.05,4.0,3.0,54.0,7.0
Lawrence,Blue Otter,NACL,Top,NACL · saison régulière,14,0.643,2.78,-3.0,0.0,54.0,-3.0
Dragoon,Dragoon's Goons,NACL,Top,NACL · saison régulière,45,0.644,1.97,-17.0,7.0,53.0,-10.0
Pockus,Apex Mission Impossible,NACL,Support,NACL · saison régulière,15,0.467,3.24,-14.0,-0.0,54.0,-14.0
Lojaz,Apex Mission Impossible,NACL,Jungle,NACL · saison régulière,15,0.467,3.05,-15.0,-0.0,54.0,-15.0
shochi,CCG Esports,NACL,Mid,NACL · saison régulière,6,0.833,3.68,-33.0,9.0,54.0,-24.0
Sword,Winthrop University,NACL,Mid,NACL · saison régulière,12,0.5,4.11,-26.0,1.0,54.0,-25.0
Bio,DUCKIE GETTERS,NACL,Jungle,NACL · saison régulière,27,0.593,3.5,-28.0,1.0,54.0,-27.0
Will,Pulse Star,NACL,Jungle,NACL · saison régulière,31,0.548,4.98,-41.0,6.0,53.0,-35.0
Bazz,Apex Mission Impossible,NACL,ADC,NACL · saison régulière,15,0.467,4.57,-37.0,-0.0,54.0,-37.0
Clyde,Gentle Hearts Gaming,NACL,Support,NACL · saison régulière,11,0.454,2.53,-46.0,0.0,54.0,-46.0
Zalt,Apex Mission Impossible,NACL,Mid,NACL · saison régulière,15,0.467,3.51,-46.0,-0.0,54.0,-46.0
Yukino,Disguised,NACL,Jungle,NACL · saison régulière,9,0.778,3.33,-50.0,2.0,54.0,-48.0
Ivan,ReluminateGG,NACL,Jungle,NACL · saison régulière,11,0.454,3.14,-51.0,-2.0,54.0,-53.0
Denathor,Winthrop University,NACL,Top,NACL · saison régulière,12,0.5,3.53,-58.0,1.0,54.0,-57.0
Enthralled,DUCKIE GETTERS,NACL,ADC,NACL · saison régulière,27,0.593,3.02,-59.0,1.0,54.0,-58.0
Onat,Area of Effect Esports,NACL,Mid,NACL · saison régulière,16,0.438,3.2,-64.0,5.0,54.0,-59.0
PCL,Gentle Hearts Gaming,NACL,Top,NACL · saison régulière,15,0.333,2.58,-62.0,-0.0,54.0,-62.0
Castle,L’art de la Guerre,NACL,Jungle,NACL · saison régulière,10,0.4,3.82,-71.0,-3.0,54.0,-74.0
Menace,Pulse Star,NACL,Mid,NACL · saison régulière,15,0.467,2.94,-75.0,-1.0,54.0,-76.0
Likeamaws,ReluminateGG,NACL,Mid,NACL · saison régulière,11,0.454,2.86,-77.0,-2.0,54.0,-79.0
Breezy,Area of Effect Esports,NACL,Support,NACL · saison régulière,9,0.556,4.33,-92.0,6.0,54.0,-86.0
Devin,Gentle Hearts Gaming,NACL,ADC,NACL · saison régulière,15,0.333,2.98,-87.0,-0.0,54.0,-87.0
Nightstar,ReluminateGG,NACL,ADC,NACL · saison régulière,11,0.454,3.77,-85.0,-2.0,54.0,-87.0
XiaoDanny,Gentle Hearts Gaming,NACL,Mid,NACL · saison régulière,15,0.333,3.97,-88.0,-0.0,54.0,-88.0
Lancelot Link,ReluminateGG,NACL,Top,NACL · saison régulière,11,0.454,2.37,-96.0,-2.0,54.0,-98.0
Dardoch,Lotus,NACL,Jungle,NACL · saison régulière,34,0.588,4.74,-113.0,3.0,53.0,-110.0
Prismal,Pulse Star,NACL,ADC,NACL · saison régulière,36,0.5,3.18,-122.0,4.0,53.0,-118.0
Cozy,Area of Effect Esports,NACL,Top,NACL · saison régulière,9,0.556,2.71,-130.0,6.0,54.0,-124.0
realms,Guangdong Flying Tigers,NACL,Support,NACL · saison régulière,14,0.429,3.0,-126.0,-3.0,54.0,-129.0
A Bee,Black Rock Esports,NACL,Support,NACL · saison régulière,14,0.429,2.85,-125.0,-4.0,54.0,-129.0
Kookykrook,PepeTinkyWinky,NACL,Top,NACL · saison régulière,12,0.333,2.41,-132.0,-2.0,54.0,-134.0
Chookies,Winthrop University,NACL,Support,NACL · saison régulière,12,0.5,3.02,-135.0,1.0,54.0,-134.0
Kross,Gentle Hearts Gaming,NACL,Jungle,NACL · saison régulière,15,0.333,2.63,-138.0,-0.0,54.0,-138.0
InoriB,Black Rock Esports,NACL,ADC,NACL · saison régulière,14,0.429,3.21,-141.0,-4.0,54.0,-145.0
ROCKBOOM,CCG Esports,NACL,ADC,NACL · saison régulière,17,0.529,3.36,-157.0,9.0,54.0,-148.0
Diesel,Black Rock Esports,NACL,Top,NACL · saison régulière,14,0.429,1.74,-168.0,-4.0,54.0,-172.0
Puppeh,PepeTinkyWinky,NACL,ADC,NACL · saison régulière,12,0.333,2.48,-170.0,-2.0,54.0,-172.0
Dec0y,Apex Mission Impossible,NACL,Top,NACL · saison régulière,13,0.385,2.18,-173.0,-4.0,54.0,-177.0
Winking,Pee N W's,NACL,ADC,NACL · saison régulière,11,0.364,3.18,-190.0,-3.0,54.0,-193.0
Evanlai,Guangdong Flying Tigers,NACL,Jungle,NACL · saison régulière,12,0.333,3.17,-189.0,-5.0,54.0,-194.0
Allorim,Komodo,NACL,Top,NACL · saison régulière,16,0.438,2.66,-204.0,1.0,54.0,-203.0
Eliass,Guangdong Flying Tigers,NACL,Mid,NACL · saison régulière,12,0.333,2.95,-204.0,-5.0,54.0,-209.0
Plux,LiT Esports,NACL,Support,NACL · saison régulière,11,0.364,2.29,-253.0,0.0,54.0,-253.0
Messages,LiT Esports,NACL,Mid,NACL · saison régulière,11,0.364,4.0,-301.0,0.0,54.0,-301.0
Berik,grompcord,NACL,Top,NACL · saison régulière,2,0.0,1.88,-311.0,-2.0,54.0,-313.0
crackadon,Black Rock Esports,NACL,Jungle,NACL · saison régulière,11,0.182,2.39,-327.0,-10.0,54.0,-337.0
Rito,CORE 128,NEXO,Support,NEXO Split 1 · playoffs,7,1.0,6.86,-251.0,4.0,54.0,-247.0
Prominence,Oxygen Gaming,NEXO,Jungle,NEXO Split 1 · playoffs,2,0.0,2.5,-326.0,-1.0,54.0,-327.0
Poweh,Oxygen Gaming,NEXO,Top,NEXO Split 1 · playoffs,2,0.0,2.62,-330.0,-1.0,54.0,-331.0
Joki37,CORE 128,NEXO,Jungle,NEXO Split 1 · playoffs,7,1.0,4.38,-345.0,4.0,54.0,-341.0
Midnight,CORE 128,NEXO,Mid,NEXO Split 1 · playoffs,7,1.0,6.89,-360.0,4.0,54.0,-356.0
ManoloGap,CORE 128,NEXO,Top,NEXO Split 1 · playoffs,7,1.0,4.0,-404.0,4.0,54.0,-400.0
Kaii,CORE 128,NEXO,ADC,NEXO Split 1 · playoffs,7,1.0,5.0,-409.0,4.0,54.0,-405.0
Ninten,eQuizers,NEXO,Support,NEXO Split 1 · playoffs,2,0.0,2.33,-420.0,-4.0,54.0,-424.0
Sorrow,Kawaii Kiwis,NEXO,ADC,NEXO Split 1 · playoffs,3,0.333,3.33,-434.0,-2.0,54.0,-436.0
Marcv1,Oxygen Gaming,NEXO,ADC,NEXO Split 1 · playoffs,2,0.0,2.67,-459.0,-1.0,54.0,-460.0
Gilito,eQuizers,NEXO,Support,NEXO Split 1 · playoffs,1,1.0,3.0,-514.0,-0.0,54.0,-514.0
Dyenn,Kawaii Kiwis,NEXO,Mid,NEXO Split 1 · playoffs,3,0.333,4.9,-528.0,-2.0,54.0,-530.0
Ibai,eQuizers,NEXO,ADC,NEXO Split 1 · playoffs,3,0.333,4.67,-528.0,-4.0,54.0,-532.0
Eskiper,Green Dolphin Gaming,NEXO,Support,NEXO Split 1 · playoffs,9,0.444,2.76,-552.0,4.0,54.0,-548.0
Bolyy1,Oxygen Gaming,NEXO,Support,NEXO Split 1 · playoffs,2,0.0,2.0,-557.0,-1.0,54.0,-558.0
Opeduy,eQuizers,NEXO,Mid,NEXO Split 1 · playoffs,3,0.333,3.5,-561.0,-4.0,54.0,-565.0
King,Falke Esports,NEXO,ADC,NEXO Split 1 · playoffs,2,0.0,4.17,-585.0,-1.0,54.0,-586.0
Ardo,Kawaii Kiwis,NEXO,Support,NEXO Split 1 · playoffs,3,0.333,4.08,-588.0,-2.0,54.0,-590.0
Deceller,Kawaii Kiwis,NEXO,Jungle,NEXO Split 1 · playoffs,3,0.333,2.69,-588.0,-2.0,54.0,-590.0
Parlita,eQuizers,NEXO,Top,NEXO Split 1 · playoffs,3,0.333,2.8,-588.0,-4.0,54.0,-592.0
Taba,eQuizers,NEXO,Jungle,NEXO Split 1 · playoffs,3,0.333,2.05,-591.0,-4.0,54.0,-595.0
Dani,Kawaii Kiwis,NEXO,Top,NEXO Split 1 · playoffs,3,0.333,3.0,-605.0,-2.0,54.0,-607.0
Zherathor,Oxygen Gaming,NEXO,Mid,NEXO Split 1 · playoffs,2,0.0,3.83,-624.0,-1.0,54.0,-625.0
Ivama,Green Dolphin Gaming,NEXO,Jungle,NEXO Split 1 · playoffs,9,0.444,3.05,-638.0,4.0,54.0,-634.0
Thaizz,Green Dolphin Gaming,NEXO,Mid,NEXO Split 1 · playoffs,9,0.444,2.56,-654.0,4.0,54.0,-650.0
Magico,Falke Esports,NEXO,Mid,NEXO Split 1 · playoffs,2,0.0,2.09,-671.0,-1.0,54.0,-672.0
DoubleB,Green Dolphin Gaming,NEXO,Top,NEXO Split 1 · playoffs,9,0.444,2.58,-723.0,4.0,54.0,-719.0
Fugu,Falke Esports,NEXO,Top,NEXO Split 1 · playoffs,2,0.0,2.46,-728.0,-1.0,54.0,-729.0
Rito,CORE 128,NEXO,Support,NEXO Split 1 · saison régulière,5,0.8,5.0,-251.0,4.0,54.0,-247.0
escoX,Guinea Pink,NEXO,Support,NEXO Split 1 · saison régulière,6,0.5,3.58,-274.0,-2.0,54.0,-276.0
Prominence,Oxygen Gaming,NEXO,Jungle,NEXO Split 1 · saison régulière,6,0.833,4.24,-326.0,2.0,54.0,-324.0
Poweh,Oxygen Gaming,NEXO,Top,NEXO Split 1 · saison régulière,6,0.833,4.06,-330.0,2.0,54.0,-328.0
Serch,Universae Instituto FP,NEXO,Mid,NEXO Split 1 · saison régulière,5,0.4,4.71,-341.0,-2.0,54.0,-343.0
Joki37,CORE 128,NEXO,Jungle,NEXO Split 1 · saison régulière,6,0.667,5.19,-345.0,1.0,54.0,-344.0
Midnight,CORE 128,NEXO,Mid,NEXO Split 1 · saison régulière,6,0.667,4.06,-360.0,1.0,54.0,-359.0
Arven,Guinea Pink,NEXO,Mid,NEXO Split 1 · saison régulière,6,0.5,3.26,-358.0,-2.0,54.0,-360.0
Yoangi,Guinea Pink,NEXO,ADC,NEXO Split 1 · saison régulière,6,0.5,4.05,-378.0,-2.0,54.0,-380.0
Urgaleex,Tan'i eSports,NEXO,Top,NEXO Split 1 · saison régulière,7,0.571,2.95,-395.0,0.0,54.0,-395.0
ManoloGap,CORE 128,NEXO,Top,NEXO Split 1 · saison régulière,6,0.667,4.62,-404.0,1.0,54.0,-403.0
Kaii,CORE 128,NEXO,ADC,NEXO Split 1 · saison régulière,6,0.667,9.0,-409.0,1.0,54.0,-408.0
Sorrow,Kawaii Kiwis,NEXO,ADC,NEXO Split 1 · saison régulière,5,0.6,2.61,-434.0,1.0,54.0,-433.0
Sh3ry,Tan'i eSports,NEXO,Support,NEXO Split 1 · saison régulière,7,0.571,4.81,-445.0,0.0,54.0,-445.0
Marcv1,Oxygen Gaming,NEXO,ADC,NEXO Split 1 · saison régulière,6,0.833,7.3,-459.0,2.0,54.0,-457.0
Waide,Universae Instituto FP,NEXO,Jungle,NEXO Split 1 · saison régulière,3,0.667,5.4,-475.0,1.0,54.0,-474.0
Gilito,eQuizers,NEXO,Support,NEXO Split 1 · saison régulière,6,0.833,3.25,-514.0,6.0,54.0,-508.0
Ibai,eQuizers,NEXO,ADC,NEXO Split 1 · saison régulière,6,0.833,7.17,-528.0,6.0,54.0,-522.0
Dyenn,Kawaii Kiwis,NEXO,Mid,NEXO Split 1 · saison régulière,5,0.6,6.12,-528.0,1.0,54.0,-527.0
Eskiper,Green Dolphin Gaming,NEXO,Support,NEXO Split 1 · saison régulière,1,1.0,1.0,-552.0,1.0,54.0,-551.0
Opeduy,eQuizers,NEXO,Mid,NEXO Split 1 · saison régulière,6,0.833,15.8,-561.0,6.0,54.0,-555.0
Bolyy1,Oxygen Gaming,NEXO,Support,NEXO Split 1 · saison régulière,6,0.833,4.0,-557.0,2.0,54.0,-555.0
Johnarnau,DREN Esports,LIT,Top,NEXO Split 1 · saison régulière,5,0.6,2.89,-564.0,4.0,54.0,-560.0
ALNSHT,Universae Instituto FP,NEXO,ADC,NEXO Split 1 · saison régulière,9,0.444,4.03,-562.0,-1.0,54.0,-563.0
Parlita,eQuizers,NEXO,Top,NEXO Split 1 · saison régulière,6,0.833,4.06,-588.0,6.0,54.0,-582.0
Taba,eQuizers,NEXO,Jungle,NEXO Split 1 · saison régulière,6,0.833,3.08,-591.0,6.0,54.0,-585.0
King,Falke Esports,NEXO,ADC,NEXO Split 1 · saison régulière,5,0.4,2.79,-585.0,-2.0,54.0,-587.0
Deceller,Kawaii Kiwis,NEXO,Jungle,NEXO Split 1 · saison régulière,5,0.6,2.43,-588.0,1.0,54.0,-587.0
Ardo,Kawaii Kiwis,NEXO,Support,NEXO Split 1 · saison régulière,4,0.5,2.57,-588.0,-0.0,54.0,-588.0
Boohis,Universae Instituto FP,NEXO,Support,NEXO Split 1 · saison régulière,9,0.444,3.89,-595.0,-1.0,54.0,-596.0
Dani,Kawaii Kiwis,NEXO,Top,NEXO Split 1 · saison régulière,5,0.6,4.88,-605.0,1.0,54.0,-604.0
Stargazer,Ceuta Guardians,NEXO,Jungle,NEXO Split 1 · saison régulière,1,1.0,12.5,-609.0,3.0,54.0,-606.0
Zherathor,Oxygen Gaming,NEXO,Mid,NEXO Split 1 · saison régulière,6,0.833,6.08,-624.0,2.0,54.0,-622.0
Knika,Guinea Pink,NEXO,Top,NEXO Split 1 · saison régulière,6,0.5,3.38,-624.0,-2.0,54.0,-626.0
Yaavi,Malvinas Gaming EU,NEXO,ADC,NEXO Split 1 · saison régulière,8,0.25,3.86,-625.0,-2.0,54.0,-627.0
Akrantor,Universae Instituto FP,NEXO,Top,NEXO Split 1 · saison régulière,9,0.444,3.52,-634.0,-1.0,54.0,-635.0
Ivama,Green Dolphin Gaming,NEXO,Jungle,NEXO Split 1 · saison régulière,6,0.5,3.24,-638.0,-1.0,54.0,-639.0
Kellie,Malvinas Gaming EU,NEXO,Support,NEXO Split 1 · saison régulière,6,0.333,2.46,-645.0,0.0,54.0,-645.0
Thaizz,Green Dolphin Gaming,NEXO,Mid,NEXO Split 1 · saison régulière,6,0.5,2.65,-654.0,-1.0,54.0,-655.0
eRelevant,PRINCIPALITY,NEXO,Support,NEXO Split 1 · saison régulière,6,0.5,4.39,-673.0,2.0,54.0,-671.0
Magico,Falke Esports,NEXO,Mid,NEXO Split 1 · saison régulière,6,0.5,3.53,-671.0,-0.0,54.0,-671.0
Phyro,Universae Instituto FP,NEXO,Jungle,NEXO Split 1 · saison régulière,6,0.333,3.82,-676.0,-2.0,54.0,-678.0
Rewound,Guinea Pink,NEXO,Jungle,NEXO Split 1 · saison régulière,6,0.5,5.0,-687.0,-2.0,54.0,-689.0
Pinkmin,Melilla Titans,NEXO,Support,NEXO Split 1 · saison régulière,11,0.364,2.33,-704.0,-2.0,54.0,-706.0
JForteX,Dream Makers,NEXO,Support,NEXO Split 1 · saison régulière,4,0.5,2.93,-709.0,0.0,54.0,-709.0
Javielin,Melilla Titans,NEXO,Jungle,NEXO Split 1 · saison régulière,8,0.375,2.5,-710.0,-1.0,54.0,-711.0
PatxiPirata,Malvinas Gaming EU,NEXO,Top,NEXO Split 1 · saison régulière,8,0.25,1.57,-721.0,-2.0,54.0,-723.0
DoubleB,Green Dolphin Gaming,NEXO,Top,NEXO Split 1 · saison régulière,6,0.5,2.07,-723.0,-1.0,54.0,-724.0
Enigma,Malvinas Gaming EU,NEXO,Mid,NEXO Split 1 · saison régulière,8,0.25,4.24,-723.0,-2.0,54.0,-725.0
Fugu,Falke Esports,NEXO,Top,NEXO Split 1 · saison régulière,6,0.5,3.21,-728.0,-0.0,54.0,-728.0
Guanch0,Tan'i eSports,NEXO,Mid,NEXO Split 1 · saison régulière,7,0.571,3.81,-739.0,0.0,54.0,-739.0
Ace,Melilla Titans,NEXO,ADC,NEXO Split 1 · saison régulière,10,0.4,3.21,-740.0,-1.0,54.0,-741.0
Nacho,Tan'i eSports,NEXO,Jungle,NEXO Split 1 · saison régulière,7,0.571,3.43,-766.0,0.0,54.0,-766.0
Chama,Falke Esports,NEXO,ADC,NEXO Split 1 · saison régulière,6,0.5,4.87,-780.0,-0.0,54.0,-780.0
ItsCoto,Malvinas Gaming EU,NEXO,Jungle,NEXO Split 1 · saison régulière,8,0.25,2.68,-785.0,-2.0,54.0,-787.0
Zaiiche,Melilla Titans,NEXO,Top,NEXO Split 1 · saison régulière,11,0.364,2.18,-792.0,-2.0,54.0,-794.0
Droekt,Melilla Titans,NEXO,Mid,NEXO Split 1 · saison régulière,11,0.364,3.03,-816.0,-2.0,54.0,-818.0
Wiker,Tan'i eSports,NEXO,ADC,NEXO Split 1 · saison régulière,4,0.25,3.0,-894.0,-3.0,54.0,-897.0
Black,Ceuta Guardians,NEXO,ADC,NEXO Split 1 · saison régulière,6,0.167,2.85,-926.0,-4.0,54.0,-930.0
escoX,Guinea Pink,NEXO,Support,NEXO Split 2 · playoffs,8,1.0,9.0,-274.0,10.0,54.0,-264.0
Prominence,Oxygen Gaming,NEXO,Jungle,NEXO Split 2 · playoffs,8,1.0,7.5,-326.0,10.0,54.0,-316.0
Poweh,Oxygen Gaming,NEXO,Top,NEXO Split 2 · playoffs,8,1.0,9.89,-330.0,10.0,54.0,-320.0
Serch,Universae Instituto FP,NEXO,Mid,NEXO Split 2 · playoffs,8,1.0,12.82,-341.0,10.0,54.0,-331.0
Favorito,Veni Vidi Vici,NEXO,Jungle,NEXO Split 2 · playoffs,7,0.429,2.91,-364.0,-0.0,54.0,-364.0
Yoangi,Guinea Pink,NEXO,ADC,NEXO Split 2 · playoffs,8,1.0,10.21,-378.0,10.0,54.0,-368.0
Marcv1,Oxygen Gaming,NEXO,ADC,NEXO Split 2 · playoffs,2,0.0,1.67,-459.0,-2.0,54.0,-461.0
Bruno,CORE 128,NEXO,Jungle,NEXO Split 2 · playoffs,6,0.5,1.7,-485.0,-0.0,54.0,-485.0
Aggress1on,Veni Vidi Vici,NEXO,ADC,NEXO Split 2 · playoffs,7,0.429,4.33,-491.0,-0.0,54.0,-491.0
topo,Universae Instituto FP,NEXO,Top,NEXO Split 2 · playoffs,3,0.0,0.64,-499.0,-4.0,54.0,-503.0
Ibai,eQuizers,NEXO,ADC,NEXO Split 2 · playoffs,6,0.5,1.87,-528.0,-0.0,54.0,-528.0
Quetz,Guinea Pink,NEXO,Mid,NEXO Split 2 · playoffs,6,0.5,1.92,-541.0,-0.0,54.0,-541.0
Kurilius,Kawaii Kiwis,NEXO,ADC,NEXO Split 2 · playoffs,2,0.0,4.25,-554.0,-3.0,54.0,-557.0
Jervo,Veni Vidi Vici,NEXO,Top,NEXO Split 2 · playoffs,7,0.429,5.07,-560.0,-0.0,54.0,-560.0
ALNSHT,Universae Instituto FP,NEXO,ADC,NEXO Split 2 · playoffs,3,0.0,1.21,-562.0,-4.0,54.0,-566.0
Red,Guinea Pink,NEXO,Support,NEXO Split 2 · playoffs,6,0.5,1.55,-576.0,-0.0,54.0,-576.0
Universe,Veni Vidi Vici,NEXO,Mid,NEXO Split 2 · playoffs,7,0.429,3.75,-579.0,-0.0,54.0,-579.0
Parlita,eQuizers,NEXO,Top,NEXO Split 2 · playoffs,2,0.0,0.75,-588.0,-2.0,54.0,-590.0
Tirex,Universae Instituto FP,NEXO,Mid,NEXO Split 2 · playoffs,3,0.0,0.59,-589.0,-4.0,54.0,-593.0
Boohis,Universae Instituto FP,NEXO,Support,NEXO Split 2 · playoffs,3,0.0,1.7,-595.0,-4.0,54.0,-599.0
Dani,Kawaii Kiwis,NEXO,Top,NEXO Split 2 · playoffs,2,0.0,5.33,-605.0,-3.0,54.0,-608.0
Emvipi,Kawaii Kiwis,NEXO,Jungle,NEXO Split 2 · playoffs,2,0.0,1.71,-621.0,-3.0,54.0,-624.0
Kellie,Malvinas Gaming EU,NEXO,Support,NEXO Split 2 · playoffs,2,0.0,1.18,-645.0,-2.0,54.0,-647.0
oRisko,Universae Instituto FP,NEXO,Jungle,NEXO Split 2 · playoffs,3,0.0,0.73,-654.0,-4.0,54.0,-658.0
Rewound,Guinea Pink,NEXO,Jungle,NEXO Split 2 · playoffs,2,0.0,2.0,-687.0,-2.0,54.0,-689.0
Pinkmin,Melilla Titans,NEXO,Support,NEXO Split 2 · playoffs,7,0.429,3.78,-704.0,-0.0,54.0,-704.0
PatxiPirata,Malvinas Gaming EU,NEXO,Top,NEXO Split 2 · playoffs,6,0.5,1.39,-721.0,-0.0,54.0,-721.0
Droekt,Melilla Titans,NEXO,Mid,NEXO Split 2 · playoffs,2,0.0,3.0,-816.0,-3.0,54.0,-819.0
escoX,Guinea Pink,NEXO,Support,NEXO Split 2 · saison régulière,4,0.75,3.0,-274.0,-4.0,54.0,-278.0
Prominence,Oxygen Gaming,NEXO,Jungle,NEXO Split 2 · saison régulière,4,0.75,2.73,-326.0,-4.0,54.0,-330.0
Poweh,Oxygen Gaming,NEXO,Top,NEXO Split 2 · saison régulière,4,0.75,3.62,-330.0,-4.0,54.0,-334.0
Serch,Universae Instituto FP,NEXO,Mid,NEXO Split 2 · saison régulière,4,0.75,3.8,-341.0,-4.0,54.0,-345.0
Favorito,Veni Vidi Vici,NEXO,Jungle,NEXO Split 2 · saison régulière,4,0.5,4.6,-364.0,0.0,54.0,-364.0
Yoangi,Guinea Pink,NEXO,ADC,NEXO Split 2 · saison régulière,4,0.75,3.67,-378.0,-4.0,54.0,-382.0
Urgaleex,Tan'i eSports,NEXO,Top,NEXO Split 2 · saison régulière,11,0.546,1.78,-395.0,-3.0,54.0,-398.0
Marcv1,Oxygen Gaming,NEXO,ADC,NEXO Split 2 · saison régulière,4,0.5,5.67,-459.0,2.0,54.0,-457.0
Waide,Universae Instituto FP,NEXO,Jungle,NEXO Split 2 · saison régulière,10,0.6,3.03,-475.0,-1.0,54.0,-476.0
Bruno,CORE 128,NEXO,Jungle,NEXO Split 2 · saison régulière,5,0.6,8.11,-485.0,3.0,54.0,-482.0
Aggress1on,Veni Vidi Vici,NEXO,ADC,NEXO Split 2 · saison régulière,3,0.667,4.83,-491.0,1.0,54.0,-490.0
topo,Universae Instituto FP,NEXO,Top,NEXO Split 2 · saison régulière,5,0.8,5.0,-499.0,8.0,54.0,-491.0
Gilito,eQuizers,NEXO,Support,NEXO Split 2 · saison régulière,8,0.375,5.41,-514.0,-3.0,54.0,-517.0
Ibai,eQuizers,NEXO,ADC,NEXO Split 2 · saison régulière,5,0.6,3.61,-528.0,3.0,54.0,-525.0
Dyenn,Kawaii Kiwis,NEXO,Mid,NEXO Split 2 · saison régulière,9,0.444,4.15,-528.0,0.0,54.0,-528.0
Quetz,Guinea Pink,NEXO,Mid,NEXO Split 2 · saison régulière,5,0.6,6.2,-541.0,3.0,54.0,-538.0
ALNSHT,Universae Instituto FP,NEXO,ADC,NEXO Split 2 · saison régulière,5,0.8,14.5,-562.0,8.0,54.0,-554.0
Eskiper,Green Dolphin Gaming,NEXO,Support,NEXO Split 2 · saison régulière,12,0.5,2.36,-552.0,-4.0,54.0,-556.0
Kurilius,Kawaii Kiwis,NEXO,ADC,NEXO Split 2 · saison régulière,4,0.25,5.62,-554.0,-2.0,54.0,-556.0
Jervo,Veni Vidi Vici,NEXO,Top,NEXO Split 2 · saison régulière,4,0.5,1.54,-560.0,0.0,54.0,-560.0
Red,Guinea Pink,NEXO,Support,NEXO Split 2 · saison régulière,5,0.6,2.56,-576.0,3.0,54.0,-573.0
Universe,Veni Vidi Vici,NEXO,Mid,NEXO Split 2 · saison régulière,4,0.5,2.0,-579.0,0.0,54.0,-579.0
Tirex,Universae Instituto FP,NEXO,Mid,NEXO Split 2 · saison régulière,5,0.8,9.71,-589.0,8.0,54.0,-581.0
Parlita,eQuizers,NEXO,Top,NEXO Split 2 · saison régulière,4,0.5,3.33,-588.0,2.0,54.0,-586.0
Boohis,Universae Instituto FP,NEXO,Support,NEXO Split 2 · saison régulière,5,0.8,4.4,-595.0,8.0,54.0,-587.0
Dani,Kawaii Kiwis,NEXO,Top,NEXO Split 2 · saison régulière,4,0.25,1.76,-605.0,-2.0,54.0,-607.0
Stargazer,Ceuta Guardians,NEXO,Jungle,NEXO Split 2 · saison régulière,8,0.375,3.81,-609.0,-3.0,54.0,-612.0
Destru,Lotus Knights,NEXO,Mid,NEXO Split 2 · saison régulière,7,0.429,5.72,-612.0,-1.0,54.0,-613.0
Emvipi,Kawaii Kiwis,NEXO,Jungle,NEXO Split 2 · saison régulière,4,0.25,2.47,-621.0,-2.0,54.0,-623.0
Knika,Guinea Pink,NEXO,Top,NEXO Split 2 · saison régulière,9,0.444,3.89,-624.0,0.0,54.0,-624.0
Zherathor,Oxygen Gaming,NEXO,Mid,NEXO Split 2 · saison régulière,5,0.4,4.54,-624.0,-1.0,54.0,-625.0
Kellie,Malvinas Gaming EU,NEXO,Support,NEXO Split 2 · saison régulière,4,0.5,5.0,-645.0,2.0,54.0,-643.0
oRisko,Universae Instituto FP,NEXO,Jungle,NEXO Split 2 · saison régulière,5,0.8,3.69,-654.0,8.0,54.0,-646.0
BlackVodka,Dream Makers,NEXO,ADC,NEXO Split 2 · saison régulière,11,0.546,3.93,-655.0,-3.0,54.0,-658.0
Tempah,Lotus Knights,NEXO,Top,NEXO Split 2 · saison régulière,8,0.375,2.9,-668.0,-3.0,54.0,-671.0
Rainn,UCAM Esports Academy,NEXO,Support,NEXO Split 2 · saison régulière,9,0.444,2.48,-682.0,0.0,54.0,-682.0
Rewound,Guinea Pink,NEXO,Jungle,NEXO Split 2 · saison régulière,4,0.5,6.0,-687.0,2.0,54.0,-685.0
Pinkmin,Melilla Titans,NEXO,Support,NEXO Split 2 · saison régulière,4,0.5,3.0,-704.0,0.0,54.0,-704.0
PatxiPirata,Malvinas Gaming EU,NEXO,Top,NEXO Split 2 · saison régulière,5,0.6,3.0,-721.0,3.0,54.0,-718.0
Hax,Dream Makers,NEXO,Mid,NEXO Split 2 · saison régulière,12,0.5,3.06,-744.0,-4.0,54.0,-748.0
JSaito,Guinea Pink,NEXO,ADC,NEXO Split 2 · saison régulière,8,0.375,4.5,-768.0,-3.0,54.0,-771.0
Droekt,Melilla Titans,NEXO,Mid,NEXO Split 2 · saison régulière,4,0.25,1.94,-816.0,-2.0,54.0,-818.0
Black,Ceuta Guardians,NEXO,ADC,NEXO Split 2 · saison régulière,1,0.0,5.0,-926.0,-1.0,54.0,-927.0
escoX,Guinea Pink,NEXO,Support,NEXO Split 3 · playoffs,3,0.333,3.91,-274.0,2.0,54.0,-272.0
Prominence,Oxygen Gaming,NEXO,Jungle,NEXO Split 3 · playoffs,1,0.0,1.33,-326.0,-1.0,54.0,-327.0
Arven,Guinea Pink,NEXO,Mid,NEXO Split 3 · playoffs,10,0.7,3.88,-358.0,2.0,54.0,-356.0
Yoangi,Guinea Pink,NEXO,ADC,NEXO Split 3 · playoffs,3,0.333,6.29,-378.0,2.0,54.0,-376.0
Ninten,eQuizers,NEXO,Support,NEXO Split 3 · playoffs,10,0.7,3.38,-420.0,2.0,54.0,-418.0
Lvsyan,Dream Makers,NEXO,Mid,NEXO Split 3 · playoffs,3,0.333,2.88,-435.0,-3.0,54.0,-438.0
Marcv1,Oxygen Gaming,NEXO,ADC,NEXO Split 3 · playoffs,10,0.7,4.52,-459.0,2.0,54.0,-457.0
Waide,Universae Instituto FP,NEXO,Jungle,NEXO Split 3 · playoffs,3,0.333,4.67,-475.0,-0.0,54.0,-475.0
topo,Universae Instituto FP,NEXO,Top,NEXO Split 3 · playoffs,3,0.333,3.0,-499.0,-0.0,54.0,-499.0
Dyenn,Kawaii Kiwis,NEXO,Mid,NEXO Split 3 · playoffs,6,0.5,4.62,-528.0,-1.0,54.0,-529.0
Kurilius,Kawaii Kiwis,NEXO,ADC,NEXO Split 3 · playoffs,6,0.5,5.31,-554.0,-1.0,54.0,-555.0
ALNSHT,Universae Instituto FP,NEXO,ADC,NEXO Split 3 · playoffs,3,0.333,4.6,-562.0,-0.0,54.0,-562.0
Zenoken,Erfolg Esports,NEXO,Jungle,NEXO Split 3 · playoffs,3,0.333,6.57,-582.0,2.0,54.0,-580.0
Parlita,eQuizers,NEXO,Top,NEXO Split 3 · playoffs,10,0.7,1.61,-588.0,2.0,54.0,-586.0
Ardo,Kawaii Kiwis,NEXO,Support,NEXO Split 3 · playoffs,6,0.5,2.3,-588.0,-1.0,54.0,-589.0
Tirex,Universae Instituto FP,NEXO,Mid,NEXO Split 3 · playoffs,3,0.333,3.57,-589.0,-0.0,54.0,-589.0
Taba,eQuizers,NEXO,Jungle,NEXO Split 3 · playoffs,10,0.7,4.25,-591.0,2.0,54.0,-589.0
Deceller,Kawaii Kiwis,NEXO,Jungle,NEXO Split 3 · playoffs,3,0.333,4.12,-588.0,-3.0,54.0,-591.0
Boohis,Universae Instituto FP,NEXO,Support,NEXO Split 3 · playoffs,3,0.333,4.33,-595.0,-0.0,54.0,-595.0
Dani,Kawaii Kiwis,NEXO,Top,NEXO Split 3 · playoffs,6,0.5,3.56,-605.0,-1.0,54.0,-606.0
Emvipi,Kawaii Kiwis,NEXO,Jungle,NEXO Split 3 · playoffs,6,0.5,2.77,-621.0,-1.0,54.0,-622.0
Yaavi,Malvinas Gaming EU,NEXO,ADC,NEXO Split 3 · playoffs,3,0.333,3.0,-625.0,-3.0,54.0,-628.0
xGenesis,Erfolg Esports,NEXO,Top,NEXO Split 3 · playoffs,3,0.333,5.0,-641.0,2.0,54.0,-639.0
Kellie,Malvinas Gaming EU,NEXO,Support,NEXO Split 3 · playoffs,3,0.333,1.43,-645.0,-3.0,54.0,-648.0
Magico,Falke Esports,NEXO,Mid,NEXO Split 3 · playoffs,3,0.333,3.8,-671.0,2.0,54.0,-669.0
PatxiPirata,Malvinas Gaming EU,NEXO,Top,NEXO Split 3 · playoffs,3,0.333,2.58,-721.0,-3.0,54.0,-724.0
Alvke,BGA eQuizers,NEXO,Top,NEXO Split 3 · playoffs,1,0.0,1.0,-749.0,-1.0,54.0,-750.0
Chama,Falke Esports,NEXO,ADC,NEXO Split 3 · playoffs,1,0.0,3.0,-780.0,-1.0,54.0,-781.0
PepiineroJr,BGA eQuizers,NEXO,Mid,NEXO Split 3 · playoffs,1,0.0,2.33,-840.0,-1.0,54.0,-841.0
Archacutor,BGA eQuizers,NEXO,Support,NEXO Split 3 · playoffs,1,0.0,0.86,-858.0,-1.0,54.0,-859.0
escoX,Guinea Pink,NEXO,Support,NEXO Split 3 · saison régulière,11,0.636,3.16,-274.0,-1.0,54.0,-275.0
Prominence,Oxygen Gaming,NEXO,Jungle,NEXO Split 3 · saison régulière,9,0.444,3.03,-326.0,0.0,54.0,-326.0
Serch,Universae Instituto FP,NEXO,Mid,NEXO Split 3 · saison régulière,2,1.0,3.0,-341.0,2.0,54.0,-339.0
Arven,Guinea Pink,NEXO,Mid,NEXO Split 3 · saison régulière,10,0.5,3.16,-358.0,2.0,54.0,-356.0
Favorito,Veni Vidi Vici,NEXO,Jungle,NEXO Split 3 · saison régulière,2,1.0,14.0,-364.0,5.0,54.0,-359.0
Yoangi,Guinea Pink,NEXO,ADC,NEXO Split 3 · saison régulière,11,0.636,4.06,-378.0,-1.0,54.0,-379.0
Ninten,eQuizers,NEXO,Support,NEXO Split 3 · saison régulière,4,0.75,7.67,-420.0,4.0,54.0,-416.0
Lvsyan,Dream Makers,NEXO,Mid,NEXO Split 3 · saison régulière,11,0.364,2.98,-435.0,-2.0,54.0,-437.0
Sh3ry,Tan'i eSports,NEXO,Support,NEXO Split 3 · saison régulière,7,0.429,4.2,-445.0,-1.0,54.0,-446.0
Waide,Universae Instituto FP,NEXO,Jungle,NEXO Split 3 · saison régulière,7,0.714,4.13,-475.0,1.0,54.0,-474.0
Bruno,CORE 128,NEXO,Jungle,NEXO Split 3 · saison régulière,5,0.6,4.35,-485.0,1.0,54.0,-484.0
topo,Universae Instituto FP,NEXO,Top,NEXO Split 3 · saison régulière,11,0.454,3.5,-499.0,-2.0,54.0,-501.0
Gilito,eQuizers,NEXO,Support,NEXO Split 3 · saison régulière,5,0.4,2.4,-514.0,-1.0,54.0,-515.0
Dyenn,Kawaii Kiwis,NEXO,Mid,NEXO Split 3 · saison régulière,11,0.818,6.38,-528.0,9.0,54.0,-519.0
Kurilius,Kawaii Kiwis,NEXO,ADC,NEXO Split 3 · saison régulière,11,0.818,6.16,-554.0,9.0,54.0,-545.0
Eskiper,Green Dolphin Gaming,NEXO,Support,NEXO Split 3 · saison régulière,9,0.444,3.07,-552.0,0.0,54.0,-552.0
ALNSHT,Universae Instituto FP,NEXO,ADC,NEXO Split 3 · saison régulière,7,0.714,5.88,-562.0,1.0,54.0,-561.0
Opeduy,eQuizers,NEXO,Mid,NEXO Split 3 · saison régulière,11,0.454,3.97,-561.0,-1.0,54.0,-562.0
Ardo,Kawaii Kiwis,NEXO,Support,NEXO Split 3 · saison régulière,11,0.818,3.32,-588.0,9.0,54.0,-579.0
Zenoken,Erfolg Esports,NEXO,Jungle,NEXO Split 3 · saison régulière,11,0.636,3.03,-582.0,-1.0,54.0,-583.0
King,Falke Esports,NEXO,ADC,NEXO Split 3 · saison régulière,5,0.6,10.43,-585.0,1.0,54.0,-584.0
Deceller,Kawaii Kiwis,NEXO,Jungle,NEXO Split 3 · saison régulière,11,0.364,2.21,-588.0,-2.0,54.0,-590.0
Tirex,Universae Instituto FP,NEXO,Mid,NEXO Split 3 · saison régulière,11,0.454,5.04,-589.0,-2.0,54.0,-591.0
Parlita,eQuizers,NEXO,Top,NEXO Split 3 · saison régulière,12,0.333,1.88,-588.0,-4.0,54.0,-592.0
Taba,eQuizers,NEXO,Jungle,NEXO Split 3 · saison régulière,12,0.333,3.37,-591.0,-4.0,54.0,-595.0
Dani,Kawaii Kiwis,NEXO,Top,NEXO Split 3 · saison régulière,11,0.818,3.74,-605.0,9.0,54.0,-596.0
Boohis,Universae Instituto FP,NEXO,Support,NEXO Split 3 · saison régulière,11,0.454,3.41,-595.0,-2.0,54.0,-597.0
Daksider,Odivelas Sports Club,LPLOL,ADC,NEXO Split 3 · saison régulière,4,0.75,11.83,-604.0,4.0,54.0,-600.0
Stargazer,Ceuta Guardians,NEXO,Jungle,NEXO Split 3 · saison régulière,5,0.4,2.0,-609.0,-1.0,54.0,-610.0
Emvipi,Kawaii Kiwis,NEXO,Jungle,NEXO Split 3 · saison régulière,11,0.818,3.82,-621.0,9.0,54.0,-612.0
Destru,Lotus Knights,NEXO,Mid,NEXO Split 3 · saison régulière,5,0.4,2.95,-612.0,-1.0,54.0,-613.0
Yaavi,Malvinas Gaming EU,NEXO,ADC,NEXO Split 3 · saison régulière,5,0.2,3.65,-625.0,-1.0,54.0,-626.0
xGenesis,Erfolg Esports,NEXO,Top,NEXO Split 3 · saison régulière,9,0.556,3.05,-641.0,-3.0,54.0,-644.0
Kellie,Malvinas Gaming EU,NEXO,Support,NEXO Split 3 · saison régulière,10,0.3,2.14,-645.0,-2.0,54.0,-647.0
oRisko,Universae Instituto FP,NEXO,Jungle,NEXO Split 3 · saison régulière,4,0.0,1.9,-654.0,-3.0,54.0,-657.0
Tempah,Lotus Knights,NEXO,Top,NEXO Split 3 · saison régulière,5,0.4,2.28,-668.0,-1.0,54.0,-669.0
Kandar,Guinea Pink,NEXO,Support,NEXO Split 3 · saison régulière,12,0.333,3.4,-668.0,-4.0,54.0,-672.0
Magico,Falke Esports,NEXO,Mid,NEXO Split 3 · saison régulière,11,0.636,3.21,-671.0,-1.0,54.0,-672.0
Phyro,Universae Instituto FP,NEXO,Jungle,NEXO Split 3 · saison régulière,2,0.5,3.62,-676.0,-1.0,54.0,-677.0
JForteX,Dream Makers,NEXO,Support,NEXO Split 3 · saison régulière,6,0.5,1.93,-709.0,-2.0,54.0,-711.0
PatxiPirata,Malvinas Gaming EU,NEXO,Top,NEXO Split 3 · saison régulière,10,0.3,2.94,-721.0,-2.0,54.0,-723.0
Enigma,Malvinas Gaming EU,NEXO,Mid,NEXO Split 3 · saison régulière,5,0.4,3.93,-723.0,-1.0,54.0,-724.0
DoubleB,Green Dolphin Gaming,NEXO,Top,NEXO Split 3 · saison régulière,6,0.5,1.73,-723.0,-2.0,54.0,-725.0
Alvke,BGA eQuizers,NEXO,Top,NEXO Split 3 · saison régulière,9,0.333,2.58,-749.0,-4.0,54.0,-753.0
JSaito,Guinea Pink,NEXO,ADC,NEXO Split 3 · saison régulière,12,0.333,3.49,-768.0,-4.0,54.0,-772.0
Chama,Falke Esports,NEXO,ADC,NEXO Split 3 · saison régulière,4,0.25,2.75,-780.0,-2.0,54.0,-782.0
ItsCoto,Malvinas Gaming EU,NEXO,Jungle,NEXO Split 3 · saison régulière,2,0.0,1.56,-785.0,-3.0,54.0,-788.0
PepiineroJr,BGA eQuizers,NEXO,Mid,NEXO Split 3 · saison régulière,5,0.2,2.93,-840.0,-2.0,54.0,-842.0
Archacutor,BGA eQuizers,NEXO,Support,NEXO Split 3 · saison régulière,4,0.25,2.28,-858.0,-2.0,54.0,-860.0
Black,Ceuta Guardians,NEXO,ADC,NEXO Split 3 · saison régulière,4,0.0,3.38,-926.0,-3.0,54.0,-929.0
NuQ,Team Phantasma,GLL,Top,NL Spring · saison régulière,6,0.667,3.84,147.0,4.0,54.0,151.0
Deadly,Ici Japon Corp. Esport,LFL,ADC,NL Spring · saison régulière,6,0.667,5.15,139.0,-7.0,54.0,132.0
OMON,Ici Japon Corp. Esport,LFL,Mid,NL Spring · saison régulière,6,0.667,2.57,125.0,-7.0,54.0,118.0
Hadess,Ici Japon Corp. Esport,LFL,Jungle,NL Spring · saison régulière,6,0.667,2.7,117.0,-7.0,54.0,110.0
PatkicaA,Ici Japon Corp. Esport,LFL,Top,NL Spring · saison régulière,6,0.667,4.4,106.0,-7.0,54.0,99.0
Misanthiel,IziDream,NL,Top,NL Spring · saison régulière,6,0.667,4.93,90.0,2.0,54.0,92.0
Kio,MHSC Esport,NL,Top,NL Spring · saison régulière,6,0.667,4.6,92.0,-4.0,54.0,88.0
Axelent,MHSC Esport,NL,ADC,NL Spring · saison régulière,6,0.667,6.46,70.0,-4.0,54.0,66.0
Djoko,MHSC Esport,NL,Jungle,NL Spring · saison régulière,6,0.667,4.81,68.0,-4.0,54.0,64.0
CRoNiiK,IziDream,NL,Jungle,NL Spring · saison régulière,6,0.667,5.69,49.0,2.0,54.0,51.0
Kamiloo,IziDream,NL,Mid,NL Spring · saison régulière,6,0.667,5.22,41.0,2.0,54.0,43.0
Piwek,IziDream,NL,ADC,NL Spring · saison régulière,6,0.667,3.81,32.0,2.0,54.0,34.0
Raïto,Ici Japon Corp. Esport,NL,Support,NL Spring · saison régulière,6,0.667,1.97,28.0,-7.0,54.0,21.0
Zaremba,SNOOZE Esports,ESLOL,Support,NL Spring · saison régulière,6,0.667,4.76,14.0,-4.0,54.0,10.0
Batuuu,BoostGate Esports,TCL,Support,NL Spring · saison régulière,6,0.167,1.49,-6.0,-1.0,54.0,-7.0
xKenzuke,Joblife,NL,Mid,NL Spring · saison régulière,6,0.667,5.6,-24.0,4.0,54.0,-20.0
XERSUS,Klanik Esport,NL,Support,NL Spring · saison régulière,6,0.5,4.56,-34.0,4.0,54.0,-30.0
Phantomles,Klanik Esport,NL,Mid,NL Spring · saison régulière,6,0.667,3.67,-47.0,2.0,54.0,-45.0
Hydra,MHSC Esport,NL,Mid,NL Spring · saison régulière,6,0.667,6.6,-56.0,-4.0,54.0,-60.0
Krimson,Zerance,NL,Jungle,NL Spring · saison régulière,6,0.5,3.67,-66.0,4.0,54.0,-62.0
KKT,Joblife,NL,Jungle,NL Spring · saison régulière,6,0.667,7.07,-77.0,4.0,54.0,-73.0
Highway,IziDream,NL,Support,NL Spring · saison régulière,6,0.667,3.43,-80.0,2.0,54.0,-78.0
Seelame,Joblife,NL,ADC,NL Spring · saison régulière,6,0.667,4.77,-101.0,4.0,54.0,-97.0
Icarus,Esprit Shōnen,NL,Jungle,NL Spring · saison régulière,6,0.667,6.21,-106.0,5.0,54.0,-101.0
kPr,aNc Outplayed,LIT,Top,NL Spring · saison régulière,6,0.667,3.61,-114.0,5.0,54.0,-109.0
PrettyGRE,ZETA,LES,Mid,NL Spring · saison régulière,6,0.667,4.22,-128.0,5.0,54.0,-123.0
Lucker,Esprit Shōnen,NL,ADC,NL Spring · saison régulière,6,0.667,7.0,-141.0,5.0,54.0,-136.0
Xicor,Lille Esport,NL,ADC,NL Spring · saison régulière,6,0.667,5.83,-147.0,2.0,54.0,-145.0
Mafro,Akroma,NL,Jungle,NL Spring · saison régulière,6,0.667,4.5,-151.0,2.0,54.0,-149.0
Nata,Ruddy Corporation,NLC Aurora Open,ADC,NL Spring · saison régulière,6,0.167,1.93,-166.0,-1.0,54.0,-167.0
Abagnale,Akroma,NL,Support,NL Spring · saison régulière,6,0.167,1.85,-166.0,-2.0,54.0,-168.0
Kuroneel,Zerance,NL,Mid,NL Spring · saison régulière,6,0.5,3.0,-192.0,4.0,54.0,-188.0
Raxxo,Esprit Shōnen,NL,Support,NL Spring · saison régulière,6,0.667,3.9,-210.0,5.0,54.0,-205.0
Deimos,Lille Esport,NL,Top,NL Spring · saison régulière,6,0.667,3.44,-216.0,2.0,54.0,-214.0
Zhangsid,Akroma,NL,Mid,NL Spring · saison régulière,6,0.167,2.88,-218.0,-2.0,54.0,-220.0
Enjawve,Joblife,NL,Support,NL Spring · saison régulière,6,0.667,3.3,-235.0,4.0,54.0,-231.0
BewBiou,Project Conquerors,NL,Top,NL Spring · saison régulière,6,0.167,1.12,-251.0,-2.0,54.0,-253.0
Twelve,Zerance,NL,Top,NL Spring · saison régulière,6,0.5,2.71,-271.0,4.0,54.0,-267.0
Gaëthan,GTZ Esports,LPLOL,Top,NL Spring · saison régulière,6,0.167,4.11,-270.0,-1.0,54.0,-271.0
Mishi,Anorthosis Famagusta Esports,GLL,ADC,NL Spring · saison régulière,6,0.167,2.56,-277.0,-2.0,54.0,-279.0
Vespa,Zerance,NL,ADC,NL Spring · saison régulière,6,0.5,3.09,-344.0,4.0,54.0,-340.0
Viking,Akroma,NL,Jungle,NL Spring · saison régulière,6,0.167,1.64,-353.0,-2.0,54.0,-355.0
Metroflox,Parakeet Gaming,HM,Jungle,NL Spring · saison régulière,6,0.167,2.76,-358.0,-2.0,54.0,-360.0
Theoloris,Nativz,NLC,Top,NL Spring · saison régulière,6,0.167,1.35,-497.0,-2.0,54.0,-499.0
Xeltop,Klanik Esport,NL,Mid,NL Spring · saison régulière,6,0.167,2.1,-518.0,-1.0,54.0,-519.0
Monstrob,Once Upon A Team,ESLOL,Mid,NL Spring · saison régulière,6,0.167,2.95,-788.0,-2.0,54.0,-790.0
Deadly,Ici Japon Corp. Esport,LFL,ADC,NL Summer · saison régulière,18,0.833,5.59,139.0,6.0,54.0,145.0
OMON,Ici Japon Corp. Esport,LFL,Mid,NL Summer · saison régulière,18,0.833,5.7,125.0,6.0,54.0,131.0
Hadess,Ici Japon Corp. Esport,LFL,Jungle,NL Summer · saison régulière,18,0.833,5.36,117.0,6.0,54.0,123.0
PatkicaA,Ici Japon Corp. Esport,LFL,Top,NL Summer · saison régulière,18,0.833,3.52,106.0,6.0,54.0,112.0
Kio,MHSC Esport,NL,Top,NL Summer · saison régulière,18,0.778,5.0,92.0,5.0,54.0,97.0
Benaset,IziDream,NL,Support,NL Summer · saison régulière,2,1.0,9.25,89.0,2.0,54.0,91.0
Misanthiel,IziDream,NL,Top,NL Summer · saison régulière,18,0.5,4.52,90.0,-4.0,54.0,86.0
Axelent,MHSC Esport,NL,ADC,NL Summer · saison régulière,18,0.778,8.17,70.0,5.0,54.0,75.0
Djoko,MHSC Esport,NL,Jungle,NL Summer · saison régulière,18,0.778,5.61,68.0,5.0,54.0,73.0
CRoNiiK,IziDream,NL,Jungle,NL Summer · saison régulière,18,0.5,4.32,49.0,-4.0,54.0,45.0
Kamiloo,IziDream,NL,Mid,NL Summer · saison régulière,18,0.5,3.35,41.0,-4.0,54.0,37.0
Raïto,Ici Japon Corp. Esport,NL,Support,NL Summer · saison régulière,18,0.833,3.68,28.0,6.0,54.0,34.0
Piwek,IziDream,NL,ADC,NL Summer · saison régulière,18,0.5,4.98,32.0,-4.0,54.0,28.0
HONOR,Joblife,NL,Support,NL Summer · saison régulière,18,0.722,3.78,22.0,5.0,54.0,27.0
Frappii,Akroma,NL,ADC,NL Summer · saison régulière,8,0.5,3.15,21.0,5.0,54.0,26.0
Zaremba,SNOOZE Esports,ESLOL,Support,NL Summer · saison régulière,18,0.778,3.65,14.0,5.0,54.0,19.0
xKenzuke,Joblife,NL,Mid,NL Summer · saison régulière,18,0.722,5.06,-24.0,5.0,54.0,-19.0
XERSUS,Klanik Esport,NL,Support,NL Summer · saison régulière,11,0.273,2.1,-34.0,-3.0,54.0,-37.0
Eyliph,Esprit Shōnen,NL,Top,NL Summer · saison régulière,18,0.389,2.55,-41.0,-3.0,54.0,-44.0
Difference,Akroma,NL,Top,NL Summer · saison régulière,18,0.389,2.57,-45.0,-0.0,54.0,-45.0
Hydra,MHSC Esport,NL,Mid,NL Summer · saison régulière,18,0.778,5.85,-56.0,5.0,54.0,-51.0
Phantomles,Klanik Esport,NL,Mid,NL Summer · saison régulière,18,0.333,4.92,-47.0,-5.0,54.0,-52.0
Krimson,Zerance,NL,Jungle,NL Summer · saison régulière,7,0.143,1.93,-66.0,-4.0,54.0,-70.0
KKT,Joblife,NL,Jungle,NL Summer · saison régulière,18,0.722,3.53,-77.0,5.0,54.0,-72.0
Highway,IziDream,NL,Support,NL Summer · saison régulière,15,0.467,2.7,-80.0,-6.0,54.0,-86.0
Potent,Joblife,NL,Top,NL Summer · saison régulière,18,0.722,3.54,-92.0,5.0,54.0,-87.0
Seelame,Joblife,NL,ADC,NL Summer · saison régulière,18,0.722,4.79,-101.0,5.0,54.0,-96.0
Envy Carry,Project Conquerors,NL,Mid,NL Summer · saison régulière,18,0.444,2.63,-102.0,4.0,54.0,-98.0
jokaa,NORD Esports,NLC,Jungle,NL Summer · saison régulière,9,0.444,3.29,-106.0,3.0,54.0,-103.0
RustySniper,Venomcrest Esports,NLC Aurora Open,ADC,NL Summer · saison régulière,18,0.444,3.51,-132.0,4.0,54.0,-128.0
Nsurr,Project Conquerors,NL,Support,NL Summer · saison régulière,18,0.444,2.73,-134.0,4.0,54.0,-130.0
Mojito,Klanik Esport,NL,Jungle,NL Summer · saison régulière,8,0.25,2.04,-131.0,-4.0,54.0,-135.0
Lucker,Esprit Shōnen,NL,ADC,NL Summer · saison régulière,18,0.389,3.51,-141.0,-3.0,54.0,-144.0
Xicor,Lille Esport,NL,ADC,NL Summer · saison régulière,18,0.333,3.34,-147.0,-1.0,54.0,-148.0
Mafro,Akroma,NL,Jungle,NL Summer · saison régulière,18,0.389,2.47,-151.0,-0.0,54.0,-151.0
Abagnale,Akroma,NL,Support,NL Summer · saison régulière,18,0.389,1.97,-166.0,-0.0,54.0,-166.0
OWLONSKY,Lille Esport,NL,Jungle,NL Summer · saison régulière,18,0.333,3.38,-176.0,-1.0,54.0,-177.0
HAWHAW,SNOOZE Esports,ESLOL,Mid,NL Summer · saison régulière,18,0.389,3.87,-175.0,-3.0,54.0,-178.0
Snake,Zerance,NL,Support,NL Summer · saison régulière,10,0.4,2.32,-183.0,0.0,54.0,-183.0
Kuroneel,Zerance,NL,Mid,NL Summer · saison régulière,18,0.278,3.65,-192.0,-6.0,54.0,-198.0
Raxxo,Esprit Shōnen,NL,Support,NL Summer · saison régulière,18,0.389,2.51,-210.0,-3.0,54.0,-213.0
Deimos,Lille Esport,NL,Top,NL Summer · saison régulière,18,0.333,2.13,-216.0,-1.0,54.0,-217.0
Zhangsid,Akroma,NL,Mid,NL Summer · saison régulière,18,0.389,3.5,-218.0,-0.0,54.0,-218.0
BewBiou,Project Conquerors,NL,Top,NL Summer · saison régulière,18,0.444,2.48,-251.0,4.0,54.0,-247.0
Lauxio,Klanik Esport,NL,Support,NL Summer · saison régulière,15,0.267,1.6,-247.0,-8.0,54.0,-255.0
Skude,Esprit Shōnen,NL,Jungle,NL Summer · saison régulière,18,0.389,2.43,-263.0,-3.0,54.0,-266.0
Seki,Zerance,NL,Jungle,NL Summer · saison régulière,11,0.364,2.67,-269.0,-2.0,54.0,-271.0
Twelve,Zerance,NL,Top,NL Summer · saison régulière,18,0.278,2.58,-271.0,-6.0,54.0,-277.0
Fatihcan,Klanik Esport,NL,ADC,NL Summer · saison régulière,18,0.333,3.23,-272.0,-5.0,54.0,-277.0
C7,Klanik Esport,NL,Top,NL Summer · saison régulière,18,0.333,1.81,-275.0,-5.0,54.0,-280.0
Passzi,Lille Esport,NL,Support,NL Summer · saison régulière,18,0.333,2.42,-322.0,-1.0,54.0,-323.0
Booshi,Akroma,NL,ADC,NL Summer · saison régulière,10,0.3,3.38,-324.0,-5.0,54.0,-329.0
Frost,Project Conquerors,NL,Jungle,NL Summer · saison régulière,18,0.444,3.88,-340.0,4.0,54.0,-336.0
Evaan,Lille Esport,NL,Mid,NL Summer · saison régulière,18,0.333,2.77,-337.0,-1.0,54.0,-338.0
Vespa,Zerance,NL,ADC,NL Summer · saison régulière,18,0.278,2.61,-344.0,-6.0,54.0,-350.0
Deadly,Ici Japon Corp. Esport,LFL,ADC,NL · playoffs,22,0.818,5.58,139.0,10.0,54.0,149.0
NuQ,Team Phantasma,GLL,Top,NL · playoffs,7,0.143,2.11,147.0,-4.0,54.0,143.0
OMON,Ici Japon Corp. Esport,LFL,Mid,NL · playoffs,22,0.818,5.02,125.0,10.0,54.0,135.0
Hadess,Ici Japon Corp. Esport,LFL,Jungle,NL · playoffs,22,0.818,4.66,117.0,10.0,54.0,127.0
PatkicaA,Ici Japon Corp. Esport,LFL,Top,NL · playoffs,22,0.818,4.54,106.0,10.0,54.0,116.0
Misanthiel,IziDream,NL,Top,NL · playoffs,23,0.609,3.51,90.0,6.0,54.0,96.0
Benaset,IziDream,NL,Support,NL · playoffs,14,0.643,2.56,89.0,4.0,54.0,93.0
Kio,MHSC Esport,NL,Top,NL · playoffs,17,0.412,3.67,92.0,0.0,54.0,92.0
Axelent,MHSC Esport,NL,ADC,NL · playoffs,17,0.412,4.15,70.0,0.0,54.0,70.0
Djoko,MHSC Esport,NL,Jungle,NL · playoffs,17,0.412,4.0,68.0,0.0,54.0,68.0
CRoNiiK,IziDream,NL,Jungle,NL · playoffs,23,0.609,4.69,49.0,6.0,54.0,55.0
Kamiloo,IziDream,NL,Mid,NL · playoffs,23,0.609,3.34,41.0,6.0,54.0,47.0
Piwek,IziDream,NL,ADC,NL · playoffs,23,0.609,4.01,32.0,6.0,54.0,38.0
Raïto,Ici Japon Corp. Esport,NL,Support,NL · playoffs,22,0.818,2.86,28.0,10.0,54.0,38.0
HONOR,Joblife,NL,Support,NL · playoffs,6,0.5,3.23,22.0,-0.0,54.0,22.0
Frappii,Akroma,NL,ADC,NL · playoffs,3,0.0,1.71,21.0,-4.0,54.0,17.0
Zaremba,SNOOZE Esports,ESLOL,Support,NL · playoffs,17,0.412,2.71,14.0,0.0,54.0,14.0
xKenzuke,Joblife,NL,Mid,NL · playoffs,13,0.308,4.45,-24.0,-4.0,54.0,-28.0
XERSUS,Klanik Esport,NL,Support,NL · playoffs,3,0.0,1.63,-34.0,-1.0,54.0,-35.0
Difference,Akroma,NL,Top,NL · playoffs,3,0.0,1.07,-45.0,-4.0,54.0,-49.0
Hydra,MHSC Esport,NL,Mid,NL · playoffs,17,0.412,4.02,-56.0,0.0,54.0,-56.0
Krimson,Zerance,NL,Jungle,NL · playoffs,3,0.0,2.31,-66.0,-1.0,54.0,-67.0
Highway,IziDream,NL,Support,NL · playoffs,9,0.556,2.62,-80.0,2.0,54.0,-78.0
KKT,Joblife,NL,Jungle,NL · playoffs,13,0.308,2.8,-77.0,-4.0,54.0,-81.0
Potent,Joblife,NL,Top,NL · playoffs,6,0.5,1.78,-92.0,-0.0,54.0,-92.0
Seelame,Joblife,NL,ADC,NL · playoffs,13,0.308,3.27,-101.0,-4.0,54.0,-105.0
Envy Carry,Project Conquerors,NL,Mid,NL · playoffs,3,0.0,1.68,-102.0,-4.0,54.0,-106.0
Icarus,Esprit Shōnen,NL,Jungle,NL · playoffs,4,0.25,1.57,-106.0,-4.0,54.0,-110.0
kPr,aNc Outplayed,LIT,Top,NL · playoffs,4,0.25,1.53,-114.0,-4.0,54.0,-118.0
PrettyGRE,ZETA,LES,Mid,NL · playoffs,4,0.25,2.45,-128.0,-4.0,54.0,-132.0
RustySniper,Venomcrest Esports,NLC Aurora Open,ADC,NL · playoffs,3,0.0,1.95,-132.0,-4.0,54.0,-136.0
Nsurr,Project Conquerors,NL,Support,NL · playoffs,3,0.0,2.64,-134.0,-4.0,54.0,-138.0
Lucker,Esprit Shōnen,NL,ADC,NL · playoffs,4,0.25,2.27,-141.0,-4.0,54.0,-145.0
Mafro,Akroma,NL,Jungle,NL · playoffs,3,0.0,1.44,-151.0,-4.0,54.0,-155.0
Abagnale,Akroma,NL,Support,NL · playoffs,3,0.0,0.61,-166.0,-4.0,54.0,-170.0
Kuroneel,Zerance,NL,Mid,NL · playoffs,3,0.0,2.36,-192.0,-1.0,54.0,-193.0
Raxxo,Esprit Shōnen,NL,Support,NL · playoffs,4,0.25,1.89,-210.0,-4.0,54.0,-214.0
Zhangsid,Akroma,NL,Mid,NL · playoffs,3,0.0,2.43,-218.0,-4.0,54.0,-222.0
Enjawve,Joblife,NL,Support,NL · playoffs,7,0.143,2.34,-235.0,-4.0,54.0,-239.0
BewBiou,Project Conquerors,NL,Top,NL · playoffs,3,0.0,2.64,-251.0,-4.0,54.0,-255.0
Twelve,Zerance,NL,Top,NL · playoffs,3,0.0,1.8,-271.0,-1.0,54.0,-272.0
Frost,Project Conquerors,NL,Jungle,NL · playoffs,3,0.0,2.31,-340.0,-4.0,54.0,-344.0
Vespa,Zerance,NL,ADC,NL · playoffs,3,0.0,1.59,-344.0,-1.0,54.0,-345.0
Phantomles,Klanik Esport,NL,Mid,NL · saison régulière,9,0.444,2.87,-47.0,3.0,54.0,-44.0
Trayton,Nameless (French Team),NL,Support,NL · saison régulière,11,0.636,4.76,-98.0,-0.0,54.0,-98.0
Goldenpenny,Klanik Esport,NL,ADC,NL · saison régulière,9,0.444,5.0,-110.0,3.0,54.0,-107.0
Kitano,Nameless (French Team),NL,Top,NL · saison régulière,11,0.636,3.54,-108.0,-0.0,54.0,-108.0
Mojito,Klanik Esport,NL,Jungle,NL · saison régulière,9,0.444,2.23,-131.0,3.0,54.0,-128.0
Tiky,Nameless (French Team),NL,Mid,NL · saison régulière,11,0.636,5.08,-137.0,-0.0,54.0,-137.0
Wakz,Nameless (French Team),NL,ADC,NL · saison régulière,11,0.636,5.0,-146.0,-0.0,54.0,-146.0
Joinze,Nameless (French Team),NL,Jungle,NL · saison régulière,11,0.636,4.08,-164.0,-0.0,54.0,-164.0
C7,Klanik Esport,NL,Top,NL · saison régulière,9,0.444,3.21,-275.0,3.0,54.0,-272.0
Colden,EKO Esports,LIT,Support,NL · saison régulière,9,0.444,1.47,-320.0,3.0,54.0,-317.0
Noodle,Verdant,NLC Aurora Open,Jungle,NLC Aurora Open · playoffs,17,0.765,3.91,-53.0,0.0,54.0,-53.0
Roison,Verdant,NLC Aurora Open,Mid,NLC Aurora Open · playoffs,17,0.765,4.2,-87.0,0.0,54.0,-87.0
Simpy,Regem,NLC Aurora Open,Support,NLC Aurora Open · playoffs,12,0.667,3.25,-106.0,2.0,54.0,-104.0
Buchi,Venomcrest Esports,NLC Aurora Open,Top,NLC Aurora Open · playoffs,16,0.688,2.85,-112.0,7.0,54.0,-105.0
Lindgarde,Regem,NLC Aurora Open,ADC,NLC Aurora Open · playoffs,12,0.667,5.23,-112.0,2.0,54.0,-110.0
RustySniper,Venomcrest Esports,NLC Aurora Open,ADC,NLC Aurora Open · playoffs,16,0.688,3.68,-132.0,7.0,54.0,-125.0
Aklass,Fox Gaming,AL,ADC,NLC Aurora Open · playoffs,3,0.0,2.15,-130.0,-4.0,54.0,-134.0
pr1me,Verdant,NLC Aurora Open,Top,NLC Aurora Open · playoffs,17,0.765,2.84,-153.0,0.0,54.0,-153.0
Raider,Regem,NLC Aurora Open,Top,NLC Aurora Open · playoffs,12,0.667,4.55,-156.0,2.0,54.0,-154.0
FIERCE,Regem,NLC Aurora Open,Mid,NLC Aurora Open · playoffs,12,0.667,4.19,-160.0,2.0,54.0,-158.0
Nata,Ruddy Corporation,NLC Aurora Open,ADC,NLC Aurora Open · playoffs,14,0.643,5.33,-166.0,2.0,54.0,-164.0
Built,Ruddy Corporation,NLC Aurora Open,Top,NLC Aurora Open · playoffs,14,0.643,3.02,-169.0,2.0,54.0,-167.0
Neramin,Verdant,NLC Aurora Open,ADC,NLC Aurora Open · playoffs,17,0.765,2.77,-172.0,0.0,54.0,-172.0
Oleg,Venomcrest Esports,NLC Aurora Open,Jungle,NLC Aurora Open · playoffs,16,0.688,4.19,-247.0,7.0,54.0,-240.0
Scofield,Regem,NLC Aurora Open,Jungle,NLC Aurora Open · playoffs,12,0.667,8.2,-268.0,2.0,54.0,-266.0
Skude,Esprit Shōnen,NL,Jungle,NLC Aurora Open · playoffs,4,0.0,2.89,-263.0,-4.0,54.0,-267.0
Malice,Ruddy Corporation,NLC Aurora Open,Jungle,NLC Aurora Open · playoffs,14,0.643,4.72,-270.0,2.0,54.0,-268.0
BrannMolvik,Bitfix RG,NLC Aurora Open,Top,NLC Aurora Open · playoffs,10,0.6,2.81,-302.0,4.0,54.0,-298.0
Namex,DMG Esports,NLC Aurora Open,ADC,NLC Aurora Open · playoffs,12,0.5,5.41,-304.0,-2.0,54.0,-306.0
Raqo,Ruddy Corporation,NLC Aurora Open,Mid,NLC Aurora Open · playoffs,14,0.643,3.16,-310.0,2.0,54.0,-308.0
Bitse,DMG Esports,NLC Aurora Open,Jungle,NLC Aurora Open · playoffs,12,0.5,4.4,-308.0,-2.0,54.0,-310.0
Painful,Venomcrest Esports,NLC Aurora Open,Mid,NLC Aurora Open · playoffs,16,0.688,3.52,-324.0,7.0,54.0,-317.0
Chrisberg,Bitfix RG,NLC Aurora Open,ADC,NLC Aurora Open · playoffs,12,0.5,3.85,-320.0,2.0,54.0,-318.0
Alaric,Ruddy Corporation,NLC Aurora Open,Support,NLC Aurora Open · playoffs,14,0.643,2.92,-333.0,2.0,54.0,-331.0
Urban,Bitfix RG,NLC Aurora Open,Jungle,NLC Aurora Open · playoffs,12,0.5,3.77,-336.0,2.0,54.0,-334.0
Skaterot,DMG Esports,NLC Aurora Open,Mid,NLC Aurora Open · playoffs,12,0.5,4.44,-335.0,-2.0,54.0,-337.0
WNTR,Lundqvist Lightside,NLC Aurora Open,Top,NLC Aurora Open · playoffs,13,0.462,2.52,-355.0,2.0,54.0,-353.0
Gordinho,Venomcrest Esports,NLC Aurora Open,Support,NLC Aurora Open · playoffs,16,0.688,3.74,-367.0,7.0,54.0,-360.0
Baul,Nativz,NLC,Support,NLC Aurora Open · playoffs,2,0.5,4.83,-366.0,2.0,54.0,-364.0
Snabi,DMG Esports,NLC,Support,NLC Aurora Open · playoffs,9,0.444,2.42,-374.0,-3.0,54.0,-377.0
Slice,Rich Gang,NLC,Jungle,NLC Aurora Open · playoffs,4,0.0,2.38,-375.0,-2.0,54.0,-377.0
Haoswen,Lundqvist Lightside,NLC Aurora Open,Support,NLC Aurora Open · playoffs,13,0.462,2.8,-392.0,2.0,54.0,-390.0
Zuko,DMG Esports,NLC Aurora Open,Support,NLC Aurora Open · playoffs,12,0.5,4.72,-392.0,-2.0,54.0,-394.0
Hunt,NORD Esports,NLC,Mid,NLC Aurora Open · playoffs,4,0.0,2.05,-392.0,-4.0,54.0,-396.0
hybradge,Nativz,NLC,Jungle,NLC Aurora Open · playoffs,8,0.5,3.46,-398.0,1.0,54.0,-397.0
Archfiend,Nativz,NLC Aurora Open,Top,NLC Aurora Open · playoffs,8,0.5,2.36,-413.0,1.0,54.0,-412.0
FGG,Verdant,NLC Aurora Open,Support,NLC Aurora Open · playoffs,17,0.765,3.35,-412.0,0.0,54.0,-412.0
Harbo,Lundqvist Lightside,NLC Aurora Open,Mid,NLC Aurora Open · playoffs,13,0.462,4.05,-421.0,2.0,54.0,-419.0
Baashh,Lundqvist Lightside,NLC Aurora Open,Jungle,NLC Aurora Open · playoffs,13,0.462,3.47,-426.0,2.0,54.0,-424.0
Mirrai,Rich Gang,NLC Aurora Open,ADC,NLC Aurora Open · playoffs,9,0.333,3.52,-439.0,0.0,54.0,-439.0
Hattor1s,Lundqvist Lightside,NLC Aurora Open,ADC,NLC Aurora Open · playoffs,13,0.462,3.58,-452.0,2.0,54.0,-450.0
MKR,BlueWhites,NLC,ADC,NLC Aurora Open · playoffs,8,0.5,3.13,-511.0,1.0,54.0,-510.0
Menninkäinen,DMG Esports,NLC Aurora Open,Top,NLC Aurora Open · playoffs,12,0.5,1.97,-534.0,-2.0,54.0,-536.0
LeoLeCargo,Dynamo Eclot,HM,Support,NLC Aurora Open · playoffs,8,0.5,2.41,-559.0,1.0,54.0,-558.0
FENZ1,Bitfix RG,NLC Aurora Open,Mid,NLC Aurora Open · playoffs,12,0.5,2.61,-689.0,2.0,54.0,-687.0
Yohan,NASR eSports Turkey,TCL,Jungle,NLC Spring · playoffs,9,0.667,4.0,-3.0,-2.0,54.0,-5.0
jinjo,Lionscreed,NLC,ADC,NLC Spring · playoffs,9,0.667,6.25,-70.0,-2.0,54.0,-72.0
Tempt,Lionscreed,NLC,Mid,NLC Spring · playoffs,9,0.667,5.68,-76.0,-2.0,54.0,-78.0
Banderas,Guasones,LES,Top,NLC Spring · playoffs,9,0.667,4.45,-79.0,-2.0,54.0,-81.0
alix,NASR eSports Turkey,TSC,Mid,NLC Spring · playoffs,10,0.7,3.06,-109.0,11.0,54.0,-98.0
Nille,NORD Esports,NLC,Top,NLC Spring · playoffs,8,0.25,2.55,-126.0,-4.0,54.0,-130.0
Leny,Venomcrest Esports,NLC,Top,NLC Spring · playoffs,3,0.0,1.0,-127.0,-5.0,54.0,-132.0
Built,Ruddy Corporation,NLC Aurora Open,Top,NLC Spring · playoffs,10,0.7,3.52,-169.0,11.0,54.0,-158.0
Romeo,NORD Esports,NLC,Support,NLC Spring · playoffs,8,0.25,2.34,-165.0,-4.0,54.0,-169.0
Roshan,SNOOZE Esports,ESLOL,Jungle,NLC Spring · playoffs,8,0.25,2.78,-177.0,-4.0,54.0,-181.0
Kasing,Gamespace Mediterranean College Esports,GLL,Support,NLC Spring · playoffs,9,0.667,4.6,-192.0,-2.0,54.0,-194.0
NattyNatt,Ruddy Corporation,NLC,Jungle,NLC Spring · playoffs,10,0.7,3.74,-290.0,11.0,54.0,-279.0
silkysmath,Ruddy Corporation,NLC,ADC,NLC Spring · playoffs,10,0.7,4.81,-304.0,11.0,54.0,-293.0
justcan,Hazing Chase,TSC,Support,NLC Spring · playoffs,10,0.7,2.65,-315.0,11.0,54.0,-304.0
Mirbs,NORD Esports,NLC,ADC,NLC Spring · playoffs,8,0.25,2.68,-319.0,-4.0,54.0,-323.0
Passzi,Lille Esport,NL,Support,NLC Spring · playoffs,3,0.0,2.09,-322.0,-5.0,54.0,-327.0
Painful,Venomcrest Esports,NLC Aurora Open,Mid,NLC Spring · playoffs,3,0.0,2.5,-324.0,-5.0,54.0,-329.0
Twight,BRUTE,HM,Jungle,NLC Spring · playoffs,3,0.0,1.44,-374.0,-5.0,54.0,-379.0
Deadhound,Venomcrest Esports,NLC,ADC,NLC Spring · playoffs,3,0.0,1.6,-384.0,-5.0,54.0,-389.0
Warszi,NORD Esports,NLC,Mid,NLC Spring · playoffs,8,0.25,2.5,-390.0,-4.0,54.0,-394.0
Yohan,NASR eSports Turkey,TCL,Jungle,NLC Spring · saison régulière,13,0.769,6.33,-3.0,6.0,54.0,3.0
jinjo,Lionscreed,NLC,ADC,NLC Spring · saison régulière,13,0.769,9.81,-70.0,6.0,54.0,-64.0
Tempt,Lionscreed,NLC,Mid,NLC Spring · saison régulière,13,0.769,6.81,-76.0,6.0,54.0,-70.0
Banderas,Guasones,LES,Top,NLC Spring · saison régulière,13,0.769,4.28,-79.0,6.0,54.0,-73.0
Buchi,Venomcrest Esports,NLC Aurora Open,Top,NLC Spring · saison régulière,13,0.385,2.28,-112.0,-2.0,54.0,-114.0
alix,NASR eSports Turkey,TSC,Mid,NLC Spring · saison régulière,14,0.5,2.66,-109.0,-6.0,54.0,-115.0
Nille,NORD Esports,NLC,Top,NLC Spring · saison régulière,14,0.643,4.09,-126.0,4.0,54.0,-122.0
Leny,Venomcrest Esports,NLC,Top,NLC Spring · saison régulière,14,0.571,2.84,-127.0,2.0,54.0,-125.0
Julbu,Verdant,NLC,Jungle,NLC Spring · saison régulière,14,0.5,3.3,-128.0,-1.0,54.0,-129.0
RustySniper,Venomcrest Esports,NLC Aurora Open,ADC,NLC Spring · saison régulière,14,0.429,3.85,-132.0,-1.0,54.0,-133.0
Shawi,Anubis Gaming,AL,Support,NLC Spring · saison régulière,14,0.429,3.44,-132.0,-1.0,54.0,-133.0
Romeo,NORD Esports,NLC,Support,NLC Spring · saison régulière,14,0.643,2.96,-165.0,4.0,54.0,-161.0
Roshan,SNOOZE Esports,ESLOL,Jungle,NLC Spring · saison régulière,14,0.643,4.51,-177.0,4.0,54.0,-173.0
Built,Ruddy Corporation,NLC Aurora Open,Top,NLC Spring · saison régulière,14,0.5,1.96,-169.0,-6.0,54.0,-175.0
Kasing,Gamespace Mediterranean College Esports,GLL,Support,NLC Spring · saison régulière,13,0.769,6.8,-192.0,6.0,54.0,-186.0
Nulu,Nativz,NLC,Mid,NLC Spring · saison régulière,13,0.462,3.05,-232.0,1.0,54.0,-231.0
NattyNatt,Ruddy Corporation,NLC,Jungle,NLC Spring · saison régulière,14,0.5,2.26,-290.0,-6.0,54.0,-296.0
Doxy,Verdant,NLC,Top,NLC Spring · saison régulière,14,0.5,2.86,-296.0,-1.0,54.0,-297.0
Smurfe,Fox Gaming,AL,Top,NLC Spring · saison régulière,14,0.429,2.78,-305.0,-1.0,54.0,-306.0
silkysmath,Ruddy Corporation,NLC,ADC,NLC Spring · saison régulière,14,0.5,2.95,-304.0,-6.0,54.0,-310.0
FlayStation,Verdant,NLC,Support,NLC Spring · saison régulière,14,0.5,3.12,-312.0,-1.0,54.0,-313.0
justcan,Hazing Chase,TSC,Support,NLC Spring · saison régulière,8,0.625,1.82,-315.0,-0.0,54.0,-315.0
Mirbs,NORD Esports,NLC,ADC,NLC Spring · saison régulière,14,0.643,7.48,-319.0,4.0,54.0,-315.0
Passzi,Lille Esport,NL,Support,NLC Spring · saison régulière,14,0.571,4.65,-322.0,2.0,54.0,-320.0
Painful,Venomcrest Esports,NLC Aurora Open,Mid,NLC Spring · saison régulière,14,0.571,3.88,-324.0,2.0,54.0,-322.0
Jejky,Dynamo Eclot,HM,Jungle,NLC Spring · saison régulière,14,0.429,2.57,-321.0,-1.0,54.0,-322.0
Guubi,Verdant,NLC,ADC,NLC Spring · saison régulière,14,0.5,2.98,-369.0,-1.0,54.0,-370.0
Twight,BRUTE,HM,Jungle,NLC Spring · saison régulière,14,0.571,3.66,-374.0,2.0,54.0,-372.0
Deadhound,Venomcrest Esports,NLC,ADC,NLC Spring · saison régulière,14,0.571,4.48,-384.0,2.0,54.0,-382.0
DrChaos,Lundqvist Lightside,NLC,Support,NLC Spring · saison régulière,13,0.385,2.79,-381.0,-2.0,54.0,-383.0
Warszi,NORD Esports,NLC,Mid,NLC Spring · saison régulière,14,0.643,7.82,-390.0,4.0,54.0,-386.0
Emp,Lundqvist Lightside,NLC,Jungle,NLC Spring · saison régulière,13,0.385,3.13,-390.0,-2.0,54.0,-392.0
Edvard,One More Esports,AL,Support,NLC Spring · saison régulière,6,0.333,1.87,-387.0,-6.0,54.0,-393.0
Ragnarr,Lundqvist Lightside,NLC,ADC,NLC Spring · saison régulière,13,0.385,4.03,-395.0,-2.0,54.0,-397.0
Torak,Lundqvist Lightside,NLC,Mid,NLC Spring · saison régulière,13,0.385,2.74,-424.0,-2.0,54.0,-426.0
Kabs,42 Gaming,NLC,ADC,NLC Spring · saison régulière,7,0.429,1.83,-443.0,3.0,54.0,-440.0
Erolle,Verdant,NLC,Mid,NLC Spring · saison régulière,14,0.5,4.82,-440.0,-1.0,54.0,-441.0
Ag0nyPain,DMG Esports,NLC,Mid,NLC Spring · saison régulière,14,0.214,2.14,-509.0,-2.0,54.0,-511.0
Shift,DMG Esports,NLC,Jungle,NLC Spring · saison régulière,14,0.214,1.47,-615.0,-2.0,54.0,-617.0
LVS,DMG Esports,NLC,Top,NLC Spring · saison régulière,13,0.154,1.17,-646.0,-6.0,54.0,-652.0
Simpy,Regem,NLC Aurora Open,Support,NLC Summer · playoffs,12,0.583,2.82,-106.0,2.0,54.0,-104.0
alix,NASR eSports Turkey,TSC,Mid,NLC Summer · playoffs,9,0.556,3.36,-109.0,2.0,54.0,-107.0
Lindgarde,Regem,NLC Aurora Open,ADC,NLC Summer · playoffs,12,0.583,5.29,-112.0,2.0,54.0,-110.0
Buchi,Venomcrest Esports,NLC Aurora Open,Top,NLC Summer · playoffs,5,0.4,2.46,-112.0,1.0,54.0,-111.0
jokaa,NORD Esports,NLC,Jungle,NLC Summer · playoffs,8,0.375,2.35,-106.0,-5.0,54.0,-111.0
Kituruken,Ruddy Corporation,NLC,Jungle,NLC Summer · playoffs,9,0.556,3.53,-126.0,2.0,54.0,-124.0
Leny,Venomcrest Esports,NLC,Top,NLC Summer · playoffs,12,0.583,2.44,-127.0,2.0,54.0,-125.0
Nille,NORD Esports,NLC,Top,NLC Summer · playoffs,8,0.375,3.78,-126.0,-5.0,54.0,-131.0
FIERCE,Regem,NLC Aurora Open,Mid,NLC Summer · playoffs,12,0.583,3.58,-160.0,2.0,54.0,-158.0
Nata,Ruddy Corporation,NLC Aurora Open,ADC,NLC Summer · playoffs,9,0.556,5.58,-166.0,2.0,54.0,-164.0
Built,Ruddy Corporation,NLC Aurora Open,Top,NLC Summer · playoffs,9,0.556,2.77,-169.0,2.0,54.0,-167.0
Romeo,NORD Esports,NLC,Support,NLC Summer · playoffs,8,0.375,2.06,-165.0,-5.0,54.0,-170.0
Theocacs,Venomcrest Esports,NLC,Jungle,NLC Summer · playoffs,12,0.583,3.56,-192.0,2.0,54.0,-190.0
ECSTASSY,NORD Esports,NLC,ADC,NLC Summer · playoffs,8,0.375,3.35,-240.0,-5.0,54.0,-245.0
Namex,DMG Esports,NLC Aurora Open,ADC,NLC Summer · playoffs,5,0.4,3.83,-304.0,1.0,54.0,-303.0
Bitse,DMG Esports,NLC Aurora Open,Jungle,NLC Summer · playoffs,5,0.4,3.06,-308.0,1.0,54.0,-307.0
Alaric,Ruddy Corporation,NLC Aurora Open,Support,NLC Summer · playoffs,9,0.556,2.7,-333.0,2.0,54.0,-331.0
Skaterot,DMG Esports,NLC Aurora Open,Mid,NLC Summer · playoffs,5,0.4,2.8,-335.0,1.0,54.0,-334.0
Snabi,DMG Esports,NLC,Support,NLC Summer · playoffs,5,0.4,3.07,-374.0,1.0,54.0,-373.0
Hunt,NORD Esports,NLC,Mid,NLC Summer · playoffs,8,0.375,3.52,-392.0,-5.0,54.0,-397.0
alix,NASR eSports Turkey,TSC,Mid,NLC Summer · saison régulière,14,0.786,2.53,-109.0,5.0,54.0,-104.0
jokaa,NORD Esports,NLC,Jungle,NLC Summer · saison régulière,6,0.833,3.75,-106.0,2.0,54.0,-104.0
Buchi,Venomcrest Esports,NLC Aurora Open,Top,NLC Summer · saison régulière,13,0.615,2.49,-112.0,6.0,54.0,-106.0
Simpy,Regem,NLC Aurora Open,Support,NLC Summer · saison régulière,14,0.714,4.18,-106.0,0.0,54.0,-106.0
Lindgarde,Regem,NLC Aurora Open,ADC,NLC Summer · saison régulière,14,0.714,8.45,-112.0,0.0,54.0,-112.0
Goldenpenny,Klanik Esport,NL,ADC,NLC Summer · saison régulière,2,0.0,1.6,-110.0,-4.0,54.0,-114.0
Nille,NORD Esports,NLC,Top,NLC Summer · saison régulière,14,0.714,4.03,-126.0,6.0,54.0,-120.0
Kituruken,Ruddy Corporation,NLC,Jungle,NLC Summer · saison régulière,14,0.786,4.77,-126.0,5.0,54.0,-121.0
Leny,Venomcrest Esports,NLC,Top,NLC Summer · saison régulière,14,0.714,3.38,-127.0,0.0,54.0,-127.0
Romeo,NORD Esports,NLC,Support,NLC Summer · saison régulière,14,0.714,2.83,-165.0,6.0,54.0,-159.0
FIERCE,Regem,NLC Aurora Open,Mid,NLC Summer · saison régulière,14,0.714,6.7,-160.0,0.0,54.0,-160.0
Nata,Ruddy Corporation,NLC Aurora Open,ADC,NLC Summer · saison régulière,14,0.786,6.33,-166.0,5.0,54.0,-161.0
Built,Ruddy Corporation,NLC Aurora Open,Top,NLC Summer · saison régulière,14,0.786,4.0,-169.0,5.0,54.0,-164.0
Theocacs,Venomcrest Esports,NLC,Jungle,NLC Summer · saison régulière,14,0.714,5.14,-192.0,0.0,54.0,-192.0
Elijah,Lundqvist Lightside,NLC,Top,NLC Summer · saison régulière,14,0.5,5.46,-199.0,-3.0,54.0,-202.0
ECSTASSY,NORD Esports,NLC,ADC,NLC Summer · saison régulière,14,0.714,7.43,-240.0,6.0,54.0,-234.0
Namex,DMG Esports,NLC Aurora Open,ADC,NLC Summer · saison régulière,14,0.571,3.66,-304.0,5.0,54.0,-299.0
Bitse,DMG Esports,NLC Aurora Open,Jungle,NLC Summer · saison régulière,14,0.571,5.45,-308.0,5.0,54.0,-303.0
Fruity Fresh,UniQ Esports Club,NLC,ADC,NLC Summer · saison régulière,14,0.5,4.82,-304.0,-3.0,54.0,-307.0
Alex234,MOUZ NXT,PRM,Jungle,NLC Summer · saison régulière,7,0.714,5.64,-323.0,6.0,54.0,-317.0
Sumi,UniQ Esports Club,NLC,Mid,NLC Summer · saison régulière,14,0.5,2.94,-323.0,-3.0,54.0,-326.0
Painful,Venomcrest Esports,NLC Aurora Open,Mid,NLC Summer · saison régulière,14,0.286,2.56,-324.0,-2.0,54.0,-326.0
Alaric,Ruddy Corporation,NLC Aurora Open,Support,NLC Summer · saison régulière,14,0.786,3.1,-333.0,5.0,54.0,-328.0
Skaterot,DMG Esports,NLC Aurora Open,Mid,NLC Summer · saison régulière,14,0.571,4.16,-335.0,5.0,54.0,-330.0
Calmsky,Verdant,NLC,Support,NLC Summer · saison régulière,14,0.286,1.8,-329.0,-3.0,54.0,-332.0
Space,Nativz,NLC,ADC,NLC Summer · saison régulière,12,0.333,2.36,-362.0,1.0,54.0,-361.0
Fastlegged,Lundqvist Lightside,NLC,Support,NLC Summer · saison régulière,14,0.5,3.45,-363.0,-3.0,54.0,-366.0
Bartholdy,Lundqvist Lightside,NLC,Jungle,NLC Summer · saison régulière,14,0.5,2.83,-365.0,-3.0,54.0,-368.0
Baul,Nativz,NLC,Support,NLC Summer · saison régulière,14,0.286,2.96,-366.0,-2.0,54.0,-368.0
Snabi,DMG Esports,NLC,Support,NLC Summer · saison régulière,14,0.571,2.93,-374.0,5.0,54.0,-369.0
Hunt,NORD Esports,NLC,Mid,NLC Summer · saison régulière,14,0.714,5.14,-392.0,6.0,54.0,-386.0
hybradge,Nativz,NLC,Jungle,NLC Summer · saison régulière,14,0.286,3.09,-398.0,-2.0,54.0,-400.0
Pomo,BlueWhites,NLC,Mid,NLC Summer · saison régulière,3,0.0,1.0,-408.0,-3.0,54.0,-411.0
Harbo,Lundqvist Lightside,NLC Aurora Open,Mid,NLC Summer · saison régulière,12,0.333,2.84,-421.0,-1.0,54.0,-422.0
Erolle,Verdant,NLC,Mid,NLC Summer · saison régulière,2,0.0,2.6,-440.0,-2.0,54.0,-442.0
SHIHAN,Verdant,NLC,Top,NLC Summer · saison régulière,14,0.286,1.39,-483.0,-3.0,54.0,-486.0
Theoloris,Nativz,NLC,Top,NLC Summer · saison régulière,14,0.286,1.74,-497.0,-2.0,54.0,-499.0
c0st0m,BlueWhites,NLC,Mid,NLC Summer · saison régulière,10,0.2,2.17,-501.0,-3.0,54.0,-504.0
MKR,BlueWhites,NLC,ADC,NLC Summer · saison régulière,13,0.154,2.23,-511.0,-7.0,54.0,-518.0
Voluxa,BlueWhites,NLC,Top,NLC Summer · saison régulière,14,0.143,1.41,-552.0,-8.0,54.0,-560.0
Dopaminw,Verdant,NLC,Jungle,NLC Summer · saison régulière,14,0.286,2.27,-561.0,-3.0,54.0,-564.0
xDrop,Verdant,NLC,ADC,NLC Summer · saison régulière,14,0.286,3.34,-564.0,-3.0,54.0,-567.0
yones,BlueWhites,NLC,Jungle,NLC Summer · saison régulière,9,0.0,1.46,-596.0,-10.0,54.0,-606.0
Egetz,BlueWhites,NLC,Support,NLC Summer · saison régulière,12,0.083,1.21,-629.0,-10.0,54.0,-639.0
Fynox,KAOS e-sport,NLC,ADC,NLC · saison régulière,12,0.75,5.03,-40.0,2.0,54.0,-38.0
Taxvig,KAOS e-sport,NLC,Jungle,NLC · saison régulière,12,0.75,5.94,-91.0,2.0,54.0,-89.0
Zuhy,KAOS e-sport,NLC,Mid,NLC · saison régulière,12,0.75,5.03,-94.0,2.0,54.0,-92.0
Rutzou,KAOS e-sport,NLC,Support,NLC · saison régulière,12,0.75,5.82,-118.0,2.0,54.0,-116.0
Syhm,Lazy In Life,NLC,Support,NLC · saison régulière,10,0.7,4.19,-120.0,3.0,54.0,-117.0
Turtle,KAOS e-sport,NLC,Top,NLC · saison régulière,12,0.75,4.22,-146.0,2.0,54.0,-144.0
Certified,Lazy In Life,NLC,ADC,NLC · saison régulière,10,0.7,3.98,-189.0,3.0,54.0,-186.0
Rakhoon,UniQ Esports Club,NLC,Support,NLC · saison régulière,22,0.546,3.81,-191.0,3.0,54.0,-188.0
Ermin,Garden Gaming,NLC,Support,NLC · saison régulière,16,0.5,3.66,-232.0,-1.0,54.0,-233.0
Kakan,Ruzeh Esports,NLC,Top,NLC · saison régulière,10,0.4,2.14,-235.0,-3.0,54.0,-238.0
SaintSamson,Garden Gaming,NLC,Top,NLC · saison régulière,16,0.5,2.87,-248.0,-1.0,54.0,-249.0
Hatsu,UniQ Esports Club,NLC,Top,NLC · saison régulière,22,0.546,2.93,-252.0,3.0,54.0,-249.0
MKL,Garden Gaming,NLC,ADC,NLC · saison régulière,16,0.5,4.36,-269.0,-1.0,54.0,-270.0
Flipper,Garden Gaming,NLC,Jungle,NLC · saison régulière,16,0.5,3.28,-273.0,-1.0,54.0,-274.0
Pybal,Lazy In Life,NLC,Mid,NLC · saison régulière,14,0.571,3.56,-287.0,0.0,54.0,-287.0
JiT,Ruzeh Esports,NLC,Jungle,NLC · saison régulière,10,0.4,3.5,-286.0,-3.0,54.0,-289.0
Fruity Fresh,UniQ Esports Club,NLC,ADC,NLC · saison régulière,22,0.546,4.09,-304.0,3.0,54.0,-301.0
Squiddly,Garden Gaming,NLC,Mid,NLC · saison régulière,16,0.5,3.13,-302.0,-1.0,54.0,-303.0
Furby,GRP Esports,UL,Mid,NLC · saison régulière,4,0.75,7.75,-321.0,3.0,54.0,-318.0
Sumi,UniQ Esports Club,NLC,Mid,NLC · saison régulière,22,0.546,2.89,-323.0,3.0,54.0,-320.0
Strato,Lazy In Life,NLC,Top,NLC · saison régulière,14,0.571,1.96,-322.0,0.0,54.0,-322.0
SniIIer,Ruzeh Esports,NLC,Support,NLC · saison régulière,10,0.4,2.52,-326.0,-3.0,54.0,-329.0
JayJay,42 Gaming,NLC,Mid,NLC · saison régulière,8,0.5,3.34,-347.0,-0.0,54.0,-347.0
Milkshake,Lazy In Life,NLC,Jungle,NLC · saison régulière,14,0.571,2.74,-348.0,0.0,54.0,-348.0
Virtuso,42 Gaming,NLC,Top,NLC · saison régulière,14,0.286,2.98,-345.0,-3.0,54.0,-348.0
Yashiro,Ruzeh Esports,NLC,ADC,NLC · saison régulière,10,0.4,2.93,-351.0,-3.0,54.0,-354.0
Slice,Rich Gang,NLC,Jungle,NLC · saison régulière,9,0.667,4.61,-375.0,-2.0,54.0,-377.0
Bananiasty,UniQ Esports Club,NLC,Jungle,NLC · saison régulière,22,0.546,4.54,-392.0,3.0,54.0,-389.0
Pomo,BlueWhites,NLC,Mid,NLC · saison régulière,25,0.4,2.56,-408.0,4.0,54.0,-404.0
Baashh,Lundqvist Lightside,NLC Aurora Open,Jungle,NLC · saison régulière,4,0.25,5.36,-426.0,-2.0,54.0,-428.0
Mirrai,Rich Gang,NLC Aurora Open,ADC,NLC · saison régulière,9,0.667,3.34,-439.0,-2.0,54.0,-441.0
Kabs,42 Gaming,NLC,ADC,NLC · saison régulière,6,0.0,2.07,-443.0,-3.0,54.0,-446.0
Rexat,42 Gaming,NLC,Support,NLC · saison régulière,14,0.286,2.67,-456.0,-3.0,54.0,-459.0
Baumeef,42 Gaming,NLC,Jungle,NLC · saison régulière,8,0.5,2.77,-474.0,-0.0,54.0,-474.0
Snurmi,BlueWhites,NLC,ADC,NLC · saison régulière,12,0.333,1.96,-490.0,-1.0,54.0,-491.0
MKR,BlueWhites,NLC,ADC,NLC · saison régulière,13,0.462,3.23,-511.0,5.0,54.0,-506.0
Voluxa,BlueWhites,NLC,Top,NLC · saison régulière,25,0.4,2.15,-552.0,4.0,54.0,-548.0
yones,BlueWhites,NLC,Jungle,NLC · saison régulière,25,0.4,2.47,-596.0,4.0,54.0,-592.0
Crow,Maverix,HM,Support,NLC · saison régulière,5,0.4,2.17,-593.0,1.0,54.0,-592.0
Egetz,BlueWhites,NLC,Support,NLC · saison régulière,25,0.4,2.55,-629.0,4.0,54.0,-625.0
Kino,CTBC Flying Oyster Academy,PCL,Support,PCL Spring · playoffs,8,0.875,5.84,335.0,4.0,54.0,339.0
Hermes,CTBC Flying Oyster Academy,PCL,ADC,PCL Spring · playoffs,8,0.875,9.0,303.0,4.0,54.0,307.0
Hasu7,CTBC Flying Oyster Academy,PCL,Top,PCL Spring · playoffs,8,0.875,3.46,284.0,4.0,54.0,288.0
BiIIy,CTBC Flying Oyster Academy,PCL,Jungle,PCL Spring · playoffs,8,0.875,5.68,284.0,4.0,54.0,288.0
HongQ,CTBC Flying Oyster Academy,PCL,Mid,PCL Spring · playoffs,8,0.875,4.71,260.0,4.0,54.0,264.0
Zkai,PSG Talon Academy,PCL,Top,PCL Spring · playoffs,9,0.556,2.63,256.0,-0.0,54.0,256.0
xin,PSG Talon Academy,PCL,Jungle,PCL Spring · playoffs,9,0.556,4.8,256.0,-0.0,54.0,256.0
SeNBon,PSG Talon Academy,PCL,Mid,PCL Spring · playoffs,9,0.556,6.59,207.0,-0.0,54.0,207.0
TNS,PSG Talon Academy,PCL,Support,PCL Spring · playoffs,9,0.556,3.57,184.0,-0.0,54.0,184.0
Dotmm,PSG Talon Academy,PCL,ADC,PCL Spring · playoffs,9,0.556,6.26,155.0,-0.0,54.0,155.0
Milkcat,Frank Esports Academy,PCL,ADC,PCL Spring · playoffs,5,0.6,5.55,137.0,0.0,54.0,137.0
Pika1,Impunity,PCL,ADC,PCL Spring · playoffs,2,0.0,1.8,111.0,-4.0,54.0,107.0
Simple,Frank Esports Academy,PCL,Support,PCL Spring · playoffs,5,0.6,3.5,96.0,0.0,54.0,96.0
RenHao,Deep Cross Gaming Academy,PCL,Jungle,PCL Spring · playoffs,4,0.5,4.11,63.0,2.0,54.0,65.0
Gaeul,Frank Esports Academy,PCL,Jungle,PCL Spring · playoffs,5,0.6,3.67,64.0,0.0,54.0,64.0
danny1018,Frank Esports Academy,PCL,Top,PCL Spring · playoffs,5,0.6,2.47,40.0,0.0,54.0,40.0
OverT1me,Deep Cross Gaming Academy,PCL,Support,PCL Spring · playoffs,4,0.5,2.07,33.0,2.0,54.0,35.0
ichs,Impunity,PCL,Mid,PCL Spring · playoffs,2,0.0,1.67,27.0,-4.0,54.0,23.0
Shivers,Frank Esports Academy,PCL,Mid,PCL Spring · playoffs,5,0.6,5.4,15.0,0.0,54.0,15.0
Whale,Deep Cross Gaming Academy,PCL,ADC,PCL Spring · playoffs,4,0.5,3.5,-12.0,2.0,54.0,-10.0
kanashimi,Deep Cross Gaming Academy,PCL,Mid,PCL Spring · playoffs,4,0.5,2.73,-18.0,2.0,54.0,-16.0
Masuhana,Deep Cross Gaming Academy,PCL,Top,PCL Spring · playoffs,4,0.5,2.75,-38.0,2.0,54.0,-36.0
fung1028,Impunity,PCL,Jungle,PCL Spring · playoffs,2,0.0,0.46,-54.0,-4.0,54.0,-58.0
En,TNU Eagle (東南飛鷹),PCL,Support,PCL Spring · playoffs,2,0.0,0.47,-115.0,-1.0,54.0,-116.0
BoxeR2,Frank Esports Academy,PCL,Support,PCL Spring · playoffs,2,0.0,1.0,-141.0,-4.0,54.0,-145.0
Abyss,HELL PIGS,PCS,Jungle,PCL Spring · playoffs,2,0.0,1.08,-198.0,-1.0,54.0,-199.0
GuanGuan,HELL PIGS,PCS,Top,PCL Spring · playoffs,2,0.0,1.22,-213.0,-1.0,54.0,-214.0
Lo33v,TNU Eagle (東南飛鷹),PCL,ADC,PCL Spring · playoffs,2,0.0,0.67,-219.0,-1.0,54.0,-220.0
Roger,TNU Eagle (東南飛鷹),PCL,Mid,PCL Spring · playoffs,2,0.0,0.89,-281.0,-1.0,54.0,-282.0
Kino,CTBC Flying Oyster Academy,PCL,Support,PCL Spring · saison régulière,20,0.85,5.95,335.0,2.0,54.0,337.0
Hermes,CTBC Flying Oyster Academy,PCL,ADC,PCL Spring · saison régulière,20,0.85,6.11,303.0,2.0,54.0,305.0
Hasu7,CTBC Flying Oyster Academy,PCL,Top,PCL Spring · saison régulière,20,0.85,5.07,284.0,2.0,54.0,286.0
BiIIy,CTBC Flying Oyster Academy,PCL,Jungle,PCL Spring · saison régulière,20,0.85,7.61,284.0,2.0,54.0,286.0
HongQ,CTBC Flying Oyster Academy,PCL,Mid,PCL Spring · saison régulière,20,0.85,7.21,260.0,2.0,54.0,262.0
Zkai,PSG Talon Academy,PCL,Top,PCL Spring · saison régulière,20,0.8,5.0,256.0,3.0,54.0,259.0
xin,PSG Talon Academy,PCL,Jungle,PCL Spring · saison régulière,20,0.8,4.46,256.0,3.0,54.0,259.0
SeNBon,PSG Talon Academy,PCL,Mid,PCL Spring · saison régulière,20,0.8,7.04,207.0,3.0,54.0,210.0
TNS,PSG Talon Academy,PCL,Support,PCL Spring · saison régulière,20,0.8,4.52,184.0,3.0,54.0,187.0
Dotmm,PSG Talon Academy,PCL,ADC,PCL Spring · saison régulière,20,0.8,5.98,155.0,3.0,54.0,158.0
Milkcat,Frank Esports Academy,PCL,ADC,PCL Spring · saison régulière,22,0.636,4.89,137.0,4.0,54.0,141.0
Yuhe,Impunity,PCL,Top,PCL Spring · saison régulière,12,0.667,3.65,111.0,3.0,54.0,114.0
Pika1,Impunity,PCL,ADC,PCL Spring · saison régulière,24,0.625,5.25,111.0,3.0,54.0,114.0
TNU Alex,TNU Eagle (東南飛鷹),PCL,Jungle,PCL Spring · saison régulière,17,0.706,4.26,105.0,4.0,54.0,109.0
Simple,Frank Esports Academy,PCL,Support,PCL Spring · saison régulière,22,0.636,2.95,96.0,4.0,54.0,100.0
Winn1,West Point Esports Academy,PCL,Top,PCL Spring · saison régulière,15,0.8,4.17,66.0,4.0,54.0,70.0
Gaeul,Frank Esports Academy,PCL,Jungle,PCL Spring · saison régulière,22,0.636,3.64,64.0,4.0,54.0,68.0
RenHao,Deep Cross Gaming Academy,PCL,Jungle,PCL Spring · saison régulière,22,0.546,4.23,63.0,2.0,54.0,65.0
danny1018,Frank Esports Academy,PCL,Top,PCL Spring · saison régulière,22,0.636,2.14,40.0,4.0,54.0,44.0
ichs,Impunity,PCL,Mid,PCL Spring · saison régulière,22,0.682,4.5,27.0,8.0,54.0,35.0
OverT1me,Deep Cross Gaming Academy,PCL,Support,PCL Spring · saison régulière,22,0.546,3.48,33.0,2.0,54.0,35.0
TopRed,Hungkuang Falcon (弘光獵鷹),PCL,Top,PCL Spring · saison régulière,24,0.375,2.32,29.0,5.0,54.0,34.0
Shivers,Frank Esports Academy,PCL,Mid,PCL Spring · saison régulière,22,0.636,4.22,15.0,4.0,54.0,19.0
Horace,Impunity,PCL,Top,PCL Spring · saison régulière,10,0.5,3.23,14.0,0.0,54.0,14.0
Whale,Deep Cross Gaming Academy,PCL,ADC,PCL Spring · saison régulière,22,0.546,5.76,-12.0,2.0,54.0,-10.0
kanashimi,Deep Cross Gaming Academy,PCL,Mid,PCL Spring · saison régulière,22,0.546,4.87,-18.0,2.0,54.0,-16.0
Masuhana,Deep Cross Gaming Academy,PCL,Top,PCL Spring · saison régulière,22,0.546,3.12,-38.0,2.0,54.0,-36.0
JP6RU8,TNU Eagle (東南飛鷹),PCL,Top,PCL Spring · saison régulière,9,0.889,8.25,-52.0,4.0,54.0,-48.0
Azeved,West Point Esports Academy,PCL,Support,PCL Spring · saison régulière,24,0.667,4.41,-54.0,5.0,54.0,-49.0
fung1028,Impunity,PCL,Jungle,PCL Spring · saison régulière,24,0.625,3.51,-54.0,3.0,54.0,-51.0
zkaic,Chienhsin Bear (健行熊),PCL,ADC,PCL Spring · saison régulière,20,0.5,3.51,-67.0,-5.0,54.0,-72.0
1ssue,Hungkuang Falcon (弘光獵鷹),PCL,Support,PCL Spring · saison régulière,24,0.375,3.36,-77.0,5.0,54.0,-72.0
Kerry,HELL PIGS,PCS,Support,PCL Spring · saison régulière,24,0.375,2.29,-94.0,5.0,54.0,-89.0
Maikehan,West Point Esports Academy,PCL,Mid,PCL Spring · saison régulière,20,0.75,5.21,-103.0,8.0,54.0,-95.0
En,TNU Eagle (東南飛鷹),PCL,Support,PCL Spring · saison régulière,19,0.632,3.59,-115.0,3.0,54.0,-112.0
Mist,West Point Esports Academy,PCL,ADC,PCL Spring · saison régulière,23,0.696,6.35,-123.0,6.0,54.0,-117.0
Devoured,West Point Esports Academy,PCL,Jungle,PCL Spring · saison régulière,24,0.667,5.64,-131.0,5.0,54.0,-126.0
Zsouaia,Hungkuang Falcon (弘光獵鷹),PCL,Mid,PCL Spring · saison régulière,14,0.357,4.58,-140.0,2.0,54.0,-138.0
BoxeR2,Frank Esports Academy,PCL,Support,PCL Spring · saison régulière,24,0.625,3.5,-141.0,3.0,54.0,-138.0
Zhifeig,Chienhsin Bear (健行熊),PCL,Mid,PCL Spring · saison régulière,20,0.5,3.38,-135.0,-5.0,54.0,-140.0
bemine,Chienhsin Bear (健行熊),PCL,Jungle,PCL Spring · saison régulière,20,0.5,3.6,-143.0,-5.0,54.0,-148.0
MMG,Chienhsin Bear (健行熊),PCL,Support,PCL Spring · saison régulière,20,0.5,2.52,-145.0,-5.0,54.0,-150.0
1jw,West Point Esports Academy,PCL,Top,PCL Spring · saison régulière,10,0.4,2.54,-174.0,-0.0,54.0,-174.0
Abyss,HELL PIGS,PCS,Jungle,PCL Spring · saison régulière,4,0.5,3.9,-198.0,1.0,54.0,-197.0
GuanGuan,HELL PIGS,PCS,Top,PCL Spring · saison régulière,10,0.4,2.59,-213.0,-1.0,54.0,-214.0
Lo33v,TNU Eagle (東南飛鷹),PCL,ADC,PCL Spring · saison régulière,19,0.632,4.09,-219.0,3.0,54.0,-216.0
Ray,Hungkuang Falcon (弘光獵鷹),PCL,ADC,PCL Spring · saison régulière,2,0.0,1.88,-216.0,-5.0,54.0,-221.0
Ghost,Chienhsin Bear (健行熊),PCL,Support,PCL Spring · saison régulière,20,0.5,2.61,-234.0,-5.0,54.0,-239.0
Senmary,Sengoku Gaming Academy,PCL,Top,PCL Spring · saison régulière,19,0.368,2.86,-242.0,-4.0,54.0,-246.0
Rendi,Hungkuang Falcon (弘光獵鷹),PCL,Mid,PCL Spring · saison régulière,10,0.4,2.0,-279.0,3.0,54.0,-276.0
Roger,TNU Eagle (東南飛鷹),PCL,Mid,PCL Spring · saison régulière,17,0.588,3.34,-281.0,1.0,54.0,-280.0
Kismet,Hungkuang Falcon (弘光獵鷹),PCL,Jungle,PCL Spring · saison régulière,20,0.25,2.22,-286.0,-0.0,54.0,-286.0
Bruce,AXIZ CREST Academy,PCL,Jungle,PCL Spring · saison régulière,20,0.25,2.96,-332.0,-2.0,54.0,-334.0
1buki,Sengoku Gaming Academy,PCL,Mid,PCL Spring · saison régulière,19,0.368,2.35,-339.0,-4.0,54.0,-343.0
Enapon,AXIZ CREST Academy,PCL,Mid,PCL Spring · saison régulière,20,0.25,2.83,-354.0,-2.0,54.0,-356.0
chico,Sengoku Gaming Academy,PCL,ADC,PCL Spring · saison régulière,19,0.368,2.35,-366.0,-4.0,54.0,-370.0
AIM4,AXIZ CREST Academy,PCL,Top,PCL Spring · saison régulière,20,0.25,1.91,-377.0,-2.0,54.0,-379.0
L0SER,AXIZ CREST Academy,PCL,Support,PCL Spring · saison régulière,20,0.25,3.06,-383.0,-2.0,54.0,-385.0
Nesty,Sengoku Gaming Academy,PCL,Jungle,PCL Spring · saison régulière,18,0.389,1.76,-382.0,-4.0,54.0,-386.0
evol,AXIZ CREST Academy,PCL,ADC,PCL Spring · saison régulière,20,0.25,2.67,-523.0,-2.0,54.0,-525.0
Momo,DetonatioN FocusMe Academy,PCL,Top,PCL Spring · saison régulière,23,0.044,0.77,-517.0,-12.0,54.0,-529.0
Sh1vq,AXIZ CREST Academy,PCL,Support,PCL Spring · saison régulière,19,0.368,1.91,-530.0,-4.0,54.0,-534.0
Yuji,DetonatioN FocusMe Academy,PCL,Mid,PCL Spring · saison régulière,23,0.044,0.94,-530.0,-12.0,54.0,-542.0
Kurahuto,DetonatioN FocusMe Academy,PCL,Support,PCL Spring · saison régulière,23,0.044,1.07,-537.0,-12.0,54.0,-549.0
Ham,DetonatioN FocusMe Academy,PCL,Jungle,PCL Spring · saison régulière,23,0.044,1.1,-551.0,-12.0,54.0,-563.0
wanan,DetonatioN FocusMe Academy,PCL,ADC,PCL Spring · saison régulière,23,0.044,1.3,-565.0,-12.0,54.0,-577.0
Perle,V3 Esports Academy,PCL,Top,PCL Spring · saison régulière,11,0.0,0.78,-588.0,-3.0,54.0,-591.0
Tatsu,V3 Esports Academy,PCL,Jungle,PCL Spring · saison régulière,11,0.0,0.68,-614.0,-3.0,54.0,-617.0
ezman,V3 Esports Academy,PCL,ADC,PCL Spring · saison régulière,9,0.0,0.67,-655.0,-3.0,54.0,-658.0
OkerumoN,V3 Esports Academy,PCL,Support,PCL Spring · saison régulière,11,0.0,0.61,-661.0,-3.0,54.0,-664.0
kareha,V3 Esports Academy,PCL,Mid,PCL Spring · saison régulière,11,0.0,0.63,-674.0,-3.0,54.0,-677.0
Kino,CTBC Flying Oyster Academy,PCL,Support,PCL Summer · playoffs,7,1.0,5.6,335.0,5.0,54.0,340.0
Hermes,CTBC Flying Oyster Academy,PCL,ADC,PCL Summer · playoffs,7,1.0,5.81,303.0,5.0,54.0,308.0
Husha,CTBC Flying Oyster Academy,PCL,Jungle,PCL Summer · playoffs,7,1.0,6.16,297.0,5.0,54.0,302.0
Hasu7,CTBC Flying Oyster Academy,PCL,Top,PCL Summer · playoffs,7,1.0,4.5,284.0,5.0,54.0,289.0
Zkai,PSG Talon Academy,PCL,Top,PCL Summer · playoffs,3,0.333,2.0,256.0,-6.0,54.0,250.0
xin,PSG Talon Academy,PCL,Jungle,PCL Summer · playoffs,3,0.333,2.42,256.0,-6.0,54.0,250.0
Adiogs,CTBC Flying Oyster Academy,PCL,Mid,PCL Summer · playoffs,7,1.0,4.67,203.0,5.0,54.0,208.0
SeNBon,PSG Talon Academy,PCL,Mid,PCL Summer · playoffs,3,0.333,2.0,207.0,-6.0,54.0,201.0
TNS,PSG Talon Academy,PCL,Support,PCL Summer · playoffs,3,0.333,2.29,184.0,-6.0,54.0,178.0
Dotmm,PSG Talon Academy,PCL,ADC,PCL Summer · playoffs,3,0.333,2.09,155.0,-6.0,54.0,149.0
Milkcat,Frank Esports Academy,PCL,ADC,PCL Summer · playoffs,6,0.667,4.17,137.0,4.0,54.0,141.0
Pika1,Impunity,PCL,ADC,PCL Summer · playoffs,11,0.454,3.62,111.0,1.0,54.0,112.0
Simple,Frank Esports Academy,PCL,Support,PCL Summer · playoffs,11,0.546,3.78,96.0,2.0,54.0,98.0
Gaeul,Frank Esports Academy,PCL,Jungle,PCL Summer · playoffs,11,0.546,4.12,64.0,2.0,54.0,66.0
RenHao,Deep Cross Gaming Academy,PCL,Jungle,PCL Summer · playoffs,2,0.0,1.08,63.0,-3.0,54.0,60.0
danny1018,Frank Esports Academy,PCL,Top,PCL Summer · playoffs,11,0.546,2.46,40.0,2.0,54.0,42.0
OverT1me,Deep Cross Gaming Academy,PCL,Support,PCL Summer · playoffs,2,0.0,1.38,33.0,-3.0,54.0,30.0
1mmeta1s,Impunity,PCL,Support,PCL Summer · playoffs,13,0.385,2.58,22.0,-2.0,54.0,20.0
Hardy,Chienhsin Bear (健行熊),PCL,Jungle,PCL Summer · playoffs,8,0.375,2.86,15.0,5.0,54.0,20.0
Coining,Frank Esports Academy,PCL,Mid,PCL Summer · playoffs,11,0.546,2.62,12.0,2.0,54.0,14.0
Horace,Impunity,PCL,Top,PCL Summer · playoffs,13,0.385,2.12,14.0,-2.0,54.0,12.0
Ka1ser,Impunity,PCL,Mid,PCL Summer · playoffs,13,0.385,2.29,5.0,-2.0,54.0,3.0
Adizai,Chienhsin Bear (健行熊),PCL,Top,PCL Summer · playoffs,8,0.375,2.1,-6.0,5.0,54.0,-1.0
Cher1shU,Impunity,PCL,ADC,PCL Summer · playoffs,7,0.429,3.0,-1.0,-1.0,54.0,-2.0
Whale,Deep Cross Gaming Academy,PCL,ADC,PCL Summer · playoffs,2,0.0,0.7,-12.0,-3.0,54.0,-15.0
fung1028,Impunity,PCL,Jungle,PCL Summer · playoffs,8,0.25,3.0,-54.0,-5.0,54.0,-59.0
zkaic,Chienhsin Bear (健行熊),PCL,ADC,PCL Summer · playoffs,8,0.375,3.28,-67.0,5.0,54.0,-62.0
Flauren,Deep Cross Gaming Academy,PCL,Top,PCL Summer · playoffs,2,0.0,1.33,-72.0,-3.0,54.0,-75.0
XiaoXiang,Deep Cross Gaming Academy,PCL,Mid,PCL Summer · playoffs,2,0.0,2.4,-107.0,-3.0,54.0,-110.0
Zhifeig,Chienhsin Bear (健行熊),PCL,Mid,PCL Summer · playoffs,8,0.375,2.73,-135.0,5.0,54.0,-130.0
MMG,Chienhsin Bear (健行熊),PCL,Support,PCL Summer · playoffs,8,0.375,2.83,-145.0,5.0,54.0,-140.0
BoxeR2,Frank Esports Academy,PCL,Support,PCL Summer · playoffs,5,0.4,3.0,-141.0,-2.0,54.0,-143.0
Kino,CTBC Flying Oyster Academy,PCL,Support,PCL Summer · saison régulière,29,0.966,5.58,335.0,-7.0,53.0,328.0
Hermes,CTBC Flying Oyster Academy,PCL,ADC,PCL Summer · saison régulière,29,0.966,6.65,303.0,-7.0,53.0,296.0
Husha,CTBC Flying Oyster Academy,PCL,Jungle,PCL Summer · saison régulière,29,0.966,8.38,297.0,-7.0,53.0,290.0
Hasu7,CTBC Flying Oyster Academy,PCL,Top,PCL Summer · saison régulière,29,0.966,3.99,284.0,-7.0,53.0,277.0
Zkai,PSG Talon Academy,PCL,Top,PCL Summer · saison régulière,24,0.875,7.84,256.0,4.0,54.0,260.0
xin,PSG Talon Academy,PCL,Jungle,PCL Summer · saison régulière,24,0.875,5.75,256.0,4.0,54.0,260.0
HongQ,CTBC Flying Oyster Academy,PCL,Mid,PCL Summer · saison régulière,9,1.0,5.94,260.0,-1.0,54.0,259.0
SeNBon,PSG Talon Academy,PCL,Mid,PCL Summer · saison régulière,24,0.875,5.74,207.0,4.0,54.0,211.0
Adiogs,CTBC Flying Oyster Academy,PCL,Mid,PCL Summer · saison régulière,20,0.95,6.31,203.0,-6.0,54.0,197.0
TNS,PSG Talon Academy,PCL,Support,PCL Summer · saison régulière,24,0.875,7.52,184.0,4.0,54.0,188.0
Dotmm,PSG Talon Academy,PCL,ADC,PCL Summer · saison régulière,24,0.875,8.02,155.0,4.0,54.0,159.0
Milkcat,Frank Esports Academy,PCL,ADC,PCL Summer · saison régulière,27,0.667,4.55,137.0,-4.0,54.0,133.0
HotPot,Hungkuang Falcon (弘光獵鷹),PCL,Jungle,PCL Summer · saison régulière,8,0.75,2.83,121.0,4.0,54.0,125.0
Pika1,Impunity,PCL,ADC,PCL Summer · saison régulière,27,0.667,4.55,111.0,7.0,54.0,118.0
Simple,Frank Esports Academy,PCL,Support,PCL Summer · saison régulière,28,0.679,3.2,96.0,-3.0,54.0,93.0
RenHao,Deep Cross Gaming Academy,PCL,Jungle,PCL Summer · saison régulière,25,0.64,5.78,63.0,2.0,54.0,65.0
Winn1,West Point Esports Academy,PCL,Top,PCL Summer · saison régulière,11,0.727,3.26,66.0,-4.0,54.0,62.0
Gaeul,Frank Esports Academy,PCL,Jungle,PCL Summer · saison régulière,29,0.655,4.0,64.0,-4.0,53.0,60.0
danny1018,Frank Esports Academy,PCL,Top,PCL Summer · saison régulière,29,0.655,3.96,40.0,-4.0,53.0,36.0
OverT1me,Deep Cross Gaming Academy,PCL,Support,PCL Summer · saison régulière,25,0.64,4.38,33.0,2.0,54.0,35.0
TopRed,Hungkuang Falcon (弘光獵鷹),PCL,Top,PCL Summer · saison régulière,25,0.52,2.13,29.0,1.0,54.0,30.0
1mmeta1s,Impunity,PCL,Support,PCL Summer · saison régulière,30,0.667,2.88,22.0,4.0,53.0,26.0
Horace,Impunity,PCL,Top,PCL Summer · saison régulière,29,0.655,2.49,14.0,5.0,53.0,19.0
Hardy,Chienhsin Bear (健行熊),PCL,Jungle,PCL Summer · saison régulière,24,0.583,3.51,15.0,-2.0,54.0,13.0
Ka1ser,Impunity,PCL,Mid,PCL Summer · saison régulière,31,0.677,3.65,5.0,4.0,53.0,9.0
Coining,Frank Esports Academy,PCL,Mid,PCL Summer · saison régulière,29,0.655,4.81,12.0,-4.0,53.0,8.0
Cher1shU,Impunity,PCL,ADC,PCL Summer · saison régulière,5,0.8,5.5,-1.0,-4.0,54.0,-5.0
Adizai,Chienhsin Bear (健行熊),PCL,Top,PCL Summer · saison régulière,29,0.586,2.84,-6.0,-2.0,53.0,-8.0
Whale,Deep Cross Gaming Academy,PCL,ADC,PCL Summer · saison régulière,21,0.619,4.24,-12.0,2.0,54.0,-10.0
fung1028,Impunity,PCL,Jungle,PCL Summer · saison régulière,31,0.677,4.39,-54.0,4.0,53.0,-50.0
Azeved,West Point Esports Academy,PCL,Support,PCL Summer · saison régulière,24,0.542,2.5,-54.0,-3.0,54.0,-57.0
JP6RU8,TNU Eagle (東南飛鷹),PCL,Top,PCL Summer · saison régulière,23,0.435,3.54,-52.0,-6.0,54.0,-58.0
zkaic,Chienhsin Bear (健行熊),PCL,ADC,PCL Summer · saison régulière,29,0.586,4.03,-67.0,-2.0,53.0,-69.0
Flauren,Deep Cross Gaming Academy,PCL,Top,PCL Summer · saison régulière,25,0.64,3.57,-72.0,2.0,54.0,-70.0
1ssue,Hungkuang Falcon (弘光獵鷹),PCL,Support,PCL Summer · saison régulière,27,0.482,2.6,-77.0,-1.0,54.0,-78.0
DeathClaw,TNU Eagle (東南飛鷹),PCL,Mid,PCL Summer · saison régulière,13,0.538,3.47,-91.0,-1.0,54.0,-92.0
XiaoXiang,Deep Cross Gaming Academy,PCL,Mid,PCL Summer · saison régulière,25,0.64,6.5,-107.0,2.0,54.0,-105.0
Maikehan,West Point Esports Academy,PCL,Mid,PCL Summer · saison régulière,9,0.333,2.56,-103.0,-8.0,54.0,-111.0
Prage,Hungkuang Falcon (弘光獵鷹),PCL,ADC,PCL Summer · saison régulière,15,0.467,4.62,-118.0,-3.0,54.0,-121.0
En,TNU Eagle (東南飛鷹),PCL,Support,PCL Summer · saison régulière,8,0.5,3.67,-115.0,-7.0,54.0,-122.0
Mist,West Point Esports Academy,PCL,ADC,PCL Summer · saison régulière,29,0.483,3.14,-123.0,-8.0,53.0,-131.0
AIex,TNU Eagle (東南飛鷹),PCL,Support,PCL Summer · saison régulière,18,0.444,3.12,-131.0,-2.0,54.0,-133.0
Zhifeig,Chienhsin Bear (健行熊),PCL,Mid,PCL Summer · saison régulière,29,0.586,3.65,-135.0,-2.0,53.0,-137.0
Devoured,West Point Esports Academy,PCL,Jungle,PCL Summer · saison régulière,29,0.483,2.81,-131.0,-8.0,53.0,-139.0
Zsouaia,Hungkuang Falcon (弘光獵鷹),PCL,Mid,PCL Summer · saison régulière,19,0.474,3.31,-140.0,-2.0,54.0,-142.0
bemine,Chienhsin Bear (健行熊),PCL,Jungle,PCL Summer · saison régulière,7,0.714,5.0,-143.0,1.0,54.0,-142.0
BoxeR2,Frank Esports Academy,PCL,Support,PCL Summer · saison régulière,3,0.333,3.46,-141.0,-2.0,54.0,-143.0
MMG,Chienhsin Bear (健行熊),PCL,Support,PCL Summer · saison régulière,27,0.556,3.37,-145.0,-2.0,54.0,-147.0
Ray,Hungkuang Falcon (弘光獵鷹),PCL,ADC,PCL Summer · saison régulière,20,0.5,2.85,-216.0,3.0,54.0,-213.0
Killer2,Hungkuang Falcon (弘光獵鷹),PCL,Jungle,PCL Summer · saison régulière,15,0.467,2.14,-213.0,-3.0,54.0,-216.0
Lo33v,TNU Eagle (東南飛鷹),PCL,ADC,PCL Summer · saison régulière,21,0.381,3.2,-219.0,-6.0,54.0,-225.0
Rendi,Hungkuang Falcon (弘光獵鷹),PCL,Mid,PCL Summer · saison régulière,4,0.0,0.91,-279.0,-2.0,54.0,-281.0
Roger,TNU Eagle (東南飛鷹),PCL,Mid,PCL Summer · saison régulière,10,0.3,2.65,-281.0,-5.0,54.0,-286.0
ieyasu,TNU Eagle (東南飛鷹),PCL,Jungle,PCL Summer · saison régulière,22,0.454,2.85,-287.0,-5.0,54.0,-292.0
Agrona,West Point Esports Academy,PCL,Mid,PCL Summer · saison régulière,27,0.444,2.77,-329.0,-7.0,54.0,-336.0
TenT,Burning Core Toyama Academy,PCL,ADC,PCL Summer · saison régulière,13,0.154,1.51,-449.0,2.0,54.0,-447.0
Momo,DetonatioN FocusMe Academy,PCL,Top,PCL Summer · saison régulière,24,0.167,1.23,-517.0,14.0,54.0,-503.0
sirottyo,V3 Esports Academy,PCL,Top,PCL Summer · saison régulière,24,0.0,0.77,-514.0,3.0,54.0,-511.0
Yuji,DetonatioN FocusMe Academy,PCL,Mid,PCL Summer · saison régulière,24,0.167,1.18,-530.0,14.0,54.0,-516.0
evol,AXIZ CREST Academy,PCL,ADC,PCL Summer · saison régulière,21,0.143,1.79,-523.0,1.0,54.0,-522.0
Kurahuto,DetonatioN FocusMe Academy,PCL,Support,PCL Summer · saison régulière,24,0.167,1.51,-537.0,14.0,54.0,-523.0
Sh1vq,AXIZ CREST Academy,PCL,Support,PCL Summer · saison régulière,21,0.143,1.56,-530.0,1.0,54.0,-529.0
Ham,DetonatioN FocusMe Academy,PCL,Jungle,PCL Summer · saison régulière,24,0.167,1.4,-551.0,14.0,54.0,-537.0
wanan,DetonatioN FocusMe Academy,PCL,ADC,PCL Summer · saison régulière,24,0.167,1.74,-565.0,14.0,54.0,-551.0
Yuu,Burning Core Toyama Academy,PCL,Top,PCL Summer · saison régulière,17,0.118,0.88,-550.0,-1.0,54.0,-551.0
89,AXIZ CREST Academy,PCL,Jungle,PCL Summer · saison régulière,21,0.143,1.44,-561.0,1.0,54.0,-560.0
Yoshida,AXIZ CREST Academy,PCL,Mid,PCL Summer · saison régulière,21,0.143,1.17,-563.0,1.0,54.0,-562.0
Taicho,AXIZ CREST Academy,PCL,Top,PCL Summer · saison régulière,21,0.143,0.85,-572.0,1.0,54.0,-571.0
HALdesu,Burning Core Toyama Academy,PCL,Jungle,PCL Summer · saison régulière,21,0.095,1.05,-584.0,-0.0,54.0,-584.0
Kentakki,Burning Core Toyama Academy,PCL,Support,PCL Summer · saison régulière,21,0.095,1.02,-592.0,-0.0,54.0,-592.0
Tatsu,V3 Esports Academy,PCL,Jungle,PCL Summer · saison régulière,24,0.0,1.66,-614.0,3.0,54.0,-611.0
Karaage,Burning Core Toyama Academy,PCL,Mid,PCL Summer · saison régulière,21,0.095,1.05,-622.0,-0.0,54.0,-622.0
ezman,V3 Esports Academy,PCL,ADC,PCL Summer · saison régulière,24,0.0,1.36,-655.0,3.0,54.0,-652.0
OkerumoN,V3 Esports Academy,PCL,Support,PCL Summer · saison régulière,24,0.0,1.15,-661.0,3.0,54.0,-658.0
kareha,V3 Esports Academy,PCL,Mid,PCL Summer · saison régulière,24,0.0,1.13,-674.0,3.0,54.0,-671.0
JunJia,PSG Talon,PCS,Jungle,PCS Spring · playoffs,15,0.8,5.97,569.0,5.0,54.0,574.0
Azhi,PSG Talon,PCS,Top,PCS Spring · playoffs,15,0.8,5.86,541.0,5.0,54.0,546.0
Betty,PSG Talon,PCS,ADC,PCS Spring · playoffs,15,0.8,7.96,531.0,5.0,54.0,536.0
Woody,PSG Talon,PCS,Support,PCS Spring · playoffs,15,0.8,8.0,517.0,5.0,54.0,522.0
Maple,PSG Talon,PCS,Mid,PCS Spring · playoffs,15,0.8,10.61,510.0,5.0,54.0,515.0
MnM,Frank Esports,PCS,ADC,PCS Spring · playoffs,20,0.6,5.54,418.0,-3.0,54.0,415.0
Rest,CTBC Flying Oyster,PCS,Top,PCS Spring · playoffs,9,0.333,2.26,391.0,-3.0,54.0,388.0
Gori,CTBC Flying Oyster,PCS,Mid,PCS Spring · playoffs,9,0.333,2.42,381.0,-3.0,54.0,378.0
Feng,Deep Cross Gaming,PCS,ADC,PCS Spring · playoffs,12,0.5,3.56,351.0,-1.0,54.0,350.0
Kaiwing,Frank Esports,PCS,Support,PCS Spring · playoffs,20,0.6,4.09,327.0,-3.0,54.0,324.0
DasheR,Fukuoka SoftBank HAWKS gaming,PCS,Mid,PCS Spring · playoffs,21,0.524,4.35,312.0,12.0,54.0,324.0
SwordArt,CTBC Flying Oyster,PCS,Support,PCS Spring · playoffs,9,0.333,4.14,326.0,-3.0,54.0,323.0
Marble,Fukuoka SoftBank HAWKS gaming,PCS,ADC,PCS Spring · playoffs,21,0.524,5.48,300.0,12.0,54.0,312.0
Shunn,CTBC Flying Oyster,PCS,ADC,PCS Spring · playoffs,9,0.333,3.55,307.0,-3.0,54.0,304.0
1Jiang,Frank Esports,PCS,Top,PCS Spring · playoffs,20,0.6,3.06,301.0,-3.0,54.0,298.0
Husha,CTBC Flying Oyster Academy,PCL,Jungle,PCS Spring · playoffs,12,0.5,3.73,297.0,-1.0,54.0,296.0
Karsa,CTBC Flying Oyster,PCS,Jungle,PCS Spring · playoffs,9,0.333,2.79,298.0,-3.0,54.0,295.0
Forest,Fukuoka SoftBank HAWKS gaming,PCS,Jungle,PCS Spring · playoffs,21,0.524,2.71,270.0,12.0,54.0,282.0
Orca,Deep Cross Gaming,PCS,Support,PCS Spring · playoffs,19,0.474,4.16,279.0,-4.0,54.0,275.0
Evi,Fukuoka SoftBank HAWKS gaming,PCS,Top,PCS Spring · playoffs,21,0.524,2.64,248.0,12.0,54.0,260.0
Cryscata,Deep Cross Gaming,PCS,Mid,PCS Spring · playoffs,19,0.474,3.11,263.0,-4.0,54.0,259.0
Gemini,Frank Esports,PCS,Jungle,PCS Spring · playoffs,20,0.6,3.82,262.0,-3.0,54.0,259.0
S1aytrue,Beyond Gaming,PCS,Support,PCS Spring · playoffs,12,0.5,3.02,257.0,-1.0,54.0,256.0
Vsta,Fukuoka SoftBank HAWKS gaming,PCS,Support,PCS Spring · playoffs,21,0.524,3.79,234.0,12.0,54.0,246.0
Pretender,Frank Esports,PCS,Mid,PCS Spring · playoffs,4,0.5,3.62,240.0,-3.0,54.0,237.0
Taco,Deep Cross Gaming,PCS,Top,PCS Spring · playoffs,19,0.474,3.04,215.0,-4.0,54.0,211.0
Pop9,Deep Cross Gaming,PCS,Jungle,PCS Spring · playoffs,19,0.474,2.81,211.0,-4.0,54.0,207.0
Yutapon,DetonatioN FocusMe,PCS,ADC,PCS Spring · playoffs,13,0.538,5.23,186.0,1.0,54.0,187.0
Aria,DetonatioN FocusMe,PCS,Mid,PCS Spring · playoffs,13,0.538,4.16,169.0,1.0,54.0,170.0
JimieN,Frank Esports,PCS,Mid,PCS Spring · playoffs,16,0.625,4.36,153.0,-0.0,54.0,153.0
Driver,CTBC Flying Oyster,PCS,Top,PCS Spring · playoffs,12,0.5,2.31,147.0,-1.0,54.0,146.0
Tide,Deep Cross Gaming,PCS,ADC,PCS Spring · playoffs,19,0.474,2.91,145.0,-4.0,54.0,141.0
Harp,DetonatioN FocusMe,PCS,Support,PCS Spring · playoffs,13,0.538,3.38,130.0,1.0,54.0,131.0
1116,West Point Esports,PCS,Mid,PCS Spring · playoffs,12,0.5,3.14,127.0,-1.0,54.0,126.0
Steal,DetonatioN FocusMe,PCS,Jungle,PCS Spring · playoffs,13,0.538,3.32,107.0,1.0,54.0,108.0
RayFarky,DetonatioN FocusMe,PCS,Top,PCS Spring · playoffs,13,0.538,2.2,79.0,1.0,54.0,80.0
Leemas,Ground Zero Gaming,PCS,ADC,PCS Spring · playoffs,6,0.333,2.12,37.0,0.0,54.0,37.0
ChiCh1,J Team,PCS,ADC,PCS Spring · playoffs,7,0.429,3.05,29.0,0.0,54.0,29.0
Shernfire,Ground Zero Gaming,PCS,Jungle,PCS Spring · playoffs,6,0.333,1.53,22.0,0.0,54.0,22.0
Lauva,J Team,PCS,Jungle,PCS Spring · playoffs,7,0.429,3.1,20.0,0.0,54.0,20.0
Likai,J Team,PCS,Top,PCS Spring · playoffs,7,0.429,4.08,-4.0,0.0,54.0,-4.0
Thien,Ground Zero Gaming,PCS,Top,PCS Spring · playoffs,6,0.333,1.41,-10.0,0.0,54.0,-10.0
Minji,J Team,PCS,Mid,PCS Spring · playoffs,7,0.429,3.87,-45.0,0.0,54.0,-45.0
Kisee,Vivo Keyd Stars Academy,CBLOLA,Mid,PCS Spring · playoffs,6,0.333,1.75,-55.0,0.0,54.0,-55.0
Enso,J Team,PCS,Support,PCS Spring · playoffs,7,0.429,3.75,-60.0,0.0,54.0,-60.0
TaNa,V3 Esports,LJL,Top,PCS Spring · playoffs,4,0.0,1.0,-181.0,-3.0,54.0,-184.0
Dragku,Antic Esports,LCO,Support,PCS Spring · playoffs,4,0.0,1.13,-195.0,-3.0,54.0,-198.0
zorenous,Antic Esports,LCO,Top,PCS Spring · playoffs,4,0.0,0.61,-200.0,-3.0,54.0,-203.0
Ryoma,Antic Esports,LCO,Mid,PCS Spring · playoffs,4,0.0,1.35,-222.0,-3.0,54.0,-225.0
Acee,V3 Esports,LJL,Mid,PCS Spring · playoffs,4,0.0,1.46,-229.0,-3.0,54.0,-232.0
HRK,V3 Esports,LJL,Jungle,PCS Spring · playoffs,4,0.0,1.25,-241.0,-3.0,54.0,-244.0
Swip3rR,Antic Esports,LCO,Jungle,PCS Spring · playoffs,4,0.0,1.0,-254.0,-3.0,54.0,-257.0
Bini,V3 Esports,LJL,ADC,PCS Spring · playoffs,4,0.0,1.33,-259.0,-3.0,54.0,-262.0
k1ng,Antic Esports,LCO,ADC,PCS Spring · playoffs,4,0.0,1.61,-264.0,-3.0,54.0,-267.0
Hetel,V3 Esports,LJL,Support,PCS Spring · playoffs,4,0.0,1.32,-279.0,-3.0,54.0,-282.0
Benvi,Ground Zero Gaming,LCO,Support,PCS Spring · playoffs,6,0.333,1.63,-341.0,0.0,54.0,-341.0
JunJia,PSG Talon,PCS,Jungle,PCS Spring · saison régulière,24,0.667,4.31,569.0,-14.0,54.0,555.0
Azhi,PSG Talon,PCS,Top,PCS Spring · saison régulière,24,0.667,5.41,541.0,-14.0,54.0,527.0
Betty,PSG Talon,PCS,ADC,PCS Spring · saison régulière,24,0.667,6.15,531.0,-14.0,54.0,517.0
Woody,PSG Talon,PCS,Support,PCS Spring · saison régulière,24,0.667,7.0,517.0,-14.0,54.0,503.0
Maple,PSG Talon,PCS,Mid,PCS Spring · saison régulière,24,0.667,4.37,510.0,-14.0,54.0,496.0
MnM,Frank Esports,PCS,ADC,PCS Spring · saison régulière,19,0.684,7.04,418.0,10.0,54.0,428.0
Rest,CTBC Flying Oyster,PCS,Top,PCS Spring · saison régulière,23,0.783,4.55,391.0,11.0,54.0,402.0
Gori,CTBC Flying Oyster,PCS,Mid,PCS Spring · saison régulière,23,0.783,4.53,381.0,11.0,54.0,392.0
Feng,Deep Cross Gaming,PCS,ADC,PCS Spring · saison régulière,26,0.538,4.4,351.0,4.0,54.0,355.0
SwordArt,CTBC Flying Oyster,PCS,Support,PCS Spring · saison régulière,23,0.783,5.91,326.0,11.0,54.0,337.0
Kaiwing,Frank Esports,PCS,Support,PCS Spring · saison régulière,24,0.583,4.51,327.0,6.0,54.0,333.0
Shunn,CTBC Flying Oyster,PCS,ADC,PCS Spring · saison régulière,23,0.783,6.24,307.0,11.0,54.0,318.0
Karsa,CTBC Flying Oyster,PCS,Jungle,PCS Spring · saison régulière,23,0.783,5.27,298.0,11.0,54.0,309.0
1Jiang,Frank Esports,PCS,Top,PCS Spring · saison régulière,24,0.583,3.88,301.0,6.0,54.0,307.0
Husha,CTBC Flying Oyster Academy,PCL,Jungle,PCS Spring · saison régulière,26,0.538,4.07,297.0,4.0,54.0,301.0
Orca,Deep Cross Gaming,PCS,Support,PCS Spring · saison régulière,23,0.609,5.21,279.0,1.0,54.0,280.0
Gemini,Frank Esports,PCS,Jungle,PCS Spring · saison régulière,24,0.583,5.16,262.0,6.0,54.0,268.0
Cryscata,Deep Cross Gaming,PCS,Mid,PCS Spring · saison régulière,23,0.609,3.88,263.0,1.0,54.0,264.0
S1aytrue,Beyond Gaming,PCS,Support,PCS Spring · saison régulière,26,0.538,3.16,257.0,4.0,54.0,261.0
Pretender,Frank Esports,PCS,Mid,PCS Spring · saison régulière,14,0.571,6.26,240.0,4.0,54.0,244.0
Yursan,J Team,PCS,Support,PCS Spring · saison régulière,16,0.5,4.07,216.0,0.0,54.0,216.0
Taco,Deep Cross Gaming,PCS,Top,PCS Spring · saison régulière,23,0.609,2.55,215.0,1.0,54.0,216.0
Pop9,Deep Cross Gaming,PCS,Jungle,PCS Spring · saison régulière,23,0.609,2.73,211.0,1.0,54.0,212.0
Wako,Frank Esports,PCS,ADC,PCS Spring · saison régulière,11,0.364,2.54,193.0,0.0,54.0,193.0
JimieN,Frank Esports,PCS,Mid,PCS Spring · saison régulière,15,0.467,3.11,153.0,-1.0,54.0,152.0
Driver,CTBC Flying Oyster,PCS,Top,PCS Spring · saison régulière,26,0.538,2.54,147.0,4.0,54.0,151.0
Tide,Deep Cross Gaming,PCS,ADC,PCS Spring · saison régulière,23,0.609,3.65,145.0,1.0,54.0,146.0
1116,West Point Esports,PCS,Mid,PCS Spring · saison régulière,26,0.538,4.0,127.0,4.0,54.0,131.0
Kongyue,West Point Esports,PCS,Jungle,PCS Spring · saison régulière,6,0.333,3.29,68.0,1.0,54.0,69.0
ChiCh1,J Team,PCS,ADC,PCS Spring · saison régulière,11,0.546,4.4,29.0,-2.0,54.0,27.0
Lauva,J Team,PCS,Jungle,PCS Spring · saison régulière,11,0.546,3.4,20.0,-2.0,54.0,18.0
Likai,J Team,PCS,Top,PCS Spring · saison régulière,20,0.5,3.04,-4.0,-1.0,54.0,-5.0
Minji,J Team,PCS,Mid,PCS Spring · saison régulière,22,0.454,3.25,-45.0,-2.0,54.0,-47.0
ICU,HELL PIGS,PCS,Top,PCS Spring · saison régulière,22,0.227,1.96,-46.0,-4.0,54.0,-50.0
Enso,J Team,PCS,Support,PCS Spring · saison régulière,6,0.333,3.86,-60.0,-2.0,54.0,-62.0
Arding,HELL PIGS,PCS,Support,PCS Spring · saison régulière,22,0.227,1.9,-92.0,-4.0,54.0,-96.0
Kazmma,HELL PIGS,PCS,Jungle,PCS Spring · saison régulière,22,0.227,2.01,-96.0,-4.0,54.0,-100.0
ShengBai,HELL PIGS,PCS,Mid,PCS Spring · saison régulière,22,0.227,2.86,-97.0,-4.0,54.0,-101.0
RenYe,West Point Esports,PCS,Jungle,PCS Spring · saison régulière,22,0.091,2.29,-105.0,-2.0,54.0,-107.0
GodJJ,HELL PIGS,PCS,ADC,PCS Spring · saison régulière,17,0.176,2.1,-108.0,-4.0,54.0,-112.0
Prage,Hungkuang Falcon (弘光獵鷹),PCL,ADC,PCS Spring · saison régulière,5,0.4,4.14,-118.0,-0.0,54.0,-118.0
NuL1,HELL PIGS,PCS,Mid,PCS Spring · saison régulière,22,0.091,2.09,-214.0,-2.0,54.0,-216.0
Cha9,West Point Esports,PCS,Support,PCS Spring · saison régulière,22,0.091,1.47,-219.0,-2.0,54.0,-221.0
Cheng9,HELL PIGS,PCS,ADC,PCS Spring · saison régulière,22,0.091,1.78,-221.0,-2.0,54.0,-223.0
Relhia,West Point Esports,PCS,Top,PCS Spring · saison régulière,22,0.091,1.02,-222.0,-2.0,54.0,-224.0
JunJia,PSG Talon,PCS,Jungle,PCS Summer · playoffs,10,0.9,4.46,569.0,4.0,54.0,573.0
Azhi,PSG Talon,PCS,Top,PCS Summer · playoffs,10,0.9,4.16,541.0,4.0,54.0,545.0
Betty,PSG Talon,PCS,ADC,PCS Summer · playoffs,10,0.9,11.8,531.0,4.0,54.0,535.0
Woody,PSG Talon,PCS,Support,PCS Summer · playoffs,10,0.9,5.48,517.0,4.0,54.0,521.0
Maple,PSG Talon,PCS,Mid,PCS Summer · playoffs,10,0.9,6.82,510.0,4.0,54.0,514.0
Rest,CTBC Flying Oyster,PCS,Top,PCS Summer · playoffs,6,0.667,2.83,391.0,1.0,54.0,392.0
Gori,CTBC Flying Oyster,PCS,Mid,PCS Summer · playoffs,17,0.588,4.49,381.0,-4.0,54.0,377.0
Feng,Deep Cross Gaming,PCS,ADC,PCS Summer · playoffs,12,0.417,3.0,351.0,-3.0,54.0,348.0
Kaiwing,Frank Esports,PCS,Support,PCS Summer · playoffs,31,0.581,3.93,327.0,-4.0,53.0,323.0
SwordArt,CTBC Flying Oyster,PCS,Support,PCS Summer · playoffs,17,0.588,4.39,326.0,-4.0,54.0,322.0
DasheR,Fukuoka SoftBank HAWKS gaming,PCS,Mid,PCS Summer · playoffs,16,0.438,5.05,312.0,3.0,54.0,315.0
Shunn,CTBC Flying Oyster,PCS,ADC,PCS Summer · playoffs,17,0.588,7.15,307.0,-4.0,54.0,303.0
Marble,Fukuoka SoftBank HAWKS gaming,PCS,ADC,PCS Summer · playoffs,16,0.438,4.58,300.0,3.0,54.0,303.0
1Jiang,Frank Esports,PCS,Top,PCS Summer · playoffs,31,0.581,3.32,301.0,-4.0,53.0,297.0
Karsa,CTBC Flying Oyster,PCS,Jungle,PCS Summer · playoffs,17,0.588,4.55,298.0,-4.0,54.0,294.0
Orca,Deep Cross Gaming,PCS,Support,PCS Summer · playoffs,12,0.417,2.66,279.0,-3.0,54.0,276.0
Forest,Fukuoka SoftBank HAWKS gaming,PCS,Jungle,PCS Summer · playoffs,16,0.438,2.44,270.0,3.0,54.0,273.0
Cryscata,Deep Cross Gaming,PCS,Mid,PCS Summer · playoffs,12,0.417,2.96,263.0,-3.0,54.0,260.0
Gemini,Frank Esports,PCS,Jungle,PCS Summer · playoffs,31,0.581,3.75,262.0,-4.0,53.0,258.0
Evi,Fukuoka SoftBank HAWKS gaming,PCS,Top,PCS Summer · playoffs,16,0.438,2.08,248.0,3.0,54.0,251.0
Pretender,Frank Esports,PCS,Mid,PCS Summer · playoffs,11,0.546,5.12,240.0,-2.0,54.0,238.0
Vsta,Fukuoka SoftBank HAWKS gaming,PCS,Support,PCS Summer · playoffs,16,0.438,3.56,234.0,3.0,54.0,237.0
Taco,Deep Cross Gaming,PCS,Top,PCS Summer · playoffs,12,0.417,2.58,215.0,-3.0,54.0,212.0
Pop9,Deep Cross Gaming,PCS,Jungle,PCS Summer · playoffs,12,0.417,2.33,211.0,-3.0,54.0,208.0
Wako,Frank Esports,PCS,ADC,PCS Summer · playoffs,31,0.581,5.82,193.0,-4.0,53.0,189.0
Yutapon,DetonatioN FocusMe,PCS,ADC,PCS Summer · playoffs,11,0.454,4.09,186.0,-4.0,54.0,182.0
Aria,DetonatioN FocusMe,PCS,Mid,PCS Summer · playoffs,11,0.454,4.27,169.0,-4.0,54.0,165.0
JimieN,Frank Esports,PCS,Mid,PCS Summer · playoffs,20,0.6,3.45,153.0,-1.0,54.0,152.0
Driver,CTBC Flying Oyster,PCS,Top,PCS Summer · playoffs,11,0.546,2.94,147.0,-5.0,54.0,142.0
1116,West Point Esports,PCS,Mid,PCS Summer · playoffs,5,0.2,3.0,127.0,1.0,54.0,128.0
Harp,DetonatioN FocusMe,PCS,Support,PCS Summer · playoffs,11,0.454,3.4,130.0,-4.0,54.0,126.0
Steal,DetonatioN FocusMe,PCS,Jungle,PCS Summer · playoffs,11,0.454,3.51,107.0,-4.0,54.0,103.0
Fighto,Ground Zero Gaming,PCS,Mid,PCS Summer · playoffs,11,0.454,2.93,95.0,-2.0,54.0,93.0
RayFarky,DetonatioN FocusMe,PCS,Top,PCS Summer · playoffs,11,0.454,2.19,79.0,-4.0,54.0,75.0
Kongyue,West Point Esports,PCS,Jungle,PCS Summer · playoffs,5,0.2,1.94,68.0,1.0,54.0,69.0
Leemas,Ground Zero Gaming,PCS,ADC,PCS Summer · playoffs,11,0.454,4.33,37.0,-2.0,54.0,35.0
ChiCh1,J Team,PCS,ADC,PCS Summer · playoffs,8,0.375,3.38,29.0,-0.0,54.0,29.0
Shernfire,Ground Zero Gaming,PCS,Jungle,PCS Summer · playoffs,11,0.454,1.98,22.0,-2.0,54.0,20.0
Lauva,J Team,PCS,Jungle,PCS Summer · playoffs,8,0.375,2.85,20.0,-0.0,54.0,20.0
Likai,J Team,PCS,Top,PCS Summer · playoffs,8,0.375,2.53,-4.0,-0.0,54.0,-4.0
Thien,Ground Zero Gaming,PCS,Top,PCS Summer · playoffs,11,0.454,2.03,-10.0,-2.0,54.0,-12.0
Kurak,Ground Zero Gaming,PCS,Support,PCS Summer · playoffs,11,0.454,2.26,-21.0,-2.0,54.0,-23.0
Minji,J Team,PCS,Mid,PCS Summer · playoffs,8,0.375,4.16,-45.0,-0.0,54.0,-45.0
Lilv,West Point Esports,PCS,ADC,PCS Summer · playoffs,5,0.2,4.5,-50.0,1.0,54.0,-49.0
Enso,J Team,PCS,Support,PCS Summer · playoffs,8,0.375,2.52,-60.0,-0.0,54.0,-60.0
BioPanther,Team Bliss,LCO,Top,PCS Summer · playoffs,8,0.375,3.27,-78.0,6.0,54.0,-72.0
Jett,QT DIG∞,LJL,Mid,PCS Summer · playoffs,5,0.2,2.18,-80.0,3.0,54.0,-77.0
Haeri,Team Bliss,LCO,Mid,PCS Summer · playoffs,8,0.375,2.95,-117.0,6.0,54.0,-111.0
Violet,Team Bliss,LCO,ADC,PCS Summer · playoffs,8,0.375,2.71,-136.0,6.0,54.0,-130.0
Ellim,QT DIG∞,LJL,Jungle,PCS Summer · playoffs,5,0.2,2.8,-147.0,3.0,54.0,-144.0
Yuhi,QT DIG∞,LJL,ADC,PCS Summer · playoffs,5,0.2,2.21,-148.0,3.0,54.0,-145.0
Kinatu,QT DIG∞,LJL,Top,PCS Summer · playoffs,5,0.2,2.07,-156.0,3.0,54.0,-153.0
Aladoric,Team Bliss,LCO,Support,PCS Summer · playoffs,8,0.375,1.76,-165.0,6.0,54.0,-159.0
Kevy,Team Bliss,LCO,Jungle,PCS Summer · playoffs,8,0.375,2.1,-193.0,6.0,54.0,-187.0
Gaeng,QT DIG∞,LJL,Support,PCS Summer · playoffs,5,0.2,1.33,-199.0,3.0,54.0,-196.0
Cha9,West Point Esports,PCS,Support,PCS Summer · playoffs,5,0.2,1.32,-219.0,1.0,54.0,-218.0
RYue,West Point Esports,PCS,Top,PCS Summer · playoffs,5,0.2,1.7,-234.0,1.0,54.0,-233.0
JunJia,PSG Talon,PCS,Jungle,PCS Summer · saison régulière,22,0.864,8.24,569.0,5.0,54.0,574.0
Azhi,PSG Talon,PCS,Top,PCS Summer · saison régulière,22,0.864,7.07,541.0,5.0,54.0,546.0
Betty,PSG Talon,PCS,ADC,PCS Summer · saison régulière,22,0.864,8.86,531.0,5.0,54.0,536.0
Woody,PSG Talon,PCS,Support,PCS Summer · saison régulière,22,0.864,5.08,517.0,5.0,54.0,522.0
Maple,PSG Talon,PCS,Mid,PCS Summer · saison régulière,22,0.864,6.42,510.0,5.0,54.0,515.0
Rest,CTBC Flying Oyster,PCS,Top,PCS Summer · saison régulière,3,0.667,3.43,391.0,-1.0,54.0,390.0
Gori,CTBC Flying Oyster,PCS,Mid,PCS Summer · saison régulière,20,0.6,3.98,381.0,1.0,54.0,382.0
Feng,Deep Cross Gaming,PCS,ADC,PCS Summer · saison régulière,23,0.565,3.76,351.0,6.0,54.0,357.0
Kaiwing,Frank Esports,PCS,Support,PCS Summer · saison régulière,22,0.682,5.28,327.0,2.0,54.0,329.0
SwordArt,CTBC Flying Oyster,PCS,Support,PCS Summer · saison régulière,22,0.546,3.15,326.0,-2.0,54.0,324.0
Shunn,CTBC Flying Oyster,PCS,ADC,PCS Summer · saison régulière,22,0.546,5.47,307.0,-2.0,54.0,305.0
1Jiang,Frank Esports,PCS,Top,PCS Summer · saison régulière,22,0.682,3.64,301.0,2.0,54.0,303.0
Karsa,CTBC Flying Oyster,PCS,Jungle,PCS Summer · saison régulière,22,0.546,3.46,298.0,-2.0,54.0,296.0
Orca,Deep Cross Gaming,PCS,Support,PCS Summer · saison régulière,23,0.565,3.23,279.0,6.0,54.0,285.0
Cryscata,Deep Cross Gaming,PCS,Mid,PCS Summer · saison régulière,23,0.565,3.22,263.0,6.0,54.0,269.0
Gemini,Frank Esports,PCS,Jungle,PCS Summer · saison régulière,22,0.682,3.58,262.0,2.0,54.0,264.0
HongQ,CTBC Flying Oyster Academy,PCL,Mid,PCS Summer · saison régulière,2,0.0,2.18,260.0,-3.0,54.0,257.0
Pretender,Frank Esports,PCS,Mid,PCS Summer · saison régulière,6,0.833,8.75,240.0,1.0,54.0,241.0
Taco,Deep Cross Gaming,PCS,Top,PCS Summer · saison régulière,23,0.565,2.24,215.0,6.0,54.0,221.0
Yursan,J Team,PCS,Support,PCS Summer · saison régulière,6,0.667,2.5,216.0,2.0,54.0,218.0
Pop9,Deep Cross Gaming,PCS,Jungle,PCS Summer · saison régulière,23,0.565,3.22,211.0,6.0,54.0,217.0
Wako,Frank Esports,PCS,ADC,PCS Summer · saison régulière,22,0.682,6.62,193.0,2.0,54.0,195.0
JimieN,Frank Esports,PCS,Mid,PCS Summer · saison régulière,16,0.625,3.64,153.0,0.0,54.0,153.0
Driver,CTBC Flying Oyster,PCS,Top,PCS Summer · saison régulière,19,0.526,2.53,147.0,-1.0,54.0,146.0
HotPot,Hungkuang Falcon (弘光獵鷹),PCL,Jungle,PCS Summer · saison régulière,7,0.286,2.44,121.0,3.0,54.0,124.0
1116,West Point Esports,PCS,Mid,PCS Summer · saison régulière,18,0.222,3.06,127.0,-5.0,54.0,122.0
Kongyue,West Point Esports,PCS,Jungle,PCS Summer · saison régulière,16,0.25,3.4,68.0,-3.0,54.0,65.0
ChiCh1,J Team,PCS,ADC,PCS Summer · saison régulière,19,0.368,4.84,29.0,-2.0,54.0,27.0
Lauva,J Team,PCS,Jungle,PCS Summer · saison régulière,19,0.368,3.27,20.0,-2.0,54.0,18.0
Likai,J Team,PCS,Top,PCS Summer · saison régulière,19,0.368,2.72,-4.0,-2.0,54.0,-6.0
Minji,J Team,PCS,Mid,PCS Summer · saison régulière,19,0.368,2.82,-45.0,-2.0,54.0,-47.0
Lilv,West Point Esports,PCS,ADC,PCS Summer · saison régulière,18,0.222,3.28,-50.0,-5.0,54.0,-55.0
Enso,J Team,PCS,Support,PCS Summer · saison régulière,13,0.231,2.12,-60.0,-4.0,54.0,-64.0
Kerry,HELL PIGS,PCS,Support,PCS Summer · saison régulière,15,0.133,1.2,-94.0,-2.0,54.0,-96.0
Abyss,HELL PIGS,PCS,Jungle,PCS Summer · saison régulière,6,0.0,0.96,-198.0,-4.0,54.0,-202.0
GuanGuan,HELL PIGS,PCS,Top,PCS Summer · saison régulière,18,0.111,1.1,-213.0,-4.0,54.0,-217.0
NuL1,HELL PIGS,PCS,Mid,PCS Summer · saison régulière,18,0.111,2.24,-214.0,-4.0,54.0,-218.0
Cha9,West Point Esports,PCS,Support,PCS Summer · saison régulière,18,0.222,1.32,-219.0,-5.0,54.0,-224.0
Relhia,West Point Esports,PCS,Top,PCS Summer · saison régulière,2,0.0,0.45,-222.0,-2.0,54.0,-224.0
Cheng9,HELL PIGS,PCS,ADC,PCS Summer · saison régulière,18,0.111,2.63,-221.0,-4.0,54.0,-225.0
RYue,West Point Esports,PCS,Top,PCS Summer · saison régulière,18,0.222,1.72,-234.0,-5.0,54.0,-239.0
LIMIT,SK Gaming Prime,PRM,Support,PRM Spring · saison régulière,18,0.722,3.52,317.0,2.0,54.0,319.0
PowerOfEvil,Eintracht Spandau,PRMP,Mid,PRM Spring · saison régulière,18,0.611,5.97,238.0,-9.0,54.0,229.0
Infoneral,Austrian Force willhaben,PRM,Support,PRM Spring · saison régulière,18,0.667,3.76,213.0,10.0,54.0,223.0
Piero,Unicorns of Love Sexy Edition,PRMP,Support,PRM Spring · saison régulière,18,0.667,4.49,192.0,1.0,54.0,193.0
Serin,NNO Prime,PRMP,Mid,PRM Spring · saison régulière,18,0.722,9.0,168.0,10.0,54.0,178.0
Lurox,Unicorns of Love Sexy Edition,PRMP,Jungle,PRM Spring · saison régulière,18,0.667,3.6,175.0,1.0,54.0,176.0
Diplex,SK Gaming Prime,PRM,Mid,PRM Spring · saison régulière,18,0.722,8.12,173.0,2.0,54.0,175.0
Neon,SK Gaming Prime,PRM,ADC,PRM Spring · saison régulière,18,0.722,5.33,172.0,2.0,54.0,174.0
Lucky,NNO Prime,PRMP,Support,PRM Spring · saison régulière,18,0.722,6.21,161.0,10.0,54.0,171.0
xMatty,Unicorns of Love Sexy Edition,PRMP,ADC,PRM Spring · saison régulière,18,0.667,5.3,169.0,1.0,54.0,170.0
Rabble,SK Gaming Prime,PRM,Jungle,PRM Spring · saison régulière,18,0.722,5.4,162.0,2.0,54.0,164.0
Fun K3y,Eintracht Spandau,PRMP,ADC,PRM Spring · saison régulière,18,0.611,3.13,161.0,-9.0,54.0,152.0
Vertigo,Eintracht Spandau,PRMP,Top,PRM Spring · saison régulière,18,0.611,3.32,153.0,-9.0,54.0,144.0
Lilipp,Eintracht Spandau,PRMP,Support,PRM Spring · saison régulière,18,0.611,2.19,150.0,-9.0,54.0,141.0
Venour,SK Gaming Prime,PRM,Top,PRM Spring · saison régulière,18,0.722,4.14,138.0,2.0,54.0,140.0
TolanD,Unicorns of Love Sexy Edition,PRMP,Mid,PRM Spring · saison régulière,18,0.667,3.58,136.0,1.0,54.0,137.0
Zanzarah,Eintracht Spandau,PRMP,Jungle,PRM Spring · saison régulière,18,0.611,3.54,124.0,-9.0,54.0,115.0
Scarface,NNO Prime,PRMP,Top,PRM Spring · saison régulière,18,0.722,5.52,102.0,10.0,54.0,112.0
Sacre,FC Schalke 04 Esports,PRM,Top,PRM Spring · saison régulière,18,0.5,3.31,115.0,-4.0,54.0,111.0
Shiganari,NNO Prime,PRMP,ADC,PRM Spring · saison régulière,18,0.722,5.19,99.0,10.0,54.0,109.0
Addusto,Unicorns of Love Sexy Edition,PRM,Top,PRM Spring · saison régulière,18,0.667,2.02,106.0,1.0,54.0,107.0
Cboi,FC Schalke 04 Esports,PRM,Jungle,PRM Spring · saison régulière,18,0.5,2.98,109.0,-4.0,54.0,105.0
Shlatan,NNO Prime,PRMP,Jungle,PRM Spring · saison régulière,18,0.722,4.79,93.0,10.0,54.0,103.0
Tracyn,Austrian Force willhaben,PRMP,Top,PRM Spring · saison régulière,18,0.667,4.86,85.0,10.0,54.0,95.0
Twiizt,FC Schalke 04 Esports,PRM,Support,PRM Spring · saison régulière,18,0.5,2.9,96.0,-4.0,54.0,92.0
Leon,Berlin International Gaming,PRM,Support,PRM Spring · saison régulière,18,0.278,2.22,79.0,-1.0,54.0,78.0
ESCIK,Austrian Force willhaben,PRMP,Mid,PRM Spring · saison régulière,18,0.667,5.71,40.0,10.0,54.0,50.0
Flamer,E WIE EINFACH E-SPORTS,PRMP,Top,PRM Spring · saison régulière,17,0.529,5.26,41.0,1.0,54.0,42.0
Simpli,FC Schalke 04 Esports,PRM,Mid,PRM Spring · saison régulière,18,0.5,3.7,45.0,-4.0,54.0,41.0
Peco,FC Schalke 04 Esports,PRM,ADC,PRM Spring · saison régulière,18,0.5,3.04,28.0,-4.0,54.0,24.0
adi1,Austrian Force willhaben,PRMP,Jungle,PRM Spring · saison régulière,18,0.667,2.7,-4.0,10.0,54.0,6.0
Woolite,Austrian Force willhaben,PRMP,ADC,PRM Spring · saison régulière,18,0.667,4.61,-9.0,10.0,54.0,1.0
Difference,Akroma,NL,Top,PRM Spring · saison régulière,18,0.333,1.76,-45.0,-2.0,54.0,-47.0
Sencux,Berlin International Gaming,PRM,Mid,PRM Spring · saison régulière,18,0.278,3.37,-54.0,-1.0,54.0,-55.0
Relative,E WIE EINFACH E-SPORTS,PRMP,Mid,PRM Spring · saison régulière,18,0.5,2.57,-62.0,-0.0,54.0,-62.0
Tazaku,E WIE EINFACH E-SPORTS,PRM,ADC,PRM Spring · saison régulière,18,0.5,3.73,-63.0,-0.0,54.0,-63.0
Densi,Berlin International Gaming,PRMP,Jungle,PRM Spring · saison régulière,18,0.278,3.02,-64.0,-1.0,54.0,-65.0
Pabu,Eintracht Frankfurt,PRMP,Jungle,PRM Spring · saison régulière,18,0.333,3.14,-72.0,-2.0,54.0,-74.0
Max1,E WIE EINFACH E-SPORTS,PRM,Support,PRM Spring · saison régulière,18,0.5,3.63,-76.0,-0.0,54.0,-76.0
Tore,Eintracht Frankfurt,PRMP,Support,PRM Spring · saison régulière,18,0.333,3.0,-87.0,-2.0,54.0,-89.0
D4nKa,E WIE EINFACH E-SPORTS,PRMP,Jungle,PRM Spring · saison régulière,18,0.5,2.79,-98.0,-0.0,54.0,-98.0
Vizicsacsi,Berlin International Gaming,PRM,Top,PRM Spring · saison régulière,18,0.278,2.05,-120.0,-1.0,54.0,-121.0
DizL,Eintracht Frankfurt,PRMP,ADC,PRM Spring · saison régulière,18,0.333,4.64,-121.0,-2.0,54.0,-123.0
ZaZee,Eintracht Frankfurt,PRMP,Mid,PRM Spring · saison régulière,18,0.333,3.23,-126.0,-2.0,54.0,-128.0
Vaunted,MOUZ NXT,PRM,Support,PRM Spring · saison régulière,14,0.0,1.16,-249.0,-5.0,54.0,-254.0
Alex234,MOUZ NXT,PRM,Jungle,PRM Spring · saison régulière,18,0.0,1.2,-323.0,-8.0,54.0,-331.0
Kaymin,MOUZ NXT,PRM,Mid,PRM Spring · saison régulière,18,0.0,1.33,-334.0,-8.0,54.0,-342.0
ANDARIEL,Rebels Gaming,LES,ADC,PRM Spring · saison régulière,18,0.278,3.23,-360.0,-1.0,54.0,-361.0
Dreilix,MOUZ NXT,PRM,ADC,PRM Spring · saison régulière,18,0.0,2.03,-354.0,-8.0,54.0,-362.0
Fornoreason,MOUZ NXT,PRM,Top,PRM Spring · saison régulière,18,0.0,1.11,-385.0,-8.0,54.0,-393.0
PowerOfEvil,Eintracht Spandau,PRMP,Mid,PRM Summer · saison régulière,18,0.667,5.66,238.0,-2.0,54.0,236.0
Infoneral,Austrian Force willhaben,PRM,Support,PRM Summer · saison régulière,14,0.571,1.98,213.0,-4.0,54.0,209.0
Piero,Unicorns of Love Sexy Edition,PRMP,Support,PRM Summer · saison régulière,18,0.611,3.39,192.0,-0.0,54.0,192.0
Doss,SK Gaming Prime,PRM,Support,PRM Summer · saison régulière,18,0.667,4.93,184.0,1.0,54.0,185.0
Lurox,Unicorns of Love Sexy Edition,PRMP,Jungle,PRM Summer · saison régulière,18,0.611,7.19,175.0,-0.0,54.0,175.0
Diplex,SK Gaming Prime,PRM,Mid,PRM Summer · saison régulière,18,0.667,5.9,173.0,1.0,54.0,174.0
Neon,SK Gaming Prime,PRM,ADC,PRM Summer · saison régulière,18,0.667,4.83,172.0,1.0,54.0,173.0
xMatty,Unicorns of Love Sexy Edition,PRMP,ADC,PRM Summer · saison régulière,18,0.611,8.38,169.0,-0.0,54.0,169.0
Rabble,SK Gaming Prime,PRM,Jungle,PRM Summer · saison régulière,18,0.667,6.12,162.0,1.0,54.0,163.0
Fun K3y,Eintracht Spandau,PRMP,ADC,PRM Summer · saison régulière,18,0.667,3.44,161.0,-2.0,54.0,159.0
Serin,NNO Prime,PRMP,Mid,PRM Summer · saison régulière,18,0.444,5.35,168.0,-11.0,54.0,157.0
Vertigo,Eintracht Spandau,PRMP,Top,PRM Summer · saison régulière,18,0.667,2.57,153.0,-2.0,54.0,151.0
Lucky,NNO Prime,PRMP,Support,PRM Summer · saison régulière,18,0.444,2.86,161.0,-11.0,54.0,150.0
Lilipp,Eintracht Spandau,PRMP,Support,PRM Summer · saison régulière,18,0.667,2.31,150.0,-2.0,54.0,148.0
Venour,SK Gaming Prime,PRM,Top,PRM Summer · saison régulière,18,0.667,5.26,138.0,1.0,54.0,139.0
TolanD,Unicorns of Love Sexy Edition,PRMP,Mid,PRM Summer · saison régulière,18,0.611,4.11,136.0,-0.0,54.0,136.0
Sacre,FC Schalke 04 Esports,PRM,Top,PRM Summer · saison régulière,18,0.667,6.06,115.0,9.0,54.0,124.0
Zanzarah,Eintracht Spandau,PRMP,Jungle,PRM Summer · saison régulière,18,0.667,3.2,124.0,-2.0,54.0,122.0
Cboi,FC Schalke 04 Esports,PRM,Jungle,PRM Summer · saison régulière,18,0.667,5.11,109.0,9.0,54.0,118.0
Twiizt,FC Schalke 04 Esports,PRM,Support,PRM Summer · saison régulière,18,0.667,5.67,96.0,9.0,54.0,105.0
Addusto,Unicorns of Love Sexy Edition,PRM,Top,PRM Summer · saison régulière,1,0.0,3.25,106.0,-2.0,54.0,104.0
Scarface,NNO Prime,PRMP,Top,PRM Summer · saison régulière,18,0.444,2.16,102.0,-11.0,54.0,91.0
Shiganari,NNO Prime,PRMP,ADC,PRM Summer · saison régulière,18,0.444,2.82,99.0,-11.0,54.0,88.0
Tracyn,Austrian Force willhaben,PRMP,Top,PRM Summer · saison régulière,18,0.611,2.83,85.0,1.0,54.0,86.0
Shlatan,NNO Prime,PRMP,Jungle,PRM Summer · saison régulière,18,0.444,2.68,93.0,-11.0,54.0,82.0
Simpli,FC Schalke 04 Esports,PRM,Mid,PRM Summer · saison régulière,18,0.667,5.34,45.0,9.0,54.0,54.0
Shelfmade,Unicorns of Love Sexy Edition,PRMP,Top,PRM Summer · saison régulière,17,0.647,2.39,42.0,1.0,54.0,43.0
ESCIK,Austrian Force willhaben,PRMP,Mid,PRM Summer · saison régulière,18,0.611,3.15,40.0,1.0,54.0,41.0
Flamer,E WIE EINFACH E-SPORTS,PRMP,Top,PRM Summer · saison régulière,18,0.333,2.77,41.0,-4.0,54.0,37.0
Peco,FC Schalke 04 Esports,PRM,ADC,PRM Summer · saison régulière,18,0.667,5.02,28.0,9.0,54.0,37.0
adi1,Austrian Force willhaben,PRMP,Jungle,PRM Summer · saison régulière,18,0.611,2.54,-4.0,1.0,54.0,-3.0
Woolite,Austrian Force willhaben,PRMP,ADC,PRM Summer · saison régulière,18,0.611,3.17,-9.0,1.0,54.0,-8.0
Afroboi,MOUZ NXT,PRM,Jungle,PRM Summer · saison régulière,18,0.222,2.56,-30.0,1.0,54.0,-29.0
Lekcyc,Berlin International Gaming,PRM,Support,PRM Summer · saison régulière,18,0.444,2.79,-43.0,4.0,54.0,-39.0
Sencux,Berlin International Gaming,PRM,Mid,PRM Summer · saison régulière,18,0.444,4.54,-54.0,4.0,54.0,-50.0
Densi,Berlin International Gaming,PRMP,Jungle,PRM Summer · saison régulière,18,0.444,3.88,-64.0,4.0,54.0,-60.0
Relative,E WIE EINFACH E-SPORTS,PRMP,Mid,PRM Summer · saison régulière,18,0.333,2.67,-62.0,-4.0,54.0,-66.0
Tazaku,E WIE EINFACH E-SPORTS,PRM,ADC,PRM Summer · saison régulière,18,0.333,3.57,-63.0,-4.0,54.0,-67.0
Pabu,Eintracht Frankfurt,PRMP,Jungle,PRM Summer · saison régulière,18,0.333,3.05,-72.0,1.0,54.0,-71.0
Max1,E WIE EINFACH E-SPORTS,PRM,Support,PRM Summer · saison régulière,18,0.333,2.42,-76.0,-4.0,54.0,-80.0
Jeskla,Berlin International Gaming,PRMP,ADC,PRM Summer · saison régulière,18,0.444,4.32,-86.0,4.0,54.0,-82.0
Tore,Eintracht Frankfurt,PRMP,Support,PRM Summer · saison régulière,18,0.333,2.45,-87.0,1.0,54.0,-86.0
D4nKa,E WIE EINFACH E-SPORTS,PRMP,Jungle,PRM Summer · saison régulière,18,0.333,2.57,-98.0,-4.0,54.0,-102.0
Vizicsacsi,Berlin International Gaming,PRM,Top,PRM Summer · saison régulière,18,0.444,2.44,-120.0,4.0,54.0,-116.0
Nio,MOUZ NXT,PRM,Support,PRM Summer · saison régulière,18,0.222,1.67,-118.0,1.0,54.0,-117.0
DizL,Eintracht Frankfurt,PRMP,ADC,PRM Summer · saison régulière,18,0.333,2.7,-121.0,1.0,54.0,-120.0
ZaZee,Eintracht Frankfurt,PRMP,Mid,PRM Summer · saison régulière,18,0.333,2.92,-126.0,1.0,54.0,-125.0
Vander,Austrian Force willhaben,PRMP,Support,PRM Summer · saison régulière,4,0.75,3.08,-149.0,5.0,54.0,-144.0
Agresivoo,Eintracht Frankfurt,PRMP,Top,PRM Summer · saison régulière,18,0.333,2.04,-151.0,1.0,54.0,-150.0
Kaymin,MOUZ NXT,PRM,Mid,PRM Summer · saison régulière,18,0.222,2.16,-334.0,1.0,54.0,-333.0
Dreilix,MOUZ NXT,PRM,ADC,PRM Summer · saison régulière,18,0.222,2.31,-354.0,1.0,54.0,-353.0
Fornoreason,MOUZ NXT,PRM,Top,PRM Summer · saison régulière,18,0.222,1.41,-385.0,1.0,54.0,-384.0
LIMIT,SK Gaming Prime,PRM,Support,PRM · playoffs,9,0.444,3.3,317.0,1.0,54.0,318.0
PowerOfEvil,Eintracht Spandau,PRMP,Mid,PRM · playoffs,20,0.6,5.41,238.0,-0.0,54.0,238.0
Infoneral,Austrian Force willhaben,PRM,Support,PRM · playoffs,7,0.429,2.43,213.0,-1.0,54.0,212.0
Piero,Unicorns of Love Sexy Edition,PRMP,Support,PRM · playoffs,21,0.667,4.96,192.0,9.0,54.0,201.0
Lurox,Unicorns of Love Sexy Edition,PRMP,Jungle,PRM · playoffs,21,0.667,5.62,175.0,9.0,54.0,184.0
xMatty,Unicorns of Love Sexy Edition,PRMP,ADC,PRM · playoffs,21,0.667,6.35,169.0,9.0,54.0,178.0
Doss,SK Gaming Prime,PRM,Support,PRM · playoffs,7,0.143,2.5,184.0,-9.0,54.0,175.0
Serin,NNO Prime,PRMP,Mid,PRM · playoffs,18,0.5,5.16,168.0,2.0,54.0,170.0
Diplex,SK Gaming Prime,PRM,Mid,PRM · playoffs,16,0.312,4.56,173.0,-8.0,54.0,165.0
Neon,SK Gaming Prime,PRM,ADC,PRM · playoffs,16,0.312,3.55,172.0,-8.0,54.0,164.0
Lucky,NNO Prime,PRMP,Support,PRM · playoffs,18,0.5,3.25,161.0,2.0,54.0,163.0
Fun K3y,Eintracht Spandau,PRMP,ADC,PRM · playoffs,20,0.6,3.49,161.0,-0.0,54.0,161.0
Rabble,SK Gaming Prime,PRM,Jungle,PRM · playoffs,16,0.312,2.98,162.0,-8.0,54.0,154.0
Vertigo,Eintracht Spandau,PRMP,Top,PRM · playoffs,20,0.6,3.03,153.0,-0.0,54.0,153.0
Lilipp,Eintracht Spandau,PRMP,Support,PRM · playoffs,20,0.6,2.44,150.0,-0.0,54.0,150.0
TolanD,Unicorns of Love Sexy Edition,PRMP,Mid,PRM · playoffs,21,0.667,4.52,136.0,9.0,54.0,145.0
Venour,SK Gaming Prime,PRM,Top,PRM · playoffs,16,0.312,2.42,138.0,-8.0,54.0,130.0
Zanzarah,Eintracht Spandau,PRMP,Jungle,PRM · playoffs,20,0.6,3.06,124.0,-0.0,54.0,124.0
Sacre,FC Schalke 04 Esports,PRM,Top,PRM · playoffs,12,0.417,3.19,115.0,-0.0,54.0,115.0
Cboi,FC Schalke 04 Esports,PRM,Jungle,PRM · playoffs,12,0.417,2.64,109.0,-0.0,54.0,109.0
Addusto,Unicorns of Love Sexy Edition,PRM,Top,PRM · playoffs,5,0.4,1.35,106.0,1.0,54.0,107.0
Scarface,NNO Prime,PRMP,Top,PRM · playoffs,18,0.5,2.91,102.0,2.0,54.0,104.0
Shiganari,NNO Prime,PRMP,ADC,PRM · playoffs,18,0.5,3.06,99.0,2.0,54.0,101.0
Twiizt,FC Schalke 04 Esports,PRM,Support,PRM · playoffs,12,0.417,2.14,96.0,-0.0,54.0,96.0
Shlatan,NNO Prime,PRMP,Jungle,PRM · playoffs,18,0.5,2.71,93.0,2.0,54.0,95.0
Tracyn,Austrian Force willhaben,PRMP,Top,PRM · playoffs,11,0.364,2.36,85.0,-3.0,54.0,82.0
Shelfmade,Unicorns of Love Sexy Edition,PRMP,Top,PRM · playoffs,16,0.75,2.88,42.0,8.0,54.0,50.0
Simpli,FC Schalke 04 Esports,PRM,Mid,PRM · playoffs,12,0.417,3.79,45.0,-0.0,54.0,45.0
ESCIK,Austrian Force willhaben,PRMP,Mid,PRM · playoffs,11,0.364,3.74,40.0,-3.0,54.0,37.0
Peco,FC Schalke 04 Esports,PRM,ADC,PRM · playoffs,12,0.417,4.96,28.0,-0.0,54.0,28.0
adi1,Austrian Force willhaben,PRMP,Jungle,PRM · playoffs,11,0.364,2.12,-4.0,-3.0,54.0,-7.0
Woolite,Austrian Force willhaben,PRMP,ADC,PRM · playoffs,11,0.364,2.22,-9.0,-3.0,54.0,-12.0
Vander,Austrian Force willhaben,PRMP,Support,PRM · playoffs,4,0.25,1.25,-149.0,-1.0,54.0,-150.0
nicolaiy,aNc Outplayed,LIT,Jungle,PRM · saison régulière,9,0.667,3.76,239.0,4.0,54.0,243.0
Visdom,Kaufland Hangry Knights,PRM,Support,PRM · saison régulière,9,0.667,6.18,0.0,4.0,54.0,4.0
Afroboi,MOUZ NXT,PRM,Jungle,PRM · saison régulière,8,0.25,2.28,-30.0,0.0,54.0,-30.0
Avra,Kaufland Hangry Knights,PRM,ADC,PRM · saison régulière,9,0.667,5.22,-47.0,4.0,54.0,-43.0
Sven,Kaufland Hangry Knights,PRM,Top,PRM · saison régulière,9,0.667,2.62,-66.0,4.0,54.0,-62.0
Nite,Kaufland Hangry Knights,PRM,Mid,PRM · saison régulière,9,0.667,3.67,-99.0,4.0,54.0,-95.0
Nio,MOUZ NXT,PRM,Support,PRM · saison régulière,8,0.25,2.05,-118.0,0.0,54.0,-118.0
Kaymin,MOUZ NXT,PRM,Mid,PRM · saison régulière,8,0.25,2.42,-334.0,0.0,54.0,-334.0
Dreilix,MOUZ NXT,PRM,ADC,PRM · saison régulière,8,0.25,3.14,-354.0,0.0,54.0,-354.0
Fornoreason,MOUZ NXT,PRM,Top,PRM · saison régulière,8,0.25,1.36,-385.0,0.0,54.0,-385.0
PowerOfEvil,Eintracht Spandau,PRMP,Mid,PRMP · saison régulière,11,0.818,5.85,238.0,-1.0,54.0,237.0
Piero,Unicorns of Love Sexy Edition,PRMP,Support,PRMP · saison régulière,20,0.7,4.63,192.0,-2.0,54.0,190.0
Lurox,Unicorns of Love Sexy Edition,PRMP,Jungle,PRMP · saison régulière,20,0.7,5.5,175.0,-2.0,54.0,173.0
Serin,NNO Prime,PRMP,Mid,PRMP · saison régulière,18,0.833,5.69,168.0,5.0,54.0,173.0
xMatty,Unicorns of Love Sexy Edition,PRMP,ADC,PRMP · saison régulière,20,0.7,4.92,169.0,-2.0,54.0,167.0
Lucky,NNO Prime,PRMP,Support,PRMP · saison régulière,18,0.833,4.18,161.0,5.0,54.0,166.0
Fun K3y,Eintracht Spandau,PRMP,ADC,PRMP · saison régulière,11,0.818,4.65,161.0,-1.0,54.0,160.0
Vertigo,Eintracht Spandau,PRMP,Top,PRMP · saison régulière,11,0.818,6.78,153.0,-1.0,54.0,152.0
Lilipp,Eintracht Spandau,PRMP,Support,PRMP · saison régulière,11,0.818,4.2,150.0,-1.0,54.0,149.0
TolanD,Unicorns of Love Sexy Edition,PRMP,Mid,PRMP · saison régulière,20,0.7,3.79,136.0,-2.0,54.0,134.0
Zanzarah,Eintracht Spandau,PRMP,Jungle,PRMP · saison régulière,11,0.818,3.98,124.0,-1.0,54.0,123.0
Sacre,FC Schalke 04 Esports,PRM,Top,PRMP · saison régulière,9,0.778,7.65,115.0,-2.0,54.0,113.0
Scarface,NNO Prime,PRMP,Top,PRMP · saison régulière,18,0.833,3.53,102.0,5.0,54.0,107.0
Cboi,FC Schalke 04 Esports,PRM,Jungle,PRMP · saison régulière,9,0.778,5.54,109.0,-2.0,54.0,107.0
Shiganari,NNO Prime,PRMP,ADC,PRMP · saison régulière,18,0.833,4.98,99.0,5.0,54.0,104.0
Shlatan,NNO Prime,PRMP,Jungle,PRMP · saison régulière,18,0.833,4.01,93.0,5.0,54.0,98.0
Twiizt,FC Schalke 04 Esports,PRM,Support,PRMP · saison régulière,9,0.778,5.21,96.0,-2.0,54.0,94.0
Tracyn,Austrian Force willhaben,PRMP,Top,PRMP · saison régulière,11,0.727,2.77,85.0,-1.0,54.0,84.0
Tockimo,E WIE EINFACH E-SPORTS,PRMP,Support,PRMP · saison régulière,13,0.769,4.72,56.0,5.0,54.0,61.0
Flamer,E WIE EINFACH E-SPORTS,PRMP,Top,PRMP · saison régulière,13,0.769,4.59,41.0,5.0,54.0,46.0
Simpli,FC Schalke 04 Esports,PRM,Mid,PRMP · saison régulière,9,0.778,3.86,45.0,-2.0,54.0,43.0
Shelfmade,Unicorns of Love Sexy Edition,PRMP,Top,PRMP · saison régulière,20,0.7,3.14,42.0,-2.0,54.0,40.0
ESCIK,Austrian Force willhaben,PRMP,Mid,PRMP · saison régulière,11,0.727,6.07,40.0,-1.0,54.0,39.0
Noz2k,E WIE EINFACH E-SPORTS,PRMP,ADC,PRMP · saison régulière,13,0.769,7.04,30.0,5.0,54.0,35.0
Peco,FC Schalke 04 Esports,PRM,ADC,PRMP · saison régulière,9,0.778,3.56,28.0,-2.0,54.0,26.0
Visdom,Kaufland Hangry Knights,PRM,Support,PRMP · saison régulière,8,0.5,3.94,0.0,-4.0,54.0,-4.0
adi1,Austrian Force willhaben,PRMP,Jungle,PRMP · saison régulière,11,0.727,4.18,-4.0,-1.0,54.0,-5.0
Woolite,Austrian Force willhaben,PRMP,ADC,PRMP · saison régulière,11,0.727,4.7,-9.0,-1.0,54.0,-10.0
Afroboi,MOUZ NXT,PRM,Jungle,PRMP · saison régulière,9,0.556,3.95,-30.0,1.0,54.0,-29.0
Lekcyc,Berlin International Gaming,PRM,Support,PRMP · saison régulière,10,0.8,5.18,-43.0,2.0,54.0,-41.0
Avra,Kaufland Hangry Knights,PRM,ADC,PRMP · saison régulière,8,0.5,2.75,-47.0,-4.0,54.0,-51.0
Sencux,Berlin International Gaming,PRM,Mid,PRMP · saison régulière,10,0.8,6.27,-54.0,2.0,54.0,-52.0
Relative,E WIE EINFACH E-SPORTS,PRMP,Mid,PRMP · saison régulière,13,0.769,4.89,-62.0,5.0,54.0,-57.0
Densi,Berlin International Gaming,PRMP,Jungle,PRMP · saison régulière,10,0.8,7.35,-64.0,2.0,54.0,-62.0
Pabu,Eintracht Frankfurt,PRMP,Jungle,PRMP · saison régulière,15,0.533,3.43,-72.0,5.0,54.0,-67.0
Sven,Kaufland Hangry Knights,PRM,Top,PRMP · saison régulière,8,0.5,1.79,-66.0,-4.0,54.0,-70.0
Tore,Eintracht Frankfurt,PRMP,Support,PRMP · saison régulière,15,0.533,2.55,-87.0,5.0,54.0,-82.0
Jeskla,Berlin International Gaming,PRMP,ADC,PRMP · saison régulière,10,0.8,6.52,-86.0,2.0,54.0,-84.0
D4nKa,E WIE EINFACH E-SPORTS,PRMP,Jungle,PRMP · saison régulière,13,0.769,6.39,-98.0,5.0,54.0,-93.0
Nite,Kaufland Hangry Knights,PRM,Mid,PRMP · saison régulière,8,0.5,2.11,-99.0,-4.0,54.0,-103.0
DizL,Eintracht Frankfurt,PRMP,ADC,PRMP · saison régulière,15,0.533,3.93,-121.0,5.0,54.0,-116.0
Nio,MOUZ NXT,PRM,Support,PRMP · saison régulière,9,0.556,2.11,-118.0,1.0,54.0,-117.0
Vizicsacsi,Berlin International Gaming,PRM,Top,PRMP · saison régulière,10,0.8,3.74,-120.0,2.0,54.0,-118.0
ZaZee,Eintracht Frankfurt,PRMP,Mid,PRMP · saison régulière,15,0.533,3.92,-126.0,5.0,54.0,-121.0
Agresivoo,Eintracht Frankfurt,PRMP,Top,PRMP · saison régulière,15,0.533,2.87,-151.0,5.0,54.0,-146.0
Vander,Austrian Force willhaben,PRMP,Support,PRMP · saison régulière,11,0.727,4.3,-149.0,-1.0,54.0,-150.0
Techoteco,DKB XPERION NXT,PRMP,Jungle,PRMP · saison régulière,10,0.6,4.41,-159.0,3.0,54.0,-156.0
Ephekles,DKB XPERION NXT,PRMP,Support,PRMP · saison régulière,10,0.6,3.58,-194.0,3.0,54.0,-191.0
Looki,DKB XPERION NXT,PRMP,ADC,PRMP · saison régulière,10,0.6,5.18,-197.0,3.0,54.0,-194.0
Toni,Kaufland Hangry Knights,PRMP,Jungle,PRMP · saison régulière,8,0.5,4.11,-214.0,-4.0,54.0,-218.0
Tayto,DKB XPERION NXT,PRMP,Top,PRMP · saison régulière,10,0.6,2.27,-226.0,3.0,54.0,-223.0
Luke,DKB XPERION NXT,PRMP,Mid,PRMP · saison régulière,10,0.6,2.92,-233.0,3.0,54.0,-230.0
Kaymin,MOUZ NXT,PRM,Mid,PRMP · saison régulière,9,0.556,3.92,-334.0,1.0,54.0,-333.0
Dreilix,MOUZ NXT,PRM,ADC,PRMP · saison régulière,9,0.556,3.4,-354.0,1.0,54.0,-353.0
Fornoreason,MOUZ NXT,PRM,Top,PRMP · saison régulière,9,0.556,2.21,-385.0,1.0,54.0,-384.0
Deletus,A One Man Army,ESLOL,Jungle,PRMP · saison régulière,6,0.333,2.93,-582.0,0.0,54.0,-582.0
TLamp,Odivelas Sports Club,LPLOL,ADC,PRMP · saison régulière,6,0.5,3.5,-648.0,1.0,54.0,-647.0
Kolios,Once Upon A Team,ESLOL,Support,PRMP · saison régulière,6,0.167,1.0,-684.0,-0.0,54.0,-684.0
Hummelu,Dynasty,ESLOL,Jungle,PRMP · saison régulière,8,0.375,2.78,-714.0,2.0,54.0,-712.0
Lospa,FUT Esports,TCL,Support,TCL Summer · playoffs,8,0.625,2.05,324.0,4.0,54.0,328.0
FIESTA,Papara SuperMassive,TCL,Mid,TCL Summer · playoffs,9,0.667,3.4,261.0,-1.0,54.0,260.0
Zest,Dark Passage,TCL,Top,TCL Summer · playoffs,19,0.579,3.36,204.0,4.0,54.0,208.0
UNF0RGIVEN,Papara SuperMassive,TCL,ADC,TCL Summer · playoffs,9,0.667,4.6,153.0,-1.0,54.0,152.0
Armut,Papara SuperMassive,TCL,Top,TCL Summer · playoffs,9,0.667,3.04,140.0,-1.0,54.0,139.0
Backlund,Dark Passage,TCL,Mid,TCL Summer · playoffs,19,0.579,3.34,122.0,4.0,54.0,126.0
Skeanz,Papara SuperMassive,TCL,Jungle,TCL Summer · playoffs,9,0.667,3.83,108.0,-1.0,54.0,107.0
Hoon,Beşiktaş Esports,TCL,Top,TCL Summer · playoffs,4,0.25,0.77,106.0,-3.0,54.0,103.0
Ruep,Dark Passage,TCL,ADC,TCL Summer · playoffs,19,0.579,3.94,66.0,4.0,54.0,70.0
CHEF,Dark Passage,TCL,Jungle,TCL Summer · playoffs,19,0.579,5.18,55.0,4.0,54.0,59.0
Mercy9,Misa Esports,TCL,Mid,TCL Summer · playoffs,3,0.0,1.9,56.0,-5.0,54.0,51.0
Carry,Papara SuperMassive,TCL,Support,TCL Summer · playoffs,9,0.667,2.3,34.0,-1.0,54.0,33.0
Ferret,FUT Esports,TSC,Jungle,TCL Summer · playoffs,8,0.625,4.48,12.0,4.0,54.0,16.0
Kaori,Beşiktaş Esports,TCL,ADC,TCL Summer · playoffs,4,0.25,3.09,15.0,-3.0,54.0,12.0
Luana,Misa Esports,TCL,Top,TCL Summer · playoffs,3,0.0,1.67,14.0,-5.0,54.0,9.0
Paixdia,Beşiktaş Esports,TCL,Support,TCL Summer · playoffs,4,0.25,1.46,11.0,-3.0,54.0,8.0
Patch,Dark Passage,TCL,Support,TCL Summer · playoffs,19,0.579,3.39,-3.0,4.0,54.0,1.0
Batuuu,BoostGate Esports,TCL,Support,TCL Summer · playoffs,9,0.333,2.68,-6.0,1.0,54.0,-5.0
Kireas,Misa Esports,TCL,Jungle,TCL Summer · playoffs,3,0.0,2.75,-6.0,-5.0,54.0,-11.0
Bolulu,FUT Esports,TSC,Mid,TCL Summer · playoffs,8,0.625,4.25,-19.0,4.0,54.0,-15.0
Nakyung,Beşiktaş Esports,TCL,Mid,TCL Summer · playoffs,4,0.25,2.38,-26.0,-3.0,54.0,-29.0
HiRit,FUT Esports,TCL,Top,TCL Summer · playoffs,8,0.625,3.18,-37.0,4.0,54.0,-33.0
Farfetch,Misa Esports,TCL,Support,TCL Summer · playoffs,3,0.0,1.25,-36.0,-5.0,54.0,-41.0
Aytekn,BoostGate Esports,TCL,Top,TCL Summer · playoffs,9,0.333,2.37,-68.0,1.0,54.0,-67.0
Scorth,FUT Esports,TSC,ADC,TCL Summer · playoffs,8,0.625,6.36,-153.0,4.0,54.0,-149.0
Fade,BoostGate Esports,TCL,Mid,TCL Summer · playoffs,9,0.333,2.3,-169.0,1.0,54.0,-168.0
XnS,BoostGate Esports,TCL,Jungle,TCL Summer · playoffs,9,0.333,3.7,-173.0,1.0,54.0,-172.0
HolyPhoenix,Misa Esports,TCL,ADC,TCL Summer · playoffs,3,0.0,2.43,-174.0,-5.0,54.0,-179.0
Grave,BoostGate Esports,TCL,ADC,TCL Summer · playoffs,9,0.333,3.54,-180.0,1.0,54.0,-179.0
Typhoon,Beşiktaş Esports,TCL,Jungle,TCL Summer · playoffs,4,0.25,2.25,-262.0,-3.0,54.0,-265.0
Lospa,FUT Esports,TCL,Support,TCL Summer · saison régulière,14,0.429,2.64,324.0,-6.0,54.0,318.0
FIESTA,Papara SuperMassive,TCL,Mid,TCL Summer · saison régulière,14,0.857,4.69,261.0,9.0,54.0,270.0
Zest,Dark Passage,TCL,Top,TCL Summer · saison régulière,14,0.571,2.88,204.0,-1.0,54.0,203.0
UNF0RGIVEN,Papara SuperMassive,TCL,ADC,TCL Summer · saison régulière,14,0.857,9.8,153.0,9.0,54.0,162.0
Armut,Papara SuperMassive,TCL,Top,TCL Summer · saison régulière,14,0.857,5.52,140.0,9.0,54.0,149.0
Backlund,Dark Passage,TCL,Mid,TCL Summer · saison régulière,14,0.571,4.19,122.0,-1.0,54.0,121.0
Skeanz,Papara SuperMassive,TCL,Jungle,TCL Summer · saison régulière,14,0.857,6.1,108.0,9.0,54.0,117.0
Hoon,Beşiktaş Esports,TCL,Top,TCL Summer · saison régulière,14,0.571,2.61,106.0,3.0,54.0,109.0
Ruep,Dark Passage,TCL,ADC,TCL Summer · saison régulière,14,0.571,4.32,66.0,-1.0,54.0,65.0
Mercy9,Misa Esports,TCL,Mid,TCL Summer · saison régulière,14,0.643,4.88,56.0,-1.0,54.0,55.0
CHEF,Dark Passage,TCL,Jungle,TCL Summer · saison régulière,14,0.571,3.89,55.0,-1.0,54.0,54.0
Carry,Papara SuperMassive,TCL,Support,TCL Summer · saison régulière,14,0.857,3.19,34.0,9.0,54.0,43.0
Kaori,Beşiktaş Esports,TCL,ADC,TCL Summer · saison régulière,14,0.571,4.12,15.0,3.0,54.0,18.0
Paixdia,Beşiktaş Esports,TCL,Support,TCL Summer · saison régulière,14,0.571,2.94,11.0,3.0,54.0,14.0
Luana,Misa Esports,TCL,Top,TCL Summer · saison régulière,14,0.643,2.97,14.0,-1.0,54.0,13.0
Ferret,FUT Esports,TSC,Jungle,TCL Summer · saison régulière,14,0.429,3.57,12.0,-6.0,54.0,6.0
Batuuu,BoostGate Esports,TCL,Support,TCL Summer · saison régulière,14,0.643,2.91,-6.0,10.0,54.0,4.0
Yohan,NASR eSports Turkey,TCL,Jungle,TCL Summer · saison régulière,14,0.286,3.02,-3.0,0.0,54.0,-3.0
Patch,Dark Passage,TCL,Support,TCL Summer · saison régulière,14,0.571,3.09,-3.0,-1.0,54.0,-4.0
Kireas,Misa Esports,TCL,Jungle,TCL Summer · saison régulière,14,0.643,3.85,-6.0,-1.0,54.0,-7.0
Joexy,FUT Esports,TSC,Support,TCL Summer · saison régulière,14,0.0,1.11,-2.0,-15.0,54.0,-17.0
Nakyung,Beşiktaş Esports,TCL,Mid,TCL Summer · saison régulière,8,0.75,3.65,-26.0,6.0,54.0,-20.0
Bolulu,FUT Esports,TSC,Mid,TCL Summer · saison régulière,14,0.429,3.68,-19.0,-6.0,54.0,-25.0
Farfetch,Misa Esports,TCL,Support,TCL Summer · saison régulière,14,0.643,2.69,-36.0,-1.0,54.0,-37.0
HiRit,FUT Esports,TCL,Top,TCL Summer · saison régulière,14,0.429,2.84,-37.0,-6.0,54.0,-43.0
dispel,NASR eSports Turkey,TCL,Support,TCL Summer · saison régulière,14,0.286,2.25,-54.0,0.0,54.0,-54.0
Aytekn,BoostGate Esports,TCL,Top,TCL Summer · saison régulière,14,0.643,2.43,-68.0,10.0,54.0,-58.0
Blue,Beşiktaş Esports,TCL,Mid,TCL Summer · saison régulière,6,0.333,3.31,-58.0,-3.0,54.0,-61.0
Fade,BoostGate Esports,TCL,Mid,TCL Summer · saison régulière,14,0.643,4.52,-169.0,10.0,54.0,-159.0
Scorth,FUT Esports,TSC,ADC,TCL Summer · saison régulière,14,0.429,6.71,-153.0,-6.0,54.0,-159.0
XnS,BoostGate Esports,TCL,Jungle,TCL Summer · saison régulière,14,0.643,6.36,-173.0,10.0,54.0,-163.0
Grave,BoostGate Esports,TCL,ADC,TCL Summer · saison régulière,14,0.643,4.32,-180.0,10.0,54.0,-170.0
HolyPhoenix,Misa Esports,TCL,ADC,TCL Summer · saison régulière,14,0.643,8.45,-174.0,-1.0,54.0,-175.0
Orrisot,Galakticos,TCL,Mid,TCL Summer · saison régulière,4,0.0,1.1,-185.0,-6.0,54.0,-191.0
Gakgos,NASR eSports Turkey,TSC,Top,TCL Summer · saison régulière,14,0.286,2.39,-213.0,0.0,54.0,-213.0
Nawa,NASR eSports Turkey,TSC,ADC,TCL Summer · saison régulière,6,0.5,3.81,-235.0,1.0,54.0,-234.0
Typhoon,Beşiktaş Esports,TCL,Jungle,TCL Summer · saison régulière,14,0.571,3.47,-262.0,3.0,54.0,-259.0
Scofield,Regem,NLC Aurora Open,Jungle,TCL Summer · saison régulière,8,0.0,1.32,-268.0,-11.0,54.0,-279.0
Berkan,NASR eSports Turkey,TCL,Mid,TCL Summer · saison régulière,14,0.286,2.12,-287.0,0.0,54.0,-287.0
Stalken,Phoenix Esports,TSC,Jungle,TCL Summer · saison régulière,6,0.0,2.81,-313.0,-4.0,54.0,-317.0
Ozgur,Galakticos,TCL,ADC,TCL Summer · saison régulière,14,0.0,3.04,-340.0,-15.0,54.0,-355.0
Bayonetta,Galakticos,TCL,Top,TCL Summer · saison régulière,14,0.0,1.11,-354.0,-15.0,54.0,-369.0
Phenomenal,Galakticos,TCL,Mid,TCL Summer · saison régulière,10,0.0,1.3,-413.0,-8.0,54.0,-421.0
Boncuk,NASR eSports Turkey,TCL,ADC,TCL Summer · saison régulière,8,0.125,1.11,-481.0,-1.0,54.0,-482.0
TakeSet,Solary,LFL,ADC,TCL Winter · playoffs,5,0.4,3.0,191.0,-2.0,54.0,189.0
Osman123,Beşiktaş Esports,TCL,Jungle,TCL Winter · playoffs,8,0.625,3.55,166.0,1.0,54.0,167.0
Armut,Papara SuperMassive,TCL,Top,TCL Winter · playoffs,12,0.5,3.93,140.0,1.0,54.0,141.0
Skeanz,Papara SuperMassive,TCL,Jungle,TCL Winter · playoffs,12,0.5,4.67,108.0,1.0,54.0,109.0
Hoon,Beşiktaş Esports,TCL,Top,TCL Winter · playoffs,8,0.625,2.96,106.0,1.0,54.0,107.0
Mireu,Gentle Mates,LFL,Mid,TCL Winter · playoffs,8,0.625,3.96,87.0,1.0,54.0,88.0
Ruep,Dark Passage,TCL,ADC,TCL Winter · playoffs,12,0.583,4.67,66.0,1.0,54.0,67.0
CHEF,Dark Passage,TCL,Jungle,TCL Winter · playoffs,12,0.583,3.02,55.0,1.0,54.0,56.0
Carry,Papara SuperMassive,TCL,Support,TCL Winter · playoffs,12,0.583,3.35,34.0,1.0,54.0,35.0
Zergsting,Misa Esports,TCL,Support,TCL Winter · playoffs,4,0.25,3.43,25.0,-0.0,54.0,25.0
Kaori,Beşiktaş Esports,TCL,ADC,TCL Winter · playoffs,8,0.625,4.86,15.0,1.0,54.0,16.0
Luana,Misa Esports,TCL,Top,TCL Winter · playoffs,9,0.444,3.95,14.0,-1.0,54.0,13.0
Paixdia,Beşiktaş Esports,TCL,Support,TCL Winter · playoffs,8,0.625,2.66,11.0,1.0,54.0,12.0
Ferret,FUT Esports,TSC,Jungle,TCL Winter · playoffs,5,0.4,4.64,12.0,-2.0,54.0,10.0
IlllIma,Misa Esports,TCL,Top,TCL Winter · playoffs,4,0.25,2.3,3.0,-0.0,54.0,3.0
Jactroll,Papara SuperMassive,TCL,Support,TCL Winter · playoffs,12,0.5,2.96,-7.0,1.0,54.0,-6.0
Kireas,Misa Esports,TCL,Jungle,TCL Winter · playoffs,9,0.444,3.14,-6.0,-1.0,54.0,-7.0
Luger,Papara SuperMassive,TCL,ADC,TCL Winter · playoffs,12,0.5,3.95,-15.0,1.0,54.0,-14.0
Umut,Dark Passage,TCL,Mid,TCL Winter · playoffs,9,0.444,3.48,-16.0,-1.0,54.0,-17.0
Bolulu,FUT Esports,TSC,Mid,TCL Winter · playoffs,5,0.4,5.89,-19.0,-2.0,54.0,-21.0
Nakyung,Beşiktaş Esports,TCL,Mid,TCL Winter · playoffs,12,0.583,5.87,-26.0,1.0,54.0,-25.0
DICE,Misa Esports,TCL,Mid,TCL Winter · playoffs,4,0.25,3.75,-51.0,-0.0,54.0,-51.0
Blue,Beşiktaş Esports,TCL,Mid,TCL Winter · playoffs,12,0.5,3.97,-58.0,1.0,54.0,-57.0
Sparz,Dark Passage,TCL,Support,TCL Winter · playoffs,9,0.444,2.56,-57.0,-1.0,54.0,-58.0
Taegyeong,BoostGate Esports,TCL,Top,TCL Winter · playoffs,12,0.583,2.51,-71.0,1.0,54.0,-70.0
Mojito,Klanik Esport,NL,Jungle,TCL Winter · playoffs,4,0.25,1.96,-131.0,-0.0,54.0,-131.0
kibah,FUT Esports,TCL,Support,TCL Winter · playoffs,5,0.4,2.59,-160.0,-2.0,54.0,-162.0
HolyPhoenix,Misa Esports,TCL,ADC,TCL Winter · playoffs,4,0.25,3.69,-174.0,-0.0,54.0,-174.0
Black,Dark Passage,TCL,ADC,TCL Winter · playoffs,9,0.444,2.76,-220.0,-1.0,54.0,-221.0
StarScreen,FUT Esports,TCL,Top,TCL Winter · playoffs,5,0.4,2.56,-245.0,-2.0,54.0,-247.0
TakeSet,Solary,LFL,ADC,TCL Winter · saison régulière,14,0.5,4.77,191.0,-2.0,54.0,189.0
Osman123,Beşiktaş Esports,TCL,Jungle,TCL Winter · saison régulière,14,0.714,4.2,166.0,0.0,54.0,166.0
Armut,Papara SuperMassive,TCL,Top,TCL Winter · saison régulière,14,0.714,5.16,140.0,6.0,54.0,146.0
Skeanz,Papara SuperMassive,TCL,Jungle,TCL Winter · saison régulière,14,0.714,5.32,108.0,6.0,54.0,114.0
Hoon,Beşiktaş Esports,TCL,Top,TCL Winter · saison régulière,14,0.714,4.61,106.0,0.0,54.0,106.0
Mireu,Gentle Mates,LFL,Mid,TCL Winter · saison régulière,14,0.714,3.42,87.0,0.0,54.0,87.0
Ruep,Dark Passage,TCL,ADC,TCL Winter · saison régulière,14,0.714,4.79,66.0,6.0,54.0,72.0
CHEF,Dark Passage,TCL,Jungle,TCL Winter · saison régulière,14,0.714,4.03,55.0,6.0,54.0,61.0
Carry,Papara SuperMassive,TCL,Support,TCL Winter · saison régulière,14,0.714,5.86,34.0,6.0,54.0,40.0
Zergsting,Misa Esports,TCL,Support,TCL Winter · saison régulière,10,0.5,3.15,25.0,2.0,54.0,27.0
Luana,Misa Esports,TCL,Top,TCL Winter · saison régulière,14,0.643,2.91,14.0,7.0,54.0,21.0
Kaori,Beşiktaş Esports,TCL,ADC,TCL Winter · saison régulière,14,0.714,4.91,15.0,0.0,54.0,15.0
Paixdia,Beşiktaş Esports,TCL,Support,TCL Winter · saison régulière,14,0.714,3.62,11.0,0.0,54.0,11.0
Ferret,FUT Esports,TSC,Jungle,TCL Winter · saison régulière,14,0.5,3.72,12.0,-2.0,54.0,10.0
Kireas,Misa Esports,TCL,Jungle,TCL Winter · saison régulière,14,0.643,5.48,-6.0,7.0,54.0,1.0
IlllIma,Misa Esports,TCL,Top,TCL Winter · saison régulière,14,0.429,3.18,3.0,-2.0,54.0,1.0
Jactroll,Papara SuperMassive,TCL,Support,TCL Winter · saison régulière,14,0.714,3.51,-7.0,6.0,54.0,-1.0
Patch,Dark Passage,TCL,Support,TCL Winter · saison régulière,14,0.286,2.78,-3.0,-2.0,54.0,-5.0
Luger,Papara SuperMassive,TCL,ADC,TCL Winter · saison régulière,14,0.714,5.35,-15.0,6.0,54.0,-9.0
Umut,Dark Passage,TCL,Mid,TCL Winter · saison régulière,14,0.643,5.92,-16.0,7.0,54.0,-9.0
Nakyung,Beşiktaş Esports,TCL,Mid,TCL Winter · saison régulière,14,0.714,5.42,-26.0,6.0,54.0,-20.0
Bolulu,FUT Esports,TSC,Mid,TCL Winter · saison régulière,14,0.5,2.74,-19.0,-2.0,54.0,-21.0
Sparz,Dark Passage,TCL,Support,TCL Winter · saison régulière,14,0.643,3.98,-57.0,7.0,54.0,-50.0
Blue,Beşiktaş Esports,TCL,Mid,TCL Winter · saison régulière,14,0.714,4.42,-58.0,6.0,54.0,-52.0
DICE,Misa Esports,TCL,Mid,TCL Winter · saison régulière,14,0.429,2.88,-51.0,-2.0,54.0,-53.0
Taegyeong,BoostGate Esports,TCL,Top,TCL Winter · saison régulière,14,0.714,3.03,-71.0,6.0,54.0,-65.0
Mxe,Ramboot Club,LES,Support,TCL Winter · saison régulière,14,0.0,1.56,-108.0,-13.0,54.0,-121.0
Mojito,Klanik Esport,NL,Jungle,TCL Winter · saison régulière,14,0.429,3.4,-131.0,-2.0,54.0,-133.0
Scorth,FUT Esports,TSC,ADC,TCL Winter · saison régulière,14,0.286,3.07,-153.0,-2.0,54.0,-155.0
kibah,FUT Esports,TCL,Support,TCL Winter · saison régulière,14,0.5,2.27,-160.0,-2.0,54.0,-162.0
fabFabulous,FUT Esports,TSC,Top,TCL Winter · saison régulière,14,0.286,2.09,-165.0,-2.0,54.0,-167.0
Abagnale,Akroma,NL,Support,TCL Winter · saison régulière,4,0.25,1.17,-166.0,-5.0,54.0,-171.0
HolyPhoenix,Misa Esports,TCL,ADC,TCL Winter · saison régulière,10,0.5,6.76,-174.0,2.0,54.0,-172.0
Grave,BoostGate Esports,TCL,ADC,TCL Winter · saison régulière,14,0.0,1.48,-180.0,-13.0,54.0,-193.0
Kingston,Hazing Chase,TSC,Jungle,TCL Winter · saison régulière,2,0.0,1.08,-203.0,-2.0,54.0,-205.0
Black,Dark Passage,TCL,ADC,TCL Winter · saison régulière,14,0.643,4.32,-220.0,7.0,54.0,-213.0
StarScreen,FUT Esports,TCL,Top,TCL Winter · saison régulière,14,0.5,2.74,-245.0,-2.0,54.0,-247.0
Typhoon,Beşiktaş Esports,TCL,Jungle,TCL Winter · saison régulière,14,0.286,3.11,-262.0,-2.0,54.0,-264.0
Whistle,NASR eSports Turkey,TCL,Mid,TCL Winter · saison régulière,14,0.286,2.39,-313.0,-2.0,54.0,-315.0
Asza,Team Shrimp,ESLOL,ADC,TCL Winter · saison régulière,4,0.25,1.62,-324.0,-5.0,54.0,-329.0
Camana,Galakticos,TCL,Mid,TCL Winter · saison régulière,14,0.0,1.58,-409.0,-13.0,54.0,-422.0
Lenom,Galakticos,TCL,Top,TCL Winter · saison régulière,14,0.0,1.47,-420.0,-13.0,54.0,-433.0
Tumay,Galakticos,TCL,Jungle,TCL Winter · saison régulière,12,0.0,1.04,-492.0,-11.0,54.0,-503.0
Joexy,FUT Esports,TSC,Support,TCL · saison régulière,7,0.857,2.93,-2.0,9.0,54.0,7.0
Eloha,NONAME,TCL,Top,TCL · saison régulière,12,0.583,2.4,-3.0,-3.0,54.0,-6.0
peagod,NONAME,TCL,ADC,TCL · saison régulière,12,0.583,3.65,-29.0,-3.0,54.0,-32.0
Maximillion,NONAME,TCL,Mid,TCL · saison régulière,12,0.583,3.07,-32.0,-3.0,54.0,-35.0
Fynox,KAOS e-sport,NLC,ADC,TCL · saison régulière,11,0.454,4.15,-40.0,1.0,54.0,-39.0
Orrisot,Galakticos,TCL,Mid,TCL · saison régulière,7,0.857,5.05,-185.0,9.0,54.0,-176.0
Vergil,FoxFire,TSC,Top,TCL · saison régulière,7,0.571,2.48,-192.0,2.0,54.0,-190.0
Atat,NONAME,TCL,Support,TCL · saison régulière,12,0.583,3.1,-250.0,-3.0,54.0,-253.0
Scofield,Regem,NLC Aurora Open,Jungle,TCL · saison régulière,7,0.857,6.78,-268.0,9.0,54.0,-259.0
Beplush,Comanchero Gaming,TCL,Support,TCL · saison régulière,11,0.454,2.79,-272.0,1.0,54.0,-271.0
Sensy,Comanchero Gaming,TCL,Jungle,TCL · saison régulière,11,0.454,5.29,-281.0,1.0,54.0,-280.0
Ozgur,Galakticos,TCL,ADC,TCL · saison régulière,7,0.857,6.53,-340.0,9.0,54.0,-331.0
Bayonetta,Galakticos,TCL,Top,TCL · saison régulière,7,0.857,4.95,-354.0,9.0,54.0,-345.0
FireAscept,Comanchero Gaming,TCL,Mid,TCL · saison régulière,11,0.454,4.75,-353.0,1.0,54.0,-352.0
Derakhil,NONAME,TCL,Jungle,TCL · saison régulière,12,0.583,3.15,-367.0,-3.0,54.0,-370.0
Dionelux,Lynch Esports,TSC,Top,TCL · saison régulière,6,0.0,1.46,-406.0,-7.0,54.0,-413.0
Soul,Lynch Esports,TSC,Support,TCL · saison régulière,6,0.0,1.69,-443.0,-7.0,54.0,-450.0
TakeSet,Solary,LFL,ADC,TSC Winter · saison régulière,9,0.667,5.6,191.0,3.0,54.0,194.0
Osman123,Beşiktaş Esports,TCL,Jungle,TSC Winter · saison régulière,6,0.667,4.1,166.0,-2.0,54.0,164.0
Armut,Papara SuperMassive,TCL,Top,TSC Winter · saison régulière,13,0.692,3.87,140.0,-1.0,54.0,139.0
Skeanz,Papara SuperMassive,TCL,Jungle,TSC Winter · saison régulière,13,0.692,5.0,108.0,-1.0,54.0,107.0
Hoon,Beşiktaş Esports,TCL,Top,TSC Winter · saison régulière,6,0.667,2.67,106.0,-2.0,54.0,104.0
Mireu,Gentle Mates,LFL,Mid,TSC Winter · saison régulière,6,0.667,3.94,87.0,-2.0,54.0,85.0
Ruep,Dark Passage,TCL,ADC,TSC Winter · saison régulière,6,0.5,2.95,66.0,-4.0,54.0,62.0
CHEF,Dark Passage,TCL,Jungle,TSC Winter · saison régulière,6,0.5,3.79,55.0,-4.0,54.0,51.0
Carry,Papara SuperMassive,TCL,Support,TSC Winter · saison régulière,6,0.5,4.84,34.0,-4.0,54.0,30.0
Ferret,FUT Esports,TSC,Jungle,TSC Winter · saison régulière,9,0.667,5.48,12.0,3.0,54.0,15.0
Kaori,Beşiktaş Esports,TCL,ADC,TSC Winter · saison régulière,6,0.667,3.72,15.0,-2.0,54.0,13.0
IlllIma,Misa Esports,TCL,Top,TSC Winter · saison régulière,13,0.615,2.6,3.0,8.0,54.0,11.0
Paixdia,Beşiktaş Esports,TCL,Support,TSC Winter · saison régulière,6,0.667,2.82,11.0,-2.0,54.0,9.0
Luana,Misa Esports,TCL,Top,TSC Winter · saison régulière,3,0.333,1.67,14.0,-5.0,54.0,9.0
Patch,Dark Passage,TCL,Support,TSC Winter · saison régulière,5,0.4,5.23,-3.0,-4.0,54.0,-7.0
Jactroll,Papara SuperMassive,TCL,Support,TSC Winter · saison régulière,13,0.692,3.03,-7.0,-1.0,54.0,-8.0
Kireas,Misa Esports,TCL,Jungle,TSC Winter · saison régulière,3,0.333,4.57,-6.0,-5.0,54.0,-11.0
Luger,Papara SuperMassive,TCL,ADC,TSC Winter · saison régulière,13,0.692,5.25,-15.0,-1.0,54.0,-16.0
Bolulu,FUT Esports,TSC,Mid,TSC Winter · saison régulière,9,0.667,5.7,-19.0,3.0,54.0,-16.0
Umut,Dark Passage,TCL,Mid,TSC Winter · saison régulière,3,0.333,2.5,-16.0,-5.0,54.0,-21.0
Nakyung,Beşiktaş Esports,TCL,Mid,TSC Winter · saison régulière,6,0.5,3.05,-26.0,-4.0,54.0,-30.0
DICE,Misa Esports,TCL,Mid,TSC Winter · saison régulière,13,0.615,3.32,-51.0,8.0,54.0,-43.0
Blue,Beşiktaş Esports,TCL,Mid,TSC Winter · saison régulière,13,0.692,3.5,-58.0,-1.0,54.0,-59.0
Sparz,Dark Passage,TCL,Support,TSC Winter · saison régulière,3,0.333,1.86,-57.0,-5.0,54.0,-62.0
Aytekn,BoostGate Esports,TCL,Top,TSC Winter · saison régulière,3,0.333,0.86,-68.0,-2.0,54.0,-70.0
Taegyeong,BoostGate Esports,TCL,Top,TSC Winter · saison régulière,6,0.5,2.35,-71.0,-4.0,54.0,-75.0
Mxe,Ramboot Club,LES,Support,TSC Winter · saison régulière,7,0.714,5.53,-108.0,8.0,54.0,-100.0
alix,NASR eSports Turkey,TSC,Mid,TSC Winter · saison régulière,5,0.6,2.11,-109.0,4.0,54.0,-105.0
Mojito,Klanik Esport,NL,Jungle,TSC Winter · saison régulière,13,0.615,2.57,-131.0,8.0,54.0,-123.0
kibah,FUT Esports,TCL,Support,TSC Winter · saison régulière,9,0.667,4.03,-160.0,3.0,54.0,-157.0
Scorth,FUT Esports,TSC,ADC,TSC Winter · saison régulière,5,0.4,4.43,-153.0,-4.0,54.0,-157.0
Abagnale,Akroma,NL,Support,TSC Winter · saison régulière,13,0.615,2.87,-166.0,8.0,54.0,-158.0
fabFabulous,FUT Esports,TSC,Top,TSC Winter · saison régulière,5,0.4,2.79,-165.0,-4.0,54.0,-169.0
Fade,BoostGate Esports,TCL,Mid,TSC Winter · saison régulière,3,0.333,3.57,-169.0,-2.0,54.0,-171.0
Grave,BoostGate Esports,TCL,ADC,TSC Winter · saison régulière,7,0.714,3.55,-180.0,8.0,54.0,-172.0
Kingston,Hazing Chase,TSC,Jungle,TSC Winter · saison régulière,7,0.714,3.25,-203.0,8.0,54.0,-195.0
Black,Dark Passage,TCL,ADC,TSC Winter · saison régulière,3,0.333,2.8,-220.0,-5.0,54.0,-225.0
StarScreen,FUT Esports,TCL,Top,TSC Winter · saison régulière,9,0.667,4.04,-245.0,3.0,54.0,-242.0
Typhoon,Beşiktaş Esports,TCL,Jungle,TSC Winter · saison régulière,5,0.4,5.0,-262.0,-4.0,54.0,-266.0
Scofield,Regem,NLC Aurora Open,Jungle,TSC Winter · saison régulière,3,0.333,1.9,-268.0,-2.0,54.0,-270.0
Stalken,Phoenix Esports,TSC,Jungle,TSC Winter · saison régulière,5,0.6,5.46,-313.0,4.0,54.0,-309.0
Asza,Team Shrimp,ESLOL,ADC,TSC Winter · saison régulière,13,0.615,4.21,-324.0,8.0,54.0,-316.0
Whistle,NASR eSports Turkey,TCL,Mid,TSC Winter · saison régulière,5,0.4,4.0,-313.0,-4.0,54.0,-317.0
Peop,Phoenix Esports,TSC,Top,TSC Winter · saison régulière,5,0.6,1.83,-332.0,4.0,54.0,-328.0
FireAscept,Comanchero Gaming,TCL,Mid,TSC Winter · saison régulière,3,0.0,1.54,-353.0,-2.0,54.0,-355.0
Derakhil,NONAME,TCL,Jungle,TSC Winter · saison régulière,3,0.0,0.8,-367.0,-1.0,54.0,-368.0
tuokaZ,NONAME,TSC,ADC,TSC Winter · saison régulière,3,0.0,0.95,-372.0,-1.0,54.0,-373.0
Rexha,NONAME,TSC,Support,TSC Winter · saison régulière,3,0.0,0.77,-385.0,-1.0,54.0,-386.0
Meshade,Hazing Chase,TSC,ADC,TSC Winter · saison régulière,3,0.333,4.0,-386.0,-2.0,54.0,-388.0
sappxire1,NONAME,TSC,Mid,TSC Winter · saison régulière,3,0.0,0.53,-391.0,-1.0,54.0,-392.0
Camana,Galakticos,TCL,Mid,TSC Winter · saison régulière,7,0.714,4.5,-409.0,8.0,54.0,-401.0
Dionelux,Lynch Esports,TSC,Top,TSC Winter · saison régulière,1,1.0,4.33,-406.0,1.0,54.0,-405.0
Lenom,Galakticos,TCL,Top,TSC Winter · saison régulière,7,0.714,4.86,-420.0,8.0,54.0,-412.0
Noki,Diamant Esports,EBL,Support,TSC Winter · saison régulière,5,0.6,3.72,-520.0,4.0,54.0,-516.0
Nykeus,Axolotl,LIT,Support,TSC Winter · saison régulière,3,0.333,1.7,-643.0,-0.0,54.0,-643.0
Ferret,FUT Esports,TSC,Jungle,TSC · saison régulière,11,1.0,6.5,12.0,9.0,54.0,21.0
Kaori,Beşiktaş Esports,TCL,ADC,TSC · saison régulière,8,0.75,5.56,15.0,1.0,54.0,16.0
Paixdia,Beşiktaş Esports,TCL,Support,TSC · saison régulière,8,0.75,4.3,11.0,1.0,54.0,12.0
Joexy,FUT Esports,TSC,Support,TSC · saison régulière,10,1.0,4.28,-2.0,10.0,54.0,8.0
Kireas,Misa Esports,TCL,Jungle,TSC · saison régulière,8,0.75,6.2,-6.0,1.0,54.0,-5.0
Batuuu,BoostGate Esports,TCL,Support,TSC · saison régulière,9,0.556,3.32,-6.0,-3.0,54.0,-9.0
Bolulu,FUT Esports,TSC,Mid,TSC · saison régulière,11,1.0,8.0,-19.0,9.0,54.0,-10.0
Juzu,GnG Amazigh,AL,Top,TSC · saison régulière,8,0.75,3.95,-25.0,1.0,54.0,-24.0
Farfetch,Misa Esports,TCL,Support,TSC · saison régulière,6,0.333,2.14,-36.0,-6.0,54.0,-42.0
Aytekn,BoostGate Esports,TCL,Top,TSC · saison régulière,9,0.556,2.61,-68.0,-3.0,54.0,-71.0
alix,NASR eSports Turkey,TSC,Mid,TSC · saison régulière,14,0.571,3.4,-109.0,2.0,54.0,-107.0
Scorth,FUT Esports,TSC,ADC,TSC · saison régulière,11,1.0,11.0,-153.0,9.0,54.0,-144.0
fabFabulous,FUT Esports,TSC,Top,TSC · saison régulière,11,1.0,4.41,-165.0,9.0,54.0,-156.0
Fade,BoostGate Esports,TCL,Mid,TSC · saison régulière,9,0.556,4.73,-169.0,-3.0,54.0,-172.0
XnS,BoostGate Esports,TCL,Jungle,TSC · saison régulière,9,0.556,3.35,-173.0,-3.0,54.0,-176.0
HolyPhoenix,Misa Esports,TCL,ADC,TSC · saison régulière,6,0.333,3.81,-174.0,-6.0,54.0,-180.0
Grave,BoostGate Esports,TCL,ADC,TSC · saison régulière,9,0.556,4.56,-180.0,-3.0,54.0,-183.0
Orrisot,Galakticos,TCL,Mid,TSC · saison régulière,5,0.2,2.35,-185.0,-1.0,54.0,-186.0
Vergil,FoxFire,TSC,Top,TSC · saison régulière,8,0.375,1.93,-192.0,-0.0,54.0,-192.0
Kasing,Gamespace Mediterranean College Esports,GLL,Support,TSC · saison régulière,7,0.571,2.86,-192.0,0.0,54.0,-192.0
Kingston,Hazing Chase,TSC,Jungle,TSC · saison régulière,10,0.5,3.25,-203.0,4.0,54.0,-199.0
Gakgos,NASR eSports Turkey,TSC,Top,TSC · saison régulière,14,0.571,2.92,-213.0,2.0,54.0,-211.0
Kaboom,FoxFire,TSC,Jungle,TSC · saison régulière,8,0.375,2.74,-227.0,-0.0,54.0,-227.0
Nawa,NASR eSports Turkey,TSC,ADC,TSC · saison régulière,14,0.571,4.97,-235.0,2.0,54.0,-233.0
NON RueL,NONAME,TSC,Jungle,TSC · saison régulière,10,0.7,4.14,-247.0,7.0,54.0,-240.0
Atat,NONAME,TCL,Support,TSC · saison régulière,7,0.571,2.17,-250.0,0.0,54.0,-250.0
Wuis,FoxFire,TSC,Support,TSC · saison régulière,8,0.375,2.59,-255.0,-0.0,54.0,-255.0
Beplush,Comanchero Gaming,TCL,Support,TSC · saison régulière,7,0.286,3.35,-272.0,-4.0,54.0,-276.0
Sensy,Comanchero Gaming,TCL,Jungle,TSC · saison régulière,7,0.286,2.42,-281.0,-4.0,54.0,-285.0
justcan,Hazing Chase,TSC,Support,TSC · saison régulière,10,0.5,3.21,-315.0,4.0,54.0,-311.0
Stalken,Phoenix Esports,TSC,Jungle,TSC · saison régulière,7,0.571,4.05,-313.0,0.0,54.0,-313.0
UNZY,NASR eSports Turkey,TSC,Support,TSC · saison régulière,14,0.571,2.71,-320.0,2.0,54.0,-318.0
Cape,NASR eSports Turkey,TSC,Jungle,TSC · saison régulière,14,0.571,3.42,-330.0,2.0,54.0,-328.0
Conformista,NONAME,TSC,Top,TSC · saison régulière,13,0.615,2.72,-333.0,3.0,54.0,-330.0
Peop,Phoenix Esports,TSC,Top,TSC · saison régulière,7,0.571,2.89,-332.0,0.0,54.0,-332.0
Jamie,Team Insidious,GLL,ADC,TSC · saison régulière,4,0.0,1.56,-336.0,-4.0,54.0,-340.0
Ozgur,Galakticos,TCL,ADC,TSC · saison régulière,7,0.571,7.1,-340.0,0.0,54.0,-340.0
Bayonetta,Galakticos,TCL,Top,TSC · saison régulière,7,0.571,3.68,-354.0,0.0,54.0,-354.0
FireAscept,Comanchero Gaming,TCL,Mid,TSC · saison régulière,7,0.286,2.77,-353.0,-4.0,54.0,-357.0
tuokaZ,NONAME,TSC,ADC,TSC · saison régulière,13,0.615,3.68,-372.0,3.0,54.0,-369.0
Derakhil,NONAME,TCL,Jungle,TSC · saison régulière,3,0.333,2.0,-367.0,-4.0,54.0,-371.0
Meshade,Hazing Chase,TSC,ADC,TSC · saison régulière,10,0.5,5.15,-386.0,4.0,54.0,-382.0
Rexha,NONAME,TSC,Support,TSC · saison régulière,13,0.615,3.08,-385.0,3.0,54.0,-382.0
sappxire1,NONAME,TSC,Mid,TSC · saison régulière,13,0.615,4.22,-391.0,3.0,54.0,-388.0
Camana,Galakticos,TCL,Mid,TSC · saison régulière,10,0.5,4.83,-409.0,4.0,54.0,-405.0
Dionelux,Lynch Esports,TSC,Top,TSC · saison régulière,7,0.286,3.24,-406.0,-0.0,54.0,-406.0
Lenom,Galakticos,TCL,Top,TSC · saison régulière,10,0.5,2.67,-420.0,4.0,54.0,-416.0
Soul,Lynch Esports,TSC,Support,TSC · saison régulière,7,0.286,3.07,-443.0,-0.0,54.0,-443.0
Anonymouss,Myth Esports,ESLOL,Jungle,TSC · saison régulière,7,0.571,1.86,-449.0,0.0,54.0,-449.0
Boncuk,NASR eSports Turkey,TCL,ADC,TSC · saison régulière,7,0.286,4.12,-481.0,-4.0,54.0,-485.0
Madly,Comanchero Gaming,TSC,Top,TSC · saison régulière,7,0.286,1.62,-524.0,-4.0,54.0,-528.0
Nykeus,Axolotl,LIT,Support,TSC · saison régulière,6,0.333,2.66,-643.0,0.0,54.0,-643.0
Czypsy,Atleta Esport,LIT,Support,UL Spring · playoffs,8,0.375,1.76,99.0,-4.0,54.0,95.0
Kofte,Zero Tenacity,UL,Mid,UL Spring · playoffs,13,0.615,5.93,49.0,2.0,54.0,51.0
HARPOON,Zero Tenacity,UL,ADC,UL Spring · playoffs,13,0.615,7.5,29.0,2.0,54.0,31.0
Erdote,Zero Tenacity,UL,Support,UL Spring · playoffs,13,0.615,4.21,17.0,2.0,54.0,19.0
bluerzor,Zero Tenacity,UL,Jungle,UL Spring · playoffs,13,0.615,4.03,7.0,2.0,54.0,9.0
Melonik,Zero Tenacity,UL,Top,UL Spring · playoffs,13,0.615,3.92,-31.0,2.0,54.0,-29.0
Afroboi,MOUZ NXT,PRM,Jungle,UL Spring · playoffs,8,0.375,1.53,-30.0,-4.0,54.0,-34.0
Roison,Verdant,NLC Aurora Open,Mid,UL Spring · playoffs,8,0.375,3.65,-87.0,-4.0,54.0,-91.0
Acorderr,Back2TheGame,UL,Support,UL Spring · playoffs,8,0.625,2.81,-141.0,5.0,54.0,-136.0
pr1me,Verdant,NLC Aurora Open,Top,UL Spring · playoffs,8,0.375,2.03,-153.0,-4.0,54.0,-157.0
ShazQ,Back2TheGame,UL,Jungle,UL Spring · playoffs,8,0.625,4.47,-171.0,5.0,54.0,-166.0
Syzyf,Back2TheGame,UL,Mid,UL Spring · playoffs,8,0.625,5.33,-175.0,5.0,54.0,-170.0
Neramin,Verdant,NLC Aurora Open,ADC,UL Spring · playoffs,8,0.375,2.69,-172.0,-4.0,54.0,-176.0
Kozi,Back2TheGame,UL,Top,UL Spring · playoffs,8,0.625,2.56,-208.0,5.0,54.0,-203.0
RAFBIN,Forsaken,UL,Mid,UL Spring · playoffs,3,0.0,1.18,-210.0,-4.0,54.0,-214.0
Ariana,Forsaken,UL,Top,UL Spring · playoffs,3,0.0,1.55,-303.0,-4.0,54.0,-307.0
belit,GRP Esports,UL,Jungle,UL Spring · playoffs,3,0.0,1.55,-332.0,-4.0,54.0,-336.0
Salami,Back2TheGame,UL,ADC,UL Spring · playoffs,8,0.625,4.88,-354.0,5.0,54.0,-349.0
wittman,Forsaken,UL,ADC,UL Spring · playoffs,3,0.0,1.6,-390.0,-4.0,54.0,-394.0
Crisma,SNOOZE Esports,ESLOL,Support,UL Spring · playoffs,3,0.0,1.0,-462.0,-4.0,54.0,-466.0
Czypsy,Atleta Esport,LIT,Support,UL Spring · saison régulière,14,0.929,9.38,99.0,8.0,54.0,107.0
Kofte,Zero Tenacity,UL,Mid,UL Spring · saison régulière,14,0.857,8.82,49.0,-2.0,54.0,47.0
HARPOON,Zero Tenacity,UL,ADC,UL Spring · saison régulière,14,0.857,7.86,29.0,-2.0,54.0,27.0
Erdote,Zero Tenacity,UL,Support,UL Spring · saison régulière,14,0.857,6.4,17.0,-2.0,54.0,15.0
bluerzor,Zero Tenacity,UL,Jungle,UL Spring · saison régulière,14,0.857,5.17,7.0,-2.0,54.0,5.0
Afroboi,MOUZ NXT,PRM,Jungle,UL Spring · saison régulière,14,0.929,7.11,-30.0,8.0,54.0,-22.0
Melonik,Zero Tenacity,UL,Top,UL Spring · saison régulière,14,0.857,5.1,-31.0,-2.0,54.0,-33.0
Roison,Verdant,NLC Aurora Open,Mid,UL Spring · saison régulière,14,0.929,11.11,-87.0,8.0,54.0,-79.0
pr1me,Verdant,NLC Aurora Open,Top,UL Spring · saison régulière,14,0.929,4.05,-153.0,8.0,54.0,-145.0
Acorderr,Back2TheGame,UL,Support,UL Spring · saison régulière,14,0.571,2.8,-141.0,-6.0,54.0,-147.0
HeSSZero,ZETA,LES,Top,UL Spring · saison régulière,13,0.385,2.75,-165.0,4.0,54.0,-161.0
Neramin,Verdant,NLC Aurora Open,ADC,UL Spring · saison régulière,14,0.929,3.88,-172.0,8.0,54.0,-164.0
ShazQ,Back2TheGame,UL,Jungle,UL Spring · saison régulière,14,0.571,4.0,-171.0,-6.0,54.0,-177.0
Syzyf,Back2TheGame,UL,Mid,UL Spring · saison régulière,14,0.571,4.48,-175.0,-6.0,54.0,-181.0
RAFBIN,Forsaken,UL,Mid,UL Spring · saison régulière,14,0.5,4.37,-210.0,3.0,54.0,-207.0
Kozi,Back2TheGame,UL,Top,UL Spring · saison régulière,14,0.571,2.94,-208.0,-6.0,54.0,-214.0
Ariana,Forsaken,UL,Top,UL Spring · saison régulière,14,0.5,2.02,-303.0,3.0,54.0,-300.0
Furby,GRP Esports,UL,Mid,UL Spring · saison régulière,14,0.286,2.91,-321.0,-3.0,54.0,-324.0
kylin,Iron Wolves,UL,Jungle,UL Spring · saison régulière,11,0.364,2.65,-327.0,2.0,54.0,-325.0
belit,GRP Esports,UL,Jungle,UL Spring · saison régulière,14,0.5,4.1,-332.0,3.0,54.0,-329.0
Salami,Back2TheGame,UL,ADC,UL Spring · saison régulière,14,0.571,3.67,-354.0,-6.0,54.0,-360.0
0din,Iron Wolves,UL,Mid,UL Spring · saison régulière,11,0.364,2.26,-363.0,2.0,54.0,-361.0
wittman,Forsaken,UL,ADC,UL Spring · saison régulière,14,0.5,5.12,-390.0,3.0,54.0,-387.0
Haster,devils.one inStreamly,UL,Top,UL Spring · saison régulière,13,0.385,3.06,-420.0,0.0,54.0,-420.0
Krysia,devils.one inStreamly,UL,Jungle,UL Spring · saison régulière,13,0.385,3.55,-422.0,0.0,54.0,-422.0
Modliszka,devils.one inStreamly,UL,Mid,UL Spring · saison régulière,13,0.385,3.54,-423.0,0.0,54.0,-423.0
Traffy,devils.one inStreamly,UL,Support,UL Spring · saison régulière,13,0.385,2.57,-424.0,0.0,54.0,-424.0
Antonio,devils.one inStreamly,UL,ADC,UL Spring · saison régulière,13,0.385,4.03,-442.0,0.0,54.0,-442.0
Crisma,SNOOZE Esports,ESLOL,Support,UL Spring · saison régulière,14,0.5,4.29,-462.0,3.0,54.0,-459.0
Mietek,GRP Esports,UL,Top,UL Spring · saison régulière,13,0.308,1.68,-464.0,-1.0,54.0,-465.0
Faetski,GRP Esports,UL,ADC,UL Spring · saison régulière,14,0.286,1.95,-500.0,-3.0,54.0,-503.0
Dancer,devils.one inStreamly,UL,Support,UL Spring · saison régulière,14,0.286,1.88,-547.0,-3.0,54.0,-550.0
Lulas,eSuba,HM,Jungle,UL Spring · saison régulière,14,0.286,2.22,-577.0,-3.0,54.0,-580.0
Ruf,Iron Wolves,UL,ADC,UL Spring · saison régulière,13,0.385,2.5,-624.0,4.0,54.0,-620.0
Endz,Iron Wolves,UL,Support,UL Spring · saison régulière,13,0.385,2.73,-628.0,4.0,54.0,-624.0
DesoLinee,Team ESCA Gaming,UL,Top,UL Spring · saison régulière,14,0.071,1.08,-625.0,-3.0,54.0,-628.0
Mazi,Team ESCA Gaming,UL,Jungle,UL Spring · saison régulière,14,0.071,1.56,-625.0,-3.0,54.0,-628.0
GGiler,Team ESCA Gaming,UL,ADC,UL Spring · saison régulière,14,0.071,2.5,-649.0,-3.0,54.0,-652.0
buffi,Team ESCA Gaming,UL,Mid,UL Spring · saison régulière,14,0.071,1.91,-659.0,-3.0,54.0,-662.0
Jenxas,Iron Wolves,UL,Jungle,UL Spring · saison régulière,2,0.5,1.4,-698.0,2.0,54.0,-696.0
Kofte,Zero Tenacity,UL,Mid,UL Summer · playoffs,13,0.615,4.52,49.0,0.0,54.0,49.0
HARPOON,Zero Tenacity,UL,ADC,UL Summer · playoffs,13,0.615,6.05,29.0,0.0,54.0,29.0
Erdote,Zero Tenacity,UL,Support,UL Summer · playoffs,13,0.615,3.84,17.0,0.0,54.0,17.0
bluerzor,Zero Tenacity,UL,Jungle,UL Summer · playoffs,13,0.615,4.41,7.0,0.0,54.0,7.0
IlllIma,Misa Esports,TCL,Top,UL Summer · playoffs,8,0.625,1.92,3.0,4.0,54.0,7.0
Melonik,Zero Tenacity,UL,Top,UL Summer · playoffs,13,0.615,2.36,-31.0,0.0,54.0,-31.0
Goliath,Forsaken,UL,Support,UL Summer · playoffs,8,0.625,3.37,-88.0,4.0,54.0,-84.0
ToongE,Forsaken,UL,ADC,UL Summer · playoffs,8,0.625,6.67,-141.0,4.0,54.0,-137.0
Acorderr,Back2TheGame,UL,Support,UL Summer · playoffs,8,0.375,1.79,-141.0,-1.0,54.0,-142.0
Xeonerr,Forsaken,UL,Jungle,UL Summer · playoffs,8,0.625,5.31,-162.0,4.0,54.0,-158.0
ShazQ,Back2TheGame,UL,Jungle,UL Summer · playoffs,8,0.375,2.55,-171.0,-1.0,54.0,-172.0
Syzyf,Back2TheGame,UL,Mid,UL Summer · playoffs,8,0.375,2.52,-175.0,-1.0,54.0,-176.0
Lothen,Back2TheGame,UL,ADC,UL Summer · playoffs,8,0.375,6.22,-186.0,-1.0,54.0,-187.0
RAFBIN,Forsaken,UL,Mid,UL Summer · playoffs,8,0.625,8.44,-210.0,4.0,54.0,-206.0
Kozi,Back2TheGame,UL,Top,UL Summer · playoffs,8,0.375,1.81,-208.0,-1.0,54.0,-209.0
Centu,GRP Esports,UL,Support,UL Summer · playoffs,3,0.0,0.84,-332.0,-3.0,54.0,-335.0
belit,GRP Esports,UL,Jungle,UL Summer · playoffs,3,0.0,1.42,-332.0,-3.0,54.0,-335.0
Artoria,GRP Esports,UL,Mid,UL Summer · playoffs,3,0.0,0.86,-396.0,-3.0,54.0,-399.0
Mietek,GRP Esports,UL,Top,UL Summer · playoffs,3,0.0,0.82,-464.0,-3.0,54.0,-467.0
Faetski,GRP Esports,UL,ADC,UL Summer · playoffs,3,0.0,2.0,-500.0,-3.0,54.0,-503.0
Kofte,Zero Tenacity,UL,Mid,UL Summer · saison régulière,14,0.857,5.35,49.0,1.0,54.0,50.0
HARPOON,Zero Tenacity,UL,ADC,UL Summer · saison régulière,14,0.857,9.35,29.0,1.0,54.0,30.0
Erdote,Zero Tenacity,UL,Support,UL Summer · saison régulière,14,0.857,4.44,17.0,1.0,54.0,18.0
bluerzor,Zero Tenacity,UL,Jungle,UL Summer · saison régulière,14,0.857,8.78,7.0,1.0,54.0,8.0
IlllIma,Misa Esports,TCL,Top,UL Summer · saison régulière,2,1.0,2.5,3.0,-0.0,54.0,3.0
Melonik,Zero Tenacity,UL,Top,UL Summer · saison régulière,14,0.857,5.05,-31.0,1.0,54.0,-30.0
Goliath,Forsaken,UL,Support,UL Summer · saison régulière,14,0.786,5.21,-88.0,6.0,54.0,-82.0
ToongE,Forsaken,UL,ADC,UL Summer · saison régulière,14,0.786,4.72,-141.0,6.0,54.0,-135.0
Acorderr,Back2TheGame,UL,Support,UL Summer · saison régulière,14,0.786,3.88,-141.0,4.0,54.0,-137.0
Xeonerr,Forsaken,UL,Jungle,UL Summer · saison régulière,14,0.786,6.38,-162.0,6.0,54.0,-156.0
ShazQ,Back2TheGame,UL,Jungle,UL Summer · saison régulière,14,0.786,6.25,-171.0,4.0,54.0,-167.0
Syzyf,Back2TheGame,UL,Mid,UL Summer · saison régulière,14,0.786,6.04,-175.0,4.0,54.0,-171.0
Lothen,Back2TheGame,UL,ADC,UL Summer · saison régulière,13,0.769,7.5,-186.0,3.0,54.0,-183.0
RAFBIN,Forsaken,UL,Mid,UL Summer · saison régulière,14,0.786,7.48,-210.0,6.0,54.0,-204.0
Kozi,Back2TheGame,UL,Top,UL Summer · saison régulière,14,0.786,4.45,-208.0,4.0,54.0,-204.0
Matixx,devils.one inStreamly,UL,Top,UL Summer · saison régulière,14,0.357,2.61,-268.0,-2.0,54.0,-270.0
Togepi,Forsaken,UL,Top,UL Summer · saison régulière,12,0.75,2.81,-286.0,6.0,54.0,-280.0
Xavi,LODIS,UL,Support,UL Summer · saison régulière,14,0.286,2.0,-318.0,-5.0,54.0,-323.0
Centu,GRP Esports,UL,Support,UL Summer · saison régulière,14,0.571,3.0,-332.0,5.0,54.0,-327.0
belit,GRP Esports,UL,Jungle,UL Summer · saison régulière,14,0.571,3.86,-332.0,5.0,54.0,-327.0
Salami,Back2TheGame,UL,ADC,UL Summer · saison régulière,1,1.0,5.25,-354.0,2.0,54.0,-352.0
Yeti,Anonymo Esports,UL,Top,UL Summer · saison régulière,14,0.286,1.73,-354.0,-4.0,54.0,-358.0
Artoria,GRP Esports,UL,Mid,UL Summer · saison régulière,14,0.571,4.03,-396.0,5.0,54.0,-391.0
Krysia,devils.one inStreamly,UL,Jungle,UL Summer · saison régulière,14,0.357,2.46,-422.0,-2.0,54.0,-424.0
Ribu,devils.one inStreamly,UL,Mid,UL Summer · saison régulière,14,0.357,2.89,-439.0,-2.0,54.0,-441.0
Antonio,devils.one inStreamly,UL,ADC,UL Summer · saison régulière,14,0.357,4.48,-442.0,-2.0,54.0,-444.0
Xelar,LODIS,UL,ADC,UL Summer · saison régulière,14,0.286,3.46,-443.0,-5.0,54.0,-448.0
Ketim,LODIS,UL,Jungle,UL Summer · saison régulière,14,0.286,2.66,-449.0,-5.0,54.0,-454.0
uden,Anonymo Esports,UL,Support,UL Summer · saison régulière,14,0.286,2.32,-452.0,-4.0,54.0,-456.0
Mietek,GRP Esports,UL,Top,UL Summer · saison régulière,14,0.571,2.76,-464.0,5.0,54.0,-459.0
PmK,LODIS,UL,Top,UL Summer · saison régulière,14,0.286,2.03,-483.0,-5.0,54.0,-488.0
Domoles,LODIS,UL,Mid,UL Summer · saison régulière,14,0.286,3.77,-483.0,-5.0,54.0,-488.0
Faetski,GRP Esports,UL,ADC,UL Summer · saison régulière,14,0.571,3.81,-500.0,5.0,54.0,-495.0
Aincardz,Anonymo Esports,UL,Jungle,UL Summer · saison régulière,14,0.286,1.73,-527.0,-4.0,54.0,-531.0
kehvo,Anonymo Esports,UL,ADC,UL Summer · saison régulière,14,0.286,2.24,-533.0,-4.0,54.0,-537.0
Dancer,devils.one inStreamly,UL,Support,UL Summer · saison régulière,14,0.357,1.72,-547.0,-2.0,54.0,-549.0
pump,Anonymo Esports,UL,Mid,UL Summer · saison régulière,14,0.286,2.7,-573.0,-4.0,54.0,-577.0
Ruf,Iron Wolves,UL,ADC,UL Summer · saison régulière,14,0.071,1.0,-624.0,-6.0,54.0,-630.0
Endz,Iron Wolves,UL,Support,UL Summer · saison régulière,14,0.071,1.09,-628.0,-6.0,54.0,-634.0
Jenxas,Iron Wolves,UL,Jungle,UL Summer · saison régulière,14,0.071,1.03,-698.0,-6.0,54.0,-704.0
Arnax,Iron Wolves,UL,Top,UL Summer · saison régulière,14,0.071,0.79,-735.0,-6.0,54.0,-741.0
D0MAS,Iron Wolves,UL,Mid,UL Summer · saison régulière,14,0.071,1.22,-771.0,-6.0,54.0,-777.0
Anyone,Packmiko E-Sports,UL,ADC,UL · saison régulière,8,0.625,4.91,-256.0,-2.0,54.0,-258.0
Blesia,Packmiko E-Sports,UL,Top,UL · saison régulière,8,0.625,4.27,-294.0,-2.0,54.0,-296.0
Xavi,LODIS,UL,Support,UL · saison régulière,13,0.385,3.25,-318.0,2.0,54.0,-316.0
Zora,Juicy Ballers,UL,Top,UL · saison régulière,8,0.75,3.21,-320.0,3.0,54.0,-317.0
uciu,Juicy Ballers,UL,Jungle,UL · saison régulière,8,0.75,3.39,-360.0,3.0,54.0,-357.0
GEPARDINHO5,Juicy Ballers,UL,Support,UL · saison régulière,8,0.75,2.32,-364.0,3.0,54.0,-361.0
iwanan,Juicy Ballers,UL,Mid,UL · saison régulière,8,0.75,3.58,-398.0,3.0,54.0,-395.0
Xelar,LODIS,UL,ADC,UL · saison régulière,13,0.385,5.06,-443.0,2.0,54.0,-441.0
Ketim,LODIS,UL,Jungle,UL · saison régulière,13,0.385,4.25,-449.0,2.0,54.0,-447.0
PmK,LODIS,UL,Top,UL · saison régulière,13,0.385,2.27,-483.0,2.0,54.0,-481.0
Domoles,LODIS,UL,Mid,UL · saison régulière,13,0.385,4.2,-483.0,2.0,54.0,-481.0
zamulek,DSYRE,LIT,ADC,USP,20,0.65,5.2,141.0,2.0,54.0,143.0
HARPOON,Zero Tenacity,UL,ADC,USP,14,0.643,4.05,29.0,0.0,54.0,29.0
Erdote,Zero Tenacity,UL,Support,USP,14,0.643,3.24,17.0,0.0,54.0,17.0
bluerzor,Zero Tenacity,UL,Jungle,USP,14,0.643,3.6,7.0,0.0,54.0,7.0
Melonik,Zero Tenacity,UL,Top,USP,14,0.643,2.79,-31.0,0.0,54.0,-31.0
Odi11,Macko Esports,LIT,ADC,USP,6,0.5,4.56,-90.0,-1.0,54.0,-91.0
Vasco,Twareg Esports,AL,Mid,USP,14,0.643,4.53,-123.0,0.0,54.0,-123.0
Acorderr,Back2TheGame,UL,Support,USP,12,0.5,2.98,-141.0,4.0,54.0,-137.0
HeSSZero,ZETA,LES,Top,USP,6,0.5,2.36,-165.0,-1.0,54.0,-166.0
ShazQ,Back2TheGame,UL,Jungle,USP,12,0.5,3.21,-171.0,4.0,54.0,-167.0
Syzyf,Back2TheGame,UL,Mid,USP,12,0.5,3.74,-175.0,4.0,54.0,-171.0
Lothen,Back2TheGame,UL,ADC,USP,12,0.5,4.37,-186.0,4.0,54.0,-182.0
Kokos,Myth Esports,ESLOL,Jungle,USP,7,0.429,2.44,-206.0,0.0,54.0,-206.0
RAFBIN,Forsaken,UL,Mid,USP,10,0.4,2.39,-210.0,1.0,54.0,-209.0
Blesia,Packmiko E-Sports,UL,Top,USP,7,0.429,3.09,-294.0,0.0,54.0,-294.0
Ariana,Forsaken,UL,Top,USP,10,0.4,2.84,-303.0,1.0,54.0,-302.0
Xavi,LODIS,UL,Support,USP,10,0.4,4.44,-318.0,1.0,54.0,-317.0
Zora,Juicy Ballers,UL,Top,USP,4,0.0,1.55,-320.0,-3.0,54.0,-323.0
belit,GRP Esports,UL,Jungle,USP,10,0.4,3.36,-332.0,1.0,54.0,-331.0
Yeti,Anonymo Esports,UL,Top,USP,12,0.5,3.37,-354.0,4.0,54.0,-350.0
uciu,Juicy Ballers,UL,Jungle,USP,4,0.0,2.15,-360.0,-3.0,54.0,-363.0
GEPARDINHO5,Juicy Ballers,UL,Support,USP,4,0.0,1.56,-364.0,-3.0,54.0,-367.0
wittman,Forsaken,UL,ADC,USP,10,0.4,4.33,-390.0,1.0,54.0,-389.0
Mystiques,GLORE,HM,Support,USP,6,0.5,2.22,-389.0,-1.0,54.0,-390.0
iwanan,Juicy Ballers,UL,Mid,USP,4,0.0,1.44,-398.0,-3.0,54.0,-401.0
Haster,devils.one inStreamly,UL,Top,USP,7,0.429,2.0,-420.0,0.0,54.0,-420.0
Krysia,devils.one inStreamly,UL,Jungle,USP,6,0.5,3.12,-422.0,-1.0,54.0,-423.0
Traffy,devils.one inStreamly,UL,Support,USP,7,0.429,2.02,-424.0,0.0,54.0,-424.0
minemaciek,Rebels Gaming,LES,Support,USP,20,0.65,2.82,-434.0,2.0,54.0,-432.0
Antonio,devils.one inStreamly,UL,ADC,USP,7,0.429,4.35,-442.0,0.0,54.0,-442.0
Domoles,LODIS,UL,Mid,USP,6,0.5,5.07,-483.0,-1.0,54.0,-484.0
Kiaya,GAM Esports,VCS,Top,VCS Spring · playoffs,13,0.692,4.26,496.0,1.0,54.0,497.0
Levi,GAM Esports,VCS,Jungle,VCS Spring · playoffs,13,0.692,4.81,494.0,1.0,54.0,495.0
Kati,MGN Vikings Esports,VCS,Mid,VCS Spring · playoffs,10,0.6,4.96,462.0,4.0,54.0,466.0
Bie,MGN Vikings Esports,VCS,Support,VCS Spring · playoffs,6,0.167,1.85,451.0,-3.0,54.0,448.0
Elio,GAM Esports,VCS,Support,VCS Spring · playoffs,13,0.692,4.12,444.0,1.0,54.0,445.0
Shogun,MGN Vikings Esports,VCS,ADC,VCS Spring · playoffs,10,0.6,2.72,417.0,4.0,54.0,421.0
Emo,GAM Esports,VCS,Mid,VCS Spring · playoffs,13,0.692,4.74,417.0,1.0,54.0,418.0
Taki,Team Secret,VCS,Support,VCS Spring · playoffs,9,0.333,2.24,407.0,-2.0,54.0,405.0
Tomrio,MGN Vikings Esports,VCS,Jungle,VCS Spring · playoffs,10,0.6,5.39,400.0,4.0,54.0,404.0
Aress,Team Secret,VCS,Mid,VCS Spring · playoffs,9,0.333,4.05,404.0,-2.0,54.0,402.0
SofM,MGN Vikings Esports,VCS,Support,VCS Spring · playoffs,10,0.6,5.77,395.0,4.0,54.0,399.0
Fireblade,MGN Vikings Esports,VCS,Top,VCS Spring · playoffs,10,0.6,2.38,308.0,4.0,54.0,312.0
Hiro02,Team Secret,VCS,Top,VCS Spring · playoffs,7,0.429,2.26,290.0,1.0,54.0,291.0
Easylove,GAM Esports,VCS,ADC,VCS Spring · playoffs,13,0.692,4.19,274.0,1.0,54.0,275.0
Sparda,MGN Blue Esports,VCS,Top,VCS Spring · playoffs,6,0.167,1.03,203.0,-3.0,54.0,200.0
Yusah,Team Secret,VCS,Jungle,VCS Spring · playoffs,2,0.0,1.17,143.0,-3.0,54.0,140.0
Hasmed,Team Whales,VCS,Top,VCS Spring · playoffs,9,0.333,1.84,128.0,-2.0,54.0,126.0
Artemis,Team Whales,VCS,ADC,VCS Spring · playoffs,6,0.167,2.44,61.0,-3.0,54.0,58.0
C7N,Team Whales,VCS,Mid,VCS Spring · playoffs,6,0.167,1.95,22.0,-3.0,54.0,19.0
Eddie,Team Secret,VCS,ADC,VCS Spring · saison régulière,27,0.815,4.72,493.0,5.0,54.0,498.0
Kiaya,GAM Esports,VCS,Top,VCS Spring · saison régulière,27,0.741,3.68,496.0,-3.0,54.0,493.0
Levi,GAM Esports,VCS,Jungle,VCS Spring · saison régulière,27,0.741,5.23,494.0,-3.0,54.0,491.0
Qiang,Team Secret,VCS,Jungle,VCS Spring · saison régulière,27,0.815,3.68,460.0,5.0,54.0,465.0
Kati,MGN Vikings Esports,VCS,Mid,VCS Spring · saison régulière,27,0.518,3.6,462.0,-3.0,54.0,459.0
Bie,MGN Vikings Esports,VCS,Support,VCS Spring · saison régulière,29,0.621,4.33,451.0,2.0,53.0,453.0
Elio,GAM Esports,VCS,Support,VCS Spring · saison régulière,27,0.741,4.77,444.0,-3.0,54.0,441.0
Emo,GAM Esports,VCS,Mid,VCS Spring · saison régulière,1,0.0,1.5,417.0,-3.0,54.0,414.0
Shogun,MGN Vikings Esports,VCS,ADC,VCS Spring · saison régulière,27,0.518,3.45,417.0,-3.0,54.0,414.0
Taki,Team Secret,VCS,Support,VCS Spring · saison régulière,27,0.815,5.12,407.0,5.0,54.0,412.0
Aress,Team Secret,VCS,Mid,VCS Spring · saison régulière,27,0.815,5.4,404.0,5.0,54.0,409.0
Gury,MGN Vikings Esports,VCS,Jungle,VCS Spring · saison régulière,27,0.518,3.1,380.0,-3.0,54.0,377.0
rayq,CERBERUS Esports,VCS,Jungle,VCS Spring · saison régulière,27,0.444,3.3,347.0,5.0,54.0,352.0
Marcus,Team Flash,VCS,Top,VCS Spring · saison régulière,10,0.5,3.63,342.0,1.0,54.0,343.0
BeanJ,Team Whales,VCS,Jungle,VCS Spring · saison régulière,29,0.621,3.03,336.0,2.0,53.0,338.0
Gloryy,Team Whales,VCS,Mid,VCS Spring · saison régulière,29,0.621,3.81,324.0,2.0,53.0,326.0
Puddin,Team Flash,VCS,ADC,VCS Spring · saison régulière,29,0.414,4.58,311.0,3.0,53.0,314.0
Himmel,GAM Esports,VCS,Mid,VCS Spring · saison régulière,26,0.769,4.54,311.0,0.0,54.0,311.0
Jane,Team Flash,VCS,Mid,VCS Spring · saison régulière,29,0.414,4.09,304.0,3.0,53.0,307.0
Yashiro2,GAM Esports,VCS,ADC,VCS Spring · saison régulière,27,0.741,6.67,300.0,-3.0,54.0,297.0
Hiro02,Team Secret,VCS,Top,VCS Spring · saison régulière,10,0.9,2.24,290.0,2.0,54.0,292.0
Easylove,GAM Esports,VCS,ADC,VCS Spring · saison régulière,18,0.0,1.39,274.0,-6.0,54.0,268.0
Hieu3,Team Whales,VCS,Support,VCS Spring · saison régulière,27,0.444,3.21,225.0,5.0,54.0,230.0
Rigel,MGN Blue Esports,VCS,Top,VCS Spring · saison régulière,19,0.421,2.54,214.0,4.0,54.0,218.0
Sparda,MGN Blue Esports,VCS,Top,VCS Spring · saison régulière,29,0.621,3.18,203.0,2.0,53.0,205.0
Froggy,MGN Blue Esports,VCS,Mid,VCS Spring · saison régulière,27,0.407,3.85,184.0,1.0,54.0,185.0
Kratos,MGN Vikings Esports,VCS,Top,VCS Spring · saison régulière,27,0.518,2.83,160.0,-3.0,54.0,157.0
Sorn,MGN Blue Esports,VCS,Jungle,VCS Spring · saison régulière,30,0.4,2.76,151.0,-2.0,53.0,149.0
Pun,CERBERUS Esports,VCS,Top,VCS Spring · saison régulière,27,0.444,2.42,136.0,5.0,54.0,141.0
Draktharr,Team Flash,VCS,Jungle,VCS Spring · saison régulière,29,0.414,3.41,128.0,3.0,53.0,131.0
Hasmed,Team Whales,VCS,Top,VCS Spring · saison régulière,17,0.765,3.33,128.0,2.0,54.0,130.0
AisyL,CERBERUS Esports,VCS,Mid,VCS Spring · saison régulière,27,0.444,3.15,125.0,5.0,54.0,130.0
Soraaa,Team Flash,VCS,Support,VCS Spring · saison régulière,29,0.414,3.58,123.0,3.0,53.0,126.0
kairi,MGN Vikings Esports,VCS,Support,VCS Spring · saison régulière,27,0.518,3.61,118.0,-3.0,54.0,115.0
Sty1e,MGN Blue Esports,VCS,ADC,VCS Spring · saison régulière,30,0.4,3.27,104.0,-2.0,53.0,102.0
Slowz,CERBERUS Esports,VCS,ADC,VCS Spring · saison régulière,27,0.444,3.14,95.0,5.0,54.0,100.0
zzeta,MGN Blue Esports,VCS,Mid,VCS Spring · saison régulière,3,0.333,2.1,76.0,-3.0,54.0,73.0
Artemis,Team Whales,VCS,ADC,VCS Spring · saison régulière,28,0.607,5.1,61.0,1.0,54.0,62.0
Yoshino,Team Flash,VCS,Top,VCS Spring · saison régulière,19,0.368,2.35,46.0,2.0,54.0,48.0
Zodiac,MGN Blue Esports,VCS,Support,VCS Spring · saison régulière,30,0.4,2.19,43.0,-2.0,53.0,41.0
Ryuk,MGN Blue Esports,VCS,Top,VCS Spring · saison régulière,11,0.364,1.92,21.0,-6.0,54.0,15.0
Artifact,Rainbow Warriors,VCS,Mid,VCS Spring · saison régulière,24,0.0,2.2,-194.0,-8.0,54.0,-202.0
Zin,Rainbow Warriors,VCS,Support,VCS Spring · saison régulière,24,0.0,2.34,-197.0,-8.0,54.0,-205.0
2T,Rainbow Warriors,VCS,Top,VCS Spring · saison régulière,20,0.0,1.03,-208.0,-7.0,54.0,-215.0
Spot,Rainbow Warriors,VCS,Jungle,VCS Spring · saison régulière,20,0.0,1.28,-228.0,-6.0,54.0,-234.0
Kiaya,GAM Esports,VCS,Top,VCS Summer · playoffs,11,0.818,5.26,496.0,11.0,54.0,507.0
Levi,GAM Esports,VCS,Jungle,VCS Summer · playoffs,11,0.818,5.37,494.0,11.0,54.0,505.0
Kati,MGN Vikings Esports,VCS,Mid,VCS Summer · playoffs,14,0.571,3.9,462.0,-1.0,54.0,461.0
Elio,GAM Esports,VCS,Support,VCS Summer · playoffs,11,0.818,3.47,444.0,11.0,54.0,455.0
Bie,MGN Vikings Esports,VCS,Support,VCS Summer · playoffs,14,0.571,3.64,451.0,-1.0,54.0,450.0
Emo,GAM Esports,VCS,Mid,VCS Summer · playoffs,11,0.818,8.69,417.0,11.0,54.0,428.0
Shogun,MGN Vikings Esports,VCS,ADC,VCS Summer · playoffs,14,0.571,3.67,417.0,-1.0,54.0,416.0
Taki,Team Secret,VCS,Support,VCS Summer · playoffs,8,0.25,2.79,407.0,-6.0,54.0,401.0
Aress,Team Secret,VCS,Mid,VCS Summer · playoffs,8,0.25,4.53,404.0,-6.0,54.0,398.0
Gury,MGN Vikings Esports,VCS,Jungle,VCS Summer · playoffs,14,0.571,2.82,380.0,-1.0,54.0,379.0
Nanaue,MGN Vikings Esports,VCS,Top,VCS Summer · playoffs,14,0.571,1.51,364.0,-1.0,54.0,363.0
Easylove,GAM Esports,VCS,ADC,VCS Summer · playoffs,11,0.818,9.25,274.0,11.0,54.0,285.0
Hiro02,Team Secret,VCS,Top,VCS Summer · playoffs,8,0.25,1.74,290.0,-6.0,54.0,284.0
Aomine,Team Secret,VCS,ADC,VCS Summer · playoffs,8,0.25,4.4,251.0,-6.0,54.0,245.0
Dove,Team Whales,VCS,Mid,VCS Summer · playoffs,14,0.429,4.11,235.0,1.0,54.0,236.0
Hieu3,Team Whales,VCS,Support,VCS Summer · playoffs,13,0.462,2.31,225.0,1.0,54.0,226.0
Sounda,Team Whales,VCS,Jungle,VCS Summer · playoffs,14,0.429,2.37,204.0,1.0,54.0,205.0
Yusah,Team Secret,VCS,Jungle,VCS Summer · playoffs,8,0.25,2.77,143.0,-6.0,54.0,137.0
Hasmed,Team Whales,VCS,Top,VCS Summer · playoffs,14,0.429,2.07,128.0,1.0,54.0,129.0
Ouzi,Team Flash,VCS,ADC,VCS Summer · playoffs,3,0.0,3.4,128.0,-4.0,54.0,124.0
Draktharr,Team Flash,VCS,Jungle,VCS Summer · playoffs,3,0.0,2.0,128.0,-4.0,54.0,124.0
Soraaa,Team Flash,VCS,Support,VCS Summer · playoffs,3,0.0,1.17,123.0,-4.0,54.0,119.0
Artemis,Team Whales,VCS,ADC,VCS Summer · playoffs,14,0.429,3.81,61.0,1.0,54.0,62.0
Yoshino,Team Flash,VCS,Top,VCS Summer · playoffs,3,0.0,2.0,46.0,-4.0,54.0,42.0
playcool,Team Flash,VCS,Mid,VCS Summer · playoffs,3,0.0,2.25,28.0,-4.0,54.0,24.0
Kiaya,GAM Esports,VCS,Top,VCS Summer · saison régulière,28,0.714,4.28,496.0,-6.0,54.0,490.0
Levi,GAM Esports,VCS,Jungle,VCS Summer · saison régulière,28,0.714,3.61,494.0,-6.0,54.0,488.0
Kati,MGN Vikings Esports,VCS,Mid,VCS Summer · saison régulière,28,0.821,4.92,462.0,11.0,54.0,473.0
Bie,MGN Vikings Esports,VCS,Support,VCS Summer · saison régulière,28,0.821,6.44,451.0,11.0,54.0,462.0
Elio,GAM Esports,VCS,Support,VCS Summer · saison régulière,28,0.714,3.58,444.0,-6.0,54.0,438.0
Shogun,MGN Vikings Esports,VCS,ADC,VCS Summer · saison régulière,28,0.821,6.05,417.0,11.0,54.0,428.0
Taki,Team Secret,VCS,Support,VCS Summer · saison régulière,26,0.615,4.11,407.0,6.0,54.0,413.0
Emo,GAM Esports,VCS,Mid,VCS Summer · saison régulière,28,0.714,4.88,417.0,-6.0,54.0,411.0
Aress,Team Secret,VCS,Mid,VCS Summer · saison régulière,26,0.615,5.76,404.0,6.0,54.0,410.0
Gury,MGN Vikings Esports,VCS,Jungle,VCS Summer · saison régulière,28,0.821,5.69,380.0,11.0,54.0,391.0
Nanaue,MGN Vikings Esports,VCS,Top,VCS Summer · saison régulière,28,0.821,3.02,364.0,11.0,54.0,375.0
Hiro02,Team Secret,VCS,Top,VCS Summer · saison régulière,24,0.583,2.46,290.0,4.0,54.0,294.0
Easylove,GAM Esports,VCS,ADC,VCS Summer · saison régulière,8,0.75,3.08,274.0,-5.0,54.0,269.0
Aomine,Team Secret,VCS,ADC,VCS Summer · saison régulière,24,0.583,5.43,251.0,4.0,54.0,255.0
Dove,Team Whales,VCS,Mid,VCS Summer · saison régulière,16,0.438,3.08,235.0,-2.0,54.0,233.0
Hieu3,Team Whales,VCS,Support,VCS Summer · saison régulière,12,0.417,2.11,225.0,-4.0,54.0,221.0
Rigel,MGN Blue Esports,VCS,Top,VCS Summer · saison régulière,3,0.333,2.0,214.0,-1.0,54.0,213.0
Sparda,MGN Blue Esports,VCS,Top,VCS Summer · saison régulière,26,0.385,2.65,203.0,0.0,54.0,203.0
Sounda,Team Whales,VCS,Jungle,VCS Summer · saison régulière,16,0.438,2.93,204.0,-2.0,54.0,202.0
Vin,MGN Blue Esports,VCS,Mid,VCS Summer · saison régulière,12,0.5,2.85,188.0,0.0,54.0,188.0
Phuc1,MGN Blue Esports,VCS,Jungle,VCS Summer · saison régulière,29,0.379,3.25,174.0,-1.0,53.0,173.0
Neo,GAM Esports,VCS,ADC,VCS Summer · saison régulière,20,0.7,7.03,158.0,-2.0,54.0,156.0
TQ,MGN Blue Esports,VCS,Support,VCS Summer · saison régulière,29,0.379,2.19,149.0,-1.0,53.0,148.0
Yusah,Team Secret,VCS,Jungle,VCS Summer · saison régulière,24,0.583,4.62,143.0,4.0,54.0,147.0
Ouzi,Team Flash,VCS,ADC,VCS Summer · saison régulière,13,0.308,2.51,128.0,5.0,54.0,133.0
Pun,CERBERUS Esports,VCS,Top,VCS Summer · saison régulière,29,0.276,2.01,136.0,-5.0,53.0,131.0
Draktharr,Team Flash,VCS,Jungle,VCS Summer · saison régulière,29,0.345,2.35,128.0,-1.0,53.0,127.0
Hasmed,Team Whales,VCS,Top,VCS Summer · saison régulière,27,0.37,2.09,128.0,-3.0,54.0,125.0
Soraaa,Team Flash,VCS,Support,VCS Summer · saison régulière,29,0.345,2.34,123.0,-1.0,53.0,122.0
AisyL,CERBERUS Esports,VCS,Mid,VCS Summer · saison régulière,28,0.286,2.58,125.0,-4.0,54.0,121.0
Sty1e,MGN Blue Esports,VCS,ADC,VCS Summer · saison régulière,29,0.379,2.7,104.0,-1.0,53.0,103.0
Slowz,CERBERUS Esports,VCS,ADC,VCS Summer · saison régulière,29,0.276,2.01,95.0,-5.0,53.0,90.0
RonOP,Team Whales,VCS,Support,VCS Summer · saison régulière,15,0.333,1.95,80.0,1.0,54.0,81.0
zzeta,MGN Blue Esports,VCS,Mid,VCS Summer · saison régulière,17,0.294,2.75,76.0,-2.0,54.0,74.0
Artemis,Team Whales,VCS,ADC,VCS Summer · saison régulière,27,0.37,3.75,61.0,-3.0,54.0,58.0
Yoshino,Team Flash,VCS,Top,VCS Summer · saison régulière,29,0.345,2.09,46.0,-1.0,53.0,45.0
playcool,Team Flash,VCS,Mid,VCS Summer · saison régulière,29,0.345,4.15,28.0,-1.0,53.0,27.0
C7N,Team Whales,VCS,Mid,VCS Summer · saison régulière,7,0.429,2.44,22.0,2.0,54.0,24.0
Tahahy,CERBERUS Esports,VCS,Support,VCS Summer · saison régulière,22,0.273,1.84,1.0,-4.0,54.0,-3.0
Balder,Team Flash,VCS,ADC,VCS Summer · saison régulière,16,0.375,3.12,3.0,-6.0,54.0,-3.0
Kzt,Team Whales,VCS,Jungle,VCS Summer · saison régulière,11,0.273,2.19,-6.0,-1.0,54.0,-7.0
Meliodas,CERBERUS Esports,VCS,Jungle,VCS Summer · saison régulière,29,0.276,3.29,-14.0,-5.0,53.0,-19.0
Kiin,Gen.G,LCK,Top,Worlds,14,0.571,3.34,1053.0,-6.0,54.0,1047.0
Canyon,Gen.G,LCK,Jungle,Worlds,14,0.571,5.0,1049.0,-6.0,54.0,1043.0
Chovy,Gen.G,LCK,Mid,Worlds,14,0.571,7.28,1024.0,-6.0,54.0,1018.0
Knight,Bilibili Gaming,LPL,Mid,Worlds,20,0.65,5.65,984.0,-4.0,54.0,980.0
Peyz,Gen.G,LCK,ADC,Worlds,14,0.571,8.53,979.0,-6.0,54.0,973.0
Elk,Bilibili Gaming,LPL,ADC,Worlds,20,0.65,4.16,971.0,-4.0,54.0,967.0
ON,Bilibili Gaming,LPL,Support,Worlds,20,0.65,2.74,970.0,-4.0,54.0,966.0
Keria,T1,LCK,Support,Worlds,27,0.667,4.22,936.0,10.0,54.0,946.0
Bin,Bilibili Gaming,LPL,Top,Worlds,20,0.65,4.3,941.0,-4.0,54.0,937.0
Faker,T1,LCK,Mid,Worlds,27,0.667,3.71,900.0,10.0,54.0,910.0
Peanut,Hanwha Life Esports,LCK,Jungle,Worlds,12,0.5,3.59,909.0,-4.0,54.0,905.0
Zeus,T1,LCK,Top,Worlds,27,0.667,3.34,894.0,10.0,54.0,904.0
Gumayusi,T1,LCK,ADC,Worlds,27,0.667,4.98,893.0,10.0,54.0,903.0
Creme,Top Esports,LPL,Mid,Worlds,8,0.5,3.58,898.0,-4.0,54.0,894.0
Hang,LNG Esports,LPL,Support,Worlds,11,0.727,3.46,876.0,12.0,54.0,888.0
Meiko,Top Esports,LPL,Support,Worlds,8,0.5,3.12,887.0,-4.0,54.0,883.0
Viper,Hanwha Life Esports,LCK,ADC,Worlds,12,0.5,4.23,886.0,-4.0,54.0,882.0
Tian,Top Esports,LPL,Jungle,Worlds,8,0.5,4.39,885.0,-4.0,54.0,881.0
369,Top Esports,LPL,Top,Worlds,8,0.5,3.11,881.0,-4.0,54.0,877.0
JackeyLove,Top Esports,LPL,ADC,Worlds,8,0.5,3.43,869.0,-4.0,54.0,865.0
Zeka,Hanwha Life Esports,LCK,Mid,Worlds,12,0.5,3.61,863.0,-4.0,54.0,859.0
Delight,Hanwha Life Esports,LCK,Support,Worlds,12,0.5,3.23,862.0,-4.0,54.0,858.0
Doran,Hanwha Life Esports,LCK,Top,Worlds,12,0.5,2.89,854.0,-4.0,54.0,850.0
Oner,T1,LCK,Jungle,Worlds,27,0.667,4.75,830.0,10.0,54.0,840.0
Ruler,JD Gaming,LPL,ADC,Worlds,10,0.5,7.57,836.0,-1.0,54.0,835.0
Aiming,Dplus Kia,LCK,ADC,Worlds,14,0.429,6.09,837.0,-5.0,54.0,832.0
Lehends,Gen.G,LCK,Support,Worlds,14,0.571,2.47,825.0,-6.0,54.0,819.0
Crisp,Weibo Gaming,LPL,Support,Worlds,24,0.458,2.8,812.0,5.0,54.0,817.0
Yagao,JD Gaming,LPL,Mid,Worlds,10,0.5,3.39,814.0,-1.0,54.0,813.0
Lucid,Dplus Kia,LCK,Jungle,Worlds,14,0.429,2.6,809.0,-5.0,54.0,804.0
MISSING,JD Gaming,LPL,Support,Worlds,10,0.5,2.28,792.0,-1.0,54.0,791.0
Kanavi,JD Gaming,LPL,Jungle,Worlds,10,0.5,3.36,780.0,-1.0,54.0,779.0
Xun,Bilibili Gaming,LPL,Jungle,Worlds,17,0.706,5.11,778.0,-0.0,54.0,778.0
ShowMaker,Dplus Kia,LCK,Mid,Worlds,14,0.429,3.36,782.0,-5.0,54.0,777.0
Tarzan,Weibo Gaming,LPL,Jungle,Worlds,24,0.458,3.28,769.0,5.0,54.0,774.0
Clozer,BNK FEARX,LCK,Mid,Worlds,3,0.0,1.73,779.0,-5.0,54.0,774.0
Caps,G2 Esports,LEC,Mid,Worlds,8,0.375,3.59,771.0,-1.0,54.0,770.0
Yike,G2 Esports,LEC,Jungle,Worlds,8,0.375,4.53,754.0,-1.0,54.0,753.0
BrokenBlade,G2 Esports,LEC,Top,Worlds,8,0.375,3.7,754.0,-1.0,54.0,753.0
Hans Sama,G2 Esports,LEC,ADC,Worlds,8,0.375,3.08,751.0,-1.0,54.0,750.0
Zika,LNG Esports,LPL,Top,Worlds,11,0.727,4.75,737.0,12.0,54.0,749.0
PerfecT,KT Rolster,LCK,Top,Worlds,8,0.625,5.69,738.0,7.0,54.0,745.0
Mikyx,G2 Esports,LEC,Support,Worlds,8,0.375,1.78,735.0,-1.0,54.0,734.0
Wei,Bilibili Gaming,LPL,Jungle,Worlds,3,0.333,3.08,735.0,-4.0,54.0,731.0
Weiwei,LNG Esports,LPL,Jungle,Worlds,11,0.727,4.39,718.0,12.0,54.0,730.0
GALA,LNG Esports,LPL,ADC,Worlds,11,0.727,8.12,718.0,12.0,54.0,730.0
Flandre,JD Gaming,LPL,Top,Worlds,10,0.5,3.05,726.0,-1.0,54.0,725.0
Pyosik,KT Rolster,LCK,Jungle,Worlds,8,0.625,5.47,717.0,7.0,54.0,724.0
BeryL,KT Rolster,LCK,Support,Worlds,8,0.625,4.2,716.0,7.0,54.0,723.0
Zhuo,Ninjas in Pyjamas,LPL,Support,Worlds,5,0.4,2.27,710.0,-2.0,54.0,708.0
Leyan,Ninjas in Pyjamas,LPL,Jungle,Worlds,5,0.4,2.94,709.0,-2.0,54.0,707.0
Light,Weibo Gaming,LPL,ADC,Worlds,24,0.458,4.98,700.0,5.0,54.0,705.0
Scout,LNG Esports,LPL,Mid,Worlds,11,0.727,8.24,690.0,12.0,54.0,702.0
Xiaohu,Weibo Gaming,LPL,Mid,Worlds,24,0.458,3.92,692.0,5.0,54.0,697.0
Inspired,FlyQuest,LCS,Jungle,Worlds,14,0.5,4.69,679.0,8.0,54.0,687.0
Deft,KT Rolster,LCK,ADC,Worlds,8,0.625,5.57,679.0,7.0,54.0,686.0
APA,Team Liquid,LCS,Mid,Worlds,10,0.5,2.41,684.0,-2.0,54.0,682.0
Moham,Dplus Kia,LCK,Support,Worlds,14,0.429,1.99,683.0,-5.0,54.0,678.0
Breathe,Weibo Gaming,LPL,Top,Worlds,24,0.458,2.9,671.0,5.0,54.0,676.0
Bdd,KT Rolster,LCK,Mid,Worlds,8,0.625,8.6,664.0,7.0,54.0,671.0
shanji,Ninjas in Pyjamas,LPL,Top,Worlds,5,0.4,1.35,670.0,-2.0,54.0,668.0
Massu,FlyQuest,LCS,ADC,Worlds,14,0.5,4.45,654.0,8.0,54.0,662.0
Photic,Ninjas in Pyjamas,LPL,ADC,Worlds,5,0.4,3.36,662.0,-2.0,54.0,660.0
Bwipo,FlyQuest,LCS,Top,Worlds,14,0.5,1.69,649.0,8.0,54.0,657.0
Busio,FlyQuest,LCS,Support,Worlds,14,0.5,3.66,644.0,8.0,54.0,652.0
Razork,Fnatic,LEC,Jungle,Worlds,6,0.333,3.11,653.0,-2.0,54.0,651.0
CoreJJ,Team Liquid,LCS,Support,Worlds,10,0.5,3.62,652.0,-2.0,54.0,650.0
Rookie,Ninjas in Pyjamas,LPL,Mid,Worlds,5,0.4,3.85,647.0,-2.0,54.0,645.0
Oscarinin,Fnatic,LEC,Top,Worlds,6,0.333,1.95,642.0,-2.0,54.0,640.0
Jun,Fnatic,LEC,Support,Worlds,6,0.333,2.89,636.0,-2.0,54.0,634.0
Humanoid,Fnatic,LEC,Mid,Worlds,6,0.333,2.15,636.0,-2.0,54.0,634.0
Noah,Fnatic,LEC,ADC,Worlds,6,0.333,5.89,633.0,-2.0,54.0,631.0
Clear,BNK FEARX,LCK,Top,Worlds,3,0.0,0.89,633.0,-5.0,54.0,628.0
Yeon,Team Liquid,LCS,ADC,Worlds,10,0.5,4.89,630.0,-2.0,54.0,628.0
UmTi,Team Liquid,LCS,Jungle,Worlds,10,0.5,3.75,628.0,-2.0,54.0,626.0
Hena,BNK FEARX,LCK,ADC,Worlds,3,0.0,2.44,620.0,-5.0,54.0,615.0
Kingen,Dplus Kia,LCK,Top,Worlds,14,0.429,1.98,618.0,-5.0,54.0,613.0
Impact,Team Liquid,LCS,Top,Worlds,10,0.5,2.48,614.0,-2.0,54.0,612.0
Quad,FlyQuest,LCS,Mid,Worlds,14,0.5,5.24,604.0,8.0,54.0,612.0
Duro,BNK FEARX,LCK,Support,Worlds,3,0.0,1.14,585.0,-5.0,54.0,580.0
JunJia,PSG Talon,PCS,Jungle,Worlds,13,0.462,3.5,569.0,4.0,54.0,573.0
Elyoya,MAD Lions KOI,LEC,Jungle,Worlds,10,0.5,3.96,554.0,-4.0,54.0,550.0
Azhi,PSG Talon,PCS,Top,Worlds,13,0.462,3.97,541.0,4.0,54.0,545.0
Betty,PSG Talon,PCS,ADC,Worlds,13,0.462,6.5,531.0,4.0,54.0,535.0
Alvaro,MAD Lions KOI,LEC,Support,Worlds,10,0.5,2.78,531.0,-4.0,54.0,527.0
Supa,MAD Lions KOI,LEC,ADC,Worlds,10,0.5,3.64,527.0,-4.0,54.0,523.0
Woody,PSG Talon,PCS,Support,Worlds,13,0.462,4.22,517.0,4.0,54.0,521.0
Myrwn,MAD Lions KOI,LEC,Top,Worlds,10,0.5,2.03,524.0,-4.0,54.0,520.0
Maple,PSG Talon,PCS,Mid,Worlds,13,0.462,3.44,510.0,4.0,54.0,514.0
Kiaya,GAM Esports,VCS,Top,Worlds,12,0.583,4.44,496.0,8.0,54.0,504.0
Levi,GAM Esports,VCS,Jungle,Worlds,12,0.583,3.23,494.0,8.0,54.0,502.0
Eyla,100 Thieves,LCS,Support,Worlds,7,0.429,2.69,506.0,-4.0,54.0,502.0
Quid,100 Thieves,LCS,Mid,Worlds,7,0.429,2.77,490.0,-4.0,54.0,486.0
Fresskowy,MAD Lions KOI,LEC,Mid,Worlds,10,0.5,1.91,481.0,-4.0,54.0,477.0
Kati,MGN Vikings Esports,VCS,Mid,Worlds,4,0.0,1.69,462.0,-6.0,54.0,456.0
Elio,GAM Esports,VCS,Support,Worlds,12,0.583,3.19,444.0,8.0,54.0,452.0
River,100 Thieves,LCS,Jungle,Worlds,7,0.429,2.88,455.0,-4.0,54.0,451.0
Bie,MGN Vikings Esports,VCS,Support,Worlds,4,0.0,1.41,451.0,-6.0,54.0,445.0
Summit,Movistar R7,LLA,Top,Worlds,8,0.375,2.56,430.0,-1.0,54.0,429.0
Emo,GAM Esports,VCS,Mid,Worlds,12,0.583,3.87,417.0,8.0,54.0,425.0
Shogun,MGN Vikings Esports,VCS,ADC,Worlds,4,0.0,1.62,417.0,-6.0,54.0,411.0
Sniper,100 Thieves,LCS,Top,Worlds,7,0.429,2.68,411.0,-4.0,54.0,407.0
Raptor,BNK FEARX,LCK,Jungle,Worlds,3,0.0,1.58,410.0,-5.0,54.0,405.0
Keine,Movistar R7,LLA,Mid,Worlds,8,0.375,4.43,384.0,-1.0,54.0,383.0
Gury,MGN Vikings Esports,VCS,Jungle,Worlds,4,0.0,2.15,380.0,-6.0,54.0,374.0
Tomo,100 Thieves,LCS,ADC,Worlds,7,0.429,4.0,371.0,-4.0,54.0,367.0
Kuri,paiN Gaming,CBLOL,Support,Worlds,12,0.417,2.92,358.0,4.0,54.0,362.0
Nanaue,MGN Vikings Esports,VCS,Top,Worlds,4,0.0,1.05,364.0,-6.0,54.0,358.0
ceo,Movistar R7,LLA,ADC,Worlds,8,0.375,3.33,347.0,-1.0,54.0,346.0
TitaN,paiN Gaming,CBLOL,ADC,Worlds,12,0.417,3.75,341.0,4.0,54.0,345.0
Oddie,Movistar R7,LLA,Jungle,Worlds,8,0.375,2.97,346.0,-1.0,54.0,345.0
Wizer,paiN Gaming,CBLOL,Top,Worlds,12,0.417,2.7,334.0,4.0,54.0,338.0
Lyonz,Movistar R7,LLA,Support,Worlds,8,0.375,3.69,339.0,-1.0,54.0,338.0
CarioK,paiN Gaming,CBLOL,Jungle,Worlds,12,0.417,2.57,329.0,4.0,54.0,333.0
dyNquedo,paiN Gaming,CBLOL,Mid,Worlds,12,0.417,3.0,326.0,4.0,54.0,330.0
DasheR,Fukuoka SoftBank HAWKS gaming,PCS,Mid,Worlds,4,0.0,1.4,312.0,-7.0,54.0,305.0
Marble,Fukuoka SoftBank HAWKS gaming,PCS,ADC,Worlds,4,0.0,1.43,300.0,-7.0,54.0,293.0
Easylove,GAM Esports,VCS,ADC,Worlds,12,0.583,4.36,274.0,8.0,54.0,282.0
Forest,Fukuoka SoftBank HAWKS gaming,PCS,Jungle,Worlds,4,0.0,0.96,270.0,-7.0,54.0,263.0
Evi,Fukuoka SoftBank HAWKS gaming,PCS,Top,Worlds,4,0.0,1.47,248.0,-7.0,54.0,241.0
Vsta,Fukuoka SoftBank HAWKS gaming,PCS,Support,Worlds,4,0.0,1.5,234.0,-7.0,54.0,227.0
