pid,player,team,league,region,tier,role,games_2025,points,points_sd,vs_role_in_league_gold,mv_median_rank,mv_p1,mv_top5
oe:player:fb6e61b8acb05df17b7e5ad4ae7c800,Chovy,Gen.G,LCK,Corée,Ligue majeure,Mid,163,1079.0,292.0,1667.0,1.0,1.0,1.0
oe:player:eada4723af6f51cf2391d85b5fde49b,Ruler,Gen.G,LCK,Corée,Ligue majeure,ADC,163,1041.0,292.0,1590.0,1.0,1.0,1.0
oe:player:ee051912ad5f9a97aa9ce4980cbb481,Peter,KT Rolster,LCK,Corée,Ligue majeure,Support,135,976.0,268.0,1084.0,1.0,0.513,1.0
oe:player:051ca2e31ba25123961b3df95fdef4c,Delight,Hanwha Life Esports,LCK,Corée,Ligue majeure,Support,169,948.0,290.0,944.0,2.0,0.063,1.0
oe:player:03daae1844b9ad257324c3eedf41e28,Kiin,Gen.G,LCK,Corée,Ligue majeure,Top,167,945.0,293.0,1012.0,1.0,0.65,1.0
oe:player:f9cd2ef9afea5cda0eb3263a025cec1,Zeka,Hanwha Life Esports,LCK,Corée,Ligue majeure,Mid,169,939.0,290.0,970.0,2.0,0.0,1.0
oe:player:605821ebcf6a2e53f03ec6e8e463d1b,Duro,Gen.G,LCK,Corée,Ligue majeure,Support,167,936.0,293.0,883.0,2.0,0.417,1.0
oe:player:92544d7a994bd6841cccd9f6e42e3de,Canyon,Gen.G,LCK,Corée,Ligue majeure,Jungle,165,930.0,292.0,1133.0,1.0,0.683,0.957
oe:player:98dd15c330fb5abb4508347265a7f76,Zeus,Hanwha Life Esports,LCK,Corée,Ligue majeure,Top,169,923.0,290.0,903.0,2.0,0.043,1.0
oe:player:f8b68f268106124fc4bc1c946adc9b0,Oner,T1,LCK,Corée,Ligue majeure,Jungle,187,918.0,291.0,1076.0,2.0,0.26,1.0
oe:player:e1edfc5cea461399a63cb813cf795cc,Faker,T1,LCK,Corée,Ligue majeure,Mid,187,906.0,291.0,805.0,3.0,0.0,1.0
oe:player:db79ce6ad35451c938fbe2995dabd37,Keria,T1,LCK,Corée,Ligue majeure,Support,187,899.0,291.0,701.0,3.0,0.007,1.0
oe:player:29bef8f5895e5e4fef8ff0945e68567,PerfecT,KT Rolster,LCK,Corée,Ligue majeure,Top,128,895.0,275.0,759.0,4.0,0.307,1.0
oe:player:a1f3b2bb3f36e5113237f92d76dc4c8,Doran,T1,LCK,Corée,Ligue majeure,Top,187,888.0,291.0,726.0,3.0,0.0,1.0
oe:player:c7319736816efe935787b4381c6f321,Gumayusi,Hanwha Life Esports,LCK,Corée,Ligue majeure,ADC,162,859.0,258.0,677.0,2.0,0.0,1.0
oe:player:dda4a873265dfd06df50a0d8a294908,Peanut,Hanwha Life Esports,LCK,Corée,Ligue majeure,Jungle,152,857.0,288.0,771.0,3.0,0.007,0.97
oe:player:308e48bf56284c09a1a9aadf55bc80c,kyeahoo,Kiwoom DRX Challengers,LCK,Corée,Ligue majeure,Mid,135,845.0,266.0,499.0,5.0,0.0,0.623
oe:player:9573154ad8bc9459b4c0d940315054f,Viper,Bilibili Gaming,LCK,Corée,Ligue majeure,ADC,161,834.0,282.0,552.0,3.0,0.0,0.943
oe:player:5f8ff49cd56eae61d635966b183a451,ShowMaker,Dplus Kia,LCK,Corée,Ligue majeure,Mid,163,823.0,290.0,391.0,4.0,0.0,0.96
oe:player:3950b27e47e381e26f4678ced12bc45,Guti,T1 Esports Academy,LCKC,Corée,Deuxième niveau,Mid,92,821.0,274.0,1857.0,1.0,0.99,1.0
oe:player:ed29043422e3c515e1cb292464b990b,Knight,Bilibili Gaming,LPL,Chine,Ligue majeure,Mid,180,820.0,288.0,1464.0,6.0,0.0,0.243
oe:player:62922f2b370657a966de4d84f5586bf,Tarzan,Anyone's Legend,LPL,Chine,Ligue majeure,Jungle,183,809.0,294.0,1363.0,6.0,0.0,0.207
oe:player:c332dc879e14f1feb266190c7f396fd,Shad0w,Bilibili Gaming,LPL,Chine,Ligue majeure,Jungle,123,808.0,257.0,1357.0,9.0,0.0,0.157
oe:player:10b86429ce8048aba673d802632e358,Lucid,Dplus Kia,LCK,Corée,Ligue majeure,Jungle,162,806.0,291.0,514.0,4.0,0.0,0.917
oe:player:41deab55354f57a94135989133f9968,Kanavi,Hanwha Life Esports,LPL,Chine,Ligue majeure,Jungle,200,792.0,280.0,1277.0,7.0,0.0,0.177
oe:player:48cf24486d9a8e65a142b25682f1994,Driver,CTBC Flying Oyster,LCP,Asie-Pacifique,Ligue majeure,Top,65,787.0,279.0,2150.0,11.0,0.0,0.013
oe:player:da9f969a7ab3819b9e528072aa4d5e6,Siwoo,Dplus Kia,LCK,Corée,Ligue majeure,Top,163,787.0,290.0,221.0,5.0,0.0,0.9
oe:player:c78788a736a0c7e5a77890144fd2986,Quantum,DN SOOPers,LCKC,Corée,Deuxième niveau,Support,127,781.0,272.0,1657.0,1.0,0.873,1.0
oe:player:7cf68f44e5dc31827b1d3f0a3b4a28e,Hope,Anyone's Legend,LPL,Chine,Ligue majeure,ADC,183,778.0,294.0,1243.0,5.0,0.0,0.82
oe:player:0e2f0d3ded24c190dd6a4b3d6f89f04,Shanks,Anyone's Legend,LPL,Chine,Ligue majeure,Mid,183,773.0,294.0,1228.0,7.0,0.0,0.057
oe:player:05326a1c42e9c27a1067768c88955e7,Beichuan,Bilibili Gaming,LPL,Chine,Ligue majeure,Jungle,128,771.0,249.0,1173.0,8.0,0.05,0.257
oe:player:eaebb7118d7bd83eabac513053e1f6c,Smash,Dplus Kia,LCKC,Corée,Deuxième niveau,ADC,144,770.0,252.0,1794.0,1.0,0.787,1.0
oe:player:85104684d1eb7f4c0ce393441a0b669,Aiming,Dplus Kia,LCK,Corée,Ligue majeure,ADC,146,766.0,289.0,215.0,6.0,0.0,0.493
oe:player:aad3806ef26a116c73b11efa07e9bd8,Flandre,Anyone's Legend,LPL,Chine,Ligue majeure,Top,183,760.0,294.0,1370.0,6.0,0.0,0.087
oe:player:5bbc2b92348d930ebd500cb9ce71bb7,Peyz,T1,LPL,Chine,Ligue majeure,ADC,169,758.0,273.0,1145.0,8.0,0.0,0.397
oe:player:6e7908512cb309a43388bb464a312a2,Creme,Top Esports,LPL,Chine,Ligue majeure,Mid,183,739.0,290.0,1061.0,8.0,0.0,0.0
oe:player:c54e1090ef1faa736b12493051c4855,JackeyLove,Top Esports,LPL,Chine,Ligue majeure,ADC,183,735.0,290.0,1030.0,7.0,0.0,0.05
oe:player:0c74b7f78409a4022a2c4c5a5ca3ee1,369,Top Esports,LPL,Chine,Ligue majeure,Top,183,734.0,290.0,1241.0,8.0,0.0,0.0
oe:player:a58a0d41103cdc5b58cbb547eeaca2d,Elk,Weibo Gaming,LPL,Chine,Ligue majeure,ADC,190,732.0,279.0,1016.0,8.0,0.0,0.02
oe:player:d24f38ec30ce6f7577066f80e43e4bf,Kael,Anyone's Legend,LPL,Chine,Ligue majeure,Support,183,732.0,294.0,1223.0,5.0,0.0,0.763
oe:player:618a87d272773f68239d8ce5555f39d,Kingen,Nongshim RedForce,LCK,Corée,Ligue majeure,Top,144,724.0,285.0,-93.0,8.0,0.0,0.0
oe:player:f9fe6d28d5b67bf9ac673b2cc8edf15,Cuzz,KT Rolster,LCK,Corée,Ligue majeure,Jungle,130,722.0,290.0,93.0,7.0,0.0,0.303
oe:player:a8307167f3a1c933295bb9e3d43700e,Inspired,FlyQuest,LCS,Amérique du Nord,Ligue majeure,Jungle,91,715.0,295.0,1641.0,12.0,0.0,0.0
oe:player:60b1614a632775c97a37a57bda799f2,GIDEON,HANJIN BRION,LCK,Corée,Ligue majeure,Jungle,135,709.0,286.0,28.0,12.0,0.0,0.0
oe:player:fb66ef5885b4be9323905b821dc3a42,Bin,Bilibili Gaming,LPL,Chine,Ligue majeure,Top,189,708.0,286.0,1107.0,10.0,0.0,0.0
oe:player:d709285b163a94af9d819e568c592ba,VicLa,BNK FEARX,LCK,Corée,Ligue majeure,Mid,125,702.0,287.0,-215.0,9.0,0.0,0.033
oe:player:95082306f78780da5686f118c993366,Doggo,CTBC Flying Oyster,LCP,Asie-Pacifique,Ligue majeure,ADC,119,699.0,290.0,1877.0,13.0,0.0,0.0
oe:player:e9017664588010860a92ceb5f8fcb82,Quad,FlyQuest,LCS,Amérique du Nord,Ligue majeure,Mid,91,697.0,295.0,1849.0,11.0,0.0,0.0
oe:player:8643b56ba8000250b81fdaca1d7f06e,Jiwoo,Kiwoom DRX,LCK,Corée,Ligue majeure,ADC,141,695.0,268.0,-143.0,10.0,0.0,0.027
oe:player:18bdb3898e7fecb3bb0be7ff075d509,deokdam,KT Rolster,LCK,Corée,Ligue majeure,ADC,130,694.0,283.0,-147.0,7.0,0.0,0.25
oe:player:a7b51467f09577883d7150f37393964,naiyou,Ninjas in Pyjamas,LPL,Chine,Ligue majeure,Jungle,58,693.0,280.0,784.0,14.0,0.0,0.0
oe:player:b0ec3df39d61f953e7af0afd8eb8c4a,Kellin,BNK FEARX,LCK,Corée,Ligue majeure,Support,127,689.0,292.0,-349.0,8.0,0.0,0.027
oe:player:1213778b5c6d69dcb26aa89f7d0aaa9,Rookie,Invictus Gaming,LPL,Chine,Ligue majeure,Mid,144,688.0,291.0,805.0,11.0,0.0,0.0
oe:player:e4e24b8656e4e6a74b939af730b0148,Lehends,Nongshim RedForce,LCK,Corée,Ligue majeure,Support,147,686.0,284.0,-364.0,9.0,0.0,0.017
oe:player:867e8957fae1cb59f0808dbcc3aada2,GALA,JD Gaming,LPL,Chine,Ligue majeure,ADC,157,684.0,283.0,776.0,11.0,0.0,0.0
oe:player:a22a6d1fe8786cf83675e2d932fbffe,JunJia,JD Gaming,LCP,Asie-Pacifique,Ligue majeure,Jungle,132,683.0,287.0,1547.0,14.0,0.0,0.0
oe:player:3648451fd5b8a8ab01e4bedf780c1d6,Zinie,KT Rolster Challengers,LCKC,Corée,Deuxième niveau,Mid,129,682.0,295.0,1158.0,2.0,0.01,1.0
oe:player:d87853a5c1c5463889d70a62cdbcffc,Clear,BNK FEARX,LCK,Corée,Ligue majeure,Top,125,679.0,284.0,-321.0,10.0,0.0,0.0
oe:player:0103d21d116b61eb55fa351242208cf,Kaiwing,CTBC Flying Oyster,LCP,Asie-Pacifique,Ligue majeure,Support,119,678.0,290.0,1662.0,13.0,0.0,0.003
oe:player:5ef70ecd799a70ebbda239cd9a9f1e7,Andil,Kiwoom DRX,LCK,Corée,Ligue majeure,Support,103,674.0,276.0,-424.0,10.0,0.0,0.007
oe:player:ab15060e5225b51592cd04b3aed1e09,SkewMond,G2 Esports,LEC,EMEA,Ligue majeure,Jungle,113,673.0,293.0,1156.0,16.0,0.0,0.0
oe:player:326f63d01099f1c8b91620cbc893813,Paduck,KT Rolster Challengers,LCKC,Corée,Deuxième niveau,ADC,129,672.0,286.0,1306.0,2.0,0.193,1.0
oe:player:13166913111075999f2adeb687548eb,Parukia,EDward Gaming,LPL,Chine,Ligue majeure,Support,52,671.0,281.0,917.0,13.0,0.0,0.0
oe:player:90651ebea9a35ec4e018c8157492e17,ON,Bilibili Gaming,LPL,Chine,Ligue majeure,Support,189,671.0,286.0,914.0,10.0,0.0,0.0
oe:player:e5feef89d633a666eeaaf6392ca2fa9,YoungJae,KT Rolster Challengers,LCKC,Corée,Deuxième niveau,Jungle,129,671.0,295.0,935.0,1.0,0.573,1.0
oe:player:3e722c8ede909c83af9342c41805a16,Busio,FlyQuest,LCS,Amérique du Nord,Ligue majeure,Support,91,669.0,295.0,1481.0,11.0,0.0,0.0
oe:player:bda7cc061d7a1576f1dcad33dd505cd,Meiko,Invictus Gaming,LPL,Chine,Ligue majeure,Support,144,663.0,291.0,876.0,11.0,0.0,0.007
oe:player:a23b45071ea855f85e43db4b5a1683d,Monki,Team WE,LPL,Chine,Ligue majeure,Jungle,135,662.0,286.0,626.0,25.0,0.0,0.02
oe:player:178ec186b0d43d2669342596c2808cd,Diable,BNK FEARX,LCK,Corée,Ligue majeure,ADC,127,662.0,292.0,-305.0,11.0,0.0,0.0
oe:player:71e79ef80600d398d90cfebe3b0b758,Scout,Nongshim RedForce,LPL,Chine,Ligue majeure,Mid,164,658.0,276.0,657.0,14.0,0.0,0.0
oe:player:637ed20b1e41be1c51bd1a4cb211357,Raptor,BNK FEARX,LCK,Corée,Ligue majeure,Jungle,127,656.0,292.0,-238.0,11.0,0.0,0.0
oe:player:c62a5235ad6bc113a1e64eb0e9aa8c8,Hans Sama,G2 Esports,LEC,EMEA,Ligue majeure,ADC,113,655.0,293.0,995.0,16.0,0.0,0.0
oe:player:c145139d26813639b8fe6f4d0b28228,Massu,FlyQuest,LCS,Amérique du Nord,Ligue majeure,ADC,91,653.0,295.0,1523.0,13.0,0.0,0.0
oe:player:1970fcb701acce66e0771946bbb3105,UmTi,Team Liquid,LCS,Amérique du Nord,Ligue majeure,Jungle,41,651.0,287.0,1323.0,20.0,0.0,0.037
oe:player:99e732def3601275db892c84fb85a0c,Career,Dplus Kia,LCKC,Corée,Deuxième niveau,Support,171,651.0,280.0,1005.0,2.0,0.01,1.0
oe:player:dee54127bb56d2e2540ba71cc416f1c,BeryL,Dplus Kia,LCK,Corée,Ligue majeure,Support,146,646.0,289.0,-565.0,7.0,0.0,0.177
oe:player:7e2505960c12cc54c96a0a6efb2e055,Bwipo,FlyQuest,LCS,Amérique du Nord,Ligue majeure,Top,86,644.0,288.0,1409.0,13.0,0.0,0.0
oe:player:a179853ac2a0832657b9de8b9ba0020,HongQ,JD Gaming,LCP,Asie-Pacifique,Ligue majeure,Mid,132,643.0,287.0,1579.0,13.0,0.0,0.0
oe:player:84bff3a326833c7c9181c698f676878,BrokenBlade,G2 Esports,LEC,EMEA,Ligue majeure,Top,113,643.0,293.0,987.0,14.0,0.0,0.0
oe:player:1efc4e5732e91520d03385900b903f9,Thanatos,Cloud9,LCS,Amérique du Nord,Ligue majeure,Top,75,642.0,294.0,1397.0,16.0,0.0,0.0
oe:player:9b73925063fe3714ebb4e8c10f551c0,Doinb,Ninjas in Pyjamas,LPL,Chine,Ligue majeure,Mid,118,641.0,285.0,571.0,18.0,0.0,0.0
oe:player:ed455f823b6586e9e3621dfb5aeb42e,Blaber,Cloud9,LCS,Amérique du Nord,Ligue majeure,Jungle,75,641.0,294.0,1272.0,19.0,0.0,0.0
oe:player:effd5b04b5d98b779f0a6162c40735a,Fisher,HANJIN BRION,LCKC,Corée,Deuxième niveau,Mid,124,636.0,266.0,930.0,3.0,0.0,0.877
oe:player:e2af2b779499aa25ab9a9c10c9a5ffd,Caliste,Karmine Corp,LEC,EMEA,Ligue majeure,ADC,108,636.0,294.0,896.0,18.5,0.0,0.0
oe:player:81acc6bcde5c927c78e0990e9887f84,Vulcan,Cloud9,LCS,Amérique du Nord,Ligue majeure,Support,75,633.0,294.0,1300.0,18.0,0.0,0.0
oe:player:55dd587cdc4a278be6a5c37f9e539de,Caps,G2 Esports,LEC,EMEA,Ligue majeure,Mid,113,632.0,293.0,1223.0,16.0,0.0,0.0
oe:player:5385f74da3e5deb5b66d9a1ee56cf97,Dhokla,100 Thieves,LCS,Amérique du Nord,Ligue majeure,Top,37,631.0,287.0,1342.0,17.0,0.0,0.0
oe:player:fe4329cec43193c425eb28a4a4b304a,Upset,Fnatic,LEC,EMEA,Ligue majeure,ADC,87,631.0,293.0,873.0,19.0,0.0,0.0
oe:player:10fcffece0ac7be85f09c4b51a75762,Zven,Cloud9,LCS,Amérique du Nord,Ligue majeure,ADC,75,630.0,294.0,1404.0,17.0,0.0,0.0
oe:player:eaf899c6268995f9b1e40d1932c6888,Targamas,Karmine Corp,LEC,EMEA,Ligue majeure,Support,108,629.0,294.0,945.0,21.0,0.0,0.0
oe:player:37f20525a39d17ec49fd10294f9c994,TheShy,Invictus Gaming,LPL,Chine,Ligue majeure,Top,144,629.0,291.0,711.0,13.0,0.0,0.0
oe:player:367fecc4cb53a8234abbd9f283b7997,Vladi,Karmine Corp,LEC,EMEA,Ligue majeure,Mid,108,626.0,294.0,1195.0,17.0,0.0,0.0
oe:player:0da0eeb199e8fa3ab773cf84f9de9ab,Tian,Weibo Gaming,LPL,Chine,Ligue majeure,Jungle,150,625.0,291.0,443.0,23.0,0.0,0.0
oe:player:7577c239c73fa5f3011cd7b5503e75e,Canna,Karmine Corp,LEC,EMEA,Ligue majeure,Top,108,625.0,294.0,897.0,19.0,0.0,0.0
oe:player:3f4027dc08a489bd4d5390913f5dc71,Sponge,Nongshim RedForce,LCK,Corée,Ligue majeure,Jungle,110,624.0,279.0,-394.0,17.0,0.0,0.0
oe:player:b61e517b1a6027160aafaf56e9867c0,Wei,Invictus Gaming,LPL,Chine,Ligue majeure,Jungle,112,621.0,254.0,423.0,17.0,0.0,0.0
oe:player:2452114de900ce4bb971851b668786d,Hype,HANJIN BRION,LCK,Corée,Ligue majeure,ADC,90,619.0,285.0,-520.0,18.0,0.0,0.0
oe:player:ab2455e33b8ddb6a9d2d41107a2ed4f,Hang,Top Esports,LPL,Chine,Ligue majeure,Support,113,617.0,260.0,648.0,12.0,0.0,0.0
oe:player:30361653a485a9609fb2d3aa073282c,Bdd,KT Rolster,LCK,Corée,Ligue majeure,Mid,131,616.0,289.0,-646.0,12.0,0.0,0.08
oe:player:f73dde2d8c7879ae8d1fcdc03c4ffeb,Morgan,Team Liquid,LCK,Corée,Ligue majeure,Top,104,614.0,289.0,-642.0,15.0,0.0,0.0
oe:player:66d0ff0f8f9b5296770c1dbda549950,Ahn,EDward Gaming,LPL,Chine,Ligue majeure,ADC,58,613.0,283.0,419.0,20.0,0.0,0.0
oe:player:6adb46561c24655e0455d9b3fdc5698,Clozer,HANJIN BRION,LCK,Corée,Ligue majeure,Mid,101,612.0,291.0,-665.0,16.0,0.0,0.0
oe:player:f40f1b0923c35568f417aef1e01ca6b,Ale,ZSM,LPL,Chine,Ligue majeure,Top,89,610.0,283.0,617.0,18.0,0.0,0.0
oe:player:cbe20c64274a87a21e5bdac1ccc3e77,Rhilech,BK ROG Esports,LFL,EMEA,Deuxième niveau,Jungle,61,610.0,280.0,1343.0,3.0,0.323,0.7
oe:player:973547129a691fb61e886add170ac7a,Piero,Karmine Corp Blue,LFL,EMEA,Deuxième niveau,Support,114,610.0,283.0,1327.0,4.0,0.017,0.737
oe:player:bb6ac5763c6576e104a7a2f59eb4ddf,Labrov,G2 Esports,LEC,EMEA,Ligue majeure,Support,113,609.0,293.0,845.0,18.0,0.0,0.0
oe:player:5c6f901a83ec448d51703aebba0ca64,Croco,LNG Esports,LCK,Corée,Ligue majeure,Jungle,82,608.0,271.0,-473.0,14.0,0.0,0.0
oe:player:9d5052e9f9f4a63835f738441a3b1f6,Mikyx,Fnatic,LEC,EMEA,Ligue majeure,Support,87,605.0,293.0,824.0,21.0,0.0,0.0
oe:player:708bbc09836488d812e6775a07d785f,shanji,Ninjas in Pyjamas,LPL,Chine,Ligue majeure,Top,47,604.0,286.0,589.0,21.0,0.0,0.0
oe:player:be9758f87345bcce47970a8f17b3c07,Oscarinin,Fnatic,LEC,EMEA,Ligue majeure,Top,87,604.0,293.0,792.0,20.0,0.0,0.0
oe:player:f5bf9bd732b85e4dcab5121e4769ae4,Alvaro,Movistar KOI,LEC,EMEA,Ligue majeure,Support,109,603.0,294.0,816.0,23.0,0.0,0.0
oe:player:fbdc4428b2d095c83aebeed5da4e4b2,Xun,Bilibili Gaming,LPL,Chine,Ligue majeure,Jungle,160,602.0,281.0,325.0,24.0,0.0,0.0
oe:player:390ca7b6b38d552363eba1b5b54ff18,Razork,Fnatic,LEC,EMEA,Ligue majeure,Jungle,87,602.0,293.0,805.0,22.0,0.0,0.0
oe:player:3126bca5d4d2555ba3b460699508e16,Pollu,HANJIN BRION,LCK,Corée,Ligue majeure,Support,101,602.0,291.0,-787.0,18.0,0.0,0.0
oe:player:1223a0ed2bfab9b714c72d965df8133,Supa,Movistar KOI,LEC,EMEA,Ligue majeure,ADC,109,599.0,294.0,711.0,24.0,0.0,0.0
oe:player:3c4d21c7addb20fea3fec30418ac3d3,Light,Weibo Gaming,LPL,Chine,Ligue majeure,ADC,150,599.0,291.0,348.0,22.0,0.0,0.0
oe:player:3ee0c18b85e7bb8eaad86d58498e27d,Juhan,Oh My God,LCKC,Corée,Deuxième niveau,Jungle,155,598.0,284.0,569.0,3.0,0.0,0.903
oe:player:10d1208b485425756fcc932229386b0,MISSING,LNG Esports,LPL,Chine,Ligue majeure,Support,101,596.0,278.0,541.0,17.0,0.0,0.0
oe:player:ede24d5e0911d7a4f6ec514a67802ff,Myrwn,Movistar KOI,LEC,EMEA,Ligue majeure,Top,109,594.0,294.0,743.0,22.0,0.0,0.0
oe:player:8a8f18e4b7d0f30c19c5fb99a526951,Elyoya,Movistar KOI,LEC,EMEA,Ligue majeure,Jungle,109,594.0,294.0,764.0,24.0,0.0,0.0
oe:player:edf8b064c096691e539b7e2a3e28179,Humanoid,Forsaken,LEC,EMEA,Ligue majeure,Mid,60,592.0,278.0,1027.0,24.0,0.0,0.0
oe:player:ab8a2f130a36f7aa619168c53d055d1,Vincenzo,Kiwoom DRX,LCKC,Corée,Deuxième niveau,Jungle,150,591.0,292.0,535.0,2.0,0.103,0.903
oe:player:eff6236e2369eaeccf4c9434031d20c,3XA,Karmine Corp Blue,LFL,EMEA,Deuxième niveau,ADC,127,591.0,289.0,1273.0,4.0,0.02,0.763
oe:player:da3299cd46f1ad8a86bbadeb6b8a320,Assum,Ninjas in Pyjamas,LPL,Chine,Ligue majeure,ADC,86,585.0,272.0,282.0,22.0,0.0,0.0
oe:player:2b5fa564a1259b97bc238fbfa719b07,Teddy,HANJIN BRION,LCK,Corée,Ligue majeure,ADC,91,583.0,265.0,-701.0,21.0,0.0,0.0
oe:player:4203fc46c4c6333e9bfa9d0a8618677,Yike,Karmine Corp,LEC,EMEA,Ligue majeure,Jungle,108,579.0,294.0,688.0,24.0,0.0,0.0
oe:player:6059545b206c4b230b97fd3651b473a,Crisp,Weibo Gaming,LPL,Chine,Ligue majeure,Support,172,572.0,254.0,419.0,21.0,0.0,0.0
oe:player:8f8eaac8e99c203ee76e57c5c81c91f,Quid,Team Liquid,LCS,Amérique du Nord,Ligue majeure,Mid,77,571.0,290.0,1215.0,23.0,0.0,0.0
oe:player:613a571a4b0b674547093130f2e4093,SlowQ,Karmine Corp Blue,LFL,EMEA,Deuxième niveau,Mid,127,565.0,289.0,1060.0,4.0,0.0,0.79
oe:player:a41eb80b5f23627fc710cc41c516e49,LazyFeel,Kiwoom DRX Challengers,LCKC,Corée,Deuxième niveau,ADC,132,565.0,265.0,769.0,5.0,0.0,0.55
oe:player:0d9b0a3b3a93a8f759c9d8ac8eef97c,Breathe,Weibo Gaming,LPL,Chine,Ligue majeure,Top,150,563.0,291.0,383.0,21.0,0.0,0.0
oe:player:a52945dbe283de2f7e9d63ca3417f36,Leave,EDward Gaming,LPL,Chine,Ligue majeure,ADC,132,562.0,276.0,166.0,23.0,0.0,0.0
oe:player:9fefcdafef82ae8de67c1187546d622,Haetae,T1 Esports Academy,LCKC,Corée,Deuxième niveau,Top,148,562.0,294.0,804.0,2.0,0.473,0.88
oe:player:beea9fe15bff6a7ab0b3913d3d5fde6,Xiaohu,Weibo Gaming,LPL,Chine,Ligue majeure,Mid,160,562.0,285.0,175.0,23.0,0.0,0.0
oe:player:c8fe7c65a2ae0ab6ff62674ade6847d,Cloud,T1 Esports Academy,LCKC,Corée,Deuxième niveau,Support,148,560.0,294.0,552.0,4.0,0.093,0.703
oe:player:83eb62484689106807fcf5ad55b5479,Jojopyun,Movistar KOI,LEC,EMEA,Ligue majeure,Mid,109,549.0,294.0,809.0,22.0,0.0,0.0
oe:player:317aeb74a6dd16bea711bbad361ca44,BuLLDoG,LNG Esports,LCK,Corée,Ligue majeure,Mid,104,543.0,272.0,-1009.0,21.0,0.0,0.0
oe:player:fa6ab005227d25bf19d02ca58f00cab,Kratos,MGN Vikings Esports,LCP,Asie-Pacifique,Ligue majeure,Top,51,542.0,288.0,920.0,28.0,0.0,0.0
oe:player:6fbf57b984dbf130701e09ea4110bb8,Rich,Kiwoom DRX,LCK,Corée,Ligue majeure,Top,101,538.0,289.0,-1024.0,21.0,0.0,0.0
oe:player:38e0af7278d6769d0c81d7c4b47ac1e,Soboro,Invictus Gaming,LCKC,Corée,Deuxième niveau,Top,162,537.0,280.0,680.0,3.0,0.163,0.863
oe:player:dea5251e486aed942e1bc06e1d5c116,Life,DN SOOPers,LCK,Corée,Ligue majeure,Support,80,535.0,287.0,-1123.0,24.0,0.0,0.0
oe:player:63dd174baf11b12006e5dc29c2269a1,Maynter,Karmine Corp Blue,LFL,EMEA,Deuxième niveau,Top,127,534.0,289.0,1213.0,3.0,0.343,0.67
oe:player:952237fce714ed1eca8ded17523bee9,Taeyoon,Nongshim RedForce,LPL,Chine,Ligue majeure,ADC,140,533.0,279.0,20.0,26.0,0.0,0.0
oe:player:a2357eb17578485c2ba736db36cbc42,Pyosik,DN SOOPers,LCK,Corée,Ligue majeure,Jungle,87,533.0,289.0,-848.0,27.0,0.0,0.0
oe:player:bfba3d25c89b1f0f6afb42d4964bf5f,Agurin,CGN Esports,PRM,EMEA,Deuxième niveau,Jungle,57,529.0,284.0,1541.0,11.5,0.0,0.217
oe:player:5b86bafc34d79c84a8847d29b64ca29,Mireu,Vivo Keyd Stars,CBLOL,Brésil & Amérique latine,Ligue majeure,Mid,74,529.0,270.0,1653.0,28.5,0.0,0.0
oe:player:58771d428ade54dd5983bbe70ce0383,Xiaohao,EDward Gaming,LPL,Chine,Ligue majeure,Jungle,82,528.0,291.0,-42.0,28.0,0.0,0.0
oe:player:dbe844fcbbc7f54654e54242e79acac,Eyla,100 Thieves,LCS,Amérique du Nord,Ligue majeure,Support,74,526.0,294.0,766.0,27.0,0.0,0.0
oe:player:7c3395efccd48fe73592001501bef83,River,100 Thieves,LCS,Amérique du Nord,Ligue majeure,Jungle,74,525.0,294.0,692.0,30.0,0.0,0.0
oe:player:542b1268b090a5fc82442efbd8d8165,Angel,EDward Gaming,LPL,Chine,Ligue majeure,Mid,82,524.0,291.0,-13.0,23.0,0.0,0.0
oe:player:027a5217b659e8bedb70978dea494d6,Irrelevant,Team BDS,LEC,EMEA,Ligue majeure,Top,38,523.0,298.0,387.0,30.0,0.0,0.0
oe:player:ab7f28ca18446cb18274a884b1525f7,Xerxe,Galions,LFL,EMEA,Deuxième niveau,Jungle,86,520.0,289.0,892.0,6.0,0.0,0.377
oe:player:054e5f8aeb885db6713f4a3e7328efc,Jun,GiantX,LEC,EMEA,Ligue majeure,Support,57,518.0,297.0,391.0,30.0,0.0,0.0
oe:player:b7411c6a095b1dc123931f3cb8d7af5,Berr,Dplus Kia Challengers,LCKC,Corée,Deuxième niveau,Support,85,517.0,284.0,335.0,6.0,0.0,0.417
oe:player:9d2474b953a3a0be93880409ccceb4e,Artemis,GAM Esports,LCP,Asie-Pacifique,Ligue majeure,ADC,99,517.0,292.0,967.0,32.0,0.0,0.0
oe:player:73e08f7701a4316284cbe884b5d7e56,Kiaya,GAM Esports,LCP,Asie-Pacifique,Ligue majeure,Top,100,516.0,293.0,791.0,31.0,0.0,0.0
oe:player:00ff83174dc14ce3f7b17e427b75e7f,Sty1e,MGN Vikings Esports,LCP,Asie-Pacifique,Ligue majeure,ADC,26,514.0,290.0,955.0,32.0,0.0,0.0
oe:player:132ee4b29ebeac294a420dcebe64bdc,Zdz,EDward Gaming,LPL,Chine,Ligue majeure,Top,82,514.0,291.0,138.0,25.0,0.0,0.0
oe:player:ea9ed09584feecae0991089f087d2ce,APA,Cloud9,LCS,Amérique du Nord,Ligue majeure,Mid,75,514.0,283.0,933.0,25.0,0.0,0.0
oe:player:0a53c1102dafce61e89decc517b3175,Loki,Cloud9,LCS,Amérique du Nord,Ligue majeure,Mid,66,511.0,294.0,916.0,27.0,0.0,0.0
oe:player:88bba3108e62145a9780becd3eb553d,Jiejie,Weibo Gaming,LPL,Chine,Ligue majeure,Jungle,110,511.0,264.0,-129.0,30.0,0.0,0.0
oe:player:7e754adda86a60e0a39d7204ba60424,Betty,PSG Talon,LCP,Asie-Pacifique,Ligue majeure,ADC,92,510.0,293.0,932.0,33.0,0.0,0.0
oe:player:e3b8d5a9290fe0c7458dc01db4dc9dc,Serin,Galions,LFL,EMEA,Deuxième niveau,Mid,86,510.0,289.0,784.0,5.0,0.0,0.563
oe:player:e5f6c83e6e97c74fc9e9760fc8972ae,Eddie,Team Secret Whales,LCP,Asie-Pacifique,Ligue majeure,ADC,78,506.0,293.0,912.0,30.0,0.0,0.0
oe:player:a7128975a782c11d8c34525be8e1b6c,Erha,Weibo Gaming,LPL,Chine,Ligue majeure,Support,58,506.0,273.0,92.0,28.0,0.0,0.0
oe:player:615b1f347cdf6bc6df1883ed9e18496,ppgod,Ninjas in Pyjamas,LPL,Chine,Ligue majeure,Support,73,505.0,288.0,85.0,28.5,0.0,0.0
oe:player:c942f21cd85aaf8d7892aa712e3e2ce,Frog,Kiwoom DRX Challengers,LCKC,Corée,Deuxième niveau,Top,141,503.0,295.0,507.0,4.0,0.01,0.823
oe:player:5bc99370722c5ecbfa9b3c1e17338e6,Trigger,Nongshim Esports Academy,LCKC,Corée,Deuxième niveau,ADC,78,501.0,259.0,449.0,5.0,0.0,0.523
oe:player:fa22d396503a5a737f2f169943d7241,Zoelys,Galions,LFL,EMEA,Deuxième niveau,Support,86,500.0,289.0,778.0,7.0,0.0,0.22
oe:player:3d022fcafe5af9f52df92b17c015fe6,HARPOON,Galions,LFL,EMEA,Deuxième niveau,ADC,92,499.0,267.0,816.0,14.0,0.0,0.127
oe:player:41ad87cfc159526f62529db61162a2a,Vampire,JD Gaming,LPL,Chine,Ligue majeure,Support,140,497.0,281.0,48.0,25.0,0.0,0.0
oe:player:c0f78343a2ad4ba1463245d53a3b440,Ragner,Galions,LFL,EMEA,Deuxième niveau,Top,86,497.0,289.0,1029.0,6.0,0.01,0.483
oe:player:568fe19f3078824aeca0056e28081bb,FoFo,ZSM,LCP,Asie-Pacifique,Ligue majeure,Mid,69,496.0,283.0,843.0,29.5,0.0,0.0
oe:player:d8362fe0d38ca0e70953ed957deaa00,Rekkles,Los Ratones,NLC,EMEA,Deuxième niveau,Support,110,494.0,290.0,2215.0,7.0,0.007,0.33
oe:player:9d5e3b1fd70d1652fc3f5f1a978cd9b,Hiro02,Team Secret Whales,LCP,Asie-Pacifique,Ligue majeure,Top,49,494.0,284.0,683.0,33.0,0.0,0.0
oe:player:1b90b5086aa57992143a92a2899b8e0,Taki,Team Secret Whales,LCP,Asie-Pacifique,Ligue majeure,Support,78,490.0,293.0,722.0,31.0,0.0,0.0
oe:player:655c522b43d1444e55a0a4615c2b59b,Grizzly,Hanwha Life Esports Challengers,LCKC,Corée,Deuxième niveau,Jungle,105,486.0,296.0,10.0,10.0,0.0,0.167
oe:player:64ff4f1dd75a5654ab87c0bbee89c1e,Wako,Ultra Prime,LPL,Chine,Ligue majeure,ADC,39,486.0,287.0,-216.0,31.0,0.0,0.0
oe:player:579ae2e0addc18db74179b2a3d33294,Ellim,HANJIN BRION Challengers,LCKC,Corée,Deuxième niveau,Jungle,87,485.0,282.0,4.0,14.0,0.0,0.033
oe:player:566586ef99b39b57e9c85c59f021da5,Burdol,Nongshim Esports Academy,LCKC,Corée,Deuxième niveau,Top,57,484.0,285.0,415.0,5.0,0.0,0.55
oe:player:3335a55ba853c9cd5a724876fd305a4,Emo,GAM Esports,LCP,Asie-Pacifique,Ligue majeure,Mid,43,482.0,285.0,773.0,29.5,0.0,0.0
oe:player:043e89cd3b06bc1a0555024d475c9d2,Hizto,Team Secret Whales,LCP,Asie-Pacifique,Ligue majeure,Jungle,78,481.0,293.0,535.0,32.0,0.0,0.0
oe:player:eeec6c7a9d2b475c23650b202208b89,Lot,GiantX,LEC,EMEA,Ligue majeure,Top,57,481.0,297.0,179.0,29.0,0.0,0.0
oe:player:460ae5a7af8d68f7831b70307210ab3,Berserker,DN SOOPers,LCK,Corée,Ligue majeure,ADC,88,480.0,293.0,-1218.0,30.0,0.0,0.0
oe:player:0973ddfd8ce96a62e85badbe503d163,bluerzor,UCAM Esports,LES,EMEA,Deuxième niveau,Jungle,48,479.0,276.0,1247.0,11.0,0.0,0.15
oe:player:31b5f1d49f55acb4ee7624813bda6b2,Woody,PSG Talon,LCP,Asie-Pacifique,Ligue majeure,Support,92,479.0,293.0,669.0,35.0,0.0,0.0
oe:player:0101bf828e44b2630d500590c4ad461,Gury,Vietnam (National Team),LCP,Asie-Pacifique,Ligue majeure,Jungle,91,478.0,290.0,520.0,34.0,0.0,0.0
oe:player:3c784fdd6a025028ad063525c14027a,Hylissang,Team Vitality,LEC,EMEA,Ligue majeure,Support,14,478.0,297.0,191.0,,,
oe:player:05fafeaf23dc3285558a4e968970b9f,CoreJJ,Team Liquid,LCS,Amérique du Nord,Ligue majeure,Support,69,476.0,292.0,512.0,37.0,0.0,0.0
oe:player:9d361f9d8214252ee571375f9105cb4,frosty,RED Canids,CBLOL,Brésil & Amérique latine,Ligue majeure,Support,63,474.0,293.0,1424.0,41.0,0.0,0.0
oe:player:92c21511d7b383b2f8ba5b00c3c9a47,Bull,HANJIN BRION Challengers,LCKC,Corée,Deuxième niveau,ADC,65,473.0,271.0,308.0,12.0,0.0,0.077
oe:player:73d2b65353d7b00e0f198ffdc085edc,FBI,100 Thieves,LCS,Amérique du Nord,Ligue majeure,ADC,74,472.0,294.0,616.0,29.0,0.0,0.0
oe:player:b42e757e6ed7f3eb263f69eb034f092,Solokill,Ninjas in Pyjamas,LPL,Chine,Ligue majeure,Top,71,467.0,280.0,-94.0,27.0,0.0,0.0
oe:player:1c51707d8fd9873c9fd184e2cd01b33,Crownie,Los Ratones,NLC,EMEA,Deuxième niveau,ADC,109,466.0,289.0,1927.0,10.0,0.0,0.177
oe:player:5eb466e63c91a4ccf328f21715e51ae,Vetheo,Vitality.Bee,LFL,EMEA,Deuxième niveau,Mid,84,465.0,291.0,558.0,8.0,0.0,0.057
oe:player:61ea9de879a9b27bb8eddcba7f32f4a,fNb,RED Canids,CBLOL,Brésil & Amérique latine,Ligue majeure,Top,63,465.0,293.0,1271.0,38.0,0.0,0.0
oe:player:863519e5df81ff9b308c90f6a59495b,xiaofang,LNG Esports,LPL,Chine,Ligue majeure,Jungle,29,464.0,292.0,-365.0,32.0,0.0,0.0
oe:player:95d286ec0a5d750d09e848a4e630c56,Noah,GiantX,LEC,EMEA,Ligue majeure,ADC,57,463.0,297.0,34.0,33.0,0.0,0.0
oe:player:456d479c879155333c0624219803ec4,Nemesis,Los Ratones,NLC,EMEA,Deuxième niveau,Mid,110,463.0,290.0,1938.0,9.0,0.0,0.053
oe:player:72bd7f020390328891f8595b5a2136f,Azhi,PSG Talon,LCP,Asie-Pacifique,Ligue majeure,Top,92,461.0,293.0,516.0,32.0,0.0,0.0
oe:player:f3322656ae1facbf4763677fe2506a3,Karsa,PSG Talon,LCP,Asie-Pacifique,Ligue majeure,Jungle,92,460.0,293.0,432.0,34.0,0.0,0.0
oe:player:ee4894bcff1cfaa4ffbf71b7b8d8921,Rin,Team Heretics Academy,LES,EMEA,Deuxième niveau,ADC,120,460.0,285.0,1502.0,9.0,0.0,0.137
oe:player:b7a3b6176406a92dd089fe2f82a1d3f,Dire,Team Secret Whales,LCP,Asie-Pacifique,Ligue majeure,Mid,78,459.0,293.0,658.0,31.0,0.0,0.0
oe:player:145f64f1760a3fc2eac89c8f29c3083,Levi,GAM Esports,LCP,Asie-Pacifique,Ligue majeure,Jungle,100,458.0,293.0,423.0,35.0,0.0,0.0
oe:player:6fc5fe723eed4ba4c230292be365c66,Lurox,Vitality.Bee,LFL,EMEA,Deuxième niveau,Jungle,84,458.0,291.0,583.0,12.0,0.0,0.007
oe:player:539a66f092a09af8d24065a3ac5ae69,Kice,HANJIN BRION Challengers,LCKC,Corée,Deuxième niveau,Support,90,457.0,290.0,36.0,11.5,0.0,0.017
oe:player:204746c853a12888ad72d8035cdf8c7,Jackies,GiantX,LEC,EMEA,Ligue majeure,Mid,57,454.0,297.0,332.0,32.0,0.0,0.0
oe:player:a7bb2d8b4e4c1a1fde8c3e584ef6835,OvO,LNG Esports,LPL,Chine,Ligue majeure,Support,21,453.0,294.0,-172.0,29.0,0.0,0.0
oe:player:233724c5adf28da47784390134db3c6,LP,LNG Esports,LPL,Chine,Ligue majeure,ADC,18,452.0,296.0,-386.0,,,
oe:player:f7407edad1ded2d8d1e634ed49a9698,Lancer,DN SOOPers,LCKC,Corée,Deuxième niveau,Top,147,451.0,291.0,247.0,8.0,0.0,0.057
oe:player:10be1f35d8b5ea6babf916a6e7dd8a4,Fleshy,Team Vitality,LEC,EMEA,Ligue majeure,Support,52,450.0,266.0,53.0,34.0,0.0,0.0
oe:player:e85e46c5f3d3fcce55af9ca6a4cb45c,sasi,LGD Gaming,LPL,Chine,Ligue majeure,Top,81,449.0,291.0,-188.0,31.0,0.0,0.0
oe:player:905e2f4e54700b9ed0ddfb13deec4e9,xqw,LGD Gaming,LPL,Chine,Ligue majeure,Mid,62,447.0,291.0,-403.0,32.0,0.0,0.0
oe:player:d617210b92fa03e78554883250d432c,Gakgos,FlyQuest,NL,EMEA,Troisième niveau,Top,36,447.0,284.0,1829.0,1.0,0.547,0.637
oe:player:baf26814ef7b2f10fac33a00c3d53a3,Willer,Kiwoom DRX,LCKC,Corée,Deuxième niveau,Jungle,123,446.0,275.0,-192.0,13.0,0.0,0.173
oe:player:be17beb4d906e22fa6995e17060ebd3,Slayer,DN SOOPers Challengers,LCKC,Corée,Deuxième niveau,ADC,139,442.0,295.0,155.0,9.0,0.0,0.17
oe:player:6d734e1e86b978852d95cfd63d6a643,Shaoye,LGD Gaming,LPL,Chine,Ligue majeure,ADC,81,442.0,291.0,-437.0,33.0,0.0,0.0
oe:player:57a976f165d89afb00fc029cd7c36a7,Szygenda,BK ROG Esports,LFL,EMEA,Deuxième niveau,Top,90,440.0,289.0,745.0,10.0,0.0,0.093
oe:player:5836a085b5ebaa7662fbba55341703c,Enosh,DN SOOPers,LCKC,Corée,Deuxième niveau,ADC,85,440.0,276.0,145.0,10.0,0.0,0.083
oe:player:e68cc4b2bef76a96aae344b49a81579,Daystar,BNK FEARX Youth,LCKC,Corée,Deuxième niveau,Mid,156,439.0,288.0,-55.0,9.0,0.0,0.333
oe:player:3d94511f748af7acb6347becd5b4c94,Tempester,Hanwha Life Esports Challengers,LCKC,Corée,Deuxième niveau,Mid,105,438.0,296.0,-59.0,10.0,0.0,0.09
oe:player:51e528aaaafe5451e0a14c0da847dc4,Bluffing,Hanwha Life Esports Challengers,LCKC,Corée,Deuxième niveau,Support,105,437.0,296.0,-66.0,12.0,0.0,0.003
oe:player:397bcf46311de3cf780469b2a842b67,Ycx,LGD Gaming,LPL,Chine,Ligue majeure,Support,81,436.0,291.0,-261.0,35.0,0.0,0.0
oe:player:0be01924125adebc1a95bbb09d0c4d1,Starry,Oh My God,LPL,Chine,Ligue majeure,ADC,60,436.0,288.0,-464.0,31.0,0.0,0.0
oe:player:990de650e44c3b85ec90451de02db04,Jool,LOUD,CBLOL,Brésil & Amérique latine,Ligue majeure,Mid,79,435.0,269.0,1183.0,32.0,0.0,0.003
oe:player:6e6a78244523ed9e54731d07d1f79f4,DuDu,DN SOOPers,LCK,Corée,Ligue majeure,Top,88,435.0,293.0,-1542.0,30.0,0.0,0.0
oe:player:f6b8af05a5af22004a67a78f3046b92,Yeon,Team Liquid,LCS,Amérique du Nord,Ligue majeure,ADC,69,434.0,292.0,425.0,37.0,0.0,0.0
oe:player:b49867477e266c5da8e995074e18f80,Daglas,Team Heretics Academy,LES,EMEA,Deuxième niveau,Jungle,125,433.0,286.0,1018.0,16.0,0.0,0.0
oe:player:57ac9f77eae511aeee1e854434f73f2,HOYA,Ninjas in Pyjamas,LPL,Chine,Ligue majeure,Top,106,432.0,285.0,-273.0,36.0,0.0,0.0
oe:player:d6a41c1166922d1ff489fdb2fa06289,Thayger,Natus Vincere,LES,EMEA,Deuxième niveau,Jungle,95,432.0,262.0,1016.0,17.0,0.0,0.0
oe:player:1725cf69407d2dcdf2873d0669409e8,Tracyn,Team Heretics Academy,LES,EMEA,Deuxième niveau,Top,125,430.0,286.0,1280.0,12.0,0.0,0.017
oe:player:e214e8e906f16ec13e9a88de30dc181,Jopa,Vitality.Bee,LFL,EMEA,Deuxième niveau,ADC,84,430.0,291.0,469.0,12.5,0.0,0.057
oe:player:951959a620881940ca08f98e0226cf3,Pyeonsik,Hanwha Life Esports Challengers,LCKC,Corée,Deuxième niveau,ADC,105,430.0,296.0,93.0,12.0,0.0,0.0
oe:player:c88cada1696defe81464925789aa6d8,Ceos,Shopify Rebellion,LCS,Amérique du Nord,Ligue majeure,Support,56,429.0,291.0,277.0,39.0,0.0,0.0
oe:player:a6fed46f5e3d5e2e68356d7ac85a971,SAJATOR,Team Heretics Academy,LES,EMEA,Deuxième niveau,Mid,65,429.0,276.0,1167.0,14.0,0.0,0.0
oe:player:ea58943d300b14d684bb05b3975fe15,Roamer,paiN Gaming,CBLOL,Brésil & Amérique latine,Ligue majeure,Mid,50,428.0,292.0,1149.0,39.0,0.0,0.0
oe:player:21d0c093d9553e0074a98c5b5880b4c,Elio,GAM Esports,LCP,Asie-Pacifique,Ligue majeure,Support,100,426.0,293.0,402.0,38.0,0.0,0.0
oe:player:6de9a45a1a666afa34d126f9be444c0,Kemish,Gen.G Global Academy,LCKC,Corée,Deuxième niveau,Mid,129,426.0,297.0,-122.0,10.0,0.0,0.067
oe:player:f2264caa34a27d8f01634f39f307c85,Doss,BK ROG Esports,LFL,EMEA,Deuxième niveau,Support,90,424.0,289.0,395.0,15.0,0.0,0.0
oe:player:412b8c9df04a282450b2d9347c9d4ae,Crack,Nongshim Esports Academy,LCKC,Corée,Deuxième niveau,Support,89,423.0,286.0,-135.0,13.0,0.0,0.02
oe:player:b6603b64c5cabad210826735469838b,Cube,Team WE,LPL,Chine,Ligue majeure,Top,141,421.0,291.0,-326.0,34.0,0.0,0.0
oe:player:bd9f7c5d6ab4201b138a3e51dab7056,Alive,Kiwoom DRX Challengers,LCKC,Corée,Deuxième niveau,ADC,19,420.0,295.0,44.0,,,
oe:player:498246d6c44175256a07ed5f322c817,Karis,Team WE,LPL,Chine,Ligue majeure,Mid,141,420.0,291.0,-536.0,34.0,0.0,0.0
oe:player:d1ae0e2f9f3ac1e0e0cdcb86504ca77,Feisty,GIANTX iTero,LES,EMEA,Deuxième niveau,Mid,87,419.0,290.0,1116.0,10.0,0.0,0.067
oe:player:67447707ec7cbde9ab25bfa2ed69877,DDoiV,DN SOOPers,LCKC,Corée,Deuxième niveau,Jungle,148,419.0,287.0,-327.0,15.0,0.0,0.147
oe:player:11b40dd5fcd01f1fca9496859ccd862,Shelfmade,Berlin International Gaming,PRM,EMEA,Deuxième niveau,Top,101,419.0,292.0,1230.0,12.0,0.0,0.04
oe:player:e42fd90dea956c3986b69209b56ce16,OMON,BK ROG Esports,LFL,EMEA,Deuxième niveau,Mid,90,418.0,289.0,325.0,14.5,0.0,0.0
oe:player:e1e74fbe59bd77110d7a7412b400878,Dajor,Berlin International Gaming,PRM,EMEA,Deuxième niveau,Mid,101,418.0,292.0,1030.0,12.0,0.0,0.0
oe:player:1999dbe32608051613a2d3ed9c1b0d4,Morttheus,Vivo Keyd Stars,CBLOL,Brésil & Amérique latine,Ligue majeure,ADC,69,417.0,294.0,1085.0,39.0,0.0,0.0
oe:player:e038414b765a8bda52e602f7eaeff04,Prime,Ici Japon Corp. Esport,LFL,EMEA,Deuxième niveau,Support,77,417.0,291.0,359.0,14.0,0.0,0.0
oe:player:dfc279de8d7bd571aa8edfd7eb89c03,Moham,Oh My God,LPL,Chine,Ligue majeure,Support,60,415.0,288.0,-364.0,32.0,0.0,0.0
oe:player:682e8d130e0e745c66836835cb44cdc,Hanbyeol,Gen.G Global Academy,LCKC,Corée,Deuxième niveau,Top,129,415.0,297.0,69.0,10.0,0.0,0.04
oe:player:3e49e4fa76bc82c6f03a12d50ee0a6e,Winner,Gen.G Global Academy,LCKC,Corée,Deuxième niveau,Jungle,129,413.0,297.0,-358.0,12.0,0.0,0.053
oe:player:5d531a4cf817202fc25eda63906e797,Comp,Gentle Mates,LFL,EMEA,Deuxième niveau,ADC,98,412.0,290.0,381.0,18.0,0.0,0.0
oe:player:daf977355187d5f85949a456e337be7,Leb,Berlin International Gaming,PRM,EMEA,Deuxième niveau,Jungle,92,411.0,286.0,948.0,18.0,0.0,0.0
oe:player:e78da55d6db43d982f841204a8e51ac,Zhuo,Ninjas in Pyjamas,LPL,Chine,Ligue majeure,Support,99,410.0,264.0,-386.0,40.0,0.0,0.0
oe:player:86a59ad7ba2334ad7505f303d3f2ab6,Casting,HANJIN BRION,LCKC,Corée,Deuxième niveau,Top,135,409.0,273.0,39.0,10.0,0.0,0.3
oe:player:8c6395564a23f3c2af8d378540012b0,Way,KT Rolster Challengers,LCKC,Corée,Deuxième niveau,Support,124,407.0,271.0,-214.0,10.0,0.0,0.307
oe:player:946b74bfc34e861b344ae03700af039,Disamis,Vivo Keyd Stars,CBLOL,Brésil & Amérique latine,Ligue majeure,Jungle,69,407.0,294.0,1083.0,39.0,0.0,0.0
oe:player:397fee5de074b10600707b618fb1f29,SiuLoong,Vietnam (National Team),LCP,Asie-Pacifique,Ligue majeure,Support,91,406.0,290.0,303.0,40.0,0.0,0.0
oe:player:ec0971fb900874b1c59179d9cd33687,Kaiser,Team Heretics Academy,LES,EMEA,Deuxième niveau,Support,121,406.0,285.0,955.0,11.0,0.0,0.007
oe:player:5b826f287e199129019810487d2ce61,Bean,Berlin International Gaming,PRM,EMEA,Deuxième niveau,ADC,101,406.0,292.0,986.0,15.0,0.0,0.003
oe:player:86dbd2fb95030a3ed1efee6808eb125,LIMIT,Berlin International Gaming,PRM,EMEA,Deuxième niveau,Support,101,406.0,292.0,813.0,15.0,0.0,0.0
oe:player:87f7503a6cdacffa612aeee7f04cc7c,Callme,Misa Esports,TCL,EMEA,Deuxième niveau,Mid,95,406.0,283.0,1120.0,16.0,0.0,0.0
oe:player:b0e54ad49a5ce7a200bcb877eee7ed9,Envyy,BNK FEARX Youth,LCKC,Corée,Deuxième niveau,ADC,77,405.0,282.0,-31.0,11.0,0.0,0.173
oe:player:ca9701f085966dfca32e31b1b1e9d55,Lyncas,Team Vitality,LEC,EMEA,Ligue majeure,Jungle,52,404.0,295.0,-189.0,38.0,0.0,0.0
oe:player:17a3d1accbb8bbdaaabfd34e1d69c18,Sertuss,Ici Japon Corp. Esport,LFL,EMEA,Deuxième niveau,Mid,77,402.0,291.0,243.0,13.0,0.0,0.003
oe:player:a68581f40d30119bad63673b157e660,Velja,Los Ratones,NLC,EMEA,Deuxième niveau,Jungle,110,402.0,290.0,1871.0,14.0,0.0,0.007
oe:player:370f639a8b838f1933c7232d8adae72,Naak Nako,Team Vitality,LEC,EMEA,Ligue majeure,Top,52,402.0,295.0,-219.0,38.0,0.0,0.0
oe:player:a5b589185ef8ae18d33478626218b3a,ToongE,Misa Esports,TCL,EMEA,Deuxième niveau,ADC,96,401.0,276.0,1296.0,14.0,0.0,0.093
oe:player:1a75a7cf8c98442be881fed562346f5,Sylvie,KT Rolster,LCKC,Corée,Deuxième niveau,Jungle,95,401.0,283.0,-417.0,15.0,0.0,0.037
oe:player:403937c97942cb4634ef8907077ede5,Xiaoxia,Ultra Prime,LPL,Chine,Ligue majeure,Support,64,399.0,287.0,-441.0,36.0,0.0,0.0
oe:player:6625d682ed10ef5e0e7c6c9e4dd2fc1,Tatu,FURIA,CBLOL,Brésil & Amérique latine,Ligue majeure,Jungle,67,397.0,297.0,1033.0,42.0,0.0,0.0
oe:player:3c93fcbfb525315f6412904e5b9abbd,Tangyuan,LGD Gaming,LPL,Chine,Ligue majeure,Mid,50,396.0,283.0,-656.0,37.0,0.0,0.0
oe:player:0dcf834c627e57895f26132ec33d99c,fishone,LNG Esports,LPL,Chine,Ligue majeure,ADC,26,395.0,292.0,-671.0,37.0,0.0,0.0
oe:player:4f6302984cea43e6384d488973fe1d2,Howling,Ici Japon Corp. Esport,LFL,EMEA,Deuxième niveau,Top,77,394.0,291.0,511.0,12.0,0.0,0.047
oe:player:ec0c2b8d7630efba391c288765d4d7e,Carzzy,Team Vitality,LEC,EMEA,Ligue majeure,ADC,52,394.0,295.0,-310.0,39.0,0.0,0.0
oe:player:6bc43cc1537fa4ac6295b4899e972cf,Care,Ninjas in Pyjamas,LPL,Chine,Ligue majeure,Mid,123,393.0,281.0,-673.0,39.0,0.0,0.0
oe:player:60d1428b9206634f3feb66e4b8ebd59,Shogun,MGN Vikings Esports,LCP,Asie-Pacifique,Ligue majeure,ADC,60,392.0,284.0,344.0,43.0,0.0,0.0
oe:player:cb4cd2fd258d5961d2f1c4815b04123,JoJo,FURIA,CBLOL,Brésil & Amérique latine,Ligue majeure,Support,67,392.0,297.0,1011.0,46.0,0.0,0.0
oe:player:2e7d6bbb048c7e1ff0eb4d8e3bbad9a,Kati,Vietnam (National Team),LCP,Asie-Pacifique,Ligue majeure,Mid,89,391.0,290.0,316.0,41.5,0.0,0.0
oe:player:92b76c3a9967d6322741aa6d2ba4a2b,Ferret,GIANTX iTero,LES,EMEA,Deuxième niveau,Jungle,87,391.0,290.0,810.0,13.0,0.0,0.037
oe:player:f886838ee1808c2f217208267a829ce,haichao,Oh My God,LPL,Chine,Ligue majeure,Mid,71,390.0,276.0,-684.0,37.0,0.0,0.0
oe:player:0758af26fa0c3af6899bb1569059609,Lospa,GIANTX iTero,LES,EMEA,Deuxième niveau,Support,87,389.0,290.0,873.0,13.0,0.0,0.017
oe:player:c25ed32694e455959de4abe0c535ecc,Mihile,Misa Esports,TCL,EMEA,Deuxième niveau,Top,95,386.0,283.0,1350.0,14.0,0.0,0.023
oe:player:c9441d0e78cf438ef0b372dc74010e3,Calix,Nongshim RedForce,LCK,Corée,Ligue majeure,Mid,116,386.0,267.0,-1798.0,35.0,0.0,0.0
oe:player:7f77fb35ead1b44ec7cb3ebb5a395ac,Baus,Los Ratones,NLC,EMEA,Deuxième niveau,Top,110,383.0,290.0,1482.0,15.0,0.0,0.027
oe:player:32ddd24ac02f57871c631c66265d2f6,HongSuo,Deep Cross Gaming,PCS,Asie-Pacifique,Deuxième niveau,Mid,107,382.0,287.0,1920.0,24.0,0.0,0.0
oe:player:099ef5da25e9e7b76e69776eee28f35,Badlulu,GIANTX iTero,LES,EMEA,Deuxième niveau,Top,87,381.0,290.0,1034.0,13.0,0.0,0.047
oe:player:d7a904873d10637ef44afa9c1de83b3,Ayu,FURIA,CBLOL,Brésil & Amérique latine,Ligue majeure,ADC,67,381.0,297.0,901.0,44.0,0.0,0.0
oe:player:6daafc30b010acda4ebc20b6785cbc0,Boal,Vivo Keyd Stars,CBLOL,Brésil & Amérique latine,Ligue majeure,Top,69,380.0,294.0,848.0,42.0,0.0,0.0
oe:player:5000a68e43f946c726a17e1008e230a,Feather,ThunderTalk Gaming,LPL,Chine,Ligue majeure,Support,105,380.0,287.0,-539.0,45.0,0.0,0.0
oe:player:d61d8a0b25028f787123bfff542d305,Guigo,FURIA,CBLOL,Brésil & Amérique latine,Ligue majeure,Top,67,378.0,297.0,837.0,44.5,0.0,0.0
oe:player:8f862245fbdb4d065e46c83630b9495,nuc,Team BDS,LEC,EMEA,Ligue majeure,Mid,50,377.0,297.0,-53.0,44.0,0.0,0.0
oe:player:6c1d0c529e73fe4c8b9a5306867c4bf,BAO,Papara SuperMassive,TCL,EMEA,Deuxième niveau,ADC,54,376.0,282.0,1174.0,26.0,0.0,0.0
oe:player:55276c10d84e1df7713b441e76e141f,Rest,CTBC Flying Oyster,LCP,Asie-Pacifique,Ligue majeure,Top,54,376.0,280.0,95.0,38.5,0.0,0.0
oe:player:2042101ac1f6e7741bfe43f3672e6d7,Thomas,Movistar KOI Fénix,LES,EMEA,Deuxième niveau,Support,57,375.0,284.0,802.0,20.0,0.0,0.003
oe:player:bc4f68ea698f26bb1e2f6d34f900f57,SamD,Natus Vincere,LFL,EMEA,Deuxième niveau,ADC,63,375.0,266.0,196.0,27.0,0.0,0.0
oe:player:adfab52b74587bc5acc4201c140451a,Eika,Gentle Mates,LFL,EMEA,Deuxième niveau,Mid,98,374.0,290.0,103.0,18.0,0.0,0.0
oe:player:7adc518d589f32912c06de8dae7848e,Nisqy,Team Vitality,LEC,EMEA,Ligue majeure,Support,21,373.0,292.0,-333.0,43.0,0.0,0.0
oe:player:208bf3db5d9673c8c1df1f81f9621d1,Theocacs,Ici Japon Corp. Esport,LFL,EMEA,Deuxième niveau,Jungle,77,373.0,291.0,158.0,19.0,0.0,0.0
oe:player:8bad2b6e61622bd2fa9462db0a2b877,Yukino,Karmine Corp Blue,LFL,EMEA,Deuxième niveau,Jungle,96,372.0,271.0,152.0,14.0,0.0,0.053
oe:player:9ea5afea85321b13df74acb62bfb530,Fun K3y,ROSSMANN Centaurs,PRM,EMEA,Deuxième niveau,ADC,62,372.0,276.0,812.0,26.0,0.0,0.0
oe:player:845ea84cec22236278388f19fcd20bf,HamBak,HANJIN BRION Challengers,LCK,Corée,Ligue majeure,Jungle,47,371.0,273.0,-1661.0,34.0,0.0,0.0
oe:player:8b73af38e98bccab6f86930c75a9450,Trymbi,Vivo Keyd Stars,CBLOL,Brésil & Amérique latine,Ligue majeure,Support,67,371.0,292.0,911.0,47.0,0.0,0.0
oe:player:e9aecf3f86eadc4cabbf95b7d92be0d,Tianzhen,Oh My God Academy,LPL,Chine,Ligue majeure,Jungle,13,371.0,296.0,-826.0,,,
oe:player:8007ba25dee37ac1e4445a6e9f8d252,Xiaoxu,JD Gaming,LPL,Chine,Ligue majeure,Top,112,370.0,267.0,-579.0,37.0,0.0,0.0
oe:player:9bcf397008d511151380efd9e6b2ae6,charlotte,Oh My God Academy,LPL,Chine,Ligue majeure,Mid,17,368.0,294.0,-796.0,,,
oe:player:a600b912c936aadcc1337cc2a3c928e,Boda,Geekay Esports,AL,EMEA,Deuxième niveau,Top,95,368.0,285.0,2362.0,19.0,0.0,0.023
oe:player:6ff2cdf6d41f39c79d6ff057f6ffb99,Erdote,Gentle Mates,LFL,EMEA,Deuxième niveau,Support,98,365.0,290.0,102.0,19.0,0.0,0.0
oe:player:dfe5b204f04f40a84019af080662259,Jwei,Invictus Gaming,LPL,Chine,Ligue majeure,Support,121,364.0,281.0,-619.0,42.0,0.0,0.0
oe:player:da42b9f18367dc6c30476ec117c29de,Saber,Ultra Prime,LPL,Chine,Ligue majeure,Mid,76,363.0,290.0,-823.0,40.0,0.0,0.0
oe:player:21f59b54f62b5b8b4bc0f63f0f617fc,Impact,Team Liquid,LCS,Amérique du Nord,Ligue majeure,Top,66,363.0,295.0,5.0,40.0,0.0,0.0
oe:player:73ac73edf51a3acdfa494e271c6ee29,Czajek,Team Vitality,LEC,EMEA,Ligue majeure,Mid,52,362.0,295.0,-125.0,38.0,0.0,0.0
oe:player:48bef668b5cb10ddc6c3865d460e327,TakeSet,Solary,LFL,EMEA,Deuxième niveau,ADC,62,362.0,292.0,131.0,22.0,0.0,0.0
oe:player:75414f3b4f03bf449c319eb75f3dd5b,Kryze,Solary,LFL,EMEA,Deuxième niveau,Top,62,361.0,292.0,350.0,18.0,0.0,0.0
oe:player:8139e3b2070343b1729402f9bf20205,Bonnie,BBL Dark Passage,TCL,EMEA,Deuxième niveau,Jungle,55,360.0,268.0,715.0,21.0,0.0,0.003
oe:player:f9e804c44aa43f18576783a067e99ab,Yuuji,Team Liquid,LCS,Amérique du Nord,Ligue majeure,Jungle,35,359.0,286.0,-140.0,42.0,0.0,0.0
oe:player:8a5dbe19794784cfd0553556844f045,Contractz,Shopify Rebellion,LCS,Amérique du Nord,Ligue majeure,Jungle,63,359.0,296.0,-139.0,42.0,0.0,0.0
oe:player:166969943c4ca12527dd5449aab5e8e,Brance,RED Canids,CBLOL,Brésil & Amérique latine,Ligue majeure,ADC,28,359.0,298.0,792.0,52.0,0.0,0.0
oe:player:060e16e1c91434827c294bac52e8b47,Zicssi,Gentle Mates,LFL,EMEA,Deuxième niveau,Jungle,98,358.0,290.0,79.0,23.0,0.0,0.0
oe:player:786b5bbf7bbfb7b79379e8589a865c1,Zest,Bushido Wildcats,TCL,EMEA,Deuxième niveau,Top,56,358.0,274.0,1211.0,22.0,0.0,0.0
oe:player:211333df928f872c063bce4ef25ea63,Junhao,ThunderTalk Gaming,LPL,Chine,Ligue majeure,Jungle,77,358.0,288.0,-892.0,46.0,0.0,0.0
oe:player:7fdedd3126915607d5c8f42f8239253,Pleata,Kiwoom DRX Challengers,LCKC,Corée,Deuxième niveau,Support,139,357.0,278.0,-465.0,13.5,0.0,0.08
oe:player:97cae9bbdbfe09bafe83c5a7bda0727,Namgung,HANJIN BRION,LCKC,Corée,Deuxième niveau,Support,130,355.0,289.0,-474.0,21.0,0.0,0.0
oe:player:a9cfbc13e22eefdd22af7b346ce2af4,Parus,Team BDS,LEC,EMEA,Ligue majeure,Support,50,355.0,297.0,-426.0,48.0,0.0,0.0
oe:player:3e68fd564e4e518b8aed89b9a0bf855,Pyrka,Ramboot Club,LES,EMEA,Deuxième niveau,Support,15,355.0,299.0,702.0,,,
oe:player:a2d7b8856032bf106783621b9afeb41,Lyonz,LYON,LCS,Amérique du Nord,Ligue majeure,Support,33,354.0,298.0,-95.0,48.0,0.0,0.0
oe:player:6c2d19f781192a84726e07f68a531b6,Markoon,Solary,LFL,EMEA,Deuxième niveau,Jungle,62,352.0,292.0,50.0,25.0,0.0,0.0
oe:player:b0bc58cfe06ee4ee966c77790520a9b,Rosielove,Ultra Prime,LPL,Chine,Ligue majeure,Support,12,351.0,300.0,-686.0,,,
oe:player:4aa496a041ce3b1febfc4887d057f11,sorrow,Bilibili Gaming Junior,LPL,Chine,Ligue majeure,Jungle,19,350.0,296.0,-932.0,,,
oe:player:cb15090b89e91fddb1cc57a00afe58f,Batuuu,Misa Esports,TCL,EMEA,Deuxième niveau,Support,95,350.0,283.0,846.0,19.0,0.0,0.0
oe:player:af07c10f5578a1df16f311eeda3d0d8,Neon,Misa Esports,TCL,EMEA,Deuxième niveau,ADC,49,350.0,276.0,1044.0,30.0,0.0,0.0
oe:player:5450c7731de19c131ce20ea74933cc2,ISMA,GiantX,LEC,EMEA,Ligue majeure,Jungle,63,349.0,267.0,-463.0,41.0,0.0,0.0
oe:player:8f7f4c1ce7a4f933663d10543562b09,About,Team WE,LCKC,Corée,Deuxième niveau,ADC,143,349.0,287.0,-311.0,26.0,0.0,0.0
oe:player:d2b317a92a71a850ae3da1e0d83e883,1xn,LNG Esports,LPL,Chine,Ligue majeure,ADC,116,348.0,282.0,-907.0,42.0,0.0,0.0
oe:player:f0d9ba082555d7aac872bc9e43226c2,Kireas,BBL Dark Passage,TCL,EMEA,Deuxième niveau,Jungle,61,347.0,273.0,648.0,33.0,0.0,0.0
oe:player:e2c655411d8d95ef73d8026704f5e7a,Rahel,Disguised,LCS,Amérique du Nord,Ligue majeure,ADC,37,347.0,287.0,-8.0,40.0,0.0,0.0
oe:player:35650a63e482edbdb82b6950955e052,Lucky,CGN Esports,PRM,EMEA,Deuxième niveau,Support,59,347.0,283.0,518.0,24.0,0.0,0.0
oe:player:496ca7c65dbd4beffa678e62d9d4e8d,Farfetch,ULF Esports,TCL,EMEA,Deuxième niveau,Support,59,346.0,278.0,828.0,26.0,0.0,0.14
oe:player:1c3f29080dd3dd4f666adbd6448cef4,Pungyeon,DN SOOPers Challengers,LCKC,Corée,Deuxième niveau,Mid,141,346.0,277.0,-520.0,14.0,0.0,0.037
oe:player:de23ee5a66222e1e02da354414f2971,Oddie,LYON,LCS,Amérique du Nord,Ligue majeure,Jungle,33,345.0,298.0,-206.0,46.0,0.0,0.0
oe:player:4817d93e8f26002377aec42233b3fc2,Jezu,Galions,LFL,EMEA,Deuxième niveau,ADC,40,345.0,281.0,44.0,22.0,0.0,0.0
oe:player:aa645186a4b5f3f27952c2fa5485fab,Reptile,CGN Esports,PRM,EMEA,Deuxième niveau,ADC,53,344.0,289.0,675.0,25.0,0.0,0.0
oe:player:1c010180887360e5d6ab967fd93693d,TitaN,paiN Gaming,CBLOL,Brésil & Amérique latine,Ligue majeure,ADC,62,344.0,296.0,716.0,47.0,0.0,0.0
oe:player:53841c6e42a6ce77b6f3b80133c9342,Peach,Bushido Wildcats,TCL,EMEA,Deuxième niveau,Jungle,36,343.0,291.0,632.0,29.0,0.0,0.0
oe:player:de30719c9123426d9db5f1aab86dd3f,Levy,HANJIN BRION Challengers,LCKC,Corée,Deuxième niveau,ADC,33,342.0,287.0,-346.0,18.0,0.0,0.007
oe:player:be85b3d65508c757ac9af1d54310520,Dekap,Vitality.Bee,LFL,EMEA,Deuxième niveau,Support,113,340.0,275.0,-26.0,34.0,0.0,0.0
oe:player:8bac58409e91b96ecd05f6d8f053e07,Ice,Team BDS,LEC,EMEA,Ligue majeure,ADC,50,338.0,297.0,-590.0,46.0,0.0,0.0
oe:player:22d4497301dd0fefcac2d838ad2d1b4,Rito,Ramboot Club,LES,EMEA,Deuxième niveau,Support,17,337.0,293.0,614.0,,,
oe:player:494fc60dffbb5da1caa2226baef0ec7,Bvoy,Shopify Rebellion,LCS,Amérique du Nord,Ligue majeure,ADC,63,335.0,296.0,-68.0,42.0,0.0,0.0
oe:player:5afac30dcb88b92670b60509f3139a7,Mersa,Solary,LFL,EMEA,Deuxième niveau,Support,62,335.0,292.0,-51.0,24.0,0.0,0.0
oe:player:8df758d3b1cc035e768a9e9937ac322,Booshi,Team Heretics Academy,LFL,EMEA,Deuxième niveau,ADC,89,335.0,269.0,-5.0,26.0,0.0,0.0
oe:player:404079b4e478ea2a8b57904c640311b,Sheo,Team Heretics,LEC,EMEA,Ligue majeure,Jungle,54,335.0,296.0,-535.0,47.0,0.0,0.0
oe:player:e03d0722b6dce835cde3268c08c4f54,Licorice,LYON,LCS,Amérique du Nord,Ligue majeure,Top,22,333.0,297.0,-147.0,45.0,0.0,0.0
oe:player:7c8d8bf5d11af12d15aad3ce6bf5522,Patch,Beşiktaş Esports,TCL,EMEA,Deuxième niveau,Support,87,333.0,277.0,759.0,23.0,0.0,0.0
oe:player:247cede38bc224fc82ea98ca18ddacf,Eckas,Geekay Esports,AL,EMEA,Deuxième niveau,Jungle,59,333.0,282.0,2287.0,22.0,0.0,0.02
oe:player:886e8205ac1b091dbf67dbae83b1544,Tutsz,FURIA,CBLOL,Brésil & Amérique latine,Ligue majeure,Mid,67,332.0,297.0,667.0,46.0,0.0,0.0
oe:player:a57c46c636a00b1721780dd44f9c42f,xiaohuangren,ThunderTalk Gaming,LPL,Chine,Ligue majeure,Jungle,24,332.0,288.0,-1025.0,40.0,0.0,0.0
oe:player:18a70ca6e551b080cf886828cc18394,Sharvel,Dplus Kia,LCKC,Corée,Deuxième niveau,Jungle,111,332.0,293.0,-761.0,25.0,0.0,0.0
oe:player:0759744df4c20c4cfc29aae76120c44,Phantasm,CGN Esports,PRM,EMEA,Deuxième niveau,Mid,55,330.0,288.0,590.0,24.0,0.0,0.0
oe:player:407b2b8fcb2fd977fc766d5df3f4dff,Hery,Oh My God,LPL,Chine,Ligue majeure,Top,53,328.0,291.0,-789.0,39.0,0.0,0.0
oe:player:657f1228bb53523274ae58bcd123ae8,Decay,Solary,LFL,EMEA,Deuxième niveau,Mid,62,328.0,292.0,-128.0,21.0,0.0,0.0
oe:player:ea72bf2370a98f2a72dac7468c0fe1e,Potent,Gentle Mates,NL,EMEA,Troisième niveau,Top,79,327.0,293.0,1228.0,2.0,0.377,1.0
oe:player:550fa477eff3885416f22c0b3f2fc88,Time,Movistar KOI Fénix,LES,EMEA,Deuxième niveau,Jungle,57,326.0,284.0,484.0,27.0,0.0,0.0
oe:player:9712524dc88851032bd53054f8b49b4,Hena,LYON,LCS,Amérique du Nord,Ligue majeure,ADC,33,325.0,298.0,-120.0,48.0,0.0,0.0
oe:player:1c42d9266c8b391c7870b7a39f25a12,Photic,Invictus Gaming,LPL,Chine,Ligue majeure,ADC,22,324.0,293.0,-1026.0,46.0,0.0,0.0
oe:player:f45792335d83b10581da2f0cbdd6e8e,Saint,LYON,LCS,Amérique du Nord,Ligue majeure,Mid,33,324.0,298.0,-18.0,47.0,0.0,0.0
oe:player:e0b008815ab05c5cdaf4d46ab61ff63,Vizicsacsi,NORD Esports,NLC,EMEA,Deuxième niveau,Top,60,323.0,282.0,1183.0,25.0,0.0,0.017
oe:player:5e07433d52dbc7bbc4faaf9492dbd2c,CarioK,paiN Gaming,CBLOL,Brésil & Amérique latine,Ligue majeure,Jungle,62,321.0,296.0,656.0,48.0,0.0,0.0
oe:player:87b0ff8e56b0ce96bc0a82ea5dc9a7e,Kuri,paiN Gaming,CBLOL,Brésil & Amérique latine,Ligue majeure,Support,62,320.0,296.0,651.0,51.0,0.0,0.0
oe:player:840d0b77e71408d3da84e4f0cae4b73,Wizer,paiN Gaming,CBLOL,Brésil & Amérique latine,Ligue majeure,Top,62,318.0,296.0,536.0,49.0,0.0,0.0
oe:player:cb6616189a21f8e8ed43ccdb3f6904a,Linfeng,Oh My God,LPL,Chine,Ligue majeure,Mid,22,315.0,296.0,-1060.0,43.0,0.0,0.0
oe:player:f02f1c8275084050765b4b6414bdfda,Fudge,Shopify Rebellion,LCS,Amérique du Nord,Ligue majeure,Top,63,312.0,296.0,-252.0,43.0,0.0,0.0
oe:player:5f76f198cbbf171d85c94220ba63eaf,xKenzuke,Esprit Shōnen,NL,EMEA,Troisième niveau,Mid,76,312.0,298.0,1183.0,1.0,1.0,1.0
oe:player:2cbf592923f34b2e6acc4b747385c8a,Gryffinn,LOUD,CBLOL,Brésil & Amérique latine,Ligue majeure,Jungle,19,309.0,306.0,598.0,,,
oe:player:9405c3aff9112c3c60d03b94792877d,Route,LOUD,CBLOL,Brésil & Amérique latine,Ligue majeure,ADC,57,309.0,296.0,545.0,47.0,0.0,0.0
oe:player:e6f5a7e37185c25a363d031ef5eafa9,Giyuu,Geekay Esports,AL,EMEA,Deuxième niveau,Mid,95,308.0,285.0,2306.0,21.0,0.0,0.0
oe:player:fddde6d256bee26713f64ad9b2a9394,Palafox,Shopify Rebellion,LCS,Amérique du Nord,Ligue majeure,Mid,63,308.0,296.0,-99.0,45.0,0.0,0.0
oe:player:d47955c8bc06bf316f24ee15d45407b,Aetinoth,GIANTX iTero,LES,EMEA,Deuxième niveau,ADC,79,305.0,285.0,726.0,25.0,0.0,0.0
oe:player:4ff7b91bbc9492e9f96d28dda496653,SeTab,ThunderTalk Gaming,LPL,Chine,Ligue majeure,Mid,98,305.0,291.0,-1111.0,46.0,0.0,0.0
oe:player:3068654a4082275bbc00789650d1954,Xagog,ROSSMANN Centaurs,PRM,EMEA,Deuxième niveau,Jungle,101,305.0,287.0,419.0,31.0,0.0,0.0
oe:player:71b8101d78beb04a089caa90a8d9310,Jeskla,Kaufland Hangry Knights,PRM,EMEA,Deuxième niveau,ADC,65,303.0,286.0,469.0,30.0,0.0,0.04
oe:player:bf95f0a99dd7be89d7867d0d9f961ce,Coldraa,Ramboot Club,LES,EMEA,Deuxième niveau,ADC,15,302.0,299.0,711.0,,,
oe:player:40cd014b7b6251e3a22e6a45a73a64e,Execute,Rogue,LEC,EMEA,Ligue majeure,Support,27,301.0,293.0,-693.0,52.0,0.0,0.0
oe:player:44189e6dc3089dbf9520de800fa705a,Keduii,SK Gaming,LEC,EMEA,Ligue majeure,ADC,40,301.0,278.0,-777.0,49.0,0.0,0.0
oe:player:3faae62fb907ad7cbcf2167beb8b2c7,Aki,ThunderTalk Gaming,LPL,Chine,Ligue majeure,Jungle,98,300.0,270.0,-1186.0,45.0,0.0,0.0
oe:player:b137ce57a15794ffac86eaeff085326,Boukada,Team BDS,LEC,EMEA,Ligue majeure,Jungle,49,300.0,264.0,-707.0,47.0,0.0,0.0
oe:player:722c8846b5f0c756efb2affe467958a,Kaze,RED Canids,CBLOL,Brésil & Amérique latine,Ligue majeure,Mid,69,300.0,276.0,507.0,38.5,0.0,0.0
oe:player:41672e17bc1f86dc5d93955c031d2a9,Stend,Team Heretics,LEC,EMEA,Ligue majeure,Support,54,300.0,296.0,-698.0,50.0,0.0,0.0
oe:player:325397710b4294aeb7a18881c34f33b,Six10,TeamOrangeGaming,PRM,EMEA,Deuxième niveau,Mid,81,299.0,292.0,437.0,27.0,0.0,0.0
oe:player:3ef7267325e7c72a8ca898504722520,Vertigo,Beşiktaş Esports,TCL,EMEA,Deuxième niveau,Top,62,297.0,277.0,906.0,22.0,0.0,0.0
oe:player:40767632779d7557c33f7095e29ff42,Don Ponk,Lund Esports Organization,NLC,EMEA,Deuxième niveau,Support,27,296.0,294.0,1226.0,32.0,0.0,0.0
oe:player:81eb81987bcf9be1e3771a7f0a4ca77,Zamudo,Isurus,CBLOL,Brésil & Amérique latine,Ligue majeure,Top,42,296.0,291.0,429.0,60.0,0.0,0.0
oe:player:75019a36fdf85666fbd9396ae4fc7ec,Kratos,Vietnam (National Team),LCP,Asie-Pacifique,Ligue majeure,Top,40,294.0,283.0,-316.0,50.0,0.0,0.0
oe:player:e3aa452243a476669824e52c1b7fc6b,Maple,PSG Talon,LCP,Asie-Pacifique,Ligue majeure,Mid,29,294.0,287.0,-167.0,53.0,0.0,0.0
oe:player:682275c2ba204d32b67f5fa94b928e4,Skeanz,SK Gaming,TCL,EMEA,Deuxième niveau,Jungle,59,293.0,272.0,380.0,34.0,0.0,0.0
oe:player:b616375c060208f8988c4aa13a23c18,Miniduke,Veni Vidi Vici,LES,EMEA,Deuxième niveau,Mid,35,293.0,291.0,488.0,24.0,0.0,0.0
oe:player:9db3f170213f562a9613fe4f99d7dfa,Empyros,Gentle Mates,LFL,EMEA,Deuxième niveau,Top,95,292.0,288.0,3.0,21.0,0.0,0.0
oe:player:3e1b1e0f9c925b2f504d78f3bd5da22,D4nKa,Verdant,NLC,EMEA,Deuxième niveau,Jungle,71,291.0,276.0,1316.0,27.0,0.0,0.013
oe:player:31edd1e8359d849e250b854826b8c38,Cypher,T1 Esports Academy,LCKC,Corée,Deuxième niveau,ADC,18,290.0,296.0,-607.0,,,
oe:player:52b4f060a577ff87c99118d97fa75f4,Josedeodo,Team Liquid,CBLOL,Brésil & Amérique latine,Ligue majeure,Jungle,65,290.0,292.0,498.0,53.0,0.0,0.0
oe:player:3ace2e5d36ad46eb2aec2ad1c43d3c5,Rabelo,RED Canids,CBLOL,Brésil & Amérique latine,Ligue majeure,ADC,63,290.0,290.0,445.0,55.0,0.0,0.0
oe:player:08904f9c78637b75c0de4d1734f318c,Wildenbruch,ROSSMANN Centaurs,PRM,EMEA,Deuxième niveau,Support,101,290.0,287.0,231.0,30.0,0.0,0.0
oe:player:007be3acd5669d100711b13d79e2336,Sniper,100 Thieves,LCS,Amérique du Nord,Ligue majeure,Top,37,290.0,290.0,-361.0,47.0,0.0,0.0
oe:player:2c356e2803d68c33c11e65496fff9bd,Baiye,Ultra Prime,LPL,Chine,Ligue majeure,ADC,37,289.0,288.0,-1200.0,45.0,0.0,0.0
oe:player:6ad53ca055b82d5e23b83df6093df11,Niket,Ninjas in Pyjamas,LPL,Chine,Ligue majeure,Support,68,289.0,279.0,-994.0,45.0,0.0,0.0
oe:player:30b18cd72f0d41ae18f14378d2dab48,climber,LGD Gaming,LPL,Chine,Ligue majeure,Jungle,49,286.0,288.0,-1254.0,43.0,0.0,0.0
oe:player:ae770d2c942cee6dbcfbd1832015231,tinowns,LOUD,CBLOL,Brésil & Amérique latine,Ligue majeure,Mid,38,284.0,293.0,426.0,53.0,0.0,0.0
oe:player:6606138426fa9bbef349c96b4afbc77,Czekolad,Barça eSports,LES,EMEA,Deuxième niveau,Mid,116,283.0,292.0,437.0,24.0,0.0,0.0
oe:player:4d0ec5fa505ee341aff8b2309356afc,Srtty,LYON,LCS,Amérique du Nord,Ligue majeure,Top,37,283.0,284.0,-397.0,49.0,0.0,0.0
oe:player:a1cd4e9b2265b1a11ea157ccc74b1e5,UNF0RGIVEN,Geekay Esports,AL,EMEA,Deuxième niveau,ADC,59,283.0,282.0,1876.0,24.0,0.0,0.02
oe:player:28c63fa3372e3ea966da602ca9137b6,RoyalKanin,ROSSMANN Centaurs,PRM,EMEA,Deuxième niveau,Mid,101,282.0,287.0,351.0,28.0,0.0,0.0
oe:player:821b8540f3adc05a30edd06f1d877e6,whiteinn,Barça eSports,LES,EMEA,Deuxième niveau,Support,116,281.0,292.0,330.0,27.0,0.0,0.0
oe:player:f9234f74ef6e8ef9657e1d3afec1098,Steller,MGN Vikings Academy,LCP,Asie-Pacifique,Ligue majeure,Top,15,281.0,295.0,-384.0,,,
oe:player:36d61387b87cbabd4c833a490f25a55,Ryuk,Lille Esport,NL,EMEA,Troisième niveau,ADC,18,281.0,300.0,821.0,,,
oe:player:717bb4d71a2dab54e7020b1a8fde420,Flakked,Team Heretics,LEC,EMEA,Ligue majeure,ADC,54,280.0,296.0,-882.0,50.0,0.0,0.0
oe:player:480168c20218f1b2e9b34785a3baf27,WhiteKnight,Barça eSports,LES,EMEA,Deuxième niveau,Top,116,280.0,292.0,532.0,22.5,0.0,0.0
oe:player:702efc23873d774e479682ef680d911,Cboi,TeamOrangeGaming,PRM,EMEA,Deuxième niveau,Jungle,81,279.0,292.0,289.0,33.0,0.0,0.0
oe:player:9191e392e93a6ef011ef76b5b83ee6c,huhi,Disguised,LCS,Amérique du Nord,Ligue majeure,Support,48,278.0,293.0,-477.0,49.0,0.0,0.0
oe:player:4cd9f3996d60790cd11c04f842ebc43,Cast,Lund Esports Organization,NLC,EMEA,Deuxième niveau,Jungle,17,277.0,302.0,1248.0,,,
oe:player:76c156cf4aaf3bdeba0e8156184ac95,Infoneral,TeamOrangeGaming,PRM,EMEA,Deuxième niveau,Support,81,277.0,292.0,163.0,31.0,0.0,0.0
oe:player:5fa6eac8bedeed60a83f154d9538ee1,Carlsen,Team Heretics,LEC,EMEA,Ligue majeure,Top,54,276.0,296.0,-848.0,50.0,0.0,0.0
oe:player:3ce68cf813bc34243279fd7fe3cecbb,sheer,LNG Esports,LPL,Chine,Ligue majeure,Top,133,276.0,277.0,-1051.0,47.0,0.0,0.0
oe:player:947d42fad1e2f3afeb911e5ae3888ce,Sn1lle,LUA Gaming,LES,EMEA,Deuxième niveau,Jungle,55,276.0,292.0,232.0,29.0,0.0,0.0
oe:player:5f048688474a6eacfefd74bd53d8715,Sheiden,Dignitas,LCS,Amérique du Nord,Ligue majeure,Jungle,37,275.0,299.0,-558.0,55.0,0.0,0.0
oe:player:6b9f3420febdbc475dd3c1e4e0bcb5e,Nash,Veni Vidi Vici,LES,EMEA,Deuxième niveau,Support,63,274.0,275.0,298.0,24.0,0.0,0.0
oe:player:5b91639213b0f7791c49ba852e4bee5,CRoNiiK,Esprit Shōnen,NL,EMEA,Troisième niveau,Jungle,76,274.0,298.0,1100.0,1.0,0.657,1.0
oe:player:548dda36c259bbd2fcc1d8e7e8f852e,Smurfe,TeamOrangeGaming,PRM,EMEA,Deuxième niveau,Top,81,271.0,292.0,491.0,27.5,0.0,0.0
oe:player:96da046ebab4cac9bcba2c9afd85999,Closer,Misa Esports,TCL,EMEA,Deuxième niveau,Jungle,52,269.0,267.0,259.0,35.0,0.0,0.0
oe:player:49c627c099821a2894c6c4dfd9274b3,Kangin,Hanwha Life Esports Challengers,LCKC,Corée,Deuxième niveau,Top,101,268.0,264.0,-665.0,23.0,0.0,0.0
oe:player:08936c56ab5a6453c58974a619651c3,eXyu,Disguised,LCS,Amérique du Nord,Ligue majeure,Jungle,48,267.0,293.0,-597.0,48.0,0.0,0.0
oe:player:f6d8ec0afe458e19c057c1407d7da27,Aress,GAM Esports,LCP,Asie-Pacifique,Ligue majeure,Mid,57,266.0,282.0,-308.0,51.0,0.0,0.0
oe:player:1dad889ff236635dc1e03d02312e79c,Patrik,Rogue,LEC,EMEA,Ligue majeure,ADC,29,266.0,293.0,-950.0,54.0,0.0,0.0
oe:player:8e422c119fcc0bdb1e78777d4febaaf,Thien,Ramboot Club,LES,EMEA,Deuxième niveau,Top,14,266.0,300.0,463.0,,,
oe:player:e9df36f0c0ce44566f124524d7d904a,Carim,Nongshim Esports Academy,LCKC,Corée,Deuxième niveau,Jungle,11,266.0,304.0,-1091.0,,,
oe:player:05a73863e113f3cb6b472a76da2ea52,DARKWINGS,Disguised,LCS,Amérique du Nord,Ligue majeure,Mid,63,265.0,292.0,-314.0,57.0,0.0,0.0
oe:player:3085815ef497539cb1d93b3c9a16624,Robo,LOUD,CBLOL,Brésil & Amérique latine,Ligue majeure,Top,57,265.0,296.0,271.0,51.0,0.0,0.0
oe:player:1e249a5688255bde7f7213b5d257b3c,Click,LUA Gaming,LES,EMEA,Deuxième niveau,Support,55,260.0,292.0,228.0,28.0,0.0,0.0
oe:player:dda950e6954035ff3f38b14ef7acc26,Lucy,Nongshim Esports Academy,LCKC,Corée,Deuxième niveau,ADC,13,259.0,303.0,-763.0,,,
oe:player:763e7968676df074c9e6d3b5ea1f899,monkaS,Bushido Wildcats,TCL,EMEA,Deuxième niveau,Support,69,259.0,281.0,393.0,32.0,0.0,0.0
oe:player:92f0831b560a15d8be3be25275adb08,Heng,LGD Gaming,LPL,Chine,Ligue majeure,Jungle,45,258.0,281.0,-1395.0,50.5,0.0,0.0
oe:player:6cb75f242bca4309e2f942a4895805f,SCARY,Leviatan,CBLOL,Brésil & Amérique latine,Ligue majeure,Jungle,40,258.0,298.0,339.0,54.0,0.0,0.0
oe:player:80fea0848c57b8e07a79675d41f582c,Castle,Disguised,LCS,Amérique du Nord,Ligue majeure,Top,48,255.0,293.0,-537.0,49.0,0.0,0.0
oe:player:af020342617bd4e5c5da5a4c31ff591,Shy Carry,LUA Gaming,LES,EMEA,Deuxième niveau,ADC,55,255.0,292.0,477.0,28.0,0.0,0.0
oe:player:ca5b2a166b112de94b9e0847afb2f21,seaz,Unicorns of Love Sexy Edition,PRM,EMEA,Deuxième niveau,Support,97,255.0,291.0,53.0,35.0,0.0,0.0
oe:player:5668835973c50fc6be8c587752c1ecf,Starlit,HANJIN BRION Challengers,LCKC,Corée,Deuxième niveau,Mid,95,254.0,292.0,-981.0,31.0,0.0,0.0
oe:player:1b26a8bba6e841f1c375b283db5c1c6,Keine,Isurus,CBLOL,Brésil & Amérique latine,Ligue majeure,Mid,50,254.0,291.0,279.0,51.0,0.0,0.0
oe:player:7aa0aebd379414d25f1fcdc396407f1,kamilius,Movistar KOI Fénix,LES,EMEA,Deuxième niveau,Support,15,253.0,296.0,193.0,,,
oe:player:2cec4b6803b4678250233ae79205f2e,1Jiang,Ultra Prime,LPL,Chine,Ligue majeure,Top,70,251.0,291.0,-1177.0,51.0,0.0,0.0
oe:player:cd521f662fbbec89f03a900e7d9bb63,Mafro,IziDream,NL,EMEA,Troisième niveau,Jungle,44,251.0,284.0,984.0,2.0,0.34,0.973
oe:player:32aa62568603d99d16591ee5dd52a8a,Pop9,Deep Cross Gaming,LCP,Asie-Pacifique,Ligue majeure,Jungle,122,251.0,297.0,-613.0,53.0,0.0,0.0
oe:player:4e0ee55680fa265c49e158f85e26650,Poby,Fnatic,LEC,EMEA,Ligue majeure,Mid,113,251.0,258.0,-682.0,48.0,0.0,0.0
oe:player:908c792446114d05c94f99e6564d9ba,Avarice,Project Conquerors,NL,EMEA,Troisième niveau,ADC,74,249.0,301.0,660.0,2.0,0.227,1.0
oe:player:341e10748bb6d388250fd1f013e45a4,DnDn,SK Gaming,TCL,EMEA,Deuxième niveau,Top,45,248.0,275.0,660.0,40.0,0.0,0.0
oe:player:f2387df2cb9eeb367b59f0bce4a9637,Hydra,LUA Gaming,LES,EMEA,Deuxième niveau,Mid,55,248.0,292.0,263.0,26.0,0.0,0.0
oe:player:c905c5ad44f322dc6e89a3d6c429b7a,Xay,IziDream,NL,EMEA,Troisième niveau,ADC,25,248.0,303.0,658.0,2.0,0.16,0.637
oe:player:e0d8a0e1bd9f784fd175ff76b72102f,NoWay,NORD Esports,NLC,EMEA,Deuxième niveau,Mid,38,248.0,285.0,861.0,37.0,0.0,0.0
oe:player:2e39f77d41c8deb6a891c30cf378383,Deadly,Joblife,LFL,EMEA,Deuxième niveau,ADC,48,247.0,293.0,-446.0,37.0,0.0,0.0
oe:player:bbd0c34fcf8166e45f1161815fefccf,Wayne,Dplus Kia Challengers,LCKC,Corée,Deuxième niveau,ADC,110,246.0,295.0,-829.0,28.0,0.0,0.0
oe:player:ae20b1872a922cdc5b8707fbe66c4f0,Twiizt,Joblife,LFL,EMEA,Deuxième niveau,Support,48,243.0,293.0,-511.0,36.0,0.0,0.0
oe:player:87e40b7c555a6fc67b899be632d037f,RAMES,Joblife,LFL,EMEA,Deuxième niveau,Jungle,48,241.0,293.0,-503.0,36.0,0.0,0.0
oe:player:e9a0da5ca2d009aeedf5afcfccffde5,Feng,Deep Cross Gaming,LCP,Asie-Pacifique,Ligue majeure,ADC,122,240.0,297.0,-418.0,54.0,0.0,0.0
oe:player:31b62cc3cf89d670fdef677faed2789,milkyway,FunPlus Phoenix,LPL,Chine,Ligue majeure,Jungle,40,240.0,288.0,-1486.0,49.0,0.0,0.0
oe:player:ba6e76e259419420ddff269bb6ef074,Vzz,TeamOrangeGaming,PRM,EMEA,Deuxième niveau,ADC,81,240.0,292.0,155.0,35.0,0.0,0.0
oe:player:de75f2eb439368d9b39281bd0c4bdab,Soldier,Caldya Esport,NL,EMEA,Troisième niveau,ADC,63,239.0,303.0,612.0,3.0,0.05,1.0
oe:player:94e552221e552e3ebaaeefff76fd6ea,Gori,ULF Esports,TCL,EMEA,Deuxième niveau,Mid,71,239.0,283.0,286.0,36.0,0.0,0.0
oe:player:ec596621f8c01e1b79c177346b4a158,NuQ,BBL Dark Passage,TCL,EMEA,Deuxième niveau,Top,69,239.0,284.0,615.0,32.0,0.0,0.0
oe:player:8debac77f7c6101af768dc729323a67,Flauren,Deep Cross Gaming,PCS,Asie-Pacifique,Deuxième niveau,Top,122,238.0,297.0,1198.0,30.5,0.0,0.0
oe:player:97839e694c33c292c3ede3f64988876,Devn,Verdant,NLC,EMEA,Deuxième niveau,ADC,82,237.0,279.0,783.0,57.5,0.0,0.0
oe:player:7b0aeb1bb297b0d44629e94186bcb6a,Nafkelah,Caldya Esport,NL,EMEA,Troisième niveau,Mid,63,237.0,303.0,808.0,3.0,0.0,1.0
oe:player:7deb8d68aef0757c10381b599f855de,YSKM,Frank Esports,PCS,Asie-Pacifique,Deuxième niveau,Top,100,234.0,297.0,1178.0,36.0,0.0,0.0
oe:player:7e33124e33721ef8f70d2dd843b57da,ESCIK,UCAM Esports,LES,EMEA,Deuxième niveau,Mid,62,233.0,290.0,186.0,30.0,0.0,0.0
oe:player:26626eb3322fd706f5ca63fca2bb022,Garden,Dplus Kia Challengers,LCKC,Corée,Deuxième niveau,Mid,110,231.0,295.0,-1096.0,26.0,0.0,0.0
oe:player:17c5e8bd59f3ea8c9d902da8d9f52b5,Myrtus,Team BDS Academy,LFL,EMEA,Deuxième niveau,Support,47,231.0,290.0,-571.0,39.0,0.0,0.0
oe:player:0f0b0a45df28cf6869d4d6f31cac9a4,Marty,Veni Vidi Vici,LES,EMEA,Deuxième niveau,Mid,90,231.0,273.0,178.0,46.5,0.0,0.0
oe:player:bd6a2e6aaeb993fd29f43790265297f,Ucal,Kiwoom DRX,LCKC,Corée,Deuxième niveau,Mid,107,228.0,267.0,-1112.0,24.0,0.0,0.063
oe:player:56cf99d5b59755569fa366c07c18f38,Shunn,Frank Esports,PCS,Asie-Pacifique,Deuxième niveau,ADC,100,227.0,297.0,1366.0,43.0,0.0,0.0
oe:player:219d2d945cfbd391d0ade5e352a1bc5,ceo,Leviatan,CBLOL,Brésil & Amérique latine,Ligue majeure,ADC,40,227.0,298.0,132.0,58.0,0.0,0.0
oe:player:6369ba49db4cf35b35a7c47e3d4a4fd,Visdom,Kaufland Hangry Knights,PRM,EMEA,Deuxième niveau,Support,75,226.0,291.0,-88.0,40.0,0.0,0.0
oe:player:548c202cb10f10cf77a2f0b645dbaeb,SaintSamson,Lundqvist Lightside,NLC,EMEA,Deuxième niveau,Top,14,225.0,298.0,690.0,,,
oe:player:f68ed45fe0f3150c306c17455014301,Abagnale,Project Conquerors,NL,EMEA,Troisième niveau,Support,74,225.0,301.0,779.0,1.5,0.5,1.0
oe:player:d971df9441d60af93a87545e6a8f884,JiaQi,FunPlus Phoenix,LPL,Chine,Ligue majeure,ADC,68,224.0,276.0,-1525.0,53.5,0.0,0.0
oe:player:895b81748441d4b3c8faa7c1b8452dc,Sparda,1TAP Dino,VCS,Asie-Pacifique,Deuxième niveau,Top,47,221.0,301.0,1640.0,42.0,0.0,0.0
oe:player:ee14d783c6bc1ce855d5fdf2c7f349f,Mxe,Esprit Shōnen,LFL,EMEA,Deuxième niveau,Support,68,221.0,270.0,-620.0,38.0,0.0,0.0
oe:player:728ce343a6718cfdd5d223c971cc2fd,Kamiloo,Team Heretics,LEC,EMEA,Ligue majeure,Mid,54,221.0,296.0,-830.0,51.0,0.0,0.0
oe:player:39b7c8fcabea217972326ec1f441b0a,Lonely,HANJIN BRION Challengers,LCKC,Corée,Deuxième niveau,Top,25,220.0,291.0,-908.0,21.0,0.0,0.0
oe:player:127d6ec83484da3c8b39b70c70f1226,dyNquedo,paiN Gaming,CBLOL,Brésil & Amérique latine,Ligue majeure,Mid,12,219.0,302.0,104.0,,,
oe:player:3d7afc086e8aba0545ceba473fa1e9e,ANDARIEL,UCAM Esports,LES,EMEA,Deuxième niveau,ADC,62,217.0,290.0,283.0,34.0,0.0,0.0
oe:player:79715a2d8a5dcfe07726c00e0f05433,Kuroneel,Project Conquerors,NL,EMEA,Troisième niveau,Mid,74,215.0,301.0,701.0,2.0,0.0,0.997
oe:player:5d7f415cbf04b549c235a8a3d83a763,ShiauC,Deep Cross Gaming,PCS,Asie-Pacifique,Deuxième niveau,Support,122,215.0,297.0,1242.0,38.0,0.0,0.0
oe:player:3dbe8ecf9c97fc12b28ad199bdb5f82,Baut,BBL Dark Passage,TCL,EMEA,Deuxième niveau,Support,22,214.0,301.0,167.0,44.0,0.0,0.0
oe:player:5ee64eb3feb02e60832a2265db54f71,FIESTA,Papara SuperMassive,TCL,EMEA,Deuxième niveau,Mid,50,213.0,291.0,156.0,35.0,0.0,0.0
oe:player:c71563c4ae48cc1bbd2e7913366cdf7,SLT,Verdant,NLC,EMEA,Deuxième niveau,Top,47,213.0,285.0,631.0,36.0,0.0,0.0
oe:player:a7b756e008bfcb7148cdb51f886c3fa,Sinmivak,UCAM Esports,LES,EMEA,Deuxième niveau,Top,62,212.0,290.0,189.0,27.0,0.0,0.0
oe:player:8a557b75be64213044586f7efc41158,Rychly,DKB XPERION NXT,PRM,EMEA,Deuxième niveau,Support,12,212.0,303.0,-158.0,,,
oe:player:7676c3dbf9486cb34da6e1c94d09b70,Aomine,1TAP Dino,VCS,Asie-Pacifique,Deuxième niveau,ADC,43,212.0,313.0,1793.0,46.0,0.0,0.0
oe:player:0b73817b6d353252df2bbe48993b983,Mishi,Team BDS Academy,LFL,EMEA,Deuxième niveau,ADC,62,212.0,285.0,-621.0,39.0,0.0,0.0
oe:player:0c041d02ab7138f57164fafbc091b2d,RedBert,LOUD,CBLOL,Brésil & Amérique latine,Ligue majeure,Support,45,211.0,295.0,107.0,55.0,0.0,0.0
oe:player:9c51ed760409db6fa2a02fe8046f110,Curse,RED Canids,CBLOL,Brésil & Amérique latine,Ligue majeure,Jungle,67,210.0,287.0,103.0,50.0,0.0,0.0
oe:player:6e632d8dfe91b18ecbbcdc028094e5c,Zothve,Leviatan,CBLOL,Brésil & Amérique latine,Ligue majeure,Top,40,209.0,298.0,-7.0,56.0,0.0,0.0
oe:player:443b8e6205a0c76a3e6a2eed788215e,Lens,Beşiktaş Esports,TCL,EMEA,Deuxième niveau,ADC,32,209.0,283.0,341.0,40.0,0.0,0.0
oe:player:c3e31561579b69078812ea3b1968e13,Toffe,Team BDS Academy,LFL,EMEA,Deuxième niveau,Mid,47,207.0,290.0,-732.0,38.0,0.0,0.0
oe:player:ba2664f94e92e7e9e06fe8582b1f4ec,Chasy,ULF Esports,TCL,EMEA,Deuxième niveau,Top,71,206.0,283.0,449.0,35.0,0.0,0.0
oe:player:3a3cf889f1996110ab52915425d60b5,xMatty,NORD Esports,NLC,EMEA,Deuxième niveau,ADC,20,204.0,298.0,621.0,53.0,0.0,0.0
oe:player:6d630f0b571f8381f483b6a6941909a,Rabble,Kaufland Hangry Knights,PRM,EMEA,Deuxième niveau,Jungle,75,204.0,291.0,-84.0,40.5,0.0,0.0
oe:player:6427b0c5a7c3106e92a7c11257a08c6,Guwon,Ninjas in Pyjamas,LCP,Asie-Pacifique,Ligue majeure,Jungle,40,203.0,283.0,-855.0,59.0,0.0,0.0
oe:player:1b20b8ba37a25e699096e74abba1664,Diplex,Joblife,LFL,EMEA,Deuxième niveau,Mid,48,203.0,293.0,-751.0,35.0,0.0,0.0
oe:player:145201414ecb853de684fbe7d6bb5b6,Ackerman,Isurus,CBLOL,Brésil & Amérique latine,Ligue majeure,Support,62,203.0,296.0,69.0,55.0,0.0,0.0
oe:player:eaaf2e20683cde8408d05159c05528c,Aladoric,Austrian Force willhaben,PRM,EMEA,Deuxième niveau,Support,18,203.0,298.0,-207.0,,,
oe:player:b226880189cb11f7da7a0c86544b556,iLEVI,UCAM Esports,LES,EMEA,Deuxième niveau,Support,62,202.0,290.0,-63.0,33.0,0.0,0.0
oe:player:21e6493dca56a03bd0ccbdef211d187,Husha,Frank Esports,PCS,Asie-Pacifique,Deuxième niveau,Jungle,37,202.0,281.0,1128.0,54.0,0.0,0.0
oe:player:0d47af84bee7ca00a76beb860c3d6ff,Pretender,Frank Esports,PCS,Asie-Pacifique,Deuxième niveau,Mid,100,202.0,297.0,1019.0,39.5,0.0,0.0
oe:player:41ea0ed55fe655184c9073085b85eea,White,Unicorns of Love Sexy Edition,PRM,EMEA,Deuxième niveau,Jungle,97,199.0,291.0,-110.0,39.0,0.0,0.0
oe:player:8204ca38dc1c42012b5d53131271eb1,Axelent,Partizan Sangal,EBL,EMEA,Deuxième niveau,ADC,109,198.0,272.0,2158.0,51.0,0.0,0.0
oe:player:e6f8300f45b071d113356fc27cedf4c,Rayito,Veni Vidi Vici,LES,EMEA,Deuxième niveau,ADC,76,198.0,274.0,189.0,30.0,0.0,0.0
oe:player:40704dfd2d966862568d29770de57bd,Isles,Dignitas,LCS,Amérique du Nord,Ligue majeure,Support,39,197.0,299.0,-879.0,56.0,0.0,0.0
oe:player:ccfb5c69ebcc2008b1dca4ef5c56142,DenVoksne,Unicorns of Love Sexy Edition,PRM,EMEA,Deuxième niveau,ADC,97,197.0,291.0,-62.0,42.0,0.0,0.0
oe:player:f9c3db5fdf2c5fb45f552127922d105,B Butcher,Geekay Esports,AL,EMEA,Deuxième niveau,Support,99,195.0,272.0,1710.0,45.0,0.0,0.0
oe:player:2925560e555046ad9b0066ff181fe21,Melonik,Forsaken,RL,EMEA,Deuxième niveau,Top,88,194.0,281.0,742.0,39.0,0.0,0.0
oe:player:9f123d50225f8efc664774485f85941,Frost,Project Conquerors,NL,EMEA,Troisième niveau,Jungle,74,193.0,301.0,692.0,3.0,0.0,1.0
oe:player:ef97df9d746d0e65ed18786ab30031c,Insanity,Luminosity Gaming,LCS,Amérique du Nord,Ligue majeure,Mid,62,192.0,306.0,-677.0,57.0,0.0,0.0
oe:player:81d2110b25710f286ed9e9b6a8426b0,Snaker,Isurus,CBLOL,Brésil & Amérique latine,Ligue majeure,ADC,62,192.0,296.0,-42.0,58.0,0.0,0.0
oe:player:df13ba84b4ea6932f7e10b5e51e7cf5,Venour,Kaufland Hangry Knights,PRM,EMEA,Deuxième niveau,Top,75,191.0,291.0,91.0,39.0,0.0,0.0
oe:player:8784bcdcfb37672c12481c037ad8db4,Ruep,Beşiktaş Esports,TCL,EMEA,Deuxième niveau,ADC,63,190.0,285.0,243.0,49.0,0.0,0.0
oe:player:dd77279f7d325eec933f05b1672f6a1,1116,Ground Zero Gaming,PCS,Asie-Pacifique,Deuxième niveau,Mid,74,189.0,296.0,957.0,44.0,0.0,0.0
oe:player:694ee794a9d3a8c3fbd658becb89769,zamulek,StormMedia Fajnie Mieć Skład,RL,EMEA,Deuxième niveau,ADC,99,188.0,290.0,1262.0,47.0,0.0,0.0
oe:player:b5654a6598ed174f4451f5e5dcfb118,Kozi,Zero Tenacity,RL,EMEA,Deuxième niveau,Top,104,188.0,290.0,711.0,40.0,0.0,0.0
oe:player:5cfc41b7eccda649db08ead84343554,Legolas,Barça eSports,LES,EMEA,Deuxième niveau,ADC,118,188.0,290.0,139.0,37.0,0.0,0.0
oe:player:a2f6e754fc2b358f7786f52decb4274,Jankos,NORD Esports,NLC,EMEA,Deuxième niveau,Jungle,54,187.0,278.0,796.0,40.0,0.0,0.0
oe:player:e041923a70bcde3b24d608958f8edc8,Shlatan,Team BDS Academy,LFL,EMEA,Deuxième niveau,Jungle,47,187.0,290.0,-775.0,43.0,0.0,0.0
oe:player:ad7f6524ea17c960723b182e0a0c77a,Vasco,Zero Tenacity,RL,EMEA,Deuxième niveau,Mid,99,186.0,288.0,1099.0,40.0,0.0,0.0
oe:player:08cc98f89d63a05973e5db39e6b9945,Noz2k,E WIE EINFACH E-SPORTS,PRM,EMEA,Deuxième niveau,ADC,78,186.0,292.0,-114.0,47.0,0.0,0.0
oe:player:74f3f60a44ee916ecc257a5381be756,Lekcyc,IziDream,NL,EMEA,Troisième niveau,Support,63,186.0,299.0,585.0,3.0,0.02,1.0
oe:player:5aea7cdf0f3349ac62a04335ec1c918,Ivory,Beşiktaş Esports,TCL,EMEA,Deuxième niveau,Mid,61,185.0,284.0,15.0,43.0,0.0,0.0
oe:player:97e737335eeb7b84909a07bc9e96eed,Baca,Ramboot Club,LES,EMEA,Deuxième niveau,Mid,29,185.0,289.0,-52.0,32.0,0.0,0.0
oe:player:2d2b174e23f40f5ea3a0c4151349ca3,Armut,Papara SuperMassive,TCL,EMEA,Deuxième niveau,Top,68,185.0,288.0,345.0,44.0,0.0,0.0
oe:player:64ecd619b953ca23acb0546a472c483,Tore,Verdant,NLC,EMEA,Deuxième niveau,Support,33,185.0,295.0,671.0,42.0,0.0,0.0
oe:player:e38e8c286a37ea366d40ba664b1d00c,Unkn0wn,Eintracht Frankfurt,PRM,EMEA,Deuxième niveau,ADC,57,184.0,275.0,-127.0,58.0,0.0,0.0
oe:player:088a8dda4109f6904aa917153b5db18,Jactroll,Zero Tenacity,RL,EMEA,Deuxième niveau,Support,91,184.0,284.0,1227.0,44.0,0.0,0.0
oe:player:e8a31970ca00025d7de8d3ef23126c5,JokerHan,CTBC Flying Oyster Academy,PCS,Asie-Pacifique,Deuxième niveau,Mid,17,183.0,301.0,925.0,,,
oe:player:58d68cedf0a0b1b3d7d9646f5f9e8d3,Simpli,Unicorns of Love Sexy Edition,PRM,EMEA,Deuxième niveau,Mid,97,183.0,291.0,-148.0,38.0,0.0,0.0
oe:player:285954244fdc2bcce532fb88a1e0ddb,Rooster,Team BDS,LEC,EMEA,Ligue majeure,Top,76,183.0,274.0,-1310.0,56.0,0.0,0.0
oe:player:acfdf3b694c6ffc32396b64edb82bd8,Leny,Joblife,LFL,EMEA,Deuxième niveau,Top,48,182.0,293.0,-549.0,34.0,0.0,0.0
oe:player:b9ccf86bc1be84e6200f498b2e0ef33,jokaa,Eintracht Spandau,PRM,EMEA,Deuxième niveau,Jungle,27,182.0,290.0,-195.0,45.0,0.0,0.0
oe:player:73278a4a86960eeb576a8fd4c9ec699,113,Barça eSports,LES,EMEA,Deuxième niveau,Jungle,67,181.0,261.0,-241.0,38.0,0.0,0.0
oe:player:1f8b2df4c6ee43a1c1dc29817c0a201,Sacre,Eintracht Frankfurt,PRM,EMEA,Deuxième niveau,Top,51,181.0,291.0,41.0,40.0,0.0,0.0
oe:player:4e07c3a412cda9ddf875cc14c65efc4,Courage,Fukuoka SoftBank HAWKS gaming,LCP,Asie-Pacifique,Ligue majeure,Jungle,36,180.0,292.0,-970.0,60.0,0.0,0.0
oe:player:e1dbe2b979510dba78b229327292a10,Veignorem,Eintracht Frankfurt,PRM,EMEA,Deuxième niveau,Support,51,180.0,291.0,-318.0,42.0,0.0,0.0
oe:player:658a2a25bf5e14b866e38d832ec9ba6,Kio,eSuba,HM,EMEA,Deuxième niveau,Top,110,180.0,273.0,1296.0,50.0,0.0,0.0
oe:player:22c335f178d8e1724b8d04831b1267a,Exofeng,GIANTX iTero,NLC,EMEA,Deuxième niveau,ADC,44,179.0,285.0,494.0,50.0,0.0,0.0
oe:player:11389d6d8a29729807c3cf528a98050,SPOOKY,Caldya Esport,NL,EMEA,Troisième niveau,Jungle,63,179.0,303.0,626.0,4.0,0.003,1.0
oe:player:a04f4a8e24d54ff98fc27a5aa5a0c3c,Afroboi,E WIE EINFACH E-SPORTS,PRM,EMEA,Deuxième niveau,Jungle,78,179.0,292.0,-209.0,44.0,0.0,0.0
oe:player:694d028e62f4ea668b206ab752b6f94,Sayn,IziDream,NL,EMEA,Troisième niveau,Mid,63,177.0,299.0,512.0,4.0,0.0,0.99
oe:player:8a391c2d095a4e0b79ed197436af6c7,Peppe,Team Phantasma,HLL,EMEA,Deuxième niveau,Mid,89,176.0,285.0,1684.0,52.0,0.0,0.0
oe:player:6378658dafc3eeb902fa2e52f909172,Tomo,Dignitas,LCS,Amérique du Nord,Ligue majeure,ADC,39,176.0,299.0,-864.0,60.0,0.0,0.0
oe:player:db0cbdc72184ad44ab905be61fc0756,Kofte,Bushido Wildcats,TCL,EMEA,Deuxième niveau,Mid,72,176.0,277.0,-29.0,41.0,0.0,0.0
oe:player:51777d50bf7bf71ff70b8a32726e40c,Fornoreason,Unicorns of Love Sexy Edition,PRM,EMEA,Deuxième niveau,Top,97,175.0,291.0,10.0,37.5,0.0,0.0
oe:player:a177d116efe77552eb3068675c777f2,Scorth,Bushido Wildcats,TCL,EMEA,Deuxième niveau,ADC,71,175.0,280.0,170.0,46.0,0.0,0.0
oe:player:1a38c55db5f8af06ebac94d8530ff71,Avra,Esprit Shōnen,NL,EMEA,Troisième niveau,ADC,50,174.0,276.0,285.0,1.0,0.563,1.0
oe:player:962e7d6bbb1630bed16179c25d185e6,Efias,Dung Dynasty,PRM,EMEA,Deuxième niveau,Support,13,174.0,304.0,-351.0,,,
oe:player:a5847ca60050d4586402ccb04a41bcc,denizzz,Austrian Force willhaben,PRM,EMEA,Deuxième niveau,Jungle,23,173.0,292.0,-242.0,39.0,0.0,0.0
oe:player:6887adad8d42b7df47bf028ffff9d4e,frajgo,StormMedia Fajnie Mieć Skład,RL,EMEA,Deuxième niveau,Top,98,172.0,289.0,630.0,44.5,0.0,0.0
oe:player:4bb53c6fa9f5d75901136feb8bdf817,JNX,Vitality.Bee,LFL,EMEA,Deuxième niveau,Top,77,170.0,264.0,-607.0,37.0,0.0,0.0
oe:player:1f7d70f56b608b3137df2493949fdd0,Bie,1TAP Dino,VCS,Asie-Pacifique,Deuxième niveau,Support,47,170.0,301.0,1491.0,46.0,0.0,0.0
oe:player:ad173d59265cf2cbe796b2af2554da3,Citrus,DetonatioN FocusMe,LCP,Asie-Pacifique,Ligue majeure,Jungle,32,170.0,277.0,-1019.0,59.0,0.0,0.0
oe:player:e35edef8a2cb6212af8fe231b48ea5e,Whynot,Chiefs Esports Club,LCP,Asie-Pacifique,Ligue majeure,Jungle,18,170.0,300.0,-1019.0,,,
oe:player:595bc33bc21e0ce16769819e824c0d3,MélyaP,Lille Esport,NL,EMEA,Troisième niveau,Mid,15,166.0,310.0,452.0,,,
oe:player:0015d99e65183977a9e65547b37f1cb,Harp,DetonatioN FocusMe,LCP,Asie-Pacifique,Ligue majeure,Support,53,165.0,296.0,-901.0,58.0,0.0,0.0
oe:player:b8d0c78f3ecdcf7ca398a77dc8ef5af,iyy,FunPlus Phoenix,LPL,Chine,Ligue majeure,Jungle,18,165.0,294.0,-1856.0,,,
oe:player:1f892f04e94e144dadcc8be197d4f5b,minemaciek,StormMedia Fajnie Mieć Skład,RL,EMEA,Deuxième niveau,Support,99,164.0,290.0,1127.0,45.5,0.0,0.0
oe:player:686e3385a39e937956485d742b689e5,Jaehyuk,Dplus Kia Challengers,LCKC,Corée,Deuxième niveau,Top,100,164.0,290.0,-1187.0,30.0,0.0,0.0
oe:player:1ae1c39b7773b80a025efd99de69007,Secrett,Forsaken,RL,EMEA,Deuxième niveau,Mid,100,163.0,277.0,982.0,46.0,0.0,0.0
oe:player:5a804d07122e4fee39975c8097146f4,Violet,Saving OCE,LCP,Asie-Pacifique,Ligue majeure,ADC,22,163.0,294.0,-800.0,61.0,0.0,0.0
oe:player:6644a7352d32c9c4443017798130b61,Pun,Team Secret Whales,LCP,Asie-Pacifique,Ligue majeure,Top,56,162.0,285.0,-978.0,61.0,0.0,0.0
oe:player:e7e423ad06282e35abf80c69486374b,Innaxe,Eintracht Spandau,NLC,EMEA,Deuxième niveau,ADC,44,161.0,280.0,404.0,45.0,0.0,0.0
oe:player:d6978cb4b12a5de75f68b2da2f55dc9,XnS,BK ROG Esports,LFL,EMEA,Deuxième niveau,Jungle,79,160.0,263.0,-910.0,46.0,0.0,0.0
oe:player:40fa7615556f33971d67c95a702fbcc,Woolite,Zero Tenacity,RL,EMEA,Deuxième niveau,ADC,102,158.0,288.0,1114.0,49.0,0.0,0.0
oe:player:de877fbf2f98fca3ba960ffed586ee9,NightSlayer,Movistar KOI Fénix,LES,EMEA,Deuxième niveau,Top,68,158.0,279.0,-79.0,50.0,0.0,0.0
oe:player:9f8d365508ded3ca9701eff2003d6ad,Looki,DKB XPERION NXT,PRM,EMEA,Deuxième niveau,ADC,18,158.0,298.0,-258.0,,,
oe:player:2096ff50c6496d70e4b39793390c9ce,Sencux,Verdant,NLC,EMEA,Deuxième niveau,Mid,71,157.0,274.0,407.0,41.0,0.0,0.0
oe:player:64663f4646781c9c0110838b905daa2,Random,Kaufland Hangry Knights,PRM,EMEA,Deuxième niveau,Mid,75,156.0,291.0,-282.0,43.0,0.0,0.0
oe:player:2df5432fbfcc85dc85c33e269ebd063,Nille,Caldya Esport,NL,EMEA,Troisième niveau,Top,63,153.0,303.0,359.0,3.0,0.0,0.94
oe:player:d6a3183c42c5887246375b272c9fedf,Killer2,wangting,PCS,Asie-Pacifique,Deuxième niveau,Jungle,39,152.0,294.0,877.0,52.0,0.0,0.0
oe:player:577e87ce179374e89e5a62265ddeb8d,Rybson,StormMedia Fajnie Mieć Skład,RL,EMEA,Deuxième niveau,Jungle,99,151.0,290.0,961.0,45.0,0.0,0.0
oe:player:ffa7f50db949da3f7ccec7e2c4ec4c6,raining,FlameHard,LPLOL,EMEA,Deuxième niveau,ADC,67,151.0,274.0,1166.0,51.0,0.0,0.0
oe:player:eb26eb96a04224878fb492a5a8cefa8,ZaZee,Eintracht Frankfurt,PRM,EMEA,Deuxième niveau,Mid,51,151.0,291.0,-303.0,44.0,0.0,0.0
oe:player:65ed20b21e2993fb00dbd21a2fd991b,Zika,Weibo Gaming,LPL,Chine,Ligue majeure,Top,60,150.0,281.0,-1681.0,57.0,0.0,0.0
oe:player:252de481e83ab0bc87aada93aeb424c,vital,Nongshim Esports Academy,LCKC,Corée,Deuxième niveau,ADC,55,150.0,282.0,-1306.0,49.0,0.0,0.0
oe:player:1ee921aeb89df0c447cb6d54a6e8db3,Papiteero,Team BDS Academy,LFL,EMEA,Deuxième niveau,Top,61,150.0,285.0,-708.0,41.0,0.0,0.0
oe:player:bea6c089fd517fff3bc020290ae48f7,Steeelback,Caldya Esport,NL,EMEA,Troisième niveau,Support,63,150.0,303.0,405.0,4.0,0.003,0.993
oe:player:a47f435a46e32d2567f7af69f9dc20d,XiaoXiang,Deep Cross Gaming,PCS,Asie-Pacifique,Deuxième niveau,Mid,15,148.0,302.0,753.0,,,
oe:player:48214ce48e2b8ba2391244084ddd226,Manaty,Team Phantasma,HLL,EMEA,Deuxième niveau,Jungle,94,148.0,289.0,1140.0,56.0,0.0,0.0
oe:player:09df7e1c00d361f40c47542ae02f736,MAXI,Ramboot Club,LES,EMEA,Deuxième niveau,Jungle,16,145.0,297.0,-423.0,,,
oe:player:cc00384e754d3b4db840275587813eb,Yohan,Fukuoka SoftBank HAWKS gaming,LCP,Asie-Pacifique,Ligue majeure,Jungle,18,144.0,296.0,-1151.0,,,
oe:player:8486d94ef23b38c67c76b647613d881,bobista,Nightbirds,HM,EMEA,Deuxième niveau,Top,82,144.0,291.0,1113.0,53.0,0.0,0.0
oe:player:6ebdf3a3b56c113137109c45c2abc8f,Tomio,Luminosity Gaming,LCS,Amérique du Nord,Ligue majeure,Jungle,64,143.0,309.0,-1217.0,61.0,0.0,0.0
oe:player:9772f394c5e44d54e76aae1647217d0,Santorin,Eintracht Spandau,PRM,EMEA,Deuxième niveau,Jungle,42,142.0,279.0,-397.0,49.0,0.0,0.0
oe:player:2e82913920d8a6d0efa480bc35f1ba8,Aria,DetonatioN FocusMe,LCP,Asie-Pacifique,Ligue majeure,Mid,53,141.0,296.0,-933.0,58.0,0.0,0.0
oe:player:afe9e6d8dc0301ea48eafefdd82fecf,Goliath,Ramboot Club,LES,EMEA,Deuxième niveau,Support,75,141.0,266.0,-368.0,57.0,0.0,0.0
oe:player:9f19603cf47eb7f0b95afbbd249f69c,Tayto,DKB XPERION NXT,PRM,EMEA,Deuxième niveau,Top,18,138.0,298.0,-172.0,,,
oe:player:b06f165ee2371a61d3be74d413e1e21,Malrang,Natus Vincere,LEC,EMEA,Ligue majeure,Jungle,37,137.0,299.0,-1520.0,61.0,0.0,0.0
oe:player:dbb4f0b38307e3b2a6c2e6568262dc7,HungryPanda,Partizan Sangal,EBL,EMEA,Deuxième niveau,Support,85,135.0,276.0,1624.0,47.0,0.0,0.0
oe:player:e360328ed1e82f20a512f191f45719d,Rocklho,E WIE EINFACH E-SPORTS,PRM,EMEA,Deuxième niveau,Top,78,134.0,292.0,-196.0,47.0,0.0,0.0
oe:player:d3f8c554a302aebd5d2bae668ae197e,Larssen,Natus Vincere,LEC,EMEA,Ligue majeure,Mid,37,133.0,299.0,-1272.0,58.0,0.0,0.0
oe:player:36f7371a9b9bcaf404d11ad9fd346b2,Azuka,DKB XPERION NXT,PRM,EMEA,Deuxième niveau,Mid,18,133.0,298.0,-398.0,,,
oe:player:9defe2f6082b699823a6f6068234591,Xayoo,Kiedyś Miałem Fun,RL,EMEA,Deuxième niveau,Mid,13,132.0,298.0,828.0,,,
oe:player:97e228a45bb28f8d270f77deabd1282,Hid0,NORD Esports,NLC,EMEA,Deuxième niveau,ADC,16,132.0,299.0,259.0,,,
oe:player:5d772fc3cefe6fec269411b8ca18d9d,RustySniper,Lund Esports Organization,NLC,EMEA,Deuxième niveau,ADC,41,132.0,279.0,260.0,52.0,0.0,0.0
oe:player:78b6c1cd9f90d2560525966c76d8d39,Osman123,Papara SuperMassive,TCL,EMEA,Deuxième niveau,Jungle,48,131.0,283.0,-430.0,49.0,0.0,0.0
oe:player:cda093b28f577696b82604fb20037ad,Fresskowy,Movistar KOI Fénix,LES,EMEA,Deuxième niveau,Mid,50,131.0,282.0,-323.0,46.0,0.0,0.0
oe:player:388f53a1853c83dd27e09b4d8f80e3c,FlickeR,Geekay Esports,AL,EMEA,Deuxième niveau,ADC,49,130.0,274.0,1115.0,59.0,0.0,0.0
oe:player:8a729e3599082e74fcca776b295d0e1,Typhoon,ULF Esports,TCL,EMEA,Deuxième niveau,Jungle,83,129.0,256.0,-441.0,51.0,0.0,0.0
oe:player:4e0619e57cb50c4ab1230c2dd72df1b,Tactical,Luminosity Gaming,LCS,Amérique du Nord,Ligue majeure,ADC,64,129.0,309.0,-1098.0,62.0,0.0,0.0
oe:player:a02a243c98fb6794c2a303c5014567f,Carry,Papara SuperMassive,TCL,EMEA,Deuxième niveau,Support,68,128.0,288.0,-266.0,48.0,0.0,0.0
oe:player:7fb26875c639817a59912a87be6f738,Marble,Fukuoka SoftBank HAWKS gaming,LCP,Asie-Pacifique,Ligue majeure,ADC,54,128.0,295.0,-977.0,62.0,0.0,0.0
oe:player:b6ebe3c8487ddc3a23c586e650c4528,PowerOfEvil,Eintracht Spandau,PRM,EMEA,Deuxième niveau,Mid,49,128.0,291.0,-418.0,53.0,0.0,0.0
oe:player:1806cb4175771800d1d1ace2817103c,Zwyroo,NORD Esports,NLC,EMEA,Deuxième niveau,Mid,32,128.0,281.0,262.0,52.0,0.0,0.0
oe:player:9bfbc1a85ea2cd4841d627f76a12704,Stormax,GameWard,LFL,EMEA,Deuxième niveau,Jungle,43,128.0,292.0,-1067.0,49.5,0.0,0.0
oe:player:e54bbd7c6dd5290a1cd0f70ad2653c5,Vaynedeta,Team Phantasma,HLL,EMEA,Deuxième niveau,ADC,70,127.0,278.0,1446.0,56.0,0.0,0.0
oe:player:87f462541b21fed4081f063502bf4da,Tockimo,E WIE EINFACH E-SPORTS,PRM,EMEA,Deuxième niveau,Support,78,126.0,292.0,-590.0,46.5,0.0,0.0
oe:player:060a269b0eb445a1b5075034787f0cc,Orca,PSG Talon Academy,PCS,Asie-Pacifique,Deuxième niveau,Support,70,126.0,297.0,794.0,54.0,0.0,0.0
oe:player:f3e1b8db521dbc3508edf71e37e8863,Pangjin,Ici Japon Corp. Esport,LFL,EMEA,Deuxième niveau,ADC,44,126.0,277.0,-1050.0,69.0,0.0,0.0
oe:player:4462a94df8bf2cf755c0c5da35f0282,bat,FunPlus Phoenix,LPL,Chine,Ligue majeure,ADC,10,124.0,301.0,-2023.0,,,
oe:player:c1ddab75d1d921ffed44398c4188d60,BioPanther,Chiefs Esports Club,LCP,Asie-Pacifique,Ligue majeure,Top,47,124.0,291.0,-1166.0,61.5,0.0,0.0
oe:player:6a9abcfebed9c636ca90560b7f49855,Adam,Natus Vincere,LEC,EMEA,Ligue majeure,Top,37,124.0,299.0,-1609.0,59.0,0.0,0.0
oe:player:dc760d6884ce21614b2389ac1c05ec2,FakeGod,Luminosity Gaming,LCS,Amérique du Nord,Ligue majeure,Top,64,124.0,309.0,-1192.0,60.0,0.0,0.0
oe:player:d62f8789d640fc4bf972663ddd10b77,Whistle,Partizan Sangal,EBL,EMEA,Deuxième niveau,Mid,73,123.0,283.0,1799.0,59.0,0.0,0.0
oe:player:55e35458830cbecac40b04619bd6029,STANIK,Nightbirds,HM,EMEA,Deuxième niveau,Mid,82,121.0,291.0,1372.0,56.0,0.0,0.0
oe:player:ee240e952b7fac76ef76014c85f1b66,RYue,wangting,PCS,Asie-Pacifique,Deuxième niveau,Top,79,119.0,296.0,601.0,53.0,0.0,0.0
oe:player:8f7b1c81a23c62a54a6b663cf6badaa,Treatz,NORD Esports,NLC,EMEA,Deuxième niveau,Support,49,118.0,276.0,335.0,54.0,0.0,0.0
oe:player:f6fcb6f1d244cc5d15ab8096d941d7a,Peng,Ruddy Corporation,NLC,EMEA,Deuxième niveau,Mid,18,117.0,299.0,208.0,,,
oe:player:4515c41bfcadfcf2e3c5880242f99a2,Shredder,Skillcamp,NL,EMEA,Troisième niveau,Support,54,116.0,282.0,231.0,3.0,0.347,0.85
oe:player:72988c6600adbb46551a7b0aa75994d,Tomrio,1TAP Dino,VCS,Asie-Pacifique,Deuxième niveau,Jungle,41,114.0,302.0,1174.0,56.0,0.0,0.0
oe:player:f7ead1102c4739cf2a094369019fff5,Winsome,Estral Esports,LCS,Amérique du Nord,Ligue majeure,Support,45,114.0,295.0,-1294.0,63.0,0.0,0.0
oe:player:e5b3b161ff096a1dc71d9ea67c55897,Pride,Eintracht Spandau,PRM,EMEA,Deuxième niveau,Top,49,112.0,291.0,-302.0,56.0,0.0,0.0
oe:player:a322887f1f9792197e30825f1a6571d,Addusto,ROSSMANN Centaurs,PRM,EMEA,Deuxième niveau,Top,76,112.0,274.0,-305.0,43.5,0.0,0.0
oe:player:57da8dfcfbdb4e5b019fe93003db1c4,Weiwei,LNG Esports,LPL,Chine,Ligue majeure,Jungle,16,111.0,299.0,-2128.0,,,
oe:player:2ca9469819fb0fb61ff98e914a7ccca,Relative,E WIE EINFACH E-SPORTS,PRM,EMEA,Deuxième niveau,Mid,78,109.0,292.0,-516.0,47.0,0.0,0.0
oe:player:501007c5ed71f0153348a2352ed154f,Mihai,Skillcamp,NL,EMEA,Troisième niveau,ADC,64,108.0,281.0,-46.0,6.0,0.0,0.38
oe:player:fd976f550f84430dc88941effcf786a,HONOR,GameWard,LFL,EMEA,Deuxième niveau,Support,43,108.0,292.0,-1182.0,49.0,0.0,0.0
oe:player:fd22b656b23ca07a276181a4953ba2c,Photon,Dignitas,LCS,Amérique du Nord,Ligue majeure,Top,44,108.0,272.0,-1269.0,61.0,0.0,0.0
oe:player:1428134d4ece3f00321b6b870ca2152,Roison,eSuba,HM,EMEA,Deuxième niveau,Mid,90,107.0,275.0,1305.0,50.0,0.0,0.0
oe:player:4491b20edc9ceb1d782095e341051d9,LIDER,Ruddy Corporation,NLC,EMEA,Deuxième niveau,Mid,13,107.0,301.0,160.0,,,
oe:player:6d2795b5d0550bbbae88cb973b287b0,NoName,Ramboot Club,LES,EMEA,Deuxième niveau,Jungle,52,107.0,273.0,-611.0,60.0,0.0,0.0
oe:player:b72f2f4cfef6d31b875e2196bd7dd76,Syzyfek,Ramboot Club,LES,EMEA,Deuxième niveau,ADC,63,104.0,279.0,-278.0,52.0,0.0,0.0
oe:player:82a7ba77bb1c635ce1b23a4eaf65f4f,Lyrokun,Kaeru Gyuangu,NL,EMEA,Troisième niveau,Support,15,104.0,317.0,173.0,,,
oe:player:d7eca91517950c67ade956ce6e953cf,Hidan,Fluxo W7M,CBLOL,Brésil & Amérique latine,Ligue majeure,Top,20,103.0,304.0,-539.0,62.0,0.0,0.0
oe:player:dff7e10c0f223e03880b5ec07ea79f2,REAVER,Team Phantasma,HLL,EMEA,Deuxième niveau,Support,94,103.0,289.0,1416.0,58.0,0.0,0.0
oe:player:014c50a8bcb2f8965db2fa367330876,Furuy,Skillcamp,NL,EMEA,Troisième niveau,Mid,80,101.0,277.0,132.0,5.0,0.0,0.7
oe:player:4a18312b5b75f549d5551e5912ad6eb,Mask,Papara SuperMassive,TCL,EMEA,Deuxième niveau,Mid,35,101.0,284.0,-406.0,58.0,0.0,0.0
oe:player:55fc5254b9bd0935b092c052da40452,Kaylem,Lille Esport,NL,EMEA,Troisième niveau,Top,41,100.0,280.0,94.0,8.0,0.0,0.3
oe:player:24cd6812f523cf30c3502344539be6f,FATE,Fukuoka SoftBank HAWKS gaming,LCP,Asie-Pacifique,Ligue majeure,Mid,54,99.0,295.0,-1144.0,59.0,0.0,0.0
oe:player:8eb3f58cfdde9680b5f1a0d8d4df836,Matias,GameWard,LFL,EMEA,Deuxième niveau,ADC,43,99.0,292.0,-1186.0,57.0,0.0,0.0
oe:player:7226d142e35d427b0a90822a3912973,Kenal,Austrian Force willhaben,PRM,EMEA,Deuxième niveau,ADC,56,98.0,271.0,-557.0,70.5,0.0,0.0
oe:player:25bd73e0fccbcf86758484e8f7e8a7c,Send0o,Veni Vidi Vici,PRM,EMEA,Deuxième niveau,Top,71,98.0,285.0,-374.0,39.0,0.0,0.0
oe:player:7cc60efc7908ef535a0488a811996a4,Rhuckz,Ramboot Club,LES,EMEA,Deuxième niveau,Support,15,98.0,299.0,-582.0,,,
oe:player:adb887df0adf1894f8af5073a5c6bc3,Nata,Ruddy Corporation,NLC,EMEA,Deuxième niveau,ADC,18,97.0,299.0,84.0,,,
oe:player:6b35468bd45059f6a8450083fc379a9,Nsurr,Karmine Corp Blue Stars,NL,EMEA,Troisième niveau,Support,52,97.0,292.0,137.0,6.0,0.01,0.477
oe:player:a62e7e1e4dfd211e99796aebb24dd87,welcom,Tan'i eSports CZ,HM,EMEA,Deuxième niveau,Top,85,97.0,278.0,881.0,57.0,0.0,0.0
oe:player:25372337c424d854728ed2a7775efb6,Zanzarah,Eintracht Frankfurt,PRM,EMEA,Deuxième niveau,Jungle,75,95.0,267.0,-632.0,63.0,0.0,0.0
oe:player:e9741b3a238723ea6380ef2113fae63,Loopy,SK Gaming,LEC,EMEA,Ligue majeure,Support,37,95.0,309.0,-1724.0,59.0,0.0,0.0
oe:player:c659697694306de62d978569b84c344,PatkicaA,IziDream,NL,EMEA,Troisième niveau,Top,63,94.0,299.0,65.0,4.0,0.0,0.86
oe:player:f40abcec99ee8b74e439632fa502643,Weizhe,PSG Talon Academy,PCS,Asie-Pacifique,Deuxième niveau,Top,70,93.0,297.0,472.0,58.0,0.0,0.0
oe:player:3b54bb3274c2444d1062333aa5f012a,NattyNatt,Ruddy Corporation,NLC,EMEA,Deuxième niveau,Jungle,18,93.0,299.0,327.0,,,
oe:player:90704735ca9fc01f2244f23f6e5d635,Shiganari,Anubis Gaming,AL,EMEA,Deuxième niveau,ADC,67,92.0,270.0,924.0,64.0,0.0,0.0
oe:player:de442faff7b7cdc0fba7d6d5caff5e1,Elramir,Geekay Esports,AL,EMEA,Deuxième niveau,Jungle,64,92.0,293.0,1083.0,54.0,0.0,0.0
oe:player:a00d2c04ea7aa657b99ac900cd97657,Drali,Kaeru Gyuangu,NL,EMEA,Troisième niveau,Top,15,90.0,317.0,44.0,,,
oe:player:39d7885ab4602a7f8d202883d253f5e,Wink,FRK,LPL,Chine,Ligue majeure,Support,52,90.0,274.0,-1988.0,55.5,0.0,0.0
oe:player:6b3481654facc1e7fe3e312883ea8f3,Cinkrof,Forsaken,RL,EMEA,Deuxième niveau,Jungle,69,90.0,292.0,659.0,53.0,0.0,0.0
oe:player:6b15911e90833052d80c73d67dfce7d,Leon,Esprit Shōnen,NL,EMEA,Troisième niveau,Support,59,90.0,306.0,103.0,4.0,0.12,0.64
oe:player:acb3a05894b7c57412b2d7e911e17dd,Kino,Ground Zero Gaming,PCS,Asie-Pacifique,Deuxième niveau,Support,80,89.0,295.0,612.0,59.5,0.0,0.0
oe:player:fdc16c7495d2f61f9f116432b4a1f1a,RayFarky,Japan (National Team),LCP,Asie-Pacifique,Ligue majeure,Top,56,89.0,295.0,-1343.0,61.0,0.0,0.0
oe:player:a291e13e72870a901a7a03a59d9c6be,Lilipp,Eintracht Spandau,PRM,EMEA,Deuxième niveau,Support,49,88.0,291.0,-781.0,56.5,0.0,0.0
oe:player:a99d6da234620c259bbb92ee9f8649f,Twight,Zero Tenacity,RL,EMEA,Deuxième niveau,Jungle,104,88.0,290.0,647.0,47.0,0.0,0.0
oe:player:6b7ca7e0fcad1f113f17bc2d30adbf5,adi1,Nightbirds,HM,EMEA,Deuxième niveau,Jungle,82,87.0,291.0,1483.0,58.0,0.0,0.0
oe:player:376d5e3b1257e6972228d458943f74c,Evi,Fukuoka SoftBank HAWKS gaming,LCP,Asie-Pacifique,Ligue majeure,Top,54,87.0,295.0,-1353.0,60.5,0.0,0.0
oe:player:f18fd06744a67bf8c9f08afebfcce3a,Kaseko,Forsaken,RL,EMEA,Deuxième niveau,Support,69,86.0,292.0,736.0,53.0,0.0,0.0
oe:player:28210a578227a57de61f42f4bd0d2b4,Gaeng,Fukuoka SoftBank HAWKS gaming,LCP,Asie-Pacifique,Ligue majeure,Support,54,86.0,295.0,-1298.0,60.0,0.0,0.0
oe:player:dbdc61a1c41acedcbc7d399727155ac,Joinze,Skillcamp,NL,EMEA,Troisième niveau,Jungle,62,82.0,299.0,136.0,5.0,0.0,0.88
oe:player:a9264b1add014881c8d91609de2b7d6,Zkai,CTBC Flying Oyster Academy,PCS,Asie-Pacifique,Deuxième niveau,Top,65,75.0,300.0,379.0,63.0,0.0,0.0
oe:player:d2010fdb54cd1bf93cf46b84f654fb7,Gaëthan,Ruddy Corporation,NLC,EMEA,Deuxième niveau,Top,18,73.0,299.0,-66.0,,,
oe:player:11dd44ac5921ecf53491b3e6128842d,Spooder,Team Phantasma,HLL,EMEA,Deuxième niveau,Top,52,72.0,278.0,1193.0,52.0,0.0,0.0
oe:player:d9a5f3725f900432926e465a273b7cb,Pesho,Senshi eSports,ROL,EMEA,Deuxième niveau,Mid,81,71.0,278.0,1767.0,59.0,0.0,0.0
oe:player:383f77a12561b2634837d3d94ab7580,Broeki,Eintracht Spandau,PRM,EMEA,Deuxième niveau,ADC,42,71.0,289.0,-693.0,64.0,0.0,0.0
oe:player:212e032ffe8a58f0a37ea2595806693,Moopz,Inferno Esports,LCP,Asie-Pacifique,Ligue majeure,Support,14,70.0,300.0,-1376.0,,,
oe:player:3b32fe34a610a6a7e433b0741923b96,Peto,Nightbirds,HM,EMEA,Deuxième niveau,Support,82,69.0,291.0,901.0,59.0,0.0,0.0
oe:player:9e0d36678131df9bde116a964c542ef,choego,Senshi eSports,ROL,EMEA,Deuxième niveau,ADC,77,69.0,284.0,1731.0,64.0,0.0,0.0
oe:player:979d7cbbe1e2a8b55d503047f5c72a0,Hauz,Leviatan,CBLOL,Brésil & Amérique latine,Ligue majeure,Mid,45,66.0,291.0,-664.0,63.0,0.0,0.0
oe:player:1bc0756ba9102abb5a7cd13d2b618aa,StarScreen,Nocturne Gale,AL,EMEA,Deuxième niveau,Top,53,66.0,279.0,852.0,64.0,0.0,0.0
oe:player:dee96d43d7851840141cdeb46b3d57b,Adiogs,PSG Talon Academy,PCS,Asie-Pacifique,Deuxième niveau,Mid,77,65.0,280.0,338.0,58.0,0.0,0.0
oe:player:5f4898a107d2948045588584562be3f,Dehaste,Rich Gang,NLC,EMEA,Deuxième niveau,Mid,22,65.0,297.0,-52.0,61.0,0.0,0.0
oe:player:841a978d22c2c8dcd749d2f815ba823,BiIIy,wangting,PCS,Asie-Pacifique,Deuxième niveau,Jungle,16,64.0,304.0,437.0,,,
oe:player:a2e1e40c83fe5fd9efb5f50a67d9194,Nan0,Austrian Force willhaben,PRM,EMEA,Deuxième niveau,Mid,64,64.0,282.0,-741.0,59.0,0.0,0.0
oe:player:a8ab1ca5ba5183bdad08a3f2eeeb95d,Reeker,SK Gaming,LEC,EMEA,Ligue majeure,Mid,28,62.0,305.0,-1624.0,58.0,0.0,0.0
oe:player:57abe5a8958c15444e9103873f8565a,Banderas,Bitfix RG,NLC,EMEA,Deuxième niveau,Top,20,62.0,296.0,-124.0,65.0,0.0,0.0
oe:player:df5866d3078c786ce03084b78b1f5d9,Czypsy,Team Insidious,RL,EMEA,Deuxième niveau,Support,60,62.0,281.0,618.0,58.0,0.0,0.0
oe:player:de6a79c709c8f1a5538dff9c2bf0ed3,Leemas,Chiefs Esports Club,LCP,Asie-Pacifique,Ligue majeure,ADC,15,61.0,299.0,-1309.0,,,
oe:player:bd0655defa1f5f33c2c8ac34cfd9d36,Backlund,GameWard,LFL,EMEA,Deuxième niveau,Mid,43,61.0,292.0,-1461.0,57.0,0.0,0.0
oe:player:ae06413dcf80aa496ab8448d8ea586f,HAWHAW,Bitfix RG,NLC,EMEA,Deuxième niveau,Mid,17,60.0,298.0,-79.0,,,
oe:player:157108ff2b64591e5703c64dbae3a2e,TolanD,Beşiktaş Esports,TCL,EMEA,Deuxième niveau,Mid,16,60.0,299.0,-612.0,,,
oe:player:4bdb80c84e25651b3d62742c0b61f6d,iBo,Veni Vidi Vici,LES,EMEA,Deuxième niveau,Top,65,58.0,275.0,-580.0,55.0,0.0,0.0
oe:player:104bc94e9848863de7e626cb443e9f7,Max1,eSuba,HM,EMEA,Deuxième niveau,Support,40,57.0,296.0,844.0,63.0,0.0,0.0
oe:player:fd0a05e90aefc83ac69d3352b0f0be6,xyno,Vivo Keyd Stars Academy,CD,Brésil & Amérique latine,Deuxième niveau,Top,56,57.0,312.0,1482.0,72.0,0.0,0.0
oe:player:3b2d059fda23dc133eb0e8d9e184acd,Nomi,CNG Royal,NLC,EMEA,Deuxième niveau,ADC,16,56.0,298.0,-119.0,,,
oe:player:99ce2ea4de279c28bb0315848da8a48,Summit,Estral Esports,LRN,Brésil & Amérique latine,Deuxième niveau,Top,52,56.0,287.0,1558.0,51.0,0.0,0.0
oe:player:ca18f3cf2fd9adb391d4770c33286f0,Raina,REJECT,LJL,Asie-Pacifique,Deuxième niveau,Support,60,55.0,307.0,2555.0,67.0,0.0,0.0
oe:player:3a36b513e63e14a1355896711a09362,CHEF,Beşiktaş Esports,TCL,EMEA,Deuxième niveau,Jungle,59,55.0,278.0,-810.0,62.0,0.0,0.0
oe:player:6841f2d68619d53bdd1cdbf30b5be2c,Zeyzal,Luminosity Gaming,LCS,Amérique du Nord,Ligue majeure,Support,71,55.0,298.0,-1591.0,62.0,0.0,0.0
oe:player:c51ce410c124a10e0db5e4b97fc2af3,13,Movistar KOI Fénix,LES,EMEA,Deuxième niveau,ADC,50,54.0,282.0,-528.0,65.0,0.0,0.0
oe:player:566e0849f6b96ad25981ba1c79ce1a7,Hustlin,Ruddy Corporation,NLC,EMEA,Deuxième niveau,Support,14,53.0,300.0,10.0,,,
oe:player:ed24ff8971b1fa43a1efbb386618ce3,Grave,ULF Esports,TCL,EMEA,Deuxième niveau,ADC,52,53.0,283.0,-440.0,65.0,0.0,0.0
oe:player:778fa012f6e60cd5df26483c1573b1e,Nyx,Guasones,LES,EMEA,Deuxième niveau,Jungle,42,52.0,278.0,-887.0,51.0,0.0,0.0
oe:player:c8a5b5771d6586478d500c8e992c854,Humzh,Ruddy Corporation,NLC,EMEA,Deuxième niveau,ADC,14,52.0,300.0,-142.0,,,
oe:player:4633e95a45867812d25dd5dbe236da6,c0st0m,Zerance,NL,EMEA,Troisième niveau,Mid,19,52.0,311.0,-115.0,,,
oe:player:44744b6de7f1fa0b93d0e9b7ea328fc,ProDelta,Fluxo W7M,CBLOL,Brésil & Amérique latine,Ligue majeure,Support,35,51.0,290.0,-690.0,63.0,0.0,0.0
oe:player:cfcad7b09bed919fa42cc1dd83b6b63,Kasing,Bulldog Esports,NLC,EMEA,Deuxième niveau,Support,46,50.0,289.0,-7.0,64.0,0.0,0.0
oe:player:13eab8b40da9787760282cfd4b13ed5,SwiT,Austrian Force willhaben,PRM,EMEA,Deuxième niveau,Top,18,50.0,298.0,-614.0,,,
oe:player:f0809c55ecfa7cd6dc669b97b1f11e3,Masuhana,Sponge Gaming,PCS,Asie-Pacifique,Deuxième niveau,Top,10,50.0,309.0,254.0,,,
oe:player:abfd02e2b6f54ea12bc17037b08ff86,Mir,Chiefs Esports Club,LCP,Asie-Pacifique,Ligue majeure,Jungle,15,48.0,299.0,-1632.0,,,
oe:player:d9ef4217ba6212bce750345eacf8043,Chan,Partizan Sangal,EBL,EMEA,Deuxième niveau,Top,70,48.0,290.0,1376.0,68.0,0.0,0.0
oe:player:6520964cefa9d79079bf664b7453cfc,Mercy9,Team Heretics Academy,LES,EMEA,Deuxième niveau,Mid,88,47.0,262.0,-743.0,52.0,0.0,0.0
oe:player:c0b30f85945d6c31d3b95e8dadc418e,Lofti,Lund Esports Organization,NLC,EMEA,Deuxième niveau,Mid,26,47.0,295.0,-141.0,61.0,0.0,0.0
oe:player:37b0ff747a3bc11f577c0a05f0dedd1,Samver,1TAP Dino,LJL,Asie-Pacifique,Deuxième niveau,ADC,64,43.0,297.0,2630.0,75.0,0.0,0.0
oe:player:e134b2791879ae44a24cf5fc966a4b7,Notiko,Zerance,NL,EMEA,Troisième niveau,ADC,41,42.0,296.0,-374.0,5.0,0.0,0.793
oe:player:5399ceb619dbb13525a0d52c97acea5,Nanaue,MGN Vikings Academy,VCS,Asie-Pacifique,Deuxième niveau,Top,40,40.0,300.0,736.0,69.0,0.0,0.0
oe:player:652b15e8a821f5f825693df9ae62a80,Kinatu,REJECT,LJL,Asie-Pacifique,Deuxième niveau,Top,60,40.0,307.0,2545.0,71.0,0.0,0.0
oe:player:e72c863b7586a6b3a37e6e91339472d,kPr,FN Esports,AL,EMEA,Deuxième niveau,Top,26,40.0,299.0,720.0,70.0,0.0,0.0
oe:player:9a78213b3bc77c76369c2aca27257b9,MnM,Frank Esports,PCS,Asie-Pacifique,Deuxième niveau,Support,41,39.0,292.0,362.0,59.5,0.0,0.0
oe:player:0ce788d020173e8e2e683515c31efda,micaO,Cusprills,CD,Brésil & Amérique latine,Deuxième niveau,ADC,30,38.0,314.0,1344.0,77.0,0.0,0.0
oe:player:72c4ee7519ed3bdf51d369a9bb8bc14,KKT,Lille Esport,NL,EMEA,Troisième niveau,Jungle,41,38.0,304.0,-80.0,6.0,0.0,0.14
oe:player:cbffb9bc6fc78966bc063b74a36c45c,Celest,Inferno Esports,PCS,Asie-Pacifique,Deuxième niveau,Mid,11,38.0,303.0,199.0,,,
oe:player:89bee56a2a53bdf22737c6d43eedb9c,Matixx,Rich Gang,NLC,EMEA,Deuxième niveau,Top,22,37.0,297.0,-249.0,61.0,0.0,0.0
oe:player:3dd04f33f85c0832fae4ab452d6c925,Nice Guy Ben,ROSSMANN Centaurs,PRM,EMEA,Deuxième niveau,Top,49,36.0,289.0,-686.0,56.0,0.0,0.0
oe:player:8eb5f495bb741234779116e4dc12d54,Dovendyr,Fortress Esports,NLC,EMEA,Deuxième niveau,Support,12,35.0,304.0,-80.0,,,
oe:player:c60da5e574122ce50763b8bddb93ab9,Luon,Chiefs Esports Club,LCP,Asie-Pacifique,Ligue majeure,Support,51,34.0,292.0,-1559.0,62.0,0.0,0.0
oe:player:4aa5790e55ac65c5bea5d009e5a07a3,Koala,Zerance,NL,EMEA,Troisième niveau,Top,14,34.0,314.0,-237.0,,,
oe:player:1d1600d15a68ab1a80348ee748ea1e3,scamber,Vivo Keyd Stars Academy,CD,Brésil & Amérique latine,Deuxième niveau,Support,58,34.0,308.0,1278.0,71.0,0.0,0.0
oe:player:3d6241a697bf77c402bad659fb172ab,Wiz,KaBuM! Ilha das Lendas,CD,Brésil & Amérique latine,Deuxième niveau,Jungle,50,29.0,296.0,778.0,79.0,0.0,0.0
oe:player:aa177d8f2ab4462f4b16c53f5102c0f,Yuri,Sponge Gaming,PCS,Asie-Pacifique,Deuxième niveau,Mid,10,29.0,309.0,154.0,,,
oe:player:a5a630a5d4f0d3151f3c98d2d98834b,Telas,Alpha7 Esports,CBLOL,Brésil & Amérique latine,Ligue majeure,Support,54,28.0,303.0,-809.0,64.0,0.0,0.0
oe:player:2142ac69d054acf4d708ee97ab217b3,Puddin,Vietnam (National Team),VCS,Asie-Pacifique,Deuxième niveau,ADC,43,28.0,307.0,873.0,70.0,0.0,0.0
oe:player:de6b46438c8c6889b6dbf0684b1effa,Koala,Frank Esports,PCS,Asie-Pacifique,Deuxième niveau,Support,74,26.0,278.0,295.0,66.0,0.0,0.0
oe:player:285107bcc7ed3fdef0a479f78bc211c,DICE,QT DIG∞,LJL,Asie-Pacifique,Deuxième niveau,Mid,64,26.0,303.0,2470.0,70.0,0.0,0.0
oe:player:746358f79978fecf5a3b4eeee608490,Kaboom,Papara SuperMassive,TCL,EMEA,Deuxième niveau,Jungle,29,26.0,282.0,-953.0,105.0,0.0,0.0
oe:player:8807c97721e343cdc1fa2444cc00415,Thumb,Dplus Kia Challengers,LCKC,Corée,Deuxième niveau,Support,19,25.0,297.0,-2125.0,,,
oe:player:eaee5a7ad7c9bc645114d51d039f2fb,Tibor,Tan'i eSports CZ,HM,EMEA,Deuxième niveau,Mid,59,24.0,278.0,889.0,68.0,0.0,0.0
oe:player:c2247726b5c15c6b06022f64d4a080a,curty,Fluxo W7M,CBLOL,Brésil & Amérique latine,Ligue majeure,Top,10,23.0,307.0,-940.0,,,
oe:player:96215ee4e13a67c2ac7336f26afeeb9,Wendel,Venomcrest Esports,NLC,EMEA,Deuxième niveau,Support,13,23.0,301.0,-141.0,,,
oe:player:89a5825cdba97b34f7325e38a5e1ff5,Alaric,Team Heretics Academy,NLC,EMEA,Deuxième niveau,Support,26,20.0,292.0,-153.0,65.0,0.0,0.0
oe:player:d7f3cfa48a52dda4354774a809402b2,Nikolex,Lundqvist Lightside,NLC,EMEA,Deuxième niveau,Jungle,33,19.0,285.0,-42.0,85.0,0.0,0.0
oe:player:21846207612858fb49a468b43e56dd3,Destroy,Bushido Wildcats,TCL,EMEA,Deuxième niveau,Top,16,17.0,301.0,-494.0,,,
oe:player:ba4c9b170092f1369593d1a49291b3c,shibi,ZennIT,ROL,EMEA,Deuxième niveau,Jungle,75,17.0,290.0,1400.0,65.0,0.0,0.0
oe:player:5be118a1aa52664e1dff15ff96c1e67,Agresivoo,Back2TheGame,RL,EMEA,Deuxième niveau,Top,67,17.0,292.0,-142.0,63.0,0.0,0.0
oe:player:bbc74d89ea9541a8c079edb2bbdf8ad,Hermes,Ground Zero Gaming,PCS,Asie-Pacifique,Deuxième niveau,ADC,81,17.0,296.0,313.0,69.0,0.0,0.0
oe:player:193f83b4d6615f92af0776035551008,Mrozku,StormMedia Fajnie Mieć Skład,RL,EMEA,Deuxième niveau,Mid,95,17.0,268.0,251.0,62.0,0.0,0.0
oe:player:152685ce71976230d0a430a5e8882c0,Dotmm,PSG Talon Academy,PCS,Asie-Pacifique,Deuxième niveau,ADC,70,16.0,297.0,310.0,69.0,0.0,0.0
oe:player:1408a3cdf492161329cf78c167369ec,Liweier,West Point Esports,PCS,Asie-Pacifique,Deuxième niveau,Jungle,36,14.0,291.0,184.0,71.0,0.0,0.0
oe:player:dafc6edb9a01b6d96afd03b81a33386,Knighter,Venomcrest Esports,NLC,EMEA,Deuxième niveau,Mid,13,14.0,301.0,-305.0,,,
oe:player:7705566e63eedc7bd6c4c72d43c9104,Odi11,Forsaken,RL,EMEA,Deuxième niveau,ADC,84,14.0,282.0,392.0,65.0,0.0,0.0
oe:player:c71bc697e58f3b122ac4bf86e8648ad,Tsiper,Gamespace Mediterranean College Esports,HLL,EMEA,Deuxième niveau,Mid,75,13.0,274.0,872.0,71.0,0.0,0.0
oe:player:5143731d10e0edf3a81ee7d55d8b961,Obstinatus,Verdant,NLC,EMEA,Deuxième niveau,Support,33,13.0,293.0,-188.0,65.0,0.0,0.0
oe:player:766cc4dd4d5005652e8514e3513683f,Gemini,Frank Esports,PCS,Asie-Pacifique,Deuxième niveau,Jungle,81,12.0,287.0,177.0,63.0,0.0,0.0
oe:player:ab63f23cb70efb21206f0006e23659f,xin,CTBC Flying Oyster Academy,PCS,Asie-Pacifique,Deuxième niveau,Jungle,65,11.0,300.0,171.0,69.0,0.0,0.0
oe:player:5362efee0a34b49b3f473a4a82f30e7,ugandan fighter,Fortress Esports,NLC,EMEA,Deuxième niveau,Top,12,11.0,304.0,-379.0,,,
oe:player:3b63ea0de80cfb191f952872b392da9,sajed,DarkZero Dragonsteel,NACL,Amérique du Nord,Deuxième niveau,ADC,45,10.0,313.0,1501.0,85.0,0.0,0.0
oe:player:e4219f8b8dc608cdce7b8ee6d5777b4,6ax,BAAM Esports,AL,EMEA,Deuxième niveau,Mid,24,6.0,296.0,794.0,79.0,0.0,0.0
oe:player:e069ed7135e8a018823429510a1f8c1,DDahyuk,HANJIN BRION Academy,LAS,Corée,Troisième niveau,Top,75,6.0,286.0,1936.0,5.0,0.077,0.53
oe:player:922947616039031e1d3e40d6176930c,ChiCh1,West Point Esports,PCS,Asie-Pacifique,Deuxième niveau,ADC,63,6.0,296.0,260.0,75.5,0.0,0.0
oe:player:bdb90de1ad7c2b7c38ce6f1177c1f62,Kobbe,Venomcrest Esports,NLC,EMEA,Deuxième niveau,ADC,13,6.0,301.0,-373.0,,,
oe:player:2f0b9f7cda18943425d555b51e570e8,Minous,DN SOOPers Challengers,LCKC,Corée,Deuxième niveau,Support,28,4.0,291.0,-2232.0,53.0,0.0,0.0
oe:player:958cbc19bb15e852a32a597f8674e1c,Ze Luis,Otter Side,LPLOL,EMEA,Deuxième niveau,Support,40,4.0,283.0,1165.0,75.0,0.0,0.0
oe:player:70e6d96860b77bb3e87663215b42a1f,JimieN,Chiefs Esports Club,LCP,Asie-Pacifique,Ligue majeure,Mid,51,4.0,292.0,-1617.0,62.0,0.0,0.0
oe:player:99f0996e8f487ec0633f1920bd4631d,Shini,Cusprills,CD,Brésil & Amérique latine,Deuxième niveau,Jungle,41,2.0,290.0,640.0,61.0,0.0,0.0
oe:player:e38b7e92f32edc7bd206592ee7963ca,Eski,CNG Royal,NLC,EMEA,Deuxième niveau,Support,17,2.0,298.0,-247.0,,,
oe:player:205f456adac22b2b8cb732651167215,Lulas,DMG Esports,NLC,EMEA,Deuxième niveau,Jungle,51,2.0,286.0,-129.0,64.0,0.0,0.0
oe:player:cbdaba5605992f8e1635ad782152d65,CPM,ZETA,NL,EMEA,Troisième niveau,Top,48,2.0,276.0,-395.0,5.0,0.0,0.607
oe:player:ea09d2e7087f7675916de02afc74e02,Blesia,Barcząca Esports by Yumisu,RL,EMEA,Deuxième niveau,Top,41,1.0,285.0,-226.0,72.0,0.0,0.0
oe:player:064499cc8ab359fa4293b76349969c1,Nasser,ZETA,LES,EMEA,Deuxième niveau,Jungle,12,0.0,301.0,-1145.0,,,
oe:player:d147754aa5e06f474dbb70db17e5088,Noerring,Fortress Esports,NLC,EMEA,Deuxième niveau,Jungle,12,-0.0,304.0,-139.0,,,
oe:player:399324b7e024027e656f6e9add83c14,Enkil,Zero Tenacity,RL,EMEA,Deuxième niveau,Support,13,-2.0,300.0,297.0,,,
oe:player:565edcb58e76115e571f38521946e41,Savero,eSuba,HM,EMEA,Deuxième niveau,Jungle,97,-2.0,284.0,1038.0,64.0,0.0,0.0
oe:player:978c38ad839a85b4bdc8d3cd5e2c560,zynts,RED Academy,CD,Brésil & Amérique latine,Deuxième niveau,Top,47,-4.0,318.0,1181.0,75.0,0.0,0.0
oe:player:9170917b7452bef889def6c113af150,Forest,REJECT,LJL,Asie-Pacifique,Deuxième niveau,Jungle,60,-4.0,307.0,2241.0,72.0,0.0,0.0
oe:player:5d4533491a34d8306436b20deddc4d3,Silk,Otter Side,LPLOL,EMEA,Deuxième niveau,Mid,22,-5.0,298.0,1046.0,82.0,0.0,0.0
oe:player:b0a4ae62486ca215c199e72698738b7,Pabu,Dragons Esports,AL,EMEA,Deuxième niveau,Jungle,23,-7.0,295.0,584.0,92.0,0.0,0.0
oe:player:87b054fedd48e75aacb773f6adbb04a,Kroghsen,Fortress Esports,NLC,EMEA,Deuxième niveau,Mid,12,-8.0,304.0,-419.0,,,
oe:player:0634d9e86284da2fae4e1438d564eee,Perkz,Ruddy Corporation,NLC,EMEA,Deuxième niveau,Top,12,-9.0,301.0,-479.0,,,
oe:player:199bbcd68b0c89c2fc2c7892385cb2b,Tao,Karmine Corp Blue Stars,NL,EMEA,Troisième niveau,Top,42,-9.0,304.0,-453.0,8.0,0.0,0.017
oe:player:655e38b95a3554d69f6c7d2de4221aa,Mahonix,Senshi eSports,ROL,EMEA,Deuxième niveau,Support,72,-9.0,272.0,1087.0,69.0,0.0,0.0
oe:player:39e08d2d04f275e3e90ccf59d29e60e,Ersin,NextGeneration Esports,AL,EMEA,Deuxième niveau,Top,18,-10.0,293.0,473.0,,,
oe:player:5873b1fb84fee6da2afd5f1ec75d917,Dream,Bulldog Esports,NLC,EMEA,Deuxième niveau,ADC,10,-12.0,304.0,-459.0,,,
oe:player:2b4e018d8037aa6b63a6a7b5be6c929,Passzi,Guasones,LES,EMEA,Deuxième niveau,Support,49,-13.0,283.0,-1138.0,92.0,0.0,0.0
oe:player:78081d0b3c01f1f295d52d53744261a,Ghost,Estral Esports,LCS,Amérique du Nord,Ligue majeure,ADC,33,-13.0,310.0,-1810.0,70.0,0.0,0.0
oe:player:197e012fb5163375e24dbbfdae34911,Marky,LUA Gaming,LES,EMEA,Deuxième niveau,Top,44,-14.0,288.0,-940.0,58.5,0.0,0.0
oe:player:162a4361d51e504f7113c2d68b13e26,Nawa,Gamespace Mediterranean College Esports,HLL,EMEA,Deuxième niveau,ADC,34,-14.0,287.0,739.0,75.0,0.0,0.0
oe:player:0ff3d05047e5a7d2838bd6cb11fe7a1,Centu,Gamespace Mediterranean College Esports,HLL,EMEA,Deuxième niveau,Support,79,-14.0,285.0,833.0,74.0,0.0,0.0
oe:player:bf0fcdb863d11c4f6e7802f434de734,Robocop,Entropiq,HM,EMEA,Deuxième niveau,Top,86,-14.0,288.0,325.0,71.0,0.0,0.0
oe:player:a18df5898bbd2428ef3afb457f47da2,ShazQ,Back2TheGame,RL,EMEA,Deuxième niveau,Jungle,67,-18.0,292.0,118.0,67.0,0.0,0.0
oe:player:a2694196d288cd26055602729d0bb5c,HeSSZero,Bulldog Esports,ROL,EMEA,Deuxième niveau,Top,55,-18.0,284.0,1400.0,83.0,0.0,0.0
oe:player:38ae8b6297c7e2cdef7f6c8ce30c8f6,Crem,GMBLERS Esports,LIT,EMEA,Deuxième niveau,ADC,58,-19.0,284.0,1294.0,86.0,0.0,0.0
oe:player:5657e08aa206a6122f8d38e1676bdc5,Wolorz,Entropiq,HM,EMEA,Deuxième niveau,Mid,36,-19.0,292.0,673.0,79.0,0.0,0.0
oe:player:8912c5512db9003e5c8ce07b7ff36a8,Recap,Japan (National Team),LJL,Asie-Pacifique,Deuxième niveau,Mid,63,-20.0,304.0,2238.0,71.0,0.0,0.0
oe:player:da87886941820cfc2eee112d0143e90,Abbedagge,SK Gaming,LCS,Amérique du Nord,Ligue majeure,Mid,29,-21.0,297.0,-1743.0,61.0,0.0,0.0
oe:player:54b1f4c7c1ba4d8e7ba71de9f7ad9b2,random,Alpha7 Esports,CBLOL,Brésil & Amérique latine,Ligue majeure,Mid,50,-22.0,296.0,-1103.0,64.0,0.0,0.0
oe:player:5c10d4fc029a04de654a59d8078b913,sarolu,Vivo Keyd Stars Academy,CD,Brésil & Amérique latine,Deuxième niveau,Jungle,56,-22.0,312.0,522.0,81.0,0.0,0.0
oe:player:2caa05c21e7e142214c20319ff97d09,Kakkun,DetonatioN FocusMe,LCP,Asie-Pacifique,Ligue majeure,ADC,50,-22.0,294.0,-1728.0,64.0,0.0,0.0
oe:player:bcd61ebb24698511281a624595bb2f7,Hazel,Karmine Corp Blue Stars,NL,EMEA,Troisième niveau,ADC,42,-23.0,304.0,-698.0,6.0,0.0,0.18
oe:player:b415fb792209708ad6921cca2e73aff,Spirax,DarkZero Dragonsteel,NACL,Amérique du Nord,Deuxième niveau,Mid,26,-24.0,320.0,1223.0,93.0,0.0,0.0
oe:player:b50c8d6047685ab14db52fcd58f59d6,Lelouch,Guasones,LES,EMEA,Deuxième niveau,ADC,22,-24.0,291.0,-921.0,65.0,0.0,0.0
oe:player:4817eee6e21d12824c37bfbdaf2c325,Kaymin,Bulldog Esports,NLC,EMEA,Deuxième niveau,Mid,36,-24.0,297.0,-498.0,70.0,0.0,0.0
oe:player:516581a2ce920b9bc16a9c5004a023b,Xiaomi,wangting,PCS,Asie-Pacifique,Deuxième niveau,Jungle,11,-25.0,306.0,-6.0,,,
oe:player:95496721c429ee19a2a9bd9c4321e95,Qats,Vivo Keyd Stars Academy,CD,Brésil & Amérique latine,Deuxième niveau,Mid,56,-25.0,312.0,1027.0,77.0,0.0,0.0
oe:player:e30f555e5a24f076a5d5be70a462527,TNS,West Point Esports,PCS,Asie-Pacifique,Deuxième niveau,Support,67,-26.0,296.0,35.0,78.5,0.0,0.0
oe:player:5df80e26e27620b567db59e8567a061,Solid,Estral Esports,LCS,Amérique du Nord,Ligue majeure,Jungle,33,-27.0,310.0,-2069.0,65.0,0.0,0.0
oe:player:a214c0e659e36eb1194137976cab361,Kerry,HELL PIGS,PCS,Asie-Pacifique,Deuxième niveau,Support,34,-28.0,296.0,27.0,79.0,0.0,0.0
oe:player:59e4f16845eadbd160a270e0ea65e26,Tracy,CTBC Flying Oyster Academy,PCS,Asie-Pacifique,Deuxième niveau,ADC,65,-28.0,300.0,90.0,77.0,0.0,0.0
oe:player:dd335f498ed05ba3881a0fbbaf77769,Ronaldo,Bushido Wildcats,NLC,EMEA,Deuxième niveau,Mid,28,-28.0,288.0,-519.0,78.0,0.0,0.0
oe:player:54d08b5913d88a2acfec7bbbe8effa9,MadDogg9,Sponge Gaming,PCS,Asie-Pacifique,Deuxième niveau,ADC,10,-28.0,309.0,88.0,,,
oe:player:8d311f9903ee9a0a4896a49cb18a964,J3rkie,ZennIT,ROL,EMEA,Deuxième niveau,Support,75,-28.0,290.0,993.0,68.0,0.0,0.0
oe:player:f064e548adf728629afbc6fee730317,Leo,HANJIN BRION Challengers,LCKC,Corée,Deuxième niveau,ADC,27,-28.0,295.0,-2197.0,65.0,0.0,0.0
oe:player:e1ddc411cd92f26392b707a48e5c700,marlon,BAAM Esports,AL,EMEA,Deuxième niveau,Support,67,-29.0,276.0,591.0,79.0,0.0,0.0
oe:player:c740f85027b40c5b52e03b0233888f2,Nio,The Secret Club,EBL,EMEA,Deuxième niveau,Support,49,-29.0,286.0,806.0,82.0,0.0,0.0
oe:player:f084d3f140fa7e4bcade94ba743b164,Vespa,eSuba,HM,EMEA,Deuxième niveau,ADC,98,-30.0,284.0,1227.0,73.0,0.0,0.0
oe:player:35f5192d4fdd084a780d636ae812cb7,ardaffler,Odivelas Sports Club,LPLOL,EMEA,Deuxième niveau,ADC,44,-31.0,284.0,257.0,84.0,0.0,0.0
oe:player:6ba5b5ef1de6876e74ca64908f72762,TF Blade,Conviction,NACL,Amérique du Nord,Deuxième niveau,Top,66,-33.0,302.0,1182.0,85.0,0.0,0.0
oe:player:4d38e91e966ad67aead69648253640e,Stunt,Conviction,NACL,Amérique du Nord,Deuxième niveau,Support,28,-34.0,313.0,1042.0,102.0,0.0,0.0
oe:player:42ad24fb9a58f115637ed14ee70677a,Zyko,DarkZero Dragonsteel,NACL,Amérique du Nord,Deuxième niveau,Support,45,-34.0,313.0,1043.0,85.0,0.0,0.0
oe:player:996a6f7b84dac5ef2f92cee17f6be2d,Oguzkhan,Rich Gang,NLC,EMEA,Deuxième niveau,Jungle,21,-36.0,297.0,-317.0,73.0,0.0,0.0
oe:player:5e520d62e9ca26f84f7f8caa476aa53,Boytang,Fortress Esports,NLC,EMEA,Deuxième niveau,ADC,12,-36.0,304.0,-582.0,,,
oe:player:51d1b92c739875316e83a99bb9838af,Hasu7,West Point Esports,PCS,Asie-Pacifique,Deuxième niveau,Top,67,-36.0,296.0,-173.0,77.5,0.0,0.0
oe:player:ca187ee49dd3e9ed20eaacbbf484fdf,Pout,1TAP Dino,VCS,Asie-Pacifique,Deuxième niveau,Mid,24,-37.0,299.0,544.0,75.0,0.0,0.0
oe:player:8d230b81f13b07e2df210f7351f1f97,alix,Crvena zvezda Esports,EBL,EMEA,Deuxième niveau,Mid,76,-38.0,275.0,994.0,81.0,0.0,0.0
oe:player:35859191db73609302debbc5c43117c,Fuuu,Fluxo W7M,CBLOL,Brésil & Amérique latine,Ligue majeure,Mid,30,-38.0,297.0,-1180.0,64.0,0.0,0.0
oe:player:9d8b079deedcc90dda4617fb4ffac40,TopLop,Leviatan,CBLOL,Brésil & Amérique latine,Ligue majeure,Support,44,-40.0,297.0,-1145.0,67.0,0.0,0.0
oe:player:f216690ac90e0a1c2097a616cb4453e,Sparz,GnG Amazigh,AL,EMEA,Deuxième niveau,Support,57,-40.0,275.0,538.0,80.0,0.0,0.0
oe:player:6f170b7669ad4fb4789e5dd41f84f52,Afriibi,ZETA,ROL,EMEA,Deuxième niveau,ADC,63,-40.0,281.0,1187.0,84.0,0.0,0.0
oe:player:bce8b899b5a93c48a047efc86cff825,MetroArcher,One More Esports,AL,EMEA,Deuxième niveau,ADC,34,-40.0,285.0,263.0,85.0,0.0,0.0
oe:player:190d3ffa9c4734a633e2103dbbdb815,Caucha,FlameHard,LPLOL,EMEA,Deuxième niveau,Top,50,-41.0,288.0,937.0,77.0,0.0,0.0
oe:player:778c6c3733d919a3b64885912be15a9,Aegis,LØS,CD,Brésil & Amérique latine,Deuxième niveau,Jungle,36,-42.0,289.0,419.0,62.0,0.0,0.0
oe:player:c4d64ae9f01ee43ec2367d28eeadbea,Chika,MGN Vikings Academy,VCS,Asie-Pacifique,Deuxième niveau,Mid,23,-43.0,310.0,516.0,78.0,0.0,0.0
oe:player:89f252e6a32f75f050118e916bb6874,Wind1,The ParadOx Invaders,HLL,EMEA,Deuxième niveau,Top,58,-44.0,273.0,612.0,83.0,0.0,0.0
oe:player:df6940da41ba9a3df7055e75f3daac9,Draktharr,Team Flash,VCS,Asie-Pacifique,Deuxième niveau,Jungle,39,-44.0,315.0,384.0,85.0,0.0,0.0
oe:player:c8339988c78a30d995edd584432373c,Whip,ZennIT,ROL,EMEA,Deuxième niveau,Top,75,-44.0,290.0,1273.0,70.5,0.0,0.0
oe:player:30f18a468db8d9e940f0818a682318b,Techoteco,DKB XPERION NXT,PRM,EMEA,Deuxième niveau,Jungle,51,-44.0,283.0,-1328.0,73.0,0.0,0.0
oe:player:752b048c76633399b04f6e87a8b211c,Stefan,Partizan Sangal,EBL,EMEA,Deuxième niveau,Jungle,84,-45.0,281.0,1331.0,85.0,0.0,0.0
oe:player:a728cf8e12a5217d49b3f9903e02c38,Washidai,QT DIG∞,LJL,Asie-Pacifique,Deuxième niveau,Top,64,-47.0,303.0,2111.0,84.0,0.0,0.0
oe:player:4c56aef4b6fee236568a5769a8328aa,Xeonerr,Crvena zvezda Esports,EBL,EMEA,Deuxième niveau,Jungle,82,-47.0,274.0,1319.0,85.0,0.0,0.0
oe:player:4fadb7e6e30c736d1c3f976f89dd0c0,KSAEZ,BBL Dark Passage,TCL,EMEA,Deuxième niveau,Mid,31,-47.0,287.0,-1143.0,70.0,0.0,0.0
oe:player:7db16a4ce881aecec2bfeb3e0c74188,Marvin,Fluxo W7M,CBLOL,Brésil & Amérique latine,Ligue majeure,ADC,30,-48.0,297.0,-1243.0,66.0,0.0,0.0
oe:player:8b335865b2c0a24c0b6386043da4be4,Artanis,Bulldog Esports,NLC,EMEA,Deuxième niveau,Jungle,10,-49.0,304.0,-384.0,,,
oe:player:1afdcf10bd0e8edbd402c11d5388895,Lorenz,A One Man Army Prime,NLC,EMEA,Deuxième niveau,Support,16,-50.0,296.0,-503.0,,,
oe:player:2f4dff060d224582dc34b449697b12c,Lothen,Back2TheGame,RL,EMEA,Deuxième niveau,ADC,65,-51.0,290.0,64.0,76.0,0.0,0.0
oe:player:82e966ac8c3088168c3c6bd74769eae,Dean,GnG Amazigh,AL,EMEA,Deuxième niveau,Jungle,90,-51.0,287.0,368.0,83.0,0.0,0.0
oe:player:dda1e64c8150531b8c60ac8607accb7,Aytekn,Gamespace Mediterranean College Esports,HLL,EMEA,Deuxième niveau,Top,65,-51.0,287.0,575.0,77.0,0.0,0.0
oe:player:309826dc90892a624d2d321b6dc9208,Astrai,Dragons Esports,AL,EMEA,Deuxième niveau,Support,14,-51.0,304.0,481.0,,,
oe:player:413e2abb884854a2fe8bdfa3fac0b7e,SanSan,MGN Vikings Academy,VCS,Asie-Pacifique,Deuxième niveau,Jungle,23,-52.0,310.0,344.0,85.0,0.0,0.0
oe:player:7287b0a4cd5548a002e49dfdfbbc2e9,Sounda,Forsaken,RL,EMEA,Deuxième niveau,Jungle,22,-52.0,301.0,-54.0,78.0,0.0,0.0
oe:player:d9b34ab9d9fab2fac389f16f0817926,Xico,ZETA,LES,EMEA,Deuxième niveau,Mid,31,-52.0,278.0,-1237.0,62.0,0.0,0.0
oe:player:3760ca2476e54dceef5926aa4d8430e,Yusah,1TAP Dino,VCS,Asie-Pacifique,Deuxième niveau,Jungle,24,-52.0,308.0,342.0,85.0,0.0,0.0
oe:player:f89b14820da11d8679cfd07da552ca5,uZent,RED Academy,CD,Brésil & Amérique latine,Deuxième niveau,Support,47,-52.0,318.0,848.0,78.0,0.0,0.0
oe:player:bded911bd14cf5014849c923fce2a08,Jalleba,FN Esports,AL,EMEA,Deuxième niveau,ADC,26,-52.0,299.0,202.0,84.0,0.0,0.0
oe:player:9adc23fff49c05d7b22cfd79ca1841d,denyk,Entropiq,HM,EMEA,Deuxième niveau,Support,86,-53.0,288.0,295.0,73.0,0.0,0.0
oe:player:d9ac06cccf6e4f573474b5195218e60,Oleg,Veni Vidi Vici,LES,EMEA,Deuxième niveau,Jungle,63,-53.0,272.0,-1409.0,88.0,0.0,0.0
oe:player:1bf0a2069f5d7c3cc5b32726049a99f,Sekkou,Crvena zvezda Esports,EBL,EMEA,Deuxième niveau,Support,49,-53.0,296.0,685.0,86.0,0.0,0.0
oe:player:12765429362ae7ef85ed6fdd04d2ad7,Djoko,FlameHard,LPLOL,EMEA,Deuxième niveau,Jungle,51,-54.0,275.0,770.0,83.0,0.0,0.0
oe:player:a1f7f2fe1ac52d8e96df181b0a94b6b,Deceiving,FN Esports,AL,EMEA,Deuxième niveau,Mid,26,-55.0,299.0,489.0,78.0,0.0,0.0
oe:player:7271041e578de87185bdaa37433c810,Anonymouss,The Secret Club,EBL,EMEA,Deuxième niveau,Jungle,49,-56.0,286.0,1272.0,80.5,0.0,0.0
oe:player:622d4de9392e60c0e92b4333486df08,Perry,Conviction,NACL,Amérique du Nord,Deuxième niveau,Jungle,28,-57.0,313.0,991.0,114.0,0.0,0.0
oe:player:e8c8d8ba3cafbcbc8a8d0d0ba7a2853,Yeti,The Forbidden Five,TCL,EMEA,Deuxième niveau,Top,31,-58.0,291.0,-868.0,76.0,0.0,0.0
oe:player:04d8d57065f355309b2887a6e49d58b,Bayonetta,Otter Side,LPLOL,EMEA,Deuxième niveau,Top,22,-59.0,298.0,848.0,89.0,0.0,0.0
oe:player:4b20700639bada36a5a58cc4a8e7135,Eyliph,Skillcamp,NL,EMEA,Troisième niveau,Top,47,-59.0,298.0,-702.0,9.0,0.0,0.04
oe:player:f7d8c1fd03b11c456966e4f1ee056f1,Skyy,SDM Tigres,LRN,Brésil & Amérique latine,Deuxième niveau,Mid,51,-59.0,297.0,1209.0,87.0,0.0,0.0
oe:player:8680bd368479308bf596f843de22077,Elijah,Lundqvist Lightside,NLC,EMEA,Deuxième niveau,Top,14,-60.0,298.0,-736.0,,,
oe:player:06f016d5551322d49fad225b21de646,kehvo,Rich Gang,NLC,EMEA,Deuxième niveau,ADC,58,-60.0,277.0,-699.0,84.5,0.0,0.0
oe:player:ad819cc5dee5d97ba9204eab9d4e997,KatEvolved,Conviction,NACL,Amérique du Nord,Deuxième niveau,Mid,34,-61.0,296.0,1038.0,100.0,0.0,0.0
oe:player:9c07f95f72d5c1e36a448d2844617f8,BuLuKaKa,West Point Esports,PCS,Asie-Pacifique,Deuxième niveau,Mid,57,-61.0,291.0,-295.0,78.0,0.0,0.0
oe:player:15101ae59f2cc7c8836b7e67352b598,Noodle,Team Insidious,HLL,EMEA,Deuxième niveau,Jungle,74,-62.0,271.0,90.0,74.0,0.0,0.0
oe:player:d51674883fd227c219c9a1fc7da7db4,Kisee,Vivo Keyd Stars Academy,CD,Brésil & Amérique latine,Deuxième niveau,Mid,56,-62.0,285.0,844.0,64.0,0.0,0.0
oe:player:b1c7f14a1100cc7c113bfeb8d6b9c5c,Chance2Win,DMG Esports,NLC,EMEA,Deuxième niveau,Top,15,-62.0,301.0,-745.0,,,
oe:player:d0b03a02eb4c9dc42beb7eb1640d28f,KoxTroll,DOCISK,RL,EMEA,Deuxième niveau,Jungle,17,-62.0,300.0,-105.0,,,
oe:player:c63c7e0755b31f1effbdf2e1f831e7d,Kaori,ULF Esports,TCL,EMEA,Deuxième niveau,ADC,38,-63.0,286.0,-1023.0,69.0,0.0,0.0
oe:player:147a53ba717927e418ef4c86d4c9c18,Smiley,Vivo Keyd Stars Academy,CD,Brésil & Amérique latine,Deuxième niveau,ADC,33,-65.0,307.0,828.0,99.0,0.0,0.0
oe:player:179d3fa9456193e6ccdbf7ae4938c4a,Ajwad,Anubis Gaming,AL,EMEA,Deuxième niveau,Jungle,16,-65.0,300.0,298.0,,,
oe:player:8f2f54d7c0b014fa0683c484175eea4,Rwei,Ground Zero Gaming,PCS,Asie-Pacifique,Deuxième niveau,Jungle,17,-65.0,308.0,-208.0,,,
oe:player:423667fba2f135c9f20a1ab95308e08,Baashh,Karmine Corp Blue Stars,NL,EMEA,Troisième niveau,Jungle,42,-66.0,304.0,-603.0,8.0,0.0,0.0
oe:player:1248f66f5deaed68c5260e7e2c7bfeb,Krest,One More Esports,AL,EMEA,Deuxième niveau,Top,42,-67.0,290.0,186.0,76.0,0.0,0.0
oe:player:f375092447be6536c8e55ad0e302236,StineR,LØS,CD,Brésil & Amérique latine,Deuxième niveau,Jungle,33,-68.0,310.0,289.0,100.0,0.0,0.0
oe:player:e545a8a51e56837e3d9786f988a1eee,Tenshi,Barcząca Esports by Yumisu,RL,EMEA,Deuxième niveau,Mid,21,-68.0,299.0,-175.0,82.0,0.0,0.0
oe:player:53b5a70afb9b7111238d31c08ab9a26,Sleyer,Lille Esport,NL,EMEA,Troisième niveau,Top,28,-69.0,309.0,-754.0,9.0,0.0,0.013
oe:player:dcd93cc48ba71890cc0580de524f536,FGG,eSuba,HM,EMEA,Deuxième niveau,Support,58,-69.0,291.0,213.0,81.0,0.0,0.0
oe:player:b5d46805ff0a618dc4c33f3d2f43102,Enjawve,Lille Esport,NL,EMEA,Troisième niveau,Support,40,-69.0,303.0,-692.0,7.0,0.0,0.04
oe:player:1d57628e6616e1310caa700bd96f73f,Krimson,Zerance,NL,EMEA,Troisième niveau,Jungle,47,-70.0,304.0,-619.0,7.0,0.0,0.0
oe:player:8a0883855988aadb0c22117c2c96da7,Infinity,Guasones,LES,EMEA,Deuxième niveau,Jungle,18,-70.0,297.0,-1495.0,,,
oe:player:66dfc0444c571e87d4442178fee3ab4,Guertas,mCon esports,ROL,EMEA,Deuxième niveau,Jungle,73,-72.0,283.0,957.0,76.5,0.0,0.0
oe:player:825a3d98017bab11815ad2817201324,Shift,Entropiq,HM,EMEA,Deuxième niveau,Jungle,86,-72.0,288.0,688.0,78.0,0.0,0.0
oe:player:0bdbb2c325525e986d55ef50ca66d05,APP,Crvena zvezda Esports,EBL,EMEA,Deuxième niveau,Top,74,-73.0,284.0,772.0,81.0,0.0,0.0
oe:player:f2dee75fcec7a191ec3028a935a480a,mikusik,Barcząca Esports by Yumisu,RL,EMEA,Deuxième niveau,Jungle,21,-73.0,299.0,-158.0,86.0,0.0,0.0
oe:player:15cf38bf8a684a1b5895ad3daa0e379,Leza,Isurus,CBLOL,Brésil & Amérique latine,Ligue majeure,Mid,38,-74.0,295.0,-1359.0,69.0,0.0,0.0
oe:player:1a740a591a50ad4ba881e6b4a4d2446,MathisV,Karmine Corp Blue Stars,NL,EMEA,Troisième niveau,Mid,42,-75.0,304.0,-748.0,6.0,0.0,0.157
oe:player:35b5dc29a02b62b577ed0c652af69dd,D0MAS,MY STAR,RL,EMEA,Deuxième niveau,Mid,16,-75.0,300.0,-207.0,,,
oe:player:fe78f3efbfa84d8485d589031596c5b,Pallet,Gamespace Mediterranean College Esports,HLL,EMEA,Deuxième niveau,Jungle,79,-76.0,285.0,20.0,81.0,0.0,0.0
oe:player:95f8d9901ca8878e291552f001f6769,2274,CTBC Flying Oyster Academy,PCS,Asie-Pacifique,Deuxième niveau,Support,65,-77.0,300.0,-221.0,77.0,0.0,0.0
oe:player:517d42f048d2dd422533522c796aaf3,C7,mCon esports,ROL,EMEA,Deuxième niveau,Top,41,-77.0,285.0,1105.0,94.0,0.0,0.0
oe:player:981e635a283cc7158523307deb80847,Nenad,Crvena zvezda Esports,EBL,EMEA,Deuxième niveau,Top,49,-78.0,296.0,746.0,87.0,0.0,0.0
oe:player:02be2c707e3d044459e9b210bc90121,OWLONSKY,FN Esports,AL,EMEA,Deuxième niveau,Jungle,26,-79.0,299.0,228.0,85.0,0.0,0.0
oe:player:f8d698aea36fcbead2b9d5359ffca76,Smarty,Tan'i eSports CZ,HM,EMEA,Deuxième niveau,Support,45,-80.0,283.0,156.0,86.0,0.0,0.0
oe:player:fbadcf84fcfb01a251de88055f631cb,Spica,Near Airport,NACL,Amérique du Nord,Deuxième niveau,Jungle,38,-80.0,314.0,873.0,112.0,0.0,0.0
oe:player:eebb2f9099c6ce75080c3eb3a1c24bd,Domas,MY STAR,RL,EMEA,Deuxième niveau,Support,13,-81.0,301.0,-97.0,,,
oe:player:efd1b76f52f29c9252d5375eea2b594,Namiru,7REX,CD,Brésil & Amérique latine,Deuxième niveau,Mid,10,-81.0,323.0,747.0,,,
oe:player:3a470428d3eaeab9ccea451308f3037,Septico1,GnG Amazigh,AL,EMEA,Deuxième niveau,Top,90,-82.0,287.0,111.0,83.0,0.0,0.0
oe:player:968ee6efafb843a9c4bbc5a74e7a698,Stalken,BoostGate Esports,TCL,EMEA,Deuxième niveau,Jungle,13,-82.0,300.0,-1494.0,,,
oe:player:91339b2ef99dce238735c03bae031d1,Soraaa,Team Flash,VCS,Asie-Pacifique,Deuxième niveau,Support,39,-82.0,315.0,230.0,86.0,0.0,0.0
oe:player:a75d4ca0929b3a53c507950ccc366ed,april,Barcząca Esports by Yumisu,RL,EMEA,Deuxième niveau,Support,21,-83.0,299.0,-106.0,80.0,0.0,0.0
oe:player:6a7d0d4d1d220434081caec2f1a5544,Artoria,A One Man Army Prime,NL,EMEA,Troisième niveau,Mid,21,-83.0,298.0,-791.0,7.0,0.0,0.143
oe:player:a66db93c9f417a2500c24e689ba0ccc,cody,Estral Esports,LCS,Amérique du Nord,Ligue majeure,Mid,58,-85.0,290.0,-2062.0,59.0,0.0,0.0
oe:player:cb5feb1b7314637725a2e73bdc9f729,Color,Macko Esports,LIT,EMEA,Deuxième niveau,Top,19,-86.0,306.0,1354.0,,,
oe:player:5dbac11c1e86bdeea9a21039902ec82,Guardian,T1 Esports Academy Rookies,LAS,Corée,Troisième niveau,Top,112,-87.0,387.0,1473.0,10.0,0.0,0.037
oe:player:c26c01acba9788db20a72aa23d01d23,Slayder,Chiefs Esports Club,LCP,Asie-Pacifique,Ligue majeure,ADC,32,-89.0,278.0,-2062.0,66.0,0.0,0.0
oe:player:1064292c3355d4184f64b5875458fb7,sas,FN Esports,AL,EMEA,Deuxième niveau,Support,26,-90.0,299.0,287.0,86.0,0.0,0.0
oe:player:88b780b9f178fd2e50a458ae282cd7c,Biofrost,Near Airport,NACL,Amérique du Nord,Deuxième niveau,Support,28,-90.0,314.0,763.0,108.0,0.0,0.0
oe:player:818876f560d8dccaba4100c9cd3a9e7,Paixdia,The Forbidden Five,TCL,EMEA,Deuxième niveau,Support,39,-90.0,287.0,-1356.0,83.0,0.0,0.0
oe:player:177a9d9be693775e2c85ec930e07ed4,Anyone,DOCISK,RL,EMEA,Deuxième niveau,ADC,46,-91.0,285.0,-134.0,87.0,0.0,0.0
oe:player:c2d24fe5915512e6f8d49ace0891105,Creepano,Otter Side,LPLOL,EMEA,Deuxième niveau,ADC,21,-91.0,298.0,-45.0,99.0,0.0,0.0
oe:player:415321375725940977273eaa5d7588b,Zuhy,Odivelas Sports Club,LPLOL,EMEA,Deuxième niveau,Mid,33,-91.0,292.0,616.0,99.0,0.0,0.0
oe:player:c70b6e57e597809a8561caa79c5db8f,Keii,DarkZero Dragonsteel,NACL,Amérique du Nord,Deuxième niveau,Top,44,-92.0,305.0,886.0,103.0,0.0,0.0
oe:player:e04d1bb5ea9774dff099866c0c4642c,RenYe,Ground Zero Gaming,PCS,Asie-Pacifique,Deuxième niveau,Jungle,57,-93.0,288.0,-348.0,87.0,0.0,0.0
oe:player:c122119764a5b11a762eceffb2da2eb,Joexy,BBL Dark Passage,TCL,EMEA,Deuxième niveau,Support,31,-93.0,291.0,-1371.0,82.0,0.0,0.0
oe:player:ae50e71f31d35aee5c589498e3c1b17,nicolaiy,GLORE,HM,EMEA,Deuxième niveau,Jungle,17,-94.0,296.0,579.0,,,
oe:player:8ddd8d88391896aa4d9e751dee81770,Listo,Ground Zero Gaming,PCS,Asie-Pacifique,Deuxième niveau,Jungle,30,-94.0,297.0,-352.0,104.0,0.0,0.0
oe:player:206301808df18323b42652b6fa02dc8,whisper,West Point Esports,PCS,Asie-Pacifique,Deuxième niveau,Jungle,43,-94.0,290.0,-353.0,83.0,0.0,0.0
oe:player:ac596885db89d41642abc59bfc6f6d4,Liivek,DOCISK,RL,EMEA,Deuxième niveau,Mid,32,-96.0,293.0,-314.0,87.0,0.0,0.0
oe:player:a5a0a92da1f12d481f7e1699e638000,Mago,RED Academy,CD,Brésil & Amérique latine,Deuxième niveau,Mid,30,-97.0,295.0,669.0,116.0,0.0,0.0
oe:player:dabef448fac48c6137ca1cfae1ffa15,Warner,Kaeru Gyuangu,NL,EMEA,Troisième niveau,Mid,56,-97.0,281.0,-862.0,8.0,0.0,0.0
oe:player:e3decbc40c573363c151a8300127922,Seneca,Colossal Gaming,LIT,EMEA,Deuxième niveau,Support,47,-98.0,290.0,1052.0,98.0,0.0,0.0
oe:player:36a55a7a73f82b7ca788e2db7760dbb,Yuhi,Japan (National Team),LJL,Asie-Pacifique,Deuxième niveau,ADC,67,-99.0,301.0,1918.0,92.0,0.0,0.0
oe:player:4f6d6b2c4c29033ff5437cee2a7587e,Macaquinho,Barça eSports,LES,EMEA,Deuxième niveau,Mid,36,-100.0,289.0,-1480.0,79.0,0.0,0.0
oe:player:9c2752c1d6bb4dc3a7c3365c68271e3,Hwichan,KT Rolster,LAS,Corée,Troisième niveau,Mid,69,-100.0,390.0,2022.0,8.0,0.0,0.013
oe:player:1d08b7a3a79956e521241ad27f2f60d,Varry,Eintracht Frankfurt,PRM,EMEA,Deuxième niveau,ADC,39,-100.0,291.0,-1545.0,77.0,0.0,0.0
oe:player:d9130e62c84d597edb5ac4748fa3a71,Callian,MGN Vikings Academy,VCS,Asie-Pacifique,Deuxième niveau,Support,45,-101.0,294.0,136.0,81.0,0.0,0.0
oe:player:a0c87894f0e56ae5f63b8d22f450532,FENZ1,The Secret Club,EBL,EMEA,Deuxième niveau,Mid,47,-101.0,295.0,680.0,95.0,0.0,0.0
oe:player:c782675212f4c079c9ebf4ec9bd2b82,Baki,Venomcrest Esports,NLC,EMEA,Deuxième niveau,ADC,12,-102.0,297.0,-911.0,,,
oe:player:9970a9b7dfef2df3002d7217596010e,many,Back2TheGame,RL,EMEA,Deuxième niveau,Mid,67,-103.0,278.0,-348.0,86.0,0.0,0.0
oe:player:e29fe54cd8b728613d222c45beb5d66,Mauki,Kaeru Gyuangu,NL,EMEA,Troisième niveau,ADC,33,-103.0,289.0,-1097.0,8.0,0.0,0.01
oe:player:3b7bd1331d5adaaedf5a228b02fa077,Vin,SN CyberCore Esports,VCS,Asie-Pacifique,Deuxième niveau,Mid,34,-103.0,306.0,214.0,89.0,0.0,0.0
oe:player:8bbea3eed9dfaa55f877e34297b08ab,Akashi,Anubis Gaming,AL,EMEA,Deuxième niveau,Mid,40,-103.0,291.0,253.0,86.0,0.0,0.0
oe:player:1a054b9e92d2152d185c99911b65bee,Koldo,Barça eSports,LES,EMEA,Deuxième niveau,Jungle,35,-103.0,281.0,-1659.0,73.0,0.0,0.0
oe:player:a11a2f5bbd0604fc798b5b63c9b38ba,Pipibaat,Senshi eSports,ROL,EMEA,Deuxième niveau,Jungle,69,-104.0,276.0,793.0,97.0,0.0,0.0
oe:player:e53268a4e85477f3651cd836f6ea4f2,PmK,DOCISK,RL,EMEA,Deuxième niveau,Top,32,-104.0,293.0,-752.0,86.0,0.0,0.0
oe:player:6d3ae00b3064c51b2f1d2a2922fdd68,Kituruken,Zerolag Esports,HLL,EMEA,Deuxième niveau,Jungle,28,-104.0,293.0,-118.0,110.0,0.0,0.0
oe:player:af31ae99fe8c1f86d1098e9dac671e8,Pobelter,Near Airport,NACL,Amérique du Nord,Deuxième niveau,Mid,38,-105.0,314.0,817.0,110.0,0.0,0.0
oe:player:2df9400a4e973e6f4be13a0a475cbaf,Evangelyne,ZennIT,ROL,EMEA,Deuxième niveau,ADC,21,-105.0,299.0,861.0,116.0,0.0,0.0
oe:player:8ee33a7b49463c941b579a317f06ba3,Sotsy,GameWard,LFL,EMEA,Deuxième niveau,Top,45,-106.0,274.0,-1987.0,67.0,0.0,0.0
oe:player:d258f8c326e3532981a60d2393f129a,Jauny,SDM Tigres,LRN,Brésil & Amérique latine,Deuxième niveau,Top,32,-106.0,305.0,749.0,117.0,0.0,0.0
oe:player:72f8810468816d80ddeaf9a547ae7f5,Xicor,GnG Amazigh,AL,EMEA,Deuxième niveau,ADC,53,-106.0,275.0,-65.0,77.0,0.0,0.0
oe:player:054278a12ab2dc32b90504436297f38,UniqueCORN,FlameHard,LPLOL,EMEA,Deuxième niveau,Mid,51,-107.0,280.0,536.0,88.0,0.0,0.0
oe:player:11bd50ce9e013690ead12e9c307d048,Yuta,DOCISK,RL,EMEA,Deuxième niveau,Jungle,15,-112.0,301.0,-354.0,,,
oe:player:2fc61bb93411ac7f0fb6c05ed978d7b,iwanan,Zerance,NL,EMEA,Troisième niveau,Mid,52,-112.0,286.0,-934.0,10.0,0.0,0.0
oe:player:07b4119a38f1ee37083a2f941345906,Marbirius,Team UNiTY,HM,EMEA,Deuxième niveau,Mid,64,-113.0,281.0,205.0,97.0,0.0,0.0
oe:player:c08f75d1d70bf068013b32f60fe96a5,Vigil,Colossal Gaming,LIT,EMEA,Deuxième niveau,Mid,56,-113.0,282.0,1282.0,100.0,0.0,0.0
oe:player:d18a2aec1fa9649ae9a48bded2f4ccf,selenex,Barça eSports,LES,EMEA,Deuxième niveau,Top,36,-113.0,289.0,-1435.0,78.0,0.0,0.0
oe:player:a672b5bc1c212a6922418fad18734c1,Envy,Flamengo MDL,CBLOL,Brésil & Amérique latine,Ligue majeure,Mid,81,-113.0,297.0,-1558.0,67.0,0.0,0.0
oe:player:39c3a0258d73ffd0112726c410893f6,Celo,Corinthians Esports,CD,Brésil & Amérique latine,Deuxième niveau,ADC,53,-113.0,313.0,591.0,103.0,0.0,0.0
oe:player:0b980d0c6f947f01b59e62ec06b5d75,Toasty,DarkZero Dragonsteel,NACL,Amérique du Nord,Deuxième niveau,Mid,27,-113.0,311.0,778.0,116.0,0.0,0.0
oe:player:d8c98ae99867b26d4d91d1b852c131f,Koussay,GnG Amazigh,AL,EMEA,Deuxième niveau,Mid,90,-113.0,287.0,200.0,82.0,0.0,0.0
oe:player:6dc7ae729c87dd9b26169b0fbaf04e7,Jenxas,MY STAR,RL,EMEA,Deuxième niveau,Jungle,16,-114.0,300.0,-361.0,,,
oe:player:8b153c3b9eccb87dbb8f2a248a60ec5,Druxy,GOAL,HLL,EMEA,Deuxième niveau,ADC,37,-115.0,293.0,233.0,108.0,0.0,0.0
oe:player:83e8cd90b8f749d97144c0bb4fed90c,Arnax,MY STAR,RL,EMEA,Deuxième niveau,Top,16,-115.0,300.0,-806.0,,,
oe:player:ab9366914e9c694eeb87a3565721379,Akanania,Team UNiTY,HM,EMEA,Deuxième niveau,ADC,16,-116.0,302.0,798.0,,,
oe:player:b9f24e83531326204197015b2f43a93,Damage,Flamengo MDL,CBLOL,Brésil & Amérique latine,Ligue majeure,Support,66,-116.0,292.0,-1529.0,66.0,0.0,0.0
oe:player:ae380722f9cab8ed1969201b1fcda6d,Mietek,Colossal Gaming,LIT,EMEA,Deuxième niveau,Top,57,-117.0,281.0,1198.0,76.0,0.0,0.0
oe:player:c02e230d02c0a012babdd6ec7c5e9d2,Wuis,Zena Esports,LIT,EMEA,Deuxième niveau,Support,67,-118.0,277.0,951.0,79.0,0.0,0.0
oe:player:f32776bb3b0bfb1cd3261868df4dfce,Calmsky,DMG Esports,NLC,EMEA,Deuxième niveau,Support,40,-118.0,289.0,-844.0,81.0,0.0,0.0
oe:player:803305691092adbf1de29f27a98d2a6,V1per,Conviction,NACL,Amérique du Nord,Deuxième niveau,ADC,28,-119.0,313.0,857.0,117.0,0.0,0.0
oe:player:a2de87eae98d0ab3b85567026561a51,Dardoch,Supernova,NACL,Amérique du Nord,Deuxième niveau,Jungle,52,-119.0,310.0,680.0,116.0,0.0,0.0
oe:player:350a35e9fc0a91e24fb15642483e40c,Frozen,Fox Gaming,AL,EMEA,Deuxième niveau,Support,55,-119.0,283.0,140.0,87.0,0.0,0.0
oe:player:28e2371121f5f788287013559cd9c6f,Cimpo,BoostGate Esports,TCL,EMEA,Deuxième niveau,ADC,24,-120.0,290.0,-1308.0,89.0,0.0,0.0
oe:player:f6f8d33e55497cb40269be33f894ab6,LeoLeCargo,Lundqvist Lightside,NLC,EMEA,Deuxième niveau,Support,12,-120.0,303.0,-857.0,,,
oe:player:0c62fd79ff1b32f4a102ed4c9e00f6d,Frexey,MY STAR,RL,EMEA,Deuxième niveau,ADC,16,-121.0,300.0,-284.0,,,
oe:player:4a8a150d1497b3daa66c2bdaffe2c43,Fatihcan,CCG Esports,NACL,Amérique du Nord,Deuxième niveau,Support,20,-122.0,315.0,601.0,108.0,0.0,0.0
oe:player:282a82702dfe9e5d21a45e7753cb925,Jamie,The ParadOx Invaders,HLL,EMEA,Deuxième niveau,ADC,43,-122.0,292.0,202.0,100.0,0.0,0.0
oe:player:a4d15f165c20858e7781645fec016d1,Dinai,PSG Talon Academy,PCS,Asie-Pacifique,Deuxième niveau,Jungle,21,-124.0,303.0,-502.0,93.0,0.0,0.0
oe:player:94e5c960a512595b39fea5f350d7d0d,OddEye,T1 Esports Academy Rookies,LAS,Corée,Troisième niveau,ADC,122,-125.0,394.0,1808.0,8.0,0.0,0.0
oe:player:4501e463571a70aff66e56c6985705e,Six0x,The Forbidden Five,TCL,EMEA,Deuxième niveau,ADC,12,-125.0,297.0,-1332.0,,,
oe:player:75807d72812187f72c5892bf7ab25a9,Bisgaard,Lundqvist Lightside,NLC,EMEA,Deuxième niveau,Mid,39,-127.0,285.0,-1011.0,91.0,0.0,0.0
oe:player:4d8833619c7d2128cd31d6098e7e4f3,Ichiwin,SDM Tigres,LRN,Brésil & Amérique latine,Deuxième niveau,Support,46,-127.0,301.0,0.0,106.0,0.0,0.0
oe:player:4830e7becfcf3539978e3a69cc1c27c,Seany,Vietnam (National Team),VCS,Asie-Pacifique,Deuxième niveau,Mid,43,-130.0,296.0,84.0,79.5,0.0,0.0
oe:player:c732cc226501cc21178b9f413cdf3eb,Trigo,Flamengo MDL,CBLOL,Brésil & Amérique latine,Ligue majeure,ADC,84,-130.0,295.0,-1652.0,69.0,0.0,0.0
oe:player:d022067261f24637359f19fc94a111b,Dizin,Flamengo MDL,CBLOL,Brésil & Amérique latine,Ligue majeure,Jungle,80,-130.0,298.0,-1601.0,64.0,0.0,0.0
oe:player:28a1925f6c4df972a5ae722c07bb4c4,Harky,MGN Vikings Academy,VCS,Asie-Pacifique,Deuxième niveau,ADC,40,-130.0,301.0,81.0,94.0,0.0,0.0
oe:player:77853c4a71c55061b69cd9335ec2e8c,Libra,Team Insidious,HLL,EMEA,Deuxième niveau,Top,60,-130.0,274.0,181.0,94.0,0.0,0.0
oe:player:4b5def886a056605b16953622be994a,playcool,Team Flash,VCS,Asie-Pacifique,Deuxième niveau,Mid,39,-132.0,315.0,74.0,90.0,0.0,0.0
oe:player:b72a19a47c3aa6017104cde8789b36e,Highway,Back2TheGame,RL,EMEA,Deuxième niveau,Support,50,-132.0,281.0,-352.0,86.0,0.0,0.0
oe:player:d0c52a9400db78779e0baae662a3fc2,Adiss,BRUTE,HM,EMEA,Deuxième niveau,Top,19,-133.0,303.0,-271.0,,,
oe:player:67007ffa5eb4f53d82366f6685a8303,Kisno,DarkZero Dragonsteel,NACL,Amérique du Nord,Deuxième niveau,Jungle,54,-133.0,305.0,609.0,110.0,0.0,0.0
oe:player:751cd8edb7efae20c6a1038b6f93578,Pinki,SPIKE Syndicate,EBL,EMEA,Deuxième niveau,ADC,37,-133.0,293.0,504.0,118.0,0.0,0.0
oe:player:1a94787cd0f929f3faa9e2101c61534,Tahahy,Saigon Secret,VCS,Asie-Pacifique,Deuxième niveau,Support,37,-134.0,309.0,-29.0,99.0,0.0,0.0
oe:player:d7679867be52227c4f426057ec923cd,Sunfry,Karmine Corp Blue Stars,NLC,EMEA,Deuxième niveau,Support,28,-134.0,288.0,-926.0,95.0,0.0,0.0
oe:player:5593286e060bac4a9a0e04fcc52978b,Dandom,DMG Esports,NLC,EMEA,Deuxième niveau,Jungle,25,-134.0,287.0,-810.0,90.0,0.0,0.0
oe:player:2777866851a7a8776edbd6b78239455,Drofan,GOAL,HLL,EMEA,Deuxième niveau,Jungle,37,-135.0,292.0,-274.0,108.0,0.0,0.0
oe:player:70d516fd78bcce28e19f4b422bb9f02,scuro,Alpha7 Esports,CBLOL,Brésil & Amérique latine,Ligue majeure,ADC,68,-135.0,294.0,-1678.0,68.0,0.0,0.0
oe:player:1e6aa6caa55ba645b3e8d090501ceed,Tayron,The Forbidden Five,TCL,EMEA,Deuxième niveau,Top,27,-135.0,287.0,-1256.0,89.0,0.0,0.0
oe:player:6c7466a45762357bff1b48cbc6a49ab,Hetel,QT DIG∞,LJL,Asie-Pacifique,Deuxième niveau,Support,64,-136.0,303.0,1600.0,92.0,0.0,0.0
oe:player:e01477fd207fef2d6474585a75fbcbd,Goldenpenny,Lundqvist Lightside,NLC,EMEA,Deuxième niveau,ADC,23,-137.0,293.0,-1088.0,93.0,0.0,0.0
oe:player:4d08cbf857994dc42e1b09205158e15,Painter,T1 Esports Academy Rookies,LAS,Corée,Troisième niveau,Jungle,122,-137.0,394.0,1522.0,9.0,0.0,0.007
oe:player:ab943d97892a252a6d27378f8ed94ee,Rafitta,WLGaming Esports,HLL,EMEA,Deuxième niveau,ADC,18,-137.0,301.0,123.0,,,
oe:player:84bd988294f5dd9ae9a499abf6524a0,Raxxo,Anonymo Esports,RL,EMEA,Deuxième niveau,Support,47,-137.0,285.0,-377.0,90.0,0.0,0.0
oe:player:4a867124044ab3fd40ddfb8676e65e7,VirusFx,SDM Tigres,LRN,Brésil & Amérique latine,Deuxième niveau,ADC,46,-138.0,299.0,1347.0,109.5,0.0,0.0
oe:player:6e8aa53c3e352ce9c88200b6d3db9a4,VAEII,NextGeneration Esports,AL,EMEA,Deuxième niveau,Mid,10,-138.0,306.0,77.0,,,
oe:player:d13a22299df0cee586407b889fc69c2,Faetski,DMG Esports,NLC,EMEA,Deuxième niveau,ADC,40,-140.0,289.0,-1101.0,88.0,0.0,0.0
oe:player:54e9f4e2180ec7ba9be64e655fb153c,Turtle,KAOS e-sport,NLC,EMEA,Deuxième niveau,Top,12,-141.0,303.0,-1139.0,,,
oe:player:c7c0cc0b057c316e22af5c5da55c0c8,Guigs,KaBuM! Ilha das Lendas,CD,Brésil & Amérique latine,Deuxième niveau,Support,44,-142.0,295.0,397.0,105.0,0.0,0.0
oe:player:fa41f0e745119bde94b1cdcc8d10434,Mataz,SDM Tigres,LRN,Brésil & Amérique latine,Deuxième niveau,Jungle,32,-142.0,305.0,1046.0,137.0,0.0,0.0
oe:player:819de774a36895823c92ce5b4c8574a,Yuki,The Secret Club,EBL,EMEA,Deuxième niveau,ADC,47,-142.0,295.0,458.0,108.0,0.0,0.0
oe:player:df72759c8339d15228c11df5bdc62bb,FIERCE,Gamespace Mediterranean College Esports,HLL,EMEA,Deuxième niveau,Mid,22,-142.0,298.0,95.0,106.0,0.0,0.0
oe:player:7bcd2e0ffb1e417c2aa64d08675ed2b,Music,CCG Esports,NACL,Amérique du Nord,Deuxième niveau,Jungle,36,-142.0,306.0,565.0,132.0,0.0,0.0
oe:player:ecb10a3e37769b528956cc93d3c7756,DahVys,Veni Vidi Vici,AL,EMEA,Deuxième niveau,Jungle,54,-143.0,281.0,-95.0,95.5,0.0,0.0
oe:player:5baf54f4030e168391201d9fa0efa71,FireAscept,BoostGate Esports,TCL,EMEA,Deuxième niveau,Mid,14,-143.0,300.0,-1624.0,,,
oe:player:371dfc158ccca5d527f0b5b11743e20,Lindgarde,Gamespace Mediterranean College Esports,HLL,EMEA,Deuxième niveau,ADC,22,-143.0,298.0,95.0,114.0,0.0,0.0
oe:player:e0daa0771860e3d83d606124d50977e,Aymen,Team UNiTY,HM,EMEA,Deuxième niveau,Support,16,-144.0,302.0,-163.0,,,
oe:player:e44602d2b633e9b0392fc264d1ae1a9,Iheb,Dragons Esports,AL,EMEA,Deuxième niveau,Support,34,-144.0,299.0,18.0,98.0,0.0,0.0
oe:player:e8aba5fbfc41b0621226b08a87e3ded,Philip,Citadel Gaming,NACL,Amérique du Nord,Deuxième niveau,Top,20,-146.0,319.0,615.0,117.0,0.0,0.0
oe:player:7585ae00ba76b8424cd8cc4cb7c1d47,Dan,Anubis Gaming,AL,EMEA,Deuxième niveau,Jungle,26,-147.0,298.0,-113.0,102.0,0.0,0.0
oe:player:3bc13ea6109bc562b748f91a7fd56ad,Makk,Lundqvist Lightside,RL,EMEA,Deuxième niveau,Top,21,-147.0,290.0,-963.0,89.0,0.0,0.0
oe:player:325d05dad5fd291cbb49cd50c038ce3,Ayel,Dopamina E-Sport,CD,Brésil & Amérique latine,Deuxième niveau,Top,19,-147.0,316.0,465.0,,,
oe:player:65173e58cd68bffc1e113f89ec3e129,Cheng9,Ground Zero Gaming,PCS,Asie-Pacifique,Deuxième niveau,ADC,50,-148.0,287.0,-509.0,101.0,0.0,0.0
oe:player:fe9ef7441c7dd52bebd1ce72a43612b,Furby,Lund Esports Organization,NLC,EMEA,Deuxième niveau,Support,65,-149.0,272.0,-999.0,91.0,0.0,0.0
oe:player:8ceaf547caa0fdb71e782a23465ff39,Makes,Flamengo MDL,CBLOL,Brésil & Amérique latine,Ligue majeure,Top,70,-149.0,293.0,-1798.0,69.0,0.0,0.0
oe:player:f2eceb80dcd621eabdb3c1f4ae9e393,Shanks,Fox Gaming,AL,EMEA,Deuxième niveau,Jungle,55,-150.0,289.0,-130.0,102.0,0.0,0.0
oe:player:5ee6f2e1b3c6000a67c9dc360a63c63,twohoyrz,WLGaming Esports,HLL,EMEA,Deuxième niveau,Mid,29,-151.0,289.0,51.0,82.0,0.0,0.0
oe:player:fc933812510df6cb519bd1bb5677631,Maged,Anubis Gaming,AL,EMEA,Deuxième niveau,Top,94,-151.0,278.0,-232.0,86.5,0.0,0.0
oe:player:2667388b63ad5307d989fb9db975bfd,Kiki,Kaeru Gyuangu,NL,EMEA,Troisième niveau,Jungle,24,-152.0,301.0,-1031.0,9.0,0.0,0.0
oe:player:86cbdbbe6eb09c01fd3f0a377d61c8f,Taxvig,KAOS e-sport,NLC,EMEA,Deuxième niveau,Jungle,11,-153.0,305.0,-905.0,,,
oe:player:053ff46e09c658d5d80c8c65b9db7bc,Slyv3r,mCon esports,ROL,EMEA,Deuxième niveau,ADC,28,-154.0,300.0,616.0,111.0,0.0,0.0
oe:player:25546fe55464aef59d6f46b52f22bcb,Ophelia,ULF Esports,TCL,EMEA,Deuxième niveau,Mid,14,-154.0,303.0,-1682.0,,,
oe:player:343b2b8ed97512673e3e1ef2705b0de,Cavalo,Corinthians Esports,CD,Brésil & Amérique latine,Deuxième niveau,Support,52,-154.0,314.0,334.0,105.0,0.0,0.0
oe:player:3360bddfd5a9895c2444f9b5a290bf3,IHEBIC,GTZ Esports,AL,EMEA,Deuxième niveau,Support,13,-155.0,296.0,-39.0,,,
oe:player:c92846465f8656d027f9148726b2b5c,Gavotto,Fuego,LRN,Brésil & Amérique latine,Deuxième niveau,ADC,47,-156.0,318.0,1255.0,125.0,0.0,0.0
oe:player:647116a60606bd44fb11a860da72776,Breezy,Supernova,NACL,Amérique du Nord,Deuxième niveau,Support,52,-156.0,310.0,430.0,113.0,0.0,0.0
oe:player:20efc2ad55010cc08bff95571ac8146,Guvez,B2U,LPLOL,EMEA,Deuxième niveau,Top,20,-157.0,296.0,357.0,111.0,0.0,0.0
oe:player:b04655f0821a30125d72a3442647875,Tay,Cusprills,CD,Brésil & Amérique latine,Deuxième niveau,Top,15,-158.0,326.0,410.0,,,
oe:player:1ecc2cf8dc5f05719ca235f6d0be5e2,svns,Anonymo Esports,RL,EMEA,Deuxième niveau,ADC,32,-158.0,294.0,-471.0,102.0,0.0,0.0
oe:player:07246543c68cf361f00921dbea24efe,Marcv1,Ramboot Club,LES,EMEA,Deuxième niveau,ADC,47,-158.0,298.0,-1589.0,111.0,0.0,0.0
oe:player:c032df73970ffb2f2b585d912f6b20d,Neramin,BBL Dark Passage,TCL,EMEA,Deuxième niveau,ADC,50,-158.0,280.0,-1497.0,86.0,0.0,0.0
oe:player:0cae306fd021751c70ab9f75123b561,Ganks,LYON Academy,LRN,Brésil & Amérique latine,Deuxième niveau,Jungle,28,-158.0,296.0,970.0,84.0,0.0,0.0
oe:player:63dc9ebe6cd781c9c9cecb54a6d7317,Kiari,Alpha7 Esports,CBLOL,Brésil & Amérique latine,Ligue majeure,Top,70,-159.0,296.0,-1847.0,68.0,0.0,0.0
oe:player:758544da193f152aa5ca5dcc833a83a,Fade,Beşiktaş Esports,HM,EMEA,Deuxième niveau,Mid,60,-159.0,288.0,-25.0,87.0,0.0,0.0
oe:player:c60e9a572fae056e944ba1479d89d81,Nero,RED Academy,CD,Brésil & Amérique latine,Deuxième niveau,Jungle,42,-160.0,298.0,-167.0,113.5,0.0,0.0
oe:player:f7dcc06d6796cd9718c1716a6013ce4,Levizin,7REX,CD,Brésil & Amérique latine,Deuxième niveau,Jungle,24,-161.0,312.0,-176.0,120.0,0.0,0.0
oe:player:6bc01a5be22b28e27cf296c2f59eecd,Marrow Ooze,BeFive,EBL,EMEA,Deuxième niveau,Mid,13,-162.0,302.0,373.0,,,
oe:player:54f12a66b933ff3aea1ccfd921da93e,Wrongo,Zerolag Esports,HLL,EMEA,Deuxième niveau,Support,16,-162.0,301.0,94.0,,,
oe:player:691e0ad4afc3da3e472014cd65abcad,Buchi,DMG Esports,NLC,EMEA,Deuxième niveau,Top,25,-162.0,295.0,-1244.0,92.0,0.0,0.0
oe:player:b2c05a26758d82a8643a27eec405dcb,Mikkel,mCon esports,ROL,EMEA,Deuxième niveau,Mid,28,-162.0,300.0,600.0,106.0,0.0,0.0
oe:player:3b0f577c21959b7efc0086ab81b76d7,Yen,Entropiq,HM,EMEA,Deuxième niveau,ADC,45,-165.0,283.0,553.0,105.0,0.0,0.0
oe:player:9eb6e17e8365939d741e4c671f2427f,LDK,Mila Gaming,VCS,Asie-Pacifique,Deuxième niveau,Support,16,-165.0,317.0,-185.0,,,
oe:player:9e62bdec0ac374c10c46b52884d4f37,MaiYuk,Senshi eSports,ROL,EMEA,Deuxième niveau,Top,66,-165.0,284.0,664.0,94.0,0.0,0.0
oe:player:e181a641eac63b45915802512997360,Ablazeolive,Supernova,NACL,Amérique du Nord,Deuxième niveau,Mid,24,-166.0,321.0,516.0,119.0,0.0,0.0
oe:player:c4e4ca0da32c4177a79e06dabce7aa6,Skream,Dragons Esports,AL,EMEA,Deuxième niveau,ADC,34,-168.0,299.0,-375.0,100.0,0.0,0.0
oe:player:e89d89c1f0c59607353f819ad4cc12c,Kania,BAAM Esports,AL,EMEA,Deuxième niveau,Jungle,39,-168.0,290.0,-221.0,114.0,0.0,0.0
oe:player:9fe371276988506395efee589dd7bca,escoX,ZETA,LES,EMEA,Deuxième niveau,Support,27,-169.0,289.0,-1918.0,87.0,0.0,0.0
oe:player:66d040632ba3e1ae771ddced2f6e050,Esko,Tan'i eSports CZ,HM,EMEA,Deuxième niveau,ADC,51,-170.0,290.0,526.0,102.0,0.0,0.0
oe:player:add08608ba906530f9a94670d12e77c,Mentos,Team Insidious,HLL,EMEA,Deuxième niveau,Mid,44,-171.0,289.0,-50.0,99.0,0.0,0.0
oe:player:ea0d95b36a67755627d018140491a6b,Stookbeer,mCon esports,ROL,EMEA,Deuxième niveau,Support,39,-171.0,289.0,276.0,112.0,0.0,0.0
oe:player:97a187a4f398da36bdb05cf62b82109,Bambi,GMBLERS Esports,LIT,EMEA,Deuxième niveau,Top,21,-171.0,298.0,929.0,115.0,0.0,0.0
oe:player:76a278bd72ec24ed1558d0fbd61399e,Sojo,EXILE esports,HM,EMEA,Deuxième niveau,Jungle,58,-172.0,277.0,188.0,107.0,0.0,0.0
name:NG ShizuOo,NG ShizuOo,NextGeneration Esports,AL,EMEA,Deuxième niveau,Jungle,10,-172.0,306.0,-240.0,,,
oe:player:9d04b6572e137eb28b2c444c1c7d3fa,Fede,Fox Gaming,AL,EMEA,Deuxième niveau,ADC,55,-173.0,289.0,-399.0,104.5,0.0,0.0
oe:player:4e8d825698068a189023c34c67fe2cb,Horder,Supernova,NACL,Amérique du Nord,Deuxième niveau,Top,58,-173.0,308.0,484.0,101.0,0.0,0.0
oe:player:bca21155e285e491e905f3f9229330d,Dionelux,Project Conquerors,NL,EMEA,Troisième niveau,Top,64,-173.0,275.0,-1271.0,11.0,0.0,0.0
oe:player:9d660d86d96c38bb2cb11a859909c18,Mewkyo,Corinthians Esports,CD,Brésil & Amérique latine,Deuxième niveau,Jungle,52,-174.0,314.0,-239.0,118.0,0.0,0.0
oe:player:750126a9b77f68942d7f412ad74b67d,sanghyeon,LØS,CD,Brésil & Amérique latine,Deuxième niveau,Support,45,-174.0,314.0,235.0,113.0,0.0,0.0
oe:player:7671e31fd945378972f6247eb70038f,fantomisto,DMG Esports,NLC,EMEA,Deuxième niveau,Mid,39,-174.0,285.0,-1245.0,127.0,0.0,0.0
name:DM ping,DM ping,Dream in 24,LJL,Asie-Pacifique,Deuxième niveau,Top,10,-174.0,314.0,1475.0,,,
oe:player:daf4a593cdc59dff009e8970569a687,Ihy0,Zerance,NL,EMEA,Troisième niveau,Top,14,-175.0,318.0,-1280.0,,,
oe:player:174d22de3c932c21ef6500eff012e12,MG,LØS,CD,Brésil & Amérique latine,Deuxième niveau,Mid,45,-175.0,314.0,281.0,110.5,0.0,0.0
oe:player:b94e8760d00efd6eea4ec2597e1f46f,EL,QT DIG∞,LJL,Asie-Pacifique,Deuxième niveau,Jungle,25,-175.0,307.0,1389.0,111.0,0.0,0.0
oe:player:ffad8c412f83018566a377cc0496a3b,Soweto,RATZ,CD,Brésil & Amérique latine,Deuxième niveau,Jungle,14,-175.0,319.0,-243.0,,,
oe:player:76d9194a43bb1cdb0fff4b226738301,justcan,Axolotl,LIT,EMEA,Deuxième niveau,Support,37,-176.0,291.0,660.0,118.0,0.0,0.0
oe:player:28d24f9c86d24b84313485a5a07d238,Tochas,Leões Porto Salvo Esports,LPLOL,EMEA,Deuxième niveau,Support,38,-176.0,283.0,268.0,124.0,0.0,0.0
oe:player:a272c3f80649036f8e168cb2f3df17c,Yakkey,Crvena zvezda Esports,EBL,EMEA,Deuxième niveau,ADC,64,-177.0,281.0,282.0,110.5,0.0,0.0
oe:player:4a0d0414aac330b32a1a4dd6bac8743,Tyrin,7REX,CD,Brésil & Amérique latine,Deuxième niveau,Top,48,-177.0,310.0,313.0,103.0,0.0,0.0
oe:player:5b261df9776ed20f38369b0a38056c9,TIMR,CITA Kaizen,HC,EMEA,Troisième niveau,Support,72,-178.0,285.0,1380.0,9.0,0.0,0.0
oe:player:48e06b61418cf7d3391acd04e2462a6,Kikis,GMBLERS Esports,LIT,EMEA,Deuxième niveau,Jungle,61,-178.0,280.0,425.0,123.0,0.0,0.0
oe:player:861565831545afb68057b15adeaa304,Urban,A One Man Army,ROL,EMEA,Deuxième niveau,Support,20,-180.0,300.0,232.0,110.0,0.0,0.0
oe:player:5bd132d2d10fb5f7d88a2e85edc2110,bulas,e-Champ Gaming,CD,Brésil & Amérique latine,Deuxième niveau,Support,51,-180.0,300.0,206.0,110.0,0.0,0.0
oe:player:abe2ad07033b755d74cc880715362ab,Nikiyas,Gamespace Mediterranean College Esports,HLL,EMEA,Deuxième niveau,ADC,49,-180.0,274.0,-90.0,126.5,0.0,0.0
oe:player:b8c5bfbff49a0f1459f1c15d824fde7,Sebekx,GOAL,HLL,EMEA,Deuxième niveau,Mid,28,-181.0,290.0,-102.0,97.0,0.0,0.0
oe:player:dcfc3c9bd1d00753fe2619381a59fe4,Dooly,Ground Zero Gaming,PCS,Asie-Pacifique,Deuxième niveau,Mid,20,-181.0,305.0,-894.0,105.0,0.0,0.0
oe:player:85c460fea615911b6075e0968b63db1,Netuno,LØS,CD,Brésil & Amérique latine,Deuxième niveau,ADC,45,-182.0,314.0,243.0,118.0,0.0,0.0
oe:player:7fdbe800b59ca4387263cc6be1fec0e,handm,BAAM Esports,AL,EMEA,Deuxième niveau,Top,77,-184.0,280.0,-401.0,103.0,0.0,0.0
oe:player:9e239ff6abacdf305118af883b83db8,hybradge,Lundqvist Lightside,NLC,EMEA,Deuxième niveau,Jungle,21,-184.0,297.0,-1057.0,102.0,0.0,0.0
oe:player:85ab9a415e1cf1f63000f7f6f1c183a,KryRa,Blue Otter,NACL,Amérique du Nord,Deuxième niveau,Jungle,34,-185.0,302.0,352.0,138.0,0.0,0.0
oe:player:885383f16fccd10370814fcd862aa10,Antonio,Barcząca Esports by Yumisu,RL,EMEA,Deuxième niveau,ADC,47,-185.0,281.0,-603.0,105.0,0.0,0.0
oe:player:5918b6326dff40fe631c3cdaddc3695,Nuna,GenZ Gaming,VCS,Asie-Pacifique,Deuxième niveau,ADC,26,-185.0,312.0,-193.0,111.0,0.0,0.0
oe:player:f25df399390d86b9a1e83216dae597b,Doublelift,Near Airport,NACL,Amérique du Nord,Deuxième niveau,ADC,33,-185.0,314.0,526.0,136.0,0.0,0.0
oe:player:536552ceb97d005af192cf156412a7e,Rigel,Saigon Secret,VCS,Asie-Pacifique,Deuxième niveau,Top,36,-186.0,304.0,-394.0,97.0,0.0,0.0
oe:player:fd108dd07ee510bb9462127d183e1c5,Devost,Fuego,LRN,Brésil & Amérique latine,Deuxième niveau,Top,47,-187.0,318.0,346.0,116.0,0.0,0.0
oe:player:a85e95c1dcc81da84247a00c5e9e1de,Alex234,Skillcamp,NL,EMEA,Troisième niveau,Jungle,45,-187.0,287.0,-1205.0,11.0,0.0,0.0
oe:player:69fcf7c5f68e79cd22831a85aa98f60,Tasteless,Partizan Sangal,EBL,EMEA,Deuxième niveau,Support,40,-187.0,295.0,15.0,107.0,0.0,0.0
oe:player:29de9c9016ef68693b02dea19357c78,Van1,QT DIG∞,LJL,Asie-Pacifique,Deuxième niveau,Jungle,39,-188.0,294.0,1322.0,133.0,0.0,0.0
oe:player:5a4ed34a7baf1d14942def4ab49ce38,Diamond,Citadel Gaming,NACL,Amérique du Nord,Deuxième niveau,Support,20,-189.0,319.0,266.0,129.0,0.0,0.0
oe:player:aa7b13aaac8ab04283ce9626c6399d0,Young,CCG Esports,NACL,Amérique du Nord,Deuxième niveau,Mid,14,-189.0,321.0,397.0,,,
oe:player:c691200f8d12ee61ae01047c4629c62,Kenvi,Citadel Gaming,NACL,Amérique du Nord,Deuxième niveau,Jungle,20,-191.0,319.0,321.0,138.0,0.0,0.0
oe:player:4841aa27ab85be0b9f45fed1d5e7b09,Kackos,MY STAR,RL,EMEA,Deuxième niveau,Top,15,-191.0,304.0,-1183.0,,,
oe:player:f3f1edfba7200c65b417d359a6f9c82,pr1me,GLORE,HM,EMEA,Deuxième niveau,Top,31,-192.0,291.0,-564.0,114.0,0.0,0.0
name:NG Hazem,NG Hazem,NextGeneration Esports,AL,EMEA,Deuxième niveau,ADC,10,-193.0,306.0,-503.0,,,
oe:player:0d3f526e6a6449b958baaaf403015f6,Dani,LUA Gaming,NEXO,EMEA,Troisième niveau,Top,44,-194.0,309.0,1661.0,14.0,0.0,0.017
oe:player:a072ed6a69c1a506c6c0eaa385ba039,Retrozing,Apex Mission Impossible,NACL,Amérique du Nord,Deuxième niveau,Mid,11,-194.0,323.0,376.0,,,
oe:player:4f4e71938a105fe72bd18788fe53d40,Worst,For The Win Esports,LPLOL,EMEA,Deuxième niveau,ADC,25,-194.0,299.0,-558.0,133.0,0.0,0.0
oe:player:c621963a1ce2f0d77627ce04b22a249,Leks,BoostGate Esports,TCL,EMEA,Deuxième niveau,Top,52,-195.0,273.0,-1553.0,98.0,0.0,0.0
oe:player:bf0f5e428044546d1fbe59d08495fa0,Nord,B2U,LPLOL,EMEA,Deuxième niveau,Jungle,20,-195.0,296.0,66.0,132.0,0.0,0.0
oe:player:dda07addeb137c860725f0c964dcbbf,Grevthar,KaBuM! Ilha das Lendas,CD,Brésil & Amérique latine,Deuxième niveau,Mid,57,-195.0,291.0,178.0,100.0,0.0,0.0
oe:player:4dabc9746a3cae241a063d7a1e4d204,Momochi,Cusprills,CD,Brésil & Amérique latine,Deuxième niveau,Support,45,-195.0,313.0,133.0,111.5,0.0,0.0
oe:player:148e116847c069d852ad0696d4180fe,Bananitoo,WLGaming Esports,HLL,EMEA,Deuxième niveau,Support,29,-195.0,292.0,-71.0,141.0,0.0,0.0
oe:player:371ce62bbcfebc2c0ba6ad4d565777a,Scuffed,KAOS e-sport,NLC,EMEA,Deuxième niveau,Mid,13,-195.0,299.0,-1351.0,,,
oe:player:3d44f54d2b0fa13b698040cb51d09db,zekas,Corinthians Esports,CD,Brésil & Amérique latine,Deuxième niveau,Top,52,-196.0,314.0,219.0,104.0,0.0,0.0
oe:player:c5f3e376c7e4fc8febf4e84a3946487,Simpy,Veni Vidi Vici,NEXO,EMEA,Troisième niveau,Support,40,-197.0,295.0,1158.0,10.0,0.0,0.0
oe:player:95a8aae7c0baf0df5110b78a8f80ae9,Likai,HELL PIGS,PCS,Asie-Pacifique,Deuxième niveau,Top,50,-197.0,297.0,-982.0,99.0,0.0,0.0
oe:player:ac3dc02f5d3f2ec0c396cfa95de986e,J0J0C,GOAL,HLL,EMEA,Deuxième niveau,Mid,30,-200.0,292.0,-194.0,113.0,0.0,0.0
oe:player:6e73c72127f4931d8eb97079bc5ed34,Huron,DOCISK,RL,EMEA,Deuxième niveau,ADC,51,-200.0,278.0,-678.0,96.5,0.0,0.0
oe:player:c1da6ddd950f8d14d0f6d6e3e7e269c,Dawciu,LODIS,RL,EMEA,Deuxième niveau,Jungle,31,-200.0,296.0,-795.0,115.0,0.0,0.0
oe:player:2d57548e17edd21f589d538e2214515,Protos,Apex Mission Impossible,NACL,Amérique du Nord,Deuxième niveau,Support,11,-200.0,323.0,210.0,,,
oe:player:efe35ff41011bd30be370d738ef32fd,Benny,Mental Over Tempo,EBL,EMEA,Deuxième niveau,Jungle,10,-200.0,306.0,554.0,,,
oe:player:8e01eb2dab560099ace2ed32c82ea06,SuperCleber,LØS,CD,Brésil & Amérique latine,Deuxième niveau,Top,45,-201.0,314.0,192.0,109.0,0.0,0.0
oe:player:8fd088035c27c50ccdf553c4dafc960,Ady,BNK FEARX Academy,LAS,Corée,Troisième niveau,Top,31,-201.0,399.0,904.0,14.0,0.0,0.003
oe:player:968cb43bee81aaf745a5e20301ec55d,Jeykup,Colossal Gaming,LIT,EMEA,Deuxième niveau,Jungle,57,-202.0,284.0,302.0,109.0,0.0,0.0
oe:player:6201e2266991ddc5ba122f699a842a9,Phuc1,Saigon Secret,VCS,Asie-Pacifique,Deuxième niveau,Jungle,37,-203.0,309.0,-414.0,114.0,0.0,0.0
oe:player:12c11fde1a8f397f91ea9c013448f1c,Nawaf,BAAM Esports,AL,EMEA,Deuxième niveau,ADC,50,-204.0,288.0,-559.0,116.5,0.0,0.0
oe:player:44b1e81bfc6d5bb1a0da7fe5daaa4c0,Samkz,CITA Kaizen,HC,EMEA,Troisième niveau,Jungle,26,-204.0,307.0,1225.0,15.0,0.0,0.0
oe:player:3095d8f7f9a0e5a05330f99a6530fa7,Charley,Dream in 24,LJL,Asie-Pacifique,Deuxième niveau,Support,36,-204.0,305.0,1264.0,116.0,0.0,0.0
oe:player:e075e324298868aa969a7deb9f3581b,moe,Dragons Esports,AL,EMEA,Deuxième niveau,Jungle,34,-205.0,299.0,-402.0,104.0,0.0,0.0
oe:player:e146c7a6792a431dcc116aab343d646,Pericolo,Zena Esports,LIT,EMEA,Deuxième niveau,ADC,28,-206.0,298.0,360.0,128.0,0.0,0.0
oe:player:1eea21c685058c30ab257d6b8c062a0,Wicked,BAAM Esports,AL,EMEA,Deuxième niveau,Mid,42,-207.0,286.0,-268.0,86.5,0.0,0.0
oe:player:baaaa98900585f2689f9c17a8b58d74,Danilo,Mental Over Tempo,EBL,EMEA,Deuxième niveau,Top,16,-208.0,299.0,99.0,,,
oe:player:be081b7482f9ea1ae2f0d13aafcf17f,HiRit,KaBuM! Ilha das Lendas,CD,Brésil & Amérique latine,Deuxième niveau,Top,53,-209.0,309.0,155.0,109.5,0.0,0.0
oe:player:a37663bcbd7b6046c6fb0ce58ecbeca,Aithusa,Corinthians Esports,CD,Brésil & Amérique latine,Deuxième niveau,Mid,52,-209.0,314.0,108.0,113.5,0.0,0.0
oe:player:fabfb382cc5e71135723fde3874642c,Rutzou,Odivelas Sports Club,LPLOL,EMEA,Deuxième niveau,Support,30,-209.0,290.0,100.0,125.0,0.0,0.0
oe:player:0b93c027ee7862dabb4b7742b72e7d9,TT,Never Give Up,VCS,Asie-Pacifique,Deuxième niveau,Mid,42,-211.0,301.0,-321.0,96.0,0.0,0.0
oe:player:1ed985bf5e092b7db1264cd79db60ea,Archfiend,Zena Esports,LIT,EMEA,Deuxième niveau,Top,30,-211.0,295.0,728.0,116.0,0.0,0.0
oe:player:288d8e1e6e78a857421f10ee40d3fba,Zelt,Fuego,LRN,Brésil & Amérique latine,Deuxième niveau,Mid,47,-211.0,318.0,450.0,121.0,0.0,0.0
oe:player:d8dbb2529993f0ffa1ae5c991c89731,Kina,Cusprills,CD,Brésil & Amérique latine,Deuxième niveau,Mid,29,-211.0,315.0,97.0,127.0,0.0,0.0
oe:player:2eec415168a9f5810a8674fd4213fa9,Sahira,One More Esports,AL,EMEA,Deuxième niveau,Mid,30,-211.0,299.0,-288.0,104.0,0.0,0.0
oe:player:55cf2c8413283603d6b5e204c3e2261,Richu,Myth Esports,ROL,EMEA,Deuxième niveau,Support,24,-212.0,296.0,73.0,123.0,0.0,0.0
name:DM history,DM history,Dream in 24,LJL,Asie-Pacifique,Deuxième niveau,ADC,40,-214.0,305.0,1347.0,108.0,0.0,0.0
oe:player:b8c73532f4d33529a8da6a674b48eb3,Lukyss,Diversion Gaming,HC,EMEA,Troisième niveau,Mid,35,-214.0,295.0,938.0,13.0,0.0,0.0
oe:player:1c6282fdf403e4e63f3b339d0bca034,Klownz,Anubis Gaming,AL,EMEA,Deuxième niveau,Support,46,-214.0,283.0,-333.0,102.0,0.0,0.0
oe:player:43b4833a8d8b74ea63999994ac6b527,SniIIer,KAOS e-sport,NLC,EMEA,Deuxième niveau,Support,27,-215.0,296.0,-1330.0,113.0,0.0,0.0
oe:player:559c0cab98dab7824357ff1af6615ea,NinjaKiwi,Flamengo MDL,CD,Brésil & Amérique latine,Deuxième niveau,ADC,30,-215.0,318.0,81.0,135.0,0.0,0.0
name:DG kumuo,DG kumuo,Deltan Gaming,LJL,Asie-Pacifique,Deuxième niveau,ADC,18,-216.0,312.0,1333.0,,,
oe:player:2a1f9f0ef5aca39166c1a76eca89678,Dzeffry,KIA.eSuba Academy,HC,EMEA,Troisième niveau,Top,67,-218.0,285.0,1228.0,14.0,0.0,0.0
oe:player:5d66cbb86c841dd01cfbf146389f042,Crimson,CCG Esports,NACL,Amérique du Nord,Deuxième niveau,Top,42,-218.0,305.0,256.0,116.0,0.0,0.0
oe:player:8f84b3e1ea431d26d9ad272eba9ba8c,Camana,The Forbidden Five,LIT,EMEA,Deuxième niveau,Mid,19,-218.0,295.0,759.0,,,
oe:player:b665b9fa5f821ff73a873d0cecb0682,D4SH,Odivelas Sports Club,LPLOL,EMEA,Deuxième niveau,Jungle,34,-219.0,288.0,-52.0,128.0,0.0,0.0
oe:player:b8f9f2cc1d009481063cfe556d9d1cc,Aeru,One More Esports,AL,EMEA,Deuxième niveau,ADC,67,-219.0,276.0,-633.0,96.0,0.0,0.0
oe:player:f2bc0d63d20347fccc5ef34dd587d49,Keres,Ground Zero Gaming,PCS,Asie-Pacifique,Deuxième niveau,Support,40,-219.0,294.0,-931.0,102.0,0.0,0.0
oe:player:841a33657841e55eb6b68b86de53af9,Bruce,Burning Core Toyama,LJL,Asie-Pacifique,Deuxième niveau,Jungle,52,-219.0,305.0,1168.0,117.0,0.0,0.0
name:DG socceryakyu,DG socceryakyu,Deltan Gaming,LJL,Asie-Pacifique,Deuxième niveau,Jungle,18,-220.0,312.0,1163.0,,,
oe:player:8c730b10e2b23f98f9bbd735daa9a40,HotPot,HELL PIGS,PCS,Asie-Pacifique,Deuxième niveau,Jungle,51,-220.0,298.0,-981.0,106.0,0.0,0.0
oe:player:b6d3661d0e5b3a8a54971329bdaed35,Peaker,GLORE,HM,EMEA,Deuxième niveau,Mid,12,-220.0,303.0,-332.0,,,
oe:player:3b8914e862fc0b2502e33b15b21b36c,bicas,Otter Side,LPLOL,EMEA,Deuxième niveau,Jungle,26,-220.0,293.0,-59.0,127.0,0.0,0.0
oe:player:1cd555cf94a46160eedb5466988270a,Nova,Fox Gaming,AL,EMEA,Deuxième niveau,Support,16,-221.0,299.0,-369.0,,,
oe:player:e702754b69e58c6dc005f0da8c2fc43,Reaper,KaBuM! Ilha das Lendas,CD,Brésil & Amérique latine,Deuxième niveau,Support,12,-221.0,321.0,-1.0,,,
oe:player:2da1ab97a0200c6b2d38de1f1b25b5c,Goliah,One More Esports,LIT,EMEA,Deuxième niveau,Jungle,41,-221.0,294.0,207.0,116.0,0.0,0.0
oe:player:dab9d868efc0d19f7f347ba16c372bc,Karaage,RAYN Clocks,LJL,Asie-Pacifique,Deuxième niveau,Mid,24,-221.0,303.0,1234.0,121.0,0.0,0.0
oe:player:a0768d89dec26206b95179ad9a1c08d,NOMA,For The Win Esports,LPLOL,EMEA,Deuxième niveau,Mid,25,-222.0,299.0,-42.0,128.0,0.0,0.0
oe:player:7924bb80baefc1fa488c9719be5f195,L1mit,Burning Core Toyama,LJL,Asie-Pacifique,Deuxième niveau,ADC,52,-222.0,305.0,1307.0,111.0,0.0,0.0
oe:player:ca08600c44f01eb1452c933ad410ba2,Atat,GMBLERS Esports,LIT,EMEA,Deuxième niveau,Support,21,-222.0,298.0,433.0,128.0,0.0,0.0
oe:player:d202f9189eaf0e139228adbc77660f9,ScienTrist,mCon esports,ROL,EMEA,Deuxième niveau,Support,26,-223.0,294.0,18.0,125.0,0.0,0.0
oe:player:bb0b65400dfa98b18cc4287b86bd6de,Shourdy,Odivelas Sports Club,LPLOL,EMEA,Deuxième niveau,Top,51,-223.0,279.0,27.0,92.0,0.0,0.0
oe:player:ee9cc30096f8d5f0c1969156f55680c,naau,Ramboot Club,NEXO,EMEA,Troisième niveau,Jungle,51,-223.0,299.0,1537.0,12.0,0.0,0.0
oe:player:a4e9e9157f2a7f62d2166124824166e,Ramune,Dream in 24,LJL,Asie-Pacifique,Deuxième niveau,Mid,24,-224.0,307.0,1221.0,118.0,0.0,0.0
oe:player:5acf2785e5891a5be39e0be16d88282,Solbon,T1 Esports Academy Rookies,LAS,Corée,Troisième niveau,Mid,110,-224.0,388.0,1404.0,10.0,0.0,0.0
oe:player:0c02ac62f11fd279e6b02c97c545c13,Metroflox,Zena Esports,LIT,EMEA,Deuxième niveau,Jungle,48,-224.0,288.0,192.0,121.0,0.0,0.0
oe:player:2e1dc2b5f5614d934a8e38cb776353e,Dragonblood,Dream in 24,LJL,Asie-Pacifique,Deuxième niveau,Jungle,40,-225.0,305.0,1137.0,103.0,0.0,0.0
oe:player:1b2076ac634f57ba224836d8c0ea2e4,Kruimel,Senshi eSports,ROL,EMEA,Deuxième niveau,Mid,17,-225.0,300.0,285.0,,,
oe:player:cdc952e024c99837dc7af684adf322e,Joao,NORTHS FURY,LPLOL,EMEA,Deuxième niveau,Top,29,-225.0,293.0,18.0,122.0,0.0,0.0
oe:player:e52cd39655258ab5bd6cff89b32ea07,Benaset,One More Esports,NL,EMEA,Troisième niveau,Support,17,-225.0,306.0,-1473.0,,,
oe:player:cf009e2ce4392b47be19c983b6a7064,Strode,Nightbirds,HM,EMEA,Deuxième niveau,ADC,82,-226.0,270.0,244.0,104.5,0.0,0.0
oe:player:cbc8e9a1f9c9019ad397795f470f5a0,Adryh,Oxygen Gaming,LES,EMEA,Deuxième niveau,ADC,11,-227.0,299.0,-1937.0,,,
oe:player:6c152faa4bbca9a007fc7c608b6583a,MDB,CITA Kaizen,HC,EMEA,Troisième niveau,Top,28,-228.0,307.0,1178.0,18.0,0.0,0.0
oe:player:a7a7a82735eb944074d9fc89052be81,Zewih,Colossal Gaming,LIT,EMEA,Deuxième niveau,ADC,42,-229.0,291.0,243.0,126.0,0.0,0.0
oe:player:65d1e475734633e28d4523d92a90837,Yampi,Fluxo W7M,CD,Brésil & Amérique latine,Deuxième niveau,Jungle,40,-231.0,299.0,-526.0,121.0,0.0,0.0
oe:player:7572a04075ec90bbd553e467d65baaf,SkyK,MGN Vikings Academy,VCS,Asie-Pacifique,Deuxième niveau,ADC,33,-232.0,298.0,-427.0,110.0,0.0,0.0
oe:player:5ee2cd6074f5a5f37edebee2f481c6b,Drakehero,Alpha7 Esports,CBLOL,Brésil & Amérique latine,Ligue majeure,Jungle,63,-232.0,294.0,-2110.0,65.0,0.0,0.0
oe:player:b8e2d6669942a1a00f7beb2aef65da0,Warrior,Never Give Up,VCS,Asie-Pacifique,Deuxième niveau,Top,21,-234.0,312.0,-637.0,109.0,0.0,0.0
oe:player:57bb48fd65bff2e2660a13e58f2fcb2,Rovex,Blue Otter,NACL,Amérique du Nord,Deuxième niveau,Support,47,-234.0,311.0,41.0,130.5,0.0,0.0
oe:player:310b0b6b9208c01085e034b3a61015c,IceBreaker,Gamespace Mediterranean College Esports,HLL,EMEA,Deuxième niveau,Top,14,-234.0,298.0,-339.0,,,
oe:player:f23c7426104cc4df2b49b3be2c6d024,IlllIma,Ground Zero Gaming,PCS,Asie-Pacifique,Deuxième niveau,Top,27,-235.0,281.0,-1171.0,90.0,0.0,0.0
oe:player:27e4eea238ec423752d3144c149b88f,Harbo,Dragons Esports,AL,EMEA,Deuxième niveau,Mid,55,-236.0,283.0,-412.0,106.0,0.0,0.0
oe:player:466d302713c8abd2346b8f1e6ec6234,DoubleAiM,BeFive,EBL,EMEA,Deuxième niveau,Jungle,34,-237.0,288.0,371.0,149.0,0.0,0.0
oe:player:eca327ff4d6ae42715b64e9beae4813,Only35,Winthrop University,NACL,Amérique du Nord,Deuxième niveau,Support,46,-239.0,315.0,13.0,137.0,0.0,0.0
oe:player:ff2cb409f47096abcc2eba6bf609bdd,Mimic,Anubis Gaming,AL,EMEA,Deuxième niveau,ADC,14,-239.0,303.0,-730.0,,,
oe:player:a44ae9bfcb722ad18088def7d750319,Balyy,Axolotl,LIT,EMEA,Deuxième niveau,Jungle,15,-239.0,305.0,120.0,,,
oe:player:b59d7d2cfc9265f8a6c7e981498a91b,Varin,BoostGate Esports,EBL,EMEA,Deuxième niveau,Support,18,-239.0,292.0,-247.0,,,
oe:player:ec0fc0100c4fc1ce4eea230c3dc1036,Undefined,The ParadOx Invaders,HLL,EMEA,Deuxième niveau,Support,46,-240.0,289.0,-295.0,115.0,0.0,0.0
oe:player:0482daf6543f102a27a265342292bb7,Lucker,Zerance,NL,EMEA,Troisième niveau,Support,45,-240.0,279.0,-1549.0,12.0,0.0,0.0
oe:player:fc4ef7ece971cc48b1441b44b2b8035,reje,KAOS e-sport,NLC,EMEA,Deuxième niveau,ADC,26,-240.0,296.0,-1602.0,115.0,0.0,0.0
oe:player:95b751706961250780ec3a0a64d14d5,Elix1r,WLGaming Esports,HLL,EMEA,Deuxième niveau,Jungle,16,-241.0,296.0,-804.0,,,
oe:player:265b58ce8b2f418df94006bf24e296c,ScaryJerry,Supernova,NACL,Amérique du Nord,Deuxième niveau,ADC,44,-241.0,291.0,244.0,123.0,0.0,0.0
oe:player:7edb662a8ada86b7a8a09410b3492d5,Zoen,Isurus,LRN,Brésil & Amérique latine,Deuxième niveau,Top,37,-243.0,301.0,63.0,129.0,0.0,0.0
oe:player:bc5b7cd82bc9e26b3bbdeddeb73c7d8,Booki,Fuego,LRN,Brésil & Amérique latine,Deuxième niveau,Jungle,47,-244.0,318.0,539.0,134.0,0.0,0.0
oe:player:1d35270338bf28830fbaff7e93d9148,Bcan,ZennIT,ROL,EMEA,Deuxième niveau,Mid,56,-244.0,282.0,194.0,124.5,0.0,0.0
oe:player:d2ccfcc73c1a11410ead8465c7fa18d,Peco,e-Champ Gaming,CD,Brésil & Amérique latine,Deuxième niveau,Mid,17,-244.0,316.0,-67.0,,,
oe:player:2f5a7b100add051eee489744b2de194,Royeq,Leões Porto Salvo Esports,LPLOL,EMEA,Deuxième niveau,ADC,26,-247.0,292.0,-821.0,102.0,0.0,0.0
oe:player:6624e7c28d0c9761cbb40f60afbdbd1,Kubus,Anonymo Esports,RL,EMEA,Deuxième niveau,Top,15,-248.0,297.0,-1468.0,,,
oe:player:64e324984ba1998ec0be1ef26b56ed7,Bitse,DMG Esports,NLC,EMEA,Deuxième niveau,Jungle,10,-249.0,301.0,-1382.0,,,
oe:player:1d6c8fce07213d77cf9572b40f088a5,vayu,KAOS e-sport,NLC,EMEA,Deuxième niveau,Top,27,-249.0,296.0,-1678.0,109.0,0.0,0.0
oe:player:5d36172323ff0ff9fb8e37f163bf44a,EdbyK,GLORE,HM,EMEA,Deuxième niveau,Top,12,-250.0,302.0,-852.0,,,
oe:player:60968bea58e9f27d24c9fd087fde687,MAT,Skillcamp,NL,EMEA,Troisième niveau,Top,14,-250.0,319.0,-1655.0,,,
oe:player:8ab502bbb3e12f2c4b01463455c6577,MegaJ,SPIKE Syndicate,EBL,EMEA,Deuxième niveau,Top,27,-250.0,299.0,-112.0,124.0,0.0,0.0
oe:player:37868ce320afa69d0c0387124e61968,tol2,Burning Core Toyama,LJL,Asie-Pacifique,Deuxième niveau,Top,52,-250.0,305.0,1096.0,107.0,0.0,0.0
oe:player:8b35b40bc03585d8e435ef8029621c4,Kokos,The ParadOx Invaders,HLL,EMEA,Deuxième niveau,Jungle,38,-251.0,288.0,-858.0,139.0,0.0,0.0
oe:player:7d03f933eeb73db3e1b0cb8d74bc7fa,R0se,Burning Core Toyama,LJL,Asie-Pacifique,Deuxième niveau,Mid,44,-252.0,301.0,1082.0,115.0,0.0,0.0
oe:player:048cf949b7266e1f2b0ae430c313c8f,Sidav,Magaza Esports,RL,EMEA,Deuxième niveau,ADC,21,-254.0,292.0,-947.0,116.0,0.0,0.0
oe:player:b51220a382d45959479685fa1a1c9a7,Levitate,Blue Otter,NACL,Amérique du Nord,Deuxième niveau,ADC,22,-254.0,317.0,179.0,151.0,0.0,0.0
oe:player:a54db49a574e10b8b4401ca49ba5294,Kaido,Dorado Gaming,NACL,Amérique du Nord,Deuxième niveau,Jungle,23,-254.0,317.0,4.0,155.0,0.0,0.0
oe:player:0f8c263d99e271ab02849b000e16cfb,Bojji,SN CyberCore Esports,VCS,Asie-Pacifique,Deuxième niveau,Jungle,20,-254.0,315.0,-664.0,134.0,0.0,0.0
oe:player:a0cff4167fb5c141dd41760bcf18b6d,eaRyz,Team UNiTY,HM,EMEA,Deuxième niveau,Jungle,52,-255.0,283.0,-227.0,134.5,0.0,0.0
oe:player:11d9cff02750547760922faccb69c91,Mixtsure,Dorado Gaming,NACL,Amérique du Nord,Deuxième niveau,Support,23,-255.0,317.0,-62.0,142.0,0.0,0.0
oe:player:aa07f9f46650db64bb09c743b4c561d,Bong,Bushido Wildcats,TCL,EMEA,Deuxième niveau,Top,33,-256.0,287.0,-1861.0,94.0,0.0,0.0
oe:player:2d9f7fa495972ca9d3c905d6546a2a2,Built,GOAL,HLL,EMEA,Deuxième niveau,Top,16,-256.0,300.0,-448.0,,,
oe:player:d2c3f469076bec7c92eb899661a441d,Bobsik,Team UNiTY,HM,EMEA,Deuxième niveau,Top,53,-256.0,286.0,-884.0,109.0,0.0,0.0
oe:player:b768e829b646b094c7df80ba249b193,gtrik,Mental Over Tempo,EBL,EMEA,Deuxième niveau,Mid,10,-256.0,306.0,-96.0,,,
oe:player:a39d2bfa964a33bd2781fd469425c3f,VaSKED,Tan'i eSports CZ,HM,EMEA,Deuxième niveau,Support,26,-257.0,299.0,-726.0,124.0,0.0,0.0
oe:player:923377644a95264f86d2d5e4d266346,Marco,KIA.eSuba Academy,HC,EMEA,Troisième niveau,Support,81,-257.0,298.0,988.0,11.0,0.0,0.0
oe:player:b10bd58394ab73ced3f241c3a904899,Falleo,The Secret Club,EBL,EMEA,Deuxième niveau,Top,44,-257.0,287.0,-145.0,123.0,0.0,0.0
oe:player:4ad8ee83107711a42f8ea767d67412d,Selxiss,Mila Gaming,VCS,Asie-Pacifique,Deuxième niveau,Jungle,16,-258.0,317.0,-684.0,,,
oe:player:6ac7a781b2f6782d2fecb6ddfeee955,Sw3ry,Fox Gaming,AL,EMEA,Deuxième niveau,Support,43,-258.0,277.0,-553.0,114.0,0.0,0.0
oe:player:6920f59a94eca05b963351f7dbbae98,Vit,GenZ Gaming,VCS,Asie-Pacifique,Deuxième niveau,ADC,10,-259.0,321.0,-563.0,,,
oe:player:280a58c350eef8f164e753447b2a306,Vander,devils.one inStreamly,RL,EMEA,Deuxième niveau,Support,15,-260.0,302.0,-992.0,,,
oe:player:c52d1f6b94c909ec3b822acff420409,Own3r,For The Win Esports,LPLOL,EMEA,Deuxième niveau,Jungle,25,-261.0,299.0,-264.0,146.0,0.0,0.0
oe:player:0997237547f63b0119f6816c13377e9,Abyss,T1 Esports Academy Rookies,LAS,Corée,Troisième niveau,Support,63,-262.0,400.0,1070.0,11.0,0.0,0.0
oe:player:c5dac98c1a0cbe23f6bc0262e77a0bd,Samikin,Blue Otter,NACL,Amérique du Nord,Deuxième niveau,Mid,47,-262.0,311.0,36.0,132.0,0.0,0.0
oe:player:20a8e429d58dfe01327b4e6f0a1cf05,Ariana,Dorado Gaming,NACL,Amérique du Nord,Deuxième niveau,Top,23,-264.0,317.0,26.0,138.0,0.0,0.0
oe:player:a4033780417a68284f229d51b5efc1e,raedz,Nocturne Gale,NEXO,EMEA,Troisième niveau,Mid,26,-265.0,291.0,1283.0,17.0,0.0,0.0
oe:player:b1f24dee644d5e76deb2b3806d64d9d,Daksider,Team UNiTY,HM,EMEA,Deuxième niveau,ADC,37,-266.0,289.0,44.0,133.0,0.0,0.0
oe:player:5172a81c77dad76588c5025c9aad0ae,Speedy1,Team Insidious,HLL,EMEA,Deuxième niveau,Support,21,-266.0,296.0,-428.0,136.0,0.0,0.0
oe:player:1b7d720f9421df848050c33fbec3700,Qwacker,Blue Otter,NACL,Amérique du Nord,Deuxième niveau,Top,47,-267.0,311.0,11.0,129.0,0.0,0.0
oe:player:f6d396ec0d1bfac782d5389da59df76,Enapon,Burning Core Toyama,LJL,Asie-Pacifique,Deuxième niveau,Support,52,-267.0,305.0,946.0,117.0,0.0,0.0
oe:player:8a26fb905636bc0bec1a65212c3c863,shochi,Dorado Gaming,NACL,Amérique du Nord,Deuxième niveau,Mid,23,-267.0,317.0,10.0,141.0,0.0,0.0
oe:player:e4eb0cb44f9e94d04413f4b9a376b7e,ONLY,KIA.eSuba Academy,HC,EMEA,Troisième niveau,ADC,81,-270.0,298.0,971.0,11.0,0.0,0.0
oe:player:74e0b77be6a035bd39e25bd4bea863e,Minui,Conviction,NACL,Amérique du Nord,Deuxième niveau,Support,35,-270.0,318.0,-139.0,132.0,0.0,0.0
oe:player:7534759ceb94c0e91b13a22fe6e1698,Bandit,Myth Esports,ROL,EMEA,Deuxième niveau,Jungle,17,-270.0,299.0,-36.0,,,
oe:player:1bb23a583cf7b04cd0774c727465cec,Himmel,GenZ Gaming,VCS,Asie-Pacifique,Deuxième niveau,Mid,10,-270.0,321.0,-617.0,,,
oe:player:398074139a206bc8bbab0be766c6ffa,Wilson,Winthrop University,NACL,Amérique du Nord,Deuxième niveau,Jungle,46,-271.0,315.0,-83.0,148.0,0.0,0.0
oe:player:74b6d082d7e7a7542e597f069dcc947,Seize,KaBuM! Ilha das Lendas,CD,Brésil & Amérique latine,Deuxième niveau,Jungle,12,-271.0,322.0,-724.0,,,
oe:player:5fb3f80800243f76dd5c287515cfc08,kkero,GOAL,HLL,EMEA,Deuxième niveau,Support,39,-272.0,284.0,-456.0,137.0,0.0,0.0
oe:player:340a76e3aef8e862f5fd79411261b29,Mobility,Winthrop University,NACL,Amérique du Nord,Deuxième niveau,ADC,46,-273.0,315.0,82.0,149.5,0.0,0.0
oe:player:42fe1c355dfa1328ebdb244e0fecd7d,Piccolo,HUTECH CHICKEN,VCS,Asie-Pacifique,Deuxième niveau,Support,16,-273.0,314.0,-727.0,,,
oe:player:3bb028a43aff78070d15c646450aa0d,Denathor,Winthrop University,NACL,Amérique du Nord,Deuxième niveau,Top,46,-274.0,315.0,-21.0,133.0,0.0,0.0
oe:player:a61da83af5e3738845fa6dd56e1d41a,Juzu,Anubis Gaming,AL,EMEA,Deuxième niveau,Top,35,-274.0,290.0,-850.0,122.0,0.0,0.0
oe:player:9e9fd4103b739b6a13137f1d5f02aa6,Worthless,CITA Kaizen,HC,EMEA,Troisième niveau,ADC,28,-275.0,307.0,945.0,13.0,0.0,0.0
oe:player:73933848061d300bbe7293d9b38a2d4,Ace,GLORE,NEXO,EMEA,Troisième niveau,ADC,53,-275.0,286.0,1210.0,13.0,0.0,0.0
oe:player:4410ec34d9e6c1a68100ca0ce033fb1,Array,Blue Otter,NACL,Amérique du Nord,Deuxième niveau,ADC,51,-276.0,300.0,71.0,145.0,0.0,0.0
oe:player:8903ccb3479b4070c0870b85b8ff579,Kobs,Venomcrest Esports,NLC,EMEA,Deuxième niveau,Jungle,16,-277.0,295.0,-1526.0,,,
oe:player:4aa7e9355268b3f8d6c7b327b909931,Kelpo,Near Airport,NACL,Amérique du Nord,Deuxième niveau,Support,10,-277.0,322.0,-176.0,,,
oe:player:9a877742ad347d1521d75e029da8f9b,Tory,Yang Yang Gaming,LJL,Asie-Pacifique,Deuxième niveau,Top,20,-277.0,310.0,963.0,133.0,0.0,0.0
oe:player:b4179fdeda1242fcd94b82a5710dd3e,Duduhh,KaBuM! Ilha das Lendas,CD,Brésil & Amérique latine,Deuxième niveau,ADC,24,-277.0,318.0,-230.0,136.0,0.0,0.0
oe:player:2dae6d22ec7b1db7906a0c24b0939b1,Anato,e-Champ Gaming,CD,Brésil & Amérique latine,Deuxième niveau,Jungle,18,-277.0,314.0,-752.0,,,
name:DM p1ng,DM p1ng,Dream in 24,LJL,Asie-Pacifique,Deuxième niveau,Top,30,-278.0,307.0,955.0,124.0,0.0,0.0
oe:player:5257e05cde806e07b405ddcce85114d,Bradley,Citadel Gaming,NACL,Amérique du Nord,Deuxième niveau,Mid,22,-279.0,315.0,-51.0,141.0,0.0,0.0
oe:player:76cd37a6bb754bf0970a0c7c0efca9d,Vlaren,SPIKE Syndicate,EBL,EMEA,Deuxième niveau,Support,43,-279.0,289.0,-445.0,133.5,0.0,0.0
oe:player:013f680f2d7950a0a8c2bf24078815a,Jellou,GLORE,HM,EMEA,Deuxième niveau,Support,12,-279.0,303.0,-839.0,,,
oe:player:85117df5924af087900b300fe0f3ec3,Kulvas,EXILE esports,HM,EMEA,Deuxième niveau,Top,48,-280.0,285.0,-1004.0,137.0,0.0,0.0
oe:player:dc0ab0700ebab412ecfc2e808b86e0f,Crow,Myth Esports,ROL,EMEA,Deuxième niveau,Support,12,-280.0,304.0,-271.0,,,
oe:player:8703f5634653c109c466a46af87bf13,Ralf,WLGaming Esports,HLL,EMEA,Deuxième niveau,ADC,10,-280.0,303.0,-593.0,,,
oe:player:0696ba507e9f097b48b4aa96e644ef7,Plox,BeFive,EBL,EMEA,Deuxième niveau,ADC,30,-282.0,296.0,-240.0,154.0,0.0,0.0
oe:player:44e13faf3e4fc85b084be5f9d42fa7c,Gru,e-Champ Gaming,CD,Brésil & Amérique latine,Deuxième niveau,ADC,27,-282.0,310.0,-256.0,148.0,0.0,0.0
oe:player:f276daf7c9dc149b1bbcfd606ca569b,TQ,Silent Storm Esports,VCS,Asie-Pacifique,Deuxième niveau,Support,10,-283.0,320.0,-776.0,,,
oe:player:b85d82a85b2f24d5e4e02a6506d061a,CBL,GenZ Gaming,VCS,Asie-Pacifique,Deuxième niveau,Support,10,-284.0,321.0,-779.0,,,
oe:player:3f9aef592d06e0bff9eb3d8f38adc72,BlackSwan,Dynamo Eclot,HM,EMEA,Deuxième niveau,ADC,35,-285.0,292.0,-50.0,136.0,0.0,0.0
oe:player:c8c012313f10e2d0830f3fbc5afca61,Midnight,Ramboot Club,NEXO,EMEA,Troisième niveau,Mid,56,-286.0,298.0,1179.0,14.0,0.0,0.0
oe:player:971f9ffdc8948bb946a7ceccfb54665,Nestea,Ground Zero Gaming,PCS,Asie-Pacifique,Deuxième niveau,Mid,15,-288.0,306.0,-1429.0,,,
oe:player:164201c2631ec865bc6f96ae6e9342d,Ducks,AaB Esport,ROL,EMEA,Deuxième niveau,Support,15,-288.0,296.0,-311.0,,,
oe:player:eb73a074813cb61e81a742c0e4e55cd,Joekie,Senshi eSports,ROL,EMEA,Deuxième niveau,Jungle,26,-288.0,298.0,-125.0,157.0,0.0,0.0
oe:player:b82e4eec0372b66f43e88ef34231873,P9,Hanoi Rookies Esports,VCS,Asie-Pacifique,Deuxième niveau,Jungle,10,-289.0,320.0,-842.0,,,
oe:player:ce263fe22a2827b4da94165c991271e,Trila,KIA.eSuba Academy,HC,EMEA,Troisième niveau,Jungle,81,-289.0,298.0,800.0,13.0,0.0,0.0
oe:player:5a845bf4d8986c6897abb08708da084,Dya,Zeu5 Esports,LRN,Brésil & Amérique latine,Deuxième niveau,ADC,25,-289.0,332.0,593.0,156.0,0.0,0.0
oe:player:f072b8d92693786d40dfa56ddeac73a,rre,DetonatioN FocusMe Academy,LJL,Asie-Pacifique,Deuxième niveau,Mid,48,-291.0,305.0,883.0,127.5,0.0,0.0
name:DG Etude,DG Etude,Deltan Gaming,LJL,Asie-Pacifique,Deuxième niveau,Top,18,-292.0,312.0,884.0,,,
oe:player:6b857fe1d3971aebd9f35f421d56806,Painful,Bulldog Esports,ROL,EMEA,Deuxième niveau,Mid,40,-293.0,286.0,-55.0,122.0,0.0,0.0
oe:player:18077b307e3f20508d3d7622b416beb,Aether,T1 Esports Academy Rookies,LAS,Corée,Troisième niveau,Support,56,-293.0,394.0,916.0,11.0,0.0,0.0
oe:player:9208c506b10edf698368ba9b44e1788,soul1,Meavedron,HC,EMEA,Troisième niveau,Jungle,56,-293.0,292.0,779.0,17.0,0.0,0.0
oe:player:555e3934816743f30cdda4c7cc0dfe3,Momo,DetonatioN FocusMe Academy,LJL,Asie-Pacifique,Deuxième niveau,Top,44,-295.0,304.0,870.0,115.5,0.0,0.0
oe:player:9d8f178040611a073608bf5fc51768c,Doxy,GMBLERS Esports,NLC,EMEA,Deuxième niveau,Top,16,-296.0,296.0,-1914.0,,,
oe:player:6ea02165f30cc6337ebd47f6ac91beb,Roo,Actions Per Minute,HLL,EMEA,Deuxième niveau,Support,16,-296.0,298.0,-578.0,,,
oe:player:8919dd8e521e752a1b1a13955554b9f,Foxie,SPIKE Syndicate,EBL,EMEA,Deuxième niveau,Mid,37,-297.0,291.0,-300.0,145.0,0.0,0.0
oe:player:dc38a552ed5f574f2c8abbf08f9d453,Sjakal,KAOS e-sport,NLC,EMEA,Deuxième niveau,Jungle,27,-297.0,296.0,-1626.0,130.0,0.0,0.0
oe:player:16bfbf9c462762cf1cba4134ec53c50,Loading,Actions Per Minute,HLL,EMEA,Deuxième niveau,Top,42,-298.0,286.0,-659.0,134.0,0.0,0.0
oe:player:be0de5b227a7528ab88cd23b3173c35,Sushee,Dorado Gaming,NACL,Amérique du Nord,Deuxième niveau,ADC,22,-299.0,312.0,-44.0,152.0,0.0,0.0
oe:player:706cf232206925bf8315cfdf4310297,Buero,RATZ,CD,Brésil & Amérique latine,Deuxième niveau,ADC,12,-300.0,320.0,-347.0,,,
oe:player:45bd62ec34b3cbf05b5292056c54b01,TheSerius,GOAL,HLL,EMEA,Deuxième niveau,Top,36,-300.0,283.0,-669.0,132.0,0.0,0.0
oe:player:c71b4244f70372f8be07a3e83c58490,Heroic,Zerolag Esports,LPLOL,EMEA,Deuxième niveau,Mid,44,-301.0,280.0,-436.0,135.5,0.0,0.0
oe:player:be4ce50af0cd0d8574aa3820c37d1ae,Matislaw,The ParadOx Invaders,HLL,EMEA,Deuxième niveau,Mid,53,-301.0,281.0,-701.0,106.5,0.0,0.0
oe:player:f377fdacca51b52570fc20ab847b7ea,Tsuneo,Team Insidious,HLL,EMEA,Deuxième niveau,ADC,17,-301.0,299.0,-694.0,,,
oe:player:5d13a2128cef29f0905b93f72480cd9,Ka1ser,CTBC Flying Oyster Academy,PCS,Asie-Pacifique,Deuxième niveau,Mid,48,-301.0,295.0,-1494.0,101.0,0.0,0.0
oe:player:97dba2c2c17ddf9d63517aee126f58b,Joki37,Leões Porto Salvo Esports,LPLOL,EMEA,Deuxième niveau,Jungle,25,-301.0,291.0,-461.0,139.0,0.0,0.0
oe:player:88db6c73fdf5749e7109c26c2474fa0,Horace,Ground Zero Gaming,PCS,Asie-Pacifique,Deuxième niveau,Top,31,-301.0,295.0,-1502.0,122.0,0.0,0.0
oe:player:23b8dd9ca6016d7432f3e39ffc20cc7,MrHB,A One Man Army,ROL,EMEA,Deuxième niveau,ADC,20,-302.0,298.0,-124.0,158.0,0.0,0.0
oe:player:ff1a0fb5ef8541241bf4361b799c931,Improver,Fox Gaming,AL,EMEA,Deuxième niveau,Mid,44,-302.0,279.0,-746.0,122.0,0.0,0.0
oe:player:8f41a11e71632780d1b132b388ef2a5,PiskHello,aNc Legends,LIT,EMEA,Deuxième niveau,ADC,20,-302.0,299.0,-119.0,160.0,0.0,0.0
oe:player:c801ff1f6d936b319b8a499cbf4c125,Shoiti,ZGDX Gaming,CD,Brésil & Amérique latine,Deuxième niveau,Support,10,-304.0,325.0,-416.0,,,
name:YYG MAO,YYG MAO,Yang Yang Gaming,LJL,Asie-Pacifique,Deuxième niveau,Top,33,-304.0,303.0,826.0,131.0,0.0,0.0
oe:player:fdde756c37f499c36df183d987b3c6d,Ibai,Oxygen Gaming,NEXO,EMEA,Troisième niveau,ADC,35,-304.0,313.0,1063.0,19.0,0.0,0.0
oe:player:046795fa30debe19eafd497dba544e3,Instinct,Citadel Gaming,NACL,Amérique du Nord,Deuxième niveau,ADC,22,-304.0,315.0,-68.0,156.0,0.0,0.0
oe:player:723ad874e88079517427b26230292b7,Blueboar,Crvena zvezda Esports,EBL,EMEA,Deuxième niveau,Jungle,23,-304.0,294.0,36.0,144.0,0.0,0.0
oe:player:9bed6fad163eaf7e90b58334c8339ab,kairi,Never Give Up,VCS,Asie-Pacifique,Deuxième niveau,Support,21,-305.0,312.0,-883.0,131.0,0.0,0.0
oe:player:2ae9333fed6cff00dc0343197c38a06,Floris56,Myth Esports,ROL,EMEA,Deuxième niveau,ADC,21,-305.0,302.0,-139.0,142.0,0.0,0.0
oe:player:5aa99e88083b40b8070e90f314e92ca,Grell,Zeu5 Esports,LRN,Brésil & Amérique latine,Deuxième niveau,Jungle,43,-309.0,322.0,212.0,147.0,0.0,0.0
oe:player:5364c86869641cd982e519f65c5797b,Ilyxøu,Leões Porto Salvo Esports,LPLOL,EMEA,Deuxième niveau,Top,49,-309.0,288.0,-403.0,128.0,0.0,0.0
oe:player:a1c175a614f82dc15c772d4677442b7,Taiyaki,Yang Yang Gaming,LJL,Asie-Pacifique,Deuxième niveau,Support,35,-309.0,302.0,739.0,150.0,0.0,0.0
oe:player:807b957f35713431f56182cb25af089,Seal,Crvena zvezda Esports,EBL,EMEA,Deuxième niveau,Support,68,-310.0,277.0,-600.0,139.0,0.0,0.0
oe:player:e46c99b20e40f2b1b934bbd12ac5f55,Arn,Falke Esports,NEXO,EMEA,Troisième niveau,Top,27,-311.0,321.0,1076.0,23.0,0.0,0.0
oe:player:d51796c7c27a60d20bb30a03ef92124,Nesty,DetonatioN FocusMe Academy,LJL,Asie-Pacifique,Deuxième niveau,Jungle,41,-311.0,302.0,705.0,130.0,0.0,0.0
oe:player:7c2d9b5020f9cc6b4a63441df3efb27,Alvanai,WLGaming Esports,HLL,EMEA,Deuxième niveau,Mid,31,-311.0,289.0,-751.0,144.0,0.0,0.0
oe:player:934a2eec1d77e7ed03fdd6f711581f1,Baul,Myth Esports,ROL,EMEA,Deuxième niveau,Jungle,34,-312.0,292.0,-247.0,143.0,0.0,0.0
oe:player:c663dfeadae6cae117d735cd1696f88,Minji,Ground Zero Gaming,PCS,Asie-Pacifique,Deuxième niveau,Mid,55,-312.0,291.0,-1551.0,111.0,0.0,0.0
oe:player:1e48e6a94caf09f3d8275ffba847eea,Jelly,Fuego,LRN,Brésil & Amérique latine,Deuxième niveau,Support,15,-312.0,316.0,-920.0,,,
oe:player:c334ee63e5cf0c65f52cefd3f68a7d2,Tamoz,Tan'i eSports CZ,HM,EMEA,Deuxième niveau,Top,26,-312.0,299.0,-1163.0,123.0,0.0,0.0
oe:player:323b1ce118ee27efaa0f0e2d163d31e,Manel,Contrata Logo Meu Time,CD,Brésil & Amérique latine,Deuxième niveau,Support,28,-313.0,308.0,-457.0,141.0,0.0,0.0
oe:player:37a3e2ad72e4b680c6e8b1d97ffd265,Coated,GenZ Gaming,VCS,Asie-Pacifique,Deuxième niveau,Top,10,-315.0,321.0,-1042.0,,,
oe:player:70d529695c253d17e992cb9265abc57,Mission,Ground Zero Gaming,PCS,Asie-Pacifique,Deuxième niveau,Mid,10,-315.0,312.0,-1565.0,,,
oe:player:4de9241b2c71149268ba7c6d501edc4,Babuleh,TeamOrangeGaming Academy,ROL,EMEA,Deuxième niveau,Top,13,-316.0,298.0,-88.0,,,
oe:player:7cc2c5c91bfb582aa4b047cb8558b9f,Toumes,Kawaii Kiwis,HC,EMEA,Troisième niveau,Mid,46,-317.0,292.0,421.0,19.0,0.0,0.0
oe:player:cab8dce409a60ef6ae3ee40213127ec,NtNt,GenZ Gaming,VCS,Asie-Pacifique,Deuxième niveau,Jungle,10,-317.0,321.0,-981.0,,,
oe:player:d478c4369b3899e05c3b2c5c0b534d1,Yume,SN CyberCore Esports,VCS,Asie-Pacifique,Deuxième niveau,Support,20,-317.0,315.0,-946.0,132.0,0.0,0.0
oe:player:5c7da09e1927795d296af4fcc570704,Deepe,Diversion Gaming,HC,EMEA,Troisième niveau,Mid,28,-317.0,305.0,422.0,20.0,0.0,0.0
oe:player:c2dd4ae1efb63bfc5d5f93c31618c08,belit,Anonymo Esports,RL,EMEA,Deuxième niveau,Jungle,49,-317.0,288.0,-1377.0,128.0,0.0,0.0
oe:player:751b4e6d134b3c4559459c7921fee5f,Pilot,Rise Gaming,CD,Brésil & Amérique latine,Deuxième niveau,Mid,32,-318.0,316.0,-434.0,143.0,0.0,0.0
oe:player:a238e2ff1b33deb842248e99ee43b3b,Marth,TeamOrangeGaming Academy,LIT,EMEA,Deuxième niveau,ADC,40,-318.0,295.0,-202.0,147.0,0.0,0.0
oe:player:5ab137577a18956e9688137c178fe20,Franky,Myth Esports,ROL,EMEA,Deuxième niveau,Mid,20,-318.0,302.0,-180.0,139.0,0.0,0.0
oe:player:d6700c725707cc52fc221a1fd8dd0d0,Guppy,A One Man Army,ROL,EMEA,Deuxième niveau,ADC,14,-319.0,303.0,-206.0,,,
oe:player:91f7c48a0242414e0b520af3f4bea52,FLOW,KT Rolster Academy,LAS,Corée,Troisième niveau,Support,74,-319.0,402.0,785.0,13.0,0.0,0.0
oe:player:3009272a4d20a33543f3490a7233a48,Sword,Winthrop University,NACL,Amérique du Nord,Deuxième niveau,Mid,45,-320.0,314.0,-256.0,147.0,0.0,0.0
oe:player:d22a9f456619f24133f9d0ddff50051,Panther,Hanwha Life Esports Academy,LAS,Corée,Troisième niveau,Top,128,-320.0,399.0,307.0,17.0,0.0,0.0
oe:player:1d938960ffa77b8629a3107d2486c93,Overpow,devils.one inStreamly,RL,EMEA,Deuxième niveau,Mid,15,-321.0,302.0,-1438.0,,,
oe:player:e7be24324b2d08ca8b3bca92bb28e06,Aklass,Fog Esports,AL,EMEA,Deuxième niveau,ADC,58,-322.0,284.0,-1148.0,130.0,0.0,0.0
oe:player:49ee5696febc0a676b14de885928be3,helforca,The Forbidden Five,EBL,EMEA,Deuxième niveau,Mid,17,-322.0,294.0,-424.0,,,
oe:player:f6afb3ca3ac4cb969cc0c36330d8ee8,Airren,Lotus,NACL,Amérique du Nord,Deuxième niveau,ADC,42,-322.0,310.0,-158.0,146.0,0.0,0.0
oe:player:181ff5eb6d184d261d6b28480110e59,Markus,Keypulse Esports,LPLOL,EMEA,Deuxième niveau,Jungle,10,-323.0,306.0,-573.0,,,
oe:player:fe1891d9c2866e1aeefd9d8517d9166,xpd,DN SOOPers Academy,LAS,Corée,Troisième niveau,ADC,59,-323.0,399.0,816.0,11.0,0.0,0.0
oe:player:18f6d4c0a224070911cdc12619d8be0,Shogo,CCG Esports,NACL,Amérique du Nord,Deuxième niveau,ADC,35,-324.0,312.0,-172.0,164.0,0.0,0.0
oe:player:c79ce9ec47a91226340af0e57afa782,Neo,Silent Storm Esports,VCS,Asie-Pacifique,Deuxième niveau,ADC,10,-325.0,320.0,-893.0,,,
oe:player:276a74368ea1b0f374f4d9f00dca699,Xavi,Actions Per Minute,HLL,EMEA,Deuxième niveau,Support,15,-325.0,305.0,-725.0,,,
oe:player:83a9f2514587528a399f60551522962,Nevid,Dplus Kia Academy,LAS,Corée,Troisième niveau,Top,144,-325.0,369.0,283.0,16.0,0.0,0.0
oe:player:b7253194da688a72744ff1c032b6cea,Soft,KT Rolster Academy,LAS,Corée,Troisième niveau,Jungle,74,-326.0,402.0,577.0,13.0,0.0,0.0
oe:player:c88c5f09070f7ec21ae1defd6e448c8,Boye,Keypulse Esports,LPLOL,EMEA,Deuxième niveau,Mid,10,-326.0,306.0,-561.0,,,
oe:player:46c0cc4125d2134240ee11081aa30b2,Asza,Senshi eSports,ROL,EMEA,Deuxième niveau,ADC,26,-326.0,298.0,-241.0,157.0,0.0,0.0
oe:player:60b3048edebc03e520e775db4cc706f,AoJune,CCG Esports,NACL,Amérique du Nord,Deuxième niveau,Mid,28,-326.0,316.0,-287.0,150.0,0.0,0.0
oe:player:f0b6f18cb5222e618327f75f3c31ceb,RapMonsters,GTZ Esports,LPLOL,EMEA,Deuxième niveau,Mid,35,-327.0,288.0,-564.0,143.0,0.0,0.0
oe:player:31c5497620ea4aea37a0b5a5cb0518c,Dan,Jörmungang,ROL,EMEA,Deuxième niveau,ADC,27,-327.0,299.0,-247.0,153.0,0.0,0.0
oe:player:34dd70244ef257a4b5f7df18076132b,Tyrone,Colossal Gaming,LIT,EMEA,Deuxième niveau,ADC,21,-329.0,298.0,-256.0,159.0,0.0,0.0
oe:player:f5398d82aa4655c8f832df880829397,John P,Senshi eSports,ROL,EMEA,Deuxième niveau,Top,24,-329.0,298.0,-155.0,140.0,0.0,0.0
oe:player:3903aab323863bd2e9b68218a7a65eb,Follow,Farenvehn,LRS,Brésil & Amérique latine,Deuxième niveau,Jungle,32,-329.0,303.0,1383.0,169.0,0.0,0.0
oe:player:9c2b5d4edfc9c79923a32bd589c6223,Guubi,GMBLERS Esports,NLC,EMEA,Deuxième niveau,Jungle,16,-330.0,296.0,-1790.0,,,
oe:player:655ff5d5e29058249fdf0ab0e1389f8,FenRir,KT Rolster,LAS,Corée,Troisième niveau,ADC,78,-330.0,395.0,784.0,11.0,0.0,0.0
oe:player:ee069f0c3ccbcd367d3db57c0945cc4,Rhino,Supernova,NACL,Amérique du Nord,Deuxième niveau,Support,21,-331.0,322.0,-443.0,162.0,0.0,0.0
oe:player:d2d4975b4d0bd62e7aa907af8ffdf15,Adyyy,KIA.eSuba Academy,HC,EMEA,Troisième niveau,Mid,38,-331.0,293.0,353.0,19.0,0.0,0.0
oe:player:f5d24579082a4869432dbecce0afef3,Guli,Dynamo Eclot,HM,EMEA,Deuxième niveau,Jungle,23,-332.0,300.0,-609.0,147.0,0.0,0.0
oe:player:c7b0f8dbb8238ba98b1c363eb705155,buffi,Anonymo Esports,RL,EMEA,Deuxième niveau,Mid,49,-332.0,288.0,-1493.0,120.0,0.0,0.0
oe:player:9c5ed61ecbed2a3de0e5836edeea338,ilyy,Keypulse Esports,LPLOL,EMEA,Deuxième niveau,ADC,10,-332.0,306.0,-1246.0,,,
oe:player:3e506ceaced4619ee1fba72c57cac54,Kamyta,Keypulse Esports,LPLOL,EMEA,Deuxième niveau,Support,10,-333.0,306.0,-520.0,,,
oe:player:cb98b4c6c9cb226e72bceb02e195a07,Guggu,NextGeneration Esports,AL,EMEA,Deuxième niveau,Support,13,-333.0,299.0,-928.0,,,
oe:player:39d68aa20f0b0b1ddddb871a7b26fbf,Enga,Farenvehn,LRS,Brésil & Amérique latine,Deuxième niveau,Mid,55,-333.0,316.0,1180.0,140.0,0.0,0.0
oe:player:f5e265d607cb720058fc166e00083fe,Rust,Dragons Esports,AL,EMEA,Deuxième niveau,ADC,43,-333.0,287.0,-1202.0,139.0,0.0,0.0
oe:player:48fb64d26aa5233777c63414d06a39a,Kheng,Silent Storm Esports,VCS,Asie-Pacifique,Deuxième niveau,Jungle,10,-334.0,320.0,-1068.0,,,
oe:player:1088cd31175ca69bc2f4e15277a079c,Siler,LEGACY5,NEXO,EMEA,Troisième niveau,Mid,27,-335.0,320.0,935.0,17.0,0.0,0.0
oe:player:115cbb13ff7ef811c05d6e95bf224c2,Shadow,Farenvehn,LRS,Brésil & Amérique latine,Deuxième niveau,Support,55,-335.0,316.0,1012.0,142.5,0.0,0.0
oe:player:c0062863e3e99f67607ad1ae9a4299a,Ripple,KT Rolster Academy,LAS,Corée,Troisième niveau,Top,74,-337.0,402.0,222.0,15.0,0.0,0.0
oe:player:ada61b4241a68d672021ea46ab8bbf3,Dahlia,Dplus Kia Academy,LAS,Corée,Troisième niveau,Support,54,-337.0,391.0,700.0,15.0,0.0,0.0
oe:player:1ce5e1b7bc0fb25b47e19a855892240,Darkeszy,Meavedron,HC,EMEA,Troisième niveau,Top,57,-337.0,292.0,637.0,19.0,0.0,0.0
oe:player:09e9f5a1106ac9a6189f11a1f4728e6,Barry,Once Upon A Team,ROL,EMEA,Deuxième niveau,Support,26,-337.0,299.0,-555.0,142.0,0.0,0.0
oe:player:81672fafdf160235f5c96b5956ae3bc,Beenie,7REX,CD,Brésil & Amérique latine,Deuxième niveau,ADC,35,-337.0,310.0,-531.0,154.0,0.0,0.0
oe:player:08b43c22d2b118e380bd9c6db5b59d1,freaky dao,Once Upon A Team,ROL,EMEA,Deuxième niveau,Jungle,13,-338.0,300.0,-375.0,,,
oe:player:61b7d25591ab558425b9a2cee041a20,WNTR,Aurora,ROL,EMEA,Deuxième niveau,Top,38,-338.0,285.0,-199.0,149.0,0.0,0.0
oe:player:b50df7754e4c0a0fd120fc6e6024cf5,BartonaR,Nigma Galaxy,AL,EMEA,Deuxième niveau,Jungle,29,-338.0,294.0,-1066.0,155.0,0.0,0.0
oe:player:ded84ce8443d8de05174cd9b702c4e6,uden,Anubis Gaming,RL,EMEA,Deuxième niveau,Support,21,-339.0,292.0,-1389.0,130.0,0.0,0.0
oe:player:24c3a4f80a901b6aeb40a978d9a2cd8,Nern,MGN Vikings Academy,VCS,Asie-Pacifique,Deuxième niveau,Top,16,-339.0,310.0,-1158.0,,,
name:DG suyahime,DG suyahime,Deltan Gaming,LJL,Asie-Pacifique,Deuxième niveau,Mid,37,-339.0,304.0,645.0,137.0,0.0,0.0
oe:player:e6ce7283fdcbb1efe1b120228a44fd3,ManoloGap,Oxygen Gaming,NEXO,EMEA,Troisième niveau,Top,38,-341.0,342.0,925.0,18.0,0.0,0.0
oe:player:0b561e1f67d3219a8dd379878960561,DVLK,Meavedron,HC,EMEA,Troisième niveau,Mid,82,-341.0,293.0,305.0,18.5,0.0,0.0
oe:player:09ee6fe99bd1a0242be2a413955581b,Hyorai,EKO Esports,LIT,EMEA,Deuxième niveau,Support,21,-342.0,298.0,-167.0,154.0,0.0,0.0
oe:player:512728a77382644b3c1056c6a6c1796,Arrietty,SN CyberCore Esports,VCS,Asie-Pacifique,Deuxième niveau,ADC,20,-342.0,315.0,-980.0,140.0,0.0,0.0
oe:player:0e9764ca8971894af709c0cd603e6b6,Faded,Howl Esports,HLL,EMEA,Deuxième niveau,Mid,39,-342.0,284.0,-904.0,149.0,0.0,0.0
oe:player:9ea81871d6eae77bf89f98d3b7ba544,wittman,EXILE esports,HM,EMEA,Deuxième niveau,ADC,20,-343.0,297.0,-338.0,144.0,0.0,0.0
oe:player:64d8b1e6474e2b5cbf10588a2df23c0,Claww,One More Esports,AL,EMEA,Deuxième niveau,Top,65,-344.0,284.0,-1198.0,124.0,0.0,0.0
oe:player:886831dade87c08a01092da3429cdb7,Lilv,Ground Zero Gaming,PCS,Asie-Pacifique,Deuxième niveau,ADC,15,-344.0,306.0,-1490.0,,,
oe:player:c5297b90d38a4be4c290d17de208d7a,Jackal,Hanwha Life Esports Academy,LAS,Corée,Troisième niveau,Jungle,128,-345.0,399.0,479.0,16.0,0.0,0.0
oe:player:00558cb3daa73e60ba4af7e7060e6e2,Skude,Fog Esports,AL,EMEA,Deuxième niveau,Jungle,21,-346.0,300.0,-1111.0,146.0,0.0,0.0
oe:player:bc596913aa23926993c8114c5179c99,Baumeef,Diversion Gaming,HC,EMEA,Troisième niveau,Jungle,77,-346.0,290.0,515.0,18.0,0.0,0.0
oe:player:d1697518f96dbb2a7693adf7eb3d65c,Roi DEMON,Jörmungang,ROL,EMEA,Deuxième niveau,Jungle,20,-347.0,300.0,-420.0,158.0,0.0,0.0
oe:player:6a15c856a66d618027aaeb33de88113,Leo s Man,One More Esports,AL,EMEA,Deuxième niveau,Support,35,-349.0,294.0,-1007.0,150.0,0.0,0.0
oe:player:8f38bd56a477db38563e43ca3bc5994,Cid,KT Rolster Academy,LAS,Corée,Troisième niveau,Mid,74,-349.0,402.0,777.0,12.0,0.0,0.0
oe:player:64033bd33ba83b6fe329f433576a539,Inzuh,Zena Esports,LIT,EMEA,Deuxième niveau,Mid,44,-349.0,288.0,103.0,136.0,0.0,0.0
oe:player:0f6b066aa5cf95e99e4f960578c51e3,Straka,BeFive,EBL,EMEA,Deuxième niveau,Mid,17,-350.0,303.0,-564.0,,,
oe:player:da550ca06bcacbd30b7c6ed32c864c7,Norwegian,Yang Yang Gaming,LJL,Asie-Pacifique,Deuxième niveau,Jungle,56,-350.0,299.0,511.0,136.5,0.0,0.0
oe:player:51e62ff878bc8e2c27c1d5512cbf45e,Carnage,Tan'i eSports CZ,HM,EMEA,Deuxième niveau,Jungle,40,-350.0,284.0,-700.0,118.0,0.0,0.0
oe:player:e856a4c24d5611c7f42c5acaefcf841,lobellan,EKO Esports,LIT,EMEA,Deuxième niveau,Top,16,-350.0,302.0,33.0,,,
oe:player:730c5303ed20f4a0786016e34184b25,Tumay,BoostGate Esports,LPLOL,EMEA,Deuxième niveau,Jungle,17,-350.0,302.0,-707.0,,,
oe:player:004e96a525452599860ca439bf916bd,ArQuel,devils.one inStreamly,RL,EMEA,Deuxième niveau,Top,15,-350.0,302.0,-1982.0,,,
oe:player:eb49347ab6d5a43a87036409e7fcb1e,MyCash,Meavedron,HC,EMEA,Troisième niveau,Top,37,-351.0,295.0,566.0,25.0,0.0,0.0
oe:player:7b6b9e56523c1f49bce81dc36551c32,Hatsu,Zena Esports,LIT,EMEA,Deuxième niveau,Top,36,-351.0,286.0,28.0,152.0,0.0,0.0
oe:player:9b16055070b8269a9dc504251587d0a,Kitten,DN SOOPers Academy,LAS,Corée,Troisième niveau,Support,59,-351.0,399.0,629.0,13.0,0.0,0.0
oe:player:5a63f3e7e2b4282f07785cdc895d624,Shiku,Golden Lions,LRS,Brésil & Amérique latine,Deuxième niveau,Support,44,-352.0,298.0,927.0,141.0,0.0,0.0
oe:player:b8441a3fc649ee4789bc3ded34f46d6,Janus,T1 Esports Academy Rookies,LAS,Corée,Troisième niveau,Top,75,-353.0,397.0,144.0,19.0,0.0,0.0
oe:player:67a0a403634aae24b9e03abd763c4be,NoDu,B2U,LPLOL,EMEA,Deuxième niveau,Support,33,-354.0,285.0,-623.0,153.0,0.0,0.0
oe:player:00f5171ac6dc80c3e5a485d90f9532a,tiphat,Never Give Up,VCS,Asie-Pacifique,Deuxième niveau,Jungle,26,-354.0,310.0,-1166.0,152.0,0.0,0.0
oe:player:c27aed165db76f8a69fc4acaaa06f5b,Liar,BNK FEARX Academy,LAS,Corée,Troisième niveau,ADC,35,-355.0,400.0,657.0,15.0,0.0,0.0
oe:player:5acd44683c7d16973b5ad18c1722708,Fogzy,Tan'i eSports CZ,HM,EMEA,Deuxième niveau,Mid,28,-355.0,295.0,-1007.0,135.0,0.0,0.0
oe:player:5198fed69f476d9e1d69907d6cab3ae,Pigeonx,Actions Per Minute,HLL,EMEA,Deuxième niveau,Support,13,-356.0,300.0,-879.0,,,
oe:player:6c5b90cea858312b4a7f070448f8cd1,Ferrari,Once Upon A Team,ROL,EMEA,Deuxième niveau,Jungle,26,-356.0,299.0,-464.0,157.0,0.0,0.0
oe:player:739c1ceddb772fbbf222215006c963d,Cripple,BeFive,EBL,EMEA,Deuxième niveau,Top,17,-357.0,303.0,-649.0,,,
oe:player:63fd4d653c9d7705f56f32434dec4ba,452apm,Diversion Gaming,HC,EMEA,Troisième niveau,ADC,72,-357.0,289.0,533.0,17.0,0.0,0.0
oe:player:0114600fd7028a75f762bb772a5f6f1,Mystiques,Anonymo Esports,RL,EMEA,Deuxième niveau,Support,17,-357.0,300.0,-1477.0,,,
oe:player:2def07523d188aecc96b859475b0346,smifi,GLORE,RL,EMEA,Deuxième niveau,Support,21,-358.0,291.0,-1485.0,140.0,0.0,0.0
oe:player:6fcbbff49badbddafbda79a49abba07,STEPZ,inf,LRN,Brésil & Amérique latine,Deuxième niveau,Jungle,29,-363.0,330.0,-59.0,161.0,0.0,0.0
oe:player:66d46dceff7e43a5e240e5c7b32ef69,konseki,7REX,CD,Brésil & Amérique latine,Deuxième niveau,Support,30,-365.0,308.0,-719.0,153.0,0.0,0.0
oe:player:c46dc30e7888a9b9eaee54bb9698d27,Tatsu,We Can Win,LJL,Asie-Pacifique,Deuxième niveau,Jungle,11,-365.0,314.0,438.0,,,
oe:player:7a88d1974dba145fa21ef9668136bd1,Rozpier,Lundqvist Lightside,LPLOL,EMEA,Deuxième niveau,Support,18,-366.0,299.0,-684.0,,,
oe:player:1e44e910fee15960587549f3000f777,Sweeho,ODD Esports,LRN,Brésil & Amérique latine,Deuxième niveau,Mid,15,-366.0,329.0,-328.0,,,
oe:player:8cdb5213d1021b0b8f2370446383700,Yikesuo,CITA Kaizen,HC,EMEA,Troisième niveau,Mid,17,-367.0,307.0,172.0,,,
oe:player:90753d709041bd0dcf21e2f22d781a3,Prever,DN SOOPers Academy,LAS,Corée,Troisième niveau,Jungle,123,-367.0,401.0,371.0,16.0,0.0,0.0
oe:player:7f190c56c6d9c4b1b2ef94c8550e73e,gotae,RAYN Clocks,LJL,Asie-Pacifique,Deuxième niveau,Top,37,-369.0,303.0,500.0,149.0,0.0,0.0
oe:player:081ac0110c9734afdc28db6e7724e48,Panda,One More Esports,AL,EMEA,Deuxième niveau,Mid,38,-369.0,292.0,-1077.0,136.0,0.0,0.0
oe:player:e9607713eaf3fc69d1235e22777f26c,Hustle,Mila Gaming,VCS,Asie-Pacifique,Deuxième niveau,Mid,28,-369.0,306.0,-1111.0,132.0,0.0,0.0
oe:player:8bd6a6fde7a0b83fb40a1e70e6ff2bd,Xinshou1,Hungkuang Falcon (弘光獵鷹),PCS,Asie-Pacifique,Deuxième niveau,Jungle,14,-370.0,307.0,-1735.0,,,
oe:player:7f74c1fc50f80a06152c610c4a3b034,Yerikan,PÊEK Gaming,LRN,Brésil & Amérique latine,Deuxième niveau,Support,14,-371.0,324.0,-1218.0,,,
oe:player:c911f66336db65ab5fd553c7385734c,Fame,Team Refuse,HLL,EMEA,Deuxième niveau,Jungle,11,-373.0,304.0,-1465.0,,,
oe:player:d241f84685d9aa4148dfda77cc6498b,Sined,Diversion Gaming,HC,EMEA,Troisième niveau,Top,15,-373.0,305.0,457.0,,,
oe:player:ba60f2274afd5a39163aeade95ddab3,Buggax,Sicar Esports,LRS,Brésil & Amérique latine,Deuxième niveau,Top,19,-373.0,319.0,1577.0,,,
oe:player:057068fec5576ae03b86de01c0f4192,Sprotte,Myth Esports,ROL,EMEA,Deuxième niveau,Top,23,-374.0,299.0,-378.0,144.0,0.0,0.0
name:DG Wing,DG Wing,Deltan Gaming,LJL,Asie-Pacifique,Deuxième niveau,ADC,10,-375.0,314.0,542.0,,,
oe:player:f6c92cc6716b5a99dc2cb002ea1cfc0,Kurahuto,DetonatioN FocusMe Academy,LJL,Asie-Pacifique,Deuxième niveau,Support,48,-376.0,305.0,400.0,138.0,0.0,0.0
oe:player:c7b9db7723f0f40b52c327ed78eee0b,Kazunn,SN CyberCore Esports,VCS,Asie-Pacifique,Deuxième niveau,Top,28,-376.0,308.0,-1344.0,130.0,0.0,0.0
oe:player:e28bed4fc154ef5fd8aabcc0334a464,Slowz,Never Give Up,VCS,Asie-Pacifique,Deuxième niveau,ADC,26,-376.0,310.0,-1146.0,149.0,0.0,0.0
oe:player:fe3d1308198b42c46001504c1ca8190,Sleepy,ZGDX Gaming,CD,Brésil & Amérique latine,Deuxième niveau,Mid,10,-377.0,325.0,-728.0,,,
oe:player:a1b80656ec4067cc5e7ae6a3eb621d1,Bala,Lenovo Legion Honvéd,EBL,EMEA,Deuxième niveau,Top,28,-378.0,298.0,-750.0,153.0,0.0,0.0
oe:player:643e865a69b74aac65ec052c8fffdd5,BANKAI,Leões Porto Salvo Esports,LPLOL,EMEA,Deuxième niveau,Mid,16,-378.0,303.0,-820.0,,,
oe:player:b2db813b8929031200a4a85b26a1726,Mega,Falke Esports,NEXO,EMEA,Troisième niveau,Support,27,-379.0,321.0,247.0,21.0,0.0,0.0
oe:player:fc2f901050e822b97a11696ddb2e67f,Leo D Aras,Zerolag Esports,HLL,EMEA,Deuxième niveau,Support,23,-380.0,291.0,-998.0,160.0,0.0,0.0
oe:player:e59f7c2f41aa5d613b58a09c14bc0dc,Senmary,We Can Win,LJL,Asie-Pacifique,Deuxième niveau,Top,11,-380.0,314.0,446.0,,,
oe:player:eb86ec5d7d03419b8a9354c043e75d4,Adizai,PaiDA Miwan Bao,PCS,Asie-Pacifique,Deuxième niveau,Top,12,-382.0,307.0,-1906.0,,,
oe:player:b46c2b31ff697caba2f88ca3ad551cf,Leandrinn,Contrata Logo Meu Time,CD,Brésil & Amérique latine,Deuxième niveau,ADC,14,-383.0,322.0,-760.0,,,
oe:player:0ce0547fa9cdd3c48a2a49192dfd12e,Hakari,e-Champ Gaming,CD,Brésil & Amérique latine,Deuxième niveau,Top,23,-383.0,310.0,-716.0,151.0,0.0,0.0
name:YYG hourosummer,YYG hourosummer,Yang Yang Gaming,LJL,Asie-Pacifique,Deuxième niveau,ADC,12,-383.0,314.0,502.0,,,
oe:player:b3337cae6302c6641aa966d34088e9f,Lozer,Silent Storm Esports,VCS,Asie-Pacifique,Deuxième niveau,Mid,10,-383.0,320.0,-1184.0,,,
oe:player:ecdb594501a5800ad0f5c4e6b3b5a84,Yupps,Rise Gaming,CD,Brésil & Amérique latine,Deuxième niveau,Top,46,-384.0,305.0,-721.0,142.0,0.0,0.0
oe:player:fc222b2fd22414e0b9e40aaee65fcb5,MUDAI,Gen.G Scholars,LAS,Corée,Troisième niveau,ADC,65,-385.0,399.0,507.0,15.0,0.0,0.0
oe:player:c1353b4e2353fa3dc4e590d580ed9e5,MKR,Bastu Five,LIT,EMEA,Deuxième niveau,ADC,24,-386.0,295.0,-541.0,171.0,0.0,0.0
oe:player:1792f02f8f369487ec1bd43672fea0e,Satan,Actions Per Minute,HLL,EMEA,Deuxième niveau,Mid,15,-386.0,305.0,-1124.0,,,
oe:player:10b638224bcb9f9b360ab55cbed45a5,SiroN1,Meavedron,HC,EMEA,Troisième niveau,Support,65,-386.0,295.0,342.0,21.0,0.0,0.0
oe:player:9d355c18ce749abd62a991cf933d7d4,Dome,GTZ Esports,LPLOL,EMEA,Deuxième niveau,Jungle,11,-386.0,306.0,-889.0,,,
oe:player:5057f5406b08307b5f50e2030133a90,wanan,DetonatioN FocusMe Academy,LJL,Asie-Pacifique,Deuxième niveau,ADC,48,-389.0,305.0,472.0,142.0,0.0,0.0
oe:player:b57e72ed35022b11f16f095682ff782,Anyyy,Rise Gaming,CD,Brésil & Amérique latine,Deuxième niveau,Mid,22,-389.0,318.0,-792.0,158.0,0.0,0.0
name:YYG Magus,YYG Magus,Yang Yang Gaming,LJL,Asie-Pacifique,Deuxième niveau,Support,21,-390.0,310.0,332.0,153.0,0.0,0.0
oe:player:7bd90ef7b6699a12ee8176f4708f165,Hosanna,Gen.G Scholars,LAS,Corée,Troisième niveau,Support,65,-390.0,399.0,434.0,18.0,0.0,0.0
oe:player:5f1fa8a478e38410780e672d5c85da6,Lagolinas,Lenovo Legion Honvéd,EBL,EMEA,Deuxième niveau,Mid,30,-390.0,297.0,-768.0,163.0,0.0,0.0
oe:player:9e9994e968239ee74f3e1a5bf12a792,Minu,BNK FEARX Academy,LAS,Corée,Troisième niveau,Jungle,35,-390.0,400.0,253.0,18.0,0.0,0.0
oe:player:e6d07e10777c4dbc47857a3ac2c66fe,D1verse,Rich Gang,NLC,EMEA,Deuxième niveau,Mid,14,-390.0,296.0,-2329.0,,,
oe:player:cad3acc5548fc9dbf4a02e6d6eb6e6b,FSZ,GMBLERS Esports,LIT,EMEA,Deuxième niveau,Mid,51,-391.0,285.0,-107.0,147.0,0.0,0.0
oe:player:7043efeaf710e61a6d7e68f32b1b13e,Piku,Falke Esports,NEXO,EMEA,Troisième niveau,Jungle,27,-391.0,321.0,700.0,23.0,0.0,0.0
oe:player:df3f37d87473767caaa78b04dffc663,Whyx,Monta Club,NEXO,EMEA,Troisième niveau,Support,15,-391.0,323.0,191.0,,,
oe:player:55b9ef62724d0ff3f1bf9eb6f08f738,Sadaz,Zena Esports,LIT,EMEA,Deuxième niveau,Mid,20,-391.0,303.0,-107.0,160.0,0.0,0.0
oe:player:0650f4f79bcb806e6665b278d9d90e3,Miata,Ethereal Enigmas,HC,EMEA,Troisième niveau,Jungle,24,-393.0,299.0,279.0,24.0,0.0,0.0
oe:player:daa3ffb7dd21afdae5da760e746eccd,Sh0Fty,Lenovo Legion Honvéd,EBL,EMEA,Deuxième niveau,Support,21,-393.0,299.0,-1018.0,163.0,0.0,0.0
oe:player:5085510c18a9f6c8a0e185da55a682d,Daemi,BAAM Esports,AL,EMEA,Deuxième niveau,Mid,15,-393.0,299.0,-1199.0,,,
oe:player:e93b3e770096be9856abd4b68776459,Ancrath,Zer0 Trein0,CD,Brésil & Amérique latine,Deuxième niveau,Jungle,19,-394.0,315.0,-1337.0,,,
oe:player:e6d554ea9906d8f2fc26d076d2d4a4c,Cracker,Hanwha Life Esports Academy,LAS,Corée,Troisième niveau,Mid,128,-394.0,399.0,554.0,15.0,0.0,0.0
oe:player:14bf26aa667423d1fba119e3c8a65e1,Divine,EKO Esports,LIT,EMEA,Deuxième niveau,Mid,25,-394.0,297.0,-123.0,163.0,0.0,0.0
oe:player:2558086bcc15a517030a39d7766957d,kkkkkkkkk,VARREL YOUTH,LJL,Asie-Pacifique,Deuxième niveau,Top,51,-395.0,306.0,372.0,130.0,0.0,0.0
oe:player:2a8f9050a8f7c5dd91f2332dc3bb2f5,Kim Down,Zenshi Gaming,NACL,Amérique du Nord,Deuxième niveau,Support,11,-395.0,324.0,-767.0,,,
oe:player:eeefcce8060d3fc25bf4f6b543098ec,Jarvis,Silent Storm Esports,VCS,Asie-Pacifique,Deuxième niveau,Top,10,-395.0,320.0,-1439.0,,,
oe:player:93288a4b3816c652fe295392e86b221,OverT1me,Hungkuang Falcon (弘光獵鷹),PCS,Asie-Pacifique,Deuxième niveau,Support,18,-396.0,304.0,-1814.0,,,
name:DM SUISEI,DM SUISEI,Dream in 24,LJL,Asie-Pacifique,Deuxième niveau,Jungle,10,-398.0,313.0,273.0,,,
oe:player:e8c919d3f00bdbf7d459ec07dcead87,Coli,BeFive,EBL,EMEA,Deuxième niveau,Support,17,-399.0,303.0,-1047.0,,,
oe:player:ee6f857cf7178dcbb362a8b3c7d016f,Sm0oZi,Once Upon A Team,ROL,EMEA,Deuxième niveau,ADC,53,-399.0,294.0,-606.0,145.0,0.0,0.0
oe:player:e1a93470eeb97efae2c4db1db18c893,Marzaya,Lupus Esports,EBL,EMEA,Deuxième niveau,Top,10,-400.0,306.0,-861.0,,,
oe:player:e16c97254df6fe42751e7e9f7c98543,Prage,wangting,PCS,Asie-Pacifique,Deuxième niveau,ADC,14,-401.0,306.0,-1777.0,,,
oe:player:cf172b93505b047dc3ad8e8462dc13d,TheGreatGary,GTZ Esports,LPLOL,EMEA,Deuxième niveau,Top,24,-401.0,302.0,-862.0,154.0,0.0,0.0
oe:player:b0b961783b2f5d73c30a6ea288462d8,Ipecacuhana,Aurora,ROL,EMEA,Deuxième niveau,Support,15,-402.0,302.0,-881.0,,,
oe:player:e2f9edd5426e9ad64536d3086ffacb6,Dolis,Once Upon A Team,ROL,EMEA,Deuxième niveau,Mid,53,-402.0,294.0,-599.0,133.5,0.0,0.0
oe:player:c6445581b2cfc3646f4dc0ccf41753d,ianshaka,Farenvehn,LRS,Brésil & Amérique latine,Deuxième niveau,ADC,58,-402.0,317.0,849.0,165.0,0.0,0.0
oe:player:68a4eb0fff73077145975345a4d7ca9,Lauxio,BeFive,EBL,EMEA,Deuxième niveau,Support,30,-403.0,296.0,-1067.0,161.0,0.0,0.0
oe:player:b3dbc6a493b3730e440d16aec7abd2f,Magic,Nigma Galaxy,AL,EMEA,Deuxième niveau,Mid,29,-403.0,294.0,-1251.0,152.0,0.0,0.0
oe:player:4ef00a200b9361cd76bb7e612b171c4,Keel,Supernova,NACL,Amérique du Nord,Deuxième niveau,Jungle,21,-404.0,322.0,-748.0,170.0,0.0,0.0
name:DG toraneko,DG toraneko,Deltan Gaming,LJL,Asie-Pacifique,Deuxième niveau,Support,37,-404.0,304.0,262.0,151.0,0.0,0.0
oe:player:9d5b1ed5ce404699ed00c0be96f5e11,Zankiller,Team Insidious,HLL,EMEA,Deuxième niveau,Jungle,14,-405.0,303.0,-1625.0,,,
oe:player:474f48080244a50e036e532399ae933,Hamsi,Lupus Esports,EBL,EMEA,Deuxième niveau,Top,10,-405.0,305.0,-888.0,,,
oe:player:307b6fb75c459e5d0f628aa8e9e438c,Solid,Dplus Kia Academy,LAS,Corée,Troisième niveau,Jungle,134,-405.0,404.0,180.0,18.0,0.0,0.0
oe:player:54e0e99e2dde6d5a7cd0d79738beb1a,Pooya,Delta Syndicate,HC,EMEA,Troisième niveau,ADC,13,-405.0,308.0,294.0,,,
oe:player:9e800fd20b5af69382436d72daa346f,Woldjo,One More Esports,AL,EMEA,Deuxième niveau,Jungle,21,-406.0,291.0,-1411.0,161.0,0.0,0.0
oe:player:17ae4f247f5fc521bff004a97f4df72,Flip,DN SOOPers,LAS,Corée,Troisième niveau,Mid,131,-406.0,377.0,491.0,16.0,0.0,0.0
oe:player:075db222f7476092e24e07d95799e9a,Nade,Ethereal Enigmas,HC,EMEA,Troisième niveau,Support,25,-406.0,306.0,241.0,27.0,0.0,0.0
oe:player:208f8ce656dbb1367a8aa7ce873a853,Ryo,VARREL YOUTH,LJL,Asie-Pacifique,Deuxième niveau,Jungle,17,-407.0,307.0,229.0,,,
oe:player:1d6cd255124f73442571e8ceef2e479,Kellie,Oxygen Gaming,NEXO,EMEA,Troisième niveau,Support,46,-407.0,306.0,111.0,21.0,0.0,0.0
oe:player:7b0143c0788257bc3e415e83f74cc8b,Midir,DN SOOPers Academy,LAS,Corée,Troisième niveau,Top,119,-407.0,398.0,-127.0,19.0,0.0,0.0
oe:player:711afb14816f67c6a911d153a24d568,Kreative,Yang Yang Gaming,LJL,Asie-Pacifique,Deuxième niveau,Mid,44,-408.0,300.0,300.0,140.0,0.0,0.0
oe:player:45bcb0216edbceef1b0b99223060c60,Competitive,VARREL YOUTH,LJL,Asie-Pacifique,Deuxième niveau,Mid,51,-410.0,306.0,291.0,137.5,0.0,0.0
oe:player:e7fac638d70ee359814dd7598dae612,Popon,Spirit Quartz Gaming,LJL,Asie-Pacifique,Deuxième niveau,Jungle,19,-411.0,310.0,209.0,,,
oe:player:770cf8a64932b2ed662c6f08d87cc8b,KalenBoss,Myth Esports,LPLOL,EMEA,Deuxième niveau,Jungle,19,-411.0,293.0,-1012.0,,,
oe:player:1087aa8f482518a2b02334270f5607c,Gordinho,FlameHard,LPLOL,EMEA,Deuxième niveau,Support,20,-411.0,299.0,-910.0,163.0,0.0,0.0
oe:player:ec25c372d9dc85ffa0b720bf533e53d,Pika1,HELL PIGS,PCS,Asie-Pacifique,Deuxième niveau,ADC,32,-412.0,296.0,-1829.0,164.0,0.0,0.0
oe:player:ecca34ba11a3cf3965e48591835d8a1,Axo,Jörmungang,ROL,EMEA,Deuxième niveau,Top,30,-412.0,296.0,-567.0,150.0,0.0,0.0
oe:player:6188d07d6e2a31cb1ba16e177c53870,SaKi,VARREL YOUTH,LJL,Asie-Pacifique,Deuxième niveau,Support,51,-412.0,306.0,220.0,139.0,0.0,0.0
oe:player:baf7147fedeec5de54ca1f240952a3f,Sintax,BeFive,EBL,EMEA,Deuxième niveau,Mid,13,-413.0,302.0,-883.0,,,
oe:player:f0c6106d247c559ea02f20b474436d0,D4rtaine,Keypulse Esports,LPLOL,EMEA,Deuxième niveau,Top,22,-413.0,295.0,-920.0,153.0,0.0,0.0
oe:player:0eeca5e6f2e30fdbd85871bea6528de,Nino,WLGaming Esports,HLL,EMEA,Deuxième niveau,Top,34,-413.0,287.0,-1232.0,157.0,0.0,0.0
oe:player:7bb257e3cbfb5ab2f597a76848372d1,CROmpir,Oxygen Gaming,NEXO,EMEA,Troisième niveau,Mid,16,-413.0,326.0,544.0,,,
oe:player:32d83ae7684d16398c4126683c429ad,ECSTASSY,REDPack Esports,HLL,EMEA,Deuxième niveau,ADC,30,-413.0,283.0,-1257.0,171.0,0.0,0.0
oe:player:7a27b91a1ea41f157f4b3df8889621f,Sirinox,Tan'i eSports CZ,HM,EMEA,Deuxième niveau,ADC,31,-414.0,295.0,-695.0,158.0,0.0,0.0
oe:player:9f412eed0c5dde829471119d84b00e3,Lynkez,Rise Gaming,CD,Brésil & Amérique latine,Deuxième niveau,Mid,43,-414.0,304.0,-915.0,154.5,0.0,0.0
oe:player:caf582d3ceca0fb731daadfeadfc760,Conformista,Odivelas Sports Club,LPLOL,EMEA,Deuxième niveau,Top,10,-414.0,307.0,-927.0,,,
oe:player:d51e4632904a9c370000c19748a91d6,REV,Anubis Gaming,AL,EMEA,Deuxième niveau,Top,21,-414.0,293.0,-1550.0,142.0,0.0,0.0
oe:player:aaec8f7cde1b31eaf9a852e97191986,Someone,CITA Kaizen,HC,EMEA,Troisième niveau,Mid,32,-416.0,297.0,-70.0,22.0,0.0,0.0
oe:player:b990574b212111be3e5f84c8e08b15f,Wasteland,We Can Win,LJL,Asie-Pacifique,Deuxième niveau,Mid,11,-416.0,314.0,262.0,,,
oe:player:5614c643c96cea5858c696eee9d509b,Eclipse,Hanwha Life Esports Academy,LAS,Corée,Troisième niveau,ADC,133,-416.0,398.0,355.0,14.0,0.0,0.0
name:BVL GOODTRY,BVL GOODTRY,BraVeLY,LJL,Asie-Pacifique,Deuxième niveau,Support,11,-416.0,315.0,200.0,,,
name:BVL Snow Panda,BVL Snow Panda,BraVeLY,LJL,Asie-Pacifique,Deuxième niveau,Support,13,-417.0,311.0,195.0,,,
oe:player:966e8f61b0847f6059559ed09f8574f,Kojima,RED Academy,CD,Brésil & Amérique latine,Deuxième niveau,ADC,37,-418.0,301.0,-938.0,168.0,0.0,0.0
oe:player:e0a43168d41258cae77aed2b6126541,Sh3ry,Guinea Pink,NEXO,EMEA,Troisième niveau,Support,25,-418.0,321.0,53.0,23.0,0.0,0.0
oe:player:0e94a953ebc2e75ab1d22879fcb8d72,The Mountain,Axolotl,LIT,EMEA,Deuxième niveau,Top,28,-420.0,294.0,-319.0,156.0,0.0,0.0
oe:player:f77c2becc8145352a637a382dd53fce,Bolyy1,Guinea Pink,NEXO,EMEA,Troisième niveau,Support,12,-422.0,332.0,35.0,,,
oe:player:be0649c16bc160010f7af7aba55d272,Robenong,Lupus Esports,EBL,EMEA,Deuxième niveau,Mid,10,-422.0,305.0,-925.0,,,
oe:player:06efe152a554665e02b8dc4f620bf3f,Anthrax,Senshi eSports,ROL,EMEA,Deuxième niveau,Support,20,-422.0,298.0,-977.0,161.0,0.0,0.0
oe:player:a4c0ac4f426f602636fd746882e515c,Kaba,Team Refuse,HLL,EMEA,Deuxième niveau,ADC,11,-423.0,304.0,-1306.0,,,
oe:player:2a024edafb06c7882e2e1f7b57f2f95,Hailstone,Hanwha Life Esports Academy,LAS,Corée,Troisième niveau,Support,133,-423.0,398.0,265.0,17.0,0.0,0.0
oe:player:466ce26370ebf51e9899522b7ebeea7,Bazz,Apex Mission Impossible,NACL,Amérique du Nord,Deuxième niveau,ADC,37,-423.0,314.0,-664.0,179.0,0.0,0.0
oe:player:721622f78052fb02502c887e439333c,alishor,BERZLOY,HLL,EMEA,Deuxième niveau,Top,10,-424.0,300.0,-1290.0,,,
oe:player:ff804ef6d4438e1428e8eb2a8320deb,ffernandes,Grow uP eSports,LPLOL,EMEA,Deuxième niveau,Top,11,-424.0,303.0,-978.0,,,
oe:player:9f7496860651fe8c09a00a9712102a3,ceskycechcz,EXILE esports,HM,EMEA,Deuxième niveau,Mid,53,-424.0,284.0,-1349.0,138.0,0.0,0.0
oe:player:470975ffaacfb7ebd76b0eb2d781ff0,Biskoo,BAAM Esports,AL,EMEA,Deuxième niveau,Support,30,-426.0,289.0,-1392.0,158.0,0.0,0.0
oe:player:33d7e8e1b828ba633ab01cfd2dc9046,Ligen,Yang Yang Gaming,LJL,Asie-Pacifique,Deuxième niveau,Mid,12,-427.0,314.0,203.0,,,
oe:player:f0d44df2529a2b13b9ff70ff54c44db,RealR,Keypulse Esports,LPLOL,EMEA,Deuxième niveau,Jungle,10,-428.0,306.0,-1097.0,,,
oe:player:d9fa2c61b28c148ca601304d360ebfb,Aincardz,Oxygen Gaming,NEXO,EMEA,Troisième niveau,Jungle,28,-430.0,315.0,503.0,27.0,0.0,0.0
oe:player:a2343d04ce4dafae3aa458b006ec880,Fallen,SPIKE Syndicate,EBL,EMEA,Deuxième niveau,Jungle,51,-430.0,283.0,-598.0,163.0,0.0,0.0
oe:player:fcfd3395dbc02f1c0dfb7b328b9fa3f,Chain1,Hungkuang Falcon (弘光獵鷹),PCS,Asie-Pacifique,Deuxième niveau,Mid,18,-430.0,304.0,-2137.0,,,
oe:player:d6c9dca3f08684e88fd8a667bcfd30f,Endless,Lenovo Legion Honvéd,EBL,EMEA,Deuxième niveau,ADC,27,-430.0,297.0,-982.0,172.0,0.0,0.0
oe:player:6c5488da88047ddfa7d6f8c68e58d16,Druust,Jörmungang,ROL,EMEA,Deuxième niveau,Mid,41,-430.0,291.0,-738.0,143.0,0.0,0.0
oe:player:93413363cf2cc7a08f7de85c2d20843,jjs156,Once Upon A Team,ROL,EMEA,Deuxième niveau,Top,53,-430.0,294.0,-661.0,135.0,0.0,0.0
oe:player:0a0e15e8e14edd7e4039cbf6f4fbfa4,Krastyel,Stellae Gaming,CD,Brésil & Amérique latine,Deuxième niveau,Support,39,-431.0,305.0,-1051.0,168.0,0.0,0.0
oe:player:a680ff7ed49e63e8e91ec4f1c95d1d7,Deadhound,Lupus Esports,EBL,EMEA,Deuxième niveau,ADC,10,-431.0,306.0,-987.0,,,
oe:player:89cfa094070b0a8a007be06b079dbc7,Sunleaf,Spirit Quartz Gaming,LJL,Asie-Pacifique,Deuxième niveau,ADC,11,-432.0,312.0,255.0,,,
oe:player:c2a5818bdb96ce7eec3c0474f31a136,Forlin,Stellae Gaming,CD,Brésil & Amérique latine,Deuxième niveau,Top,32,-432.0,304.0,-964.0,157.0,0.0,0.0
oe:player:792eabe7cbadb11c006085d20585bf6,MrFreezed,EKO Esports,LIT,EMEA,Deuxième niveau,ADC,22,-433.0,297.0,-779.0,179.0,0.0,0.0
oe:player:208bf10c21b796579a7971bed97f373,KRATOS,ZGDX Gaming,CD,Brésil & Amérique latine,Deuxième niveau,Top,16,-434.0,318.0,-971.0,,,
oe:player:3ccca65d3d9843b81f4e251dcf8a3e8,Sting,Rise Gaming,CD,Brésil & Amérique latine,Deuxième niveau,Jungle,53,-434.0,305.0,-1540.0,167.0,0.0,0.0
oe:player:55dd290e8824755e997201409a0b36a,FliiZee,Oxygen Gaming,NEXO,EMEA,Troisième niveau,ADC,16,-434.0,326.0,413.0,,,
oe:player:884550ac73027b92634756c53b4751b,Maru,Once Upon A Team,ROL,EMEA,Deuxième niveau,Jungle,20,-435.0,299.0,-861.0,165.0,0.0,0.0
oe:player:18b8492d0ee53faa776189c01d5076d,MrPhant0m,Zerolag Esports,HLL,EMEA,Deuxième niveau,ADC,26,-435.0,289.0,-1367.0,174.0,0.0,0.0
oe:player:ccbcbffe165919f40f2833fbe5c8148,OrthoZero,Zena Esports,LIT,EMEA,Deuxième niveau,Support,20,-435.0,303.0,-633.0,168.0,0.0,0.0
oe:player:fcaf8d61b00af32b04b32144a418b99,Will,Vancouver Impact,NACL,Amérique du Nord,Deuxième niveau,Jungle,20,-436.0,318.0,-906.0,174.0,0.0,0.0
oe:player:a4789b372c90f205df8abe782ea8c51,Jimsnop,The ParadOx Invaders,HLL,EMEA,Deuxième niveau,Mid,12,-436.0,302.0,-1375.0,,,
oe:player:f5002ae2d18fb61f94b1a977887043e,Soul,TeamOrangeGaming Academy,LPLOL,EMEA,Deuxième niveau,Support,14,-436.0,299.0,-1034.0,,,
oe:player:36f96a6f0a53a032d9c5a4ad6666cff,Caner,Odivelas Sports Club,LPLOL,EMEA,Deuxième niveau,ADC,10,-436.0,307.0,-1768.0,,,
oe:player:8d610fc7ab92a4e6f7c1136bc98282f,Dec0y,Apex Mission Impossible,NACL,Amérique du Nord,Deuxième niveau,Top,37,-437.0,314.0,-839.0,162.0,0.0,0.0
oe:player:a7fb3d0c8c5841d8b95153f998c6f14,raki,VARREL YOUTH,LJL,Asie-Pacifique,Deuxième niveau,ADC,48,-437.0,305.0,233.0,157.0,0.0,0.0
oe:player:3ecce3085c6886d516d2b8659880394,Robertoos,EXILE esports,HM,EMEA,Deuxième niveau,Support,18,-437.0,301.0,-1628.0,,,
oe:player:c274366e638db2400f33a093f331e26,Ludas Matyi,Delta Syndicate,HC,EMEA,Troisième niveau,Support,20,-438.0,306.0,83.0,29.0,0.0,0.0
oe:player:8259a6027d2018fa3016eac9ce3fb02,Mood,Lupus Esports,EBL,EMEA,Deuxième niveau,Support,12,-442.0,302.0,-1263.0,,,
oe:player:0ef7bab9edb5bf303c96b06d19ff7c7,bakisa,BeFive,EBL,EMEA,Deuxième niveau,ADC,17,-443.0,303.0,-1046.0,,,
oe:player:d326adc6ef1c5eab1f96472fce6ff9a,Ranorr,Delta Syndicate,HC,EMEA,Troisième niveau,Support,23,-443.0,301.0,59.0,31.0,0.0,0.0
oe:player:9e7e94a4d1bafa6f0c407975207433b,Leleko,Corinthians Esports,CD,Brésil & Amérique latine,Deuxième niveau,Mid,24,-443.0,311.0,-1063.0,162.0,0.0,0.0
oe:player:7bd0676defd824d3eebd338526a7164,KDavid02,Lupus Esports,EBL,EMEA,Deuxième niveau,ADC,10,-444.0,305.0,-1053.0,,,
oe:player:1763315d2b245c5490d69313fbe1c83,Globby,Zenshi Gaming,NACL,Amérique du Nord,Deuxième niveau,ADC,11,-445.0,324.0,-775.0,,,
oe:player:9f33a476918b35d7000f693b2d9b53f,Narttaker,Crusaders,LPLOL,EMEA,Deuxième niveau,Mid,20,-445.0,302.0,-1156.0,159.0,0.0,0.0
oe:player:4438e6de86f317adec821c223d661c8,Jinbeom,Dplus Kia Academy,LAS,Corée,Troisième niveau,ADC,134,-445.0,404.0,208.0,15.0,0.0,0.0
oe:player:27794d1d5db5f58191c83730eb000ee,Azu,REDPack Esports,EBL,EMEA,Deuxième niveau,ADC,13,-446.0,298.0,-1063.0,,,
oe:player:446ab8975b0d404881263d03beae83a,chico,Yang Yang Gaming,LJL,Asie-Pacifique,Deuxième niveau,ADC,39,-446.0,295.0,186.0,166.0,0.0,0.0
oe:player:48b88375b88ea3c0d85739b5ae8cc3e,Mita,BRUTE,HM,EMEA,Deuxième niveau,Support,24,-448.0,300.0,-1682.0,157.0,0.0,0.0
oe:player:ecac964b00dc5f2bce529bf79d13eaf,Paresz,Lenovo Legion Honvéd,EBL,EMEA,Deuxième niveau,Jungle,30,-448.0,297.0,-688.0,169.0,0.0,0.0
oe:player:974416ebbcd0b80fb34c30e0640658f,Rilski,Magaza Esports,EBL,EMEA,Deuxième niveau,Support,14,-448.0,303.0,-1289.0,,,
oe:player:6425cdfcdd02de2de34b914e20c41a7,SeMike,GLORE,HM,EMEA,Deuxième niveau,Mid,17,-448.0,302.0,-1472.0,,,
oe:player:73124aed8e061dafd713df6285a137a,Vahvel,Zer0 Trein0,CD,Brésil & Amérique latine,Deuxième niveau,Support,10,-448.0,324.0,-1134.0,,,
oe:player:302460c3b5ee3c8e67720dd58b536e1,AwerpiS,Divernex,HC,EMEA,Troisième niveau,Support,38,-449.0,302.0,26.0,29.0,0.0,0.0
oe:player:680aa9cda80deeabca952358ccfe95f,Ardo,Kawaii Kiwis,NEXO,EMEA,Troisième niveau,Support,24,-449.0,319.0,-102.0,27.0,0.0,0.0
oe:player:4f962bf150528860e79560794533c43,Despair,Dplus Kia Academy,LAS,Corée,Troisième niveau,Mid,134,-449.0,404.0,280.0,17.0,0.0,0.0
oe:player:24314567f14eeb3c380c72b8dc211c2,Exile1,CITA Kaizen,EBL,EMEA,Deuxième niveau,Jungle,14,-450.0,296.0,-698.0,,,
oe:player:5b16af243fe7c9a3bfd726bdc748752,Shimmer,Vancouver Impact,NACL,Amérique du Nord,Deuxième niveau,Jungle,17,-451.0,312.0,-982.0,,,
oe:player:9eb3ff11f4da065126be5d1aa1ea103,Kappa1,Andromeda Gaming,HC,EMEA,Troisième niveau,Mid,29,-451.0,305.0,-248.0,27.0,0.0,0.0
oe:player:bf3a9a76cc8f415a2d805f7b7a7fc3b,Space,Myth Esports,ROL,EMEA,Deuxième niveau,ADC,35,-451.0,294.0,-868.0,170.0,0.0,0.0
oe:player:9956831ad680b7da2fc7e9549e8a026,Tub,Cupid Esports,NACL,Amérique du Nord,Deuxième niveau,Support,45,-453.0,316.0,-1055.0,169.0,0.0,0.0
oe:player:7378a82177ee6bee2015ac5d134abe3,Seiya,LYON Academy,LRN,Brésil & Amérique latine,Deuxième niveau,Mid,31,-454.0,317.0,-767.0,175.0,0.0,0.0
oe:player:3ec4168709e1af5cdf9f8fd66dec6f2,Salami,Meavedron,HC,EMEA,Troisième niveau,ADC,46,-454.0,290.0,47.0,21.0,0.0,0.0
oe:player:fd232826ff3976840e994bb85a3bd46,Domoles,Magaza Esports,EBL,EMEA,Deuxième niveau,Mid,14,-454.0,303.0,-1088.0,,,
oe:player:dc7ebef6711d92bfeb5377bfc72bb82,Polychiki,Jörmungang,ROL,EMEA,Deuxième niveau,Support,44,-456.0,293.0,-1147.0,147.0,0.0,0.0
oe:player:dcb6827e929941b7d85d96ae4c69db0,Eltrico,Zer0 Trein0,CD,Brésil & Amérique latine,Deuxième niveau,Mid,10,-456.0,324.0,-1125.0,,,
oe:player:b146d01b1c50e07ca869c04c700b926,Chordy,Farenvehn,LRS,Brésil & Amérique latine,Deuxième niveau,Top,54,-456.0,302.0,1159.0,155.0,0.0,0.0
oe:player:881b9cbf6567a84a259bec4e55f034e,tomomaso,Andromeda Gaming,HC,EMEA,Troisième niveau,Top,31,-457.0,305.0,35.0,31.0,0.0,0.0
oe:player:e59a033ea6cd5e1bdc56397fbe2896b,Aikawa,Rise Gaming,CD,Brésil & Amérique latine,Deuxième niveau,ADC,24,-457.0,315.0,-1132.0,179.0,0.0,0.0
oe:player:fa917cc2aeb0b9df6c7ca3105690f4a,NaiNa,Yang Yang Gaming,LJL,Asie-Pacifique,Deuxième niveau,ADC,22,-459.0,309.0,122.0,167.0,0.0,0.0
oe:player:943f53d325e6a71dab00800edcbbac6,Shakur,GTZ Esports,LPLOL,EMEA,Deuxième niveau,ADC,19,-459.0,297.0,-1885.0,,,
oe:player:06083168eaeed9302cad85c25f33005,Marlley,Diversion Gaming,HC,EMEA,Troisième niveau,Support,59,-460.0,290.0,-28.0,29.0,0.0,0.0
oe:player:9b7c45e7ef1970c25aee38bf556f8c0,Kozak,Green Dolphin Gaming,NEXO,EMEA,Troisième niveau,ADC,16,-460.0,324.0,285.0,,,
oe:player:52bc99d5390cae1d4097906abde0560,Inspire,Ethereal Enigmas,HC,EMEA,Troisième niveau,Mid,53,-460.0,293.0,-292.0,26.0,0.0,0.0
oe:player:dfeef0ad11329eb650c8146697b943e,JuanDeDios,DCT eSports,LRN,Brésil & Amérique latine,Deuxième niveau,Top,10,-462.0,331.0,-1029.0,,,
oe:player:bea7bb8065c436ca956c978e30eb441,zay,Rise Gaming,CD,Brésil & Amérique latine,Deuxième niveau,Support,38,-462.0,305.0,-1203.0,172.0,0.0,0.0
oe:player:76ae2e1c04e57e1c385524a20193b25,LVS,Odivelas Sports Club,LPLOL,EMEA,Deuxième niveau,Top,16,-462.0,305.0,-1167.0,,,
oe:player:579eab5c8b8db892cc12d4905841a27,Odessa,Spirit Quartz Gaming,LJL,Asie-Pacifique,Deuxième niveau,Support,22,-462.0,309.0,-25.0,166.0,0.0,0.0
oe:player:84e640911c6d6f172d4cf1c7cc78a67,Crecre,Zeu5 Esports,LRN,Brésil & Amérique latine,Deuxième niveau,Support,18,-464.0,325.0,-1684.0,,,
oe:player:9addc44e0ac4234d13dbabdacc3c556,Molanes,Green Dolphin Gaming,NEXO,EMEA,Troisième niveau,Jungle,12,-464.0,328.0,334.0,,,
oe:player:fb86cfcac62bd8baa0902e71c3d5972,Warangelus,Sicar Esports,LRS,Brésil & Amérique latine,Deuxième niveau,ADC,38,-464.0,310.0,542.0,181.0,0.0,0.0
oe:player:cc7d2fcc0750626772a0d7cf65cbbc2,Nxi,Zenshi Gaming,NACL,Amérique du Nord,Deuxième niveau,Jungle,11,-464.0,324.0,-1047.0,,,
oe:player:0f904d3681f72962dfedf3f52c1411b,Cupic,Zenshi Gaming,NACL,Amérique du Nord,Deuxième niveau,Mid,11,-467.0,324.0,-993.0,,,
oe:player:ff5791b44dd8871b952a4b6e49cc764,KatzGames,Oxygen Gaming,NEXO,EMEA,Troisième niveau,Top,44,-468.0,311.0,289.0,24.0,0.0,0.0
oe:player:3d3d58f5d926d2292149dc101df276e,Kenia,Dplus Kia Academy,LAS,Corée,Troisième niveau,Support,80,-468.0,395.0,40.0,20.0,0.0,0.0
oe:player:3ccc1bf70bf1cb077119d7477ac3b87,jmz,Zer0 Trein0,CD,Brésil & Amérique latine,Deuxième niveau,Top,24,-468.0,314.0,-1141.0,158.0,0.0,0.0
oe:player:bb5c7206e3649115d113a7618b0abe6,Petoska,Team Refuse,HLL,EMEA,Deuxième niveau,Top,15,-469.0,297.0,-1512.0,,,
oe:player:5a2139c7204fe5710763717ef89e81d,Busvicke,Delta Syndicate,HC,EMEA,Troisième niveau,Top,19,-470.0,307.0,-31.0,,,
oe:player:acd24e0d1480eb6a5765fc376567bcc,GoDirr,Ethereal Enigmas,HC,EMEA,Troisième niveau,Top,25,-470.0,306.0,-30.0,29.0,0.0,0.0
oe:player:dcc264d9d5ce6cdf4535b881de4add0,Janis,Jörmungang,ROL,EMEA,Deuxième niveau,Jungle,29,-470.0,291.0,-1033.0,170.0,0.0,0.0
oe:player:77c10036edafc6b267a710e0525bf7a,Yoangi,Guinea Pink,NEXO,EMEA,Troisième niveau,ADC,13,-472.0,326.0,222.0,,,
oe:player:c6b0f5adc051b4f9e86c3ce8b92455d,Pancake,Sicar Esports,LRS,Brésil & Amérique latine,Deuxième niveau,Jungle,39,-473.0,319.0,661.0,175.0,0.0,0.0
oe:player:0977053cb0b9d29bcc9ed9305a22756,Miracle,ODD Esports,LRN,Brésil & Amérique latine,Deuxième niveau,Support,13,-474.0,330.0,-1734.0,,,
oe:player:183bae2f35280bc8e0705ef0799bb5f,Apatheia,GTZ Esports,LPLOL,EMEA,Deuxième niveau,Jungle,13,-476.0,308.0,-1340.0,,,
name:BOO rururu,BOO rururu,Bamboo Juice,LJL,Asie-Pacifique,Deuxième niveau,ADC,10,-476.0,314.0,36.0,,,
oe:player:6d416f7786dbe588eaa6ab48666588d,En,HELL PIGS,PCS,Asie-Pacifique,Deuxième niveau,Support,22,-476.0,297.0,-2215.0,169.0,0.0,0.0
oe:player:736a2896b5b7f960305f3b106303e8a,Kocourek,Andromeda Gaming,HC,EMEA,Troisième niveau,Jungle,31,-477.0,305.0,-141.0,29.0,0.0,0.0
oe:player:843904945e20b8d57efd59cd1387bd6,Taara,Zer0 Trein0,CD,Brésil & Amérique latine,Deuxième niveau,ADC,10,-478.0,324.0,-1236.0,,,
oe:player:18fb9695f004925012bf3ae5826b780,Stray,Zeu5 Esports,LRN,Brésil & Amérique latine,Deuxième niveau,Top,39,-478.0,305.0,-1112.0,162.0,0.0,0.0
oe:player:41391c4a6e0aed1277f6cc49d4c2dc3,Asilah,Zeu5 Esports,LRN,Brésil & Amérique latine,Deuxième niveau,Mid,39,-479.0,305.0,-892.0,169.0,0.0,0.0
oe:player:cce5953fa7580178f396cdd3f8d618e,Lumity,Aurora,ROL,EMEA,Deuxième niveau,Mid,34,-480.0,293.0,-989.0,171.0,0.0,0.0
oe:player:ed2ce922701169a70704f2bf956b828,Etoo,Divernex,HC,EMEA,Troisième niveau,ADC,38,-481.0,302.0,-87.0,25.0,0.0,0.0
oe:player:991e1b7e0abe0b445300cd123c16dd1,Should,BNK FEARX Academy,LAS,Corée,Troisième niveau,Support,51,-482.0,394.0,-28.0,25.0,0.0,0.0
oe:player:98082d11ca69482a663e13b86314e89,CoBiT,DN SOOPers Academy,LAS,Corée,Troisième niveau,Support,64,-483.0,400.0,-34.0,24.0,0.0,0.0
oe:player:18dda64c4e4ddbc098acc8268f532ef,2Guns,DCT eSports,LRN,Brésil & Amérique latine,Deuxième niveau,ADC,10,-484.0,331.0,-382.0,,,
oe:player:4c992404b9946c957aac7c12dd061ed,Sudzzi,Vancouver Impact,NACL,Amérique du Nord,Deuxième niveau,Mid,24,-485.0,317.0,-1081.0,170.0,0.0,0.0
oe:player:3e399114ebc16721af820c236337309,chilD,Lechuga Gaming,LRS,Brésil & Amérique latine,Deuxième niveau,Support,14,-486.0,321.0,257.0,,,
oe:player:07d1c57ec273126c65dbd1197abdb47,Pockus,Apex Mission Impossible,NACL,Amérique du Nord,Deuxième niveau,Support,26,-487.0,315.0,-1225.0,176.0,0.0,0.0
oe:player:dd685a824d4a506a952a6a8a90e0a81,Fragola,aNc Legends,LIT,EMEA,Deuxième niveau,Jungle,30,-488.0,297.0,-1125.0,178.0,0.0,0.0
oe:player:c60e2037df99daf9967f240f2e56ad6,Frieren,T1 Esports Academy Rookies,LAS,Corée,Troisième niveau,Mid,11,-489.0,403.0,79.0,,,
oe:player:713a01ab419f96cb320352765e8791d,Bio,Cupid Esports,NACL,Amérique du Nord,Deuxième niveau,Jungle,45,-489.0,316.0,-1171.0,175.0,0.0,0.0
oe:player:efb44d8a91fd2879b25e354bf6ea7a1,Burence,Connect Arena Esports,EBL,EMEA,Deuxième niveau,Support,11,-490.0,303.0,-1501.0,,,
oe:player:2ccb0da6992e4b8c23c24850228d1eb,Kiefer,Sicar Esports,LRS,Brésil & Amérique latine,Deuxième niveau,Mid,39,-491.0,319.0,394.0,170.0,0.0,0.0
oe:player:0cfe46c9ae6f1654b9363084c559648,Zephyr,Gen.G Scholars,LAS,Corée,Troisième niveau,Jungle,95,-491.0,397.0,-252.0,22.0,0.0,0.0
oe:player:1ffe4edb03fc62a526fdc5fb3785584,Ever,Aurora,ROL,EMEA,Deuxième niveau,Jungle,13,-491.0,303.0,-1139.0,,,
oe:player:1b8d9da027376ae2246e32e0ed1d95d,Tropy16,Divernex,HC,EMEA,Troisième niveau,Top,38,-493.0,302.0,-144.0,31.0,0.0,0.0
oe:player:b01d3328e7951a05d7a0f67e0321933,WonSeok,HANJIN BRION Academy,LAS,Corée,Troisième niveau,Jungle,48,-494.0,413.0,-267.0,22.0,0.0,0.0
oe:player:0d0fd3fe6a1c8ccae7648f0f2a31a2c,Alex,Team High Ground,NL,EMEA,Troisième niveau,Mid,11,-494.0,301.0,-2847.0,,,
oe:player:48f30334a4a3aec6b19383eda333bfd,Dyenn,Kawaii Kiwis,NEXO,EMEA,Troisième niveau,Mid,35,-495.0,316.0,134.0,27.0,0.0,0.0
oe:player:5fe6005bf6e415c950c011fb65f12b8,Deleted,Nocturne Gale,NEXO,EMEA,Troisième niveau,Support,36,-496.0,318.0,-337.0,30.0,0.0,0.0
oe:player:a4cc694392bab6b30196bfb5a49e0a9,Nukez,Vancouver Impact,NACL,Amérique du Nord,Deuxième niveau,Support,25,-497.0,318.0,-1274.0,176.0,0.0,0.0
oe:player:e6228f265b92269d2655a05a4824bfc,Daiky,LYON Academy,LRN,Brésil & Amérique latine,Deuxième niveau,Jungle,15,-497.0,324.0,-729.0,,,
oe:player:d4fa98b87b772a8882688a09c07a4ac,Randal,e-Champ Gaming,CD,Brésil & Amérique latine,Deuxième niveau,Jungle,13,-498.0,317.0,-1861.0,,,
oe:player:373da423dfeaac257b4ab3b266123be,Revenge,HANJIN BRION Academy,LAS,Corée,Troisième niveau,ADC,48,-500.0,413.0,-66.0,20.0,0.0,0.0
oe:player:ba0555049bc1c041839c65f6b0af6dc,Gilito,eQuizers,NEXO,EMEA,Troisième niveau,Support,17,-500.0,331.0,-354.0,,,
oe:player:939c3714742dbcd5d98cc2e2e399750,HALdesu,VARREL YOUTH,LJL,Asie-Pacifique,Deuxième niveau,Jungle,31,-502.0,304.0,-248.0,167.0,0.0,0.0
oe:player:d7560fc4ec70f8b12e5dd435668b292,PlanB,HANJIN BRION Academy,LAS,Corée,Troisième niveau,Support,48,-502.0,413.0,-130.0,23.0,0.0,0.0
oe:player:8ec0aa43c13bd012a37baf5f85ea5bf,Hub,Cupid Esports,NACL,Amérique du Nord,Deuxième niveau,ADC,45,-503.0,316.0,-1067.0,180.0,0.0,0.0
oe:player:f8adb175c21b826449191b92c7bf66e,Yasikof,DCT eSports,LRN,Brésil & Amérique latine,Deuxième niveau,Jungle,10,-503.0,331.0,-756.0,,,
oe:player:f25279f69af9a74e04786912946cc0a,Specter,HANJIN BRION Academy,LAS,Corée,Troisième niveau,Top,27,-503.0,382.0,-607.0,25.0,0.0,0.0
oe:player:ec0b2acd69ac90bab193393bd8b226a,Phoenix,Senshi eSports,ROL,EMEA,Deuxième niveau,Mid,14,-503.0,300.0,-1105.0,,,
oe:player:a56e1ab8cab2c426ffe31f49b4491f0,Caltys,G2 Hel,NEXO,EMEA,Troisième niveau,ADC,31,-504.0,321.0,66.0,25.0,0.0,0.0
oe:player:9b1268aac9753ab8012e3e77aa18ac3,PepiineroJr,Guinea Pink,NEXO,EMEA,Troisième niveau,Mid,21,-505.0,315.0,85.0,27.0,0.0,0.0
oe:player:3a20dadc4114d05ac4f44696c3c71ec,DrCalculus,Cupid Esports,NACL,Amérique du Nord,Deuxième niveau,Top,45,-505.0,316.0,-1176.0,163.0,0.0,0.0
oe:player:eb4afbc02f6cf896b0bd94b5dd274dc,JayJay,Keypulse Esports,LPLOL,EMEA,Deuxième niveau,Mid,13,-505.0,302.0,-1456.0,,,
oe:player:42f89f1c19abbf541a6e3e08ee1e1bc,CaptainSexy,Venomcrest Esports,HC,EMEA,Troisième niveau,ADC,12,-505.0,297.0,-203.0,,,
oe:player:acb52844f996627788836366404a324,zeen,Ethereal Enigmas,HC,EMEA,Troisième niveau,Jungle,20,-506.0,306.0,-285.0,31.0,0.0,0.0
oe:player:f8e809d2354cd33f8e96e072c81bf4b,Hattor1s,Team Insidious,HLL,EMEA,Deuxième niveau,ADC,14,-507.0,303.0,-1723.0,,,
oe:player:0d5f43b567e648d9cd05192bdb0dd36,Colomblbl,G2 Hel,NEXO,EMEA,Troisième niveau,Support,31,-507.0,321.0,-393.0,33.0,0.0,0.0
name:BOO Blender,BOO Blender,Bamboo Juice,LJL,Asie-Pacifique,Deuxième niveau,Jungle,18,-508.0,312.0,-277.0,,,
oe:player:88826a7693940efe29276b9e777fe7e,Rayming,Jörmungang,ROL,EMEA,Deuxième niveau,ADC,17,-509.0,303.0,-1158.0,,,
oe:player:adb00e1f2a4d7d73fe8fcf2daabe715,Starhide,FUSION (Latin American Team),LRN,Brésil & Amérique latine,Deuxième niveau,Support,13,-510.0,326.0,-1914.0,,,
oe:player:82416dfeed801e2846a7c12a3649ab3,behave,Magaza Esports,EBL,EMEA,Deuxième niveau,Jungle,34,-510.0,283.0,-998.0,177.0,0.0,0.0
oe:player:5b61143045d553ac4543ddc2f705465,rym,G2 Hel,NEXO,EMEA,Troisième niveau,Mid,30,-511.0,320.0,54.0,27.0,0.0,0.0
name:BOO FuraFura,BOO FuraFura,Bamboo Juice,LJL,Asie-Pacifique,Deuxième niveau,Top,18,-512.0,312.0,-213.0,,,
oe:player:1210c5dd488253f1992aa1f339e9f90,Shiina,G2 Hel,NEXO,EMEA,Troisième niveau,Jungle,31,-512.0,321.0,92.0,30.0,0.0,0.0
oe:player:751e44408b250f193cb6456c21e4d1f,Phyraxx,Team High Ground,LPLOL,EMEA,Deuxième niveau,Top,14,-514.0,303.0,-1430.0,,,
oe:player:b326d714f788e17d607ea289549fe64,Damocles,RAYN Clocks,LJL,Asie-Pacifique,Deuxième niveau,ADC,48,-514.0,304.0,-154.0,160.5,0.0,0.0
oe:player:ae1fda904e6a2f592e9054e5644c7ea,Vox,Nongshim RedForce Academy,LAS,Corée,Troisième niveau,ADC,48,-515.0,396.0,-142.0,20.0,0.0,0.0
name:VT Magus,VT Magus,Vortex (Japanese Team),LJL,Asie-Pacifique,Deuxième niveau,Support,14,-517.0,313.0,-305.0,,,
oe:player:31a1016a55a58488cfcefbc29f995b9,NANINI,FUSION (Latin American Team),LRN,Brésil & Amérique latine,Deuxième niveau,ADC,13,-517.0,326.0,-548.0,,,
oe:player:af53a95bc92243dd59b8a8d95070794,gomamugicha,RAYN Clocks,LJL,Asie-Pacifique,Deuxième niveau,Support,29,-519.0,304.0,-312.0,158.0,0.0,0.0
name:BVL uwaa,BVL uwaa,BraVeLY,LJL,Asie-Pacifique,Deuxième niveau,Mid,11,-519.0,315.0,-254.0,,,
oe:player:978bedf7b9bb2396f915a3b8a8eeaba,Swissking,Andromeda Gaming,HC,EMEA,Troisième niveau,Support,23,-520.0,307.0,-327.0,35.0,0.0,0.0
oe:player:54f128223ee01afa0a5c6412027a8ae,DiDi,Maze Gaming,LRS,Brésil & Amérique latine,Deuxième niveau,Mid,45,-520.0,329.0,247.0,169.0,0.0,0.0
oe:player:a7e3b53ec6720ad8502760987a88cc7,Kwebz,Team High Ground,LPLOL,EMEA,Deuxième niveau,Support,19,-521.0,297.0,-1456.0,,,
oe:player:d15b82adddaa090c020804784cb9ed3,Funky,Maze Gaming,LRS,Brésil & Amérique latine,Deuxième niveau,Jungle,45,-522.0,329.0,419.0,173.5,0.0,0.0
oe:player:2d8c46d60e8b608291959bf5330347c,Prominence,Kawaii Kiwis,NEXO,EMEA,Troisième niveau,Jungle,35,-522.0,316.0,46.0,30.0,0.0,0.0
oe:player:a6aa4786c309511bd63cd8f39bc3e4b,Munet,BRUTE,HM,EMEA,Deuxième niveau,Support,10,-523.0,303.0,-2056.0,,,
oe:player:906c6cdbfce615131dafcbeb1bbe7e8,Blind Walker,PÊEK Gaming,LRN,Brésil & Amérique latine,Deuxième niveau,Jungle,23,-524.0,322.0,-861.0,181.0,0.0,0.0
oe:player:b212d1530246adf1cdd20636697f81c,Argonauta,DCT eSports,LRN,Brésil & Amérique latine,Deuxième niveau,Support,10,-524.0,331.0,-1985.0,,,
oe:player:c142a73b77f3c3df40777af2651f491,Side,Gen.G Scholars,LAS,Corée,Troisième niveau,Top,24,-528.0,407.0,-731.0,26.0,0.0,0.0
oe:player:670af61f00834a13d7ecbf75a187c83,Kenma,Spirit Quartz Gaming,LJL,Asie-Pacifique,Deuxième niveau,Top,22,-528.0,309.0,-294.0,160.0,0.0,0.0
oe:player:3d3ad0a473d6a608c1b19515459ccdf,Rewound,NGU eSports,NEXO,EMEA,Troisième niveau,Jungle,23,-529.0,321.0,6.0,26.0,0.0,0.0
oe:player:df228b3901f1842b9277b61e2adc67e,Ark,Nongshim RedForce Academy,LAS,Corée,Troisième niveau,Jungle,48,-529.0,396.0,-440.0,23.0,0.0,0.0
name:NCP Nangning,NCP Nangning,Night Cap,LJL,Asie-Pacifique,Deuxième niveau,Mid,12,-529.0,315.0,-306.0,,,
oe:player:b27aeb4e04e35dc165345d3a21b61e5,Josifek04,Divernex,HC,EMEA,Troisième niveau,Jungle,38,-530.0,302.0,-404.0,32.0,0.0,0.0
oe:player:0a7c15b8702ebdc6706ebef40309126,Brizz,aNc Legends,LIT,EMEA,Deuxième niveau,Support,29,-532.0,297.0,-1121.0,176.0,0.0,0.0
oe:player:6accf65e8e7af7f8bc77bbd817a00c2,LightFall,Guinea Pink,NEXO,EMEA,Troisième niveau,Top,13,-534.0,326.0,-40.0,,,
oe:player:aaa8bc3b73bb36e8638857dd41dbeaf,Kita,LYON Academy,LRN,Brésil & Amérique latine,Deuxième niveau,Support,15,-535.0,326.0,-2037.0,,,
name:DG applepasta,DG applepasta,Deltan Gaming,LJL,Asie-Pacifique,Deuxième niveau,Top,19,-535.0,311.0,-330.0,,,
oe:player:11ca8602d3855c158442bb37c9254bb,Neadz,Lechuga Gaming,LRS,Brésil & Amérique latine,Deuxième niveau,Mid,16,-537.0,335.0,162.0,,,
oe:player:3be8d1a116788e4cd4853801a2e9a3d,MihawK,Nongshim Esports Academy,LAS,Corée,Troisième niveau,Jungle,56,-538.0,376.0,-487.0,27.5,0.0,0.0
oe:player:6cda5ac78f292ffeac6d2c599c007ca,aadam,Cupid Esports,NACL,Amérique du Nord,Deuxième niveau,Mid,45,-539.0,316.0,-1352.0,170.0,0.0,0.0
name:BOO Snow Panda,BOO Snow Panda,Bamboo Juice,LJL,Asie-Pacifique,Deuxième niveau,Support,18,-540.0,312.0,-416.0,,,
oe:player:27af17b234858aa267c3be117393a0e,TalentLess,Divernex,HC,EMEA,Troisième niveau,Mid,38,-541.0,302.0,-697.0,31.0,0.0,0.0
oe:player:c21df34df89c6fa7baa125670272558,Hinata,HANJIN BRION Academy,LAS,Corée,Troisième niveau,Mid,99,-542.0,399.0,-184.0,23.0,0.0,0.0
oe:player:ccd47b3ec9b7a034b2b71e8516427e3,ZaFiR,EKO Esports,LIT,EMEA,Deuxième niveau,Support,38,-543.0,282.0,-1174.0,175.0,0.0,0.0
oe:player:cea4ac76719b86abb470e3b6f24422a,Basraket,Ethereal Enigmas,HC,EMEA,Troisième niveau,ADC,39,-543.0,293.0,-397.0,28.0,0.0,0.0
oe:player:96780e8959ce77ff5cfce9a491e7f22,Banino,Underworld Esports,LIT,EMEA,Deuxième niveau,Support,14,-543.0,304.0,-1176.0,,,
oe:player:6b28fcee6b9d1ddf7c2e481e7fc1c0e,Lumos,Gen.G Scholars,LAS,Corée,Troisième niveau,Support,30,-544.0,409.0,-340.0,30.0,0.0,0.0
oe:player:32021f59c40539f27ff6300bb840ca2,Kaii,Nocturne Gale,NEXO,EMEA,Troisième niveau,ADC,18,-544.0,323.0,-137.0,,,
oe:player:3f364c4a0e11df79bcf62f295c9a4de,Rosa,Tigers eSports,CD,Brésil & Amérique latine,Deuxième niveau,ADC,12,-545.0,320.0,-1571.0,,,
oe:player:c62fc8e0de2383c550d5b0ee2b8c49b,Exduardo,Grow uP eSports,LPLOL,EMEA,Deuxième niveau,ADC,13,-546.0,300.0,-2318.0,,,
oe:player:7a02b42113a4a0bc356e4b708a41387,Nitz,Tigers eSports,CD,Brésil & Amérique latine,Deuxième niveau,Mid,12,-547.0,320.0,-1582.0,,,
oe:player:df6ffeebd8ad4f07f2ee8bd04742d85,Zev,Vancouver Impact,NACL,Amérique du Nord,Deuxième niveau,ADC,25,-547.0,318.0,-1287.0,186.0,0.0,0.0
oe:player:90699d17357a1dfc197c6ee0fce76d7,PhyMini,Luminosity Gaming,NACL,Amérique du Nord,Deuxième niveau,Mid,28,-547.0,314.0,-1392.0,177.0,0.0,0.0
oe:player:7e07fe80f20bacefefe430e7ce179ca,Maty,EXILE esports,HC,EMEA,Troisième niveau,Support,10,-548.0,311.0,-468.0,,,
oe:player:516c815c20166ace69ac4024ab9dc02,Fush,Jörmungang,ROL,EMEA,Deuxième niveau,Top,17,-550.0,303.0,-1261.0,,,
oe:player:bcafc49a54b37ce91812273fde05da1,Wamu,Maze Gaming,LRS,Brésil & Amérique latine,Deuxième niveau,Top,45,-550.0,329.0,691.0,164.0,0.0,0.0
name:DG hatinyang,DG hatinyang,Deltan Gaming,LJL,Asie-Pacifique,Deuxième niveau,Mid,19,-551.0,311.0,-413.0,,,
oe:player:e3c86d13da04ce1f0f10d451d7c5df8,Master Jos,DCT eSports,LRN,Brésil & Amérique latine,Deuxième niveau,Mid,10,-551.0,331.0,-1254.0,,,
oe:player:f62515559d817cb05f979bfdf640cfe,Tigrot,Axolotl,LIT,EMEA,Deuxième niveau,Support,16,-551.0,304.0,-1213.0,,,
oe:player:f5cacc1f783c996318411f595272c71,Lojaz,Apex Mission Impossible,NACL,Amérique du Nord,Deuxième niveau,Jungle,41,-552.0,309.0,-1486.0,177.0,0.0,0.0
oe:player:137daadb3bab4f0b992eb08a3939e72,Poweh,Falke Esports,NEXO,EMEA,Troisième niveau,Top,34,-553.0,313.0,-134.0,32.0,0.0,0.0
oe:player:fcad22cfbbf80065adc8436d9f82492,Aitlade,Team High Ground,LPLOL,EMEA,Deuxième niveau,ADC,14,-554.0,303.0,-2358.0,,,
oe:player:184d97e1a8e8130dfb0a41329b780c6,Dragoon,Vancouver Impact,NACL,Amérique du Nord,Deuxième niveau,Top,25,-554.0,318.0,-1424.0,169.0,0.0,0.0
oe:player:b3930e087fe235378c3be105e7f5972,Ivok,The ParadOx Invaders,HLL,EMEA,Deuxième niveau,Mid,17,-554.0,294.0,-1966.0,,,
oe:player:238bc1a8dbba35dbd93e4c7793a20a0,Gastruks,Maze Gaming,LRS,Brésil & Amérique latine,Deuxième niveau,Support,44,-556.0,329.0,-92.0,175.5,0.0,0.0
oe:player:4f7a70e4a2d3a81289bd3efad09b915,Fatorix,inf,LRN,Brésil & Amérique latine,Deuxième niveau,ADC,18,-558.0,328.0,-754.0,,,
oe:player:626ce4966b5ec76ebc22d57c1fe9c55,Skyp,Dynamo Eclot Talents,HC,EMEA,Troisième niveau,ADC,18,-561.0,306.0,-487.0,,,
name:NCP Lchallenge,NCP Lchallenge,Night Cap,LJL,Asie-Pacifique,Deuxième niveau,Support,12,-561.0,315.0,-524.0,,,
oe:player:6b002c8f710eae7ff08c68540252161,Necro,Andromeda Gaming,HC,EMEA,Troisième niveau,ADC,23,-563.0,307.0,-494.0,30.0,0.0,0.0
oe:player:fbda6b0c0c46b4abfd3518c03e96e02,Perle,Vortex (Japanese Team),LJL,Asie-Pacifique,Deuxième niveau,Top,39,-563.0,297.0,-468.0,167.0,0.0,0.0
oe:player:aa78a29ff5698b02473200f983ac3c5,Carros,GTZ Esports,LPLOL,EMEA,Deuxième niveau,ADC,15,-564.0,296.0,-2408.0,,,
oe:player:8429daba1cf5e1f32cc0d08298a944d,Cristonex,LYON Academy,LRN,Brésil & Amérique latine,Deuxième niveau,Top,15,-565.0,326.0,-1547.0,,,
oe:player:cf3e8eb2bfa98f42b94d13c386e9757,Kingsblade,Kawaii Kiwis,NEXO,EMEA,Troisième niveau,Top,22,-566.0,322.0,-200.0,34.0,0.0,0.0
oe:player:928d683aac82e48252ba7f9a87e0680,Enthralled,Zeu5 Esports,LRN,Brésil & Amérique latine,Deuxième niveau,ADC,18,-566.0,325.0,-795.0,,,
oe:player:de8ee8c5d6fc0e3a2fe84e0a4f4d1a0,WalliR,BRUTE,HM,EMEA,Deuxième niveau,Mid,65,-566.0,280.0,-2063.0,175.0,0.0,0.0
oe:player:736b6039f07dc28432644d2a9997abe,Lac,Maze Gaming,LRS,Brésil & Amérique latine,Deuxième niveau,ADC,45,-567.0,329.0,22.0,182.0,0.0,0.0
oe:player:86ee7da72c5b4e5cbead61108633617,Berik,Zenshi Gaming,NACL,Amérique du Nord,Deuxième niveau,Top,15,-568.0,319.0,-1494.0,,,
oe:player:5a4bcb095f3936badc27e5d580dedd8,Gus,inf,LRN,Brésil & Amérique latine,Deuxième niveau,Mid,16,-568.0,326.0,-1335.0,,,
oe:player:da419b18168d3b22ff436dd4246c910,Nae,Kawaii Kiwis,NEXO,EMEA,Troisième niveau,ADC,39,-570.0,309.0,-267.0,27.0,0.0,0.0
oe:player:2597d961abe7a1cd0b4ae9c393ea9f9,Dino,A One Man Army,ROL,EMEA,Deuxième niveau,Jungle,10,-571.0,305.0,-1541.0,,,
oe:player:e427c5e627936477e7b83048bf11092,Intio,LYON Academy,LRN,Brésil & Amérique latine,Deuxième niveau,ADC,31,-571.0,317.0,-817.0,191.0,0.0,0.0
oe:player:5ceca96ff1bf52b5c77de78c0bdea0b,Shavo,LYON Academy,LRN,Brésil & Amérique latine,Deuxième niveau,Top,16,-572.0,324.0,-1581.0,,,
name:VT Nangning,VT Nangning,Vortex (Japanese Team),LJL,Asie-Pacifique,Deuxième niveau,Mid,17,-575.0,312.0,-534.0,,,
oe:player:ba2b37f19ba735f23ce71cb133ea4e5,Putin,PÊEK Gaming,LRN,Brésil & Amérique latine,Deuxième niveau,Top,23,-576.0,322.0,-1603.0,170.0,0.0,0.0
oe:player:f987efb3da0d056699079e5f6755ef2,Pinkmin,Monta Club,NEXO,EMEA,Troisième niveau,Support,26,-576.0,319.0,-738.0,38.0,0.0,0.0
oe:player:79c92e33654a88f6aa589017040a2d7,Flashpowa,Crusaders,LPLOL,EMEA,Deuxième niveau,ADC,16,-577.0,304.0,-2475.0,,,
oe:player:ba1c003769638fb7993b8d39e47b8a0,KNEZA,BRUTE,HM,EMEA,Deuxième niveau,ADC,35,-578.0,283.0,-1512.0,181.0,0.0,0.0
oe:player:75588c1a5841c4b05fd3dce86c8019e,Vyctor,aNc Legends,LIT,EMEA,Deuxième niveau,Mid,30,-579.0,297.0,-1047.0,175.0,0.0,0.0
oe:player:0d7f00932345f75d100bbd3e101b662,Grèédy,Nigma Galaxy,AL,EMEA,Deuxième niveau,Support,16,-580.0,299.0,-2161.0,,,
oe:player:c652d5d02475a70e3981f0ea484e63c,Bold,Monta Club,NEXO,EMEA,Troisième niveau,ADC,25,-581.0,316.0,-320.0,27.0,0.0,0.0
oe:player:9203016d817c256b8ad3dbbcf2214fa,FoobaR,GLORE,HM,EMEA,Deuxième niveau,Jungle,21,-582.0,298.0,-1861.0,173.0,0.0,0.0
oe:player:5d19b31b19f362f152fd879942be56c,Shu Hari,Sicar Esports,LRS,Brésil & Amérique latine,Deuxième niveau,Support,47,-582.0,312.0,-226.0,178.0,0.0,0.0
oe:player:ab921907d86cd2439d6bd3e4af1aec5,Deidara,aNc Legends,LIT,EMEA,Deuxième niveau,Top,30,-582.0,297.0,-1127.0,170.0,0.0,0.0
oe:player:6e5295d3ee1bea899b814bffc6a3f87,Yur4ik,Green Dolphin Gaming,NEXO,EMEA,Troisième niveau,Support,18,-585.0,322.0,-782.0,,,
oe:player:92d72eced2158938cc6c5615838a432,Padawii,Axolotl,LIT,EMEA,Deuxième niveau,ADC,16,-586.0,304.0,-1540.0,,,
oe:player:d38c22f001ead90aab3d71d27c9227b,Unicow,A One Man Army,ROL,EMEA,Deuxième niveau,Mid,14,-586.0,303.0,-1516.0,,,
oe:player:93fee216282adb6317d372ddd0796cc,Raizy,The ParadOx Invaders,HLL,EMEA,Deuxième niveau,Mid,14,-587.0,300.0,-2132.0,,,
oe:player:3702651ddf7079389b727c8326fa1dd,Mikano,A One Man Army,ROL,EMEA,Deuxième niveau,ADC,14,-587.0,303.0,-1547.0,,,
oe:player:da470a4a0c74854e91b8c867dfee583,Nary,Dynamo Eclot Talents,HC,EMEA,Troisième niveau,Top,19,-587.0,306.0,-614.0,,,
oe:player:5a2e97c47cf81189cd59558323b410c,NvN,Priority,HC,EMEA,Troisième niveau,Mid,13,-588.0,306.0,-930.0,,,
oe:player:7b7ec7c6a51611fd56338a689ac3fd2,Namsi,Nongshim RedForce Academy,LAS,Corée,Troisième niveau,Support,93,-589.0,396.0,-561.0,31.0,0.0,0.0
oe:player:a20d8ea04b7f6f64b7aefe99b470436,Ichikawa,PÊEK Gaming,LRN,Brésil & Amérique latine,Deuxième niveau,ADC,21,-589.0,321.0,-909.0,189.0,0.0,0.0
oe:player:d4ef1dbd917273a834cb004be0add79,Danden,EXILE esports,HC,EMEA,Troisième niveau,Jungle,10,-590.0,311.0,-704.0,,,
name:VK udon,VK udon,VelbeliKaizokudan,LJL,Asie-Pacifique,Deuxième niveau,Top,10,-591.0,314.0,-606.0,,,
name:VK peakey,VK peakey,VelbeliKaizokudan,LJL,Asie-Pacifique,Deuxième niveau,Support,10,-592.0,315.0,-677.0,,,
oe:player:8d74375214bea659a1f3048d620a466,Vizzpers,One More Esports,AL,EMEA,Deuxième niveau,ADC,18,-592.0,296.0,-2499.0,,,
oe:player:c44688b5061756b3cca2b86c016a153,Luis,GTZ Esports,LPLOL,EMEA,Deuxième niveau,Support,11,-593.0,297.0,-1818.0,,,
oe:player:9ee0b582a455fbf2d93765329731bc2,Sorrow,Kawaii Kiwis,NEXO,EMEA,Troisième niveau,ADC,14,-593.0,325.0,-383.0,,,
oe:player:197d7a5583ea95b5ec1e19e874a90aa,K1ng,EKO Esports,LIT,EMEA,Deuxième niveau,ADC,12,-595.0,307.0,-1587.0,,,
oe:player:a044d0aad4bcf20277a900594296433,ss1,RAYN Clocks,LJL,Asie-Pacifique,Deuxième niveau,Jungle,48,-596.0,304.0,-716.0,164.0,0.0,0.0
oe:player:fedd1e92aa2d2a6e3ee95c110509805,Sobakk,Ethereal Enigmas,HC,EMEA,Troisième niveau,Support,32,-597.0,297.0,-714.0,38.0,0.0,0.0
oe:player:181a727d0b7341075cf4e347f218b75,koisi,VelbeliKaizokudan,LJL,Asie-Pacifique,Deuxième niveau,Support,17,-597.0,307.0,-703.0,,,
oe:player:9f9d4246a2dcb6c75cf5900ee2131ec,skakavka,Priority,HC,EMEA,Troisième niveau,ADC,16,-597.0,308.0,-664.0,,,
oe:player:0998a1e9d55bcf3eb5ee3ea3eba9250,ALNSHT,Universae Instituto FP,NEXO,EMEA,Troisième niveau,ADC,32,-598.0,323.0,-406.0,30.0,0.0,0.0
oe:player:86f395462990a4e7ecc8244caff13b5,Saii,Spirit Quartz Gaming,LJL,Asie-Pacifique,Deuxième niveau,Mid,34,-599.0,302.0,-654.0,172.0,0.0,0.0
oe:player:92efc8a49a1bbc8fda4564f78ef7c31,Euphoria,DN SOOPers Academy,LAS,Corée,Troisième niveau,ADC,64,-599.0,400.0,-563.0,22.0,0.0,0.0
oe:player:0544ca2a83fcb8acf83003fde036d33,miflond,Ethereal Enigmas,HC,EMEA,Troisième niveau,Jungle,14,-600.0,309.0,-753.0,,,
oe:player:eac7b4dc96985c510418e2a88f19af0,Taba,Guinea Pink,NEXO,EMEA,Troisième niveau,Jungle,37,-601.0,320.0,-350.0,33.0,0.0,0.0
oe:player:dea972a85819808d16b1c4e6173a5a6,Setra,Delta Syndicate,HC,EMEA,Troisième niveau,Top,57,-601.0,288.0,-683.0,34.0,0.0,0.0
name:VT saru,VT saru,Vortex (Japanese Team),LJL,Asie-Pacifique,Deuxième niveau,ADC,17,-605.0,312.0,-611.0,,,
oe:player:e45341b36448fbd115941562ec07aec,Opeduy,Falke Esports,NEXO,EMEA,Troisième niveau,Mid,23,-605.0,310.0,-418.0,33.0,0.0,0.0
oe:player:55063eadf664a862b44c4e85af73588,Fikus,Connect Arena Esports,EBL,EMEA,Deuxième niveau,Top,20,-605.0,299.0,-1887.0,172.0,0.0,0.0
oe:player:4475404a8e17049853e83d014a833ca,Rising,Delta Syndicate,HC,EMEA,Troisième niveau,Jungle,39,-606.0,300.0,-786.0,37.0,0.0,0.0
oe:player:18856d914be8ae3284e6a0b031b074e,Zeniv,G2 Hel,NEXO,EMEA,Troisième niveau,Top,31,-606.0,321.0,-399.0,33.0,0.0,0.0
oe:player:04a5411dd8c9a2cbfacf479dfd20fa2,Tada,BRUTE,HM,EMEA,Deuxième niveau,Top,12,-608.0,302.0,-2645.0,,,
oe:player:11aefb66454791d4b36106af3fc2214,Ivama,Universae Instituto FP,NEXO,EMEA,Troisième niveau,Jungle,32,-610.0,323.0,-398.0,35.0,0.0,0.0
oe:player:10c4e032376f31becc23b75de846197,Icy,Icon Esports,LRN,Brésil & Amérique latine,Deuxième niveau,Mid,11,-610.0,329.0,-1548.0,,,
oe:player:114a8e2973d6d8f56344a525efeb9c8,Vuxan,Lupus Esports,EBL,EMEA,Deuxième niveau,Jungle,14,-610.0,300.0,-1494.0,,,
name:NCP saru,NCP saru,Night Cap,LJL,Asie-Pacifique,Deuxième niveau,ADC,12,-612.0,315.0,-642.0,,,
oe:player:39781e6e659cc38912c92b65a1761b3,Tima,Vortex (Japanese Team),LJL,Asie-Pacifique,Deuxième niveau,Jungle,17,-613.0,312.0,-805.0,,,
oe:player:ed0c1f77bbb19261fc9260bcf22bc65,Serch,Universae Instituto FP,NEXO,EMEA,Troisième niveau,Mid,32,-616.0,323.0,-472.0,33.0,0.0,0.0
oe:player:4d10f9a1263936ae396ac674a6ed8e9,Feng,Icon Esports,LRN,Brésil & Amérique latine,Deuxième niveau,Jungle,14,-616.0,325.0,-1324.0,,,
oe:player:1da4c5a061dbff6d34c1b4d2baa2f97,Martote,Lechuga Gaming,LRS,Brésil & Amérique latine,Deuxième niveau,Jungle,16,-616.0,335.0,-51.0,,,
oe:player:cc492476cff5fb5a0903c99fcf27491,Beyond,Nigma Galaxy,AL,EMEA,Deuxième niveau,Top,16,-617.0,299.0,-2566.0,,,
oe:player:73547debfaca58004ee828b6fadc7be,Arp,Priority,HC,EMEA,Troisième niveau,Jungle,26,-619.0,303.0,-848.0,38.0,0.0,0.0
oe:player:3f430cf26656d8b30d13b96f682a07f,Poipi,BloomStorm,LJL,Asie-Pacifique,Deuxième niveau,Support,16,-620.0,309.0,-816.0,,,
oe:player:c8063012e5b0cf8a53f9b3a8671cad2,Chien,Nongshim RedForce Academy,LAS,Corée,Troisième niveau,Mid,101,-621.0,400.0,-584.0,29.0,0.0,0.0
oe:player:c15d2ad445223acab83deffd548e4e0,Shack,Axolotl,LIT,EMEA,Deuxième niveau,Mid,16,-625.0,304.0,-1277.0,,,
oe:player:263b44be104b940a116d9d64e6db7c1,L1,LYON Academy,LRN,Brésil & Amérique latine,Deuxième niveau,Support,14,-625.0,325.0,-2486.0,,,
oe:player:6160a53ece50ce6d4f5ef4452549835,Slide,Priority,HC,EMEA,Troisième niveau,Mid,22,-628.0,300.0,-1133.0,34.0,0.0,0.0
oe:player:fbeb5032bea4ae4209a51c63fedfb35,Pulzer,EXILE esports,HC,EMEA,Troisième niveau,Mid,10,-628.0,311.0,-1131.0,,,
oe:player:390fd6ebe83da226b9495f08f9dc174,Kaplica,A One Man Army,ROL,EMEA,Deuxième niveau,Top,14,-631.0,303.0,-1665.0,,,
oe:player:df1274a25b88333180c934458717dc5,Mario,Axolotl,LIT,EMEA,Deuxième niveau,Jungle,16,-631.0,304.0,-1841.0,,,
oe:player:a95e5e282ca94cada825884cb9b3fce,Krosak,Priority,HC,EMEA,Troisième niveau,Top,26,-631.0,303.0,-837.0,38.0,0.0,0.0
oe:player:75c5280526dbc2d79f01b3c649c8606,Zhayend,ODD Esports,LRN,Brésil & Amérique latine,Deuxième niveau,Top,15,-636.0,326.0,-1903.0,,,
oe:player:8f062f09914ad1ebd28fc038bc937f6,Tea0r,Diversion Gaming,HC,EMEA,Troisième niveau,Top,27,-639.0,305.0,-877.0,39.0,0.0,0.0
oe:player:0372d042f19e7cfacb1544d1b9cc8df,Achael,Nongshim RedForce Academy,LAS,Corée,Troisième niveau,Top,101,-640.0,400.0,-1293.0,32.0,0.0,0.0
oe:player:5975309b7ecb20e410be3726e79f1ff,WeeDnek,BRUTE,HM,EMEA,Deuxième niveau,Jungle,14,-641.0,301.0,-2156.0,,,
oe:player:375cf33184adb62be76483cc45f5485,Urgaleex,Guinea Pink,NEXO,EMEA,Troisième niveau,Top,24,-641.0,319.0,-574.0,38.0,0.0,0.0
oe:player:5bdf38cf3f512b2194435217e9b2f8f,Hades2,EKO Esports,LIT,EMEA,Deuxième niveau,Jungle,13,-643.0,305.0,-1904.0,,,
oe:player:33e79760d20d3004ddbcc88da9b7fa5,Enricfh,Monta Club,NEXO,EMEA,Troisième niveau,Jungle,26,-643.0,315.0,-561.0,39.0,0.0,0.0
oe:player:788fb451a0732c0ce3bec0fbda415a0,Strava,EKO Esports,LIT,EMEA,Deuxième niveau,Top,21,-644.0,295.0,-1437.0,174.0,0.0,0.0
oe:player:847da460d190403bb1c2726f1b0cdc6,Oceann,Otter Side,LPLOL,EMEA,Deuxième niveau,ADC,14,-646.0,300.0,-2819.0,,,
oe:player:8e6f195a8784cc4374bf9a6ea00b487,GRX,Guinea Pink,NEXO,EMEA,Troisième niveau,Jungle,11,-647.0,327.0,-582.0,,,
oe:player:448be00c9923136e0b3f872e09157d5,Racon,Kareha Children,LJL,Asie-Pacifique,Deuxième niveau,Jungle,43,-647.0,308.0,-972.0,176.5,0.0,0.0
oe:player:8b976d804f0b51e0dff5d24fc6ead77,Strensh,Golden Lions,LRS,Brésil & Amérique latine,Deuxième niveau,ADC,39,-648.0,331.0,-380.0,193.0,0.0,0.0
oe:player:ebaa25f9bde69592cb6d8a849bf8fbc,Paolocannone,aNc Legends,LIT,EMEA,Deuxième niveau,Support,11,-651.0,303.0,-1713.0,,,
oe:player:781ba047ca1e113e0119cf1e56f99c8,Garank,Aurora,ROL,EMEA,Deuxième niveau,Support,14,-653.0,303.0,-2135.0,,,
oe:player:8143be9a534c52a80c338e924742f09,Xen0gan,EKO Esports,LIT,EMEA,Deuxième niveau,Mid,12,-653.0,307.0,-1417.0,,,
name:SQG ATRanD,SQG ATRanD,Spirit Quartz Gaming,LJL,Asie-Pacifique,Deuxième niveau,Top,12,-654.0,315.0,-924.0,,,
oe:player:feef3ba4f8d3fa6c075bf4d585bc40a,HAKA,Icon Esports,LRN,Brésil & Amérique latine,Deuxième niveau,Top,14,-654.0,325.0,-1989.0,,,
oe:player:39a2ee0e25a61669eb76d9a9e7c79dd,Fool,Dream Makers,NEXO,EMEA,Troisième niveau,Support,14,-654.0,327.0,-1126.0,,,
oe:player:2cffd52cd9122784b149f89ce60ebad,Sassappel,Spirit Quartz Gaming,LJL,Asie-Pacifique,Deuxième niveau,Jungle,15,-655.0,310.0,-1012.0,,,
name:BVL Fubuki,BVL Fubuki,BraVeLY,LJL,Asie-Pacifique,Deuxième niveau,Jungle,42,-657.0,304.0,-1025.0,181.0,0.0,0.0
oe:player:58b73c3c62ee32e3ccc3bbf87e86dd3,Paparotis,The ParadOx Invaders,HLL,EMEA,Deuxième niveau,ADC,17,-659.0,298.0,-2487.0,,,
oe:player:ceab0df15872e1477dc71ef84b29cb0,Socrates,A One Man Army,ROL,EMEA,Deuxième niveau,Support,12,-661.0,304.0,-2175.0,,,
oe:player:5a02cc8b4771f9f0c0b16bac1bfcb9d,OkerumoN,Kareha Children,LJL,Asie-Pacifique,Deuxième niveau,Support,43,-666.0,308.0,-1049.0,174.0,0.0,0.0
oe:player:e87d9b370206c12da8a677cb495afb5,Lyg,Lechuga Gaming,LRS,Brésil & Amérique latine,Deuxième niveau,ADC,16,-667.0,335.0,-477.0,,,
oe:player:fc09899fd8a8eac5dbfefac8b974f67,Pcelica,Connect Arena Esports,EBL,EMEA,Deuxième niveau,ADC,21,-669.0,299.0,-2179.0,192.0,0.0,0.0
name:BKD Eria,BKD Eria,Black Dog,LJL,Asie-Pacifique,Deuxième niveau,Mid,10,-669.0,316.0,-1004.0,,,
oe:player:38408cb0943e6f27ccd6272bdc1f09b,Boohis,Kawaii Kiwis,NEXO,EMEA,Troisième niveau,Support,11,-669.0,328.0,-1200.0,,,
oe:player:343aa950520fb5e73412ea8621866d3,Harusary,Gen.G,LAS,Corée,Troisième niveau,ADC,34,-673.0,387.0,-932.0,31.0,0.0,0.0
oe:player:04ea90be225e33ed6a293eb84414f46,TenT,Kareha Children,LJL,Asie-Pacifique,Deuxième niveau,ADC,43,-675.0,308.0,-958.0,183.5,0.0,0.0
oe:player:b1601b72d20479fe4e98fd90c8236d4,0ri,Dynamo Eclot Talents,HC,EMEA,Troisième niveau,Jungle,29,-676.0,299.0,-1134.0,39.0,0.0,0.0
oe:player:40f2085f7e220c565206b944e72f2f7,Egotistic,Seven Dark,LRS,Brésil & Amérique latine,Deuxième niveau,ADC,13,-677.0,335.0,-525.0,,,
oe:player:277003aaa6126d09879b4ffe1bf18b3,pan,Farenvehn,LRS,Brésil & Amérique latine,Deuxième niveau,Top,41,-678.0,325.0,51.0,172.0,0.0,0.0
oe:player:0066010bf7c06628559f1704f5d6d39,starkyy,Dynamo Eclot Talents,HC,EMEA,Troisième niveau,Top,27,-679.0,288.0,-1073.0,40.0,0.0,0.0
oe:player:2762d99e836c315ab00600e1941ece9,AlluK,Golden Lions,LRS,Brésil & Amérique latine,Deuxième niveau,Jungle,23,-680.0,330.0,-374.0,188.0,0.0,0.0
oe:player:fda70732b859899fa7572b8ebb41196,Saifer,Golden Lions,LRS,Brésil & Amérique latine,Deuxième niveau,Mid,34,-680.0,325.0,-551.0,183.0,0.0,0.0
oe:player:9e368cf17db2dab6f42f3aa3bb5b4cd,Loid,Gen.G,LAS,Corée,Troisième niveau,Mid,34,-681.0,387.0,-880.0,35.0,0.0,0.0
oe:player:259974c8f2be5b567fb0bf4c76b381e,Dextyle,Falke Esports,NEXO,EMEA,Troisième niveau,Support,16,-683.0,316.0,-1269.0,,,
oe:player:de4379dd030940748fda299909f241f,Sh1vq,V3 Esports,LJL,Asie-Pacifique,Deuxième niveau,Support,26,-683.0,312.0,-1131.0,182.0,0.0,0.0
oe:player:14ad39cb23a56a8c81832b654fb1018,Ls,Spirit Quartz Gaming,LJL,Asie-Pacifique,Deuxième niveau,Support,31,-683.0,300.0,-1131.0,182.0,0.0,0.0
oe:player:1181291a85d6c54b828ed532b50f50d,tetu,VARREL YOUTH,LJL,Asie-Pacifique,Deuxième niveau,ADC,12,-689.0,312.0,-1028.0,,,
oe:player:1006fe0477eca3e51c987cb5bd38d87,Tuercas,ODD Esports,LRN,Brésil & Amérique latine,Deuxième niveau,Top,16,-689.0,319.0,-2166.0,,,
oe:player:d5e0ff7618d3da55aa323192c0c682f,Yuu,Kareha Children,LJL,Asie-Pacifique,Deuxième niveau,Top,43,-690.0,308.0,-1105.0,166.0,0.0,0.0
oe:player:fb6fc095466c769a4c96dfa965c266e,Thoryn,Sicar Esports,LRS,Brésil & Amérique latine,Deuxième niveau,Top,13,-690.0,339.0,-8.0,,,
oe:player:d7f7504c6047f9cd7519f579b37501b,Lil,Seven Dark,LRS,Brésil & Amérique latine,Deuxième niveau,Jungle,12,-694.0,336.0,-443.0,,,
oe:player:3bdb84c8cfa498f617f1f0ffe8a1f41,xGenesis,Green Dolphin Gaming,NEXO,EMEA,Troisième niveau,Top,20,-695.0,320.0,-844.0,40.0,0.0,0.0
name:BKD anakin,BKD anakin,Black Dog,LJL,Asie-Pacifique,Deuxième niveau,Support,10,-696.0,316.0,-1196.0,,,
name:BVL MayR,BVL MayR,BraVeLY,LJL,Asie-Pacifique,Deuxième niveau,ADC,42,-697.0,304.0,-1068.0,188.0,0.0,0.0
oe:player:55ec25d12e82b2d21b3e34c6bfa593d,Solorio,ODD Esports,LRN,Brésil & Amérique latine,Deuxième niveau,ADC,31,-701.0,313.0,-1470.0,195.0,0.0,0.0
oe:player:db4ac958be32c137638130a19711ba9,Tyr,Icon Esports,LRN,Brésil & Amérique latine,Deuxième niveau,Support,13,-702.0,326.0,-2872.0,,,
oe:player:e8013b081e457f1c1c8dcd3146b5185,KinGi,Farenvehn,LRS,Brésil & Amérique latine,Deuxième niveau,Jungle,35,-704.0,344.0,-490.0,185.0,0.0,0.0
oe:player:5b0bb5a3e4506983ff3121b975f7478,PatxiPirata,Monta Club,NEXO,EMEA,Troisième niveau,Top,33,-705.0,308.0,-895.0,42.0,0.0,0.0
oe:player:7cf52cd5faeb40933eb7d819c8637fb,KUMEW,Team Evermeet,LRS,Brésil & Amérique latine,Deuxième niveau,ADC,18,-705.0,333.0,-666.0,,,
name:SQG Lunatic,SQG Lunatic,Spirit Quartz Gaming,LJL,Asie-Pacifique,Deuxième niveau,ADC,12,-706.0,315.0,-1113.0,,,
oe:player:d9993db0d276065093b77b8e86996fc,Parlita,Guinea Pink,NEXO,EMEA,Troisième niveau,Top,30,-707.0,320.0,-905.0,39.0,0.0,0.0
oe:player:60875bca42334fadaa064eccd7bf672,Razer,Bamboo Juice,LJL,Asie-Pacifique,Deuxième niveau,Mid,48,-709.0,293.0,-1205.0,169.5,0.0,0.0
oe:player:6d380795d925d86aed094ad00a165da,Saba,RAYN Clocks,LJL,Asie-Pacifique,Deuxième niveau,Mid,11,-710.0,314.0,-1211.0,,,
oe:player:ffcc3efb18816a2c442bbcd1e759d96,Khaydarin,Aurora,ROL,EMEA,Deuxième niveau,ADC,41,-711.0,287.0,-2170.0,190.0,0.0,0.0
oe:player:54c7fafa62a6b38cb0eaec1dd6638db,Loers,Xibalbá Esports,LRN,Brésil & Amérique latine,Deuxième niveau,Mid,15,-711.0,317.0,-2053.0,,,
oe:player:e9b14ee01169f2b367c7fc21848679f,SkyMind,Seven Dark,LRS,Brésil & Amérique latine,Deuxième niveau,Mid,13,-717.0,335.0,-738.0,,,
oe:player:068e1e79209272f917f25ba2b2891c1,Shizika,Connect Arena Esports,EBL,EMEA,Deuxième niveau,Mid,20,-718.0,299.0,-2405.0,180.0,0.0,0.0
oe:player:47b196787026faab58631df4e674858,uroskg,Connect Arena Esports,EBL,EMEA,Deuxième niveau,Jungle,20,-720.0,299.0,-2045.0,189.0,0.0,0.0
oe:player:1467126c80d44f4144a8c6a9edb3cf2,Shookz,WAP Esports,LRS,Brésil & Amérique latine,Deuxième niveau,Jungle,26,-720.0,339.0,-572.0,189.0,0.0,0.0
oe:player:62192a0e29076af0b79fb1ccaca9d18,Andathy,ODD Esports,LRN,Brésil & Amérique latine,Deuxième niveau,Jungle,30,-721.0,315.0,-1847.0,191.0,0.0,0.0
name:BKD Meii,BKD Meii,Black Dog,LJL,Asie-Pacifique,Deuxième niveau,Jungle,10,-723.0,316.0,-1351.0,,,
name:VK velbellys,VK velbellys,VelbeliKaizokudan,LJL,Asie-Pacifique,Deuxième niveau,Mid,34,-723.0,304.0,-1274.0,181.0,0.0,0.0
oe:player:53a722597f9fe835806af2f76fbb3b4,Vares,ODD Esports,LRN,Brésil & Amérique latine,Deuxième niveau,Mid,17,-726.0,317.0,-2128.0,,,
oe:player:b17fcefc852859cf5e85d1e718cbaad,Bada,Nongshim RedForce Academy,LAS,Corée,Troisième niveau,ADC,53,-727.0,404.0,-1202.0,28.5,0.0,0.0
oe:player:4afb518ee224e2956ac4e4b9e3e6e7a,Jericho,Kareha Children,LJL,Asie-Pacifique,Deuxième niveau,Mid,32,-727.0,305.0,-1293.0,179.0,0.0,0.0
oe:player:ee5bbb42c4af94c2ec1242ba8db3b8e,Electro,EXILE esports,HC,EMEA,Troisième niveau,ADC,12,-730.0,308.0,-1333.0,,,
oe:player:9bba427ddc46a949bc71c991c2b89ee,Rajed,EXILE esports,HC,EMEA,Troisième niveau,Top,16,-736.0,304.0,-1359.0,,,
oe:player:9bc6f23d0cb954b0fd8208b469b5433,Kodo,Temper & Friends,NEXO,EMEA,Troisième niveau,ADC,14,-737.0,325.0,-1101.0,,,
oe:player:73d9baabf1f75ab1456cffe4ad80194,Doni,Malvinas Gaming,LRS,Brésil & Amérique latine,Deuxième niveau,Mid,15,-743.0,337.0,-867.0,,,
oe:player:66e5b72ca89ff0059c58a9119d7c660,Bf,Kawaii Kiwis,NEXO,EMEA,Troisième niveau,Support,17,-743.0,323.0,-1570.0,,,
oe:player:9556115eb22bb33b33ea73d82735aa4,Regi,Dream Makers,NEXO,EMEA,Troisième niveau,Jungle,16,-743.0,326.0,-1062.0,,,
name:BKD yokiha,BKD yokiha,Black Dog,LJL,Asie-Pacifique,Deuxième niveau,Top,10,-748.0,316.0,-1391.0,,,
oe:player:8917b27b716e6d20fabcba362f6902d,nvillada,Golden Lions,LRS,Brésil & Amérique latine,Deuxième niveau,Top,28,-762.0,332.0,-369.0,177.0,0.0,0.0
oe:player:60dde30f1d6b9a9c78ba115f63ea102,Skeeto,Malvinas Gaming,LRS,Brésil & Amérique latine,Deuxième niveau,Top,15,-763.0,337.0,-371.0,,,
oe:player:9a47349628283db85be5baf30baa76e,Lirua,Kiwoom DRX Academy,LAS,Corée,Troisième niveau,Support,50,-763.0,398.0,-1432.0,36.0,0.0,0.0
oe:player:523b1440a5811bd9b4730c2a63545b7,ezman,V3 Esports,LJL,Asie-Pacifique,Deuxième niveau,ADC,26,-768.0,312.0,-1424.0,194.0,0.0,0.0
oe:player:68281be87e30666d478db3fb79b8c6f,Deceller,Falke Esports,NEXO,EMEA,Troisième niveau,Jungle,14,-768.0,318.0,-1187.0,,,
oe:player:41e5c70e61bd925f2142142632e8469,David,Delta Syndicate,HC,EMEA,Troisième niveau,ADC,23,-768.0,304.0,-1520.0,34.0,0.0,0.0
name:VK Jmicta,VK Jmicta,VelbeliKaizokudan,LJL,Asie-Pacifique,Deuxième niveau,Jungle,37,-771.0,304.0,-1592.0,190.0,0.0,0.0
oe:player:5b84142a1b343346c300bc94be3d8fc,Naitz,Sicar Esports,LRS,Brésil & Amérique latine,Deuxième niveau,ADC,21,-778.0,323.0,-1033.0,197.0,0.0,0.0
oe:player:bc5e63493a57e2eba4122a1838851ae,Mirrowfox,Green Dolphin Gaming,NEXO,EMEA,Troisième niveau,Mid,22,-783.0,316.0,-1306.0,38.0,0.0,0.0
name:HNS phast,HNS phast,Hands,LJL,Asie-Pacifique,Deuxième niveau,Support,22,-784.0,308.0,-1640.0,184.0,0.0,0.0
oe:player:2c0057dccf228ed6a9b75857ef19b4b,Nanchuco,Falke Esports,NEXO,EMEA,Troisième niveau,ADC,32,-786.0,307.0,-1346.0,35.0,0.0,0.0
oe:player:2ae95ed2e6600abd552307209906843,Makitah,CORE 128,NEXO,EMEA,Troisième niveau,Mid,12,-786.0,326.0,-1319.0,,,
oe:player:0a730eb68a414d52d91d3a9be506c51,Pikii,Gaming Barcelona,NEXO,EMEA,Troisième niveau,Top,16,-787.0,324.0,-1302.0,,,
name:BVL uwaaaa,BVL uwaaaa,BraVeLY,LJL,Asie-Pacifique,Deuxième niveau,Mid,31,-788.0,308.0,-1598.0,184.0,0.0,0.0
oe:player:aa07cee593e6c3caeba21b4ee4c6075,AKaJe,Kiwoom DRX Academy,LAS,Corée,Troisième niveau,Mid,50,-790.0,398.0,-1425.0,34.0,0.0,0.0
oe:player:dff8a724f95b1b3c78c7b026b0f55fa,Taicho,V3 Esports,LJL,Asie-Pacifique,Deuxième niveau,Top,26,-790.0,312.0,-1602.0,176.0,0.0,0.0
name:BVL udon,BVL udon,BraVeLY,LJL,Asie-Pacifique,Deuxième niveau,Top,31,-791.0,308.0,-1607.0,177.0,0.0,0.0
oe:player:4bcb5078b4938faef69ad7e0e5718a9,Bardito,Sicar Esports,LRS,Brésil & Amérique latine,Deuxième niveau,Support,16,-792.0,341.0,-1273.0,,,
oe:player:173a81bea75aea455e938e92ae5e751,Vodin,Aurora,ROL,EMEA,Deuxième niveau,Top,25,-794.0,288.0,-2482.0,179.0,0.0,0.0
oe:player:219422de6e9bdaa589479b9992b8b36,Lost,BNK FEARX Academy,LAS,Corée,Troisième niveau,ADC,16,-796.0,404.0,-1546.0,,,
oe:player:7647966b7343c29048673252e490f73,89,V3 Esports,LJL,Asie-Pacifique,Deuxième niveau,Jungle,26,-799.0,312.0,-1732.0,189.0,0.0,0.0
oe:player:4c2382472571fb5f05c58a1c054d812,sucuranbul,V3 Esports,LJL,Asie-Pacifique,Deuxième niveau,Mid,26,-809.0,312.0,-1704.0,183.0,0.0,0.0
oe:player:30a4cf12c7b1c9a3f69e8ff247e8ed9,Camilo,Team Evermeet,LRS,Brésil & Amérique latine,Deuxième niveau,Jungle,22,-811.0,333.0,-1027.0,194.0,0.0,0.0
oe:player:7e2a790d1ead3b06156a3f7e29cd456,Pedrolo,CORE 128,NEXO,EMEA,Troisième niveau,Top,11,-813.0,326.0,-1436.0,,,
oe:player:1c012787bd23c0148277112af53a15b,SMITE,BNK FEARX Academy,LAS,Corée,Troisième niveau,Jungle,16,-814.0,404.0,-1867.0,,,
oe:player:c5ff543e24040b17cd6f0f7e9d81906,Zeron,Monta Club,NEXO,EMEA,Troisième niveau,Mid,29,-817.0,314.0,-1475.0,39.0,0.0,0.0
oe:player:e1527d59587e61eda36a86f3d858c54,Zenoken,Green Dolphin Gaming,NEXO,EMEA,Troisième niveau,Jungle,14,-819.0,321.0,-1443.0,,,
oe:player:fc89421a5b3f5cbef82f93eed2a1f95,Sunblast,WAP Esports,LRS,Brésil & Amérique latine,Deuxième niveau,Top,27,-821.0,339.0,-664.0,179.0,0.0,0.0
oe:player:bb6c89b934042b55ac186eaf2274ba6,Fishireal,Meavedron,HC,EMEA,Troisième niveau,Mid,14,-821.0,302.0,-2096.0,,,
oe:player:2a5c29ad0725db64cb720dc1217da2f,Malala,PRINCIPALITY,NEXO,EMEA,Troisième niveau,Support,10,-821.0,325.0,-1959.0,,,
oe:player:5323274d1d895fb72872217f95701c6,Dinastik,WAP Esports,LRS,Brésil & Amérique latine,Deuxième niveau,Top,13,-824.0,333.0,-677.0,,,
oe:player:18d0dd011c2c5314df4b22d0a90db70,Hitsu,Team Evermeet,LRS,Brésil & Amérique latine,Deuxième niveau,Mid,22,-824.0,333.0,-1271.0,186.0,0.0,0.0
oe:player:77283a0e12a2101886de76dda030375,Unforgiven,Malvinas Gaming,LRS,Brésil & Amérique latine,Deuxième niveau,Jungle,19,-825.0,333.0,-1099.0,,,
name:RPG hanya,RPG hanya,Radical Pop Gaming,LJL,Asie-Pacifique,Deuxième niveau,Top,12,-827.0,315.0,-1789.0,,,
oe:player:a2c028ef7610fc11196737c4bf6f83a,Nerion,Kiwoom DRX Academy,LAS,Corée,Troisième niveau,Jungle,93,-828.0,398.0,-1937.0,41.0,0.0,0.0
name:RPG Kiwi,RPG Kiwi,Radical Pop Gaming,LJL,Asie-Pacifique,Deuxième niveau,Jungle,12,-843.0,315.0,-1953.0,,,
oe:player:d55ac8d0d77e876252b16764f74af6e,Hygon,Gaming Barcelona,NEXO,EMEA,Troisième niveau,Jungle,28,-846.0,316.0,-1575.0,41.0,0.0,0.0
oe:player:4662f35de23f0aa70c2de445121bf1f,Bangin,BNK FEARX Academy,LAS,Corée,Troisième niveau,Top,16,-851.0,404.0,-2348.0,,,
oe:player:477b8a477dcadb95a077f6747512277,Hika,WAP Esports,LRS,Brésil & Amérique latine,Deuxième niveau,ADC,11,-857.0,333.0,-1426.0,,,
oe:player:d3bc65e5e987b942fba2400b4649f71,Viciun,Team Evermeet,LRS,Brésil & Amérique latine,Deuxième niveau,Support,22,-861.0,333.0,-1621.0,185.0,0.0,0.0
oe:player:d0ad9e75d1809ca8bb4b78b34cee179,Seeker,Team Evermeet,LRS,Brésil & Amérique latine,Deuxième niveau,Top,21,-862.0,333.0,-868.0,181.0,0.0,0.0
name:VK motimotti11,VK motimotti11,VelbeliKaizokudan,LJL,Asie-Pacifique,Deuxième niveau,ADC,38,-864.0,304.0,-1907.0,198.0,0.0,0.0
oe:player:1ba7139262b446b810f6ed84583b546,Cherry,Priority,HC,EMEA,Troisième niveau,Support,27,-864.0,302.0,-2050.0,42.0,0.0,0.0
oe:player:0d972c4c17b8777458c98282a40c1ad,Horus,Malvinas Gaming,LRS,Brésil & Amérique latine,Deuxième niveau,ADC,19,-864.0,333.0,-1460.0,,,
oe:player:8bca70b1ad0331a65dbd9daa4bb3c35,Maxterium,Seven Dark,LRS,Brésil & Amérique latine,Deuxième niveau,Support,16,-867.0,326.0,-1648.0,,,
name:RPG sign,RPG sign,Radical Pop Gaming,LJL,Asie-Pacifique,Deuxième niveau,Mid,12,-869.0,315.0,-2007.0,,,
oe:player:44a8e576ca4fe7b07b52154cf113328,Yaavi,CORE 128,NEXO,EMEA,Troisième niveau,ADC,14,-872.0,326.0,-1774.0,,,
oe:player:619dd48d2842df91563759cd881b2ed,Roobin,EXILE esports,HC,EMEA,Troisième niveau,Mid,10,-878.0,308.0,-2381.0,,,
name:BLS TaiTa,BLS TaiTa,BloomStorm,LJL,Asie-Pacifique,Deuxième niveau,ADC,10,-880.0,316.0,-1983.0,,,
oe:player:a0c306fbb22a7b6e335007535a7065f,Alén Stark,Gaming Barcelona,NEXO,EMEA,Troisième niveau,Mid,12,-882.0,326.0,-1801.0,,,
oe:player:fdc15facb002bf800aee969ba975ae1,Jellly,Kiwoom DRX Academy,LAS,Corée,Troisième niveau,Top,93,-884.0,398.0,-2510.0,44.0,0.0,0.0
name:HNS ekkusu,HNS ekkusu,Hands,LJL,Asie-Pacifique,Deuxième niveau,Jungle,23,-890.0,308.0,-2188.0,193.0,0.0,0.0
name:BLS 1KK1,BLS 1KK1,BloomStorm,LJL,Asie-Pacifique,Deuxième niveau,Jungle,10,-894.0,316.0,-2209.0,,,
name:RPG Kikumin,RPG Kikumin,Radical Pop Gaming,LJL,Asie-Pacifique,Deuxième niveau,Mid,10,-895.0,315.0,-2135.0,,,
oe:player:d0919793cc83951a93943265812ba19,DoubleB,CORE 128,NEXO,EMEA,Troisième niveau,Top,15,-899.0,326.0,-1862.0,,,
oe:player:33bf44e514be6f41d30b041c0afcd4a,Fortu,WAP Esports,LRS,Brésil & Amérique latine,Deuxième niveau,Support,11,-917.0,334.0,-1900.0,,,
oe:player:de4c6aad7776fcbbd6639abbdb6cedc,Lazarus,PRINCIPALITY,NEXO,EMEA,Troisième niveau,ADC,10,-921.0,327.0,-2021.0,,,
oe:player:0c65320a4df146cc6d1164f7a874537,XeRone,Kiwoom DRX Academy,LAS,Corée,Troisième niveau,ADC,93,-932.0,398.0,-2229.0,36.0,0.0,0.0
oe:player:76677e4ccf1967f1c561aac77d35ff1,Keuya,Kiwoom DRX Academy,LAS,Corée,Troisième niveau,Support,43,-939.0,400.0,-2314.0,41.0,0.0,0.0
name:BVL Fake1,BVL Fake1,BraVeLY,LJL,Asie-Pacifique,Deuxième niveau,Support,18,-948.0,309.0,-2457.0,,,
name:BLS shironeco,BLS shironeco,BloomStorm,LJL,Asie-Pacifique,Deuxième niveau,Mid,10,-950.0,316.0,-2412.0,,,
name:RPG claude,RPG claude,Radical Pop Gaming,LJL,Asie-Pacifique,Deuxième niveau,Top,10,-962.0,315.0,-2461.0,,,
oe:player:3246b6762afd765ff2cebd46b333b0a,leaf,VelbeliKaizokudan,LJL,Asie-Pacifique,Deuxième niveau,Top,39,-969.0,294.0,-2500.0,182.0,0.0,0.0
name:HNS R1to,HNS R1to,Hands,LJL,Asie-Pacifique,Deuxième niveau,Mid,20,-995.0,308.0,-2637.0,187.0,0.0,0.0
oe:player:5f65df2d13cb9187c97002aa3ae604a,Future,Kiwoom DRX Academy,LAS,Corée,Troisième niveau,Mid,43,-996.0,400.0,-2455.0,39.0,0.0,0.0
name:HNS Nakamoto,HNS Nakamoto,Hands,LJL,Asie-Pacifique,Deuxième niveau,Top,28,-1002.0,308.0,-2661.0,182.0,0.0,0.0
name:HNS Rumi,HNS Rumi,Hands,LJL,Asie-Pacifique,Deuxième niveau,ADC,28,-1024.0,308.0,-2704.0,199.0,0.0,0.0
name:RPG McGrath,RPG McGrath,Radical Pop Gaming,LJL,Asie-Pacifique,Deuxième niveau,Support,22,-1062.0,306.0,-3030.0,186.0,0.0,0.0
