pid,player,team,league,region,tier,role,games_2026,games_2025_2026,points,points_sd,vs_role_in_league_gold,mv_median_rank,mv_p1,mv_top5
oe:player:fb6e61b8acb05df17b7e5ad4ae7c800,Chovy,Gen.G,LCK,Corée,Ligue majeure,Mid,128,291,1147.0,276.0,2034.0,1.0,1.0,1.0
oe:player:eada4723af6f51cf2391d85b5fde49b,Ruler,Gen.G,LCK,Corée,Ligue majeure,ADC,128,291,1060.0,276.0,1313.0,1.0,1.0,1.0
oe:player:29bef8f5895e5e4fef8ff0945e68567,PerfecT,KT Rolster,LCK,Corée,Ligue majeure,Top,112,240,1014.0,249.0,1188.0,3.0,0.4,0.742
oe:player:ed29043422e3c515e1cb292464b990b,Knight,Bilibili Gaming,LPL,Chine,Ligue majeure,Mid,177,357,1004.0,259.0,1912.0,3.0,0.0,0.99
oe:player:9573154ad8bc9459b4c0d940315054f,Viper,Bilibili Gaming,LPL,Chine,Ligue majeure,ADC,177,338,1003.0,243.0,1725.0,2.0,0.0,1.0
oe:player:a22a6d1fe8786cf83675e2d932fbffe,JunJia,JD Gaming,LPL,Chine,Ligue majeure,Jungle,160,292,997.0,259.0,1633.0,3.0,0.39,0.812
oe:player:a179853ac2a0832657b9de8b9ba0020,HongQ,JD Gaming,LPL,Chine,Ligue majeure,Mid,166,298,995.0,262.0,1867.0,5.0,0.0,0.648
oe:player:ee051912ad5f9a97aa9ce4980cbb481,Peter,DN SOOPers,LCK,Corée,Ligue majeure,Support,107,242,991.0,226.0,1044.0,1.0,0.512,0.918
oe:player:03daae1844b9ad257324c3eedf41e28,Kiin,Gen.G,LCK,Corée,Ligue majeure,Top,128,295,955.0,276.0,892.0,1.0,0.572,0.99
oe:player:db79ce6ad35451c938fbe2995dabd37,Keria,T1,LCK,Corée,Ligue majeure,Support,155,342,948.0,270.0,829.0,2.0,0.192,1.0
oe:player:f9cd2ef9afea5cda0eb3263a025cec1,Zeka,Hanwha Life Esports,LCK,Corée,Ligue majeure,Mid,143,312,946.0,270.0,1028.0,3.0,0.0,0.99
oe:player:41deab55354f57a94135989133f9968,Kanavi,Hanwha Life Esports,LCK,Corée,Ligue majeure,Jungle,143,343,935.0,246.0,1164.0,5.0,0.025,0.582
oe:player:92544d7a994bd6841cccd9f6e42e3de,Canyon,Gen.G,LCK,Corée,Ligue majeure,Jungle,128,293,930.0,276.0,1135.0,1.0,0.58,0.878
oe:player:eaebb7118d7bd83eabac513053e1f6c,Smash,Dplus Kia,LCK,Corée,Ligue majeure,ADC,146,290,912.0,226.0,572.0,3.0,0.0,0.828
oe:player:98dd15c330fb5abb4508347265a7f76,Zeus,Hanwha Life Esports,LCK,Corée,Ligue majeure,Top,143,312,909.0,270.0,662.0,2.0,0.015,1.0
oe:player:605821ebcf6a2e53f03ec6e8e463d1b,Duro,Gen.G,LCK,Corée,Ligue majeure,Support,128,295,906.0,276.0,621.0,3.0,0.295,0.892
oe:player:c7319736816efe935787b4381c6f321,Gumayusi,Hanwha Life Esports,LCK,Corée,Ligue majeure,ADC,143,305,904.0,234.0,533.0,4.0,0.0,0.895
oe:player:e1edfc5cea461399a63cb813cf795cc,Faker,T1,LCK,Corée,Ligue majeure,Mid,155,342,890.0,270.0,746.0,4.0,0.0,0.865
oe:player:f8b68f268106124fc4bc1c946adc9b0,Oner,T1,LCK,Corée,Ligue majeure,Jungle,152,339,881.0,268.0,893.0,3.0,0.005,0.888
oe:player:5bbc2b92348d930ebd500cb9ce71bb7,Peyz,T1,LCK,Corée,Ligue majeure,ADC,155,324,879.0,244.0,405.0,6.0,0.0,0.455
oe:player:a8307167f3a1c933295bb9e3d43700e,Inspired,LYON,LCS,Amérique du Nord,Ligue majeure,Jungle,105,196,872.0,252.0,2250.0,9.0,0.0,0.132
oe:player:66d0ff0f8f9b5296770c1dbda549950,Ahn,ThunderTalk Gaming,LPL,Chine,Ligue majeure,ADC,64,122,869.0,244.0,1057.0,7.0,0.0,0.348
oe:player:051ca2e31ba25123961b3df95fdef4c,Delight,Hanwha Life Esports,LCK,Corée,Ligue majeure,Support,137,306,866.0,265.0,421.0,4.0,0.0,0.915
oe:player:308e48bf56284c09a1a9aadf55bc80c,kyeahoo,Karmine Corp,LEC,EMEA,Ligue majeure,Mid,138,273,861.0,233.0,1747.0,8.0,0.0,0.025
oe:player:fb66ef5885b4be9323905b821dc3a42,Bin,Bilibili Gaming,LPL,Chine,Ligue majeure,Top,147,336,855.0,250.0,1680.0,5.0,0.008,0.675
oe:player:57acacc1f182893280e7400073a3dd1,Doran,T1,LCK,Corée,Ligue majeure,Top,155,155,853.0,260.0,380.0,4.0,0.0,0.742
oe:player:e4e24b8656e4e6a74b939af730b0148,Lehends,Nongshim RedForce,LCK,Corée,Ligue majeure,Support,105,252,843.0,250.0,301.0,6.0,0.0,0.35
oe:player:10b86429ce8048aba673d802632e358,Lucid,Dplus Kia,LCK,Corée,Ligue majeure,Jungle,145,307,843.0,264.0,703.0,5.0,0.0,0.798
oe:player:c54e1090ef1faa736b12493051c4855,JackeyLove,Top Esports,LPL,Chine,Ligue majeure,ADC,97,280,843.0,255.0,926.0,6.0,0.0,0.298
oe:player:fbdc4428b2d095c83aebeed5da4e4b2,Xun,Bilibili Gaming,LPL,Chine,Ligue majeure,Jungle,177,337,841.0,242.0,855.0,5.0,0.0,0.572
oe:player:1213778b5c6d69dcb26aa89f7d0aaa9,Rookie,Invictus Gaming,LPL,Chine,Ligue majeure,Mid,86,230,830.0,253.0,1045.0,9.0,0.0,0.008
oe:player:5f8ff49cd56eae61d635966b183a451,ShowMaker,Dplus Kia,LCK,Corée,Ligue majeure,Mid,146,309,829.0,270.0,442.0,6.0,0.0,0.348
oe:player:7cf68f44e5dc31827b1d3f0a3b4a28e,Hope,Anyone's Legend,LPL,Chine,Ligue majeure,ADC,142,325,820.0,276.0,813.0,7.0,0.0,0.062
oe:player:62922f2b370657a966de4d84f5586bf,Tarzan,Anyone's Legend,LPL,Chine,Ligue majeure,Jungle,142,325,816.0,276.0,728.0,8.0,0.0,0.0
oe:player:0e2f0d3ded24c190dd6a4b3d6f89f04,Shanks,Anyone's Legend,LPL,Chine,Ligue majeure,Mid,142,325,814.0,276.0,964.0,9.0,0.0,0.0
oe:player:b777313deced54da2d2c1aa88f52e50,fengyue,Ninjas in Pyjamas,LPL,Chine,Ligue majeure,Support,121,125,807.0,240.0,1187.0,6.0,0.0,0.245
oe:player:99e732def3601275db892c84fb85a0c,Career,Dplus Kia,LCK,Corée,Ligue majeure,Support,146,317,804.0,248.0,109.0,13.0,0.0,0.025
oe:player:6e7908512cb309a43388bb464a312a2,Creme,Top Esports,LPL,Chine,Ligue majeure,Mid,140,323,801.0,258.0,899.0,10.0,0.0,0.0
oe:player:bda7cc061d7a1576f1dcad33dd505cd,Meiko,Invictus Gaming,LPL,Chine,Ligue majeure,Support,81,225,794.0,256.0,1122.0,8.0,0.0,0.118
oe:player:3950b27e47e381e26f4678ced12bc45,Guti,T1 Esports Academy,LCKC,Corée,Deuxième niveau,Mid,154,246,794.0,245.0,2257.0,1.0,0.762,0.992
oe:player:3e722c8ede909c83af9342c41805a16,Busio,Karmine Corp,LEC,EMEA,Ligue majeure,Support,138,229,792.0,249.0,1212.0,9.0,0.0,0.032
oe:player:ea58943d300b14d684bb05b3975fe15,Roamer,HANJIN BRION,LCK,Corée,Ligue majeure,Mid,93,143,791.0,247.0,253.0,8.0,0.0,0.092
oe:player:37f20525a39d17ec49fd10294f9c994,TheShy,Invictus Gaming,LPL,Chine,Ligue majeure,Top,43,187,789.0,264.0,1349.0,7.0,0.005,0.165
oe:player:542b1268b090a5fc82442efbd8d8165,Angel,EDward Gaming,LPL,Chine,Ligue majeure,Mid,31,113,787.0,259.0,828.0,12.0,0.0,0.03
oe:player:90651ebea9a35ec4e018c8157492e17,ON,Bilibili Gaming,LPL,Chine,Ligue majeure,Support,177,366,786.0,265.0,1084.0,6.0,0.0,0.478
oe:player:85104684d1eb7f4c0ce393441a0b669,Aiming,Kiwoom DRX,LCK,Corée,Ligue majeure,ADC,94,240,786.0,229.0,-62.0,11.0,0.0,0.0
oe:player:5385f74da3e5deb5b66d9a1ee56cf97,Dhokla,LYON,LCS,Amérique du Nord,Ligue majeure,Top,111,148,785.0,251.0,1691.0,8.0,0.0,0.268
oe:player:8f8eaac8e99c203ee76e57c5c81c91f,Quid,Team Liquid,LCS,Amérique du Nord,Ligue majeure,Mid,97,174,781.0,258.0,1092.0,14.0,0.0,0.0
oe:player:a7128975a782c11d8c34525be8e1b6c,Erha,Team WE,LPL,Chine,Ligue majeure,Support,145,203,779.0,224.0,1049.0,12.0,0.0,0.005
oe:player:5c6f901a83ec448d51703aebba0ca64,Croco,LNG Esports,LPL,Chine,Ligue majeure,Jungle,39,121,776.0,250.0,526.0,8.0,0.0,0.092
oe:player:a23b45071ea855f85e43db4b5a1683d,Monki,Team WE,LPL,Chine,Ligue majeure,Jungle,128,263,769.0,262.0,492.0,17.5,0.0,0.11
oe:player:178ec186b0d43d2669342596c2808cd,Diable,Nongshim RedForce,LCK,Corée,Ligue majeure,ADC,128,255,765.0,232.0,-164.0,9.0,0.0,0.0
oe:player:cbe20c64274a87a21e5bdac1ccc3e77,Rhilech,Natus Vincere,LEC,EMEA,Ligue majeure,Jungle,86,147,763.0,247.0,1404.0,13.0,0.0,0.128
oe:player:da9f969a7ab3819b9e528072aa4d5e6,Siwoo,Dplus Kia,LCK,Corée,Ligue majeure,Top,146,309,760.0,270.0,-84.0,6.0,0.0,0.27
oe:player:be9758f87345bcce47970a8f17b3c07,Oscarinin,GiantX,LEC,EMEA,Ligue majeure,Top,33,120,757.0,254.0,1304.0,15.0,0.0,0.078
oe:player:aad3806ef26a116c73b11efa07e9bd8,Flandre,Bilibili Gaming,LPL,Chine,Ligue majeure,Top,100,283,755.0,243.0,1181.0,10.5,0.0,0.0
oe:player:5ef70ecd799a70ebbda239cd9a9f1e7,Andil,Kiwoom DRX,LCK,Corée,Ligue majeure,Support,111,214,754.0,248.0,-143.0,13.0,0.0,0.0
oe:player:ab15060e5225b51592cd04b3aed1e09,SkewMond,G2 Esports,LEC,EMEA,Ligue majeure,Jungle,131,244,753.0,277.0,1357.0,11.0,0.0,0.0
oe:player:d24f38ec30ce6f7577066f80e43e4bf,Kael,Anyone's Legend,LPL,Chine,Ligue majeure,Support,142,325,749.0,276.0,900.0,10.0,0.0,0.0
oe:player:beea9fe15bff6a7ab0b3913d3d5fde6,Xiaohu,Weibo Gaming,LPL,Chine,Ligue majeure,Mid,100,260,748.0,252.0,635.0,16.0,0.0,0.0
oe:player:60b1614a632775c97a37a57bda799f2,GIDEON,HANJIN BRION,LCK,Corée,Ligue majeure,Jungle,110,245,746.0,250.0,215.0,12.0,0.0,0.0
oe:player:55dd587cdc4a278be6a5c37f9e539de,Caps,G2 Esports,LEC,EMEA,Ligue majeure,Mid,131,244,740.0,277.0,1140.0,13.0,0.0,0.0
oe:player:eaf899c6268995f9b1e40d1932c6888,Targamas,French Flair,LFL,EMEA,Deuxième niveau,Support,40,148,740.0,255.0,2169.0,1.0,0.902,1.0
oe:player:c62a5235ad6bc113a1e64eb0e9aa8c8,Hans Sama,G2 Esports,LEC,EMEA,Ligue majeure,ADC,131,244,740.0,277.0,1082.0,11.0,0.0,0.0
oe:player:b0ec3df39d61f953e7af0afd8eb8c4a,Kellin,BNK FEARX,LCK,Corée,Ligue majeure,Support,130,257,739.0,271.0,-217.0,14.0,0.0,0.0
oe:player:a58a0d41103cdc5b58cbb547eeaca2d,Elk,Weibo Gaming,LPL,Chine,Ligue majeure,ADC,100,290,737.0,241.0,396.0,13.0,0.0,0.0
oe:player:618a87d272773f68239d8ce5555f39d,Kingen,Nongshim RedForce,LCK,Corée,Ligue majeure,Top,106,250,727.0,258.0,-250.0,15.0,0.0,0.0
oe:player:bb6ac5763c6576e104a7a2f59eb4ddf,Labrov,G2 Esports,LEC,EMEA,Ligue majeure,Support,131,244,726.0,277.0,882.0,13.0,0.0,0.0
oe:player:4047b7fecd736a6924aa13b05f42897,Taeyoon,BNK FEARX,LCK,Corée,Ligue majeure,ADC,108,108,725.0,245.0,-363.0,13.0,0.0,0.0
oe:player:f73dde2d8c7879ae8d1fcdc03c4ffeb,Morgan,Team Liquid,LCS,Amérique du Nord,Ligue majeure,Top,97,201,723.0,259.0,1379.0,10.0,0.0,0.022
oe:player:84bff3a326833c7c9181c698f676878,BrokenBlade,G2 Esports,LEC,EMEA,Ligue majeure,Top,131,244,722.0,277.0,1128.0,11.0,0.0,0.0
oe:player:8b73af38e98bccab6f86930c75a9450,Trymbi,Shifters,LEC,EMEA,Ligue majeure,Support,40,107,722.0,251.0,862.0,27.0,0.0,0.015
oe:player:da3299cd46f1ad8a86bbadeb6b8a320,Assum,Invictus Gaming,LPL,Chine,Ligue majeure,ADC,77,163,715.0,238.0,287.0,18.0,0.0,0.0
oe:player:7577c239c73fa5f3011cd7b5503e75e,Canna,Karmine Corp,LEC,EMEA,Ligue majeure,Top,138,246,715.0,270.0,1096.0,16.0,0.0,0.0
oe:player:566586ef99b39b57e9c85c59f021da5,Burdol,LGD Gaming,LPL,Chine,Ligue majeure,Top,80,137,709.0,242.0,950.0,15.0,0.0,0.0
oe:player:57ac9f77eae511aeee1e854434f73f2,HOYA,Ninjas in Pyjamas,LPL,Chine,Ligue majeure,Top,93,199,708.0,253.0,945.0,14.0,0.0,0.0
oe:player:e2af2b779499aa25ab9a9c10c9a5ffd,Caliste,Karmine Corp,LEC,EMEA,Ligue majeure,ADC,138,246,705.0,270.0,910.0,16.0,0.0,0.0
oe:player:6fbf57b984dbf130701e09ea4110bb8,Rich,Kiwoom DRX Challengers,LCKC,Corée,Deuxième niveau,Top,113,214,701.0,249.0,1788.0,1.0,0.91,1.0
oe:player:edf8b064c096691e539b7e2a3e28179,Humanoid,Team Vitality,LEC,EMEA,Ligue majeure,Mid,56,116,684.0,237.0,863.0,23.0,0.0,0.0
oe:player:f9fe6d28d5b67bf9ac673b2cc8edf15,Cuzz,KT Rolster,LCK,Corée,Ligue majeure,Jungle,108,238,678.0,261.0,-122.0,12.0,0.0,0.008
oe:player:1f7d70f56b608b3137df2493949fdd0,Bie,Team Secret Whales,LCP,Asie-Pacifique,Ligue majeure,Support,110,157,678.0,251.0,1511.0,23.0,0.0,0.0
oe:player:8643b56ba8000250b81fdaca1d7f06e,Jiwoo,KT Rolster,LCK,Corée,Ligue majeure,ADC,111,252,678.0,219.0,-602.0,17.0,0.0,0.0
oe:player:a7b51467f09577883d7150f37393964,naiyou,Top Esports,LPL,Chine,Ligue majeure,Jungle,43,101,676.0,249.0,28.0,17.0,0.0,0.0
oe:player:d709285b163a94af9d819e568c592ba,VicLa,BNK FEARX,LCK,Corée,Ligue majeure,Mid,120,245,674.0,261.0,-334.0,16.0,0.0,0.0
oe:player:18bdb3898e7fecb3bb0be7ff075d509,deokdam,DN SOOPers,LCK,Corée,Ligue majeure,ADC,116,246,671.0,237.0,-633.0,14.0,0.0,0.0
oe:player:6bc43cc1537fa4ac6295b4899e972cf,Care,Ninjas in Pyjamas,LPL,Chine,Ligue majeure,Mid,93,216,670.0,250.0,243.0,17.0,0.0,0.0
oe:player:0da0eeb199e8fa3ab773cf84f9de9ab,Tian,Top Esports,LPL,Chine,Ligue majeure,Jungle,97,247,670.0,250.0,-2.0,20.0,0.0,0.0
oe:player:f5bf9bd732b85e4dcab5121e4769ae4,Alvaro,Movistar KOI,LEC,EMEA,Ligue majeure,Support,111,220,669.0,278.0,595.0,22.0,0.0,0.0
oe:player:ed455f823b6586e9e3621dfb5aeb42e,Blaber,Cloud9,LCS,Amérique du Nord,Ligue majeure,Jungle,94,169,669.0,274.0,1234.0,21.0,0.0,0.0
oe:player:e9017664588010860a92ceb5f8fcb82,Quad,FlyQuest,LCS,Amérique du Nord,Ligue majeure,Mid,85,176,668.0,268.0,530.0,22.0,0.0,0.0
oe:player:637ed20b1e41be1c51bd1a4cb211357,Raptor,BNK FEARX,LCK,Corée,Ligue majeure,Jungle,130,257,666.0,271.0,-184.0,15.0,0.0,0.0
oe:player:10d1208b485425756fcc932229386b0,MISSING,LNG Esports,LPL,Chine,Ligue majeure,Support,45,146,662.0,252.0,464.0,19.0,0.0,0.0
oe:player:6059545b206c4b230b97fd3651b473a,Crisp,LGD Gaming,LPL,Chine,Ligue majeure,Support,52,224,662.0,223.0,465.0,17.0,0.0,0.0
oe:player:81acc6bcde5c927c78e0990e9887f84,Vulcan,Cloud9,LCS,Amérique du Nord,Ligue majeure,Support,94,169,659.0,274.0,1114.0,19.0,0.0,0.0
oe:player:c78788a736a0c7e5a77890144fd2986,Quantum,DN SOOPers Challengers,LCKC,Corée,Deuxième niveau,Support,108,235,659.0,237.0,1705.0,3.0,0.03,0.652
oe:player:fd0a05e90aefc83ac69d3352b0f0be6,xyno,LOUD,CBLOL,Brésil & Amérique latine,Ligue majeure,Top,88,144,658.0,251.0,1592.0,19.0,0.0,0.042
oe:player:145201414ecb853de684fbe7d6bb5b6,Ackerman,LØS,CBLOL,Brésil & Amérique latine,Ligue majeure,Support,100,162,657.0,259.0,1723.0,27.0,0.0,0.0
oe:player:1efc4e5732e91520d03385900b903f9,Thanatos,Cloud9,LCS,Amérique du Nord,Ligue majeure,Top,94,169,656.0,274.0,1046.0,20.0,0.0,0.0
oe:player:83eb62484689106807fcf5ad55b5479,Jojopyun,Movistar KOI,LEC,EMEA,Ligue majeure,Mid,111,220,652.0,278.0,703.0,22.0,0.0,0.0
oe:player:d87853a5c1c5463889d70a62cdbcffc,Clear,BNK FEARX,LCK,Corée,Ligue majeure,Top,130,255,652.0,263.0,-621.0,18.0,0.0,0.0
oe:player:a41eb80b5f23627fc710cc41c516e49,LazyFeel,Kiwoom DRX Challengers,LCKC,Corée,Deuxième niveau,ADC,106,238,652.0,224.0,1534.0,1.0,0.61,0.905
oe:player:ab2455e33b8ddb6a9d2d41107a2ed4f,Hang,Weibo Gaming,LPL,Chine,Ligue majeure,Support,27,140,649.0,230.0,400.0,18.0,0.0,0.0
oe:player:1223a0ed2bfab9b714c72d965df8133,Supa,Movistar KOI,LEC,EMEA,Ligue majeure,ADC,111,220,649.0,278.0,629.0,22.0,0.0,0.0
oe:player:8a8f18e4b7d0f30c19c5fb99a526951,Elyoya,Movistar KOI,LEC,EMEA,Ligue majeure,Jungle,111,220,648.0,278.0,830.0,20.0,0.0,0.0
oe:player:4203fc46c4c6333e9bfa9d0a8618677,Yike,Karmine Corp,LEC,EMEA,Ligue majeure,Jungle,138,246,645.0,270.0,816.0,18.0,0.0,0.0
oe:player:e5feef89d633a666eeaaf6392ca2fa9,YoungJae,LOUD,CBLOL,Brésil & Amérique latine,Ligue majeure,Jungle,64,193,645.0,257.0,1222.0,25.0,0.0,0.0
oe:player:460ae5a7af8d68f7831b70307210ab3,Berserker,LYON,LCS,Amérique du Nord,Ligue majeure,ADC,114,202,645.0,256.0,662.0,16.0,0.0,0.115
oe:player:990de650e44c3b85ec90451de02db04,Jool,Solary,LFL,EMEA,Deuxième niveau,Mid,105,184,644.0,249.0,1798.0,2.0,0.202,1.0
oe:player:71e79ef80600d398d90cfebe3b0b758,Scout,Nongshim RedForce,LCK,Corée,Ligue majeure,Mid,106,270,644.0,248.0,-481.0,25.0,0.0,0.0
oe:player:baf26814ef7b2f10fac33a00c3d53a3,Willer,Kiwoom DRX,LCK,Corée,Ligue majeure,Jungle,112,235,643.0,235.0,-297.0,30.0,0.0,0.0
oe:player:9d2474b953a3a0be93880409ccceb4e,Artemis,GAM Esports,LCP,Asie-Pacifique,Ligue majeure,ADC,95,194,642.0,266.0,1485.0,32.0,0.0,0.0
oe:player:d1ae0e2f9f3ac1e0e0cdcb86504ca77,Feisty,LØS,CBLOL,Brésil & Amérique latine,Ligue majeure,Mid,100,187,640.0,259.0,1418.0,21.0,0.0,0.005
oe:player:fe4329cec43193c425eb28a4a4b304a,Upset,Fnatic,LEC,EMEA,Ligue majeure,ADC,67,154,638.0,265.0,570.0,21.0,0.0,0.0
oe:player:0c74b7f78409a4022a2c4c5a5ca3ee1,369,Top Esports,LPL,Chine,Ligue majeure,Top,43,226,636.0,258.0,586.0,15.5,0.0,0.0
oe:player:10fcffece0ac7be85f09c4b51a75762,Zven,Cloud9,LCS,Amérique du Nord,Ligue majeure,ADC,66,141,627.0,261.0,570.0,27.5,0.0,0.0
oe:player:18a70ca6e551b080cf886828cc18394,Sharvel,DN SOOPers,LCK,Corée,Ligue majeure,Jungle,118,229,627.0,238.0,-380.0,28.0,0.0,0.0
oe:player:ede24d5e0911d7a4f6ec514a67802ff,Myrwn,Movistar KOI,LEC,EMEA,Ligue majeure,Top,111,220,623.0,278.0,633.0,22.0,0.0,0.0
oe:player:6625d682ed10ef5e0e7c6c9e4dd2fc1,Tatu,FURIA,CBLOL,Brésil & Amérique latine,Ligue majeure,Jungle,88,155,621.0,273.0,1098.0,24.0,0.0,0.0
oe:player:52b4f060a577ff87c99118d97fa75f4,Josedeodo,Team Liquid,LCS,Amérique du Nord,Ligue majeure,Jungle,97,162,621.0,257.0,997.0,26.0,0.0,0.0
oe:player:30361653a485a9609fb2d3aa073282c,Bdd,KT Rolster,LCK,Corée,Ligue majeure,Mid,112,243,614.0,262.0,-634.0,17.0,0.0,0.0
oe:player:722c8846b5f0c756efb2affe467958a,Kaze,LOUD,CBLOL,Brésil & Amérique latine,Ligue majeure,Mid,86,155,614.0,241.0,1288.0,23.0,0.0,0.0
oe:player:10be1f35d8b5ea6babf916a6e7dd8a4,Fleshy,Team Vitality,LEC,EMEA,Ligue majeure,Support,86,138,614.0,247.0,323.0,22.0,0.0,0.0
oe:player:86a59ad7ba2334ad7505f303d3f2ab6,Casting,HANJIN BRION,LCK,Corée,Ligue majeure,Top,110,245,614.0,243.0,-815.0,18.0,0.0,0.005
oe:player:390ca7b6b38d552363eba1b5b54ff18,Razork,Fnatic,LEC,EMEA,Ligue majeure,Jungle,67,154,612.0,265.0,649.0,23.0,0.0,0.0
oe:player:97cae9bbdbfe09bafe83c5a7bda0727,Namgung,HANJIN BRION,LCK,Corée,Ligue majeure,Support,110,240,612.0,258.0,-853.0,34.5,0.0,0.0
oe:player:b61e517b1a6027160aafaf56e9867c0,Wei,Invictus Gaming,LPL,Chine,Ligue majeure,Jungle,124,236,610.0,225.0,-302.0,19.0,0.0,0.0
oe:player:867e8957fae1cb59f0808dbcc3aada2,GALA,JD Gaming,LPL,Chine,Ligue majeure,ADC,166,323,610.0,239.0,-241.0,20.0,0.0,0.0
oe:player:f45792335d83b10581da2f0cbdd6e8e,Saint,LYON,LCS,Amérique du Nord,Ligue majeure,Mid,114,147,609.0,260.0,232.0,27.0,0.0,0.0
oe:player:c145139d26813639b8fe6f4d0b28228,Massu,FlyQuest,LCS,Amérique du Nord,Ligue majeure,ADC,85,176,605.0,268.0,463.0,26.0,0.0,0.0
oe:player:73e08f7701a4316284cbe884b5d7e56,Kiaya,GAM Esports,LCP,Asie-Pacifique,Ligue majeure,Top,95,195,604.0,266.0,1761.0,29.0,0.0,0.0
oe:player:035b9ae578574cdf728d8760483d804,Effort,KT Rolster,LCK,Corée,Ligue majeure,Support,116,120,602.0,241.0,-900.0,17.0,0.0,0.008
oe:player:370f639a8b838f1933c7232d8adae72,Naak Nako,Team Vitality,LEC,EMEA,Ligue majeure,Top,86,138,601.0,272.0,524.0,25.0,0.0,0.0
oe:player:c332dc879e14f1feb266190c7f396fd,Shad0w,CTBC Flying Oyster,LCP,Asie-Pacifique,Ligue majeure,Jungle,87,210,599.0,231.0,1247.0,28.0,0.0,0.0
oe:player:2452114de900ce4bb971851b668786d,Hype,Team Heretics,LEC,EMEA,Ligue majeure,ADC,56,146,598.0,244.0,372.0,24.0,0.0,0.0
oe:player:2b5fa564a1259b97bc238fbfa719b07,Teddy,HANJIN BRION,LCK,Corée,Ligue majeure,ADC,110,201,598.0,237.0,-1000.0,23.0,0.0,0.0
oe:player:05a73863e113f3cb6b472a76da2ea52,DARKWINGS,Sentinels,LCS,Amérique du Nord,Ligue majeure,Mid,90,153,598.0,260.0,178.0,31.0,0.0,0.0
oe:player:ec0c2b8d7630efba391c288765d4d7e,Carzzy,Team Vitality,LEC,EMEA,Ligue majeure,ADC,86,138,597.0,272.0,367.0,27.0,0.0,0.0
oe:player:6427b0c5a7c3106e92a7c11257a08c6,Guwon,Ninjas in Pyjamas,LPL,Chine,Ligue majeure,Jungle,93,133,597.0,253.0,-365.0,24.0,0.0,0.0
oe:player:326f63d01099f1c8b91620cbc893813,Paduck,Shifters,LEC,EMEA,Ligue majeure,ADC,61,190,596.0,252.0,362.0,36.0,0.0,0.0
oe:player:0a53c1102dafce61e89decc517b3175,Loki,Cloud9,LCS,Amérique du Nord,Ligue majeure,Mid,46,112,593.0,248.0,151.0,27.0,0.0,0.0
oe:player:41ad87cfc159526f62529db61162a2a,Vampire,JD Gaming,LPL,Chine,Ligue majeure,Support,166,306,591.0,246.0,110.0,25.0,0.0,0.0
oe:player:6d734e1e86b978852d95cfd63d6a643,Shaoye,LGD Gaming,LPL,Chine,Ligue majeure,ADC,97,178,589.0,261.0,-345.0,27.0,0.0,0.0
oe:player:fa22d396503a5a737f2f169943d7241,Zoelys,Galions,LFL,EMEA,Deuxième niveau,Support,123,209,587.0,259.0,1402.0,3.0,0.002,0.925
oe:player:4e0619e57cb50c4ab1230c2dd72df1b,Tactical,Cloud9,LCS,Amérique du Nord,Ligue majeure,ADC,47,111,586.0,262.0,368.0,41.0,0.0,0.0
oe:player:05fafeaf23dc3285558a4e968970b9f,CoreJJ,Team Liquid,LCS,Amérique du Nord,Ligue majeure,Support,97,166,586.0,266.0,747.0,26.0,0.0,0.0
oe:player:95082306f78780da5686f118c993366,Doggo,CTBC Flying Oyster,LCP,Asie-Pacifique,Ligue majeure,ADC,87,206,583.0,257.0,1193.0,33.0,0.0,0.0
oe:player:e5f6c83e6e97c74fc9e9760fc8972ae,Eddie,Team Secret Whales,LCP,Asie-Pacifique,Ligue majeure,ADC,110,188,577.0,272.0,1160.0,30.0,0.0,0.0
oe:player:9d361f9d8214252ee571375f9105cb4,frosty,RED Canids,CBLOL,Brésil & Amérique latine,Ligue majeure,Support,65,128,576.0,257.0,1321.0,38.0,0.0,0.0
oe:player:9d5052e9f9f4a63835f738441a3b1f6,Mikyx,SK Gaming,LEC,EMEA,Ligue majeure,Support,58,145,576.0,256.0,132.0,31.0,0.0,0.0
oe:player:f6b8af05a5af22004a67a78f3046b92,Yeon,Team Liquid,LCS,Amérique du Nord,Ligue majeure,ADC,97,166,573.0,266.0,302.0,28.0,0.0,0.0
oe:player:d617210b92fa03e78554883250d432c,Gakgos,FlyQuest,LCS,Amérique du Nord,Ligue majeure,Top,85,121,567.0,252.0,600.0,28.0,0.0,0.0
oe:player:211333df928f872c063bce4ef25ea63,Junhao,ThunderTalk Gaming,LPL,Chine,Ligue majeure,Jungle,80,157,567.0,256.0,-517.0,37.0,0.0,0.0
oe:player:a9cfbc13e22eefdd22af7b346ce2af4,Parus,Natus Vincere,LEC,EMEA,Ligue majeure,Support,86,136,567.0,257.0,85.0,30.0,0.0,0.0
oe:player:1b481e5ac2a687de752b330bee95ce8,Renard,Invictus Gaming,LPL,Chine,Ligue majeure,Mid,20,37,567.0,265.0,-271.0,26.0,0.0,0.0
oe:player:367fecc4cb53a8234abbd9f283b7997,Vladi,Fnatic,LEC,EMEA,Ligue majeure,Mid,67,175,567.0,250.0,278.0,28.0,0.0,0.0
oe:player:3389bea88a7a78d4b5577a86e07c2ee,re0,Oh My God,LPL,Chine,Ligue majeure,Jungle,21,28,566.0,273.0,-521.0,28.0,0.0,0.0
oe:player:0d9b0a3b3a93a8f759c9d8ac8eef97c,Breathe,Anyone's Legend,LPL,Chine,Ligue majeure,Top,90,240,565.0,235.0,233.0,24.0,0.0,0.0
oe:player:e9741b3a238723ea6380ef2113fae63,Loopy,Dplus Kia Challengers,LCKC,Corée,Deuxième niveau,Support,123,160,563.0,243.0,1226.0,7.0,0.0,0.328
oe:player:7e2505960c12cc54c96a0a6efb2e055,Bwipo,Estral Esports,CD,Brésil & Amérique latine,Deuxième niveau,Top,45,131,562.0,247.0,2979.0,2.0,0.09,0.918
oe:player:a52945dbe283de2f7e9d63ca3417f36,Leave,EDward Gaming,LPL,Chine,Ligue majeure,ADC,78,210,559.0,241.0,-496.0,35.0,0.0,0.0
oe:player:75414f3b4f03bf449c319eb75f3dd5b,Kryze,Solary,LFL,EMEA,Deuxième niveau,Top,105,167,559.0,258.0,1392.0,3.0,0.0,1.0
oe:player:1c42d9266c8b391c7870b7a39f25a12,Photic,Ninjas in Pyjamas,LPL,Chine,Ligue majeure,ADC,76,98,558.0,243.0,-497.0,30.0,0.0,0.0
oe:player:d6a41c1166922d1ff489fdb2fa06289,Thayger,Galions,LFL,EMEA,Deuxième niveau,Jungle,123,218,555.0,242.0,1787.0,1.0,0.605,1.0
oe:player:63dd174baf11b12006e5dc29c2269a1,Maynter,Natus Vincere,LEC,EMEA,Ligue majeure,Top,86,213,551.0,257.0,275.0,36.0,0.0,0.0
oe:player:786b5bbf7bbfb7b79379e8589a865c1,Zest,LØS,CBLOL,Brésil & Amérique latine,Ligue majeure,Top,100,156,549.0,247.0,1045.0,31.0,0.0,0.0
oe:player:32ddd24ac02f57871c631c66265d2f6,HongSuo,Deep Cross Gaming,LCP,Asie-Pacifique,Ligue majeure,Mid,106,213,548.0,267.0,1142.0,41.5,0.0,0.0
oe:player:97e179ee675d0c4345bcd64089d2218,sinian,EDG Youth Team,LPL,Chine,Ligue majeure,Mid,21,30,547.0,269.0,-374.0,25.0,0.0,0.0
oe:player:6adb46561c24655e0455d9b3fdc5698,Clozer,DN SOOPers,LCK,Corée,Ligue majeure,Mid,120,221,543.0,246.0,-990.0,30.0,0.0,0.0
oe:player:0be01924125adebc1a95bbb09d0c4d1,Starry,Oh My God,LPL,Chine,Ligue majeure,ADC,27,87,543.0,265.0,-574.0,27.0,0.0,0.0
oe:player:dea5251e486aed942e1bc06e1d5c116,Life,DN SOOPers,LCK,Corée,Ligue majeure,Support,25,105,540.0,254.0,-1211.0,33.0,0.0,0.0
oe:player:d61d8a0b25028f787123bfff542d305,Guigo,FURIA,CBLOL,Brésil & Amérique latine,Ligue majeure,Top,94,161,537.0,279.0,985.0,34.0,0.0,0.0
oe:player:eeec6c7a9d2b475c23650b202208b89,Lot,GiantX,LEC,EMEA,Ligue majeure,Top,58,115,536.0,270.0,202.0,30.0,0.0,0.0
oe:player:043e89cd3b06bc1a0555024d475c9d2,Hizto,Team Secret Whales,LCP,Asie-Pacifique,Ligue majeure,Jungle,110,188,536.0,272.0,929.0,32.5,0.0,0.0
oe:player:6644a7352d32c9c4443017798130b61,Pun,Team Secret Whales,LCP,Asie-Pacifique,Ligue majeure,Top,109,165,536.0,253.0,1423.0,35.0,0.0,0.0
oe:player:13166913111075999f2adeb687548eb,Parukia,EDward Gaming,LPL,Chine,Ligue majeure,Support,53,105,534.0,250.0,-176.0,34.0,0.0,0.0
oe:player:58771d428ade54dd5983bbe70ce0383,Xiaohao,Weibo Gaming,LPL,Chine,Ligue majeure,Jungle,66,148,534.0,255.0,-682.0,28.0,0.0,0.0
oe:player:054e5f8aeb885db6713f4a3e7328efc,Jun,GiantX,LEC,EMEA,Ligue majeure,Support,91,148,532.0,270.0,-89.0,31.0,0.0,0.0
oe:player:204746c853a12888ad72d8035cdf8c7,Jackies,GiantX,LEC,EMEA,Ligue majeure,Mid,91,148,531.0,270.0,99.0,31.0,0.0,0.0
oe:player:ca9701f085966dfca32e31b1b1e9d55,Lyncas,Team Vitality,LEC,EMEA,Ligue majeure,Jungle,86,138,530.0,272.0,239.0,29.5,0.0,0.0
oe:player:3c93fcbfb525315f6412904e5b9abbd,Tangyuan,LGD Gaming,LPL,Chine,Ligue majeure,Mid,97,147,530.0,255.0,-455.0,30.0,0.0,0.0
oe:player:f52533de1cc92487ab58b973cd2490e,ZUIAN,Top Esports,LPL,Chine,Ligue majeure,Top,97,109,529.0,263.0,52.0,23.0,0.0,0.0
oe:player:40704dfd2d966862568d29770de57bd,Isles,LYON,LCS,Amérique du Nord,Ligue majeure,Support,114,153,527.0,260.0,454.0,32.0,0.0,0.0
oe:player:027a5217b659e8bedb70978dea494d6,Irrelevant,Berlin International Gaming,PRM,EMEA,Deuxième niveau,Top,128,166,520.0,256.0,1690.0,9.0,0.0,0.218
oe:player:d2b317a92a71a850ae3da1e0d83e883,1xn,LNG Esports,LPL,Chine,Ligue majeure,ADC,53,169,518.0,255.0,-697.0,37.0,0.0,0.0
oe:player:c8fe7c65a2ae0ab6ff62674ade6847d,Cloud,T1 Esports Academy,LCKC,Corée,Deuxième niveau,Support,154,302,517.0,266.0,997.0,6.0,0.002,0.445
oe:player:3648451fd5b8a8ab01e4bedf780c1d6,Zinie,Shopify Rebellion,LCS,Amérique du Nord,Ligue majeure,Mid,63,192,515.0,254.0,-236.0,43.0,0.0,0.0
oe:player:9c2752c1d6bb4dc3a7c3365c68271e3,Hwichan,KT Rolster Challengers,LCKC,Corée,Deuxième niveau,Mid,141,210,515.0,255.0,861.0,4.0,0.0,0.712
oe:player:0101bf828e44b2630d500590c4ad461,Gury,MVK Esports,LCP,Asie-Pacifique,Ligue majeure,Jungle,78,169,508.0,262.0,789.0,38.0,0.0,0.0
oe:player:87f7503a6cdacffa612aeee7f04cc7c,Callme,Disguised,LCS,Amérique du Nord,Ligue majeure,Mid,53,148,507.0,257.0,-279.0,52.0,0.0,0.0
oe:player:95d286ec0a5d750d09e848a4e630c56,Noah,GiantX,LEC,EMEA,Ligue majeure,ADC,58,115,507.0,270.0,-84.0,36.0,0.0,0.0
oe:player:973547129a691fb61e886add170ac7a,Piero,Solary,LFL,EMEA,Deuxième niveau,Support,104,218,507.0,251.0,1004.0,4.0,0.0,0.682
oe:player:88bba3108e62145a9780becd3eb553d,Jiejie,EDward Gaming,LPL,Chine,Ligue majeure,Jungle,112,222,506.0,230.0,-820.0,32.0,0.0,0.0
oe:player:1506ea935288289a3e2c712b55f280f,Habubu,Berlin International Gaming,PRM,EMEA,Deuxième niveau,Jungle,105,105,506.0,260.0,1950.0,4.0,0.022,0.695
oe:player:6e6a78244523ed9e54731d07d1f79f4,DuDu,DN SOOPers,LCK,Corée,Ligue majeure,Top,120,208,506.0,255.0,-1352.0,30.0,0.0,0.0
oe:player:9fefcdafef82ae8de67c1187546d622,Haetae,T1 Esports Academy,LCKC,Corée,Deuxième niveau,Top,147,295,505.0,261.0,809.0,6.0,0.0,0.428
oe:player:cb4cd2fd258d5961d2f1c4815b04123,JoJo,FURIA,CBLOL,Brésil & Amérique latine,Ligue majeure,Support,94,161,504.0,279.0,962.0,36.0,0.0,0.0
oe:player:317aeb74a6dd16bea711bbad361ca44,BuLLDoG,EDward Gaming,LPL,Chine,Ligue majeure,Mid,71,175,498.0,237.0,-617.0,35.0,0.0,0.0
oe:player:51e528aaaafe5451e0a14c0da847dc4,Bluffing,Hanwha Life Esports Challengers,LCKC,Corée,Deuxième niveau,Support,99,204,497.0,255.0,898.0,8.0,0.0,0.148
oe:player:dda950e6954035ff3f38b14ef7acc26,Lucy,Nongshim Esports Academy,LCKC,Corée,Deuxième niveau,ADC,124,137,497.0,264.0,761.0,5.0,0.0,0.54
oe:player:bc4f68ea698f26bb1e2f6d34f900f57,SamD,Natus Vincere,LEC,EMEA,Ligue majeure,ADC,86,149,495.0,248.0,-144.0,36.0,0.0,0.0
oe:player:b7a3b6176406a92dd089fe2f82a1d3f,Dire,Team Secret Whales,LCP,Asie-Pacifique,Ligue majeure,Mid,110,188,494.0,272.0,874.0,33.0,0.0,0.0
oe:player:d7a904873d10637ef44afa9c1de83b3,Ayu,FURIA,CBLOL,Brésil & Amérique latine,Ligue majeure,ADC,94,161,494.0,279.0,719.0,40.0,0.0,0.0
oe:player:3126bca5d4d2555ba3b460699508e16,Pollu,KT Rolster Challengers,LCKC,Corée,Deuxième niveau,Support,115,216,493.0,242.0,877.0,6.5,0.062,0.402
oe:player:613a571a4b0b674547093130f2e4093,SlowQ,SK Gaming,LEC,EMEA,Ligue majeure,Mid,63,190,488.0,248.0,-117.0,41.0,0.0,0.0
oe:player:97703d326201ee5bfa4694c7a73a2b4,Gloryy,GAM Esports,LCP,Asie-Pacifique,Ligue majeure,Mid,34,34,486.0,269.0,833.0,46.0,0.0,0.0
oe:player:060e16e1c91434827c294bac52e8b47,Zicssi,Solary,LFL,EMEA,Deuxième niveau,Jungle,105,203,483.0,257.0,1426.0,4.0,0.055,0.762
oe:player:cce40f4b3dab509dbf23a9eaefed6ec,Sinatra,LOUD,CBLOL,Brésil & Amérique latine,Ligue majeure,Jungle,50,50,483.0,270.0,410.0,47.0,0.0,0.0
oe:player:cb15090b89e91fddb1cc57a00afe58f,Batuuu,Team Heretics Academy,LES,EMEA,Deuxième niveau,Support,81,176,480.0,258.0,2025.0,8.0,0.0,0.252
oe:player:1999dbe32608051613a2d3ed9c1b0d4,Morttheus,RED Canids,CBLOL,Brésil & Amérique latine,Ligue majeure,ADC,80,149,479.0,252.0,646.0,44.0,0.0,0.0
oe:player:eff6236e2369eaeccf4c9434031d20c,3XA,Joblife,LFL,EMEA,Deuxième niveau,ADC,46,173,478.0,253.0,1422.0,2.0,0.125,0.96
oe:player:e42fd90dea956c3986b69209b56ce16,OMON,Galions,LFL,EMEA,Deuxième niveau,Mid,123,213,477.0,253.0,960.0,4.0,0.03,0.772
oe:player:3d022fcafe5af9f52df92b17c015fe6,HARPOON,Galions,LFL,EMEA,Deuxième niveau,ADC,123,215,476.0,242.0,1412.0,3.0,0.255,0.825
oe:player:11b40dd5fcd01f1fca9496859ccd862,Shelfmade,G2 NORD,PRM,EMEA,Deuxième niveau,Top,122,223,475.0,260.0,1464.0,7.0,0.0,0.158
oe:player:da42b9f18367dc6c30476ec117c29de,Saber,Ultra Prime,LPL,Chine,Ligue majeure,Mid,23,99,475.0,267.0,-731.0,34.0,0.0,0.0
oe:player:397fee5de074b10600707b618fb1f29,SiuLoong,MVK Esports,LCP,Asie-Pacifique,Ligue majeure,Support,74,165,470.0,253.0,473.0,37.0,0.0,0.0
oe:player:4367b1100c2577e20e13ae9e3afd835,Lure,Team Heretics Academy,LES,EMEA,Deuxième niveau,ADC,81,81,469.0,268.0,2330.0,10.0,0.0,0.118
oe:player:a600b912c936aadcc1337cc2a3c928e,Boda,Kaufland Hangry Knights,PRM,EMEA,Deuxième niveau,Top,80,175,467.0,249.0,1425.0,15.0,0.0,0.02
oe:player:655ff5d5e29058249fdf0ab0e1389f8,FenRir,KT Rolster Challengers,LCKC,Corée,Deuxième niveau,ADC,141,219,466.0,242.0,604.0,6.0,0.0,0.398
oe:player:e2c655411d8d95ef73d8026704f5e7a,Rahel,Sentinels,LCS,Amérique du Nord,Ligue majeure,ADC,90,127,461.0,262.0,-259.0,42.0,0.0,0.0
oe:player:61ea9de879a9b27bb8eddcba7f32f4a,fNb,RED Canids,CBLOL,Brésil & Amérique latine,Ligue majeure,Top,27,90,461.0,267.0,605.0,42.0,0.0,0.0
oe:player:92f0831b560a15d8be3be25275adb08,Heng,LGD Gaming,LPL,Chine,Ligue majeure,Jungle,97,142,460.0,252.0,-1052.0,36.0,0.0,0.0
oe:player:f7407edad1ded2d8d1e634ed49a9698,Lancer,DN SOOPers Challengers,LCKC,Corée,Deuxième niveau,Top,120,267,458.0,263.0,577.0,8.0,0.0,0.155
oe:player:845ea84cec22236278388f19fcd20bf,HamBak,Sentinels,LCS,Amérique du Nord,Ligue majeure,Jungle,90,137,457.0,244.0,173.0,40.0,0.0,0.0
oe:player:3b63ea0de80cfb191f952872b392da9,sajed,Disguised,LCS,Amérique du Nord,Ligue majeure,ADC,53,98,455.0,257.0,-291.0,43.0,0.0,0.0
oe:player:e85e46c5f3d3fcce55af9ca6a4cb45c,sasi,Ultra Prime,LPL,Chine,Ligue majeure,Top,29,110,454.0,255.0,-323.0,30.0,0.0,0.0
oe:player:effd5b04b5d98b779f0a6162c40735a,Fisher,DetonatioN FocusMe,LCP,Asie-Pacifique,Ligue majeure,Mid,36,160,454.0,239.0,673.0,47.5,0.0,0.0
oe:player:31fcee25eb58c4dad5616a879948390,Wenbo,Bilibili Gaming,LPL,Chine,Ligue majeure,Top,20,24,451.0,271.0,-338.0,30.0,0.0,0.0
oe:player:3b54bb3274c2444d1062333aa5f012a,NattyNatt,French Flair,LFL,EMEA,Deuxième niveau,Jungle,40,58,450.0,268.0,1265.0,6.0,0.0,0.338
oe:player:c0f78343a2ad4ba1463245d53a3b440,Ragner,Joblife,LFL,EMEA,Deuxième niveau,Top,76,162,449.0,245.0,843.0,7.0,0.0,0.275
oe:player:5ee64eb3feb02e60832a2265db54f71,FIESTA,Team Vitality,LEC,EMEA,Ligue majeure,Mid,94,144,445.0,241.0,-333.0,46.0,0.0,0.0
oe:player:21f59b54f62b5b8b4bc0f63f0f617fc,Impact,Sentinels,LCS,Amérique du Nord,Ligue majeure,Top,90,156,445.0,255.0,-12.0,41.0,0.0,0.0
oe:player:8f7f4c1ce7a4f933663d10543562b09,About,Team WE,LPL,Chine,Ligue majeure,ADC,132,275,443.0,250.0,-1075.0,40.0,0.0,0.0
oe:player:886e8205ac1b091dbf67dbae83b1544,Tutsz,FURIA,CBLOL,Brésil & Amérique latine,Ligue majeure,Mid,94,161,443.0,279.0,431.0,41.0,0.0,0.0
oe:player:2042101ac1f6e7741bfe43f3672e6d7,Thomas,TLN Pirates,LFL,EMEA,Deuxième niveau,Support,69,126,440.0,250.0,666.0,12.0,0.0,0.018
oe:player:397bcf46311de3cf780469b2a842b67,Ycx,LNG Esports,LPL,Chine,Ligue majeure,Support,53,134,440.0,251.0,-647.0,39.0,0.0,0.0
oe:player:b4179fdeda1242fcd94b82a5710dd3e,Duduhh,LØS,CBLOL,Brésil & Amérique latine,Ligue majeure,ADC,100,124,440.0,264.0,449.0,42.0,0.0,0.0
oe:player:6841f2d68619d53bdd1cdbf30b5be2c,Zeyzal,Shopify Rebellion,LCS,Amérique du Nord,Ligue majeure,Support,35,106,437.0,253.0,1.0,34.0,0.0,0.0
oe:player:36d61387b87cbabd4c833a490f25a55,Ryuk,TeamOrangeGaming,PRM,EMEA,Deuxième niveau,ADC,54,72,436.0,263.0,1197.0,14.0,0.0,0.088
oe:player:6fcbbff49badbddafbda79a49abba07,STEPZ,RED Canids,CBLOL,Brésil & Amérique latine,Ligue majeure,Jungle,66,95,434.0,262.0,165.0,40.0,0.0,0.0
oe:player:e78da55d6db43d982f841204a8e51ac,Zhuo,Top Esports,LPL,Chine,Ligue majeure,Support,112,211,433.0,226.0,-683.0,38.0,0.0,0.0
oe:player:655c522b43d1444e55a0a4615c2b59b,Grizzly,BNK FEARX Youth,LCKC,Corée,Deuxième niveau,Jungle,44,149,433.0,250.0,853.0,12.0,0.0,0.132
oe:player:9d8737d57b1048a8b571856a296b624,Keshi,ThunderTalk Gaming,LPL,Chine,Ligue majeure,Top,80,95,433.0,271.0,-428.0,37.5,0.0,0.0
oe:player:e0b008815ab05c5cdaf4d46ab61ff63,Vizicsacsi,E WIE EINFACH E-SPORTS,PRM,EMEA,Deuxième niveau,Top,83,143,432.0,252.0,1247.0,13.0,0.0,0.132
oe:player:65ed20b21e2993fb00dbd21a2fd991b,Zika,Weibo Gaming,LPL,Chine,Ligue majeure,Top,100,160,432.0,248.0,-432.0,38.0,0.0,0.0
oe:player:b8441a3fc649ee4789bc3ded34f46d6,Janus,Nongshim Esports Academy,LCKC,Corée,Deuxième niveau,Top,124,199,431.0,256.0,438.0,10.0,0.0,0.158
oe:player:3f4027dc08a489bd4d5390913f5dc71,Sponge,Nongshim RedForce,LCK,Corée,Ligue majeure,Jungle,106,216,430.0,237.0,-1364.0,34.0,0.0,0.0
oe:player:92c21511d7b383b2f8ba5b00c3c9a47,Bull,LOUD,CBLOL,Brésil & Amérique latine,Ligue majeure,ADC,64,129,429.0,243.0,393.0,48.0,0.0,0.0
oe:player:5fa6eac8bedeed60a83f154d9538ee1,Carlsen,Galions,LFL,EMEA,Deuxième niveau,Top,123,177,429.0,255.0,741.0,8.0,0.0,0.392
oe:player:2cbf592923f34b2e6acc4b747385c8a,Gryffinn,FlyQuest,LCS,Amérique du Nord,Ligue majeure,Jungle,85,104,426.0,263.0,22.0,41.0,0.0,0.0
oe:player:be17beb4d906e22fa6995e17060ebd3,Slayer,BNK FEARX Youth,LCKC,Corée,Deuxième niveau,ADC,95,234,425.0,244.0,402.0,10.0,0.0,0.075
oe:player:498246d6c44175256a07ed5f322c817,Karis,Team WE,LPL,Chine,Ligue majeure,Mid,132,273,425.0,270.0,-984.0,37.0,0.0,0.0
oe:player:7fdedd3126915607d5c8f42f8239253,Pleata,Nongshim Esports Academy,LCKC,Corée,Deuxième niveau,Support,125,264,422.0,239.0,522.0,13.0,0.0,0.0
oe:player:b6603b64c5cabad210826735469838b,Cube,Team WE,LPL,Chine,Ligue majeure,Top,132,273,420.0,270.0,-492.0,35.0,0.0,0.0
oe:player:ea9ed09584feecae0991089f087d2ce,APA,Cloud9,LCS,Amérique du Nord,Ligue majeure,Mid,66,141,417.0,243.0,-729.0,43.0,0.0,0.0
oe:player:4ff7b91bbc9492e9f96d28dda496653,SeTab,Nongshim Esports Academy,LCKC,Corée,Deuxième niveau,Mid,124,222,416.0,257.0,367.0,9.0,0.0,0.25
oe:player:38e0af7278d6769d0c81d7c4b47ac1e,Soboro,Fnatic,LEC,EMEA,Ligue majeure,Top,65,227,414.0,242.0,-412.0,44.0,0.0,0.0
oe:player:403937c97942cb4634ef8907077ede5,Xiaoxia,Ultra Prime,LPL,Chine,Ligue majeure,Support,25,89,410.0,263.0,-796.0,39.0,0.0,0.0
oe:player:18077b307e3f20508d3d7622b416beb,Aether,T1 Esports Academy Rookies,LAS,Corée,Troisième niveau,Support,93,149,410.0,275.0,2196.0,1.0,0.998,1.0
oe:player:5522f05516e62197107dd9166442187,TheHank,Bilibili Gaming Junior,LPL,Chine,Ligue majeure,Support,20,35,406.0,263.0,-814.0,35.0,0.0,0.0
oe:player:ee4894bcff1cfaa4ffbf71b7b8d8921,Rin,G2 NORD,PRM,EMEA,Deuxième niveau,ADC,122,242,406.0,253.0,1045.0,7.0,0.005,0.405
oe:player:e214e8e906f16ec13e9a88de30dc181,Jopa,SK Gaming,LEC,EMEA,Ligue majeure,ADC,58,142,404.0,260.0,-599.0,53.0,0.0,0.0
oe:player:17c5e8bd59f3ea8c9d902da8d9f52b5,Myrtus,Movistar KOI Fénix,LES,EMEA,Deuxième niveau,Support,92,139,404.0,251.0,1643.0,13.0,0.0,0.01
oe:player:978c38ad839a85b4bdc8d3cd5e2c560,zynts,RED Canids,CBLOL,Brésil & Amérique latine,Ligue majeure,Top,69,116,404.0,252.0,322.0,41.0,0.0,0.0
oe:player:9191e392e93a6ef011ef76b5b83ee6c,huhi,Sentinels,LCS,Amérique du Nord,Ligue majeure,Support,90,138,403.0,264.0,-168.0,42.0,0.0,0.0
oe:player:d971df9441d60af93a87545e6a8f884,JiaQi,Invictus Gaming,LPL,Chine,Ligue majeure,ADC,114,182,402.0,228.0,-1281.0,48.0,0.0,0.0
oe:player:c88cada1696defe81464925789aa6d8,Ceos,paiN Gaming,CBLOL,Brésil & Amérique latine,Ligue majeure,Support,56,112,400.0,253.0,442.0,50.0,0.0,0.0
oe:player:9c51ed760409db6fa2a02fe8046f110,Curse,LØS,CBLOL,Brésil & Amérique latine,Ligue majeure,Jungle,107,174,398.0,239.0,-14.0,42.0,0.0,0.0
oe:player:e038414b765a8bda52e602f7eaeff04,Prime,Karmine Corp Blue,LFL,EMEA,Deuxième niveau,Support,84,161,392.0,257.0,428.0,13.0,0.0,0.002
oe:player:166969943c4ca12527dd5449aab5e8e,Brance,Estral Esports,CD,Brésil & Amérique latine,Deuxième niveau,ADC,45,73,392.0,266.0,2074.0,20.0,0.0,0.0
oe:player:41672e17bc1f86dc5d93955c031d2a9,Stend,Shifters,LEC,EMEA,Ligue majeure,Support,61,115,391.0,245.0,-794.0,45.0,0.0,0.0
oe:player:0973ddfd8ce96a62e85badbe503d163,bluerzor,UCAM Esports,LES,EMEA,Deuxième niveau,Jungle,90,138,391.0,254.0,2252.0,13.0,0.002,0.258
oe:player:be85b3d65508c757ac9af1d54310520,Dekap,Vitality.Bee,LFL,EMEA,Deuxième niveau,Support,43,156,391.0,245.0,426.0,10.0,0.0,0.078
oe:player:4491b20edc9ceb1d782095e341051d9,LIDER,SK Gaming,LEC,EMEA,Ligue majeure,Mid,32,45,391.0,264.0,-605.0,46.0,0.0,0.0
oe:player:67447707ec7cbde9ab25bfa2ed69877,DDoiV,DN SOOPers Challengers,LCKC,Corée,Deuxième niveau,Jungle,122,270,389.0,260.0,634.0,9.5,0.0,0.112
oe:player:d47955c8bc06bf316f24ee15d45407b,Aetinoth,Solary,LFL,EMEA,Deuxième niveau,ADC,104,183,387.0,260.0,965.0,14.0,0.005,0.158
oe:player:404079b4e478ea2a8b57904c640311b,Sheo,Shifters,LEC,EMEA,Ligue majeure,Jungle,63,117,387.0,249.0,-475.0,41.0,0.0,0.0
oe:player:6c1d0c529e73fe4c8b9a5306867c4bf,BAO,Fluxo W7M,CBLOL,Brésil & Amérique latine,Ligue majeure,ADC,62,116,382.0,253.0,159.0,54.0,0.0,0.0
oe:player:dfc279de8d7bd571aa8edfd7eb89c03,Moham,Weibo Gaming,LPL,Chine,Ligue majeure,Support,45,105,381.0,260.0,-941.0,41.0,0.0,0.0
oe:player:6c2d19f781192a84726e07f68a531b6,Markoon,G2 NORD,PRM,EMEA,Deuxième niveau,Jungle,122,184,381.0,261.0,1325.0,11.5,0.0,0.07
oe:player:6daafc30b010acda4ebc20b6785cbc0,Boal,paiN Gaming,CBLOL,Brésil & Amérique latine,Ligue majeure,Top,51,120,381.0,253.0,204.0,47.0,0.0,0.0
oe:player:3e49e4fa76bc82c6f03a12d50ee0a6e,Winner,Kiwoom DRX Challengers,LCKC,Corée,Deuxième niveau,Jungle,113,242,380.0,254.0,586.0,11.0,0.0,0.028
oe:player:174d22de3c932c21ef6500eff012e12,MG,BNK FEARX Youth,LCKC,Corée,Deuxième niveau,Mid,31,76,380.0,268.0,190.0,19.5,0.0,0.132
oe:player:5b86bafc34d79c84a8847d29b64ca29,Mireu,Vivo Keyd Stars,CBLOL,Brésil & Amérique latine,Ligue majeure,Mid,70,144,380.0,238.0,115.0,50.0,0.0,0.0
oe:player:0103d21d116b61eb55fa351242208cf,Kaiwing,Ground Zero Gaming,LCP,Asie-Pacifique,Ligue majeure,Support,54,173,379.0,243.0,19.0,49.0,0.0,0.0
oe:player:d8362fe0d38ca0e70953ed957deaa00,Rekkles,Witchcraft,LEC,EMEA,Ligue majeure,Support,21,131,379.0,279.0,-854.0,48.5,0.0,0.0
oe:player:a2d7b8856032bf106783621b9afeb41,Lyonz,Disguised,LCS,Amérique du Nord,Ligue majeure,Support,53,86,379.0,264.0,-286.0,50.0,0.0,0.0
oe:player:ea72bf2370a98f2a72dac7468c0fe1e,Potent,Vitality.Bee,LFL,EMEA,Deuxième niveau,Top,43,122,378.0,264.0,488.0,19.0,0.0,0.0
oe:player:16c1637b4b44b008b4d6627f68ae30a,Vsta,Fukuoka SoftBank HAWKS gaming,LCP,Asie-Pacifique,Ligue majeure,Support,70,70,376.0,277.0,3.0,52.0,0.0,0.0
oe:player:fddde6d256bee26713f64ad9b2a9394,Palafox,Dignitas,LCS,Amérique du Nord,Ligue majeure,Mid,45,108,374.0,249.0,-940.0,51.0,0.0,0.0
oe:player:951959a620881940ca08f98e0226cf3,Pyeonsik,Hanwha Life Esports Challengers,LCKC,Corée,Deuxième niveau,ADC,98,203,374.0,261.0,144.0,14.0,0.0,0.0
oe:player:132ee4b29ebeac294a420dcebe64bdc,Zdz,EDward Gaming,LPL,Chine,Ligue majeure,Top,78,160,372.0,261.0,-735.0,43.0,0.0,0.0
oe:player:219d2d945cfbd391d0ade5e352a1bc5,ceo,Vivo Keyd Stars,CBLOL,Brésil & Amérique latine,Ligue majeure,ADC,56,96,372.0,247.0,112.0,47.0,0.0,0.0
oe:player:4d08cbf857994dc42e1b09205158e15,Painter,T1 Esports Academy,LCKC,Corée,Deuxième niveau,Jungle,155,277,371.0,264.0,544.0,10.0,0.008,0.29
oe:player:1a75a7cf8c98442be881fed562346f5,Sylvie,KT Rolster Challengers,LCKC,Corée,Deuxième niveau,Jungle,145,240,368.0,244.0,530.0,15.0,0.0,0.0
oe:player:71b8101d78beb04a089caa90a8d9310,Jeskla,Vivo Keyd Stars,CBLOL,Brésil & Amérique latine,Ligue majeure,ADC,45,110,368.0,250.0,93.0,51.0,0.0,0.0
oe:player:bbd0c34fcf8166e45f1161815fefccf,Wayne,Dplus Kia Challengers,LCKC,Corée,Deuxième niveau,ADC,123,233,366.0,270.0,108.0,13.0,0.0,0.0
oe:player:456d479c879155333c0624219803ec4,Nemesis,Witchcraft,LEC,EMEA,Ligue majeure,Mid,21,131,364.0,279.0,-739.0,54.0,0.0,0.0
oe:player:1c51707d8fd9873c9fd184e2cd01b33,Crownie,Witchcraft,LEC,EMEA,Ligue majeure,ADC,21,130,361.0,278.0,-813.0,57.0,0.0,0.0
oe:player:a6fed46f5e3d5e2e68356d7ac85a971,SAJATOR,TeamOrangeGaming,PRM,EMEA,Deuxième niveau,Mid,54,119,361.0,248.0,1379.0,15.0,0.0,0.0
oe:player:4e0ee55680fa265c49e158f85e26650,Poby,Natus Vincere,LEC,EMEA,Ligue majeure,Mid,86,199,360.0,230.0,-760.0,42.5,0.0,0.0
oe:player:3d94511f748af7acb6347becd5b4c94,Tempester,HANJIN BRION Challengers,LCKC,Corée,Deuxième niveau,Mid,80,185,360.0,252.0,87.0,16.0,0.0,0.008
oe:player:1441df6b1c10f910ccdc400e40b5fce,Weather,T1 Esports Academy Rookies,LAS,Corée,Troisième niveau,Top,23,23,358.0,288.0,1979.0,1.0,0.515,0.628
oe:player:5450c7731de19c131ce20ea74933cc2,ISMA,GiantX,LEC,EMEA,Ligue majeure,Jungle,91,154,357.0,247.0,-627.0,42.0,0.0,0.0
oe:player:840d0b77e71408d3da84e4f0cae4b73,Wizer,Vivo Keyd Stars,CBLOL,Brésil & Amérique latine,Ligue majeure,Top,22,84,356.0,262.0,77.0,49.0,0.0,0.0
oe:player:3ce68cf813bc34243279fd7fe3cecbb,sheer,LNG Esports,LPL,Chine,Ligue majeure,Top,53,186,356.0,248.0,-814.0,40.0,0.0,0.0
oe:player:81eb81987bcf9be1e3771a7f0a4ca77,Zamudo,NRG,NACL,Amérique du Nord,Deuxième niveau,Top,54,96,355.0,257.0,2318.0,24.0,0.0,0.0
oe:player:5acf2785e5891a5be39e0be16d88282,Solbon,T1 Esports Academy Rookies,LAS,Corée,Troisième niveau,Mid,75,185,354.0,269.0,2194.0,1.0,0.98,0.998
oe:player:7c30c1a6ce9d063b361b66ccb40444b,Nia,LNG Esports,LPL,Chine,Ligue majeure,Mid,32,44,352.0,259.0,-1348.0,49.0,0.0,0.0
oe:player:76a48b285de2308d5de60668d021ed5,Liangchen,Bilibili Gaming Junior,LPL,Chine,Ligue majeure,Top,25,34,352.0,273.0,-837.0,41.0,0.0,0.0
oe:player:3ace2e5d36ad46eb2aec2ad1c43d3c5,Rabelo,LOUD,CBLOL,Brésil & Amérique latine,Ligue majeure,ADC,67,130,350.0,253.0,-1.0,46.5,0.0,0.0
oe:player:a2357eb17578485c2ba736db36cbc42,Pyosik,DN SOOPers,LCK,Corée,Ligue majeure,Jungle,75,162,350.0,249.0,-1764.0,48.0,0.0,0.0
oe:player:0c041d02ab7138f57164fafbc091b2d,RedBert,LOUD,CBLOL,Brésil & Amérique latine,Ligue majeure,Support,39,84,350.0,254.0,192.0,49.0,0.0,0.0
oe:player:3068654a4082275bbc00789650d1954,Xagog,Eintracht Spandau,PRM,EMEA,Deuxième niveau,Jungle,101,202,347.0,254.0,1154.0,14.0,0.0,0.01
oe:player:8a5dbe19794784cfd0553556844f045,Contractz,Shopify Rebellion,LCS,Amérique du Nord,Ligue majeure,Jungle,63,126,347.0,274.0,-376.0,48.0,0.0,0.0
oe:player:1d43b8dc600eba61cd7dd2cd8d6baf6,SAKEN,ZYB Esport,LFL,EMEA,Deuxième niveau,Mid,52,52,347.0,271.0,314.0,9.0,0.0,0.088
oe:player:946b74bfc34e861b344ae03700af039,Disamis,Vivo Keyd Stars,CBLOL,Brésil & Amérique latine,Ligue majeure,Jungle,77,146,345.0,252.0,-279.0,42.5,0.0,0.0
oe:player:dfe5b204f04f40a84019af080662259,Jwei,Weibo Gaming,LPL,Chine,Ligue majeure,Support,73,194,345.0,236.0,-1124.0,49.0,0.0,0.0
oe:player:af020342617bd4e5c5da5a4c31ff591,Shy Carry,Anubis Gaming,AL,EMEA,Deuxième niveau,ADC,76,131,340.0,253.0,2405.0,9.0,0.0,0.225
oe:player:26626eb3322fd706f5ca63fca2bb022,Garden,Dplus Kia Challengers,LCKC,Corée,Deuxième niveau,Mid,123,233,339.0,270.0,-16.0,9.0,0.0,0.032
oe:player:5bc99370722c5ecbfa9b3c1e17338e6,Trigger,paiN Gaming,CBLOL,Brésil & Amérique latine,Ligue majeure,ADC,25,103,338.0,244.0,-57.0,52.0,0.0,0.0
oe:player:32aa62568603d99d16591ee5dd52a8a,Pop9,Deep Cross Gaming,LCP,Asie-Pacifique,Ligue majeure,Jungle,107,229,338.0,278.0,-58.0,50.0,0.0,0.0
oe:player:5e07433d52dbc7bbc4faaf9492dbd2c,CarioK,paiN Gaming,CBLOL,Brésil & Amérique latine,Ligue majeure,Jungle,64,126,338.0,255.0,-316.0,51.0,0.0,0.0
oe:player:80fea0848c57b8e07a79675d41f582c,Castle,LYON,LCS,Amérique du Nord,Ligue majeure,Top,37,85,336.0,251.0,-553.0,50.0,0.0,0.0
oe:player:494fc60dffbb5da1caa2226baef0ec7,Bvoy,Shopify Rebellion,LCS,Amérique du Nord,Ligue majeure,ADC,63,126,335.0,274.0,-888.0,52.0,0.0,0.0
oe:player:56cf99d5b59755569fa366c07c18f38,Shunn,Ground Zero Gaming,LCP,Asie-Pacifique,Ligue majeure,ADC,53,153,333.0,259.0,-57.0,61.0,0.0,0.0
oe:player:9ea5afea85321b13df74acb62bfb530,Fun K3y,Eintracht Spandau,PRM,EMEA,Deuxième niveau,ADC,66,128,333.0,232.0,684.0,23.0,0.0,0.0
oe:player:a68581f40d30119bad63673b157e660,Velja,Witchcraft,LEC,EMEA,Ligue majeure,Jungle,21,131,332.0,279.0,-752.0,53.0,0.0,0.0
oe:player:df6940da41ba9a3df7055e75f3daac9,Draktharr,GAM Esports,LCP,Asie-Pacifique,Ligue majeure,Jungle,95,134,331.0,261.0,-92.0,50.0,0.0,0.0
oe:player:c4d64ae9f01ee43ec2367d28eeadbea,Chika,MVK Esports,LCP,Asie-Pacifique,Ligue majeure,Mid,60,83,331.0,255.0,60.0,48.0,0.0,0.0
oe:player:bd6a2e6aaeb993fd29f43790265297f,Ucal,Kiwoom DRX,LCK,Corée,Ligue majeure,Mid,112,219,328.0,240.0,-2063.0,39.0,0.0,0.0
oe:player:5614c643c96cea5858c696eee9d509b,Eclipse,T1 Esports Academy,LCKC,Corée,Deuxième niveau,ADC,81,214,328.0,263.0,-84.0,13.0,0.0,0.08
oe:player:73d2b65353d7b00e0f198ffdc085edc,FBI,Dignitas,LCS,Amérique du Nord,Ligue majeure,ADC,43,117,327.0,261.0,-928.0,53.0,0.0,0.0
oe:player:8debac77f7c6101af768dc729323a67,Flauren,Deep Cross Gaming,LCP,Asie-Pacifique,Ligue majeure,Top,107,229,325.0,278.0,367.0,52.0,0.0,0.0
oe:player:d11068c782573b34be81beb5a4eeb12,Wunder,SK Gaming,LEC,EMEA,Ligue majeure,Top,58,60,325.0,274.0,-857.0,44.0,0.0,0.0
oe:player:8139e3b2070343b1729402f9bf20205,Bonnie,S2G Esports,TCL,EMEA,Deuxième niveau,Jungle,29,84,325.0,250.0,1592.0,26.0,0.0,0.0
oe:player:b415fb792209708ad6921cca2e73aff,Spirax,Maryville University,NACL,Amérique du Nord,Deuxième niveau,Mid,32,58,324.0,271.0,1722.0,27.5,0.0,0.0
oe:player:0758af26fa0c3af6899bb1569059609,Lospa,Fnatic,LEC,EMEA,Ligue majeure,Support,67,154,322.0,263.0,-1138.0,60.0,0.0,0.0
oe:player:1c3f29080dd3dd4f666adbd6448cef4,Pungyeon,CTBC Flying Oyster,LCP,Asie-Pacifique,Ligue majeure,Mid,26,167,321.0,244.0,10.0,57.0,0.0,0.0
oe:player:ec0971fb900874b1c59179d9cd33687,Kaiser,Berlin International Gaming,PRM,EMEA,Deuxième niveau,Support,124,245,319.0,250.0,893.0,14.0,0.0,0.0
oe:player:8bac58409e91b96ecd05f6d8f053e07,Ice,Team Heretics,LEC,EMEA,Ligue majeure,ADC,40,90,318.0,253.0,-1029.0,51.5,0.0,0.0
oe:player:3be8d1a116788e4cd4853801a2e9a3d,MihawK,Nongshim Esports Academy,LCKC,Corée,Deuxième niveau,Jungle,124,180,317.0,257.0,275.0,17.0,0.0,0.0
oe:player:73278a4a86960eeb576a8fd4c9ec699,113,Berlin International Gaming,PRM,EMEA,Deuxième niveau,Jungle,90,157,316.0,233.0,1000.0,10.0,0.01,0.315
oe:player:1b90b5086aa57992143a92a2899b8e0,Taki,GAM Esports,LCP,Asie-Pacifique,Ligue majeure,Support,95,173,315.0,244.0,-303.0,51.0,0.0,0.0
oe:player:5d531a4cf817202fc25eda63906e797,Comp,Joblife,LFL,EMEA,Deuxième niveau,ADC,28,126,315.0,261.0,607.0,17.0,0.0,0.015
oe:player:728ce343a6718cfdd5d223c971cc2fd,Kamiloo,Karmine Corp Blue,LFL,EMEA,Deuxième niveau,Mid,84,138,315.0,260.0,150.0,7.0,0.0,0.275
oe:player:8007ba25dee37ac1e4445a6e9f8d252,Xiaoxu,JD Gaming,LPL,Chine,Ligue majeure,Top,166,278,314.0,239.0,-1023.0,45.0,0.0,0.0
oe:player:28a1925f6c4df972a5ae722c07bb4c4,Harky,MVK Esports,LCP,Asie-Pacifique,Ligue majeure,ADC,83,123,313.0,258.0,-160.0,62.0,0.0,0.0
oe:player:28c63fa3372e3ea966da602ca9137b6,RoyalKanin,Unicorns of Love Sexy Edition,PRM,EMEA,Deuxième niveau,Mid,103,204,313.0,249.0,1141.0,14.0,0.0,0.008
oe:player:e9a0da5ca2d009aeedf5afcfccffde5,Feng,Deep Cross Gaming,LCP,Asie-Pacifique,Ligue majeure,ADC,107,229,312.0,278.0,-165.0,56.0,0.0,0.0
oe:player:4dabc9746a3cae241a063d7a1e4d204,Momochi,Fluxo W7M,CBLOL,Brésil & Amérique latine,Ligue majeure,Support,53,98,310.0,260.0,-11.0,58.0,0.0,0.0
oe:player:9f8d365508ded3ca9701eff2003d6ad,Looki,Karmine Corp Blue,LFL,EMEA,Deuxième niveau,ADC,66,84,310.0,249.0,579.0,14.0,0.0,0.082
oe:player:acb3a05894b7c57412b2d7e911e17dd,Kino,CTBC Flying Oyster,LCP,Asie-Pacifique,Ligue majeure,Support,61,141,310.0,258.0,-327.0,63.0,0.0,0.0
oe:player:8c6395564a23f3c2af8d378540012b0,Way,Team Heretics,LEC,EMEA,Ligue majeure,Support,58,182,307.0,237.0,-1217.0,57.0,0.0,0.0
oe:player:4f27911a3702f671c3d21286356a6df,Cryogen,FlyQuest,LCS,Amérique du Nord,Ligue majeure,Support,85,93,307.0,268.0,-650.0,50.0,0.0,0.0
oe:player:f9234f74ef6e8ef9657e1d3afec1098,Steller,MVK Esports Academy,VCS,Asie-Pacifique,Deuxième niveau,Top,53,68,307.0,259.0,1872.0,24.0,0.0,0.0
oe:player:e1e74fbe59bd77110d7a7412b400878,Dajor,Ici Japon Corp. Esport,LFL,EMEA,Deuxième niveau,Mid,31,132,305.0,264.0,103.0,12.0,0.0,0.0
oe:player:c2247726b5c15c6b06022f64d4a080a,curty,Fluxo W7M,CBLOL,Brésil & Amérique latine,Ligue majeure,Top,46,56,304.0,266.0,-181.0,48.0,0.0,0.0
oe:player:686e3385a39e937956485d742b689e5,Jaehyuk,Dplus Kia Challengers,LCKC,Corée,Deuxième niveau,Top,123,223,303.0,265.0,-202.0,14.0,0.0,0.008
oe:player:8204ca38dc1c42012b5d53131271eb1,Axelent,TLN Pirates,LFL,EMEA,Deuxième niveau,ADC,69,178,302.0,244.0,541.0,12.0,0.0,0.12
oe:player:8f862245fbdb4d065e46c83630b9495,nuc,Shifters,LEC,EMEA,Ligue majeure,Mid,61,111,302.0,256.0,-1047.0,53.5,0.0,0.0
oe:player:ae20b1872a922cdc5b8707fbe66c4f0,Twiizt,Unicorns of Love Sexy Edition,PRM,EMEA,Deuxième niveau,Support,100,148,300.0,254.0,798.0,20.0,0.0,0.0
oe:player:e38e8c286a37ea366d40ba664b1d00c,Unkn0wn,Valerion,HLL,EMEA,Deuxième niveau,ADC,89,146,299.0,242.0,2867.0,24.5,0.0,0.0
oe:player:31b5f1d49f55acb4ee7624813bda6b2,Woody,DetonatioN FocusMe,LCP,Asie-Pacifique,Ligue majeure,Support,35,127,296.0,260.0,-395.0,58.0,0.0,0.0
oe:player:efd1b76f52f29c9252d5375eea2b594,Namiru,paiN Gaming,CBLOL,Brésil & Amérique latine,Ligue majeure,Mid,62,72,296.0,270.0,-301.0,65.0,0.0,0.0
oe:player:49c627c099821a2894c6c4dfd9274b3,Kangin,BNK FEARX Youth,LCKC,Corée,Deuxième niveau,Top,95,196,296.0,232.0,-235.0,17.0,0.0,0.0
oe:player:f02f1c8275084050765b4b6414bdfda,Fudge,Shopify Rebellion,LCS,Amérique du Nord,Ligue majeure,Top,63,126,294.0,274.0,-764.0,50.0,0.0,0.0
oe:player:48214ce48e2b8ba2391244084ddd226,Manaty,Ici Japon Corp. Esport,LFL,EMEA,Deuxième niveau,Jungle,40,134,291.0,248.0,465.0,28.0,0.0,0.0
oe:player:e6f5a7e37185c25a363d031ef5eafa9,Giyuu,Anubis Gaming,AL,EMEA,Deuxième niveau,Mid,56,151,289.0,254.0,2312.0,19.0,0.0,0.0
oe:player:a66db93c9f417a2500c24e689ba0ccc,cody,Fluxo W7M,CBLOL,Brésil & Amérique latine,Ligue majeure,Mid,53,111,288.0,254.0,-345.0,56.0,0.0,0.0
oe:player:7676c3dbf9486cb34da6e1c94d09b70,Aomine,Saigon Warriors,VCS,Asie-Pacifique,Deuxième niveau,ADC,48,91,287.0,265.0,2074.0,29.0,0.0,0.0
oe:player:6cb75f242bca4309e2f942a4895805f,SCARY,KaBuM! Ilha das Lendas,CD,Brésil & Amérique latine,Deuxième niveau,Jungle,57,97,285.0,265.0,1152.0,25.0,0.0,0.0
oe:player:4c7da67b008cd8858cd0539c860c73a,Sero,KT Rolster Challengers,LCKC,Corée,Deuxième niveau,Top,141,145,284.0,270.0,-296.0,20.0,0.0,0.0
oe:player:a5a630a5d4f0d3151f3c98d2d98834b,Telas,Estral Esports,CD,Brésil & Amérique latine,Deuxième niveau,Support,45,99,284.0,261.0,1689.0,23.0,0.0,0.0
oe:player:5d7f415cbf04b549c235a8a3d83a763,ShiauC,Deep Cross Gaming,LCP,Asie-Pacifique,Ligue majeure,Support,107,229,284.0,278.0,-457.0,56.0,0.0,0.0
oe:player:39d68aa20f0b0b1ddddb871a7b26fbf,Enga,Leviatan,CBLOL,Brésil & Amérique latine,Ligue majeure,Mid,55,110,283.0,258.0,-367.0,59.0,0.0,0.0
oe:player:7b0aeb1bb297b0d44629e94186bcb6a,Nafkelah,Skillcamp,LFL,EMEA,Deuxième niveau,Mid,62,125,283.0,284.0,-7.0,22.0,0.0,0.0
oe:player:87b0ff8e56b0ce96bc0a82ea5dc9a7e,Kuri,paiN Gaming,CBLOL,Brésil & Amérique latine,Ligue majeure,Support,37,99,282.0,263.0,-152.0,59.0,0.0,0.0
oe:player:4830e7becfcf3539978e3a69cc1c27c,Seany,MVK Esports Academy,VCS,Asie-Pacifique,Deuxième niveau,Mid,45,88,282.0,252.0,1379.0,35.5,0.0,0.0
oe:player:5eb466e63c91a4ccf328f21715e51ae,Vetheo,SU Esports,TCL,EMEA,Deuxième niveau,Mid,34,118,282.0,260.0,1942.0,10.0,0.0,0.122
oe:player:e72c863b7586a6b3a37e6e91339472d,kPr,Valerion,HLL,EMEA,Deuxième niveau,Top,65,91,282.0,252.0,2394.0,38.5,0.0,0.0
oe:player:f2264caa34a27d8f01634f39f307c85,Doss,Kaufland Hangry Knights,PRM,EMEA,Deuxième niveau,Support,47,137,277.0,256.0,682.0,17.0,0.0,0.005
oe:player:c942f21cd85aaf8d7892aa712e3e2ce,Frog,Kiwoom DRX Challengers,LCKC,Corée,Deuxième niveau,Top,112,253,276.0,241.0,-333.0,20.0,0.0,0.0
oe:player:9699e95d3df6ce39149264082eed6bf,AisyL,Saigon Warriors,VCS,Asie-Pacifique,Deuxième niveau,Mid,73,82,275.0,264.0,1346.0,32.0,0.0,0.0
oe:player:1d1600d15a68ab1a80348ee748ea1e3,scamber,Vivo Keyd Stars,CBLOL,Brésil & Amérique latine,Ligue majeure,Support,58,116,274.0,267.0,-192.0,63.0,0.0,0.0
oe:player:de23ee5a66222e1e02da354414f2971,Oddie,Estral Esports,CD,Brésil & Amérique latine,Deuxième niveau,Jungle,43,76,274.0,260.0,1094.0,10.5,0.258,0.492
oe:player:3335a55ba853c9cd5a724876fd305a4,Emo,1TAP Dino,VCS,Asie-Pacifique,Deuxième niveau,Mid,34,77,273.0,261.0,1334.0,15.0,0.0,0.182
oe:player:14ab5f52ef3268bfc818e12fda4e226,zorenous,TeamOrangeGaming,PRM,EMEA,Deuxième niveau,Top,42,46,273.0,268.0,454.0,23.0,0.0,0.0
oe:player:7fb26875c639817a59912a87be6f738,Marble,Fukuoka SoftBank HAWKS gaming,LCP,Asie-Pacifique,Ligue majeure,ADC,70,124,272.0,269.0,-365.0,61.0,0.0,0.0
oe:player:060a269b0eb445a1b5075034787f0cc,Orca,Ground Zero Gaming,LCP,Asie-Pacifique,Ligue majeure,Support,53,123,271.0,261.0,-524.0,65.0,0.0,0.0
oe:player:8784bcdcfb37672c12481c037ad8db4,Ruep,Bushido Wildcats,TCL,EMEA,Deuxième niveau,ADC,55,118,271.0,252.0,1622.0,29.0,0.0,0.0
oe:player:0d47af84bee7ca00a76beb860c3d6ff,Pretender,Frank Esports,PCS,Asie-Pacifique,Deuxième niveau,Mid,35,135,270.0,271.0,521.0,25.0,0.0,0.0
oe:player:f9e804c44aa43f18576783a067e99ab,Yuuji,Maryville University,NACL,Amérique du Nord,Deuxième niveau,Jungle,49,84,269.0,257.0,1610.0,30.0,0.0,0.0
oe:player:21e6493dca56a03bd0ccbdef211d187,Husha,Ground Zero Gaming,LCP,Asie-Pacifique,Ligue majeure,Jungle,68,105,269.0,252.0,-403.0,56.0,0.0,0.0
oe:player:73ac73edf51a3acdfa494e271c6ee29,Czajek,Vitality.Bee,LFL,EMEA,Deuxième niveau,Mid,43,95,269.0,254.0,-78.0,8.0,0.005,0.355
oe:player:c71563c4ae48cc1bbd2e7913366cdf7,SLT,Nightbirds,HM,EMEA,Deuxième niveau,Top,81,128,269.0,254.0,3874.0,36.0,0.0,0.0
oe:player:7deb8d68aef0757c10381b599f855de,YSKM,Frank Esports,PCS,Asie-Pacifique,Deuxième niveau,Top,35,135,269.0,271.0,452.0,28.0,0.0,0.0
oe:player:e3b8d5a9290fe0c7458dc01db4dc9dc,Serin,Team Heretics,LEC,EMEA,Ligue majeure,Mid,59,145,266.0,253.0,-1228.0,57.0,0.0,0.0
oe:player:3ef7267325e7c72a8ca898504722520,Vertigo,Joblife,LFL,EMEA,Deuxième niveau,Top,31,93,266.0,251.0,-76.0,15.0,0.0,0.0
oe:player:f886838ee1808c2f217208267a829ce,haichao,Oh My God,LPL,Chine,Ligue majeure,Mid,34,105,265.0,253.0,-1781.0,54.0,0.0,0.0
oe:player:ca5b2a166b112de94b9e0847afb2f21,seaz,Eintracht Spandau,PRM,EMEA,Deuxième niveau,Support,101,198,264.0,252.0,617.0,22.0,0.0,0.0
oe:player:0b980d0c6f947f01b59e62ec06b5d75,Toasty,G2 NORD,PRM,EMEA,Deuxième niveau,Mid,122,149,264.0,259.0,898.0,16.0,0.0,0.002
oe:player:1725cf69407d2dcdf2873d0669409e8,Tracyn,Team Heretics,LEC,EMEA,Ligue majeure,Top,59,184,262.0,258.0,-1171.0,59.5,0.0,0.0
oe:player:11dd44ac5921ecf53491b3e6128842d,Spooder,TLN Pirates,LFL,EMEA,Deuxième niveau,Top,69,121,262.0,246.0,-95.0,18.0,0.0,0.015
oe:player:29de9c9016ef68693b02dea19357c78,Van1,Fukuoka SoftBank HAWKS gaming,LCP,Asie-Pacifique,Ligue majeure,Jungle,70,109,261.0,259.0,-446.0,54.0,0.0,0.0
oe:player:2e82913920d8a6d0efa480bc35f1ba8,Aria,Fukuoka SoftBank HAWKS gaming,LCP,Asie-Pacifique,Ligue majeure,Mid,70,123,259.0,260.0,-298.0,61.0,0.0,0.0
oe:player:b49867477e266c5da8e995074e18f80,Daglas,Team Heretics,LEC,EMEA,Ligue majeure,Jungle,56,181,258.0,249.0,-1118.0,59.0,0.0,0.0
oe:player:53841c6e42a6ce77b6f3b80133c9342,Peach,Fluxo W7M,CBLOL,Brésil & Amérique latine,Ligue majeure,Jungle,62,98,258.0,256.0,-714.0,57.0,0.0,0.0
oe:player:8486d94ef23b38c67c76b647613d881,bobista,Verdant,NLC,EMEA,Deuxième niveau,Top,73,155,258.0,254.0,2007.0,26.0,0.0,0.035
oe:player:de877fbf2f98fca3ba960ffed586ee9,NightSlayer,Movistar KOI Fénix,LES,EMEA,Deuxième niveau,Top,92,160,257.0,255.0,1487.0,23.0,0.0,0.0
oe:player:9db3f170213f562a9613fe4f99d7dfa,Empyros,Fnatic,LEC,EMEA,Ligue majeure,Top,45,140,256.0,254.0,-1200.0,55.0,0.0,0.0
oe:player:d6978cb4b12a5de75f68b2da2f55dc9,XnS,Movistar KOI Fénix,LES,EMEA,Deuxième niveau,Jungle,88,167,255.0,226.0,1573.0,20.0,0.0,0.0
oe:player:682275c2ba204d32b67f5fa94b928e4,Skeanz,SK Gaming,LEC,EMEA,Ligue majeure,Jungle,58,117,255.0,253.0,-1135.0,50.0,0.0,0.0
oe:player:9b16055070b8269a9dc504251587d0a,Kitten,Dplus Kia Academy,LAS,Corée,Troisième niveau,Support,73,132,255.0,274.0,1422.0,2.0,0.0,0.998
oe:player:9fbfcaef69533c0545859880e974572,Heru,ThunderTalk Gaming,LPL,Chine,Ligue majeure,Mid,80,102,255.0,267.0,-1832.0,55.0,0.0,0.0
oe:player:21d0c093d9553e0074a98c5b5880b4c,Elio,Saigon Warriors,VCS,Asie-Pacifique,Deuxième niveau,Support,72,172,254.0,243.0,1451.0,19.0,0.0,0.0
oe:player:7bcd2e0ffb1e417c2aa64d08675ed2b,Music,Cupid Esports,NACL,Amérique du Nord,Deuxième niveau,Jungle,62,98,253.0,255.0,1530.0,22.0,0.0,0.0
oe:player:307b6fb75c459e5d0f628aa8e9e438c,Solid,Dplus Kia Challengers,LCKC,Corée,Deuxième niveau,Jungle,114,248,252.0,254.0,-53.0,28.0,0.0,0.0
oe:player:c70b6e57e597809a8561caa79c5db8f,Keii,Zeu5 Esports,LRN,Brésil & Amérique latine,Deuxième niveau,Top,54,98,252.0,254.0,1960.0,48.0,0.0,0.0
oe:player:87f462541b21fed4081f063502bf4da,Tockimo,G2 NORD,PRM,EMEA,Deuxième niveau,Support,122,200,250.0,255.0,550.0,20.0,0.0,0.0
oe:player:9712524dc88851032bd53054f8b49b4,Hena,paiN Gaming,CBLOL,Brésil & Amérique latine,Ligue majeure,ADC,53,86,250.0,255.0,-497.0,59.0,0.0,0.0
oe:player:341e10748bb6d388250fd1f013e45a4,DnDn,S2G Esports,TCL,EMEA,Deuxième niveau,Top,29,74,249.0,256.0,1290.0,35.0,0.0,0.0
oe:player:5000a68e43f946c726a17e1008e230a,Feather,ThunderTalk Gaming,LPL,Chine,Ligue majeure,Support,80,185,249.0,257.0,-1601.0,53.0,0.0,0.0
oe:player:bcd61ebb24698511281a624595bb2f7,Hazel,ROSSMANN Centaurs,PRM,EMEA,Deuxième niveau,ADC,70,112,247.0,258.0,252.0,30.5,0.0,0.0
oe:player:579ae2e0addc18db74179b2a3d33294,Ellim,FENNEL,LJL,Asie-Pacifique,Deuxième niveau,Jungle,59,146,247.0,253.0,3418.0,14.0,0.028,0.29
oe:player:a1cd4e9b2265b1a11ea157ccc74b1e5,UNF0RGIVEN,Kaufland Hangry Knights,PRM,EMEA,Deuxième niveau,ADC,57,116,246.0,252.0,246.0,21.0,0.0,0.0
oe:player:b137ce57a15794ffac86eaeff085326,Boukada,Shifters,LEC,EMEA,Ligue majeure,Jungle,28,77,245.0,246.0,-1187.0,48.0,0.0,0.0
oe:player:b6ebe3c8487ddc3a23c586e650c4528,PowerOfEvil,Eintracht Spandau,PRM,EMEA,Deuxième niveau,Mid,101,150,243.0,256.0,792.0,23.0,0.0,0.0
oe:player:31edd1e8359d849e250b854826b8c38,Cypher,T1 Esports Academy,LCKC,Corée,Deuxième niveau,ADC,110,128,242.0,241.0,-512.0,16.0,0.0,0.005
oe:player:22c335f178d8e1724b8d04831b1267a,Exofeng,Skillcamp,LFL,EMEA,Deuxième niveau,ADC,59,103,241.0,247.0,235.0,28.0,0.0,0.0
oe:player:cc51227ea88c71dabc8f6e601b0ec41,Oscure,Barça eSports,LES,EMEA,Deuxième niveau,Support,76,78,240.0,274.0,825.0,32.0,0.0,0.0
oe:player:8bad2b6e61622bd2fa9462db0a2b877,Yukino,Karmine Corp Blue,LFL,EMEA,Deuxième niveau,Jungle,84,180,240.0,247.0,214.0,16.0,0.0,0.048
oe:player:76c156cf4aaf3bdeba0e8156184ac95,Infoneral,ROSSMANN Centaurs,PRM,EMEA,Deuxième niveau,Support,40,121,239.0,257.0,491.0,28.0,0.0,0.0
oe:player:f89b14820da11d8679cfd07da552ca5,uZent,LOUD,CBLOL,Brésil & Amérique latine,Ligue majeure,Support,58,105,236.0,261.0,-381.0,63.0,0.0,0.0
oe:player:e9df36f0c0ce44566f124524d7d904a,Carim,T1 Esports Academy Rookies,LAS,Corée,Troisième niveau,Jungle,88,99,235.0,268.0,1608.0,1.0,0.62,0.955
oe:player:702efc23873d774e479682ef680d911,Cboi,Valerion,HLL,EMEA,Deuxième niveau,Jungle,78,159,235.0,249.0,2024.0,18.5,0.0,0.002
oe:player:496ca7c65dbd4beffa678e62d9d4e8d,Farfetch,Eintracht Frankfurt,PRM,EMEA,Deuxième niveau,Support,33,92,235.0,250.0,475.0,33.0,0.0,0.0
oe:player:f9c3db5fdf2c5fb45f552127922d105,B Butcher,Anubis Gaming,AL,EMEA,Deuxième niveau,Support,94,193,232.0,238.0,1951.0,28.0,0.0,0.0
oe:player:aa07cee593e6c3caeba21b4ee4c6075,AKaJe,Kiwoom DRX Challengers,LCKC,Corée,Deuxième niveau,Mid,113,163,232.0,256.0,-553.0,26.5,0.0,0.0
oe:player:98cd4335e4162b71e3b42689f706813,Xdp,Dplus Kia Academy,LAS,Corée,Troisième niveau,ADC,26,26,230.0,294.0,1460.0,2.0,0.282,0.585
oe:player:2cec4b6803b4678250233ae79205f2e,1Jiang,Ground Zero Gaming,LCP,Asie-Pacifique,Ligue majeure,Top,68,138,228.0,255.0,-120.0,55.0,0.0,0.0
oe:player:04d8d57065f355309b2887a6e49d58b,Bayonetta,PCIFIC Esports,TCL,EMEA,Deuxième niveau,Top,25,47,228.0,268.0,1184.0,27.5,0.0,0.0
oe:player:60d1428b9206634f3feb66e4b8ebd59,Shogun,SN CyberCore Esports,VCS,Asie-Pacifique,Deuxième niveau,ADC,46,106,225.0,248.0,1765.0,31.0,0.0,0.0
oe:player:85ab9a415e1cf1f63000f7f6f1c183a,KryRa,Disguised,LCS,Amérique du Nord,Ligue majeure,Jungle,47,81,223.0,252.0,-993.0,55.0,0.0,0.0
oe:player:fd22b656b23ca07a276181a4953ba2c,Photon,Dignitas,LCS,Amérique du Nord,Ligue majeure,Top,28,72,221.0,257.0,-1132.0,59.0,0.0,0.0
oe:player:44189e6dc3089dbf9520de800fa705a,Keduii,Joblife,PRM,EMEA,Deuxième niveau,ADC,77,117,219.0,241.0,113.0,22.0,0.0,0.0
oe:player:94e5c960a512595b39fea5f350d7d0d,OddEye,HANJIN BRION Challengers,LCKC,Corée,Deuxième niveau,ADC,81,203,215.0,274.0,-651.0,37.5,0.0,0.0
oe:player:b5654a6598ed174f4451f5e5dcfb118,Kozi,UCAM Esports,LES,EMEA,Deuxième niveau,Top,90,194,212.0,252.0,1262.0,32.0,0.0,0.0
oe:player:e069ed7135e8a018823429510a1f8c1,DDahyuk,HANJIN BRION Challengers,LCKC,Corée,Deuxième niveau,Top,81,156,211.0,244.0,-658.0,35.0,0.0,0.0
oe:player:8d311f9903ee9a0a4896a49cb18a964,J3rkie,Ruddy Corporation,NLC,EMEA,Deuxième niveau,Support,57,132,210.0,261.0,2135.0,37.0,0.0,0.0
oe:player:ee95adbd1bf0d213fb011bb6513a5b4,Savvy,KT Rolster Academy,LAS,Corée,Troisième niveau,ADC,29,29,209.0,293.0,1353.0,3.0,0.082,0.545
oe:player:407b2b8fcb2fd977fc766d5df3f4dff,Hery,Oh My God,LPL,Chine,Ligue majeure,Top,34,87,208.0,269.0,-1554.0,51.0,0.0,0.0
oe:player:f6d8ec0afe458e19c057c1407d7da27,Aress,GAM Esports,LCP,Asie-Pacifique,Ligue majeure,Mid,61,118,208.0,249.0,-557.0,58.0,0.0,0.0
oe:player:83a9f2514587528a399f60551522962,Nevid,Dplus Kia Academy,LAS,Corée,Troisième niveau,Top,88,232,208.0,266.0,1227.0,2.0,0.228,0.968
oe:player:ccfb5c69ebcc2008b1dca4ef5c56142,DenVoksne,Unicorns of Love Sexy Edition,PRM,EMEA,Deuxième niveau,ADC,103,200,207.0,271.0,51.0,29.0,0.0,0.0
oe:player:7271041e578de87185bdaa37433c810,Anonymouss,Ruddy Corporation,NLC,EMEA,Deuxième niveau,Jungle,40,89,203.0,260.0,1557.0,43.0,0.0,0.0
oe:player:a672b5bc1c212a6922418fad18734c1,Envy,Estral Esports,CD,Brésil & Amérique latine,Deuxième niveau,Mid,71,152,200.0,250.0,1161.0,32.5,0.0,0.005
oe:player:717bb4d71a2dab54e7020b1a8fde420,Flakked,GiantX,LEC,EMEA,Ligue majeure,ADC,54,108,199.0,251.0,-1623.0,58.0,0.0,0.0
oe:player:7b0143c0788257bc3e415e83f74cc8b,Midir,T1 Esports Academy Rookies,LAS,Corée,Troisième niveau,Top,70,189,199.0,262.0,1183.0,2.0,0.135,0.965
oe:player:63dc9ebe6cd781c9c9cecb54a6d7317,Kiari,INTZ,CD,Brésil & Amérique latine,Deuxième niveau,Top,39,109,198.0,257.0,1162.0,42.5,0.0,0.0
oe:player:6d80c6c8181e4e3c34d58e53dacf52f,Ruby,Partizan Sangal,EBL,EMEA,Deuxième niveau,Mid,51,51,197.0,280.0,2646.0,71.0,0.0,0.0
oe:player:57a976f165d89afb00fc029cd7c36a7,Szygenda,Eintracht Frankfurt,PRM,EMEA,Deuxième niveau,Top,25,115,196.0,258.0,70.0,31.0,0.0,0.0
oe:player:b6f837c8bd1b510dd3f77ee8c903c30,Ignar,Dignitas,LCS,Amérique du Nord,Ligue majeure,Support,43,43,194.0,278.0,-1212.0,61.0,0.0,0.0
oe:player:c0062863e3e99f67607ad1ae9a4299a,Ripple,Gen.G Global Academy,LCKC,Corée,Deuxième niveau,Top,79,153,193.0,262.0,-750.0,38.0,0.0,0.0
oe:player:752b048c76633399b04f6e87a8b211c,Stefan,TLN Pirates,LFL,EMEA,Deuxième niveau,Jungle,69,153,193.0,254.0,-23.0,16.0,0.0,0.0
oe:player:b3323183eb51a00e2777d997b6f72bb,Xzz,SillySilly Gaming,PCS,Asie-Pacifique,Deuxième niveau,Mid,21,21,192.0,286.0,127.0,48.0,0.0,0.0
oe:player:c51ce410c124a10e0db5e4b97fc2af3,13,Movistar KOI Fénix,LES,EMEA,Deuxième niveau,ADC,92,142,191.0,258.0,942.0,25.0,0.0,0.0
oe:player:285954244fdc2bcce532fb88a1e0ddb,Rooster,Shifters,LEC,EMEA,Ligue majeure,Top,61,137,191.0,243.0,-1524.0,56.0,0.0,0.0
oe:player:1dad889ff236635dc1e03d02312e79c,Patrik,Berlin International Gaming,PRM,EMEA,Deuxième niveau,ADC,90,119,190.0,247.0,-35.0,33.0,0.0,0.0
oe:player:11389d6d8a29729807c3cf528a98050,SPOOKY,Skillcamp,LFL,EMEA,Deuxième niveau,Jungle,62,125,186.0,284.0,-56.0,27.0,0.0,0.0
oe:player:c3e31561579b69078812ea3b1968e13,Toffe,TLN Pirates,LFL,EMEA,Deuxième niveau,Mid,69,116,185.0,260.0,-498.0,23.0,0.0,0.025
oe:player:694d028e62f4ea668b206ab752b6f94,Sayn,Verdant,NLC,EMEA,Deuxième niveau,Mid,86,149,182.0,248.0,1280.0,29.0,0.0,0.0
oe:player:208bf3db5d9673c8c1df1f81f9621d1,Theocacs,Anubis Gaming,AL,EMEA,Deuxième niveau,Jungle,58,135,181.0,254.0,1753.0,19.5,0.012,0.158
oe:player:9d8b079deedcc90dda4617fb4ffac40,TopLop,Leviatan,CBLOL,Brésil & Amérique latine,Ligue majeure,Support,41,85,180.0,253.0,-660.0,66.0,0.0,0.0
oe:player:ca187ee49dd3e9ed20eaacbbf484fdf,Pout,CTBC Flying Oyster,LCP,Asie-Pacifique,Ligue majeure,Mid,61,85,179.0,256.0,-700.0,57.0,0.0,0.0
oe:player:1f892f04e94e144dadcc8be197d4f5b,minemaciek,Bomba Team,RL,EMEA,Deuxième niveau,Support,88,187,177.0,267.0,1675.0,30.0,0.0,0.0
oe:player:4633e95a45867812d25dd5dbe236da6,c0st0m,ROSSMANN Centaurs,PRM,EMEA,Deuxième niveau,Mid,53,72,176.0,258.0,455.0,41.5,0.0,0.012
oe:player:340a76e3aef8e862f5fd79411261b29,Mobility,Cupid Esports,NACL,Amérique du Nord,Deuxième niveau,ADC,76,122,176.0,259.0,1406.0,38.0,0.0,0.0
oe:player:bea6c089fd517fff3bc020290ae48f7,Steeelback,Skillcamp,LFL,EMEA,Deuxième niveau,Support,62,125,176.0,284.0,-650.0,29.0,0.0,0.0
oe:player:798db05b7c8ac4e09724fd2a87a785a,IDEA,HANJIN BRION Academy,LAS,Corée,Troisième niveau,Jungle,30,30,174.0,293.0,1302.0,3.0,0.118,0.57
oe:player:c60da5e574122ce50763b8bddb93ab9,Luon,BNK FEARX Youth,LCKC,Corée,Deuxième niveau,Support,95,146,174.0,256.0,-720.0,27.0,0.0,0.0
oe:player:91f7c48a0242414e0b520af3f4bea52,FLOW,KT Rolster Academy,LAS,Corée,Troisième niveau,Support,78,152,173.0,277.0,1012.0,4.0,0.0,0.802
oe:player:376d5e3b1257e6972228d458943f74c,Evi,Fukuoka SoftBank HAWKS gaming,LCP,Asie-Pacifique,Ligue majeure,Top,70,124,172.0,269.0,-400.0,61.0,0.0,0.0
oe:player:4e8d825698068a189023c34c67fe2cb,Horder,Cupid Esports,NACL,Amérique du Nord,Deuxième niveau,Top,63,121,170.0,257.0,1388.0,35.0,0.0,0.0
oe:player:cda093b28f577696b82604fb20037ad,Fresskowy,Movistar KOI Fénix,LES,EMEA,Deuxième niveau,Mid,92,142,169.0,257.0,954.0,28.0,0.0,0.005
oe:player:6606138426fa9bbef349c96b4afbc77,Czekolad,LODIS,RL,EMEA,Deuxième niveau,Mid,63,179,168.0,252.0,1507.0,28.0,0.0,0.0
oe:player:5f76f198cbbf171d85c94220ba63eaf,xKenzuke,Esprit Shōnen,LFL,EMEA,Deuxième niveau,Mid,24,100,166.0,266.0,-593.0,36.0,0.0,0.0
oe:player:08904f9c78637b75c0de4d1734f318c,Wildenbruch,E WIE EINFACH E-SPORTS,PRM,EMEA,Deuxième niveau,Support,83,184,166.0,248.0,127.0,33.0,0.0,0.0
oe:player:388f53a1853c83dd27e09b4d8f80e3c,FlickeR,Frites Esports Club,ROL,EMEA,Deuxième niveau,ADC,78,127,165.0,248.0,2404.0,41.0,0.0,0.0
oe:player:dd77279f7d325eec933f05b1672f6a1,1116,SillySilly Gaming,PCS,Asie-Pacifique,Deuxième niveau,Mid,26,100,164.0,260.0,-11.0,49.0,0.0,0.0
oe:player:41ea0ed55fe655184c9073085b85eea,White,Unicorns of Love Sexy Edition,PRM,EMEA,Deuxième niveau,Jungle,103,200,162.0,271.0,231.0,29.0,0.0,0.0
oe:player:d7560fc4ec70f8b12e5dd435668b292,PlanB,HANJIN BRION Challengers,LCKC,Corée,Deuxième niveau,Support,81,129,161.0,265.0,-780.0,29.0,0.0,0.0
oe:player:5836a085b5ebaa7662fbba55341703c,Enosh,DN SOOPers Challengers,LCKC,Corée,Deuxième niveau,ADC,113,198,161.0,240.0,-917.0,27.0,0.0,0.0
oe:player:08936c56ab5a6453c58974a619651c3,eXyu,Dignitas,LCS,Amérique du Nord,Ligue majeure,Jungle,34,82,160.0,255.0,-1309.0,58.0,0.0,0.0
oe:player:3d44f54d2b0fa13b698040cb51d09db,zekas,Vivo Keyd Stars,CBLOL,Brésil & Amérique latine,Ligue majeure,Top,59,111,160.0,260.0,-901.0,64.0,0.0,0.0
oe:player:f375092447be6536c8e55ad0e302236,StineR,INTZ,CD,Brésil & Amérique latine,Deuxième niveau,Jungle,42,75,160.0,266.0,524.0,40.0,0.0,0.0
oe:player:89a5825cdba97b34f7325e38a5e1ff5,Alaric,Karmine Corp Blue Stars,NL,EMEA,Troisième niveau,Support,41,67,160.0,267.0,1362.0,3.0,0.002,0.97
oe:player:548dda36c259bbd2fcc1d8e7e8f852e,Smurfe,Frites Esports Club,HLL,EMEA,Deuxième niveau,Top,43,124,159.0,250.0,1780.0,30.0,0.0,0.0
oe:player:c7c0cc0b057c316e22af5c5da55c0c8,Guigs,KaBuM! Ilha das Lendas,CD,Brésil & Amérique latine,Deuxième niveau,Support,57,101,158.0,261.0,1056.0,37.0,0.0,0.0
oe:player:4817d93e8f26002377aec42233b3fc2,Jezu,ZYB Esport,LFL,EMEA,Deuxième niveau,ADC,37,77,156.0,252.0,-190.0,25.0,0.0,0.0
oe:player:c5297b90d38a4be4c290d17de208d7a,Jackal,Hanwha Life Esports Challengers,LCKC,Corée,Deuxième niveau,Jungle,98,226,156.0,288.0,-533.0,41.0,0.0,0.0
oe:player:3d7afc086e8aba0545ceba473fa1e9e,ANDARIEL,UCAM Esports,LES,EMEA,Deuxième niveau,ADC,90,152,154.0,271.0,754.0,34.0,0.0,0.0
oe:player:6ff2cdf6d41f39c79d6ff057f6ffb99,Erdote,devils.one inStreamly,RL,EMEA,Deuxième niveau,Support,72,170,154.0,255.0,1562.0,28.0,0.0,0.005
oe:player:55276c10d84e1df7713b441e76e141f,Rest,CTBC Flying Oyster,LCP,Asie-Pacifique,Ligue majeure,Top,87,141,150.0,251.0,-505.0,57.0,0.0,0.0
oe:player:a9264b1add014881c8d91609de2b7d6,Zkai,CTBC Flying Oyster Academy,PCS,Asie-Pacifique,Deuxième niveau,Top,40,105,150.0,274.0,-144.0,44.0,0.0,0.0
oe:player:7705566e63eedc7bd6c4c72d43c9104,Odi11,Bomba Team,RL,EMEA,Deuxième niveau,ADC,88,172,150.0,245.0,1195.0,36.0,0.0,0.0
oe:player:1b26a8bba6e841f1c375b283db5c1c6,Keine,paiN Gaming,CBLOL,Brésil & Amérique latine,Ligue majeure,Mid,51,101,149.0,246.0,-1036.0,65.0,0.0,0.0
oe:player:ad7f6524ea17c960723b182e0a0c77a,Vasco,Nightbirds,HM,EMEA,Deuxième niveau,Mid,81,180,148.0,257.0,3060.0,31.0,0.0,0.0
oe:player:5cfc41b7eccda649db08ead84343554,Legolas,Barça eSports,LES,EMEA,Deuxième niveau,ADC,76,194,148.0,257.0,726.0,37.0,0.0,0.0
oe:player:6a9abcfebed9c636ca90560b7f49855,Adam,ZYB Esport,LFL,EMEA,Deuxième niveau,Top,54,91,148.0,258.0,-664.0,37.0,0.0,0.005
oe:player:17ae4f247f5fc521bff004a97f4df72,Flip,DN SOOPers Challengers,LCKC,Corée,Deuxième niveau,Mid,120,251,146.0,264.0,-980.0,38.0,0.0,0.0
oe:player:6e2e8ceaf6421044fc33962aac3d813,Buddy,Hanwha Life Esports Academy,LAS,Corée,Troisième niveau,Mid,60,60,145.0,278.0,1149.0,3.0,0.0,0.885
oe:player:3597a9b82f5f462aaa8a0fa552a9bac,Densi,Kaufland Hangry Knights,PRM,EMEA,Deuxième niveau,Jungle,51,60,145.0,259.0,144.0,31.0,0.0,0.0
oe:player:8ddd8d88391896aa4d9e751dee81770,Listo,Dplus Kia Academy,LAS,Corée,Troisième niveau,Jungle,34,64,145.0,264.0,1160.0,6.0,0.008,0.418
oe:player:3085815ef497539cb1d93b3c9a16624,Robo,paiN Gaming,CBLOL,Brésil & Amérique latine,Ligue majeure,Top,30,87,143.0,261.0,-987.0,59.0,0.0,0.0
oe:player:e181a641eac63b45915802512997360,Ablazeolive,Cupid Esports,NACL,Amérique du Nord,Deuxième niveau,Mid,38,62,140.0,272.0,801.0,43.0,0.0,0.0
oe:player:7e33124e33721ef8f70d2dd843b57da,ESCIK,UCAM Esports,LES,EMEA,Deuxième niveau,Mid,90,152,139.0,271.0,800.0,31.0,0.0,0.0
oe:player:6fc5fe723eed4ba4c230292be365c66,Lurox,Team Heretics Academy,LES,EMEA,Deuxième niveau,Jungle,68,152,139.0,248.0,995.0,27.0,0.0,0.0
oe:player:6de9a45a1a666afa34d126f9be444c0,Kemish,Gen.G Global Academy,LCKC,Corée,Deuxième niveau,Mid,77,206,138.0,259.0,-1019.0,39.0,0.0,0.0
oe:player:acfdf3b694c6ffc32396b64edb82bd8,Leny,Frites Esports Club,ROL,EMEA,Deuxième niveau,Top,43,91,136.0,254.0,1942.0,20.0,0.0,0.062
oe:player:647116a60606bd44fb11a860da72776,Breezy,Cupid Esports,NACL,Amérique du Nord,Deuxième niveau,Support,57,109,135.0,250.0,1023.0,36.0,0.0,0.0
oe:player:6887adad8d42b7df47bf028ffff9d4e,frajgo,Bomba Team,RL,EMEA,Deuxième niveau,Top,87,185,134.0,266.0,837.0,37.0,0.0,0.0
oe:player:59e4f16845eadbd160a270e0ea65e26,Tracy,CTBC Flying Oyster Academy,PCS,Asie-Pacifique,Deuxième niveau,ADC,40,105,133.0,274.0,9.0,45.0,0.0,0.0
oe:player:285107bcc7ed3fdef0a479f78bc211c,DICE,FENNEL,LJL,Asie-Pacifique,Deuxième niveau,Mid,59,123,132.0,266.0,2835.0,67.0,0.0,0.0
oe:player:51777d50bf7bf71ff70b8a32726e40c,Fornoreason,Unicorns of Love Sexy Edition,PRM,EMEA,Deuxième niveau,Top,103,200,132.0,271.0,-250.0,34.0,0.0,0.0
oe:player:908c792446114d05c94f99e6564d9ba,Avarice,Project Conquerors,NL,EMEA,Troisième niveau,ADC,57,131,131.0,273.0,1413.0,4.5,0.128,0.708
oe:player:9a78213b3bc77c76369c2aca27257b9,MnM,Frank Esports,PCS,Asie-Pacifique,Deuxième niveau,ADC,35,76,130.0,264.0,-9.0,50.0,0.0,0.0
oe:player:cd521f662fbbec89f03a900e7d9bb63,Mafro,Verdant,NLC,EMEA,Deuxième niveau,Jungle,55,99,128.0,250.0,1182.0,45.0,0.0,0.0
oe:player:099ef5da25e9e7b76e69776eee28f35,Badlulu,Ici Japon Corp. Esport,LFL,EMEA,Deuxième niveau,Top,31,118,128.0,265.0,-766.0,35.0,0.0,0.0
oe:player:fe1891d9c2866e1aeefd9d8517d9166,xpd,Dplus Kia Academy,LAS,Corée,Troisième niveau,ADC,45,104,127.0,275.0,943.0,3.0,0.075,0.902
oe:player:4bdb80c84e25651b3d62742c0b61f6d,iBo,devils.one inStreamly,RL,EMEA,Deuxième niveau,Top,87,152,127.0,234.0,802.0,53.0,0.0,0.0
oe:player:de30719c9123426d9db5f1aab86dd3f,Levy,DN SOOPers Academy,LAS,Corée,Troisième niveau,ADC,22,55,127.0,259.0,943.0,3.0,0.328,0.778
oe:player:1ee921aeb89df0c447cb6d54a6e8db3,Papiteero,Team Heretics Academy,LES,EMEA,Deuxième niveau,Top,95,156,126.0,241.0,832.0,41.0,0.0,0.0
oe:player:821b8540f3adc05a30edd06f1d877e6,whiteinn,Ici Japon Corp. Esport,LFL,EMEA,Deuxième niveau,Support,31,147,125.0,261.0,-908.0,36.5,0.0,0.0
oe:player:9e8bebd7faf4b97431dc39d3d697c88,kingpo54,Frank Esports,PCS,Asie-Pacifique,Deuxième niveau,Support,35,35,125.0,281.0,662.0,53.0,0.0,0.0
oe:player:6520964cefa9d79079bf664b7453cfc,Mercy9,Team Heretics Academy,LES,EMEA,Deuxième niveau,Mid,81,169,125.0,236.0,731.0,29.0,0.0,0.0
oe:player:fbadcf84fcfb01a251de88055f631cb,Spica,NRG,NACL,Amérique du Nord,Deuxième niveau,Support,52,90,125.0,271.0,975.0,43.0,0.0,0.0
oe:player:a177d116efe77552eb3068675c777f2,Scorth,PCIFIC Esports,TCL,EMEA,Deuxième niveau,ADC,83,154,123.0,241.0,880.0,46.0,0.0,0.0
oe:player:78081d0b3c01f1f295d52d53744261a,Ghost,KT Rolster Challengers,LCKC,Corée,Deuxième niveau,Support,32,65,122.0,255.0,-978.0,32.0,0.0,0.0
oe:player:6ebdf3a3b56c113137109c45c2abc8f,Tomio,Conviction,NACL,Amérique du Nord,Deuxième niveau,Jungle,49,113,121.0,275.0,871.0,39.0,0.0,0.0
oe:player:ee14d783c6bc1ce855d5fdf2c7f349f,Mxe,Magaza Esports,EBL,EMEA,Deuxième niveau,Support,48,116,120.0,246.0,2474.0,38.0,0.0,0.0
oe:player:4bb53c6fa9f5d75901136feb8bdf817,JNX,Eintracht Spandau,PRM,EMEA,Deuxième niveau,Top,101,178,120.0,245.0,-312.0,32.0,0.0,0.0
oe:player:16cb4834b1781f22230bf53a22171e3,Felix,HANJIN BRION Academy,LAS,Corée,Troisième niveau,Support,30,30,117.0,293.0,732.0,5.0,0.0,0.49
oe:player:51d1b92c739875316e83a99bb9838af,Hasu7,SillySilly Gaming,PCS,Asie-Pacifique,Deuxième niveau,Top,21,88,117.0,265.0,-308.0,54.0,0.0,0.0
oe:player:d22a9f456619f24133f9d0ddff50051,Panther,Hanwha Life Esports Challengers,LCKC,Corée,Deuxième niveau,Top,98,226,116.0,288.0,-1136.0,47.0,0.0,0.0
oe:player:35859191db73609302debbc5c43117c,Fuuu,RED Canids,CBLOL,Brésil & Amérique latine,Ligue majeure,Mid,45,75,116.0,255.0,-1202.0,64.0,0.0,0.0
oe:player:59d2a5ca2edb7a94fcf37170219e2c0,Flint,Hanwha Life Esports Academy,LAS,Corée,Troisième niveau,Jungle,83,88,116.0,279.0,1016.0,3.0,0.028,0.908
oe:player:5afac30dcb88b92670b60509f3139a7,Mersa,Joblife,LFL,EMEA,Deuxième niveau,Support,51,113,114.0,251.0,-961.0,32.0,0.0,0.0
oe:player:5657e08aa206a6122f8d38e1676bdc5,Wolorz,Frites Esports Club,ROL,EMEA,Deuxième niveau,Mid,78,114,113.0,258.0,1970.0,54.0,0.0,0.0
oe:player:0cfe46c9ae6f1654b9363084c559648,Zephyr,BNK FEARX Youth,LCKC,Corée,Deuxième niveau,Jungle,64,159,113.0,269.0,-749.0,50.0,0.0,0.0
oe:player:8a391c2d095a4e0b79ed197436af6c7,Peppe,Valerion,HLL,EMEA,Deuxième niveau,Mid,76,165,111.0,250.0,1724.0,44.0,0.0,0.0
oe:player:75019a36fdf85666fbd9396ae4fc7ec,Kratos,MVK Esports,LCP,Asie-Pacifique,Ligue majeure,Top,65,105,111.0,250.0,-700.0,61.0,0.0,0.0
oe:player:4438e6de86f317adec821c223d661c8,Jinbeom,T1 Esports Academy Rookies,LAS,Corée,Troisième niveau,ADC,70,204,111.0,242.0,865.0,4.0,0.1,0.728
oe:player:199bbcd68b0c89c2fc2c7892385cb2b,Tao,Karmine Corp Blue,LFL,EMEA,Deuxième niveau,Top,84,126,111.0,264.0,-848.0,32.0,0.0,0.0
oe:player:39c3a0258d73ffd0112726c410893f6,Celo,RMD Gaming,CD,Brésil & Amérique latine,Deuxième niveau,ADC,40,93,110.0,266.0,665.0,56.0,0.0,0.0
oe:player:3e1b1e0f9c925b2f504d78f3bd5da22,D4nKa,Eintracht Frankfurt,PRM,EMEA,Deuxième niveau,Jungle,66,137,108.0,251.0,-42.0,37.0,0.0,0.0
oe:player:f7d8c1fd03b11c456966e4f1ee056f1,Skyy,Fuego,LRN,Brésil & Amérique latine,Deuxième niveau,Mid,59,110,107.0,258.0,1858.0,49.5,0.0,0.0
oe:player:014c50a8bcb2f8965db2fa367330876,Furuy,Verdant,NLC,EMEA,Deuxième niveau,Mid,43,123,107.0,243.0,909.0,41.0,0.0,0.0
oe:player:1e249a5688255bde7f7213b5d257b3c,Click,HMBLE,LIT,EMEA,Deuxième niveau,Support,65,120,106.0,262.0,2686.0,55.0,0.0,0.0
oe:player:ef97df9d746d0e65ed18786ab30031c,Insanity,Conviction,NACL,Amérique du Nord,Deuxième niveau,Mid,56,118,105.0,274.0,624.0,51.0,0.0,0.0
oe:player:4aa5790e55ac65c5bea5d009e5a07a3,Koala,Esprit Shōnen,NL,EMEA,Troisième niveau,Top,46,60,105.0,270.0,1351.0,4.0,0.085,0.978
oe:player:553efd8f9a9019eedaac3e00eba5913,GGomZi,Hanwha Life Esports Academy,LAS,Corée,Troisième niveau,ADC,65,65,104.0,263.0,831.0,5.0,0.005,0.602
oe:player:e6d554ea9906d8f2fc26d076d2d4a4c,Cracker,Hanwha Life Esports Challengers,LCKC,Corée,Deuxième niveau,Mid,98,226,104.0,288.0,-1193.0,50.5,0.0,0.0
oe:player:be0de5b227a7528ab88cd23b3173c35,Sushee,NRG,NACL,Amérique du Nord,Deuxième niveau,ADC,51,73,98.0,267.0,1017.0,46.0,0.0,0.0
oe:player:a8ab1ca5ba5183bdad08a3f2eeeb95d,Reeker,Berlin International Gaming,PRM,EMEA,Deuxième niveau,Mid,128,156,94.0,254.0,48.0,27.0,0.0,0.0
oe:player:4d8833619c7d2128cd31d6098e7e4f3,Ichiwin,Fuego,LRN,Brésil & Amérique latine,Deuxième niveau,Support,36,82,93.0,262.0,1570.0,57.0,0.0,0.0
oe:player:b616375c060208f8988c4aa13a23c18,Miniduke,GIANTX iTero,LES,EMEA,Deuxième niveau,Mid,21,56,92.0,262.0,566.0,48.0,0.0,0.0
oe:player:763e7968676df074c9e6d3b5ea1f899,monkaS,PCIFIC Esports,TCL,EMEA,Deuxième niveau,Support,45,114,90.0,252.0,1045.0,47.0,0.0,0.0
oe:player:db0cbdc72184ad44ab905be61fc0756,Kofte,Joblife,LFL,EMEA,Deuxième niveau,Mid,68,140,90.0,239.0,-972.0,49.0,0.0,0.0
oe:player:ec596621f8c01e1b79c177346b4a158,NuQ,Bulldog Esports,NLC,EMEA,Deuxième niveau,Top,70,139,89.0,247.0,1160.0,50.0,0.0,0.0
oe:player:67007ffa5eb4f53d82366f6685a8303,Kisno,NRG,NACL,Amérique du Nord,Deuxième niveau,Jungle,60,114,88.0,260.0,703.0,45.5,0.0,0.0
oe:player:bc5b7cd82bc9e26b3bbdeddeb73c7d8,Booki,Leviatan,CBLOL,Brésil & Amérique latine,Ligue majeure,Jungle,55,102,86.0,269.0,-1574.0,60.0,0.0,0.0
oe:player:87e40b7c555a6fc67b899be632d037f,RAMES,SU Esports,TCL,EMEA,Deuxième niveau,Jungle,79,127,84.0,247.0,387.0,58.0,0.0,0.0
oe:player:565edcb58e76115e571f38521946e41,Savero,Nightbirds,HM,EMEA,Deuxième niveau,Jungle,58,155,83.0,247.0,2308.0,50.0,0.0,0.0
oe:player:40fa7615556f33971d67c95a702fbcc,Woolite,devils.one inStreamly,RL,EMEA,Deuxième niveau,ADC,77,179,82.0,253.0,855.0,44.0,0.0,0.0
oe:player:746358f79978fecf5a3b4eeee608490,Kaboom,SU Esports,LFL,EMEA,Deuxième niveau,Jungle,29,58,81.0,251.0,-585.0,40.0,0.0,0.0
oe:player:70d516fd78bcce28e19f4b422bb9f02,scuro,INTZ,CD,Brésil & Amérique latine,Deuxième niveau,ADC,20,88,81.0,257.0,520.0,49.0,0.0,0.0
oe:player:0d9993e3f05e30bfc45a64043f9205c,Coxinha748,Invokers,CD,Brésil & Amérique latine,Deuxième niveau,Mid,28,28,78.0,290.0,550.0,53.0,0.0,0.0
oe:player:e8c8d8ba3cafbcbc8a8d0d0ba7a2853,Yeti,Skillcamp,LFL,EMEA,Deuxième niveau,Top,62,93,78.0,252.0,-1015.0,30.0,0.0,0.022
oe:player:d258f8c326e3532981a60d2393f129a,Jauny,Fuego,LRN,Brésil & Amérique latine,Deuxième niveau,Top,63,95,78.0,267.0,1091.0,61.0,0.0,0.0
oe:player:7226d142e35d427b0a90822a3912973,Kenal,Bushido Wildcats,TCL,EMEA,Deuxième niveau,ADC,25,81,78.0,251.0,657.0,64.0,0.0,0.0
oe:player:b226880189cb11f7da7a0c86544b556,iLEVI,UCAM Esports,LES,EMEA,Deuxième niveau,Support,83,145,77.0,267.0,11.0,38.0,0.0,0.0
oe:player:fd108dd07ee510bb9462127d183e1c5,Devost,Leviatan,CBLOL,Brésil & Amérique latine,Ligue majeure,Top,55,102,77.0,269.0,-1314.0,63.0,0.0,0.0
oe:player:6b7ca7e0fcad1f113f17bc2d30adbf5,adi1,Bomba Team,RL,EMEA,Deuxième niveau,Jungle,77,159,75.0,245.0,792.0,53.0,0.0,0.0
oe:player:d9ac06cccf6e4f573474b5195218e60,Oleg,Karmine Corp Blue Stars,NL,EMEA,Troisième niveau,Jungle,43,106,74.0,249.0,1427.0,3.0,0.155,0.832
oe:player:8df758d3b1cc035e768a9e9937ac322,Booshi,ZYB Esport,LFL,EMEA,Deuxième niveau,ADC,33,122,74.0,242.0,-598.0,39.0,0.0,0.0
oe:player:e9aecf3f86eadc4cabbf95b7d92be0d,Tianzhen,SillySilly Gaming,PCS,Asie-Pacifique,Deuxième niveau,Jungle,36,49,72.0,265.0,223.0,69.0,0.0,0.0
oe:player:95496721c429ee19a2a9bd9c4321e95,Qats,Vivo Keyd Stars Academy,CD,Brésil & Amérique latine,Deuxième niveau,Mid,54,110,71.0,269.0,515.0,54.0,0.0,0.0
oe:player:95d35095a4a91c0935bac5586a2288e,Junu,DN SOOPers Academy,LAS,Corée,Troisième niveau,Top,78,82,69.0,277.0,532.0,5.0,0.03,0.738
oe:player:1248f66f5deaed68c5260e7e2c7bfeb,Krest,FN Esports,AL,EMEA,Deuxième niveau,Top,36,78,69.0,257.0,1365.0,60.0,0.0,0.0
oe:player:78b6c1cd9f90d2560525966c76d8d39,Osman123,Bushido Wildcats,TCL,EMEA,Deuxième niveau,Jungle,29,77,67.0,259.0,301.0,46.0,0.0,0.0
oe:player:fc222b2fd22414e0b9e40aaee65fcb5,MUDAI,Gen.G Global Academy,LCKC,Corée,Deuxième niveau,ADC,79,144,67.0,259.0,-1389.0,51.0,0.0,0.0
oe:player:8637664fdc0640a04bb7368b5478ecd,Rapport,Nongshim RedForce Academy,LAS,Corée,Troisième niveau,Support,27,27,67.0,289.0,483.0,7.0,0.0,0.075
oe:player:f0d9ba082555d7aac872bc9e43226c2,Kireas,BoostGate Esports,TCL,EMEA,Deuxième niveau,Jungle,34,95,65.0,252.0,292.0,67.0,0.0,0.0
oe:player:9bed6fad163eaf7e90b58334c8339ab,kairi,SN CyberCore Esports,VCS,Asie-Pacifique,Deuxième niveau,Support,59,80,65.0,251.0,504.0,50.0,0.0,0.0
oe:player:0ac2fd09745c0d79a8c9d159d265a6c,yaoyao,SillySilly Gaming,PCS,Asie-Pacifique,Deuxième niveau,Support,46,60,63.0,255.0,354.0,30.0,0.0,0.048
oe:player:9ce90580de8c5b8c2e3714fba7fa0c9,j1n5,Saigon Warriors,VCS,Asie-Pacifique,Deuxième niveau,Jungle,59,59,63.0,271.0,1551.0,49.0,0.0,0.0
oe:player:5be118a1aa52664e1dff15ff96c1e67,Agresivoo,Barcząca Esports by Yumisu,RL,EMEA,Deuxième niveau,Top,56,123,62.0,255.0,479.0,53.0,0.0,0.0
oe:player:a4d15f165c20858e7781645fec016d1,Dinai,HANJIN BRION Challengers,LCKC,Corée,Deuxième niveau,Jungle,81,102,60.0,265.0,-1010.0,30.0,0.0,0.0
oe:player:95f8d9901ca8878e291552f001f6769,2274,CTBC Flying Oyster Academy,PCS,Asie-Pacifique,Deuxième niveau,Support,66,131,59.0,260.0,332.0,66.0,0.0,0.0
oe:player:cf229be6faa6e913911b7cf03f8d129,Bisk,The Bandits,ROL,EMEA,Deuxième niveau,Top,60,60,53.0,272.0,1527.0,66.0,0.0,0.0
oe:player:c21df34df89c6fa7baa125670272558,Hinata,DN SOOPers Academy,LAS,Corée,Troisième niveau,Mid,31,130,53.0,261.0,688.0,6.5,0.0,0.36
oe:player:a04f4a8e24d54ff98fc27a5aa5a0c3c,Afroboi,E WIE EINFACH E-SPORTS,PRM,EMEA,Deuxième niveau,Jungle,83,161,53.0,271.0,-315.0,43.0,0.0,0.0
oe:player:39e08d2d04f275e3e90ccf59d29e60e,Ersin,Team Phoenix,TCL,EMEA,Deuxième niveau,Top,50,68,52.0,255.0,303.0,69.0,0.0,0.0
oe:player:5bf58a7a261e2376e8a481edf83609c,Elkinho,Ei Nerd Esports,CD,Brésil & Amérique latine,Deuxième niveau,Support,41,41,52.0,278.0,527.0,50.0,0.0,0.0
oe:player:6e632d8dfe91b18ecbbcdc028094e5c,Zothve,Fluxo W7M,CBLOL,Brésil & Amérique latine,Ligue majeure,Top,40,80,51.0,258.0,-1447.0,64.0,0.0,0.0
oe:player:c5dac98c1a0cbe23f6bc0262e77a0bd,Samikin,Winthrop University,NACL,Amérique du Nord,Deuxième niveau,Mid,62,109,50.0,263.0,353.0,71.0,0.0,0.0
oe:player:e1003a386d779e32b27290bf99bfd96,Riippp,ZYB Esport,LFL,EMEA,Deuxième niveau,Support,35,35,50.0,270.0,-1283.0,41.0,0.0,0.0
oe:player:7adc518d589f32912c06de8dae7848e,Nisqy,ZYB Esport,LFL,EMEA,Deuxième niveau,Mid,32,53,49.0,257.0,-1177.0,44.0,0.0,0.0
oe:player:7c8d8bf5d11af12d15aad3ce6bf5522,Patch,SU Esports,TCL,EMEA,Deuxième niveau,Support,75,162,48.0,243.0,835.0,52.5,0.0,0.0
oe:player:694ee794a9d3a8c3fbd658becb89769,zamulek,LODIS,RL,EMEA,Deuxième niveau,ADC,52,151,47.0,251.0,680.0,55.0,0.0,0.0
oe:player:4e07c3a412cda9ddf875cc14c65efc4,Courage,Gen.G Global Academy,LCKC,Corée,Deuxième niveau,Jungle,79,115,47.0,259.0,-1077.0,52.0,0.0,0.0
oe:player:97839e694c33c292c3ede3f64988876,Devn,Eintracht Frankfurt,PRM,EMEA,Deuxième niveau,ADC,44,126,46.0,253.0,-751.0,87.0,0.0,0.0
oe:player:8b335865b2c0a24c0b6386043da4be4,Artanis,Frites Esports Club,ROL,EMEA,Deuxième niveau,Jungle,27,37,46.0,271.0,1896.0,67.0,0.0,0.0
oe:player:e6f8300f45b071d113356fc27cedf4c,Rayito,GIANTX iTero,LES,EMEA,Deuxième niveau,ADC,57,133,45.0,244.0,212.0,48.0,0.0,0.0
oe:player:9e0d36678131df9bde116a964c542ef,choego,BAAM Esports,AL,EMEA,Deuxième niveau,ADC,94,171,45.0,236.0,930.0,49.5,0.0,0.0
oe:player:4f962bf150528860e79560794533c43,Despair,Dplus Kia Academy,LAS,Corée,Troisième niveau,Mid,93,227,42.0,279.0,633.0,2.0,0.0,0.948
oe:player:98082d11ca69482a663e13b86314e89,CoBiT,Dragons Esports,AL,EMEA,Deuxième niveau,Support,21,85,42.0,276.0,1000.0,45.0,0.0,0.0
oe:player:09df7e1c00d361f40c47542ae02f736,MAXI,Forsaken,RL,EMEA,Deuxième niveau,Jungle,58,74,42.0,256.0,631.0,58.0,0.0,0.0
oe:player:08cc98f89d63a05973e5db39e6b9945,Noz2k,E WIE EINFACH E-SPORTS,PRM,EMEA,Deuxième niveau,ADC,78,156,41.0,267.0,-778.0,48.0,0.0,0.0
oe:player:85c460fea615911b6075e0968b63db1,Netuno,INTZ,CD,Brésil & Amérique latine,Deuxième niveau,ADC,36,81,39.0,262.0,311.0,58.0,0.0,0.0
oe:player:a28b544eced2b013f4304fe5bdc6b4e,Yuhe,CTBC Flying Oyster Academy,PCS,Asie-Pacifique,Deuxième niveau,Mid,40,40,39.0,278.0,-636.0,59.0,0.0,0.0
oe:player:64663f4646781c9c0110838b905daa2,Random,Disruptors,AL,EMEA,Deuxième niveau,Mid,94,169,37.0,247.0,1050.0,58.0,0.0,0.0
oe:player:d9ef4217ba6212bce750345eacf8043,Chan,Partizan Sangal,EBL,EMEA,Deuxième niveau,Top,51,121,36.0,259.0,1915.0,88.0,0.0,0.0
oe:player:3ee8d8613d285f720311d21a2c4a469,Holo,Frank Esports,PCS,Asie-Pacifique,Deuxième niveau,Jungle,35,35,35.0,281.0,39.0,57.0,0.0,0.0
oe:player:088a8dda4109f6904aa917153b5db18,Jactroll,Barcząca Esports by Yumisu,RL,EMEA,Deuxième niveau,Support,56,147,34.0,258.0,960.0,52.0,0.0,0.0
oe:player:a6ecfc61cbbde3dc4a88a431219809b,Ux,9z Globant,LRS,Brésil & Amérique latine,Deuxième niveau,Support,47,47,32.0,285.0,1288.0,70.0,0.0,0.0
oe:player:968ee6efafb843a9c4bbc5a74e7a698,Stalken,PCIFIC Esports,TCL,EMEA,Deuxième niveau,Jungle,61,74,32.0,265.0,127.0,55.0,0.0,0.0
oe:player:a878546de507670f5e83d7763c4c70b,AKIRA,DN SOOPers Academy,LAS,Corée,Troisième niveau,Support,53,56,32.0,279.0,306.0,8.0,0.0,0.05
oe:player:5d66cbb86c841dd01cfbf146389f042,Crimson,Maryville University,NACL,Amérique du Nord,Deuxième niveau,Top,39,81,30.0,263.0,690.0,59.0,0.0,0.0
oe:player:dda07addeb137c860725f0c964dcbbf,Grevthar,KaBuM! Ilha das Lendas,CD,Brésil & Amérique latine,Deuxième niveau,Mid,57,114,30.0,255.0,311.0,48.0,0.0,0.0
oe:player:6f170b7669ad4fb4789e5dd41f84f52,Afriibi,Ruddy Corporation,NLC,EMEA,Deuxième niveau,ADC,43,106,28.0,257.0,1194.0,57.0,0.0,0.0
oe:player:c1da6ddd950f8d14d0f6d6e3e7e269c,Dawciu,Vitality.Bee,LFL,EMEA,Deuxième niveau,Jungle,43,74,28.0,261.0,-847.0,40.0,0.0,0.0
oe:player:c61db0cdc60db4445d07ee5ae79941a,Zach,Winthrop University,NACL,Amérique du Nord,Deuxième niveau,Mid,39,39,28.0,284.0,244.0,60.0,0.0,0.0
oe:player:323b1ce118ee27efaa0f0e2d163d31e,Manel,RED Canids,CBLOL,Brésil & Amérique latine,Ligue majeure,Support,54,82,27.0,253.0,-1425.0,68.0,0.0,0.0
oe:player:be3b71a1266b2d5887634b8001b24dd,Guga,Invokers,CD,Brésil & Amérique latine,Deuxième niveau,Jungle,30,30,25.0,289.0,-151.0,59.0,0.0,0.0
oe:player:97a187a4f398da36bdb05cf62b82109,Bambi,Project Conquerors,NL,EMEA,Troisième niveau,Top,56,77,25.0,268.0,949.0,5.0,0.008,0.655
oe:player:2f0b9f7cda18943425d555b51e570e8,Minous,Kiwoom DRX Challengers,LCKC,Corée,Deuxième niveau,Support,114,142,24.0,251.0,-1465.0,40.0,0.0,0.0
oe:player:798df754d94e00287bfdfb27f0dfaa3,Eggbap,Nongshim RedForce Academy,LAS,Corée,Troisième niveau,Mid,26,26,24.0,293.0,542.0,7.0,0.0,0.158
oe:player:6d2795b5d0550bbbae88cb973b287b0,NoName,Verdant,NLC,EMEA,Deuxième niveau,Jungle,35,87,24.0,246.0,661.0,67.0,0.0,0.0
oe:player:a2de87eae98d0ab3b85567026561a51,Dardoch,Dignitas,LCS,Amérique du Nord,Ligue majeure,Jungle,54,106,22.0,257.0,-1999.0,62.0,0.0,0.0
oe:player:74f3f60a44ee916ecc257a5381be756,Lekcyc,Bubliki,LPLOL,EMEA,Deuxième niveau,Support,69,132,21.0,256.0,1315.0,43.5,0.0,0.0
oe:player:ffa7f50db949da3f7ccec7e2c4ec4c6,raining,eSuba,HM,EMEA,Deuxième niveau,ADC,46,113,19.0,249.0,2075.0,63.0,0.0,0.0
oe:player:2a024edafb06c7882e2e1f7b57f2f95,Hailstone,Hanwha Life Esports Academy,LAS,Corée,Troisième niveau,Support,83,216,19.0,289.0,242.0,6.0,0.0,0.408
oe:player:a291e13e72870a901a7a03a59d9c6be,Lilipp,TeamOrangeGaming,PRM,EMEA,Deuxième niveau,Support,54,103,18.0,261.0,-613.0,54.0,0.0,0.0
oe:player:a272c3f80649036f8e168cb2f3df17c,Yakkey,Vitality.Bee,LFL,EMEA,Deuxième niveau,ADC,40,104,17.0,250.0,-884.0,63.0,0.0,0.0
oe:player:2096ff50c6496d70e4b39793390c9ce,Sencux,Eintracht Frankfurt,PRM,EMEA,Deuxième niveau,Mid,66,137,16.0,248.0,-345.0,51.0,0.0,0.0
oe:player:45c98902fe1e396e98d05becf0246e2,Boltox,Arctic Pandas,NLC,EMEA,Deuxième niveau,Support,60,69,13.0,271.0,1154.0,72.0,0.0,0.0
oe:player:3e68fd564e4e518b8aed89b9a0bf855,Pyrka,Kaufland Hangry Knights,PRM,EMEA,Deuxième niveau,Support,30,45,12.0,266.0,-644.0,53.0,0.0,0.0
oe:player:0372d042f19e7cfacb1544d1b9cc8df,Achael,Hanwha Life Esports Academy,LAS,Corée,Troisième niveau,Top,83,184,12.0,261.0,248.0,7.0,0.0,0.032
oe:player:a02a243c98fb6794c2a303c5014567f,Carry,Bushido Wildcats,TCL,EMEA,Deuxième niveau,Support,75,143,12.0,244.0,657.0,58.0,0.0,0.0
oe:player:1bc0756ba9102abb5a7cd13d2b618aa,StarScreen,Pyramid IV Esports,AL,EMEA,Deuxième niveau,Top,84,137,11.0,238.0,1076.0,68.0,0.0,0.0
oe:player:5bd132d2d10fb5f7d88a2e85edc2110,bulas,7REX,CD,Brésil & Amérique latine,Deuxième niveau,Support,30,81,9.0,260.0,310.0,64.0,0.0,0.0
oe:player:df228b3901f1842b9277b61e2adc67e,Ark,Nongshim RedForce Academy,LAS,Corée,Troisième niveau,Jungle,69,117,7.0,268.0,471.0,8.0,0.032,0.278
oe:player:81cef494c5905d9f983fc93fa6b8477,Hitscan,Dplus Kia Academy,LAS,Corée,Troisième niveau,ADC,20,20,7.0,296.0,346.0,9.0,0.0,0.002
oe:player:8d230b81f13b07e2df210f7351f1f97,alix,Gamespace Mediterranean College Esports,HLL,EMEA,Deuxième niveau,Mid,80,156,5.0,238.0,1193.0,77.0,0.0,0.0
oe:player:9f123d50225f8efc664774485f85941,Frost,Project Conquerors,NL,EMEA,Troisième niveau,Jungle,57,131,4.0,273.0,1077.0,6.0,0.018,0.44
oe:player:f2dee75fcec7a191ec3028a935a480a,mikusik,LODIS,RL,EMEA,Deuxième niveau,Jungle,91,112,4.0,252.0,441.0,55.0,0.0,0.0
oe:player:dda1e64c8150531b8c60ac8607accb7,Aytekn,Bushido Wildcats,TCL,EMEA,Deuxième niveau,Top,81,146,4.0,248.0,64.0,64.0,0.0,0.0
oe:player:22fd8af01e2a6596223168a266de5fc,Beplush,Dark Passage,TCL,EMEA,Deuxième niveau,Support,58,58,3.0,266.0,610.0,57.0,0.0,0.0
oe:player:6add4da3b26a48ccca716c112c3ff48,Valiant,Hanwha Life Esports Challengers,LAS,Corée,Troisième niveau,Mid,25,25,2.0,284.0,432.0,9.0,0.0,0.132
oe:player:44b1e81bfc6d5bb1a0da7fe5daaa4c0,Samkz,paiN Gaming Academy,CD,Brésil & Amérique latine,Deuxième niveau,Jungle,40,66,2.0,267.0,-266.0,51.0,0.0,0.0
oe:player:e134b2791879ae44a24cf5fc966a4b7,Notiko,Eintracht Frankfurt,PRM,EMEA,Deuxième niveau,ADC,47,88,1.0,252.0,-975.0,55.0,0.0,0.0
oe:player:60b3048edebc03e520e775db4cc706f,AoJune,Maryville University,NACL,Amérique du Nord,Deuxième niveau,Mid,71,99,-1.0,264.0,96.0,62.0,0.0,0.0
oe:player:f18fd06744a67bf8c9f08afebfcce3a,Kaseko,LODIS,RL,EMEA,Deuxième niveau,Support,52,121,-3.0,263.0,778.0,57.0,0.0,0.0
oe:player:3bb028a43aff78070d15c646450aa0d,Denathor,Dignitas,LCS,Amérique du Nord,Ligue majeure,Top,58,104,-4.0,265.0,-2255.0,67.0,0.0,0.0
oe:player:aaa896a80d3f16afd5cdcc0c44a95d1,Hayes,Kiwoom DRX Academy,LAS,Corée,Troisième niveau,Support,70,70,-4.0,289.0,124.0,9.0,0.0,0.0
oe:player:fc933812510df6cb519bd1bb5677631,Maged,Anubis Gaming,AL,EMEA,Deuxième niveau,Top,46,140,-4.0,246.0,1001.0,62.0,0.0,0.0
oe:player:5143731d10e0edf3a81ee7d55d8b961,Obstinatus,Maryville University,NACL,Amérique du Nord,Deuxième niveau,Support,61,94,-5.0,258.0,324.0,49.0,0.0,0.0
oe:player:373da423dfeaac257b4ab3b266123be,Revenge,DN SOOPers Challengers,LAS,Corée,Troisième niveau,ADC,75,123,-5.0,263.0,283.0,8.0,0.0,0.098
oe:player:6378658dafc3eeb902fa2e52f909172,Tomo,Winthrop University,NACL,Amérique du Nord,Deuxième niveau,ADC,27,66,-6.0,268.0,497.0,40.0,0.0,0.002
oe:player:ecdb594501a5800ad0f5c4e6b3b5a84,Yupps,KaBuM! Ilha das Lendas,CD,Brésil & Amérique latine,Deuxième niveau,Top,57,103,-6.0,261.0,140.0,58.0,0.0,0.0
oe:player:8bbea3eed9dfaa55f877e34297b08ab,Akashi,Pyramid IV Esports,AL,EMEA,Deuxième niveau,Mid,88,128,-8.0,246.0,825.0,73.0,0.0,0.0
oe:player:a54db49a574e10b8b4401ca49ba5294,Kaido,Contingent Esports,NACL,Amérique du Nord,Deuxième niveau,Jungle,35,58,-8.0,273.0,226.0,68.0,0.0,0.0
oe:player:8ceaf547caa0fdb71e782a23465ff39,Makes,Ei Nerd Esports,CD,Brésil & Amérique latine,Deuxième niveau,Top,30,100,-8.0,259.0,128.0,74.0,0.0,0.0
oe:player:d8c98ae99867b26d4d91d1b852c131f,Koussay,BAAM Esports,AL,EMEA,Deuxième niveau,Mid,42,132,-9.0,250.0,821.0,59.5,0.0,0.0
oe:player:a7b756e008bfcb7148cdb51f886c3fa,Sinmivak,LODIS,RL,EMEA,Deuxième niveau,Top,52,114,-9.0,249.0,123.0,52.0,0.0,0.0
oe:player:5aea7cdf0f3349ac62a04335ec1c918,Ivory,Fuego,LRN,Brésil & Amérique latine,Deuxième niveau,Mid,24,85,-10.0,260.0,1270.0,71.0,0.0,0.0
oe:player:2ca9469819fb0fb61ff98e914a7ccca,Relative,E WIE EINFACH E-SPORTS,PRM,EMEA,Deuxième niveau,Mid,83,161,-10.0,271.0,-476.0,49.0,0.0,0.0
oe:player:b9ccf86bc1be84e6200f498b2e0ef33,jokaa,ROSSMANN Centaurs,PRM,EMEA,Deuxième niveau,Jungle,40,67,-11.0,257.0,-634.0,42.0,0.0,0.0
oe:player:8a729e3599082e74fcca776b295d0e1,Typhoon,Dark Passage,TCL,EMEA,Deuxième niveau,Jungle,21,104,-11.0,237.0,-89.0,60.0,0.0,0.0
oe:player:f35b886c9d604c98666886bb41358fc,Lancelot,Gen.G Scholars,LAS,Corée,Troisième niveau,Jungle,67,67,-13.0,292.0,372.0,8.0,0.0,0.068
oe:player:657f1228bb53523274ae58bcd123ae8,Decay,Forsaken,RL,EMEA,Deuxième niveau,Mid,60,122,-13.0,255.0,606.0,44.0,0.0,0.0
oe:player:e3decbc40c573363c151a8300127922,Seneca,BAAM Esports,AL,EMEA,Deuxième niveau,Support,68,115,-14.0,248.0,723.0,68.0,0.0,0.0
oe:player:8dd84a9df0dc0ec74ebe4547e05a7ad,Tazaku,VfB eSports,PRM,EMEA,Deuxième niveau,ADC,36,39,-14.0,276.0,-1050.0,58.0,0.0,0.0
oe:player:b7253194da688a72744ff1c032b6cea,Soft,DN SOOPers Academy,LAS,Corée,Troisième niveau,Jungle,86,160,-14.0,277.0,366.0,7.0,0.0,0.228
oe:player:5b91639213b0f7791c49ba852e4bee5,CRoNiiK,Team Phantasma,HLL,EMEA,Deuxième niveau,Jungle,22,98,-14.0,266.0,781.0,46.0,0.0,0.0
oe:player:f68ed45fe0f3150c306c17455014301,Abagnale,Gamespace Mediterranean College Esports,HLL,EMEA,Deuxième niveau,Support,84,158,-16.0,263.0,1351.0,56.0,0.0,0.0
oe:player:966e8f61b0847f6059559ed09f8574f,Kojima,KaBuM! Ilha das Lendas,CD,Brésil & Amérique latine,Deuxième niveau,ADC,57,94,-17.0,258.0,32.0,58.0,0.0,0.0
oe:player:2df9400a4e973e6f4be13a0a475cbaf,Evangelyne,Team Phantasma,HLL,EMEA,Deuxième niveau,ADC,51,72,-17.0,259.0,1285.0,68.5,0.0,0.0
oe:player:8e01eb2dab560099ace2ed32c82ea06,SuperCleber,Vivo Keyd Stars Academy,CD,Brésil & Amérique latine,Deuxième niveau,Top,53,98,-18.0,254.0,80.0,62.0,0.0,0.0
oe:player:afb5a0b11c28ac782457a91bb54fc3e,Yuny,Gen.G Scholars,LAS,Corée,Troisième niveau,Mid,94,94,-19.0,287.0,328.0,11.0,0.0,0.048
oe:player:e6ce7283fdcbb1efe1b120228a44fd3,ManoloGap,GIANTX iTero,LES,EMEA,Deuxième niveau,Top,21,59,-19.0,267.0,110.0,65.0,0.0,0.0
oe:player:5ee2cd6074f5a5f37edebee2f481c6b,Drakehero,Ei Nerd Esports,CD,Brésil & Amérique latine,Deuxième niveau,Jungle,45,108,-22.0,247.0,-383.0,71.0,0.0,0.0
oe:player:f23c7426104cc4df2b49b3be2c6d024,IlllIma,SU Esports,TCL,EMEA,Deuxième niveau,Top,34,61,-22.0,260.0,-66.0,76.0,0.0,0.0
oe:player:9bfbc1a85ea2cd4841d627f76a12704,Stormax,FN Esports,AL,EMEA,Deuxième niveau,Jungle,36,79,-22.0,264.0,737.0,39.0,0.0,0.0
oe:player:343b2b8ed97512673e3e1ef2705b0de,Cavalo,Team Solid,CD,Brésil & Amérique latine,Deuxième niveau,Support,21,73,-22.0,273.0,157.0,59.0,0.0,0.0
oe:player:162a4361d51e504f7113c2d68b13e26,Nawa,PCIFIC Esports,TCL,EMEA,Deuxième niveau,ADC,36,70,-22.0,260.0,157.0,69.0,0.0,0.0
oe:player:d6971b32f31494c779daf02b932bd92,GiaQui,9Gaming Esports,VCS,Asie-Pacifique,Deuxième niveau,Mid,39,39,-24.0,286.0,-149.0,87.0,0.0,0.0
oe:player:4f6d6b2c4c29033ff5437cee2a7587e,Macaquinho,Barça eSports,LES,EMEA,Deuxième niveau,Mid,76,112,-24.0,267.0,-12.0,68.0,0.0,0.0
oe:player:646d7215b0af94ad58ab71a9ff64fcb,Leaky,CTBC Flying Oyster Academy,PCS,Asie-Pacifique,Deuxième niveau,Jungle,37,41,-25.0,274.0,-261.0,67.0,0.0,0.0
oe:player:c60e9a572fae056e944ba1479d89d81,Nero,RMD Gaming,CD,Brésil & Amérique latine,Deuxième niveau,Jungle,39,81,-26.0,255.0,-404.0,68.0,0.0,0.0
oe:player:794adb16a6b9dc401506ff28870f3c0,dibu,Arctic Pandas,NLC,EMEA,Deuxième niveau,Jungle,60,60,-29.0,278.0,398.0,83.0,0.0,0.0
oe:player:5c10d4fc029a04de654a59d8078b913,sarolu,Vivo Keyd Stars Academy,CD,Brésil & Amérique latine,Deuxième niveau,Jungle,47,103,-29.0,262.0,-417.0,67.0,0.0,0.0
oe:player:a2e1e40c83fe5fd9efb5f50a67d9194,Nan0,Ruddy Corporation,NLC,EMEA,Deuxième niveau,Mid,46,110,-29.0,253.0,228.0,47.5,0.0,0.02
oe:player:9b02c72f4c7c35363f36dd1a2e2bb2d,Bean,Gen.G Scholars,LAS,Corée,Troisième niveau,Top,94,94,-30.0,287.0,36.0,9.0,0.0,0.0
oe:player:193f83b4d6615f92af0776035551008,Mrozku,Bomba Team,RL,EMEA,Deuxième niveau,Mid,88,183,-30.0,246.0,518.0,61.0,0.0,0.0
oe:player:df13ba84b4ea6932f7e10b5e51e7cf5,Venour,Kaufland Hangry Knights,PRM,EMEA,Deuxième niveau,Top,30,105,-30.0,261.0,-1061.0,60.0,0.0,0.0
oe:player:e6fafbf627da7992498ce65ebe436cf,lee sang,LODIS,RL,EMEA,Deuxième niveau,Mid,24,24,-31.0,281.0,514.0,76.0,0.0,0.0
oe:player:bcafc49a54b37ce91812273fde05da1,Wamu,Maze Gaming,LRS,Brésil & Amérique latine,Deuxième niveau,Top,57,102,-31.0,268.0,1360.0,75.0,0.0,0.0
oe:player:36aee4ea75f352a3912338eb34a5b57,Evaan,Ancient Ones,NL,EMEA,Troisième niveau,Mid,20,20,-33.0,293.0,519.0,5.0,0.0,0.36
oe:player:2777866851a7a8776edbd6b78239455,Drofan,Team Phantasma,HLL,EMEA,Deuxième niveau,Jungle,72,109,-33.0,247.0,684.0,74.0,0.0,0.0
oe:player:55b0c4d4efa00b59643b2e6a6e7c18c,Fiji,CCG Esports,NACL,Amérique du Nord,Deuxième niveau,Top,51,51,-33.0,283.0,374.0,62.0,0.0,0.0
oe:player:92b76c3a9967d6322741aa6d2ba4a2b,Ferret,Partizan Sangal,EBL,EMEA,Deuxième niveau,Jungle,51,138,-34.0,266.0,1640.0,37.0,0.0,0.0
oe:player:e041923a70bcde3b24d608958f8edc8,Shlatan,devils.one inStreamly,RL,EMEA,Deuxième niveau,Jungle,49,96,-36.0,255.0,237.0,45.0,0.0,0.0
oe:player:66d46dceff7e43a5e240e5c7b32ef69,konseki,INTZ,CD,Brésil & Amérique latine,Deuxième niveau,Support,42,72,-37.0,264.0,81.0,64.0,0.0,0.0
oe:player:265b58ce8b2f418df94006bf24e296c,ScaryJerry,Maryville University,NACL,Amérique du Nord,Deuxième niveau,ADC,61,105,-37.0,255.0,341.0,66.0,0.0,0.0
oe:player:8b53c0c5db5b860b0dbe9882b38b32e,Jakobobbi,VfB eSports,PRM,EMEA,Deuxième niveau,Support,44,46,-38.0,278.0,-892.0,64.0,0.0,0.0
oe:player:5172a81c77dad76588c5025c9aad0ae,Speedy1,Valerion,HLL,EMEA,Deuxième niveau,Support,89,110,-38.0,251.0,1240.0,55.0,0.0,0.0
oe:player:d51674883fd227c219c9a1fc7da7db4,Kisee,Estral Esports,CD,Brésil & Amérique latine,Deuxième niveau,Mid,26,82,-39.0,257.0,-35.0,69.0,0.0,0.0
oe:player:007be3acd5669d100711b13d79e2336,Sniper,Conviction,NACL,Amérique du Nord,Deuxième niveau,Top,56,93,-39.0,256.0,346.0,72.0,0.0,0.0
oe:player:288d8e1e6e78a857421f10ee40d3fba,Zelt,Zeu5 Esports,LRN,Brésil & Amérique latine,Deuxième niveau,Mid,29,76,-39.0,274.0,1127.0,86.0,0.0,0.0
oe:player:550fa477eff3885416f22c0b3f2fc88,Time,GIANTX iTero,LES,EMEA,Deuxième niveau,Jungle,57,114,-41.0,244.0,93.0,57.0,0.0,0.0
oe:player:398074139a206bc8bbab0be766c6ffa,Wilson,Winthrop University,NACL,Amérique du Nord,Deuxième niveau,Jungle,68,114,-41.0,272.0,62.0,72.0,0.0,0.0
oe:player:06fbf3cfd4b139c5b424cba07545931,Zealot,KT Rolster Academy,LAS,Corée,Troisième niveau,Top,82,88,-43.0,282.0,-27.0,8.0,0.0,0.01
oe:player:ad173d59265cf2cbe796b2af2554da3,Citrus,DetonatioN FocusMe,LCP,Asie-Pacifique,Ligue majeure,Jungle,50,82,-43.0,256.0,-1965.0,62.0,0.0,0.0
oe:player:5baf54f4030e168391201d9fa0efa71,FireAscept,PCIFIC Esports,TCL,EMEA,Deuxième niveau,Mid,75,89,-43.0,257.0,315.0,69.0,0.0,0.0
oe:player:0f0b0a45df28cf6869d4d6f31cac9a4,Marty,Galions Sharks,NL,EMEA,Troisième niveau,Mid,34,124,-46.0,253.0,454.0,5.0,0.0,0.515
oe:player:ef453ec92276774e0668a413fb91514,Virtuso,Deer Gaming,NLC,EMEA,Deuxième niveau,Top,44,44,-47.0,275.0,482.0,70.0,0.0,0.0
oe:player:8a26fb905636bc0bec1a65212c3c863,shochi,Contingent Esports,NACL,Amérique du Nord,Deuxième niveau,Mid,35,58,-49.0,269.0,-146.0,75.0,0.0,0.0
oe:player:9e7e94a4d1bafa6f0c407975207433b,Leleko,INTZ,CD,Brésil & Amérique latine,Deuxième niveau,Mid,42,66,-50.0,269.0,-90.0,73.0,0.0,0.0
oe:player:0e144339d34b5a7a0226fb26638da25,Yozan,Invokers,CD,Brésil & Amérique latine,Deuxième niveau,Top,30,30,-50.0,289.0,-82.0,69.0,0.0,0.0
oe:player:de75f2eb439368d9b39281bd0c4bdab,Soldier,Ici Japon Corp. Esport,LFL,EMEA,Deuxième niveau,ADC,31,94,-51.0,272.0,-1221.0,62.0,0.0,0.0
oe:player:5a63f3e7e2b4282f07785cdc895d624,Shiku,Leviatan,CBLOL,Brésil & Amérique latine,Ligue majeure,Support,38,82,-52.0,269.0,-1822.0,69.0,0.0,0.0
oe:player:8b976d804f0b51e0dff5d24fc6ead77,Strensh,Leviatan,CBLOL,Brésil & Amérique latine,Ligue majeure,ADC,48,87,-53.0,262.0,-2016.0,64.0,0.0,0.0
oe:player:8b35b40bc03585d8e435ef8029621c4,Kokos,DOCISK,RL,EMEA,Deuxième niveau,Jungle,48,86,-54.0,250.0,150.0,78.0,0.0,0.0
oe:player:bf0fcdb863d11c4f6e7802f434de734,Robocop,Ruddy Corporation,NLC,EMEA,Deuxième niveau,Top,55,141,-56.0,255.0,437.0,59.0,0.0,0.0
oe:player:2e39f77d41c8deb6a891c30cf378383,Deadly,Otter Side,LPLOL,EMEA,Deuxième niveau,ADC,49,97,-57.0,252.0,1999.0,62.0,0.0,0.0
oe:player:5257e05cde806e07b405ddcce85114d,Bradley,University of Mississippi,NACL,Amérique du Nord,Deuxième niveau,Mid,37,59,-59.0,271.0,-194.0,87.0,0.0,0.0
oe:player:bca21155e285e491e905f3f9229330d,Dionelux,JSK Esports,AL,EMEA,Deuxième niveau,Top,74,138,-59.0,236.0,727.0,66.5,0.0,0.0
oe:player:72f8810468816d80ddeaf9a547ae7f5,Xicor,FN Esports,AL,EMEA,Deuxième niveau,ADC,70,123,-62.0,242.0,393.0,70.0,0.0,0.0
oe:player:0a86dddc699c7e6fe7f1e43153a5cbe,advance,New Meta,LJL,Asie-Pacifique,Deuxième niveau,Top,22,22,-62.0,286.0,2044.0,115.0,0.0,0.0
oe:player:06f016d5551322d49fad225b21de646,kehvo,Arctic Pandas,NLC,EMEA,Deuxième niveau,ADC,60,118,-64.0,252.0,733.0,78.5,0.0,0.0
oe:player:706cf232206925bf8315cfdf4310297,Buero,Vivo Keyd Stars Academy,CD,Brésil & Amérique latine,Deuxième niveau,ADC,50,62,-64.0,265.0,-207.0,66.0,0.0,0.0
oe:player:24c3a4f80a901b6aeb40a978d9a2cd8,Nern,Saigon Warriors,VCS,Asie-Pacifique,Deuxième niveau,Top,75,91,-65.0,260.0,10.0,68.0,0.0,0.0
oe:player:74cc915f83955219866a1bc32a90285,Sven,VfB eSports,PRM,EMEA,Deuxième niveau,Top,44,46,-66.0,278.0,-1241.0,71.0,0.0,0.0
oe:player:2b4e018d8037aa6b63a6a7b5be6c929,Passzi,UCAM Esports,NL,EMEA,Troisième niveau,Support,62,111,-66.0,242.0,229.0,12.0,0.0,0.015
oe:player:1ae1c39b7773b80a025efd99de69007,Secrett,Team Phantasma,HLL,EMEA,Deuxième niveau,Mid,74,174,-69.0,242.0,821.0,65.0,0.0,0.0
oe:player:ba6e76e259419420ddff269bb6ef074,Vzz,WLGaming Esports,HLL,EMEA,Deuxième niveau,ADC,27,108,-71.0,260.0,1014.0,58.0,0.0,0.0
oe:player:90699d17357a1dfc197c6ee0fce76d7,PhyMini,NRG,NACL,Amérique du Nord,Deuxième niveau,Mid,46,74,-71.0,265.0,-253.0,79.0,0.0,0.0
oe:player:e1ddc411cd92f26392b707a48e5c700,marlon,JSK Esports,AL,EMEA,Deuxième niveau,Support,62,129,-71.0,249.0,437.0,73.0,0.0,0.0
oe:player:1afdcf10bd0e8edbd402c11d5388895,Lorenz,All for One Gaming,PRM,EMEA,Deuxième niveau,Support,21,37,-73.0,268.0,-1066.0,56.0,0.0,0.0
oe:player:6a7d0d4d1d220434081caec2f1a5544,Artoria,DMG Esports,NLC,EMEA,Deuxième niveau,Mid,44,65,-73.0,253.0,8.0,74.0,0.0,0.0
oe:player:d9130e62c84d597edb5ac4748fa3a71,Callian,MVK Esports Academy,VCS,Asie-Pacifique,Deuxième niveau,Support,39,84,-73.0,257.0,-182.0,76.0,0.0,0.0
oe:player:c5050bf5abf900c6beaed313da57213,Jeyrus,DIA Ozarox Esports,TCL,EMEA,Deuxième niveau,ADC,50,58,-74.0,257.0,-102.0,72.0,0.0,0.0
oe:player:6e8aa53c3e352ce9c88200b6d3db9a4,VAEII,JSK Esports,AL,EMEA,Deuxième niveau,Mid,80,90,-74.0,250.0,497.0,78.0,0.0,0.0
oe:player:42ad24fb9a58f115637ed14ee70677a,Zyko,Conviction,NACL,Amérique du Nord,Deuxième niveau,Support,54,99,-75.0,259.0,-26.0,80.0,0.0,0.0
oe:player:c71bc697e58f3b122ac4bf86e8648ad,Tsiper,WLGaming Esports,HLL,EMEA,Deuxième niveau,Mid,85,160,-76.0,247.0,787.0,83.0,0.0,0.0
oe:player:e0daa0771860e3d83d606124d50977e,Aymen,Karmine Corp Blue Stars,AL,EMEA,Deuxième niveau,Support,50,66,-77.0,259.0,407.0,71.5,0.0,0.0
oe:player:37868ce320afa69d0c0387124e61968,tol2,New Meta,LJL,Asie-Pacifique,Deuxième niveau,Top,49,101,-78.0,262.0,1968.0,91.0,0.0,0.0
oe:player:655e38b95a3554d69f6c7d2de4221aa,Mahonix,Pyramid IV Esports,AL,EMEA,Deuxième niveau,Support,35,107,-78.0,247.0,399.0,83.0,0.0,0.0
oe:player:a99d6da234620c259bbb92ee9f8649f,Twight,eSuba,NL,EMEA,Troisième niveau,Jungle,49,153,-79.0,252.0,659.0,7.0,0.022,0.262
oe:player:87ea894dd96c4c4577c7e32bdcd630b,Warsor,9z Globant,LRS,Brésil & Amérique latine,Deuxième niveau,Jungle,31,31,-80.0,281.0,1303.0,99.0,0.0,0.0
oe:player:e8aba5fbfc41b0621226b08a87e3ded,Philip,Blue Otter,NACL,Amérique du Nord,Deuxième niveau,Top,21,41,-80.0,276.0,139.0,90.0,0.0,0.0
oe:player:22d23b7be2571eb1725faff686d9d15,Ag0nyPain,Senshi eSports,ROL,EMEA,Deuxième niveau,Mid,54,54,-80.0,273.0,1008.0,80.0,0.0,0.0
oe:player:8878e7050143a0fe4020498043fcc0d,Nate,9z Globant,LRS,Brésil & Amérique latine,Deuxième niveau,Top,57,57,-80.0,287.0,1118.0,93.0,0.0,0.0
oe:player:c92846465f8656d027f9148726b2b5c,Gavotto,Fuego,LRN,Brésil & Amérique latine,Deuxième niveau,ADC,24,71,-83.0,287.0,980.0,98.0,0.0,0.0
oe:player:d7eca91517950c67ade956ce6e953cf,Hidan,RMD Gaming,CD,Brésil & Amérique latine,Deuxième niveau,Top,30,50,-83.0,268.0,-243.0,82.0,0.0,0.0
oe:player:d045ce8a0de5eb77d740e62fb9e2d7f,Daption,Contingent Esports,NACL,Amérique du Nord,Deuxième niveau,ADC,35,35,-83.0,287.0,111.0,70.0,0.0,0.0
oe:player:57bb48fd65bff2e2660a13e58f2fcb2,Rovex,Blue Otter,NACL,Amérique du Nord,Deuxième niveau,Support,35,82,-84.0,273.0,-68.0,81.0,0.0,0.0
oe:player:e54bbd7c6dd5290a1cd0f70ad2653c5,Vaynedeta,Gamespace Mediterranean College Esports,HLL,EMEA,Deuxième niveau,ADC,63,133,-84.0,244.0,950.0,87.0,0.0,0.0
oe:player:cb5feb1b7314637725a2e73bdc9f729,Color,Forsaken,RL,EMEA,Deuxième niveau,Top,63,82,-84.0,252.0,-250.0,83.0,0.0,0.0
oe:player:0b73817b6d353252df2bbe48993b983,Mishi,Verdant,NLC,EMEA,Deuxième niveau,ADC,73,135,-87.0,254.0,616.0,74.0,0.0,0.0
oe:player:4fb88b5242fbb5190647d342a596083,Jesus,HANJIN BRION Academy,LAS,Corée,Troisième niveau,Mid,59,64,-87.0,276.0,-14.0,10.0,0.0,0.032
oe:player:268e4beec767efd860d489fcbe1cdb5,ZWICKL,VfB eSports,PRM,EMEA,Deuxième niveau,Jungle,44,44,-87.0,279.0,-1016.0,69.5,0.0,0.0
oe:player:0bb73e8f8257d5ab3dc5cbc42c5fd4f,Gyeol,DN SOOPers Academy,LAS,Corée,Troisième niveau,Support,33,33,-87.0,288.0,-288.0,12.0,0.0,0.0
oe:player:70e6d96860b77bb3e87663215b42a1f,JimieN,Ground Zero Gaming,LCP,Asie-Pacifique,Ligue majeure,Mid,53,104,-88.0,261.0,-2037.0,67.0,0.0,0.0
oe:player:eca327ff4d6ae42715b64e9beae4813,Only35,CCG Esports,NACL,Amérique du Nord,Deuxième niveau,Support,51,97,-89.0,265.0,-93.0,75.0,0.0,0.0
oe:player:2a8f9050a8f7c5dd91f2332dc3bb2f5,Kim Down,Winthrop University,NACL,Amérique du Nord,Deuxième niveau,Support,68,79,-90.0,273.0,-99.0,71.0,0.0,0.0
oe:player:dabef448fac48c6137ca1cfae1ffa15,Warner,ZennIT,ROL,EMEA,Deuxième niveau,Mid,77,133,-91.0,240.0,950.0,92.0,0.0,0.0
oe:player:e075e324298868aa969a7deb9f3581b,moe,Pyramid IV Esports,AL,EMEA,Deuxième niveau,Jungle,95,129,-92.0,248.0,387.0,70.0,0.0,0.0
oe:player:38ae8b6297c7e2cdef7f6c8ce30c8f6,Crem,Magaza Esports,EBL,EMEA,Deuxième niveau,ADC,57,115,-94.0,260.0,1400.0,85.0,0.0,0.0
oe:player:3576d72c5efa4fa97bf5927415ca70c,Exan,JSK Esports,AL,EMEA,Deuxième niveau,Jungle,49,49,-97.0,271.0,362.0,78.0,0.0,0.0
oe:player:d58579b4d6effd1da9e93389a43b6a0,Kross,Ancient Ones,NL,EMEA,Troisième niveau,ADC,20,20,-97.0,293.0,276.0,9.0,0.0,0.032
oe:player:054278a12ab2dc32b90504436297f38,UniqueCORN,Project Conquerors,NL,EMEA,Troisième niveau,Mid,57,108,-98.0,254.0,193.0,9.0,0.0,0.095
oe:player:205f456adac22b2b8cb732651167215,Lulas,Esprit Shōnen,LPLOL,EMEA,Deuxième niveau,Jungle,51,102,-101.0,248.0,1525.0,79.0,0.0,0.0
oe:player:81d2110b25710f286ed9e9b6a8426b0,Snaker,Fuego,LRN,Brésil & Amérique latine,Deuxième niveau,ADC,50,112,-102.0,252.0,885.0,56.0,0.0,0.0
oe:player:f2387df2cb9eeb367b59f0bce4a9637,Hydra,LUA Gaming,LES,EMEA,Deuxième niveau,Mid,35,90,-104.0,264.0,-413.0,66.0,0.0,0.0
oe:player:d18a2aec1fa9649ae9a48bded2f4ccf,selenex,Barça eSports,LES,EMEA,Deuxième niveau,Top,76,112,-104.0,267.0,-317.0,69.0,0.0,0.0
oe:player:1a37b777718802cb259d192e67ab64d,Zin,9Gaming Esports,VCS,Asie-Pacifique,Deuxième niveau,Support,39,39,-104.0,286.0,-339.0,86.0,0.0,0.0
oe:player:5a607b1f01f155eae1bd6e2a78763f5,Archer,CITA Kaizen,HM,EMEA,Deuxième niveau,ADC,88,88,-105.0,271.0,1455.0,105.0,0.0,0.0
oe:player:4dcaf04fe05985bbfc5ea5d54c91353,bipi,Team Solid,CD,Brésil & Amérique latine,Deuxième niveau,ADC,34,39,-105.0,275.0,-412.0,81.0,0.0,0.0
oe:player:b3c7b84cf21441ee1c8ad002cc40e0f,murilao,RMD Gaming,CD,Brésil & Amérique latine,Deuxième niveau,Support,25,25,-105.0,288.0,-260.0,73.0,0.0,0.0
oe:player:3b7bd1331d5adaaedf5a228b02fa077,Vin,SN CyberCore Esports,VCS,Asie-Pacifique,Deuxième niveau,Mid,51,85,-105.0,257.0,-557.0,96.0,0.0,0.0
oe:player:bac2b379dca106b0b735884b9e3ad42,Crow,T1 Esports Academy Rookies,LAS,Corée,Troisième niveau,Mid,60,60,-105.0,284.0,-102.0,11.0,0.0,0.04
oe:player:9a877004ae6373d34cd9ba93decbbd9,Cody Sun,Conviction,NACL,Amérique du Nord,Deuxième niveau,ADC,60,65,-106.0,262.0,-2.0,77.0,0.0,0.0
oe:player:f5d24579082a4869432dbecce0afef3,Guli,Barcząca Esports by Yumisu,RL,EMEA,Deuxième niveau,Jungle,73,96,-106.0,246.0,-112.0,81.0,0.0,0.0
oe:player:3bb65cb142ccc8906952c5099df7f41,Yuros,DIA Ozarox Esports,NL,EMEA,Troisième niveau,Mid,23,29,-108.0,276.0,145.0,14.0,0.0,0.04
oe:player:58d68cedf0a0b1b3d7d9646f5f9e8d3,Simpli,Arctic Pandas,NLC,EMEA,Deuxième niveau,Mid,60,157,-108.0,258.0,-170.0,70.0,0.0,0.0
oe:player:5dedda929608ef07aedda33aa2b474e,Bounty,University of Mississippi,NACL,Amérique du Nord,Deuxième niveau,Support,38,38,-109.0,275.0,-192.0,74.0,0.0,0.0
oe:player:0c02ac62f11fd279e6b02c97c545c13,Metroflox,Magaza Esports,EBL,EMEA,Deuxième niveau,Jungle,48,96,-113.0,252.0,1245.0,90.0,0.0,0.0
oe:player:938cdb097f33f0feb9c12f0729e8e69,Attila,GIANTX iTero,LES,EMEA,Deuxième niveau,Support,37,39,-113.0,276.0,-943.0,67.0,0.0,0.0
oe:player:28e2371121f5f788287013559cd9c6f,Cimpo,SU Esports,TCL,EMEA,Deuxième niveau,ADC,47,71,-114.0,250.0,-301.0,77.0,0.0,0.0
oe:player:9f3dac82a3c79486ffa6564ec623699,lolo,7REX,CD,Brésil & Amérique latine,Deuxième niveau,Mid,30,30,-114.0,282.0,-408.0,92.0,0.0,0.0
oe:player:a61da83af5e3738845fa6dd56e1d41a,Juzu,Dragons Esports,AL,EMEA,Deuxième niveau,Top,28,63,-114.0,262.0,449.0,84.0,0.0,0.0
oe:player:555e3934816743f30cdda4c7cc0dfe3,Momo,DetonatioN FocusMe,LCP,Asie-Pacifique,Ligue majeure,Top,48,92,-114.0,260.0,-1826.0,67.0,0.0,0.0
oe:player:da80b2e96423b30fc669e645a9d1b19,Enoch,The Secret Club,EBL,EMEA,Deuxième niveau,Support,78,78,-114.0,264.0,1305.0,89.0,0.0,0.0
oe:player:825a3d98017bab11815ad2817201324,Shift,Joblife,LFL,EMEA,Deuxième niveau,Jungle,41,127,-115.0,255.0,-1565.0,91.5,0.0,0.0
oe:player:3a470428d3eaeab9ccea451308f3037,Septico1,Gamespace Mediterranean College Esports,HLL,EMEA,Deuxième niveau,Top,78,168,-115.0,242.0,406.0,85.0,0.0,0.0
oe:player:c08f75d1d70bf068013b32f60fe96a5,Vigil,HMBLE,LIT,EMEA,Deuxième niveau,Mid,65,121,-116.0,255.0,1804.0,90.0,0.0,0.0
oe:player:d2bd18935aecee01a6ad68a09a39a87,Klorell,LODIS,RL,EMEA,Deuxième niveau,ADC,24,24,-116.0,281.0,-134.0,78.0,0.0,0.0
oe:player:0ff3d05047e5a7d2838bd6cb11fe7a1,Centu,Team Phantasma,HLL,EMEA,Deuxième niveau,Support,80,159,-116.0,239.0,848.0,81.0,0.0,0.0
oe:player:678837b11ce363c6f3ac889609a5c78,Charlington,9Gaming Esports,VCS,Asie-Pacifique,Deuxième niveau,ADC,39,39,-117.0,286.0,51.0,87.0,0.0,0.0
oe:player:b6c18d4d98745c100d8234a673b0c8a,Aloned,9z Globant,LRS,Brésil & Amérique latine,Deuxième niveau,Mid,57,57,-118.0,287.0,899.0,105.0,0.0,0.0
oe:player:c26c01acba9788db20a72aa23d01d23,Slayder,Dragons Esports,AL,EMEA,Deuxième niveau,ADC,63,95,-118.0,251.0,112.0,85.0,0.0,0.0
oe:player:ff71e751aa5f67010f80aad602ecdfe,Luke,VfB eSports,PRM,EMEA,Deuxième niveau,Mid,44,47,-118.0,278.0,-1015.0,81.0,0.0,0.0
oe:player:54b1f4c7c1ba4d8e7ba71de9f7ad9b2,random,Team Solid,CD,Brésil & Amérique latine,Deuxième niveau,Mid,38,88,-120.0,256.0,-437.0,88.0,0.0,0.0
oe:player:a2694196d288cd26055602729d0bb5c,HeSSZero,Anonymo Esports,RL,EMEA,Deuxième niveau,Top,48,103,-120.0,254.0,-433.0,86.0,0.0,0.0
oe:player:ed24ff8971b1fa43a1efbb386618ce3,Grave,Dark Passage,TCL,EMEA,Deuxième niveau,ADC,62,114,-120.0,243.0,-333.0,83.0,0.0,0.0
oe:player:1a054b9e92d2152d185c99911b65bee,Koldo,Barça eSports,LES,EMEA,Deuxième niveau,Jungle,76,111,-120.0,252.0,-301.0,66.5,0.0,0.0
oe:player:cb98b4c6c9cb226e72bceb02e195a07,Guggu,Verdant,NLC,EMEA,Deuxième niveau,Support,73,86,-121.0,262.0,482.0,73.0,0.0,0.0
oe:player:f084d3f140fa7e4bcade94ba743b164,Vespa,Only The Family,EBL,EMEA,Deuxième niveau,ADC,65,163,-122.0,242.0,1259.0,88.0,0.0,0.0
oe:player:abe2ad07033b755d74cc880715362ab,Nikiyas,Bulldog Esports,NLC,EMEA,Deuxième niveau,ADC,55,104,-122.0,241.0,443.0,106.0,0.0,0.0
oe:player:6bbf1d98fe965d1b10b829ac9f918ba,IENCH Taric,Ancient Ones,NL,EMEA,Troisième niveau,Support,20,20,-122.0,293.0,-50.0,10.0,0.0,0.03
oe:player:181ff5eb6d184d261d6b28480110e59,Markus,Senshi eSports,ROL,EMEA,Deuxième niveau,Jungle,60,70,-125.0,267.0,1041.0,89.0,0.0,0.0
oe:player:7fdbe800b59ca4387263cc6be1fec0e,handm,BAAM Esports,AL,EMEA,Deuxième niveau,Top,99,176,-125.0,240.0,394.0,81.0,0.0,0.0
oe:player:5399ceb619dbb13525a0d52c97acea5,Nanaue,1TAP Dino,VCS,Asie-Pacifique,Deuxième niveau,Top,40,80,-127.0,256.0,-301.0,103.5,0.0,0.0
oe:player:1064292c3355d4184f64b5875458fb7,sas,Disruptors,AL,EMEA,Deuxième niveau,Support,96,122,-129.0,248.0,144.0,85.0,0.0,0.0
oe:player:b8f9f2cc1d009481063cfe556d9d1cc,Aeru,JSK Esports,AL,EMEA,Deuxième niveau,ADC,94,161,-131.0,236.0,51.0,67.5,0.0,0.0
oe:player:79715a2d8a5dcfe07726c00e0f05433,Kuroneel,GOAL,HLL,EMEA,Deuxième niveau,Mid,48,122,-131.0,271.0,515.0,78.5,0.0,0.0
oe:player:8259a6027d2018fa3016eac9ce3fb02,Mood,Deer Gaming,NLC,EMEA,Deuxième niveau,Support,39,51,-132.0,261.0,426.0,95.0,0.0,0.0
oe:player:f3f1edfba7200c65b417d359a6f9c82,pr1me,Magaza Esports,EBL,EMEA,Deuxième niveau,Top,30,61,-133.0,264.0,1074.0,102.0,0.0,0.0
oe:player:3360bddfd5a9895c2444f9b5a290bf3,IHEBIC,GnG Amazigh,AL,EMEA,Deuxième niveau,Support,60,73,-134.0,251.0,120.0,89.0,0.0,0.0
oe:player:c621963a1ce2f0d77627ce04b22a249,Leks,ROSSMANN Centaurs,PRM,EMEA,Deuxième niveau,Top,60,112,-134.0,242.0,-1580.0,82.0,0.0,0.0
oe:player:5aa99e88083b40b8070e90f314e92ca,Grell,Fuego,LRN,Brésil & Amérique latine,Deuxième niveau,Jungle,36,79,-134.0,271.0,819.0,91.0,0.0,0.0
oe:player:0f92769ac5d2a76f9adc5aea924ed1b,Lynx,Dark Passage,TCL,EMEA,Deuxième niveau,Mid,22,22,-134.0,286.0,-137.0,91.0,0.0,0.0
oe:player:736b6039f07dc28432644d2a9997abe,Lac,Docta Esports,LRS,Brésil & Amérique latine,Deuxième niveau,ADC,51,96,-135.0,262.0,774.0,100.0,0.0,0.0
oe:player:1c012787bd23c0148277112af53a15b,SMITE,KT Rolster Academy,LAS,Corée,Troisième niveau,Jungle,29,45,-135.0,278.0,-238.0,10.0,0.0,0.035
oe:player:88e49a28ebab68fa728e5f402129613,Nireo,Ancient Ones,NL,EMEA,Troisième niveau,Top,30,30,-136.0,283.0,143.0,10.0,0.0,0.005
oe:player:595bc33bc21e0ce16769819e824c0d3,MélyaP,Lille Esport,NL,EMEA,Troisième niveau,Mid,26,41,-136.0,273.0,5.0,12.0,0.0,0.005
oe:player:a11a2f5bbd0604fc798b5b63c9b38ba,Pipibaat,The Bandits,ROL,EMEA,Deuxième niveau,Jungle,62,131,-138.0,242.0,977.0,93.0,0.0,0.0
oe:player:2e10aa4c385d76eb9fc276fa0b72939,Th3Antonio,GIANTX iTero,LES,EMEA,Deuxième niveau,Jungle,37,39,-138.0,276.0,-391.0,77.0,0.0,0.0
oe:player:c3b7ab0889348bda3968e639b7d17bf,MrJackson,The ParadOx Invaders,HLL,EMEA,Deuxième niveau,Jungle,33,42,-138.0,261.0,162.0,99.0,0.0,0.0
oe:player:ec32405553073660d757af1100d45b7,advance,New Meta,LJL,Asie-Pacifique,Deuxième niveau,Top,33,33,-139.0,277.0,1663.0,117.0,0.0,0.0
oe:player:6b28fcee6b9d1ddf7c2e481e7fc1c0e,Lumos,Gen.G Global Academy,LCKC,Corée,Deuxième niveau,Support,68,98,-139.0,258.0,-2281.0,76.0,0.0,0.0
oe:player:9e800fd20b5af69382436d72daa346f,Woldjo,TeamOrangeGaming,PRM,EMEA,Deuxième niveau,Jungle,54,75,-139.0,261.0,-1275.0,70.0,0.0,0.0
oe:player:081ac0110c9734afdc28db6e7724e48,Panda,Karmine Corp Blue Stars,NL,EMEA,Troisième niveau,Mid,43,81,-140.0,264.0,-18.0,7.0,0.02,0.385
oe:player:b7411c6a095b1dc123931f3cb8d7af5,Berr,Kiwoom DRX Academy,LAS,Corée,Troisième niveau,Support,27,112,-141.0,250.0,-558.0,9.0,0.0,0.072
oe:player:7db16a4ce881aecec2bfeb3e0c74188,Marvin,paiN Gaming Academy,CD,Brésil & Amérique latine,Deuxième niveau,ADC,57,87,-142.0,254.0,-594.0,81.0,0.0,0.0
oe:player:fa41f0e745119bde94b1cdcc8d10434,Mataz,SDM Tigres,LRN,Brésil & Amérique latine,Deuxième niveau,Jungle,39,71,-142.0,265.0,780.0,101.0,0.0,0.0
oe:player:55cf2c8413283603d6b5e204c3e2261,Richu,Eintracht Frankfurt,PRM,EMEA,Deuxième niveau,Support,33,57,-143.0,261.0,-1416.0,71.0,0.0,0.0
oe:player:34f3befc35889adbdc525cdf6e442e9,Satto,Guinea Pink,NL,EMEA,Troisième niveau,Support,31,35,-143.0,279.0,-156.0,14.0,0.0,0.002
oe:player:f32776bb3b0bfb1cd3261868df4dfce,Calmsky,White Dragons,LPLOL,EMEA,Deuxième niveau,Support,59,99,-144.0,263.0,490.0,78.0,0.0,0.0
oe:player:b51220a382d45959479685fa1a1c9a7,Levitate,Blue Otter,NACL,Amérique du Nord,Deuxième niveau,ADC,46,68,-145.0,265.0,-200.0,87.0,0.0,0.0
oe:player:8d610fc7ab92a4e6f7c1136bc98282f,Dec0y,Dorado Gaming,NACL,Amérique du Nord,Deuxième niveau,Top,40,77,-145.0,274.0,-184.0,95.0,0.0,0.0
oe:player:d16ac922fc9f3394cfcfa3c108565e7,Kryzik,The Secret Club,EBL,EMEA,Deuxième niveau,Mid,32,32,-148.0,283.0,922.0,105.0,0.0,0.0
oe:player:bea7bb8065c436ca956c978e30eb441,zay,Vivo Keyd Stars Academy,CD,Brésil & Amérique latine,Deuxième niveau,Support,41,79,-149.0,252.0,-478.0,93.0,0.0,0.0
oe:player:f2eceb80dcd621eabdb3c1f4ae9e393,Shanks,JSK Esports,AL,EMEA,Deuxième niveau,Jungle,49,104,-150.0,254.0,94.0,86.0,0.0,0.0
oe:player:8f84b3e1ea431d26d9ad272eba9ba8c,Camana,Bushido Wildcats,TCL,EMEA,Deuxième niveau,Mid,62,81,-150.0,252.0,-215.0,85.0,0.0,0.0
oe:player:1087aa8f482518a2b02334270f5607c,Gordinho,Esprit Shōnen,LFL,EMEA,Deuxième niveau,Support,35,55,-152.0,263.0,-2294.0,81.0,0.0,0.0
oe:player:66dfc0444c571e87d4442178fee3ab4,Guertas,Senshi eSports,ROL,EMEA,Deuxième niveau,Jungle,35,108,-153.0,255.0,900.0,95.0,0.0,0.0
oe:player:0ce0547fa9cdd3c48a2a49192dfd12e,Hakari,7REX,CD,Brésil & Amérique latine,Deuxième niveau,Top,30,53,-154.0,270.0,-602.0,90.0,0.0,0.0
oe:player:d347a8d9f7d384ae1073fb27eee2cbb,Hound,Nongshim RedForce Academy,LAS,Corée,Troisième niveau,ADC,26,26,-154.0,293.0,-462.0,11.0,0.0,0.0
oe:player:b72f2f4cfef6d31b875e2196bd7dd76,Syzyfek,Forsaken,RL,EMEA,Deuxième niveau,ADC,62,125,-154.0,242.0,-323.0,78.0,0.0,0.0
oe:player:a837bd982d8c5fc74b36bbd3ce0a9ee,Kamito,DMG Esports,NLC,EMEA,Deuxième niveau,ADC,22,22,-154.0,283.0,283.0,90.0,0.0,0.0
oe:player:2558086bcc15a517030a39d7766957d,kkkkkkkkk,FENNEL,LJL,Asie-Pacifique,Deuxième niveau,Top,59,110,-158.0,268.0,1564.0,111.0,0.0,0.0
oe:player:1ed985bf5e092b7db1264cd79db60ea,Archfiend,Esprit Shōnen,EBL,EMEA,Deuxième niveau,Top,38,68,-159.0,260.0,944.0,106.0,0.0,0.0
oe:player:30bccf285c11c18d7698c98ca52d87d,Griffin,University of Mississippi,NACL,Amérique du Nord,Deuxième niveau,Jungle,37,37,-161.0,284.0,-541.0,94.0,0.0,0.0
oe:player:a4e9e9157f2a7f62d2166124824166e,Ramune,Rising Gaming,LJL,Asie-Pacifique,Deuxième niveau,Mid,54,78,-162.0,272.0,1365.0,111.0,0.0,0.0
oe:player:751b4e6d134b3c4559459c7921fee5f,Pilot,Ei Nerd Esports,CD,Brésil & Amérique latine,Deuxième niveau,Mid,42,74,-162.0,263.0,-650.0,94.0,0.0,0.0
oe:player:3758d4bf608baa43436b9876ce6bfea,oki1,CITA Kaizen,HM,EMEA,Deuxième niveau,Support,52,52,-163.0,266.0,1188.0,92.0,0.0,0.0
oe:player:bb0b65400dfa98b18cc4287b86bd6de,Shourdy,Senshi eSports,ROL,EMEA,Deuxième niveau,Top,85,136,-163.0,242.0,451.0,97.0,0.0,0.0
oe:player:fe78f3efbfa84d8485d589031596c5b,Pallet,WLGaming Esports,HLL,EMEA,Deuxième niveau,Jungle,85,164,-164.0,253.0,30.0,87.0,0.0,0.0
oe:player:841a33657841e55eb6b68b86de53af9,Bruce,FENNEL,LJL,Asie-Pacifique,Deuxième niveau,Support,57,109,-168.0,256.0,1320.0,108.0,0.0,0.0
oe:player:72c4ee7519ed3bdf51d369a9bb8bc14,KKT,Bulldog Esports,NLC,EMEA,Deuxième niveau,Jungle,34,75,-168.0,260.0,-298.0,81.0,0.0,0.0
oe:player:0bdbb2c325525e986d55ef50ca66d05,APP,HMBLE,LIT,EMEA,Deuxième niveau,Top,65,139,-168.0,255.0,1519.0,82.5,0.0,0.0
oe:player:e53268a4e85477f3651cd836f6ea4f2,PmK,DOCISK,RL,EMEA,Deuxième niveau,Top,43,75,-169.0,265.0,-676.0,91.0,0.0,0.0
oe:player:0cae306fd021751c70ab9f75123b561,Ganks,Golden Lions,LRS,Brésil & Amérique latine,Deuxième niveau,Jungle,59,87,-169.0,270.0,855.0,108.5,0.0,0.0
oe:player:1bd0d9136d72f7d983f64e8bd077e42,SCP,9Gaming Esports,VCS,Asie-Pacifique,Deuxième niveau,Jungle,39,39,-170.0,286.0,386.0,97.0,0.0,0.0
oe:player:34dd70244ef257a4b5f7df18076132b,Tyrone,HMBLE,LIT,EMEA,Deuxième niveau,ADC,65,86,-170.0,268.0,1736.0,88.0,0.0,0.0
oe:player:7edb662a8ada86b7a8a09410b3492d5,Zoen,paiN Gaming Academy,CD,Brésil & Amérique latine,Deuxième niveau,Top,45,82,-170.0,264.0,-682.0,81.0,0.0,0.0
oe:player:4515c41bfcadfcf2e3c5880242f99a2,Shredder,Colossal Gaming,LIT,EMEA,Deuxième niveau,Support,80,134,-171.0,247.0,1300.0,104.0,0.0,0.0
oe:player:01ec6c66d030c0bfe5962c7cfe26655,Scenari0,Golden Lions,LRS,Brésil & Amérique latine,Deuxième niveau,ADC,60,60,-171.0,284.0,592.0,103.5,0.0,0.0
oe:player:d12be4fd740afa31c400833bee2cba4,fabFabulous,Dark Passage,TCL,EMEA,Deuxième niveau,Top,22,22,-172.0,286.0,-815.0,92.0,0.0,0.0
oe:player:9e368cf17db2dab6f42f3aa3bb5b4cd,Loid,KT Rolster Academy,LAS,Corée,Troisième niveau,Mid,82,116,-173.0,275.0,-442.0,14.0,0.0,0.0
oe:player:389694c23c6ad4a254e6b9f6ce12536,Goldmen,Team Phantasma,HLL,EMEA,Deuxième niveau,Top,78,78,-174.0,260.0,112.0,97.0,0.0,0.0
oe:player:238bc1a8dbba35dbd93e4c7793a20a0,Gastruks,Golden Lions,LRS,Brésil & Amérique latine,Deuxième niveau,Support,26,70,-174.0,281.0,256.0,103.5,0.0,0.0
oe:player:343aa950520fb5e73412ea8621866d3,Harusary,Gen.G Scholars,LAS,Corée,Troisième niveau,ADC,67,101,-174.0,278.0,-559.0,12.0,0.0,0.0
oe:player:778c6c3733d919a3b64885912be15a9,Aegis,Team Solid,CD,Brésil & Amérique latine,Deuxième niveau,Jungle,35,71,-175.0,255.0,-1149.0,94.0,0.0,0.0
oe:player:1005223358b1eb52ef478b76920fae9,JonnyRockets,Contingent Esports,NACL,Amérique du Nord,Deuxième niveau,Top,24,24,-175.0,289.0,-337.0,86.0,0.0,0.0
oe:player:1e6aa6caa55ba645b3e8d090501ceed,Tayron,GnG Amazigh,AL,EMEA,Deuxième niveau,Top,52,79,-176.0,256.0,138.0,104.0,0.0,0.0
oe:player:3f364c4a0e11df79bcf62f295c9a4de,Rosa,Invokers,CD,Brésil & Amérique latine,Deuxième niveau,ADC,28,40,-177.0,279.0,-770.0,79.0,0.0,0.0
oe:player:a1f7f2fe1ac52d8e96df181b0a94b6b,Deceiving,3BL Esports,AL,EMEA,Deuxième niveau,Mid,37,63,-184.0,260.0,-56.0,102.0,0.0,0.0
oe:player:371ce62bbcfebc2c0ba6ad4d565777a,Scuffed,Deer Gaming,NLC,EMEA,Deuxième niveau,Mid,44,57,-185.0,265.0,-553.0,96.0,0.0,0.0
oe:player:c6445581b2cfc3646f4dc0ccf41753d,ianshaka,Volticons,LRS,Brésil & Amérique latine,Deuxième niveau,ADC,59,117,-185.0,278.0,523.0,107.0,0.0,0.0
oe:player:906c6cdbfce615131dafcbeb1bbe7e8,Blind Walker,Zeu5 Esports,LRN,Brésil & Amérique latine,Deuxième niveau,Jungle,55,78,-186.0,264.0,563.0,103.0,0.0,0.0
oe:player:2fc61bb93411ac7f0fb6c05ed978d7b,iwanan,devils.one inStreamly,RL,EMEA,Deuxième niveau,Mid,40,92,-187.0,254.0,-266.0,116.0,0.0,0.0
oe:player:dff7e10c0f223e03880b5ec07ea79f2,REAVER,WLGaming Esports,HLL,EMEA,Deuxième niveau,Support,72,166,-187.0,252.0,497.0,95.0,0.0,0.0
oe:player:4410ec34d9e6c1a68100ca0ce033fb1,Array,University of Mississippi,NACL,Amérique du Nord,Deuxième niveau,ADC,39,90,-190.0,256.0,-423.0,96.0,0.0,0.0
oe:player:eaee5a7ad7c9bc645114d51d039f2fb,Tibor,mCon esports,ROL,EMEA,Deuxième niveau,Mid,23,82,-191.0,256.0,454.0,108.0,0.0,0.0
oe:player:4e24975f772fe41fcf838ea9dbe138f,Fooneses,ROSSMANN Centaurs,PRM,EMEA,Deuxième niveau,Mid,32,34,-193.0,272.0,-1388.0,72.0,0.0,0.0
oe:player:b10bd58394ab73ced3f241c3a904899,Falleo,White Dragons,LPLOL,EMEA,Deuxième niveau,Top,57,101,-194.0,247.0,1717.0,94.0,0.0,0.0
oe:player:add08608ba906530f9a94670d12e77c,Mentos,Falke Esports,LES,EMEA,Deuxième niveau,Mid,37,81,-196.0,256.0,-871.0,118.0,0.0,0.0
oe:player:d8fe68a74f513d483f727dcb20a8f4e,Gato,3v Team,LRN,Brésil & Amérique latine,Deuxième niveau,Jungle,53,60,-197.0,271.0,506.0,104.0,0.0,0.0
oe:player:36930ee9bf5aacb8006f0b71cde323a,Challenq,3v Team,LRN,Brésil & Amérique latine,Deuxième niveau,Top,22,22,-198.0,284.0,-288.0,113.0,0.0,0.0
oe:player:a322887f1f9792197e30825f1a6571d,Addusto,Eintracht Frankfurt,PRM,EMEA,Deuxième niveau,Top,48,124,-199.0,236.0,-1907.0,76.0,0.0,0.0
oe:player:c4e4ca0da32c4177a79e06dabce7aa6,Skream,Disruptors,AL,EMEA,Deuxième niveau,ADC,83,117,-200.0,245.0,-297.0,93.0,0.0,0.0
oe:player:a2592097e38eeeec92fb042c009147d,ejsner,Barcząca Esports by Yumisu,RL,EMEA,Deuxième niveau,ADC,50,50,-202.0,266.0,-565.0,84.0,0.0,0.0
oe:player:3b8914e862fc0b2502e33b15b21b36c,bicas,DMG Esports,NLC,EMEA,Deuxième niveau,Jungle,49,75,-203.0,258.0,-476.0,119.5,0.0,0.0
oe:player:bded911bd14cf5014849c923fce2a08,Jalleba,Pyramid IV Esports,AL,EMEA,Deuxième niveau,ADC,98,124,-205.0,245.0,-323.0,88.0,0.0,0.0
oe:player:73933848061d300bbe7293d9b38a2d4,Ace,Senshi eSports,ROL,EMEA,Deuxième niveau,ADC,69,122,-206.0,243.0,551.0,94.0,0.0,0.0
oe:player:ba4c9b170092f1369593d1a49291b3c,shibi,Anonymo Esports,RL,EMEA,Deuxième niveau,Jungle,45,120,-208.0,254.0,-623.0,108.0,0.0,0.0
oe:player:4a867124044ab3fd40ddfb8676e65e7,VirusFx,SDM Tigres,LRN,Brésil & Amérique latine,Deuxième niveau,ADC,38,84,-208.0,263.0,354.0,105.0,0.0,0.0
oe:player:f6d396ec0d1bfac782d5389da59df76,Enapon,New Meta,LJL,Asie-Pacifique,Deuxième niveau,Mid,57,109,-209.0,266.0,1128.0,115.0,0.0,0.0
oe:player:5f4898a107d2948045588584562be3f,Dehaste,Team Aqua ASD,EBL,EMEA,Deuxième niveau,Mid,43,65,-209.0,263.0,615.0,119.5,0.0,0.0
oe:player:807b957f35713431f56182cb25af089,Seal,Frites Esports Club,ROL,EMEA,Deuxième niveau,Support,78,146,-209.0,248.0,565.0,89.5,0.0,0.0
oe:player:ea09d2e7087f7675916de02afc74e02,Blesia,Barcząca Esports by Yumisu,RL,EMEA,Deuxième niveau,Top,33,74,-210.0,252.0,-882.0,98.0,0.0,0.0
oe:player:d7679867be52227c4f426057ec923cd,Sunfry,Project Conquerors,NL,EMEA,Troisième niveau,Support,57,85,-212.0,263.0,-499.0,11.0,0.0,0.088
oe:player:da87886941820cfc2eee112d0143e90,Abbedagge,Kaufland Hangry Knights,PRM,EMEA,Deuxième niveau,Mid,65,94,-213.0,249.0,-1489.0,92.0,0.0,0.0
oe:player:819de774a36895823c92ce5b4c8574a,Yuki,The Secret Club,EBL,EMEA,Deuxième niveau,ADC,53,100,-213.0,257.0,804.0,105.0,0.0,0.0
oe:player:8ec0aa43c13bd012a37baf5f85ea5bf,Hub,Dorado Gaming,NACL,Amérique du Nord,Deuxième niveau,ADC,39,84,-214.0,276.0,-545.0,96.0,0.0,0.0
oe:player:9adc23fff49c05d7b22cfd79ca1841d,denyk,Nightbirds,HM,EMEA,Deuxième niveau,Support,81,167,-215.0,259.0,929.0,83.5,0.0,0.0
oe:player:c659697694306de62d978569b84c344,PatkicaA,Myth Esports,ROL,EMEA,Deuxième niveau,Top,64,127,-215.0,263.0,188.0,105.0,0.0,0.0
oe:player:c9c65d6b359377d7af5167bd0ad3a36,Blacky,RMD Gaming,CD,Brésil & Amérique latine,Deuxième niveau,Mid,40,40,-215.0,282.0,-916.0,99.0,0.0,0.0
oe:player:13eab8b40da9787760282cfd4b13ed5,SwiT,Galions Sharks,NL,EMEA,Troisième niveau,Top,35,53,-217.0,274.0,-262.0,10.0,0.0,0.022
oe:player:5918b6326dff40fe631c3cdaddc3695,Nuna,MVK Esports Academy,VCS,Asie-Pacifique,Deuxième niveau,ADC,49,75,-217.0,263.0,-449.0,105.0,0.0,0.0
oe:player:fc6003dc87eeb21cbf6f41ad2dfd4bb,Wooper,HANJIN BRION Academy,LAS,Corée,Troisième niveau,ADC,78,78,-218.0,288.0,-779.0,13.0,0.0,0.0
oe:player:8903ccb3479b4070c0870b85b8ff579,Kobs,ZYB Esport,LFL,EMEA,Deuxième niveau,Jungle,55,71,-219.0,253.0,-2081.0,112.0,0.0,0.0
oe:player:6dbb69669c784e8f5e008a1a71ff7d7,Kitano,Team High Ground,NL,EMEA,Troisième niveau,Top,20,20,-219.0,291.0,-271.0,12.0,0.0,0.0
oe:player:3d6c9ac08ada31c184094bbc67afe00,Mean,BoostGate Esports,TCL,EMEA,Deuxième niveau,ADC,27,27,-220.0,280.0,-833.0,98.0,0.0,0.0
oe:player:952219dd756f176ed8c1fb92fc61e64,qualzy,Otter Side,HM,EMEA,Deuxième niveau,Jungle,47,47,-221.0,279.0,790.0,106.0,0.0,0.0
oe:player:5ea53619e3ad29fce5f9bcb86b4625e,Elbow,DN SOOPers Academy,LAS,Corée,Troisième niveau,Mid,55,55,-221.0,283.0,-682.0,16.0,0.0,0.0
oe:player:6aaac758332a8320840ac0e5f8fc28e,FIX,9z Globant,LRS,Brésil & Amérique latine,Deuxième niveau,ADC,57,57,-222.0,287.0,335.0,109.0,0.0,0.0
oe:player:758544da193f152aa5ca5dcc833a83a,Fade,Ozarox Esports,TCL,EMEA,Deuxième niveau,Mid,40,100,-222.0,257.0,-577.0,97.0,0.0,0.0
oe:player:e8f024ec8c873c4bdd63bb63afc1cb3,Mastos,Dynasty,ROL,EMEA,Deuxième niveau,Top,20,20,-224.0,284.0,146.0,126.0,0.0,0.0
oe:player:20a8e429d58dfe01327b4e6f0a1cf05,Ariana,University of Mississippi,NACL,Amérique du Nord,Deuxième niveau,Top,53,76,-224.0,259.0,-581.0,105.0,0.0,0.0
oe:player:ab1dabd5390beb1143d6981529f00d0,Solis,ZEN Esports,VCS,Asie-Pacifique,Deuxième niveau,Top,34,34,-224.0,277.0,-783.0,110.0,0.0,0.0
oe:player:07246543c68cf361f00921dbea24efe,Marcv1,Falke Esports,LES,EMEA,Deuxième niveau,ADC,35,82,-225.0,262.0,-1139.0,99.0,0.0,0.0
oe:player:68be70e9f18cd643f618ed0c8e3086e,Virgo,1TAP Dino,VCS,Asie-Pacifique,Deuxième niveau,Top,55,55,-227.0,273.0,-798.0,115.0,0.0,0.0
oe:player:55fc5254b9bd0935b092c052da40452,Kaylem,EKO Esports,LIT,EMEA,Deuxième niveau,Top,45,86,-228.0,245.0,1220.0,124.0,0.0,0.0
oe:player:6cda5ac78f292ffeac6d2c599c007ca,aadam,Dorado Gaming,NACL,Amérique du Nord,Deuxième niveau,Mid,40,85,-228.0,276.0,-1036.0,108.0,0.0,0.0
oe:player:a1c175a614f82dc15c772d4677442b7,Taiyaki,Arneb,LJL,Asie-Pacifique,Deuxième niveau,Support,62,97,-228.0,266.0,1017.0,121.0,0.0,0.0
oe:player:606fd948f46592bf98fe45545d5f5f3,Luncafoer,The Bandits,ROL,EMEA,Deuxième niveau,Jungle,78,78,-228.0,271.0,525.0,110.0,0.0,0.0
oe:player:41391c4a6e0aed1277f6cc49d4c2dc3,Asilah,Contingent Esports,NACL,Amérique du Nord,Deuxième niveau,Mid,39,78,-230.0,263.0,-1050.0,108.0,0.0,0.0
oe:player:97dba2c2c17ddf9d63517aee126f58b,Joki37,Bulldog Esports,NLC,EMEA,Deuxième niveau,Jungle,47,72,-232.0,255.0,-617.0,90.0,0.0,0.0
oe:player:e545a8a51e56837e3d9786f988a1eee,Tenshi,Barcząca Esports by Yumisu,RL,EMEA,Deuxième niveau,Mid,38,59,-232.0,265.0,-488.0,97.0,0.0,0.0
oe:player:22a9015823529dee34486453b7d9907,Redemption,Dorado Gaming,NACL,Amérique du Nord,Deuxième niveau,Support,25,25,-233.0,285.0,-814.0,106.0,0.0,0.0
oe:player:c02e230d02c0a012babdd6ec7c5e9d2,Wuis,Crystal Rose,ROL,EMEA,Deuxième niveau,Support,40,107,-234.0,250.0,442.0,107.0,0.0,0.0
oe:player:4fadb7e6e30c736d1c3f976f89dd0c0,KSAEZ,Dark Passage,TCL,EMEA,Deuxième niveau,Mid,28,59,-235.0,266.0,-644.0,108.0,0.0,0.0
oe:player:c591a4732ac1be74c9b814cb4267568,Neo,Maze Gaming,LRS,Brésil & Amérique latine,Deuxième niveau,Jungle,44,44,-235.0,283.0,526.0,119.0,0.0,0.0
oe:player:d7f3cfa48a52dda4354774a809402b2,Nikolex,Spartans EU,HLL,EMEA,Deuxième niveau,Jungle,26,59,-235.0,258.0,-325.0,116.0,0.0,0.0
oe:player:19578d5faaa29a63cd6c7f2bd1d6c1b,dresscode,Arneb,LJL,Asie-Pacifique,Deuxième niveau,ADC,62,62,-236.0,284.0,1260.0,117.0,0.0,0.0
oe:player:cfcad7b09bed919fa42cc1dd83b6b63,Kasing,Bulldog Esports,NLC,EMEA,Deuxième niveau,Support,42,88,-237.0,253.0,-97.0,103.0,0.0,0.0
oe:player:a00d2c04ea7aa657b99ac900cd97657,Drali,Caldya Esport,NL,EMEA,Troisième niveau,Top,38,53,-238.0,280.0,-367.0,11.0,0.0,0.0
oe:player:083c7a95536bd83e8560cc428c8b681,Kurama,Otter Side,LPLOL,EMEA,Deuxième niveau,Jungle,62,70,-239.0,259.0,836.0,96.0,0.0,0.0
oe:player:3b32fe34a610a6a7e433b0741923b96,Peto,BRUTE,HM,EMEA,Deuxième niveau,Support,28,110,-241.0,268.0,803.0,110.0,0.0,0.0
oe:player:de442faff7b7cdc0fba7d6d5caff5e1,Elramir,Dream Esports,TCL,EMEA,Deuxième niveau,Jungle,32,96,-242.0,256.0,-1241.0,93.5,0.0,0.0
oe:player:18fb9695f004925012bf3ae5826b780,Stray,Citadel Gaming,NACL,Amérique du Nord,Deuxième niveau,Top,20,59,-242.0,273.0,-670.0,103.0,0.0,0.0
oe:player:27fa3759462b7a53bdec367949a1e55,Scimmia,Team High Ground,NL,EMEA,Troisième niveau,Mid,20,20,-243.0,291.0,-530.0,16.0,0.0,0.0
oe:player:5057f5406b08307b5f50e2030133a90,wanan,L Guide Gaming,LJL,Asie-Pacifique,Deuxième niveau,ADC,60,108,-243.0,268.0,1226.0,121.0,0.0,0.0
oe:player:9fdfa7e1e1e4afcd13ae191e67f60d8,Creal,Team Phoenix,TCL,EMEA,Deuxième niveau,Mid,21,21,-243.0,280.0,-685.0,112.0,0.0,0.0
oe:player:958cbc19bb15e852a32a597f8674e1c,Ze Luis,Francesinhas,LPLOL,EMEA,Deuxième niveau,Support,34,74,-246.0,256.0,-21.0,118.0,0.0,0.0
oe:player:76d9194a43bb1cdb0fff4b226738301,justcan,Magaza Esports,EBL,EMEA,Deuxième niveau,Support,27,64,-246.0,269.0,648.0,120.0,0.0,0.0
oe:player:d16b4f708412559f7a0b554edcaa95c,Death,Magaza Esports,EBL,EMEA,Deuxième niveau,Jungle,25,25,-247.0,277.0,573.0,130.0,0.0,0.0
oe:player:55e35458830cbecac40b04619bd6029,STANIK,mCon esports,ROL,EMEA,Deuxième niveau,Mid,76,158,-249.0,250.0,163.0,113.0,0.0,0.0
oe:player:82e966ac8c3088168c3c6bd74769eae,Dean,GnG Amazigh,AL,EMEA,Deuxième niveau,Jungle,65,155,-249.0,251.0,-400.0,115.0,0.0,0.0
oe:player:aaa8bc3b73bb36e8638857dd41dbeaf,Kita,Zeu5 Esports,LRN,Brésil & Amérique latine,Deuxième niveau,Support,56,71,-249.0,270.0,-141.0,101.0,0.0,0.0
oe:player:0482daf6543f102a27a265342292bb7,Lucker,Forsaken,RL,EMEA,Deuxième niveau,Support,59,104,-250.0,246.0,-458.0,96.0,0.0,0.0
oe:player:064499cc8ab359fa4293b76349969c1,Nasser,The Secret Club,EBL,EMEA,Deuxième niveau,Jungle,32,44,-251.0,272.0,555.0,106.0,0.0,0.0
oe:player:a072ed6a69c1a506c6c0eaa385ba039,Retrozing,University of Mississippi,NACL,Amérique du Nord,Deuxième niveau,Mid,26,37,-252.0,281.0,-1160.0,114.0,0.0,0.0
oe:player:f822fb08ce4a8ca4d1b9421f5a6c92c,Calcifer,Gen.G Scholars,LAS,Corée,Troisième niveau,Jungle,27,27,-253.0,296.0,-829.0,14.0,0.0,0.0
oe:player:c2a5818bdb96ce7eec3c0474f31a136,Forlin,Team Solid,CD,Brésil & Amérique latine,Deuxième niveau,Top,21,53,-253.0,262.0,-1094.0,106.0,0.0,0.0
oe:player:ea0d95b36a67755627d018140491a6b,Stookbeer,mCon esports,ROL,EMEA,Deuxième niveau,Support,41,80,-253.0,257.0,346.0,117.0,0.0,0.0
oe:player:d13a22299df0cee586407b889fc69c2,Faetski,devils.one inStreamly,RL,EMEA,Deuxième niveau,ADC,44,84,-254.0,270.0,-827.0,112.0,0.0,0.0
oe:player:6e73c72127f4931d8eb97079bc5ed34,Huron,DOCISK,RL,EMEA,Deuxième niveau,Support,24,75,-256.0,253.0,-488.0,94.0,0.0,0.0
oe:player:cbdaba5605992f8e1635ad782152d65,CPM,3BL Esports,AL,EMEA,Deuxième niveau,Top,42,90,-257.0,248.0,-264.0,105.0,0.0,0.0
oe:player:5b261df9776ed20f38369b0a38056c9,TIMR,LUA Gaming,LES,EMEA,Deuxième niveau,Support,37,109,-257.0,264.0,-1661.0,128.0,0.0,0.0
oe:player:2df5432fbfcc85dc85c33e269ebd063,Nille,Arctic Pandas,NLC,EMEA,Deuxième niveau,Top,60,123,-258.0,273.0,-573.0,94.0,0.0,0.0
oe:player:51f3aa27af393f856e9f2fc334f465e,Nobody,Malvinas Gaming,LRS,Brésil & Amérique latine,Deuxième niveau,Mid,44,47,-258.0,281.0,198.0,132.5,0.0,0.0
oe:player:cf009e2ce4392b47be19c983b6a7064,Strode,Nightbirds,HM,EMEA,Deuxième niveau,ADC,81,163,-259.0,244.0,686.0,99.0,0.0,0.0
oe:player:75de40c4dc0a77c1fd1145a4618f046,Bust,DMG Esports,NLC,EMEA,Deuxième niveau,Top,22,31,-260.0,275.0,-581.0,109.0,0.0,0.0
oe:player:35f5192d4fdd084a780d636ae812cb7,ardaffler,Bubliki,LPLOL,EMEA,Deuxième niveau,Mid,28,72,-262.0,259.0,591.0,126.0,0.0,0.0
oe:player:77853c4a71c55061b69cd9335ec2e8c,Libra,Spartans EU,HLL,EMEA,Deuxième niveau,Top,43,103,-264.0,243.0,-335.0,117.0,0.0,0.0
oe:player:6668aeb76ec30bf3ee3fd35f5f63e1a,Dimitry,Kits Esports,LRN,Brésil & Amérique latine,Deuxième niveau,Jungle,29,29,-265.0,289.0,165.0,132.0,0.0,0.0
oe:player:177a9d9be693775e2c85ec930e07ed4,Anyone,DOCISK,RL,EMEA,Deuxième niveau,ADC,43,89,-265.0,259.0,-881.0,103.0,0.0,0.0
oe:player:cf3c910f8c5f16b054b35b4a3d1141e,Birkyy,DOCISK,RL,EMEA,Deuxième niveau,Mid,43,48,-265.0,270.0,-653.0,96.0,0.0,0.0
oe:player:84e640911c6d6f172d4cf1c7cc78a67,Crecre,Golden Lions,LRS,Brésil & Amérique latine,Deuxième niveau,Support,63,81,-266.0,275.0,-203.0,115.5,0.0,0.0
oe:player:cb2b5fa08dcb47ea5d2a10f558acea6,Cape,Ozarox Esports,TCL,EMEA,Deuxième niveau,Jungle,27,31,-267.0,273.0,-1369.0,100.0,0.0,0.0
oe:player:5d19b31b19f362f152fd879942be56c,Shu Hari,Maze Gaming,LRS,Brésil & Amérique latine,Deuxième niveau,Support,52,99,-267.0,259.0,-206.0,118.0,0.0,0.0
oe:player:f0b26ab5a1eabc4e57d3c76c828ff0f,Pecia,HANJIN BRION Academy,LAS,Corée,Troisième niveau,Support,44,44,-268.0,288.0,-1193.0,16.0,0.0,0.0
oe:player:f81d0a1a3c8e52425116b11d7662253,ShizuOo,BAAM Esports,AL,EMEA,Deuxième niveau,Jungle,68,68,-269.0,259.0,-498.0,99.0,0.0,0.0
oe:player:baaaa98900585f2689f9c17a8b58d74,Danilo,The Secret Club,EBL,EMEA,Deuxième niveau,Top,53,69,-269.0,264.0,393.0,114.0,0.0,0.0
oe:player:f5cacc1f783c996318411f595272c71,Lojaz,Dorado Gaming,NACL,Amérique du Nord,Deuxième niveau,Jungle,40,81,-271.0,270.0,-1091.0,109.0,0.0,0.0
oe:player:d28fbe1014546eac54dccce436390a7,Kallesyn,Lausanne-Sport Esports,NL,EMEA,Troisième niveau,Top,20,20,-272.0,287.0,-534.0,13.0,0.0,0.0
oe:player:5364c86869641cd982e519f65c5797b,Ilyxøu,mCon esports,ROL,EMEA,Deuxième niveau,Top,63,112,-273.0,247.0,-101.0,116.0,0.0,0.0
oe:player:5085510c18a9f6c8a0e185da55a682d,Daemi,Arneb,LJL,Asie-Pacifique,Deuxième niveau,Mid,62,77,-273.0,273.0,809.0,129.0,0.0,0.0
oe:player:2caa05c21e7e142214c20319ff97d09,Kakkun,DetonatioN FocusMe,LCP,Asie-Pacifique,Ligue majeure,ADC,50,100,-273.0,262.0,-3091.0,65.0,0.0,0.0
oe:player:00f5171ac6dc80c3e5a485d90f9532a,tiphat,1TAP Dino,VCS,Asie-Pacifique,Deuxième niveau,Jungle,22,48,-274.0,268.0,-138.0,119.0,0.0,0.0
oe:player:7ae8945fffcf8e17e62c8062c18c0e1,Sobek,Anonymo Esports,RL,EMEA,Deuxième niveau,Mid,47,52,-275.0,270.0,-706.0,101.0,0.0,0.0
oe:player:4188b6c016234afc7d6ed705ff094a0,Gatovisck,paiN Gaming Academy,CD,Brésil & Amérique latine,Deuxième niveau,Support,47,53,-275.0,280.0,-1107.0,95.5,0.0,0.0
oe:player:9956831ad680b7da2fc7e9549e8a026,Tub,Contingent Esports,NACL,Amérique du Nord,Deuxième niveau,Support,26,71,-276.0,272.0,-1030.0,108.0,0.0,0.0
oe:player:739c1ceddb772fbbf222215006c963d,Cripple,The Bandits,ROL,EMEA,Deuxième niveau,Top,55,72,-276.0,255.0,-118.0,127.0,0.0,0.0
oe:player:6d416f7786dbe588eaa6ab48666588d,En,SillySilly Gaming,PCS,Asie-Pacifique,Deuxième niveau,Support,21,43,-277.0,266.0,-1348.0,107.0,0.0,0.0
oe:player:d783bdc09ad8a57e4afaf4243fd0af7,anakin,Uwinks,LJL,Asie-Pacifique,Deuxième niveau,Support,25,25,-282.0,282.0,746.0,142.0,0.0,0.0
oe:player:4843f7d8e34f8fb7572e9722140dd89,666,9Gaming Esports,VCS,Asie-Pacifique,Deuxième niveau,Jungle,21,21,-282.0,285.0,-175.0,111.0,0.0,0.0
oe:player:8b153c3b9eccb87dbb8f2a248a60ec5,Druxy,ZennIT,ROL,EMEA,Deuxième niveau,ADC,68,105,-283.0,252.0,166.0,114.0,0.0,0.0
oe:player:6920f59a94eca05b963351f7dbbae98,Vit,SN CyberCore Esports,VCS,Asie-Pacifique,Deuxième niveau,ADC,21,31,-283.0,284.0,-777.0,117.0,0.0,0.0
oe:player:d5f499b7b71268039cdb607963f5ba8,bbmuffin,The Bandits,ROL,EMEA,Deuxième niveau,Mid,83,83,-284.0,273.0,-11.0,110.0,0.0,0.0
oe:player:f6a6552a1f1bdce843abc727c9a7fba,Budino,P11 Esports,LIT,EMEA,Deuxième niveau,Mid,29,29,-285.0,280.0,958.0,129.0,0.0,0.0
oe:player:95b751706961250780ec3a0a64d14d5,Elix1r,Gamespace Mediterranean College Esports,HLL,EMEA,Deuxième niveau,Jungle,77,93,-285.0,247.0,-572.0,117.0,0.0,0.0
oe:player:02be2c707e3d044459e9b210bc90121,OWLONSKY,Disruptors,AL,EMEA,Deuxième niveau,Jungle,28,54,-285.0,269.0,-579.0,111.0,0.0,0.0
oe:player:ecb066964cc5a247c1d8e15654352a5,Strongside,Senshi eSports,ROL,EMEA,Deuxième niveau,Support,35,35,-286.0,281.0,183.0,119.0,0.0,0.0
oe:player:501007c5ed71f0153348a2352ed154f,Mihai,EKO Esports,EBL,EMEA,Deuxième niveau,ADC,51,115,-286.0,248.0,443.0,122.0,0.0,0.0
oe:player:f072b8d92693786d40dfa56ddeac73a,rre,L Guide Gaming,LJL,Asie-Pacifique,Deuxième niveau,Mid,62,110,-287.0,263.0,737.0,133.0,0.0,0.0
oe:player:272a865bcc5230fb49645433616bcdb,Cryo,NOVEX,LJL,Asie-Pacifique,Deuxième niveau,Mid,37,37,-287.0,281.0,740.0,138.0,0.0,0.0
oe:player:30f18a468db8d9e940f0818a682318b,Techoteco,CITA Kaizen,HM,EMEA,Deuxième niveau,Jungle,26,77,-287.0,260.0,457.0,97.0,0.0,0.0
oe:player:5fb3f80800243f76dd5c287515cfc08,kkero,ZennIT,ROL,EMEA,Deuxième niveau,Support,37,76,-288.0,254.0,173.0,118.0,0.0,0.0
oe:player:017e606c39947f2c19fab86c40246b3,CLEARS,Dream Esports,NLC,EMEA,Deuxième niveau,Jungle,22,22,-288.0,276.0,-898.0,123.0,0.0,0.0
oe:player:0248dc440bab60ac03cf029279deed3,Metha,Team High Ground,NL,EMEA,Troisième niveau,Support,20,20,-289.0,291.0,-885.0,15.0,0.0,0.0
oe:player:ccec8f28b82e9f05c7d53a2cd96765a,nonnein,HANJIN BRION Academy,LAS,Corée,Troisième niveau,Top,78,78,-289.0,288.0,-1257.0,15.0,0.0,0.0
oe:player:3f96b0d5494895f5e964dc16ea8f27b,Spawn,CCG Esports,NACL,Amérique du Nord,Deuxième niveau,ADC,50,58,-289.0,274.0,-920.0,106.0,0.0,0.0
oe:player:07b4119a38f1ee37083a2f941345906,Marbirius,Caldya Esport,NL,EMEA,Troisième niveau,Mid,33,97,-290.0,260.0,-766.0,19.0,0.0,0.0
oe:player:7f3e703e4323775aac9adbc31482e81,M0NK,Dynasty,ROL,EMEA,Deuxième niveau,ADC,27,27,-291.0,277.0,125.0,121.0,0.0,0.0
oe:player:997c1a0bc151774ce9d0793502c6a9a,Lokmays,JSK Esports,AL,EMEA,Deuxième niveau,Support,40,40,-291.0,275.0,-664.0,109.0,0.0,0.0
oe:player:1d3402b74b64fc74f24e05197931b4d,Elative,Uwinks,LJL,Asie-Pacifique,Deuxième niveau,Jungle,60,60,-294.0,278.0,714.0,140.0,0.0,0.0
oe:player:350a35e9fc0a91e24fb15642483e40c,Frozen,One More Esports,AL,EMEA,Deuxième niveau,Support,68,123,-296.0,243.0,-688.0,110.0,0.0,0.0
oe:player:302fc0d74b8f3631679ef97c40cabbd,rayq,Saigon Warriors,VCS,Asie-Pacifique,Deuxième niveau,Jungle,34,34,-297.0,284.0,-253.0,127.0,0.0,0.0
oe:player:33ec03adce2bef14f100376bc7770b2,Munchy,Blue Otter,NACL,Amérique du Nord,Deuxième niveau,Jungle,51,51,-299.0,276.0,-1232.0,113.0,0.0,0.0
oe:player:b146d01b1c50e07ca869c04c700b926,Chordy,Volticons,LRS,Brésil & Amérique latine,Deuxième niveau,Top,59,113,-299.0,266.0,21.0,123.0,0.0,0.0
oe:player:213b7ff3ba0e2f601dfd2f8b325fc31,CaviaVampier,The Bandits,ROL,EMEA,Deuxième niveau,ADC,72,72,-300.0,271.0,81.0,112.0,0.0,0.0
oe:player:5cd6a9269ede81b85d57e2beaaae6b0,Raysito,Zeu5 Esports,LRN,Brésil & Amérique latine,Deuxième niveau,ADC,39,39,-300.0,273.0,-104.0,133.0,0.0,0.0
oe:player:30a4cf12c7b1c9a3f69e8ff247e8ed9,Camilo,Volticons,LRS,Brésil & Amérique latine,Deuxième niveau,Support,49,71,-301.0,276.0,-375.0,124.5,0.0,0.0
oe:player:0b93c027ee7862dabb4b7742b72e7d9,TT,1TAP Dino,VCS,Asie-Pacifique,Deuxième niveau,Mid,37,79,-302.0,255.0,-1541.0,123.0,0.0,0.0
oe:player:e89d89c1f0c59607353f819ad4cc12c,Kania,Arneb,LJL,Asie-Pacifique,Deuxième niveau,Jungle,62,101,-302.0,267.0,673.0,127.0,0.0,0.0
oe:player:2762d99e836c315ab00600e1941ece9,AlluK,Docta Esports,LRS,Brésil & Amérique latine,Deuxième niveau,Jungle,51,74,-303.0,274.0,184.0,124.0,0.0,0.0
oe:player:7b7ec7c6a51611fd56338a689ac3fd2,Namsi,Nongshim RedForce Academy,LAS,Corée,Troisième niveau,Support,70,163,-304.0,265.0,-1373.0,18.0,0.0,0.0
oe:player:302460c3b5ee3c8e67720dd58b536e1,AwerpiS,TITANS,LIT,EMEA,Deuxième niveau,Support,68,106,-304.0,256.0,636.0,126.5,0.0,0.0
oe:player:2fc47d506de431ba77f2af233f558e4,Panj,Myth Esports,ROL,EMEA,Deuxième niveau,Support,53,53,-305.0,274.0,87.0,127.0,0.0,0.0
oe:player:b697f5b21cf8e179f1159ca3765121e,kubagoat,DOCISK,RL,EMEA,Deuxième niveau,Support,21,21,-305.0,276.0,-734.0,109.0,0.0,0.0
oe:player:1d27ffe103a32b689878fd668a98634,Pegaso,LUA Gaming,LES,EMEA,Deuxième niveau,Jungle,35,38,-305.0,276.0,-1226.0,95.0,0.0,0.0
oe:player:5fe6005bf6e415c950c011fb65f12b8,Deleted,Falke Esports,LES,EMEA,Deuxième niveau,Support,35,71,-305.0,263.0,-1900.0,106.0,0.0,0.0
oe:player:968cb43bee81aaf745a5e20301ec55d,Jeykup,Colossal Gaming,LIT,EMEA,Deuxième niveau,Jungle,29,86,-305.0,249.0,1188.0,125.0,0.0,0.0
oe:player:84bd988294f5dd9ae9a499abf6524a0,Raxxo,Anonymo Esports,RL,EMEA,Deuxième niveau,Support,46,93,-306.0,254.0,-737.0,116.0,0.0,0.0
oe:player:d2c3f469076bec7c92eb899661a441d,Bobsik,Falke Esports,LES,EMEA,Deuxième niveau,Top,66,119,-307.0,251.0,-1331.0,126.0,0.0,0.0
oe:player:8ee33a7b49463c941b579a317f06ba3,Sotsy,3BL Esports,AL,EMEA,Deuxième niveau,Top,32,77,-309.0,251.0,-527.0,119.0,0.0,0.0
oe:player:ae380722f9cab8ed1969201b1fcda6d,Mietek,WLGaming Esports,HLL,EMEA,Deuxième niveau,Top,56,113,-309.0,247.0,-562.0,122.0,0.0,0.0
oe:player:2197b372d97483d798d36b5be410dd4,shidolovell,Lille Esport,NL,EMEA,Troisième niveau,Jungle,21,23,-309.0,286.0,-491.0,13.0,0.0,0.0
oe:player:f0963e48d964a9dabc7bdb7867a2b05,Tebox,Team High Ground,NL,EMEA,Troisième niveau,ADC,20,20,-311.0,291.0,-795.0,14.0,0.0,0.002
oe:player:78a70c16ff5eac72f1331df4c7f244f,InoriB,Kits Esports,LRN,Brésil & Amérique latine,Deuxième niveau,ADC,29,29,-312.0,289.0,-163.0,130.0,0.0,0.0
oe:player:54f128223ee01afa0a5c6412027a8ae,DiDi,Volticons,LRS,Brésil & Amérique latine,Deuxième niveau,Mid,59,104,-313.0,269.0,-77.0,131.0,0.0,0.0
oe:player:180d2472124a39343d6471d2d72c1c2,Zaremba,3BL Esports,AL,EMEA,Deuxième niveau,Support,37,37,-313.0,277.0,-775.0,124.0,0.0,0.0
oe:player:ce263fe22a2827b4da94165c991271e,Trila,Ethereal Enigmas,HC,EMEA,Troisième niveau,Jungle,28,109,-313.0,272.0,2331.0,14.0,0.0,0.0
oe:player:c122119764a5b11a762eceffb2da2eb,Joexy,Dark Passage,TCL,EMEA,Deuxième niveau,Support,29,60,-314.0,257.0,-972.0,119.5,0.0,0.0
oe:player:32021f59c40539f27ff6300bb840ca2,Kaii,LUA Gaming,LES,EMEA,Deuxième niveau,ADC,35,53,-315.0,263.0,-1589.0,87.0,0.0,0.0
oe:player:66d040632ba3e1ae771ddced2f6e050,Esko,eSuba,HM,EMEA,Deuxième niveau,ADC,64,115,-316.0,254.0,402.0,118.0,0.0,0.0
name:EPG specter,EPG specter,Eunpyeong Meditech High School,LAS,Corée,Troisième niveau,Jungle,25,25,-317.0,297.0,-1148.0,16.0,0.0,0.0
oe:player:d202f9189eaf0e139228adbc77660f9,ScienTrist,mCon esports,ROL,EMEA,Deuxième niveau,Support,23,49,-317.0,264.0,25.0,124.0,0.0,0.0
oe:player:75807d72812187f72c5892bf7ab25a9,Bisgaard,Colossal Gaming,LIT,EMEA,Deuxième niveau,Mid,25,64,-318.0,261.0,797.0,118.0,0.0,0.0
oe:player:a2343d04ce4dafae3aa458b006ec880,Fallen,Ancient Ones,NL,EMEA,Troisième niveau,Jungle,35,86,-320.0,256.0,-546.0,12.5,0.0,0.005
oe:player:0d5f43b567e648d9cd05192bdb0dd36,Colomblbl,Once Upon A Team,ROL,EMEA,Deuxième niveau,Support,26,57,-321.0,271.0,6.0,121.0,0.0,0.0
oe:player:18959f6c18df0bbbd4cc5560acf07ae,Umi,MVK Esports Academy,VCS,Asie-Pacifique,Deuxième niveau,Jungle,21,21,-322.0,282.0,-377.0,116.0,0.0,0.0
oe:player:282a82702dfe9e5d21a45e7753cb925,Jamie,ZennIT,ROL,EMEA,Deuxième niveau,ADC,43,86,-323.0,263.0,-34.0,122.0,0.0,0.0
oe:player:a8e26f0750651e61584c8fd99328752,Hieu3,1TAP Dino,VCS,Asie-Pacifique,Deuxième niveau,Support,21,21,-323.0,288.0,-1434.0,123.0,0.0,0.0
oe:player:6f0b9ee3ec1a59b7a6328d28ef7ba70,Mirae,Gen.G Scholars,LAS,Corée,Troisième niveau,Support,27,27,-323.0,296.0,-1470.0,17.0,0.0,0.0
oe:player:baf069ea8ce565674e2bff0c0f0a069,Vox,VARREL YOUTH,LJL,Asie-Pacifique,Deuxième niveau,ADC,25,25,-324.0,287.0,822.0,142.0,0.0,0.0
oe:player:961f5d5c45b85110407c3cd304a23c4,JustFocus,L Guide Gaming,LJL,Asie-Pacifique,Deuxième niveau,Support,60,68,-324.0,274.0,536.0,133.5,0.0,0.0
oe:player:d21fd702ca38e5b427eb3296236492c,Gecko,RAYN Clocks,LJL,Asie-Pacifique,Deuxième niveau,Top,52,52,-327.0,283.0,723.0,139.0,0.0,0.0
oe:player:11aefb66454791d4b36106af3fc2214,Ivama,UB Alma Mater,LES,EMEA,Deuxième niveau,Jungle,34,66,-327.0,265.0,-1337.0,118.5,0.0,0.0
oe:player:3632f7faea4f2308800dc03eaeb2179,Juggernaut,GnG Amazigh,AL,EMEA,Deuxième niveau,Mid,63,63,-330.0,272.0,-787.0,113.0,0.0,0.0
oe:player:5873b1fb84fee6da2afd5f1ec75d917,Dream,Galions Sharks,NL,EMEA,Troisième niveau,ADC,35,45,-331.0,278.0,-895.0,12.5,0.0,0.018
oe:player:9e62bdec0ac374c10c46b52884d4f37,MaiYuk,mCon esports,ROL,EMEA,Deuxième niveau,Top,40,106,-331.0,257.0,-391.0,125.0,0.0,0.0
oe:player:42cddcfc85b8bcd6c8a9267dd139919,Lostboy,Crusaders,LPLOL,EMEA,Deuxième niveau,Support,21,28,-332.0,277.0,-448.0,155.0,0.0,0.0
oe:player:8917b27b716e6d20fabcba362f6902d,nvillada,Malvinas Gaming,LRS,Brésil & Amérique latine,Deuxième niveau,Top,27,55,-332.0,277.0,-142.0,124.0,0.0,0.0
oe:player:b6d3661d0e5b3a8a54971329bdaed35,Peaker,One More Esports,AL,EMEA,Deuxième niveau,Mid,30,42,-333.0,268.0,-797.0,123.0,0.0,0.0
oe:player:e65943964d6d1f696459047c5e6c203,Sundax,Volda E-Sport,NLC,EMEA,Deuxième niveau,Support,23,23,-334.0,279.0,-582.0,129.0,0.0,0.0
oe:player:fda70732b859899fa7572b8ebb41196,Saifer,Docta Esports,LRS,Brésil & Amérique latine,Deuxième niveau,Mid,50,84,-335.0,266.0,-186.0,133.0,0.0,0.0
oe:player:1006fe0477eca3e51c987cb5bd38d87,Tuercas,NCG Esports,LRN,Brésil & Amérique latine,Deuxième niveau,Top,25,41,-336.0,272.0,-979.0,132.0,0.0,0.0
oe:player:1a740a591a50ad4ba881e6b4a4d2446,MathisV,Dynasty,ROL,EMEA,Deuxième niveau,Mid,50,92,-337.0,264.0,-278.0,117.0,0.0,0.0
oe:player:00af26d8a3028b3d64dc06583e1df48,Hankat,Myth Esports,ROL,EMEA,Deuxième niveau,Jungle,29,29,-337.0,274.0,-17.0,126.0,0.0,0.0
oe:player:da36959ed5edd7389819a672677f710,Albi,Meavedron,HM,EMEA,Deuxième niveau,Jungle,44,44,-338.0,272.0,202.0,132.0,0.0,0.0
oe:player:fdbd0ead2448975763fe74d28266bda,FredSpaghet,Sørby eSport,NLC,EMEA,Deuxième niveau,Support,29,29,-339.0,280.0,-606.0,122.0,0.0,0.0
oe:player:a432f575f5e48d11f32acbfef40e7f8,Mansterninja,Lundqvist Lightside,NLC,EMEA,Deuxième niveau,Top,26,30,-339.0,274.0,-980.0,122.0,0.0,0.0
oe:player:7671e31fd945378972f6247eb70038f,fantomisto,Esprit Shōnen,RL,EMEA,Deuxième niveau,Mid,50,89,-340.0,257.0,-1032.0,125.0,0.0,0.0
oe:player:5b61143045d553ac4543ddc2f705465,rym,Once Upon A Team,ROL,EMEA,Deuxième niveau,Mid,20,50,-342.0,272.0,-303.0,128.0,0.0,0.0
oe:player:fb56053edc40acea3b41be6066c162b,MINO,Kiwoom DRX Academy,LAS,Corée,Troisième niveau,Mid,27,27,-342.0,298.0,-1287.0,20.0,0.0,0.0
oe:player:38612aa323949eb6b060b0188592e84,Okyu,1TAP Dino,VCS,Asie-Pacifique,Deuxième niveau,ADC,21,21,-344.0,288.0,-1081.0,127.0,0.0,0.0
oe:player:cefb78f4cb1e9cca79eefc393d98e72,Brayaron,Golden Lions,LRS,Brésil & Amérique latine,Deuxième niveau,Top,56,57,-344.0,284.0,-201.0,131.0,0.0,0.0
oe:player:cab8dce409a60ef6ae3ee40213127ec,NtNt,SN CyberCore Esports,VCS,Asie-Pacifique,Deuxième niveau,Jungle,32,42,-344.0,277.0,-484.0,129.0,0.0,0.0
oe:player:5d7aedf67b431c487ddab78c59dbd96,Precede,Gen.G Scholars,LAS,Corée,Troisième niveau,ADC,76,76,-344.0,275.0,-1412.0,16.0,0.0,0.0
oe:player:1b291df3d882e7cd293c4eed13f19cd,Iybc9o2q,Kits Esports,LRN,Brésil & Amérique latine,Deuxième niveau,Mid,29,29,-346.0,289.0,-409.0,142.0,0.0,0.0
oe:player:e59a033ea6cd5e1bdc56397fbe2896b,Aikawa,7REX,CD,Brésil & Amérique latine,Deuxième niveau,ADC,21,45,-347.0,269.0,-1619.0,119.0,0.0,0.0
oe:player:36f7371a9b9bcaf404d11ad9fd346b2,Azuka,Colossal Gaming,LIT,EMEA,Deuxième niveau,Mid,20,38,-347.0,273.0,647.0,154.0,0.0,0.0
oe:player:d2d4975b4d0bd62e7aa907af8ffdf15,Adyyy,eSuba,HM,EMEA,Deuxième niveau,Mid,46,84,-349.0,271.0,570.0,148.0,0.0,0.0
oe:player:2bda99597da06a11feafd8760b68aec,NPC,MVK Esports Academy,VCS,Asie-Pacifique,Deuxième niveau,Jungle,29,33,-349.0,276.0,-510.0,128.0,0.0,0.0
oe:player:fb86cfcac62bd8baa0902e71c3d5972,Warangelus,The New Kings,LRS,Brésil & Amérique latine,Deuxième niveau,ADC,21,59,-349.0,270.0,-296.0,137.0,0.0,0.0
oe:player:93ea6597c3cbd06e93a46b9f5368732,Amelia,Nongshim RedForce Academy,LAS,Corée,Troisième niveau,Top,48,48,-350.0,293.0,-1565.0,16.0,0.0,0.0
oe:player:c269d420afb5c2ba49c3dd55a4a8e1a,Degla,One More Esports,AL,EMEA,Deuxième niveau,Support,23,23,-351.0,279.0,-962.0,125.0,0.0,0.0
oe:player:723ad874e88079517427b26230292b7,Blueboar,One More Esports,AL,EMEA,Deuxième niveau,Jungle,38,61,-351.0,258.0,-908.0,127.0,0.0,0.0
oe:player:080079ade773c7f23f7a15d3bc04b6f,Skaterot,Only The Family,EBL,EMEA,Deuxième niveau,Mid,24,24,-352.0,285.0,-99.0,146.0,0.0,0.0
oe:player:048cf949b7266e1f2b0ae430c313c8f,Sidav,Senshi eSports,ROL,EMEA,Deuxième niveau,ADC,31,52,-354.0,262.0,-188.0,118.0,0.0,0.0
oe:player:97e737335eeb7b84909a07bc9e96eed,Baca,Otter Side,LPLOL,EMEA,Deuxième niveau,Mid,49,78,-356.0,254.0,124.0,98.5,0.0,0.0
oe:player:42e87e994efaf7442092a3646d74c83,BayMaxxx,9Gaming Esports,VCS,Asie-Pacifique,Deuxième niveau,Mid,24,24,-356.0,285.0,-1812.0,129.0,0.0,0.0
name:EPG Mikael,EPG Mikael,Eunpyeong Meditech High School,LAS,Corée,Troisième niveau,Support,25,25,-356.0,297.0,-1633.0,20.0,0.0,0.0
oe:player:d0f1bda8c77037b1f96242f46f97637,SkaR,Colossal Gaming,LIT,EMEA,Deuxième niveau,Top,65,65,-358.0,261.0,567.0,122.5,0.0,0.0
oe:player:d99f768dd2fe7232274d47de3785756,Silva2,Pyramid IV Esports,AL,EMEA,Deuxième niveau,Jungle,45,45,-359.0,267.0,-947.0,124.0,0.0,0.0
oe:player:fa917cc2aeb0b9df6c7ca3105690f4a,NaiNa,L Guide Gaming,LJL,Asie-Pacifique,Deuxième niveau,ADC,27,49,-360.0,274.0,641.0,134.0,0.0,0.0
oe:player:466ce26370ebf51e9899522b7ebeea7,Bazz,Apex Mission Impossible,NACL,Amérique du Nord,Deuxième niveau,ADC,22,59,-361.0,275.0,-1281.0,126.0,0.0,0.0
oe:player:1da4c5a061dbff6d34c1b4d2baa2f97,Martote,Volticons,LRS,Brésil & Amérique latine,Deuxième niveau,Jungle,59,75,-361.0,277.0,-105.0,136.0,0.0,0.0
oe:player:cad3acc5548fc9dbf4a02e6d6eb6e6b,FSZ,Magaza Esports,EBL,EMEA,Deuxième niveau,Mid,57,108,-362.0,259.0,-149.0,124.0,0.0,0.0
oe:player:94eacccfb7c67bf3618f855e796012f,Felkros,3v Team,LRN,Brésil & Amérique latine,Deuxième niveau,Support,44,44,-364.0,273.0,-714.0,142.0,0.0,0.0
oe:player:b818e01e6e52c2466af9993515af08a,Madblade,SDM Tigres,LRN,Brésil & Amérique latine,Deuxième niveau,Support,26,26,-364.0,287.0,-714.0,136.0,0.0,0.0
oe:player:5f1fa8a478e38410780e672d5c85da6,Lagolinas,Lenovo Legion Honvéd,EBL,EMEA,Deuxième niveau,Mid,41,71,-364.0,274.0,-159.0,139.5,0.0,0.0
oe:player:929023b5930e9998a1f853fd00f6d82,Numandiel,Senshi eSports,ROL,EMEA,Deuxième niveau,Mid,20,20,-366.0,284.0,-423.0,140.0,0.0,0.0
oe:player:f8d281881c090916bb5d1998436b9a7,Sukru,Dream Esports,NL,EMEA,Troisième niveau,Top,43,43,-367.0,274.0,-1009.0,15.0,0.0,0.0
oe:player:28d24f9c86d24b84313485a5a07d238,Tochas,Dream Esports,LPLOL,EMEA,Deuxième niveau,Support,44,82,-369.0,253.0,-637.0,142.0,0.0,0.0
oe:player:c8c012313f10e2d0830f3fbc5afca61,Midnight,UB Alma Mater,LES,EMEA,Deuxième niveau,Mid,33,89,-372.0,253.0,-1755.0,119.0,0.0,0.0
oe:player:b50c8d6047685ab14db52fcd58f59d6,Lelouch,GnG Amazigh,AL,EMEA,Deuxième niveau,ADC,47,69,-372.0,255.0,-1158.0,121.0,0.0,0.0
oe:player:94e89ff5329f8f9c156878401e3299a,Amel,L Guide Gaming,LJL,Asie-Pacifique,Deuxième niveau,Jungle,27,27,-374.0,288.0,311.0,146.0,0.0,0.0
oe:player:18d0dd011c2c5314df4b22d0a90db70,Hitsu,Maze Gaming,LRS,Brésil & Amérique latine,Deuxième niveau,Mid,44,66,-375.0,276.0,-385.0,147.0,0.0,0.0
oe:player:c0d46cb2c3bf0473ce98bbb3351753d,Chakroun,Disruptors,AL,EMEA,Deuxième niveau,Top,25,25,-375.0,283.0,-856.0,128.0,0.0,0.0
oe:player:33bf44e514be6f41d30b041c0afcd4a,Fortu,Malvinas Gaming,LRS,Brésil & Amérique latine,Deuxième niveau,Support,46,57,-378.0,275.0,-760.0,145.0,0.0,0.0
oe:player:e3c08b84f975a0470c79751c60ce6ba,Koresh,Onion Team,HM,EMEA,Deuxième niveau,Support,26,26,-379.0,280.0,109.0,141.0,0.0,0.0
oe:player:4d30fb6db6e53cf5bdd9e9d33297fa6,Reedfoo,Ethereal Enigmas,HC,EMEA,Troisième niveau,ADC,28,31,-379.0,287.0,1994.0,19.0,0.0,0.0
oe:player:3b0f577c21959b7efc0086ab81b76d7,Yen,Esprit Shōnen,LFL,EMEA,Deuxième niveau,ADC,29,74,-380.0,259.0,-2868.0,137.0,0.0,0.0
oe:player:f8d698aea36fcbead2b9d5359ffca76,Smarty,Otter Side,LPLOL,EMEA,Deuxième niveau,Support,51,96,-382.0,254.0,-699.0,142.0,0.0,0.0
oe:player:f5002ae2d18fb61f94b1a977887043e,Soul,DMG Esports,NLC,EMEA,Deuxième niveau,Support,38,52,-382.0,262.0,-826.0,127.0,0.0,0.0
oe:player:dab9d868efc0d19f7f347ba16c372bc,Karaage,L Guide Gaming,LJL,Asie-Pacifique,Deuxième niveau,Mid,42,66,-383.0,257.0,258.0,149.0,0.0,0.0
oe:player:ba39ff6bed06e728012022e55a9aadd,Imagine,L Guide Gaming,LJL,Asie-Pacifique,Deuxième niveau,Jungle,60,60,-383.0,280.0,266.0,135.0,0.0,0.0
oe:player:a0768d89dec26206b95179ad9a1c08d,NOMA,Francesinhas,LPLOL,EMEA,Deuxième niveau,Mid,24,49,-384.0,271.0,-16.0,156.0,0.0,0.0
oe:player:9d04b6572e137eb28b2c444c1c7d3fa,Fede,Myth Esports,ROL,EMEA,Deuxième niveau,ADC,23,78,-384.0,261.0,-341.0,125.0,0.0,0.0
oe:player:9a1f2e4a0d095a84b4bad7b57af5d15,Lagas,Spartans EU,HLL,EMEA,Deuxième niveau,Support,31,31,-384.0,279.0,-491.0,140.0,0.0,0.0
oe:player:3ecce3085c6886d516d2b8659880394,Robertoos,Barcząca Esports by Yumisu,RL,EMEA,Deuxième niveau,Support,26,44,-384.0,264.0,-1130.0,118.0,0.0,0.0
oe:player:923377644a95264f86d2d5e4d266346,Marco,EXILE esports,HM,EMEA,Deuxième niveau,Support,37,118,-385.0,260.0,80.0,146.0,0.0,0.0
oe:player:711afb14816f67c6a911d153a24d568,Kreative,NOVEX,LJL,Asie-Pacifique,Deuxième niveau,Jungle,27,71,-385.0,264.0,258.0,140.5,0.0,0.0
oe:player:cf172b93505b047dc3ad8e8462dc13d,TheGreatGary,Otter Side,LPLOL,EMEA,Deuxième niveau,Top,57,81,-385.0,257.0,765.0,140.5,0.0,0.0
oe:player:8a0883855988aadb0c22117c2c96da7,Infinity,Team High Ground,NL,EMEA,Troisième niveau,Jungle,20,38,-385.0,275.0,-871.0,15.0,0.0,0.002
oe:player:78f92ce02bc6945418c2adf099ea8d3,FullClear,DOCISK,RL,EMEA,Deuxième niveau,Jungle,28,28,-387.0,277.0,-1516.0,126.0,0.0,0.0
oe:player:6fc501f33e5e8e5b4d9ef969e0fab20,Kakarot,SU Esports,NLC,EMEA,Deuxième niveau,ADC,35,43,-388.0,266.0,-889.0,121.0,0.0,0.0
oe:player:0d7c1887f1bc9cfeffde4e06b426dbb,Pasu,ROSSMANN Centaurs,PRM,EMEA,Deuxième niveau,Jungle,25,27,-388.0,280.0,-2522.0,109.0,0.0,0.0
oe:player:fbbdc14045f1d9b78dd8fd4ca50306d,Piqueos,Golden Lions,LRS,Brésil & Amérique latine,Deuxième niveau,Mid,64,64,-388.0,285.0,-449.0,137.0,0.0,0.0
oe:player:784c615bc4ca91029377523e15b8c82,YellowYoshi,Rising Gaming,LJL,Asie-Pacifique,Deuxième niveau,Top,56,56,-390.0,285.0,405.0,137.0,0.0,0.0
oe:player:53c6bd00b195f04f9401564ed4c5f8b,Clicker,Falke Esports,LES,EMEA,Deuxième niveau,Jungle,35,35,-391.0,278.0,-1658.0,125.0,0.0,0.0
oe:player:3ccc1bf70bf1cb077119d7477ac3b87,jmz,RED Academy,CD,Brésil & Amérique latine,Deuxième niveau,Top,34,58,-391.0,265.0,-1787.0,127.0,0.0,0.0
oe:player:82416dfeed801e2846a7c12a3649ab3,behave,CITA Kaizen,HM,EMEA,Deuxième niveau,Jungle,38,72,-392.0,258.0,-69.0,135.5,0.0,0.0
oe:player:8ab502bbb3e12f2c4b01463455c6577,MegaJ,Lupus Esports,EBL,EMEA,Deuxième niveau,Top,20,47,-393.0,270.0,-229.0,141.0,0.0,0.0
oe:player:996a6f7b84dac5ef2f92cee17f6be2d,Oguzkhan,mCon esports,ROL,EMEA,Deuxième niveau,Jungle,28,49,-397.0,268.0,-320.0,131.0,0.0,0.0
oe:player:ad4078ec30bbf8a929fe14a1e5839cf,Aledice,Epitomy Esports,LIT,EMEA,Deuxième niveau,Support,21,21,-399.0,285.0,159.0,153.0,0.0,0.0
oe:player:b665b9fa5f821ff73a873d0cecb0682,D4SH,Capybara Esports,LPLOL,EMEA,Deuxième niveau,Jungle,38,72,-399.0,253.0,35.0,142.0,0.0,0.0
oe:player:881b9cbf6567a84a259bec4e55f034e,tomomaso,CITA Kaizen,HM,EMEA,Deuxième niveau,Top,34,65,-400.0,267.0,524.0,133.0,0.0,0.0
oe:player:bf4680a824168dbc1b4e9e038b6ccc9,Rharesh,GMBLERS Esports,LIT,EMEA,Deuxième niveau,ADC,71,71,-401.0,270.0,584.0,140.0,0.0,0.0
oe:player:d6f01ce14e8a580fcf94ae556736fd8,Sangrod,Shark Attack,TCL,EMEA,Deuxième niveau,Top,22,31,-401.0,269.0,-1960.0,132.0,0.0,0.0
oe:player:c11a22bb557caefe8a0f3535dbf6d20,HRK,New Meta,LJL,Asie-Pacifique,Deuxième niveau,Jungle,62,62,-402.0,260.0,171.0,144.0,0.0,0.0
oe:player:c032df73970ffb2f2b585d912f6b20d,Neramin,BoostGate Esports,TCL,EMEA,Deuxième niveau,ADC,34,84,-403.0,258.0,-1747.0,132.0,0.0,0.0
oe:player:291383d3f3f2105475b23394473ad3f,MadsF,Sørby eSport,NLC,EMEA,Deuxième niveau,ADC,31,31,-403.0,278.0,-962.0,131.0,0.0,0.0
oe:player:64033bd33ba83b6fe329f433576a539,Inzuh,Crystal Rose,LPLOL,EMEA,Deuxième niveau,Mid,25,69,-406.0,259.0,-125.0,139.5,0.0,0.0
oe:player:feb29d48f9133d43a2a5faad1d92253,Pinnnk,Inferno Drive Tokyo,LJL,Asie-Pacifique,Deuxième niveau,Top,40,40,-406.0,284.0,327.0,140.0,0.0,0.0
oe:player:8f41a11e71632780d1b132b388ef2a5,PiskHello,Colossal Gaming,LIT,EMEA,Deuxième niveau,ADC,41,61,-406.0,267.0,557.0,141.0,0.0,0.0
oe:player:3942bf152929c478f159471dd4002af,DeadlyMark,SDM Tigres,LRN,Brésil & Amérique latine,Deuxième niveau,Mid,35,35,-409.0,276.0,-722.0,165.0,0.0,0.0
oe:player:c2dd4ae1efb63bfc5d5f93c31618c08,belit,Deer Gaming,NLC,EMEA,Deuxième niveau,Jungle,46,95,-410.0,251.0,-1508.0,120.0,0.0,0.0
oe:player:be0649c16bc160010f7af7aba55d272,Robenong,One More Esports,AL,EMEA,Deuxième niveau,Mid,44,54,-411.0,265.0,-1192.0,133.5,0.0,0.0
oe:player:cb319d6884fb0e1aa1fc626afea611d,Aliplane,mCon esports,ROL,EMEA,Deuxième niveau,ADC,23,23,-412.0,282.0,-481.0,134.0,0.0,0.0
oe:player:a2c028ef7610fc11196737c4bf6f83a,Nerion,Kiwoom DRX Academy,LAS,Corée,Troisième niveau,Jungle,80,173,-412.0,265.0,-1626.0,19.0,0.0,0.0
oe:player:ded84ce8443d8de05174cd9b702c4e6,uden,Deer Gaming,NLC,EMEA,Deuxième niveau,Support,26,47,-413.0,264.0,-980.0,131.0,0.0,0.0
oe:player:446ab8975b0d404881263d03beae83a,chico,RAYN Clocks,LJL,Asie-Pacifique,Deuxième niveau,Support,52,91,-413.0,260.0,95.0,151.5,0.0,0.0
oe:player:ceb93a60bf858bbd48c6641d26f1131,Gimi,Uwinks,LJL,Asie-Pacifique,Deuxième niveau,ADC,60,60,-413.0,278.0,376.0,139.0,0.0,0.0
oe:player:7c2d9b5020f9cc6b4a63441df3efb27,Alvanai,Hyperion (Portuguese Team),LIT,EMEA,Deuxième niveau,Mid,38,69,-413.0,253.0,319.0,144.5,0.0,0.0
oe:player:a4789b372c90f205df8abe782ea8c51,Jimsnop,The ParadOx Invaders,HLL,EMEA,Deuxième niveau,Mid,47,59,-414.0,257.0,-902.0,139.0,0.0,0.0
oe:player:4d9b74d94630ed0bb5541053a2f1e8a,Tobe,HANJIN BRION Academy,LAS,Corée,Troisième niveau,Mid,30,30,-414.0,287.0,-1647.0,21.0,0.0,0.0
oe:player:35553757da09299fe5bf3576c641b10,Virgo,Zerolag Esports,HLL,EMEA,Deuxième niveau,Support,35,35,-414.0,273.0,-638.0,138.0,0.0,0.0
oe:player:dd335f498ed05ba3881a0fbbaf77769,Ronaldo,Bulldog Esports,NLC,EMEA,Deuxième niveau,Mid,48,76,-415.0,251.0,-1702.0,140.0,0.0,0.0
oe:player:540248913959f74ac98ee84ff5c1dcd,Alps,New Meta,LJL,Asie-Pacifique,Deuxième niveau,Mid,39,39,-416.0,273.0,92.0,159.0,0.0,0.0
oe:player:d5d5248541fb38b9aa2b187a34f1e32,vladichich,RLX Esports,EBL,EMEA,Deuxième niveau,ADC,44,44,-417.0,268.0,-215.0,139.0,0.0,0.0
oe:player:bc596913aa23926993c8114c5179c99,Baumeef,Once Upon A Team,ROL,EMEA,Deuxième niveau,Jungle,35,112,-418.0,257.0,-422.0,154.0,0.0,0.0
oe:player:48b88375b88ea3c0d85739b5ae8cc3e,Mita,eSuba,HM,EMEA,Deuxième niveau,Support,80,104,-419.0,256.0,-89.0,124.0,0.0,0.0
oe:player:a69b6dcbd29cc775147bfbb79650b7b,Cor,3v Team,LRN,Brésil & Amérique latine,Deuxième niveau,Mid,40,40,-419.0,274.0,-777.0,150.0,0.0,0.0
oe:player:ca8ad4099675f6ce245e92ba14445d2,Ratth,3v Team,LRN,Brésil & Amérique latine,Deuxième niveau,ADC,23,23,-420.0,283.0,-702.0,146.0,0.0,0.0
oe:player:b8c73532f4d33529a8da6a674b48eb3,Lukyss,EXILE esports,HM,EMEA,Deuxième niveau,Mid,44,79,-420.0,261.0,215.0,153.0,0.0,0.0
oe:player:1ce5e1b7bc0fb25b47e19a855892240,Darkeszy,eSuba,HM,EMEA,Deuxième niveau,Top,64,121,-421.0,263.0,422.0,147.0,0.0,0.0
oe:player:d3bc65e5e987b942fba2400b4649f71,Viciun,Maze Gaming,LRS,Brésil & Amérique latine,Deuxième niveau,ADC,30,52,-421.0,281.0,-659.0,141.0,0.0,0.0
oe:player:76cd37a6bb754bf0970a0c7c0efca9d,Vlaren,eSuba,HM,EMEA,Deuxième niveau,Support,40,83,-423.0,253.0,-107.0,135.0,0.0,0.0
oe:player:d6c9dca3f08684e88fd8a667bcfd30f,Endless,Lenovo Legion Honvéd,EBL,EMEA,Deuxième niveau,ADC,41,68,-423.0,273.0,-242.0,135.0,0.0,0.0
oe:player:25546fe55464aef59d6f46b52f22bcb,Ophelia,CITA Kaizen,HM,EMEA,Deuxième niveau,Mid,32,46,-427.0,272.0,180.0,142.0,0.0,0.0
oe:player:26f0b449bc3f903e6c7ea41c98473a6,Soufiane,GD Esports,AL,EMEA,Deuxième niveau,Mid,36,36,-427.0,277.0,-1272.0,138.0,0.0,0.0
oe:player:e856a4c24d5611c7f42c5acaefcf841,lobellan,TITANS,LIT,EMEA,Deuxième niveau,Top,40,56,-429.0,260.0,210.0,141.0,0.0,0.0
oe:player:b3e36c548cb8ee25971ae534ed15a6d,Sharon,Colossal Gaming,LIT,EMEA,Deuxième niveau,Mid,36,36,-430.0,269.0,235.0,159.0,0.0,0.0
oe:player:0fc8ccd22b98f8e767d7e2573cf40ec,zhìì,Myth Esports,ROL,EMEA,Deuxième niveau,Mid,21,21,-431.0,285.0,-748.0,150.0,0.0,0.0
oe:player:7b5ade6eb456e88434ec9d90eb1ec43,White,Nongshim RedForce Academy,LAS,Corée,Troisième niveau,ADC,48,48,-431.0,293.0,-1846.0,16.0,0.0,0.0
oe:player:034f451964aa80cb78180265e4ebd01,Renewal,Only The Family,EBL,EMEA,Deuxième niveau,Jungle,57,64,-434.0,259.0,-362.0,151.0,0.0,0.0
oe:player:e997cb3ac9a1be266d27e6417a5a375,GaraXy,The ParadOx Invaders,HLL,EMEA,Deuxième niveau,Support,27,34,-436.0,271.0,-749.0,152.0,0.0,0.0
oe:player:abf9ed08a64e8b23d275d1e9403f951,Ambush,ALMO Players,HLL,EMEA,Deuxième niveau,Jungle,22,22,-436.0,281.0,-1329.0,152.0,0.0,0.0
oe:player:bf3a9a76cc8f415a2d805f7b7a7fc3b,Space,Once Upon A Team,ROL,EMEA,Deuxième niveau,ADC,24,59,-437.0,264.0,-604.0,133.0,0.0,0.0
oe:player:69767ef463c93a67989ae0a47642dee,mirza,Mighty Eagles,EBL,EMEA,Deuxième niveau,ADC,24,24,-438.0,279.0,-318.0,155.0,0.0,0.0
oe:player:8eb5f495bb741234779116e4dc12d54,Dovendyr,Lund Esports Organization,NLC,EMEA,Deuxième niveau,Support,43,55,-439.0,271.0,-1107.0,149.0,0.0,0.0
name:EPG DREN,EPG DREN,Eunpyeong Meditech High School,LAS,Corée,Troisième niveau,Mid,25,25,-443.0,297.0,-1794.0,22.0,0.0,0.0
oe:player:290980a65afac4fc497b70359bddb47,Easylove,1TAP Dino,VCS,Asie-Pacifique,Deuxième niveau,ADC,28,29,-444.0,285.0,-1582.0,143.0,0.0,0.0
oe:player:fd232826ff3976840e994bb85a3bd46,Domoles,Onion Team,HM,EMEA,Deuxième niveau,Mid,46,60,-444.0,264.0,96.0,145.0,0.0,0.0
oe:player:ccbcbffe165919f40f2833fbe5c8148,OrthoZero,Zena Esports,LIT,EMEA,Deuxième niveau,Support,44,64,-444.0,267.0,-66.0,151.0,0.0,0.0
oe:player:74c2229f2f60bde0cc80ed168409176,Gniotek,UP2UMEDIA Cebulaki,RL,EMEA,Deuxième niveau,Support,59,59,-444.0,270.0,-1429.0,155.0,0.0,0.0
oe:player:889210a0a50891e0f3b5ee705cc123e,adrianlaneitor,UB Alma Mater,LES,EMEA,Deuxième niveau,ADC,34,34,-445.0,277.0,-2236.0,127.0,0.0,0.0
oe:player:090cbaf26ff06da27b46f1dc5175170,Ketrab,Meavedron,HM,EMEA,Deuxième niveau,Mid,26,26,-447.0,285.0,81.0,150.0,0.0,0.0
oe:player:f0398f453f263a934f028e1a904b1e7,Houndin,Team Solid,CD,Brésil & Amérique latine,Deuxième niveau,Support,24,24,-448.0,284.0,-1974.0,140.0,0.0,0.0
oe:player:52844ad5d93fe063f64e3d71938c0a6,nika,Meavedron,HM,EMEA,Deuxième niveau,ADC,26,26,-448.0,285.0,-263.0,138.0,0.0,0.0
oe:player:5c02d5ceffe250abf9fffd3837504a2,Pasameelcelo,UB Alma Mater,LES,EMEA,Deuxième niveau,Top,27,27,-449.0,280.0,-2043.0,123.0,0.0,0.0
oe:player:a379da49fd9a66a09a278d851f8cda3,arbrio,Contingent Esports,NACL,Amérique du Nord,Deuxième niveau,Top,26,26,-451.0,285.0,-1716.0,138.0,0.0,0.0
oe:player:bd188f613b57de66e9a4df5a6867d0c,Twendddy,Zephyr Esport,ROL,EMEA,Deuxième niveau,Top,23,26,-451.0,277.0,-989.0,150.0,0.0,0.0
oe:player:ff1a0fb5ef8541241bf4361b799c931,Improver,BAAM Esports,AL,EMEA,Deuxième niveau,Mid,58,102,-453.0,244.0,-1400.0,137.0,0.0,0.0
oe:player:24314567f14eeb3c380c72b8dc211c2,Exile1,SPIKE Syndicate,EBL,EMEA,Deuxième niveau,Jungle,25,39,-454.0,267.0,-463.0,153.0,0.0,0.0
oe:player:acd381e68b92357896c0856efebb366,Smart,ZennIT,ROL,EMEA,Deuxième niveau,Top,43,43,-455.0,282.0,-1010.0,142.0,0.0,0.0
oe:player:6fb229e519281c5c16704230967df90,Regret9,Eunpyeong Meditech High School,LAS,Corée,Troisième niveau,ADC,25,25,-455.0,297.0,-1966.0,18.0,0.0,0.0
oe:player:053ff46e09c658d5d80c8c65b9db7bc,Slyv3r,mCon esports,ROL,EMEA,Deuxième niveau,ADC,62,90,-460.0,258.0,-717.0,137.0,0.0,0.0
oe:player:e6e7d48f6108bf9c5121c825b20b11e,Apoka,9z Globant,LRS,Brésil & Amérique latine,Deuxième niveau,Jungle,33,33,-460.0,288.0,-599.0,158.0,0.0,0.0
oe:player:86ee7da72c5b4e5cbead61108633617,Berik,Winthrop University,NACL,Amérique du Nord,Deuxième niveau,Top,37,52,-461.0,271.0,-1767.0,128.0,0.0,0.0
oe:player:c911f66336db65ab5fd553c7385734c,Fame,Gamespace Mediterranean College Esports,HLL,EMEA,Deuxième niveau,Jungle,30,41,-461.0,268.0,-1455.0,144.5,0.0,0.0
oe:player:e29ed806daf39c7a06053ad25958831,Mitir,SDM Tigres,LRN,Brésil & Amérique latine,Deuxième niveau,Jungle,27,29,-461.0,278.0,-813.0,163.0,0.0,0.0
oe:player:6188d07d6e2a31cb1ba16e177c53870,SaKi,L Guide Gaming,LJL,Asie-Pacifique,Deuxième niveau,Support,27,78,-462.0,270.0,-151.0,143.0,0.0,0.0
oe:player:2667388b63ad5307d989fb9db975bfd,Kiki,Caldya Esport,NL,EMEA,Troisième niveau,Jungle,38,62,-462.0,273.0,-1255.0,14.0,0.0,0.0
oe:player:6a15c856a66d618027aaeb33de88113,Leo s Man,Only The Family,EBL,EMEA,Deuxième niveau,Support,34,69,-463.0,266.0,-438.0,139.0,0.0,0.0
oe:player:399324b7e024027e656f6e9add83c14,Enkil,BRUTE,HM,EMEA,Deuxième niveau,Support,55,68,-465.0,258.0,-322.0,149.0,0.0,0.0
oe:player:2da1ab97a0200c6b2d38de1f1b25b5c,Goliah,Team Aqua ASD,LIT,EMEA,Deuxième niveau,Jungle,60,101,-466.0,251.0,382.0,156.0,0.0,0.0
oe:player:07a5e46488aef307f23a00f275802e8,Piwek,Onion Team,HM,EMEA,Deuxième niveau,ADC,50,54,-470.0,267.0,-369.0,137.0,0.0,0.0
oe:player:a1b80656ec4067cc5e7ae6a3eb621d1,Bala,Lenovo Legion Honvéd,EBL,EMEA,Deuxième niveau,Top,41,69,-473.0,274.0,-629.0,138.0,0.0,0.0
oe:player:4a24531d8f1f1b291f870bbd7e38eea,Kangkuk,RAYN Clocks,LJL,Asie-Pacifique,Deuxième niveau,Jungle,52,52,-473.0,283.0,-181.0,156.0,0.0,0.0
oe:player:1d6cd255124f73442571e8ceef2e479,Kellie,RLX Esports,EBL,EMEA,Deuxième niveau,Support,30,76,-474.0,278.0,-497.0,160.0,0.0,0.0
oe:player:f6c92cc6716b5a99dc2cb002ea1cfc0,Kurahuto,DetonatioN FocusMe Academy,LJL,Asie-Pacifique,Deuxième niveau,Support,22,70,-474.0,272.0,-210.0,165.0,0.0,0.0
oe:player:c2e7db5ac7ab74ea4bb9a7a89d251f3,Fluid,RAYN Clocks,LJL,Asie-Pacifique,Deuxième niveau,ADC,33,33,-474.0,280.0,73.0,164.0,0.0,0.0
oe:player:2a1f9f0ef5aca39166c1a76eca89678,Dzeffry,Meavedron,HM,EMEA,Deuxième niveau,Top,62,129,-479.0,254.0,130.0,144.0,0.0,0.0
oe:player:4a336d087aeb0390da10ee2ea7cb87f,Godot,New Meta,LJL,Asie-Pacifique,Deuxième niveau,ADC,32,32,-480.0,280.0,40.0,160.0,0.0,0.0
oe:player:713a01ab419f96cb320352765e8791d,Bio,Apex Mission Impossible,NACL,Amérique du Nord,Deuxième niveau,Jungle,24,69,-480.0,273.0,-2137.0,142.0,0.0,0.0
oe:player:5c7da09e1927795d296af4fcc570704,Deepe,KIA.eSuba Academy,HC,EMEA,Troisième niveau,Mid,54,82,-482.0,258.0,1212.0,23.0,0.0,0.0
oe:player:98f263a1e752d1192225e59207d3081,Jekko,Zena Esports,LIT,EMEA,Deuxième niveau,Jungle,44,44,-482.0,275.0,304.0,149.0,0.0,0.0
oe:player:4e0d4f6ce30646f5a3f3e2a7422c1c5,SM,Spartans EU,HLL,EMEA,Deuxième niveau,ADC,45,52,-483.0,267.0,-1044.0,141.0,0.0,0.0
oe:player:fe9ef7441c7dd52bebd1ce72a43612b,Furby,P11 Esports,LIT,EMEA,Deuxième niveau,Mid,36,101,-484.0,248.0,-38.0,143.0,0.0,0.0
oe:player:fb20df3c2584739649c47e15bdd1e1e,Nightmares,The Bandits,ROL,EMEA,Deuxième niveau,Support,21,24,-485.0,277.0,-813.0,155.0,0.0,0.0
oe:player:53a722597f9fe835806af2f76fbb3b4,Vares,3v Team,LRN,Brésil & Amérique latine,Deuxième niveau,Mid,34,51,-489.0,263.0,-1123.0,158.5,0.0,0.0
oe:player:2793e5e280ac874358d3212bdbf1739,Sikterr,Croatian Flair,EBL,EMEA,Deuxième niveau,Jungle,21,27,-493.0,278.0,-656.0,162.0,0.0,0.0
oe:player:657981a8eaf41988868b96bed60b3a1,BunnyBeast,Lund Esports Organization,NLC,EMEA,Deuxième niveau,ADC,43,49,-494.0,272.0,-1417.0,153.0,0.0,0.0
oe:player:e2f9edd5426e9ad64536d3086ffacb6,Dolis,eSuba,HM,EMEA,Deuxième niveau,Mid,61,114,-494.0,253.0,-155.0,156.0,0.0,0.0
oe:player:7bb257e3cbfb5ab2f597a76848372d1,CROmpir,RLX Esports,EBL,EMEA,Deuxième niveau,Mid,41,57,-494.0,263.0,-810.0,152.5,0.0,0.0
oe:player:c71b4244f70372f8be07a3e83c58490,Heroic,Bubliki,LPLOL,EMEA,Deuxième niveau,Mid,25,69,-496.0,254.0,-574.0,168.0,0.0,0.0
oe:player:75c5280526dbc2d79f01b3c649c8606,Zhayend,LYON Academy,LRN,Brésil & Amérique latine,Deuxième niveau,Top,34,49,-497.0,273.0,-1785.0,149.0,0.0,0.0
oe:player:e146c7a6792a431dcc116aab343d646,Pericolo,Zena Esports,LIT,EMEA,Deuxième niveau,ADC,45,73,-498.0,258.0,95.0,148.0,0.0,0.0
oe:player:58e4bc9bfd8c3b7a030bedd62dfe4ea,TinjaNurtles,Bubliki,LPLOL,EMEA,Deuxième niveau,Jungle,25,25,-500.0,284.0,-471.0,174.0,0.0,0.0
oe:player:a5238e8a4c04ad0fd09031e97819119,Heprex,Only The Family,EBL,EMEA,Deuxième niveau,Top,24,29,-501.0,280.0,-769.0,155.0,0.0,0.0
oe:player:5ef20c339663b3e40f1978b16101aed,Giankios,Seven Dark,LRS,Brésil & Amérique latine,Deuxième niveau,Top,30,39,-505.0,278.0,-1006.0,160.0,0.0,0.0
oe:player:9b9e303baa4eeaef552c4fdb236f058,Huubiii,Macko Invictus,LIT,EMEA,Deuxième niveau,ADC,23,25,-507.0,281.0,52.0,159.0,0.0,0.0
oe:player:0e9764ca8971894af709c0cd603e6b6,Faded,Aeterna Esports,LIT,EMEA,Deuxième niveau,Mid,43,82,-508.0,248.0,-153.0,162.0,0.0,0.0
oe:player:ddadc615bd8287a5654eb0dedd6052f,Eria,New Meta,LJL,Asie-Pacifique,Deuxième niveau,Mid,26,26,-508.0,277.0,-368.0,172.0,0.0,0.0
oe:player:1e44e910fee15960587549f3000f777,Sweeho,LYON Academy,LRN,Brésil & Amérique latine,Deuxième niveau,Mid,44,59,-509.0,270.0,-1223.0,172.0,0.0,0.0
oe:player:fdc15facb002bf800aee969ba975ae1,Jellly,Kiwoom DRX Academy,LAS,Corée,Troisième niveau,Top,22,115,-509.0,278.0,-2357.0,18.0,0.0,0.0
oe:player:f8eedf7c8d7600e17c831e4f933bd56,Void,Dynasty,ROL,EMEA,Deuxième niveau,ADC,22,27,-509.0,280.0,-963.0,156.0,0.0,0.0
oe:player:f91df124dbb29389941a0a900e8cab6,DejaVu,GMBLERS Esports,LIT,EMEA,Deuxième niveau,Mid,57,57,-514.0,279.0,-188.0,166.0,0.0,0.0
oe:player:6fc7d54cb5c88a3b2054aeba60a8ad0,Diobello,HANGMEN,LIT,EMEA,Deuxième niveau,Top,40,40,-514.0,273.0,-213.0,148.0,0.0,0.0
oe:player:0b561e1f67d3219a8dd379878960561,DVLK,eSuba,HM,EMEA,Deuxième niveau,Jungle,70,152,-517.0,250.0,-692.0,168.0,0.0,0.0
oe:player:af84f1c98815a4084ab217947ecd721,ankochan,Rising Gaming,LJL,Asie-Pacifique,Deuxième niveau,Jungle,41,41,-520.0,286.0,-417.0,157.0,0.0,0.0
oe:player:9312bfc44c1e0686971d076d1364713,Ryuzaki,TITANS,LIT,EMEA,Deuxième niveau,Jungle,55,55,-520.0,268.0,113.0,148.0,0.0,0.0
oe:player:2fb61ab1f9807fb61f977a87a4a9b9a,xHikama,Colossal Gaming,LIT,EMEA,Deuxième niveau,ADC,53,53,-522.0,266.0,-26.0,157.0,0.0,0.0
oe:player:5ab137577a18956e9688137c178fe20,Franky,Myth Esports,ROL,EMEA,Deuxième niveau,Mid,23,43,-523.0,274.0,-1208.0,162.0,0.0,0.0
oe:player:391d9fced43f3669f7028189f1b7550,Sïgma,ZennIT,ROL,EMEA,Deuxième niveau,Support,43,43,-525.0,282.0,-1015.0,155.0,0.0,0.0
oe:player:353aa0077d2ab30216f42d668ba29af,BanaBeer,RLX Esports,EBL,EMEA,Deuxième niveau,Jungle,20,20,-525.0,287.0,-817.0,168.0,0.0,0.0
oe:player:8efa8f12fd67a2cd28acf5dc23e415e,Robi,SPIKE Syndicate,EBL,EMEA,Deuxième niveau,Mid,33,33,-525.0,274.0,-967.0,166.0,0.0,0.0
oe:player:6c5b90cea858312b4a7f070448f8cd1,Ferrari,SPIKE Syndicate,EBL,EMEA,Deuxième niveau,Jungle,44,70,-527.0,262.0,-825.0,158.0,0.0,0.0
oe:player:45bcb11782eca4084400fa8edd067c4,Foxy,Zeu5 Esports,LRN,Brésil & Amérique latine,Deuxième niveau,ADC,28,28,-529.0,286.0,-1250.0,164.0,0.0,0.0
oe:player:036965ff328a7c9a23013badc1243d3,antana,VARREL YOUTH,LJL,Asie-Pacifique,Deuxième niveau,Top,25,25,-529.0,287.0,-291.0,159.0,0.0,0.0
oe:player:10b638224bcb9f9b360ab55cbed45a5,SiroN1,Meavedron,HM,EMEA,Deuxième niveau,Support,65,130,-530.0,263.0,-643.0,168.0,0.0,0.0
oe:player:eb4afbc02f6cf896b0bd94b5dd274dc,JayJay,Zena Esports,LIT,EMEA,Deuxième niveau,Mid,27,40,-531.0,269.0,-270.0,161.5,0.0,0.0
oe:player:390fd6ebe83da226b9495f08f9dc174,Kaplica,Lund Esports Organization,NLC,EMEA,Deuxième niveau,Top,34,48,-534.0,267.0,-1953.0,159.0,0.0,0.0
oe:player:5323274d1d895fb72872217f95701c6,Dinastik,Docta Esports,LRS,Brésil & Amérique latine,Deuxième niveau,Top,35,48,-534.0,274.0,-1151.0,156.0,0.0,0.0
oe:player:d267ada2593780f4b32830a0d68c378,Fishue,Dynasty,ROL,EMEA,Deuxième niveau,Jungle,35,44,-534.0,268.0,-1002.0,153.5,0.0,0.0
oe:player:acc9bbf8eb8cd02c0adb62d7a6c1717,f4ke,Uwinks,LJL,Asie-Pacifique,Deuxième niveau,Support,53,53,-537.0,268.0,-527.0,163.0,0.0,0.0
oe:player:f77b9955284b640485b8d17deb187f7,Leader,Hooligans,EBL,EMEA,Deuxième niveau,Jungle,23,23,-540.0,278.0,-889.0,172.0,0.0,0.0
oe:player:b70546af050c6dc68402812a5cf17f8,ImTheTitan,Team Aqua ASD,LIT,EMEA,Deuxième niveau,Top,23,23,-540.0,280.0,-340.0,163.0,0.0,0.0
oe:player:41813c91a973e0c3b6aae50b52182e2,Darky,One More Esports,AL,EMEA,Deuxième niveau,Top,21,21,-542.0,283.0,-1693.0,141.0,0.0,0.0
oe:player:3815d1aeed57a29d35bb46834d2411f,Corriragazzo,EKO Esports,LIT,EMEA,Deuxième niveau,Support,30,30,-542.0,274.0,-555.0,166.0,0.0,0.0
oe:player:7cf52cd5faeb40933eb7d819c8637fb,KUMEW,Docta Esports,LRS,Brésil & Amérique latine,Deuxième niveau,ADC,38,56,-543.0,268.0,-1269.0,168.0,0.0,0.0
oe:player:76ae2e1c04e57e1c385524a20193b25,LVS,Francesinhas,LPLOL,EMEA,Deuxième niveau,Top,24,40,-544.0,271.0,-30.0,159.0,0.0,0.0
oe:player:4b54bd2134c923b7b6a9bab64ef00cd,Dreampull,Capybara Esports,LPLOL,EMEA,Deuxième niveau,Top,25,25,-545.0,277.0,-34.0,164.0,0.0,0.0
oe:player:ccc992cc5b34f0cfe45db07ab8fa04c,MayR,FENNEL,LJL,Asie-Pacifique,Deuxième niveau,ADC,74,74,-545.0,261.0,-285.0,154.5,0.0,0.0
oe:player:f5c849161da2d457e71909e5df88ab0,Baro,Meavedron,HM,EMEA,Deuxième niveau,Top,41,41,-545.0,274.0,-197.0,141.5,0.0,0.0
oe:player:de8ee8c5d6fc0e3a2fe84e0a4f4d1a0,WalliR,Ethereal Enigmas,HC,EMEA,Troisième niveau,Mid,34,99,-547.0,254.0,886.0,24.0,0.0,0.0
oe:player:81317166070e5727aa15670f1d996b3,Lotuss,Myth Esports,ROL,EMEA,Deuxième niveau,Jungle,52,52,-548.0,274.0,-1075.0,157.0,0.0,0.0
oe:player:afd167e3331800ae7634a7ac2de45be,Cow,Seven Dark,LRS,Brésil & Amérique latine,Deuxième niveau,Jungle,23,23,-550.0,289.0,-1047.0,172.0,0.0,0.0
oe:player:27794d1d5db5f58191c83730eb000ee,Azu,ALMO Players,HLL,EMEA,Deuxième niveau,ADC,49,62,-551.0,260.0,-1385.0,147.0,0.0,0.0
oe:player:fedd1e92aa2d2a6e3ee95c110509805,Sobakk,EXILE esports Academy,HC,EMEA,Troisième niveau,Support,54,86,-553.0,256.0,980.0,21.0,0.0,0.0
oe:player:0e94a953ebc2e75ab1d22879fcb8d72,The Mountain,EKO Esports,LIT,EMEA,Deuxième niveau,Top,38,66,-553.0,255.0,-407.0,154.0,0.0,0.0
oe:player:6f816c94fe41d47a5d2052702d9d640,Raffy,Crystal Rose,LIT,EMEA,Deuxième niveau,Top,34,34,-554.0,273.0,-412.0,159.0,0.0,0.0
oe:player:b59d7d2cfc9265f8a6c7e981498a91b,Varin,Team Phoenix,TCL,EMEA,Deuxième niveau,Support,26,44,-554.0,259.0,-2175.0,145.0,0.0,0.0
oe:player:dd685a824d4a506a952a6a8a90e0a81,Fragola,Colossal Gaming,LIT,EMEA,Deuxième niveau,Jungle,40,70,-559.0,267.0,-80.0,171.0,0.0,0.0
oe:player:662e402075e397e4afaea9c752cec96,Hatred,ZennIT,ROL,EMEA,Deuxième niveau,Jungle,63,63,-560.0,271.0,-1136.0,162.0,0.0,0.0
oe:player:b1149bcd2d65f7e1a8cda3784373d9e,Gwisin,P11 Esports,LIT,EMEA,Deuxième niveau,ADC,23,23,-561.0,284.0,-217.0,170.0,0.0,0.0
oe:player:b88bfb0c6a92f2862d9333b5b4ab190,salgueir0,White Dragons,LPLOL,EMEA,Deuxième niveau,Jungle,29,31,-562.0,276.0,-779.0,173.0,0.0,0.0
oe:player:bdf93ad7c1fe51ee32ca862050110f0,Jasten,Pyramid IV Esports,AL,EMEA,Deuxième niveau,ADC,54,54,-563.0,271.0,-2112.0,145.0,0.0,0.0
oe:player:81eed41b598a207697930065353ba1c,QQMore,Malvinas Gaming,LRS,Brésil & Amérique latine,Deuxième niveau,Jungle,22,22,-564.0,291.0,-1117.0,177.0,0.0,0.0
oe:player:de4379dd030940748fda299909f241f,Sh1vq,NOVEX,LJL,Asie-Pacifique,Deuxième niveau,Support,25,51,-565.0,274.0,-668.0,167.0,0.0,0.0
oe:player:64d8b1e6474e2b5cbf10588a2df23c0,Claww,3BL Esports,AL,EMEA,Deuxième niveau,Top,37,102,-566.0,256.0,-1810.0,145.0,0.0,0.0
oe:player:f0c6106d247c559ea02f20b474436d0,D4rtaine,Hyperion (Portuguese Team),HLL,EMEA,Deuxième niveau,Top,34,56,-566.0,266.0,-1845.0,158.0,0.0,0.0
oe:player:0d0fd3fe6a1c8ccae7648f0f2a31a2c,Alex,Spartans EU,HLL,EMEA,Deuxième niveau,Mid,29,40,-568.0,269.0,-1672.0,151.0,0.0,0.0
oe:player:b326d714f788e17d607ea289549fe64,Damocles,DetonatioN FocusMe Academy,LJL,Asie-Pacifique,Deuxième niveau,ADC,22,70,-568.0,270.0,-398.0,167.0,0.0,0.0
oe:player:f80f443cd63aa14f81ffb468c7ac12d,Izo,GMBLERS Esports,LIT,EMEA,Deuxième niveau,Jungle,32,32,-570.0,272.0,-135.0,177.0,0.0,0.0
oe:player:e6a18449351b85552e1377a016dd0ed,Drzemik,Onion Team,HM,EMEA,Deuxième niveau,ADC,34,34,-570.0,275.0,-871.0,159.0,0.0,0.0
oe:player:b4d2dcdc3e864cb46fa540ee6a00abe,Kyte,Team Aqua ASD,LIT,EMEA,Deuxième niveau,ADC,38,38,-574.0,273.0,-281.0,166.0,0.0,0.0
oe:player:470975ffaacfb7ebd76b0eb2d781ff0,Biskoo,3BL Esports,AL,EMEA,Deuxième niveau,Support,25,55,-577.0,260.0,-2092.0,148.0,0.0,0.0
oe:player:41b43aeef1f9ea690143b0fe21012af,Kaka,Priority,HC,EMEA,Troisième niveau,Mid,35,35,-577.0,285.0,739.0,24.0,0.0,0.0
oe:player:c7a7a9e154cbc450565209ce1e2e23c,Howl,HANJIN BRION Academy,LAS,Corée,Troisième niveau,Jungle,37,37,-578.0,286.0,-2454.0,19.0,0.0,0.0
oe:player:4446416900bb962f7527d4edcaae261,Candy,Lupus Esports,EBL,EMEA,Deuxième niveau,Support,29,29,-580.0,280.0,-1025.0,167.0,0.0,0.0
oe:player:057068fec5576ae03b86de01c0f4192,Sprotte,SPIKE Syndicate,ROL,EMEA,Deuxième niveau,Top,32,55,-581.0,270.0,-1643.0,161.0,0.0,0.0
oe:player:e8c919d3f00bdbf7d459ec07dcead87,Coli,Dynasty,EBL,EMEA,Deuxième niveau,Support,30,47,-586.0,274.0,-1053.0,169.0,0.0,0.0
oe:player:16bfbf9c462762cf1cba4134ec53c50,Loading,The ParadOx Invaders,HLL,EMEA,Deuxième niveau,Top,57,99,-586.0,245.0,-1949.0,161.0,0.0,0.0
oe:player:b4864ea32ed995ef62cb0c77796e5a6,CloudStrikee,Team Aqua ASD,LIT,EMEA,Deuxième niveau,Support,42,42,-596.0,268.0,-824.0,166.0,0.0,0.0
oe:player:6b857fe1d3971aebd9f35f421d56806,Painful,mCon esports,ROL,EMEA,Deuxième niveau,Mid,21,61,-596.0,262.0,-1574.0,171.0,0.0,0.0
oe:player:05ed0c94c83deab8644261bafc5de26,Potential,DetonatioN FocusMe Academy,LJL,Asie-Pacifique,Deuxième niveau,Top,21,21,-597.0,290.0,-629.0,172.0,0.0,0.0
oe:player:af726e163bfdb89a1445c74ff9dd4a6,Fubuki,Fast8,LJL,Asie-Pacifique,Deuxième niveau,Jungle,23,23,-599.0,283.0,-814.0,182.0,0.0,0.0
oe:player:e5dd32c7907e746d4cfc6f9b8f867d2,Aquila,NOVEX,LJL,Asie-Pacifique,Deuxième niveau,ADC,23,23,-604.0,286.0,-576.0,173.0,0.0,0.0
oe:player:eb73a074813cb61e81a742c0e4e55cd,Joekie,mCon esports,ROL,EMEA,Deuxième niveau,Jungle,22,48,-607.0,273.0,-1368.0,170.0,0.0,0.0
oe:player:128cd30f4dac395073ab39629969db8,dylux,GD Esports,HC,EMEA,Troisième niveau,Jungle,30,30,-607.0,283.0,863.0,21.0,0.0,0.0
oe:player:e244c28dde9c488240120cd7610157b,Maciejka,P11 Esports,LIT,EMEA,Deuxième niveau,Jungle,24,24,-611.0,282.0,-341.0,183.0,0.0,0.0
oe:player:c33358ecfdef8fd044777add746b965,Dyego,CITA Kaizen,HM,EMEA,Deuxième niveau,Mid,44,50,-613.0,265.0,-746.0,165.0,0.0,0.0
oe:player:9f7496860651fe8c09a00a9712102a3,ceskycechcz,EXILE esports,HM,EMEA,Deuxième niveau,Top,54,107,-614.0,248.0,-541.0,146.0,0.0,0.0
oe:player:27af17b234858aa267c3be117393a0e,TalentLess,Andromeda Gaming,HC,EMEA,Troisième niveau,Mid,51,89,-616.0,261.0,542.0,25.0,0.0,0.0
oe:player:181a727d0b7341075cf4e347f218b75,koisi,NOVEX,LJL,Asie-Pacifique,Deuxième niveau,Support,22,39,-622.0,268.0,-954.0,175.0,0.0,0.0
oe:player:788fb451a0732c0ce3bec0fbda415a0,Strava,GMBLERS Esports,LIT,EMEA,Deuxième niveau,Top,26,47,-632.0,262.0,-801.0,162.0,0.0,0.0
oe:player:a62c9e65a78ee4eb32866252a8245d5,FallenBandit,Tung Tung Bogi,LPLOL,EMEA,Deuxième niveau,Jungle,24,24,-636.0,280.0,-1148.0,182.0,0.0,0.0
oe:player:6b667eb39580a9b29e663063aab3de5,udon,VelbeliKaizokudan,LJL,Asie-Pacifique,Deuxième niveau,Top,31,31,-640.0,277.0,-843.0,174.0,0.0,0.0
oe:player:197d7a5583ea95b5ec1e19e874a90aa,K1ng,Hyperion (Portuguese Team),HLL,EMEA,Deuxième niveau,ADC,23,35,-641.0,271.0,-1833.0,169.0,0.0,0.0
oe:player:b88b626722858edeaac9ef80db9d03f,Prosty,Zerolag Esports,HLL,EMEA,Deuxième niveau,ADC,21,21,-645.0,283.0,-1853.0,169.0,0.0,0.0
oe:player:67c568f88ce6c42b143710d6cb099ae,SnowRabbit,L Guide Gaming,LJL,Asie-Pacifique,Deuxième niveau,Top,60,60,-649.0,271.0,-887.0,166.0,0.0,0.0
oe:player:e58cdf8eba80387a09db24e165d7d1c,S1D,StoneHenge Esports,LIT,EMEA,Deuxième niveau,Support,32,32,-650.0,277.0,-1095.0,179.0,0.0,0.0
oe:player:36e733ef5f34991279e5eccecdee73f,Demonadc,Bubliki,LPLOL,EMEA,Deuxième niveau,ADC,51,51,-650.0,267.0,-966.0,164.0,0.0,0.0
oe:player:2d3d09f928dbf1e6732b3b25e2f7969,Pinguino,P11 Esports,LIT,EMEA,Deuxième niveau,Support,24,24,-654.0,282.0,-1116.0,178.0,0.0,0.0
oe:player:9f9d4246a2dcb6c75cf5900ee2131ec,skakavka,KIA.eSuba Academy,HC,EMEA,Troisième niveau,ADC,26,42,-655.0,269.0,611.0,20.0,0.0,0.0
oe:player:ba1c003769638fb7993b8d39e47b8a0,KNEZA,BRUTE,HM,EMEA,Deuxième niveau,ADC,57,92,-657.0,251.0,-1305.0,160.0,0.0,0.0
oe:player:f62515559d817cb05f979bfdf640cfe,Tigrot,TIGROTS,LIT,EMEA,Deuxième niveau,Support,27,43,-657.0,279.0,-1126.0,174.0,0.0,0.0
oe:player:ccd47b3ec9b7a034b2b71e8516427e3,ZaFiR,Hyperion (Portuguese Team),EBL,EMEA,Deuxième niveau,Support,20,58,-658.0,258.0,-1413.0,168.5,0.0,0.0
oe:player:263e0ff91c901b48bd76aaad566f610,Dmns,BRUTE,HM,EMEA,Deuxième niveau,Jungle,20,20,-661.0,287.0,-1413.0,173.0,0.0,0.0
oe:player:60875bca42334fadaa064eccd7bf672,Razer,RAYN Clocks,LJL,Asie-Pacifique,Deuxième niveau,Mid,52,100,-661.0,259.0,-1133.0,181.0,0.0,0.0
oe:player:40127db70c7ce71e04430e53793e617,PonG,NOVEX,LJL,Asie-Pacifique,Deuxième niveau,Top,23,23,-662.0,286.0,-953.0,172.0,0.0,0.0
oe:player:9bda72744c8fe5988fdde2ff0b76967,Lesranct,TITANS,LIT,EMEA,Deuxième niveau,Jungle,20,20,-663.0,283.0,-600.0,184.0,0.0,0.0
oe:player:e39585edfa4a1683446a5d1854fe9a5,costy,Francesinhas,LPLOL,EMEA,Deuxième niveau,ADC,24,24,-663.0,282.0,-1033.0,175.0,0.0,0.0
oe:player:45bd62ec34b3cbf05b5292056c54b01,TheSerius,Bohemian Guardians,HM,EMEA,Deuxième niveau,Top,30,66,-667.0,253.0,-809.0,170.0,0.0,0.0
oe:player:cce5953fa7580178f396cdd3f8d618e,Lumity,Bohemian Guardians,HM,EMEA,Deuxième niveau,Mid,26,60,-667.0,263.0,-1018.0,181.0,0.0,0.0
oe:player:04ea90be225e33ed6a293eb84414f46,TenT,CAG OSAKA,LJL,Asie-Pacifique,Deuxième niveau,ADC,26,69,-670.0,284.0,-907.0,176.0,0.0,0.0
oe:player:5a02cc8b4771f9f0c0b16bac1bfcb9d,OkerumoN,CAG OSAKA,LJL,Asie-Pacifique,Deuxième niveau,Support,26,69,-672.0,284.0,-1204.0,177.0,0.0,0.0
oe:player:c274366e638db2400f33a093f331e26,Ludas Matyi,Team Spawn Peek,EBL,EMEA,Deuxième niveau,ADC,20,40,-676.0,278.0,-1508.0,178.0,0.0,0.0
oe:player:d326adc6ef1c5eab1f96472fce6ff9a,Ranorr,CITA Kaizen Academy,HC,EMEA,Troisième niveau,Support,33,56,-682.0,268.0,336.0,22.0,0.0,0.0
oe:player:d5e0ff7618d3da55aa323192c0c682f,Yuu,CAG OSAKA,LJL,Asie-Pacifique,Deuxième niveau,Top,26,69,-683.0,284.0,-1057.0,175.0,0.0,0.0
oe:player:f6bc8a833bcb82beb8eba1c57fa0c2a,Dzejno,EXILE esports Academy,HC,EMEA,Troisième niveau,Support,28,28,-684.0,292.0,324.0,23.0,0.0,0.0
oe:player:52bc99d5390cae1d4097906abde0560,Inspire,Onion Team,HM,EMEA,Deuxième niveau,Mid,22,75,-686.0,262.0,-1114.0,186.0,0.0,0.0
oe:player:448be00c9923136e0b3f872e09157d5,Racon,CAG OSAKA,LJL,Asie-Pacifique,Deuxième niveau,Jungle,26,69,-691.0,284.0,-1271.0,184.0,0.0,0.0
oe:player:9203016d817c256b8ad3dbbcf2214fa,FoobaR,EXILE esports,HM,EMEA,Deuxième niveau,Jungle,44,65,-696.0,260.0,-1584.0,149.0,0.0,0.0
oe:player:812b4f62c34f31d0aefc203b3b25a45,Młody G,BRUTE,HM,EMEA,Deuxième niveau,Mid,45,47,-697.0,277.0,-1169.0,187.0,0.0,0.0
oe:player:9644eeb7778d2314eeabefbc4e380aa,CrabLord,ALMO Players,HLL,EMEA,Deuxième niveau,Support,33,33,-698.0,275.0,-2059.0,179.0,0.0,0.0
oe:player:0ef7bab9edb5bf303c96b06d19ff7c7,bakisa,Dynasty,EBL,EMEA,Deuxième niveau,ADC,31,48,-699.0,273.0,-1624.0,171.0,0.0,0.0
oe:player:faacf23fdd20a6dbaa65fc0c5ebf1d3,KASE,LYON Academy,LRN,Brésil & Amérique latine,Deuxième niveau,Jungle,24,24,-702.0,281.0,-2019.0,185.0,0.0,0.0
oe:player:92d72eced2158938cc6c5615838a432,Padawii,TIGROTS,LIT,EMEA,Deuxième niveau,ADC,27,43,-702.0,279.0,-924.0,175.0,0.0,0.0
oe:player:3e8563506ef81301ece60cd09f220a2,Sankaizer,Bubliki,LPLOL,EMEA,Deuxième niveau,Top,31,31,-704.0,278.0,-828.0,177.0,0.0,0.0
oe:player:df1274a25b88333180c934458717dc5,Mario,TIGROTS,LIT,EMEA,Deuxième niveau,Jungle,64,80,-709.0,264.0,-831.0,170.0,0.0,0.0
oe:player:14bf26aa667423d1fba119e3c8a65e1,Divine,HANGMEN,LIT,EMEA,Deuxième niveau,Mid,37,62,-721.0,259.0,-1223.0,183.0,0.0,0.0
oe:player:e6d07e10777c4dbc47857a3ac2c66fe,D1verse,Lausanne-Sport Esports,HLL,EMEA,Deuxième niveau,Mid,23,37,-727.0,266.0,-2466.0,181.0,0.0,0.0
oe:player:cb819a56beaa07683bc3e1206befd22,VeRu,Lupus Esports,EBL,EMEA,Deuxième niveau,Mid,31,36,-732.0,274.0,-1998.0,183.0,0.0,0.0
oe:player:482982e64aebd743da9392fbc4b1f5d,Blender,Bamboo Juice,LJL,Asie-Pacifique,Deuxième niveau,Jungle,26,26,-740.0,282.0,-1518.0,189.0,0.0,0.0
oe:player:c0c4911703fe39d0f3ecac925f770ed,Fratellin,Macko Invictus,LIT,EMEA,Deuxième niveau,Top,24,24,-740.0,278.0,-1343.0,179.0,0.0,0.0
oe:player:7e07fe80f20bacefefe430e7ce179ca,Maty,Rugby Club Havířov,HC,EMEA,Troisième niveau,Support,26,36,-745.0,280.0,20.0,23.0,0.0,0.0
oe:player:db8d1a5f6d31b25100b118a398bede4,VOPI,Priority,HC,EMEA,Troisième niveau,Top,71,75,-745.0,262.0,442.0,19.0,0.0,0.0
oe:player:974f192f2c1c07bde25f84f9f573c43,Luke,TITANS,LIT,EMEA,Deuxième niveau,Mid,29,29,-754.0,279.0,-1386.0,184.0,0.0,0.0
oe:player:73547debfaca58004ee828b6fadc7be,Arp,Andromeda Gaming,HC,EMEA,Troisième niveau,Jungle,58,84,-757.0,255.0,113.0,22.0,0.0,0.0
oe:player:4234ff65b26b6debbf8e2f0e25e0f24,Grit,DetonatioN FocusMe Academy,LJL,Asie-Pacifique,Deuxième niveau,Jungle,21,21,-758.0,290.0,-1609.0,189.0,0.0,0.0
oe:player:8a394e917a10563670e57b91a036d89,Lexendo,EXILE esports,HM,EMEA,Deuxième niveau,ADC,56,66,-758.0,273.0,-1809.0,181.0,0.0,0.0
oe:player:9290a5cabd21601a3e9c818fdeea2ed,Blek,EXILE esports Academy,HC,EMEA,Troisième niveau,ADC,53,53,-758.0,278.0,97.0,21.0,0.0,0.0
oe:player:3246b6762afd765ff2cebd46b333b0a,leaf,Arneb,LJL,Asie-Pacifique,Deuxième niveau,Top,62,101,-769.0,260.0,-1489.0,172.0,0.0,0.0
oe:player:8441e7bf0254e7baf78a0a1d0ecc758,Ravvy,DetonatioN FocusMe Academy,LJL,Asie-Pacifique,Deuxième niveau,Mid,21,21,-774.0,290.0,-1695.0,189.0,0.0,0.0
oe:player:c15d2ad445223acab83deffd548e4e0,Shack,TIGROTS,LIT,EMEA,Deuxième niveau,Mid,28,44,-777.0,280.0,-1502.0,184.0,0.0,0.0
oe:player:1326ef03d0e577382d5af570de67524,Pongo,Andromeda Gaming,HC,EMEA,Troisième niveau,Jungle,35,35,-778.0,281.0,6.0,23.0,0.0,0.0
oe:player:c717836ae21d09073f76d43661733d9,JJirkos,EXILE esports,HM,EMEA,Deuxième niveau,Support,43,53,-791.0,263.0,-1949.0,173.5,0.0,0.0
oe:player:055ec1c0043fb27d74a7b453893909e,Vorkis,EXILE esports Academy,HC,EMEA,Troisième niveau,Top,47,47,-800.0,280.0,169.0,20.0,0.0,0.0
oe:player:acd24e0d1480eb6a5765fc376567bcc,GoDirr,BRUTE,HM,EMEA,Deuxième niveau,Top,44,69,-810.0,265.0,-1521.0,181.0,0.0,0.0
oe:player:dea972a85819808d16b1c4e6173a5a6,Setra,Andromeda Gaming,HC,EMEA,Troisième niveau,Top,41,98,-812.0,250.0,109.0,21.0,0.0,0.0
oe:player:4afb518ee224e2956ac4e4b9e3e6e7a,Jericho,Uwinks,LJL,Asie-Pacifique,Deuxième niveau,Mid,59,91,-814.0,255.0,-1898.0,187.0,0.0,0.0
oe:player:b2c7129a7514c6f0d466b77657188e0,Palco,Rugby Club Havířov,HC,EMEA,Troisième niveau,Top,31,31,-815.0,281.0,90.0,20.0,0.0,0.0
oe:player:3761070e51b4f11fe7bd3a6c7ec20b2,salamek,CITA Kaizen Academy,HC,EMEA,Troisième niveau,Support,22,22,-817.0,290.0,-340.0,25.0,0.0,0.0
oe:player:4f0cce7d9a88331a57e813663e488f5,Lays,Magyar Gamer Szövetsèg,HC,EMEA,Troisième niveau,Top,24,24,-823.0,286.0,55.0,23.0,0.0,0.0
oe:player:70b30a71a545f8ddc985a74cfb56ba5,RaptoSauros,TITANS,LIT,EMEA,Deuxième niveau,ADC,20,20,-833.0,281.0,-1576.0,182.0,0.0,0.0
oe:player:0066010bf7c06628559f1704f5d6d39,starkyy,EXILE esports Academy,HC,EMEA,Troisième niveau,Top,28,55,-840.0,261.0,-34.0,22.0,0.0,0.0
oe:player:399914b084a979892a6abff6b845fcc,JoKozz,ZeroZone Gaming,LPLOL,EMEA,Deuxième niveau,Top,23,29,-856.0,275.0,-1590.0,181.0,0.0,0.0
oe:player:d4ef1dbd917273a834cb004be0add79,Danden,Rugby Club Havířov,HC,EMEA,Troisième niveau,Jungle,33,43,-857.0,275.0,-388.0,23.0,0.0,0.0
oe:player:8312812e9479a6ed735194720f96907,Zelvicka,Andromeda Gaming,HC,EMEA,Troisième niveau,ADC,25,25,-858.0,283.0,-402.0,23.0,0.0,0.0
oe:player:f8b3409e59fc5b838fdb1c58f359712,AAdaMM,Magyar Gamer Szövetsèg,HC,EMEA,Troisième niveau,ADC,27,27,-865.0,284.0,-438.0,25.0,0.0,0.0
oe:player:ee5bbb42c4af94c2ec1242ba8db3b8e,Electro,Rugby Club Havířov,HC,EMEA,Troisième niveau,ADC,21,33,-865.0,283.0,-438.0,23.0,0.0,0.0
oe:player:8f9e938c7d7a6d4605f289060826d32,safo,CITA Kaizen Academy,HC,EMEA,Troisième niveau,ADC,22,22,-865.0,290.0,-437.0,24.0,0.0,0.0
oe:player:0d75529246067750c79f2fc5f9f3bd5,Skodix,KIA.eSuba Academy,HC,EMEA,Troisième niveau,ADC,36,36,-869.0,275.0,-458.0,25.0,0.0,0.0
oe:player:e9728926e920c09f447e93fa43a826e,Ad1s,EXILE esports Academy,HC,EMEA,Troisième niveau,Mid,49,49,-873.0,271.0,-741.0,27.0,0.0,0.0
oe:player:a95e5e282ca94cada825884cb9b3fce,Krosak,Onion Team,HM,EMEA,Deuxième niveau,Top,33,59,-882.0,266.0,-1883.0,183.0,0.0,0.0
oe:player:ed2ce922701169a70704f2bf956b828,Etoo,Once Upon A Team,HC,EMEA,Troisième niveau,ADC,23,61,-883.0,272.0,-528.0,26.0,0.0,0.0
oe:player:9bba427ddc46a949bc71c991c2b89ee,Rajed,SPIKE Syndicate,EBL,EMEA,Deuxième niveau,Top,34,50,-887.0,269.0,-2700.0,183.0,0.0,0.0
oe:player:6106ae952ebc9e96ce582a4275d2cc0,flini,Mighty Eagles,HC,EMEA,Troisième niveau,Jungle,21,21,-923.0,287.0,-716.0,25.0,0.0,0.0
oe:player:89082af3375844daa6a747f1551c3ca,hinami,V3 Esports,LJL,Asie-Pacifique,Deuxième niveau,ADC,26,26,-943.0,287.0,-2271.0,184.0,0.0,0.0
oe:player:f9d3720726cfba1f0aa14428d6829e2,Danos,Priority,HC,EMEA,Troisième niveau,Mid,23,23,-952.0,287.0,-1136.0,28.0,0.0,0.0
oe:player:a9b806dda1c8742ef29314879cd5916,jejemua,V3 Esports,LJL,Asie-Pacifique,Deuxième niveau,Top,26,26,-980.0,287.0,-2544.0,184.0,0.0,0.0
oe:player:0544ca2a83fcb8acf83003fde036d33,miflond,Magyar Gamer Szövetsèg,HC,EMEA,Troisième niveau,Jungle,23,37,-988.0,270.0,-1040.0,26.0,0.0,0.0
oe:player:da82cc5bb6f742ff6a37e4a17784f04,Kars,CITA Kaizen Academy,HC,EMEA,Troisième niveau,Top,20,22,-1000.0,288.0,-831.0,25.0,0.0,0.0
oe:player:a0ede17852e9ea66fb62dc5394e7269,Asagao,V3 Esports,LJL,Asie-Pacifique,Deuxième niveau,Mid,26,26,-1009.0,287.0,-2870.0,192.0,0.0,0.0
oe:player:1ba7139262b446b810f6ed84583b546,Cherry,Andromeda Gaming,HC,EMEA,Troisième niveau,Support,57,84,-1013.0,258.0,-1320.0,26.0,0.0,0.0
oe:player:6efdc3f9fe8ce88b31e32515b8dbecd,Doge,KIA.eSuba Academy,HC,EMEA,Troisième niveau,Jungle,21,21,-1013.0,293.0,-1168.0,27.0,0.0,0.0
oe:player:fbeb5032bea4ae4209a51c63fedfb35,Pulzer,Onion Team,HC,EMEA,Troisième niveau,Mid,32,42,-1025.0,270.0,-1503.0,28.0,0.0,0.0
