pid,player,team,league,also_in,region,tier,role,games_2024,points,points_sd,vs_role_in_league_gold,mv_median_rank,mv_p1,mv_top5
oe:player:03daae1844b9ad257324c3eedf41e28,Kiin,Gen.G,LCK,,Corée,Ligue majeure,Top,144,1053.0,223.0,1828.0,1.0,1.0,1.0
oe:player:92544d7a994bd6841cccd9f6e42e3de,Canyon,Gen.G,LCK,,Corée,Ligue majeure,Jungle,144,1049.0,223.0,1859.0,1.0,1.0,1.0
oe:player:fb6e61b8acb05df17b7e5ad4ae7c800,Chovy,Gen.G,LCK,,Corée,Ligue majeure,Mid,136,1024.0,224.0,1319.0,1.0,0.923,1.0
oe:player:ed29043422e3c515e1cb292464b990b,Knight,Bilibili Gaming,LPL,,Chine,Ligue majeure,Mid,145,984.0,224.0,1755.0,2.0,0.077,1.0
oe:player:5bbc2b92348d930ebd500cb9ce71bb7,Peyz,Gen.G,LCK,,Corée,Ligue majeure,ADC,135,979.0,225.0,1565.0,1.0,0.853,1.0
oe:player:a58a0d41103cdc5b58cbb547eeaca2d,Elk,Bilibili Gaming,LPL,,Chine,Ligue majeure,ADC,145,971.0,224.0,1741.0,2.0,0.147,1.0
oe:player:90651ebea9a35ec4e018c8157492e17,ON,Bilibili Gaming,LPL,,Chine,Ligue majeure,Support,145,970.0,224.0,1760.0,1.0,0.837,1.0
oe:player:fb66ef5885b4be9323905b821dc3a42,Bin,Bilibili Gaming,LPL,,Chine,Ligue majeure,Top,145,941.0,224.0,1652.0,2.0,0.0,0.997
oe:player:db79ce6ad35451c938fbe2995dabd37,Keria,T1,LCK,,Corée,Ligue majeure,Support,176,936.0,225.0,1352.0,2.0,0.16,1.0
oe:player:dda4a873265dfd06df50a0d8a294908,Peanut,Hanwha Life Esports,LCK,,Corée,Ligue majeure,Jungle,124,909.0,221.0,1160.0,2.0,0.0,1.0
oe:player:e1edfc5cea461399a63cb813cf795cc,Faker,T1,LCK,,Corée,Ligue majeure,Mid,176,900.0,225.0,697.0,3.0,0.0,1.0
oe:player:6e7908512cb309a43388bb464a312a2,Creme,Top Esports,LPL,,Chine,Ligue majeure,Mid,136,898.0,226.0,1326.0,4.0,0.0,1.0
oe:player:98dd15c330fb5abb4508347265a7f76,Zeus,T1,LCK,,Corée,Ligue majeure,Top,176,894.0,225.0,1035.0,3.0,0.0,0.947
oe:player:c7319736816efe935787b4381c6f321,Gumayusi,T1,LCK,,Corée,Ligue majeure,ADC,177,893.0,224.0,1132.0,4.0,0.0,0.857
oe:player:bda7cc061d7a1576f1dcad33dd505cd,Meiko,Top Esports,LPL,,Chine,Ligue majeure,Support,136,887.0,226.0,1345.0,4.0,0.0,0.987
oe:player:9573154ad8bc9459b4c0d940315054f,Viper,Hanwha Life Esports,LCK,,Corée,Ligue majeure,ADC,136,886.0,222.0,1099.0,4.0,0.0,0.933
oe:player:0da0eeb199e8fa3ab773cf84f9de9ab,Tian,Top Esports,LPL,,Chine,Ligue majeure,Jungle,136,885.0,226.0,1357.0,3.0,0.0,1.0
oe:player:0c74b7f78409a4022a2c4c5a5ca3ee1,369,Top Esports,LPL,,Chine,Ligue majeure,Top,136,881.0,226.0,1352.0,5.0,0.0,0.77
oe:player:ab2455e33b8ddb6a9d2d41107a2ed4f,Hang,LNG Esports,LPL,,Chine,Ligue majeure,Support,87,876.0,214.0,1288.0,5.0,0.003,0.567
oe:player:c54e1090ef1faa736b12493051c4855,JackeyLove,Top Esports,LPL,,Chine,Ligue majeure,ADC,136,869.0,226.0,1231.0,4.0,0.0,1.0
oe:player:f9cd2ef9afea5cda0eb3263a025cec1,Zeka,Hanwha Life Esports,LCK,,Corée,Ligue majeure,Mid,136,863.0,222.0,509.0,5.0,0.0,0.92
oe:player:051ca2e31ba25123961b3df95fdef4c,Delight,Hanwha Life Esports,LCK,,Corée,Ligue majeure,Support,136,862.0,222.0,979.0,4.0,0.0,0.917
oe:player:57acacc1f182893280e7400073a3dd1,Doran,Hanwha Life Esports,LCK,,Corée,Ligue majeure,Top,124,854.0,221.0,835.0,4.0,0.0,0.973
oe:player:85104684d1eb7f4c0ce393441a0b669,Aiming,Dplus Kia,LCK,,Corée,Ligue majeure,ADC,140,837.0,220.0,851.0,7.0,0.0,0.047
oe:player:eada4723af6f51cf2391d85b5fde49b,Ruler,JD Gaming,LPL,,Chine,Ligue majeure,ADC,113,836.0,224.0,1067.0,6.0,0.0,0.097
oe:player:f8b68f268106124fc4bc1c946adc9b0,Oner,T1,LCK,,Corée,Ligue majeure,Jungle,175,830.0,221.0,762.0,4.0,0.0,0.803
oe:player:e4e24b8656e4e6a74b939af730b0148,Lehends,Gen.G,LCK,,Corée,Ligue majeure,Support,142,825.0,214.0,797.0,6.0,0.0,0.42
oe:player:f40f1b0923c35568f417aef1e01ca6b,Ale,Anyone's Legend,LPL,,Chine,Ligue majeure,Top,75,821.0,197.0,1052.0,7.0,0.0,0.177
oe:player:4860d1660ce45bd15a600953309135c,Yagao,JD Gaming,LPL,,Chine,Ligue majeure,Mid,113,814.0,224.0,907.0,6.0,0.0,0.007
oe:player:6059545b206c4b230b97fd3651b473a,Crisp,Weibo Gaming,LPL,,Chine,Ligue majeure,Support,129,812.0,218.0,968.0,8.0,0.0,0.047
oe:player:10b86429ce8048aba673d802632e358,Lucid,Dplus Kia,LCK,,Corée,Ligue majeure,Jungle,140,809.0,220.0,658.0,6.0,0.0,0.28
oe:player:3ce68cf813bc34243279fd7fe3cecbb,sheer,JD Gaming,LPL,,Chine,Ligue majeure,Top,52,798.0,211.0,934.0,7.0,0.0,0.01
oe:player:10d1208b485425756fcc932229386b0,MISSING,JD Gaming,LPL,,Chine,Ligue majeure,Support,113,792.0,224.0,872.0,7.0,0.0,0.017
oe:player:5f8ff49cd56eae61d635966b183a451,ShowMaker,Dplus Kia,LCK,,Corée,Ligue majeure,Mid,140,782.0,220.0,109.0,7.0,0.0,0.0
oe:player:41deab55354f57a94135989133f9968,Kanavi,JD Gaming,LPL,,Chine,Ligue majeure,Jungle,102,780.0,216.0,830.0,7.0,0.0,0.077
oe:player:6adb46561c24655e0455d9b3fdc5698,Clozer,BNK FEARX,LCK,,Corée,Ligue majeure,Mid,105,779.0,211.0,91.0,8.0,0.0,0.073
oe:player:fbdc4428b2d095c83aebeed5da4e4b2,Xun,Bilibili Gaming,LPL,,Chine,Ligue majeure,Jungle,119,778.0,207.0,822.0,6.0,0.0,0.477
oe:player:55dd587cdc4a278be6a5c37f9e539de,Caps,G2 Esports,LEC,,EMEA,Ligue majeure,Mid,115,771.0,226.0,1327.0,10.0,0.0,0.0
oe:player:62922f2b370657a966de4d84f5586bf,Tarzan,Weibo Gaming,LPL,,Chine,Ligue majeure,Jungle,81,769.0,216.0,779.0,8.0,0.0,0.28
oe:player:b0ec3df39d61f953e7af0afd8eb8c4a,Kellin,Dplus Kia,LCK,,Corée,Ligue majeure,Support,91,768.0,205.0,510.0,9.0,0.0,0.0
oe:player:5000a68e43f946c726a17e1008e230a,Feather,ThunderTalk Gaming,LPL,,Chine,Ligue majeure,Support,32,765.0,220.0,735.0,8.0,0.0,0.047
oe:player:467ffafc4dfede41aaab8e7159b87b2,Stay,Team WE,LPL,,Chine,Ligue majeure,ADC,25,762.0,224.0,696.0,9.0,0.0,0.033
oe:player:4203fc46c4c6333e9bfa9d0a8618677,Yike,G2 Esports,LEC,,EMEA,Ligue majeure,Jungle,115,754.0,226.0,1213.0,12.0,0.0,0.0
oe:player:84bff3a326833c7c9181c698f676878,BrokenBlade,G2 Esports,LEC,,EMEA,Ligue majeure,Top,115,754.0,226.0,1167.0,11.0,0.0,0.0
oe:player:c62a5235ad6bc113a1e64eb0e9aa8c8,Hans Sama,G2 Esports,LEC,,EMEA,Ligue majeure,ADC,115,751.0,226.0,1182.0,12.0,0.0,0.0
oe:player:29bef8f5895e5e4fef8ff0945e68567,PerfecT,KT Rolster,LCK,,Corée,Ligue majeure,Top,104,738.0,220.0,252.0,8.0,0.0,0.127
oe:player:65ed20b21e2993fb00dbd21a2fd991b,Zika,LNG Esports,LPL,,Chine,Ligue majeure,Top,105,737.0,226.0,633.0,9.0,0.0,0.0
oe:player:7deb8d68aef0757c10381b599f855de,YSKM,Invictus Gaming,LPL,,Chine,Ligue majeure,Top,65,736.0,207.0,625.0,10.0,0.0,0.0
oe:player:b61e517b1a6027160aafaf56e9867c0,Wei,Bilibili Gaming,LPL,,Chine,Ligue majeure,Jungle,76,735.0,201.0,606.0,11.0,0.0,0.057
oe:player:9d5052e9f9f4a63835f738441a3b1f6,Mikyx,G2 Esports,LEC,,EMEA,Ligue majeure,Support,115,735.0,226.0,1122.0,14.0,0.0,0.0
oe:player:aad3806ef26a116c73b11efa07e9bd8,Flandre,JD Gaming,LPL,,Chine,Ligue majeure,Top,61,726.0,212.0,575.0,11.0,0.0,0.0
oe:player:7cf68f44e5dc31827b1d3f0a3b4a28e,Hope,Anyone's Legend,LPL,,Chine,Ligue majeure,ADC,86,719.0,225.0,484.0,11.0,0.0,0.0
oe:player:57da8dfcfbdb4e5b019fe93003db1c4,Weiwei,LNG Esports,LPL,,Chine,Ligue majeure,Jungle,105,718.0,226.0,520.0,10.0,0.0,0.003
oe:player:867e8957fae1cb59f0808dbcc3aada2,GALA,LNG Esports,LPL,,Chine,Ligue majeure,ADC,105,718.0,226.0,479.0,9.0,0.0,0.0
oe:player:a2357eb17578485c2ba736db36cbc42,Pyosik,KT Rolster,LCK,,Corée,Ligue majeure,Jungle,105,717.0,226.0,201.0,11.0,0.0,0.003
oe:player:dee54127bb56d2e2540ba71cc416f1c,BeryL,KT Rolster,LCK,,Corée,Ligue majeure,Support,120,716.0,212.0,253.0,13.0,0.0,0.0
oe:player:e78da55d6db43d982f841204a8e51ac,Zhuo,Ninjas in Pyjamas,LPL,,Chine,Ligue majeure,Support,116,710.0,226.0,461.0,13.0,0.0,0.0
oe:player:84e02b3ad83040a2b876001dd6c5192,Leyan,Ninjas in Pyjamas,LPL,,Chine,Ligue majeure,Jungle,54,709.0,202.0,476.0,12.0,0.0,0.013
oe:player:5c6f901a83ec448d51703aebba0ca64,Croco,Anyone's Legend,LPL,,Chine,Ligue majeure,Jungle,86,706.0,225.0,460.0,13.0,0.0,0.0
oe:player:d24f38ec30ce6f7577066f80e43e4bf,Kael,Anyone's Legend,LPL,,Chine,Ligue majeure,Support,86,705.0,225.0,434.0,11.0,0.0,0.0
oe:player:3c4d21c7addb20fea3fec30418ac3d3,Light,Weibo Gaming,LPL,,Chine,Ligue majeure,ADC,131,700.0,220.0,388.0,12.0,0.0,0.0
oe:player:0e2f0d3ded24c190dd6a4b3d6f89f04,Shanks,Anyone's Legend,LPL,,Chine,Ligue majeure,Mid,86,700.0,225.0,336.0,11.0,0.0,0.0
oe:player:b6603b64c5cabad210826735469838b,Cube,Oh My God,LPL,,Chine,Ligue majeure,Top,46,695.0,222.0,422.0,14.0,0.0,0.0
oe:player:862e14690d1a332958f454c3c71e4e7,Leaper,DN SOOPers,LCK,,Corée,Ligue majeure,ADC,44,694.0,212.0,137.0,11.0,0.0,0.033
oe:player:beea9fe15bff6a7ab0b3913d3d5fde6,Xiaohu,Weibo Gaming,LPL,,Chine,Ligue majeure,Mid,131,692.0,220.0,298.0,11.0,0.0,0.0
oe:player:92f0831b560a15d8be3be25275adb08,Heng,Team WE,LPL,,Chine,Ligue majeure,Jungle,61,691.0,219.0,384.0,15.0,0.0,0.0
oe:player:71e79ef80600d398d90cfebe3b0b758,Scout,LNG Esports,LPL,,Chine,Ligue majeure,Mid,105,690.0,226.0,290.0,10.0,0.0,0.0
oe:player:ea9ed09584feecae0991089f087d2ce,APA,Team Liquid,LCS,,Amérique du Nord,Ligue majeure,Mid,88,684.0,227.0,1186.0,17.0,0.0,0.0
oe:player:dfc279de8d7bd571aa8edfd7eb89c03,Moham,Dplus Kia,LCK,LCKC 35 games (Dplus Kia Challengers),Corée,Ligue majeure,Support,70,683.0,192.0,84.0,21.5,0.0,0.0
oe:player:6a9abcfebed9c636ca90560b7f49855,Adam,Team BDS,LEC,,EMEA,Ligue majeure,Top,76,682.0,223.0,806.0,23.0,0.0,0.0
oe:player:c588a2d07b69ca4ba61c96aebd3f793,Deft,KT Rolster,LCK,,Corée,Ligue majeure,ADC,105,679.0,226.0,63.0,12.0,0.0,0.0
oe:player:a8307167f3a1c933295bb9e3d43700e,Inspired,FlyQuest,LCS,,Amérique du Nord,Ligue majeure,Jungle,88,679.0,225.0,992.0,21.5,0.0,0.0
oe:player:6e6a78244523ed9e54731d07d1f79f4,DuDu,DN SOOPers,LCK,,Corée,Ligue majeure,Top,90,677.0,223.0,-51.0,18.0,0.0,0.0
oe:player:f9fe6d28d5b67bf9ac673b2cc8edf15,Cuzz,DN SOOPers,LCK,,Corée,Ligue majeure,Jungle,90,674.0,223.0,-18.0,18.0,0.0,0.0
oe:player:0d9b0a3b3a93a8f759c9d8ac8eef97c,Breathe,Weibo Gaming,LPL,,Chine,Ligue majeure,Top,117,671.0,202.0,300.0,18.0,0.0,0.0
oe:player:708bbc09836488d812e6775a07d785f,shanji,Ninjas in Pyjamas,LPL,,Chine,Ligue majeure,Top,116,670.0,226.0,295.0,16.0,0.0,0.0
oe:player:0e42126e417733263459e2b54ae7e2a,Xiaolaohu,FunPlus Phoenix,LPL,,Chine,Ligue majeure,Top,59,668.0,214.0,288.0,14.0,0.0,0.0
oe:player:6bc43cc1537fa4ac6295b4899e972cf,Care,FunPlus Phoenix,LPL,,Chine,Ligue majeure,Mid,86,667.0,226.0,175.0,15.0,0.0,0.0
oe:player:30361653a485a9609fb2d3aa073282c,Bdd,KT Rolster,LCK,,Corée,Ligue majeure,Mid,105,664.0,226.0,-484.0,13.0,0.0,0.0
oe:player:1c42d9266c8b391c7870b7a39f25a12,Photic,Ninjas in Pyjamas,LPL,,Chine,Ligue majeure,ADC,116,662.0,226.0,195.0,15.0,0.0,0.0
oe:player:ee051912ad5f9a97aa9ce4980cbb481,Peter,Nongshim RedForce,LCK,,Corée,Ligue majeure,Support,52,661.0,215.0,-23.0,15.0,0.0,0.0
oe:player:31b62cc3cf89d670fdef677faed2789,milkyway,FunPlus Phoenix,LPL,,Chine,Ligue majeure,Jungle,85,658.0,225.0,224.0,17.0,0.0,0.0
oe:player:c145139d26813639b8fe6f4d0b28228,Massu,FlyQuest,LCS,,Amérique du Nord,Ligue majeure,ADC,88,654.0,225.0,1054.0,20.0,0.0,0.0
oe:player:390ca7b6b38d552363eba1b5b54ff18,Razork,Fnatic,LEC,,EMEA,Ligue majeure,Jungle,107,653.0,227.0,709.0,25.0,0.0,0.0
oe:player:58771d428ade54dd5983bbe70ce0383,Xiaohao,Rare Atom,LPL,,Chine,Ligue majeure,Jungle,81,653.0,202.0,194.0,15.0,0.0,0.003
oe:player:05fafeaf23dc3285558a4e968970b9f,CoreJJ,Team Liquid,LCS,,Amérique du Nord,Ligue majeure,Support,88,652.0,227.0,869.0,20.0,0.0,0.0
oe:player:b49867477e266c5da8e995074e18f80,Daglas,Vitality.Bee,LFL,LEC 36 games (Team Vitality),EMEA,Deuxième niveau,Jungle,103,650.0,191.0,2060.0,2.0,0.453,0.843
oe:player:7e2505960c12cc54c96a0a6efb2e055,Bwipo,FlyQuest,LCS,,Amérique du Nord,Ligue majeure,Top,88,649.0,225.0,967.0,21.0,0.0,0.0
oe:player:1213778b5c6d69dcb26aa89f7d0aaa9,Rookie,Ninjas in Pyjamas,LPL,,Chine,Ligue majeure,Mid,116,647.0,226.0,72.0,14.0,0.0,0.0
oe:player:8bac58409e91b96ecd05f6d8f053e07,Ice,Team BDS,LEC,,EMEA,Ligue majeure,ADC,81,646.0,228.0,655.0,24.0,0.0,0.0
oe:player:3e722c8ede909c83af9342c41805a16,Busio,FlyQuest,LCS,,Amérique du Nord,Ligue majeure,Support,88,644.0,225.0,829.0,20.0,0.0,0.0
oe:player:317aeb74a6dd16bea711bbad361ca44,BuLLDoG,DN SOOPers,LCK,,Corée,Ligue majeure,Mid,90,642.0,223.0,-593.0,17.0,0.0,0.0
oe:player:be9758f87345bcce47970a8f17b3c07,Oscarinin,Fnatic,LEC,,EMEA,Ligue majeure,Top,107,642.0,227.0,610.0,25.0,0.0,0.0
oe:player:edf8b064c096691e539b7e2a3e28179,Humanoid,Fnatic,LEC,,EMEA,Ligue majeure,Mid,107,636.0,227.0,651.0,23.0,0.0,0.0
oe:player:054e5f8aeb885db6713f4a3e7328efc,Jun,Fnatic,LEC,,EMEA,Ligue majeure,Support,107,636.0,227.0,624.0,24.0,0.0,0.0
oe:player:a52945dbe283de2f7e9d63ca3417f36,Leave,EDward Gaming,LPL,LDL 51 games (EDG Youth Team),Chine,Ligue majeure,ADC,89,635.0,206.0,60.0,30.0,0.0,0.0
oe:player:404079b4e478ea2a8b57904c640311b,Sheo,Team BDS,LEC,,EMEA,Ligue majeure,Jungle,81,634.0,228.0,615.0,27.0,0.0,0.0
oe:player:95d286ec0a5d750d09e848a4e630c56,Noah,Fnatic,LEC,,EMEA,Ligue majeure,ADC,107,633.0,227.0,592.0,25.0,0.0,0.0
oe:player:d87853a5c1c5463889d70a62cdbcffc,Clear,BNK FEARX,LCK,,Corée,Ligue majeure,Top,91,633.0,222.0,-273.0,17.0,0.0,0.0
oe:player:f6b8af05a5af22004a67a78f3046b92,Yeon,Team Liquid,LCS,,Amérique du Nord,Ligue majeure,ADC,88,630.0,227.0,931.0,23.0,0.0,0.0
oe:player:1970fcb701acce66e0771946bbb3105,UmTi,Team Liquid,LCS,,Amérique du Nord,Ligue majeure,Jungle,88,628.0,227.0,737.0,24.0,0.0,0.0
oe:player:3faae62fb907ad7cbcf2167beb8b2c7,Aki,Ninjas in Pyjamas,LPL,,Chine,Ligue majeure,Jungle,92,628.0,211.0,73.0,21.0,0.0,0.0
oe:player:233724c5adf28da47784390134db3c6,LP,Team WE,LPL,,Chine,Ligue majeure,ADC,13,620.0,230.0,-13.0,,,
oe:player:9712524dc88851032bd53054f8b49b4,Hena,BNK FEARX,LCK,,Corée,Ligue majeure,ADC,91,620.0,222.0,-235.0,16.5,0.0,0.0
oe:player:618a87d272773f68239d8ce5555f39d,Kingen,Dplus Kia,LCK,,Corée,Ligue majeure,Top,132,618.0,207.0,-345.0,16.0,0.0,0.0
oe:player:6d734e1e86b978852d95cfd63d6a643,Shaoye,LGD Gaming,LPL,,Chine,Ligue majeure,ADC,62,617.0,217.0,-29.0,18.0,0.0,0.0
oe:player:18bdb3898e7fecb3bb0be7ff075d509,deokdam,FunPlus Phoenix,LPL,,Chine,Ligue majeure,ADC,86,616.0,226.0,-32.0,18.0,0.0,0.0
oe:player:21f59b54f62b5b8b4bc0f63f0f617fc,Impact,Team Liquid,LCS,,Amérique du Nord,Ligue majeure,Top,88,614.0,227.0,792.0,24.0,0.0,0.0
oe:player:3648451fd5b8a8ab01e4bedf780c1d6,Zinie,KT Rolster Challengers,LCKC,,Corée,Deuxième niveau,Mid,116,613.0,217.0,1413.0,1.0,0.707,0.997
oe:player:d2b317a92a71a850ae3da1e0d83e883,1xn,ThunderTalk Gaming,LPL,,Chine,Ligue majeure,ADC,74,611.0,227.0,-59.0,20.0,0.0,0.0
oe:player:e9aecf3f86eadc4cabbf95b7d92be0d,Tianzhen,Oh My God,LPL,,Chine,Ligue majeure,Jungle,34,610.0,214.0,-21.0,18.0,0.0,0.003
oe:player:6ad53ca055b82d5e23b83df6093df11,Niket,Ultra Prime,LPL,,Chine,Ligue majeure,Support,35,610.0,226.0,-41.0,17.0,0.0,0.0
oe:player:26cf32679ec486e40032e24fa39d15c,Meteor,LGD Gaming,LPL,,Chine,Ligue majeure,Jungle,82,606.0,227.0,-37.0,25.0,0.0,0.0
oe:player:c25ed32694e455959de4abe0c535ecc,Mihile,Nongshim RedForce,LCK,LCKC 68 games (Nongshim Esports Academy),Corée,Ligue majeure,Top,97,604.0,205.0,-416.0,27.0,0.0,0.0
oe:player:e9017664588010860a92ceb5f8fcb82,Quad,FlyQuest,LCS,NACL 35 games (FlyQuest NZXT),Amérique du Nord,Ligue majeure,Mid,90,604.0,193.0,783.0,20.0,0.0,0.0
oe:player:78f78a8aa2c5d6bae8a64d6950bbb0f,Cryin,EDward Gaming,LPL,,Chine,Ligue majeure,Mid,75,603.0,216.0,-148.0,20.0,0.0,0.0
oe:player:bb6ac5763c6576e104a7a2f59eb4ddf,Labrov,Team BDS,LEC,,EMEA,Ligue majeure,Support,81,599.0,228.0,441.0,27.0,0.0,0.0
oe:player:1efc4e5732e91520d03385900b903f9,Thanatos,Cloud9,LCS,,Amérique du Nord,Ligue majeure,Top,24,598.0,227.0,714.0,28.0,0.0,0.0
oe:player:1a75a7cf8c98442be881fed562346f5,Sylvie,Nongshim RedForce,LCK,,Corée,Ligue majeure,Jungle,91,598.0,215.0,-394.0,26.0,0.0,0.0
oe:player:05326a1c42e9c27a1067768c88955e7,Beichuan,ThunderTalk Gaming,LPL,,Chine,Ligue majeure,Jungle,74,595.0,227.0,-95.0,23.0,0.0,0.0
oe:player:542b1268b090a5fc82442efbd8d8165,Angel,Oh My God,LPL,,Chine,Ligue majeure,Mid,69,593.0,216.0,-196.0,21.0,0.0,0.0
oe:player:615b1f347cdf6bc6df1883ed9e18496,ppgod,Oh My God,LPL,,Chine,Ligue majeure,Support,75,592.0,219.0,-132.0,18.0,0.0,0.0
oe:player:568fe19f3078824aeca0056e28081bb,FoFo,Team WE,LPL,,Chine,Ligue majeure,Mid,76,592.0,219.0,-204.0,20.0,0.0,0.0
oe:player:5450c7731de19c131ce20ea74933cc2,ISMA,SK Gaming,LEC,,EMEA,Ligue majeure,Jungle,52,591.0,229.0,398.0,33.0,0.0,0.0
oe:player:027a5217b659e8bedb70978dea494d6,Irrelevant,SK Gaming,LEC,,EMEA,Ligue majeure,Top,52,591.0,229.0,351.0,31.0,0.0,0.0
oe:player:f886838ee1808c2f217208267a829ce,haichao,LGD Gaming,LPL,,Chine,Ligue majeure,Mid,82,589.0,227.0,-220.0,22.0,0.0,0.0
oe:player:dea5251e486aed942e1bc06e1d5c116,Life,FunPlus Phoenix,LPL,,Chine,Ligue majeure,Support,86,587.0,226.0,-157.0,17.5,0.0,0.0
oe:player:3205348b11b8cf2b6663318b143928f,Able,Team WE,LPL,,Chine,Ligue majeure,ADC,52,587.0,210.0,-178.0,23.0,0.0,0.0
oe:player:2452114de900ce4bb971851b668786d,Hype,KT Rolster Challengers,LCKC,,Corée,Deuxième niveau,ADC,130,586.0,224.0,1663.0,1.0,0.63,1.0
oe:player:605821ebcf6a2e53f03ec6e8e463d1b,Duro,BNK FEARX,LCK,LCKC 63 games (BNK FEARX Youth),Corée,Ligue majeure,Support,109,585.0,200.0,-405.0,27.0,0.0,0.0
oe:player:bd6a2e6aaeb993fd29f43790265297f,Ucal,ThunderTalk Gaming,LPL,,Chine,Ligue majeure,Mid,74,583.0,227.0,-249.0,20.0,0.0,0.0
oe:player:8f862245fbdb4d065e46c83630b9495,nuc,Team BDS,LEC,,EMEA,Ligue majeure,Mid,81,581.0,228.0,378.0,25.0,0.0,0.0
oe:player:7fdedd3126915607d5c8f42f8239253,Pleata,Kiwoom DRX,LCK,,Corée,Ligue majeure,Support,89,576.0,220.0,-449.0,24.0,0.0,0.0
oe:player:57ac9f77eae511aeee1e854434f73f2,HOYA,ThunderTalk Gaming,LPL,,Chine,Ligue majeure,Top,74,571.0,227.0,-199.0,23.0,0.0,0.0
oe:player:566586ef99b39b57e9c85c59f021da5,Burdol,LGD Gaming,LPL,,Chine,Ligue majeure,Top,82,569.0,227.0,-209.0,26.0,0.0,0.0
oe:player:a22a6d1fe8786cf83675e2d932fbffe,JunJia,PSG Talon,PCS,,Asie-Pacifique,Ligue majeure,Jungle,99,569.0,222.0,2105.0,42.0,0.0,0.0
oe:player:460ae5a7af8d68f7831b70307210ab3,Berserker,Cloud9,LCS,,Amérique du Nord,Ligue majeure,ADC,47,564.0,229.0,602.0,31.0,0.0,0.0
oe:player:ed455f823b6586e9e3621dfb5aeb42e,Blaber,Cloud9,LCS,,Amérique du Nord,Ligue majeure,Jungle,47,564.0,229.0,416.0,33.0,0.0,0.0
oe:player:5ef70ecd799a70ebbda239cd9a9f1e7,Andil,DN SOOPers,LCK,,Corée,Ligue majeure,Support,80,563.0,210.0,-515.0,22.0,0.0,0.0
oe:player:fd22b656b23ca07a276181a4953ba2c,Photon,Team Vitality,LEC,,EMEA,Ligue majeure,Top,46,555.0,231.0,175.0,32.0,0.0,0.0
oe:player:71e322edca168eb865e0d914f44bae7,Wayward,Team WE,LPL,,Chine,Ligue majeure,Top,76,555.0,219.0,-280.0,25.0,0.0,0.0
oe:player:8a8f18e4b7d0f30c19c5fb99a526951,Elyoya,MAD Lions KOI,LEC,,EMEA,Ligue majeure,Jungle,85,554.0,228.0,217.0,36.0,0.0,0.0
oe:player:845ea84cec22236278388f19fcd20bf,HamBak,KT Rolster Challengers,LCKC,,Corée,Deuxième niveau,Jungle,132,554.0,224.0,1130.0,1.0,0.503,1.0
oe:player:83eb62484689106807fcf5ad55b5479,Jojopyun,Cloud9,LCS,,Amérique du Nord,Ligue majeure,Mid,47,552.0,229.0,522.0,28.0,0.0,0.0
oe:player:24cd6812f523cf30c3502344539be6f,FATE,HANJIN BRION,LCK,,Corée,Ligue majeure,Mid,19,550.0,225.0,-1051.0,,,
oe:player:690b0e230ff417c12603841195f6d42,Kepler,LGD Gaming,LPL,,Chine,Ligue majeure,ADC,20,549.0,226.0,-366.0,25.0,0.0,0.0
oe:player:863519e5df81ff9b308c90f6a59495b,xiaofang,Oh My God,LPL,,Chine,Ligue majeure,Jungle,55,548.0,219.0,-326.0,28.0,0.0,0.0
oe:player:39d7885ab4602a7f8d202883d253f5e,Wink,EDward Gaming,LPL,,Chine,Ligue majeure,Support,75,548.0,216.0,-349.0,23.0,0.0,0.0
oe:player:66d0ff0f8f9b5296770c1dbda549950,Ahn,Invictus Gaming,LPL,,Chine,Ligue majeure,ADC,81,547.0,211.0,-380.0,24.0,0.0,0.0
oe:player:7334616e303b11d70b3f50a76e197a1,GLFS,Invictus Gaming,LPL,,Chine,Ligue majeure,Jungle,49,544.0,216.0,-350.0,26.5,0.0,0.0
oe:player:72bd7f020390328891f8595b5a2136f,Azhi,PSG Talon,PCS,,Asie-Pacifique,Ligue majeure,Top,108,541.0,224.0,2247.0,38.0,0.0,0.0
oe:player:8007ba25dee37ac1e4445a6e9f8d252,Xiaoxu,Rare Atom,LPL,,Chine,Ligue majeure,Top,78,540.0,223.0,-354.0,29.0,0.0,0.0
oe:player:baf26814ef7b2f10fac33a00c3d53a3,Willer,BNK FEARX Youth,LCKC,LCK 43 games (BNK FEARX),Corée,Deuxième niveau,Jungle,94,539.0,207.0,1057.0,4.0,0.027,0.52
oe:player:81acc6bcde5c927c78e0990e9887f84,Vulcan,Cloud9,LCS,,Amérique du Nord,Ligue majeure,Support,47,539.0,229.0,306.0,32.0,0.0,0.0
oe:player:559813e734d182e8896481003507b1f,Pullbae,HANJIN BRION Challengers,LCKC,,Corée,Deuxième niveau,Mid,22,539.0,221.0,1044.0,4.0,0.0,0.36
oe:player:7adc518d589f32912c06de8dae7848e,Nisqy,SK Gaming,LEC,,EMEA,Ligue majeure,Mid,52,538.0,229.0,165.0,29.0,0.0,0.0
oe:player:d709285b163a94af9d819e568c592ba,VicLa,Rare Atom,LPL,,Chine,Ligue majeure,Mid,78,538.0,223.0,-474.0,25.0,0.0,0.0
oe:player:db820b983e253a5e5926aa8cd8d1a82,Iwandy,Royal Never Give Up,LPL,,Chine,Ligue majeure,Support,59,535.0,212.0,-415.0,24.0,0.0,0.0
oe:player:7e754adda86a60e0a39d7204ba60424,Betty,PSG Talon,PCS,,Asie-Pacifique,Ligue majeure,ADC,108,531.0,224.0,1727.0,40.0,0.0,0.0
oe:player:f5bf9bd732b85e4dcab5121e4769ae4,Alvaro,MAD Lions KOI,LEC,,EMEA,Ligue majeure,Support,85,531.0,228.0,99.0,37.0,0.0,0.0
oe:player:1223a0ed2bfab9b714c72d965df8133,Supa,MAD Lions KOI,LEC,,EMEA,Ligue majeure,ADC,85,527.0,228.0,63.0,37.0,0.0,0.0
oe:player:da3299cd46f1ad8a86bbadeb6b8a320,Assum,Rare Atom,LPL,,Chine,Ligue majeure,ADC,78,527.0,223.0,-476.0,29.0,0.0,0.0
oe:player:7577c239c73fa5f3011cd7b5503e75e,Canna,Karmine Corp,LEC,,EMEA,Ligue majeure,Top,21,526.0,235.0,30.0,31.0,0.0,0.0
oe:player:f02f1c8275084050765b4b6414bdfda,Fudge,Cloud9,LCS,,Amérique du Nord,Ligue majeure,Top,23,525.0,227.0,347.0,38.0,0.0,0.0
oe:player:b6f837c8bd1b510dd3f77ee8c903c30,Ignar,GiantX,LEC,,EMEA,Ligue majeure,Support,48,524.0,229.0,66.0,32.0,0.0,0.0
oe:player:ede24d5e0911d7a4f6ec514a67802ff,Myrwn,MAD Lions KOI,LEC,,EMEA,Ligue majeure,Top,85,524.0,228.0,16.0,35.0,0.0,0.0
oe:player:252de481e83ab0bc87aada93aeb424c,vital,Nongshim RedForce,LCK,LCKC 89 games (Nongshim Esports Academy),Corée,Ligue majeure,ADC,100,523.0,212.0,-720.0,33.0,0.0,0.0
oe:player:efced9552c6030d0beaf318ee62926a,Jinjiao,LGD Gaming,LPL,,Chine,Ligue majeure,Support,82,521.0,227.0,-484.0,27.0,0.0,0.0
oe:player:31b5f1d49f55acb4ee7624813bda6b2,Woody,PSG Talon,PCS,,Asie-Pacifique,Ligue majeure,Support,108,517.0,224.0,1891.0,42.0,0.0,0.0
oe:player:ec0c2b8d7630efba391c288765d4d7e,Carzzy,Team Vitality,LEC,,EMEA,Ligue majeure,ADC,46,516.0,231.0,6.0,37.0,0.0,0.0
oe:player:5eb466e63c91a4ccf328f21715e51ae,Vetheo,Team Vitality,LEC,,EMEA,Ligue majeure,Mid,46,516.0,231.0,52.0,30.0,0.0,0.0
oe:player:8643b56ba8000250b81fdaca1d7f06e,Jiwoo,Nongshim RedForce,LCK,,Corée,Ligue majeure,ADC,92,514.0,214.0,-763.0,32.0,0.0,0.0
oe:player:6fbf57b984dbf130701e09ea4110bb8,Rich,Dignitas,LCS,,Amérique du Nord,Ligue majeure,Top,18,514.0,240.0,291.0,,,
oe:player:e3aa452243a476669824e52c1b7fc6b,Maple,PSG Talon,PCS,,Asie-Pacifique,Ligue majeure,Mid,108,510.0,224.0,1760.0,35.0,0.0,0.0
oe:player:da9f969a7ab3819b9e528072aa4d5e6,Siwoo,Dplus Kia Challengers,LCKC,,Corée,Deuxième niveau,Top,136,508.0,219.0,1212.0,2.0,0.257,0.983
oe:player:dbe844fcbbc7f54654e54242e79acac,Eyla,100 Thieves,LCS,,Amérique du Nord,Ligue majeure,Support,67,506.0,227.0,138.0,39.0,0.0,0.0
oe:player:d80590035c13589acfbdd2b2dcb6077,Aspire,EDG Youth Team,LDL,,Chine,Deuxième niveau,Top,62,503.0,249.0,1716.0,2.0,0.377,0.757
oe:player:3126bca5d4d2555ba3b460699508e16,Pollu,HANJIN BRION,LCK,LCKC 15 games (HANJIN BRION Challengers),Corée,Ligue majeure,Support,97,501.0,197.0,-823.0,32.0,0.0,0.0
oe:player:3f4027dc08a489bd4d5390913f5dc71,Sponge,Kiwoom DRX,LCK,,Corée,Ligue majeure,Jungle,88,500.0,221.0,-886.0,32.0,0.0,0.0
oe:player:8b73af38e98bccab6f86930c75a9450,Trymbi,Team Heretics,LEC,,EMEA,Ligue majeure,Support,31,500.0,230.0,-54.0,40.0,0.0,0.0
oe:player:96da046ebab4cac9bcba2c9afd85999,Closer,Karmine Corp,LEC,,EMEA,Ligue majeure,Jungle,21,498.0,235.0,-64.0,34.0,0.0,0.0
oe:player:95082306f78780da5686f118c993366,Doggo,Ultra Prime,LPL,,Chine,Ligue majeure,ADC,74,496.0,224.0,-635.0,33.0,0.0,0.0
oe:player:73e08f7701a4316284cbe884b5d7e56,Kiaya,GAM Esports,VCS,,Asie-Pacifique,Ligue majeure,Top,98,496.0,224.0,1564.0,38.0,0.0,0.0
oe:player:f45792335d83b10581da2f0cbdd6e8e,Saint,Dplus Kia Challengers,LCKC,,Corée,Deuxième niveau,Mid,121,496.0,230.0,830.0,3.0,0.007,0.9
oe:player:b42e757e6ed7f3eb263f69eb034f092,Solokill,EDward Gaming,LPL,,Chine,Ligue majeure,Top,39,496.0,223.0,-573.0,31.0,0.0,0.0
oe:player:2b5fa564a1259b97bc238fbfa719b07,Teddy,Kiwoom DRX,LCK,,Corée,Ligue majeure,ADC,81,495.0,218.0,-855.0,33.0,0.0,0.0
oe:player:0be01924125adebc1a95bbb09d0c4d1,Starry,Oh My God,LPL,,Chine,Ligue majeure,ADC,41,495.0,218.0,-639.0,30.0,0.0,0.0
oe:player:145f64f1760a3fc2eac89c8f29c3083,Levi,GAM Esports,VCS,,Asie-Pacifique,Ligue majeure,Jungle,98,494.0,224.0,1397.0,40.0,0.0,0.0
oe:player:e5f6c83e6e97c74fc9e9760fc8972ae,Eddie,Team Secret,VCS,,Asie-Pacifique,Ligue majeure,ADC,27,493.0,235.0,1234.0,48.0,0.0,0.0
oe:player:44189e6dc3089dbf9520de800fa705a,Keduii,Team BDS Academy,LFL,,EMEA,Deuxième niveau,ADC,98,491.0,224.0,1558.0,10.0,0.0,0.31
oe:player:a7b51467f09577883d7150f37393964,naiyou,Rare Atom,LPL,,Chine,Ligue majeure,Jungle,45,490.0,223.0,-620.0,34.0,0.0,0.0
oe:player:8f8eaac8e99c203ee76e57c5c81c91f,Quid,100 Thieves,LCS,,Amérique du Nord,Ligue majeure,Mid,67,490.0,227.0,215.0,33.0,0.0,0.0
oe:player:60b1614a632775c97a37a57bda799f2,GIDEON,HANJIN BRION,LCK,,Corée,Ligue majeure,Jungle,40,487.0,213.0,-951.0,31.0,0.0,0.0
oe:player:5d11b64cb0cf93ea4a5e5c6977aff59,H4cker,Ultra Prime,LPL,,Chine,Ligue majeure,Jungle,74,485.0,224.0,-645.0,35.0,0.0,0.0
oe:player:ce76a8fc639b0cc96da48c76bc0bbeb,Lwx,Royal Never Give Up,LPL,,Chine,Ligue majeure,ADC,34,483.0,225.0,-696.0,31.0,0.0,0.0
oe:player:18a70ca6e551b080cf886828cc18394,Sharvel,Dplus Kia Challengers,LCKC,,Corée,Deuxième niveau,Jungle,121,482.0,230.0,768.0,3.0,0.0,1.0
oe:player:e2c655411d8d95ef73d8026704f5e7a,Rahel,SK Gaming,LEC,LCKC 59 games (Dplus Kia Challengers),EMEA,Ligue majeure,ADC,78,481.0,205.0,-169.0,41.0,0.0,0.0
oe:player:cda093b28f577696b82604fb20037ad,Fresskowy,MAD Lions KOI,LEC,,EMEA,Ligue majeure,Mid,85,481.0,228.0,-123.0,33.0,0.0,0.0
oe:player:030a726de315d9ad86989bf360809e9,Prince,Team WE,LPL,,Chine,Ligue majeure,ADC,22,480.0,225.0,-711.0,27.0,0.0,0.0
oe:player:ec0971fb900874b1c59179d9cd33687,Kaiser,Team Heretics,LEC,,EMEA,Ligue majeure,Support,14,477.0,235.0,-170.0,,,
oe:player:92c21511d7b383b2f8ba5b00c3c9a47,Bull,DN SOOPers Challengers,LCKC,LCK 42 games (DN SOOPers),Corée,Deuxième niveau,ADC,72,476.0,195.0,1114.0,2.0,0.37,1.0
oe:player:a2f6e754fc2b358f7786f52decb4274,Jankos,Team Heretics,LEC,,EMEA,Ligue majeure,Jungle,45,476.0,228.0,-174.0,41.0,0.0,0.0
oe:player:b0e54ad49a5ce7a200bcb877eee7ed9,Envyy,HANJIN BRION,LCK,,Corée,Ligue majeure,ADC,70,474.0,204.0,-962.0,28.0,0.0,0.0
oe:player:da87886941820cfc2eee112d0143e90,Abbedagge,Karmine Corp Blue,LFL,,EMEA,Deuxième niveau,Mid,47,474.0,218.0,1295.0,21.0,0.0,0.077
oe:player:a7f0b16a54f4bd0dcb6fb7bb625b3cb,Bugi,Shopify Rebellion,LCS,,Amérique du Nord,Ligue majeure,Jungle,24,473.0,230.0,-34.0,41.0,0.0,0.0
oe:player:1806cb4175771800d1d1ace2817103c,Zwyroo,Team Heretics,LEC,LES 16 games (Team Heretics Academy),EMEA,Ligue majeure,Mid,47,469.0,208.0,-180.0,36.0,0.0,0.0
oe:player:d937c56d0e6fc8da601cb7a51baa3ab,Yuekai,Ultra Prime,LPL,,Chine,Ligue majeure,Mid,74,468.0,224.0,-824.0,29.0,0.0,0.0
oe:player:e5feef89d633a666eeaaf6392ca2fa9,YoungJae,HANJIN BRION,LCK,,Corée,Ligue majeure,Jungle,43,465.0,208.0,-1060.0,39.0,0.0,0.0
oe:player:2e7d6bbb048c7e1ff0eb4d8e3bbad9a,Kati,MGN Vikings Esports,VCS,,Asie-Pacifique,Ligue majeure,Mid,83,462.0,223.0,1196.0,37.0,0.0,0.0
oe:player:51e28d43b390b67473879ff47a7f3ff,pinz,Weibo Gaming Youth Team,LDL,,Chine,Deuxième niveau,Mid,21,461.0,256.0,1415.0,7.0,0.0,0.18
oe:player:e52f23b6a2184dec178ea91f4738cfb,Qiang,Team Secret,VCS,,Asie-Pacifique,Ligue majeure,Jungle,27,460.0,235.0,1228.0,47.0,0.0,0.0
oe:player:dfe5b204f04f40a84019af080662259,Jwei,Rare Atom,LPL,,Chine,Ligue majeure,Support,72,460.0,205.0,-791.0,31.0,0.0,0.0
oe:player:eff6236e2369eaeccf4c9434031d20c,3XA,SK Gaming,LEC,,EMEA,Ligue majeure,ADC,33,458.0,229.0,-283.0,43.0,0.0,0.0
oe:player:8c6395564a23f3c2af8d378540012b0,Way,KT Rolster Challengers,LCKC,,Corée,Deuxième niveau,Support,118,458.0,230.0,820.0,1.0,0.507,0.99
oe:player:1dad889ff236635dc1e03d02312e79c,Patrik,GiantX,LEC,,EMEA,Ligue majeure,ADC,48,458.0,229.0,-283.0,37.0,0.0,0.0
oe:player:f73dde2d8c7879ae8d1fcdc03c4ffeb,Morgan,HANJIN BRION,LCK,,Corée,Ligue majeure,Top,96,457.0,210.0,-1154.0,37.0,0.0,0.0
oe:player:7c3395efccd48fe73592001501bef83,River,100 Thieves,LCS,,Amérique du Nord,Ligue majeure,Jungle,67,455.0,227.0,-126.0,41.0,0.0,0.0
oe:player:ab15060e5225b51592cd04b3aed1e09,SkewMond,Team BDS Academy,LFL,,EMEA,Deuxième niveau,Jungle,98,453.0,224.0,1076.0,19.0,0.0,0.29
oe:player:d11068c782573b34be81beb5a4eeb12,Wunder,Team Heretics,LEC,,EMEA,Ligue majeure,Top,45,452.0,228.0,-342.0,41.0,0.0,0.0
oe:player:a8ab1ca5ba5183bdad08a3f2eeeb95d,Reeker,Team BDS Academy,LFL,,EMEA,Deuxième niveau,Mid,98,452.0,224.0,1182.0,20.0,0.0,0.13
oe:player:1f7d70f56b608b3137df2493949fdd0,Bie,MGN Vikings Esports,VCS,,Asie-Pacifique,Ligue majeure,Support,81,451.0,209.0,1374.0,47.0,0.0,0.0
oe:player:eaf899c6268995f9b1e40d1932c6888,Targamas,Karmine Corp,LEC,,EMEA,Ligue majeure,Support,39,451.0,226.0,-302.0,42.0,0.0,0.0
oe:player:132ee4b29ebeac294a420dcebe64bdc,Zdz,FunPlus Phoenix,LPL,,Chine,Ligue majeure,Top,84,451.0,194.0,-796.0,31.0,0.0,0.0
oe:player:43fd9d566f444c866d63b47cb5bb064,Qingtian,Ultra Prime,LPL,LDL 57 games (Top Esports Challenger),Chine,Ligue majeure,Top,92,451.0,211.0,-800.0,45.0,0.0,0.0
oe:player:717bb4d71a2dab54e7020b1a8fde420,Flakked,Team Heretics,LEC,,EMEA,Ligue majeure,ADC,45,448.0,228.0,-332.0,44.0,0.0,0.0
oe:player:0a53c1102dafce61e89decc517b3175,Loki,Hanwha Life Esports Challengers,LCKC,,Corée,Deuxième niveau,Mid,99,448.0,226.0,587.0,6.0,0.0,0.493
oe:player:21d0c093d9553e0074a98c5b5880b4c,Elio,GAM Esports,VCS,,Asie-Pacifique,Ligue majeure,Support,98,444.0,224.0,1340.0,44.0,0.0,0.0
oe:player:c60da5e574122ce50763b8bddb93ab9,Luon,SK Gaming,LEC,LCKC 59 games (Nongshim Esports Academy),EMEA,Ligue majeure,Support,78,442.0,208.0,-345.0,42.0,0.0,0.0
oe:player:40704dfd2d966862568d29770de57bd,Isles,Dignitas,LCS,,Amérique du Nord,Ligue majeure,Support,48,441.0,224.0,-183.0,40.0,0.0,0.0
oe:player:ce28845b29a373002c28c8e1552fc62,Daisy,Weibo Gaming Youth Team,LDL,,Chine,Deuxième niveau,Jungle,18,437.0,257.0,1327.0,,,
oe:player:204746c853a12888ad72d8035cdf8c7,Jackies,GiantX,LEC,,EMEA,Ligue majeure,Mid,48,436.0,229.0,-347.0,31.0,0.0,0.0
oe:player:e2af2b779499aa25ab9a9c10c9a5ffd,Caliste,Karmine Corp Blue,LFL,,EMEA,Deuxième niveau,ADC,87,434.0,219.0,1275.0,17.0,0.0,0.283
oe:player:616adb4ec01c2749816f39ab035c677,Geju,Royal Never Give Up,LPL,,Chine,Ligue majeure,Jungle,12,433.0,236.0,-905.0,,,
oe:player:2b819506567c258f6fffdd4ec78ca0c,Odoamne,GiantX,LEC,,EMEA,Ligue majeure,Top,27,431.0,228.0,-449.0,43.0,0.0,0.0
oe:player:effd5b04b5d98b779f0a6162c40735a,Fisher,Nongshim RedForce,LCK,LPL 33 games (EDward Gaming),Corée,Ligue majeure,Mid,73,431.0,195.0,-1648.0,35.0,0.0,0.0
oe:player:99ce2ea4de279c28bb0315848da8a48,Summit,Movistar R7,LLA,,Brésil & Amérique latine,Ligue majeure,Top,81,430.0,231.0,1343.0,48.0,0.0,0.0
oe:player:fe4329cec43193c425eb28a4a4b304a,Upset,Karmine Corp,LEC,,EMEA,Ligue majeure,ADC,39,430.0,226.0,-421.0,45.0,0.0,0.0
oe:player:4e09acc2529add19ff0686b1341e3d0,Ming,Royal Never Give Up,LPL,,Chine,Ligue majeure,Support,50,426.0,221.0,-961.0,37.0,0.0,0.0
oe:player:4bb53c6fa9f5d75901136feb8bdf817,JNX,Team BDS Academy,LFL,,EMEA,Deuxième niveau,Top,103,425.0,216.0,1185.0,17.0,0.0,0.233
oe:player:38e0af7278d6769d0c81d7c4b47ac1e,Soboro,BNK FEARX Youth,LCKC,,Corée,Deuxième niveau,Top,55,422.0,223.0,780.0,5.0,0.0,0.673
oe:player:9a78213b3bc77c76369c2aca27257b9,MnM,Frank Esports,PCS,,Asie-Pacifique,Ligue majeure,ADC,39,418.0,214.0,1165.0,60.0,0.0,0.0
oe:player:6d664d1402cd16be08e335feacf73b0,huanfeng,Royal Never Give Up,LPL,,Chine,Ligue majeure,ADC,31,418.0,224.0,-1025.0,40.0,0.0,0.0
oe:player:3335a55ba853c9cd5a724876fd305a4,Emo,GAM Esports,VCS,,Asie-Pacifique,Ligue majeure,Mid,72,417.0,219.0,969.0,39.0,0.0,0.0
oe:player:60d1428b9206634f3feb66e4b8ebd59,Shogun,MGN Vikings Esports,VCS,,Asie-Pacifique,Ligue majeure,ADC,83,417.0,223.0,853.0,50.0,0.0,0.0
oe:player:fbadcf84fcfb01a251de88055f631cb,Spica,Dignitas,LCS,,Amérique du Nord,Ligue majeure,Jungle,30,413.0,232.0,-338.0,46.0,0.0,0.0
oe:player:007be3acd5669d100711b13d79e2336,Sniper,100 Thieves,LCS,,Amérique du Nord,Ligue majeure,Top,67,411.0,227.0,-224.0,41.0,0.0,0.0
oe:player:637ed20b1e41be1c51bd1a4cb211357,Raptor,BNK FEARX,LCK,LCKC 47 games (BNK FEARX Youth),Corée,Ligue majeure,Jungle,95,410.0,206.0,-1334.0,46.0,0.0,0.0
oe:player:a9cfbc13e22eefdd22af7b346ce2af4,Parus,Team BDS Academy,LFL,,EMEA,Deuxième niveau,Support,98,407.0,224.0,1024.0,18.5,0.03,0.277
oe:player:ad3bf81f37b9dddba943b53f7670c57,Decade,Ultra Prime,LPL,,Chine,Ligue majeure,Top,39,407.0,224.0,-1019.0,39.0,0.0,0.0
oe:player:1b90b5086aa57992143a92a2899b8e0,Taki,Team Secret,VCS,,Asie-Pacifique,Ligue majeure,Support,75,407.0,218.0,1153.0,49.0,0.0,0.0
oe:player:88bba3108e62145a9780becd3eb553d,Jiejie,EDward Gaming,LPL,,Chine,Ligue majeure,Jungle,47,407.0,219.0,-1035.0,37.0,0.0,0.0
oe:player:f6d8ec0afe458e19c057c1407d7da27,Aress,Team Secret,VCS,,Asie-Pacifique,Ligue majeure,Mid,75,404.0,218.0,906.0,40.0,0.0,0.0
oe:player:37b0ff747a3bc11f577c0a05f0dedd1,Samver,HANJIN BRION,LCK,LCKC 16 games (HANJIN BRION Challengers),Corée,Ligue majeure,ADC,34,404.0,210.0,-1313.0,41.0,0.0,0.0
oe:player:9191e392e93a6ef011ef76b5b83ee6c,huhi,NRG,LCS,,Amérique du Nord,Ligue majeure,Support,44,403.0,231.0,-376.0,47.0,0.0,0.0
oe:player:a23b45071ea855f85e43db4b5a1683d,Monki,EDward Gaming,LPL,,Chine,Ligue majeure,Jungle,27,402.0,222.0,-1056.0,36.0,0.0,0.0
oe:player:41ad87cfc159526f62529db61162a2a,Vampire,Invictus Gaming,LPL,,Chine,Ligue majeure,Support,77,401.0,210.0,-1086.0,36.0,0.0,0.0
oe:player:72988c6600adbb46551a7b0aa75994d,Tomrio,MGN Vikings Esports,VCS,,Asie-Pacifique,Ligue majeure,Jungle,10,400.0,242.0,928.0,,,
oe:player:5ae7a60e2b2349c8bae7dbb67a394c9,Finn,Rogue,LEC,,EMEA,Ligue majeure,Top,20,400.0,231.0,-602.0,47.0,0.0,0.0
oe:player:c78788a736a0c7e5a77890144fd2986,Quantum,DN SOOPers Challengers,LCKC,LCK 14 games (DN SOOPers),Corée,Deuxième niveau,Support,82,400.0,199.0,529.0,3.0,0.12,0.697
oe:player:00e1677908b0a579a5870fbad836dcc,QiuQiu,ThunderTalk Gaming,LPL,,Chine,Ligue majeure,Support,42,400.0,218.0,-1091.0,35.0,0.0,0.0
oe:player:06949098a2429144926399c68837b22,Thesnake,EDward Gaming,LPL,,Chine,Ligue majeure,ADC,37,399.0,216.0,-1116.0,40.0,0.0,0.0
oe:player:4e07c3a412cda9ddf875cc14c65efc4,Courage,DN SOOPers Challengers,LCKC,,Corée,Deuxième niveau,Jungle,104,397.0,231.0,345.0,6.0,0.0,0.37
oe:player:68b69d02b573e1267bc72c502debfa7,Ninefog,Invictus Gaming Young,LDL,,Chine,Deuxième niveau,Mid,21,396.0,248.0,1087.0,10.0,0.003,0.157
oe:player:10fcffece0ac7be85f09c4b51a75762,Zven,Dignitas,LCS,,Amérique du Nord,Ligue majeure,ADC,30,396.0,232.0,-236.0,50.0,0.0,0.0
oe:player:a408b9f6a7b5f82bfac03a88e026986,SofM,MGN Vikings Esports,VCS,,Asie-Pacifique,Ligue majeure,Support,10,395.0,242.0,1091.0,,,
oe:player:1d43b8dc600eba61cd7dd2cd8d6baf6,SAKEN,Karmine Corp,LEC,,EMEA,Ligue majeure,Mid,18,393.0,234.0,-565.0,,,
oe:player:0634d9e86284da2fae4e1438d564eee,Perkz,Team Heretics,LEC,,EMEA,Ligue majeure,Mid,14,393.0,235.0,-564.0,,,
oe:player:3c784fdd6a025028ad063525c14027a,Hylissang,Team Vitality,LEC,,EMEA,Ligue majeure,Support,46,393.0,231.0,-592.0,41.0,0.0,0.0
oe:player:91156e269529ff2e4742e58f9d65e5c,Coward,EDG Youth Team,LDL,,Chine,Deuxième niveau,Jungle,61,392.0,255.0,1103.0,6.0,0.0,0.497
oe:player:64d71b4eabcd8de0a1d64bd6d5973c5,Rise,Weibo Gaming Youth Team,LDL,,Chine,Deuxième niveau,ADC,50,391.0,240.0,1291.0,5.0,0.0,0.563
oe:player:55276c10d84e1df7713b441e76e141f,Rest,CTBC Flying Oyster,PCS,,Asie-Pacifique,Ligue majeure,Top,41,391.0,219.0,1494.0,51.0,0.0,0.0
oe:player:308e48bf56284c09a1a9aadf55bc80c,kyeahoo,Kiwoom DRX Challengers,LCKC,LCK 49 games (Kiwoom DRX),Corée,Deuxième niveau,Mid,96,390.0,200.0,300.0,5.0,0.03,0.537
oe:player:1b481e5ac2a687de752b330bee95ce8,Renard,EDG Youth Team,LDL,,Chine,Deuxième niveau,Mid,59,386.0,254.0,1040.0,9.0,0.0,0.07
oe:player:937dc5479c6416d1ad4997538144f6e,Zorah,Rare Atom,LPL,,Chine,Ligue majeure,Support,47,385.0,212.0,-1167.0,41.0,0.0,0.0
oe:player:52b4f060a577ff87c99118d97fa75f4,Josedeodo,Estral Esports,LLA,,Brésil & Amérique latine,Ligue majeure,Jungle,74,385.0,234.0,1180.0,51.0,0.0,0.0
oe:player:c942f21cd85aaf8d7892aa712e3e2ce,Frog,Kiwoom DRX Challengers,LCKC,LCK 21 games (Kiwoom DRX),Corée,Deuxième niveau,Top,73,384.0,206.0,589.0,5.0,0.02,0.517
oe:player:1b26a8bba6e841f1c375b283db5c1c6,Keine,Movistar R7,LLA,,Brésil & Amérique latine,Ligue majeure,Mid,40,384.0,221.0,1048.0,44.0,0.0,0.0
oe:player:3ee0c18b85e7bb8eaad86d58498e27d,Juhan,GiantX,LEC,LES 22 games (GIANTX iTero),EMEA,Ligue majeure,Jungle,43,383.0,211.0,-637.0,60.0,0.0,0.0
oe:player:94e552221e552e3ebaaeefff76fd6ea,Gori,CTBC Flying Oyster,PCS,,Asie-Pacifique,Ligue majeure,Mid,69,381.0,225.0,1118.0,47.0,0.0,0.0
oe:player:0101bf828e44b2630d500590c4ad461,Gury,MGN Vikings Esports,VCS,,Asie-Pacifique,Ligue majeure,Jungle,73,380.0,225.0,825.0,49.0,0.0,0.0
oe:player:10be1f35d8b5ea6babf916a6e7dd8a4,Fleshy,Karmine Corp Blue,LFL,,EMEA,Deuxième niveau,Support,87,380.0,219.0,892.0,25.0,0.0,0.153
oe:player:a74c2977c1fc826e9e7bdb6b224a141,Mark,Team WE,LPL,,Chine,Ligue majeure,Support,47,380.0,207.0,-1187.0,39.0,0.0,0.0
oe:player:d8362fe0d38ca0e70953ed957deaa00,Rekkles,T1 Esports Academy,LCKC,,Corée,Deuxième niveau,Support,104,379.0,233.0,427.0,7.0,0.003,0.317
oe:player:e03d0722b6dce835cde3268c08c4f54,Licorice,Dignitas,LCS,,Amérique du Nord,Ligue majeure,Top,30,379.0,232.0,-381.0,46.0,0.0,0.0
oe:player:44744b6de7f1fa0b93d0e9b7ea328fc,ProDelta,Vivo Keyd Stars,CBLOL,,Brésil & Amérique latine,Ligue majeure,Support,71,378.0,233.0,926.0,55.0,0.0,0.0
oe:player:87f7503a6cdacffa612aeee7f04cc7c,Callme,Nongshim Esports Academy,LCKC,LCK 36 games (Nongshim RedForce),Corée,Deuxième niveau,Mid,63,376.0,210.0,228.0,4.0,0.233,0.657
oe:player:d61d8a0b25028f787123bfff542d305,Guigo,Vivo Keyd Stars,CBLOL,,Brésil & Amérique latine,Ligue majeure,Top,71,375.0,233.0,1070.0,54.0,0.0,0.0
oe:player:7a8be380f1f059a62c13e9969628588,neny,Invictus Gaming,LPL,LDL 50 games (Invictus Gaming Young),Chine,Ligue majeure,Mid,90,374.0,210.0,-1292.0,41.0,0.0,0.0
oe:player:407b2b8fcb2fd977fc766d5df3f4dff,Hery,Oh My God,LPL,,Chine,Ligue majeure,Top,70,374.0,199.0,-1183.0,36.5,0.0,0.0
oe:player:6378658dafc3eeb902fa2e52f909172,Tomo,100 Thieves,LCS,NACL 17 games (Disguised),Amérique du Nord,Ligue majeure,ADC,65,371.0,194.0,-363.0,45.0,0.0,0.0
oe:player:73d2b65353d7b00e0f198ffdc085edc,FBI,NRG,LCS,,Amérique du Nord,Ligue majeure,ADC,44,366.0,231.0,-390.0,51.0,0.0,0.0
oe:player:147a53ba717927e418ef4c86d4c9c18,Smiley,Vivo Keyd Stars,CBLOL,,Brésil & Amérique latine,Ligue majeure,ADC,71,364.0,233.0,1066.0,58.0,0.0,0.0
oe:player:5399ceb619dbb13525a0d52c97acea5,Nanaue,MGN Vikings Esports,VCS,,Asie-Pacifique,Ligue majeure,Top,46,364.0,227.0,907.0,49.0,0.0,0.0
oe:player:5668835973c50fc6be8c587752c1ecf,Starlit,Gen.G Global Academy,LCKC,,Corée,Deuxième niveau,Mid,47,363.0,224.0,164.0,10.0,0.0,0.027
oe:player:4db47d64e2721bf7a93ebf42e488852,Meech,100 Thieves,LCS,,Amérique du Nord,Ligue majeure,ADC,37,362.0,221.0,-406.0,50.0,0.0,0.0
oe:player:15cf38bf8a684a1b5895ad3daa0e379,Leza,inf,LLA,,Brésil & Amérique latine,Ligue majeure,Mid,37,362.0,234.0,935.0,53.0,0.0,0.0
oe:player:87b0ff8e56b0ce96bc0a82ea5dc9a7e,Kuri,paiN Gaming,CBLOL,,Brésil & Amérique latine,Ligue majeure,Support,81,358.0,231.0,826.0,55.0,0.0,0.0
oe:player:bbd0c34fcf8166e45f1161815fefccf,Wayne,Dplus Kia Challengers,LCKC,,Corée,Deuxième niveau,ADC,69,357.0,210.0,521.0,4.0,0.0,0.687
oe:player:f52533de1cc92487ab58b973cd2490e,ZUIAN,Invictus Gaming,LPL,LDL 27 games (Invictus Gaming Young),Chine,Ligue majeure,Top,42,355.0,215.0,-1278.0,49.0,0.0,0.0
oe:player:67447707ec7cbde9ab25bfa2ed69877,DDoiV,HANJIN BRION Challengers,LCKC,LCK 10 games (HANJIN BRION),Corée,Deuxième niveau,Jungle,101,355.0,203.0,133.0,10.0,0.0,0.047
oe:player:9e7e94a4d1bafa6f0c407975207433b,Leleko,Vivo Keyd Stars,CBLOL,,Brésil & Amérique latine,Ligue majeure,Mid,67,355.0,220.0,820.0,51.0,0.0,0.0
oe:player:010c1b0d37c2b7459b215dae7ffeeac,Cabochard,Karmine Corp,LEC,,EMEA,Ligue majeure,Top,18,354.0,234.0,-831.0,,,
oe:player:b7411c6a095b1dc123931f3cb8d7af5,Berr,Kiwoom DRX Challengers,LCKC,,Corée,Deuxième niveau,Support,35,353.0,231.0,294.0,7.0,0.043,0.18
oe:player:e9a0da5ca2d009aeedf5afcfccffde5,Feng,Deep Cross Gaming,PCS,,Asie-Pacifique,Ligue majeure,ADC,73,351.0,204.0,828.0,59.0,0.0,0.0
oe:player:86a59ad7ba2334ad7505f303d3f2ab6,Casting,KT Rolster Challengers,LCKC,,Corée,Deuxième niveau,Top,127,351.0,216.0,424.0,5.0,0.0,0.6
oe:player:e9741b3a238723ea6380ef2113fae63,Loopy,Isurus,LLA,LCKC 59 games (Dplus Kia Challengers),Brésil & Amérique latine,Ligue majeure,Support,92,350.0,203.0,972.0,47.0,0.0,0.0
oe:player:63dd174baf11b12006e5dc29c2269a1,Maynter,Karmine Corp Blue,LFL,,EMEA,Deuxième niveau,Top,87,350.0,219.0,806.0,27.0,0.0,0.047
oe:player:946b74bfc34e861b344ae03700af039,Disamis,Vivo Keyd Stars,CBLOL,,Brésil & Amérique latine,Ligue majeure,Jungle,71,350.0,233.0,1091.0,54.0,0.0,0.0
oe:player:30b18cd72f0d41ae18f14378d2dab48,climber,LGD Gaming Young Team,LDL,,Chine,Deuxième niveau,Jungle,69,349.0,250.0,887.0,10.0,0.0,0.057
oe:player:494fc60dffbb5da1caa2226baef0ec7,Bvoy,Shopify Rebellion,LCS,,Amérique du Nord,Ligue majeure,ADC,28,349.0,231.0,-472.0,54.0,0.0,0.0
oe:player:219d2d945cfbd391d0ade5e352a1bc5,ceo,Movistar R7,LLA,,Brésil & Amérique latine,Ligue majeure,ADC,81,347.0,231.0,945.0,56.0,0.0,0.0
oe:player:302fc0d74b8f3631679ef97c40cabbd,rayq,CERBERUS Esports,VCS,,Asie-Pacifique,Ligue majeure,Jungle,27,347.0,235.0,661.0,55.0,0.0,0.0
oe:player:341e10748bb6d388250fd1f013e45a4,DnDn,Nongshim Esports Academy,LCKC,LCK 55 games (Nongshim RedForce),Corée,Deuxième niveau,Top,72,346.0,207.0,402.0,3.0,0.347,0.797
oe:player:de23ee5a66222e1e02da354414f2971,Oddie,Movistar R7,LLA,,Brésil & Amérique latine,Ligue majeure,Jungle,80,346.0,230.0,982.0,52.5,0.0,0.0
oe:player:6c2d19f781192a84726e07f68a531b6,Markoon,Rogue,LEC,,EMEA,Ligue majeure,Jungle,29,346.0,231.0,-827.0,50.0,0.0,0.0
oe:player:9daf04bfd9c8815cc827414f59f45af,Rascal,Kiwoom DRX,LCK,,Corée,Ligue majeure,Top,62,345.0,213.0,-1711.0,40.0,0.0,0.0
oe:player:655c522b43d1444e55a0a4615c2b59b,Grizzly,Hanwha Life Esports Challengers,LCKC,,Corée,Deuxième niveau,Jungle,118,344.0,224.0,77.0,10.0,0.0,0.077
oe:player:a4e6a5ed8e8fbfe85b99eb74e29b04a,Marcus,Team Flash,VCS,,Asie-Pacifique,Ligue majeure,Top,10,342.0,242.0,795.0,,,
oe:player:fddde6d256bee26713f64ad9b2a9394,Palafox,NRG,LCS,,Amérique du Nord,Ligue majeure,Mid,44,341.0,231.0,-531.0,41.0,0.0,0.0
oe:player:1c010180887360e5d6ab967fd93693d,TitaN,paiN Gaming,CBLOL,,Brésil & Amérique latine,Ligue majeure,ADC,81,341.0,231.0,950.0,59.0,0.0,0.0
oe:player:367fecc4cb53a8234abbd9f283b7997,Vladi,Karmine Corp,LEC,LFL 29 games (Karmine Corp Blue),EMEA,Ligue majeure,Mid,61,341.0,205.0,-822.0,58.0,0.0,0.0
oe:player:145201414ecb853de684fbe7d6bb5b6,Ackerman,Estral Esports,LLA,,Brésil & Amérique latine,Ligue majeure,Support,74,341.0,234.0,925.0,56.0,0.0,0.0
oe:player:a7128975a782c11d8c34525be8e1b6c,Erha,Weibo Gaming Youth Team,LDL,,Chine,Deuxième niveau,Support,14,340.0,254.0,1058.0,,,
oe:player:9ce0043331f3999cc2ee205ab7c2d73,Olleh,Immortals,LCS,,Amérique du Nord,Ligue majeure,Support,29,339.0,233.0,-694.0,54.0,0.0,0.0
oe:player:a2d7b8856032bf106783621b9afeb41,Lyonz,Movistar R7,LLA,,Brésil & Amérique latine,Ligue majeure,Support,80,339.0,230.0,918.0,54.0,0.0,0.0
oe:player:a66db93c9f417a2500c24e689ba0ccc,cody,Estral Esports,LLA,,Brésil & Amérique latine,Ligue majeure,Mid,74,337.0,234.0,812.0,49.0,0.0,0.0
oe:player:0ad6b88ff1affb81ce31248a4fe73d0,BeanJ,Team Whales,VCS,,Asie-Pacifique,Ligue majeure,Jungle,29,336.0,237.0,607.0,54.0,0.0,0.0
oe:player:8a5dbe19794784cfd0553556844f045,Contractz,NRG,LCS,,Amérique du Nord,Ligue majeure,Jungle,44,336.0,231.0,-720.0,47.0,0.0,0.0
oe:player:b0d8913d4dfb85c2325c0773ff52ae9,Bo,Karmine Corp,LEC,,EMEA,Ligue majeure,Jungle,18,335.0,234.0,-881.0,,,
oe:player:acb3a05894b7c57412b2d7e911e17dd,Kino,CTBC Flying Oyster Academy,PCL,,Asie-Pacifique,Deuxième niveau,Support,64,335.0,267.0,2550.0,24.0,0.003,0.017
oe:player:840d0b77e71408d3da84e4f0cae4b73,Wizer,paiN Gaming,CBLOL,,Brésil & Amérique latine,Ligue majeure,Top,81,334.0,231.0,864.0,55.0,0.0,0.0
oe:player:3e752f4ce84a615efa58e12cd31400e,Youdang,Weibo Gaming Youth Team,LDL,,Chine,Deuxième niveau,Jungle,15,333.0,246.0,808.0,,,
oe:player:285954244fdc2bcce532fb88a1e0ddb,Rooster,Hanwha Life Esports Challengers,LCKC,,Corée,Deuxième niveau,Top,118,330.0,224.0,319.0,8.0,0.0,0.073
oe:player:99e732def3601275db892c84fb85a0c,Career,Kiwoom DRX Challengers,LCKC,,Corée,Deuxième niveau,Support,47,330.0,227.0,182.0,5.0,0.01,0.517
oe:player:cde736d8f7facd352b22ef55b84bf0a,Dribble,ThunderTalk Gaming Young,LDL,,Chine,Deuxième niveau,Mid,59,329.0,244.0,753.0,13.5,0.003,0.137
oe:player:5e07433d52dbc7bbc4faaf9492dbd2c,CarioK,paiN Gaming,CBLOL,,Brésil & Amérique latine,Ligue majeure,Jungle,81,329.0,231.0,985.0,55.0,0.0,0.0
oe:player:0103d21d116b61eb55fa351242208cf,Kaiwing,Frank Esports,PCS,,Asie-Pacifique,Ligue majeure,Support,97,327.0,223.0,944.0,60.0,0.0,0.0
oe:player:127d6ec83484da3c8b39b70c70f1226,dyNquedo,paiN Gaming,CBLOL,,Brésil & Amérique latine,Ligue majeure,Mid,81,326.0,231.0,677.0,48.0,0.0,0.0
oe:player:0908c66a5c361f682282599e75b334f,SwordArt,CTBC Flying Oyster,PCS,,Asie-Pacifique,Ligue majeure,Support,71,326.0,227.0,940.0,59.0,0.0,0.0
oe:player:5385f74da3e5deb5b66d9a1ee56cf97,Dhokla,NRG,LCS,,Amérique du Nord,Ligue majeure,Top,44,325.0,231.0,-651.0,48.0,0.0,0.0
oe:player:97703d326201ee5bfa4694c7a73a2b4,Gloryy,Team Whales,VCS,,Asie-Pacifique,Ligue majeure,Mid,29,324.0,237.0,505.0,47.0,0.0,0.0
oe:player:b62ad612a8ad45faca9f4a6b9ecb31a,Juice,Royal Never Give Up,LPL,LDL 56 games (Royal Club),Chine,Ligue majeure,Top,79,324.0,214.0,-1435.0,49.0,0.0,0.0
oe:player:1c3f29080dd3dd4f666adbd6448cef4,Pungyeon,DN SOOPers Challengers,LCKC,,Corée,Deuxième niveau,Mid,109,324.0,226.0,-34.0,13.0,0.0,0.0
oe:player:0758af26fa0c3af6899bb1569059609,Lospa,FUT Esports,TCL,,EMEA,Deuxième niveau,Support,43,324.0,215.0,1565.0,39.5,0.0,0.003
oe:player:40cd014b7b6251e3a22e6a45a73a64e,Execute,BNK FEARX Youth,LCKC,LCK 54 games (BNK FEARX),Corée,Deuxième niveau,Support,89,324.0,204.0,150.0,3.0,0.277,0.68
oe:player:3c93fcbfb525315f6412904e5b9abbd,Tangyuan,Royal Never Give Up,LPL,,Chine,Ligue majeure,Mid,65,323.0,215.0,-1549.0,38.0,0.0,0.0
oe:player:6427b0c5a7c3106e92a7c11257a08c6,Guwon,T1 Esports Academy,LCKC,,Corée,Deuxième niveau,Jungle,106,322.0,230.0,-31.0,10.0,0.0,0.0
oe:player:5d7b2a73159831b6a1d3e26b4d20cfa,yhp,LGD Gaming Young Team,LDL,,Chine,Deuxième niveau,ADC,42,322.0,243.0,951.0,7.0,0.0,0.293
oe:player:c881919ba4cc48fd96ee6556af2e99c,zzx,Ji Jie Hao (集结号),LDL,,Chine,Deuxième niveau,Jungle,42,321.0,244.0,749.0,12.0,0.017,0.19
oe:player:e1e74fbe59bd77110d7a7412b400878,Dajor,Team GO,LFL,,EMEA,Deuxième niveau,Mid,65,319.0,211.0,519.0,34.0,0.0,0.0
oe:player:81d2110b25710f286ed9e9b6a8426b0,Snaker,Estral Esports,LLA,,Brésil & Amérique latine,Ligue majeure,ADC,74,319.0,234.0,805.0,60.0,0.0,0.0
oe:player:7e0e7ac2a199e8e2ecb30499a3b2153,Jensen,Dignitas,LCS,,Amérique du Nord,Ligue majeure,Mid,63,319.0,203.0,-639.0,42.0,0.0,0.0
oe:player:86dbd2fb95030a3ed1efee6808eb125,LIMIT,SK Gaming Prime,PRM,,EMEA,Deuxième niveau,Support,38,317.0,214.0,1176.0,40.0,0.0,0.0
oe:player:73278a4a86960eeb576a8fd4c9ec699,113,Karmine Corp Blue,LFL,,EMEA,Deuxième niveau,Jungle,69,314.0,199.0,382.0,31.0,0.0,0.0
oe:player:b1e10c40bba8608f1acfd3acdea43c2,GuGer,Nongshim RedForce,LCK,LCKC 12 games (Nongshim Esports Academy),Corée,Ligue majeure,Support,41,314.0,207.0,-1759.0,38.0,0.0,0.0
oe:player:dc760d6884ce21614b2389ac1c05ec2,FakeGod,Shopify Rebellion,LCS,,Amérique du Nord,Ligue majeure,Top,30,313.0,231.0,-715.0,52.0,0.0,0.0
oe:player:4410ec34d9e6c1a68100ca0ce033fb1,Array,Dragoon's Goons,NACL,,Amérique du Nord,Deuxième niveau,ADC,62,312.0,225.0,1369.0,25.0,0.0,0.0
oe:player:e89d89c1f0c59607353f819ad4cc12c,Kania,Kiwoom DRX Challengers,LCKC,,Corée,Deuxième niveau,Jungle,45,312.0,231.0,-82.0,11.0,0.0,0.023
oe:player:4fbce651fccdd73409ea9246d0ee1d6,DasheR,Fukuoka SoftBank HAWKS gaming,PCS,LJL 52 games (Fukuoka SoftBank HAWKS gaming),Asie-Pacifique,Ligue majeure,Mid,93,312.0,228.0,770.0,57.0,0.0,0.0
oe:player:5d531a4cf817202fc25eda63906e797,Comp,Rogue,LEC,,EMEA,Ligue majeure,ADC,29,312.0,231.0,-1011.0,56.0,0.0,0.0
oe:player:2142ac69d054acf4d708ee97ab217b3,Puddin,Team Flash,VCS,,Asie-Pacifique,Ligue majeure,ADC,34,311.0,224.0,322.0,63.0,0.0,0.0
oe:player:1bb23a583cf7b04cd0774c727465cec,Himmel,GAM Esports,VCS,,Asie-Pacifique,Ligue majeure,Mid,26,311.0,236.0,442.0,48.0,0.0,0.0
oe:player:3dbe8ecf9c97fc12b28ad199bdb5f82,Baut,Hanwha Life Esports Challengers,LCKC,,Corée,Deuxième niveau,Support,106,309.0,231.0,75.0,6.0,0.0,0.367
oe:player:3914746eeaf8b01a7f96995fa039c0d,Fireblade,MGN Vikings Esports,VCS,,Asie-Pacifique,Ligue majeure,Top,10,308.0,242.0,627.0,,,
oe:player:f7407edad1ded2d8d1e634ed49a9698,Lancer,DN SOOPers Challengers,LCKC,,Corée,Deuxième niveau,Top,109,307.0,226.0,205.0,9.0,0.0,0.003
oe:player:56cf99d5b59755569fa366c07c18f38,Shunn,CTBC Flying Oyster,PCS,,Asie-Pacifique,Ligue majeure,ADC,71,307.0,227.0,606.0,63.0,0.0,0.0
oe:player:905e2f4e54700b9ed0ddfb13deec4e9,xqw,LGD Gaming Young Team,LDL,,Chine,Deuxième niveau,Mid,69,305.0,250.0,635.0,14.5,0.0,0.0
oe:player:2b95993380f8be6bd4bd46bf44f98db,Jane,Team Flash,VCS,,Asie-Pacifique,Ligue majeure,Mid,29,304.0,235.0,406.0,54.0,0.0,0.0
oe:player:bbc74d89ea9541a8c079edb2bbdf8ad,Hermes,CTBC Flying Oyster Academy,PCL,,Asie-Pacifique,Deuxième niveau,ADC,64,303.0,267.0,2202.0,25.0,0.0,0.0
oe:player:4a18312b5b75f549d5551e5912ad6eb,Mask,Immortals,LCS,,Amérique du Nord,Ligue majeure,Mid,29,303.0,233.0,-721.0,45.0,0.0,0.0
oe:player:2cec4b6803b4678250233ae79205f2e,1Jiang,Frank Esports,PCS,,Asie-Pacifique,Ligue majeure,Top,97,301.0,223.0,1048.0,60.0,0.0,0.0
oe:player:41672e17bc1f86dc5d93955c031d2a9,Stend,Vitality.Bee,LFL,,EMEA,Deuxième niveau,Support,91,301.0,223.0,495.0,34.5,0.0,0.003
oe:player:7fb26875c639817a59912a87be6f738,Marble,Fukuoka SoftBank HAWKS gaming,PCS,LJL 52 games (Fukuoka SoftBank HAWKS gaming),Asie-Pacifique,Ligue majeure,ADC,93,300.0,228.0,570.0,69.0,0.0,0.0
oe:player:d5bd1c30c3e1fdcda369e347812b639,Yashiro2,GAM Esports,VCS,,Asie-Pacifique,Ligue majeure,ADC,27,300.0,236.0,268.0,60.0,0.0,0.0
oe:player:6841f2d68619d53bdd1cdbf30b5be2c,Zeyzal,Shopify Rebellion,LCS,,Amérique du Nord,Ligue majeure,Support,30,300.0,231.0,-890.0,54.0,0.0,0.0
oe:player:4e0619e57cb50c4ab1230c2dd72df1b,Tactical,Immortals,LCS,,Amérique du Nord,Ligue majeure,ADC,29,299.0,233.0,-720.0,58.0,0.0,0.0
oe:player:49c627c099821a2894c6c4dfd9274b3,Kangin,HANJIN BRION Challengers,LCKC,,Corée,Deuxième niveau,Top,93,299.0,232.0,165.0,10.0,0.0,0.13
oe:player:fa22d396503a5a737f2f169943d7241,Zoelys,Rogue,LEC,,EMEA,Ligue majeure,Support,29,299.0,231.0,-1059.0,55.0,0.0,0.0
oe:player:f3322656ae1facbf4763677fe2506a3,Karsa,CTBC Flying Oyster,PCS,,Asie-Pacifique,Ligue majeure,Jungle,80,298.0,212.0,751.0,56.0,0.0,0.0
oe:player:7227e6c3afb5136d10e3594fa503f6a,Xingye,FunPlus Phoenix Blaze,LDL,,Chine,Deuxième niveau,ADC,57,297.0,248.0,822.0,10.0,0.0,0.103
oe:player:99a4b6174c552d969d49eb345a1bc63,Zap,LGD Gaming Young Team,LDL,,Chine,Deuxième niveau,Support,69,297.0,250.0,843.0,11.0,0.0,0.15
oe:player:21e6493dca56a03bd0ccbdef211d187,Husha,CTBC Flying Oyster Academy,PCL,PCS 38 games (Beyond Gaming),Asie-Pacifique,Deuxième niveau,Jungle,74,297.0,220.0,2285.0,19.0,0.0,0.013
oe:player:550fa477eff3885416f22c0b3f2fc88,Time,Veni Vidi Vici,LES,GLL 10 games (WLGaming Esports),EMEA,Deuxième niveau,Jungle,35,296.0,213.0,1543.0,38.0,0.0,0.0
oe:player:dd5a2405a01bcbe3b1a7ff3921006df,Nuo,LGD Gaming Young Team,LDL,,Chine,Deuxième niveau,Top,69,296.0,250.0,683.0,9.0,0.0,0.187
oe:player:61ea9de879a9b27bb8eddcba7f32f4a,fNb,RED Canids,CBLOL,,Brésil & Amérique latine,Ligue majeure,Top,64,296.0,232.0,674.0,60.0,0.0,0.0
oe:player:166969943c4ca12527dd5449aab5e8e,Brance,RED Canids,CBLOL,,Brésil & Amérique latine,Ligue majeure,ADC,64,295.0,232.0,720.0,66.0,0.0,0.0
oe:player:a04a853a0f540f156d08711204fe252,Armao,Immortals,LCS,,Amérique du Nord,Ligue majeure,Jungle,29,295.0,233.0,-926.0,53.0,0.0,0.0
oe:player:1d18fe2cdd43a72d46421ecfe81b599,Lava,Movistar R7,LLA,,Brésil & Amérique latine,Ligue majeure,Mid,41,293.0,229.0,590.0,56.0,0.0,0.0
oe:player:ae770d2c942cee6dbcfbd1832015231,tinowns,LOUD,CBLOL,,Brésil & Amérique latine,Ligue majeure,Mid,69,291.0,233.0,505.0,57.0,0.0,0.0
oe:player:b3323183eb51a00e2777d997b6f72bb,Xzz,Royal Club,LDL,LPL 10 games (Royal Never Give Up),Chine,Deuxième niveau,Mid,56,291.0,222.0,564.0,17.0,0.0,0.0
oe:player:d6a41c1166922d1ff489fdb2fa06289,Thayger,Barça eSports,LES,,EMEA,Deuxième niveau,Jungle,95,291.0,203.0,1517.0,41.0,0.0,0.0
oe:player:9d5e3b1fd70d1652fc3f5f1a978cd9b,Hiro02,Team Secret,VCS,,Asie-Pacifique,Ligue majeure,Top,49,290.0,223.0,537.0,55.0,0.0,0.0
oe:player:f9e804c44aa43f18576783a067e99ab,Yuuji,Dragonsteel,NACL,,Amérique du Nord,Deuxième niveau,Jungle,76,289.0,235.0,1361.0,29.0,0.0,0.0
oe:player:cb4cd2fd258d5961d2f1c4815b04123,JoJo,FURIA,CBLOL,,Brésil & Amérique latine,Ligue majeure,Support,64,288.0,210.0,479.0,63.0,0.0,0.0
oe:player:ca8339af379497a71355ba65d65b786,Jerry,Invictus Gaming Young,LDL,,Chine,Deuxième niveau,Support,76,288.0,256.0,797.0,11.5,0.007,0.12
oe:player:247cede38bc224fc82ea98ca18ddacf,Eckas,Solary,LFL,,EMEA,Deuxième niveau,Jungle,51,287.0,225.0,244.0,36.0,0.0,0.0
oe:player:80fea0848c57b8e07a79675d41f582c,Castle,Immortals,LCS,,Amérique du Nord,Ligue majeure,Top,29,286.0,233.0,-850.0,54.0,0.0,0.0
oe:player:d3f8c554a302aebd5d2bae668ae197e,Larssen,Rogue,LEC,,EMEA,Ligue majeure,Mid,29,285.0,231.0,-1101.0,47.0,0.0,0.0
oe:player:99e8eb67dee858a86b80904675a5739,cute,Invictus Gaming Young,LDL,,Chine,Deuxième niveau,ADC,76,285.0,256.0,766.0,9.0,0.0,0.107
oe:player:841a978d22c2c8dcd749d2f815ba823,BiIIy,CTBC Flying Oyster Academy,PCL,,Asie-Pacifique,Deuxième niveau,Jungle,28,284.0,258.0,2222.0,40.0,0.0,0.003
oe:player:51d1b92c739875316e83a99bb9838af,Hasu7,CTBC Flying Oyster Academy,PCL,,Asie-Pacifique,Deuxième niveau,Top,64,284.0,267.0,1940.0,29.0,0.0,0.0
oe:player:bc4f68ea698f26bb1e2f6d34f900f57,SamD,BK ROG Esports,LFL,,EMEA,Deuxième niveau,ADC,85,284.0,222.0,526.0,32.0,0.0,0.0
oe:player:ef97df9d746d0e65ed18786ab30031c,Insanity,Shopify Rebellion,LCS,,Amérique du Nord,Ligue majeure,Mid,30,284.0,231.0,-815.0,45.0,0.0,0.0
oe:player:5257e05cde806e07b405ddcce85114d,Bradley,FlyQuest NZXT,NACL,,Amérique du Nord,Deuxième niveau,Mid,46,284.0,215.0,1348.0,32.0,0.0,0.0
oe:player:397bcf46311de3cf780469b2a842b67,Ycx,EDG Youth Team,LDL,,Chine,Deuxième niveau,Support,66,283.0,256.0,776.0,9.0,0.0,0.17
oe:player:e214e8e906f16ec13e9a88de30dc181,Jopa,Vitality.Bee,LFL,,EMEA,Deuxième niveau,ADC,91,280.0,223.0,503.0,30.5,0.0,0.0
oe:player:060a269b0eb445a1b5075034787f0cc,Orca,Deep Cross Gaming,PCS,,Asie-Pacifique,Ligue majeure,Support,77,279.0,226.0,702.0,62.0,0.0,0.0
oe:player:4aa496a041ce3b1febfc4887d057f11,sorrow,FunPlus Phoenix Blaze,LDL,,Chine,Deuxième niveau,Jungle,62,277.0,247.0,529.0,17.0,0.0,0.0
oe:player:290980a65afac4fc497b70359bddb47,Easylove,GAM Esports,VCS,,Asie-Pacifique,Ligue majeure,ADC,69,274.0,202.0,139.0,59.0,0.0,0.0
oe:player:4367b1100c2577e20e13ae9e3afd835,Lure,Hanwha Life Esports Challengers,LCKC,,Corée,Deuxième niveau,ADC,106,272.0,231.0,96.0,6.0,0.0,0.38
oe:player:035b9ae578574cdf728d8760483d804,Effort,HANJIN BRION Challengers,LCKC,LCK 14 games (HANJIN BRION),Corée,Deuxième niveau,Support,92,271.0,210.0,-114.0,14.0,0.0,0.0
oe:player:6e632d8dfe91b18ecbbcdc028094e5c,Zothve,Estral Esports,LLA,,Brésil & Amérique latine,Ligue majeure,Top,74,271.0,234.0,550.0,57.0,0.0,0.0
oe:player:9170917b7452bef889def6c113af150,Forest,Fukuoka SoftBank HAWKS gaming,PCS,LJL 52 games (Fukuoka SoftBank HAWKS gaming),Asie-Pacifique,Ligue majeure,Jungle,93,270.0,228.0,610.0,63.0,0.0,0.0
oe:player:b777313deced54da2d2c1aa88f52e50,fengyue,Top Esports Challenger,LDL,,Chine,Deuxième niveau,Support,35,270.0,248.0,710.0,14.0,0.0,0.043
oe:player:5bc99370722c5ecbfa9b3c1e17338e6,Trigger,inf,LLA,,Brésil & Amérique latine,Ligue majeure,ADC,40,269.0,235.0,555.0,66.0,0.0,0.0
oe:player:adfab52b74587bc5acc4201c140451a,Eika,Gentle Mates,LFL,,EMEA,Deuxième niveau,Mid,50,269.0,214.0,270.0,35.0,0.0,0.0
oe:player:27fff7db8cbe5e696f5db69e39ebf31,XBear,Weibo Gaming Youth Team,LDL,,Chine,Deuxième niveau,Support,12,269.0,246.0,703.0,,,
oe:player:5788fbc5ff334175ec2eccae6f0ed81,Bible,Dplus Kia Challengers,LCKC,,Corée,Deuxième niveau,Support,27,268.0,223.0,-129.0,9.0,0.0,0.133
oe:player:952237fce714ed1eca8ded17523bee9,Taeyoon,DN SOOPers Challengers,LCKC,,Corée,Deuxième niveau,ADC,80,267.0,210.0,70.0,11.0,0.0,0.04
oe:player:d7d95a15f117f5767aa5090ba021812,Aherusi,Bilibili Gaming Junior,LDL,,Chine,Deuxième niveau,Mid,28,267.0,246.0,446.0,20.0,0.0,0.0
oe:player:657f1228bb53523274ae58bcd123ae8,Decay,Solary,LFL,,EMEA,Deuxième niveau,Mid,51,266.0,225.0,255.0,39.5,0.0,0.0
oe:player:149d8109793e20ba80f71ae449657c1,PandaC,Weibo Gaming Youth Team,LDL,,Chine,Deuxième niveau,Top,28,266.0,245.0,533.0,13.0,0.0,0.0
oe:player:9405c3aff9112c3c60d03b94792877d,Route,LOUD,CBLOL,,Brésil & Amérique latine,Ligue majeure,ADC,69,265.0,233.0,570.0,69.0,0.0,0.0
oe:player:73ac73edf51a3acdfa494e271c6ee29,Czajek,Vitality.Bee,LFL,,EMEA,Deuxième niveau,Mid,91,265.0,223.0,248.0,38.5,0.0,0.0
oe:player:218c4fe83f2d8946559a581fb8829e3,Cryscata,Deep Cross Gaming,PCS,,Asie-Pacifique,Ligue majeure,Mid,77,263.0,226.0,525.0,59.0,0.0,0.0
oe:player:4ff7b91bbc9492e9f96d28dda496653,SeTab,Kiwoom DRX Challengers,LCKC,LCK 34 games (Kiwoom DRX),Corée,Deuxième niveau,Mid,79,262.0,201.0,-343.0,19.0,0.0,0.003
oe:player:766cc4dd4d5005652e8514e3513683f,Gemini,Frank Esports,PCS,,Asie-Pacifique,Ligue majeure,Jungle,97,262.0,223.0,572.0,61.0,0.0,0.0
oe:player:5ee64eb3feb02e60832a2265db54f71,FIESTA,Papara SuperMassive,TCL,,EMEA,Deuxième niveau,Mid,57,261.0,203.0,1729.0,41.0,0.0,0.0
oe:player:eaebb7118d7bd83eabac513053e1f6c,Smash,T1 Esports Academy,LCKC,,Corée,Deuxième niveau,ADC,108,261.0,230.0,38.0,8.0,0.0,0.23
oe:player:a179853ac2a0832657b9de8b9ba0020,HongQ,CTBC Flying Oyster Academy,PCL,,Asie-Pacifique,Deuxième niveau,Mid,39,260.0,249.0,2125.0,44.0,0.0,0.0
oe:player:41b396aa7bf61a642a60349d5326459,Crush3,MAX,LDL,,Chine,Deuxième niveau,Jungle,24,259.0,252.0,439.0,20.0,0.0,0.033
oe:player:15fbb3df4d209cf7c350c40ea9fd6b3,S1aytrue,Beyond Gaming,PCS,,Asie-Pacifique,Ligue majeure,Support,38,257.0,232.0,594.0,66.0,0.0,0.0
oe:player:4e0ee55680fa265c49e158f85e26650,Poby,T1 Esports Academy,LCKC,,Corée,Deuxième niveau,Mid,109,257.0,229.0,-364.0,16.0,0.0,0.0
oe:player:a9264b1add014881c8d91609de2b7d6,Zkai,PSG Talon Academy,PCL,,Asie-Pacifique,Deuxième niveau,Top,56,256.0,265.0,1799.0,35.0,0.0,0.0
oe:player:ab63f23cb70efb21206f0006e23659f,xin,PSG Talon Academy,PCL,,Asie-Pacifique,Deuxième niveau,Jungle,56,256.0,265.0,2083.0,38.0,0.0,0.0
oe:player:498246d6c44175256a07ed5f322c817,Karis,HANJIN BRION Challengers,LCKC,LCK 57 games (HANJIN BRION),Corée,Deuxième niveau,Mid,79,255.0,194.0,-378.0,10.0,0.017,0.277
oe:player:a7bb2d8b4e4c1a1fde8c3e584ef6835,OvO,Royal Club,LDL,,Chine,Deuxième niveau,Support,10,254.0,262.0,629.0,,,
oe:player:4f6302984cea43e6384d488973fe1d2,Howling,BK ROG Esports,LFL,,EMEA,Deuxième niveau,Top,85,251.0,222.0,311.0,37.0,0.0,0.0
oe:player:7676c3dbf9486cb34da6e1c94d09b70,Aomine,Team Secret,VCS,,Asie-Pacifique,Ligue majeure,ADC,32,251.0,233.0,23.0,69.0,0.0,0.0
oe:player:9356c299853ed82cc09c20c32358738,Dal,T1 Esports Academy,LCKC,,Corée,Deuxième niveau,Top,104,251.0,233.0,-78.0,12.0,0.0,0.0
oe:player:dda07addeb137c860725f0c964dcbbf,Grevthar,RED Canids,CBLOL,,Brésil & Amérique latine,Ligue majeure,Mid,64,251.0,232.0,304.0,57.0,0.0,0.0
oe:player:265b58ce8b2f418df94006bf24e296c,ScaryJerry,Dragonsteel,NACL,,Amérique du Nord,Deuxième niveau,ADC,74,250.0,233.0,1060.0,28.0,0.0,0.0
oe:player:6606138426fa9bbef349c96b4afbc77,Czekolad,BK ROG Esports,LFL,,EMEA,Deuxième niveau,Mid,85,249.0,222.0,171.0,43.0,0.0,0.0
oe:player:3d6241a697bf77c402bad659fb172ab,Wiz,FURIA,CBLOL,,Brésil & Amérique latine,Ligue majeure,Jungle,35,249.0,232.0,583.0,67.0,0.0,0.0
oe:player:376d5e3b1257e6972228d458943f74c,Evi,Fukuoka SoftBank HAWKS gaming,PCS,LJL 52 games (Fukuoka SoftBank HAWKS gaming),Asie-Pacifique,Ligue majeure,Top,93,248.0,228.0,782.0,66.0,0.0,0.0
oe:player:e68cc4b2bef76a96aae344b49a81579,Daystar,BNK FEARX Youth,LCKC,,Corée,Deuxième niveau,Mid,102,245.0,228.0,-424.0,16.0,0.0,0.0
oe:player:6cb75f242bca4309e2f942a4895805f,SCARY,KaBuM! Esports,CBLOL,CBLOLA 35 games (KaBuM! Academy),Brésil & Amérique latine,Ligue majeure,Jungle,50,244.0,214.0,560.0,72.0,0.0,0.0
oe:player:42ad24fb9a58f115637ed14ee70677a,Zyko,Dragonsteel,NACL,,Amérique du Nord,Deuxième niveau,Support,76,242.0,235.0,952.0,27.5,0.0,0.0
oe:player:9d361f9d8214252ee571375f9105cb4,frosty,RED Canids,CBLOL,,Brésil & Amérique latine,Ligue majeure,Support,35,242.0,225.0,247.0,67.0,0.0,0.0
oe:player:0d47af84bee7ca00a76beb860c3d6ff,Pretender,Frank Esports,PCS,,Asie-Pacifique,Ligue majeure,Mid,35,240.0,214.0,410.0,64.0,0.0,0.0
oe:player:ae50e71f31d35aee5c589498e3c1b17,nicolaiy,aNc Outplayed,LIT,,EMEA,Deuxième niveau,Jungle,28,239.0,224.0,1321.0,71.0,0.0,0.0
oe:player:9d8b079deedcc90dda4617fb4ffac40,TopLop,inf,LLA,,Brésil & Amérique latine,Ligue majeure,Support,36,238.0,233.0,411.0,64.0,0.0,0.0
oe:player:060faefaa7099fc34fe4456326a92a9,Ke,Ji Jie Hao (集结号),LDL,,Chine,Deuxième niveau,Support,30,238.0,251.0,548.0,20.0,0.0,0.0
oe:player:b6ebe3c8487ddc3a23c586e650c4528,PowerOfEvil,Eintracht Spandau,PRMP,PRM 56 games (Eintracht Spandau),EMEA,Deuxième niveau,Mid,94,238.0,225.0,863.0,46.0,0.0,0.0
oe:player:370f639a8b838f1933c7232d8adae72,Naak Nako,Vitality.Bee,LFL,,EMEA,Deuxième niveau,Top,91,237.0,223.0,242.0,36.0,0.0,0.0
oe:player:674cfdf61c32c13ce4bc1a5fd877699,Rbow,Invictus Gaming Young,LDL,,Chine,Deuxième niveau,Top,47,236.0,239.0,385.0,14.5,0.0,0.0
oe:player:1d22c812efd7b8a4244d93c51acc399,Dove,Team Whales,VCS,LCS 18 games (Dignitas),Asie-Pacifique,Ligue majeure,Mid,48,235.0,220.0,58.0,54.0,0.0,0.0
oe:player:75414f3b4f03bf449c319eb75f3dd5b,Kryze,Solary,LFL,,EMEA,Deuxième niveau,Top,51,235.0,225.0,235.0,35.0,0.0,0.0
oe:player:16c1637b4b44b008b4d6627f68ae30a,Vsta,Fukuoka SoftBank HAWKS gaming,PCS,LJL 52 games (Fukuoka SoftBank HAWKS gaming),Asie-Pacifique,Ligue majeure,Support,93,234.0,228.0,476.0,66.0,0.0,0.0
oe:player:17c5e8bd59f3ea8c9d902da8d9f52b5,Myrtus,Solary,LFL,,EMEA,Deuxième niveau,Support,51,232.0,225.0,151.0,38.0,0.0,0.0
oe:player:b415fb792209708ad6921cca2e73aff,Spirax,Dragonsteel,NACL,,Amérique du Nord,Deuxième niveau,Mid,76,230.0,235.0,1080.0,32.0,0.0,0.0
oe:player:eb76fd566cce52ed0afc58856186491,Maggie,Joy Dream,LDL,,Chine,Deuxième niveau,Jungle,82,230.0,229.0,294.0,19.0,0.0,0.0
oe:player:984cbdbc440ba61d17c677d848dbe9f,Toye,Gen.G Global Academy,LCKC,,Corée,Deuxième niveau,Jungle,64,229.0,227.0,-498.0,16.0,0.0,0.0
oe:player:b9b371458ab7c314f88b81c553f6ce5,Hook,Ultra Prime Academy,LDL,,Chine,Deuxième niveau,Jungle,23,228.0,255.0,285.0,26.0,0.0,0.0
oe:player:ad991b9f2f7e553d4eefb9f5d06afc9,Lele,FunPlus Phoenix Blaze,LDL,,Chine,Deuxième niveau,Support,62,227.0,247.0,492.0,17.0,0.0,0.0
oe:player:a03108f3d1ff62138464d28409291c0,Qing,FunPlus Phoenix Blaze,LDL,,Chine,Deuxième niveau,Mid,32,227.0,245.0,245.0,25.0,0.0,0.0
oe:player:7edb662a8ada86b7a8a09410b3492d5,Zoen,inf,LLA,,Brésil & Amérique latine,Ligue majeure,Top,42,227.0,232.0,332.0,62.0,0.0,0.0
oe:player:c9441d0e78cf438ef0b372dc74010e3,Calix,Nongshim Esports Academy,LCKC,,Corée,Deuxième niveau,Mid,74,227.0,210.0,-517.0,17.0,0.0,0.0
oe:player:d7eca91517950c67ade956ce6e953cf,Hidan,paiN Gaming Academy,CBLOLA,LLA 38 games (All Knights),Brésil & Amérique latine,Deuxième niveau,Top,79,227.0,205.0,2043.0,24.0,0.0,0.0
oe:player:778c6c3733d919a3b64885912be15a9,Aegis,RED Canids,CBLOL,,Brésil & Amérique latine,Ligue majeure,Jungle,64,226.0,232.0,468.0,63.0,0.0,0.0
oe:player:a8e26f0750651e61584c8fd99328752,Hieu3,Team Whales,VCS,,Asie-Pacifique,Ligue majeure,Support,52,225.0,220.0,242.0,62.0,0.0,0.0
oe:player:277003aaa6126d09879b4ffe1bf18b3,pan,Isurus,LLA,,Brésil & Amérique latine,Ligue majeure,Top,72,224.0,234.0,313.0,63.0,0.0,0.0
oe:player:11d9cff02750547760922faccb69c91,Mixtsure,Lotus,NACL,,Amérique du Nord,Deuxième niveau,Support,30,223.0,244.0,856.0,41.0,0.0,0.0
oe:player:3085815ef497539cb1d93b3c9a16624,Robo,LOUD,CBLOL,,Brésil & Amérique latine,Ligue majeure,Top,69,222.0,233.0,303.0,64.0,0.0,0.0
oe:player:ca9701f085966dfca32e31b1b1e9d55,Lyncas,Team Vitality,LEC,LFL 29 games (Karmine Corp Blue),EMEA,Ligue majeure,Jungle,50,221.0,207.0,-1450.0,70.0,0.0,0.0
oe:player:bb7e6166b6f9f16e4bedfb33e3ed534,Munian,Weibo Gaming Youth Team,LDL,,Chine,Deuxième niveau,Top,21,219.0,254.0,298.0,21.0,0.0,0.0
oe:player:e35d06a0430095562086a40a2676d8e,OnFleek,Isurus,LLA,,Brésil & Amérique latine,Ligue majeure,Jungle,57,218.0,226.0,343.0,66.0,0.0,0.0
oe:player:2f0b9f7cda18943425d555b51e570e8,Minous,DN SOOPers Challengers,LCKC,,Corée,Deuxième niveau,Support,37,217.0,222.0,-385.0,15.0,0.0,0.0
oe:player:08936c56ab5a6453c58974a619651c3,eXyu,Fear x Starforge,NACL,LCS 18 games (Dignitas),Amérique du Nord,Deuxième niveau,Jungle,75,217.0,216.0,1001.0,36.0,0.0,0.0
oe:player:eeec6c7a9d2b475c23650b202208b89,Lot,Team GO,LFL,,EMEA,Deuxième niveau,Top,86,216.0,223.0,139.0,40.0,0.0,0.0
oe:player:aa8dcbc0e74672795afde4d6464b325,Yursan,J Team,PCS,,Asie-Pacifique,Ligue majeure,Support,22,216.0,226.0,389.0,68.0,0.0,0.0
oe:player:f0a5ea74809c41291a17d4db7dc9a87,Taco,Deep Cross Gaming,PCS,,Asie-Pacifique,Ligue majeure,Top,77,215.0,226.0,615.0,66.0,0.0,0.0
oe:player:ab7f28ca18446cb18274a884b1525f7,Xerxe,Team Heretics Academy,LES,,EMEA,Deuxième niveau,Jungle,84,214.0,223.0,1133.0,47.5,0.0,0.0
oe:player:536552ceb97d005af192cf156412a7e,Rigel,MGN Blue Esports,VCS,,Asie-Pacifique,Ligue majeure,Top,22,214.0,232.0,156.0,65.0,0.0,0.0
oe:player:76c156cf4aaf3bdeba0e8156184ac95,Infoneral,Austrian Force willhaben,PRM,,EMEA,Deuxième niveau,Support,39,213.0,220.0,659.0,61.0,0.0,0.0
oe:player:ad173d59265cf2cbe796b2af2554da3,Citrus,Aegis,LFL,AL 22 games (Nigma Galaxy),EMEA,Deuxième niveau,Jungle,65,213.0,205.0,-123.0,40.0,0.0,0.0
oe:player:4c992404b9946c957aac7c12dd061ed,Sudzzi,Dragoon's Goons,NACL,,Amérique du Nord,Deuxième niveau,Mid,34,212.0,242.0,991.0,40.0,0.0,0.0
oe:player:81eb81987bcf9be1e3771a7f0a4ca77,Zamudo,Dragonsteel,NACL,,Amérique du Nord,Deuxième niveau,Top,67,212.0,211.0,885.0,34.0,0.0,0.0
oe:player:32aa62568603d99d16591ee5dd52a8a,Pop9,Deep Cross Gaming,PCS,,Asie-Pacifique,Ligue majeure,Jungle,77,211.0,226.0,316.0,65.0,0.0,0.0
oe:player:b8dd79e4a88047dee0f3bf56dcb37ca,Dorian,Joy Dream,LDL,,Chine,Deuxième niveau,Support,57,211.0,244.0,415.0,15.0,0.0,0.02
oe:player:0c8632961f474ea16cd5260151d4081,Insulator,Ji Jie Hao (集结号),LDL,,Chine,Deuxième niveau,Mid,30,210.0,251.0,159.0,25.0,0.0,0.0
oe:player:0c041d02ab7138f57164fafbc091b2d,RedBert,LOUD,CBLOL,,Brésil & Amérique latine,Ligue majeure,Support,69,209.0,233.0,84.0,68.0,0.0,0.0
oe:player:5a9b28e52146b85da89390b977174e4,Hran,Joy Dream,LDL,,Chine,Deuxième niveau,ADC,38,209.0,245.0,383.0,15.0,0.0,0.0
oe:player:20102ecd04e50741522711ff14b9fba,SeNBon,PSG Talon Academy,PCL,,Asie-Pacifique,Deuxième niveau,Mid,56,207.0,265.0,1856.0,42.0,0.0,0.0
oe:player:a62b7767388e9ede229669deba7d736,Tyrion,Invictus Gaming Young,LDL,,Chine,Deuxième niveau,Jungle,30,205.0,245.0,169.0,21.0,0.0,0.0
oe:player:3ee8eecd18ed800812573623f621d35,Racerr,Kiwoom DRX Challengers,LCKC,,Corée,Deuxième niveau,Top,40,205.0,227.0,-303.0,15.0,0.0,0.0
oe:player:7287b0a4cd5548a002e49dfdfbbc2e9,Sounda,Team Whales,VCS,LCKC 53 games (Nongshim Esports Academy),Asie-Pacifique,Ligue majeure,Jungle,83,204.0,209.0,-51.0,52.0,0.0,0.0
oe:player:786b5bbf7bbfb7b79379e8589a865c1,Zest,Dark Passage,TCL,,EMEA,Deuxième niveau,Top,47,204.0,225.0,1351.0,50.0,0.0,0.0
oe:player:895b81748441d4b3c8faa7c1b8452dc,Sparda,MGN Blue Esports,VCS,,Asie-Pacifique,Ligue majeure,Top,61,203.0,215.0,102.0,59.0,0.0,0.0
oe:player:dee96d43d7851840141cdeb46b3d57b,Adiogs,CTBC Flying Oyster Academy,PCL,,Asie-Pacifique,Deuxième niveau,Mid,27,203.0,267.0,1838.0,49.0,0.0,0.0
oe:player:39c3a0258d73ffd0112726c410893f6,Celo,LØS,CBLOL,,Brésil & Amérique latine,Ligue majeure,ADC,26,202.0,231.0,256.0,76.0,0.0,0.0
oe:player:de442faff7b7cdc0fba7d6d5caff5e1,Elramir,Geekay Esports,AL,,EMEA,Deuxième niveau,Jungle,81,201.0,225.0,2130.0,51.0,0.0,0.0
oe:player:a4bd01593487c956f68d360c18cb68b,Darwin,LNG Academy,LDL,,Chine,Deuxième niveau,Jungle,56,201.0,242.0,146.0,25.0,0.0,0.0
oe:player:5d286177c386095b4a03b6d5b6862a1,TheNiu,FunPlus Phoenix Blaze,LDL,,Chine,Deuxième niveau,Top,56,200.0,245.0,204.0,22.0,0.0,0.0
oe:player:4d0ec5fa505ee341aff8b2309356afc,Srtty,FlyQuest NZXT,NACL,,Amérique du Nord,Deuxième niveau,Top,72,200.0,239.0,827.0,35.0,0.0,0.0
oe:player:17a3d1accbb8bbdaaabfd34e1d69c18,Sertuss,Team Heretics Academy,LES,,EMEA,Deuxième niveau,Mid,68,200.0,212.0,1079.0,48.0,0.0,0.0
oe:player:39c5e84d7380e098bdce5e08cd28b7d,Bunny,Royal Club,LDL,,Chine,Deuxième niveau,Support,51,199.0,255.0,353.0,18.0,0.0,0.003
oe:player:8fab2727ffe79f1114c85812b78171f,Lzq,Joy Dream,LDL,,Chine,Deuxième niveau,Mid,61,199.0,247.0,107.0,23.0,0.0,0.0
oe:player:1408a3cdf492161329cf78c167369ec,Liweier,Weibo Gaming Youth Team,LDL,,Chine,Deuxième niveau,Jungle,40,199.0,245.0,136.0,18.0,0.0,0.0
oe:player:cbe20c64274a87a21e5bdac1ccc3e77,Rhilech,BK ROG Esports,LFL,LIT 23 games (DSYRE),EMEA,Deuxième niveau,Jungle,92,199.0,192.0,-196.0,41.0,0.0,0.0
oe:player:722c8846b5f0c756efb2affe467958a,Kaze,Isurus,LLA,,Brésil & Amérique latine,Ligue majeure,Mid,72,198.0,234.0,116.0,60.0,0.0,0.0
oe:player:5d03e7be3c645e73db1cff3b75d33d8,xiaoka,Royal Club,LDL,,Chine,Deuxième niveau,Mid,17,198.0,251.0,99.0,,,
oe:player:bd4cd28808d1d55b27edc2bea622d35,Jackspektra,Team Heretics Academy,LES,,EMEA,Deuxième niveau,ADC,84,197.0,223.0,1099.0,45.5,0.0,0.0
oe:player:de1fb222dafded7d06b10df578fdd0e,Hantera,BK ROG Esports,LFL,,EMEA,Deuxième niveau,Support,85,196.0,222.0,-28.0,43.0,0.0,0.0
oe:player:cb6616189a21f8e8ed43ccdb3f6904a,Linfeng,Oh My God Academy,LDL,,Chine,Deuxième niveau,Mid,40,196.0,229.0,87.0,24.0,0.0,0.0
oe:player:76cd75b6b8f0def9bc45032dcc32a61,Croc,LOUD,CBLOL,,Brésil & Amérique latine,Ligue majeure,Jungle,69,195.0,233.0,317.0,66.0,0.0,0.0
oe:player:64ff4f1dd75a5654ab87c0bbee89c1e,Wako,Frank Esports,PCS,,Asie-Pacifique,Ligue majeure,ADC,64,193.0,200.0,35.0,74.0,0.0,0.0
oe:player:973547129a691fb61e886add170ac7a,Piero,Unicorns of Love Sexy Edition,PRMP,PRM 57 games (Unicorns of Love Sexy Edition),EMEA,Deuxième niveau,Support,89,192.0,223.0,695.0,51.0,0.0,0.0
oe:player:51f53c8440c1a028258a04543743016,Zzk,FURIA,CBLOL,,Brésil & Amérique latine,Ligue majeure,Top,35,192.0,232.0,153.0,71.0,0.0,0.0
oe:player:be0de5b227a7528ab88cd23b3173c35,Sushee,Lotus,NACL,,Amérique du Nord,Deuxième niveau,ADC,30,192.0,244.0,768.0,36.0,0.0,0.0
oe:player:4817d93e8f26002377aec42233b3fc2,Jezu,Team GO,LFL,,EMEA,Deuxième niveau,ADC,86,191.0,223.0,60.0,41.0,0.0,0.0
oe:player:ee23e84e2efb84becbafffaeae36d57,Xing,Team WE Academy,LDL,,Chine,Deuxième niveau,ADC,25,191.0,250.0,296.0,18.0,0.0,0.0
oe:player:48bef668b5cb10ddc6c3865d460e327,TakeSet,Solary,LFL,TCL 19 games (FUT Esports),EMEA,Deuxième niveau,ADC,61,191.0,205.0,58.0,55.0,0.0,0.0
oe:player:9bcf397008d511151380efd9e6b2ae6,charlotte,Oh My God Academy,LDL,,Chine,Deuxième niveau,Mid,23,190.0,249.0,57.0,29.0,0.0,0.0
oe:player:64489c85dc2fe0787b85cd87214b381,Alice,Top Esports Challenger,LDL,,Chine,Deuxième niveau,Jungle,18,190.0,255.0,93.0,,,
oe:player:211333df928f872c063bce4ef25ea63,Junhao,Bilibili Gaming Junior,LDL,,Chine,Deuxième niveau,Jungle,67,188.0,246.0,84.0,26.0,0.0,0.0
oe:player:3b7bd1331d5adaaedf5a228b02fa077,Vin,MGN Blue Esports,VCS,,Asie-Pacifique,Ligue majeure,Mid,12,188.0,239.0,-174.0,,,
oe:player:f064e548adf728629afbc6fee730317,Leo,Geekay Esports,AL,,EMEA,Deuxième niveau,ADC,81,186.0,225.0,1267.0,45.0,0.0,0.0
oe:player:0d798f24869b290bfcdf6427d958118,Yutapon,DetonatioN FocusMe,PCS,LJL 57 games (DetonatioN FocusMe),Asie-Pacifique,Ligue majeure,ADC,81,186.0,229.0,0.0,79.0,0.0,0.0
oe:player:8e97c782f4539d2566c271ec87ae1ed,XBY,Royal Club,LDL,,Chine,Deuxième niveau,Jungle,63,186.0,248.0,75.0,20.0,0.0,0.0
oe:player:c92846465f8656d027f9148726b2b5c,Gavotto,Isurus,LLA,,Brésil & Amérique latine,Ligue majeure,ADC,68,185.0,232.0,136.0,73.0,0.0,0.0
oe:player:3d910bafad3c588153646f30a098192,Froggy,MGN Blue Esports,VCS,,Asie-Pacifique,Ligue majeure,Mid,27,184.0,235.0,-198.0,60.0,0.0,0.0
oe:player:f2264caa34a27d8f01634f39f307c85,Doss,SK Gaming Prime,PRM,LEC 33 games (SK Gaming),EMEA,Deuxième niveau,Support,69,184.0,197.0,514.0,23.0,0.0,0.16
oe:player:c0ce495e0b7cc8690411edb84adbdd1,5K,Anyone's Legend.Young,LDL,,Chine,Deuxième niveau,Top,62,184.0,247.0,123.0,18.0,0.0,0.0
oe:player:e30f555e5a24f076a5d5be70a462527,TNS,PSG Talon Academy,PCL,,Asie-Pacifique,Deuxième niveau,Support,56,184.0,265.0,1796.0,41.0,0.0,0.0
oe:player:e038414b765a8bda52e602f7eaeff04,Prime,Team GO,LFL,,EMEA,Deuxième niveau,Support,86,183.0,223.0,-95.0,45.0,0.0,0.0
oe:player:099ef5da25e9e7b76e69776eee28f35,Badlulu,Aegis,LFL,LES 27 games (Case Esports),EMEA,Deuxième niveau,Top,59,182.0,207.0,-33.0,58.0,0.0,0.0
oe:player:f35f9012cff3cbc121c8bc95f23b0a3,rcg,Anyone's Legend.Young,LDL,,Chine,Deuxième niveau,Mid,65,182.0,249.0,20.0,25.0,0.0,0.0
oe:player:178ec186b0d43d2669342596c2808cd,Diable,BNK FEARX Youth,LCKC,,Corée,Deuxième niveau,ADC,99,180.0,229.0,-367.0,15.0,0.0,0.0
oe:player:5836a085b5ebaa7662fbba55341703c,Enosh,HANJIN BRION Challengers,LCKC,,Corée,Deuxième niveau,ADC,74,180.0,222.0,-363.0,18.5,0.0,0.0
oe:player:4a47d2983c8bd392b120b627e0e1cab,705,Team WE Academy,LDL,,Chine,Deuxième niveau,Top,24,178.0,251.0,92.0,25.0,0.0,0.0
oe:player:fe0a7153311e56ac66bc9ae1f05ae58,Yukina,MAX,LDL,,Chine,Deuxième niveau,Support,22,178.0,251.0,250.0,22.0,0.0,0.0
oe:player:67a9a13318c92022d3693d56249a340,Alley,LNG Academy,LDL,,Chine,Deuxième niveau,Top,38,178.0,248.0,95.0,21.0,0.0,0.0
oe:player:206301808df18323b42652b6fa02dc8,whisper,Anyone's Legend.Young,LDL,,Chine,Deuxième niveau,Jungle,65,177.0,249.0,26.0,23.0,0.0,0.0
oe:player:c88cada1696defe81464925789aa6d8,Ceos,KaBuM! Esports,CBLOL,,Brésil & Amérique latine,Ligue majeure,Support,44,176.0,235.0,-80.0,71.0,0.0,0.0
oe:player:911af7aa209e00b49f3d6fd2afa9256,Untitled,Oh My God Academy,LDL,,Chine,Deuxième niveau,ADC,12,176.0,259.0,219.0,,,
oe:player:e572e342f3cdffe3c59cf3f8906e0f3,fled,FunPlus Phoenix Blaze,LDL,,Chine,Deuxième niveau,Mid,16,176.0,253.0,-9.0,,,
oe:player:5fa6eac8bedeed60a83f154d9538ee1,Carlsen,Team Heretics Academy,LES,,EMEA,Deuxième niveau,Top,84,176.0,223.0,1181.0,48.0,0.0,0.0
oe:player:c7c0cc0b057c316e22af5c5da55c0c8,Guigs,paiN Gaming Academy,CBLOLA,,Brésil & Amérique latine,Deuxième niveau,Support,72,175.0,236.0,1916.0,45.0,0.0,0.0
oe:player:6fc5fe723eed4ba4c230292be365c66,Lurox,Unicorns of Love Sexy Edition,PRMP,PRM 57 games (Unicorns of Love Sexy Edition),EMEA,Deuxième niveau,Jungle,89,175.0,223.0,764.0,53.0,0.0,0.0
oe:player:d0136a95961717beb952f57e3d737f1,redwall,Joy Dream,LDL,,Chine,Deuxième niveau,Top,71,174.0,246.0,72.0,21.0,0.0,0.0
oe:player:6201e2266991ddc5ba122f699a842a9,Phuc1,MGN Blue Esports,VCS,,Asie-Pacifique,Ligue majeure,Jungle,29,174.0,234.0,-205.0,67.0,0.0,0.0
oe:player:1b20b8ba37a25e699096e74abba1664,Diplex,SK Gaming Prime,PRM,,EMEA,Deuxième niveau,Mid,74,173.0,223.0,1076.0,58.0,0.0,0.0
oe:player:b0bc58cfe06ee4ee966c77790520a9b,Rosielove,Ultra Prime Academy,LDL,,Chine,Deuxième niveau,Support,23,172.0,255.0,221.0,26.0,0.0,0.0
oe:player:af07c10f5578a1df16f311eeda3d0d8,Neon,SK Gaming Prime,PRM,,EMEA,Deuxième niveau,ADC,74,172.0,223.0,1131.0,51.0,0.0,0.0
oe:player:4c96c9aaa582646555163130e869d83,think,Ji Jie Hao (集结号),LDL,,Chine,Deuxième niveau,Support,62,170.0,229.0,209.0,19.0,0.0,0.0
oe:player:85c460fea615911b6075e0968b63db1,Netuno,KaBuM! Esports,CBLOL,,Brésil & Amérique latine,Ligue majeure,ADC,44,170.0,235.0,97.0,75.0,0.0,0.0
oe:player:cb5feb1b7314637725a2e73bdc9f729,Color,Macko Esports,LIT,,EMEA,Deuxième niveau,Top,79,170.0,222.0,1871.0,58.0,0.0,0.0
oe:player:2e82913920d8a6d0efa480bc35f1ba8,Aria,DetonatioN FocusMe,PCS,LJL 57 games (DetonatioN FocusMe),Asie-Pacifique,Ligue majeure,Mid,81,169.0,229.0,57.0,68.0,0.0,0.0
oe:player:5b4d15f5fc900a9f1a7d51c9cfc3424,chips,LGD Gaming Young Team,LDL,,Chine,Deuxième niveau,ADC,62,169.0,228.0,185.0,18.0,0.0,0.0
oe:player:3a3cf889f1996110ab52915425d60b5,xMatty,Unicorns of Love Sexy Edition,PRMP,PRM 57 games (Unicorns of Love Sexy Edition),EMEA,Deuxième niveau,ADC,89,169.0,223.0,668.0,50.0,0.0,0.0
oe:player:81672fafdf160235f5c96b5956ae3bc,Beenie,Leviatan,LLA,,Brésil & Amérique latine,Ligue majeure,ADC,20,168.0,239.0,48.0,77.0,0.0,0.0
oe:player:6c7c8b16d921fbf3394e228f1554ef5,Chime,FlyQuest NZXT,NACL,,Amérique du Nord,Deuxième niveau,Support,72,168.0,239.0,580.0,40.0,0.0,0.0
oe:player:e3b8d5a9290fe0c7458dc01db4dc9dc,Serin,NNO Prime,PRMP,PRM 54 games (NNO Prime),EMEA,Deuxième niveau,Mid,92,168.0,225.0,511.0,55.0,0.0,0.0
oe:player:2e10aa4c385d76eb9fc276fa0b72939,Th3Antonio,GiantX,LEC,LES 32 games (GIANTX iTero),EMEA,Ligue majeure,Top,53,168.0,209.0,-1763.0,75.0,0.0,0.0
oe:player:07e1e19a2e90a9d843d02cbdb445fa6,lamb,Bilibili Gaming Junior,LDL,,Chine,Deuxième niveau,Top,53,168.0,243.0,44.0,20.0,0.0,0.0
oe:player:5f048688474a6eacfefd74bd53d8715,Sheiden,FlyQuest NZXT,NACL,,Amérique du Nord,Deuxième niveau,Jungle,72,167.0,239.0,749.0,41.0,0.0,0.0
oe:player:97cae9bbdbfe09bafe83c5a7bda0727,Namgung,Gen.G Global Academy,LCKC,,Corée,Deuxième niveau,Support,66,166.0,227.0,-638.0,20.0,0.0,0.0
oe:player:d971df9441d60af93a87545e6a8f884,JiaQi,Top Esports Challenger,LDL,,Chine,Deuxième niveau,ADC,62,166.0,252.0,170.0,17.0,0.0,0.0
oe:player:78b6c1cd9f90d2560525966c76d8d39,Osman123,Beşiktaş Esports,TCL,,EMEA,Deuxième niveau,Jungle,49,166.0,220.0,912.0,54.5,0.0,0.0
oe:player:3b63ea0de80cfb191f952872b392da9,sajed,FlyQuest NZXT,NACL,,Amérique du Nord,Deuxième niveau,ADC,72,165.0,239.0,632.0,35.5,0.0,0.0
oe:player:3d3877877b668d8894fddbec1b9840b,Dioge,INTZ,CBLOL,CBLOLA 29 games (KaBuM! Academy),Brésil & Amérique latine,Ligue majeure,Mid,47,165.0,216.0,-128.0,72.0,0.0,0.0
oe:player:21647879fad5377c047bd923bffb07c,HorangE,Gen.G Global Academy,LCKC,,Corée,Deuxième niveau,Top,89,164.0,226.0,-510.0,24.0,0.0,0.0
oe:player:4125acaf3be80df04d6211609b2a227,Medzz,MAX,LDL,,Chine,Deuxième niveau,Mid,52,164.0,249.0,-72.0,29.0,0.0,0.0
oe:player:e6f5a7e37185c25a363d031ef5eafa9,Giyuu,Geekay Esports,AL,,EMEA,Deuxième niveau,Mid,81,163.0,225.0,1274.0,55.0,0.0,0.0
oe:player:6d630f0b571f8381f483b6a6941909a,Rabble,SK Gaming Prime,PRM,,EMEA,Deuxième niveau,Jungle,74,162.0,223.0,912.0,57.5,0.0,0.0
oe:player:35650a63e482edbdb82b6950955e052,Lucky,NNO Prime,PRMP,PRM 54 games (NNO Prime),EMEA,Deuxième niveau,Support,92,161.0,225.0,537.0,56.0,0.0,0.0
oe:player:9ea5afea85321b13df74acb62bfb530,Fun K3y,Eintracht Spandau,PRMP,PRM 56 games (Eintracht Spandau),EMEA,Deuxième niveau,ADC,94,161.0,225.0,626.0,48.0,0.0,0.0
oe:player:1c275bedd474301abb6a402792d0731,RobbyBob,Lotus,NACL,,Amérique du Nord,Deuxième niveau,Mid,30,160.0,244.0,727.0,48.0,0.0,0.0
oe:player:fa6ab005227d25bf19d02ca58f00cab,Kratos,MGN Vikings Esports,VCS,,Asie-Pacifique,Ligue majeure,Top,27,160.0,236.0,-114.0,68.0,0.0,0.0
oe:player:ccfb5c69ebcc2008b1dca4ef5c56142,DenVoksne,Macko Esports,LIT,LES 27 games (Case Esports),EMEA,Deuxième niveau,ADC,77,159.0,200.0,1317.0,44.0,0.0,0.0
oe:player:59af45f6d3a80a361073d093de34874,xiaohanbao,Anyone's Legend.Young,LDL,,Chine,Deuxième niveau,ADC,65,159.0,249.0,133.0,16.0,0.0,0.0
oe:player:c79ce9ec47a91226340af0e57afa782,Neo,GAM Esports,VCS,,Asie-Pacifique,Ligue majeure,ADC,25,158.0,224.0,-442.0,73.0,0.0,0.0
oe:player:81317166070e5727aa15670f1d996b3,Lotuss,Macko Esports,LIT,,EMEA,Deuxième niveau,Jungle,79,158.0,222.0,913.0,62.0,0.0,0.0
oe:player:4df49be401a66d4bb04a14c55c0cd40,Garvey,MAX,LDL,,Chine,Deuxième niveau,Top,52,156.0,249.0,-18.0,24.0,0.0,0.0
oe:player:152685ce71976230d0a430a5e8882c0,Dotmm,PSG Talon Academy,PCL,,Asie-Pacifique,Deuxième niveau,ADC,56,155.0,265.0,1465.0,36.0,0.0,0.0
oe:player:8807c97721e343cdc1fa2444cc00415,Thumb,Dplus Kia Academy,LAS,,Corée,Troisième niveau,Support,55,155.0,251.0,1247.0,2.0,0.463,0.94
oe:player:326f63d01099f1c8b91620cbc893813,Paduck,Kiwoom DRX Challengers,LCKC,,Corée,Deuxième niveau,ADC,97,154.0,211.0,-494.0,20.0,0.0,0.0
oe:player:5f4898a107d2948045588584562be3f,Dehaste,Nigma Galaxy,AL,,EMEA,Deuxième niveau,Mid,80,154.0,212.0,1231.0,58.0,0.0,0.0
oe:player:4e8d825698068a189023c34c67fe2cb,Horder,Pulse Star,NACL,,Amérique du Nord,Deuxième niveau,Top,31,154.0,240.0,598.0,42.0,0.0,0.0
oe:player:a1cd4e9b2265b1a11ea157ccc74b1e5,UNF0RGIVEN,Papara SuperMassive,TCL,,EMEA,Deuxième niveau,ADC,41,153.0,226.0,1198.0,57.0,0.0,0.0
oe:player:3ef7267325e7c72a8ca898504722520,Vertigo,Eintracht Spandau,PRMP,PRM 56 games (Eintracht Spandau),EMEA,Deuxième niveau,Top,94,153.0,225.0,540.0,48.0,0.0,0.0
oe:player:70e6d96860b77bb3e87663215b42a1f,JimieN,Frank Esports,PCS,,Asie-Pacifique,Ligue majeure,Mid,67,153.0,210.0,-23.0,64.0,0.0,0.0
oe:player:444733081a578880ba8a563d3c59d22,Flying,Oh My God Academy,LDL,,Chine,Deuxième niveau,Top,57,152.0,249.0,-35.0,27.0,0.0,0.0
oe:player:b137ce57a15794ffac86eaeff085326,Boukada,Team GO,LFL,,EMEA,Deuxième niveau,Jungle,86,152.0,223.0,-429.0,45.0,0.0,0.0
oe:player:a57c46c636a00b1721780dd44f9c42f,xiaohuangren,ThunderTalk Gaming Young,LDL,,Chine,Deuxième niveau,Jungle,66,152.0,253.0,-98.0,25.0,0.0,0.0
oe:player:d561f47c907915ece4273f4f9218194,Sorn,MGN Blue Esports,VCS,,Asie-Pacifique,Ligue majeure,Jungle,30,151.0,235.0,-317.0,67.0,0.0,0.0
oe:player:a291e13e72870a901a7a03a59d9c6be,Lilipp,Eintracht Spandau,PRMP,PRM 56 games (Eintracht Spandau),EMEA,Deuxième niveau,Support,94,150.0,225.0,485.0,50.0,0.0,0.0
oe:player:be85b3d65508c757ac9af1d54310520,Dekap,Geekay Esports,AL,,EMEA,Deuxième niveau,Support,81,149.0,225.0,1692.0,55.0,0.0,0.0
oe:player:4462a94df8bf2cf755c0c5da35f0282,bat,ThunderTalk Gaming Young,LDL,,Chine,Deuxième niveau,ADC,66,149.0,253.0,85.0,18.0,0.0,0.003
oe:player:f276daf7c9dc149b1bbcfd606ca569b,TQ,MGN Blue Esports,VCS,,Asie-Pacifique,Ligue majeure,Support,29,149.0,234.0,-137.0,71.0,0.0,0.0
oe:player:d045ce8a0de5eb77d740e62fb9e2d7f,Daption,Dragoon's Goons,NACL,,Amérique du Nord,Deuxième niveau,Support,69,148.0,226.0,481.0,40.0,0.0,0.0
oe:player:5a2ee980df4f7335900f1eb613b3cf3,Luuuck,Ji Jie Hao (集结号),LDL,,Chine,Deuxième niveau,Top,54,148.0,247.0,-55.0,26.0,0.0,0.0
oe:player:48cf24486d9a8e65a142b25682f1994,Driver,CTBC Flying Oyster,PCS,,Asie-Pacifique,Ligue majeure,Top,68,147.0,206.0,277.0,70.0,0.0,0.0
oe:player:a2332f2bae92fc439553f58f6ff54fe,xLiang,Ji Jie Hao (集结号),LDL,,Chine,Deuxième niveau,ADC,54,147.0,247.0,76.0,23.0,0.0,0.0
oe:player:ec596621f8c01e1b79c177346b4a158,NuQ,Team Phantasma,GLL,NL 13 games (Joblife),EMEA,Deuxième niveau,Top,53,147.0,210.0,1656.0,76.0,0.0,0.0
oe:player:b59cf34822637240167b000e46e281a,Reason1,Joy Dream,LDL,,Chine,Deuxième niveau,Mid,10,146.0,259.0,-162.0,,,
oe:player:646a06b2c4d7d2798c0945d144f1a71,Tide,Deep Cross Gaming,PCS,,Asie-Pacifique,Ligue majeure,ADC,42,145.0,218.0,-201.0,76.0,0.0,0.0
oe:player:6c1d0c529e73fe4c8b9a5306867c4bf,BAO,Gentle Mates,LFL,,EMEA,Deuxième niveau,ADC,68,145.0,223.0,-171.0,50.0,0.0,0.0
oe:player:aa07f9f46650db64bb09c743b4c561d,Bong,Geekay Esports,AL,,EMEA,Deuxième niveau,Top,81,145.0,225.0,1351.0,54.0,0.0,0.0
oe:player:3760ca2476e54dceef5926aa4d8430e,Yusah,Team Secret,VCS,,Asie-Pacifique,Ligue majeure,Jungle,34,143.0,231.0,-359.0,69.0,0.0,0.0
oe:player:e882d885e6344e29c75779e8a4a307a,Wangxiao,Top Esports Challenger,LDL,,Chine,Deuxième niveau,Mid,62,143.0,252.0,-177.0,27.0,0.0,0.0
oe:player:fe1796bb1db5f41828a2b7544d73d86,doing,LNG Academy,LDL,,Chine,Deuxième niveau,Mid,65,142.0,244.0,-179.0,32.0,0.0,0.0
oe:player:694ee794a9d3a8c3fbd658becb89769,zamulek,DSYRE,LIT,,EMEA,Deuxième niveau,ADC,81,141.0,220.0,1228.0,62.0,0.0,0.0
oe:player:979d7cbbe1e2a8b55d503047f5c72a0,Hauz,KaBuM! Esports,CBLOL,,Brésil & Amérique latine,Ligue majeure,Mid,44,140.0,235.0,-251.0,66.0,0.0,0.0
oe:player:2d2b174e23f40f5ea3a0c4151349ca3,Armut,Papara SuperMassive,TCL,TSC 13 games (Papara SuperMassive),EMEA,Deuxième niveau,Top,86,140.0,216.0,1029.0,54.0,0.0,0.0
oe:player:349b9ce4a64509c41456d27d38aa945,Toye,Gen.G Global Academy,LCKC,,Corée,Deuxième niveau,Jungle,24,139.0,234.0,-947.0,27.0,0.0,0.0
oe:player:5ffcd7884584d2e9579d73ea7a7feaa,Starfire,Oh My God Academy,LDL,,Chine,Deuxième niveau,Jungle,40,139.0,248.0,-160.0,31.0,0.0,0.0
oe:player:94e5c960a512595b39fea5f350d7d0d,OddEye,Nongshim Esports Academy,LCKC,,Corée,Deuxième niveau,ADC,10,139.0,241.0,-570.0,,,
oe:player:c0f78343a2ad4ba1463245d53a3b440,Ragner,Gentle Mates,LFL,,EMEA,Deuxième niveau,Top,68,139.0,223.0,-248.0,50.5,0.0,0.0
oe:player:2e39f77d41c8deb6a891c30cf378383,Deadly,Ici Japon Corp. Esport,LFL,NL 46 games (Ici Japon Corp. Esport),EMEA,Deuxième niveau,ADC,60,139.0,228.0,-202.0,54.0,0.0,0.0
oe:player:df13ba84b4ea6932f7e10b5e51e7cf5,Venour,SK Gaming Prime,PRM,,EMEA,Deuxième niveau,Top,74,138.0,223.0,837.0,59.5,0.0,0.0
oe:player:98507570b7ae6c8019192bc1b5412c1,Porsche,Lotus,NACL,,Amérique du Nord,Deuxième niveau,Top,30,138.0,244.0,518.0,40.0,0.0,0.0
oe:player:e85e46c5f3d3fcce55af9ca6a4cb45c,sasi,ThunderTalk Gaming Young,LDL,,Chine,Deuxième niveau,Top,66,138.0,253.0,-107.0,22.0,0.0,0.0
oe:player:d409d64bdc7efb292e2e33b8672a32b,Milkcat,Frank Esports Academy,PCL,,Asie-Pacifique,Deuxième niveau,ADC,60,137.0,258.0,1374.0,43.0,0.0,0.0
oe:player:13a03a7c5dee185eaba949190fbd594,Mitsuki,Top Esports Challenger,LDL,,Chine,Deuxième niveau,Support,31,136.0,248.0,38.0,26.0,0.0,0.0
oe:player:6644a7352d32c9c4443017798130b61,Pun,CERBERUS Esports,VCS,,Asie-Pacifique,Ligue majeure,Top,61,136.0,218.0,-236.0,64.5,0.0,0.0
oe:player:157108ff2b64591e5703c64dbae3a2e,TolanD,Unicorns of Love Sexy Edition,PRMP,PRM 57 games (Unicorns of Love Sexy Edition),EMEA,Deuxième niveau,Mid,89,136.0,223.0,353.0,59.0,0.0,0.0
oe:player:6c572c3dec17d80c511cda4f484b6e5,Yummy,FunPlus Phoenix Blaze,LDL,,Chine,Deuxième niveau,Mid,14,134.0,254.0,-221.0,,,
oe:player:8bab5585791b1bd4661e9a9a3e56f5b,juny,Rise Gaming Ignis,IGNIS,,Brésil & Amérique latine,Troisième niveau,Jungle,23,134.0,845.0,805.0,1.0,0.353,0.457
oe:player:d7a904873d10637ef44afa9c1de83b3,Ayu,FURIA,CBLOL,,Brésil & Amérique latine,Ligue majeure,ADC,53,134.0,230.0,-84.0,80.0,0.0,0.0
oe:player:e9df36f0c0ce44566f124524d7d904a,Carim,Nongshim Esports Academy,LCKC,,Corée,Deuxième niveau,Jungle,49,133.0,228.0,-974.0,23.0,0.0,0.0
oe:player:0cfe46c9ae6f1654b9363084c559648,Zephyr,Kiwoom DRX Challengers,LCKC,,Corée,Deuxième niveau,Jungle,42,133.0,231.0,-977.0,27.0,0.0,0.0
oe:player:6625d682ed10ef5e0e7c6c9e4dd2fc1,Tatu,paiN Gaming Academy,CBLOLA,,Brésil & Amérique latine,Deuxième niveau,Jungle,72,131.0,236.0,1338.0,48.0,0.0,0.0
oe:player:821b8540f3adc05a30edd06f1d877e6,whiteinn,Team Heretics Academy,LES,,EMEA,Deuxième niveau,Support,84,131.0,223.0,1005.0,56.0,0.0,0.0
oe:player:bdff898770186da749cb63755cb1db0,Vinay,MAX,LDL,,Chine,Deuxième niveau,Support,52,131.0,249.0,15.0,27.0,0.0,0.0
oe:player:886e8205ac1b091dbf67dbae83b1544,Tutsz,FURIA,CBLOL,,Brésil & Amérique latine,Ligue majeure,Mid,53,131.0,230.0,-300.0,69.0,0.0,0.0
oe:player:0015d99e65183977a9e65547b37f1cb,Harp,DetonatioN FocusMe,PCS,LJL 57 games (DetonatioN FocusMe),Asie-Pacifique,Ligue majeure,Support,81,130.0,229.0,-43.0,76.0,0.0,0.0
oe:player:1f6adedbadccaa957a5f57fe690fbf6,zhiqiuyi,FunPlus Phoenix Blaze,LDL,,Chine,Deuxième niveau,ADC,57,130.0,250.0,-12.0,23.0,0.0,0.0
oe:player:11c1567e14826d940601073412059ef,Ariendel,Pulse Star,NACL,,Amérique du Nord,Deuxième niveau,Mid,30,129.0,239.0,573.0,53.0,0.0,0.0
oe:player:df6940da41ba9a3df7055e75f3daac9,Draktharr,Team Flash,VCS,,Asie-Pacifique,Ligue majeure,Jungle,66,128.0,218.0,-434.0,67.0,0.0,0.0
oe:player:59c7e20290aa08345a6f834eb3fccac,Ouzi,Team Flash,VCS,,Asie-Pacifique,Ligue majeure,ADC,16,128.0,235.0,-592.0,,,
oe:player:4d433d67abfab3b3fea642fbcab80e0,Hasmed,Team Whales,VCS,,Asie-Pacifique,Ligue majeure,Top,67,128.0,209.0,-276.0,67.0,0.0,0.0
oe:player:dd77279f7d325eec933f05b1672f6a1,1116,West Point Esports,PCS,,Asie-Pacifique,Ligue majeure,Mid,61,127.0,217.0,-154.0,71.0,0.0,0.0
oe:player:9699e95d3df6ce39149264082eed6bf,AisyL,CERBERUS Esports,VCS,,Asie-Pacifique,Ligue majeure,Mid,55,125.0,229.0,-489.0,63.0,0.0,0.0
oe:player:e42fd90dea956c3986b69209b56ce16,OMON,Ici Japon Corp. Esport,LFL,NL 46 games (Ici Japon Corp. Esport),EMEA,Deuxième niveau,Mid,60,125.0,228.0,-453.0,60.0,0.0,0.0
oe:player:bfe59bd4bb234b90bae5e9ac785ccc1,Guoba,Joy Dream,LDL,,Chine,Deuxième niveau,ADC,19,124.0,250.0,-43.0,,,
oe:player:325397710b4294aeb7a18881c34f33b,Six10,Team GO,LFL,,EMEA,Deuxième niveau,Mid,28,124.0,216.0,-454.0,65.0,0.0,0.0
oe:player:25372337c424d854728ed2a7775efb6,Zanzarah,Eintracht Spandau,PRMP,PRM 56 games (Eintracht Spandau),EMEA,Deuxième niveau,Jungle,94,124.0,225.0,510.0,55.0,0.0,0.0
oe:player:046795fa30debe19eafd497dba544e3,Instinct,Fear x Starforge,NACL,,Amérique du Nord,Deuxième niveau,ADC,66,123.0,228.0,423.0,38.0,0.0,0.0
oe:player:41ea0ed55fe655184c9073085b85eea,White,Gentle Mates,LFL,,EMEA,Deuxième niveau,Jungle,68,123.0,223.0,-575.0,57.5,0.0,0.0
oe:player:91339b2ef99dce238735c03bae031d1,Soraaa,Team Flash,VCS,,Asie-Pacifique,Ligue majeure,Support,61,123.0,228.0,-265.0,72.0,0.0,0.0
oe:player:03ffc84bf06e1adbfb0e869b6a0850a,Ashlomailma,ThunderTalk Gaming Young,LDL,,Chine,Deuxième niveau,Support,66,123.0,253.0,-26.0,24.0,0.0,0.0
oe:player:d47955c8bc06bf316f24ee15d45407b,Aetinoth,GIANTX iTero,LES,,EMEA,Deuxième niveau,ADC,71,122.0,217.0,727.0,56.0,0.0,0.0
oe:player:bd0655defa1f5f33c2c8ac34cfd9d36,Backlund,Dark Passage,TCL,,EMEA,Deuxième niveau,Mid,47,122.0,225.0,1033.0,66.0,0.0,0.0
oe:player:158b3ca4e11f71046539eff76f77492,Yge,MAX,LDL,,Chine,Deuxième niveau,Jungle,25,122.0,249.0,-248.0,29.0,0.0,0.0
oe:player:f3e1b8db521dbc3508edf71e37e8863,Pangjin,Nigma Galaxy,AL,,EMEA,Deuxième niveau,ADC,40,121.0,222.0,937.0,62.5,0.0,0.0
oe:player:8c730b10e2b23f98f9bbd735daa9a40,HotPot,Hungkuang Falcon (弘光獵鷹),PCL,,Asie-Pacifique,Deuxième niveau,Jungle,15,121.0,232.0,1408.0,,,
oe:player:403937c97942cb4634ef8907077ede5,Xiaoxia,Bilibili Gaming Junior,LDL,,Chine,Deuxième niveau,Support,67,120.0,246.0,-41.0,27.0,0.0,0.0
oe:player:d1ae0e2f9f3ac1e0e0cdcb86504ca77,Feisty,GIANTX iTero,LES,,EMEA,Deuxième niveau,Mid,71,119.0,217.0,674.0,61.0,0.0,0.0
oe:player:bd908db5ccb07777ced8023dffc802f,links,Komodo,NACL,,Amérique du Nord,Deuxième niveau,ADC,25,118.0,235.0,397.0,43.0,0.0,0.0
oe:player:095e36eb89b5b80b3eae3e4b52bd7c2,PicaPica,Komodo,NACL,,Amérique du Nord,Deuxième niveau,Support,21,118.0,240.0,330.0,51.0,0.0,0.0
oe:player:9bed6fad163eaf7e90b58334c8339ab,kairi,MGN Vikings Esports,VCS,,Asie-Pacifique,Ligue majeure,Support,27,118.0,236.0,-294.0,69.0,0.0,0.0
oe:player:e8807b4d9bf789bc39a0ede302f2452,Hadess,Ici Japon Corp. Esport,LFL,NL 46 games (Ici Japon Corp. Esport),EMEA,Deuxième niveau,Jungle,60,117.0,228.0,-605.0,60.0,0.0,0.0
oe:player:7aa0aebd379414d25f1fcdc396407f1,kamilius,Gentle Mates,LFL,,EMEA,Deuxième niveau,Support,68,117.0,223.0,-427.0,58.0,0.0,0.0
oe:player:ee4894bcff1cfaa4ffbf71b7b8d8921,Rin,Ramboot Club,LES,,EMEA,Deuxième niveau,ADC,38,116.0,221.0,695.0,65.0,0.0,0.0
oe:player:1f8b2df4c6ee43a1c1dc29817c0a201,Sacre,FC Schalke 04 Esports,PRM,,EMEA,Deuxième niveau,Top,69,115.0,226.0,720.0,61.0,0.0,0.0
oe:player:966e8f61b0847f6059559ed09f8574f,Kojima,Fluxo,CBLOL,,Brésil & Amérique latine,Ligue majeure,ADC,18,114.0,239.0,-184.0,,,
oe:player:7b0aeb1bb297b0d44629e94186bcb6a,Nafkelah,Aegis,LFL,,EMEA,Deuxième niveau,Mid,34,114.0,219.0,-504.0,60.0,0.0,0.0
oe:player:dcfc3c9bd1d00753fe2619381a59fe4,Dooly,Gen.G Global Academy,LCKC,,Corée,Deuxième niveau,Mid,29,114.0,229.0,-1081.0,33.0,0.0,0.0
oe:player:5a4ed34a7baf1d14942def4ab49ce38,Diamond,Supernova,NACL,,Amérique du Nord,Deuxième niveau,Support,64,114.0,234.0,310.0,45.5,0.0,0.0
oe:player:ca187ee49dd3e9ed20eaacbbf484fdf,Pout,KT Rolster Challengers,LCKC,,Corée,Deuxième niveau,Mid,10,113.0,241.0,-1085.0,,,
oe:player:21846207612858fb49a468b43e56dd3,Destroy,FURIA,CBLOL,,Brésil & Amérique latine,Ligue majeure,Top,10,113.0,244.0,-243.0,,,
oe:player:e6f8300f45b071d113356fc27cedf4c,Rayito,Veni Vidi Vici,LES,,EMEA,Deuxième niveau,ADC,21,112.0,224.0,678.0,62.0,0.0,0.0
oe:player:99f0996e8f487ec0633f1920bd4631d,Shini,Fluxo,CBLOL,,Brésil & Amérique latine,Ligue majeure,Jungle,27,112.0,235.0,-98.0,76.0,0.0,0.0
oe:player:48214ce48e2b8ba2391244084ddd226,Manaty,Team Phantasma,GLL,,EMEA,Deuxième niveau,Jungle,40,111.0,223.0,2242.0,76.5,0.0,0.0
oe:player:1d1600d15a68ab1a80348ee748ea1e3,scamber,Fluxo,CBLOL,,Brésil & Amérique latine,Ligue majeure,Support,45,111.0,233.0,-409.0,76.0,0.0,0.0
oe:player:cc51227ea88c71dabc8f6e601b0ec41,Oscure,Barça eSports,LES,,EMEA,Deuxième niveau,Support,58,111.0,220.0,902.0,60.0,0.0,0.0
oe:player:a28b544eced2b013f4304fe5bdc6b4e,Yuhe,Impunity,PCL,,Asie-Pacifique,Deuxième niveau,Top,12,111.0,269.0,1077.0,,,
oe:player:ec25c372d9dc85ffa0b720bf533e53d,Pika1,Impunity,PCL,,Asie-Pacifique,Deuxième niveau,ADC,64,111.0,252.0,1244.0,44.0,0.0,0.0
oe:player:f440eb72ee199663cdf171f579985e4,Faisal,Supernova,NACL,,Amérique du Nord,Deuxième niveau,Top,64,110.0,234.0,373.0,42.0,0.0,0.0
oe:player:2c356e2803d68c33c11e65496fff9bd,Baiye,Bilibili Gaming Junior,LDL,,Chine,Deuxième niveau,ADC,59,110.0,243.0,-110.0,24.0,0.0,0.0
oe:player:39b7c8fcabea217972326ec1f441b0a,Lonely,KaBuM! Esports,CBLOL,,Brésil & Amérique latine,Ligue majeure,Top,45,109.0,220.0,-262.0,75.0,0.0,0.0
oe:player:702efc23873d774e479682ef680d911,Cboi,FC Schalke 04 Esports,PRM,,EMEA,Deuxième niveau,Jungle,69,109.0,226.0,647.0,65.0,0.0,0.0
oe:player:751b4e6d134b3c4559459c7921fee5f,Pilot,Liberty,CBLOL,,Brésil & Amérique latine,Ligue majeure,Mid,36,109.0,237.0,-405.0,73.0,0.0,0.0
oe:player:35859191db73609302debbc5c43117c,Fuuu,Fluxo,CBLOL,,Brésil & Amérique latine,Ligue majeure,Mid,45,109.0,233.0,-407.0,71.0,0.0,0.0
oe:player:1e249a5688255bde7f7213b5d257b3c,Click,Macko Esports,LIT,,EMEA,Deuxième niveau,Support,79,108.0,222.0,887.0,67.0,0.0,0.0
oe:player:f6fcb6f1d244cc5d15ab8096d941d7a,Peng,GameWard,LFL,,EMEA,Deuxième niveau,Mid,52,108.0,225.0,-538.0,57.0,0.0,0.0
oe:player:bf95f0a99dd7be89d7867d0d9f961ce,Coldraa,Team du Sud,LFL,,EMEA,Deuxième niveau,ADC,28,108.0,220.0,-355.0,61.0,0.0,0.0
oe:player:682275c2ba204d32b67f5fa94b928e4,Skeanz,Papara SuperMassive,TCL,TSC 13 games (Papara SuperMassive),EMEA,Deuxième niveau,Jungle,86,108.0,216.0,621.0,63.0,0.0,0.0
oe:player:1287745001657077d2a6c3ecd59af08,grieve,Joy Dream,LDL,,Chine,Deuxième niveau,Support,11,108.0,257.0,-99.0,,,
oe:player:47f1917849906027f365eff06d45c27,Steal,DetonatioN FocusMe,PCS,LJL 57 games (DetonatioN FocusMe),Asie-Pacifique,Ligue majeure,Jungle,81,107.0,229.0,-206.0,75.0,0.0,0.0
oe:player:85ab9a415e1cf1f63000f7f6f1c183a,KryRa,CCG Esports,NACL,,Amérique du Nord,Deuxième niveau,Jungle,13,107.0,244.0,450.0,,,
oe:player:a43edb413d3721cec1f32581319fc06,Serene,Top Esports Challenger,LDL,,Chine,Deuxième niveau,Jungle,36,107.0,248.0,-320.0,32.0,0.0,0.0
oe:player:5c10d4fc029a04de654a59d8078b913,sarolu,Vivo Keyd Stars Academy,CBLOLA,,Brésil & Amérique latine,Deuxième niveau,Jungle,41,106.0,229.0,1217.0,53.0,0.0,0.0
oe:player:32cab682c95fbe9ec1b4b6be61f235e,Yanxiang,Team WE,LPL,LDL 45 games (Team WE Academy),Chine,Ligue majeure,Jungle,60,106.0,222.0,-2540.0,62.0,0.0,0.0
oe:player:1f0f5ce849abab00c4283182c04efd0,Hoon,Beşiktaş Esports,TCL,,EMEA,Deuxième niveau,Top,71,106.0,218.0,863.0,62.0,0.0,0.0
oe:player:a322887f1f9792197e30825f1a6571d,Addusto,Unicorns of Love Sexy Edition,PRM,,EMEA,Deuxième niveau,Top,24,106.0,223.0,674.0,75.0,0.0,0.0
oe:player:c659697694306de62d978569b84c344,PatkicaA,Ici Japon Corp. Esport,LFL,NL 46 games (Ici Japon Corp. Esport),EMEA,Deuxième niveau,Top,60,106.0,228.0,-410.0,59.0,0.0,0.0
oe:player:c08f75d1d70bf068013b32f60fe96a5,Vigil,Macko Esports,LIT,,EMEA,Deuxième niveau,Mid,63,105.0,211.0,1035.0,65.0,0.0,0.0
name:TNU Alex,TNU Alex,TNU Eagle (東南飛鷹),PCL,,Asie-Pacifique,Deuxième niveau,Jungle,17,105.0,270.0,1325.0,,,
oe:player:00ff83174dc14ce3f7b17e427b75e7f,Sty1e,MGN Blue Esports,VCS,,Asie-Pacifique,Ligue majeure,ADC,59,104.0,220.0,-715.0,73.5,0.0,0.0
oe:player:63dc9ebe6cd781c9c9cecb54a6d7317,Kiari,Fluxo,CBLOL,,Brésil & Amérique latine,Ligue majeure,Top,44,103.0,232.0,-292.0,74.0,0.0,0.0
oe:player:1d17186c66b693755087b8af8d0c611,Scarface,NNO Prime,PRMP,PRM 54 games (NNO Prime),EMEA,Deuxième niveau,Top,92,102.0,225.0,284.0,60.0,0.0,0.0
oe:player:a54db49a574e10b8b4401ca49ba5294,Kaido,Area of Effect Esports,NACL,,Amérique du Nord,Deuxième niveau,Jungle,15,102.0,245.0,425.0,,,
oe:player:90704735ca9fc01f2244f23f6e5d635,Shiganari,NNO Prime,PRMP,PRM 54 games (NNO Prime),EMEA,Deuxième niveau,ADC,92,99.0,225.0,316.0,59.0,0.0,0.0
oe:player:df5866d3078c786ce03084b78b1f5d9,Czypsy,Atleta Esport,LIT,UL 22 games (Anonymo Esports),EMEA,Deuxième niveau,Support,68,99.0,203.0,843.0,72.0,0.0,0.0
oe:player:340a76e3aef8e862f5fd79411261b29,Mobility,Area of Effect Esports,NACL,,Amérique du Nord,Deuxième niveau,ADC,27,97.0,235.0,293.0,48.0,0.0,0.0
oe:player:ae20b1872a922cdc5b8707fbe66c4f0,Twiizt,FC Schalke 04 Esports,PRM,,EMEA,Deuxième niveau,Support,69,96.0,226.0,74.0,65.0,0.0,0.0
oe:player:807720aa4d1cb40b3d5991c2646d38e,Simple,Frank Esports Academy,PCL,,Asie-Pacifique,Deuxième niveau,Support,66,96.0,261.0,1356.0,49.0,0.0,0.0
oe:player:33daf484c86d10f725d57ed31230c73,Fighto,Ground Zero Gaming,PCS,LCO 23 games (Ground Zero Gaming),Asie-Pacifique,Ligue majeure,Mid,34,95.0,228.0,-314.0,81.0,0.0,0.0
oe:player:e28bed4fc154ef5fd8aabcc0334a464,Slowz,CERBERUS Esports,VCS,,Asie-Pacifique,Ligue majeure,ADC,56,95.0,230.0,-756.0,78.0,0.0,0.0
oe:player:c691200f8d12ee61ae01047c4629c62,Kenvi,Supernova,NACL,,Amérique du Nord,Deuxième niveau,Jungle,64,94.0,234.0,386.0,47.0,0.0,0.0
oe:player:a600b912c936aadcc1337cc2a3c928e,Boda,Nigma Galaxy,AL,,EMEA,Deuxième niveau,Top,70,94.0,220.0,1097.0,69.0,0.0,0.0
oe:player:b06f165ee2371a61d3be74d413e1e21,Malrang,KaBuM! Esports,CBLOL,,Brésil & Amérique latine,Ligue majeure,Jungle,29,93.0,229.0,-197.0,78.0,0.0,0.0
oe:player:e041923a70bcde3b24d608958f8edc8,Shlatan,NNO Prime,PRMP,PRM 54 games (NNO Prime),EMEA,Deuxième niveau,Jungle,92,93.0,225.0,357.0,64.0,0.0,0.0
oe:player:7db16a4ce881aecec2bfeb3e0c74188,Marvin,paiN Gaming Academy,CBLOLA,,Brésil & Amérique latine,Deuxième niveau,ADC,72,92.0,236.0,1163.0,48.0,0.0,0.0
oe:player:658a2a25bf5e14b866e38d832ec9ba6,Kio,MHSC Esport,NL,,EMEA,Troisième niveau,Top,51,92.0,228.0,1023.0,4.0,0.32,0.607
oe:player:9543a90d85dc2083fdfcd1e615abebf,Baula,Fuego,LRN,,Brésil & Amérique latine,Deuxième niveau,Support,43,92.0,243.0,1545.0,74.0,0.0,0.0
oe:player:7c2e8882d8e14728b381341c6f7d9a1,yato,Rise Gaming Ignis,IGNIS,,Brésil & Amérique latine,Troisième niveau,ADC,28,92.0,846.0,499.0,1.0,0.343,0.463
oe:player:115cbb13ff7ef811c05d6e95bf224c2,Shadow,Isurus,LLA,,Brésil & Amérique latine,Ligue majeure,Support,39,91.0,224.0,-322.0,74.0,0.0,0.0
oe:player:9c07f95f72d5c1e36a448d2844617f8,BuLuKaKa,Team WE Academy,LDL,,Chine,Deuxième niveau,Mid,45,91.0,253.0,-438.0,33.0,0.0,0.0
oe:player:9d5e0c4b6e7dee035df1a901f124280,Misanthiel,IziDream,NL,,EMEA,Troisième niveau,Top,56,90.0,228.0,1010.0,6.0,0.02,0.483
oe:player:e52cd39655258ab5bd6cff89b32ea07,Benaset,IziDream,NL,,EMEA,Troisième niveau,Support,25,89.0,223.0,973.0,7.0,0.05,0.263
oe:player:655ff5d5e29058249fdf0ab0e1389f8,FenRir,Dplus Kia Academy,LAS,,Corée,Troisième niveau,ADC,16,87.0,256.0,1303.0,,,
oe:player:5b86bafc34d79c84a8847d29b64ca29,Mireu,Gentle Mates,LFL,TCL 22 games (Beşiktaş Esports),EMEA,Deuxième niveau,Mid,67,87.0,204.0,-644.0,78.5,0.0,0.0
oe:player:1725cf69407d2dcdf2873d0669409e8,Tracyn,Austrian Force willhaben,PRMP,PRM 47 games (Austrian Force willhaben),EMEA,Deuxième niveau,Top,62,85.0,224.0,198.0,67.0,0.0,0.0
oe:player:bea6c089fd517fff3bc020290ae48f7,Steeelback,GameWard,LFL,,EMEA,Deuxième niveau,Support,53,85.0,226.0,-585.0,62.0,0.0,0.0
oe:player:daf977355187d5f85949a456e337be7,Leb,Ramboot Club,LES,,EMEA,Deuxième niveau,Jungle,58,85.0,220.0,487.0,73.5,0.0,0.0
oe:player:25f0cff9d441f59efbaeea64b5d8cdd,Advienne,Ici Japon Corp. Esport,LFL,,EMEA,Deuxième niveau,Support,11,84.0,235.0,-589.0,,,
oe:player:be17beb4d906e22fa6995e17060ebd3,Slayer,Gen.G Global Academy,LCKC,,Corée,Deuxième niveau,ADC,94,84.0,216.0,-846.0,28.0,0.0,0.0
oe:player:af212f8ed0d70dc817166b06b794b59,Beluga,Team WE Academy,LDL,,Chine,Deuxième niveau,Top,21,84.0,254.0,-377.0,31.0,0.0,0.0
oe:player:84d7626c130404807d2b16de06bcfa4,Pooh,HANJIN BRION Academy,LAS,,Corée,Troisième niveau,Support,77,83.0,259.0,887.0,3.0,0.143,0.987
oe:player:8672dd662ee0d6d80c733a444c0743f,Miyi,Oh My God Academy,LDL,,Chine,Deuxième niveau,Support,57,82.0,249.0,-232.0,30.0,0.0,0.0
oe:player:c93a9785f9ee0a798a2f1252c33ef1d,RonOP,Team Whales,VCS,,Asie-Pacifique,Ligue majeure,Support,15,80.0,235.0,-481.0,,,
oe:player:95496721c429ee19a2a9bd9c4321e95,Qats,paiN Gaming Academy,CBLOLA,,Brésil & Amérique latine,Deuxième niveau,Mid,72,80.0,236.0,1489.0,54.0,0.0,0.0
oe:player:060e16e1c91434827c294bac52e8b47,Zicssi,GameWard,LFL,,EMEA,Deuxième niveau,Jungle,53,79.0,226.0,-794.0,63.0,0.0,0.0
oe:player:fdc16c7495d2f61f9f116432b4a1f1a,RayFarky,DetonatioN FocusMe,PCS,LJL 57 games (DetonatioN FocusMe),Asie-Pacifique,Ligue majeure,Top,81,79.0,229.0,-64.0,78.0,0.0,0.0
oe:player:6b15911e90833052d80c73d67dfce7d,Leon,Berlin International Gaming,PRM,,EMEA,Deuxième niveau,Support,25,79.0,223.0,-13.0,91.0,0.0,0.0
oe:player:6e927cdd1b942a0f916cb821bb7b8bd,strangers,Rise Gaming Ignis,IGNIS,,Brésil & Amérique latine,Troisième niveau,Mid,28,78.0,846.0,0.0,2.0,0.26,0.447
oe:player:1999dbe32608051613a2d3ed9c1b0d4,Morttheus,Vivo Keyd Stars Academy,CBLOLA,,Brésil & Amérique latine,Deuxième niveau,ADC,71,77.0,232.0,1084.0,52.0,0.0,0.0
oe:player:db32d1c0db93142a994f7cd5dbe3352,Feifan,Oh My God Academy,LDL,,Chine,Deuxième niveau,Jungle,17,76.0,256.0,-477.0,,,
oe:player:48e06b61418cf7d3391acd04e2462a6,Kikis,Atleta Esport,LIT,,EMEA,Deuxième niveau,Jungle,46,76.0,228.0,503.0,75.0,0.0,0.0
oe:player:7d21767bc5bb1567a3dd92bf82a5a8e,zzeta,MGN Blue Esports,VCS,,Asie-Pacifique,Ligue majeure,Mid,20,76.0,231.0,-736.0,69.0,0.0,0.0
oe:player:53841c6e42a6ce77b6f3b80133c9342,Peach,GIANTX iTero,LES,LEC 27 games (GiantX),EMEA,Deuxième niveau,Jungle,54,75.0,206.0,435.0,37.0,0.0,0.037
oe:player:2042101ac1f6e7741bfe43f3672e6d7,Thomas,Veni Vidi Vici,LES,EBL 26 games (BeFive),EMEA,Deuxième niveau,Support,53,73.0,208.0,715.0,96.0,0.0,0.0
oe:player:e1ddc411cd92f26392b707a48e5c700,marlon,Team du Sud,LFL,LES 23 games (Movistar KOI),EMEA,Deuxième niveau,Support,41,72.0,211.0,-651.0,77.0,0.0,0.0
oe:player:7cc60efc7908ef535a0488a811996a4,Rhuckz,Movistar KOI,LES,,EMEA,Deuxième niveau,Support,67,72.0,213.0,708.0,70.5,0.0,0.0
oe:player:343b2b8ed97512673e3e1ef2705b0de,Cavalo,Liberty,CBLOL,,Brésil & Amérique latine,Ligue majeure,Support,36,71.0,237.0,-606.0,80.0,0.0,0.0
oe:player:f7ead1102c4739cf2a094369019fff5,Winsome,Fear x Starforge,NACL,,Amérique du Nord,Deuxième niveau,Support,57,71.0,237.0,99.0,53.0,0.0,0.0
oe:player:8eb3f58cfdde9680b5f1a0d8d4df836,Matias,GameWard,LFL,,EMEA,Deuxième niveau,ADC,53,70.0,226.0,-543.0,60.0,0.0,0.0
oe:player:8204ca38dc1c42012b5d53131271eb1,Axelent,MHSC Esport,NL,,EMEA,Troisième niveau,ADC,51,70.0,228.0,995.0,3.0,0.21,0.72
oe:player:a5a7b88f861bef4c6247a78eb680b7b,Kongyue,West Point Esports,PCS,,Asie-Pacifique,Ligue majeure,Jungle,27,68.0,224.0,-399.0,80.0,0.0,0.0
oe:player:12765429362ae7ef85ed6fdd04d2ad7,Djoko,MHSC Esport,NL,,EMEA,Troisième niveau,Jungle,51,68.0,228.0,910.0,6.0,0.147,0.483
oe:player:73f4f802d756c7d87c37c0a6ea2262a,Winn1,West Point Esports Academy,PCL,,Asie-Pacifique,Deuxième niveau,Top,26,66.0,258.0,853.0,66.0,0.0,0.0
oe:player:8784bcdcfb37672c12481c037ad8db4,Ruep,Dark Passage,TCL,,EMEA,Deuxième niveau,ADC,94,66.0,214.0,764.0,68.0,0.0,0.0
oe:player:3950b27e47e381e26f4678ced12bc45,Guti,HANJIN BRION Academy,LAS,,Corée,Troisième niveau,Mid,31,65.0,254.0,1076.0,2.0,0.26,0.597
oe:player:4bdb80c84e25651b3d62742c0b61f6d,iBo,Ramboot Club,LES,,EMEA,Deuxième niveau,Top,58,64.0,220.0,620.0,72.0,0.0,0.0
oe:player:96b321ccfb3e1708faa11c718ac8bbf,Gaeul,Frank Esports Academy,PCL,,Asie-Pacifique,Deuxième niveau,Jungle,67,64.0,262.0,1122.0,57.0,0.0,0.0
oe:player:6c7a80ad608cb76d18182d2243d7acf,RenHao,Deep Cross Gaming Academy,PCL,,Asie-Pacifique,Deuxième niveau,Jungle,53,63.0,261.0,1114.0,63.0,0.0,0.0
oe:player:a5a630a5d4f0d3151f3c98d2d98834b,Telas,Vivo Keyd Stars Academy,CBLOLA,,Brésil & Amérique latine,Deuxième niveau,Support,71,63.0,232.0,1359.0,59.0,0.0,0.0
oe:player:5d66cbb86c841dd01cfbf146389f042,Crimson,CCG Esports,NACL,,Amérique du Nord,Deuxième niveau,Top,37,63.0,234.0,140.0,54.0,0.0,0.0
oe:player:a9cdfd1c803a0c395fa90d0042c1e60,Inori,Black Rock Esports,NACL,,Amérique du Nord,Deuxième niveau,Jungle,10,62.0,250.0,222.0,,,
oe:player:c8fe7c65a2ae0ab6ff62674ade6847d,Cloud,T1 Esports Academy Rookies,LAS,,Corée,Troisième niveau,Support,78,62.0,239.0,784.0,3.0,0.057,0.89
oe:player:9d2474b953a3a0be93880409ccceb4e,Artemis,Team Whales,VCS,,Asie-Pacifique,Ligue majeure,ADC,75,61.0,212.0,-927.0,74.5,0.0,0.0
oe:player:1ea43d796bee19fef0148557eb94cb5,Kaixuan,Weibo Gaming Youth Team,LDL,,Chine,Deuxième niveau,Support,30,59.0,249.0,-348.0,34.0,0.0,0.0
oe:player:b8c5bfbff49a0f1459f1c15d824fde7,Sebekx,Atleta Esport,LIT,,EMEA,Deuxième niveau,Mid,46,59.0,228.0,804.0,78.0,0.0,0.0
oe:player:8f7f4c1ce7a4f933663d10543562b09,About,Ultra Prime Academy,LDL,,Chine,Deuxième niveau,ADC,55,58.0,241.0,-372.0,26.5,0.0,0.0
oe:player:05f30253cfa2b56de6bda4ed3bc13f9,DLX,Anyone's Legend.Young,LDL,,Chine,Deuxième niveau,Support,24,58.0,249.0,-352.0,31.0,0.0,0.0
oe:player:fba26591b2a75a8e370c2d51bc9eb90,Azog,Pulse Star,NACL,,Amérique du Nord,Deuxième niveau,ADC,18,56.0,240.0,88.0,,,
oe:player:8ceaf547caa0fdb71e782a23465ff39,Makes,Liberty,CBLOL,,Brésil & Amérique latine,Ligue majeure,Top,36,56.0,237.0,-528.0,79.0,0.0,0.0
oe:player:87f462541b21fed4081f063502bf4da,Tockimo,E WIE EINFACH E-SPORTS,PRMP,,EMEA,Deuxième niveau,Support,13,56.0,238.0,13.0,,,
oe:player:6520964cefa9d79079bf664b7453cfc,Mercy9,Misa Esports,TCL,AL 14 games (Anubis Gaming),EMEA,Deuxième niveau,Mid,47,56.0,214.0,701.0,76.0,0.0,0.0
oe:player:613a571a4b0b674547093130f2e4093,SlowQ,DSYRE,LIT,,EMEA,Deuxième niveau,Mid,61,56.0,227.0,787.0,81.0,0.0,0.0
oe:player:97760e37e9897cb8f89ade45060ae78,pqy,Team WE Academy,LDL,,Chine,Deuxième niveau,ADC,20,55.0,254.0,-387.0,31.0,0.0,0.0
oe:player:3a36b513e63e14a1355896711a09362,CHEF,Dark Passage,TCL,,EMEA,Deuxième niveau,Jungle,94,55.0,214.0,358.0,71.0,0.0,0.0
oe:player:750126a9b77f68942d7f412ad74b67d,sanghyeon,LØS,CBLOL,,Brésil & Amérique latine,Ligue majeure,Support,44,54.0,234.0,-693.0,81.0,0.0,0.0
oe:player:6f890e3703f983b791d0ef0cc8a8b56,luxury,LNG Academy,LDL,,Chine,Deuxième niveau,Support,57,53.0,242.0,-375.0,34.0,0.0,0.0
oe:player:bb20d273a22a0d558c8853822631f60,Poome,Disguised,NACL,,Amérique du Nord,Deuxième niveau,Support,65,53.0,236.0,9.0,61.0,0.0,0.0
oe:player:4a0d0414aac330b32a1a4dd6bac8743,Tyrin,Vivo Keyd Stars Academy,CBLOLA,,Brésil & Amérique latine,Deuxième niveau,Top,71,52.0,232.0,1166.0,55.0,0.0,0.0
oe:player:ada61b4241a68d672021ea46ab8bbf3,Dahlia,Gen.G Global Academy,LCKC,,Corée,Deuxième niveau,Support,26,52.0,231.0,-1211.0,31.0,0.0,0.0
oe:player:288d8e1e6e78a857421f10ee40d3fba,Zelt,Fuego,LRN,,Brésil & Amérique latine,Deuxième niveau,Mid,43,51.0,243.0,1218.0,76.0,0.0,0.0
oe:player:559c0cab98dab7824357ff1af6615ea,NinjaKiwi,INTZ,CBLOL,,Brésil & Amérique latine,Ligue majeure,ADC,36,51.0,236.0,-501.0,85.0,0.0,0.0
oe:player:6da1532ab8cdaa4a9913cd232266426,TENG,Team WE Academy,LDL,,Chine,Deuxième niveau,Support,45,50.0,253.0,-391.0,32.0,0.0,0.0
oe:player:5b91639213b0f7791c49ba852e4bee5,CRoNiiK,IziDream,NL,,EMEA,Troisième niveau,Jungle,56,49.0,228.0,813.0,7.0,0.053,0.443
oe:player:db0cbdc72184ad44ab905be61fc0756,Kofte,Zero Tenacity,UL,,EMEA,Deuxième niveau,Mid,113,49.0,211.0,1733.0,79.5,0.0,0.0
oe:player:aa7a0424cfbb93943b0d30d9455f0aa,Cyku,Weibo Gaming Youth Team,LDL,,Chine,Deuxième niveau,Mid,33,48.0,249.0,-650.0,39.0,0.0,0.0
oe:player:721522ae1d1559f671553383a6a5758,lethe,MAX,LDL,,Chine,Deuxième niveau,ADC,30,48.0,250.0,-423.0,29.0,0.0,0.0
oe:player:c5dac98c1a0cbe23f6bc0262e77a0bd,Samikin,Blue Otter,NACL,,Amérique du Nord,Deuxième niveau,Mid,53,47.0,237.0,163.0,57.0,0.0,0.0
oe:player:e1dbe2b979510dba78b229327292a10,Veignorem,Aegis,LFL,,EMEA,Deuxième niveau,Support,50,47.0,216.0,-775.0,77.0,0.0,0.0
oe:player:7fe18b8802138d0ad145db7cd9ac134,Yoshino,Team Flash,VCS,,Asie-Pacifique,Ligue majeure,Top,51,46.0,225.0,-686.0,74.0,0.0,0.0
oe:player:58d68cedf0a0b1b3d7d9646f5f9e8d3,Simpli,FC Schalke 04 Esports,PRM,,EMEA,Deuxième niveau,Mid,69,45.0,226.0,439.0,70.0,0.0,0.0
oe:player:5aea7cdf0f3349ac62a04335ec1c918,Ivory,HANJIN BRION Challengers,LCKC,,Corée,Deuxième niveau,Mid,55,45.0,217.0,-1426.0,30.0,0.0,0.0
oe:player:3a20dadc4114d05ac4f44696c3c71ec,DrCalculus,DUCKIE GETTERS,NACL,,Amérique du Nord,Deuxième niveau,Top,27,45.0,245.0,51.0,55.0,0.0,0.0
oe:player:c49aafa1ffe9c24aa459e5cf851ddfc,Niles,Maryville University,NACL,,Amérique du Nord,Deuxième niveau,Top,41,44.0,234.0,45.0,53.0,0.0,0.0
oe:player:65d1e475734633e28d4523d92a90837,Yampi,INTZ,CBLOL,,Brésil & Amérique latine,Ligue majeure,Jungle,36,44.0,236.0,-440.0,79.0,0.0,0.0
oe:player:deaccc41a952e269107cc9a507dfa13,Zodiac,MGN Blue Esports,VCS,,Asie-Pacifique,Ligue majeure,Support,30,43.0,235.0,-666.0,74.0,0.0,0.0
oe:player:74b6d082d7e7a7542e597f069dcc947,Seize,LØS,CBLOL,,Brésil & Amérique latine,Ligue majeure,Jungle,44,42.0,234.0,-449.0,81.0,0.0,0.0
oe:player:11b40dd5fcd01f1fca9496859ccd862,Shelfmade,Unicorns of Love Sexy Edition,PRMP,PRM 33 games (Unicorns of Love Sexy Edition),EMEA,Deuxième niveau,Top,65,42.0,211.0,-19.0,64.0,0.0,0.0
oe:player:b8441a3fc649ee4789bc3ded34f46d6,Janus,BNK FEARX Youth,LCKC,,Corée,Deuxième niveau,Top,55,42.0,217.0,-1123.0,28.0,0.0,0.0
oe:player:728ce343a6718cfdd5d223c971cc2fd,Kamiloo,IziDream,NL,,EMEA,Troisième niveau,Mid,56,41.0,228.0,792.0,5.0,0.17,0.533
oe:player:398074139a206bc8bbab0be766c6ffa,Wilson,Komodo,NACL,,Amérique du Nord,Deuxième niveau,Jungle,27,41.0,233.0,119.0,59.0,0.0,0.0
oe:player:0fcaa97e5408efcaa78f5517e34cb02,Flamer,E WIE EINFACH E-SPORTS,PRMP,PRM 35 games (E WIE EINFACH E-SPORTS),EMEA,Deuxième niveau,Top,48,41.0,223.0,-22.0,72.0,0.0,0.0
oe:player:f49db9d954864f6df38730735c625d0,xinsheng,LNG Academy,LDL,,Chine,Deuxième niveau,Top,27,40.0,249.0,-599.0,34.0,0.0,0.0
oe:player:7e33124e33721ef8f70d2dd843b57da,ESCIK,Austrian Force willhaben,PRMP,PRM 47 games (Austrian Force willhaben),EMEA,Deuxième niveau,Mid,62,40.0,224.0,-130.0,72.0,0.0,0.0
oe:player:3c43b2097324c5ab74cbd6762e48830,danny1018,Frank Esports Academy,PCL,,Asie-Pacifique,Deuxième niveau,Top,67,40.0,262.0,722.0,56.0,0.0,0.0
oe:player:b9f24e83531326204197015b2f43a93,Damage,INTZ,CBLOL,,Brésil & Amérique latine,Ligue majeure,Support,36,37.0,236.0,-775.0,81.0,0.0,0.0
oe:player:d23f5366b89679bae7c8a5f54127bfe,Hiccup1357,DUCKIE GETTERS,NACL,,Amérique du Nord,Deuxième niveau,Support,27,37.0,245.0,-75.0,60.0,0.0,0.0
oe:player:e181a641eac63b45915802512997360,Ablazeolive,Fear x Starforge,NACL,,Amérique du Nord,Deuxième niveau,Mid,57,37.0,237.0,116.0,57.0,0.0,0.0
oe:player:de6a79c709c8f1a5538dff9c2bf0ed3,Leemas,Ground Zero Gaming,PCS,LCO 46 games (Ground Zero Gaming),Asie-Pacifique,Ligue majeure,ADC,63,37.0,229.0,-741.0,87.0,0.0,0.0
oe:player:ff80d8d9723416bb203b6b8476649e5,Winzi,Rise Gaming Ignis,IGNIS,,Brésil & Amérique latine,Troisième niveau,Support,28,36.0,846.0,340.0,4.0,0.167,0.37
oe:player:3f96b0d5494895f5e964dc16ea8f27b,Spawn,Team Liquid Challengers,NACL,,Amérique du Nord,Deuxième niveau,ADC,62,36.0,240.0,-13.0,57.0,0.0,0.0
oe:player:4ef00a200b9361cd76bb7e612b171c4,Keel,Team Liquid Challengers,NACL,,Amérique du Nord,Deuxième niveau,Jungle,62,35.0,240.0,91.0,62.0,0.0,0.0
oe:player:a02a243c98fb6794c2a303c5014567f,Carry,Papara SuperMassive,TCL,,EMEA,Deuxième niveau,Support,88,34.0,206.0,116.0,76.5,0.0,0.0
oe:player:9d8737d57b1048a8b571856a296b624,Keshi,Bilibili Gaming Junior,LDL,,Chine,Deuxième niveau,Top,14,34.0,255.0,-626.0,,,
oe:player:26626eb3322fd706f5ca63fca2bb022,Garden,Dplus Kia Academy,LAS,,Corée,Troisième niveau,Mid,73,34.0,255.0,925.0,2.0,0.31,0.97
oe:player:93288a4b3816c652fe295392e86b221,OverT1me,Deep Cross Gaming Academy,PCL,,Asie-Pacifique,Deuxième niveau,Support,53,33.0,261.0,1041.0,65.0,0.0,0.0
oe:player:5ee6f2e1b3c6000a67c9dc360a63c63,twohoyrz,Ramboot Club,LES,,EMEA,Deuxième niveau,Mid,63,33.0,217.0,241.0,75.0,0.0,0.0
oe:player:07a5e46488aef307f23a00f275802e8,Piwek,IziDream,NL,,EMEA,Troisième niveau,ADC,56,32.0,228.0,807.0,4.0,0.0,0.58
oe:player:ff2c5d5d55697ef3fb029427ead5e19,sjj,Ultra Prime Academy,LDL,,Chine,Deuxième niveau,Top,42,32.0,248.0,-639.0,32.0,0.0,0.0
oe:player:7bcd2e0ffb1e417c2aa64d08675ed2b,Music,Blue Otter,NACL,,Amérique du Nord,Deuxième niveau,Jungle,53,32.0,237.0,74.0,57.5,0.0,0.0
oe:player:8e01eb2dab560099ace2ed32c82ea06,SuperCleber,LØS,CBLOL,,Brésil & Amérique latine,Ligue majeure,Top,44,32.0,234.0,-647.0,80.0,0.0,0.0
oe:player:de30719c9123426d9db5f1aab86dd3f,Levy,HANJIN BRION Academy,LAS,,Corée,Troisième niveau,ADC,77,31.0,259.0,1023.0,2.0,0.44,0.987
oe:player:36607221f848a15f6a1f11961027d7c,TynX,Team du Sud,LFL,,EMEA,Deuxième niveau,Jungle,36,30.0,223.0,-1040.0,77.0,0.0,0.0
oe:player:08cc98f89d63a05973e5db39e6b9945,Noz2k,E WIE EINFACH E-SPORTS,PRMP,,EMEA,Deuxième niveau,ADC,13,30.0,238.0,-26.0,,,
oe:player:922947616039031e1d3e40d6176930c,ChiCh1,J Team,PCS,,Asie-Pacifique,Ligue majeure,ADC,45,29.0,227.0,-781.0,86.0,0.0,0.0
oe:player:2f78eaac833bb5497298d3796c14ba0,banye,Oh My God Academy,LDL,,Chine,Deuxième niveau,ADC,45,29.0,248.0,-519.0,29.0,0.0,0.0
oe:player:f11ae850205ad8afad04221c0739148,TopRed,Hungkuang Falcon (弘光獵鷹),PCL,,Asie-Pacifique,Deuxième niveau,Top,49,29.0,267.0,668.0,71.5,0.0,0.0
oe:player:3d022fcafe5af9f52df92b17c015fe6,HARPOON,Zero Tenacity,UL,,EMEA,Deuxième niveau,ADC,126,29.0,219.0,1936.0,75.5,0.0,0.0
oe:player:abfd02e2b6f54ea12bc17037b08ff86,Mir,FURIA,CBLOL,,Brésil & Amérique latine,Ligue majeure,Jungle,14,28.0,232.0,-522.0,,,
oe:player:4b5def886a056605b16953622be994a,playcool,Team Flash,VCS,,Asie-Pacifique,Ligue majeure,Mid,32,28.0,230.0,-974.0,71.0,0.0,0.0
oe:player:b31229883dfa81c4ca8c745bdffcc8b,Raïto,Ici Japon Corp. Esport,NL,,EMEA,Troisième niveau,Support,49,28.0,230.0,667.0,5.0,0.113,0.577
oe:player:d12b043b44563dd9443919f8637de22,Peco,FC Schalke 04 Esports,PRM,,EMEA,Deuxième niveau,ADC,69,28.0,226.0,411.0,70.5,0.0,0.0
oe:player:167bb0ab58b3b4dca13bd65bf8421cd,ichs,Impunity,PCL,,Asie-Pacifique,Deuxième niveau,Mid,24,27.0,264.0,959.0,74.0,0.0,0.0
oe:player:a672b5bc1c212a6922418fad18734c1,Envy,LØS,CBLOL,,Brésil & Amérique latine,Ligue majeure,Mid,44,27.0,234.0,-815.0,77.0,0.0,0.0
oe:player:51f3aa27af393f856e9f2fc334f465e,Nobody,Leviatan,LLA,,Brésil & Amérique latine,Ligue majeure,Mid,58,26.0,230.0,-743.0,72.0,0.0,0.0
oe:player:d9b34ab9d9fab2fac389f16f0817926,Xico,Guasones,LES,,EMEA,Deuxième niveau,Mid,55,26.0,219.0,209.0,78.0,0.0,0.0
oe:player:9eeb52badb613229884838847294b90,ADD,Fuego,LRN,,Brésil & Amérique latine,Deuxième niveau,Top,43,25.0,243.0,1274.0,78.0,0.0,0.0
oe:player:09df7e1c00d361f40c47542ae02f736,MAXI,Movistar KOI,LES,,EMEA,Deuxième niveau,Jungle,67,25.0,213.0,184.0,75.0,0.0,0.0
oe:player:db38739eda4ad887b7d852545212528,Zergsting,Misa Esports,TCL,,EMEA,Deuxième niveau,Support,14,25.0,234.0,71.0,,,
oe:player:fdfdf1615ff7eb4ec43267e3fc6540b,Dong,Ji Jie Hao (集结号),LDL,,Chine,Deuxième niveau,Mid,24,24.0,252.0,-769.0,37.0,0.0,0.0
oe:player:57bb48fd65bff2e2660a13e58f2fcb2,Rovex,Blue Otter,NACL,,Amérique du Nord,Deuxième niveau,Support,53,24.0,237.0,-139.0,57.0,0.0,0.0
oe:player:fd976f550f84430dc88941effcf786a,HONOR,Joblife,NL,LFL 18 games (Team du Sud),EMEA,Troisième niveau,Support,44,22.0,213.0,637.0,8.0,0.007,0.257
oe:player:167e4f8175190c5728bfa292bc53002,1mmeta1s,Impunity,PCL,,Asie-Pacifique,Deuxième niveau,Support,43,22.0,261.0,986.0,65.0,0.0,0.0
oe:player:6b2993d61ed08c13eb8bb8bcfe30182,C7N,Team Whales,VCS,,Asie-Pacifique,Ligue majeure,Mid,13,22.0,235.0,-1005.0,,,
oe:player:5cc4071294a16477e992b3c8a2b7715,Shernfire,Ground Zero Gaming,PCS,LCO 44 games (Ground Zero Gaming),Asie-Pacifique,Ligue majeure,Jungle,61,22.0,227.0,-628.0,86.0,0.0,0.0
oe:player:e5b3b161ff096a1dc71d9ea67c55897,Pride,GameWard,LFL,,EMEA,Deuxième niveau,Top,53,22.0,226.0,-831.0,64.0,0.0,0.0
oe:player:1b7d720f9421df848050c33fbec3700,Qwacker,Blue Otter,NACL,,Amérique du Nord,Deuxième niveau,Top,65,21.0,222.0,-69.0,63.0,0.0,0.0
oe:player:2b259c388da76fffb569a45a736676c,Ryuk,MGN Blue Esports,VCS,,Asie-Pacifique,Ligue majeure,Top,11,21.0,240.0,-808.0,,,
oe:player:02689211449c0d5b67ad0ecc83b8a89,Frappii,Akroma,NL,,EMEA,Troisième niveau,ADC,17,21.0,232.0,750.0,,,
oe:player:e54bbd7c6dd5290a1cd0f70ad2653c5,Vaynedeta,Team Phantasma,GLL,,EMEA,Deuxième niveau,ADC,74,21.0,220.0,1282.0,82.0,0.0,0.0
oe:player:2e54334c0a5ce2e3e5a5845df3ab3ad,Jenkins,Team Liquid Challengers,NACL,,Amérique du Nord,Deuxième niveau,Top,62,21.0,240.0,-70.0,61.5,0.0,0.0
oe:player:480168c20218f1b2e9b34785a3baf27,WhiteKnight,Barça eSports,LES,,EMEA,Deuxième niveau,Top,75,20.0,220.0,399.0,79.0,0.0,0.0
oe:player:f071dd79110aa46822a4c35a240dfdd,Lauva,J Team,PCS,,Asie-Pacifique,Ligue majeure,Jungle,45,20.0,227.0,-639.0,81.0,0.0,0.0
oe:player:a656a100cbe952df8b698018fab5285,Qingshui,Rare Atom Period,LDL,,Chine,Deuxième niveau,ADC,35,20.0,249.0,-563.0,32.0,0.0,0.0
oe:player:5aa99e88083b40b8070e90f314e92ca,Grell,inf,LLA,,Brésil & Amérique latine,Ligue majeure,Jungle,78,20.0,229.0,-648.0,72.0,0.0,0.0
oe:player:9db3f170213f562a9613fe4f99d7dfa,Empyros,DSYRE,LIT,,EMEA,Deuxième niveau,Top,61,20.0,227.0,1119.0,80.0,0.0,0.0
oe:player:29b67a93c1a600beb6904551c853fdd,Trevor,CCG Esports,NACL,,Amérique du Nord,Deuxième niveau,Support,37,17.0,234.0,-175.0,65.0,0.0,0.0
oe:player:51e528aaaafe5451e0a14c0da847dc4,Bluffing,Hanwha Life Esports Academy,LAS,,Corée,Troisième niveau,Support,36,17.0,261.0,560.0,7.0,0.0,0.137
oe:player:631ff534614c5d6bc7b4e51b6273403,SageWabe,Pulse Star,NACL,,Amérique du Nord,Deuxième niveau,ADC,13,17.0,245.0,-106.0,,,
oe:player:c5297b90d38a4be4c290d17de208d7a,Jackal,Hanwha Life Esports Academy,LAS,,Corée,Troisième niveau,Jungle,33,17.0,260.0,782.0,6.0,0.0,0.28
oe:player:6ff2cdf6d41f39c79d6ff057f6ffb99,Erdote,Zero Tenacity,UL,,EMEA,Deuxième niveau,Support,128,17.0,221.0,1625.0,82.5,0.0,0.0
oe:player:8a391c2d095a4e0b79ed197436af6c7,Peppe,Team Phantasma,GLL,,EMEA,Deuxième niveau,Mid,75,16.0,217.0,1453.0,89.0,0.0,0.0
oe:player:9316fe58161e9304ee5bfb41eba6da4,Roughbeanz,DUCKIE GETTERS,NACL,,Amérique du Nord,Deuxième niveau,Mid,27,15.0,245.0,5.0,68.0,0.0,0.0
oe:player:d258f8c326e3532981a60d2393f129a,Jauny,Leviatan,LLA,,Brésil & Amérique latine,Ligue majeure,Top,55,15.0,229.0,-727.0,78.0,0.0,0.0
oe:player:962e7d6bbb1630bed16179c25d185e6,Efias,DSYRE,LIT,,EMEA,Deuxième niveau,Support,61,15.0,227.0,420.0,85.0,0.0,0.0
oe:player:2fd16ade10cc87ffcb65317ec719cd9,Shivers,Frank Esports Academy,PCL,,Asie-Pacifique,Deuxième niveau,Mid,27,15.0,260.0,896.0,79.0,0.0,0.0
oe:player:c63c7e0755b31f1effbdf2e1f831e7d,Kaori,Beşiktaş Esports,TCL,TSC 14 games (Beşiktaş Esports),EMEA,Deuxième niveau,ADC,79,15.0,217.0,511.0,71.0,0.0,0.0
oe:player:4e33fc9aeb518a967d45475b2a15907,Hardy,Chienhsin Bear (健行熊),PCL,,Asie-Pacifique,Deuxième niveau,Jungle,32,15.0,262.0,877.0,76.0,0.0,0.0
oe:player:a9eb1a93c73c55b9db59388be44206b,Luana,Misa Esports,TCL,,EMEA,Deuxième niveau,Top,59,14.0,216.0,401.0,79.0,0.0,0.0
oe:player:ab8a2f130a36f7aa619168c53d055d1,Vincenzo,HANJIN BRION Academy,LAS,,Corée,Troisième niveau,Jungle,85,14.0,233.0,770.0,2.0,0.433,0.907
oe:player:88db6c73fdf5749e7109c26c2474fa0,Horace,Impunity,PCL,,Asie-Pacifique,Deuxième niveau,Top,52,14.0,256.0,593.0,64.0,0.0,0.0
oe:player:180d2472124a39343d6471d2d72c1c2,Zaremba,SNOOZE Esports,ESLOL,NL 41 games (MHSC Esport),EMEA,Deuxième niveau,Support,58,14.0,216.0,2219.0,78.0,0.0,0.0
oe:player:525ac233cf71bc36a611e27a324144f,Toucouille,Ilha das Lendas,CBLOLA,,Brésil & Amérique latine,Deuxième niveau,Mid,37,13.0,222.0,1157.0,79.0,0.0,0.0
oe:player:b51220a382d45959479685fa1a1c9a7,Levitate,Blue Otter,NACL,,Amérique du Nord,Deuxième niveau,ADC,39,13.0,238.0,-124.0,63.0,0.0,0.0
oe:player:2b9d6ab0bed9779d2f24817387bf91b,Quokka,T1 Esports Academy Rookies,LAS,,Corée,Troisième niveau,Top,47,13.0,249.0,759.0,3.0,0.067,0.95
oe:player:19e1fda74f90f6eafeee38e8747f944,Coining,Frank Esports Academy,PCL,,Asie-Pacifique,Deuxième niveau,Mid,40,12.0,258.0,885.0,70.0,0.0,0.0
oe:player:92b76c3a9967d6322741aa6d2ba4a2b,Ferret,FUT Esports,TSC,TCL 41 games (FUT Esports),EMEA,Deuxième niveau,Jungle,68,12.0,216.0,537.0,77.0,0.0,0.0
oe:player:818876f560d8dccaba4100c9cd3a9e7,Paixdia,Beşiktaş Esports,TCL,TSC 14 games (Beşiktaş Esports),EMEA,Deuxième niveau,Support,79,11.0,217.0,-2.0,78.0,0.0,0.0
oe:player:a4d15f165c20858e7781645fec016d1,Dinai,T1 Esports Academy Rookies,LAS,,Corée,Troisième niveau,Jungle,53,9.0,250.0,744.0,5.0,0.01,0.64
oe:player:0973ddfd8ce96a62e85badbe503d163,bluerzor,Zero Tenacity,UL,,EMEA,Deuxième niveau,Jungle,128,7.0,221.0,1311.0,81.0,0.0,0.0
oe:player:67007ffa5eb4f53d82366f6685a8303,Kisno,Dragoon's Goons,NACL,,Amérique du Nord,Deuxième niveau,Jungle,66,7.0,232.0,-51.0,59.0,0.0,0.0
oe:player:2d92a68ec95f5ac7ffb8b38c6030f19,Cristal,Vivo Keyd Stars Ignis,IGNIS,,Brésil & Amérique latine,Troisième niveau,Mid,18,6.0,841.0,-360.0,,,
oe:player:5d13a2128cef29f0905b93f72480cd9,Ka1ser,Impunity,PCL,,Asie-Pacifique,Deuxième niveau,Mid,44,5.0,262.0,847.0,71.0,0.0,0.0
oe:player:afcd3cdcf44e5da63f9e2a3dcb5ba50,Doxa,Komodo,NACL,,Amérique du Nord,Deuxième niveau,Support,42,4.0,227.0,-237.0,58.5,0.0,0.0
oe:player:fdd32d793bba901c3f5eedb92ca3b00,2J2,BNK FEARX Academy,LAS,,Corée,Troisième niveau,Support,28,4.0,262.0,495.0,6.0,0.0,0.237
oe:player:f23c7426104cc4df2b49b3be2c6d024,IlllIma,Misa Esports,TCL,TSC 13 games (Misa Esports) ; UL 10 games (Forsaken),EMEA,Deuxième niveau,Top,43,3.0,213.0,344.0,78.5,0.0,0.0
oe:player:539a66f092a09af8d24065a3ac5ae69,Kice,Six Karma,LLA,,Brésil & Amérique latine,Ligue majeure,Support,30,3.0,243.0,-763.0,82.0,0.0,0.0
oe:player:ea58943d300b14d684bb05b3975fe15,Roamer,Team Liquid Challengers,NACL,,Amérique du Nord,Deuxième niveau,Mid,62,3.0,240.0,-55.0,65.5,0.0,0.0
oe:player:33f394489e9b66e36e12159893301ad,Balder,Team Flash,VCS,,Asie-Pacifique,Ligue majeure,ADC,16,3.0,236.0,-1219.0,,,
oe:player:443b8e6205a0c76a3e6a2eed788215e,Lens,Supernova,NACL,,Amérique du Nord,Deuxième niveau,ADC,71,2.0,228.0,-182.0,60.0,0.0,0.0
oe:player:1a94787cd0f929f3faa9e2101c61534,Tahahy,CERBERUS Esports,VCS,,Asie-Pacifique,Ligue majeure,Support,22,1.0,233.0,-878.0,79.0,0.0,0.0
oe:player:d91612088cfcd610de097a3f946a10e,z1n,Joy Dream,LDL,,Chine,Deuxième niveau,ADC,15,1.0,250.0,-656.0,,,
oe:player:e8aba5fbfc41b0621226b08a87e3ded,Philip,Fear x Starforge,NACL,,Amérique du Nord,Deuxième niveau,Top,92,-0.0,221.0,-175.0,58.0,0.0,0.0
oe:player:6369ba49db4cf35b35a7c47e3d4a4fd,Visdom,Kaufland Hangry Knights,PRM,,EMEA,Deuxième niveau,Support,17,0.0,233.0,-407.0,,,
oe:player:7107312c11a41a53cf1f200ec4cd1e6,Cher1shU,Impunity,PCL,,Asie-Pacifique,Deuxième niveau,ADC,12,-1.0,268.0,685.0,,,
oe:player:197e012fb5163375e24dbbfdae34911,Marky,Movistar KOI,LES,,EMEA,Deuxième niveau,Top,63,-2.0,219.0,293.0,81.0,0.0,0.0
oe:player:b72f2f4cfef6d31b875e2196bd7dd76,Syzyfek,Guasones,LES,,EMEA,Deuxième niveau,ADC,55,-2.0,219.0,108.0,75.0,0.0,0.0
oe:player:c122119764a5b11a762eceffb2da2eb,Joexy,FUT Esports,TSC,AL 22 games (Fox Gaming) ; TCL 21 games (Galakticos),EMEA,Deuxième niveau,Support,53,-2.0,204.0,945.0,84.5,0.0,0.0
oe:player:cc00384e754d3b4db840275587813eb,Yohan,NASR eSports Turkey,TCL,NLC 22 games (Lionscreed),EMEA,Deuxième niveau,Jungle,42,-3.0,217.0,69.0,94.0,0.0,0.0
oe:player:27adb0b3f92d9b8f7fa4cb55b60114c,Lawrence,Blue Otter,NACL,,Amérique du Nord,Deuxième niveau,Top,14,-3.0,246.0,-187.0,,,
oe:player:0cae306fd021751c70ab9f75123b561,Ganks,Leviatan,LLA,,Brésil & Amérique latine,Ligue majeure,Jungle,55,-3.0,229.0,-760.0,79.0,0.0,0.0
oe:player:7c8d8bf5d11af12d15aad3ce6bf5522,Patch,Dark Passage,TCL,,EMEA,Deuxième niveau,Support,66,-3.0,211.0,-71.0,87.5,0.0,0.0
oe:player:e2fdec550779234ff2cc4a08f3117c3,Eloha,NONAME,TCL,,EMEA,Deuxième niveau,Top,12,-3.0,238.0,314.0,,,
oe:player:c047390b97913db5db515101aea5b88,Yxl,Bilibili Gaming Junior,LDL,,Chine,Deuxième niveau,Mid,39,-3.0,245.0,-905.0,40.0,0.0,0.0
oe:player:90753d709041bd0dcf21e2f22d781a3,Prever,Dplus Kia Academy,LAS,,Corée,Troisième niveau,Jungle,73,-4.0,255.0,677.0,4.0,0.0,0.827
oe:player:73124aed8e061dafd713df6285a137a,Vahvel,Leviatan,LLA,CBLOLA 11 games (XV eSports),Brésil & Amérique latine,Ligue majeure,Support,27,-4.0,223.0,-798.0,81.0,0.0,0.0
oe:player:bf0fcdb863d11c4f6e7802f434de734,Robocop,Entropiq,HM,,EMEA,Deuxième niveau,Top,100,-4.0,224.0,1622.0,91.0,0.0,0.0
oe:player:6b7ca7e0fcad1f113f17bc2d30adbf5,adi1,Austrian Force willhaben,PRMP,PRM 47 games (Austrian Force willhaben),EMEA,Deuxième niveau,Jungle,62,-4.0,224.0,-131.0,78.5,0.0,0.0
oe:player:95a8aae7c0baf0df5110b78a8f80ae9,Likai,J Team,PCS,,Asie-Pacifique,Ligue majeure,Top,54,-4.0,223.0,-478.0,79.0,0.0,0.0
oe:player:323b1ce118ee27efaa0f0e2d163d31e,Manel,FURIA Youth,CBLOLA,,Brésil & Amérique latine,Deuxième niveau,Support,33,-5.0,231.0,1018.0,78.0,0.0,0.0
oe:player:eb86ec5d7d03419b8a9354c043e75d4,Adizai,Chienhsin Bear (健行熊),PCL,,Asie-Pacifique,Deuxième niveau,Top,37,-6.0,261.0,492.0,74.0,0.0,0.0
oe:player:f0d9ba082555d7aac872bc9e43226c2,Kireas,Misa Esports,TCL,TSC 11 games (Beşiktaş Esports),EMEA,Deuxième niveau,Jungle,67,-6.0,212.0,52.0,87.0,0.0,0.0
oe:player:5a8a1154f338b2f316dd4cb5931c796,Kzt,Team Whales,VCS,,Asie-Pacifique,Ligue majeure,Jungle,11,-6.0,240.0,-1103.0,,,
oe:player:cb15090b89e91fddb1cc57a00afe58f,Batuuu,BoostGate Esports,TCL,,EMEA,Deuxième niveau,Support,48,-6.0,219.0,-86.0,94.0,0.0,0.0
oe:player:1c6282fdf403e4e63f3b339d0bca034,Klownz,Nigma Galaxy,AL,,EMEA,Deuxième niveau,Support,70,-6.0,220.0,916.0,83.0,0.0,0.0
oe:player:088a8dda4109f6904aa917153b5db18,Jactroll,Papara SuperMassive,TCL,TSC 13 games (Papara SuperMassive),EMEA,Deuxième niveau,Support,45,-7.0,226.0,-90.0,88.5,0.0,0.0
oe:player:40fa7615556f33971d67c95a702fbcc,Woolite,Austrian Force willhaben,PRMP,PRM 47 games (Austrian Force willhaben),EMEA,Deuxième niveau,ADC,62,-9.0,224.0,-220.0,72.0,0.0,0.0
oe:player:31edd1e8359d849e250b854826b8c38,Cypher,T1 Esports Academy Rookies,LAS,,Corée,Troisième niveau,ADC,73,-9.0,257.0,824.0,3.0,0.0,0.927
oe:player:686e3385a39e937956485d742b689e5,Jaehyuk,Dplus Kia Academy,LAS,,Corée,Troisième niveau,Top,65,-10.0,245.0,643.0,3.0,0.26,0.927
oe:player:ca35c7a46da8bbe8a6bade7293d6abf,Hansung,Kiwoom DRX Academy,LAS,,Corée,Troisième niveau,Top,21,-10.0,259.0,642.0,5.0,0.017,0.377
oe:player:8e422c119fcc0bdb1e78777d4febaaf,Thien,Ground Zero Gaming,PCS,LCO 46 games (Ground Zero Gaming),Asie-Pacifique,Ligue majeure,Top,63,-10.0,229.0,-511.0,84.0,0.0,0.0
oe:player:87e40b7c555a6fc67b899be632d037f,RAMES,Nigma Galaxy,AL,GLL 21 games (Team Phantasma),EMEA,Deuxième niveau,Jungle,60,-11.0,203.0,1070.0,93.0,0.0,0.0
oe:player:d157e65428af5c0724fd4efcfbcf6c5,Whale,Deep Cross Gaming Academy,PCL,,Asie-Pacifique,Deuxième niveau,ADC,49,-12.0,260.0,629.0,66.0,0.0,0.0
oe:player:2a8f9050a8f7c5dd91f2332dc3bb2f5,Kim Down,Team Liquid Challengers,NACL,,Amérique du Nord,Deuxième niveau,Support,62,-12.0,240.0,-320.0,68.0,0.0,0.0
oe:player:07d1c57ec273126c65dbd1197abdb47,Pockus,Apex Mission Impossible,NACL,,Amérique du Nord,Deuxième niveau,Support,15,-14.0,248.0,-329.0,,,
oe:player:b1608dc23a218a150a431be676f3fe4,RoseThorn,Area of Effect Esports,NACL,,Amérique du Nord,Deuxième niveau,Jungle,32,-14.0,240.0,-154.0,73.0,0.0,0.0
oe:player:845714908647baec4b684cc02dae0e4,Meliodas,CERBERUS Esports,VCS,,Asie-Pacifique,Ligue majeure,Jungle,29,-14.0,231.0,-1140.0,77.0,0.0,0.0
oe:player:fa41f0e745119bde94b1cdcc8d10434,Mataz,Fuego,LRN,LLA 30 games (Six Karma),Brésil & Amérique latine,Deuxième niveau,Jungle,68,-14.0,214.0,1218.0,40.0,0.0,0.0
oe:player:09d60b7619558098c8be8459e6061b9,Luger,Papara SuperMassive,TCL,TSC 13 games (Papara SuperMassive),EMEA,Deuxième niveau,ADC,45,-15.0,226.0,362.0,80.0,0.0,0.0
oe:player:5cfc41b7eccda649db08ead84343554,Legolas,Barça eSports,LES,,EMEA,Deuxième niveau,ADC,75,-15.0,220.0,43.0,80.0,0.0,0.0
oe:player:622d4de9392e60c0e92b4333486df08,Perry,Disguised,NACL,,Amérique du Nord,Deuxième niveau,Jungle,36,-15.0,233.0,-161.0,67.0,0.0,0.0
oe:player:f5cacc1f783c996318411f595272c71,Lojaz,Apex Mission Impossible,NACL,,Amérique du Nord,Deuxième niveau,Jungle,15,-15.0,248.0,-160.0,,,
oe:player:a6fed46f5e3d5e2e68356d7ac85a971,SAJATOR,Barça eSports,LES,,EMEA,Deuxième niveau,Mid,75,-16.0,220.0,-1.0,83.5,0.0,0.0
oe:player:ecb29676899ee7344ee0f7db0278ae3,Umut,Dark Passage,TCL,,EMEA,Deuxième niveau,Mid,26,-16.0,230.0,341.0,104.0,0.0,0.0
oe:player:c48615a1bc4197056d522af276aa5a8,Half,HANJIN BRION Academy,LAS,,Corée,Troisième niveau,Top,77,-16.0,259.0,616.0,2.0,0.317,0.947
oe:player:184d97e1a8e8130dfb0a41329b780c6,Dragoon,Dragoon's Goons,NACL,,Amérique du Nord,Deuxième niveau,Top,66,-17.0,232.0,-262.0,62.0,0.0,0.0
oe:player:ee5ce4deb8f19aa9a127742e53c5475,kanashimi,Deep Cross Gaming Academy,PCL,,Asie-Pacifique,Deuxième niveau,Mid,26,-18.0,265.0,731.0,84.0,0.0,0.0
oe:player:b616375c060208f8988c4aa13a23c18,Miniduke,Veni Vidi Vici,LES,,EMEA,Deuxième niveau,Mid,15,-18.0,233.0,-13.0,,,
oe:player:fbced201ed9c0e35008d88cd92397dd,Bolulu,FUT Esports,TSC,TCL 41 games (FUT Esports),EMEA,Deuxième niveau,Mid,68,-19.0,216.0,225.0,85.0,0.0,0.0
oe:player:b226880189cb11f7da7a0c86544b556,iLEVI,Anorthosis Famagusta Esports,GLL,,EMEA,Deuxième niveau,Support,74,-19.0,216.0,696.0,99.0,0.0,0.0
oe:player:9970a9b7dfef2df3002d7217596010e,many,Entropiq,HM,,EMEA,Deuxième niveau,Mid,100,-20.0,224.0,1743.0,100.0,0.0,0.0
oe:player:9c2752c1d6bb4dc3a7c3365c68271e3,Hwichan,T1 Esports Academy Rookies,LAS,,Corée,Troisième niveau,Mid,69,-20.0,253.0,654.0,4.0,0.0,0.887
oe:player:f18fec425fd84c1a0a854c0be809eaf,Kurak,Ground Zero Gaming,PCS,LCO 39 games (Ground Zero Gaming),Asie-Pacifique,Ligue majeure,Support,50,-21.0,216.0,-799.0,85.0,0.0,0.0
oe:player:4394abdd8f064c73b2148f88c39ec8d,HwQ,MiaoJing (妙竞),LDL,,Chine,Deuxième niveau,Mid,28,-22.0,252.0,-1000.0,47.0,0.0,0.0
oe:player:11389d6d8a29729807c3cf528a98050,SPOOKY,Entropiq,HM,,EMEA,Deuxième niveau,Jungle,100,-24.0,224.0,1655.0,94.0,0.0,0.0
oe:player:5f76f198cbbf171d85c94220ba63eaf,xKenzuke,Joblife,NL,,EMEA,Troisième niveau,Mid,39,-24.0,231.0,465.0,11.0,0.0,0.107
oe:player:a61da83af5e3738845fa6dd56e1d41a,Juzu,GnG Amazigh,AL,,EMEA,Deuxième niveau,Top,44,-25.0,214.0,499.0,86.0,0.0,0.0
oe:player:3009272a4d20a33543f3490a7233a48,Sword,Winthrop University,NACL,,Amérique du Nord,Deuxième niveau,Mid,12,-26.0,249.0,-201.0,,,
oe:player:d20ff5c9f6086feee4a378eb0cfc2e4,Nakyung,Beşiktaş Esports,TCL,,EMEA,Deuxième niveau,Mid,63,-26.0,208.0,296.0,93.0,0.0,0.0
oe:player:1ee921aeb89df0c447cb6d54a6e8db3,Papiteero,Anorthosis Famagusta Esports,GLL,,EMEA,Deuxième niveau,Top,74,-28.0,216.0,783.0,101.5,0.0,0.0
oe:player:713a01ab419f96cb320352765e8791d,Bio,DUCKIE GETTERS,NACL,,Amérique du Nord,Deuxième niveau,Jungle,27,-28.0,245.0,-228.0,71.0,0.0,0.0
oe:player:736b6039f07dc28432644d2a9997abe,Lac,All Knights,LLA,,Brésil & Amérique latine,Ligue majeure,ADC,24,-29.0,219.0,-937.0,86.0,0.0,0.0
oe:player:3cb9e45da08005032fb65d8da44a546,peagod,NONAME,TCL,,EMEA,Deuxième niveau,ADC,12,-29.0,238.0,291.0,,,
oe:player:a04f4a8e24d54ff98fc27a5aa5a0c3c,Afroboi,MOUZ NXT,PRM,UL 22 games (Anonymo Esports),EMEA,Deuxième niveau,Jungle,66,-30.0,209.0,-46.0,81.0,0.0,0.0
oe:player:7d2cebca2db0614d4637198254d94b7,redhair,Ji Jie Hao (集结号),LDL,,Chine,Deuxième niveau,Jungle,12,-30.0,257.0,-1009.0,,,
oe:player:9adc23fff49c05d7b22cfd79ca1841d,denyk,Entropiq,HM,,EMEA,Deuxième niveau,Support,100,-31.0,224.0,1945.0,97.0,0.0,0.0
oe:player:174d22de3c932c21ef6500eff012e12,MG,Twisted Minds,AL,,EMEA,Deuxième niveau,Mid,43,-31.0,227.0,302.0,102.0,0.0,0.0
oe:player:2925560e555046ad9b0066ff181fe21,Melonik,Zero Tenacity,UL,,EMEA,Deuxième niveau,Top,124,-31.0,217.0,1407.0,89.0,0.0,0.0
oe:player:403ff27247ed8e4fcc7aa6c79e2a740,Maximillion,NONAME,TCL,,EMEA,Deuxième niveau,Mid,12,-32.0,238.0,262.0,,,
oe:player:cf009e2ce4392b47be19c983b6a7064,Strode,Entropiq,HM,,EMEA,Deuxième niveau,ADC,100,-33.0,224.0,1597.0,89.0,0.0,0.0
oe:player:dda950e6954035ff3f38b14ef7acc26,Lucy,Nongshim Esports Academy,LCKC,LAS 36 games (Nongshim RedForce Academy),Corée,Deuxième niveau,ADC,69,-33.0,217.0,-1431.0,64.0,0.0,0.0
oe:player:8a26fb905636bc0bec1a65212c3c863,shochi,CCG Esports,NACL,,Amérique du Nord,Deuxième niveau,Mid,56,-33.0,221.0,-236.0,67.5,0.0,0.0
oe:player:d7e184d6adf836adfaea94a2dfb2385,XERSUS,Klanik Esport,NL,,EMEA,Troisième niveau,Support,40,-34.0,212.0,356.0,10.0,0.0,0.08
oe:player:014c50a8bcb2f8965db2fa367330876,Furuy,Anorthosis Famagusta Esports,GLL,,EMEA,Deuxième niveau,Mid,28,-34.0,229.0,1203.0,129.0,0.0,0.0
oe:player:e635411339ef94e96500cb2b93b5e56,SkyTec,Winthrop University,NACL,,Amérique du Nord,Deuxième niveau,Support,21,-35.0,238.0,-431.0,79.0,0.0,0.0
oe:player:a7a8fbef6272489f5a42c05cf33dafb,Yed9,MiaoJing (妙竞),LDL,,Chine,Deuxième niveau,Mid,19,-35.0,256.0,-1065.0,,,
oe:player:496ca7c65dbd4beffa678e62d9d4e8d,Farfetch,Misa Esports,TCL,LES 31 games (Guasones),EMEA,Deuxième niveau,Support,76,-36.0,204.0,-236.0,88.0,0.0,0.0
oe:player:f375092447be6536c8e55ad0e302236,StineR,FURIA Youth,CBLOLA,,Brésil & Amérique latine,Deuxième niveau,Jungle,53,-37.0,224.0,500.0,81.0,0.0,0.0
oe:player:951959a620881940ca08f98e0226cf3,Pyeonsik,Hanwha Life Esports Academy,LAS,,Corée,Troisième niveau,ADC,36,-37.0,261.0,686.0,7.0,0.0,0.11
oe:player:466ce26370ebf51e9899522b7ebeea7,Bazz,Apex Mission Impossible,NACL,,Amérique du Nord,Deuxième niveau,ADC,15,-37.0,248.0,-378.0,,,
oe:player:be081b7482f9ea1ae2f0d13aafcf17f,HiRit,FUT Esports,TCL,,EMEA,Deuxième niveau,Top,29,-37.0,227.0,147.0,111.0,0.0,0.0
oe:player:f0809c55ecfa7cd6dc669b97b1f11e3,Masuhana,Deep Cross Gaming Academy,PCL,,Asie-Pacifique,Deuxième niveau,Top,26,-38.0,265.0,330.0,86.0,0.0,0.0
oe:player:d0024dd58eeb30097f59a4e5aa22588,Wufo,Twisted Minds,AL,,EMEA,Deuxième niveau,Top,43,-38.0,227.0,433.0,100.0,0.0,0.0
oe:player:00710df3d8e256fd300625f22067ef2,Xiao17,Weibo Gaming Youth Team,LDL,,Chine,Deuxième niveau,Jungle,17,-39.0,252.0,-1050.0,,,
oe:player:70d516fd78bcce28e19f4b422bb9f02,scuro,KaBuM! Academy,CBLOLA,,Brésil & Amérique latine,Deuxième niveau,ADC,29,-40.0,246.0,501.0,84.0,0.0,0.0
oe:player:6e27d603da1160f9d8625e6791c045d,Fynox,KAOS e-sport,NLC,TCL 11 games (Comanchero Gaming),EMEA,Deuxième niveau,ADC,23,-40.0,229.0,1079.0,103.0,0.0,0.0
oe:player:fcaf8d61b00af32b04b32144a418b99,Will,Pulse Star,NACL,,Amérique du Nord,Deuxième niveau,Jungle,53,-41.0,230.0,-292.0,69.0,0.0,0.0
oe:player:5a727a99621f9e7f1d95f26fb6e5c52,Tenacity,Disguised,NACL,,Amérique du Nord,Deuxième niveau,Top,67,-41.0,236.0,-378.0,76.0,0.0,0.0
oe:player:4b20700639bada36a5a58cc4a8e7135,Eyliph,Esprit Shōnen,NL,LIT 21 games (Atleta Esport),EMEA,Troisième niveau,Top,39,-41.0,219.0,358.0,13.0,0.0,0.017
oe:player:e7e423ad06282e35abf80c69486374b,Innaxe,Team du Sud,LFL,,EMEA,Deuxième niveau,ADC,39,-42.0,207.0,-1106.0,88.0,0.0,0.0
oe:player:74f3f60a44ee916ecc257a5381be756,Lekcyc,Berlin International Gaming,PRM,LES 18 games (Rebels Gaming) ; PRMP 10 games (Berlin International Gaming),EMEA,Deuxième niveau,Support,70,-43.0,208.0,-624.0,97.0,0.0,0.0
oe:player:64663f4646781c9c0110838b905daa2,Random,Movistar KOI,LES,,EMEA,Deuxième niveau,Mid,63,-43.0,219.0,-138.0,94.0,0.0,0.0
oe:player:0b980d0c6f947f01b59e62ec06b5d75,Toasty,Supernova,NACL,,Amérique du Nord,Deuxième niveau,Mid,71,-43.0,228.0,-283.0,65.0,0.0,0.0
oe:player:c663dfeadae6cae117d735cd1696f88,Minji,J Team,PCS,,Asie-Pacifique,Ligue majeure,Mid,56,-45.0,222.0,-1013.0,78.0,0.0,0.0
oe:player:cd77a7b243dab170d1ad8678db9ae09,Qiutian,MiaoJing (妙竞),LDL,,Chine,Deuxième niveau,Jungle,28,-45.0,252.0,-1081.0,42.0,0.0,0.0
oe:player:28ed2ac6c29f64a3692c956004b8ff7,Difference,Akroma,NL,PRM 18 games (Eintracht Frankfurt),EMEA,Troisième niveau,Top,45,-45.0,209.0,335.0,11.0,0.0,0.037
oe:player:8949aee3a35b0a789d1090f412d8d61,brTT,LØS,CBLOL,,Brésil & Amérique latine,Ligue majeure,ADC,18,-46.0,234.0,-986.0,,,
oe:player:205dc545e21bb07b657e0f193af6887,Clyde,Gentle Hearts Gaming,NACL,,Amérique du Nord,Deuxième niveau,Support,11,-46.0,249.0,-488.0,,,
oe:player:26bf7a7e68c0acc2c819ec162163038,ICU,HELL PIGS,PCS,,Asie-Pacifique,Ligue majeure,Top,22,-46.0,234.0,-690.0,83.0,0.0,0.0
oe:player:db0ac87e3b0c167f6fea771fae5760a,Zalt,Apex Mission Impossible,NACL,,Amérique du Nord,Deuxième niveau,Mid,15,-46.0,248.0,-300.0,,,
oe:player:5dbac11c1e86bdeea9a21039902ec82,Guardian,BNK FEARX Academy,LAS,,Corée,Troisième niveau,Top,28,-47.0,262.0,462.0,6.0,0.0,0.29
oe:player:260f4f388d990d8940cfde52de0bda3,Phantomles,Klanik Esport,NL,,EMEA,Troisième niveau,Mid,53,-47.0,213.0,348.0,9.0,0.0,0.203
oe:player:af020342617bd4e5c5da5a4c31ff591,Shy Carry,Movistar KOI,LES,,EMEA,Deuxième niveau,ADC,63,-47.0,219.0,-121.0,83.0,0.0,0.0
oe:player:1a38c55db5f8af06ebac94d8530ff71,Avra,Kaufland Hangry Knights,PRM,,EMEA,Deuxième niveau,ADC,17,-47.0,233.0,36.0,,,
oe:player:b3f03dbe2864c8fe572f21bdd5f37b2,TA0,MiaoJing (妙竞),LDL,,Chine,Deuxième niveau,Jungle,19,-48.0,256.0,-1095.0,,,
oe:player:8bad2b6e61622bd2fa9462db0a2b877,Yukino,Disguised,NACL,,Amérique du Nord,Deuxième niveau,Jungle,40,-50.0,228.0,-336.0,78.0,0.0,0.0
oe:player:886831dade87c08a01092da3429cdb7,Lilv,West Point Esports,PCS,,Asie-Pacifique,Ligue majeure,ADC,23,-50.0,233.0,-1178.0,88.0,0.0,0.0
oe:player:947d42fad1e2f3afeb911e5ae3888ce,Sn1lle,LUA Gaming,LES,ESLOL 20 games (KRC Genk Esports),EMEA,Deuxième niveau,Jungle,53,-50.0,214.0,-188.0,111.0,0.0,0.0
oe:player:e6d554ea9906d8f2fc26d076d2d4a4c,Cracker,Hanwha Life Esports Academy,LAS,,Corée,Troisième niveau,Mid,36,-51.0,261.0,499.0,7.0,0.0,0.147
oe:player:285107bcc7ed3fdef0a479f78bc211c,DICE,Misa Esports,TCL,TSC 13 games (Misa Esports),EMEA,Deuxième niveau,Mid,31,-51.0,229.0,166.0,107.0,0.0,0.0
oe:player:e16307d77b2e7859144f9ac2859f999,Ivan,ReluminateGG,NACL,,Amérique du Nord,Deuxième niveau,Jungle,11,-51.0,250.0,-340.0,,,
oe:player:2e123453f40cdb2871dff5b9da96b22,JP6RU8,TNU Eagle (東南飛鷹),PCL,,Asie-Pacifique,Deuxième niveau,Top,32,-52.0,255.0,262.0,87.0,0.0,0.0
oe:player:15101ae59f2cc7c8836b7e67352b598,Noodle,Verdant,NLC Aurora Open,GLL 24 games (Anorthosis Famagusta Esports) ; EBL 22 games (SPIKE Syndicate),EMEA,Troisième niveau,Jungle,82,-53.0,202.0,828.0,11.5,0.003,0.09
oe:player:b611118b4dfcf322a8ea5c5c9ca4504,Azeved,West Point Esports Academy,PCL,,Asie-Pacifique,Deuxième niveau,Support,48,-54.0,259.0,604.0,73.5,0.0,0.0
oe:player:d6ad0e887a07d8b8f19af9dda9133b9,fung1028,Impunity,PCL,,Asie-Pacifique,Deuxième niveau,Jungle,65,-54.0,254.0,532.0,76.0,0.0,0.0
oe:player:d62421836c8b27dc3ffaffa058b8098,FEBIVEN,Team du Sud,LFL,,EMEA,Deuxième niveau,Mid,39,-54.0,222.0,-1347.0,97.0,0.0,0.0
oe:player:2f96ac60b6a8218682a0825641c80c7,dispel,NASR eSports Turkey,TCL,,EMEA,Deuxième niveau,Support,14,-54.0,235.0,-327.0,,,
oe:player:96436efa39788172b8b2f90fc97e842,Selfmade,Twisted Minds,AL,LFL 24 games (Vitality.Bee),EMEA,Deuxième niveau,Jungle,49,-54.0,200.0,854.0,67.0,0.0,0.0
oe:player:2096ff50c6496d70e4b39793390c9ce,Sencux,Berlin International Gaming,PRM,PRMP 10 games (Berlin International Gaming),EMEA,Deuxième niveau,Mid,70,-54.0,221.0,-57.0,105.0,0.0,0.0
oe:player:dbb4f0b38307e3b2a6c2e6568262dc7,HungryPanda,Team Phantasma,GLL,,EMEA,Deuxième niveau,Support,74,-54.0,220.0,518.0,99.5,0.0,0.0
oe:player:d51674883fd227c219c9a1fc7da7db4,Kisee,Vivo Keyd Stars Academy,CBLOLA,LCO 23 games (Ground Zero Gaming),Brésil & Amérique latine,Deuxième niveau,Mid,76,-55.0,208.0,818.0,68.0,0.0,0.0
oe:player:752b048c76633399b04f6e87a8b211c,Stefan,DSYRE,LIT,AL 18 games (Twisted Minds),EMEA,Deuxième niveau,Jungle,50,-55.0,204.0,-151.0,92.0,0.0,0.0
oe:player:f2387df2cb9eeb367b59f0bce4a9637,Hydra,MHSC Esport,NL,,EMEA,Troisième niveau,Mid,41,-56.0,234.0,305.0,8.5,0.0,0.293
oe:player:fd0a05e90aefc83ac69d3352b0f0be6,xyno,FURIA Youth,CBLOLA,,Brésil & Amérique latine,Deuxième niveau,Top,53,-57.0,224.0,621.0,78.0,0.0,0.0
oe:player:f216690ac90e0a1c2097a616cb4453e,Sparz,Dark Passage,TCL,,EMEA,Deuxième niveau,Support,26,-57.0,230.0,-340.0,102.0,0.0,0.0
oe:player:301affc76ea7f69929aff6bf84c642b,Uniboy,Rare Atom Period,LDL,,Chine,Deuxième niveau,Mid,45,-57.0,253.0,-1173.0,44.0,0.0,0.0
oe:player:3bb028a43aff78070d15c646450aa0d,Denathor,Winthrop University,NACL,,Amérique du Nord,Deuxième niveau,Top,35,-58.0,231.0,-463.0,80.0,0.0,0.0
oe:player:2a4f745da387ba8d9546e89e19ff74d,Blue,Beşiktaş Esports,TCL,TSC 13 games (Papara SuperMassive),EMEA,Deuxième niveau,Mid,51,-58.0,217.0,131.0,102.0,0.0,0.0
oe:player:b1f76954fca7a3f0fa67409385edaba,Sloth,Twisted Minds,AL,,EMEA,Deuxième niveau,Support,43,-59.0,227.0,653.0,102.0,0.0,0.0
oe:player:928d683aac82e48252ba7f9a87e0680,Enthralled,DUCKIE GETTERS,NACL,,Amérique du Nord,Deuxième niveau,ADC,27,-59.0,245.0,-486.0,68.0,0.0,0.0
oe:player:05a73863e113f3cb6b472a76da2ea52,DARKWINGS,Winthrop University,NACL,,Amérique du Nord,Deuxième niveau,Mid,51,-59.0,235.0,-366.0,79.0,0.0,0.0
oe:player:c52d1f6b94c909ec3b822acff420409,Own3r,EGN Esports,LPLOL,,EMEA,Deuxième niveau,Jungle,48,-59.0,223.0,1891.0,107.0,0.0,0.0
oe:player:243f23cc92b239c3d989c8523770b85,Enso,J Team,PCS,,Asie-Pacifique,Ligue majeure,Support,34,-60.0,223.0,-993.0,86.0,0.0,0.0
oe:player:4d08cbf857994dc42e1b09205158e15,Painter,Kiwoom DRX Academy,LAS,,Corée,Troisième niveau,Jungle,39,-61.0,257.0,390.0,9.0,0.0,0.013
oe:player:2ca9469819fb0fb61ff98e914a7ccca,Relative,E WIE EINFACH E-SPORTS,PRMP,PRM 36 games (E WIE EINFACH E-SPORTS),EMEA,Deuxième niveau,Mid,49,-62.0,224.0,-640.0,91.5,0.0,0.0
oe:player:029e5de6ac38d499c591c25bd1d10fa,PCL,Gentle Hearts Gaming,NACL,,Amérique du Nord,Deuxième niveau,Top,15,-62.0,247.0,-484.0,,,
oe:player:4438e6de86f317adec821c223d661c8,Jinbeom,Dplus Kia Academy,LAS,,Corée,Troisième niveau,ADC,28,-63.0,251.0,554.0,6.0,0.0,0.28
oe:player:8dd84a9df0dc0ec74ebe4547e05a7ad,Tazaku,E WIE EINFACH E-SPORTS,PRM,,EMEA,Deuxième niveau,ADC,36,-63.0,226.0,-45.0,102.0,0.0,0.0
oe:player:6659009ab45223ce2b0c3054f80981a,Onat,Area of Effect Esports,NACL,,Amérique du Nord,Deuxième niveau,Mid,59,-64.0,226.0,-389.0,76.0,0.0,0.0
oe:player:a41eb80b5f23627fc710cc41c516e49,LazyFeel,Kiwoom DRX Academy,LAS,,Corée,Troisième niveau,ADC,21,-64.0,251.0,550.0,7.0,0.007,0.2
oe:player:3597a9b82f5f462aaa8a0fa552a9bac,Densi,Berlin International Gaming,PRMP,PRM 36 games (Berlin International Gaming),EMEA,Deuxième niveau,Jungle,70,-64.0,221.0,-428.0,96.5,0.0,0.0
oe:player:74cc915f83955219866a1bc32a90285,Sven,Kaufland Hangry Knights,PRM,,EMEA,Deuxième niveau,Top,17,-66.0,233.0,-185.0,,,
oe:player:1d57628e6616e1310caa700bd96f73f,Krimson,Zerance,NL,,EMEA,Troisième niveau,Jungle,21,-66.0,232.0,241.0,14.0,0.0,0.02
oe:player:72c5cc0e2586935d16539f31a2a4fec,ACD,Anubis Gaming,AL,LES 22 games (UCAM Esports),EMEA,Deuxième niveau,Top,41,-67.0,210.0,290.0,84.0,0.0,0.0
oe:player:5924131dcfad60bd4de59970d9df914,zkaic,Chienhsin Bear (健行熊),PCL,,Asie-Pacifique,Deuxième niveau,ADC,57,-67.0,262.0,356.0,76.0,0.0,0.0
oe:player:5143731d10e0edf3a81ee7d55d8b961,Obstinatus,UCAM Esports,LES,,EMEA,Deuxième niveau,Support,59,-67.0,224.0,14.0,98.0,0.0,0.0
oe:player:c4d64ae9f01ee43ec2367d28eeadbea,Chika,Kiwoom DRX Academy,LAS,,Corée,Troisième niveau,Mid,39,-68.0,257.0,415.0,7.0,0.0,0.113
oe:player:dda1e64c8150531b8c60ac8607accb7,Aytekn,BoostGate Esports,TCL,TSC 12 games (BoostGate Esports),EMEA,Deuxième niveau,Top,45,-68.0,224.0,-7.0,97.5,0.0,0.0
oe:player:23f5249382ade4216547b5e109c5414,jinjo,Lionscreed,NLC,,EMEA,Deuxième niveau,ADC,28,-70.0,234.0,929.0,117.0,0.0,0.0
oe:player:6b28fcee6b9d1ddf7c2e481e7fc1c0e,Lumos,Kiwoom DRX Academy,LAS,,Corée,Troisième niveau,Support,39,-70.0,257.0,121.0,9.0,0.0,0.017
oe:player:5df80e26e27620b567db59e8567a061,Solid,inf,LLA,,Brésil & Amérique latine,Ligue majeure,Jungle,28,-70.0,243.0,-1097.0,85.0,0.0,0.0
oe:player:ee75cdc0e3eb95a85c0b86439acc3a8,Taegyeong,BoostGate Esports,TCL,,EMEA,Deuxième niveau,Top,47,-71.0,225.0,-23.0,97.0,0.0,0.0
oe:player:1a054b9e92d2152d185c99911b65bee,Koldo,UCAM Esports,LES,,EMEA,Deuxième niveau,Jungle,59,-71.0,224.0,-293.0,96.0,0.0,0.0
oe:player:c5bba8f23f866acff8acf7e82a73dfb,Lelecha,MiaoJing (妙竞),LDL,,Chine,Deuxième niveau,Top,47,-71.0,249.0,-1152.0,46.0,0.0,0.0
oe:player:9e78b6182ea7c97ee2b1fe2e97cb566,Castle,L’art de la Guerre,NACL,,Amérique du Nord,Deuxième niveau,Jungle,10,-71.0,248.0,-441.0,,,
oe:player:e59a033ea6cd5e1bdc56397fbe2896b,Aikawa,FURIA Youth,CBLOLA,,Brésil & Amérique latine,Deuxième niveau,ADC,57,-71.0,233.0,344.0,76.0,0.0,0.0
oe:player:8debac77f7c6101af768dc729323a67,Flauren,Deep Cross Gaming Academy,PCL,,Asie-Pacifique,Deuxième niveau,Top,27,-72.0,265.0,160.0,90.0,0.0,0.0
oe:player:da42b9f18367dc6c30476ec117c29de,Saber,Ultra Prime Academy,LDL,,Chine,Deuxième niveau,Mid,46,-72.0,249.0,-1251.0,44.5,0.0,0.0
oe:player:ff6c5b87a2bc268f87e82a469457eae,cc,Rare Atom Period,LDL,,Chine,Deuxième niveau,Jungle,45,-72.0,253.0,-1216.0,45.0,0.0,0.0
oe:player:b0a4ae62486ca215c199e72698738b7,Pabu,Eintracht Frankfurt,PRMP,PRM 36 games (Eintracht Frankfurt),EMEA,Deuxième niveau,Jungle,51,-72.0,226.0,-473.0,101.0,0.0,0.0
oe:player:2cbf592923f34b2e6acc4b747385c8a,Gryffinn,T1 Esports Academy Rookies,LAS,,Corée,Troisième niveau,Jungle,20,-73.0,257.0,335.0,7.0,0.0,0.187
oe:player:db461a785753fe7e4c22844808267cd,Betão,KaBuM! Academy,CBLOLA,,Brésil & Amérique latine,Deuxième niveau,Top,51,-73.0,221.0,543.0,79.5,0.0,0.0
oe:player:97e737335eeb7b84909a07bc9e96eed,Baca,UCAM Esports,LES,,EMEA,Deuxième niveau,Mid,59,-73.0,224.0,-289.0,103.5,0.0,0.0
oe:player:6ca0cf01bc942179eb37f9863ea16cc,Menace,Pulse Star,NACL,,Amérique du Nord,Deuxième niveau,Mid,15,-75.0,245.0,-445.0,,,
oe:player:97e228a45bb28f8d270f77deabd1282,Hid0,Aegis,LFL,,EMEA,Deuxième niveau,ADC,18,-76.0,231.0,-1277.0,,,
oe:player:2861898294dd867b05fd28dca284e57,Tempt,Lionscreed,NLC,,EMEA,Deuxième niveau,Mid,28,-76.0,234.0,1210.0,130.0,0.0,0.0
oe:player:104bc94e9848863de7e626cb443e9f7,Max1,E WIE EINFACH E-SPORTS,PRM,,EMEA,Deuxième niveau,Support,36,-76.0,226.0,-790.0,112.0,0.0,0.0
oe:player:688618801539af648962798f8d0d7cb,1ssue,Hungkuang Falcon (弘光獵鷹),PCL,,Asie-Pacifique,Deuxième niveau,Support,51,-77.0,268.0,489.0,85.5,0.0,0.0
oe:player:4ab6f414f68d95108c57bf3f97c00ed,Likeamaws,ReluminateGG,NACL,,Amérique du Nord,Deuxième niveau,Mid,11,-77.0,250.0,-453.0,,,
oe:player:72c4ee7519ed3bdf51d369a9bb8bc14,KKT,Joblife,NL,,EMEA,Troisième niveau,Jungle,39,-77.0,231.0,186.0,14.0,0.0,0.03
oe:player:501007c5ed71f0153348a2352ed154f,Mihai,Atleta Esport,LIT,LES 18 games (ZETA),EMEA,Deuxième niveau,ADC,43,-78.0,214.0,136.0,97.0,0.0,0.0
oe:player:c1ddab75d1d921ffed44398c4188d60,BioPanther,Team Bliss,LCO,,Asie-Pacifique,Ligue majeure,Top,60,-78.0,230.0,1609.0,86.0,0.0,0.0
oe:player:57abe5a8958c15444e9103873f8565a,Banderas,Guasones,LES,NLC 22 games (Lionscreed),EMEA,Deuxième niveau,Top,46,-79.0,215.0,-93.0,110.0,0.0,0.0
oe:player:c71bc697e58f3b122ac4bf86e8648ad,Tsiper,LUA Gaming,LES,,EMEA,Deuxième niveau,Mid,28,-79.0,230.0,-318.0,111.0,0.0,0.0
oe:player:bded911bd14cf5014849c923fce2a08,Jalleba,Fog Esports,AL,,EMEA,Deuxième niveau,ADC,23,-79.0,229.0,-62.0,101.0,0.0,0.0
oe:player:2f2e1847f0dbddd2a94ddf9b8823390,Shrimp,Ilha das Lendas,CBLOLA,,Brésil & Amérique latine,Deuxième niveau,Jungle,24,-80.0,241.0,284.0,94.0,0.0,0.0
oe:player:82a08dfbbc2a9515bc6962cd307507c,Jett,QT DIG∞,LJL,,Asie-Pacifique,Ligue majeure,Mid,32,-80.0,221.0,771.0,85.0,0.0,0.0
oe:player:b72a19a47c3aa6017104cde8789b36e,Highway,IziDream,NL,,EMEA,Troisième niveau,Support,51,-80.0,207.0,125.0,12.0,0.0,0.013
oe:player:8bbea3eed9dfaa55f877e34297b08ab,Akashi,Anubis Gaming,AL,,EMEA,Deuxième niveau,Mid,51,-81.0,210.0,53.0,112.0,0.0,0.0
oe:player:0997237547f63b0119f6816c13377e9,Abyss,T1 Esports Academy Rookies,LAS,,Corée,Troisième niveau,Top,26,-82.0,257.0,285.0,8.0,0.0,0.0
oe:player:ac6c8ea090678bb181b8004e3efd830,Nightstar,ReluminateGG,NACL,,Amérique du Nord,Deuxième niveau,ADC,11,-85.0,250.0,-618.0,,,
oe:player:71b8101d78beb04a089caa90a8d9310,Jeskla,Berlin International Gaming,PRMP,PRM 18 games (Berlin International Gaming),EMEA,Deuxième niveau,ADC,60,-86.0,210.0,-608.0,91.0,0.0,0.0
oe:player:6d2795b5d0550bbbae88cb973b287b0,NoName,ZETA,LES,,EMEA,Deuxième niveau,Jungle,49,-86.0,213.0,-371.0,101.5,0.0,0.0
oe:player:8f38bd56a477db38563e43ca3bc5994,Cid,BNK FEARX Academy,LAS,,Corée,Troisième niveau,Mid,28,-86.0,262.0,322.0,7.0,0.0,0.217
oe:player:1428134d4ece3f00321b6b870ca2152,Roison,Verdant,NLC Aurora Open,UL 22 games (Anonymo Esports) ; AL 10 games (GnG Amazigh),EMEA,Troisième niveau,Mid,58,-87.0,218.0,1244.0,12.0,0.0,0.08
oe:player:64ecd619b953ca23acb0546a472c483,Tore,Eintracht Frankfurt,PRMP,PRM 36 games (Eintracht Frankfurt),EMEA,Deuxième niveau,Support,51,-87.0,226.0,-703.0,104.0,0.0,0.0
oe:player:192ac18fda6a8c862577f2274a91d74,Devin,Gentle Hearts Gaming,NACL,,Amérique du Nord,Deuxième niveau,ADC,15,-87.0,247.0,-626.0,,,
oe:player:d31890bde426b4618665e5b4c27f04a,XiaoDanny,Gentle Hearts Gaming,NACL,,Amérique du Nord,Deuxième niveau,Mid,15,-88.0,247.0,-509.0,,,
oe:player:afe9e6d8dc0301ea48eafefdd82fecf,Goliath,Forsaken,UL,,EMEA,Deuxième niveau,Support,38,-88.0,226.0,1096.0,125.0,0.0,0.0
oe:player:7705566e63eedc7bd6c4c72d43c9104,Odi11,Macko Esports,LIT,,EMEA,Deuxième niveau,ADC,41,-90.0,222.0,74.0,97.0,0.0,0.0
oe:player:c71563c4ae48cc1bbd2e7913366cdf7,SLT,Team du Sud,LFL,,EMEA,Deuxième niveau,Top,39,-91.0,222.0,-1396.0,98.0,0.0,0.0
oe:player:aa7b13aaac8ab04283ce9626c6399d0,Young,Disguised,NACL,,Amérique du Nord,Deuxième niveau,Mid,67,-91.0,236.0,-524.0,83.0,0.0,0.0
oe:player:c4885248db212a1af7845cdd043a304,DeathClaw,TNU Eagle (東南飛鷹),PCL,,Asie-Pacifique,Deuxième niveau,Mid,13,-91.0,269.0,368.0,,,
oe:player:86cbdbbe6eb09c01fd3f0a377d61c8f,Taxvig,KAOS e-sport,NLC,,EMEA,Deuxième niveau,Jungle,12,-91.0,243.0,936.0,,,
oe:player:647116a60606bd44fb11a860da72776,Breezy,Area of Effect Esports,NACL,,Amérique du Nord,Deuxième niveau,Support,66,-92.0,226.0,-718.0,76.0,0.0,0.0
oe:player:8fdc2bafb90349478271d33a1d215d4,Arding,HELL PIGS,PCS,,Asie-Pacifique,Ligue majeure,Support,22,-92.0,234.0,-1151.0,84.0,0.0,0.0
oe:player:ea72bf2370a98f2a72dac7468c0fe1e,Potent,Joblife,NL,,EMEA,Troisième niveau,Top,26,-92.0,232.0,100.0,11.0,0.0,0.037
oe:player:8ee33a7b49463c941b579a317f06ba3,Sotsy,LUA Gaming,LES,,EMEA,Deuxième niveau,Top,28,-92.0,230.0,-157.0,102.0,0.0,0.0
oe:player:a2a0d7ab33e23da9a23c463f697f82c,Naehyun,Aegis,LFL,,EMEA,Deuxième niveau,Mid,16,-93.0,230.0,-1543.0,,,
oe:player:c732cc226501cc21178b9f413cdf3eb,Trigo,Fluxo,CBLOL,LLA 24 games (All Knights),Brésil & Amérique latine,Ligue majeure,ADC,51,-93.0,212.0,-1220.0,87.0,0.0,0.0
oe:player:ff2cb409f47096abcc2eba6bf609bdd,Mimic,Twisted Minds,AL,,EMEA,Deuxième niveau,ADC,43,-93.0,227.0,-130.0,97.0,0.0,0.0
oe:player:bb38cb2603eee9d2bd81dcb7c3c3ac0,Yu,Rare Atom Period,LDL,,Chine,Deuxième niveau,Top,42,-94.0,249.0,-1265.0,44.0,0.0,0.0
oe:player:a214c0e659e36eb1194137976cab361,Kerry,HELL PIGS,PCS,PCL 24 games (Hungkuang Falcon (弘光獵鷹)),Asie-Pacifique,Ligue majeure,Support,39,-94.0,218.0,-1164.0,91.0,0.0,0.0
oe:player:415321375725940977273eaa5d7588b,Zuhy,KAOS e-sport,NLC,,EMEA,Deuxième niveau,Mid,12,-94.0,243.0,1117.0,,,
oe:player:3e5152a73174a2f3b30f0c35fbc1a48,ThayT,KaBuM! Academy,CBLOLA,,Brésil & Amérique latine,Deuxième niveau,Jungle,39,-94.0,220.0,215.0,93.0,0.0,0.0
oe:player:6668aeb76ec30bf3ee3fd35f5f63e1a,Dimitry,Six Karma,LLA,,Brésil & Amérique latine,Ligue majeure,Jungle,16,-94.0,239.0,-1215.0,,,
oe:player:325d05dad5fd291cbb49cd50c038ce3,Ayel,Ilha das Lendas,CBLOLA,,Brésil & Amérique latine,Deuxième niveau,Top,26,-95.0,241.0,431.0,94.0,0.0,0.0
oe:player:864ff961fc1c4a0578d7f4722a02ed6,Herres,BNK FEARX Academy,LAS,,Corée,Troisième niveau,Jungle,28,-95.0,262.0,222.0,9.0,0.0,0.057
oe:player:74e0b77be6a035bd39e25bd4bea863e,Minui,Disguised,NACL,,Amérique du Nord,Deuxième niveau,ADC,68,-95.0,215.0,-666.0,72.0,0.0,0.0
oe:player:3ccca65d3d9843b81f4e251dcf8a3e8,Sting,Rise Gaming,CBLOLA,CBLOL 18 games (Fluxo),Brésil & Amérique latine,Deuxième niveau,Jungle,36,-95.0,220.0,211.0,94.0,0.0,0.0
oe:player:23e32fccd8e13a44695ee3014ea7eb4,Lancelot Link,ReluminateGG,NACL,,Amérique du Nord,Deuxième niveau,Top,11,-96.0,250.0,-652.0,,,
oe:player:90738b0beaf27202def5974360f039c,Kazmma,HELL PIGS,PCS,,Asie-Pacifique,Ligue majeure,Jungle,22,-96.0,234.0,-1218.0,86.0,0.0,0.0
oe:player:e3decbc40c573363c151a8300127922,Seneca,Ramboot Club,LES,,EMEA,Deuxième niveau,Support,18,-96.0,228.0,-133.0,,,
oe:player:7378a82177ee6bee2015ac5d134abe3,Seiya,Six Karma,LLA,,Brésil & Amérique latine,Ligue majeure,Mid,50,-96.0,231.0,-1355.0,82.0,0.0,0.0
oe:player:4a867124044ab3fd40ddfb8676e65e7,VirusFx,Fuego,LRN,LLA 35 games (Leviatan),Brésil & Amérique latine,Deuxième niveau,ADC,69,-97.0,212.0,777.0,44.0,0.0,0.0
oe:player:754318d274c392f9acedee3beb3394d,Pride,KT Rolster Academy,LAS,,Corée,Troisième niveau,Support,24,-97.0,261.0,-14.0,10.0,0.0,0.0
oe:player:4e48dab33536a68aae644a288d64d65,ShengBai,HELL PIGS,PCS,,Asie-Pacifique,Ligue majeure,Mid,22,-97.0,234.0,-1276.0,80.0,0.0,0.0
oe:player:3e1b1e0f9c925b2f504d78f3bd5da22,D4nKa,E WIE EINFACH E-SPORTS,PRMP,PRM 36 games (E WIE EINFACH E-SPORTS),EMEA,Deuxième niveau,Jungle,49,-98.0,224.0,-599.0,90.0,0.0,0.0
oe:player:0a0e15e8e14edd7e4039cbf6f4fbfa4,Krastyel,KaBuM! Academy,CBLOLA,,Brésil & Amérique latine,Deuxième niveau,Support,52,-98.0,235.0,550.0,90.0,0.0,0.0
oe:player:a65750c8565d8428d25d9b9ba51cac9,Trayton,Nameless (French Team),NL,,EMEA,Troisième niveau,Support,13,-98.0,242.0,39.0,,,
oe:player:d7432b52de9ff23e6aa98374fe63375,Nite,Kaufland Hangry Knights,PRM,,EMEA,Deuxième niveau,Mid,17,-99.0,233.0,-285.0,,,
oe:player:7ac15f042a0e8cd3788fefaeb87ef9f,Ayla,Vivo Keyd Stars Ignis,IGNIS,,Brésil & Amérique latine,Troisième niveau,Support,20,-100.0,841.0,-340.0,12.0,0.0,0.133
oe:player:a7b756e008bfcb7148cdb51f886c3fa,Sinmivak,UCAM Esports,LES,,EMEA,Deuxième niveau,Top,37,-101.0,218.0,-206.0,109.0,0.0,0.0
oe:player:ae1ff54dadd99e50982a3b18a489389,Seelame,Joblife,NL,,EMEA,Troisième niveau,ADC,39,-101.0,231.0,142.0,14.0,0.0,0.03
oe:player:7226d142e35d427b0a90822a3912973,Kenal,UCAM Esports,LES,,EMEA,Deuxième niveau,ADC,59,-101.0,224.0,-389.0,96.0,0.0,0.0
oe:player:aa07cee593e6c3caeba21b4ee4c6075,AKaJe,Kiwoom DRX Academy,LAS,,Corée,Troisième niveau,ADC,23,-102.0,258.0,358.0,9.0,0.0,0.04
oe:player:ff0095c050a948298b0490e57879879,Envy Carry,Project Conquerors,NL,HM 21 games (GLORE),EMEA,Troisième niveau,Mid,48,-102.0,214.0,73.0,15.0,0.0,0.003
oe:player:0cfa7da07f11bd954137ab359972515,Flare,Ilha das Lendas,CBLOLA,,Brésil & Amérique latine,Deuxième niveau,ADC,26,-102.0,241.0,193.0,91.0,0.0,0.0
oe:player:7de798dc357e628b1dd46c7a7ed440e,Maikehan,West Point Esports Academy,PCL,,Asie-Pacifique,Deuxième niveau,Mid,29,-103.0,259.0,309.0,100.0,0.0,0.0
oe:player:adc7ecd5948eab320fe8339a2a10c4a,Vidal,MIBR,IGNIS,,Brésil & Amérique latine,Troisième niveau,Jungle,20,-104.0,848.0,-384.0,11.0,0.0,0.19
oe:player:ecdb594501a5800ad0f5c4e6b3b5a84,Yupps,INTZ,CBLOL,CBLOLA 31 games (paiN Gaming Academy),Brésil & Amérique latine,Ligue majeure,Top,49,-105.0,211.0,-1335.0,88.0,0.0,0.0
oe:player:f581f857e43aea4c5b241874f8a4394,san1,Anubis Gaming,AL,,EMEA,Deuxième niveau,ADC,19,-105.0,234.0,-189.0,,,
oe:player:e04d1bb5ea9774dff099866c0c4642c,RenYe,West Point Esports,PCS,,Asie-Pacifique,Ligue majeure,Jungle,22,-105.0,232.0,-1265.0,88.0,0.0,0.0
oe:player:6252fe71513f9bc796f40f41cfeb74e,Cotopaco,Leviatan,LLA,,Brésil & Amérique latine,Ligue majeure,Mid,35,-106.0,239.0,-1403.0,81.0,0.0,0.0
oe:player:9bfe1d9a8133930196937a8d9735fee,Icarus,Esprit Shōnen,NL,,EMEA,Troisième niveau,Jungle,10,-106.0,243.0,41.0,,,
oe:player:b9ccf86bc1be84e6200f498b2e0ef33,jokaa,NORD Esports,NLC,HM 21 games (GLORE),EMEA,Deuxième niveau,Jungle,79,-106.0,193.0,864.0,103.0,0.0,0.0
oe:player:c5f3e376c7e4fc8febf4e84a3946487,Simpy,Regem,NLC Aurora Open,NLC 26 games (Venomcrest Esports),EMEA,Troisième niveau,Support,48,-106.0,227.0,1079.0,15.0,0.0,0.0
oe:player:371572c71e802c9eefa062240d816e9,Saviour,ZETA,LES,,EMEA,Deuxième niveau,Support,12,-106.0,235.0,-179.0,,,
oe:player:fc222b2fd22414e0b9e40aaee65fcb5,MUDAI,BNK FEARX Academy,LAS,,Corée,Troisième niveau,ADC,28,-107.0,262.0,334.0,8.0,0.0,0.093
oe:player:a47f435a46e32d2567f7af69f9dc20d,XiaoXiang,Deep Cross Gaming Academy,PCL,,Asie-Pacifique,Deuxième niveau,Mid,27,-107.0,265.0,288.0,98.0,0.0,0.0
oe:player:ee14d783c6bc1ce855d5fdf2c7f349f,Mxe,Ramboot Club,LES,TCL 14 games (Galakticos),EMEA,Deuxième niveau,Support,64,-108.0,204.0,-190.0,93.0,0.0,0.0
oe:player:9f3dac82a3c79486ffa6564ec623699,lolo,FURIA Youth,CBLOLA,,Brésil & Amérique latine,Deuxième niveau,Mid,51,-108.0,231.0,551.0,85.0,0.0,0.0
oe:player:6dbb69669c784e8f5e008a1a71ff7d7,Kitano,Nameless (French Team),NL,,EMEA,Troisième niveau,Top,13,-108.0,242.0,20.0,,,
oe:player:94febb5b16671d3d345f1998ab6ceca,GodJJ,HELL PIGS,PCS,,Asie-Pacifique,Ligue majeure,ADC,17,-108.0,233.0,-1466.0,,,
oe:player:626401bbbb1354c1838e0d2af8d507f,Ryujiyz,Vivo Keyd Stars Ignis,IGNIS,,Brésil & Amérique latine,Troisième niveau,ADC,20,-108.0,841.0,-499.0,11.0,0.0,0.167
oe:player:8d230b81f13b07e2df210f7351f1f97,alix,NASR eSports Turkey,TSC,NLC 47 games (Ruddy Corporation),EMEA,Deuxième niveau,Mid,81,-109.0,202.0,-225.0,109.0,0.0,0.0
oe:player:ca18f3cf2fd9adb391d4770c33286f0,Raina,Burning Core Toyama,LJL,,Asie-Pacifique,Ligue majeure,Support,12,-110.0,238.0,898.0,,,
oe:player:e01477fd207fef2d6474585a75fbcbd,Goldenpenny,Klanik Esport,NL,,EMEA,Troisième niveau,ADC,17,-110.0,233.0,98.0,,,
oe:player:0f4c31e6aff9c38ba08dda86166e5df,T1en,MiaoJing (妙竞),LDL,,Chine,Deuxième niveau,ADC,47,-110.0,249.0,-1209.0,48.5,0.0,0.0
oe:player:5dedda929608ef07aedda33aa2b474e,Bounty,Rise Gaming,CBLOLA,,Brésil & Amérique latine,Deuxième niveau,Support,45,-110.0,225.0,494.0,87.0,0.0,0.0
oe:player:1d8e6ad53056c022bad5faeb9fdaa01,Azura,Vivo Keyd Stars Ignis,IGNIS,,Brésil & Amérique latine,Troisième niveau,Jungle,20,-111.0,841.0,-421.0,12.0,0.0,0.15
oe:player:691e0ad4afc3da3e472014cd65abcad,Buchi,Venomcrest Esports,NLC Aurora Open,NLC 31 games (DMG Esports),EMEA,Troisième niveau,Top,49,-112.0,210.0,384.0,13.0,0.0,0.027
oe:player:bcd61ebb24698511281a624595bb2f7,Hazel,LUA Gaming,LES,,EMEA,Deuxième niveau,ADC,28,-112.0,230.0,-442.0,102.0,0.0,0.0
oe:player:4ff224901b37d52d1f1d85e6c702a39,IgnaVilu,Six Karma,LLA,,Brésil & Amérique latine,Ligue majeure,Support,55,-112.0,221.0,-1341.0,87.0,0.0,0.0
oe:player:371dfc158ccca5d527f0b5b11743e20,Lindgarde,Regem,NLC Aurora Open,NLC 26 games (Venomcrest Esports),EMEA,Troisième niveau,ADC,48,-112.0,227.0,328.0,14.0,0.0,0.037
oe:player:f6afb3ca3ac4cb969cc0c36330d8ee8,Airren,Winthrop University,NACL,,Amérique du Nord,Deuxième niveau,ADC,51,-113.0,235.0,-756.0,76.0,0.0,0.0
oe:player:a2de87eae98d0ab3b85567026561a51,Dardoch,Lotus,NACL,,Amérique du Nord,Deuxième niveau,Jungle,56,-113.0,227.0,-650.0,82.0,0.0,0.0
oe:player:b04655f0821a30125d72a3442647875,Tay,INTZ,CBLOL,,Brésil & Amérique latine,Ligue majeure,Top,18,-113.0,238.0,-1375.0,,,
oe:player:0c27ab31c0bcfcd4eac6d3e155ea686,winnie,Winthrop University,NACL,,Amérique du Nord,Deuxième niveau,Jungle,51,-114.0,235.0,-657.0,81.5,0.0,0.0
oe:player:e72c863b7586a6b3a37e6e91339472d,kPr,aNc Outplayed,LIT,NL 10 games (Esprit Shōnen),EMEA,Deuxième niveau,Top,23,-114.0,227.0,450.0,115.0,0.0,0.0
oe:player:6d416f7786dbe588eaa6ab48666588d,En,TNU Eagle (東南飛鷹),PCL,,Asie-Pacifique,Deuxième niveau,Support,29,-115.0,269.0,300.0,101.0,0.0,0.0
oe:player:8c745839f8eccb2083bfef1cd24a0ce,Seiju,Vivo Keyd Stars Ignis,IGNIS,,Brésil & Amérique latine,Troisième niveau,Top,13,-116.0,834.0,,,,
oe:player:8fe881c7302efe91f2d8003da392438,minghai,MiaoJing (妙竞),LDL,,Chine,Deuxième niveau,Support,47,-117.0,249.0,-1226.0,49.0,0.0,0.0
oe:player:20c094acbddf3fbdfd91293511b4472,Haeri,Team Bliss,LCO,,Asie-Pacifique,Ligue majeure,Mid,60,-117.0,230.0,1876.0,83.0,0.0,0.0
oe:player:c740f85027b40c5b52e03b0233888f2,Nio,MOUZ NXT,PRM,,EMEA,Deuxième niveau,Support,35,-118.0,224.0,-996.0,119.0,0.0,0.0
oe:player:fabfb382cc5e71135723fde3874642c,Rutzou,KAOS e-sport,NLC,,EMEA,Deuxième niveau,Support,12,-118.0,243.0,1119.0,,,
oe:player:e16c97254df6fe42751e7e9f7c98543,Prage,Hungkuang Falcon (弘光獵鷹),PCL,,Asie-Pacifique,Deuxième niveau,ADC,20,-118.0,245.0,98.0,92.0,0.0,0.0
oe:player:11dd44ac5921ecf53491b3e6128842d,Spooder,Rebels Gaming,LES,,EMEA,Deuxième niveau,Top,60,-119.0,207.0,-292.0,110.0,0.0,0.0
oe:player:e0b008815ab05c5cdaf4d46ab61ff63,Vizicsacsi,Berlin International Gaming,PRM,PRMP 10 games (Berlin International Gaming),EMEA,Deuxième niveau,Top,70,-120.0,221.0,-453.0,105.0,0.0,0.0
oe:player:1b923ab5d5b5a3d53a8bbf581533e38,Syhm,Lazy In Life,NLC,,EMEA,Deuxième niveau,Support,10,-120.0,242.0,1114.0,,,
oe:player:fb1001997b2acbfbc3b184af365c341,Millicent,Rise Gaming Ignis,IGNIS,,Brésil & Amérique latine,Troisième niveau,Top,13,-121.0,849.0,,,,
oe:player:f0523a8a7089a6b90c4c1606ebd9605,DizL,Eintracht Frankfurt,PRMP,PRM 36 games (Eintracht Frankfurt),EMEA,Deuxième niveau,ADC,51,-121.0,226.0,-782.0,99.0,0.0,0.0
oe:player:416ea631f3b7a0d79f4263e00736f02,Prismal,Pulse Star,NACL,,Amérique du Nord,Deuxième niveau,ADC,58,-122.0,230.0,-801.0,79.0,0.0,0.0
oe:player:5984f00636cdf5a46c8a5f56709dac5,Yuki,Ilha das Lendas,CBLOLA,,Brésil & Amérique latine,Deuxième niveau,Support,26,-122.0,241.0,431.0,106.0,0.0,0.0
oe:player:563efaf4988887d909856cec0fdc579,Mist,West Point Esports Academy,PCL,,Asie-Pacifique,Deuxième niveau,ADC,52,-123.0,260.0,74.0,84.0,0.0,0.0
oe:player:ad7f6524ea17c960723b182e0a0c77a,Vasco,Twareg Esports,AL,,EMEA,Deuxième niveau,Mid,20,-123.0,226.0,-154.0,126.0,0.0,0.0
oe:player:4515c41bfcadfcf2e3c5880242f99a2,Shredder,aNc Outplayed,LIT,,EMEA,Deuxième niveau,Support,32,-124.0,231.0,-271.0,116.0,0.0,0.0
oe:player:bca44d9264f7f9b3de7b913a66371e7,DuaLL,LUA Gaming,LES,,EMEA,Deuxième niveau,Support,28,-124.0,230.0,-269.0,110.0,0.0,0.0
oe:player:9e12a0984dea1489bb346ec4953d56f,A Bee,Black Rock Esports,NACL,,Amérique du Nord,Deuxième niveau,Support,14,-125.0,247.0,-882.0,,,
oe:player:eb26eb96a04224878fb492a5a8cefa8,ZaZee,Eintracht Frankfurt,PRMP,PRM 36 games (Eintracht Frankfurt),EMEA,Deuxième niveau,Mid,51,-126.0,226.0,-957.0,115.0,0.0,0.0
oe:player:7d03f933eeb73db3e1b0cb8d74bc7fa,R0se,HANJIN BRION Academy,LAS,,Corée,Troisième niveau,Mid,46,-126.0,250.0,124.0,8.0,0.0,0.213
oe:player:1201c633271df04be95c0f4c71690da,realms,Guangdong Flying Tigers,NACL,,Amérique du Nord,Deuxième niveau,Support,14,-126.0,245.0,-888.0,,,
oe:player:c6b0f5adc051b4f9e86c3ce8b92455d,Pancake,Furious Gaming,LRS,,Brésil & Amérique latine,Deuxième niveau,Jungle,15,-126.0,254.0,470.0,,,
oe:player:6d3ae00b3064c51b2f1d2a2922fdd68,Kituruken,Ruddy Corporation,NLC,GLL 13 games (Gamespace Mediterranean College Esports),EMEA,Deuxième niveau,Jungle,45,-126.0,214.0,763.0,119.0,0.0,0.0
oe:player:2df5432fbfcc85dc85c33e269ebd063,Nille,NORD Esports,NLC,,EMEA,Deuxième niveau,Top,62,-126.0,212.0,790.0,110.0,0.0,0.0
oe:player:acfdf3b694c6ffc32396b64edb82bd8,Leny,Venomcrest Esports,NLC,,EMEA,Deuxième niveau,Top,59,-127.0,212.0,783.0,110.0,0.0,0.0
oe:player:9fefcdafef82ae8de67c1187546d622,Haetae,Hanwha Life Esports Academy,LAS,,Corée,Troisième niveau,Top,41,-127.0,243.0,57.0,7.0,0.0,0.183
oe:player:ce833e045ae1fdf546c867198b80566,PrettyGRE,ZETA,LES,NL 10 games (Esprit Shōnen),EMEA,Deuxième niveau,Mid,36,-128.0,218.0,-561.0,127.0,0.0,0.0
oe:player:fd78e127e45463dcfc2ea3836af0335,Julbu,Verdant,NLC,AL 10 games (GnG Amazigh),EMEA,Deuxième niveau,Jungle,24,-128.0,224.0,753.0,123.0,0.0,0.0
oe:player:f8ef3335d9b514094895f13d76f2e40,Claptrap,Rise Gaming Ignis,IGNIS,,Brésil & Amérique latine,Troisième niveau,Top,18,-129.0,845.0,,,,
oe:player:5c58c2e986e8aec0ee6f2465823349a,GOLDENTO4ST,Gamespace Mediterranean College Esports,GLL,,EMEA,Deuxième niveau,ADC,65,-129.0,208.0,532.0,115.0,0.0,0.0
oe:player:c6b5d0bb9a0c3f077863fdaef9773f7,Province,Kiwoom DRX Academy,LAS,,Corée,Troisième niveau,Top,18,-130.0,260.0,45.0,,,
oe:player:e7be24324b2d08ca8b3bca92bb28e06,Aklass,Fox Gaming,AL,,EMEA,Deuxième niveau,ADC,24,-130.0,229.0,-313.0,117.0,0.0,0.0
oe:player:97a03ee352a6f5252f1f93019e992f9,Cozy,Area of Effect Esports,NACL,,Amérique du Nord,Deuxième niveau,Top,20,-130.0,240.0,-825.0,83.0,0.0,0.0
oe:player:7add3fe5ce8094a7a2c42ec6bd2e171,AIex,TNU Eagle (東南飛鷹),PCL,,Asie-Pacifique,Deuxième niveau,Support,18,-131.0,265.0,218.0,,,
oe:player:d92b0904aa4f08f128aa8c6d2775056,Mojito,Klanik Esport,NL,TCL 18 games (Misa Esports) ; TSC 13 games (Misa Esports),EMEA,Troisième niveau,Jungle,48,-131.0,213.0,-85.0,15.0,0.0,0.007
oe:player:a0768d89dec26206b95179ad9a1c08d,NOMA,EGN Esports,LPLOL,,EMEA,Deuxième niveau,Mid,53,-131.0,223.0,1646.0,126.0,0.0,0.0
oe:player:a73f28875ffc1ad55a8f4aff90bcc04,Devoured,West Point Esports Academy,PCL,,Asie-Pacifique,Deuxième niveau,Jungle,53,-131.0,260.0,147.0,90.0,0.0,0.0
oe:player:ae39390981174404c848f9452ed3ebe,Kookykrook,PepeTinkyWinky,NACL,,Amérique du Nord,Deuxième niveau,Top,12,-132.0,247.0,-834.0,,,
oe:player:5d772fc3cefe6fec269411b8ca18d9d,RustySniper,Venomcrest Esports,NLC Aurora Open,NL 21 games (Project Conquerors) ; NLC 14 games (Nativz),EMEA,Troisième niveau,ADC,51,-132.0,215.0,225.0,10.5,0.0,0.243
oe:player:c1dc4cf13dc03cfd70b7c1f9ba0421b,Shawi,Anubis Gaming,AL,NLC 14 games (Nativz),EMEA,Deuxième niveau,Support,33,-132.0,220.0,286.0,128.0,0.0,0.0
oe:player:a6407ebd0c9dba2572b6dda093ac418,niN,Flamengo Academy,CBLOLA,,Brésil & Amérique latine,Deuxième niveau,Top,23,-133.0,240.0,245.0,98.0,0.0,0.0
oe:player:7dd9d0c5a2fc15cda7d7ff65ca05e2f,Hugato,LOUD Academy,CBLOLA,,Brésil & Amérique latine,Deuxième niveau,Jungle,49,-133.0,239.0,18.0,96.0,0.0,0.0
oe:player:b3c7b84cf21441ee1c8ad002cc40e0f,murilao,Tropa Raizen,CBLOLA,,Brésil & Amérique latine,Deuxième niveau,Support,10,-133.0,246.0,377.0,,,
oe:player:6b35468bd45059f6a8450083fc379a9,Nsurr,Project Conquerors,NL,AL 14 games (One More Esports),EMEA,Troisième niveau,Support,37,-134.0,219.0,-141.0,19.0,0.0,0.0
oe:player:d778769103b62e1222414cd182c4e25,Chookies,Winthrop University,NACL,,Amérique du Nord,Deuxième niveau,Support,16,-135.0,244.0,-931.0,,,
oe:player:20eb7ce62d7a601d3e1771393d762e7,Zhifeig,Chienhsin Bear (健行熊),PCL,,Asie-Pacifique,Deuxième niveau,Mid,57,-135.0,262.0,148.0,86.5,0.0,0.0
oe:player:3903aab323863bd2e9b68218a7a65eb,Follow,PÊEK Gaming,LRN,,Brésil & Amérique latine,Deuxième niveau,Jungle,30,-136.0,243.0,609.0,108.0,0.0,0.0
oe:player:5a804d07122e4fee39975c8097146f4,Violet,Team Bliss,LCO,,Asie-Pacifique,Ligue majeure,ADC,60,-136.0,230.0,1194.0,91.0,0.0,0.0
oe:player:1fee39a40beea830b02cafd2e225297,Tiky,Nameless (French Team),NL,,EMEA,Troisième niveau,Mid,13,-137.0,242.0,-101.0,,,
oe:player:1dd1c5fb7f25cd41b291d43a89e3aef,Today,Rare Atom Period,LDL,,Chine,Deuxième niveau,Support,39,-137.0,248.0,-1324.0,50.0,0.0,0.0
oe:player:1985c3bb7701d3ea0ccc9a532c75bce,Kross,Gentle Hearts Gaming,NACL,,Amérique du Nord,Deuxième niveau,Jungle,15,-138.0,247.0,-777.0,,,
oe:player:9f412eed0c5dde829471119d84b00e3,Lynkez,Rise Gaming,CBLOLA,,Brésil & Amérique latine,Deuxième niveau,Mid,35,-139.0,227.0,397.0,108.0,0.0,0.0
oe:player:ffa7f50db949da3f7ccec7e2c4ec4c6,raining,Team Refuse,GLL,HM 11 games (GLORE),EMEA,Deuxième niveau,ADC,63,-140.0,206.0,473.0,108.0,0.0,0.0
oe:player:4364e1f22684653fb41ffa57e826513,Zsouaia,Hungkuang Falcon (弘光獵鷹),PCL,,Asie-Pacifique,Deuxième niveau,Mid,33,-140.0,262.0,121.0,116.0,0.0,0.0
oe:player:78a70c16ff5eac72f1331df4c7f244f,InoriB,Black Rock Esports,NACL,,Amérique du Nord,Deuxième niveau,ADC,14,-141.0,247.0,-898.0,,,
oe:player:34d6eca11d668197b2ee589a331bad4,Acorderr,Back2TheGame,UL,,EMEA,Deuxième niveau,Support,112,-141.0,221.0,834.0,120.0,0.0,0.0
oe:player:a5b589185ef8ae18d33478626218b3a,ToongE,Forsaken,UL,,EMEA,Deuxième niveau,ADC,38,-141.0,226.0,1086.0,123.0,0.0,0.0
oe:player:0482daf6543f102a27a265342292bb7,Lucker,Esprit Shōnen,NL,,EMEA,Troisième niveau,ADC,34,-141.0,230.0,-61.0,15.0,0.0,0.003
oe:player:7e8951a304133ba9d1505ff77578530,BoxeR2,Frank Esports Academy,PCL,,Asie-Pacifique,Deuxième niveau,Support,34,-141.0,256.0,168.0,111.0,0.0,0.0
oe:player:5b826f287e199129019810487d2ce61,Bean,Aegis,LFL,LES 16 games (Rebels Gaming),EMEA,Deuxième niveau,ADC,48,-142.0,210.0,-1605.0,89.0,0.0,0.0
oe:player:c03f64b564117c8a925932cba8196e0,tears,Ultra Prime Academy,LDL,,Chine,Deuxième niveau,Support,23,-142.0,253.0,-1352.0,49.0,0.0,0.0
oe:player:956b4d2f499b1d362f693f82b8e652b,PiOk,GLORE,HM,LIT 21 games (Atleta Esport),EMEA,Deuxième niveau,ADC,62,-143.0,205.0,1047.0,106.5,0.0,0.0
oe:player:99c4b05837cdfd7ba89771b06fa60b6,bemine,Chienhsin Bear (健行熊),PCL,,Asie-Pacifique,Deuxième niveau,Jungle,27,-143.0,262.0,87.0,99.0,0.0,0.0
oe:player:ecb10a3e37769b528956cc93d3c7756,DahVys,ZETA,LES,,EMEA,Deuxième niveau,Jungle,28,-144.0,216.0,-657.0,123.0,0.0,0.0
oe:player:6958e75ba6b00b8b077c1472162a4ef,MMG,Chienhsin Bear (健行熊),PCL,,Asie-Pacifique,Deuxième niveau,Support,55,-145.0,260.0,148.0,88.0,0.0,0.0
oe:player:14daa026ba4c748b8fb3dcc8dfe4cb7,Kz,inf,LLA,,Brésil & Amérique latine,Ligue majeure,ADC,19,-146.0,242.0,-1518.0,,,
oe:player:fbf3b6f00248487b0938436093c4ef7,Wakz,Nameless (French Team),NL,,EMEA,Troisième niveau,ADC,13,-146.0,242.0,-85.0,,,
oe:player:54e9f4e2180ec7ba9be64e655fb153c,Turtle,KAOS e-sport,NLC,,EMEA,Deuxième niveau,Top,12,-146.0,243.0,690.0,,,
oe:player:5ee2cd6074f5a5f37edebee2f481c6b,Drakehero,Liberty,CBLOL,CBLOLA 10 games (Liberty Academy),Brésil & Amérique latine,Ligue majeure,Jungle,34,-146.0,225.0,-1389.0,90.0,0.0,0.0
oe:player:579ae2e0addc18db74179b2a3d33294,Ellim,QT DIG∞,LJL,,Asie-Pacifique,Ligue majeure,Jungle,59,-147.0,227.0,388.0,91.0,0.0,0.0
oe:player:72f8810468816d80ddeaf9a547ae7f5,Xicor,Lille Esport,NL,,EMEA,Troisième niveau,ADC,29,-147.0,225.0,-92.0,19.0,0.0,0.0
oe:player:0eeca5e6f2e30fdbd85871bea6528de,Nino,Team Insidious,GLL,,EMEA,Deuxième niveau,Top,20,-148.0,228.0,183.0,131.0,0.0,0.0
oe:player:36a55a7a73f82b7ca788e2db7760dbb,Yuhi,QT DIG∞,LJL,,Asie-Pacifique,Ligue majeure,ADC,55,-148.0,228.0,477.0,92.0,0.0,0.0
oe:player:f7d8c1fd03b11c456966e4f1ee056f1,Skyy,PÊEK Gaming,LRN,,Brésil & Amérique latine,Deuxième niveau,Mid,30,-149.0,243.0,217.0,117.0,0.0,0.0
oe:player:280a58c350eef8f164e753447b2a306,Vander,Austrian Force willhaben,PRMP,,EMEA,Deuxième niveau,Support,23,-149.0,224.0,-1014.0,152.0,0.0,0.0
oe:player:713fae3c1b605df4ee976c6188182a1,Wixxi,Area of Effect Esports,NACL,,Amérique du Nord,Deuxième niveau,ADC,49,-149.0,231.0,-938.0,85.0,0.0,0.0
oe:player:b665b9fa5f821ff73a873d0cecb0682,D4SH,Crvena zvezda Esports,EBL,LPLOL 22 games (SAW),EMEA,Deuxième niveau,Jungle,52,-149.0,213.0,1476.0,126.0,0.0,0.0
oe:player:7b0143c0788257bc3e415e83f74cc8b,Midir,Nongshim Esports Academy,LCKC,LAS 36 games (Nongshim RedForce Academy),Corée,Deuxième niveau,Top,47,-150.0,234.0,-2081.0,83.0,0.0,0.0
oe:player:cd521f662fbbec89f03a900e7d9bb63,Mafro,Akroma,NL,,EMEA,Troisième niveau,Jungle,33,-151.0,222.0,-186.0,17.0,0.0,0.0
oe:player:5be118a1aa52664e1dff15ff96c1e67,Agresivoo,Eintracht Frankfurt,PRMP,LFL 18 games (Aegis) ; PRM 18 games (Eintracht Frankfurt),EMEA,Deuxième niveau,Top,51,-151.0,207.0,-981.0,116.0,0.0,0.0
oe:player:b50387a1ea8587ce52710e7a34e4a25,Arima,Winter (Brazilian Team),IGNIS,,Brésil & Amérique latine,Troisième niveau,Top,11,-151.0,871.0,,,,
oe:player:a31ca891c2d361750093e0fc0e8b507,Lawl,Banshee,IGNIS,,Brésil & Amérique latine,Troisième niveau,Jungle,14,-152.0,849.0,-625.0,,,
oe:player:4c7da67b008cd8858cd0539c860c73a,Sero,KT Rolster Academy,LAS,,Corée,Troisième niveau,Top,60,-152.0,252.0,-66.0,9.0,0.0,0.107
oe:player:49dea036f5b15e39632aaaf1666a28b,5kid,Six Karma,LLA,,Brésil & Amérique latine,Ligue majeure,ADC,49,-153.0,231.0,-1553.0,90.0,0.0,0.0
oe:player:f3f1edfba7200c65b417d359a6f9c82,pr1me,Verdant,NLC Aurora Open,UL 22 games (Anonymo Esports),EMEA,Troisième niveau,Top,48,-153.0,228.0,179.0,14.0,0.0,0.0
oe:player:a177d116efe77552eb3068675c777f2,Scorth,FUT Esports,TSC,TCL 36 games (FUT Esports),EMEA,Deuxième niveau,ADC,59,-153.0,212.0,205.0,92.0,0.0,0.0
oe:player:76bd2822e32f7b1d3b0c4cf7f390d38,Chrissy,KT Rolster Academy,LAS,,Corée,Troisième niveau,Support,36,-153.0,258.0,-293.0,13.0,0.0,0.0
oe:player:825a7f24dc90caf0c67efbd95a0355f,Cassin,AXIZ CREST,LJL,,Asie-Pacifique,Ligue majeure,Jungle,20,-154.0,231.0,353.0,93.0,0.0,0.0
oe:player:f7dcc06d6796cd9718c1716a6013ce4,Levizin,Liberty,CBLOL,CBLOLA 29 games (Liberty Academy),Brésil & Amérique latine,Ligue majeure,Jungle,41,-154.0,225.0,-1429.0,92.0,0.0,0.0
oe:player:53ee1f6d941b631ed8148da49785378,Raider,Regem,NLC Aurora Open,AL 23 games (Fog Esports),EMEA,Troisième niveau,Top,35,-156.0,223.0,165.0,16.0,0.0,0.01
oe:player:652b15e8a821f5f825693df9ae62a80,Kinatu,QT DIG∞,LJL,,Asie-Pacifique,Ligue majeure,Top,55,-156.0,228.0,416.0,89.0,0.0,0.0
oe:player:29d40afb74d5e1fe5e513bd53080cae,ROCKBOOM,CCG Esports,NACL,,Amérique du Nord,Deuxième niveau,ADC,42,-157.0,230.0,-978.0,74.0,0.0,0.0
oe:player:84e640911c6d6f172d4cf1c7cc78a67,Crecre,PÊEK Gaming,LRN,,Brésil & Amérique latine,Deuxième niveau,Support,29,-158.0,243.0,295.0,117.0,0.0,0.0
oe:player:72afadf3f4701a666860c0c442b08f5,Mishal,BAAM Esports,AL,,EMEA,Deuxième niveau,Support,17,-159.0,235.0,153.0,,,
oe:player:30f18a468db8d9e940f0818a682318b,Techoteco,DKB XPERION NXT,PRMP,,EMEA,Deuxième niveau,Jungle,10,-159.0,240.0,-903.0,,,
oe:player:14858d85726545ce65dc2e7ea8042c9,Goot,Flamengo Academy,CBLOLA,,Brésil & Amérique latine,Deuxième niveau,Jungle,36,-160.0,235.0,-115.0,115.0,0.0,0.0
oe:player:df72759c8339d15228c11df5bdc62bb,FIERCE,Regem,NLC Aurora Open,NLC 26 games (Venomcrest Esports),EMEA,Troisième niveau,Mid,48,-160.0,227.0,881.0,16.0,0.0,0.0
oe:player:9f65f7ff237a92d74cf2bf2420f2751,kibah,FUT Esports,TCL,,EMEA,Deuxième niveau,Support,28,-160.0,230.0,-856.0,120.0,0.0,0.0
oe:player:807b957f35713431f56182cb25af089,Seal,Myth Esports,ESLOL,,EMEA,Deuxième niveau,Support,69,-161.0,211.0,1347.0,124.5,0.0,0.0
oe:player:c48e4a08340904258e9f5e8cdb1315c,kksh,Rise Gaming,CBLOLA,,Brésil & Amérique latine,Deuxième niveau,ADC,23,-161.0,241.0,-102.0,101.0,0.0,0.0
oe:player:4c56aef4b6fee236568a5769a8328aa,Xeonerr,Forsaken,UL,,EMEA,Deuxième niveau,Jungle,46,-162.0,216.0,462.0,119.0,0.0,0.0
oe:player:81eed41b598a207697930065353ba1c,QQMore,WAP Esports,LRS,,Brésil & Amérique latine,Deuxième niveau,Jungle,33,-163.0,242.0,282.0,121.0,0.0,0.0
oe:player:dbdc61a1c41acedcbc7d399727155ac,Joinze,Nameless (French Team),NL,,EMEA,Troisième niveau,Jungle,13,-164.0,242.0,-250.0,,,
oe:player:d12be4fd740afa31c400833bee2cba4,fabFabulous,FUT Esports,TSC,TCL 14 games (NASR eSports Turkey),EMEA,Deuxième niveau,Top,30,-165.0,232.0,120.0,142.0,0.0,0.0
oe:player:a2694196d288cd26055602729d0bb5c,HeSSZero,ZETA,LES,UL 13 games (Iron Wolves),EMEA,Deuxième niveau,Top,45,-165.0,210.0,-525.0,117.0,0.0,0.0
oe:player:eaaf2e20683cde8408d05159c05528c,Aladoric,Team Bliss,LCO,,Asie-Pacifique,Ligue majeure,Support,35,-165.0,231.0,1048.0,92.0,0.0,0.0
oe:player:87e7c1c53cb8af484ecd1b4bc20281d,Romeo,NORD Esports,NLC,,EMEA,Deuxième niveau,Support,59,-165.0,214.0,887.0,126.0,0.0,0.0
oe:player:adb887df0adf1894f8af5073a5c6bc3,Nata,Ruddy Corporation,NLC Aurora Open,NLC 23 games (Ruddy Corporation),EMEA,Troisième niveau,ADC,52,-166.0,218.0,56.0,19.0,0.0,0.003
oe:player:938cdb097f33f0feb9c12f0729e8e69,Attila,ZETA,LES,,EMEA,Deuxième niveau,ADC,26,-166.0,229.0,-716.0,122.0,0.0,0.0
oe:player:f68ed45fe0f3150c306c17455014301,Abagnale,Akroma,NL,TSC 13 games (Misa Esports),EMEA,Troisième niveau,Support,50,-166.0,212.0,-301.0,17.0,0.0,0.0
oe:player:8486d94ef23b38c67c76b647613d881,bobista,Team Refuse,GLL,,EMEA,Deuxième niveau,Top,67,-166.0,203.0,91.0,131.0,0.0,0.0
oe:player:06e490d0d86d72ef53618500f08cc8d,Diesel,Black Rock Esports,NACL,,Amérique du Nord,Deuxième niveau,Top,14,-168.0,247.0,-1014.0,,,
oe:player:9f05cc3420a1f8fe42e40ac0162f592,Sant,LOUD Academy,CBLOLA,,Brésil & Amérique latine,Deuxième niveau,ADC,48,-168.0,238.0,-139.0,92.0,0.0,0.0
oe:player:694d028e62f4ea668b206ab752b6f94,Sayn,Fox Gaming,AL,,EMEA,Deuxième niveau,Mid,19,-168.0,230.0,-380.0,,,
oe:player:90bbd2a85e304330ae7587edf2a4b06,Cherry,KT Rolster Academy,LAS,,Corée,Troisième niveau,ADC,24,-168.0,261.0,31.0,12.0,0.0,0.0
oe:player:758544da193f152aa5ca5dcc833a83a,Fade,BoostGate Esports,TCL,AL 14 games (GnG Amazigh) ; TSC 12 games (BoostGate Esports),EMEA,Deuxième niveau,Mid,59,-169.0,212.0,-421.0,124.0,0.0,0.0
oe:player:2d9f7fa495972ca9d3c905d6546a2a2,Built,Ruddy Corporation,NLC Aurora Open,NLC 47 games (Ruddy Corporation),EMEA,Troisième niveau,Top,76,-169.0,214.0,101.0,16.0,0.0,0.0
oe:player:4bcb5078b4938faef69ad7e0e5718a9,Bardito,Furious Gaming,LRS,,Brésil & Amérique latine,Deuxième niveau,Support,17,-169.0,250.0,592.0,,,
oe:player:b4c2b550635fe54fd29f2b64dfaca55,Special,Rebels Gaming,LES,,EMEA,Deuxième niveau,Mid,18,-170.0,233.0,-773.0,,,
oe:player:0f5abad727c1ff710fdfd626c40ff3f,Puppeh,PepeTinkyWinky,NACL,,Amérique du Nord,Deuxième niveau,ADC,12,-170.0,247.0,-1042.0,,,
oe:player:a18df5898bbd2428ef3afb457f47da2,ShazQ,Back2TheGame,UL,,EMEA,Deuxième niveau,Jungle,112,-171.0,221.0,418.0,118.0,0.0,0.0
oe:player:6425cdfcdd02de2de34b914e20c41a7,SeMike,EKO Esports,LIT,,EMEA,Deuxième niveau,Mid,20,-172.0,234.0,-351.0,134.0,0.0,0.0
oe:player:c032df73970ffb2f2b585d912f6b20d,Neramin,Verdant,NLC Aurora Open,UL 22 games (Anonymo Esports) ; AL 14 games (GnG Amazigh),EMEA,Troisième niveau,ADC,62,-172.0,216.0,25.0,17.0,0.0,0.08
oe:player:8d610fc7ab92a4e6f7c1136bc98282f,Dec0y,Apex Mission Impossible,NACL,,Amérique du Nord,Deuxième niveau,Top,15,-173.0,244.0,-1039.0,,,
oe:player:d6978cb4b12a5de75f68b2da2f55dc9,XnS,BoostGate Esports,TCL,ESLOL 13 games (SNOOZE Esports),EMEA,Deuxième niveau,Jungle,55,-173.0,215.0,-783.0,112.0,0.0,0.0
oe:player:3d44f54d2b0fa13b698040cb51d09db,zekas,Rise Gaming,CBLOLA,,Brésil & Amérique latine,Deuxième niveau,Top,23,-173.0,241.0,45.0,107.0,0.0,0.0
oe:player:895d3db68013fdd15321c3f5f784f6c,1jw,West Point Esports Academy,PCL,,Asie-Pacifique,Deuxième niveau,Top,10,-174.0,270.0,-348.0,,,
oe:player:ca5b2a166b112de94b9e0847afb2f21,seaz,GIANTX iTero,LES,,EMEA,Deuxième niveau,Support,57,-174.0,220.0,-519.0,112.0,0.0,0.0
oe:player:63d4c2d98c6654867a62dbaa41d3379,AHaHaCiK,Rebels Gaming,LES,,EMEA,Deuxième niveau,Jungle,18,-174.0,233.0,-809.0,,,
oe:player:d129eb71d537fdbb2cd4c52703f51f4,HolyPhoenix,Misa Esports,TCL,,EMEA,Deuxième niveau,ADC,53,-174.0,209.0,-436.0,111.0,0.0,0.0
oe:player:1e73693a9dff28df0c5f8eb797f2913,Choi,Axolotl,LIT,,EMEA,Deuxième niveau,Jungle,12,-175.0,239.0,-750.0,,,
oe:player:c453bd4f27df46e710eeae5b200ccfa,Calix,KT Rolster Academy,LAS,,Corée,Troisième niveau,Mid,24,-175.0,261.0,-122.0,12.0,0.0,0.0
oe:player:ae06413dcf80aa496ab8448d8ea586f,HAWHAW,SNOOZE Esports,ESLOL,GLL 21 games (Gamespace Mediterranean College Esports) ; NL 18 games (Esprit Shōnen),EMEA,Deuxième niveau,Mid,56,-175.0,206.0,1317.0,130.0,0.0,0.0
oe:player:1791c6298f798379cfb331fc03b7a34,Syzyf,Back2TheGame,UL,,EMEA,Deuxième niveau,Mid,112,-175.0,221.0,614.0,128.0,0.0,0.0
oe:player:d783aa3d35246dca3c358f2bae8c6aa,Cirilo,RED Academy,CBLOLA,,Brésil & Amérique latine,Deuxième niveau,ADC,21,-176.0,241.0,-182.0,106.0,0.0,0.0
oe:player:02be2c707e3d044459e9b210bc90121,OWLONSKY,Lille Esport,NL,,EMEA,Troisième niveau,Jungle,18,-176.0,239.0,-310.0,,,
oe:player:bc7627cfe2047a751dd7a4ee1f2fcf4,Roshan,SNOOZE Esports,ESLOL,NLC 22 games (NORD Esports),EMEA,Deuxième niveau,Jungle,39,-177.0,221.0,1560.0,129.0,0.0,0.0
oe:player:add08608ba906530f9a94670d12e77c,Mentos,Team Refuse,GLL,,EMEA,Deuxième niveau,Mid,51,-177.0,212.0,488.0,136.0,0.0,0.0
oe:player:b7253194da688a72744ff1c032b6cea,Soft,KT Rolster Academy,LAS,,Corée,Troisième niveau,Jungle,60,-177.0,252.0,-186.0,11.0,0.0,0.117
oe:player:83b3577e711602105ca98fcec43e183,R4VEN,GIANTX iTero,LES,,EMEA,Deuxième niveau,Top,43,-177.0,210.0,-584.0,117.0,0.0,0.0
oe:player:6b9f3420febdbc475dd3c1e4e0bcb5e,Nash,Guasones,LES,GLL 21 games (Gamespace Mediterranean College Esports),EMEA,Deuxième niveau,Support,39,-179.0,216.0,-545.0,149.0,0.0,0.0
oe:player:d2ccfcc73c1a11410ead8465c7fa18d,Peco,RED Academy,CBLOLA,,Brésil & Amérique latine,Deuxième niveau,Mid,34,-179.0,237.0,196.0,123.0,0.0,0.0
oe:player:c602a11356e2d9318b433e99946ce54,JiaHao,LNG Academy,LDL,,Chine,Deuxième niveau,ADC,31,-180.0,244.0,-1562.0,49.0,0.0,0.0
oe:player:ed24ff8971b1fa43a1efbb386618ce3,Grave,BoostGate Esports,TCL,TSC 16 games (BoostGate Esports),EMEA,Deuxième niveau,ADC,63,-180.0,212.0,-467.0,110.0,0.0,0.0
oe:player:5bd132d2d10fb5f7d88a2e85edc2110,bulas,LOUD Academy,CBLOLA,,Brésil & Amérique latine,Deuxième niveau,Support,49,-181.0,239.0,135.0,100.5,0.0,0.0
oe:player:4d79b9a430199b71e47a4a9e908fe76,TaNa,V3 Esports,LJL,,Asie-Pacifique,Ligue majeure,Top,55,-181.0,232.0,289.0,93.0,0.0,0.0
oe:player:99594a251af944b3571fe7f37363303,Pridestalkr,Barça eSports,LES,,EMEA,Deuxième niveau,Jungle,17,-181.0,231.0,-846.0,,,
oe:player:a272c3f80649036f8e168cb2f3df17c,Yakkey,aNc Outplayed,LIT,LPLOL 15 games (GTZ Esports),EMEA,Deuxième niveau,ADC,35,-182.0,218.0,-386.0,146.0,0.0,0.0
oe:player:052ad9427bad4cf3f5b46c0cc5552bf,ST3PZ,Flamengo Academy,CBLOLA,,Brésil & Amérique latine,Deuxième niveau,ADC,36,-182.0,235.0,-210.0,119.0,0.0,0.0
oe:player:b57e72ed35022b11f16f095682ff782,Anyyy,LOUD Academy,CBLOLA,,Brésil & Amérique latine,Deuxième niveau,Mid,49,-183.0,239.0,176.0,105.0,0.0,0.0
oe:player:978c38ad839a85b4bdc8d3cd5e2c560,zynts,RED Academy,CBLOLA,,Brésil & Amérique latine,Deuxième niveau,Top,34,-183.0,237.0,-6.0,113.0,0.0,0.0
oe:player:f47d279484c13d09ba5bf09b2ea7653,Snake,Zerance,NL,,EMEA,Troisième niveau,Support,10,-183.0,240.0,-386.0,,,
oe:player:89f252e6a32f75f050118e916bb6874,Wind1,Team UNiTY,HM,ESLOL 23 games (A One Man Army),EMEA,Deuxième niveau,Top,98,-184.0,198.0,719.0,130.0,0.0,0.0
oe:player:39d68aa20f0b0b1ddddb871a7b26fbf,Enga,PRIMATE,LRS,,Brésil & Amérique latine,Deuxième niveau,Mid,36,-185.0,250.0,490.0,133.0,0.0,0.0
oe:player:345f339aba92a3a68cb9a96f5ac6b99,Merit,KT Rolster Academy,LAS,,Corée,Troisième niveau,ADC,36,-185.0,258.0,-57.0,14.0,0.0,0.0
oe:player:3920f4de376d4111d7d8fe737e4c94d,Orrisot,Galakticos,TCL,,EMEA,Deuxième niveau,Mid,16,-185.0,230.0,-502.0,,,
oe:player:2f4dff060d224582dc34b449697b12c,Lothen,Back2TheGame,UL,,EMEA,Deuxième niveau,ADC,89,-186.0,207.0,861.0,125.0,0.0,0.0
oe:player:cbdaba5605992f8e1635ad782152d65,CPM,Veni Vidi Vici,LES,HM 22 games (Team UNiTY),EMEA,Deuxième niveau,Top,33,-187.0,214.0,-636.0,147.0,0.0,0.0
oe:player:3395dbd92d0e9a1dac4f98817faaa43,eight,Ultra Prime Academy,LDL,,Chine,Deuxième niveau,Jungle,23,-188.0,253.0,-1798.0,51.0,0.0,0.0
oe:player:2e768a9e3370f4f3dc13869f71c7c45,Certified,Lazy In Life,NLC,,EMEA,Deuxième niveau,ADC,10,-189.0,241.0,334.0,,,
oe:player:4d6553e3d104af31818a817aa05cf0e,Evanlai,Guangdong Flying Tigers,NACL,,Amérique du Nord,Deuxième niveau,Jungle,12,-189.0,248.0,-1033.0,,,
oe:player:e8013b081e457f1c1c8dcd3146b5185,KinGi,Undead Gaming,LRS,LLA 15 games (Isurus),Brésil & Amérique latine,Deuxième niveau,Jungle,44,-189.0,228.0,154.0,115.0,0.0,0.0
oe:player:a878546de507670f5e83d7763c4c70b,AKIRA,Dplus Kia Academy,LAS,,Corée,Troisième niveau,Support,18,-189.0,258.0,-473.0,,,
oe:player:9b9dc4d84bc993a189d358cbbc07121,Winking,Pee N W's,NACL,,Amérique du Nord,Deuxième niveau,ADC,11,-190.0,247.0,-1140.0,,,
oe:player:ecd0d237e4cd0ddfc4838c1667f3c39,Exiladissima,Vivo Keyd Stars Ignis,IGNIS,,Brésil & Amérique latine,Troisième niveau,Top,12,-190.0,857.0,,,,
oe:player:d9ef4217ba6212bce750345eacf8043,Chan,BNK FEARX Academy,LAS,,Corée,Troisième niveau,Top,18,-190.0,263.0,-254.0,,,
oe:player:162b3eabd3ecb69d9df51c136452c55,Rakhoon,UniQ Esports Club,NLC,,EMEA,Deuxième niveau,Support,22,-191.0,240.0,756.0,139.0,0.0,0.0
oe:player:566e0849f6b96ad25981ba1c79ce1a7,Hustlin,Barça eSports,LES,,EMEA,Deuxième niveau,Support,17,-192.0,231.0,-609.0,,,
oe:player:0ce788d020173e8e2e683515c31efda,micaO,Liberty Academy,CBLOLA,CBLOL 24 games (Liberty),Brésil & Amérique latine,Deuxième niveau,ADC,34,-192.0,225.0,-260.0,84.0,0.0,0.0
oe:player:3a470428d3eaeab9ccea451308f3037,Septico1,Myth Esports,ESLOL,EBL 22 games (SPIKE Syndicate),EMEA,Deuxième niveau,Top,55,-192.0,215.0,1188.0,129.0,0.0,0.0
oe:player:9bfbc1a85ea2cd4841d627f76a12704,Stormax,Partizan Esports,EBL,GLL 22 games (Anorthosis Famagusta Esports),EMEA,Deuxième niveau,Jungle,84,-192.0,206.0,1260.0,132.0,0.0,0.0
oe:player:208bf3db5d9673c8c1df1f81f9621d1,Theocacs,Venomcrest Esports,NLC,,EMEA,Deuxième niveau,Jungle,38,-192.0,226.0,431.0,125.0,0.0,0.0
oe:player:c8c3a0c86520e1408239f47a1981d8b,Vergil,FoxFire,TSC,,EMEA,Deuxième niveau,Top,15,-192.0,233.0,-16.0,,,
oe:player:79715a2d8a5dcfe07726c00e0f05433,Kuroneel,Zerance,NL,,EMEA,Troisième niveau,Mid,32,-192.0,228.0,-375.0,18.0,0.0,0.0
oe:player:cfcad7b09bed919fa42cc1dd83b6b63,Kasing,Gamespace Mediterranean College Esports,GLL,NLC 22 games (Lionscreed),EMEA,Deuxième niveau,Support,66,-192.0,205.0,-171.0,123.0,0.0,0.0
oe:player:dd83595fada79ef88d594b2518b6a8c,Kevy,Team Bliss,LCO,,Asie-Pacifique,Ligue majeure,Jungle,35,-193.0,231.0,1073.0,95.0,0.0,0.0
oe:player:46ce91a03ba1ed7fea4e271c5f1721d,Bibou,WLGaming Esports,GLL,AL 14 games (One More Esports),EMEA,Deuxième niveau,ADC,42,-193.0,211.0,211.0,123.5,0.0,0.0
oe:player:b96919a088e508abfbb1aa9c4cbb8f0,Artifact,Rainbow Warriors,VCS,,Asie-Pacifique,Ligue majeure,Mid,24,-194.0,237.0,-2084.0,84.0,0.0,0.0
oe:player:55d71e95eaa294aed6ddfaf95d71416,Pocovirtuoso,EKO Esports,LIT,,EMEA,Deuxième niveau,Support,20,-194.0,234.0,-624.0,132.0,0.0,0.0
oe:player:21177b451d4c05fc389ac6cc767dfce,Ephekles,DKB XPERION NXT,PRMP,,EMEA,Deuxième niveau,Support,10,-194.0,240.0,-1238.0,,,
oe:player:ab02fceb9689114b1cd1844e456c069,Javier,Rebels Gaming,LES,,EMEA,Deuxième niveau,Mid,49,-195.0,213.0,-897.0,124.0,0.0,0.0
oe:player:3db6ae5ba47a2ce45b4788135adc8dc,mirrored,GLORE,HM,,EMEA,Deuxième niveau,Mid,24,-195.0,226.0,870.0,151.0,0.0,0.0
oe:player:ca38694b78ea467cb0eefc93f5d6761,Dragku,Antic Esports,LCO,,Asie-Pacifique,Ligue majeure,Support,56,-195.0,227.0,900.0,93.0,0.0,0.0
oe:player:d15b82adddaa090c020804784cb9ed3,Funky,PRIMATE,LRS,,Brésil & Amérique latine,Deuxième niveau,Jungle,36,-196.0,250.0,121.0,124.0,0.0,0.0
oe:player:c9c65d6b359377d7af5167bd0ad3a36,Blacky,Fluxo Academy,CBLOLA,,Brésil & Amérique latine,Deuxième niveau,Mid,36,-196.0,225.0,112.0,120.0,0.0,0.0
oe:player:77853c4a71c55061b69cd9335ec2e8c,Libra,WLGaming Esports,GLL,,EMEA,Deuxième niveau,Top,38,-197.0,211.0,-60.0,152.0,0.0,0.0
oe:player:1a37b777718802cb259d192e67ab64d,Zin,Rainbow Warriors,VCS,,Asie-Pacifique,Ligue majeure,Support,24,-197.0,237.0,-1868.0,87.0,0.0,0.0
oe:player:9f8d365508ded3ca9701eff2003d6ad,Looki,DKB XPERION NXT,PRMP,,EMEA,Deuxième niveau,ADC,10,-197.0,240.0,-1160.0,,,
oe:player:9e0d36678131df9bde116a964c542ef,choego,SNOOZE Esports,ESLOL,,EMEA,Deuxième niveau,ADC,17,-197.0,243.0,1255.0,,,
oe:player:41e2980a2f1bcdbc20910125be7f939,Abyss,HELL PIGS,PCS,,Asie-Pacifique,Ligue majeure,Jungle,12,-198.0,236.0,-1727.0,,,
oe:player:8680bd368479308bf596f843de22077,Elijah,Lundqvist Lightside,NLC,,EMEA,Deuxième niveau,Top,26,-199.0,222.0,427.0,134.0,0.0,0.0
oe:player:28210a578227a57de61f42f4bd0d2b4,Gaeng,QT DIG∞,LJL,,Asie-Pacifique,Ligue majeure,Support,59,-199.0,227.0,452.0,91.0,0.0,0.0
oe:player:32ddc96e8baa332428f5dc5f8b36059,Gwenix,Banshee,IGNIS,,Brésil & Amérique latine,Troisième niveau,Support,12,-200.0,847.0,-838.0,,,
oe:player:14ab5f52ef3268bfc818e12fda4e226,zorenous,Antic Esports,LCO,,Asie-Pacifique,Ligue majeure,Top,56,-200.0,227.0,998.0,93.0,0.0,0.0
oe:player:d0c1a41d99e922177d319c13b54418c,Shmebu,PRIMATE,LRS,,Brésil & Amérique latine,Deuxième niveau,Support,36,-200.0,250.0,440.0,130.0,0.0,0.0
oe:player:ba60f2274afd5a39163aeade95ddab3,Buggax,Six Karma,LLA,,Brésil & Amérique latine,Ligue majeure,Top,48,-202.0,226.0,-1812.0,87.0,0.0,0.0
oe:player:c26c01acba9788db20a72aa23d01d23,Slayder,Nigma Galaxy,AL,,EMEA,Deuxième niveau,ADC,28,-202.0,226.0,-673.0,126.0,0.0,0.0
oe:player:3303f645b1c5a2bb4d36ab1be910714,Kingston,Hazing Chase,TSC,,EMEA,Deuxième niveau,Jungle,22,-203.0,230.0,-537.0,147.0,0.0,0.0
oe:player:2b5a83c590a5367481d46066dccd0a0,Eliass,Guangdong Flying Tigers,NACL,,Amérique du Nord,Deuxième niveau,Mid,12,-204.0,248.0,-1090.0,,,
oe:player:0e90f941b97381231fc8b199be190c3,Ino,AXIZ CREST,LJL,,Asie-Pacifique,Ligue majeure,Support,42,-204.0,231.0,428.0,91.0,0.0,0.0
oe:player:a2343d04ce4dafae3aa458b006ec880,Fallen,OGC Sigma Esports,HM,,EMEA,Deuxième niveau,Jungle,35,-204.0,217.0,753.0,142.0,0.0,0.0
oe:player:fa816783145a625c4b502446b18ad93,Allorim,Komodo,NACL,,Amérique du Nord,Deuxième niveau,Top,38,-204.0,230.0,-1195.0,107.0,0.0,0.0
oe:player:8b35b40bc03585d8e435ef8029621c4,Kokos,Myth Esports,ESLOL,,EMEA,Deuxième niveau,Jungle,27,-206.0,220.0,1417.0,145.0,0.0,0.0
oe:player:9c51ed760409db6fa2a02fe8046f110,Curse,RED Academy,CBLOLA,,Brésil & Amérique latine,Deuxième niveau,Jungle,34,-207.0,237.0,-352.0,114.0,0.0,0.0
oe:player:b3cbe00bded6d903ce22576f701df12,2T,Rainbow Warriors,VCS,,Asie-Pacifique,Ligue majeure,Top,20,-208.0,238.0,-1956.0,86.0,0.0,0.0
oe:player:b5654a6598ed174f4451f5e5dcfb118,Kozi,Back2TheGame,UL,,EMEA,Deuxième niveau,Top,104,-208.0,208.0,524.0,129.0,0.0,0.0
oe:player:20708c138c041b5f23fdb42c2e01184,Eugeo,AXIZ CREST,LJL,,Asie-Pacifique,Ligue majeure,Mid,42,-209.0,231.0,127.0,87.0,0.0,0.0
oe:player:674c649305d6595b9b0788b13be9716,RAFBIN,Forsaken,UL,,EMEA,Deuxième niveau,Mid,65,-210.0,211.0,441.0,137.0,0.0,0.0
oe:player:c2247726b5c15c6b06022f64d4a080a,curty,LOUD Academy,CBLOLA,,Brésil & Amérique latine,Deuxième niveau,Top,49,-210.0,239.0,-144.0,101.5,0.0,0.0
oe:player:84bd988294f5dd9ae9a499abf6524a0,Raxxo,Esprit Shōnen,NL,,EMEA,Troisième niveau,Support,28,-210.0,235.0,-522.0,18.0,0.0,0.0
oe:player:4841aa27ab85be0b9f45fed1d5e7b09,Kackos,Gamespace Mediterranean College Esports,GLL,,EMEA,Deuxième niveau,Top,21,-212.0,236.0,-136.0,147.0,0.0,0.0
oe:player:3ace2e5d36ad46eb2aec2ad1c43d3c5,Rabelo,RED Academy,CBLOLA,,Brésil & Amérique latine,Deuxième niveau,ADC,13,-213.0,243.0,-364.0,,,
oe:player:4d502cddb3e94cb64100be58f85e600,Bung,KRC Genk Esports,ESLOL,,EMEA,Deuxième niveau,ADC,32,-213.0,223.0,1176.0,150.0,0.0,0.0
oe:player:72ece7e3c2b5132dd83c0954b32de87,GuanGuan,HELL PIGS,PCS,PCL 12 games (TNU Eagle (東南飛鷹)),Asie-Pacifique,Ligue majeure,Top,30,-213.0,219.0,-1524.0,89.0,0.0,0.0
oe:player:d6a3183c42c5887246375b272c9fedf,Killer2,Hungkuang Falcon (弘光獵鷹),PCL,,Asie-Pacifique,Deuxième niveau,Jungle,15,-213.0,267.0,-263.0,,,
oe:player:d617210b92fa03e78554883250d432c,Gakgos,NASR eSports Turkey,TSC,ESLOL 17 games (mCon esports) ; TCL 14 games (NASR eSports Turkey),EMEA,Deuxième niveau,Top,45,-213.0,211.0,-120.0,137.5,0.0,0.0
oe:player:f2f1cb6ee8755e6b6e5111d99344a17,NuL1,HELL PIGS,PCS,,Asie-Pacifique,Ligue majeure,Mid,40,-214.0,226.0,-1860.0,83.0,0.0,0.0
oe:player:e8ff461b567776b254963373be94961,Toni,Kaufland Hangry Knights,PRMP,,EMEA,Deuxième niveau,Jungle,17,-214.0,231.0,-1181.0,,,
oe:player:8ada0880863e88a50f39ab949c508ec,Vortum,EGN Esports,LPLOL,,EMEA,Deuxième niveau,Top,54,-215.0,215.0,1075.0,136.0,0.0,0.0
oe:player:655ae4fa39a12d95dc2436a43294ddd,Subbex,SPIKE Syndicate,EBL,,EMEA,Deuxième niveau,ADC,45,-216.0,224.0,979.0,132.0,0.0,0.0
oe:player:c722408a339132fbd6c940cf10325fd,Deimos,Lille Esport,NL,,EMEA,Troisième niveau,Top,27,-216.0,229.0,-521.0,19.0,0.0,0.0
oe:player:afdd43b0c280624cf9da645fa652c55,Ray,Hungkuang Falcon (弘光獵鷹),PCL,,Asie-Pacifique,Deuxième niveau,ADC,22,-216.0,259.0,-392.0,107.0,0.0,0.0
oe:player:a44ae9bfcb722ad18088def7d750319,Balyy,EKO Esports,LIT,,EMEA,Deuxième niveau,Jungle,30,-217.0,220.0,-962.0,133.0,0.0,0.0
oe:player:8b976d804f0b51e0dff5d24fc6ead77,Strensh,PRIMATE,LRS,,Brésil & Amérique latine,Deuxième niveau,ADC,36,-218.0,250.0,288.0,127.0,0.0,0.0
oe:player:30a8b13f9943213fb3f2417bbc7af28,Zhangsid,Akroma,NL,,EMEA,Troisième niveau,Mid,33,-218.0,230.0,-506.0,19.0,0.0,0.0
oe:player:accd847941be215a4c9502a3e602bea,Cha9,West Point Esports,PCS,,Asie-Pacifique,Ligue majeure,Support,45,-219.0,218.0,-1786.0,89.0,0.0,0.0
oe:player:9b905727ae55ceab6b32ed5c009093b,Lo33v,TNU Eagle (東南飛鷹),PCL,,Asie-Pacifique,Deuxième niveau,ADC,42,-219.0,266.0,-404.0,95.0,0.0,0.0
oe:player:dbc932ea3d30b98a49d66e17c6c4d62,Black,Dark Passage,TCL,,EMEA,Deuxième niveau,ADC,38,-220.0,215.0,-666.0,119.0,0.0,0.0
oe:player:b46c2b31ff697caba2f88ca3ad551cf,Leandrinn,Liberty,CBLOL,CBLOLA 29 games (Liberty Academy),Brésil & Amérique latine,Ligue majeure,ADC,41,-220.0,225.0,-1856.0,95.0,0.0,0.0
oe:player:65173e58cd68bffc1e113f89ec3e129,Cheng9,HELL PIGS,PCS,,Asie-Pacifique,Ligue majeure,ADC,40,-221.0,226.0,-2030.0,91.0,0.0,0.0
oe:player:c512fd0489043fe22857696467766fd,Ssol,AXIZ CREST,LJL,,Asie-Pacifique,Ligue majeure,ADC,42,-222.0,231.0,104.0,95.0,0.0,0.0
oe:player:ce3077d1f44c6fd8ddb53957e5e2e5c,Relhia,West Point Esports,PCS,,Asie-Pacifique,Ligue majeure,Top,24,-222.0,230.0,-1568.0,89.0,0.0,0.0
oe:player:5b4a9ba6121c6d0e37076f8f3523000,Ryoma,Antic Esports,LCO,,Asie-Pacifique,Ligue majeure,Mid,32,-222.0,235.0,1351.0,90.0,0.0,0.0
oe:player:6daf41888dd68feba301fd3157ce738,i kid,KT Rolster Academy,LAS,,Corée,Troisième niveau,Mid,36,-224.0,258.0,-367.0,15.0,0.0,0.0
oe:player:fb6fc095466c769a4c96dfa965c266e,Thoryn,WAP Esports,LRS,,Brésil & Amérique latine,Deuxième niveau,Top,33,-225.0,241.0,331.0,128.0,0.0,0.0
oe:player:f9c3db5fdf2c5fb45f552127922d105,B Butcher,GnG Amazigh,AL,ESLOL 24 games (A One Man Army),EMEA,Deuxième niveau,Support,44,-225.0,217.0,-177.0,143.0,0.0,0.0
oe:player:a2e1e40c83fe5fd9efb5f50a67d9194,Nan0,A One Man Army,ESLOL,LIT 27 games (Macko Esports),EMEA,Deuxième niveau,Mid,49,-225.0,214.0,1068.0,126.0,0.0,0.0
oe:player:9f19603cf47eb7f0b95afbbd249f69c,Tayto,DKB XPERION NXT,PRMP,,EMEA,Deuxième niveau,Top,10,-226.0,240.0,-1357.0,,,
oe:player:3b8e692a2ac018a33e3a2652ab76dab,Rahab,PRIMATE,LRS,,Brésil & Amérique latine,Deuxième niveau,Top,35,-227.0,249.0,324.0,130.0,0.0,0.0
oe:player:746358f79978fecf5a3b4eeee608490,Kaboom,FoxFire,TSC,,EMEA,Deuxième niveau,Jungle,15,-227.0,237.0,-659.0,,,
oe:player:6c9d6b8aea6f3d16847bdebe05878a2,Spot,Rainbow Warriors,VCS,,Asie-Pacifique,Ligue majeure,Jungle,20,-228.0,239.0,-2212.0,89.0,0.0,0.0
oe:player:34dd70244ef257a4b5f7df18076132b,Tyrone,EKO Esports,LIT,,EMEA,Deuxième niveau,ADC,32,-229.0,228.0,-620.0,136.0,0.0,0.0
oe:player:8ddd8d88391896aa4d9e751dee81770,Listo,BNK FEARX Academy,LAS,,Corée,Troisième niveau,Jungle,18,-229.0,263.0,-445.0,,,
oe:player:4b453f6bfc22f3d73412ce9478d3da3,Kadir,ENEMI3S,LIT,,EMEA,Deuxième niveau,Jungle,13,-229.0,241.0,-1020.0,,,
oe:player:f97ecbe7f4f778302e893532b26279e,Acee,V3 Esports,LJL,,Asie-Pacifique,Ligue majeure,Mid,55,-229.0,232.0,25.0,88.0,0.0,0.0
oe:player:002f51f6c04f2ab4cb9c3e70d23bd23,Johnsmith,BNK FEARX Academy,LAS,,Corée,Troisième niveau,Mid,18,-229.0,263.0,-393.0,,,
oe:player:54f128223ee01afa0a5c6412027a8ae,DiDi,WAP Esports,LRS,,Brésil & Amérique latine,Deuxième niveau,Mid,37,-230.0,233.0,262.0,137.0,0.0,0.0
oe:player:dafc6edb9a01b6d96afd03b81a33386,Knighter,KRC Genk Esports,ESLOL,,EMEA,Deuxième niveau,Mid,40,-231.0,213.0,1040.0,143.0,0.0,0.0
oe:player:d2d4975b4d0bd62e7aa907af8ffdf15,Adyyy,Parakeet Gaming,HM,,EMEA,Deuxième niveau,Mid,24,-232.0,223.0,686.0,154.0,0.0,0.0
oe:player:ba2b37f19ba735f23ce71cb133ea4e5,Putin,PÊEK Gaming,LRN,,Brésil & Amérique latine,Deuxième niveau,Top,30,-232.0,237.0,-10.0,125.0,0.0,0.0
oe:player:7d0f237f98fa90c593fd6ca11763eb1,Ermin,Garden Gaming,NLC,,EMEA,Deuxième niveau,Support,16,-232.0,240.0,553.0,,,
oe:player:276d05b1111531b04f5945dd776fed6,Nulu,Nativz,NLC,,EMEA,Deuxième niveau,Mid,13,-232.0,243.0,431.0,,,
oe:player:ff71e751aa5f67010f80aad602ecdfe,Luke,DKB XPERION NXT,PRMP,,EMEA,Deuxième niveau,Mid,10,-233.0,240.0,-1493.0,,,
oe:player:1088cd31175ca69bc2f4e15277a079c,Siler,ZETA,LES,,EMEA,Deuxième niveau,Mid,14,-233.0,231.0,-1087.0,,,
oe:player:e03653dedd6f4e142f4aca131995964,Chad,CCG Esports,NACL,,Amérique du Nord,Deuxième niveau,Jungle,50,-233.0,227.0,-1252.0,95.0,0.0,0.0
oe:player:25a928e87c15687fd5f6817d1206f0f,Ghost,Chienhsin Bear (健行熊),PCL,,Asie-Pacifique,Deuxième niveau,Support,20,-234.0,267.0,-295.0,119.0,0.0,0.0
oe:player:ee240e952b7fac76ef76014c85f1b66,RYue,West Point Esports,PCS,,Asie-Pacifique,Ligue majeure,Top,27,-234.0,225.0,-1628.0,89.0,0.0,0.0
oe:player:162a4361d51e504f7113c2d68b13e26,Nawa,NASR eSports Turkey,TSC,,EMEA,Deuxième niveau,ADC,20,-235.0,235.0,-205.0,144.0,0.0,0.0
oe:player:b5d46805ff0a618dc4c33f3d2f43102,Enjawve,Joblife,NL,,EMEA,Troisième niveau,Support,19,-235.0,225.0,-648.0,,,
oe:player:cf9f681ba462478b3361e8912e5921b,Kakan,Ruzeh Esports,NLC,,EMEA,Deuxième niveau,Top,31,-235.0,218.0,245.0,138.0,0.0,0.0
oe:player:69fcf7c5f68e79cd22831a85aa98f60,Tasteless,Partizan Esports,EBL,LIT 21 games (Atleta Esport),EMEA,Deuxième niveau,Support,75,-236.0,207.0,963.0,140.0,0.0,0.0
oe:player:4bb18332e74b17bb7a31df24e6c7c7d,AlexRyoo,Gen.G Scholars,LAS,,Corée,Troisième niveau,ADC,16,-236.0,261.0,-310.0,,,
oe:player:2eec415168a9f5810a8674fd4213fa9,Sahira,SPIKE Syndicate,EBL,,EMEA,Deuxième niveau,Mid,31,-237.0,233.0,1080.0,160.0,0.0,0.0
oe:player:be4ce50af0cd0d8574aa3820c37d1ae,Matislaw,ENEMI3S,LIT,,EMEA,Deuxième niveau,Mid,13,-238.0,241.0,-680.0,,,
oe:player:8e5d2497c0f50052a79db63876b7b3e,bbeNj,Tropa Raizen,CBLOLA,,Brésil & Amérique latine,Deuxième niveau,ADC,23,-238.0,236.0,-487.0,126.0,0.0,0.0
oe:player:e856a4c24d5611c7f42c5acaefcf841,lobellan,EKO Esports,LIT,,EMEA,Deuxième niveau,Top,32,-239.0,228.0,-172.0,139.0,0.0,0.0
oe:player:32d83ae7684d16398c4126683c429ad,ECSTASSY,NORD Esports,NLC,,EMEA,Deuxième niveau,ADC,34,-240.0,223.0,77.0,134.0,0.0,0.0
oe:player:c11a22bb557caefe8a0f3535dbf6d20,HRK,V3 Esports,LJL,,Asie-Pacifique,Ligue majeure,Jungle,55,-241.0,232.0,-80.0,95.0,0.0,0.0
oe:player:e59f7c2f41aa5d613b58a09c14bc0dc,Senmary,Sengoku Gaming Academy,PCL,,Asie-Pacifique,Deuxième niveau,Top,19,-242.0,270.0,-689.0,,,
oe:player:d6512817657af74944409f9db236876,Kindless,WAP Esports,LRS,,Brésil & Amérique latine,Deuxième niveau,ADC,36,-243.0,240.0,164.0,131.0,0.0,0.0
oe:player:51e62ff878bc8e2c27c1d5512cbf45e,Carnage,WLGaming Esports,GLL,,EMEA,Deuxième niveau,Jungle,53,-245.0,206.0,463.0,134.0,0.0,0.0
oe:player:1bc0756ba9102abb5a7cd13d2b618aa,StarScreen,FUT Esports,TCL,,EMEA,Deuxième niveau,Top,33,-245.0,221.0,-896.0,131.0,0.0,0.0
oe:player:507f3f78d808f42e9865f15d9624066,Miss,MIBR,IGNIS,,Brésil & Amérique latine,Troisième niveau,Support,11,-246.0,850.0,-1070.0,,,
oe:player:eca327ff4d6ae42715b64e9beae4813,Only35,GLORE,HM,,EMEA,Deuxième niveau,Support,20,-247.0,228.0,862.0,146.0,0.0,0.0
oe:player:4d8833619c7d2128cd31d6098e7e4f3,Ichiwin,Tomorrow Esports,LRN,,Brésil & Amérique latine,Deuxième niveau,Support,24,-247.0,247.0,-147.0,133.0,0.0,0.0
name:NON RueL,NON RueL,NONAME,TSC,,EMEA,Deuxième niveau,Jungle,10,-247.0,248.0,-758.0,,,
oe:player:68a4eb0fff73077145975345a4d7ca9,Lauxio,Klanik Esport,NL,EBL 22 games (SPIKE Syndicate),EMEA,Troisième niveau,Support,60,-247.0,210.0,-709.0,22.0,0.0,0.0
oe:player:d9ac06cccf6e4f573474b5195218e60,Oleg,Venomcrest Esports,NLC Aurora Open,,EMEA,Troisième niveau,Jungle,23,-247.0,245.0,-140.0,25.0,0.0,0.0
oe:player:548c202cb10f10cf77a2f0b645dbaeb,SaintSamson,Garden Gaming,NLC,,EMEA,Deuxième niveau,Top,16,-248.0,240.0,179.0,,,
oe:player:bea7bb8065c436ca956c978e30eb441,zay,Flamengo Academy,CBLOLA,CBLOL 16 games (FURIA),Brésil & Amérique latine,Deuxième niveau,Support,29,-248.0,221.0,-199.0,91.0,0.0,0.0
oe:player:f9c9bcf46ffbb514d015c45efdacf37,Vaunted,MOUZ NXT,PRM,,EMEA,Deuxième niveau,Support,14,-249.0,232.0,-1653.0,,,
oe:player:ca08600c44f01eb1452c933ad410ba2,Atat,NONAME,TCL,,EMEA,Deuxième niveau,Support,19,-250.0,231.0,-1304.0,,,
oe:player:958cbc19bb15e852a32a597f8674e1c,Ze Luis,GTZ Esports,LPLOL,,EMEA,Deuxième niveau,Support,57,-250.0,213.0,897.0,141.5,0.0,0.0
oe:player:1d92347c8535963a79d8ad5bfc8c86d,Pun1sher,Anorthosis Famagusta Esports,GLL,,EMEA,Deuxième niveau,Mid,46,-250.0,225.0,125.0,146.0,0.0,0.0
oe:player:10c4e032376f31becc23b75de846197,Icy,Tomorrow Esports,LRN,,Brésil & Amérique latine,Deuxième niveau,Mid,24,-251.0,247.0,-295.0,140.0,0.0,0.0
oe:player:22d4497301dd0fefcac2d838ad2d1b4,Rito,CORE 128,NEXO,,EMEA,Troisième niveau,Support,19,-251.0,233.0,1376.0,,,
oe:player:601974794a3aadfca3264d581acd5d9,BewBiou,Project Conquerors,NL,,EMEA,Troisième niveau,Top,27,-251.0,235.0,-696.0,19.0,0.0,0.0
oe:player:affea2faa664cb5130a7569ac4b74b3,Feitan,Meta Gaming,LRS,,Brésil & Amérique latine,Deuxième niveau,Support,24,-251.0,249.0,184.0,138.0,0.0,0.0
oe:player:7b6b9e56523c1f49bce81dc36551c32,Hatsu,UniQ Esports Club,NLC,,EMEA,Deuxième niveau,Top,22,-252.0,240.0,160.0,143.0,0.0,0.0
oe:player:28c63fa3372e3ea966da602ca9137b6,RoyalKanin,Gamespace Mediterranean College Esports,GLL,,EMEA,Deuxième niveau,Mid,27,-252.0,224.0,116.0,157.0,0.0,0.0
oe:player:860b53367b46048f876924b3eda90ed,Plux,LiT Esports,NACL,,Amérique du Nord,Deuxième niveau,Support,32,-253.0,240.0,-1523.0,117.0,0.0,0.0
oe:player:b4179fdeda1242fcd94b82a5710dd3e,Duduhh,LØS Academy,CBLOLA,,Brésil & Amérique latine,Deuxième niveau,ADC,13,-254.0,244.0,-572.0,,,
oe:player:958eb9ed914a4b987237b117c8cb6f4,Aegis,BNK FEARX Academy,LAS,,Corée,Troisième niveau,Support,18,-254.0,263.0,-796.0,,,
oe:player:1467126c80d44f4144a8c6a9edb3cf2,Shookz,Meta Gaming,LRS,,Brésil & Amérique latine,Deuxième niveau,Jungle,29,-254.0,247.0,-171.0,137.0,0.0,0.0
oe:player:b168931509a558db4b062201d259c45,Swip3rR,Antic Esports,LCO,,Asie-Pacifique,Ligue majeure,Jungle,32,-254.0,235.0,769.0,98.0,0.0,0.0
oe:player:350a35e9fc0a91e24fb15642483e40c,Frozen,Fox Gaming,AL,,EMEA,Deuxième niveau,Support,13,-255.0,237.0,-325.0,,,
oe:player:c02e230d02c0a012babdd6ec7c5e9d2,Wuis,FoxFire,TSC,LPLOL 10 games (GTZ Esports),EMEA,Deuxième niveau,Support,24,-255.0,222.0,-322.0,157.0,0.0,0.0
oe:player:177a9d9be693775e2c85ec930e07ed4,Anyone,Packmiko E-Sports,UL,,EMEA,Deuxième niveau,ADC,12,-256.0,234.0,511.0,,,
oe:player:1560fdce72465f89200c585016b15f6,AnnieBot,One More Esports,AL,,EMEA,Deuxième niveau,Mid,11,-256.0,233.0,-823.0,,,
oe:player:a728cf8e12a5217d49b3f9903e02c38,Washidai,AXIZ CREST,LJL,,Asie-Pacifique,Ligue majeure,Top,42,-257.0,231.0,-91.0,94.0,0.0,0.0
oe:player:29de9c9016ef68693b02dea19357c78,Van1,AXIZ CREST,LJL,,Asie-Pacifique,Ligue majeure,Jungle,22,-257.0,230.0,-158.0,95.0,0.0,0.0
oe:player:1728113254e42dd7ac7d4ac00e95a95,Westlander,ZETA,LES,,EMEA,Deuxième niveau,Top,18,-258.0,231.0,-991.0,,,
oe:player:5146ca31faeb6fe0046a164b65fcae5,Gazal,Actions Per Minute,GLL,,EMEA,Deuxième niveau,Support,10,-258.0,240.0,-503.0,,,
oe:player:0f2119d086ee35f18b407615e430fa8,Bini,V3 Esports,LJL,,Asie-Pacifique,Ligue majeure,ADC,55,-259.0,232.0,-82.0,96.0,0.0,0.0
oe:player:8a729e3599082e74fcca776b295d0e1,Typhoon,Beşiktaş Esports,TCL,,EMEA,Deuxième niveau,Jungle,41,-262.0,212.0,-1229.0,113.5,0.0,0.0
oe:player:00558cb3daa73e60ba4af7e7060e6e2,Skude,Esprit Shōnen,NL,AL 22 games (Fox Gaming),EMEA,Troisième niveau,Jungle,44,-263.0,214.0,-748.0,20.0,0.0,0.0
oe:player:5dbe350ac58198a3af0e3d0c6d939ac,N3znamy,OGC Esports,HM,,EMEA,Deuxième niveau,Jungle,30,-263.0,220.0,457.0,144.0,0.0,0.0
oe:player:fb18ab6bf6bef08402a580d2a96c106,k1ng,Antic Esports,LCO,,Asie-Pacifique,Ligue majeure,ADC,32,-264.0,235.0,555.0,98.0,0.0,0.0
oe:player:9a373c13873aa5b41008cdf6948f3c9,Celina,Nongshim RedForce Academy,LAS,,Corée,Troisième niveau,ADC,24,-265.0,253.0,-457.0,19.0,0.0,0.0
oe:player:cc15dcdfee1886b70972a56eb9a4005,EUNE,Actions Per Minute,GLL,,EMEA,Deuxième niveau,ADC,10,-265.0,240.0,-151.0,,,
oe:player:dd0f5d144c04bfaf1c1a6153e2786b3,beast,Nongshim RedForce Academy,LAS,,Corée,Troisième niveau,Mid,60,-266.0,263.0,-576.0,11.0,0.0,0.113
oe:player:915901c2ffafe3ee9245c3ef30ec5b4,Orion,aNc Outplayed,LIT,,EMEA,Deuxième niveau,ADC,23,-266.0,230.0,-804.0,136.0,0.0,0.0
oe:player:1792f02f8f369487ec1bd43672fea0e,Satan,Actions Per Minute,GLL,,EMEA,Deuxième niveau,Mid,10,-267.0,240.0,41.0,,,
oe:player:89bee56a2a53bdf22737c6d43eedb9c,Matixx,devils.one inStreamly,UL,LIT 19 games (aNc Outplayed),EMEA,Deuxième niveau,Top,38,-268.0,215.0,225.0,145.0,0.0,0.0
oe:player:5ce2ea92f949e2b50f4944d5d8f5693,Scofield,Regem,NLC Aurora Open,TCL 15 games (Galakticos) ; AL 14 games (Anubis Gaming),EMEA,Troisième niveau,Jungle,44,-268.0,210.0,-243.0,19.0,0.0,0.0
oe:player:c60e9a572fae056e944ba1479d89d81,Nero,LØS Academy,CBLOLA,,Brésil & Amérique latine,Deuxième niveau,Jungle,13,-268.0,244.0,-654.0,,,
oe:player:6a8f79dd53a94059a5cdcd066199a06,MKL,Garden Gaming,NLC,,EMEA,Deuxième niveau,ADC,16,-269.0,240.0,-69.0,,,
oe:player:a5e24abc881e8801425e90fb62325e8,Renyu,Spectacled Bears,LRS,,Brésil & Amérique latine,Deuxième niveau,ADC,21,-269.0,253.0,32.0,140.0,0.0,0.0
oe:player:a80257be205a554668fa205e495dee7,Seki,Zerance,NL,,EMEA,Troisième niveau,Jungle,11,-269.0,239.0,-775.0,,,
oe:player:d2010fdb54cd1bf93cf46b84f654fb7,Gaëthan,GTZ Esports,LPLOL,,EMEA,Deuxième niveau,Top,41,-270.0,221.0,799.0,157.5,0.0,0.0
oe:player:d22aa92e1e9482e79e8a58fb42b5b7b,Malice,Ruddy Corporation,NLC Aurora Open,,EMEA,Troisième niveau,Jungle,14,-270.0,260.0,-256.0,,,
oe:player:e39585edfa4a1683446a5d1854fe9a5,costy,EGN Esports,LPLOL,,EMEA,Deuxième niveau,ADC,26,-270.0,227.0,976.0,154.0,0.0,0.0
oe:player:2fdfc5ad1faf4c7be33607689fcefcb,Twelve,Zerance,NL,,EMEA,Troisième niveau,Top,27,-271.0,231.0,-796.0,23.0,0.0,0.0
oe:player:2ccb0da6992e4b8c23c24850228d1eb,Kiefer,Undead Gaming,LRS,LLA 28 games (inf),Brésil & Amérique latine,Deuxième niveau,Mid,61,-271.0,224.0,58.0,139.5,0.0,0.0
oe:player:3ccc1bf70bf1cb077119d7477ac3b87,jmz,LØS Academy,CBLOLA,,Brésil & Amérique latine,Deuxième niveau,Top,28,-272.0,238.0,-455.0,136.0,0.0,0.0
oe:player:4a8a150d1497b3daa66c2bdaffe2c43,Fatihcan,Klanik Esport,NL,AL 14 games (Anubis Gaming),EMEA,Troisième niveau,ADC,32,-272.0,220.0,-716.0,23.0,0.0,0.0
oe:player:5cf92a2d00d728fb75fa88e930f8a3a,Jihoo,Nongshim RedForce Academy,LAS,,Corée,Troisième niveau,Top,24,-272.0,253.0,-664.0,16.0,0.0,0.0
oe:player:22fd8af01e2a6596223168a266de5fc,Beplush,Comanchero Gaming,TCL,,EMEA,Deuxième niveau,Support,18,-272.0,234.0,-1416.0,,,
oe:player:e134b2791879ae44a24cf5fc966a4b7,Notiko,Fox Gaming,AL,,EMEA,Deuxième niveau,ADC,27,-272.0,222.0,-1025.0,133.0,0.0,0.0
oe:player:1fee238a1809e9a42355301cfb01ab2,Araignée,ZennIT,ESLOL,,EMEA,Deuxième niveau,ADC,26,-273.0,229.0,877.0,156.0,0.0,0.0
oe:player:aea7c90bb2bd9199b2010f65c13106c,Flipper,Garden Gaming,NLC,,EMEA,Deuxième niveau,Jungle,16,-273.0,240.0,24.0,,,
oe:player:9fe371276988506395efee589dd7bca,escoX,Guinea Pink,NEXO,,EMEA,Troisième niveau,Support,42,-274.0,227.0,1259.0,23.0,0.0,0.0
oe:player:4f7a70e4a2d3a81289bd3efad09b915,Fatorix,Tomorrow Esports,LRN,,Brésil & Amérique latine,Deuxième niveau,ADC,24,-274.0,247.0,-108.0,131.0,0.0,0.0
oe:player:dfeef0ad11329eb650c8146697b943e,JuanDeDios,Spectacled Bears,LRS,,Brésil & Amérique latine,Deuxième niveau,Top,21,-274.0,253.0,87.0,142.0,0.0,0.0
oe:player:517d42f048d2dd422533522c796aaf3,C7,Klanik Esport,NL,,EMEA,Troisième niveau,Top,27,-275.0,238.0,-813.0,20.0,0.0,0.003
oe:player:678a740a663d327c9c3e48603bd12b1,Miyahara,MIBR,IGNIS,,Brésil & Amérique latine,Troisième niveau,Top,11,-275.0,850.0,,,,
oe:player:981e635a283cc7158523307deb80847,Nenad,Partizan Esports,EBL,,EMEA,Deuxième niveau,Top,60,-275.0,207.0,956.0,148.0,0.0,0.0
oe:player:bcafc49a54b37ce91812273fde05da1,Wamu,Meta Gaming,LRS,,Brésil & Amérique latine,Deuxième niveau,Top,29,-277.0,247.0,75.0,145.0,0.0,0.0
oe:player:0b73817b6d353252df2bbe48993b983,Mishi,Anorthosis Famagusta Esports,GLL,,EMEA,Deuxième niveau,ADC,52,-277.0,217.0,-209.0,143.5,0.0,0.0
oe:player:0f904d3681f72962dfedf3f52c1411b,Cupic,Area of Effect Esports,NACL,,Amérique du Nord,Deuxième niveau,Mid,14,-279.0,244.0,-1465.0,,,
oe:player:682e8d130e0e745c66836835cb44cdc,Hanbyeol,Gen.G Scholars,LAS,,Corée,Troisième niveau,Top,36,-279.0,261.0,-698.0,18.0,0.0,0.0
oe:player:6c7466a45762357bff1b48cbc6a49ab,Hetel,V3 Esports,LJL,,Asie-Pacifique,Ligue majeure,Support,55,-279.0,232.0,51.0,94.0,0.0,0.0
oe:player:784385c2fe5e4f94e60697e7e7c6aba,Rendi,Hungkuang Falcon (弘光獵鷹),PCL,,Asie-Pacifique,Deuxième niveau,Mid,14,-279.0,268.0,-574.0,,,
oe:player:c2a5818bdb96ce7eec3c0474f31a136,Forlin,Fluxo Academy,CBLOLA,,Brésil & Amérique latine,Deuxième niveau,Top,23,-280.0,234.0,-492.0,123.0,0.0,0.0
oe:player:77c8e1a572d4b8579cffc645c4b802a,Sensy,Comanchero Gaming,TCL,,EMEA,Deuxième niveau,Jungle,18,-281.0,234.0,-1324.0,,,
oe:player:3f9aef592d06e0bff9eb3d8f38adc72,BlackSwan,GLORE,HM,,EMEA,Deuxième niveau,ADC,17,-281.0,228.0,356.0,,,
oe:player:9c8628eaaaa5b232d1871f64c00e118,Roger,TNU Eagle (東南飛鷹),PCL,,Asie-Pacifique,Deuxième niveau,Mid,29,-281.0,265.0,-581.0,132.0,0.0,0.0
oe:player:ba1c003769638fb7993b8d39e47b8a0,KNEZA,Team UNiTY,HM,,EMEA,Deuxième niveau,ADC,83,-282.0,216.0,353.0,141.0,0.0,0.0
oe:player:549adf21dd0a8ff674f896a36b58cc9,Kismet,Hungkuang Falcon (弘光獵鷹),PCL,,Asie-Pacifique,Deuxième niveau,Jungle,20,-286.0,272.0,-630.0,126.0,0.0,0.0
oe:player:8b6944a25d8a806bc0cf161773540d2,Togepi,Forsaken,UL,,EMEA,Deuxième niveau,Top,26,-286.0,224.0,135.0,149.0,0.0,0.0
oe:player:89b4ae1b6a6e322de68648b794c360a,JiT,Ruzeh Esports,NLC,,EMEA,Deuxième niveau,Jungle,10,-286.0,244.0,-40.0,,,
oe:player:9cafe637c6f2c6a10eac9449bef3f5d,Pybal,Lazy In Life,NLC,,EMEA,Deuxième niveau,Mid,14,-287.0,239.0,152.0,,,
oe:player:119354225ddcc9dae5072bf3aa42359,ieyasu,TNU Eagle (東南飛鷹),PCL,,Asie-Pacifique,Deuxième niveau,Jungle,22,-287.0,263.0,-637.0,117.0,0.0,0.0
oe:player:7f6c14f4e48ba9f242658ca48d9e29e,yatsu,MIBR,IGNIS,,Brésil & Amérique latine,Troisième niveau,ADC,11,-287.0,850.0,-1395.0,,,
oe:player:ff5c229246dedaceb827b432d573e48,Berkan,NASR eSports Turkey,TCL,LIT 14 games (EKO Esports),EMEA,Deuxième niveau,Mid,28,-287.0,221.0,-1014.0,158.0,0.0,0.0
oe:player:238bc1a8dbba35dbd93e4c7793a20a0,Gastruks,Undead Gaming,LRS,LLA 38 games (All Knights),Brésil & Amérique latine,Deuxième niveau,Support,64,-288.0,222.0,-1.0,82.5,0.0,0.0
oe:player:4f0e7bf8b1032702f7da28750e5e87c,Looca,KRC Genk Esports,ESLOL,,EMEA,Deuxième niveau,Top,26,-288.0,235.0,703.0,164.0,0.0,0.0
oe:player:451435072a48580d2b9f106c3552370,Zimba,OGC Sigma Esports,HM,,EMEA,Deuxième niveau,Support,18,-288.0,234.0,659.0,,,
oe:player:c6445581b2cfc3646f4dc0ccf41753d,ianshaka,Undead Gaming,LRS,,Brésil & Amérique latine,Deuxième niveau,ADC,31,-289.0,241.0,-65.0,143.0,0.0,0.0
oe:player:91f7c48a0242414e0b520af3f4bea52,FLOW,Nongshim RedForce Academy,LAS,,Corée,Troisième niveau,Support,60,-290.0,263.0,-976.0,12.0,0.0,0.1
oe:player:3b54bb3274c2444d1062333aa5f012a,NattyNatt,Ruddy Corporation,NLC,,EMEA,Deuxième niveau,Jungle,30,-290.0,231.0,-56.0,145.0,0.0,0.0
oe:player:405ba4c6b60f0e22b850cb164a931d9,Acce,Undead Gaming,LRS,LLA 30 games (Six Karma),Brésil & Amérique latine,Deuxième niveau,Top,42,-291.0,223.0,4.0,83.0,0.0,0.0
oe:player:54b1f4c7c1ba4d8e7ba71de9f7ad9b2,random,Tropa Raizen,CBLOLA,,Brésil & Amérique latine,Deuxième niveau,Mid,13,-292.0,244.0,-367.0,,,
oe:player:034f451964aa80cb78180265e4ebd01,Renewal,ENEMI3S,LIT,,EMEA,Deuxième niveau,Jungle,14,-293.0,240.0,-1338.0,,,
oe:player:38ae8b6297c7e2cdef7f6c8ce30c8f6,Crem,ENEMI3S,LIT,,EMEA,Deuxième niveau,ADC,27,-294.0,230.0,-945.0,148.0,0.0,0.0
oe:player:ea09d2e7087f7675916de02afc74e02,Blesia,Packmiko E-Sports,UL,,EMEA,Deuxième niveau,Top,15,-294.0,231.0,92.0,,,
oe:player:a62e7e1e4dfd211e99796aebb24dd87,welcom,Dynamo Eclot,HM,,EMEA,Deuxième niveau,Top,50,-294.0,208.0,168.0,152.5,0.0,0.0
oe:player:c2c140b8d1f76f3f79b1aba6bb08c37,Raes,Antic Esports,LCO,,Asie-Pacifique,Ligue majeure,ADC,24,-295.0,238.0,401.0,99.0,0.0,0.0
oe:player:3b8914e862fc0b2502e33b15b21b36c,bicas,GTZ Esports,LPLOL,,EMEA,Deuxième niveau,Jungle,59,-295.0,216.0,712.0,142.0,0.0,0.0
oe:player:4b130288bafec8a642913dae4f714fc,Avert,Actions Per Minute,GLL,,EMEA,Deuxième niveau,Jungle,10,-295.0,240.0,212.0,,,
oe:player:3be8d1a116788e4cd4853801a2e9a3d,MihawK,Nongshim RedForce Academy,LAS,,Corée,Troisième niveau,Jungle,60,-296.0,263.0,-781.0,12.0,0.0,0.103
oe:player:030aa94015bd11d183b897ddb541e4e,Reversed,Tropa Raizen,CBLOLA,,Brésil & Amérique latine,Deuxième niveau,Top,13,-296.0,244.0,-571.0,,,
oe:player:69a87c4b379ae01b6eeacc5eb274609,Foam,Gen.G Scholars,LAS,,Corée,Troisième niveau,Support,36,-296.0,261.0,-1006.0,19.0,0.0,0.0
oe:player:9d8f178040611a073608bf5fc51768c,Doxy,Verdant,NLC,,EMEA,Deuxième niveau,Top,14,-296.0,238.0,-58.0,,,
oe:player:5364c86869641cd982e519f65c5797b,Ilyxøu,ENEMI3S,LIT,,EMEA,Deuxième niveau,Top,27,-296.0,230.0,-461.0,152.0,0.0,0.0
oe:player:fe1891d9c2866e1aeefd9d8517d9166,xpd,Dplus Kia Academy,LAS,,Corée,Troisième niveau,ADC,29,-297.0,257.0,-617.0,19.0,0.0,0.0
oe:player:fd5c307c128bb504111658780365fd6,Sabaneti,Spectacled Bears,LRS,,Brésil & Amérique latine,Deuxième niveau,Jungle,21,-297.0,253.0,-386.0,138.0,0.0,0.0
oe:player:a7d818f1bd59fb4fc8bf816852e7bf5,Skye1,Zerolag Esports,GLL,,EMEA,Deuxième niveau,Top,14,-298.0,235.0,-565.0,,,
oe:player:1aff5982e2cde2a8081e10408912f52,RAV3N,KaBuM! Academy,CBLOLA,,Brésil & Amérique latine,Deuxième niveau,ADC,23,-299.0,238.0,-795.0,128.0,0.0,0.0
oe:player:e35edef8a2cb6212af8fe231b48ea5e,Whynot,Team Bliss,LCO,,Asie-Pacifique,Ligue majeure,Jungle,25,-300.0,239.0,543.0,99.0,0.0,0.0
oe:player:41de6d6cfb8953c021bbe4ba0701c8a,Messages,LiT Esports,NACL,,Amérique du Nord,Deuxième niveau,Mid,32,-301.0,240.0,-1575.0,126.0,0.0,0.0
oe:player:023b976c0fc6ba4d350f2c06d333f62,RJS,Mirage Alliance,NACL,,Amérique du Nord,Deuxième niveau,Mid,22,-301.0,240.0,-1574.0,123.0,0.0,0.0
oe:player:37db1b1bc44a384647577e3e3e6eca8,Squiddly,Garden Gaming,NLC,,EMEA,Deuxième niveau,Mid,16,-302.0,240.0,77.0,,,
oe:player:cc7d2fcc0750626772a0d7cf65cbbc2,Nxi,Area of Effect Esports,NACL,,Amérique du Nord,Deuxième niveau,Jungle,17,-302.0,240.0,-1595.0,,,
oe:player:d8cc74359f5b59e1c64e281dfb94c21,BrannMolvik,Bitfix RG,NLC Aurora Open,,EMEA,Troisième niveau,Top,10,-302.0,255.0,-566.0,,,
oe:player:8c6de89ec4d4274e956b0db6588f489,Froststrike,Eclipse Gaming,LRS,,Brésil & Amérique latine,Deuxième niveau,Jungle,12,-302.0,257.0,-412.0,,,
oe:player:20a8e429d58dfe01327b4e6f0a1cf05,Ariana,Forsaken,UL,,EMEA,Deuxième niveau,Top,31,-303.0,222.0,51.0,153.0,0.0,0.0
oe:player:d4fa98b87b772a8882688a09c07a4ac,Randal,LØS Academy,CBLOLA,,Brésil & Amérique latine,Deuxième niveau,Jungle,15,-303.0,244.0,-829.0,,,
oe:player:c70b6e57e597809a8561caa79c5db8f,Keii,Tomorrow Esports,LRN,,Brésil & Amérique latine,Deuxième niveau,Top,24,-303.0,247.0,-364.0,139.0,0.0,0.0
oe:player:4463cd61977a1e30ba6a154c3c8c43d,Fruity Fresh,UniQ Esports Club,NLC,,EMEA,Deuxième niveau,ADC,36,-304.0,228.0,-244.0,146.0,0.0,0.0
oe:player:7cd0eef650e4b2e0193e02d024fb3b2,Namex,DMG Esports,NLC Aurora Open,NLC 19 games (DMG Esports),EMEA,Troisième niveau,ADC,33,-304.0,227.0,-635.0,26.0,0.0,0.0
oe:player:b10bd58394ab73ced3f241c3a904899,Falleo,BeFive,EBL,,EMEA,Deuxième niveau,Top,67,-304.0,216.0,810.0,155.5,0.0,0.0
oe:player:9fb4a2abd9a2d4d2504380e0b0d5de0,Cuteness,MIBR,IGNIS,,Brésil & Amérique latine,Troisième niveau,Mid,11,-304.0,850.0,-1906.0,,,
oe:player:da2733a82b1234939e5d1d060540a54,silkysmath,Ruddy Corporation,NLC,,EMEA,Deuxième niveau,ADC,30,-304.0,231.0,-243.0,152.0,0.0,0.0
oe:player:5d4533491a34d8306436b20deddc4d3,Silk,BRUTE,HM,,EMEA,Deuxième niveau,Mid,26,-304.0,228.0,321.0,159.0,0.0,0.0
oe:player:548dda36c259bbd2fcc1d8e7e8f852e,Smurfe,Fox Gaming,AL,NLC 14 games (Nativz),EMEA,Deuxième niveau,Top,28,-305.0,222.0,-899.0,154.0,0.0,0.0
oe:player:2caa05c21e7e142214c20319ff97d09,Kakkun,QT DIG∞,LJL,,Asie-Pacifique,Ligue majeure,Mid,27,-306.0,228.0,-357.0,90.0,0.0,0.0
oe:player:3df702f702360c6710a32fe3a5ef05b,Stoneses,KaBuM! Academy,CBLOLA,,Brésil & Amérique latine,Deuxième niveau,Support,23,-306.0,239.0,-489.0,135.0,0.0,0.0
oe:player:423785f49efb9ecddd149cfac4eafa2,Redfernal,White Dragons,LPLOL,,EMEA,Deuxième niveau,Support,50,-307.0,209.0,609.0,155.0,0.0,0.0
oe:player:60dde30f1d6b9a9c78ba115f63ea102,Skeeto,Eclipse Gaming,LRS,,Brésil & Amérique latine,Deuxième niveau,Top,12,-307.0,257.0,-77.0,,,
oe:player:64e324984ba1998ec0be1ef26b56ed7,Bitse,DMG Esports,NLC Aurora Open,NLC 19 games (DMG Esports),EMEA,Troisième niveau,Jungle,33,-308.0,227.0,-445.0,24.0,0.0,0.0
oe:player:be877a261fb0c3a320db45091bdefec,XoNix,aNc Outplayed,LIT,GLL 18 games (WLGaming Esports),EMEA,Deuxième niveau,Mid,31,-308.0,221.0,-1030.0,161.0,0.0,0.0
oe:player:615d130a96bbfca574dfbe98235599d,PsYcraw,Zerolag Esports,GLL,,EMEA,Deuxième niveau,Support,13,-308.0,235.0,-750.0,,,
oe:player:ef92b55a48eb2b383af92eef0c0e738,Raqo,Ruddy Corporation,NLC Aurora Open,,EMEA,Troisième niveau,Mid,14,-310.0,260.0,131.0,,,
oe:player:fecbb121dc09493b1647a9ecf3819d4,Rayzorac,ZennIT,ESLOL,,EMEA,Deuxième niveau,Top,58,-311.0,223.0,589.0,155.5,0.0,0.0
oe:player:86ee7da72c5b4e5cbead61108633617,Berik,grompcord,NACL,,Amérique du Nord,Deuxième niveau,Top,13,-311.0,240.0,-1729.0,,,
oe:player:4c6afafdf99002c90d836b5e8d1a097,FlayStation,Verdant,NLC,,EMEA,Deuxième niveau,Support,14,-312.0,238.0,149.0,,,
oe:player:968ee6efafb843a9c4bbc5a74e7a698,Stalken,Phoenix Esports,TSC,,EMEA,Deuxième niveau,Jungle,18,-313.0,228.0,-1087.0,,,
oe:player:ecca34ba11a3cf3965e48591835d8a1,Axo,Jörmungang,ESLOL,,EMEA,Deuxième niveau,Top,17,-313.0,240.0,582.0,,,
oe:player:d62f8789d640fc4bf972663ddd10b77,Whistle,NASR eSports Turkey,TCL,,EMEA,Deuxième niveau,Mid,19,-313.0,232.0,-1142.0,,,
oe:player:63516372cddedf9fb04d25ef9f02e3c,BrokenSword,OGC Esports,HM,,EMEA,Deuxième niveau,Top,24,-313.0,225.0,75.0,162.0,0.0,0.0
oe:player:ffad8c412f83018566a377cc0496a3b,Soweto,Flamengo Academy,CBLOLA,,Brésil & Amérique latine,Deuxième niveau,Jungle,23,-314.0,238.0,-887.0,138.0,0.0,0.0
oe:player:ae62d82db45e870a2273656208d6553,Ladle,Gen.G Scholars,LAS,,Corée,Troisième niveau,ADC,20,-315.0,259.0,-703.0,21.0,0.0,0.0
oe:player:76d9194a43bb1cdb0fff4b226738301,justcan,Hazing Chase,TSC,NLC 18 games (Ruddy Corporation),EMEA,Deuxième niveau,Support,42,-315.0,207.0,-623.0,146.0,0.0,0.0
oe:player:f5ea6213c328518f2840a59bf48acec,Kektz,Crvena zvezda Esports,EBL,,EMEA,Deuxième niveau,Top,48,-316.0,218.0,748.0,159.0,0.0,0.0
oe:player:2fc47d506de431ba77f2af233f558e4,Panj,Lupus Esports,EBL,,EMEA,Deuxième niveau,Support,27,-316.0,224.0,565.0,168.0,0.0,0.0
oe:player:794adb16a6b9dc401506ff28870f3c0,dibu,Zerolag Esports,GLL,,EMEA,Deuxième niveau,Jungle,14,-317.0,235.0,100.0,,,
oe:player:ba8500765879e6c68842b18d6a1c06f,Incursio,Antic Esports,LCO,,Asie-Pacifique,Ligue majeure,Mid,12,-317.0,244.0,878.0,,,
oe:player:276a74368ea1b0f374f4d9f00dca699,Xavi,LODIS,UL,,EMEA,Deuxième niveau,Support,37,-318.0,218.0,-52.0,162.0,0.0,0.0
oe:player:72224071d797d555cb4201e31baa0e1,Ajin,Coven,IGNIS,,Brésil & Amérique latine,Troisième niveau,Mid,10,-318.0,849.0,-1977.0,,,
oe:player:fda70732b859899fa7572b8ebb41196,Saifer,Spectacled Bears,LRS,,Brésil & Amérique latine,Deuxième niveau,Mid,21,-319.0,253.0,-182.0,150.0,0.0,0.0
oe:player:e88ef0b773e22c86f3c73d0f9b56f37,Zapdo,Anubis Gaming,AL,,EMEA,Deuxième niveau,Jungle,28,-319.0,220.0,-468.0,142.0,0.0,0.0
oe:player:cdff61331319fd4c9422df6d172d316,Mirbs,NORD Esports,NLC,,EMEA,Deuxième niveau,ADC,22,-319.0,237.0,-319.0,153.0,0.0,0.0
oe:player:bda5bb29fc4ac7bc4469089be5bd8e0,Colden,EKO Esports,LIT,,EMEA,Deuxième niveau,Support,23,-320.0,229.0,-1254.0,153.0,0.0,0.0
oe:player:5bf1b803771e3a118a9db1fdfcbaa58,Chrisberg,Bitfix RG,NLC Aurora Open,,EMEA,Troisième niveau,ADC,12,-320.0,253.0,-715.0,,,
oe:player:563de95758c49f2d41e16ee7e9aca8f,Zora,Juicy Ballers,UL,,EMEA,Deuxième niveau,Top,12,-320.0,236.0,-35.0,,,
oe:player:df7ce4443a7120f8108c10c48033002,UNZY,NASR eSports Turkey,TSC,,EMEA,Deuxième niveau,Support,14,-320.0,248.0,-646.0,,,
oe:player:97e2124319af5f96331d38fc07ad71b,Jejky,Dynamo Eclot,HM,NLC 14 games (Nativz),EMEA,Deuxième niveau,Jungle,35,-321.0,219.0,166.0,155.0,0.0,0.0
oe:player:fe9ef7441c7dd52bebd1ce72a43612b,Furby,GRP Esports,UL,,EMEA,Deuxième niveau,Mid,18,-321.0,228.0,-115.0,,,
oe:player:44e8f062c64a768917593b164096f07,Strato,Lazy In Life,NLC,,EMEA,Deuxième niveau,Top,14,-322.0,239.0,-190.0,,,
oe:player:2b4e018d8037aa6b63a6a7b5be6c929,Passzi,Lille Esport,NL,NLC 17 games (Venomcrest Esports),EMEA,Troisième niveau,Support,35,-322.0,221.0,-1085.0,23.0,0.0,0.0
oe:player:bab64c511fd4904466edfbd2a75dff8,Abner,Parakeet Gaming,HM,,EMEA,Deuxième niveau,ADC,22,-322.0,226.0,153.0,157.0,0.0,0.0
oe:player:5a63f3e7e2b4282f07785cdc895d624,Shiku,Spectacled Bears,LRS,,Brésil & Amérique latine,Deuxième niveau,Support,20,-322.0,253.0,-171.0,149.0,0.0,0.0
oe:player:23b26d568542e14b98d3565b708c6b1,Sumi,UniQ Esports Club,NLC,,EMEA,Deuxième niveau,Mid,36,-323.0,228.0,-28.0,156.0,0.0,0.0
oe:player:a85e95c1dcc81da84247a00c5e9e1de,Alex234,MOUZ NXT,PRM,,EMEA,Deuxième niveau,Jungle,27,-323.0,215.0,-1513.0,136.0,0.0,0.0
oe:player:6b857fe1d3971aebd9f35f421d56806,Painful,Venomcrest Esports,NLC Aurora Open,NLC 31 games (Nativz),EMEA,Troisième niveau,Mid,47,-324.0,219.0,60.0,23.0,0.0,0.0
oe:player:8df758d3b1cc035e768a9e9937ac322,Booshi,Akroma,NL,,EMEA,Troisième niveau,ADC,10,-324.0,242.0,-975.0,,,
oe:player:22080ddb251399d10bbd045b19e7ffb,Defflok,Team UNiTY,HM,,EMEA,Deuxième niveau,Mid,91,-324.0,222.0,225.0,160.0,0.0,0.0
oe:player:46c0cc4125d2134240ee11081aa30b2,Asza,Team Shrimp,ESLOL,TSC 13 games (Misa Esports),EMEA,Deuxième niveau,ADC,34,-324.0,221.0,624.0,165.0,0.0,0.0
oe:player:04206a6f8b4df128f9d2a1de1604a2b,Xoska,KaBuM! Academy,CBLOLA,,Brésil & Amérique latine,Deuxième niveau,Mid,41,-325.0,224.0,-535.0,132.0,0.0,0.0
oe:player:d767656330d9b59ece33d716397a792,Tata,Banshee,IGNIS,,Brésil & Amérique latine,Troisième niveau,ADC,15,-325.0,847.0,-1589.0,,,
oe:player:2d8c46d60e8b608291959bf5330347c,Prominence,Oxygen Gaming,NEXO,,EMEA,Troisième niveau,Jungle,47,-326.0,214.0,1084.0,25.0,0.0,0.0
oe:player:43b4833a8d8b74ea63999994ac6b527,SniIIer,Ruzeh Esports,NLC,,EMEA,Deuxième niveau,Support,10,-326.0,244.0,81.0,,,
oe:player:3b32fe34a610a6a7e433b0741923b96,Peto,BRUTE,HM,,EMEA,Deuxième niveau,Support,40,-326.0,225.0,471.0,155.0,0.0,0.0
oe:player:b94e8760d00efd6eea4ec2597e1f46f,EL,Burning Core Toyama,LJL,,Asie-Pacifique,Ligue majeure,Jungle,40,-326.0,232.0,-502.0,98.0,0.0,0.0
oe:player:0ffce7ac75b7d10e575f6b51fa3a2ec,crackadon,Black Rock Esports,NACL,,Amérique du Nord,Deuxième niveau,Jungle,11,-327.0,245.0,-1721.0,,,
oe:player:4158d824eb8d710f3d60bfd662a9203,kylin,Iron Wolves,UL,,EMEA,Deuxième niveau,Jungle,11,-327.0,236.0,-359.0,,,
oe:player:b069a4339ed15e2c381f1b017f7d051,Vinicete,FURIA Youth,CBLOLA,,Brésil & Amérique latine,Deuxième niveau,Jungle,12,-328.0,244.0,-956.0,,,
oe:player:9d660d86d96c38bb2cb11a859909c18,Mewkyo,Tropa Raizen,CBLOLA,,Brésil & Amérique latine,Deuxième niveau,Jungle,13,-328.0,244.0,-953.0,,,
oe:player:f32776bb3b0bfb1cd3261868df4dfce,Calmsky,Verdant,NLC,GLL 13 games (Team Refuse),EMEA,Deuxième niveau,Support,52,-329.0,201.0,67.0,150.0,0.0,0.0
oe:player:0c1c8bb80037123b88a38985634789c,Agrona,West Point Esports Academy,PCL,,Asie-Pacifique,Deuxième niveau,Mid,27,-329.0,258.0,-822.0,136.0,0.0,0.0
oe:player:560bcdf1b95c4d819f35359cdfa1b0f,Foreigner,Antic Esports,LCO,,Asie-Pacifique,Ligue majeure,Jungle,42,-330.0,223.0,388.0,100.0,0.0,0.0
oe:player:af8e4f3113b8a89899a2ef0e5039c4d,SkyBart,Fluxo Academy,CBLOLA,,Brésil & Amérique latine,Deuxième niveau,Top,29,-330.0,230.0,-743.0,141.0,0.0,0.0
oe:player:cb2b5fa08dcb47ea5d2a10f558acea6,Cape,NASR eSports Turkey,TSC,,EMEA,Deuxième niveau,Jungle,14,-330.0,248.0,-1176.0,,,
oe:player:137daadb3bab4f0b992eb08a3939e72,Poweh,Oxygen Gaming,NEXO,,EMEA,Troisième niveau,Top,27,-330.0,226.0,1152.0,25.0,0.0,0.0
oe:player:9b14abf051e022cac09c49843ca49a5,Dusty,ENEMI3S,LIT,,EMEA,Deuxième niveau,Mid,14,-330.0,240.0,-1140.0,,,
oe:player:66d46dceff7e43a5e240e5c7b32ef69,konseki,LØS Academy,CBLOLA,,Brésil & Amérique latine,Deuxième niveau,Support,28,-331.0,238.0,-615.0,141.0,0.0,0.0
oe:player:e4eb0cb44f9e94d04413f4b9a376b7e,ONLY,OGC Esports,HM,,EMEA,Deuxième niveau,ADC,24,-331.0,228.0,109.0,162.0,0.0,0.0
oe:player:d3bc65e5e987b942fba2400b4649f71,Viciun,Meta Gaming,LRS,,Brésil & Amérique latine,Deuxième niveau,ADC,19,-331.0,249.0,-276.0,,,
oe:player:c2dd4ae1efb63bfc5d5f93c31618c08,belit,GRP Esports,UL,,EMEA,Deuxième niveau,Jungle,46,-332.0,214.0,-385.0,146.0,0.0,0.0
oe:player:e4219f8b8dc608cdce7b8ee6d5777b4,6ax,Crvena zvezda Esports,EBL,,EMEA,Deuxième niveau,Mid,34,-332.0,227.0,603.0,172.0,0.0,0.0
oe:player:4fed392a1f1aee893b39e1702801817,Peop,Phoenix Esports,TSC,,EMEA,Deuxième niveau,Top,12,-332.0,244.0,-714.0,,,
oe:player:0ff3d05047e5a7d2838bd6cb11fe7a1,Centu,GRP Esports,UL,,EMEA,Deuxième niveau,Support,22,-332.0,227.0,-120.0,157.0,0.0,0.0
oe:player:841a33657841e55eb6b68b86de53af9,Bruce,AXIZ CREST Academy,PCL,,Asie-Pacifique,Deuxième niveau,Jungle,20,-332.0,269.0,-859.0,134.0,0.0,0.0
oe:player:caf582d3ceca0fb731daadfeadfc760,Conformista,NONAME,TSC,,EMEA,Deuxième niveau,Top,13,-333.0,247.0,-720.0,,,
oe:player:89a5825cdba97b34f7325e38a5e1ff5,Alaric,Ruddy Corporation,NLC Aurora Open,NLC 23 games (Ruddy Corporation) ; HC 16 games (Maverix),EMEA,Troisième niveau,Support,62,-333.0,213.0,-54.0,22.0,0.0,0.0
oe:player:5acf2785e5891a5be39e0be16d88282,Solbon,Gen.G Scholars,LAS,LCKC 11 games (Gen.G Global Academy),Corée,Troisième niveau,Mid,47,-334.0,231.0,-919.0,13.0,0.0,0.077
oe:player:0ce0547fa9cdd3c48a2a49192dfd12e,Hakari,FURIA Youth,CBLOLA,,Brésil & Amérique latine,Deuxième niveau,Top,12,-334.0,244.0,-760.0,,,
oe:player:a0cff4167fb5c141dd41760bcf18b6d,eaRyz,BRUTE,HM,,EMEA,Deuxième niveau,Jungle,24,-334.0,223.0,104.0,160.0,0.0,0.0
oe:player:4b30d9300100025b97ddd0585eb06fd,Ade,Gen.G Scholars,LAS,,Corée,Troisième niveau,Jungle,36,-334.0,261.0,-973.0,20.0,0.0,0.0
oe:player:4817eee6e21d12824c37bfbdaf2c325,Kaymin,MOUZ NXT,PRM,,EMEA,Deuxième niveau,Mid,53,-334.0,223.0,-1458.0,149.5,0.0,0.0
oe:player:929023b5930e9998a1f853fd00f6d82,Numandiel,ZennIT,ESLOL,,EMEA,Deuxième niveau,Mid,11,-335.0,241.0,519.0,,,
oe:player:080079ade773c7f23f7a15d3bc04b6f,Skaterot,DMG Esports,NLC Aurora Open,NLC 19 games (DMG Esports),EMEA,Troisième niveau,Mid,33,-335.0,227.0,7.0,23.0,0.0,0.0
oe:player:96ceea94211d7a4a5db83d378b16b86,Avenger,XV eSports,CBLOLA,,Brésil & Amérique latine,Deuxième niveau,Mid,18,-335.0,244.0,-583.0,,,
oe:player:282a82702dfe9e5d21a45e7753cb925,Jamie,Team Insidious,GLL,,EMEA,Deuxième niveau,ADC,10,-336.0,237.0,-504.0,,,
oe:player:861565831545afb68057b15adeaa304,Urban,Bitfix RG,NLC Aurora Open,,EMEA,Troisième niveau,Jungle,12,-336.0,253.0,-588.0,,,
oe:player:908c792446114d05c94f99e6564d9ba,Avarice,Crvena zvezda Esports,EBL,,EMEA,Deuxième niveau,ADC,48,-337.0,218.0,373.0,162.0,0.0,0.0
oe:player:36aee4ea75f352a3912338eb34a5b57,Evaan,Lille Esport,NL,,EMEA,Troisième niveau,Mid,27,-337.0,225.0,-1102.0,22.0,0.0,0.0
oe:player:16bfbf9c462762cf1cba4134ec53c50,Loading,Actions Per Minute,GLL,,EMEA,Deuxième niveau,Top,12,-338.0,237.0,-767.0,,,
oe:player:9312bfc44c1e0686971d076d1364713,Ryuzaki,Guasones,LES,LFL 18 games (Aegis),EMEA,Deuxième niveau,Jungle,48,-338.0,204.0,-1630.0,103.0,0.0,0.0
oe:player:4dabc9746a3cae241a063d7a1e4d204,Momochi,Liberty Academy,CBLOLA,,Brésil & Amérique latine,Deuxième niveau,Support,39,-338.0,242.0,-650.0,141.0,0.0,0.0
oe:player:9820f8d5b4978685037408423cacd0b,1buki,Sengoku Gaming Academy,PCL,,Asie-Pacifique,Deuxième niveau,Mid,19,-339.0,270.0,-874.0,,,
oe:player:a501d44927b4525d173def3fef6f91b,SkB,Liberty Academy,CBLOLA,,Brésil & Amérique latine,Deuxième niveau,Top,39,-339.0,242.0,-786.0,143.0,0.0,0.0
oe:player:e38e8c286a37ea366d40ba664b1d00c,Unkn0wn,GTZ Esports,LPLOL,,EMEA,Deuxième niveau,ADC,51,-340.0,214.0,629.0,153.5,0.0,0.0
oe:player:b4b98082fd3e3a35446a7f50ebf3060,Ozgur,Galakticos,TCL,,EMEA,Deuxième niveau,ADC,28,-340.0,225.0,-1266.0,140.0,0.0,0.0
oe:player:9f123d50225f8efc664774485f85941,Frost,Project Conquerors,NL,HM 14 games (Dynamo Eclot),EMEA,Troisième niveau,Jungle,35,-340.0,223.0,-1131.0,23.0,0.0,0.0
oe:player:ed0c1f77bbb19261fc9260bcf22bc65,Serch,Universae Instituto FP,NEXO,,EMEA,Troisième niveau,Mid,36,-341.0,221.0,1086.0,26.0,0.0,0.0
oe:player:994882ce341b5949034f3975746ff32,Benvi,Ground Zero Gaming,LCO,,Asie-Pacifique,Ligue majeure,Support,29,-341.0,237.0,170.0,98.0,0.0,0.0
oe:player:5507d93614d7299eae429bc890d23bc,HowLa,Burning Core Toyama,LJL,,Asie-Pacifique,Ligue majeure,ADC,40,-343.0,232.0,-499.0,99.0,0.0,0.0
oe:player:f084d3f140fa7e4bcade94ba743b164,Vespa,Zerance,NL,,EMEA,Troisième niveau,ADC,27,-344.0,231.0,-1076.0,26.0,0.0,0.0
oe:player:73d9baabf1f75ab1456cffe4ad80194,Doni,Eclipse Gaming,LRS,,Brésil & Amérique latine,Deuxième niveau,Mid,12,-344.0,257.0,-308.0,,,
oe:player:5d072a942f5886a2b2f818a39ef455b,Bako,WLGaming Esports,GLL,,EMEA,Deuxième niveau,Top,12,-345.0,233.0,-801.0,,,
oe:player:97dba2c2c17ddf9d63517aee126f58b,Joki37,CORE 128,NEXO,,EMEA,Troisième niveau,Jungle,13,-345.0,244.0,989.0,,,
oe:player:ef453ec92276774e0668a413fb91514,Virtuso,42 Gaming,NLC,,EMEA,Deuxième niveau,Top,14,-345.0,238.0,-305.0,,,
oe:player:f89b14820da11d8679cfd07da552ca5,uZent,RED Academy,CBLOLA,,Brésil & Amérique latine,Deuxième niveau,Support,39,-345.0,218.0,-682.0,138.0,0.0,0.0
oe:player:139d7fa28fbce96022f5bf0784436e3,gregreg,Parakeet Gaming,HM,,EMEA,Deuxième niveau,Support,14,-347.0,235.0,362.0,,,
oe:player:6a52e8fc387411c38ae76e77ffe6b15,Hiro,One More Esports,AL,,EMEA,Deuxième niveau,Top,29,-347.0,223.0,-1109.0,163.0,0.0,0.0
oe:player:ba4c9b170092f1369593d1a49291b3c,shibi,Team UNiTY,HM,,EMEA,Deuxième niveau,Jungle,91,-347.0,222.0,37.0,152.0,0.0,0.0
oe:player:4296dc180b47d29912090b5780ca40f,Styx,ION Global Esports,LCO,,Asie-Pacifique,Ligue majeure,ADC,29,-347.0,229.0,140.0,101.0,0.0,0.0
oe:player:990de650e44c3b85ec90451de02db04,Jool,Burning Core Toyama,LJL,,Asie-Pacifique,Ligue majeure,Mid,40,-347.0,232.0,-566.0,91.0,0.0,0.0
oe:player:eb4afbc02f6cf896b0bd94b5dd274dc,JayJay,42 Gaming,NLC,,EMEA,Deuxième niveau,Mid,12,-347.0,239.0,-145.0,,,
oe:player:dc5164650a00726c93f1f9d766d8b33,Milkshake,Lazy In Life,NLC,,EMEA,Deuxième niveau,Jungle,14,-348.0,239.0,-347.0,,,
oe:player:40ec21bf3a960cc7bfe0c38885bf906,Indecision,aNc Outplayed,LIT,,EMEA,Deuxième niveau,Jungle,25,-350.0,221.0,-1624.0,145.0,0.0,0.0
oe:player:6f1eb0cb38909cacef74658613275b1,Scxtt,Team Bliss,LCO,,Asie-Pacifique,Ligue majeure,Support,25,-350.0,239.0,125.0,98.0,0.0,0.0
oe:player:55b9ef62724d0ff3f1bf9eb6f08f738,Sadaz,The Gulls Esports,LIT,,EMEA,Deuxième niveau,Mid,22,-351.0,235.0,-1245.0,163.0,0.0,0.0
oe:player:eaee5a7ad7c9bc645114d51d039f2fb,Tibor,BeFive,EBL,,EMEA,Deuxième niveau,Mid,67,-351.0,216.0,510.0,163.5,0.0,0.0
oe:player:50cce5a33514ebe62201a0a45314eca,Yashiro,Ruzeh Esports,NLC,,EMEA,Deuxième niveau,ADC,10,-351.0,244.0,-476.0,,,
oe:player:31c5497620ea4aea37a0b5a5cb0518c,Dan,Jörmungang,ESLOL,,EMEA,Deuxième niveau,ADC,17,-351.0,240.0,487.0,,,
oe:player:0696ba507e9f097b48b4aa96e644ef7,Plox,BeFive,EBL,,EMEA,Deuxième niveau,ADC,32,-352.0,229.0,300.0,165.0,0.0,0.0
oe:player:d99c1faaba5061813508a061f33bd2a,Hayha,WAP Esports,LRS,,Brésil & Amérique latine,Deuxième niveau,Support,13,-352.0,256.0,-319.0,,,
oe:player:5baf54f4030e168391201d9fa0efa71,FireAscept,Comanchero Gaming,TCL,TSC 10 games (Comanchero Gaming),EMEA,Deuxième niveau,Mid,21,-353.0,229.0,-1342.0,155.0,0.0,0.0
oe:player:f48a8f161502989fca609408a80bd75,Viking,Akroma,NL,,EMEA,Troisième niveau,Jungle,10,-353.0,235.0,-1196.0,,,
oe:player:f6d396ec0d1bfac782d5389da59df76,Enapon,AXIZ CREST Academy,PCL,,Asie-Pacifique,Deuxième niveau,Mid,20,-354.0,269.0,-948.0,148.0,0.0,0.0
oe:player:04d8d57065f355309b2887a6e49d58b,Bayonetta,Galakticos,TCL,,EMEA,Deuxième niveau,Top,28,-354.0,225.0,-1439.0,145.0,0.0,0.0
oe:player:7f74c1fc50f80a06152c610c4a3b034,Yerikan,DSC3V,LRN,LLA 26 games (inf),Brésil & Amérique latine,Deuxième niveau,Support,43,-354.0,218.0,-681.0,90.0,0.0,0.0
oe:player:e8c8d8ba3cafbcbc8a8d0d0ba7a2853,Yeti,Anonymo Esports,UL,LPLOL 25 games (GTZ Esports),EMEA,Deuxième niveau,Top,58,-354.0,204.0,-206.0,166.0,0.0,0.0
oe:player:3ec4168709e1af5cdf9f8fd66dec6f2,Salami,Back2TheGame,UL,,EMEA,Deuxième niveau,ADC,23,-354.0,224.0,22.0,149.0,0.0,0.0
oe:player:6e23b629fe2fc16824ea86bf61cbc4c,Dreilix,MOUZ NXT,PRM,,EMEA,Deuxième niveau,ADC,53,-354.0,223.0,-1497.0,142.0,0.0,0.0
oe:player:d8dbb2529993f0ffa1ae5c991c89731,Kina,Liberty Academy,CBLOLA,,Brésil & Amérique latine,Deuxième niveau,Mid,39,-355.0,242.0,-684.0,152.0,0.0,0.0
oe:player:61b7d25591ab558425b9a2cee041a20,WNTR,Lundqvist Lightside,NLC Aurora Open,,EMEA,Troisième niveau,Top,21,-355.0,234.0,-829.0,25.0,0.0,0.0
oe:player:e505e92bac11605766c0d7703300ffa,MaxouTigrou,Jörmungang,ESLOL,,EMEA,Deuxième niveau,Jungle,15,-356.0,241.0,668.0,,,
oe:player:d7f3cfa48a52dda4354774a809402b2,Nikolex,The ParadOx Invaders,GLL,,EMEA,Deuxième niveau,Jungle,26,-357.0,220.0,-98.0,156.0,0.0,0.0
oe:player:96cedaf4457be1bfe9365dbf6f428b9,Empty,LØS Academy,CBLOLA,,Brésil & Amérique latine,Deuxième niveau,ADC,15,-358.0,244.0,-1090.0,,,
oe:player:9f6c306fb79fae6fbf0ff676c0db0df,Arven,Guinea Pink,NEXO,,EMEA,Troisième niveau,Mid,45,-358.0,214.0,999.0,26.0,0.0,0.0
oe:player:0c02ac62f11fd279e6b02c97c545c13,Metroflox,Parakeet Gaming,HM,,EMEA,Deuxième niveau,Jungle,26,-358.0,218.0,-18.0,147.0,0.0,0.0
oe:player:3f31f8d5ed8cbae5977cfd3451ebe79,Hiro,BRUTE,HM,,EMEA,Deuxième niveau,ADC,40,-359.0,225.0,-33.0,159.0,0.0,0.0
oe:player:6cb2f925e1216835980ce1a01bb62f6,Lunddorf,eSuba,HM,,EMEA,Deuxième niveau,Top,10,-359.0,237.0,-154.0,,,
oe:player:477b8a477dcadb95a077f6747512277,Hika,Meta Gaming,LRS,,Brésil & Amérique latine,Deuxième niveau,ADC,28,-360.0,240.0,-419.0,154.0,0.0,0.0
oe:player:74491f6e6a9b07dcd6cad2bc7f2c185,uciu,Juicy Ballers,UL,,EMEA,Deuxième niveau,Jungle,12,-360.0,236.0,-524.0,,,
oe:player:45bd62ec34b3cbf05b5292056c54b01,TheSerius,The ParadOx Invaders,GLL,,EMEA,Deuxième niveau,Top,13,-360.0,233.0,-876.0,,,
oe:player:1af356d147244cdd18e7af284c4ff65,Porcupine,One More Esports,AL,,EMEA,Deuxième niveau,Jungle,27,-360.0,225.0,-675.0,153.0,0.0,0.0
oe:player:7a27b91a1ea41f157f4b3df8889621f,Sirinox,Wild Panthers Esports,GLL,,EMEA,Deuxième niveau,ADC,14,-360.0,236.0,-625.0,,,
oe:player:c8c012313f10e2d0830f3fbc5afca61,Midnight,CORE 128,NEXO,,EMEA,Troisième niveau,Mid,13,-360.0,244.0,992.0,,,
oe:player:3d7afc086e8aba0545ceba473fa1e9e,ANDARIEL,Rebels Gaming,LES,PRM 18 games (Berlin International Gaming),EMEA,Deuxième niveau,ADC,34,-360.0,214.0,-1683.0,149.0,0.0,0.0
oe:player:d0c52a9400db78779e0baae662a3fc2,Adiss,BRUTE,HM,,EMEA,Deuxième niveau,Top,40,-361.0,225.0,-167.0,163.0,0.0,0.0
oe:player:37868ce320afa69d0c0387124e61968,tol2,Burning Core Toyama,LJL,,Asie-Pacifique,Ligue majeure,Top,40,-362.0,232.0,-614.0,97.0,0.0,0.0
oe:player:bf3a9a76cc8f415a2d805f7b7a7fc3b,Space,Nativz,NLC,,EMEA,Deuxième niveau,ADC,12,-362.0,240.0,-532.0,,,
oe:player:bfcefaea6ffa0c9cdb2667f79b63750,Juliera,Fluxo Academy,CBLOLA,,Brésil & Amérique latine,Deuxième niveau,ADC,30,-362.0,235.0,-1110.0,142.0,0.0,0.0
oe:player:8755401727add2220032fc7ae421cd2,Psilakhs,Wild Panthers Esports,GLL,,EMEA,Deuxième niveau,Jungle,13,-362.0,232.0,-122.0,,,
oe:player:09ee6fe99bd1a0242be2a413955581b,Hyorai,ZennIT,ESLOL,,EMEA,Deuxième niveau,Support,57,-362.0,222.0,343.0,156.0,0.0,0.0
oe:player:3c746a353303fe7d4c4b04ed85bf47b,Fastlegged,Lundqvist Lightside,NLC,,EMEA,Deuxième niveau,Support,14,-363.0,236.0,-105.0,,,
oe:player:bed4f8c9a34499600a42ab7a20ea46e,0din,Iron Wolves,UL,,EMEA,Deuxième niveau,Mid,11,-363.0,236.0,-324.0,,,
oe:player:49c7c1551c39a74808c58a4b70fb6ff,Favorito,Veni Vidi Vici,NEXO,,EMEA,Troisième niveau,Jungle,13,-364.0,241.0,892.0,,,
oe:player:e9bee56fd3bd016baf8da8219cdb0ea,GEPARDINHO5,Juicy Ballers,UL,,EMEA,Deuxième niveau,Support,12,-364.0,236.0,-284.0,,,
oe:player:0bd219d702907f2d922e53668a14fc6,Henra,White Dragons,LPLOL,,EMEA,Deuxième niveau,Mid,48,-364.0,227.0,481.0,168.0,0.0,0.0
oe:player:4476dd7faab5d3a9924e5cc26c440c9,Bartholdy,Lundqvist Lightside,NLC,,EMEA,Deuxième niveau,Jungle,14,-365.0,236.0,-434.0,,,
oe:player:148e116847c069d852ad0696d4180fe,Bananitoo,WLGaming Esports,GLL,,EMEA,Deuxième niveau,Support,46,-366.0,214.0,-1043.0,159.0,0.0,0.0
oe:player:cf172b93505b047dc3ad8e8462dc13d,TheGreatGary,Leões Porto Salvo Esports,LPLOL,,EMEA,Deuxième niveau,Top,17,-366.0,233.0,317.0,,,
oe:player:446ab8975b0d404881263d03beae83a,chico,Sengoku Gaming Academy,PCL,,Asie-Pacifique,Deuxième niveau,ADC,19,-366.0,270.0,-1139.0,,,
oe:player:934a2eec1d77e7ed03fdd6f711581f1,Baul,Nativz,NLC,ESLOL 14 games (Myth Esports),EMEA,Deuxième niveau,Support,30,-366.0,219.0,-120.0,163.0,0.0,0.0
oe:player:66dfc0444c571e87d4442178fee3ab4,Guertas,ZennIT,ESLOL,,EMEA,Deuxième niveau,Jungle,36,-366.0,227.0,615.0,161.0,0.0,0.0
oe:player:945643b13e6c8100a158305cb3848c7,Ilgar,GLORE,HM,,EMEA,Deuxième niveau,Jungle,31,-366.0,224.0,-58.0,161.0,0.0,0.0
oe:player:3ae1719a5f52f825be92485ff6c842d,Derakhil,NONAME,TCL,,EMEA,Deuxième niveau,Jungle,18,-367.0,229.0,-1754.0,,,
oe:player:1087aa8f482518a2b02334270f5607c,Gordinho,Venomcrest Esports,NLC Aurora Open,GLL 21 games (Team Refuse) ; LPLOL 14 games (BWE Esports),EMEA,Troisième niveau,Support,56,-367.0,210.0,-226.0,25.0,0.0,0.0
oe:player:06efe152a554665e02b8dc4f620bf3f,Anthrax,Team Shrimp,ESLOL,,EMEA,Deuxième niveau,Support,17,-368.0,240.0,313.0,,,
oe:player:9c2b5d4edfc9c79923a32bd589c6223,Guubi,Verdant,NLC,,EMEA,Deuxième niveau,ADC,14,-369.0,238.0,-569.0,,,
oe:player:8d311f9903ee9a0a4896a49cb18a964,J3rkie,Team UNiTY,HM,,EMEA,Deuxième niveau,Support,91,-370.0,222.0,251.0,161.0,0.0,0.0
oe:player:7671929e1967393e1c75a13e1c94346,tuokaZ,NONAME,TSC,,EMEA,Deuxième niveau,ADC,16,-372.0,242.0,-892.0,,,
oe:player:77283a0e12a2101886de76dda030375,Unforgiven,Malvinas Gaming,LRS,,Brésil & Amérique latine,Deuxième niveau,Jungle,14,-373.0,255.0,-764.0,,,
oe:player:655e38b95a3554d69f6c7d2de4221aa,Mahonix,Myth Esports,ESLOL,,EMEA,Deuxième niveau,Support,24,-374.0,237.0,280.0,176.0,0.0,0.0
oe:player:a99d6da234620c259bbb92ee9f8649f,Twight,BRUTE,HM,NLC 17 games (Venomcrest Esports),EMEA,Deuxième niveau,Jungle,43,-374.0,215.0,-96.0,152.0,0.0,0.0
oe:player:2acf18bb52e977ed47bd677f4922adf,Snabi,DMG Esports,NLC,,EMEA,Deuxième niveau,Support,30,-374.0,221.0,-159.0,163.0,0.0,0.0
oe:player:302f32028cef9d7eeda1dbe74cf59ee,Kick,Fluxo Academy,CBLOLA,,Brésil & Amérique latine,Deuxième niveau,Support,31,-374.0,235.0,-828.0,142.0,0.0,0.0
oe:player:45bb439ffe1a54f6da822209861d65b,Tavares,LØS Academy,CBLOLA,,Brésil & Amérique latine,Deuxième niveau,Mid,27,-374.0,238.0,-780.0,154.0,0.0,0.0
oe:player:c5050bf5abf900c6beaed313da57213,Jeyrus,WLGaming Esports,GLL,,EMEA,Deuxième niveau,ADC,18,-374.0,235.0,-692.0,,,
oe:player:092954d1fd1b09699ba57daf0741a09,ArutnevJr,Leões Porto Salvo Esports,LPLOL,,EMEA,Deuxième niveau,Mid,12,-374.0,244.0,434.0,,,
oe:player:d140d37ad98c12ccd8e1c432f548bcd,Slice,Rich Gang,NLC,,EMEA,Deuxième niveau,Jungle,13,-375.0,236.0,-482.0,,,
oe:player:f7c3eb507dc041ffdd1f2c8b60fbeae,AIM4,AXIZ CREST Academy,PCL,,Asie-Pacifique,Deuxième niveau,Top,20,-377.0,269.0,-1365.0,143.0,0.0,0.0
oe:player:e44602d2b633e9b0392fc264d1ae1a9,Iheb,Twareg Esports,AL,,EMEA,Deuxième niveau,Support,20,-377.0,228.0,-935.0,154.0,0.0,0.0
oe:player:5d19b31b19f362f152fd879942be56c,Shu Hari,WAP Esports,LRS,,Brésil & Amérique latine,Deuxième niveau,Support,30,-378.0,236.0,-452.0,155.0,0.0,0.0
oe:player:77c10036edafc6b267a710e0525bf7a,Yoangi,Guinea Pink,NEXO,,EMEA,Troisième niveau,ADC,44,-378.0,225.0,921.0,29.0,0.0,0.0
oe:player:f8d698aea36fcbead2b9d5359ffca76,Smarty,GLORE,HM,,EMEA,Deuxième niveau,Support,58,-381.0,205.0,197.0,167.0,0.0,0.0
oe:player:3d0824ba0a6913096f3eafda6635690,DrChaos,Lundqvist Lightside,NLC,,EMEA,Deuxième niveau,Support,13,-381.0,239.0,-193.0,,,
oe:player:a11a2f5bbd0604fc798b5b63c9b38ba,Pipibaat,mCon esports,ESLOL,EBL 21 games (Diamant Esports),EMEA,Deuxième niveau,Jungle,61,-382.0,213.0,534.0,154.0,0.0,0.0
oe:player:d51796c7c27a60d20bb30a03ef92124,Nesty,Sengoku Gaming Academy,PCL,,Asie-Pacifique,Deuxième niveau,Jungle,18,-382.0,270.0,-1108.0,,,
oe:player:29012ae868f0b8231247f3ce25f2d0c,L0SER,AXIZ CREST Academy,PCL,,Asie-Pacifique,Deuxième niveau,Support,20,-383.0,269.0,-1043.0,140.0,0.0,0.0
oe:player:a680ff7ed49e63e8e91ec4f1c95d1d7,Deadhound,Venomcrest Esports,NLC,,EMEA,Deuxième niveau,ADC,17,-384.0,240.0,-640.0,,,
oe:player:aab0fbe2400aa7bf457b3c9d501566c,Rexha,NONAME,TSC,,EMEA,Deuxième niveau,Support,16,-385.0,242.0,-974.0,,,
oe:player:51777d50bf7bf71ff70b8a32726e40c,Fornoreason,MOUZ NXT,PRM,,EMEA,Deuxième niveau,Top,53,-385.0,223.0,-1778.0,146.5,0.0,0.0
oe:player:84267170504b66790b8320ffb98f0af,Catan,Waia Snikt,LRN,,Brésil & Amérique latine,Deuxième niveau,ADC,28,-386.0,247.0,-669.0,149.0,0.0,0.0
oe:player:1ae1c39b7773b80a025efd99de69007,Secrett,WLGaming Esports,GLL,LPLOL 25 games (GTZ Esports),EMEA,Deuxième niveau,Mid,58,-386.0,209.0,-556.0,171.0,0.0,0.0
oe:player:26863621074942009aa8c797c827ec1,Meshade,Hazing Chase,TSC,,EMEA,Deuxième niveau,ADC,13,-386.0,246.0,-961.0,,,
oe:player:615b162ee09cacf6caaed7c58acf770,Edvard,One More Esports,AL,,EMEA,Deuxième niveau,Support,22,-387.0,219.0,-989.0,153.0,0.0,0.0
oe:player:e6f46d67dd228248f0b5a7ba09084cf,Rassiel,DREN Esports,LIT,,EMEA,Deuxième niveau,Support,10,-387.0,243.0,-1589.0,,,
oe:player:190d3ffa9c4734a633e2103dbbdb815,Caucha,White Dragons,LPLOL,,EMEA,Deuxième niveau,Top,48,-387.0,227.0,211.0,172.0,0.0,0.0
oe:player:28c288f70870e8d85a0db92518206aa,CHECKFIDER,Axolotl,LIT,,EMEA,Deuxième niveau,ADC,12,-387.0,243.0,-1412.0,,,
oe:player:0114600fd7028a75f762bb772a5f6f1,Mystiques,GLORE,HM,,EMEA,Deuxième niveau,Support,13,-389.0,232.0,155.0,,,
oe:player:bbdf1ee22c083ed5caeb14ade2bfa3d,Emp,Lundqvist Lightside,NLC,,EMEA,Deuxième niveau,Jungle,13,-390.0,239.0,-557.0,,,
oe:player:a37663bcbd7b6046c6fb0ce58ecbeca,Aithusa,Flamengo Academy,CBLOLA,CBLOL 18 games (INTZ),Brésil & Amérique latine,Deuxième niveau,Mid,31,-390.0,222.0,-857.0,126.0,0.0,0.0
oe:player:9ea81871d6eae77bf89f98d3b7ba544,wittman,Forsaken,UL,,EMEA,Deuxième niveau,ADC,27,-390.0,229.0,-158.0,160.0,0.0,0.0
oe:player:5a23766ce46653d2b63ac4a40cd61c1,Warszi,NORD Esports,NLC,GLL 10 games (Gamespace Mediterranean College Esports),EMEA,Deuxième niveau,Mid,32,-390.0,219.0,-361.0,167.0,0.0,0.0
oe:player:dc23b4f9178a36252dbe6970515f5af,sappxire1,NONAME,TSC,,EMEA,Deuxième niveau,Mid,16,-391.0,242.0,-1634.0,,,
oe:player:fde7851e66c143ab35e2eeaac8c6156,Zuko,DMG Esports,NLC Aurora Open,,EMEA,Troisième niveau,Support,12,-392.0,263.0,-351.0,,,
oe:player:36395aaade4e251370b11de21fb4208,Haoswen,Lundqvist Lightside,NLC Aurora Open,,EMEA,Troisième niveau,Support,21,-392.0,233.0,-349.0,28.0,0.0,0.0
oe:player:f683aadb1720a4a1766fcfc3b6d3ef5,Hunt,NORD Esports,NLC,EBL 14 games (Ankora Gaming),EMEA,Deuxième niveau,Mid,49,-392.0,211.0,-370.0,165.0,0.0,0.0
oe:player:158e66634420989d67e99e560380a1b,Bananiasty,UniQ Esports Club,NLC,LIT 14 games (Axolotl),EMEA,Deuxième niveau,Jungle,36,-392.0,224.0,-568.0,156.0,0.0,0.0
oe:player:310b0b6b9208c01085e034b3a61015c,IceBreaker,Gamespace Mediterranean College Esports,GLL,,EMEA,Deuxième niveau,Top,82,-394.0,197.0,-1049.0,170.0,0.0,0.0
oe:player:375cf33184adb62be76483cc45f5485,Urgaleex,Tan'i eSports,NEXO,,EMEA,Troisième niveau,Top,39,-395.0,222.0,830.0,26.0,0.0,0.0
oe:player:9416d2b35f75ac32beb7d83903afef4,Ragnarr,Lundqvist Lightside,NLC,,EMEA,Deuxième niveau,ADC,13,-395.0,239.0,-696.0,,,
oe:player:4f4e71938a105fe72bd18788fe53d40,Worst,White Dragons,LPLOL,,EMEA,Deuxième niveau,ADC,48,-395.0,227.0,351.0,168.0,0.0,0.0
oe:player:6a7d0d4d1d220434081caec2f1a5544,Artoria,GRP Esports,UL,HM 14 games (BRUTE),EMEA,Deuxième niveau,Mid,33,-396.0,217.0,-489.0,169.0,0.0,0.0
oe:player:4744f4fa897aa349aecf2dce948a0b4,Jean,Waia Snikt,LRN,,Brésil & Amérique latine,Deuxième niveau,Jungle,28,-398.0,247.0,-698.0,144.0,0.0,0.0
oe:player:9e239ff6abacdf305118af883b83db8,hybradge,Nativz,NLC,,EMEA,Deuxième niveau,Jungle,22,-398.0,229.0,-597.0,165.0,0.0,0.0
oe:player:2fc61bb93411ac7f0fb6c05ed978d7b,iwanan,Juicy Ballers,UL,,EMEA,Deuxième niveau,Mid,12,-398.0,236.0,-500.0,,,
oe:player:fbbdc14045f1d9b78dd8fd4ca50306d,Piqueos,Malvinas Gaming,LRS,,Brésil & Amérique latine,Deuxième niveau,Mid,14,-399.0,255.0,-582.0,,,
oe:player:5f1fa8a478e38410780e672d5c85da6,Lagolinas,Cyber Wolves,EBL,,EMEA,Deuxième niveau,Mid,13,-400.0,236.0,265.0,,,
oe:player:ebff19dca18591b706ef62780828337,Enva,Top 1 Benelux,ESLOL,,EMEA,Deuxième niveau,Top,25,-401.0,237.0,140.0,180.0,0.0,0.0
oe:player:466d302713c8abd2346b8f1e6ec6234,DoubleAiM,BeFive,EBL,,EMEA,Deuxième niveau,Jungle,53,-403.0,222.0,205.0,165.0,0.0,0.0
oe:player:e6ce7283fdcbb1efe1b120228a44fd3,ManoloGap,CORE 128,NEXO,,EMEA,Troisième niveau,Top,17,-404.0,234.0,783.0,,,
oe:player:396429d414a5e7021dd461a9f48d8a2,Mantorras,Leões Porto Salvo Esports,LPLOL,,EMEA,Deuxième niveau,Support,12,-405.0,244.0,118.0,,,
oe:player:388f53a1853c83dd27e09b4d8f80e3c,FlickeR,Partizan Esports,EBL,,EMEA,Deuxième niveau,ADC,62,-405.0,209.0,38.0,170.0,0.0,0.0
oe:player:0e124d33946bb002315d287841dd97a,klowny,Atleta Esport,LIT,GLL 25 games (Team Phantasma),EMEA,Deuxième niveau,Top,80,-406.0,193.0,-1009.0,156.0,0.0,0.0
oe:player:bca21155e285e491e905f3f9229330d,Dionelux,Lynch Esports,TSC,,EMEA,Deuxième niveau,Top,14,-406.0,235.0,-1085.0,,,
oe:player:9a952a4e99b134382d638f10fa2d620,Junwon,BNK FEARX Academy,LAS,,Corée,Troisième niveau,Support,16,-406.0,263.0,-1558.0,,,
oe:player:fc89421a5b3f5cbef82f93eed2a1f95,Sunblast,Furious Gaming,LRS,,Brésil & Amérique latine,Deuxième niveau,Top,17,-406.0,252.0,-574.0,,,
oe:player:afa69ea30b0f5c3710a40ecf8509119,Beaupere,ZennIT,ESLOL,,EMEA,Deuxième niveau,Mid,51,-407.0,215.0,159.0,177.0,0.0,0.0
oe:player:de75f2eb439368d9b39281bd0c4bdab,Soldier,EGN Esports,LPLOL,ESLOL 13 games (SNOOZE Esports),EMEA,Deuxième niveau,ADC,45,-407.0,212.0,295.0,170.0,0.0,0.0
oe:player:fe78f3efbfa84d8485d589031596c5b,Pallet,Team Refuse,GLL,,EMEA,Deuxième niveau,Jungle,43,-407.0,214.0,-348.0,160.0,0.0,0.0
oe:player:6c5488da88047ddfa7d6f8c68e58d16,Druust,Jörmungang,ESLOL,,EMEA,Deuxième niveau,Mid,17,-407.0,240.0,158.0,,,
oe:player:bd14fa86ca5a60aad4459ba4fefad6a,Pomo,BlueWhites,NLC,,EMEA,Deuxième niveau,Mid,28,-408.0,234.0,-451.0,172.0,0.0,0.0
oe:player:e6228f265b92269d2655a05a4824bfc,Daiky,Pirates IDV,LRN,,Brésil & Amérique latine,Deuxième niveau,Jungle,10,-408.0,245.0,-750.0,,,
oe:player:b146d01b1c50e07ca869c04c700b926,Chordy,Meta Gaming,LRS,,Brésil & Amérique latine,Deuxième niveau,Mid,31,-408.0,237.0,-628.0,163.0,0.0,0.0
oe:player:8f84b3e1ea431d26d9ad272eba9ba8c,Camana,Galakticos,TCL,TSC 17 games (Hazing Chase),EMEA,Deuxième niveau,Mid,31,-409.0,229.0,-1621.0,176.0,0.0,0.0
oe:player:32021f59c40539f27ff6300bb840ca2,Kaii,CORE 128,NEXO,,EMEA,Troisième niveau,ADC,20,-409.0,233.0,768.0,29.0,0.0,0.0
oe:player:a582d1e76f63cb24fe5ecec0409c137,Lucifer,BNK FEARX Academy,LAS,,Corée,Troisième niveau,ADC,36,-409.0,251.0,-1177.0,26.0,0.0,0.0
oe:player:a4dc9def7e969c9424c807a58d645e6,JTL,Waia Snikt,LRN,,Brésil & Amérique latine,Deuxième niveau,Top,29,-410.0,247.0,-900.0,158.0,0.0,0.0
oe:player:6aec0ace4133efdcd6a8ac81eb48f47,Sawyor,Fox Gaming,AL,ESLOL 24 games (A One Man Army),EMEA,Deuxième niveau,Jungle,49,-410.0,211.0,-925.0,165.0,0.0,0.0
oe:player:0a08034cdc4feac55c0bdfbc0f300db,Robba,mCon esports,ESLOL,,EMEA,Deuxième niveau,Top,36,-410.0,230.0,93.0,177.0,0.0,0.0
oe:player:5d36172323ff0ff9fb8e37f163bf44a,EdbyK,eSuba,HM,,EMEA,Deuxième niveau,Top,48,-411.0,211.0,-416.0,174.0,0.0,0.0
oe:player:470975ffaacfb7ebd76b0eb2d781ff0,Biskoo,RA'AD,AL,,EMEA,Deuxième niveau,Support,14,-411.0,235.0,-1109.0,,,
oe:player:dcd93cc48ba71890cc0580de524f536,FGG,Verdant,NLC Aurora Open,LES 32 games (ZETA),EMEA,Troisième niveau,Support,49,-412.0,213.0,-450.0,20.5,0.0,0.0
oe:player:3b01860b5631bf83c84d83eaa05267d,Phenomenal,Galakticos,TCL,,EMEA,Deuxième niveau,Mid,10,-413.0,236.0,-1643.0,,,
oe:player:1ed985bf5e092b7db1264cd79db60ea,Archfiend,Nativz,NLC Aurora Open,,EMEA,Troisième niveau,Top,10,-413.0,251.0,-1122.0,,,
oe:player:9c42b30baa984a43c287cd79394bb5d,Benzz,Diamant Esports,EBL,,EMEA,Deuxième niveau,ADC,21,-414.0,235.0,-9.0,180.0,0.0,0.0
oe:player:cad3acc5548fc9dbf4a02e6d6eb6e6b,FSZ,GTZ Esports,LPLOL,EBL 14 games (Crvena zvezda Esports),EMEA,Deuxième niveau,Mid,66,-414.0,201.0,233.0,173.0,0.0,0.0
oe:player:4e84f7ae16782f78f739c63aaea6170,Equinox,BNK FEARX Academy,LAS,,Corée,Troisième niveau,Top,15,-414.0,263.0,-1374.0,,,
oe:player:54f94ee334d6c7e7ccec18ed04cc487,Lord,WAP Esports,LRS,,Brésil & Amérique latine,Deuxième niveau,Mid,14,-417.0,255.0,-671.0,,,
oe:player:58e4bc9bfd8c3b7a030bedd62dfe4ea,TinjaNurtles,Leões Porto Salvo Esports,LPLOL,,EMEA,Deuxième niveau,Jungle,12,-418.0,244.0,96.0,,,
oe:player:9f7496860651fe8c09a00a9712102a3,ceskycechcz,eSuba,HM,,EMEA,Deuxième niveau,Mid,13,-419.0,231.0,-249.0,,,
oe:player:02a46d823c99446a67df49a7eebe4b6,Haster,devils.one inStreamly,UL,,EMEA,Deuxième niveau,Top,20,-420.0,230.0,-533.0,162.0,0.0,0.0
oe:player:cc7ac0910351fd879777d99935a6ba6,Ninten,eQuizers,NEXO,,EMEA,Troisième niveau,Support,25,-420.0,232.0,533.0,30.0,0.0,0.0
oe:player:94eacccfb7c67bf3618f855e796012f,Felkros,Waia Snikt,LRN,,Brésil & Amérique latine,Deuxième niveau,Support,29,-420.0,247.0,-1011.0,151.0,0.0,0.0
oe:player:e9b43cf8367b0cbc41e36813d82d9c9,Lenom,Galakticos,TCL,TSC 17 games (Hazing Chase),EMEA,Deuxième niveau,Top,33,-420.0,226.0,-1770.0,183.0,0.0,0.0
oe:player:7d12f9a2a5e31619bda571951328979,Kobrq,Waia Snikt,LRN,,Brésil & Amérique latine,Deuxième niveau,Mid,29,-420.0,247.0,-1141.0,158.0,0.0,0.0
oe:player:27e4eea238ec423752d3144c149b88f,Harbo,Lundqvist Lightside,NLC Aurora Open,NLC 12 games (Verdant),EMEA,Troisième niveau,Mid,25,-421.0,231.0,-425.0,28.0,0.0,0.0
oe:player:e437e2f60c1d9cd09c1fdd3302247aa,Mune,RA'AD,AL,,EMEA,Deuxième niveau,ADC,14,-421.0,235.0,-1771.0,,,
oe:player:243afb63fb97e1791ffee0cec41ecdf,Krysia,devils.one inStreamly,UL,,EMEA,Deuxième niveau,Jungle,35,-422.0,216.0,-835.0,167.0,0.0,0.0
oe:player:a39d2bfa964a33bd2781fd469425c3f,VaSKED,Dynamo Eclot,HM,,EMEA,Deuxième niveau,Support,25,-423.0,227.0,-14.0,173.0,0.0,0.0
oe:player:7436fcbebba393585b3d82723d6dd4e,Aeon,SNOOZE Esports,ESLOL,GLL 21 games (Gamespace Mediterranean College Esports),EMEA,Deuxième niveau,ADC,41,-423.0,215.0,127.0,154.0,0.0,0.0
oe:player:6ce666035ef498ce0b3604b393d05e7,Modliszka,devils.one inStreamly,UL,,EMEA,Deuxième niveau,Mid,13,-423.0,234.0,-625.0,,,
oe:player:d72248ffd848fc4247dc24954c90427,Torak,Lundqvist Lightside,NLC,,EMEA,Deuxième niveau,Mid,16,-424.0,231.0,-531.0,,,
oe:player:8df56cfdb368db210b702b71e109fb4,Traffy,devils.one inStreamly,UL,,EMEA,Deuxième niveau,Support,28,-424.0,218.0,-582.0,169.0,0.0,0.0
oe:player:bcd2f035521796a5545eb66d9e15dff,Achille,Axolotl,LIT,,EMEA,Deuxième niveau,Top,14,-425.0,242.0,-1104.0,,,
oe:player:423667fba2f135c9f20a1ab95308e08,Baashh,Lundqvist Lightside,NLC Aurora Open,,EMEA,Troisième niveau,Jungle,17,-426.0,241.0,-1035.0,,,
oe:player:021b3eb9262d136d74c75385ecd077b,Doraemon,ION Global Esports,LCO,,Asie-Pacifique,Ligue majeure,Top,38,-426.0,233.0,-131.0,98.0,0.0,0.0
oe:player:565edcb58e76115e571f38521946e41,Savero,Gamespace Mediterranean College Esports,GLL,HM 14 games (eSuba),EMEA,Deuxième niveau,Jungle,51,-427.0,211.0,-448.0,164.0,0.0,0.0
oe:player:8919dd8e521e752a1b1a13955554b9f,Foxie,Diamant Esports,EBL,,EMEA,Deuxième niveau,Mid,30,-427.0,231.0,130.0,189.0,0.0,0.0
oe:player:dc7ebef6711d92bfeb5377bfc72bb82,Polychiki,Jörmungang,ESLOL,,EMEA,Deuxième niveau,Support,17,-427.0,240.0,17.0,,,
oe:player:906c6cdbfce615131dafcbeb1bbe7e8,Blind Walker,Osaka,LRN,,Brésil & Amérique latine,Deuxième niveau,Jungle,18,-427.0,249.0,-846.0,,,
oe:player:cdc952e024c99837dc7af684adf322e,Joao,EGN Esports,LPLOL,LIT 14 games (Axolotl),EMEA,Deuxième niveau,Support,40,-429.0,219.0,2.0,173.0,0.0,0.0
oe:player:cefb78f4cb1e9cca79eefc393d98e72,Brayaron,Malvinas Gaming,LRS,,Brésil & Amérique latine,Deuxième niveau,Top,14,-431.0,255.0,-698.0,,,
oe:player:c3e31561579b69078812ea3b1968e13,Toffe,mCon esports,ESLOL,,EMEA,Deuxième niveau,Mid,46,-432.0,221.0,32.0,178.0,0.0,0.0
oe:player:c7626024998d95c842d896d2dde8f7c,Arutnev,Leões Porto Salvo Esports,LPLOL,,EMEA,Deuxième niveau,ADC,12,-433.0,244.0,161.0,,,
oe:player:9ee0b582a455fbf2d93765329731bc2,Sorrow,Kawaii Kiwis,NEXO,,EMEA,Troisième niveau,ADC,16,-434.0,230.0,644.0,,,
oe:player:1f892f04e94e144dadcc8be197d4f5b,minemaciek,Rebels Gaming,LES,EBL 14 games (Ankora Gaming),EMEA,Deuxième niveau,Support,52,-434.0,210.0,-1820.0,145.0,0.0,0.0
oe:player:8c94d8f085f29ee2785e796e60e13c0,Chova,The ParadOx Invaders,GLL,,EMEA,Deuxième niveau,Support,16,-435.0,229.0,-1386.0,,,
oe:player:335a1c64fb1fcd51fef976d73a69d08,Lvsyan,Dream Makers,NEXO,,EMEA,Troisième niveau,Mid,39,-435.0,226.0,615.0,28.0,0.0,0.0
oe:player:d0a1c2bb0cfe137d1a5d378ba97cae4,Chaleureux,Top 1 Benelux,ESLOL,,EMEA,Deuxième niveau,Support,25,-437.0,237.0,-36.0,180.0,0.0,0.0
oe:player:2075ead89d239c5c1cf7efcc52c026a,DANKI,Team Refuse,GLL,,EMEA,Deuxième niveau,Top,13,-438.0,236.0,-1270.0,,,
oe:player:e44656f9b68f444b6b9b58db4709732,Mirrai,Rich Gang,NLC Aurora Open,,EMEA,Troisième niveau,ADC,18,-439.0,233.0,-1311.0,,,
oe:player:78254fba153820035874ec50c87c941,Ribu,devils.one inStreamly,UL,,EMEA,Deuxième niveau,Mid,14,-439.0,234.0,-707.0,,,
oe:player:0cf773de3bd90133ed6e2037833be3c,Mangoo,RA'AD,AL,,EMEA,Deuxième niveau,ADC,13,-439.0,236.0,-1860.0,,,
oe:player:33f41da3cc793a226c6d42474e3cd95,Erolle,Verdant,NLC,,EMEA,Deuxième niveau,Mid,16,-440.0,235.0,-610.0,,,
oe:player:ee77979659a67527accede6f9c5f75d,Rabbit,Wild Panthers Esports,GLL,,EMEA,Deuxième niveau,Jungle,11,-440.0,235.0,-515.0,,,
oe:player:885383f16fccd10370814fcd862aa10,Antonio,devils.one inStreamly,UL,,EMEA,Deuxième niveau,ADC,34,-442.0,220.0,-419.0,165.0,0.0,0.0
oe:player:0bd45d47b73e78d1d7167c6b493241f,Xelar,LODIS,UL,,EMEA,Deuxième niveau,ADC,27,-443.0,232.0,-422.0,170.0,0.0,0.0
oe:player:2f1716aa3878872116af091a7547b07,Kabs,42 Gaming,NLC,,EMEA,Deuxième niveau,ADC,13,-443.0,234.0,-938.0,,,
oe:player:f5002ae2d18fb61f94b1a977887043e,Soul,Lynch Esports,TSC,,EMEA,Deuxième niveau,Support,13,-443.0,236.0,-1264.0,,,
oe:player:fc6003dc87eeb21cbf6f41ad2dfd4bb,Wooper,DN SOOPers Academy,LAS,,Corée,Troisième niveau,ADC,52,-444.0,253.0,-1350.0,20.0,0.0,0.037
oe:player:ee9cc30096f8d5f0c1969156f55680c,naau,Rebels Gaming,LES,,EMEA,Deuxième niveau,Jungle,22,-444.0,228.0,-2160.0,150.0,0.0,0.0
oe:player:e0a43168d41258cae77aed2b6126541,Sh3ry,Tan'i eSports,NEXO,,EMEA,Troisième niveau,Support,33,-445.0,222.0,407.0,30.0,0.0,0.0
oe:player:0ade3f735dc636c90939247c5fe68f3,Ketim,LODIS,UL,,EMEA,Deuxième niveau,Jungle,27,-449.0,232.0,-971.0,168.0,0.0,0.0
oe:player:6329c2fb6733857c130388006650875,TenT,Burning Core Toyama Academy,PCL,,Asie-Pacifique,Deuxième niveau,ADC,13,-449.0,269.0,-1554.0,,,
oe:player:7271041e578de87185bdaa37433c810,Anonymouss,Myth Esports,ESLOL,EBL 18 games (Lupus Esports),EMEA,Deuxième niveau,Jungle,49,-449.0,212.0,201.0,164.0,0.0,0.0
oe:player:ba62cc99a31d755b9e9229e15ccc467,Murph,RA'AD,AL,,EMEA,Deuxième niveau,Top,14,-450.0,235.0,-1626.0,,,
oe:player:a79e2b91c2eb73f7264b0ffa3db4e34,Asta,Top 1 Benelux,ESLOL,,EMEA,Deuxième niveau,Jungle,25,-450.0,237.0,195.0,175.0,0.0,0.0
oe:player:8429daba1cf5e1f32cc0d08298a944d,Cristonex,Osaka,LRN,,Brésil & Amérique latine,Deuxième niveau,Top,17,-450.0,249.0,-1103.0,,,
oe:player:72cf194e05e421633bc0940e9983186,yanjee,Hurricane of Feathers,LPLOL,GLL 10 games (Wild Panthers Esports),EMEA,Deuxième niveau,Jungle,36,-451.0,215.0,-65.0,177.0,0.0,0.0
oe:player:dea972a85819808d16b1c4e6173a5a6,Setra,OGC Esports,HM,,EMEA,Deuxième niveau,Top,17,-452.0,228.0,-619.0,,,
oe:player:ded84ce8443d8de05174cd9b702c4e6,uden,Anonymo Esports,UL,,EMEA,Deuxième niveau,Support,14,-452.0,236.0,-720.0,,,
oe:player:f8e809d2354cd33f8e96e072c81bf4b,Hattor1s,Lundqvist Lightside,NLC Aurora Open,,EMEA,Troisième niveau,ADC,13,-452.0,256.0,-1372.0,,,
oe:player:6c5b90cea858312b4a7f070448f8cd1,Ferrari,RQS Esports,ESLOL,,EMEA,Deuxième niveau,Jungle,15,-454.0,240.0,178.0,,,
oe:player:ebe2f79349384accfdc500b7fbf364d,Tsugara,Top 1 Benelux,ESLOL,,EMEA,Deuxième niveau,Mid,25,-455.0,237.0,-81.0,184.0,0.0,0.0
oe:player:c664a24ea7c8c455fdfef7304cfc5f3,Izaenk,Undead Gaming,LRS,,Brésil & Amérique latine,Deuxième niveau,Top,28,-455.0,251.0,-819.0,172.0,0.0,0.0
oe:player:1f3d8591f96bc0fda1bde2764178b83,Neo,DN SOOPers Academy,LAS,,Corée,Troisième niveau,Support,55,-456.0,253.0,-1806.0,16.0,0.0,0.0
oe:player:0b9190d15002ae463cfa4ac4c29abf7,Rexat,42 Gaming,NLC,,EMEA,Deuxième niveau,Support,16,-456.0,233.0,-567.0,,,
oe:player:e29ed806daf39c7a06053ad25958831,Mitir,DSC3V,LRN,,Brésil & Amérique latine,Deuxième niveau,Jungle,15,-457.0,250.0,-994.0,,,
oe:player:fc933812510df6cb519bd1bb5677631,Maged,RA'AD,AL,,EMEA,Deuxième niveau,Top,34,-457.0,221.0,-1660.0,175.0,0.0,0.0
oe:player:18b8492d0ee53faa776189c01d5076d,MrPhant0m,Zerolag Esports,GLL,,EMEA,Deuxième niveau,ADC,10,-458.0,236.0,-1114.0,,,
oe:player:07246543c68cf361f00921dbea24efe,Marcv1,Oxygen Gaming,NEXO,,EMEA,Troisième niveau,ADC,39,-459.0,219.0,518.0,31.0,0.0,0.0
oe:player:1bf0a2069f5d7c3cc5b32726049a99f,Sekkou,Diamant Esports,EBL,,EMEA,Deuxième niveau,Support,21,-459.0,235.0,-150.0,181.0,0.0,0.0
oe:player:58b73c3c62ee32e3ccc3bbf87e86dd3,Paparotis,The ParadOx Invaders,GLL,,EMEA,Deuxième niveau,ADC,14,-460.0,232.0,-1124.0,,,
oe:player:eb73a074813cb61e81a742c0e4e55cd,Joekie,Team Shrimp,ESLOL,,EMEA,Deuxième niveau,Jungle,11,-460.0,241.0,144.0,,,
oe:player:e15b1554a43df5867d68bd0bf921d78,Crisma,SNOOZE Esports,ESLOL,UL 17 games (Forsaken),EMEA,Deuxième niveau,Support,30,-462.0,217.0,-158.0,168.0,0.0,0.0
oe:player:0e6c8380e804e9a22a6e0d044dfa1e1,Ryujin,EKO Esports,LIT,,EMEA,Deuxième niveau,Jungle,14,-462.0,242.0,-2188.0,,,
oe:player:9382c86cd6fa6f154e8e5a6ac04f9ba,Humble,Wild Panthers Esports,GLL,,EMEA,Deuxième niveau,ADC,21,-463.0,225.0,-1140.0,181.0,0.0,0.0
oe:player:ae380722f9cab8ed1969201b1fcda6d,Mietek,GRP Esports,UL,,EMEA,Deuxième niveau,Top,32,-464.0,223.0,-753.0,173.0,0.0,0.0
oe:player:66d040632ba3e1ae771ddced2f6e050,Esko,eSuba,HM,,EMEA,Deuxième niveau,ADC,50,-465.0,207.0,-565.0,173.5,0.0,0.0
oe:player:943f53d325e6a71dab00800edcbbac6,Shakur,Zerolag Esports,GLL,LPLOL 10 games (GTZ Esports),EMEA,Deuxième niveau,ADC,24,-465.0,222.0,-1150.0,170.0,0.0,0.0
oe:player:0e0105089c58fa44480f11ebaade6db,Shieldworm,Osaka,LRN,,Brésil & Amérique latine,Deuxième niveau,Mid,18,-466.0,243.0,-1370.0,,,
oe:player:6b2acf5555e281f3e64f9a338da6a66,destiny,Antic Esports,LCO,,Asie-Pacifique,Ligue majeure,ADC,12,-467.0,242.0,-461.0,,,
oe:player:244c5c070690c87f25f4f9dff2dbea5,enel1,Fluxo Academy,CBLOLA,,Brésil & Amérique latine,Deuxième niveau,Jungle,19,-468.0,237.0,-1656.0,,,
name:FFE Jojonyjohns,FFE Jojonyjohns,Fight For Ever,ESLOL,,EMEA,Deuxième niveau,Support,11,-468.0,242.0,-189.0,,,
oe:player:3d6c9ac08ada31c184094bbc67afe00,Mean,Myth Esports,ESLOL,,EMEA,Deuxième niveau,ADC,24,-470.0,237.0,-110.0,179.0,0.0,0.0
oe:player:c621963a1ce2f0d77627ce04b22a249,Leks,SNOOZE Esports,ESLOL,,EMEA,Deuxième niveau,Top,50,-472.0,220.0,-215.0,185.0,0.0,0.0
oe:player:d17e0bd143c7353f6c36bba172f4a52,Ko1eee,ION Global Esports,LCO,,Asie-Pacifique,Ligue majeure,Jungle,21,-472.0,239.0,-321.0,102.0,0.0,0.0
oe:player:bc596913aa23926993c8114c5179c99,Baumeef,42 Gaming,NLC,,EMEA,Deuxième niveau,Jungle,13,-474.0,234.0,-978.0,,,
oe:player:cbfd820d32cddf7238a742a9ee65add,Waide,Universae Instituto FP,NEXO,,EMEA,Troisième niveau,Jungle,27,-475.0,226.0,336.0,28.0,0.0,0.0
oe:player:3d5ddc7000ad649a950c279fd559147,Fluffy,Dynasty,ESLOL,,EMEA,Deuxième niveau,Jungle,14,-476.0,237.0,68.0,,,
oe:player:3095d8f7f9a0e5a05330f99a6530fa7,Charley,Burning Core Toyama,LJL,,Asie-Pacifique,Ligue majeure,Support,28,-476.0,229.0,-931.0,98.0,0.0,0.0
oe:player:6f170b7669ad4fb4789e5dd41f84f52,Afriibi,mCon esports,ESLOL,,EMEA,Deuxième niveau,ADC,40,-476.0,228.0,-139.0,175.0,0.0,0.0
oe:player:dba8a17e359c34ae247f90a921b8386,JohnGiannis,The ParadOx Invaders,GLL,,EMEA,Deuxième niveau,Top,22,-478.0,223.0,-1467.0,184.0,0.0,0.0
oe:player:f5398d82aa4655c8f832df880829397,John P,Team Shrimp,ESLOL,,EMEA,Deuxième niveau,Top,16,-479.0,240.0,-247.0,,,
oe:player:8b0bf112e32d75e65b3c8a618df42fc,Sivvy,RA'AD,AL,,EMEA,Deuxième niveau,Support,20,-479.0,232.0,-1448.0,177.0,0.0,0.0
oe:player:661f2338488eb840afff295d76ee6dd,LorLor,Myth Esports,ESLOL,,EMEA,Deuxième niveau,Mid,24,-480.0,237.0,-208.0,184.0,0.0,0.0
oe:player:ea0d95b36a67755627d018140491a6b,Stookbeer,Dynasty,ESLOL,,EMEA,Deuxième niveau,Support,34,-480.0,225.0,-248.0,187.0,0.0,0.0
oe:player:6dcf7c1bdb5c0f1bdc3f94e6b31ec5d,Milica,Partizan Esports,EBL,,EMEA,Deuxième niveau,Mid,56,-481.0,223.0,-142.0,184.0,0.0,0.0
oe:player:a0b096c43f35f3b06d2c8ae068b03cc,Findo,FURY Global,LCO,,Asie-Pacifique,Ligue majeure,Support,30,-481.0,236.0,-531.0,100.0,0.0,0.0
oe:player:55e35458830cbecac40b04619bd6029,STANIK,Dynamo Eclot,HM,LIT 14 games (DREN Esports),EMEA,Deuxième niveau,Mid,39,-481.0,214.0,-563.0,182.0,0.0,0.0
oe:player:94bd09e871c2cae3e60162432331159,Boncuk,NASR eSports Turkey,TCL,,EMEA,Deuxième niveau,ADC,15,-481.0,233.0,-1972.0,,,
oe:player:a4bd7b6ec94af224dfb5856d7ba6494,HandiDog,ATK Esports,ESLOL,,EMEA,Deuxième niveau,Top,12,-481.0,241.0,-262.0,,,
oe:player:28d24f9c86d24b84313485a5a07d238,Tochas,Cyber Wolves,EBL,LPLOL 13 games (GTZ Esports),EMEA,Deuxième niveau,Support,42,-481.0,208.0,-263.0,181.0,0.0,0.0
oe:player:fd232826ff3976840e994bb85a3bd46,Domoles,LODIS,UL,,EMEA,Deuxième niveau,Mid,33,-483.0,225.0,-922.0,179.0,0.0,0.0
oe:player:e53268a4e85477f3651cd836f6ea4f2,PmK,LODIS,UL,,EMEA,Deuxième niveau,Top,27,-483.0,232.0,-850.0,179.0,0.0,0.0
oe:player:ead123bc5706bdf3415b8c5398e7db6,SHIHAN,Verdant,NLC,,EMEA,Deuxième niveau,Top,14,-483.0,238.0,-995.0,,,
oe:player:0ce7d005657394093263af4a442a18d,MrLemon,Tomorrow Esports,LRN,,Brésil & Amérique latine,Deuxième niveau,Jungle,20,-484.0,240.0,-1129.0,147.0,0.0,0.0
oe:player:f72af12f47362bdec4b0ca91070cf43,DANY,Dynamo Eclot,HM,,EMEA,Deuxième niveau,ADC,34,-485.0,219.0,-663.0,174.0,0.0,0.0
oe:player:54f7bf9e5906b3e25309575897000e1,Bruno,CORE 128,NEXO,,EMEA,Troisième niveau,Jungle,16,-485.0,239.0,286.0,,,
oe:player:c05acde6e582d7ebc7f7b5738d7ff2e,Nikola,Crvena zvezda Esports,EBL,,EMEA,Deuxième niveau,Support,40,-487.0,221.0,-290.0,180.0,0.0,0.0
oe:player:391d9fced43f3669f7028189f1b7550,Sïgma,Top 1 Benelux,ESLOL,,EMEA,Deuxième niveau,ADC,25,-487.0,237.0,-193.0,180.0,0.0,0.0
oe:player:d5198fc6b3812a25b5310a6d8f10a79,Zefta,Aurora,ESLOL,,EMEA,Deuxième niveau,Jungle,14,-488.0,241.0,5.0,,,
oe:player:bc31c8adf0fb0393245a277732ca7d5,Snurmi,BlueWhites,NLC,,EMEA,Deuxième niveau,ADC,12,-490.0,241.0,-1171.0,,,
oe:player:c62419314cffbc6e4f3a9b5304e3ddb,Melody,Osaka,LRN,,Brésil & Amérique latine,Deuxième niveau,Support,18,-491.0,249.0,-1367.0,,,
oe:player:97a0400043a4c39d3fba098cb45be22,Aggress1on,Veni Vidi Vici,NEXO,,EMEA,Troisième niveau,ADC,10,-491.0,245.0,356.0,,,
oe:player:aa11f28607376fa521dd2625569a656,Rylle,eSuba,HM,,EMEA,Deuxième niveau,Mid,25,-491.0,223.0,-613.0,182.0,0.0,0.0
oe:player:730c5303ed20f4a0786016e34184b25,Tumay,Galakticos,TCL,,EMEA,Deuxième niveau,Jungle,12,-492.0,235.0,-2379.0,,,
oe:player:3e506ceaced4619ee1fba72c57cac54,Kamyta,Hurricane of Feathers,LPLOL,GLL 14 games (Team Legion),EMEA,Deuxième niveau,Support,40,-492.0,214.0,-313.0,183.0,0.0,0.0
oe:player:4c0388dc046ba0100f9e6bed6c876cd,Kitin,DSC3V,LRN,,Brésil & Amérique latine,Deuxième niveau,ADC,10,-497.0,255.0,-1224.0,,,
oe:player:1e5e1047837e8be1dc45d1f0103fa11,Griffon,One More Esports,AL,,EMEA,Deuxième niveau,Mid,14,-497.0,233.0,-2025.0,,,
oe:player:14d0dab3e12ed65e6574c826f3efa3e,Theoloris,Nativz,NLC,,EMEA,Deuxième niveau,Top,20,-497.0,228.0,-1066.0,184.0,0.0,0.0
oe:player:d2c3f469076bec7c92eb899661a441d,Bobsik,Maverix,HM,HC 17 games (Maverix),EMEA,Deuxième niveau,Top,38,-497.0,229.0,-847.0,195.0,0.0,0.0
oe:player:2f4f2dee8ff4affae6ada7751300395,StanPelly,ZennIT,ESLOL,,EMEA,Deuxième niveau,Jungle,22,-497.0,230.0,-39.0,181.0,0.0,0.0
oe:player:1d35270338bf28830fbaff7e93d9148,Bcan,RQS Esports,ESLOL,,EMEA,Deuxième niveau,Mid,18,-499.0,239.0,-303.0,,,
oe:player:bce8b899b5a93c48a047efc86cff825,MetroArcher,Team Legion,GLL,,EMEA,Deuxième niveau,ADC,14,-499.0,237.0,-1322.0,,,
oe:player:35427c8d09f57bbb4e29cae70af0dbe,Chungy,Dire Wolves,LCO,,Asie-Pacifique,Ligue majeure,Top,11,-499.0,244.0,-497.0,,,
oe:player:48386132af27e43a232bada68b102b8,topo,Universae Instituto FP,NEXO,,EMEA,Troisième niveau,Top,34,-499.0,219.0,306.0,28.0,0.0,0.0
oe:player:29168c0f1c2da65c3b84bd1d53f2569,Flawed,SNOOZE Esports,ESLOL,,EMEA,Deuxième niveau,Jungle,37,-500.0,221.0,-55.0,181.0,0.0,0.0
oe:player:d13a22299df0cee586407b889fc69c2,Faetski,GRP Esports,UL,,EMEA,Deuxième niveau,ADC,33,-500.0,223.0,-706.0,171.0,0.0,0.0
oe:player:ec0b2acd69ac90bab193393bd8b226a,Phoenix,Team Shrimp,ESLOL,,EMEA,Deuxième niveau,Top,17,-501.0,240.0,-358.0,,,
oe:player:4633e95a45867812d25dd5dbe236da6,c0st0m,BlueWhites,NLC,,EMEA,Deuxième niveau,Mid,10,-501.0,236.0,-915.0,,,
oe:player:a4789b372c90f205df8abe782ea8c51,Jimsnop,The ParadOx Invaders,GLL,,EMEA,Deuxième niveau,Mid,33,-502.0,218.0,-1137.0,185.0,0.0,0.0
oe:player:cb319d6884fb0e1aa1fc626afea611d,Aliplane,Myth Esports,ESLOL,,EMEA,Deuxième niveau,ADC,14,-503.0,240.0,-272.0,,,
oe:player:736c7b33d365f429191e05fd297c784,Mettoe,Myth Esports,ESLOL,,EMEA,Deuxième niveau,Mid,14,-506.0,240.0,-338.0,,,
oe:player:0f0b0a45df28cf6869d4d6f31cac9a4,Marty,mCon esports,ESLOL,,EMEA,Deuxième niveau,Mid,35,-506.0,225.0,-339.0,191.0,0.0,0.0
oe:player:b8e16de0c7504f66ea36d4acf68f4fd,m0chi,Dire Wolves,LCO,,Asie-Pacifique,Ligue majeure,Jungle,10,-508.0,244.0,-499.0,,,
oe:player:ac58161ab2cdcc336f207de13e02b9e,DuarteV,Hurricane of Feathers,LPLOL,,EMEA,Deuxième niveau,ADC,19,-508.0,236.0,-210.0,,,
oe:player:e427c5e627936477e7b83048bf11092,Intio,Osaka,LRN,,Brésil & Amérique latine,Deuxième niveau,ADC,18,-509.0,249.0,-1285.0,,,
oe:player:ccd47b3ec9b7a034b2b71e8516427e3,ZaFiR,Zerolag Esports,GLL,,EMEA,Deuxième niveau,Support,13,-509.0,235.0,-1756.0,,,
oe:player:22d23b7be2571eb1725faff686d9d15,Ag0nyPain,DMG Esports,NLC,,EMEA,Deuxième niveau,Mid,14,-509.0,235.0,-958.0,,,
oe:player:d451ac8d8f70e6d10d3b768fb534052,Aru,BNK FEARX Academy,LAS,,Corée,Troisième niveau,Mid,18,-509.0,262.0,-1792.0,,,
oe:player:1733d4f6c49abf26b81cf392e593c8f,Exnom,DREN Esports,LIT,,EMEA,Deuxième niveau,ADC,14,-511.0,241.0,-2033.0,,,
oe:player:c1353b4e2353fa3dc4e590d580ed9e5,MKR,BlueWhites,NLC,,EMEA,Deuxième niveau,ADC,34,-511.0,220.0,-1278.0,175.0,0.0,0.0
oe:player:3b15f54dbfc44e273552512d4b60e09,Eska,Fight For Ever,ESLOL,,EMEA,Deuxième niveau,ADC,11,-511.0,242.0,-311.0,,,
oe:player:bd2f95f1b93aa2f98315bf3dfc08f28,Fateware,Eclipse Gaming,LRS,,Brésil & Amérique latine,Deuxième niveau,ADC,18,-512.0,250.0,-1182.0,,,
oe:player:2c6ce5f26dcf44c9d72e535138bb456,Invictis,Kanga Esports,LCO,,Asie-Pacifique,Ligue majeure,Jungle,16,-512.0,243.0,-521.0,,,
oe:player:e29fe54cd8b728613d222c45beb5d66,Mauki,A One Man Army,ESLOL,,EMEA,Deuxième niveau,ADC,14,-513.0,241.0,-323.0,,,
oe:player:012933d16036b22253c77d45faa69b7,sirottyo,V3 Esports Academy,PCL,,Asie-Pacifique,Deuxième niveau,Top,24,-514.0,265.0,-2050.0,168.0,0.0,0.0
oe:player:ba0555049bc1c041839c65f6b0af6dc,Gilito,eQuizers,NEXO,,EMEA,Troisième niveau,Support,22,-514.0,231.0,64.0,32.0,0.0,0.0
oe:player:9c5c646d2acabd84f7067db6f6e1eb6,Tomasino,FURY Global,LCO,,Asie-Pacifique,Ligue majeure,Top,22,-516.0,236.0,-580.0,99.0,0.0,0.0
oe:player:555e3934816743f30cdda4c7cc0dfe3,Momo,DetonatioN FocusMe Academy,PCL,,Asie-Pacifique,Deuxième niveau,Top,47,-517.0,266.0,-2064.0,135.0,0.0,0.0
oe:player:1879bed8667ed1b6b99f34f9acb6a20,Xeltop,Klanik Esport,NL,,EMEA,Troisième niveau,Mid,11,-518.0,236.0,-2003.0,,,
oe:player:3bc13ea6109bc562b748f91a7fd56ad,Makk,Dynamo Eclot,HM,,EMEA,Deuxième niveau,Top,14,-518.0,237.0,-949.0,,,
oe:player:e9ebf0a45c8695e31714bc8ff096745,sheol,Pertinax Esports,ESLOL,,EMEA,Deuxième niveau,Top,16,-519.0,237.0,-450.0,,,
oe:player:6ac7a781b2f6782d2fecb6ddfeee955,Sw3ry,eSuba,HM,LIT 14 games (ENEMI3S),EMEA,Deuxième niveau,Support,40,-520.0,212.0,-499.0,180.0,0.0,0.0
oe:player:bc68447931d007649eacc11979c1130,Noki,Diamant Esports,EBL,,EMEA,Deuxième niveau,Support,19,-520.0,229.0,-460.0,,,
oe:player:0f85b549fe1f2d3f869e4c95bf74091,evol,AXIZ CREST Academy,PCL,,Asie-Pacifique,Deuxième niveau,ADC,41,-523.0,258.0,-1925.0,137.0,0.0,0.0
oe:player:3f364c4a0e11df79bcf62f295c9a4de,Rosa,INTZ Academy,CBLOLA,,Brésil & Amérique latine,Deuxième niveau,ADC,16,-524.0,285.0,-1921.0,,,
oe:player:c3d0fe66f45a2105676f3f846711be7,Madly,Comanchero Gaming,TSC,,EMEA,Deuxième niveau,Top,17,-524.0,243.0,-1675.0,,,
oe:player:b8a360b79729f257c50155bde44fbfd,Keycraftsman,RQS Esports,ESLOL,,EMEA,Deuxième niveau,Support,18,-525.0,239.0,-473.0,,,
oe:player:e140d3f0188ec0314bd5767df79a8a9,TjaTjonny,RQS Esports,ESLOL,,EMEA,Deuxième niveau,Top,18,-526.0,239.0,-483.0,,,
oe:player:843904945e20b8d57efd59cd1387bd6,Taara,INTZ Academy,CBLOLA,,Brésil & Amérique latine,Deuxième niveau,ADC,14,-526.0,242.0,-1929.0,,,
oe:player:d9fa2c61b28c148ca601304d360ebfb,Aincardz,Anonymo Esports,UL,,EMEA,Deuxième niveau,Jungle,18,-527.0,229.0,-1362.0,,,
oe:player:c75dc1e4b473685a0c5be29354313d0,Qu4rtzo,ZeroZone Gaming,LPLOL,,EMEA,Deuxième niveau,ADC,26,-527.0,222.0,-306.0,187.0,0.0,0.0
oe:player:fdde756c37f499c36df183d987b3c6d,Ibai,eQuizers,NEXO,,EMEA,Troisième niveau,ADC,22,-528.0,230.0,174.0,32.0,0.0,0.0
oe:player:48f30334a4a3aec6b19383eda333bfd,Dyenn,Kawaii Kiwis,NEXO,,EMEA,Troisième niveau,Mid,42,-528.0,222.0,150.0,30.0,0.0,0.0
oe:player:23b9dc4c36313e3cd3e977bd0042002,Chirp,FURY Global,LCO,,Asie-Pacifique,Ligue majeure,Mid,32,-528.0,237.0,-177.0,94.0,0.0,0.0
oe:player:f2747aafb3bed220e4c68c7649265d7,walker,BNK FEARX Academy,LAS,,Corée,Troisième niveau,Jungle,18,-529.0,262.0,-1945.0,,,
oe:player:d5eca41c6571d711905a0ea16049a3b,Zhovy,ION Global Esports,LCO,,Asie-Pacifique,Ligue majeure,Mid,39,-529.0,233.0,-184.0,93.0,0.0,0.0
oe:player:de4379dd030940748fda299909f241f,Sh1vq,AXIZ CREST Academy,PCL,,Asie-Pacifique,Deuxième niveau,Support,40,-530.0,259.0,-1775.0,138.0,0.0,0.0
oe:player:17e0e126a99a3d00707cb0325aeb19e,Yuji,DetonatioN FocusMe Academy,PCL,,Asie-Pacifique,Deuxième niveau,Mid,47,-530.0,266.0,-1828.0,146.0,0.0,0.0
oe:player:662e402075e397e4afaea9c752cec96,Hatred,Crvena zvezda Esports,EBL,,EMEA,Deuxième niveau,Jungle,14,-532.0,238.0,-441.0,,,
oe:player:b4c32596abff89017afa7a0b027c0df,Kweezer,RED OUAT,ESLOL,,EMEA,Deuxième niveau,Jungle,23,-532.0,239.0,-217.0,182.0,0.0,0.0
oe:player:f74c3169058654b860fc97bf2416490,Blum,Fight For Ever,ESLOL,,EMEA,Deuxième niveau,Jungle,11,-533.0,242.0,-222.0,,,
oe:player:06f016d5551322d49fad225b21de646,kehvo,Anonymo Esports,UL,ESLOL 24 games (A One Man Army),EMEA,Deuxième niveau,ADC,44,-533.0,222.0,-870.0,184.0,0.0,0.0
oe:player:2bd7ad72406066b1bae3318736dfa8f,Menninkäinen,DMG Esports,NLC Aurora Open,,EMEA,Troisième niveau,Top,12,-534.0,263.0,-1723.0,,,
oe:player:307b6fb75c459e5d0f628aa8e9e438c,Solid,DN SOOPers Academy,LAS,,Corée,Troisième niveau,Jungle,60,-535.0,257.0,-1980.0,21.0,0.0,0.0
oe:player:213b7ff3ba0e2f601dfd2f8b325fc31,CaviaVampier,RQS Esports,ESLOL,,EMEA,Deuxième niveau,ADC,18,-536.0,239.0,-439.0,,,
oe:player:f311f38967bcaca48abdbb1d470542b,Paladin,BeFive,EBL,,EMEA,Deuxième niveau,ADC,35,-537.0,219.0,-622.0,192.0,0.0,0.0
oe:player:f6c92cc6716b5a99dc2cb002ea1cfc0,Kurahuto,DetonatioN FocusMe Academy,PCL,,Asie-Pacifique,Deuxième niveau,Support,47,-537.0,266.0,-1813.0,135.0,0.0,0.0
oe:player:2df9400a4e973e6f4be13a0a475cbaf,Evangelyne,RED OUAT,ESLOL,,EMEA,Deuxième niveau,ADC,23,-538.0,239.0,-446.0,187.0,0.0,0.0
oe:player:ac3dc02f5d3f2ec0c396cfa95de986e,J0J0C,Wild Panthers Esports,GLL,,EMEA,Deuxième niveau,Mid,14,-539.0,229.0,-1319.0,,,
oe:player:058fcf8b126253956deb3ce672d107a,Terror,Crvena zvezda Esports,EBL,,EMEA,Deuxième niveau,Top,14,-539.0,238.0,-366.0,,,
oe:player:0b561e1f67d3219a8dd379878960561,DVLK,eSuba,HM,,EMEA,Deuxième niveau,Mid,27,-539.0,219.0,-853.0,183.0,0.0,0.0
oe:player:823520c81830a5fb0e80365091ed89f,Shinki,Dire Wolves,LCO,,Asie-Pacifique,Ligue majeure,Support,27,-540.0,233.0,-824.0,102.0,0.0,0.0
oe:player:d1abf60b73ebffc520bc33915ff22e0,Quetz,Guinea Pink,NEXO,,EMEA,Troisième niveau,Mid,11,-541.0,245.0,86.0,,,
oe:player:52026f8a4935831eed6a3daccc1c513,Eαgle,DREN Esports,LIT,,EMEA,Deuxième niveau,Jungle,14,-541.0,241.0,-2581.0,,,
oe:player:ffcc3efb18816a2c442bbcd1e759d96,Khaydarin,Aurora,ESLOL,,EMEA,Deuxième niveau,ADC,14,-543.0,241.0,-475.0,,,
oe:player:23ab75c2e3193db3d24e77f4c73c4b6,Nebula,ION Global Esports,LCO,,Asie-Pacifique,Ligue majeure,ADC,18,-543.0,241.0,-838.0,,,
oe:player:97918c1c927127c4865c5cbd5f1dd08,Uknow,DN SOOPers Academy,LAS,,Corée,Troisième niveau,Top,60,-546.0,257.0,-2037.0,19.0,0.0,0.0
oe:player:5c733f999219fd5797a2a47b19f51b7,danzA,Dynamo Eclot,HM,,EMEA,Deuxième niveau,Mid,14,-547.0,237.0,-890.0,,,
oe:player:a4e7ab18a8d310e0e2f6d8a9d17f20f,Dancer,devils.one inStreamly,UL,,EMEA,Deuxième niveau,Support,28,-547.0,221.0,-1197.0,182.0,0.0,0.0
oe:player:f528af12ef82e7257a7da4f8cd3c54c,Alba,Hurricane of Feathers,LPLOL,,EMEA,Deuxième niveau,Jungle,16,-548.0,238.0,-552.0,,,
oe:player:a56b3af349e9d516c2d4b1abd445c39,WindMimiC,ATK Esports,ESLOL,,EMEA,Deuxième niveau,Mid,12,-550.0,241.0,-559.0,,,
oe:player:c71b4244f70372f8be07a3e83c58490,Heroic,SNOOZE Esports,ESLOL,GLL 13 games (Zerolag Esports),EMEA,Deuxième niveau,Mid,39,-550.0,212.0,-560.0,194.0,0.0,0.0
oe:player:5a98ba300e1c781d7e91e1ac52902e2,Woohee,Eclipse Gaming,LRS,,Brésil & Amérique latine,Deuxième niveau,Support,19,-550.0,249.0,-1314.0,,,
oe:player:d5e0ff7618d3da55aa323192c0c682f,Yuu,Burning Core Toyama Academy,PCL,,Asie-Pacifique,Deuxième niveau,Top,17,-550.0,269.0,-2227.0,,,
oe:player:977c08d9110a920f640e0ff946696fb,Ham,DetonatioN FocusMe Academy,PCL,,Asie-Pacifique,Deuxième niveau,Jungle,47,-551.0,266.0,-1952.0,129.0,0.0,0.0
oe:player:8ce650fdb50030d031e6bc414cbbee5,Eskiper,Green Dolphin Gaming,NEXO,,EMEA,Troisième niveau,Support,33,-552.0,221.0,-128.0,33.0,0.0,0.0
oe:player:7b14941023e61cb7290707f633af718,Voluxa,BlueWhites,NLC,,EMEA,Deuxième niveau,Top,39,-552.0,227.0,-1339.0,187.0,0.0,0.0
oe:player:9c2de80bfa79f67990c54782d3c529a,Hexflash,ION Global Esports,LCO,,Asie-Pacifique,Ligue majeure,Support,37,-553.0,232.0,-889.0,101.0,0.0,0.0
oe:player:ed6b2c95feaa4fd78f2ed6cd24dedf4,Kurilius,Kawaii Kiwis,NEXO,,EMEA,Troisième niveau,ADC,28,-554.0,236.0,40.0,34.0,0.0,0.0
oe:player:eb49347ab6d5a43a87036409e7fcb1e,MyCash,Delta Syndicate,HC,,EMEA,Troisième niveau,Top,51,-556.0,222.0,1096.0,29.0,0.0,0.0
oe:player:f77c2becc8145352a637a382dd53fce,Bolyy1,Oxygen Gaming,NEXO,,EMEA,Troisième niveau,Support,15,-557.0,234.0,-154.0,,,
oe:player:17ae4f247f5fc521bff004a97f4df72,Flip,DN SOOPers Academy,LAS,,Corée,Troisième niveau,Mid,60,-557.0,257.0,-2031.0,20.0,0.0,0.0
oe:player:f6f8d33e55497cb40269be33f894ab6,LeoLeCargo,Dynamo Eclot,HM,,EMEA,Deuxième niveau,Support,22,-559.0,232.0,-697.0,185.0,0.0,0.0
oe:player:98fc3ccf6f80bb52dcf74e59fe7834e,r0bbed,Parakeet Gaming,HM,,EMEA,Deuxième niveau,Top,20,-559.0,226.0,-1154.0,189.0,0.0,0.0
oe:player:fc9e4a43f88797e445c35d23fc43f79,Jervo,Veni Vidi Vici,NEXO,,EMEA,Troisième niveau,Top,11,-560.0,244.0,1.0,,,
oe:player:7647966b7343c29048673252e490f73,89,AXIZ CREST Academy,PCL,,Asie-Pacifique,Deuxième niveau,Jungle,21,-561.0,269.0,-2006.0,160.0,0.0,0.0
oe:player:6388ad88c1f6ce65ee063a4a1fbb1e0,Dopaminw,Verdant,NLC,,EMEA,Deuxième niveau,Jungle,16,-561.0,236.0,-1414.0,,,
oe:player:e45341b36448fbd115941562ec07aec,Opeduy,eQuizers,NEXO,,EMEA,Troisième niveau,Mid,22,-561.0,229.0,-15.0,31.0,0.0,0.0
oe:player:7a191cb03f3631e98f4ca42458d5f88,MikeMoois,24/7 Tower Dive,ESLOL,,EMEA,Deuxième niveau,Mid,17,-561.0,240.0,-615.0,,,
oe:player:0998a1e9d55bcf3eb5ee3ea3eba9250,ALNSHT,Universae Instituto FP,NEXO,,EMEA,Troisième niveau,ADC,40,-562.0,223.0,5.0,33.0,0.0,0.0
oe:player:9e62bdec0ac374c10c46b52884d4f37,MaiYuk,Myth Esports,ESLOL,,EMEA,Deuxième niveau,Top,21,-562.0,231.0,-666.0,191.0,0.0,0.0
oe:player:aa3f14e88841dbe029ce1a405cf5932,Jaguar,A One Man Army,ESLOL,,EMEA,Deuxième niveau,Top,14,-563.0,241.0,-672.0,,,
oe:player:1b1e7d4392249cce6332592fb350a37,Yoshida,AXIZ CREST Academy,PCL,,Asie-Pacifique,Deuxième niveau,Mid,21,-563.0,269.0,-1991.0,173.0,0.0,0.0
oe:player:79ae410bf0a72194d0b38df4c3d946e,Johnarnau,DREN Esports,LIT,,EMEA,Deuxième niveau,Top,21,-564.0,226.0,-1798.0,181.0,0.0,0.0
oe:player:09b6f61bada64828758d143e0814881,xDrop,Verdant,NLC,,EMEA,Deuxième niveau,ADC,19,-564.0,228.0,-1544.0,,,
oe:player:5057f5406b08307b5f50e2030133a90,wanan,DetonatioN FocusMe Academy,PCL,,Asie-Pacifique,Deuxième niveau,ADC,47,-565.0,266.0,-2138.0,135.0,0.0,0.0
oe:player:3cb4b049004c57f211d15ca14cbafb9,Colacioppo,Axolotl,LIT,,EMEA,Deuxième niveau,Top,12,-568.0,236.0,-1817.0,,,
oe:player:f0d44df2529a2b13b9ff70ff54c44db,RealR,GTZ Esports,LPLOL,,EMEA,Deuxième niveau,Jungle,10,-568.0,237.0,-653.0,,,
oe:player:a976d5a340148b4c3293038a26241e9,Galaxynt,RED OUAT,ESLOL,,EMEA,Deuxième niveau,Top,23,-568.0,239.0,-694.0,192.0,0.0,0.0
oe:player:f0b6f18cb5222e618327f75f3c31ceb,RapMonsters,Keypulse Esports,LPLOL,,EMEA,Deuxième niveau,Mid,36,-569.0,220.0,-543.0,195.0,0.0,0.0
oe:player:dff8a724f95b1b3c78c7b026b0f55fa,Taicho,AXIZ CREST Academy,PCL,,Asie-Pacifique,Deuxième niveau,Top,21,-572.0,269.0,-2338.0,169.0,0.0,0.0
oe:player:69459a927d97f1dd0b5b3a3b8ebda0a,pump,Anonymo Esports,UL,ESLOL 24 games (A One Man Army),EMEA,Deuxième niveau,Mid,44,-573.0,222.0,-1376.0,191.0,0.0,0.0
oe:player:d4168a638a9feed4c5613ca3d788743,Raphi,RED OUAT,ESLOL,,EMEA,Deuxième niveau,Mid,23,-574.0,239.0,-679.0,196.0,0.0,0.0
oe:player:6a3496d30b5d58b7b90d8d20258cb16,Exiled,Hurricane of Feathers,LPLOL,,EMEA,Deuxième niveau,Support,17,-574.0,237.0,-725.0,,,
oe:player:0fd3953a7b66913cf3a505c20471563,Galaxy,Hurricane of Feathers,LPLOL,,EMEA,Deuxième niveau,Mid,19,-576.0,240.0,-578.0,,,
oe:player:7aaf3e1d27d4f86c93de8aef4206607,Red,Guinea Pink,NEXO,,EMEA,Troisième niveau,Support,11,-576.0,245.0,-247.0,,,
oe:player:205f456adac22b2b8cb732651167215,Lulas,eSuba,HM,UL 14 games (GRP Esports),EMEA,Deuxième niveau,Jungle,34,-577.0,217.0,-1114.0,182.0,0.0,0.0
oe:player:3305005338c89e24e11081a3fedd5eb,Sevensen,StriX (Belgian Team),ESLOL,,EMEA,Deuxième niveau,Top,11,-577.0,243.0,-740.0,,,
oe:player:b05d6f2258e1ce52c2f77cf19ba2780,Dawon,OGC Esports,HM,,EMEA,Deuxième niveau,Mid,19,-577.0,227.0,-1040.0,,,
oe:player:89af6c0570c6f4e0f713b968f6f3830,Universe,Veni Vidi Vici,NEXO,,EMEA,Troisième niveau,Mid,11,-579.0,244.0,-107.0,,,
oe:player:e1527d59587e61eda36a86f3d858c54,Zenoken,Erfolg Esports,NEXO,,EMEA,Troisième niveau,Jungle,14,-582.0,241.0,-199.0,,,
oe:player:88aaf97f9ff17ebf5822aa555db972e,Deletus,A One Man Army,ESLOL,,EMEA,Deuxième niveau,Jungle,24,-582.0,221.0,-464.0,184.0,0.0,0.0
oe:player:0ea0e8f2625eda3cc703c3fc8a2ba2a,Diouz,StriX (Belgian Team),ESLOL,,EMEA,Deuxième niveau,Support,11,-584.0,243.0,-767.0,,,
oe:player:939c3714742dbcd5d98cc2e2e399750,HALdesu,Burning Core Toyama Academy,PCL,,Asie-Pacifique,Deuxième niveau,Jungle,21,-584.0,268.0,-2118.0,169.0,0.0,0.0
oe:player:51800de2ae6a9d1e1f2ce76402dafbb,King,Falke Esports,NEXO,,EMEA,Troisième niveau,ADC,16,-585.0,233.0,-114.0,,,
oe:player:bb0b65400dfa98b18cc4287b86bd6de,Shourdy,Hurricane of Feathers,LPLOL,,EMEA,Deuxième niveau,Top,40,-587.0,220.0,-786.0,193.0,0.0,0.0
oe:player:ecac964b00dc5f2bce529bf79d13eaf,Paresz,Cyber Wolves,EBL,,EMEA,Deuxième niveau,Jungle,30,-588.0,226.0,-720.0,188.0,0.0,0.0
oe:player:70e2bc3b67129fbc971072408ff6b96,Nadro,SPIKE Syndicate,EBL,,EMEA,Deuxième niveau,Support,14,-588.0,238.0,-795.0,,,
oe:player:680aa9cda80deeabca952358ccfe95f,Ardo,Kawaii Kiwis,NEXO,,EMEA,Troisième niveau,Support,32,-588.0,230.0,-307.0,34.0,0.0,0.0
oe:player:d9993db0d276065093b77b8e86996fc,Parlita,eQuizers,NEXO,,EMEA,Troisième niveau,Top,48,-588.0,221.0,-136.0,28.0,0.0,0.0
oe:player:68281be87e30666d478db3fb79b8c6f,Deceller,Kawaii Kiwis,NEXO,,EMEA,Troisième niveau,Jungle,46,-588.0,218.0,-230.0,30.0,0.0,0.0
oe:player:fbda6b0c0c46b4abfd3518c03e96e02,Perle,V3 Esports Academy,PCL,,Asie-Pacifique,Deuxième niveau,Top,11,-588.0,269.0,-2420.0,,,
oe:player:ae97b9649e39ad901b680f74c3f56b3,Tirex,Universae Instituto FP,NEXO,,EMEA,Troisième niveau,Mid,22,-589.0,237.0,-157.0,33.0,0.0,0.0
oe:player:a6d8a4d49e120a203e932eb713cab02,Hoopa,FURY Global,LCO,,Asie-Pacifique,Ligue majeure,ADC,32,-589.0,237.0,-1071.0,102.0,0.0,0.0
oe:player:97839e694c33c292c3ede3f64988876,Devn,Diamant Esports,EBL,,EMEA,Deuxième niveau,ADC,14,-590.0,238.0,-888.0,,,
oe:player:ec77ca071038fca36238d9e7061c405,nox1,FURY Global,LCO,,Asie-Pacifique,Ligue majeure,Jungle,32,-591.0,237.0,-916.0,103.0,0.0,0.0
oe:player:eac7b4dc96985c510418e2a88f19af0,Taba,eQuizers,NEXO,,EMEA,Troisième niveau,Jungle,42,-591.0,225.0,-240.0,29.0,0.0,0.0
oe:player:72de20c106a52f0aaf21bd650af81bd,Diva,BeFive,EBL,,EMEA,Deuxième niveau,Mid,38,-591.0,218.0,-692.0,197.0,0.0,0.0
oe:player:040463583a2d75b5db770ba0813be39,Kentakki,Burning Core Toyama Academy,PCL,,Asie-Pacifique,Deuxième niveau,Support,21,-592.0,268.0,-2086.0,173.0,0.0,0.0
oe:player:dc0ab0700ebab412ecfc2e808b86e0f,Crow,Maverix,HM,HC 17 games (Maverix),EMEA,Deuxième niveau,Support,33,-593.0,227.0,-864.0,196.0,0.0,0.0
oe:player:8313144a0fd06d6faf1c460d8b051f6,Tundra,Lupus Esports,EBL,,EMEA,Deuxième niveau,Support,23,-594.0,225.0,-825.0,196.0,0.0,0.0
oe:player:38408cb0943e6f27ccd6272bdc1f09b,Boohis,Universae Instituto FP,NEXO,,EMEA,Troisième niveau,Support,44,-595.0,223.0,-345.0,35.0,0.0,0.0
oe:player:c9bfb83083a84874a5df2de5be017bf,yones,BlueWhites,NLC,,EMEA,Deuxième niveau,Jungle,34,-596.0,230.0,-1589.0,179.0,0.0,0.0
oe:player:6b2a078e5309cea2643da6b8b628c05,Zzzofia,Pirates IDV,LRN,,Brésil & Amérique latine,Deuxième niveau,Support,17,-597.0,251.0,-1900.0,,,
oe:player:3151090b16fde9e7ff044d7e165a741,Marzo,Dynamo Eclot,HM,,EMEA,Deuxième niveau,ADC,19,-600.0,230.0,-1238.0,,,
oe:player:e908f4abece717b37eea4ace7cc5f92,Misaki,Keypulse Esports,LPLOL,,EMEA,Deuxième niveau,Top,19,-600.0,230.0,-852.0,,,
oe:player:1a75e18ed08471115fbbc27717f2bd9,TMuKK,BWE Esports,LPLOL,,EMEA,Deuxième niveau,Support,12,-600.0,239.0,-857.0,,,
oe:player:2986369ce281ce497c4a8f00c7c4996,Karmamani,24/7 Tower Dive,ESLOL,,EMEA,Deuxième niveau,Jungle,17,-603.0,240.0,-569.0,,,
oe:player:4dca51f5cda20198fb7d9782c6e9057,Meifan,Dire Wolves,LCO,,Asie-Pacifique,Ligue majeure,Top,17,-603.0,240.0,-1016.0,,,
oe:player:45045f57f3b7caf995183ac3aef79ee,Nausicaä,24/7 Tower Dive,ESLOL,,EMEA,Deuxième niveau,Support,11,-604.0,242.0,-869.0,,,
oe:player:b1f24dee644d5e76deb2b3806d64d9d,Daksider,Odivelas Sports Club,LPLOL,,EMEA,Deuxième niveau,ADC,23,-604.0,224.0,-693.0,191.0,0.0,0.0
oe:player:23b8dd9ca6016d7432f3e39ffc20cc7,MrHB,A One Man Army,ESLOL,,EMEA,Deuxième niveau,ADC,16,-604.0,239.0,-776.0,,,
oe:player:0d3f526e6a6449b958baaaf403015f6,Dani,Kawaii Kiwis,NEXO,,EMEA,Troisième niveau,Top,39,-605.0,228.0,-221.0,31.0,0.0,0.0
oe:player:c194cb7bbd19697b2094786e38a5970,Nazgul,Ankora Gaming,EBL,,EMEA,Deuxième niveau,Top,11,-605.0,240.0,-694.0,,,
oe:player:8a30743980df12009a15f28cb231e42,Freckle,ATK Esports,ESLOL,,EMEA,Deuxième niveau,Jungle,12,-606.0,241.0,-583.0,,,
oe:player:1428234f7571877f9ed94d510bc848c,Astaa,MAMMOTH,LCO,,Asie-Pacifique,Ligue majeure,Support,10,-607.0,245.0,-1162.0,,,
oe:player:5ab137577a18956e9688137c178fe20,Franky,Pertinax Esports,ESLOL,,EMEA,Deuxième niveau,Mid,17,-608.0,237.0,-849.0,,,
oe:player:b421aea8df96b9603d4e540ddbbcc11,Mimas,24/7 Tower Dive,ESLOL,,EMEA,Deuxième niveau,ADC,17,-609.0,240.0,-804.0,,,
oe:player:5e929920f89440a9e4bd39d2395a71a,Stargazer,Ceuta Guardians,NEXO,,EMEA,Troisième niveau,Jungle,14,-609.0,243.0,-331.0,,,
oe:player:c19ead1d5535efa0ba754ce9e55c2e2,Fiant,Pirates IDV,LRN,,Brésil & Amérique latine,Deuxième niveau,ADC,17,-610.0,251.0,-1790.0,,,
oe:player:7ff275e29085d8215ef79618435b346,Destru,Lotus Knights,NEXO,,EMEA,Troisième niveau,Mid,12,-612.0,245.0,-271.0,,,
oe:player:f42c5de0636dd139414a859d9772dcb,Freazy,Zerolag Esports,GLL,,EMEA,Deuxième niveau,Mid,24,-614.0,223.0,-1694.0,195.0,0.0,0.0
oe:player:c46dc30e7888a9b9eaee54bb9698d27,Tatsu,V3 Esports Academy,PCL,,Asie-Pacifique,Deuxième niveau,Jungle,35,-614.0,265.0,-2268.0,175.0,0.0,0.0
oe:player:825a3d98017bab11815ad2817201324,Shift,DMG Esports,NLC,,EMEA,Deuxième niveau,Jungle,14,-615.0,235.0,-1685.0,,,
oe:player:10fa3713ec3069f39f6e0da537c297a,Pinky,Pirates IDV,LRN,,Brésil & Amérique latine,Deuxième niveau,Top,17,-616.0,251.0,-1930.0,,,
oe:player:781ba047ca1e113e0119cf1e56f99c8,Garank,RED OUAT,ESLOL,,EMEA,Deuxième niveau,Support,24,-616.0,238.0,-928.0,193.0,0.0,0.0
oe:player:361927eda56522d04e1ef6819002389,Katsurii,Dire Wolves,LCO,,Asie-Pacifique,Ligue majeure,ADC,31,-619.0,232.0,-1220.0,103.0,0.0,0.0
oe:player:54c7fafa62a6b38cb0eaec1dd6638db,Loers,Pirates IDV,LRN,,Brésil & Amérique latine,Deuxième niveau,Mid,17,-621.0,251.0,-2146.0,,,
oe:player:85117df5924af087900b300fe0f3ec3,Kulvas,GLORE,HM,,EMEA,Deuxième niveau,Top,16,-621.0,230.0,-1464.0,,,
oe:player:14775c5f3aa804d18189fde40649c5d,Emvipi,Kawaii Kiwis,NEXO,,EMEA,Troisième niveau,Jungle,28,-621.0,236.0,-393.0,31.0,0.0,0.0
oe:player:dab9d868efc0d19f7f347ba16c372bc,Karaage,Burning Core Toyama Academy,PCL,,Asie-Pacifique,Deuxième niveau,Mid,21,-622.0,268.0,-2286.0,181.0,0.0,0.0
oe:player:fc2f901050e822b97a11696ddb2e67f,Leo D Aras,Wild Panthers Esports,GLL,,EMEA,Deuxième niveau,Support,11,-622.0,233.0,-2319.0,,,
oe:player:df3940e59ad91e2b53bbf77cc90b65d,Leolas,A One Man Army,ESLOL,,EMEA,Deuxième niveau,Support,16,-622.0,239.0,-961.0,,,
oe:player:cabd8220ff1736ae80d1ca8c1ba0b20,Santa,RA'AD,AL,,EMEA,Deuxième niveau,Jungle,34,-622.0,223.0,-1985.0,182.0,0.0,0.0
oe:player:d022067261f24637359f19fc94a111b,Dizin,INTZ Academy,CBLOLA,,Brésil & Amérique latine,Deuxième niveau,Jungle,28,-623.0,241.0,-2429.0,172.0,0.0,0.0
oe:player:4275270320fef825240720363830116,Vinchi,White Dragons,LPLOL,,EMEA,Deuxième niveau,Jungle,38,-623.0,219.0,-927.0,187.0,0.0,0.0
oe:player:f450305c2529dbc8e80459867fb701d,Zherathor,Oxygen Gaming,NEXO,,EMEA,Troisième niveau,Mid,15,-624.0,235.0,-329.0,,,
oe:player:d6c9dca3f08684e88fd8a667bcfd30f,Endless,Cyber Wolves,EBL,,EMEA,Deuxième niveau,ADC,27,-624.0,226.0,-1059.0,193.0,0.0,0.0
oe:player:daf00d15f9510d6b29e1f5403b334c1,Knika,Guinea Pink,NEXO,,EMEA,Troisième niveau,Top,20,-624.0,234.0,-318.0,32.0,0.0,0.0
oe:player:01fc0520770d413ac765d5395027386,Ruf,Iron Wolves,UL,,EMEA,Deuxième niveau,ADC,27,-624.0,225.0,-1330.0,187.0,0.0,0.0
oe:player:21ebec07a528fe96f13cf501445fbdc,Mazi,Team ESCA Gaming,UL,,EMEA,Deuxième niveau,Jungle,14,-625.0,233.0,-1853.0,,,
oe:player:1a3955e10b460ea6267c8505a32c9a4,DesoLinee,Team ESCA Gaming,UL,,EMEA,Deuxième niveau,Top,14,-625.0,233.0,-1563.0,,,
oe:player:b768e829b646b094c7df80ba249b193,gtrik,SPIKE Syndicate,EBL,,EMEA,Deuxième niveau,Mid,14,-625.0,238.0,-862.0,,,
oe:player:44a8e576ca4fe7b07b52154cf113328,Yaavi,Malvinas Gaming EU,NEXO,,EMEA,Troisième niveau,ADC,40,-625.0,219.0,-310.0,35.0,0.0,0.0
oe:player:efd1b76f52f29c9252d5375eea2b594,Namiru,INTZ Academy,CBLOLA,,Brésil & Amérique latine,Deuxième niveau,Mid,28,-626.0,241.0,-2042.0,182.0,0.0,0.0
oe:player:ed52d8e29a5b50b4624b5ec4e5b8fc7,Gagai,Wild Panthers Esports,GLL,,EMEA,Deuxième niveau,ADC,10,-627.0,237.0,-1959.0,,,
name:STX Driplex,STX Driplex,StriX (Belgian Team),ESLOL,,EMEA,Deuxième niveau,Mid,11,-627.0,243.0,-940.0,,,
oe:player:ae47062e8906d12c9f92a2ec49fce87,Endz,Iron Wolves,UL,,EMEA,Deuxième niveau,Support,27,-628.0,225.0,-1603.0,189.0,0.0,0.0
oe:player:5a716bc855471827dcd29a87bc7c2e3,Maartendo,24/7 Tower Dive,ESLOL,,EMEA,Deuxième niveau,Top,17,-628.0,240.0,-995.0,,,
oe:player:c05579e8624ada6989734cbf2ab2e07,Benda,Delta Syndicate,HC,HM 25 games (Delta Syndicate),EMEA,Troisième niveau,Mid,45,-628.0,210.0,1052.0,26.0,0.0,0.0
oe:player:8337981914e61fa897c5b9d751fb5eb,Egetz,BlueWhites,NLC,,EMEA,Deuxième niveau,Support,37,-629.0,229.0,-1432.0,189.0,0.0,0.0
name:STX spleen,STX spleen,StriX (Belgian Team),ESLOL,,EMEA,Deuxième niveau,Jungle,11,-629.0,243.0,-698.0,,,
oe:player:298ebd779e6e67cccf581d69096f8ce,LeeSA,Dire Wolves,LCO,,Asie-Pacifique,Ligue majeure,Jungle,14,-630.0,242.0,-1111.0,,,
oe:player:081ac0110c9734afdc28db6e7724e48,Panda,Lupus Esports,EBL,,EMEA,Deuxième niveau,Mid,10,-631.0,239.0,-888.0,,,
oe:player:053ff46e09c658d5d80c8c65b9db7bc,Slyv3r,Dutch Community Team,ESLOL,,EMEA,Deuxième niveau,ADC,35,-632.0,222.0,-916.0,193.0,0.0,0.0
oe:player:a1f7f2fe1ac52d8e96df181b0a94b6b,Deceiving,RA'AD,AL,,EMEA,Deuxième niveau,Mid,34,-633.0,223.0,-2706.0,197.0,0.0,0.0
oe:player:8a6b5cf19d82b19b947a455d6f89bd5,Akrantor,Universae Instituto FP,NEXO,,EMEA,Troisième niveau,Top,11,-634.0,240.0,-365.0,,,
oe:player:054278a12ab2dc32b90504436297f38,UniqueCORN,Diamant Esports,EBL,,EMEA,Deuxième niveau,Mid,17,-637.0,229.0,-920.0,,,
oe:player:11aefb66454791d4b36106af3fc2214,Ivama,Green Dolphin Gaming,NEXO,,EMEA,Troisième niveau,Jungle,17,-638.0,238.0,-477.0,,,
oe:player:a1b80656ec4067cc5e7ae6a3eb621d1,Bala,Cyber Wolves,EBL,,EMEA,Deuxième niveau,Top,32,-639.0,226.0,-865.0,196.0,0.0,0.0
oe:player:c1946d6d67f2ea7693e6d5a7954bb64,Rineko,MAMMOTH,LCO,,Asie-Pacifique,Ligue majeure,Top,14,-640.0,243.0,-1202.0,,,
oe:player:3bdb84c8cfa498f617f1f0ffe8a1f41,xGenesis,Erfolg Esports,NEXO,,EMEA,Troisième niveau,Top,14,-641.0,236.0,-400.0,,,
oe:player:9a754e5ccd044dd74ff3a9d184350ab,Praedyth,MAMMOTH,LCO,,Asie-Pacifique,Ligue majeure,Mid,14,-642.0,243.0,-751.0,,,
oe:player:9644eeb7778d2314eeabefbc4e380aa,CrabLord,Delta Syndicate,HC,,EMEA,Troisième niveau,Support,32,-642.0,231.0,723.0,39.0,0.0,0.0
oe:player:87f4eb1f36210ce10369933c18b5b04,Nykeus,Axolotl,LIT,,EMEA,Deuxième niveau,Support,19,-643.0,223.0,-2867.0,,,
oe:player:1d6cd255124f73442571e8ceef2e479,Kellie,Malvinas Gaming EU,NEXO,,EMEA,Troisième niveau,Support,29,-645.0,222.0,-594.0,37.0,0.0,0.0
oe:player:76ae2e1c04e57e1c385524a20193b25,LVS,DMG Esports,NLC,,EMEA,Deuxième niveau,Top,13,-646.0,236.0,-1812.0,,,
oe:player:9cdc840580b48a9c02604f3b3ff5272,Sentio,SPIKE Syndicate,EBL,,EMEA,Deuxième niveau,ADC,16,-646.0,235.0,-1169.0,,,
oe:player:d202f9189eaf0e139228adbc77660f9,ScienTrist,Once Upon A Team,ESLOL,,EMEA,Deuxième niveau,Jungle,16,-646.0,238.0,-783.0,,,
oe:player:cc44192eff55777ab3286ba1bcd27a5,Nectaar,MAMMOTH,LCO,,Asie-Pacifique,Ligue majeure,Top,12,-647.0,244.0,-1234.0,,,
oe:player:b3be46a86b1aa202048833bc87d26cc,Dimeh,ZennIT,ESLOL,,EMEA,Deuxième niveau,ADC,32,-648.0,226.0,-999.0,191.0,0.0,0.0
oe:player:45df7c1539514a00818b38a127ce0df,TLamp,Odivelas Sports Club,LPLOL,,EMEA,Deuxième niveau,ADC,19,-648.0,227.0,-911.0,,,
oe:player:eccaa7dbe1dc3d1de23c308c28bc114,GGiler,Team ESCA Gaming,UL,,EMEA,Deuxième niveau,ADC,14,-649.0,233.0,-1455.0,,,
oe:player:06083168eaeed9302cad85c25f33005,Marlley,FLY5,HC,,EMEA,Troisième niveau,Support,30,-649.0,231.0,687.0,38.0,0.0,0.0
name:STX Legendary,STX Legendary,StriX (Belgian Team),ESLOL,,EMEA,Deuxième niveau,ADC,11,-651.0,243.0,-1013.0,,,
oe:player:8f730a617938cd237ad36c92f4caa12,towhat,White Dragons,LPLOL,,EMEA,Deuxième niveau,Support,15,-652.0,233.0,-1117.0,,,
oe:player:d31b73ac83f1b972cce2aab5eee8ad4,Nighthawk,SPIKE Syndicate,EBL,,EMEA,Deuxième niveau,Jungle,21,-652.0,238.0,-1038.0,189.0,0.0,0.0
oe:player:0a04022f661b1363f589772083662e5,Thaizz,Green Dolphin Gaming,NEXO,,EMEA,Troisième niveau,Mid,17,-654.0,238.0,-478.0,,,
oe:player:f1684f5b0a693ce1fd324942f7ddfaf,oRisko,Universae Instituto FP,NEXO,,EMEA,Troisième niveau,Jungle,23,-654.0,231.0,-557.0,32.0,0.0,0.0
oe:player:2120baa196033069d0f850af69a0853,BlackVodka,Dream Makers,NEXO,,EMEA,Troisième niveau,ADC,11,-655.0,245.0,-463.0,,,
oe:player:523b1440a5811bd9b4730c2a63545b7,ezman,V3 Esports Academy,PCL,,Asie-Pacifique,Deuxième niveau,ADC,33,-655.0,266.0,-2584.0,184.0,0.0,0.0
oe:player:6982ff080e8603dc4116a4c71ab62f5,Blankk,Keypulse Esports,LPLOL,,EMEA,Deuxième niveau,ADC,13,-655.0,239.0,-946.0,,,
oe:player:f6bc8a833bcb82beb8eba1c57fa0c2a,Dzejno,Esport STUBA,HC,,EMEA,Troisième niveau,ADC,33,-656.0,233.0,734.0,38.0,0.0,0.0
oe:player:6696da20f077734132f2757604548ec,Dusseldrop,Dutch Community Team,ESLOL,,EMEA,Deuxième niveau,Top,20,-657.0,233.0,-1140.0,196.0,0.0,0.0
oe:player:c7b0f8dbb8238ba98b1c363eb705155,buffi,Team ESCA Gaming,UL,,EMEA,Deuxième niveau,Mid,14,-659.0,233.0,-1806.0,,,
oe:player:3a15e270d9e8e6aa3fb5539a9eafb6d,Yitek,Odivelas Sports Club,LPLOL,,EMEA,Deuxième niveau,Support,14,-660.0,238.0,-1155.0,,,
oe:player:76a278bd72ec24ed1558d0fbd61399e,Sojo,Delta Syndicate,HC,,EMEA,Troisième niveau,Jungle,41,-661.0,234.0,869.0,33.0,0.0,0.0
oe:player:87c66f16f11e3f4955675a146e4bd6d,gunkrab,MAMMOTH,LCO,,Asie-Pacifique,Ligue majeure,ADC,14,-661.0,243.0,-1431.0,,,
oe:player:5a02cc8b4771f9f0c0b16bac1bfcb9d,OkerumoN,V3 Esports Academy,PCL,,Asie-Pacifique,Deuxième niveau,Support,35,-661.0,265.0,-2429.0,184.0,0.0,0.0
oe:player:d7a3fdf1351b72249a47454751549de,Voice,MAMMOTH,LCO,,Asie-Pacifique,Ligue majeure,Support,14,-664.0,243.0,-1444.0,,,
oe:player:82319e502c4af01ca69da48e6fc24dd,Raluxu,BWE Esports,LPLOL,,EMEA,Deuxième niveau,Jungle,14,-665.0,238.0,-1140.0,,,
oe:player:0066010bf7c06628559f1704f5d6d39,starkyy,EXILE esports,HC,,EMEA,Troisième niveau,Top,39,-666.0,235.0,548.0,34.0,0.0,0.0
oe:player:615b34e228d941a723c3a6e5cd2f85b,Alphaa,Keypulse Esports,LPLOL,,EMEA,Deuxième niveau,Support,27,-668.0,230.0,-1196.0,196.0,0.0,0.0
oe:player:34e2006c70cd1f48884af0b183c0c29,Kandar,Guinea Pink,NEXO,,EMEA,Troisième niveau,Support,12,-668.0,241.0,-708.0,,,
oe:player:9eafb487786de5cfb66bf3ba10806d8,Tempah,Lotus Knights,NEXO,,EMEA,Troisième niveau,Top,13,-668.0,244.0,-539.0,,,
oe:player:b729b265039293728d50aebd6477b13,Magico,Falke Esports,NEXO,,EMEA,Troisième niveau,Mid,22,-671.0,232.0,-566.0,34.0,0.0,0.0
oe:player:5faa414ced131f848e893a5e2c44e49,eRelevant,PRINCIPALITY,NEXO,,EMEA,Troisième niveau,Support,15,-673.0,239.0,-731.0,,,
oe:player:9f46237472e7183d47fb9abc553cd05,Blackout,Keypulse Esports,LPLOL,,EMEA,Deuxième niveau,Mid,13,-673.0,239.0,-1061.0,,,
oe:player:2786661c7cacd61f8bb4355cd58bf21,kareha,V3 Esports Academy,PCL,,Asie-Pacifique,Deuxième niveau,Mid,35,-674.0,265.0,-2549.0,191.0,0.0,0.0
oe:player:54c3f59b3d9d4aed957a53b3a2336c7,Lellis,INTZ Academy,CBLOLA,,Brésil & Amérique latine,Deuxième niveau,Top,28,-675.0,241.0,-2468.0,186.0,0.0,0.0
oe:player:2dfe8f15cf06aac478ae6449c75e9d4,Phyro,Universae Instituto FP,NEXO,,EMEA,Troisième niveau,Jungle,11,-676.0,236.0,-665.0,,,
oe:player:22c335f178d8e1724b8d04831b1267a,Exofeng,Maverix,HC,,EMEA,Troisième niveau,ADC,11,-679.0,246.0,617.0,,,
oe:player:24314567f14eeb3c380c72b8dc211c2,Exile1,Lupus Esports,EBL,,EMEA,Deuxième niveau,Jungle,18,-679.0,229.0,-1172.0,,,
oe:player:c2baaed30124378f2b03f8f15954005,River1,Dire Wolves,LCO,,Asie-Pacifique,Ligue majeure,Top,14,-680.0,242.0,-1399.0,,,
oe:player:e997cb3ac9a1be266d27e6417a5a375,GaraXy,Ankora Gaming,EBL,,EMEA,Deuxième niveau,Jungle,20,-681.0,225.0,-1182.0,191.0,0.0,0.0
oe:player:a71dc82e13292166548538821543f59,Rainn,UCAM Esports Academy,NEXO,,EMEA,Troisième niveau,Support,15,-682.0,245.0,-777.0,,,
oe:player:a7eeda89dab95c659a987fdb3952792,Kolios,Once Upon A Team,ESLOL,,EMEA,Deuxième niveau,Support,25,-684.0,221.0,-1269.0,195.0,0.0,0.0
oe:player:f1999a618f21f74f944e1d1bde1dd51,nestuoso,BWE Esports,LPLOL,,EMEA,Deuxième niveau,ADC,13,-686.0,239.0,-1100.0,,,
oe:player:3d3ad0a473d6a608c1b19515459ccdf,Rewound,Guinea Pink,NEXO,,EMEA,Troisième niveau,Jungle,14,-687.0,236.0,-723.0,,,
oe:player:aa1f2ecd4ef859ed1667f9ad84928be,Adasz,Odivelas Sports Club,LPLOL,,EMEA,Deuxième niveau,Mid,14,-687.0,238.0,-1133.0,,,
oe:player:9bebc9a7ed9fbb88c505621781e1019,Darky,BWE Esports,LPLOL,,EMEA,Deuxième niveau,Top,27,-689.0,224.0,-1299.0,197.0,0.0,0.0
oe:player:a0c87894f0e56ae5f63b8d22f450532,FENZ1,Bitfix RG,NLC Aurora Open,,EMEA,Troisième niveau,Mid,28,-689.0,218.0,-1767.0,35.0,0.0,0.0
oe:player:b9c65c05f228e745fc4545d98395d6f,Stefanko,Diamant Esports,EBL,,EMEA,Deuxième niveau,Top,14,-692.0,238.0,-1128.0,,,
oe:player:98b277e742788affdc3d1511f057e6b,Winder,DSC3V,LRN,,Brésil & Amérique latine,Deuxième niveau,Top,17,-693.0,245.0,-2318.0,,,
oe:player:814bb132bc1fa9fd1e86add646195b9,Siriass,Esport STUBA,HC,,EMEA,Troisième niveau,Support,32,-694.0,236.0,466.0,41.0,0.0,0.0
oe:player:068a8b131e598fff137047510bd1fe9,Sthe,INTZ Academy,CBLOLA,,Brésil & Amérique latine,Deuxième niveau,Support,28,-696.0,241.0,-2440.0,182.0,0.0,0.0
oe:player:6dc7ae729c87dd9b26169b0fbaf04e7,Jenxas,Iron Wolves,UL,,EMEA,Deuxième niveau,Jungle,16,-698.0,232.0,-2213.0,,,
oe:player:235e45d9c73ea0b1f1513eeafc5ebb5,REVENG,Wild Panthers Esports,GLL,,EMEA,Deuxième niveau,Jungle,23,-700.0,224.0,-1811.0,185.0,0.0,0.0
oe:player:751cd8edb7efae20c6a1038b6f93578,Pinki,Lupus Esports,EBL,,EMEA,Deuxième niveau,ADC,18,-701.0,233.0,-1444.0,,,
oe:player:9e9fd4103b739b6a13137f1d5f02aa6,Worthless,EXILE esports,HC,,EMEA,Troisième niveau,ADC,39,-703.0,235.0,499.0,38.0,0.0,0.0
oe:player:edac8de0dcded4745de3a0f0f6a15f3,Astalia,Cyber Wolves,EBL,,EMEA,Deuxième niveau,Support,15,-703.0,233.0,-1373.0,,,
oe:player:f987efb3da0d056699079e5f6755ef2,Pinkmin,Melilla Titans,NEXO,,EMEA,Troisième niveau,Support,25,-704.0,229.0,-890.0,37.0,0.0,0.0
oe:player:723ad874e88079517427b26230292b7,Blueboar,Diamant Esports,EBL,,EMEA,Deuxième niveau,Jungle,14,-705.0,238.0,-1307.0,,,
oe:player:bff403a4779015ff3c7695cf3ae3b40,Lowfire,Delta Syndicate,HC,,EMEA,Troisième niveau,ADC,43,-706.0,231.0,485.0,38.0,0.0,0.0
oe:player:6ef07a9ff44db2c599a2232f9d8a7fb,JForteX,Dream Makers,NEXO,,EMEA,Troisième niveau,Support,12,-709.0,237.0,-915.0,,,
oe:player:2ee03f5d771c9a0ae59444038c9b5b6,Javielin,Melilla Titans,NEXO,,EMEA,Troisième niveau,Jungle,11,-710.0,240.0,-840.0,,,
oe:player:1ba7139262b446b810f6ed84583b546,Cherry,EXILE esports,HC,,EMEA,Troisième niveau,Support,29,-711.0,234.0,381.0,40.0,0.0,0.0
oe:player:55cf13d4857ae69a4cab530751ee4f4,Duck1,MAMMOTH,LCO,,Asie-Pacifique,Ligue majeure,ADC,12,-713.0,244.0,-1692.0,,,
oe:player:45cf8adbf60961e7ffec251ac8c90f8,Hummelu,Dynasty,ESLOL,,EMEA,Deuxième niveau,Jungle,22,-714.0,225.0,-1126.0,190.0,0.0,0.0
oe:player:923377644a95264f86d2d5e4d266346,Marco,FLY5,HC,,EMEA,Troisième niveau,Support,14,-715.0,245.0,359.0,,,
oe:player:b47ac11098e71a2c48c44480179d52c,Goodo,MAMMOTH,LCO,,Asie-Pacifique,Ligue majeure,Jungle,24,-716.0,232.0,-1537.0,104.0,0.0,0.0
oe:player:35f5192d4fdd084a780d636ae812cb7,ardaffler,Keypulse Esports,LPLOL,HC 10 games (Repre Gold),EMEA,Deuxième niveau,ADC,30,-716.0,219.0,-1250.0,194.0,0.0,0.0
oe:player:845fdad69b84b7356d6b1a352517cc7,Lykki,Once Upon A Team,ESLOL,,EMEA,Deuxième niveau,Jungle,10,-719.0,240.0,-1148.0,,,
oe:player:5b0bb5a3e4506983ff3121b975f7478,PatxiPirata,Malvinas Gaming EU,NEXO,,EMEA,Troisième niveau,Top,43,-721.0,218.0,-802.0,34.0,0.0,0.0
oe:player:72109b143302c76a5c132e9b92ccac6,HUGOD,White Dragons,LPLOL,,EMEA,Deuxième niveau,Top,12,-721.0,240.0,-1459.0,,,
oe:player:025e5205e4d45facd36177011b12caf,Brucs,FlameHard,LPLOL,,EMEA,Deuxième niveau,Jungle,19,-721.0,233.0,-1416.0,,,
oe:player:93413363cf2cc7a08f7de85c2d20843,jjs156,Once Upon A Team,ESLOL,,EMEA,Deuxième niveau,Top,17,-723.0,236.0,-1470.0,,,
oe:player:84d6155d7d4cc886fc5f82031858fdd,Enigma,Malvinas Gaming EU,NEXO,,EMEA,Troisième niveau,Mid,24,-723.0,230.0,-824.0,36.0,0.0,0.0
oe:player:d0919793cc83951a93943265812ba19,DoubleB,Green Dolphin Gaming,NEXO,,EMEA,Troisième niveau,Top,31,-723.0,217.0,-810.0,34.0,0.0,0.0
oe:player:0bdbb2c325525e986d55ef50ca66d05,APP,Lupus Esports,EBL,,EMEA,Deuxième niveau,Top,18,-724.0,233.0,-1290.0,,,
oe:player:b874ba19d913943eb1b75922205e58b,Fugu,Falke Esports,NEXO,,EMEA,Troisième niveau,Top,10,-728.0,240.0,-834.0,,,
oe:player:f14e02ee176b4a305f60b1544be20db,Duo Dino,Esport STUBA,HM,,EMEA,Deuxième niveau,Top,10,-730.0,235.0,-2010.0,,,
oe:player:82a7ba77bb1c635ce1b23a4eaf65f4f,Lyrokun,Once Upon A Team,ESLOL,,EMEA,Deuxième niveau,Support,18,-730.0,231.0,-1498.0,,,
oe:player:e2f9edd5426e9ad64536d3086ffacb6,Dolis,Maverix,HM,HC 17 games (Maverix) ; LPLOL 14 games (Odivelas Sports Club),EMEA,Deuxième niveau,Mid,52,-732.0,215.0,-1817.0,202.0,0.0,0.0
oe:player:5bdf38cf3f512b2194435217e9b2f8f,Hades2,Maverix,HM,HC 17 games (Maverix),EMEA,Deuxième niveau,Jungle,33,-732.0,227.0,-1888.0,193.0,0.0,0.0
oe:player:83e8cd90b8f749d97144c0bb4fed90c,Arnax,Iron Wolves,UL,,EMEA,Deuxième niveau,Top,14,-735.0,234.0,-2112.0,,,
oe:player:fa5f4922f5a1ee6b72c26ffdf54db68,Scarpy,Esport STUBA,HC,,EMEA,Troisième niveau,Top,21,-738.0,237.0,187.0,36.0,0.0,0.0
oe:player:eeaa246e28b7fd35b290f9b29860cd5,Guanch0,Tan'i eSports,NEXO,,EMEA,Troisième niveau,Mid,14,-739.0,241.0,-906.0,,,
oe:player:85b3b3e91202ccada9f1f5a24dc1bfb,Cl0x,Partizan Esports,EBL,,EMEA,Deuxième niveau,Support,14,-739.0,237.0,-1551.0,,,
oe:player:b1601b72d20479fe4e98fd90c8236d4,0ri,FLY5,HC,,EMEA,Troisième niveau,Jungle,34,-739.0,228.0,479.0,34.0,0.0,0.0
oe:player:3ec9b028e70acf4aaaf81d8034dc5b0,Moosey,A One Man Army,ESLOL,,EMEA,Deuxième niveau,Support,28,-740.0,230.0,-1550.0,198.0,0.0,0.0
oe:player:73933848061d300bbe7293d9b38a2d4,Ace,Melilla Titans,NEXO,,EMEA,Troisième niveau,ADC,10,-740.0,244.0,-889.0,,,
oe:player:e16728c45ac9753fb6c4d3486bc42f0,Hax,Dream Makers,NEXO,,EMEA,Troisième niveau,Mid,14,-744.0,239.0,-931.0,,,
oe:player:e49006e7853430a925c71dd940afca1,mfis,Dire Wolves,LCO,,Asie-Pacifique,Ligue majeure,Mid,21,-746.0,237.0,-1269.0,95.0,0.0,0.0
oe:player:9e20a98c6ed15b9cf2623001733017b,Alvke,BGA eQuizers,NEXO,,EMEA,Troisième niveau,Top,10,-749.0,242.0,-944.0,,,
oe:player:44f82652ea5a574e3cfcc05934ff994,Robko,OGC Esports,HM,,EMEA,Deuxième niveau,Support,23,-750.0,221.0,-1651.0,196.0,0.0,0.0
oe:player:0e9764ca8971894af709c0cd603e6b6,Faded,Ankora Gaming,EBL,GLL 14 games (Wild Panthers Esports),EMEA,Deuxième niveau,Mid,28,-751.0,218.0,-1489.0,201.0,0.0,0.0
oe:player:0dbf17e6e36968af9ef211120d77ffe,Ice,Janus Panter,LRN,,Brésil & Amérique latine,Deuxième niveau,Mid,10,-752.0,251.0,-2800.0,,,
oe:player:ed2ce922701169a70704f2bf956b828,Etoo,Maverix,HM,HC 32 games (Maverix),EMEA,Deuxième niveau,ADC,43,-752.0,230.0,-1997.0,196.0,0.0,0.0
oe:player:d76cb4dd926111e0b5a4c101f1218a1,bucu,SNOOZE Esports,ESLOL,,EMEA,Deuxième niveau,Mid,13,-753.0,241.0,-1570.0,,,
oe:player:fedd1e92aa2d2a6e3ee95c110509805,Sobakk,Diversion Gaming,HC,,EMEA,Troisième niveau,Support,33,-756.0,229.0,155.0,42.0,0.0,0.0
oe:player:6e9d76373045cc9e22ac1a6b628bb6e,Katquese,White Dragons,LPLOL,,EMEA,Deuxième niveau,Mid,12,-756.0,240.0,-1478.0,,,
oe:player:770cf8a64932b2ed662c6f08d87cc8b,KalenBoss,Keypulse Esports,LPLOL,,EMEA,Deuxième niveau,Jungle,27,-760.0,230.0,-1612.0,191.0,0.0,0.0
oe:player:03c0cfe1aa6b1085eeae90d06b75038,Scaryride,Ankora Gaming,EBL,,EMEA,Deuxième niveau,Support,13,-761.0,238.0,-1661.0,,,
oe:player:27634ff8002b12e75d98e07ccd005d1,Water,Fight For Ever,ESLOL,,EMEA,Deuxième niveau,Mid,19,-763.0,232.0,-1623.0,,,
oe:player:31cccca205acd405af7448acc24c687,Nacho,Tan'i eSports,NEXO,,EMEA,Troisième niveau,Jungle,14,-766.0,241.0,-1117.0,,,
oe:player:fe6073bf4ff6dd9b57e7b39918badf9,JSaito,Guinea Pink,NEXO,,EMEA,Troisième niveau,ADC,22,-768.0,228.0,-1027.0,38.0,0.0,0.0
oe:player:35b5dc29a02b62b577ed0c652af69dd,D0MAS,Iron Wolves,UL,,EMEA,Deuxième niveau,Mid,14,-771.0,234.0,-2366.0,,,
oe:player:619b8c9d1cd494c3775c96a9d6ff778,Revo,Once Upon A Team,ESLOL,,EMEA,Deuxième niveau,Top,14,-773.0,238.0,-1718.0,,,
oe:player:154d79eb65d390a304493a5dfe54b25,Goksi,Esport STUBA,HC,,EMEA,Troisième niveau,Jungle,34,-776.0,235.0,296.0,35.0,0.0,0.0
oe:player:1b8d9da027376ae2246e32e0ed1d95d,Tropy16,FLY5,HC,,EMEA,Troisième niveau,Top,20,-776.0,241.0,-6.0,37.0,0.0,0.0
oe:player:84ffdf6566c6585114da1ccd9b6a3e3,Jocke,Partizan Esports,EBL,,EMEA,Deuxième niveau,ADC,14,-778.0,237.0,-1831.0,,,
oe:player:dfc1c6a9be939556701ac2606bbf74f,Woodon,Kanga Esports,LCO,,Asie-Pacifique,Ligue majeure,Top,30,-779.0,232.0,-1896.0,100.0,0.0,0.0
oe:player:de8ee8c5d6fc0e3a2fe84e0a4f4d1a0,WalliR,EXILE esports,HC,,EMEA,Troisième niveau,Mid,39,-779.0,235.0,297.0,38.0,0.0,0.0
oe:player:d359b69188f00e7d004d586807352cb,Chama,Falke Esports,NEXO,,EMEA,Troisième niveau,ADC,20,-780.0,234.0,-1088.0,37.0,0.0,0.0
oe:player:76cd37a6bb754bf0970a0c7c0efca9d,Vlaren,Team Meliora,HC,,EMEA,Troisième niveau,Jungle,20,-781.0,236.0,273.0,37.0,0.0,0.0
oe:player:22b7ce2e2d7b53e49b091fa50685944,Nilsog,Once Upon A Team,ESLOL,,EMEA,Deuxième niveau,ADC,14,-783.0,238.0,-1674.0,,,
oe:player:6cc4434e99e046ed7a78c636b08275c,ItsCoto,Malvinas Gaming EU,NEXO,,EMEA,Troisième niveau,Jungle,19,-785.0,234.0,-1214.0,,,
oe:player:ee6f857cf7178dcbb362a8b3c7d016f,Sm0oZi,Once Upon A Team,ESLOL,,EMEA,Deuxième niveau,ADC,19,-787.0,235.0,-1695.0,,,
oe:player:a9a6498abcc5fa1f2feb4184f74fac5,Monstrob,Once Upon A Team,ESLOL,,EMEA,Deuxième niveau,Mid,20,-788.0,228.0,-1748.0,202.0,0.0,0.0
oe:player:3dcdb79116af587b55fad84b473896c,Shadowest,Team Meliora,HC,,EMEA,Troisième niveau,Top,18,-789.0,239.0,-71.0,,,
oe:player:e14b65515c985c335b42e3fe349d735,Zaiiche,Melilla Titans,NEXO,,EMEA,Troisième niveau,Top,14,-792.0,238.0,-1157.0,,,
oe:player:31a1016a55a58488cfcefbc29f995b9,NANINI,Janus Panter,LRN,,Brésil & Amérique latine,Deuxième niveau,ADC,14,-795.0,247.0,-2713.0,,,
oe:player:a404a73659ffb0df56c96ff8ca1a4ae,Hasagi,SPIKE Syndicate,EBL,ESLOL 14 games (Dynasty),EMEA,Deuxième niveau,Top,35,-796.0,222.0,-1649.0,199.0,0.0,0.0
oe:player:1df981fcd91c1205442bdc488fd2adc,VENDRICK,Kanga Esports,LCO,,Asie-Pacifique,Ligue majeure,ADC,12,-797.0,244.0,-2111.0,,,
oe:player:2a1f9f0ef5aca39166c1a76eca89678,Dzeffry,Diversion Gaming,HC,,EMEA,Troisième niveau,Top,24,-797.0,242.0,-111.0,37.0,0.0,0.0
oe:player:191320432b0578ad6c4fc22c039fc51,LANDY,Diversion Gaming,HC,,EMEA,Troisième niveau,ADC,24,-798.0,242.0,24.0,41.0,0.0,0.0
oe:player:ea14566f9b9a9cbea427d972755908d,MetaCaptive,Odivelas Sports Club,LPLOL,,EMEA,Deuxième niveau,Jungle,10,-800.0,242.0,-1813.0,,,
oe:player:3310d537f88b216bd08f8653bb9f35f,Samyaza,Esport STUBA,HC,,EMEA,Troisième niveau,Mid,35,-800.0,235.0,193.0,39.0,0.0,0.0
oe:player:0ee3b768b145daba2059c6c387cbe6d,Xpert,Odivelas Sports Club,LPLOL,,EMEA,Deuxième niveau,Support,14,-800.0,241.0,-1853.0,,,
oe:player:8978d00cb2cd13ec8f5a8e94adb5103,Ivan1,Ankora Gaming,EBL,,EMEA,Deuxième niveau,ADC,13,-809.0,238.0,-1984.0,,,
oe:player:6f06b139bd2d908fbf738161610f89d,Dejw,Team Meliora,HC,,EMEA,Troisième niveau,ADC,18,-809.0,238.0,-29.0,,,
oe:player:65d07a500311927a34def0071e06368,SuperSaiyan,White Dragons,LPLOL,,EMEA,Deuxième niveau,ADC,10,-810.0,241.0,-1724.0,,,
oe:player:573951e9573eea97bc3107d251c75b9,derfiddler,Maverix,HC,,EMEA,Troisième niveau,Jungle,16,-811.0,249.0,122.0,,,
oe:player:d089470ac1a0b46401ee6267cd2fe56,Reufury,Kanga Esports,LCO,,Asie-Pacifique,Ligue majeure,Mid,26,-812.0,235.0,-1597.0,96.0,0.0,0.0
oe:player:e609b9e7290c3336860ea9a19c41ab2,Droekt,Melilla Titans,NEXO,,EMEA,Troisième niveau,Mid,22,-816.0,229.0,-1289.0,37.0,0.0,0.0
oe:player:13a6caee7c344653a2d8fef15618c69,Mettalica,BWE Esports,LPLOL,,EMEA,Deuxième niveau,Mid,26,-824.0,227.0,-1817.0,203.0,0.0,0.0
oe:player:22ac414718cf9934a8ec0f544761757,Ethinak,Maverix,HC,,EMEA,Troisième niveau,Top,16,-825.0,249.0,-249.0,,,
oe:player:74cac558072300385f7ab4dff7465e3,Did,BWE Esports,LPLOL,,EMEA,Deuxième niveau,ADC,14,-825.0,239.0,-1799.0,,,
oe:player:17fcda838e97e5be4458220c8bf3c92,Campello,SAMCLAN Esports Club,LPLOL,,EMEA,Deuxième niveau,Top,11,-826.0,238.0,-1983.0,,,
oe:player:e0de26f0a384910f4bc50840134cd83,Hajnlik,Diversion Gaming,HC,,EMEA,Troisième niveau,Jungle,24,-828.0,242.0,37.0,36.0,0.0,0.0
oe:player:bd514b10e74887c2d467133d9e65184,Focuss,FLY5,HC,,EMEA,Troisième niveau,ADC,15,-830.0,242.0,-135.0,,,
oe:player:cd69e263ec57234cad4e46918e19a0d,gabn,Kanga Esports,LCO,,Asie-Pacifique,Ligue majeure,Support,12,-831.0,244.0,-2281.0,,,
oe:player:5c7da09e1927795d296af4fcc570704,Deepe,Diversion Gaming,HC,,EMEA,Troisième niveau,Mid,24,-833.0,242.0,27.0,40.0,0.0,0.0
oe:player:c050e974cfe2ffd0d3b676caa158759,Colamax,Partizan Esports,EBL,,EMEA,Deuxième niveau,Jungle,16,-835.0,233.0,-1954.0,,,
oe:player:8ab502bbb3e12f2c4b01463455c6577,MegaJ,Ankora Gaming,EBL,,EMEA,Deuxième niveau,Top,18,-835.0,231.0,-1847.0,,,
oe:player:9b1268aac9753ab8012e3e77aa18ac3,PepiineroJr,BGA eQuizers,NEXO,,EMEA,Troisième niveau,Mid,11,-840.0,239.0,-1410.0,,,
oe:player:14bf26aa667423d1fba119e3c8a65e1,Divine,SAMCLAN Esports Club,LPLOL,,EMEA,Deuxième niveau,Mid,13,-840.0,238.0,-1895.0,,,
oe:player:9e800fd20b5af69382436d72daa346f,Woldjo,Once Upon A Team,ESLOL,,EMEA,Deuxième niveau,Jungle,14,-843.0,239.0,-1771.0,,,
oe:player:1cc36506b9fa3f1bb373108f7266450,Archacutor,BGA eQuizers,NEXO,,EMEA,Troisième niveau,Support,16,-858.0,237.0,-1660.0,,,
oe:player:a197fc224893a08522a56c22b02ae26,v1SaG3,Odivelas Sports Club,LPLOL,,EMEA,Deuxième niveau,Top,14,-861.0,241.0,-2158.0,,,
oe:player:22a544be49aac359bec15be087f34dd,Criptik,Dynasty,ESLOL,,EMEA,Deuxième niveau,ADC,14,-863.0,240.0,-2075.0,,,
oe:player:e3d2f924c5478dbd2f73ec6d43222ba,CR0WN,Dynasty,ESLOL,,EMEA,Deuxième niveau,Mid,14,-865.0,240.0,-2135.0,,,
oe:player:619dd48d2842df91563759cd881b2ed,Roobin,Team Meliora,HC,,EMEA,Troisième niveau,Mid,14,-868.0,241.0,-148.0,,,
oe:player:10edbcd5ca2a5a0daef7b812cb63e17,Luknom,SAMCLAN Esports Club,LPLOL,,EMEA,Deuxième niveau,Support,16,-873.0,230.0,-2218.0,,,
oe:player:ab75307dc6250c5553eec566e3aec90,Sovereign,Kanga Esports,LCO,,Asie-Pacifique,Ligue majeure,Mid,14,-873.0,242.0,-1903.0,,,
oe:player:27af17b234858aa267c3be117393a0e,TalentLess,Maverix,HC,,EMEA,Troisième niveau,Mid,16,-877.0,249.0,-192.0,,,
oe:player:75807d72812187f72c5892bf7ab25a9,Bisgaard,Delta Syndicate,HC,,EMEA,Troisième niveau,Mid,11,-878.0,248.0,-199.0,,,
oe:player:be0649c16bc160010f7af7aba55d272,Robenong,Cyber Wolves,EBL,,EMEA,Deuxième niveau,Mid,15,-879.0,233.0,-2131.0,,,
oe:player:9203016d817c256b8ad3dbbcf2214fa,FoobaR,EXILE esports,HC,,EMEA,Troisième niveau,Jungle,33,-879.0,225.0,-217.0,38.0,0.0,0.0
oe:player:afe1f20c7ce022039dd50165b13bbf4,Wiker,Tan'i eSports,NEXO,,EMEA,Troisième niveau,ADC,11,-894.0,243.0,-1659.0,,,
oe:player:48b88375b88ea3c0d85739b5ae8cc3e,Mita,Team Meliora,HC,,EMEA,Troisième niveau,Support,22,-895.0,234.0,-543.0,43.0,0.0,0.0
oe:player:d241f84685d9aa4148dfda77cc6498b,Sined,FLY5,HC,,EMEA,Troisième niveau,Mid,13,-898.0,241.0,-296.0,,,
oe:player:238bc013db5fc47bc74150d38b5bea7,Toybu,FLY5,HC,,EMEA,Troisième niveau,Mid,30,-903.0,234.0,-324.0,41.0,0.0,0.0
oe:player:1f05b5fb18e8b6376f8781cc1b517b2,Black,Ceuta Guardians,NEXO,,EMEA,Troisième niveau,ADC,13,-926.0,235.0,-1819.0,,,
oe:player:cdae498871fa27f176143e196fe6c83,Cisse,KRC Genk Esports,ESLOL,,EMEA,Deuxième niveau,Support,13,-934.0,239.0,-2520.0,,,
oe:player:7bfa0d138c8d6f80797f873137918d5,Vikske,Repre Gold,HC,,EMEA,Troisième niveau,Support,10,-946.0,252.0,-798.0,,,
oe:player:ae14cb687e9cc71d17688d40616b77d,Abow,SAMCLAN Esports Club,LPLOL,,EMEA,Deuxième niveau,Jungle,15,-957.0,236.0,-2597.0,,,
oe:player:c62fc8e0de2383c550d5b0ee2b8c49b,Exduardo,SAMCLAN Esports Club,LPLOL,,EMEA,Deuxième niveau,ADC,16,-963.0,236.0,-2485.0,,,
oe:player:b8c73532f4d33529a8da6a674b48eb3,Lukyss,H3ARTS,HC,,EMEA,Troisième niveau,Mid,11,-983.0,243.0,-724.0,,,
oe:player:c717836ae21d09073f76d43661733d9,JJirkos,Delta Syndicate,HC,,EMEA,Troisième niveau,Support,15,-998.0,240.0,-1055.0,,,
oe:player:355c302080c9a0a44d6620fd9bc3582,Unchainedd,KRC Genk Esports,ESLOL,,EMEA,Deuxième niveau,ADC,14,-1006.0,239.0,-2787.0,,,
oe:player:3245f210616363c243d03636c92ea38,Gremy,KRC Genk Esports,ESLOL,,EMEA,Deuxième niveau,Jungle,25,-1013.0,228.0,-2621.0,194.0,0.0,0.0
oe:player:cc0722b733e25829ed9de9e93ac97be,Stein,Esport STUBA,HC,,EMEA,Troisième niveau,Top,19,-1023.0,240.0,-1240.0,,,
oe:player:dca10c3f12e926056dc41e6e032e0bb,BramGyBhoo,KRC Genk Esports,ESLOL,,EMEA,Deuxième niveau,Mid,14,-1078.0,239.0,-3198.0,,,
oe:player:8972b9cb6da62c9feba04a80249aa80,DrSaw,KRC Genk Esports,ESLOL,,EMEA,Deuxième niveau,Top,14,-1078.0,239.0,-3242.0,,,
oe:player:7cc2c5c91bfb582aa4b047cb8558b9f,Toumes,Inside Games,HC,,EMEA,Troisième niveau,Mid,25,-1087.0,234.0,-1244.0,42.0,0.0,0.0
oe:player:173a81bea75aea455e938e92ae5e751,Vodin,Inside Games,HC,,EMEA,Troisième niveau,Top,20,-1118.0,236.0,-1713.0,39.0,0.0,0.0
oe:player:8312812e9479a6ed735194720f96907,Zelvicka,Inside Games,HC,,EMEA,Troisième niveau,ADC,21,-1152.0,238.0,-1743.0,42.0,0.0,0.0
oe:player:eeaf1e38c16726eaa1266ff7333c30c,Phenix,Inside Games,HC,,EMEA,Troisième niveau,Support,20,-1161.0,238.0,-1870.0,44.0,0.0,0.0
oe:player:d4ef1dbd917273a834cb004be0add79,Danden,Inside Games,HC,,EMEA,Troisième niveau,Jungle,29,-1183.0,225.0,-1736.0,39.0,0.0,0.0
