pid,player,team,league,region,tier,role,games_2026,points,points_sd,vs_role_in_league_gold,mv_median_rank,mv_p1,mv_top5
oe:player:fb6e61b8acb05df17b7e5ad4ae7c800,Chovy,Gen.G,LCK,Corée,Ligue majeure,Mid,128,1026.0,228.0,1295.0,1.0,0.977,1.0
oe:player:03daae1844b9ad257324c3eedf41e28,Kiin,Gen.G,LCK,Corée,Ligue majeure,Top,128,1018.0,228.0,1262.0,1.0,0.893,1.0
oe:player:fb66ef5885b4be9323905b821dc3a42,Bin,Bilibili Gaming,LPL,Chine,Ligue majeure,Top,147,1014.0,205.0,1726.0,2.0,0.05,1.0
oe:player:ed29043422e3c515e1cb292464b990b,Knight,Bilibili Gaming,LPL,Chine,Ligue majeure,Mid,177,988.0,227.0,1638.0,2.0,0.023,1.0
oe:player:eada4723af6f51cf2391d85b5fde49b,Ruler,Gen.G,LCK,Corée,Ligue majeure,ADC,128,974.0,228.0,1052.0,1.0,0.93,1.0
oe:player:9573154ad8bc9459b4c0d940315054f,Viper,Bilibili Gaming,LPL,Chine,Ligue majeure,ADC,177,962.0,227.0,1370.0,2.0,0.01,1.0
oe:player:605821ebcf6a2e53f03ec6e8e463d1b,Duro,Gen.G,LCK,Corée,Ligue majeure,Support,128,961.0,228.0,1086.0,1.0,0.913,0.997
oe:player:92544d7a994bd6841cccd9f6e42e3de,Canyon,Gen.G,LCK,Corée,Ligue majeure,Jungle,128,958.0,228.0,1168.0,1.0,0.98,1.0
oe:player:37f20525a39d17ec49fd10294f9c994,TheShy,Invictus Gaming,LPL,Chine,Ligue majeure,Top,43,953.0,225.0,1421.0,4.0,0.053,0.953
oe:player:f9cd2ef9afea5cda0eb3263a025cec1,Zeka,Hanwha Life Esports,LCK,Corée,Ligue majeure,Mid,143,938.0,228.0,858.0,3.0,0.0,1.0
oe:player:98dd15c330fb5abb4508347265a7f76,Zeus,Hanwha Life Esports,LCK,Corée,Ligue majeure,Top,143,927.0,228.0,808.0,3.0,0.0,1.0
oe:player:90651ebea9a35ec4e018c8157492e17,ON,Bilibili Gaming,LPL,Chine,Ligue majeure,Support,177,925.0,227.0,1421.0,3.0,0.0,0.953
oe:player:db79ce6ad35451c938fbe2995dabd37,Keria,T1,LCK,Corée,Ligue majeure,Support,155,923.0,228.0,894.0,3.0,0.017,0.963
oe:player:c7319736816efe935787b4381c6f321,Gumayusi,Hanwha Life Esports,LCK,Corée,Ligue majeure,ADC,143,912.0,228.0,745.0,3.0,0.0,1.0
oe:player:b777313deced54da2d2c1aa88f52e50,fengyue,Ninjas in Pyjamas,LPL,Chine,Ligue majeure,Support,121,909.0,195.0,1338.0,4.0,0.057,0.863
oe:player:5bbc2b92348d930ebd500cb9ce71bb7,Peyz,T1,LCK,Corée,Ligue majeure,ADC,155,906.0,228.0,711.0,4.0,0.0,1.0
oe:player:fbdc4428b2d095c83aebeed5da4e4b2,Xun,Bilibili Gaming,LPL,Chine,Ligue majeure,Jungle,177,902.0,227.0,989.0,2.0,0.0,0.93
oe:player:57acacc1f182893280e7400073a3dd1,Doran,T1,LCK,Corée,Ligue majeure,Top,155,886.0,228.0,601.0,5.0,0.0,0.923
oe:player:5c6f901a83ec448d51703aebba0ca64,Croco,LNG Esports,LPL,Chine,Ligue majeure,Jungle,39,885.0,232.0,902.0,5.0,0.01,0.4
oe:player:10b86429ce8048aba673d802632e358,Lucid,Dplus Kia,LCK,Corée,Ligue majeure,Jungle,145,876.0,221.0,760.0,5.0,0.0,0.757
oe:player:41deab55354f57a94135989133f9968,Kanavi,Hanwha Life Esports,LCK,Corée,Ligue majeure,Jungle,143,875.0,228.0,754.0,3.0,0.0,0.967
oe:player:e1edfc5cea461399a63cb813cf795cc,Faker,T1,LCK,Corée,Ligue majeure,Mid,155,861.0,228.0,468.0,4.0,0.0,0.923
oe:player:051ca2e31ba25123961b3df95fdef4c,Delight,Hanwha Life Esports,LCK,Corée,Ligue majeure,Support,137,857.0,221.0,566.0,5.0,0.0,0.657
oe:player:542b1268b090a5fc82442efbd8d8165,Angel,EDward Gaming,LPL,Chine,Ligue majeure,Mid,31,847.0,224.0,938.0,8.0,0.0,0.17
oe:player:eaebb7118d7bd83eabac513053e1f6c,Smash,Dplus Kia,LCK,Corée,Ligue majeure,ADC,146,845.0,228.0,410.0,5.0,0.0,0.647
oe:player:f8b68f268106124fc4bc1c946adc9b0,Oner,T1,LCK,Corée,Ligue majeure,Jungle,152,842.0,224.0,590.0,4.0,0.0,0.863
oe:player:1213778b5c6d69dcb26aa89f7d0aaa9,Rookie,Invictus Gaming,LPL,Chine,Ligue majeure,Mid,86,832.0,214.0,862.0,7.0,0.0,0.143
oe:player:7cf68f44e5dc31827b1d3f0a3b4a28e,Hope,Anyone's Legend,LPL,Chine,Ligue majeure,ADC,142,828.0,227.0,698.0,6.0,0.0,0.077
oe:player:62922f2b370657a966de4d84f5586bf,Tarzan,Anyone's Legend,LPL,Chine,Ligue majeure,Jungle,142,826.0,227.0,610.0,7.0,0.0,0.017
oe:player:6bc43cc1537fa4ac6295b4899e972cf,Care,Ninjas in Pyjamas,LPL,Chine,Ligue majeure,Mid,93,824.0,226.0,822.0,7.0,0.0,0.167
oe:player:5f8ff49cd56eae61d635966b183a451,ShowMaker,Dplus Kia,LCK,Corée,Ligue majeure,Mid,146,820.0,228.0,263.0,5.0,0.0,0.523
oe:player:0e2f0d3ded24c190dd6a4b3d6f89f04,Shanks,Anyone's Legend,LPL,Chine,Ligue majeure,Mid,142,817.0,227.0,788.0,7.0,0.0,0.02
oe:player:57ac9f77eae511aeee1e854434f73f2,HOYA,Ninjas in Pyjamas,LPL,Chine,Ligue majeure,Top,93,813.0,226.0,721.0,7.0,0.0,0.0
oe:player:99e732def3601275db892c84fb85a0c,Career,Dplus Kia,LCK,Corée,Ligue majeure,Support,146,812.0,228.0,342.0,6.0,0.0,0.16
oe:player:a7128975a782c11d8c34525be8e1b6c,Erha,Team WE,LPL,Chine,Ligue majeure,Support,145,808.0,185.0,837.0,11.0,0.013,0.073
oe:player:d24f38ec30ce6f7577066f80e43e4bf,Kael,Anyone's Legend,LPL,Chine,Ligue majeure,Support,142,807.0,227.0,829.0,8.0,0.0,0.003
oe:player:ab15060e5225b51592cd04b3aed1e09,SkewMond,G2 Esports,LEC,EMEA,Ligue majeure,Jungle,131,802.0,227.0,1267.0,9.0,0.0,0.0
oe:player:55dd587cdc4a278be6a5c37f9e539de,Caps,G2 Esports,LEC,EMEA,Ligue majeure,Mid,131,801.0,227.0,1348.0,11.0,0.0,0.0
oe:player:ee051912ad5f9a97aa9ce4980cbb481,Peter,DN SOOPers,LCK,Corée,Ligue majeure,Support,107,800.0,193.0,282.0,7.0,0.0,0.243
oe:player:c62a5235ad6bc113a1e64eb0e9aa8c8,Hans Sama,G2 Esports,LEC,EMEA,Ligue majeure,ADC,131,798.0,227.0,1270.0,9.0,0.0,0.0
oe:player:66d0ff0f8f9b5296770c1dbda549950,Ahn,ThunderTalk Gaming,LPL,Chine,Ligue majeure,ADC,64,791.0,222.0,514.0,10.0,0.06,0.277
oe:player:bda7cc061d7a1576f1dcad33dd505cd,Meiko,Invictus Gaming,LPL,Chine,Ligue majeure,Support,81,791.0,218.0,750.0,9.0,0.0,0.0
oe:player:a22a6d1fe8786cf83675e2d932fbffe,JunJia,JD Gaming,LPL,Chine,Ligue majeure,Jungle,160,788.0,222.0,415.0,9.0,0.0,0.003
oe:player:e2af2b779499aa25ab9a9c10c9a5ffd,Caliste,Karmine Corp,LEC,EMEA,Ligue majeure,ADC,138,785.0,228.0,1203.0,12.0,0.0,0.0
oe:player:84bff3a326833c7c9181c698f676878,BrokenBlade,G2 Esports,LEC,EMEA,Ligue majeure,Top,131,783.0,227.0,1223.0,9.0,0.0,0.0
oe:player:6059545b206c4b230b97fd3651b473a,Crisp,LGD Gaming,LPL,Chine,Ligue majeure,Support,52,776.0,219.0,674.0,11.0,0.0,0.077
oe:player:308e48bf56284c09a1a9aadf55bc80c,kyeahoo,Karmine Corp,LEC,EMEA,Ligue majeure,Mid,138,774.0,228.0,1212.0,16.0,0.0,0.0
oe:player:867e8957fae1cb59f0808dbcc3aada2,GALA,JD Gaming,LPL,Chine,Ligue majeure,ADC,166,770.0,229.0,407.0,12.0,0.0,0.0
oe:player:178ec186b0d43d2669342596c2808cd,Diable,Nongshim RedForce,LCK,Corée,Ligue majeure,ADC,128,767.0,185.0,17.0,11.0,0.0,0.0
oe:player:c54e1090ef1faa736b12493051c4855,JackeyLove,Top Esports,LPL,Chine,Ligue majeure,ADC,97,767.0,226.0,394.0,9.0,0.0,0.0
oe:player:f52533de1cc92487ab58b973cd2490e,ZUIAN,Top Esports,LPL,Chine,Ligue majeure,Top,97,764.0,226.0,477.0,9.0,0.0,0.0
oe:player:da9f969a7ab3819b9e528072aa4d5e6,Siwoo,Dplus Kia,LCK,Corée,Ligue majeure,Top,146,763.0,228.0,-12.0,7.0,0.0,0.047
oe:player:6e7908512cb309a43388bb464a312a2,Creme,Top Esports,LPL,Chine,Ligue majeure,Mid,140,759.0,215.0,494.0,11.0,0.0,0.0
oe:player:7577c239c73fa5f3011cd7b5503e75e,Canna,Karmine Corp,LEC,EMEA,Ligue majeure,Top,138,756.0,228.0,1089.0,14.0,0.0,0.0
oe:player:41ad87cfc159526f62529db61162a2a,Vampire,JD Gaming,LPL,Chine,Ligue majeure,Support,166,755.0,229.0,569.0,13.0,0.0,0.0
oe:player:bb6ac5763c6576e104a7a2f59eb4ddf,Labrov,G2 Esports,LEC,EMEA,Ligue majeure,Support,131,755.0,227.0,939.0,14.0,0.0,0.0
oe:player:85104684d1eb7f4c0ce393441a0b669,Aiming,Kiwoom DRX,LCK,Corée,Ligue majeure,ADC,94,754.0,190.0,-47.0,11.0,0.0,0.0
oe:player:a179853ac2a0832657b9de8b9ba0020,HongQ,JD Gaming,LPL,Chine,Ligue majeure,Mid,166,746.0,229.0,432.0,14.0,0.0,0.0
oe:player:0da0eeb199e8fa3ab773cf84f9de9ab,Tian,Top Esports,LPL,Chine,Ligue majeure,Jungle,97,744.0,226.0,200.0,11.0,0.0,0.0
oe:player:e4e24b8656e4e6a74b939af730b0148,Lehends,Nongshim RedForce,LCK,Corée,Ligue majeure,Support,105,743.0,212.0,-2.0,13.0,0.0,0.0
oe:player:beea9fe15bff6a7ab0b3913d3d5fde6,Xiaohu,Weibo Gaming,LPL,Chine,Ligue majeure,Mid,100,737.0,225.0,388.0,15.0,0.0,0.0
oe:player:18a70ca6e551b080cf886828cc18394,Sharvel,DN SOOPers,LCK,Corée,Ligue majeure,Jungle,118,737.0,184.0,65.0,28.0,0.0,0.003
oe:player:3e722c8ede909c83af9342c41805a16,Busio,Karmine Corp,LEC,EMEA,Ligue majeure,Support,138,736.0,228.0,845.0,17.0,0.0,0.0
oe:player:6427b0c5a7c3106e92a7c11257a08c6,Guwon,Ninjas in Pyjamas,LPL,Chine,Ligue majeure,Jungle,93,735.0,226.0,154.0,9.5,0.0,0.0
oe:player:a58a0d41103cdc5b58cbb547eeaca2d,Elk,Weibo Gaming,LPL,Chine,Ligue majeure,ADC,100,735.0,225.0,231.0,13.0,0.0,0.0
oe:player:30361653a485a9609fb2d3aa073282c,Bdd,KT Rolster,LCK,Corée,Ligue majeure,Mid,112,735.0,222.0,-160.0,12.0,0.0,0.0
oe:player:035b9ae578574cdf728d8760483d804,Effort,KT Rolster,LCK,Corée,Ligue majeure,Support,116,734.0,194.0,-47.0,11.0,0.0,0.01
oe:player:65ed20b21e2993fb00dbd21a2fd991b,Zika,Weibo Gaming,LPL,Chine,Ligue majeure,Top,100,733.0,225.0,322.0,13.0,0.0,0.0
oe:player:4203fc46c4c6333e9bfa9d0a8618677,Yike,Karmine Corp,LEC,EMEA,Ligue majeure,Jungle,138,730.0,228.0,903.0,14.0,0.0,0.0
oe:player:8007ba25dee37ac1e4445a6e9f8d252,Xiaoxu,JD Gaming,LPL,Chine,Ligue majeure,Top,166,729.0,229.0,299.0,13.0,0.0,0.0
oe:player:ea58943d300b14d684bb05b3975fe15,Roamer,HANJIN BRION,LCK,Corée,Ligue majeure,Mid,93,728.0,214.0,-196.0,15.0,0.0,0.0
oe:player:0d9b0a3b3a93a8f759c9d8ac8eef97c,Breathe,Anyone's Legend,LPL,Chine,Ligue majeure,Top,90,723.0,195.0,268.0,15.0,0.0,0.0
oe:player:29bef8f5895e5e4fef8ff0945e68567,PerfecT,KT Rolster,LCK,Corée,Ligue majeure,Top,112,720.0,222.0,-227.0,10.0,0.0,0.0
oe:player:b0ec3df39d61f953e7af0afd8eb8c4a,Kellin,BNK FEARX,LCK,Corée,Ligue majeure,Support,130,720.0,224.0,-118.0,16.0,0.0,0.0
oe:player:5385f74da3e5deb5b66d9a1ee56cf97,Dhokla,LYON,LCS,Amérique du Nord,Ligue majeure,Top,111,719.0,225.0,1522.0,15.0,0.003,0.077
oe:player:31fcee25eb58c4dad5616a879948390,Wenbo,Bilibili Gaming,LPL,Chine,Ligue majeure,Top,20,716.0,228.0,236.0,16.0,0.0,0.0
oe:player:f9fe6d28d5b67bf9ac673b2cc8edf15,Cuzz,KT Rolster,LCK,Corée,Ligue majeure,Jungle,108,715.0,221.0,-44.0,11.0,0.0,0.0
oe:player:d709285b163a94af9d819e568c592ba,VicLa,BNK FEARX,LCK,Corée,Ligue majeure,Mid,120,707.0,216.0,-300.0,14.5,0.0,0.017
oe:player:566586ef99b39b57e9c85c59f021da5,Burdol,LGD Gaming,LPL,Chine,Ligue majeure,Top,80,706.0,221.0,187.0,17.0,0.0,0.0
oe:player:6fbf57b984dbf130701e09ea4110bb8,Rich,Kiwoom DRX Challengers,LCKC,Corée,Deuxième niveau,Top,113,705.0,203.0,1811.0,1.0,1.0,1.0
oe:player:aad3806ef26a116c73b11efa07e9bd8,Flandre,Bilibili Gaming,LPL,Chine,Ligue majeure,Top,100,698.0,196.0,147.0,15.0,0.0,0.0
oe:player:4047b7fecd736a6924aa13b05f42897,Taeyoon,BNK FEARX,LCK,Corée,Ligue majeure,ADC,108,695.0,192.0,-342.0,15.0,0.0,0.0
oe:player:8a8f18e4b7d0f30c19c5fb99a526951,Elyoya,Movistar KOI,LEC,EMEA,Ligue majeure,Jungle,111,694.0,228.0,724.0,20.0,0.0,0.0
oe:player:d2b317a92a71a850ae3da1e0d83e883,1xn,LNG Esports,LPL,Chine,Ligue majeure,ADC,53,692.0,228.0,18.0,18.0,0.0,0.0
oe:player:10be1f35d8b5ea6babf916a6e7dd8a4,Fleshy,Team Vitality,LEC,EMEA,Ligue majeure,Support,86,690.0,227.0,617.0,23.0,0.0,0.0
oe:player:b61e517b1a6027160aafaf56e9867c0,Wei,Invictus Gaming,LPL,Chine,Ligue majeure,Jungle,124,689.0,211.0,-79.0,15.0,0.0,0.0
oe:player:a23b45071ea855f85e43db4b5a1683d,Monki,Team WE,LPL,Chine,Ligue majeure,Jungle,128,680.0,224.0,-120.0,15.0,0.0,0.003
oe:player:86a59ad7ba2334ad7505f303d3f2ab6,Casting,HANJIN BRION,LCK,Corée,Ligue majeure,Top,110,679.0,228.0,-435.0,20.0,0.0,0.0
oe:player:83eb62484689106807fcf5ad55b5479,Jojopyun,Movistar KOI,LEC,EMEA,Ligue majeure,Mid,111,678.0,228.0,731.0,23.0,0.0,0.0
oe:player:6625d682ed10ef5e0e7c6c9e4dd2fc1,Tatu,FURIA,CBLOL,Brésil & Amérique latine,Ligue majeure,Jungle,88,678.0,225.0,1485.0,22.5,0.01,0.057
oe:player:1223a0ed2bfab9b714c72d965df8133,Supa,Movistar KOI,LEC,EMEA,Ligue majeure,ADC,111,675.0,228.0,654.0,23.0,0.0,0.0
oe:player:e68cc4b2bef76a96aae344b49a81579,Daystar,BNK FEARX,LCK,Corée,Ligue majeure,Mid,10,674.0,237.0,-462.0,,,
oe:player:ec0c2b8d7630efba391c288765d4d7e,Carzzy,Team Vitality,LEC,EMEA,Ligue majeure,ADC,86,672.0,227.0,636.0,25.0,0.0,0.0
oe:player:d87853a5c1c5463889d70a62cdbcffc,Clear,BNK FEARX,LCK,Corée,Ligue majeure,Top,130,671.0,224.0,-473.0,18.0,0.0,0.0
oe:player:60b1614a632775c97a37a57bda799f2,GIDEON,HANJIN BRION,LCK,Corée,Ligue majeure,Jungle,110,668.0,228.0,-280.0,18.0,0.0,0.0
oe:player:f5bf9bd732b85e4dcab5121e4769ae4,Alvaro,Movistar KOI,LEC,EMEA,Ligue majeure,Support,111,668.0,228.0,503.0,24.0,0.0,0.0
oe:player:370f639a8b838f1933c7232d8adae72,Naak Nako,Team Vitality,LEC,EMEA,Ligue majeure,Top,86,666.0,227.0,638.0,26.0,0.0,0.0
oe:player:637ed20b1e41be1c51bd1a4cb211357,Raptor,BNK FEARX,LCK,Corée,Ligue majeure,Jungle,130,664.0,224.0,-302.0,15.0,0.0,0.0
oe:player:71e79ef80600d398d90cfebe3b0b758,Scout,Nongshim RedForce,LCK,Corée,Ligue majeure,Mid,106,662.0,225.0,-526.0,20.0,0.0,0.0
oe:player:3c93fcbfb525315f6412904e5b9abbd,Tangyuan,LGD Gaming,LPL,Chine,Ligue majeure,Mid,97,657.0,227.0,-15.0,21.0,0.0,0.0
oe:player:0c74b7f78409a4022a2c4c5a5ca3ee1,369,Top Esports,LPL,Chine,Ligue majeure,Top,43,657.0,231.0,-61.0,20.0,0.0,0.0
oe:player:ede24d5e0911d7a4f6ec514a67802ff,Myrwn,Movistar KOI,LEC,EMEA,Ligue majeure,Top,111,653.0,228.0,576.0,27.0,0.0,0.0
oe:player:460ae5a7af8d68f7831b70307210ab3,Berserker,LYON,LCS,Amérique du Nord,Ligue majeure,ADC,114,653.0,228.0,1071.0,23.0,0.0,0.0
oe:player:722c8846b5f0c756efb2affe467958a,Kaze,LOUD,CBLOL,Brésil & Amérique latine,Ligue majeure,Mid,86,651.0,212.0,1745.0,24.0,0.0,0.037
oe:player:d971df9441d60af93a87545e6a8f884,JiaQi,Invictus Gaming,LPL,Chine,Ligue majeure,ADC,114,650.0,203.0,-194.0,18.0,0.0,0.0
oe:player:40704dfd2d966862568d29770de57bd,Isles,LYON,LCS,Amérique du Nord,Ligue majeure,Support,114,650.0,228.0,858.0,23.0,0.0,0.0
oe:player:1c42d9266c8b391c7870b7a39f25a12,Photic,Ninjas in Pyjamas,LPL,Chine,Ligue majeure,ADC,76,645.0,204.0,-217.0,18.0,0.0,0.0
oe:player:baf26814ef7b2f10fac33a00c3d53a3,Willer,Kiwoom DRX,LCK,Corée,Ligue majeure,Jungle,112,638.0,223.0,-431.0,19.0,0.0,0.0
oe:player:2b5fa564a1259b97bc238fbfa719b07,Teddy,HANJIN BRION,LCK,Corée,Ligue majeure,ADC,110,637.0,228.0,-630.0,22.0,0.0,0.0
oe:player:58771d428ade54dd5983bbe70ce0383,Xiaohao,Weibo Gaming,LPL,Chine,Ligue majeure,Jungle,66,635.0,211.0,-345.0,22.0,0.0,0.0
oe:player:88bba3108e62145a9780becd3eb553d,Jiejie,EDward Gaming,LPL,Chine,Ligue majeure,Jungle,112,635.0,206.0,-349.0,23.0,0.0,0.0
oe:player:f73dde2d8c7879ae8d1fcdc03c4ffeb,Morgan,Team Liquid,LCS,Amérique du Nord,Ligue majeure,Top,97,635.0,231.0,1105.0,25.0,0.0,0.0
oe:player:10d1208b485425756fcc932229386b0,MISSING,LNG Esports,LPL,Chine,Ligue majeure,Support,45,635.0,230.0,-30.0,19.0,0.0,0.0
oe:player:da3299cd46f1ad8a86bbadeb6b8a320,Assum,Invictus Gaming,LPL,Chine,Ligue majeure,ADC,77,634.0,210.0,-274.0,21.0,0.0,0.0
oe:player:5ef70ecd799a70ebbda239cd9a9f1e7,Andil,Kiwoom DRX,LCK,Corée,Ligue majeure,Support,111,634.0,223.0,-549.0,20.0,0.0,0.0
oe:player:2452114de900ce4bb971851b668786d,Hype,Team Heretics,LEC,EMEA,Ligue majeure,ADC,56,634.0,208.0,449.0,49.5,0.0,0.0
oe:player:bd6a2e6aaeb993fd29f43790265297f,Ucal,Kiwoom DRX,LCK,Corée,Ligue majeure,Mid,112,634.0,223.0,-663.0,20.0,0.0,0.0
oe:player:3ce68cf813bc34243279fd7fe3cecbb,sheer,LNG Esports,LPL,Chine,Ligue majeure,Top,53,632.0,228.0,-182.0,22.0,0.0,0.0
oe:player:05fafeaf23dc3285558a4e968970b9f,CoreJJ,Team Liquid,LCS,Amérique du Nord,Ligue majeure,Support,97,630.0,231.0,758.0,23.0,0.0,0.0
oe:player:18bdb3898e7fecb3bb0be7ff075d509,deokdam,DN SOOPers,LCK,Corée,Ligue majeure,ADC,116,629.0,220.0,-674.0,18.0,0.0,0.0
oe:player:f6b8af05a5af22004a67a78f3046b92,Yeon,Team Liquid,LCS,Amérique du Nord,Ligue majeure,ADC,97,629.0,231.0,950.0,24.0,0.0,0.0
oe:player:f45792335d83b10581da2f0cbdd6e8e,Saint,LYON,LCS,Amérique du Nord,Ligue majeure,Mid,114,628.0,228.0,954.0,22.5,0.0,0.0
oe:player:30b18cd72f0d41ae18f14378d2dab48,climber,Ultra Prime,LPL,Chine,Ligue majeure,Jungle,12,626.0,240.0,-394.0,,,
oe:player:92f0831b560a15d8be3be25275adb08,Heng,LGD Gaming,LPL,Chine,Ligue majeure,Jungle,97,625.0,227.0,-399.0,23.0,0.0,0.0
oe:player:97cae9bbdbfe09bafe83c5a7bda0727,Namgung,HANJIN BRION,LCK,Corée,Ligue majeure,Support,110,624.0,228.0,-599.0,22.0,0.0,0.0
oe:player:a7b51467f09577883d7150f37393964,naiyou,Top Esports,LPL,Chine,Ligue majeure,Jungle,43,620.0,231.0,-420.0,19.0,0.0,0.0
oe:player:75414f3b4f03bf449c319eb75f3dd5b,Kryze,Solary,LFL,EMEA,Deuxième niveau,Top,105,620.0,226.0,1111.0,2.0,0.0,1.0
oe:player:6e6a78244523ed9e54731d07d1f79f4,DuDu,DN SOOPers,LCK,Corée,Ligue majeure,Top,120,619.0,222.0,-731.0,24.0,0.0,0.0
oe:player:613a571a4b0b674547093130f2e4093,SlowQ,SK Gaming,LEC,EMEA,Ligue majeure,Mid,63,616.0,203.0,425.0,25.0,0.0,0.0
oe:player:d6a41c1166922d1ff489fdb2fa06289,Thayger,Galions,LFL,EMEA,Deuxième niveau,Jungle,123,615.0,226.0,1346.0,2.0,0.22,1.0
oe:player:5522f05516e62197107dd9166442187,TheHank,Bilibili Gaming Junior,LPL,Chine,Ligue majeure,Support,20,613.0,224.0,-139.0,19.0,0.0,0.0
oe:player:3f4027dc08a489bd4d5390913f5dc71,Sponge,Nongshim RedForce,LCK,Corée,Ligue majeure,Jungle,106,609.0,225.0,-577.0,24.0,0.0,0.0
oe:player:cbe20c64274a87a21e5bdac1ccc3e77,Rhilech,Natus Vincere,LEC,EMEA,Ligue majeure,Jungle,86,607.0,229.0,288.0,31.0,0.0,0.0
oe:player:618a87d272773f68239d8ce5555f39d,Kingen,Nongshim RedForce,LCK,Corée,Ligue majeure,Top,106,607.0,225.0,-792.0,25.0,0.0,0.0
oe:player:fd0a05e90aefc83ac69d3352b0f0be6,xyno,LOUD,CBLOL,Brésil & Amérique latine,Ligue majeure,Top,88,606.0,219.0,1358.0,30.0,0.0,0.0
oe:player:e5f6c83e6e97c74fc9e9760fc8972ae,Eddie,Team Secret Whales,LCP,Asie-Pacifique,Ligue majeure,ADC,110,606.0,231.0,1438.0,29.0,0.0,0.0
oe:player:d8362fe0d38ca0e70953ed957deaa00,Rekkles,Witchcraft,LEC,EMEA,Ligue majeure,Support,21,605.0,232.0,188.0,34.0,0.0,0.0
oe:player:060e16e1c91434827c294bac52e8b47,Zicssi,Solary,LFL,EMEA,Deuxième niveau,Jungle,105,604.0,226.0,1292.0,2.0,0.08,1.0
oe:player:eaf899c6268995f9b1e40d1932c6888,Targamas,French Flair,LFL,EMEA,Deuxième niveau,Support,40,603.0,228.0,1368.0,3.0,0.177,0.857
oe:player:a8307167f3a1c933295bb9e3d43700e,Inspired,LYON,LCS,Amérique du Nord,Ligue majeure,Jungle,105,603.0,220.0,1136.0,25.0,0.0,0.0
oe:player:81acc6bcde5c927c78e0990e9887f84,Vulcan,Cloud9,LCS,Amérique du Nord,Ligue majeure,Support,94,602.0,227.0,619.0,26.0,0.0,0.0
oe:player:ca9701f085966dfca32e31b1b1e9d55,Lyncas,Team Vitality,LEC,EMEA,Ligue majeure,Jungle,86,602.0,227.0,262.0,27.0,0.0,0.0
oe:player:d47955c8bc06bf316f24ee15d45407b,Aetinoth,Solary,LFL,EMEA,Deuxième niveau,ADC,104,601.0,225.0,1490.0,2.0,0.27,0.987
oe:player:973547129a691fb61e886add170ac7a,Piero,Solary,LFL,EMEA,Deuxième niveau,Support,104,601.0,225.0,1362.0,3.0,0.113,0.95
oe:player:e78da55d6db43d982f841204a8e51ac,Zhuo,Top Esports,LPL,Chine,Ligue majeure,Support,112,600.0,203.0,-206.0,23.0,0.0,0.0
oe:player:5fa6eac8bedeed60a83f154d9538ee1,Carlsen,Galions,LFL,EMEA,Deuxième niveau,Top,123,598.0,226.0,1003.0,3.0,0.0,1.0
oe:player:3b54bb3274c2444d1062333aa5f012a,NattyNatt,French Flair,LFL,EMEA,Deuxième niveau,Jungle,40,597.0,228.0,1258.0,4.0,0.003,0.977
oe:player:6d734e1e86b978852d95cfd63d6a643,Shaoye,LGD Gaming,LPL,Chine,Ligue majeure,ADC,97,597.0,227.0,-457.0,24.0,0.0,0.0
oe:player:52b4f060a577ff87c99118d97fa75f4,Josedeodo,Team Liquid,LCS,Amérique du Nord,Ligue majeure,Jungle,97,596.0,231.0,1101.0,25.0,0.0,0.0
oe:player:8f8eaac8e99c203ee76e57c5c81c91f,Quid,Team Liquid,LCS,Amérique du Nord,Ligue majeure,Mid,97,595.0,231.0,788.0,24.0,0.0,0.0
oe:player:8b73af38e98bccab6f86930c75a9450,Trymbi,Shifters,LEC,EMEA,Ligue majeure,Support,40,593.0,221.0,130.0,33.0,0.0,0.0
oe:player:b6603b64c5cabad210826735469838b,Cube,Team WE,LPL,Chine,Ligue majeure,Top,132,593.0,228.0,-381.0,28.0,0.0,0.0
oe:player:fa22d396503a5a737f2f169943d7241,Zoelys,Galions,LFL,EMEA,Deuxième niveau,Support,123,591.0,226.0,1312.0,3.0,0.113,0.99
oe:player:1efc4e5732e91520d03385900b903f9,Thanatos,Cloud9,LCS,Amérique du Nord,Ligue majeure,Top,94,589.0,227.0,872.0,29.0,0.0,0.0
oe:player:eff6236e2369eaeccf4c9434031d20c,3XA,Joblife,LFL,EMEA,Deuxième niveau,ADC,46,589.0,220.0,1429.0,3.0,0.27,0.957
oe:player:145201414ecb853de684fbe7d6bb5b6,Ackerman,LØS,CBLOL,Brésil & Amérique latine,Ligue majeure,Support,100,588.0,231.0,1442.0,32.0,0.0,0.0
oe:player:da42b9f18367dc6c30476ec117c29de,Saber,Ultra Prime,LPL,Chine,Ligue majeure,Mid,23,586.0,237.0,-367.0,21.0,0.0,0.0
oe:player:bc4f68ea698f26bb1e2f6d34f900f57,SamD,Natus Vincere,LEC,EMEA,Ligue majeure,ADC,86,586.0,229.0,210.0,30.0,0.0,0.0
oe:player:317aeb74a6dd16bea711bbad361ca44,BuLLDoG,EDward Gaming,LPL,Chine,Ligue majeure,Mid,71,585.0,209.0,-376.0,24.0,0.0,0.0
oe:player:4d08cbf857994dc42e1b09205158e15,Painter,T1 Esports Academy,LCKC,Corée,Deuxième niveau,Jungle,155,585.0,218.0,1477.0,1.0,0.697,1.0
oe:player:6644a7352d32c9c4443017798130b61,Pun,Team Secret Whales,LCP,Asie-Pacifique,Ligue majeure,Top,109,584.0,230.0,1482.0,32.0,0.0,0.0
oe:player:786b5bbf7bbfb7b79379e8589a865c1,Zest,LØS,CBLOL,Brésil & Amérique latine,Ligue majeure,Top,100,583.0,231.0,1246.0,33.0,0.0,0.0
oe:player:63dd174baf11b12006e5dc29c2269a1,Maynter,Natus Vincere,LEC,EMEA,Ligue majeure,Top,86,581.0,229.0,213.0,32.0,0.0,0.0
oe:player:ed455f823b6586e9e3621dfb5aeb42e,Blaber,Cloud9,LCS,Amérique du Nord,Ligue majeure,Jungle,94,580.0,227.0,1019.0,29.0,0.0,0.0
oe:player:3d022fcafe5af9f52df92b17c015fe6,HARPOON,Galions,LFL,EMEA,Deuxième niveau,ADC,123,579.0,226.0,1380.0,3.0,0.11,0.96
oe:player:1f7d70f56b608b3137df2493949fdd0,Bie,Team Secret Whales,LCP,Asie-Pacifique,Ligue majeure,Support,110,577.0,231.0,1316.0,30.0,0.0,0.0
oe:player:e85e46c5f3d3fcce55af9ca6a4cb45c,sasi,Ultra Prime,LPL,Chine,Ligue majeure,Top,29,576.0,221.0,-463.0,26.0,0.0,0.0
oe:player:990de650e44c3b85ec90451de02db04,Jool,Solary,LFL,EMEA,Deuxième niveau,Mid,105,572.0,226.0,1127.0,2.0,0.42,0.993
oe:player:a9cfbc13e22eefdd22af7b346ce2af4,Parus,Natus Vincere,LEC,EMEA,Ligue majeure,Support,86,567.0,229.0,-1.0,32.0,0.0,0.0
oe:player:3389bea88a7a78d4b5577a86e07c2ee,re0,Oh My God,LPL,Chine,Ligue majeure,Jungle,21,563.0,232.0,-709.0,27.0,0.0,0.0
oe:player:c8fe7c65a2ae0ab6ff62674ade6847d,Cloud,T1 Esports Academy,LCKC,Corée,Deuxième niveau,Support,154,562.0,226.0,1283.0,2.0,0.207,1.0
oe:player:a41eb80b5f23627fc710cc41c516e49,LazyFeel,Kiwoom DRX Challengers,LCKC,Corée,Deuxième niveau,ADC,106,560.0,185.0,1303.0,3.0,0.31,0.877
oe:player:6adb46561c24655e0455d9b3fdc5698,Clozer,DN SOOPers,LCK,Corée,Ligue majeure,Mid,120,559.0,222.0,-1039.0,26.0,0.0,0.0
oe:player:4e0ee55680fa265c49e158f85e26650,Poby,Natus Vincere,LEC,EMEA,Ligue majeure,Mid,86,558.0,229.0,133.0,32.0,0.0,0.0
oe:player:4e0619e57cb50c4ab1230c2dd72df1b,Tactical,Cloud9,LCS,Amérique du Nord,Ligue majeure,ADC,47,554.0,214.0,577.0,27.0,0.0,0.0
oe:player:97e179ee675d0c4345bcd64089d2218,sinian,EDG Youth Team,LPL,Chine,Ligue majeure,Mid,21,554.0,227.0,-527.0,28.0,0.0,0.0
oe:player:d1ae0e2f9f3ac1e0e0cdcb86504ca77,Feisty,LØS,CBLOL,Brésil & Amérique latine,Ligue majeure,Mid,100,554.0,231.0,1260.0,34.0,0.0,0.0
oe:player:e42fd90dea956c3986b69209b56ce16,OMON,Galions,LFL,EMEA,Deuxième niveau,Mid,123,550.0,226.0,1017.0,3.0,0.087,0.877
oe:player:498246d6c44175256a07ed5f322c817,Karis,Team WE,LPL,Chine,Ligue majeure,Mid,132,547.0,228.0,-564.0,27.0,0.0,0.0
oe:player:0758af26fa0c3af6899bb1569059609,Lospa,Fnatic,LEC,EMEA,Ligue majeure,Support,67,540.0,228.0,-136.0,40.0,0.0,0.0
oe:player:8f7f4c1ce7a4f933663d10543562b09,About,Team WE,LPL,Chine,Ligue majeure,ADC,132,540.0,228.0,-741.0,29.0,0.0,0.0
oe:player:043e89cd3b06bc1a0555024d475c9d2,Hizto,Team Secret Whales,LCP,Asie-Pacifique,Ligue majeure,Jungle,110,540.0,231.0,1151.0,33.0,0.0,0.0
oe:player:be9758f87345bcce47970a8f17b3c07,Oscarinin,GiantX,LEC,EMEA,Ligue majeure,Top,33,539.0,227.0,7.0,36.0,0.0,0.0
oe:player:d61d8a0b25028f787123bfff542d305,Guigo,FURIA,CBLOL,Brésil & Amérique latine,Ligue majeure,Top,94,535.0,231.0,1005.0,38.0,0.0,0.0
oe:player:211333df928f872c063bce4ef25ea63,Junhao,ThunderTalk Gaming,LPL,Chine,Ligue majeure,Jungle,80,535.0,231.0,-848.0,33.0,0.0,0.0
oe:player:edf8b064c096691e539b7e2a3e28179,Humanoid,Team Vitality,LEC,EMEA,Ligue majeure,Mid,56,533.0,213.0,10.0,36.0,0.0,0.0
oe:player:b7a3b6176406a92dd089fe2f82a1d3f,Dire,Team Secret Whales,LCP,Asie-Pacifique,Ligue majeure,Mid,110,533.0,231.0,1054.0,32.0,0.0,0.0
oe:player:5450c7731de19c131ce20ea74933cc2,ISMA,GiantX,LEC,EMEA,Ligue majeure,Jungle,91,532.0,224.0,-85.0,34.0,0.0,0.0
oe:player:0a53c1102dafce61e89decc517b3175,Loki,Cloud9,LCS,Amérique du Nord,Ligue majeure,Mid,46,532.0,209.0,475.0,34.0,0.0,0.0
oe:player:a52945dbe283de2f7e9d63ca3417f36,Leave,EDward Gaming,LPL,Chine,Ligue majeure,ADC,78,528.0,222.0,-804.0,33.0,0.0,0.0
oe:player:cb4cd2fd258d5961d2f1c4815b04123,JoJo,FURIA,CBLOL,Brésil & Amérique latine,Ligue majeure,Support,94,525.0,231.0,1124.0,39.0,0.0,0.0
oe:player:41672e17bc1f86dc5d93955c031d2a9,Stend,Shifters,LEC,EMEA,Ligue majeure,Support,61,519.0,196.0,-242.0,37.0,0.0,0.0
oe:player:054e5f8aeb885db6713f4a3e7328efc,Jun,GiantX,LEC,EMEA,Ligue majeure,Support,91,518.0,224.0,-246.0,36.0,0.0,0.0
oe:player:b4179fdeda1242fcd94b82a5710dd3e,Duduhh,LØS,CBLOL,Brésil & Amérique latine,Ligue majeure,ADC,100,515.0,231.0,1007.0,36.0,0.0,0.0
oe:player:ab2455e33b8ddb6a9d2d41107a2ed4f,Hang,Weibo Gaming,LPL,Chine,Ligue majeure,Support,27,515.0,220.0,-631.0,30.0,0.0,0.0
oe:player:8643b56ba8000250b81fdaca1d7f06e,Jiwoo,KT Rolster,LCK,Corée,Ligue majeure,ADC,111,515.0,175.0,-1243.0,30.0,0.0,0.0
oe:player:dfe5b204f04f40a84019af080662259,Jwei,Weibo Gaming,LPL,Chine,Ligue majeure,Support,73,514.0,204.0,-637.0,33.0,0.0,0.0
oe:player:1506ea935288289a3e2c712b55f280f,Habubu,Berlin International Gaming,PRM,EMEA,Deuxième niveau,Jungle,105,514.0,207.0,1604.0,5.0,0.0,0.577
oe:player:390ca7b6b38d552363eba1b5b54ff18,Razork,Fnatic,LEC,EMEA,Ligue majeure,Jungle,67,512.0,228.0,-188.0,38.0,0.0,0.0
oe:player:fe4329cec43193c425eb28a4a4b304a,Upset,Fnatic,LEC,EMEA,Ligue majeure,ADC,67,512.0,228.0,-160.0,37.0,0.0,0.0
oe:player:204746c853a12888ad72d8035cdf8c7,Jackies,GiantX,LEC,EMEA,Ligue majeure,Mid,91,512.0,224.0,-98.0,34.0,0.0,0.0
oe:player:3950b27e47e381e26f4678ced12bc45,Guti,T1 Esports Academy,LCKC,Corée,Deuxième niveau,Mid,154,511.0,226.0,812.0,2.0,0.243,0.997
oe:player:9d361f9d8214252ee571375f9105cb4,frosty,RED Canids,CBLOL,Brésil & Amérique latine,Ligue majeure,Support,65,511.0,217.0,1057.0,45.0,0.0,0.0
oe:player:1c51707d8fd9873c9fd184e2cd01b33,Crownie,Witchcraft,LEC,EMEA,Ligue majeure,ADC,21,511.0,232.0,-167.0,37.0,0.0,0.0
oe:player:6fcbbff49badbddafbda79a49abba07,STEPZ,RED Canids,CBLOL,Brésil & Amérique latine,Ligue majeure,Jungle,66,511.0,228.0,648.0,37.0,0.0,0.0
oe:player:10fcffece0ac7be85f09c4b51a75762,Zven,Cloud9,LCS,Amérique du Nord,Ligue majeure,ADC,66,508.0,224.0,349.0,33.0,0.0,0.0
oe:player:d7a904873d10637ef44afa9c1de83b3,Ayu,FURIA,CBLOL,Brésil & Amérique latine,Ligue majeure,ADC,94,505.0,231.0,957.0,38.0,0.0,0.0
oe:player:0be01924125adebc1a95bbb09d0c4d1,Starry,Oh My God,LPL,Chine,Ligue majeure,ADC,27,500.0,231.0,-944.0,29.0,0.0,0.0
oe:player:1b481e5ac2a687de752b330bee95ce8,Renard,Invictus Gaming,LPL,Chine,Ligue majeure,Mid,20,495.0,229.0,-823.0,30.0,0.0,0.0
oe:player:397bcf46311de3cf780469b2a842b67,Ycx,LNG Esports,LPL,Chine,Ligue majeure,Support,53,493.0,212.0,-737.0,34.0,0.0,0.0
oe:player:9db3f170213f562a9613fe4f99d7dfa,Empyros,Fnatic,LEC,EMEA,Ligue majeure,Top,45,492.0,218.0,-228.0,40.0,0.0,0.0
oe:player:132ee4b29ebeac294a420dcebe64bdc,Zdz,EDward Gaming,LPL,Chine,Ligue majeure,Top,78,492.0,222.0,-884.0,35.0,0.0,0.0
oe:player:9fefcdafef82ae8de67c1187546d622,Haetae,T1 Esports Academy,LCKC,Corée,Deuxième niveau,Top,147,492.0,219.0,746.0,4.0,0.0,0.943
oe:player:e9017664588010860a92ceb5f8fcb82,Quad,FlyQuest,LCS,Amérique du Nord,Ligue majeure,Mid,85,489.0,232.0,259.0,37.0,0.0,0.0
oe:player:5000a68e43f946c726a17e1008e230a,Feather,ThunderTalk Gaming,LPL,Chine,Ligue majeure,Support,80,487.0,231.0,-772.0,36.0,0.0,0.0
oe:player:456d479c879155333c0624219803ec4,Nemesis,Witchcraft,LEC,EMEA,Ligue majeure,Mid,21,485.0,232.0,-230.0,42.0,0.0,0.0
oe:player:886e8205ac1b091dbf67dbae83b1544,Tutsz,FURIA,CBLOL,Brésil & Amérique latine,Ligue majeure,Mid,94,484.0,231.0,908.0,40.0,0.0,0.0
oe:player:367fecc4cb53a8234abbd9f283b7997,Vladi,Fnatic,LEC,EMEA,Ligue majeure,Mid,67,481.0,228.0,-249.0,40.0,0.0,0.0
oe:player:97703d326201ee5bfa4694c7a73a2b4,Gloryy,GAM Esports,LCP,Asie-Pacifique,Ligue majeure,Mid,34,479.0,221.0,786.0,48.0,0.0,0.0
oe:player:978c38ad839a85b4bdc8d3cd5e2c560,zynts,RED Canids,CBLOL,Brésil & Amérique latine,Ligue majeure,Top,69,479.0,222.0,725.0,44.0,0.0,0.0
oe:player:9fbfcaef69533c0545859880e974572,Heru,ThunderTalk Gaming,LPL,Chine,Ligue majeure,Mid,80,478.0,231.0,-912.0,35.0,0.0,0.0
oe:player:404079b4e478ea2a8b57904c640311b,Sheo,Shifters,LEC,EMEA,Ligue majeure,Jungle,63,477.0,203.0,-359.0,39.5,0.0,0.0
oe:player:eeec6c7a9d2b475c23650b202208b89,Lot,GiantX,LEC,EMEA,Ligue majeure,Top,58,477.0,223.0,-308.0,39.0,0.0,0.0
oe:player:d617210b92fa03e78554883250d432c,Gakgos,FlyQuest,LCS,Amérique du Nord,Ligue majeure,Top,85,475.0,232.0,301.0,39.0,0.0,0.0
oe:player:6841f2d68619d53bdd1cdbf30b5be2c,Zeyzal,Shopify Rebellion,LCS,Amérique du Nord,Ligue majeure,Support,35,472.0,223.0,-30.0,40.0,0.0,0.0
oe:player:3126bca5d4d2555ba3b460699508e16,Pollu,KT Rolster Challengers,LCKC,Corée,Deuxième niveau,Support,115,471.0,194.0,829.0,7.0,0.0,0.127
oe:player:174d22de3c932c21ef6500eff012e12,MG,BNK FEARX Youth,LCKC,Corée,Deuxième niveau,Mid,31,470.0,228.0,606.0,5.0,0.02,0.403
oe:player:dbb4f0b38307e3b2a6c2e6568262dc7,HungryPanda,Joblife,LFL,EMEA,Deuxième niveau,Support,19,470.0,231.0,703.0,,,
oe:player:61ea9de879a9b27bb8eddcba7f32f4a,fNb,RED Canids,CBLOL,Brésil & Amérique latine,Ligue majeure,Top,27,468.0,234.0,667.0,47.0,0.0,0.0
oe:player:e2c655411d8d95ef73d8026704f5e7a,Rahel,Sentinels,LCS,Amérique du Nord,Ligue majeure,ADC,90,467.0,231.0,140.0,39.0,0.0,0.0
oe:player:ea9ed09584feecae0991089f087d2ce,APA,Cloud9,LCS,Amérique du Nord,Ligue majeure,Mid,66,462.0,224.0,124.0,36.0,0.0,0.0
oe:player:655ff5d5e29058249fdf0ab0e1389f8,FenRir,KT Rolster Challengers,LCKC,Corée,Deuxième niveau,ADC,141,461.0,195.0,812.0,5.0,0.0,0.623
oe:player:9d8737d57b1048a8b571856a296b624,Keshi,ThunderTalk Gaming,LPL,Chine,Ligue majeure,Top,80,460.0,231.0,-1043.0,37.0,0.0,0.0
oe:player:cb15090b89e91fddb1cc57a00afe58f,Batuuu,Team Heretics Academy,LES,EMEA,Deuxième niveau,Support,81,460.0,223.0,1625.0,9.0,0.0,0.097
oe:player:95d286ec0a5d750d09e848a4e630c56,Noah,GiantX,LEC,EMEA,Ligue majeure,ADC,58,459.0,223.0,-429.0,38.0,0.0,0.0
oe:player:9191e392e93a6ef011ef76b5b83ee6c,huhi,Sentinels,LCS,Amérique du Nord,Ligue majeure,Support,90,457.0,231.0,-107.0,42.0,0.0,0.0
oe:player:a68581f40d30119bad63673b157e660,Velja,Witchcraft,LEC,EMEA,Ligue majeure,Jungle,21,457.0,232.0,-461.0,39.0,0.0,0.0
oe:player:9d2474b953a3a0be93880409ccceb4e,Artemis,GAM Esports,LCP,Asie-Pacifique,Ligue majeure,ADC,95,453.0,230.0,672.0,43.0,0.0,0.0
oe:player:cda093b28f577696b82604fb20037ad,Fresskowy,Movistar KOI Fénix,LES,EMEA,Deuxième niveau,Mid,92,451.0,225.0,1814.0,11.0,0.0,0.06
oe:player:dda950e6954035ff3f38b14ef7acc26,Lucy,Nongshim Esports Academy,LCKC,Corée,Deuxième niveau,ADC,124,450.0,229.0,756.0,7.0,0.0,0.047
oe:player:38e0af7278d6769d0c81d7c4b47ac1e,Soboro,Fnatic,LEC,EMEA,Ligue majeure,Top,65,448.0,207.0,-448.0,37.0,0.0,0.0
oe:player:2cbf592923f34b2e6acc4b747385c8a,Gryffinn,FlyQuest,LCS,Amérique du Nord,Ligue majeure,Jungle,85,448.0,232.0,359.0,38.0,0.0,0.0
oe:player:4ff7b91bbc9492e9f96d28dda496653,SeTab,Nongshim Esports Academy,LCKC,Corée,Deuxième niveau,Mid,124,447.0,229.0,491.0,6.0,0.0,0.217
oe:player:4491b20edc9ceb1d782095e341051d9,LIDER,SK Gaming,LEC,EMEA,Ligue majeure,Mid,32,446.0,221.0,-426.0,45.0,0.0,0.0
oe:player:b8441a3fc649ee4789bc3ded34f46d6,Janus,Nongshim Esports Academy,LCKC,Corée,Deuxième niveau,Top,124,444.0,229.0,506.0,6.0,0.0,0.187
oe:player:76a48b285de2308d5de60668d021ed5,Liangchen,Bilibili Gaming Junior,LPL,Chine,Ligue majeure,Top,25,442.0,232.0,-1133.0,36.0,0.0,0.0
oe:player:05a73863e113f3cb6b472a76da2ea52,DARKWINGS,Sentinels,LCS,Amérique du Nord,Ligue majeure,Mid,90,441.0,231.0,21.0,41.0,0.0,0.0
oe:player:403937c97942cb4634ef8907077ede5,Xiaoxia,Ultra Prime,LPL,Chine,Ligue majeure,Support,25,441.0,236.0,-1002.0,32.0,0.0,0.0
oe:player:b137ce57a15794ffac86eaeff085326,Boukada,Shifters,LEC,EMEA,Ligue majeure,Jungle,28,440.0,225.0,-543.0,41.0,0.0,0.0
oe:player:9c51ed760409db6fa2a02fe8046f110,Curse,LØS,CBLOL,Brésil & Amérique latine,Ligue majeure,Jungle,107,440.0,194.0,293.0,43.0,0.0,0.0
oe:player:6c2d19f781192a84726e07f68a531b6,Markoon,G2 NORD,PRM,EMEA,Deuxième niveau,Jungle,122,438.0,227.0,1224.0,9.0,0.0,0.037
oe:player:32ddd24ac02f57871c631c66265d2f6,HongSuo,Deep Cross Gaming,LCP,Asie-Pacifique,Ligue majeure,Mid,106,436.0,231.0,572.0,44.0,0.0,0.0
oe:player:73e08f7701a4316284cbe884b5d7e56,Kiaya,GAM Esports,LCP,Asie-Pacifique,Ligue majeure,Top,95,434.0,230.0,732.0,46.0,0.0,0.0
oe:player:686e3385a39e937956485d742b689e5,Jaehyuk,Dplus Kia Challengers,LCKC,Corée,Deuxième niveau,Top,123,433.0,227.0,453.0,5.0,0.0,0.677
oe:player:4f27911a3702f671c3d21286356a6df,Cryogen,FlyQuest,LCS,Amérique du Nord,Ligue majeure,Support,85,433.0,232.0,-227.0,42.0,0.0,0.0
oe:player:28a1925f6c4df972a5ae722c07bb4c4,Harky,MVK Esports,LCP,Asie-Pacifique,Ligue majeure,ADC,83,431.0,217.0,562.0,44.0,0.0,0.0
oe:player:c0f78343a2ad4ba1463245d53a3b440,Ragner,Joblife,LFL,EMEA,Deuxième niveau,Top,76,431.0,207.0,164.0,18.0,0.0,0.0
oe:player:1b90b5086aa57992143a92a2899b8e0,Taki,GAM Esports,LCP,Asie-Pacifique,Ligue majeure,Support,95,428.0,230.0,571.0,47.0,0.0,0.0
oe:player:13166913111075999f2adeb687548eb,Parukia,EDward Gaming,LPL,Chine,Ligue majeure,Support,53,427.0,219.0,-1070.0,43.0,0.0,0.0
oe:player:11b40dd5fcd01f1fca9496859ccd862,Shelfmade,G2 NORD,PRM,EMEA,Deuxième niveau,Top,122,426.0,227.0,990.0,12.0,0.0,0.007
oe:player:7f77fb35ead1b44ec7cb3ebb5a395ac,Baus,Los Ratones,LEC,EMEA,Ligue majeure,Top,11,425.0,238.0,-568.0,,,
oe:player:027a5217b659e8bedb70978dea494d6,Irrelevant,Berlin International Gaming,PRM,EMEA,Deuxième niveau,Top,128,425.0,221.0,985.0,12.0,0.0,0.0
oe:player:219d2d945cfbd391d0ade5e352a1bc5,ceo,Vivo Keyd Stars,CBLOL,Brésil & Amérique latine,Ligue majeure,ADC,56,423.0,206.0,545.0,43.0,0.0,0.0
oe:player:6520964cefa9d79079bf664b7453cfc,Mercy9,Team Heretics Academy,LES,EMEA,Deuxième niveau,Mid,81,421.0,223.0,1664.0,14.0,0.0,0.047
oe:player:ee4894bcff1cfaa4ffbf71b7b8d8921,Rin,G2 NORD,PRM,EMEA,Deuxième niveau,ADC,122,421.0,227.0,1019.0,10.0,0.0,0.007
oe:player:e214e8e906f16ec13e9a88de30dc181,Jopa,SK Gaming,LEC,EMEA,Ligue majeure,ADC,58,417.0,228.0,-638.0,45.0,0.0,0.0
oe:player:845ea84cec22236278388f19fcd20bf,HamBak,Sentinels,LCS,Amérique du Nord,Ligue majeure,Jungle,90,417.0,231.0,205.0,40.0,0.0,0.0
oe:player:26626eb3322fd706f5ca63fca2bb022,Garden,Dplus Kia Challengers,LCKC,Corée,Deuxième niveau,Mid,123,415.0,227.0,332.0,5.0,0.0,0.653
oe:player:bbd0c34fcf8166e45f1161815fefccf,Wayne,Dplus Kia Challengers,LCKC,Corée,Deuxième niveau,ADC,123,414.0,227.0,573.0,6.0,0.04,0.383
oe:player:2e7d6bbb048c7e1ff0eb4d8e3bbad9a,Kati,MVK Esports,LCP,Asie-Pacifique,Ligue majeure,Mid,16,413.0,240.0,454.0,,,
oe:player:4367b1100c2577e20e13ae9e3afd835,Lure,Team Heretics Academy,LES,EMEA,Deuxième niveau,ADC,81,413.0,223.0,1843.0,12.0,0.0,0.003
oe:player:f9234f74ef6e8ef9657e1d3afec1098,Steller,MVK Esports Academy,VCS,Asie-Pacifique,Deuxième niveau,Top,53,412.0,217.0,2385.0,25.0,0.0,0.07
oe:player:0101bf828e44b2630d500590c4ad461,Gury,MVK Esports,LCP,Asie-Pacifique,Ligue majeure,Jungle,78,412.0,229.0,510.0,41.5,0.0,0.0
oe:player:c145139d26813639b8fe6f4d0b28228,Massu,FlyQuest,LCS,Amérique du Nord,Ligue majeure,ADC,85,412.0,232.0,-132.0,40.0,0.0,0.0
oe:player:e9741b3a238723ea6380ef2113fae63,Loopy,Dplus Kia Challengers,LCKC,Corée,Deuxième niveau,Support,123,412.0,227.0,535.0,6.0,0.0,0.433
oe:player:285954244fdc2bcce532fb88a1e0ddb,Rooster,Shifters,LEC,EMEA,Ligue majeure,Top,61,411.0,225.0,-635.0,49.0,0.0,0.0
oe:player:f886838ee1808c2f217208267a829ce,haichao,Oh My God,LPL,Chine,Ligue majeure,Mid,34,410.0,233.0,-1251.0,42.0,0.0,0.0
oe:player:df6940da41ba9a3df7055e75f3daac9,Draktharr,GAM Esports,LCP,Asie-Pacifique,Ligue majeure,Jungle,95,409.0,230.0,495.0,43.0,0.0,0.0
oe:player:0b980d0c6f947f01b59e62ec06b5d75,Toasty,G2 NORD,PRM,EMEA,Deuxième niveau,Mid,122,409.0,227.0,1065.0,13.0,0.0,0.0
oe:player:6a9abcfebed9c636ca90560b7f49855,Adam,ZYB Esport,LFL,EMEA,Deuxième niveau,Top,54,408.0,219.0,51.0,13.0,0.0,0.057
oe:player:11dd44ac5921ecf53491b3e6128842d,Spooder,TLN Pirates,LFL,EMEA,Deuxième niveau,Top,69,407.0,228.0,47.0,10.0,0.0,0.007
oe:player:a8ab1ca5ba5183bdad08a3f2eeeb95d,Reeker,Berlin International Gaming,PRM,EMEA,Deuxième niveau,Mid,128,405.0,221.0,1048.0,11.0,0.0,0.003
oe:player:1ee921aeb89df0c447cb6d54a6e8db3,Papiteero,Team Heretics Academy,LES,EMEA,Deuxième niveau,Top,95,405.0,204.0,1456.0,12.0,0.0,0.04
oe:player:dfc279de8d7bd571aa8edfd7eb89c03,Moham,Weibo Gaming,LPL,Chine,Ligue majeure,Support,45,403.0,221.0,-1192.0,37.0,0.0,0.0
oe:player:9d5052e9f9f4a63835f738441a3b1f6,Mikyx,SK Gaming,LEC,EMEA,Ligue majeure,Support,58,403.0,228.0,-818.0,50.0,0.0,0.0
oe:player:57da8dfcfbdb4e5b019fe93003db1c4,Weiwei,LNG Esports,LPL,Chine,Ligue majeure,Jungle,14,402.0,238.0,-1514.0,,,
oe:player:4dabc9746a3cae241a063d7a1e4d204,Momochi,Fluxo W7M,CBLOL,Brésil & Amérique latine,Ligue majeure,Support,53,401.0,231.0,505.0,50.0,0.0,0.0
oe:player:5ee64eb3feb02e60832a2265db54f71,FIESTA,Team Vitality,LEC,EMEA,Ligue majeure,Mid,94,401.0,199.0,-653.0,51.0,0.0,0.0
oe:player:3be8d1a116788e4cd4853801a2e9a3d,MihawK,Nongshim Esports Academy,LCKC,Corée,Deuxième niveau,Jungle,124,399.0,229.0,550.0,6.0,0.0,0.16
oe:player:80fea0848c57b8e07a79675d41f582c,Castle,LYON,LCS,Amérique du Nord,Ligue majeure,Top,37,397.0,222.0,-85.0,48.0,0.0,0.0
oe:player:67447707ec7cbde9ab25bfa2ed69877,DDoiV,DN SOOPers Challengers,LCKC,Corée,Deuxième niveau,Jungle,122,395.0,224.0,526.0,8.0,0.0,0.007
oe:player:f7407edad1ded2d8d1e634ed49a9698,Lancer,DN SOOPers Challengers,LCKC,Corée,Deuxième niveau,Top,120,394.0,227.0,258.0,8.0,0.0,0.0
oe:player:21f59b54f62b5b8b4bc0f63f0f617fc,Impact,Sentinels,LCS,Amérique du Nord,Ligue majeure,Top,90,394.0,231.0,-104.0,44.0,0.0,0.0
oe:player:717bb4d71a2dab54e7020b1a8fde420,Flakked,GiantX,LEC,EMEA,Ligue majeure,ADC,54,394.0,212.0,-753.0,43.0,0.0,0.0
oe:player:0c041d02ab7138f57164fafbc091b2d,RedBert,LOUD,CBLOL,Brésil & Amérique latine,Ligue majeure,Support,39,391.0,222.0,456.0,50.0,0.0,0.0
oe:player:8debac77f7c6101af768dc729323a67,Flauren,Deep Cross Gaming,LCP,Asie-Pacifique,Ligue majeure,Top,107,387.0,232.0,494.0,49.0,0.0,0.0
oe:player:ec0971fb900874b1c59179d9cd33687,Kaiser,Berlin International Gaming,PRM,EMEA,Deuxième niveau,Support,124,387.0,216.0,955.0,14.0,0.0,0.0
oe:player:17c5e8bd59f3ea8c9d902da8d9f52b5,Myrtus,Movistar KOI Fénix,LES,EMEA,Deuxième niveau,Support,92,386.0,225.0,1257.0,13.0,0.0,0.0
oe:player:14ab5f52ef3268bfc818e12fda4e226,zorenous,TeamOrangeGaming,PRM,EMEA,Deuxième niveau,Top,42,385.0,222.0,787.0,20.0,0.0,0.013
oe:player:1a75a7cf8c98442be881fed562346f5,Sylvie,KT Rolster Challengers,LCKC,Corée,Deuxième niveau,Jungle,145,385.0,221.0,480.0,9.0,0.0,0.05
oe:player:9c2752c1d6bb4dc3a7c3365c68271e3,Hwichan,KT Rolster Challengers,LCKC,Corée,Deuxième niveau,Mid,141,385.0,224.0,183.0,10.0,0.0,0.0
oe:player:a2357eb17578485c2ba736db36cbc42,Pyosik,DN SOOPers,LCK,Corée,Ligue majeure,Jungle,75,384.0,206.0,-1703.0,43.0,0.0,0.0
oe:player:87f462541b21fed4081f063502bf4da,Tockimo,G2 NORD,PRM,EMEA,Deuxième niveau,Support,122,384.0,227.0,941.0,13.0,0.0,0.0
oe:player:73278a4a86960eeb576a8fd4c9ec699,113,Berlin International Gaming,PRM,EMEA,Deuxième niveau,Jungle,90,382.0,194.0,944.0,15.0,0.0,0.0
oe:player:682275c2ba204d32b67f5fa94b928e4,Skeanz,SK Gaming,LEC,EMEA,Ligue majeure,Jungle,58,382.0,228.0,-835.0,46.0,0.0,0.0
oe:player:a272c3f80649036f8e168cb2f3df17c,Yakkey,Vitality.Bee,LFL,EMEA,Deuxième niveau,ADC,40,382.0,215.0,392.0,11.0,0.0,0.007
oe:player:d11068c782573b34be81beb5a4eeb12,Wunder,SK Gaming,LEC,EMEA,Ligue majeure,Top,58,381.0,228.0,-788.0,48.0,0.0,0.0
oe:player:17ae4f247f5fc521bff004a97f4df72,Flip,DN SOOPers Challengers,LCKC,Corée,Deuxième niveau,Mid,120,380.0,227.0,160.0,9.0,0.0,0.003
oe:player:a600b912c936aadcc1337cc2a3c928e,Boda,Kaufland Hangry Knights,PRM,EMEA,Deuxième niveau,Top,80,379.0,205.0,753.0,17.0,0.0,0.0
oe:player:32aa62568603d99d16591ee5dd52a8a,Pop9,Deep Cross Gaming,LCP,Asie-Pacifique,Ligue majeure,Jungle,107,377.0,232.0,334.0,48.0,0.0,0.0
oe:player:2042101ac1f6e7741bfe43f3672e6d7,Thomas,TLN Pirates,LFL,EMEA,Deuxième niveau,Support,69,377.0,228.0,240.0,10.0,0.0,0.0
oe:player:655c522b43d1444e55a0a4615c2b59b,Grizzly,BNK FEARX Youth,LCKC,Corée,Deuxième niveau,Jungle,44,376.0,216.0,431.0,9.0,0.0,0.183
oe:player:8204ca38dc1c42012b5d53131271eb1,Axelent,TLN Pirates,LFL,EMEA,Deuxième niveau,ADC,69,376.0,228.0,363.0,10.0,0.0,0.0
oe:player:acb3a05894b7c57412b2d7e911e17dd,Kino,CTBC Flying Oyster,LCP,Asie-Pacifique,Ligue majeure,Support,61,374.0,227.0,301.0,50.0,0.0,0.0
oe:player:a672b5bc1c212a6922418fad18734c1,Envy,Estral Esports,CD,Brésil & Amérique latine,Deuxième niveau,Mid,71,374.0,211.0,2143.0,4.0,0.23,0.617
oe:player:e038414b765a8bda52e602f7eaeff04,Prime,Karmine Corp Blue,LFL,EMEA,Deuxième niveau,Support,84,374.0,224.0,225.0,12.0,0.0,0.02
oe:player:dea5251e486aed942e1bc06e1d5c116,Life,DN SOOPers,LCK,Corée,Ligue majeure,Support,25,373.0,221.0,-1855.0,44.0,0.0,0.0
oe:player:8bad2b6e61622bd2fa9462db0a2b877,Yukino,Karmine Corp Blue,LFL,EMEA,Deuxième niveau,Jungle,84,373.0,224.0,138.0,12.0,0.0,0.007
oe:player:c2247726b5c15c6b06022f64d4a080a,curty,Fluxo W7M,CBLOL,Brésil & Amérique latine,Ligue majeure,Top,46,371.0,223.0,185.0,51.0,0.0,0.0
oe:player:728ce343a6718cfdd5d223c971cc2fd,Kamiloo,Karmine Corp Blue,LFL,EMEA,Deuxième niveau,Mid,84,371.0,224.0,121.0,12.0,0.0,0.04
oe:player:1d43b8dc600eba61cd7dd2cd8d6baf6,SAKEN,ZYB Esport,LFL,EMEA,Deuxième niveau,Mid,52,371.0,220.0,121.0,15.0,0.0,0.063
oe:player:5e07433d52dbc7bbc4faaf9492dbd2c,CarioK,paiN Gaming,CBLOL,Brésil & Amérique latine,Ligue majeure,Jungle,64,371.0,215.0,-52.0,50.0,0.0,0.0
oe:player:4c7da67b008cd8858cd0539c860c73a,Sero,KT Rolster Challengers,LCKC,Corée,Deuxième niveau,Top,141,370.0,224.0,136.0,12.0,0.0,0.0
oe:player:51e528aaaafe5451e0a14c0da847dc4,Bluffing,Hanwha Life Esports Challengers,LCKC,Corée,Deuxième niveau,Support,99,370.0,215.0,325.0,11.0,0.0,0.037
oe:player:de877fbf2f98fca3ba960ffed586ee9,NightSlayer,Movistar KOI Fénix,LES,EMEA,Deuxième niveau,Top,92,369.0,225.0,1276.0,16.0,0.0,0.0
oe:player:cce40f4b3dab509dbf23a9eaefed6ec,Sinatra,LOUD,CBLOL,Brésil & Amérique latine,Ligue majeure,Jungle,50,368.0,218.0,-65.0,56.0,0.0,0.0
oe:player:ca187ee49dd3e9ed20eaacbbf484fdf,Pout,CTBC Flying Oyster,LCP,Asie-Pacifique,Ligue majeure,Mid,61,366.0,227.0,222.0,48.0,0.0,0.0
oe:player:a2d7b8856032bf106783621b9afeb41,Lyonz,Disguised,LCS,Amérique du Nord,Ligue majeure,Support,53,366.0,231.0,-561.0,50.0,0.0,0.0
oe:player:b6ebe3c8487ddc3a23c586e650c4528,PowerOfEvil,Eintracht Spandau,PRM,EMEA,Deuxième niveau,Mid,101,366.0,225.0,852.0,18.0,0.0,0.0
oe:player:e5feef89d633a666eeaaf6392ca2fa9,YoungJae,LOUD,CBLOL,Brésil & Amérique latine,Ligue majeure,Jungle,64,365.0,228.0,-80.0,49.0,0.0,0.0
oe:player:e9a0da5ca2d009aeedf5afcfccffde5,Feng,Deep Cross Gaming,LCP,Asie-Pacifique,Ligue majeure,ADC,107,362.0,232.0,218.0,48.5,0.0,0.0
oe:player:9f8d365508ded3ca9701eff2003d6ad,Looki,Karmine Corp Blue,LFL,EMEA,Deuxième niveau,ADC,66,361.0,199.0,289.0,10.0,0.0,0.137
oe:player:c3e31561579b69078812ea3b1968e13,Toffe,TLN Pirates,LFL,EMEA,Deuxième niveau,Mid,69,359.0,228.0,62.0,12.0,0.0,0.027
oe:player:7b0aeb1bb297b0d44629e94186bcb6a,Nafkelah,Skillcamp,LFL,EMEA,Deuxième niveau,Mid,62,359.0,226.0,62.0,17.0,0.0,0.0
oe:player:a66db93c9f417a2500c24e689ba0ccc,cody,Fluxo W7M,CBLOL,Brésil & Amérique latine,Ligue majeure,Mid,53,358.0,231.0,277.0,49.0,0.0,0.0
oe:player:752b048c76633399b04f6e87a8b211c,Stefan,TLN Pirates,LFL,EMEA,Deuxième niveau,Jungle,69,357.0,228.0,56.0,11.0,0.0,0.003
oe:player:3488a62df4bac987d1f36cfad34acbc,SIRIUSS,Gen.G Global Academy,LCKC,Corée,Deuxième niveau,Support,13,356.0,233.0,254.0,,,
oe:player:9712524dc88851032bd53054f8b49b4,Hena,paiN Gaming,CBLOL,Brésil & Amérique latine,Ligue majeure,ADC,53,355.0,215.0,207.0,52.5,0.0,0.0
oe:player:b49867477e266c5da8e995074e18f80,Daglas,Team Heretics,LEC,EMEA,Ligue majeure,Jungle,56,355.0,202.0,-972.0,50.0,0.0,0.0
oe:player:7c30c1a6ce9d063b361b66ccb40444b,Nia,LNG Esports,LPL,Chine,Ligue majeure,Mid,32,354.0,218.0,-1529.0,47.0,0.0,0.0
oe:player:c332dc879e14f1feb266190c7f396fd,Shad0w,CTBC Flying Oyster,LCP,Asie-Pacifique,Ligue majeure,Jungle,87,351.0,230.0,207.0,49.0,0.0,0.0
oe:player:3ef7267325e7c72a8ca898504722520,Vertigo,Joblife,LFL,EMEA,Deuxième niveau,Top,31,351.0,227.0,-233.0,17.0,0.0,0.0
oe:player:6daafc30b010acda4ebc20b6785cbc0,Boal,paiN Gaming,CBLOL,Brésil & Amérique latine,Ligue majeure,Top,51,350.0,219.0,77.0,53.0,0.0,0.0
oe:player:397fee5de074b10600707b618fb1f29,SiuLoong,MVK Esports,LCP,Asie-Pacifique,Ligue majeure,Support,74,349.0,220.0,176.0,52.0,0.0,0.0
oe:player:8f862245fbdb4d065e46c83630b9495,nuc,Shifters,LEC,EMEA,Ligue majeure,Mid,61,348.0,225.0,-916.0,50.5,0.0,0.0
oe:player:1c3f29080dd3dd4f666adbd6448cef4,Pungyeon,CTBC Flying Oyster,LCP,Asie-Pacifique,Ligue majeure,Mid,26,347.0,236.0,127.0,56.0,0.0,0.0
oe:player:bea6c089fd517fff3bc020290ae48f7,Steeelback,Skillcamp,LFL,EMEA,Deuxième niveau,Support,62,346.0,226.0,84.0,18.0,0.0,0.0
oe:player:92c21511d7b383b2f8ba5b00c3c9a47,Bull,LOUD,CBLOL,Brésil & Amérique latine,Ligue majeure,ADC,64,346.0,228.0,162.0,52.0,0.0,0.0
oe:player:7fdedd3126915607d5c8f42f8239253,Pleata,Nongshim Esports Academy,LCKC,Corée,Deuxième niveau,Support,125,346.0,214.0,203.0,14.0,0.0,0.0
oe:player:5d7f415cbf04b549c235a8a3d83a763,ShiauC,Deep Cross Gaming,LCP,Asie-Pacifique,Ligue majeure,Support,107,345.0,232.0,156.0,54.0,0.0,0.0
oe:player:87f7503a6cdacffa612aeee7f04cc7c,Callme,Disguised,LCS,Amérique du Nord,Ligue majeure,Mid,53,345.0,231.0,-459.0,50.0,0.0,0.0
oe:player:f89b14820da11d8679cfd07da552ca5,uZent,LOUD,CBLOL,Brésil & Amérique latine,Ligue majeure,Support,58,345.0,212.0,228.0,54.0,0.0,0.0
oe:player:840d0b77e71408d3da84e4f0cae4b73,Wizer,Vivo Keyd Stars,CBLOL,Brésil & Amérique latine,Ligue majeure,Top,22,344.0,235.0,48.0,53.0,0.0,0.0
oe:player:946b74bfc34e861b344ae03700af039,Disamis,Vivo Keyd Stars,CBLOL,Brésil & Amérique latine,Ligue majeure,Jungle,77,344.0,211.0,-186.0,51.0,0.0,0.0
oe:player:bcd61ebb24698511281a624595bb2f7,Hazel,ROSSMANN Centaurs,PRM,EMEA,Deuxième niveau,ADC,70,338.0,200.0,605.0,16.0,0.0,0.0
oe:player:407b2b8fcb2fd977fc766d5df3f4dff,Hery,Oh My God,LPL,Chine,Ligue majeure,Top,34,337.0,233.0,-1659.0,45.0,0.0,0.0
oe:player:c60da5e574122ce50763b8bddb93ab9,Luon,BNK FEARX Youth,LCKC,Corée,Deuxième niveau,Support,95,336.0,225.0,153.0,13.0,0.0,0.0
oe:player:f2264caa34a27d8f01634f39f307c85,Doss,Kaufland Hangry Knights,PRM,EMEA,Deuxième niveau,Support,47,336.0,222.0,700.0,19.0,0.0,0.0
oe:player:ca5b2a166b112de94b9e0847afb2f21,seaz,Eintracht Spandau,PRM,EMEA,Deuxième niveau,Support,101,334.0,225.0,691.0,21.0,0.0,0.0
oe:player:af020342617bd4e5c5da5a4c31ff591,Shy Carry,Anubis Gaming,AL,EMEA,Deuxième niveau,ADC,76,334.0,213.0,1859.0,21.0,0.0,0.0
oe:player:e72c863b7586a6b3a37e6e91339472d,kPr,Valerion,HLL,EMEA,Deuxième niveau,Top,65,333.0,210.0,2328.0,31.5,0.0,0.0
oe:player:e8c8d8ba3cafbcbc8a8d0d0ba7a2853,Yeti,Skillcamp,LFL,EMEA,Deuxième niveau,Top,62,333.0,226.0,-324.0,19.0,0.0,0.0
oe:player:1999dbe32608051613a2d3ed9c1b0d4,Morttheus,RED Canids,CBLOL,Brésil & Amérique latine,Ligue majeure,ADC,80,331.0,216.0,87.0,52.0,0.0,0.0
oe:player:4bb53c6fa9f5d75901136feb8bdf817,JNX,Eintracht Spandau,PRM,EMEA,Deuxième niveau,Top,101,331.0,225.0,513.0,22.0,0.0,0.0
oe:player:7e754adda86a60e0a39d7204ba60424,Betty,Ground Zero Gaming,LCP,Asie-Pacifique,Ligue majeure,ADC,15,330.0,242.0,59.0,,,
oe:player:db0cbdc72184ad44ab905be61fc0756,Kofte,Joblife,LFL,EMEA,Deuxième niveau,Mid,68,327.0,206.0,-101.0,27.0,0.0,0.0
oe:player:49c627c099821a2894c6c4dfd9274b3,Kangin,BNK FEARX Youth,LCKC,Corée,Deuxième niveau,Top,95,326.0,225.0,-84.0,15.0,0.0,0.0
oe:player:73ac73edf51a3acdfa494e271c6ee29,Czajek,Vitality.Bee,LFL,EMEA,Deuxième niveau,Mid,43,326.0,228.0,-104.0,20.0,0.0,0.0
oe:player:3ee0c18b85e7bb8eaad86d58498e27d,Juhan,Oh My God,LPL,Chine,Ligue majeure,Jungle,13,325.0,237.0,-1898.0,,,
oe:player:95082306f78780da5686f118c993366,Doggo,CTBC Flying Oyster,LCP,Asie-Pacifique,Ligue majeure,ADC,87,323.0,230.0,22.0,51.0,0.0,0.0
oe:player:8bac58409e91b96ecd05f6d8f053e07,Ice,Team Heretics,LEC,EMEA,Ligue majeure,ADC,40,321.0,221.0,-1115.0,53.0,0.0,0.0
oe:player:c51ce410c124a10e0db5e4b97fc2af3,13,Movistar KOI Fénix,LES,EMEA,Deuxième niveau,ADC,92,320.0,225.0,1381.0,15.0,0.0,0.0
oe:player:301affc76ea7f69929aff6bf84c642b,Uniboy,Ground Zero Gaming,LCP,Asie-Pacifique,Ligue majeure,Mid,15,320.0,242.0,-11.0,,,
oe:player:a5a0a92da1f12d481f7e1699e638000,Mago,LOUD,CBLOL,Brésil & Amérique latine,Ligue majeure,Mid,12,319.0,241.0,84.0,,,
oe:player:f9c3db5fdf2c5fb45f552127922d105,B Butcher,Anubis Gaming,AL,EMEA,Deuxième niveau,Support,94,318.0,208.0,2041.0,21.0,0.0,0.0
oe:player:a1cd4e9b2265b1a11ea157ccc74b1e5,UNF0RGIVEN,Kaufland Hangry Knights,PRM,EMEA,Deuxième niveau,ADC,57,317.0,217.0,499.0,20.0,0.0,0.0
oe:player:ccfb5c69ebcc2008b1dca4ef5c56142,DenVoksne,Unicorns of Love Sexy Edition,PRM,EMEA,Deuxième niveau,ADC,103,316.0,227.0,493.0,20.5,0.0,0.0
oe:player:48214ce48e2b8ba2391244084ddd226,Manaty,Ici Japon Corp. Esport,LFL,EMEA,Deuxième niveau,Jungle,40,314.0,213.0,-159.0,16.0,0.0,0.0
oe:player:3b63ea0de80cfb191f952872b392da9,sajed,Disguised,LCS,Amérique du Nord,Ligue majeure,ADC,53,314.0,231.0,-624.0,50.5,0.0,0.0
oe:player:55276c10d84e1df7713b441e76e141f,Rest,CTBC Flying Oyster,LCP,Asie-Pacifique,Ligue majeure,Top,87,314.0,230.0,129.0,54.0,0.0,0.0
oe:player:11389d6d8a29729807c3cf528a98050,SPOOKY,Skillcamp,LFL,EMEA,Deuxième niveau,Jungle,62,314.0,226.0,-159.0,15.0,0.0,0.0
oe:player:f6d8ec0afe458e19c057c1407d7da27,Aress,GAM Esports,LCP,Asie-Pacifique,Ligue majeure,Mid,61,313.0,220.0,-45.0,51.0,0.0,0.0
oe:player:326f63d01099f1c8b91620cbc893813,Paduck,Shifters,LEC,EMEA,Ligue majeure,ADC,61,312.0,225.0,-1161.0,53.0,0.0,0.0
oe:player:5d531a4cf817202fc25eda63906e797,Comp,Joblife,LFL,EMEA,Deuxième niveau,ADC,28,309.0,230.0,28.0,18.0,0.0,0.0
oe:player:b5654a6598ed174f4451f5e5dcfb118,Kozi,UCAM Esports,LES,EMEA,Deuxième niveau,Top,90,309.0,227.0,974.0,25.0,0.0,0.0
oe:player:199bbcd68b0c89c2fc2c7892385cb2b,Tao,Karmine Corp Blue,LFL,EMEA,Deuxième niveau,Top,84,306.0,224.0,-457.0,17.0,0.0,0.0
oe:player:3ace2e5d36ad46eb2aec2ad1c43d3c5,Rabelo,LOUD,CBLOL,Brésil & Amérique latine,Ligue majeure,ADC,67,305.0,210.0,-46.0,53.0,0.0,0.0
oe:player:aa07cee593e6c3caeba21b4ee4c6075,AKaJe,Kiwoom DRX Challengers,LCKC,Corée,Deuxième niveau,Mid,113,304.0,226.0,-224.0,17.0,0.0,0.0
oe:player:be85b3d65508c757ac9af1d54310520,Dekap,Vitality.Bee,LFL,EMEA,Deuxième niveau,Support,43,303.0,228.0,-132.0,20.0,0.0,0.0
oe:player:208bf3db5d9673c8c1df1f81f9621d1,Theocacs,Anubis Gaming,AL,EMEA,Deuxième niveau,Jungle,58,303.0,226.0,2106.0,24.0,0.0,0.0
oe:player:3e49e4fa76bc82c6f03a12d50ee0a6e,Winner,Kiwoom DRX Challengers,LCKC,Corée,Deuxième niveau,Jungle,113,302.0,226.0,65.0,13.0,0.0,0.0
oe:player:6ff2cdf6d41f39c79d6ff057f6ffb99,Erdote,devils.one inStreamly,RL,EMEA,Deuxième niveau,Support,72,301.0,216.0,1633.0,37.0,0.0,0.0
oe:player:7fb26875c639817a59912a87be6f738,Marble,Fukuoka SoftBank HAWKS gaming,LCP,Asie-Pacifique,Ligue majeure,ADC,70,301.0,234.0,-90.0,57.0,0.0,0.0
oe:player:d6978cb4b12a5de75f68b2da2f55dc9,XnS,Movistar KOI Fénix,LES,EMEA,Deuxième niveau,Jungle,88,299.0,189.0,1461.0,18.0,0.0,0.0
oe:player:71b8101d78beb04a089caa90a8d9310,Jeskla,Vivo Keyd Stars,CBLOL,Brésil & Amérique latine,Ligue majeure,ADC,45,298.0,215.0,-77.0,54.5,0.0,0.0
oe:player:c78788a736a0c7e5a77890144fd2986,Quantum,DN SOOPers Challengers,LCKC,Corée,Deuxième niveau,Support,108,295.0,204.0,-52.0,16.0,0.0,0.003
oe:player:8a5dbe19794784cfd0553556844f045,Contractz,Shopify Rebellion,LCS,Amérique du Nord,Ligue majeure,Jungle,63,294.0,231.0,-411.0,49.0,0.0,0.0
oe:player:ae20b1872a922cdc5b8707fbe66c4f0,Twiizt,Unicorns of Love Sexy Edition,PRM,EMEA,Deuxième niveau,Support,100,294.0,223.0,490.0,25.0,0.0,0.0
oe:player:ea72bf2370a98f2a72dac7468c0fe1e,Potent,Vitality.Bee,LFL,EMEA,Deuxième niveau,Top,43,293.0,228.0,-522.0,23.0,0.0,0.0
oe:player:9ea5afea85321b13df74acb62bfb530,Fun K3y,Eintracht Spandau,PRM,EMEA,Deuxième niveau,ADC,66,293.0,193.0,383.0,26.5,0.0,0.0
oe:player:f02f1c8275084050765b4b6414bdfda,Fudge,Shopify Rebellion,LCS,Amérique du Nord,Ligue majeure,Top,63,293.0,231.0,-608.0,52.0,0.0,0.0
oe:player:e6f5a7e37185c25a363d031ef5eafa9,Giyuu,Anubis Gaming,AL,EMEA,Deuxième niveau,Mid,56,293.0,225.0,1921.0,28.0,0.0,0.0
oe:player:7e2505960c12cc54c96a0a6efb2e055,Bwipo,Estral Esports,CD,Brésil & Amérique latine,Deuxième niveau,Top,45,290.0,211.0,2002.0,35.0,0.0,0.0
oe:player:28c63fa3372e3ea966da602ca9137b6,RoyalKanin,Unicorns of Love Sexy Edition,PRM,EMEA,Deuxième niveau,Mid,103,288.0,227.0,464.0,23.0,0.0,0.0
oe:player:31edd1e8359d849e250b854826b8c38,Cypher,T1 Esports Academy,LCKC,Corée,Deuxième niveau,ADC,110,288.0,202.0,-55.0,13.0,0.0,0.013
oe:player:44189e6dc3089dbf9520de800fa705a,Keduii,Joblife,PRM,EMEA,Deuxième niveau,ADC,77,288.0,205.0,355.0,18.0,0.0,0.0
oe:player:2e82913920d8a6d0efa480bc35f1ba8,Aria,Fukuoka SoftBank HAWKS gaming,LCP,Asie-Pacifique,Ligue majeure,Mid,70,286.0,234.0,-181.0,58.5,0.0,0.0
oe:player:7e33124e33721ef8f70d2dd843b57da,ESCIK,UCAM Esports,LES,EMEA,Deuxième niveau,Mid,90,284.0,227.0,982.0,23.0,0.0,0.0
oe:player:3d7afc086e8aba0545ceba473fa1e9e,ANDARIEL,UCAM Esports,LES,EMEA,Deuxième niveau,ADC,90,283.0,227.0,1192.0,23.0,0.0,0.0
oe:player:bf0fcdb863d11c4f6e7802f434de734,Robocop,Ruddy Corporation,NLC,EMEA,Deuxième niveau,Top,55,282.0,222.0,1570.0,37.0,0.0,0.0
oe:player:494fc60dffbb5da1caa2226baef0ec7,Bvoy,Shopify Rebellion,LCS,Amérique du Nord,Ligue majeure,ADC,63,279.0,231.0,-797.0,52.0,0.0,0.0
oe:player:e3b8d5a9290fe0c7458dc01db4dc9dc,Serin,Team Heretics,LEC,EMEA,Ligue majeure,Mid,59,274.0,223.0,-1286.0,55.0,0.0,0.0
oe:player:1725cf69407d2dcdf2873d0669409e8,Tracyn,Team Heretics,LEC,EMEA,Ligue majeure,Top,59,271.0,223.0,-1338.0,55.0,0.0,0.0
oe:player:166969943c4ca12527dd5449aab5e8e,Brance,Estral Esports,CD,Brésil & Amérique latine,Deuxième niveau,ADC,45,270.0,241.0,1827.0,35.0,0.0,0.0
oe:player:ae770d2c942cee6dbcfbd1832015231,tinowns,paiN Gaming,CBLOL,Brésil & Amérique latine,Ligue majeure,Mid,14,268.0,240.0,-173.0,,,
oe:player:41ea0ed55fe655184c9073085b85eea,White,Unicorns of Love Sexy Edition,PRM,EMEA,Deuxième niveau,Jungle,103,268.0,227.0,370.0,22.0,0.0,0.0
oe:player:3648451fd5b8a8ab01e4bedf780c1d6,Zinie,Shopify Rebellion,LCS,Amérique du Nord,Ligue majeure,Mid,63,267.0,231.0,-850.0,53.5,0.0,0.0
oe:player:5b86bafc34d79c84a8847d29b64ca29,Mireu,Vivo Keyd Stars,CBLOL,Brésil & Amérique latine,Ligue majeure,Mid,70,266.0,222.0,-183.0,55.0,0.0,0.0
oe:player:1a38c55db5f8af06ebac94d8530ff71,Avra,Esprit Shōnen,LFL,EMEA,Deuxième niveau,ADC,10,263.0,237.0,-204.0,,,
oe:player:8784bcdcfb37672c12481c037ad8db4,Ruep,Bushido Wildcats,TCL,EMEA,Deuxième niveau,ADC,55,263.0,221.0,1312.0,28.0,0.0,0.0
oe:player:0973ddfd8ce96a62e85badbe503d163,bluerzor,UCAM Esports,LES,EMEA,Deuxième niveau,Jungle,90,263.0,227.0,1281.0,22.0,0.0,0.0
oe:player:951959a620881940ca08f98e0226cf3,Pyeonsik,Hanwha Life Esports Challengers,LCKC,Corée,Deuxième niveau,ADC,98,260.0,230.0,-195.0,21.0,0.0,0.0
oe:player:16c1637b4b44b008b4d6627f68ae30a,Vsta,Fukuoka SoftBank HAWKS gaming,LCP,Asie-Pacifique,Ligue majeure,Support,70,255.0,234.0,-294.0,59.0,0.0,0.0
oe:player:3d94511f748af7acb6347becd5b4c94,Tempester,HANJIN BRION Challengers,LCKC,Corée,Deuxième niveau,Mid,80,251.0,230.0,-488.0,23.0,0.0,0.0
oe:player:e1e74fbe59bd77110d7a7412b400878,Dajor,Ici Japon Corp. Esport,LFL,EMEA,Deuxième niveau,Mid,31,251.0,230.0,-480.0,25.0,0.0,0.0
oe:player:29de9c9016ef68693b02dea19357c78,Van1,Fukuoka SoftBank HAWKS gaming,LCP,Asie-Pacifique,Ligue majeure,Jungle,70,251.0,234.0,-295.0,55.0,0.0,0.0
oe:player:2f0b9f7cda18943425d555b51e570e8,Minous,Kiwoom DRX Challengers,LCKC,Corée,Deuxième niveau,Support,114,250.0,224.0,-273.0,21.0,0.0,0.0
oe:player:51777d50bf7bf71ff70b8a32726e40c,Fornoreason,Unicorns of Love Sexy Edition,PRM,EMEA,Deuxième niveau,Top,103,250.0,227.0,110.0,27.0,0.0,0.0
oe:player:c5297b90d38a4be4c290d17de208d7a,Jackal,Hanwha Life Esports Challengers,LCKC,Corée,Deuxième niveau,Jungle,98,249.0,230.0,-199.0,19.0,0.0,0.0
oe:player:d9ac06cccf6e4f573474b5195218e60,Oleg,Karmine Corp Blue Stars,NL,EMEA,Troisième niveau,Jungle,43,248.0,235.0,1285.0,1.0,0.903,1.0
oe:player:5bc99370722c5ecbfa9b3c1e17338e6,Trigger,paiN Gaming,CBLOL,Brésil & Amérique latine,Ligue majeure,ADC,25,247.0,233.0,-335.0,59.0,0.0,0.0
oe:player:3068654a4082275bbc00789650d1954,Xagog,Eintracht Spandau,PRM,EMEA,Deuxième niveau,Jungle,101,245.0,225.0,258.0,22.0,0.0,0.0
oe:player:e38e8c286a37ea366d40ba664b1d00c,Unkn0wn,Valerion,HLL,EMEA,Deuxième niveau,ADC,89,242.0,216.0,2234.0,30.0,0.0,0.0
oe:player:87b0ff8e56b0ce96bc0a82ea5dc9a7e,Kuri,paiN Gaming,CBLOL,Brésil & Amérique latine,Ligue majeure,Support,37,241.0,231.0,-295.0,60.0,0.0,0.0
oe:player:c88cada1696defe81464925789aa6d8,Ceos,paiN Gaming,CBLOL,Brésil & Amérique latine,Ligue majeure,Support,56,240.0,209.0,-299.0,61.0,0.0,0.0
oe:player:8139e3b2070343b1729402f9bf20205,Bonnie,S2G Esports,TCL,EMEA,Deuxième niveau,Jungle,29,240.0,234.0,1320.0,39.0,0.0,0.0
oe:player:e0b008815ab05c5cdaf4d46ab61ff63,Vizicsacsi,E WIE EINFACH E-SPORTS,PRM,EMEA,Deuxième niveau,Top,83,239.0,227.0,56.0,31.0,0.0,0.0
oe:player:7705566e63eedc7bd6c4c72d43c9104,Odi11,Bomba Team,RL,EMEA,Deuxième niveau,ADC,88,239.0,227.0,1262.0,34.0,0.0,0.0
oe:player:08936c56ab5a6453c58974a619651c3,eXyu,Dignitas,LCS,Amérique du Nord,Ligue majeure,Jungle,34,238.0,228.0,-690.0,54.0,0.0,0.0
oe:player:85ab9a415e1cf1f63000f7f6f1c183a,KryRa,Disguised,LCS,Amérique du Nord,Ligue majeure,Jungle,47,237.0,226.0,-692.0,54.0,0.0,0.0
oe:player:376d5e3b1257e6972228d458943f74c,Evi,Fukuoka SoftBank HAWKS gaming,LCP,Asie-Pacifique,Ligue majeure,Top,70,233.0,234.0,-275.0,59.0,0.0,0.0
oe:player:fc933812510df6cb519bd1bb5677631,Maged,Anubis Gaming,AL,EMEA,Deuxième niveau,Top,46,233.0,217.0,1502.0,30.0,0.0,0.0
oe:player:36d61387b87cbabd4c833a490f25a55,Ryuk,TeamOrangeGaming,PRM,EMEA,Deuxième niveau,ADC,54,233.0,228.0,78.0,32.0,0.0,0.0
oe:player:5836a085b5ebaa7662fbba55341703c,Enosh,DN SOOPers Challengers,LCKC,Corée,Deuxième niveau,ADC,113,233.0,215.0,-329.0,18.0,0.0,0.0
oe:player:53841c6e42a6ce77b6f3b80133c9342,Peach,Fluxo W7M,CBLOL,Brésil & Amérique latine,Ligue majeure,Jungle,62,233.0,230.0,-742.0,57.0,0.0,0.0
oe:player:a6fed46f5e3d5e2e68356d7ac85a971,SAJATOR,TeamOrangeGaming,PRM,EMEA,Deuxième niveau,Mid,54,233.0,228.0,187.0,30.0,0.0,0.0
oe:player:341e10748bb6d388250fd1f013e45a4,DnDn,S2G Esports,TCL,EMEA,Deuxième niveau,Top,29,232.0,234.0,1174.0,42.0,0.0,0.0
oe:player:2cec4b6803b4678250233ae79205f2e,1Jiang,Ground Zero Gaming,LCP,Asie-Pacifique,Ligue majeure,Top,68,231.0,228.0,-285.0,60.0,0.0,0.0
oe:player:a5a630a5d4f0d3151f3c98d2d98834b,Telas,Estral Esports,CD,Brésil & Amérique latine,Deuxième niveau,Support,45,231.0,241.0,1683.0,35.0,0.0,0.0
oe:player:099ef5da25e9e7b76e69776eee28f35,Badlulu,Ici Japon Corp. Esport,LFL,EMEA,Deuxième niveau,Top,31,229.0,230.0,-842.0,28.0,0.0,0.0
oe:player:4830e7becfcf3539978e3a69cc1c27c,Seany,MVK Esports Academy,VCS,Asie-Pacifique,Deuxième niveau,Mid,45,229.0,212.0,1533.0,40.0,0.0,0.0
oe:player:a291e13e72870a901a7a03a59d9c6be,Lilipp,TeamOrangeGaming,PRM,EMEA,Deuxième niveau,Support,54,228.0,228.0,162.0,30.0,0.0,0.0
oe:player:e134b2791879ae44a24cf5fc966a4b7,Notiko,Eintracht Frankfurt,PRM,EMEA,Deuxième niveau,ADC,47,228.0,225.0,54.0,31.0,0.0,0.0
oe:player:c1da6ddd950f8d14d0f6d6e3e7e269c,Dawciu,Vitality.Bee,LFL,EMEA,Deuxième niveau,Jungle,43,225.0,228.0,-603.0,21.0,0.0,0.0
oe:player:807b957f35713431f56182cb25af089,Seal,Frites Esports Club,ROL,EMEA,Deuxième niveau,Support,78,224.0,227.0,2483.0,38.0,0.0,0.0
oe:player:b226880189cb11f7da7a0c86544b556,iLEVI,UCAM Esports,LES,EMEA,Deuxième niveau,Support,83,222.0,222.0,435.0,27.0,0.0,0.0
oe:player:5172a81c77dad76588c5025c9aad0ae,Speedy1,Valerion,HLL,EMEA,Deuxième niveau,Support,89,222.0,216.0,2108.0,30.0,0.0,0.0
oe:player:014c50a8bcb2f8965db2fa367330876,Furuy,Verdant,NLC,EMEA,Deuxième niveau,Mid,43,221.0,217.0,1020.0,33.0,0.0,0.0
oe:player:78081d0b3c01f1f295d52d53744261a,Ghost,KT Rolster Challengers,LCKC,Corée,Deuxième niveau,Support,32,221.0,209.0,-421.0,25.0,0.0,0.007
oe:player:5eb466e63c91a4ccf328f21715e51ae,Vetheo,SU Esports,TCL,EMEA,Deuxième niveau,Mid,34,220.0,233.0,1398.0,38.0,0.0,0.0
oe:player:8d311f9903ee9a0a4896a49cb18a964,J3rkie,Ruddy Corporation,NLC,EMEA,Deuxième niveau,Support,57,219.0,219.0,1728.0,42.5,0.0,0.0
oe:player:94e5c960a512595b39fea5f350d7d0d,OddEye,HANJIN BRION Challengers,LCKC,Corée,Deuxième niveau,ADC,81,218.0,231.0,-406.0,25.0,0.0,0.0
oe:player:21e6493dca56a03bd0ccbdef211d187,Husha,Ground Zero Gaming,LCP,Asie-Pacifique,Ligue majeure,Jungle,68,218.0,228.0,-462.0,58.0,0.0,0.0
oe:player:0ac2fd09745c0d79a8c9d159d265a6c,yaoyao,SillySilly Gaming,PCS,Asie-Pacifique,Deuxième niveau,Support,46,218.0,210.0,980.0,9.0,0.39,0.48
oe:player:b6f837c8bd1b510dd3f77ee8c903c30,Ignar,Dignitas,LCS,Amérique du Nord,Ligue majeure,Support,43,217.0,231.0,-1309.0,56.0,0.0,0.0
oe:player:4aa5790e55ac65c5bea5d009e5a07a3,Koala,Esprit Shōnen,NL,EMEA,Troisième niveau,Top,46,216.0,229.0,1450.0,1.0,0.927,1.0
oe:player:1f892f04e94e144dadcc8be197d4f5b,minemaciek,Bomba Team,RL,EMEA,Deuxième niveau,Support,88,214.0,227.0,1198.0,34.0,0.0,0.0
oe:player:702efc23873d774e479682ef680d911,Cboi,Valerion,HLL,EMEA,Deuxième niveau,Jungle,78,214.0,210.0,1799.0,33.0,0.0,0.0
oe:player:7676c3dbf9486cb34da6e1c94d09b70,Aomine,Saigon Warriors,VCS,Asie-Pacifique,Deuxième niveau,ADC,48,212.0,228.0,1746.0,40.0,0.0,0.0
oe:player:8c6395564a23f3c2af8d378540012b0,Way,Team Heretics,LEC,EMEA,Ligue majeure,Support,58,211.0,209.0,-1778.0,57.0,0.0,0.0
oe:player:6092dd5051828794bad5972b4c3b236,Gwen,Karmine Corp Blue Stars,NL,EMEA,Troisième niveau,ADC,13,210.0,242.0,1335.0,,,
oe:player:de75f2eb439368d9b39281bd0c4bdab,Soldier,Ici Japon Corp. Esport,LFL,EMEA,Deuxième niveau,ADC,31,209.0,230.0,-471.0,27.0,0.0,0.0
oe:player:6c1d0c529e73fe4c8b9a5306867c4bf,BAO,Fluxo W7M,CBLOL,Brésil & Amérique latine,Ligue majeure,ADC,62,208.0,230.0,-531.0,59.0,0.0,0.0
oe:player:0103d21d116b61eb55fa351242208cf,Kaiwing,Ground Zero Gaming,LCP,Asie-Pacifique,Ligue majeure,Support,54,208.0,211.0,-526.0,58.0,0.0,0.0
oe:player:2ca9469819fb0fb61ff98e914a7ccca,Relative,E WIE EINFACH E-SPORTS,PRM,EMEA,Deuxième niveau,Mid,83,206.0,227.0,54.0,29.0,0.0,0.0
oe:player:1dad889ff236635dc1e03d02312e79c,Patrik,Berlin International Gaming,PRM,EMEA,Deuxième niveau,ADC,90,206.0,205.0,-52.0,26.0,0.0,0.0
oe:player:1d1600d15a68ab1a80348ee748ea1e3,scamber,Vivo Keyd Stars,CBLOL,Brésil & Amérique latine,Ligue majeure,Support,58,206.0,223.0,-469.0,62.0,0.0,0.0
oe:player:a177d116efe77552eb3068675c777f2,Scorth,PCIFIC Esports,TCL,EMEA,Deuxième niveau,ADC,83,204.0,199.0,1021.0,39.0,0.0,0.0
oe:player:fd22b656b23ca07a276181a4953ba2c,Photon,Dignitas,LCS,Amérique du Nord,Ligue majeure,Top,28,204.0,229.0,-1054.0,60.0,0.0,0.0
oe:player:4d0ec5fa505ee341aff8b2309356afc,Srtty,Disguised,LCS,Amérique du Nord,Ligue majeure,Top,19,203.0,232.0,-1056.0,,,
oe:player:5f76f198cbbf171d85c94220ba63eaf,xKenzuke,Esprit Shōnen,LFL,EMEA,Deuxième niveau,Mid,24,199.0,226.0,-741.0,22.0,0.0,0.0
oe:player:a04f4a8e24d54ff98fc27a5aa5a0c3c,Afroboi,E WIE EINFACH E-SPORTS,PRM,EMEA,Deuxième niveau,Jungle,83,199.0,227.0,27.0,28.0,0.0,0.0
oe:player:75019a36fdf85666fbd9396ae4fc7ec,Kratos,MVK Esports,LCP,Asie-Pacifique,Ligue majeure,Top,65,198.0,218.0,-448.0,59.0,0.0,0.0
oe:player:081ac0110c9734afdc28db6e7724e48,Panda,Karmine Corp Blue Stars,NL,EMEA,Troisième niveau,Mid,43,198.0,235.0,1213.0,1.0,1.0,1.0
oe:player:e6d554ea9906d8f2fc26d076d2d4a4c,Cracker,Hanwha Life Esports Challengers,LCKC,Corée,Deuxième niveau,Mid,98,194.0,230.0,-774.0,26.0,0.0,0.0
oe:player:746358f79978fecf5a3b4eeee608490,Kaboom,SU Esports,LFL,EMEA,Deuxième niveau,Jungle,29,194.0,219.0,-757.0,26.0,0.0,0.0
oe:player:821b8540f3adc05a30edd06f1d877e6,whiteinn,Ici Japon Corp. Esport,LFL,EMEA,Deuxième niveau,Support,31,192.0,230.0,-683.0,28.0,0.0,0.0
oe:player:90699d17357a1dfc197c6ee0fce76d7,PhyMini,NRG,NACL,Amérique du Nord,Deuxième niveau,Mid,46,190.0,240.0,1449.0,44.5,0.0,0.0
oe:player:b5ae9d9ed87a373d2a4662d0248ea23,Wao,ZYB Esport,LFL,EMEA,Deuxième niveau,Top,14,189.0,233.0,-1045.0,,,
oe:player:9e800fd20b5af69382436d72daa346f,Woldjo,TeamOrangeGaming,PRM,EMEA,Deuxième niveau,Jungle,54,189.0,228.0,-23.0,30.0,0.0,0.0
oe:player:4e8d825698068a189023c34c67fe2cb,Horder,Cupid Esports,NACL,Amérique du Nord,Deuxième niveau,Top,63,189.0,231.0,1735.0,40.0,0.0,0.0
oe:player:0cfe46c9ae6f1654b9363084c559648,Zephyr,BNK FEARX Youth,LCKC,Corée,Deuxième niveau,Jungle,64,188.0,225.0,-507.0,23.0,0.0,0.0
oe:player:c4d64ae9f01ee43ec2367d28eeadbea,Chika,MVK Esports,LCP,Asie-Pacifique,Ligue majeure,Mid,60,187.0,215.0,-672.0,59.0,0.0,0.0
oe:player:cc51227ea88c71dabc8f6e601b0ec41,Oscure,Barça eSports,LES,EMEA,Deuxième niveau,Support,76,185.0,229.0,252.0,37.0,0.0,0.0
oe:player:a4d15f165c20858e7781645fec016d1,Dinai,HANJIN BRION Challengers,LCKC,Corée,Deuxième niveau,Jungle,81,185.0,231.0,-523.0,25.0,0.0,0.0
oe:player:be17beb4d906e22fa6995e17060ebd3,Slayer,BNK FEARX Youth,LCKC,Corée,Deuxième niveau,ADC,95,184.0,220.0,-574.0,26.0,0.0,0.0
oe:player:08cc98f89d63a05973e5db39e6b9945,Noz2k,E WIE EINFACH E-SPORTS,PRM,EMEA,Deuxième niveau,ADC,78,182.0,222.0,-176.0,35.0,0.0,0.0
oe:player:193f83b4d6615f92af0776035551008,Mrozku,Bomba Team,RL,EMEA,Deuxième niveau,Mid,88,181.0,227.0,1020.0,34.0,0.0,0.0
oe:player:694d028e62f4ea668b206ab752b6f94,Sayn,Verdant,NLC,EMEA,Deuxième niveau,Mid,86,181.0,192.0,822.0,35.0,0.0,0.0
oe:player:825a3d98017bab11815ad2817201324,Shift,Joblife,LFL,EMEA,Deuxième niveau,Jungle,41,180.0,220.0,-824.0,27.0,0.0,0.0
oe:player:d7560fc4ec70f8b12e5dd435668b292,PlanB,HANJIN BRION Challengers,LCKC,Corée,Deuxième niveau,Support,81,178.0,231.0,-635.0,27.0,0.0,0.0
oe:player:c621963a1ce2f0d77627ce04b22a249,Leks,ROSSMANN Centaurs,PRM,EMEA,Deuxième niveau,Top,60,174.0,206.0,-271.0,47.0,0.0,0.0
oe:player:c942f21cd85aaf8d7892aa712e3e2ce,Frog,Kiwoom DRX Challengers,LCKC,Corée,Deuxième niveau,Top,112,174.0,200.0,-843.0,27.0,0.0,0.0
oe:player:fddde6d256bee26713f64ad9b2a9394,Palafox,Dignitas,LCS,Amérique du Nord,Ligue majeure,Mid,45,174.0,231.0,-1314.0,57.0,0.0,0.0
oe:player:21d0c093d9553e0074a98c5b5880b4c,Elio,Saigon Warriors,VCS,Asie-Pacifique,Deuxième niveau,Support,72,172.0,203.0,1129.0,42.0,0.0,0.0
oe:player:5614c643c96cea5858c696eee9d509b,Eclipse,T1 Esports Academy,LCKC,Corée,Deuxième niveau,ADC,81,172.0,215.0,-633.0,69.5,0.0,0.0
oe:player:57a976f165d89afb00fc029cd7c36a7,Szygenda,Eintracht Frankfurt,PRM,EMEA,Deuxième niveau,Top,25,171.0,225.0,-284.0,34.0,0.0,0.0
oe:player:40fa7615556f33971d67c95a702fbcc,Woolite,devils.one inStreamly,RL,EMEA,Deuxième niveau,ADC,77,168.0,216.0,906.0,43.0,0.0,0.0
oe:player:d22a9f456619f24133f9d0ddff50051,Panther,Hanwha Life Esports Challengers,LCKC,Corée,Deuxième niveau,Top,98,168.0,230.0,-874.0,27.0,0.0,0.0
oe:player:968ee6efafb843a9c4bbc5a74e7a698,Stalken,PCIFIC Esports,TCL,EMEA,Deuxième niveau,Jungle,61,167.0,221.0,955.0,39.0,0.0,0.0
oe:player:08904f9c78637b75c0de4d1734f318c,Wildenbruch,E WIE EINFACH E-SPORTS,PRM,EMEA,Deuxième niveau,Support,83,166.0,227.0,-148.0,33.0,0.0,0.0
oe:player:6887adad8d42b7df47bf028ffff9d4e,frajgo,Bomba Team,RL,EMEA,Deuxième niveau,Top,87,166.0,225.0,785.0,36.0,0.0,0.0
oe:player:060a269b0eb445a1b5075034787f0cc,Orca,Ground Zero Gaming,LCP,Asie-Pacifique,Ligue majeure,Support,53,166.0,232.0,-736.0,64.0,0.0,0.0
oe:player:e069ed7135e8a018823429510a1f8c1,DDahyuk,HANJIN BRION Challengers,LCKC,Corée,Deuxième niveau,Top,81,164.0,231.0,-892.0,29.0,0.0,0.0
oe:player:11d4eea204ec17c89fd957a648c2e6d,Ryan3,ThunderTalk Gaming,LPL,Chine,Ligue majeure,ADC,16,161.0,233.0,-2635.0,,,
oe:player:56cf99d5b59755569fa366c07c18f38,Shunn,Ground Zero Gaming,LCP,Asie-Pacifique,Ligue majeure,ADC,53,161.0,232.0,-788.0,62.0,0.0,0.0
oe:player:70e6d96860b77bb3e87663215b42a1f,JimieN,Ground Zero Gaming,LCP,Asie-Pacifique,Ligue majeure,Mid,53,161.0,232.0,-804.0,63.0,0.0,0.0
oe:player:f23c7426104cc4df2b49b3be2c6d024,IlllIma,SU Esports,TCL,EMEA,Deuxième niveau,Top,34,159.0,233.0,807.0,45.0,0.0,0.0
oe:player:5cfc41b7eccda649db08ead84343554,Legolas,Barça eSports,LES,EMEA,Deuxième niveau,ADC,76,159.0,229.0,574.0,39.0,0.0,0.0
oe:player:22c335f178d8e1724b8d04831b1267a,Exofeng,Skillcamp,LFL,EMEA,Deuxième niveau,ADC,59,159.0,203.0,-719.0,28.0,0.0,0.0
oe:player:9bed6fad163eaf7e90b58334c8339ab,kairi,SN CyberCore Esports,VCS,Asie-Pacifique,Deuxième niveau,Support,59,157.0,209.0,1053.0,42.0,0.0,0.0
oe:player:7bcd2e0ffb1e417c2aa64d08675ed2b,Music,Cupid Esports,NACL,Amérique du Nord,Deuxième niveau,Jungle,62,157.0,230.0,1264.0,36.0,0.0,0.0
oe:player:8486d94ef23b38c67c76b647613d881,bobista,Verdant,NLC,EMEA,Deuxième niveau,Top,73,155.0,225.0,934.0,41.0,0.0,0.0
oe:player:8a391c2d095a4e0b79ed197436af6c7,Peppe,Valerion,HLL,EMEA,Deuxième niveau,Mid,76,155.0,209.0,1351.0,37.0,0.0,0.0
oe:player:4817d93e8f26002377aec42233b3fc2,Jezu,ZYB Esport,LFL,EMEA,Deuxième niveau,ADC,37,155.0,222.0,-742.0,34.0,0.0,0.0
oe:player:e041923a70bcde3b24d608958f8edc8,Shlatan,devils.one inStreamly,RL,EMEA,Deuxième niveau,Jungle,49,154.0,218.0,744.0,39.0,0.0,0.0
oe:player:1afdcf10bd0e8edbd402c11d5388895,Lorenz,All for One Gaming,PRM,EMEA,Deuxième niveau,Support,21,154.0,230.0,-210.0,34.0,0.0,0.0
oe:player:8d230b81f13b07e2df210f7351f1f97,alix,Gamespace Mediterranean College Esports,HLL,EMEA,Deuxième niveau,Mid,80,153.0,206.0,1339.0,48.0,0.0,0.0
oe:player:39d68aa20f0b0b1ddddb871a7b26fbf,Enga,Leviatan,CBLOL,Brésil & Amérique latine,Ligue majeure,Mid,55,152.0,232.0,-751.0,61.0,0.0,0.0
oe:player:28e2371121f5f788287013559cd9c6f,Cimpo,SU Esports,TCL,EMEA,Deuxième niveau,ADC,47,151.0,216.0,753.0,39.0,0.0,0.0
oe:player:9d8b079deedcc90dda4617fb4ffac40,TopLop,Leviatan,CBLOL,Brésil & Amérique latine,Ligue majeure,Support,41,151.0,229.0,-742.0,64.0,0.0,0.0
oe:player:3d44f54d2b0fa13b698040cb51d09db,zekas,Vivo Keyd Stars,CBLOL,Brésil & Amérique latine,Ligue majeure,Top,59,149.0,222.0,-927.0,63.0,0.0,0.0
oe:player:de23ee5a66222e1e02da354414f2971,Oddie,Estral Esports,CD,Brésil & Amérique latine,Deuxième niveau,Jungle,43,149.0,228.0,1005.0,61.0,0.0,0.0
oe:player:6606138426fa9bbef349c96b4afbc77,Czekolad,LODIS,RL,EMEA,Deuxième niveau,Mid,63,147.0,211.0,848.0,28.5,0.0,0.0
oe:player:acfdf3b694c6ffc32396b64edb82bd8,Leny,Frites Esports Club,ROL,EMEA,Deuxième niveau,Top,43,147.0,214.0,1946.0,46.0,0.0,0.0
oe:player:647116a60606bd44fb11a860da72776,Breezy,Cupid Esports,NACL,Amérique du Nord,Deuxième niveau,Support,57,147.0,213.0,1265.0,40.0,0.0,0.0
oe:player:694ee794a9d3a8c3fbd658becb89769,zamulek,LODIS,RL,EMEA,Deuxième niveau,ADC,52,146.0,228.0,801.0,46.0,0.0,0.0
oe:player:1b20b8ba37a25e699096e74abba1664,Diplex,All for One Gaming,PRM,EMEA,Deuxième niveau,Mid,14,144.0,240.0,-256.0,,,
oe:player:496ca7c65dbd4beffa678e62d9d4e8d,Farfetch,Eintracht Frankfurt,PRM,EMEA,Deuxième niveau,Support,33,144.0,228.0,-258.0,40.0,0.0,0.0
oe:player:a7b756e008bfcb7148cdb51f886c3fa,Sinmivak,LODIS,RL,EMEA,Deuxième niveau,Top,52,140.0,228.0,656.0,46.0,0.0,0.0
oe:player:3597a9b82f5f462aaa8a0fa552a9bac,Densi,Kaufland Hangry Knights,PRM,EMEA,Deuxième niveau,Jungle,51,140.0,218.0,-266.0,33.0,0.0,0.0
oe:player:f2dee75fcec7a191ec3028a935a480a,mikusik,LODIS,RL,EMEA,Deuxième niveau,Jungle,91,139.0,208.0,669.0,41.0,0.0,0.0
oe:player:b415fb792209708ad6921cca2e73aff,Spirax,Maryville University,NACL,Amérique du Nord,Deuxième niveau,Mid,32,138.0,243.0,1187.0,55.0,0.0,0.0
oe:player:908c792446114d05c94f99e6564d9ba,Avarice,Project Conquerors,NL,EMEA,Troisième niveau,ADC,57,137.0,234.0,965.0,1.0,1.0,1.0
oe:player:9699e95d3df6ce39149264082eed6bf,AisyL,Saigon Warriors,VCS,Asie-Pacifique,Deuxième niveau,Mid,73,136.0,225.0,1066.0,39.0,0.0,0.0
oe:player:89a5825cdba97b34f7325e38a5e1ff5,Alaric,Karmine Corp Blue Stars,NL,EMEA,Troisième niveau,Support,41,135.0,235.0,751.0,1.0,0.943,1.0
oe:player:67007ffa5eb4f53d82366f6685a8303,Kisno,NRG,NACL,Amérique du Nord,Deuxième niveau,Jungle,60,134.0,232.0,1145.0,47.0,0.0,0.0
oe:player:cb98b4c6c9cb226e72bceb02e195a07,Guggu,Verdant,NLC,EMEA,Deuxième niveau,Support,73,134.0,225.0,1305.0,46.0,0.0,0.0
oe:player:6fc5fe723eed4ba4c230292be365c66,Lurox,Team Heretics Academy,LES,EMEA,Deuxième niveau,Jungle,68,133.0,205.0,630.0,32.0,0.0,0.0
oe:player:5657e08aa206a6122f8d38e1676bdc5,Wolorz,Frites Esports Club,ROL,EMEA,Deuxième niveau,Mid,78,132.0,227.0,1816.0,43.0,0.0,0.0
oe:player:73d2b65353d7b00e0f198ffdc085edc,FBI,Dignitas,LCS,Amérique du Nord,Ligue majeure,ADC,43,132.0,231.0,-1534.0,59.0,0.0,0.0
oe:player:4633e95a45867812d25dd5dbe236da6,c0st0m,ROSSMANN Centaurs,PRM,EMEA,Deuxième niveau,Mid,53,132.0,214.0,-319.0,41.0,0.0,0.0
oe:player:0b73817b6d353252df2bbe48993b983,Mishi,Verdant,NLC,EMEA,Deuxième niveau,ADC,73,131.0,225.0,1312.0,44.0,0.0,0.0
oe:player:7adc518d589f32912c06de8dae7848e,Nisqy,ZYB Esport,LFL,EMEA,Deuxième niveau,Mid,32,130.0,223.0,-1085.0,34.0,0.0,0.0
oe:player:6de9a45a1a666afa34d126f9be444c0,Kemish,Gen.G Global Academy,LCKC,Corée,Deuxième niveau,Mid,77,129.0,227.0,-1098.0,32.0,0.0,0.0
oe:player:f9e804c44aa43f18576783a067e99ab,Yuuji,Maryville University,NACL,Amérique du Nord,Deuxième niveau,Jungle,49,129.0,237.0,1124.0,49.0,0.0,0.0
oe:player:340a76e3aef8e862f5fd79411261b29,Mobility,Cupid Esports,NACL,Amérique du Nord,Deuxième niveau,ADC,76,127.0,220.0,1204.0,49.0,0.0,0.0
oe:player:388f53a1853c83dd27e09b4d8f80e3c,FlickeR,Frites Esports Club,ROL,EMEA,Deuxième niveau,ADC,78,127.0,227.0,1982.0,46.0,0.0,0.0
oe:player:63dc9ebe6cd781c9c9cecb54a6d7317,Kiari,INTZ,CD,Brésil & Amérique latine,Deuxième niveau,Top,39,126.0,239.0,1186.0,58.0,0.0,0.0
oe:player:a61da83af5e3738845fa6dd56e1d41a,Juzu,Dragons Esports,AL,EMEA,Deuxième niveau,Top,28,123.0,235.0,949.0,50.0,0.0,0.0
oe:player:565edcb58e76115e571f38521946e41,Savero,Nightbirds,HM,EMEA,Deuxième niveau,Jungle,58,122.0,220.0,2144.0,50.0,0.0,0.0
oe:player:bc5b7cd82bc9e26b3bbdeddeb73c7d8,Booki,Leviatan,CBLOL,Brésil & Amérique latine,Ligue majeure,Jungle,55,121.0,232.0,-1302.0,56.0,0.0,0.0
oe:player:c71563c4ae48cc1bbd2e7913366cdf7,SLT,Nightbirds,HM,EMEA,Deuxième niveau,Top,81,121.0,228.0,2694.0,56.0,0.0,0.0
oe:player:8df758d3b1cc035e768a9e9937ac322,Booshi,ZYB Esport,LFL,EMEA,Deuxième niveau,ADC,33,120.0,215.0,-915.0,56.0,0.0,0.0
oe:player:31b5f1d49f55acb4ee7624813bda6b2,Woody,DetonatioN FocusMe,LCP,Asie-Pacifique,Ligue majeure,Support,35,120.0,232.0,-965.0,66.0,0.0,0.0
oe:player:04d8d57065f355309b2887a6e49d58b,Bayonetta,PCIFIC Esports,TCL,EMEA,Deuxième niveau,Top,25,119.0,236.0,607.0,50.0,0.0,0.0
oe:player:72f8810468816d80ddeaf9a547ae7f5,Xicor,FN Esports,AL,EMEA,Deuxième niveau,ADC,70,116.0,219.0,769.0,45.0,0.0,0.0
oe:player:d18a2aec1fa9649ae9a48bded2f4ccf,selenex,Barça eSports,LES,EMEA,Deuxième niveau,Top,76,115.0,229.0,7.0,38.0,0.0,0.0
oe:player:4bdb80c84e25651b3d62742c0b61f6d,iBo,devils.one inStreamly,RL,EMEA,Deuxième niveau,Top,87,112.0,193.0,514.0,44.0,0.0,0.0
oe:player:effd5b04b5d98b779f0a6162c40735a,Fisher,DetonatioN FocusMe,LCP,Asie-Pacifique,Ligue majeure,Mid,36,110.0,230.0,-1060.0,65.0,0.0,0.0
oe:player:2096ff50c6496d70e4b39793390c9ce,Sencux,Eintracht Frankfurt,PRM,EMEA,Deuxième niveau,Mid,66,110.0,221.0,-426.0,43.5,0.0,0.0
oe:player:6f170b7669ad4fb4789e5dd41f84f52,Afriibi,Ruddy Corporation,NLC,EMEA,Deuxième niveau,ADC,43,109.0,220.0,1202.0,46.0,0.0,0.0
oe:player:9bfbc1a85ea2cd4841d627f76a12704,Stormax,FN Esports,AL,EMEA,Deuxième niveau,Jungle,36,109.0,230.0,1139.0,42.0,0.0,0.0
oe:player:b8f9f2cc1d009481063cfe556d9d1cc,Aeru,JSK Esports,AL,EMEA,Deuxième niveau,ADC,94,107.0,205.0,726.0,45.0,0.0,0.0
oe:player:0482daf6543f102a27a265342292bb7,Lucker,Forsaken,RL,EMEA,Deuxième niveau,Support,59,107.0,220.0,666.0,44.0,0.0,0.0
oe:player:5be118a1aa52664e1dff15ff96c1e67,Agresivoo,Barcząca Esports by Yumisu,RL,EMEA,Deuxième niveau,Top,56,106.0,229.0,485.0,49.5,0.0,0.0
oe:player:1a054b9e92d2152d185c99911b65bee,Koldo,Barça eSports,LES,EMEA,Deuxième niveau,Jungle,76,106.0,229.0,493.0,36.0,0.0,0.0
oe:player:53ee1f6d941b631ed8148da49785378,Raider,CGN Esports,AL,EMEA,Deuxième niveau,Top,18,104.0,230.0,856.0,,,
oe:player:48f30334a4a3aec6b19383eda333bfd,Dyenn,GIANTX iTero,LES,EMEA,Deuxième niveau,Mid,19,103.0,230.0,76.0,,,
oe:player:5afac30dcb88b92670b60509f3139a7,Mersa,Joblife,LFL,EMEA,Deuxième niveau,Support,51,103.0,211.0,-1132.0,32.0,0.0,0.0
oe:player:64663f4646781c9c0110838b905daa2,Random,Disruptors,AL,EMEA,Deuxième niveau,Mid,94,102.0,206.0,967.0,44.0,0.0,0.0
oe:player:d8c98ae99867b26d4d91d1b852c131f,Koussay,BAAM Esports,AL,EMEA,Deuxième niveau,Mid,42,100.0,221.0,956.0,42.0,0.0,0.0
oe:player:c0062863e3e99f67607ad1ae9a4299a,Ripple,Gen.G Global Academy,LCKC,Corée,Deuxième niveau,Top,79,100.0,229.0,-1216.0,37.0,0.0,0.0
oe:player:78b6c1cd9f90d2560525966c76d8d39,Osman123,Bushido Wildcats,TCL,EMEA,Deuxième niveau,Jungle,29,100.0,234.0,617.0,44.0,0.0,0.0
oe:player:657f1228bb53523274ae58bcd123ae8,Decay,Forsaken,RL,EMEA,Deuxième niveau,Mid,60,99.0,221.0,608.0,49.0,0.0,0.0
oe:player:7271041e578de87185bdaa37433c810,Anonymouss,Ruddy Corporation,NLC,EMEA,Deuxième niveau,Jungle,40,99.0,226.0,857.0,40.5,0.0,0.0
oe:player:97a187a4f398da36bdb05cf62b82109,Bambi,Project Conquerors,NL,EMEA,Troisième niveau,Top,56,97.0,233.0,857.0,2.0,0.073,1.0
oe:player:b9ccf86bc1be84e6200f498b2e0ef33,jokaa,ROSSMANN Centaurs,PRM,EMEA,Deuxième niveau,Jungle,40,97.0,221.0,-483.0,33.0,0.0,0.0
oe:player:3085815ef497539cb1d93b3c9a16624,Robo,paiN Gaming,CBLOL,Brésil & Amérique latine,Ligue majeure,Top,30,96.0,233.0,-1191.0,64.0,0.0,0.0
oe:player:a02a243c98fb6794c2a303c5014567f,Carry,Bushido Wildcats,TCL,EMEA,Deuxième niveau,Support,75,96.0,207.0,994.0,43.0,0.0,0.0
oe:player:4f6d6b2c4c29033ff5437cee2a7587e,Macaquinho,Barça eSports,LES,EMEA,Deuxième niveau,Mid,76,95.0,229.0,36.0,39.0,0.0,0.0
oe:player:35859191db73609302debbc5c43117c,Fuuu,RED Canids,CBLOL,Brésil & Amérique latine,Ligue majeure,Mid,45,94.0,216.0,-1040.0,65.0,0.0,0.0
oe:player:9adc23fff49c05d7b22cfd79ca1841d,denyk,Nightbirds,HM,EMEA,Deuxième niveau,Support,81,93.0,228.0,2217.0,59.0,0.0,0.0
oe:player:a99d6da234620c259bbb92ee9f8649f,Twight,eSuba,NL,EMEA,Troisième niveau,Jungle,49,93.0,221.0,505.0,2.0,0.097,1.0
oe:player:24c3a4f80a901b6aeb40a978d9a2cd8,Nern,Saigon Warriors,VCS,Asie-Pacifique,Deuxième niveau,Top,75,92.0,225.0,783.0,46.0,0.0,0.0
oe:player:5143731d10e0edf3a81ee7d55d8b961,Obstinatus,Maryville University,NACL,Amérique du Nord,Deuxième niveau,Support,61,92.0,237.0,990.0,50.0,0.0,0.0
oe:player:e1003a386d779e32b27290bf99bfd96,Riippp,ZYB Esport,LFL,EMEA,Deuxième niveau,Support,35,91.0,219.0,-1188.0,37.0,0.0,0.0
oe:player:60d1428b9206634f3feb66e4b8ebd59,Shogun,SN CyberCore Esports,VCS,Asie-Pacifique,Deuxième niveau,ADC,46,90.0,210.0,1137.0,59.0,0.0,0.0
oe:player:25372337c424d854728ed2a7775efb6,Zanzarah,All for One Gaming,PRM,EMEA,Deuxième niveau,Jungle,14,89.0,240.0,-525.0,,,
oe:player:7fdbe800b59ca4387263cc6be1fec0e,handm,BAAM Esports,AL,EMEA,Deuxième niveau,Top,99,89.0,210.0,781.0,48.0,0.0,0.0
oe:player:c25ed32694e455959de4abe0c535ecc,Mihile,Team Heretics Academy,LES,EMEA,Deuxième niveau,Top,16,88.0,231.0,-127.0,,,
oe:player:7226d142e35d427b0a90822a3912973,Kenal,Bushido Wildcats,TCL,EMEA,Deuxième niveau,ADC,25,88.0,236.0,441.0,51.0,0.0,0.0
oe:player:265b58ce8b2f418df94006bf24e296c,ScaryJerry,Maryville University,NACL,Amérique du Nord,Deuxième niveau,ADC,61,88.0,238.0,1011.0,57.5,0.0,0.0
oe:player:efd1b76f52f29c9252d5375eea2b594,Namiru,paiN Gaming,CBLOL,Brésil & Amérique latine,Ligue majeure,Mid,62,88.0,220.0,-1069.0,68.0,0.0,0.0
oe:player:98082d11ca69482a663e13b86314e89,CoBiT,Dragons Esports,AL,EMEA,Deuxième niveau,Support,21,88.0,236.0,890.0,57.0,0.0,0.0
oe:player:2777866851a7a8776edbd6b78239455,Drofan,Team Phantasma,HLL,EMEA,Deuxième niveau,Jungle,72,87.0,208.0,1167.0,52.0,0.0,0.0
oe:player:fd108dd07ee510bb9462127d183e1c5,Devost,Leviatan,CBLOL,Brésil & Amérique latine,Ligue majeure,Top,55,87.0,232.0,-1235.0,62.0,0.0,0.0
oe:player:76c156cf4aaf3bdeba0e8156184ac95,Infoneral,ROSSMANN Centaurs,PRM,EMEA,Deuxième niveau,Support,40,86.0,221.0,-548.0,37.0,0.0,0.0
oe:player:763e7968676df074c9e6d3b5ea1f899,monkaS,PCIFIC Esports,TCL,EMEA,Deuxième niveau,Support,45,86.0,220.0,944.0,48.0,0.0,0.0
oe:player:2df9400a4e973e6f4be13a0a475cbaf,Evangelyne,Team Phantasma,HLL,EMEA,Deuxième niveau,ADC,51,85.0,217.0,1445.0,51.0,0.0,0.0
oe:player:088a8dda4109f6904aa917153b5db18,Jactroll,Barcząca Esports by Yumisu,RL,EMEA,Deuxième niveau,Support,56,83.0,229.0,545.0,53.0,0.0,0.0
oe:player:c26c01acba9788db20a72aa23d01d23,Slayder,Dragons Esports,AL,EMEA,Deuxième niveau,ADC,63,80.0,220.0,589.0,54.0,0.0,0.0
oe:player:e181a641eac63b45915802512997360,Ablazeolive,Cupid Esports,NACL,Amérique du Nord,Deuxième niveau,Mid,38,80.0,232.0,898.0,59.0,0.0,0.0
oe:player:be0de5b227a7528ab88cd23b3173c35,Sushee,NRG,NACL,Amérique du Nord,Deuxième niveau,ADC,51,79.0,242.0,968.0,56.0,0.0,0.0
oe:player:f18fd06744a67bf8c9f08afebfcce3a,Kaseko,LODIS,RL,EMEA,Deuxième niveau,Support,52,75.0,228.0,503.0,54.0,0.0,0.0
oe:player:da87886941820cfc2eee112d0143e90,Abbedagge,Kaufland Hangry Knights,PRM,EMEA,Deuxième niveau,Mid,65,74.0,216.0,-607.0,46.0,0.0,0.0
oe:player:ab8a2f130a36f7aa619168c53d055d1,Vincenzo,Kiwoom DRX Challengers,LCKC,Corée,Deuxième niveau,ADC,14,74.0,231.0,-1128.0,,,
oe:player:6b7ca7e0fcad1f113f17bc2d30adbf5,adi1,Bomba Team,RL,EMEA,Deuxième niveau,Jungle,77,74.0,201.0,343.0,62.0,0.0,0.0
oe:player:1b26a8bba6e841f1c375b283db5c1c6,Keine,paiN Gaming,CBLOL,Brésil & Amérique latine,Ligue majeure,Mid,51,73.0,206.0,-1147.0,66.0,0.0,0.0
oe:player:e3decbc40c573363c151a8300127922,Seneca,BAAM Esports,AL,EMEA,Deuxième niveau,Support,68,73.0,208.0,814.0,48.0,0.0,0.0
oe:player:4e07c3a412cda9ddf875cc14c65efc4,Courage,Gen.G Global Academy,LCKC,Corée,Deuxième niveau,Jungle,79,73.0,229.0,-1083.0,37.0,0.0,0.0
oe:player:a2e1e40c83fe5fd9efb5f50a67d9194,Nan0,Ruddy Corporation,NLC,EMEA,Deuxième niveau,Mid,46,72.0,222.0,278.0,45.0,0.0,0.0
oe:player:95f8d9901ca8878e291552f001f6769,2274,CTBC Flying Oyster Academy,PCS,Asie-Pacifique,Deuxième niveau,Support,66,71.0,215.0,246.0,60.0,0.0,0.0
oe:player:861565831545afb68057b15adeaa304,Urban,A One Man Army Prime,PRM,EMEA,Deuxième niveau,Support,12,71.0,239.0,-625.0,,,
oe:player:cf229be6faa6e913911b7cf03f8d129,Bisk,The Bandits,ROL,EMEA,Deuxième niveau,Top,60,70.0,223.0,1564.0,64.0,0.0,0.0
oe:player:09df7e1c00d361f40c47542ae02f736,MAXI,Forsaken,RL,EMEA,Deuxième niveau,Jungle,58,69.0,212.0,316.0,50.0,0.0,0.0
oe:player:9ce90580de8c5b8c2e3714fba7fa0c9,j1n5,Saigon Warriors,VCS,Asie-Pacifique,Deuxième niveau,Jungle,59,68.0,221.0,1278.0,45.0,0.0,0.0
oe:player:1248f66f5deaed68c5260e7e2c7bfeb,Krest,FN Esports,AL,EMEA,Deuxième niveau,Top,36,68.0,230.0,676.0,55.0,0.0,0.0
oe:player:c70b6e57e597809a8561caa79c5db8f,Keii,Zeu5 Esports,LRN,Brésil & Amérique latine,Deuxième niveau,Top,54,66.0,219.0,1741.0,80.0,0.0,0.0
oe:player:0fcaa97e5408efcaa78f5517e34cb02,Flamer,All for One Gaming,PRM,EMEA,Deuxième niveau,Top,14,66.0,240.0,-812.0,,,
oe:player:18077b307e3f20508d3d7622b416beb,Aether,T1 Esports Academy Rookies,LAS,Corée,Troisième niveau,Support,93,66.0,265.0,2526.0,4.0,0.057,0.62
oe:player:054278a12ab2dc32b90504436297f38,UniqueCORN,Project Conquerors,NL,EMEA,Troisième niveau,Mid,57,62.0,234.0,534.0,2.0,0.0,1.0
oe:player:9d355c18ce749abd62a991cf933d7d4,Dome,A One Man Army Prime,PRM,EMEA,Deuxième niveau,Jungle,12,60.0,239.0,-670.0,,,
oe:player:1d08b7a3a79956e521241ad27f2f60d,Varry,All for One Gaming,PRM,EMEA,Deuxième niveau,ADC,14,59.0,240.0,-787.0,,,
oe:player:ad7f6524ea17c960723b182e0a0c77a,Vasco,Nightbirds,HM,EMEA,Deuxième niveau,Mid,81,58.0,228.0,2310.0,59.5,0.0,0.0
oe:player:cf009e2ce4392b47be19c983b6a7064,Strode,Nightbirds,HM,EMEA,Deuxième niveau,ADC,81,58.0,228.0,1979.0,58.0,0.0,0.0
oe:player:966e8f61b0847f6059559ed09f8574f,Kojima,KaBuM! Ilha das Lendas,CD,Brésil & Amérique latine,Deuxième niveau,ADC,57,55.0,238.0,754.0,57.0,0.0,0.0
oe:player:ecdb594501a5800ad0f5c4e6b3b5a84,Yupps,KaBuM! Ilha das Lendas,CD,Brésil & Amérique latine,Deuxième niveau,Top,57,54.0,238.0,825.0,57.0,0.0,0.0
oe:player:c905c5ad44f322dc6e89a3d6c429b7a,Xay,A One Man Army Prime,PRM,EMEA,Deuxième niveau,ADC,12,54.0,239.0,-816.0,,,
oe:player:2d9bbb2dc4832196634b095b4d54556,InFlame,Dorado Gaming,NACL,Amérique du Nord,Deuxième niveau,Support,15,53.0,249.0,792.0,,,
oe:player:dda07addeb137c860725f0c964dcbbf,Grevthar,KaBuM! Ilha das Lendas,CD,Brésil & Amérique latine,Deuxième niveau,Mid,57,53.0,238.0,541.0,53.0,0.0,0.0
oe:player:c7c0cc0b057c316e22af5c5da55c0c8,Guigs,KaBuM! Ilha das Lendas,CD,Brésil & Amérique latine,Deuxième niveau,Support,57,53.0,238.0,796.0,56.0,0.0,0.0
oe:player:3e1b1e0f9c925b2f504d78f3bd5da22,D4nKa,Eintracht Frankfurt,PRM,EMEA,Deuxième niveau,Jungle,66,52.0,221.0,-707.0,49.0,0.0,0.0
oe:player:d9ef4217ba6212bce750345eacf8043,Chan,Partizan Sangal,EBL,EMEA,Deuxième niveau,Top,51,51.0,233.0,2044.0,58.0,0.0,0.0
oe:player:cd521f662fbbec89f03a900e7d9bb63,Mafro,Verdant,NLC,EMEA,Deuxième niveau,Jungle,55,51.0,218.0,616.0,56.0,0.0,0.0
oe:player:54f7bf9e5906b3e25309575897000e1,Bruno,Kawaii Kiwis,LES,EMEA,Deuxième niveau,Jungle,15,50.0,240.0,215.0,,,
oe:player:8d74375214bea659a1f3048d620a466,Vizzpers,Vitality.Bee,LFL,EMEA,Deuxième niveau,ADC,12,49.0,233.0,-1272.0,,,
oe:player:fc222b2fd22414e0b9e40aaee65fcb5,MUDAI,Gen.G Global Academy,LCKC,Corée,Deuxième niveau,ADC,79,49.0,229.0,-1251.0,44.0,0.0,0.0
oe:player:6a7d0d4d1d220434081caec2f1a5544,Artoria,DMG Esports,NLC,EMEA,Deuxième niveau,Mid,44,49.0,208.0,161.0,54.0,0.0,0.0
oe:player:8b335865b2c0a24c0b6386043da4be4,Artanis,Frites Esports Club,ROL,EMEA,Deuxième niveau,Jungle,27,49.0,232.0,1758.0,61.0,0.0,0.0
oe:player:5ee2cd6074f5a5f37edebee2f481c6b,Drakehero,Ei Nerd Esports,CD,Brésil & Amérique latine,Deuxième niveau,Jungle,45,48.0,211.0,503.0,35.0,0.0,0.0
oe:player:9f123d50225f8efc664774485f85941,Frost,Project Conquerors,NL,EMEA,Troisième niveau,Jungle,57,47.0,234.0,280.0,3.0,0.0,1.0
oe:player:162a4361d51e504f7113c2d68b13e26,Nawa,PCIFIC Esports,TCL,EMEA,Deuxième niveau,ADC,36,47.0,232.0,233.0,61.0,0.0,0.0
oe:player:307b6fb75c459e5d0f628aa8e9e438c,Solid,Dplus Kia Challengers,LCKC,Corée,Deuxième niveau,Jungle,114,46.0,200.0,-1218.0,89.0,0.0,0.0
oe:player:d7679867be52227c4f426057ec923cd,Sunfry,Project Conquerors,NL,EMEA,Troisième niveau,Support,57,44.0,234.0,294.0,2.0,0.0,1.0
oe:player:1bc0756ba9102abb5a7cd13d2b618aa,StarScreen,Pyramid IV Esports,AL,EMEA,Deuxième niveau,Top,84,43.0,200.0,552.0,54.0,0.0,0.0
oe:player:c5050bf5abf900c6beaed313da57213,Jeyrus,DIA Ozarox Esports,TCL,EMEA,Deuxième niveau,ADC,50,43.0,209.0,212.0,56.5,0.0,0.0
oe:player:8bbea3eed9dfaa55f877e34297b08ab,Akashi,Pyramid IV Esports,AL,EMEA,Deuxième niveau,Mid,88,42.0,208.0,663.0,53.0,0.0,0.0
oe:player:5baf54f4030e168391201d9fa0efa71,FireAscept,PCIFIC Esports,TCL,EMEA,Deuxième niveau,Mid,75,39.0,210.0,497.0,53.0,0.0,0.0
oe:player:dda1e64c8150531b8c60ac8607accb7,Aytekn,Bushido Wildcats,TCL,EMEA,Deuxième niveau,Top,81,39.0,203.0,207.0,48.0,0.0,0.0
oe:player:1087aa8f482518a2b02334270f5607c,Gordinho,Esprit Shōnen,LFL,EMEA,Deuxième niveau,Support,35,38.0,219.0,-1457.0,62.0,0.0,0.0
oe:player:81eb81987bcf9be1e3771a7f0a4ca77,Zamudo,NRG,NACL,Amérique du Nord,Deuxième niveau,Top,54,36.0,245.0,970.0,63.0,0.0,0.0
oe:player:548dda36c259bbd2fcc1d8e7e8f852e,Smurfe,Frites Esports Club,HLL,EMEA,Deuxième niveau,Top,43,35.0,210.0,838.0,62.0,0.0,0.0
oe:player:0bdbb2c325525e986d55ef50ca66d05,APP,HMBLE,LIT,EMEA,Deuxième niveau,Top,65,30.0,230.0,2142.0,64.0,0.0,0.0
oe:player:ee14d783c6bc1ce855d5fdf2c7f349f,Mxe,Magaza Esports,EBL,EMEA,Deuxième niveau,Support,48,29.0,216.0,2027.0,63.0,0.0,0.0
oe:player:8dd84a9df0dc0ec74ebe4547e05a7ad,Tazaku,VfB eSports,PRM,EMEA,Deuxième niveau,ADC,36,29.0,227.0,-937.0,51.0,0.0,0.0
oe:player:8903ccb3479b4070c0870b85b8ff579,Kobs,ZYB Esport,LFL,EMEA,Deuxième niveau,Jungle,55,28.0,206.0,-1587.0,59.0,0.0,0.0
oe:player:bca21155e285e491e905f3f9229330d,Dionelux,JSK Esports,AL,EMEA,Deuxième niveau,Top,74,28.0,202.0,475.0,57.0,0.0,0.0
oe:player:8b35b40bc03585d8e435ef8029621c4,Kokos,DOCISK,RL,EMEA,Deuxième niveau,Jungle,48,26.0,208.0,102.0,58.0,0.0,0.0
oe:player:3bb028a43aff78070d15c646450aa0d,Denathor,Dignitas,LCS,Amérique du Nord,Ligue majeure,Top,58,25.0,217.0,-1950.0,66.0,0.0,0.0
oe:player:8b53c0c5db5b860b0dbe9882b38b32e,Jakobobbi,VfB eSports,PRM,EMEA,Deuxième niveau,Support,44,25.0,230.0,-855.0,55.0,0.0,0.0
oe:player:6d2795b5d0550bbbae88cb973b287b0,NoName,Verdant,NLC,EMEA,Deuxième niveau,Jungle,35,25.0,217.0,487.0,64.0,0.0,0.0
oe:player:cf3e8eb2bfa98f42b94d13c386e9757,Kingsblade,Kawaii Kiwis,LES,EMEA,Deuxième niveau,Top,15,24.0,240.0,-451.0,,,
oe:player:6d80c6c8181e4e3c34d58e53dacf52f,Ruby,Partizan Sangal,EBL,EMEA,Deuxième niveau,Mid,51,23.0,233.0,1981.0,56.0,0.0,0.0
oe:player:55cf2c8413283603d6b5e204c3e2261,Richu,Eintracht Frankfurt,PRM,EMEA,Deuxième niveau,Support,33,22.0,227.0,-867.0,50.0,0.0,0.0
oe:player:6ebdf3a3b56c113137109c45c2abc8f,Tomio,Conviction,NACL,Amérique du Nord,Deuxième niveau,Jungle,49,22.0,238.0,588.0,69.0,0.0,0.0
oe:player:2df5432fbfcc85dc85c33e269ebd063,Nille,Arctic Pandas,NLC,EMEA,Deuxième niveau,Top,60,21.0,230.0,266.0,63.0,0.0,0.0
oe:player:e54bbd7c6dd5290a1cd0f70ad2653c5,Vaynedeta,Gamespace Mediterranean College Esports,HLL,EMEA,Deuxième niveau,ADC,63,21.0,211.0,1127.0,64.0,0.0,0.0
oe:player:f68ed45fe0f3150c306c17455014301,Abagnale,Gamespace Mediterranean College Esports,HLL,EMEA,Deuxième niveau,Support,84,20.0,213.0,1102.0,61.0,0.0,0.0
oe:player:66d46dceff7e43a5e240e5c7b32ef69,konseki,INTZ,CD,Brésil & Amérique latine,Deuxième niveau,Support,42,20.0,238.0,632.0,66.0,0.0,0.0
oe:player:096fa49b6079e105c22d739704aa245,joeyscags,Kawaii Kiwis,LES,EMEA,Deuxième niveau,Support,15,19.0,240.0,-577.0,,,
oe:player:f5d24579082a4869432dbecce0afef3,Guli,Barcząca Esports by Yumisu,RL,EMEA,Deuxième niveau,Jungle,73,18.0,202.0,64.0,61.0,0.0,0.0
oe:player:9ea81871d6eae77bf89f98d3b7ba544,wittman,Deer Gaming,NLC,EMEA,Deuxième niveau,ADC,18,18.0,237.0,747.0,,,
oe:player:87e40b7c555a6fc67b899be632d037f,RAMES,SU Esports,TCL,EMEA,Deuxième niveau,Jungle,79,17.0,206.0,201.0,53.0,0.0,0.0
oe:player:74cc915f83955219866a1bc32a90285,Sven,VfB eSports,PRM,EMEA,Deuxième niveau,Top,44,16.0,230.0,-1063.0,56.0,0.0,0.0
oe:player:6cb75f242bca4309e2f942a4895805f,SCARY,KaBuM! Ilha das Lendas,CD,Brésil & Amérique latine,Deuxième niveau,Jungle,57,15.0,238.0,335.0,57.0,0.0,0.0
oe:player:f375092447be6536c8e55ad0e302236,StineR,INTZ,CD,Brésil & Amérique latine,Deuxième niveau,Jungle,42,14.0,238.0,330.0,64.0,0.0,0.0
oe:player:938cdb097f33f0feb9c12f0729e8e69,Attila,GIANTX iTero,LES,EMEA,Deuxième niveau,Support,37,13.0,226.0,-610.0,54.0,0.0,0.0
oe:player:6b3481654facc1e7fe3e312883ea8f3,Cinkrof,Forsaken,RL,EMEA,Deuxième niveau,Jungle,17,13.0,237.0,39.0,,,
oe:player:5a63f3e7e2b4282f07785cdc895d624,Shiku,Leviatan,CBLOL,Brésil & Amérique latine,Ligue majeure,Support,38,11.0,224.0,-1444.0,69.0,0.0,0.0
oe:player:e6fafbf627da7992498ce65ebe436cf,lee sang,LODIS,RL,EMEA,Deuxième niveau,Mid,24,10.0,232.0,163.0,67.0,0.0,0.0
oe:player:9e7e94a4d1bafa6f0c407975207433b,Leleko,INTZ,CD,Brésil & Amérique latine,Deuxième niveau,Mid,42,10.0,238.0,322.0,65.0,0.0,0.0
oe:player:e6ce7283fdcbb1efe1b120228a44fd3,ManoloGap,GIANTX iTero,LES,EMEA,Deuxième niveau,Top,21,9.0,235.0,-524.0,55.0,0.0,0.0
oe:player:22fd8af01e2a6596223168a266de5fc,Beplush,Dark Passage,TCL,EMEA,Deuxième niveau,Support,58,8.0,217.0,555.0,64.0,0.0,0.0
oe:player:36aee4ea75f352a3912338eb34a5b57,Evaan,Ancient Ones,NL,EMEA,Troisième niveau,Mid,20,7.0,247.0,260.0,3.0,0.0,0.637
oe:player:7cc2c5c91bfb582aa4b047cb8558b9f,Toumes,Kawaii Kiwis,LES,EMEA,Deuxième niveau,Mid,15,6.0,240.0,-409.0,,,
oe:player:e1ddc411cd92f26392b707a48e5c700,marlon,JSK Esports,AL,EMEA,Deuxième niveau,Support,62,6.0,225.0,479.0,58.0,0.0,0.0
oe:player:1e249a5688255bde7f7213b5d257b3c,Click,HMBLE,LIT,EMEA,Deuxième niveau,Support,65,3.0,230.0,2108.0,64.0,0.0,0.0
oe:player:4e24975f772fe41fcf838ea9dbe138f,Fooneses,ROSSMANN Centaurs,PRM,EMEA,Deuxième niveau,Mid,32,3.0,223.0,-962.0,52.0,0.0,0.0
oe:player:550fa477eff3885416f22c0b3f2fc88,Time,GIANTX iTero,LES,EMEA,Deuxième niveau,Jungle,57,3.0,204.0,-18.0,47.0,0.0,0.0
oe:player:3d3877877b668d8894fddbec1b9840b,Dioge,Team Solid,CD,Brésil & Amérique latine,Deuxième niveau,Mid,15,-3.0,248.0,258.0,,,
oe:player:92b76c3a9967d6322741aa6d2ba4a2b,Ferret,Partizan Sangal,EBL,EMEA,Deuxième niveau,Jungle,51,-5.0,233.0,1818.0,59.0,0.0,0.0
oe:player:d58579b4d6effd1da9e93389a43b6a0,Kross,Ancient Ones,NL,EMEA,Troisième niveau,ADC,20,-5.0,247.0,256.0,2.0,0.0,0.637
oe:player:3bb65cb142ccc8906952c5099df7f41,Yuros,DIA Ozarox Esports,NL,EMEA,Troisième niveau,Mid,23,-6.0,226.0,194.0,5.0,0.0,0.517
oe:player:58d68cedf0a0b1b3d7d9646f5f9e8d3,Simpli,Arctic Pandas,NLC,EMEA,Deuxième niveau,Mid,60,-9.0,230.0,-128.0,60.5,0.0,0.0
oe:player:3335a55ba853c9cd5a724876fd305a4,Emo,1TAP Dino,VCS,Asie-Pacifique,Deuxième niveau,Mid,34,-12.0,236.0,329.0,71.0,0.0,0.0
oe:player:323b1ce118ee27efaa0f0e2d163d31e,Manel,RED Canids,CBLOL,Brésil & Amérique latine,Ligue majeure,Support,54,-13.0,208.0,-1562.0,67.0,0.0,0.0
oe:player:3e68fd564e4e518b8aed89b9a0bf855,Pyrka,Kaufland Hangry Knights,PRM,EMEA,Deuxième niveau,Support,30,-15.0,227.0,-1052.0,60.0,0.0,0.0
oe:player:e0daa0771860e3d83d606124d50977e,Aymen,Karmine Corp Blue Stars,AL,EMEA,Deuxième niveau,Support,50,-16.0,217.0,371.0,61.0,0.0,0.0
oe:player:45c98902fe1e396e98d05becf0246e2,Boltox,Arctic Pandas,NLC,EMEA,Deuxième niveau,Support,60,-16.0,230.0,553.0,69.0,0.0,0.0
oe:player:6e8aa53c3e352ce9c88200b6d3db9a4,VAEII,JSK Esports,AL,EMEA,Deuxième niveau,Mid,80,-17.0,203.0,369.0,57.0,0.0,0.0
oe:player:a2343d04ce4dafae3aa458b006ec880,Fallen,Ancient Ones,NL,EMEA,Troisième niveau,Jungle,35,-18.0,225.0,-47.0,4.0,0.0,0.637
oe:player:b616375c060208f8988c4aa13a23c18,Miniduke,GIANTX iTero,LES,EMEA,Deuxième niveau,Mid,21,-18.0,235.0,-531.0,57.0,0.0,0.0
oe:player:2e10aa4c385d76eb9fc276fa0b72939,Th3Antonio,GIANTX iTero,LES,EMEA,Deuxième niveau,Jungle,37,-19.0,226.0,-132.0,55.0,0.0,0.0
oe:player:d51674883fd227c219c9a1fc7da7db4,Kisee,Estral Esports,CD,Brésil & Amérique latine,Deuxième niveau,Mid,26,-20.0,244.0,173.0,79.0,0.0,0.0
oe:player:0a0e15e8e14edd7e4039cbf6f4fbfa4,Krastyel,Nerd's Gangster's Carecas,CD,Brésil & Amérique latine,Deuxième niveau,Support,12,-20.0,250.0,430.0,,,
oe:player:c71bc697e58f3b122ac4bf86e8648ad,Tsiper,WLGaming Esports,HLL,EMEA,Deuxième niveau,Mid,85,-21.0,217.0,471.0,65.0,0.0,0.0
oe:player:6378658dafc3eeb902fa2e52f909172,Tomo,Winthrop University,NACL,Amérique du Nord,Deuxième niveau,ADC,27,-21.0,247.0,464.0,72.0,0.0,0.0
oe:player:a322887f1f9792197e30825f1a6571d,Addusto,Eintracht Frankfurt,PRM,EMEA,Deuxième niveau,Top,48,-24.0,208.0,-1259.0,47.5,0.0,0.0
oe:player:6bbf1d98fe965d1b10b829ac9f918ba,IENCH Taric,Ancient Ones,NL,EMEA,Troisième niveau,Support,20,-24.0,247.0,-44.0,3.0,0.0,0.633
oe:player:968cb43bee81aaf745a5e20301ec55d,Jeykup,Colossal Gaming,LIT,EMEA,Deuxième niveau,Jungle,29,-24.0,219.0,2082.0,96.0,0.0,0.0
oe:player:9ee0b582a455fbf2d93765329731bc2,Sorrow,Kawaii Kiwis,LES,EMEA,Deuxième niveau,ADC,15,-24.0,240.0,-342.0,,,
oe:player:7deb8d68aef0757c10381b599f855de,YSKM,Frank Esports,PCS,Asie-Pacifique,Deuxième niveau,Top,35,-27.0,244.0,379.0,71.0,0.0,0.0
oe:player:72c4ee7519ed3bdf51d369a9bb8bc14,KKT,Bulldog Esports,NLC,EMEA,Deuxième niveau,Jungle,34,-28.0,214.0,218.0,70.0,0.0,0.0
oe:player:480168c20218f1b2e9b34785a3baf27,WhiteKnight,TeamOrangeGaming,PRM,EMEA,Deuxième niveau,Top,10,-29.0,236.0,-1283.0,,,
oe:player:5d66cbb86c841dd01cfbf146389f042,Crimson,Maryville University,NACL,Amérique du Nord,Deuxième niveau,Top,39,-29.0,236.0,646.0,80.0,0.0,0.0
oe:player:794adb16a6b9dc401506ff28870f3c0,dibu,Arctic Pandas,NLC,EMEA,Deuxième niveau,Jungle,60,-30.0,230.0,212.0,67.0,0.0,0.0
oe:player:a2de87eae98d0ab3b85567026561a51,Dardoch,Dignitas,LCS,Amérique du Nord,Ligue majeure,Jungle,54,-30.0,220.0,-2027.0,63.0,0.0,0.0
oe:player:22d23b7be2571eb1725faff686d9d15,Ag0nyPain,Senshi eSports,ROL,EMEA,Deuxième niveau,Mid,54,-31.0,218.0,1000.0,64.0,0.0,0.0
oe:player:007be3acd5669d100711b13d79e2336,Sniper,Conviction,NACL,Amérique du Nord,Deuxième niveau,Top,56,-31.0,239.0,635.0,76.0,0.0,0.0
oe:player:34dd70244ef257a4b5f7df18076132b,Tyrone,HMBLE,LIT,EMEA,Deuxième niveau,ADC,65,-32.0,230.0,2086.0,63.0,0.0,0.0
oe:player:5b91639213b0f7791c49ba852e4bee5,CRoNiiK,Team Phantasma,HLL,EMEA,Deuxième niveau,Jungle,22,-32.0,229.0,573.0,79.0,0.0,0.0
oe:player:e9aecf3f86eadc4cabbf95b7d92be0d,Tianzhen,SillySilly Gaming,PCS,Asie-Pacifique,Deuxième niveau,Jungle,36,-33.0,234.0,309.0,84.0,0.0,0.0
oe:player:d258f8c326e3532981a60d2393f129a,Jauny,Fuego,LRN,Brésil & Amérique latine,Deuxième niveau,Top,63,-33.0,230.0,1244.0,87.5,0.0,0.0
oe:player:34f3befc35889adbdc525cdf6e442e9,Satto,Guinea Pink,NL,EMEA,Troisième niveau,Support,31,-33.0,232.0,-90.0,5.0,0.0,0.53
oe:player:8f84b3e1ea431d26d9ad272eba9ba8c,Camana,Bushido Wildcats,TCL,EMEA,Deuxième niveau,Mid,62,-35.0,210.0,124.0,87.0,0.0,0.0
oe:player:e075e324298868aa969a7deb9f3581b,moe,Pyramid IV Esports,AL,EMEA,Deuxième niveau,Jungle,95,-35.0,204.0,419.0,66.0,0.0,0.0
oe:player:df13ba84b4ea6932f7e10b5e51e7cf5,Venour,Kaufland Hangry Knights,PRM,EMEA,Deuxième niveau,Top,30,-36.0,227.0,-1318.0,62.0,0.0,0.0
oe:player:8a729e3599082e74fcca776b295d0e1,Typhoon,Dark Passage,TCL,EMEA,Deuxième niveau,Jungle,21,-37.0,238.0,-66.0,67.0,0.0,0.0
oe:player:3576d72c5efa4fa97bf5927415ca70c,Exan,JSK Esports,AL,EMEA,Deuxième niveau,Jungle,49,-39.0,222.0,396.0,63.0,0.0,0.0
oe:player:d2bd18935aecee01a6ad68a09a39a87,Klorell,LODIS,RL,EMEA,Deuxième niveau,ADC,24,-41.0,232.0,-138.0,71.0,0.0,0.0
oe:player:285107bcc7ed3fdef0a479f78bc211c,DICE,FENNEL,LJL,Asie-Pacifique,Deuxième niveau,Mid,59,-41.0,236.0,2330.0,88.0,0.0,0.0
oe:player:c60e9a572fae056e944ba1479d89d81,Nero,RMD Gaming,CD,Brésil & Amérique latine,Deuxième niveau,Jungle,39,-42.0,228.0,50.0,79.0,0.0,0.0
oe:player:268e4beec767efd860d489fcbe1cdb5,ZWICKL,VfB eSports,PRM,EMEA,Deuxième niveau,Jungle,44,-42.0,230.0,-1176.0,58.0,0.0,0.0
oe:player:1ae1c39b7773b80a025efd99de69007,Secrett,Team Phantasma,HLL,EMEA,Deuxième niveau,Mid,74,-42.0,202.0,364.0,71.0,0.0,0.0
oe:player:fe78f3efbfa84d8485d589031596c5b,Pallet,WLGaming Esports,HLL,EMEA,Deuxième niveau,Jungle,85,-45.0,217.0,508.0,70.0,0.0,0.0
oe:player:1e6aa6caa55ba645b3e8d090501ceed,Tayron,GnG Amazigh,AL,EMEA,Deuxième niveau,Top,52,-47.0,222.0,103.0,71.0,0.0,0.0
oe:player:9e0d36678131df9bde116a964c542ef,choego,BAAM Esports,AL,EMEA,Deuxième niveau,ADC,94,-47.0,205.0,-44.0,61.0,0.0,0.0
oe:player:ec596621f8c01e1b79c177346b4a158,NuQ,Bulldog Esports,NLC,EMEA,Deuxième niveau,Top,70,-48.0,211.0,-80.0,71.0,0.0,0.0
oe:player:5bf58a7a261e2376e8a481edf83609c,Elkinho,Ei Nerd Esports,CD,Brésil & Amérique latine,Deuxième niveau,Support,41,-49.0,232.0,285.0,76.0,0.0,0.0
oe:player:9e8bebd7faf4b97431dc39d3d697c88,kingpo54,Frank Esports,PCS,Asie-Pacifique,Deuxième niveau,Support,35,-49.0,244.0,-353.0,74.0,0.0,0.0
oe:player:15101ae59f2cc7c8836b7e67352b598,Noodle,Crusaders,NLC,EMEA,Deuxième niveau,Jungle,17,-50.0,230.0,109.0,,,
oe:player:fbadcf84fcfb01a251de88055f631cb,Spica,NRG,NACL,Amérique du Nord,Deuxième niveau,Support,52,-50.0,243.0,280.0,72.0,0.0,0.0
oe:player:306df94ca8093266ce9249795dcbaa6,beta32,emBRAZA! Esports,CD,Brésil & Amérique latine,Deuxième niveau,Top,10,-50.0,249.0,304.0,,,
oe:player:0f0b0a45df28cf6869d4d6f31cac9a4,Marty,Galions Sharks,NL,EMEA,Troisième niveau,Mid,34,-50.0,237.0,-27.0,5.0,0.0,0.527
oe:player:242c606b161a1d43aad134625917980,Dara2,9Gaming Esports,VCS,Asie-Pacifique,Deuxième niveau,Support,19,-51.0,240.0,13.0,,,
oe:player:8259a6027d2018fa3016eac9ce3fb02,Mood,Deer Gaming,NLC,EMEA,Deuxième niveau,Support,39,-51.0,213.0,377.0,90.0,0.0,0.0
oe:player:39e08d2d04f275e3e90ccf59d29e60e,Ersin,Team Phoenix,TCL,EMEA,Deuxième niveau,Top,50,-52.0,218.0,-246.0,75.0,0.0,0.0
oe:player:06f016d5551322d49fad225b21de646,kehvo,Arctic Pandas,NLC,EMEA,Deuxième niveau,ADC,60,-52.0,230.0,394.0,65.0,0.0,0.0
oe:player:3f364c4a0e11df79bcf62f295c9a4de,Rosa,Invokers,CD,Brésil & Amérique latine,Deuxième niveau,ADC,28,-53.0,245.0,210.0,73.0,0.0,0.0
oe:player:add08608ba906530f9a94670d12e77c,Mentos,Falke Esports,LES,EMEA,Deuxième niveau,Mid,37,-54.0,220.0,-710.0,60.0,0.0,0.0
oe:player:9a78213b3bc77c76369c2aca27257b9,MnM,Frank Esports,PCS,Asie-Pacifique,Deuxième niveau,ADC,35,-54.0,244.0,100.0,70.0,0.0,0.0
oe:player:6e73c72127f4931d8eb97079bc5ed34,Huron,DOCISK,RL,EMEA,Deuxième niveau,Support,24,-56.0,231.0,-153.0,74.0,0.0,0.0
oe:player:6e632d8dfe91b18ecbbcdc028094e5c,Zothve,Fluxo W7M,CBLOL,Brésil & Amérique latine,Ligue majeure,Top,40,-57.0,220.0,-1958.0,68.0,0.0,0.0
oe:player:181ff5eb6d184d261d6b28480110e59,Markus,Senshi eSports,ROL,EMEA,Deuxième niveau,Jungle,60,-58.0,220.0,1224.0,77.0,0.0,0.0
name:SS Kuroko,SS Kuroko,Super Stars,AL,EMEA,Deuxième niveau,ADC,10,-58.0,248.0,-101.0,,,
oe:player:44b1e81bfc6d5bb1a0da7fe5daaa4c0,Samkz,paiN Gaming Academy,CD,Brésil & Amérique latine,Deuxième niveau,Jungle,40,-58.0,229.0,-30.0,70.0,0.0,0.0
oe:player:8e01eb2dab560099ace2ed32c82ea06,SuperCleber,Vivo Keyd Stars Academy,CD,Brésil & Amérique latine,Deuxième niveau,Top,53,-59.0,218.0,257.0,70.5,0.0,0.0
oe:player:abe2ad07033b755d74cc880715362ab,Nikiyas,Bulldog Esports,NLC,EMEA,Deuxième niveau,ADC,55,-60.0,209.0,357.0,73.0,0.0,0.0
oe:player:2b4e018d8037aa6b63a6a7b5be6c929,Passzi,UCAM Esports,NL,EMEA,Troisième niveau,Support,62,-62.0,198.0,-233.0,5.5,0.0,0.5
oe:player:0d47af84bee7ca00a76beb860c3d6ff,Pretender,Frank Esports,PCS,Asie-Pacifique,Deuxième niveau,Mid,35,-67.0,244.0,141.0,77.0,0.0,0.0
oe:player:064f081b067a79333cb0011c182f1c9,Însane,FN Esports,AL,EMEA,Deuxième niveau,Support,15,-68.0,234.0,108.0,,,
oe:player:12c11fde1a8f397f91ea9c013448f1c,Nawaf,One More Esports,AL,EMEA,Deuxième niveau,ADC,14,-68.0,238.0,-153.0,,,
oe:player:b5a0f0e22cd81fdd49bf1c26c64f265,Carve,DIA Ozarox Esports,TCL,EMEA,Deuxième niveau,Support,11,-68.0,244.0,171.0,,,
oe:player:ef97df9d746d0e65ed18786ab30031c,Insanity,Conviction,NACL,Amérique du Nord,Deuxième niveau,Mid,56,-69.0,239.0,156.0,82.0,0.0,0.0
oe:player:a8c7815094d487c4c9a3a7276986005,Niqkl,LUA Gaming,LES,EMEA,Deuxième niveau,Top,16,-69.0,233.0,-912.0,,,
oe:player:28210a578227a57de61f42f4bd0d2b4,Gaeng,DetonatioN FocusMe,LCP,Asie-Pacifique,Ligue majeure,Support,15,-70.0,240.0,-1914.0,,,
oe:player:5acf2785e5891a5be39e0be16d88282,Solbon,T1 Esports Academy Rookies,LAS,Corée,Troisième niveau,Mid,75,-71.0,259.0,1851.0,8.0,0.0,0.433
oe:player:da80b2e96423b30fc669e645a9d1b19,Enoch,The Secret Club,EBL,EMEA,Deuxième niveau,Support,78,-71.0,209.0,1526.0,78.0,0.0,0.0
oe:player:e52cd39655258ab5bd6cff89b32ea07,Benaset,Gamespace Mediterranean College Esports,HLL,EMEA,Deuxième niveau,Support,12,-73.0,243.0,634.0,,,
oe:player:751b4e6d134b3c4559459c7921fee5f,Pilot,Ei Nerd Esports,CD,Brésil & Amérique latine,Deuxième niveau,Mid,42,-74.0,228.0,-97.0,84.0,0.0,0.0
oe:player:9a877004ae6373d34cd9ba93decbbd9,Cody Sun,Conviction,NACL,Amérique du Nord,Deuxième niveau,ADC,60,-75.0,225.0,195.0,74.0,0.0,0.0
oe:player:706cf232206925bf8315cfdf4310297,Buero,Vivo Keyd Stars Academy,CD,Brésil & Amérique latine,Deuxième niveau,ADC,50,-75.0,237.0,101.0,78.0,0.0,0.0
oe:player:11d9cff02750547760922faccb69c91,Mixtsure,NRG,NACL,Amérique du Nord,Deuxième niveau,Support,11,-75.0,253.0,154.0,,,
oe:player:ff71e751aa5f67010f80aad602ecdfe,Luke,VfB eSports,PRM,EMEA,Deuxième niveau,Mid,44,-76.0,230.0,-1357.0,60.0,0.0,0.0
oe:player:179d3fa9456193e6ccdbf7ae4938c4a,Ajwad,One More Esports,AL,EMEA,Deuxième niveau,Jungle,14,-76.0,238.0,211.0,,,
oe:player:79715a2d8a5dcfe07726c00e0f05433,Kuroneel,GOAL,HLL,EMEA,Deuxième niveau,Mid,48,-77.0,227.0,189.0,73.0,0.0,0.0
oe:player:579ae2e0addc18db74179b2a3d33294,Ellim,FENNEL,LJL,Asie-Pacifique,Deuxième niveau,Jungle,59,-77.0,236.0,2147.0,93.0,0.0,0.0
oe:player:0ff3d05047e5a7d2838bd6cb11fe7a1,Centu,Team Phantasma,HLL,EMEA,Deuxième niveau,Support,80,-78.0,204.0,608.0,75.0,0.0,0.0
oe:player:555e3934816743f30cdda4c7cc0dfe3,Momo,DetonatioN FocusMe,LCP,Asie-Pacifique,Ligue majeure,Top,48,-78.0,231.0,-1829.0,66.0,0.0,0.0
oe:player:ad173d59265cf2cbe796b2af2554da3,Citrus,DetonatioN FocusMe,LCP,Asie-Pacifique,Ligue majeure,Jungle,50,-78.0,231.0,-1939.0,61.0,0.0,0.0
oe:player:c08f75d1d70bf068013b32f60fe96a5,Vigil,HMBLE,LIT,EMEA,Deuxième niveau,Mid,65,-79.0,230.0,1783.0,69.0,0.0,0.0
oe:player:5dedda929608ef07aedda33aa2b474e,Bounty,University of Mississippi,NACL,Amérique du Nord,Deuxième niveau,Support,38,-79.0,236.0,135.0,90.0,0.0,0.0
oe:player:51e62ff878bc8e2c27c1d5512cbf45e,Carnage,HMBLE,LIT,EMEA,Deuxième niveau,Jungle,19,-80.0,233.0,1802.0,,,
oe:player:dd77279f7d325eec933f05b1672f6a1,1116,SillySilly Gaming,PCS,Asie-Pacifique,Deuxième niveau,Mid,26,-80.0,242.0,77.0,88.0,0.0,0.0
oe:player:d6971b32f31494c779daf02b932bd92,GiaQui,9Gaming Esports,VCS,Asie-Pacifique,Deuxième niveau,Mid,39,-81.0,238.0,-16.0,84.0,0.0,0.0
oe:player:0f92769ac5d2a76f9adc5aea924ed1b,Lynx,Dark Passage,TCL,EMEA,Deuxième niveau,Mid,22,-81.0,238.0,-107.0,74.0,0.0,0.0
oe:player:8b976d804f0b51e0dff5d24fc6ead77,Strensh,Leviatan,CBLOL,Brésil & Amérique latine,Ligue majeure,ADC,48,-81.0,216.0,-1975.0,65.0,0.0,0.0
oe:player:0d9993e3f05e30bfc45a64043f9205c,Coxinha748,Invokers,CD,Brésil & Amérique latine,Deuxième niveau,Mid,28,-82.0,245.0,-137.0,80.0,0.0,0.0
oe:player:13eab8b40da9787760282cfd4b13ed5,SwiT,Galions Sharks,NL,EMEA,Troisième niveau,Top,35,-83.0,238.0,-41.0,3.0,0.0,0.597
oe:player:4438e6de86f317adec821c223d661c8,Jinbeom,T1 Esports Academy Rookies,LAS,Corée,Troisième niveau,ADC,70,-83.0,223.0,1714.0,4.0,0.0,0.88
oe:player:6b28fcee6b9d1ddf7c2e481e7fc1c0e,Lumos,Gen.G Global Academy,LCKC,Corée,Deuxième niveau,Support,68,-84.0,221.0,-1947.0,50.0,0.0,0.0
oe:player:cb5feb1b7314637725a2e73bdc9f729,Color,Forsaken,RL,EMEA,Deuxième niveau,Top,63,-84.0,205.0,-465.0,74.0,0.0,0.0
oe:player:1a37b777718802cb259d192e67ab64d,Zin,9Gaming Esports,VCS,Asie-Pacifique,Deuxième niveau,Support,39,-84.0,238.0,-148.0,86.0,0.0,0.0
oe:player:2a8f9050a8f7c5dd91f2332dc3bb2f5,Kim Down,Winthrop University,NACL,Amérique du Nord,Deuxième niveau,Support,68,-85.0,242.0,106.0,82.0,0.0,0.0
oe:player:2075ead89d239c5c1cf7efcc52c026a,DANKI,Zerolag Esports,AL,EMEA,Deuxième niveau,Top,15,-85.0,238.0,-88.0,,,
oe:player:75de40c4dc0a77c1fd1145a4618f046,Bust,DMG Esports,NLC,EMEA,Deuxième niveau,Top,22,-86.0,235.0,-273.0,85.0,0.0,0.0
oe:player:f32776bb3b0bfb1cd3261868df4dfce,Calmsky,White Dragons,LPLOL,EMEA,Deuxième niveau,Support,59,-87.0,216.0,981.0,60.5,0.0,0.0
oe:player:655e38b95a3554d69f6c7d2de4221aa,Mahonix,Pyramid IV Esports,AL,EMEA,Deuxième niveau,Support,35,-87.0,218.0,15.0,76.0,0.0,0.0
oe:player:2caa05c21e7e142214c20319ff97d09,Kakkun,DetonatioN FocusMe,LCP,Asie-Pacifique,Ligue majeure,ADC,50,-88.0,231.0,-2033.0,64.0,0.0,0.0
oe:player:e5c10951c84941a8031515aad18ba35,K1ckbait,ALMO Players,HLL,EMEA,Deuxième niveau,Mid,13,-91.0,239.0,120.0,,,
oe:player:74f3f60a44ee916ecc257a5381be756,Lekcyc,Bubliki,LPLOL,EMEA,Deuxième niveau,Support,69,-91.0,208.0,961.0,92.0,0.0,0.0
oe:player:2558086bcc15a517030a39d7766957d,kkkkkkkkk,FENNEL,LJL,Asie-Pacifique,Deuxième niveau,Top,59,-92.0,236.0,2085.0,92.5,0.0,0.0
oe:player:bea7bb8065c436ca956c978e30eb441,zay,Vivo Keyd Stars Academy,CD,Brésil & Amérique latine,Deuxième niveau,Support,41,-92.0,220.0,69.0,76.0,0.0,0.0
oe:player:3ee8d8613d285f720311d21a2c4a469,Holo,Frank Esports,PCS,Asie-Pacifique,Deuxième niveau,Jungle,35,-92.0,244.0,12.0,77.0,0.0,0.0
oe:player:5b261df9776ed20f38369b0a38056c9,TIMR,LUA Gaming,LES,EMEA,Deuxième niveau,Support,37,-93.0,228.0,-1140.0,72.0,0.0,0.0
oe:player:85c460fea615911b6075e0968b63db1,Netuno,INTZ,CD,Brésil & Amérique latine,Deuxième niveau,ADC,36,-93.0,226.0,10.0,83.0,0.0,0.0
oe:player:59e4f16845eadbd160a270e0ea65e26,Tracy,CTBC Flying Oyster Academy,PCS,Asie-Pacifique,Deuxième niveau,ADC,40,-94.0,240.0,-100.0,69.0,0.0,0.0
oe:player:bbc74d89ea9541a8c079edb2bbdf8ad,Hermes,SillySilly Gaming,PCS,Asie-Pacifique,Deuxième niveau,ADC,17,-95.0,252.0,-107.0,,,
oe:player:f7d8c1fd03b11c456966e4f1ee056f1,Skyy,Fuego,LRN,Brésil & Amérique latine,Deuxième niveau,Mid,59,-95.0,228.0,1628.0,89.0,0.0,0.0
oe:player:1441df6b1c10f910ccdc400e40b5fce,Weather,T1 Esports Academy Rookies,LAS,Corée,Troisième niveau,Top,23,-96.0,266.0,1533.0,9.0,0.0,0.083
oe:player:a2694196d288cd26055602729d0bb5c,HeSSZero,Anonymo Esports,RL,EMEA,Deuxième niveau,Top,48,-97.0,228.0,-530.0,78.0,0.0,0.0
oe:player:55b0c4d4efa00b59643b2e6a6e7c18c,Fiji,CCG Esports,NACL,Amérique du Nord,Deuxième niveau,Top,51,-98.0,243.0,300.0,80.0,0.0,0.0
oe:player:03ffc84bf06e1adbfb0e869b6a0850a,Ashlomailma,Shadow Keepers Esports,PCS,Asie-Pacifique,Deuxième niveau,Support,11,-98.0,252.0,-597.0,,,
oe:player:083c7a95536bd83e8560cc428c8b681,Kurama,Otter Side,LPLOL,EMEA,Deuxième niveau,Jungle,62,-98.0,209.0,1383.0,79.5,0.0,0.0
oe:player:7c8d8bf5d11af12d15aad3ce6bf5522,Patch,SU Esports,TCL,EMEA,Deuxième niveau,Support,75,-99.0,213.0,19.0,94.0,0.0,0.0
oe:player:c5dac98c1a0cbe23f6bc0262e77a0bd,Samikin,Winthrop University,NACL,Amérique du Nord,Deuxième niveau,Mid,62,-100.0,231.0,-1.0,84.0,0.0,0.0
oe:player:a6ecfc61cbbde3dc4a88a431219809b,Ux,9z Globant,LRS,Brésil & Amérique latine,Deuxième niveau,Support,47,-101.0,239.0,1177.0,105.0,0.0,0.0
oe:player:e545a8a51e56837e3d9786f988a1eee,Tenshi,Barcząca Esports by Yumisu,RL,EMEA,Deuxième niveau,Mid,38,-101.0,223.0,-389.0,72.0,0.0,0.0
oe:player:b3c7b84cf21441ee1c8ad002cc40e0f,murilao,RMD Gaming,CD,Brésil & Amérique latine,Deuxième niveau,Support,25,-102.0,243.0,18.0,87.0,0.0,0.0
oe:player:c61db0cdc60db4445d07ee5ae79941a,Zach,Winthrop University,NACL,Amérique du Nord,Deuxième niveau,Mid,39,-102.0,248.0,-9.0,90.0,0.0,0.0
oe:player:4ef00a200b9361cd76bb7e612b171c4,Keel,Citadel Gaming,NACL,Amérique du Nord,Deuxième niveau,Support,11,-102.0,251.0,17.0,,,
oe:player:2fc61bb93411ac7f0fb6c05ed978d7b,iwanan,devils.one inStreamly,RL,EMEA,Deuxième niveau,Mid,40,-103.0,222.0,-401.0,75.0,0.0,0.0
oe:player:a54db49a574e10b8b4401ca49ba5294,Kaido,Contingent Esports,NACL,Amérique du Nord,Deuxième niveau,Jungle,35,-104.0,245.0,-43.0,96.0,0.0,0.0
oe:player:3a470428d3eaeab9ccea451308f3037,Septico1,Gamespace Mediterranean College Esports,HLL,EMEA,Deuxième niveau,Top,78,-104.0,200.0,144.0,85.0,0.0,0.0
oe:player:d2c3f469076bec7c92eb899661a441d,Bobsik,Falke Esports,LES,EMEA,Deuxième niveau,Top,66,-105.0,215.0,-1093.0,95.0,0.0,0.0
oe:player:6c7466a45762357bff1b48cbc6a49ab,Hetel,Rising Gaming,LJL,Asie-Pacifique,Deuxième niveau,Support,15,-105.0,247.0,1921.0,,,
oe:player:b3323183eb51a00e2777d997b6f72bb,Xzz,SillySilly Gaming,PCS,Asie-Pacifique,Deuxième niveau,Mid,21,-106.0,243.0,-52.0,91.0,0.0,0.0
oe:player:eca327ff4d6ae42715b64e9beae4813,Only35,CCG Esports,NACL,Amérique du Nord,Deuxième niveau,Support,51,-107.0,243.0,-7.0,80.0,0.0,0.0
oe:player:e9df36f0c0ce44566f124524d7d904a,Carim,T1 Esports Academy Rookies,LAS,Corée,Troisième niveau,Jungle,88,-109.0,255.0,1665.0,7.0,0.0,0.417
oe:player:e6f8300f45b071d113356fc27cedf4c,Rayito,GIANTX iTero,LES,EMEA,Deuxième niveau,ADC,57,-110.0,214.0,-768.0,85.5,0.0,0.0
oe:player:97dba2c2c17ddf9d63517aee126f58b,Joki37,Bulldog Esports,NLC,EMEA,Deuxième niveau,Jungle,47,-110.0,217.0,-188.0,68.0,0.0,0.0
oe:player:1791c6298f798379cfb331fc03b7a34,Syzyf,Onion Team,RL,EMEA,Deuxième niveau,Mid,11,-110.0,243.0,-436.0,,,
oe:player:be3b71a1266b2d5887634b8001b24dd,Guga,Invokers,CD,Brésil & Amérique latine,Deuxième niveau,Jungle,30,-112.0,244.0,-300.0,94.0,0.0,0.0
oe:player:398074139a206bc8bbab0be766c6ffa,Wilson,Winthrop University,NACL,Amérique du Nord,Deuxième niveau,Jungle,68,-112.0,242.0,-84.0,83.0,0.0,0.0
oe:player:205f456adac22b2b8cb732651167215,Lulas,Esprit Shōnen,LPLOL,EMEA,Deuxième niveau,Jungle,51,-112.0,207.0,1317.0,82.0,0.0,0.0
oe:player:2197b372d97483d798d36b5be410dd4,shidolovell,Lille Esport,NL,EMEA,Troisième niveau,Jungle,21,-112.0,243.0,-518.0,5.0,0.0,0.403
oe:player:563de95758c49f2d41e16ee7e9aca8f,Zora,Onion Team,RL,EMEA,Deuxième niveau,Top,11,-113.0,243.0,-611.0,,,
oe:player:bf0f5e428044546d1fbe59d08495fa0,Nord,B2U,NLC,EMEA,Deuxième niveau,Jungle,12,-114.0,240.0,-209.0,,,
oe:player:60b3048edebc03e520e775db4cc706f,AoJune,Maryville University,NACL,Amérique du Nord,Deuxième niveau,Mid,71,-114.0,224.0,-71.0,79.0,0.0,0.0
oe:player:d12be4fd740afa31c400833bee2cba4,fabFabulous,Dark Passage,TCL,EMEA,Deuxième niveau,Top,22,-115.0,238.0,-561.0,81.0,0.0,0.0
oe:player:ef453ec92276774e0668a413fb91514,Virtuso,Deer Gaming,NLC,EMEA,Deuxième niveau,Top,44,-115.0,225.0,-414.0,77.0,0.0,0.0
oe:player:413e2abb884854a2fe8bdfa3fac0b7e,SanSan,MVK Esports Academy,VCS,Asie-Pacifique,Deuxième niveau,Jungle,14,-115.0,244.0,364.0,,,
oe:player:bfcefaea6ffa0c9cdb2667f79b63750,Juliera,Nerd's Gangster's Carecas,CD,Brésil & Amérique latine,Deuxième niveau,ADC,12,-115.0,250.0,-96.0,,,
oe:player:1064292c3355d4184f64b5875458fb7,sas,Disruptors,AL,EMEA,Deuxième niveau,Support,96,-117.0,205.0,-138.0,73.0,0.0,0.0
oe:player:2e39f77d41c8deb6a891c30cf378383,Deadly,Otter Side,LPLOL,EMEA,Deuxième niveau,ADC,49,-119.0,209.0,1348.0,67.0,0.0,0.0
oe:player:88e49a28ebab68fa728e5f402129613,Nireo,Ancient Ones,NL,EMEA,Troisième niveau,Top,30,-119.0,229.0,-223.0,4.0,0.0,0.47
oe:player:bded911bd14cf5014849c923fce2a08,Jalleba,Pyramid IV Esports,AL,EMEA,Deuxième niveau,ADC,98,-120.0,205.0,-408.0,70.0,0.0,0.0
oe:player:dff7e10c0f223e03880b5ec07ea79f2,REAVER,WLGaming Esports,HLL,EMEA,Deuxième niveau,Support,72,-121.0,211.0,396.0,89.0,0.0,0.0
oe:player:371ce62bbcfebc2c0ba6ad4d565777a,Scuffed,Deer Gaming,NLC,EMEA,Deuxième niveau,Mid,44,-122.0,225.0,-693.0,74.0,0.0,0.0
oe:player:a9264b1add014881c8d91609de2b7d6,Zkai,CTBC Flying Oyster Academy,PCS,Asie-Pacifique,Deuxième niveau,Top,40,-123.0,240.0,-104.0,73.0,0.0,0.0
oe:player:7671e31fd945378972f6247eb70038f,fantomisto,Esprit Shōnen,RL,EMEA,Deuxième niveau,Mid,50,-123.0,220.0,-501.0,82.0,0.0,0.0
oe:player:20e51549adf4f757e287af9027b282d,Snalt,Barulhinhos,CD,Brésil & Amérique latine,Deuxième niveau,Top,19,-124.0,248.0,-64.0,,,
oe:player:9d660d86d96c38bb2cb11a859909c18,Mewkyo,Barulhinhos,CD,Brésil & Amérique latine,Deuxième niveau,Jungle,19,-125.0,248.0,-363.0,,,
oe:player:9f05cc3420a1f8fe42e40ac0162f592,Sant,Barulhinhos,CD,Brésil & Amérique latine,Deuxième niveau,ADC,19,-125.0,248.0,-147.0,,,
oe:player:488c6226cadbbeab0eb61b007a0454f,Fred,White Dragons,LPLOL,EMEA,Deuxième niveau,Mid,15,-127.0,243.0,1829.0,,,
oe:player:cb2b5fa08dcb47ea5d2a10f558acea6,Cape,Ozarox Esports,TCL,EMEA,Deuxième niveau,Jungle,27,-128.0,226.0,-523.0,74.0,0.0,0.0
oe:player:ba6e76e259419420ddff269bb6ef074,Vzz,WLGaming Esports,HLL,EMEA,Deuxième niveau,ADC,27,-128.0,230.0,384.0,91.0,0.0,0.0
oe:player:dabef448fac48c6137ca1cfae1ffa15,Warner,ZennIT,ROL,EMEA,Deuxième niveau,Mid,77,-128.0,203.0,515.0,81.0,0.0,0.0
oe:player:a28b544eced2b013f4304fe5bdc6b4e,Yuhe,CTBC Flying Oyster Academy,PCS,Asie-Pacifique,Deuxième niveau,Mid,40,-129.0,240.0,-166.0,75.0,0.0,0.0
oe:player:95496721c429ee19a2a9bd9c4321e95,Qats,Vivo Keyd Stars Academy,CD,Brésil & Amérique latine,Deuxième niveau,Mid,54,-129.0,229.0,-373.0,93.0,0.0,0.0
oe:player:b10bd58394ab73ced3f241c3a904899,Falleo,White Dragons,LPLOL,EMEA,Deuxième niveau,Top,57,-130.0,210.0,1673.0,77.0,0.0,0.0
oe:player:7ae8945fffcf8e17e62c8062c18c0e1,Sobek,Anonymo Esports,RL,EMEA,Deuxième niveau,Mid,47,-131.0,228.0,-539.0,80.0,0.0,0.0
oe:player:a2592097e38eeeec92fb042c009147d,ejsner,Barcząca Esports by Yumisu,RL,EMEA,Deuxième niveau,ADC,50,-131.0,216.0,-586.0,71.0,0.0,0.0
oe:player:43f39bea1fd508368a1a6745c8fe646,Cedric,Shadow Keepers Esports,PCS,Asie-Pacifique,Deuxième niveau,Jungle,11,-132.0,252.0,-188.0,,,
oe:player:73124aed8e061dafd713df6285a137a,Vahvel,Barulhinhos,CD,Brésil & Amérique latine,Deuxième niveau,Support,19,-133.0,248.0,-134.0,,,
oe:player:c3b7ab0889348bda3968e639b7d17bf,MrJackson,The ParadOx Invaders,HLL,EMEA,Deuxième niveau,Jungle,33,-134.0,217.0,61.0,99.0,0.0,0.0
oe:player:e53268a4e85477f3651cd836f6ea4f2,PmK,DOCISK,RL,EMEA,Deuxième niveau,Top,43,-134.0,229.0,-713.0,77.0,0.0,0.0
oe:player:595bc33bc21e0ce16769819e824c0d3,MélyaP,Lille Esport,NL,EMEA,Troisième niveau,Mid,26,-134.0,239.0,-447.0,7.0,0.0,0.05
oe:player:8a0883855988aadb0c22117c2c96da7,Infinity,Team High Ground,NL,EMEA,Troisième niveau,Jungle,20,-134.0,244.0,-627.0,6.0,0.0,0.16
oe:player:8a26fb905636bc0bec1a65212c3c863,shochi,Contingent Esports,NACL,Amérique du Nord,Deuxième niveau,Mid,35,-135.0,243.0,-173.0,97.0,0.0,0.0
oe:player:9b16055070b8269a9dc504251587d0a,Kitten,Dplus Kia Academy,LAS,Corée,Troisième niveau,Support,73,-136.0,265.0,1516.0,8.0,0.0,0.293
oe:player:a837bd982d8c5fc74b36bbd3ce0a9ee,Kamito,DMG Esports,NLC,EMEA,Deuxième niveau,ADC,22,-136.0,235.0,-27.0,84.0,0.0,0.0
oe:player:678837b11ce363c6f3ac889609a5c78,Charlington,9Gaming Esports,VCS,Asie-Pacifique,Deuxième niveau,ADC,39,-136.0,238.0,6.0,86.0,0.0,0.0
oe:player:5362efee0a34b49b3f473a4a82f30e7,ugandan fighter,Ruddy Corporation,NLC,EMEA,Deuxième niveau,Top,18,-136.0,234.0,-520.0,,,
oe:player:5873b1fb84fee6da2afd5f1ec75d917,Dream,Galions Sharks,NL,EMEA,Troisième niveau,ADC,35,-137.0,238.0,-402.0,3.0,0.0,0.623
oe:player:ea09d2e7087f7675916de02afc74e02,Blesia,Barcząca Esports by Yumisu,RL,EMEA,Deuxième niveau,Top,33,-138.0,222.0,-733.0,89.0,0.0,0.0
oe:player:b5fa30bff2957d2bf488b31fb9c813b,Bmoooo,Team Phoenix,TCL,EMEA,Deuxième niveau,Support,16,-138.0,239.0,-177.0,,,
oe:player:8ee33a7b49463c941b579a317f06ba3,Sotsy,3BL Esports,AL,EMEA,Deuxième niveau,Top,32,-140.0,233.0,-362.0,86.0,0.0,0.0
oe:player:0c02ac62f11fd279e6b02c97c545c13,Metroflox,Magaza Esports,EBL,EMEA,Deuxième niveau,Jungle,48,-140.0,213.0,1141.0,83.0,0.0,0.0
oe:player:d13a22299df0cee586407b889fc69c2,Faetski,devils.one inStreamly,RL,EMEA,Deuxième niveau,ADC,44,-141.0,229.0,-637.0,79.0,0.0,0.0
oe:player:5aea7cdf0f3349ac62a04335ec1c918,Ivory,Fuego,LRN,Brésil & Amérique latine,Deuxième niveau,Mid,24,-142.0,257.0,1391.0,136.0,0.0,0.0
oe:player:5d772fc3cefe6fec269411b8ca18d9d,RustySniper,The Bandits,NLC,EMEA,Deuxième niveau,ADC,15,-142.0,232.0,-55.0,,,
oe:player:ca08600c44f01eb1452c933ad410ba2,Atat,Dark Passage,TCL,EMEA,Deuxième niveau,Support,13,-142.0,240.0,-197.0,,,
oe:player:758544da193f152aa5ca5dcc833a83a,Fade,Ozarox Esports,TCL,EMEA,Deuxième niveau,Mid,40,-143.0,225.0,-416.0,81.0,0.0,0.0
oe:player:70d516fd78bcce28e19f4b422bb9f02,scuro,INTZ,CD,Brésil & Amérique latine,Deuxième niveau,ADC,20,-145.0,238.0,-249.0,88.0,0.0,0.0
oe:player:0d3f526e6a6449b958baaaf403015f6,Dani,LUA Gaming,LES,EMEA,Deuxième niveau,Top,19,-146.0,231.0,-1299.0,,,
oe:player:0e144339d34b5a7a0226fb26638da25,Yozan,Invokers,CD,Brésil & Amérique latine,Deuxième niveau,Top,30,-146.0,244.0,-177.0,97.0,0.0,0.0
oe:player:f2eceb80dcd621eabdb3c1f4ae9e393,Shanks,JSK Esports,AL,EMEA,Deuxième niveau,Jungle,49,-146.0,223.0,-136.0,73.0,0.0,0.0
oe:player:288d8e1e6e78a857421f10ee40d3fba,Zelt,Zeu5 Esports,LRN,Brésil & Amérique latine,Deuxième niveau,Mid,29,-146.0,248.0,1373.0,133.0,0.0,0.0
oe:player:cfcad7b09bed919fa42cc1dd83b6b63,Kasing,Bulldog Esports,NLC,EMEA,Deuxième niveau,Support,42,-146.0,223.0,-93.0,90.0,0.0,0.0
oe:player:f3f1edfba7200c65b417d359a6f9c82,pr1me,Magaza Esports,EBL,EMEA,Deuxième niveau,Top,30,-146.0,234.0,1063.0,97.0,0.0,0.0
oe:player:3ecce3085c6886d516d2b8659880394,Robertoos,Barcząca Esports by Yumisu,RL,EMEA,Deuxième niveau,Support,26,-148.0,224.0,-611.0,90.0,0.0,0.0
oe:player:177a9d9be693775e2c85ec930e07ed4,Anyone,DOCISK,RL,EMEA,Deuxième niveau,ADC,43,-148.0,229.0,-671.0,75.0,0.0,0.0
oe:player:f2387df2cb9eeb367b59f0bce4a9637,Hydra,LUA Gaming,LES,EMEA,Deuxième niveau,Mid,35,-148.0,231.0,-1180.0,73.0,0.0,0.0
oe:player:32021f59c40539f27ff6300bb840ca2,Kaii,LUA Gaming,LES,EMEA,Deuxième niveau,ADC,35,-148.0,231.0,-962.0,71.0,0.0,0.0
oe:player:81672fafdf160235f5c96b5956ae3bc,Beenie,7REX,CD,Brésil & Amérique latine,Deuxième niveau,ADC,14,-149.0,245.0,-268.0,,,
oe:player:4dcaf04fe05985bbfc5ea5d54c91353,bipi,Team Solid,CD,Brésil & Amérique latine,Deuxième niveau,ADC,34,-149.0,234.0,-270.0,93.0,0.0,0.0
oe:player:00f5171ac6dc80c3e5a485d90f9532a,tiphat,1TAP Dino,VCS,Asie-Pacifique,Deuxième niveau,Jungle,22,-150.0,233.0,190.0,98.0,0.0,0.0
oe:player:d2d4975b4d0bd62e7aa907af8ffdf15,Adyyy,eSuba,HM,EMEA,Deuxième niveau,Mid,46,-150.0,234.0,1272.0,101.0,0.0,0.0
oe:player:ae380722f9cab8ed1969201b1fcda6d,Mietek,WLGaming Esports,HLL,EMEA,Deuxième niveau,Top,56,-150.0,215.0,-87.0,68.5,0.0,0.0
oe:player:389694c23c6ad4a254e6b9f6ce12536,Goldmen,Team Phantasma,HLL,EMEA,Deuxième niveau,Top,78,-151.0,212.0,-94.0,86.0,0.0,0.0
oe:player:895b81748441d4b3c8faa7c1b8452dc,Sparda,SN CyberCore Esports,VCS,Asie-Pacifique,Deuxième niveau,Top,19,-151.0,245.0,-432.0,,,
oe:player:606fd948f46592bf98fe45545d5f5f3,Luncafoer,The Bandits,ROL,EMEA,Deuxième niveau,Jungle,78,-151.0,221.0,757.0,102.0,0.0,0.0
oe:player:0248dc440bab60ac03cf029279deed3,Metha,Team High Ground,NL,EMEA,Troisième niveau,Support,20,-151.0,244.0,-678.0,6.0,0.0,0.313
oe:player:bb0b65400dfa98b18cc4287b86bd6de,Shourdy,Senshi eSports,ROL,EMEA,Deuxième niveau,Top,85,-151.0,204.0,458.0,78.0,0.0,0.0
oe:player:a58bb69579ba71aac46a0500d77b64c,Rikk,SN CyberCore Esports,VCS,Asie-Pacifique,Deuxième niveau,Jungle,16,-152.0,242.0,177.0,,,
oe:player:5a607b1f01f155eae1bd6e2a78763f5,Archer,CITA Kaizen,HM,EMEA,Deuxième niveau,ADC,88,-152.0,213.0,929.0,98.0,0.0,0.0
oe:player:5c10d4fc029a04de654a59d8078b913,sarolu,Vivo Keyd Stars Academy,CD,Brésil & Amérique latine,Deuxième niveau,Jungle,47,-153.0,217.0,-505.0,89.0,0.0,0.0
oe:player:6d416f7786dbe588eaa6ab48666588d,En,SillySilly Gaming,PCS,Asie-Pacifique,Deuxième niveau,Support,21,-153.0,243.0,-873.0,94.0,0.0,0.0
oe:player:64ff4f1dd75a5654ab87c0bbee89c1e,Wako,SillySilly Gaming,PCS,Asie-Pacifique,Deuxième niveau,ADC,17,-153.0,246.0,-397.0,,,
oe:player:b94e8760d00efd6eea4ec2597e1f46f,EL,Rising Gaming,LJL,Asie-Pacifique,Deuxième niveau,Jungle,15,-154.0,247.0,1761.0,,,
oe:player:6dbb69669c784e8f5e008a1a71ff7d7,Kitano,Team High Ground,NL,EMEA,Troisième niveau,Top,20,-156.0,244.0,-409.0,5.0,0.0,0.41
oe:player:d28fbe1014546eac54dccce436390a7,Kallesyn,Lausanne-Sport Esports,NL,EMEA,Troisième niveau,Top,20,-157.0,238.0,-415.0,6.0,0.0,0.203
oe:player:51d1b92c739875316e83a99bb9838af,Hasu7,SillySilly Gaming,PCS,Asie-Pacifique,Deuxième niveau,Top,21,-157.0,243.0,-275.0,96.0,0.0,0.0
oe:player:d7eca91517950c67ade956ce6e953cf,Hidan,RMD Gaming,CD,Brésil & Amérique latine,Deuxième niveau,Top,30,-158.0,237.0,-239.0,103.0,0.0,0.0
oe:player:646d7215b0af94ad58ab71a9ff64fcb,Leaky,CTBC Flying Oyster Academy,PCS,Asie-Pacifique,Deuxième niveau,Jungle,37,-158.0,238.0,-321.0,87.0,0.0,0.0
oe:player:4c56aef4b6fee236568a5769a8328aa,Xeonerr,Spartans EU,HLL,EMEA,Deuxième niveau,Jungle,19,-159.0,237.0,-64.0,,,
oe:player:f683aadb1720a4a1766fcfc3b6d3ef5,Hunt,Bulldog Esports,NLC,EMEA,Deuxième niveau,Mid,11,-160.0,241.0,-882.0,,,
oe:player:d5bd1c30c3e1fdcda369e347812b639,Yashiro2,SN CyberCore Esports,VCS,Asie-Pacifique,Deuxième niveau,ADC,19,-160.0,245.0,-114.0,,,
oe:player:0d7c1887f1bc9cfeffde4e06b426dbb,Pasu,ROSSMANN Centaurs,PRM,EMEA,Deuxième niveau,Jungle,25,-161.0,234.0,-1772.0,79.0,0.0,0.0
oe:player:dd83256af5ca245530d216b14c63cf4,Verdict,DeathMark E-Sports,NACL,Amérique du Nord,Deuxième niveau,Jungle,13,-162.0,253.0,-334.0,,,
oe:player:ba4c9b170092f1369593d1a49291b3c,shibi,Anonymo Esports,RL,EMEA,Deuxième niveau,Jungle,45,-164.0,215.0,-848.0,91.0,0.0,0.0
oe:player:7b0143c0788257bc3e415e83f74cc8b,Midir,T1 Esports Academy Rookies,LAS,Corée,Troisième niveau,Top,70,-164.0,260.0,1193.0,9.0,0.0,0.287
oe:player:841a33657841e55eb6b68b86de53af9,Bruce,FENNEL,LJL,Asie-Pacifique,Deuxième niveau,Support,57,-165.0,234.0,1624.0,104.0,0.0,0.0
oe:player:81d2110b25710f286ed9e9b6a8426b0,Snaker,Fuego,LRN,Brésil & Amérique latine,Deuxième niveau,ADC,50,-167.0,213.0,1371.0,101.0,0.0,0.0
oe:player:f40abcec99ee8b74e439632fa502643,Weizhe,Shadow Keepers Esports,PCS,Asie-Pacifique,Deuxième niveau,Top,11,-167.0,252.0,-323.0,,,
oe:player:3b8914e862fc0b2502e33b15b21b36c,bicas,DMG Esports,NLC,EMEA,Deuxième niveau,Jungle,49,-167.0,209.0,-475.0,77.0,0.0,0.0
oe:player:2b3304094ff4e0d52c949a893b64b56,Akkers,Brod n Friends,NLC,EMEA,Deuxième niveau,Support,12,-167.0,241.0,-198.0,,,
oe:player:ded84ce8443d8de05174cd9b702c4e6,uden,Deer Gaming,NLC,EMEA,Deuxième niveau,Support,26,-169.0,232.0,-209.0,101.0,0.0,0.0
oe:player:a7fb3d0c8c5841d8b95153f998c6f14,raki,FENNEL,LJL,Asie-Pacifique,Deuxième niveau,ADC,16,-169.0,247.0,1954.0,,,
oe:player:e427c5e627936477e7b83048bf11092,Intio,Zeu5 Esports,LRN,Brésil & Amérique latine,Deuxième niveau,ADC,12,-169.0,252.0,1356.0,,,
oe:player:d045ce8a0de5eb77d740e62fb9e2d7f,Daption,Contingent Esports,NACL,Amérique du Nord,Deuxième niveau,ADC,35,-171.0,245.0,-282.0,91.0,0.0,0.0
oe:player:943f53d325e6a71dab00800edcbbac6,Shakur,Only The Family,HLL,EMEA,Deuxième niveau,ADC,16,-171.0,236.0,166.0,,,
oe:player:4cd9f3996d60790cd11c04f842ebc43,Cast,Absolved,NLC,EMEA,Deuxième niveau,Jungle,18,-171.0,231.0,-496.0,,,
oe:player:18fb9695f004925012bf3ae5826b780,Stray,Citadel Gaming,NACL,Amérique du Nord,Deuxième niveau,Top,20,-173.0,246.0,-73.0,103.0,0.0,0.0
oe:player:ed24ff8971b1fa43a1efbb386618ce3,Grave,Dark Passage,TCL,EMEA,Deuxième niveau,ADC,62,-173.0,212.0,-869.0,80.0,0.0,0.0
oe:player:de442faff7b7cdc0fba7d6d5caff5e1,Elramir,Dream Esports,TCL,EMEA,Deuxième niveau,Jungle,32,-174.0,219.0,-754.0,90.0,0.0,0.0
oe:player:242afdc992160e2d9a07a03b0dd0840,Karsiak,DeathMark E-Sports,NACL,Amérique du Nord,Deuxième niveau,Top,13,-174.0,253.0,-80.0,,,
oe:player:d9130e62c84d597edb5ac4748fa3a71,Callian,MVK Esports Academy,VCS,Asie-Pacifique,Deuxième niveau,Support,39,-175.0,227.0,-606.0,96.0,0.0,0.0
oe:player:1bd0d9136d72f7d983f64e8bd077e42,SCP,9Gaming Esports,VCS,Asie-Pacifique,Deuxième niveau,Jungle,39,-175.0,238.0,61.0,97.0,0.0,0.0
oe:player:27fa3759462b7a53bdec367949a1e55,Scimmia,Team High Ground,NL,EMEA,Troisième niveau,Mid,20,-177.0,244.0,-663.0,7.0,0.0,0.103
oe:player:c4e4ca0da32c4177a79e06dabce7aa6,Skream,Disruptors,AL,EMEA,Deuxième niveau,ADC,83,-177.0,203.0,-694.0,84.5,0.0,0.0
oe:player:a00d2c04ea7aa657b99ac900cd97657,Drali,Caldya Esport,NL,EMEA,Troisième niveau,Top,38,-178.0,233.0,-516.0,7.0,0.0,0.02
oe:player:b51220a382d45959479685fa1a1c9a7,Levitate,Blue Otter,NACL,Amérique du Nord,Deuxième niveau,ADC,46,-178.0,236.0,-316.0,97.5,0.0,0.0
oe:player:3360bddfd5a9895c2444f9b5a290bf3,IHEBIC,GnG Amazigh,AL,EMEA,Deuxième niveau,Support,60,-179.0,209.0,-448.0,80.0,0.0,0.0
oe:player:37868ce320afa69d0c0387124e61968,tol2,New Meta,LJL,Asie-Pacifique,Deuxième niveau,Top,49,-179.0,221.0,1648.0,103.5,0.0,0.0
oe:player:981e635a283cc7158523307deb80847,Nenad,Team Insidious,HLL,EMEA,Deuxième niveau,Top,17,-179.0,241.0,-230.0,,,
oe:player:4843f7d8e34f8fb7572e9722140dd89,666,9Gaming Esports,VCS,Asie-Pacifique,Deuxième niveau,Jungle,21,-180.0,238.0,38.0,97.0,0.0,0.0
oe:player:7edb662a8ada86b7a8a09410b3492d5,Zoen,paiN Gaming Academy,CD,Brésil & Amérique latine,Deuxième niveau,Top,45,-180.0,241.0,-349.0,86.5,0.0,0.0
oe:player:39c3a0258d73ffd0112726c410893f6,Celo,RMD Gaming,CD,Brésil & Amérique latine,Deuxième niveau,ADC,40,-181.0,236.0,-429.0,100.0,0.0,0.0
oe:player:68b2de347994cc25c3d403c02995602,Forzent,Team Phoenix,TCL,EMEA,Deuxième niveau,Jungle,11,-181.0,243.0,-786.0,,,
oe:player:a1f7f2fe1ac52d8e96df181b0a94b6b,Deceiving,3BL Esports,AL,EMEA,Deuxième niveau,Mid,37,-181.0,225.0,-451.0,102.0,0.0,0.0
oe:player:1d27ffe103a32b689878fd668a98634,Pegaso,LUA Gaming,LES,EMEA,Deuxième niveau,Jungle,35,-182.0,231.0,-942.0,76.0,0.0,0.0
oe:player:68be70e9f18cd643f618ed0c8e3086e,Virgo,1TAP Dino,VCS,Asie-Pacifique,Deuxième niveau,Top,55,-184.0,223.0,-598.0,93.0,0.0,0.0
oe:player:2667388b63ad5307d989fb9db975bfd,Kiki,Caldya Esport,NL,EMEA,Troisième niveau,Jungle,38,-184.0,233.0,-877.0,7.0,0.0,0.0
oe:player:b4b98082fd3e3a35446a7f50ebf3060,Ozgur,Team Phoenix,TCL,EMEA,Deuxième niveau,ADC,17,-184.0,231.0,-921.0,,,
oe:player:6a8f79dd53a94059a5cdcd066199a06,MKL,B2U,NLC,EMEA,Deuxième niveau,ADC,14,-185.0,239.0,-271.0,,,
oe:player:da1ddd28c3ad829f670efe567673941,SirZepre,DeathMark E-Sports,NACL,Amérique du Nord,Deuxième niveau,Mid,13,-185.0,253.0,-426.0,,,
oe:player:a432f575f5e48d11f32acbfef40e7f8,Mansterninja,Lundqvist Lightside,NLC,EMEA,Deuxième niveau,Top,26,-185.0,228.0,-765.0,98.0,0.0,0.0
oe:player:5a8a1154f338b2f316dd4cb5931c796,Kzt,1TAP Dino,VCS,Asie-Pacifique,Deuxième niveau,Jungle,11,-185.0,245.0,13.0,,,
oe:player:d2f7f4ede9e9133055a305d26863935,miracle,The ParadOx Invaders,HLL,EMEA,Deuxième niveau,Jungle,11,-185.0,239.0,-196.0,,,
oe:player:cf3c910f8c5f16b054b35b4a3d1141e,Birkyy,DOCISK,RL,EMEA,Deuxième niveau,Mid,43,-185.0,229.0,-809.0,83.0,0.0,0.0
oe:player:975825f65f67dc6d89a839007bd3de3,Louis,Lausanne-Sport Esports,NL,EMEA,Troisième niveau,Mid,17,-186.0,242.0,-707.0,,,
oe:player:7436fcbebba393585b3d82723d6dd4e,Aeon,White Dragons,LPLOL,EMEA,Deuxième niveau,ADC,15,-187.0,243.0,1005.0,,,
oe:player:d5f499b7b71268039cdb607963f5ba8,bbmuffin,The Bandits,ROL,EMEA,Deuxième niveau,Mid,83,-187.0,223.0,223.0,100.0,0.0,0.0
oe:player:699ff47d847d99a0a4fe9cf3d98013b,Hexom,Lausanne-Sport Esports,NL,EMEA,Troisième niveau,Support,17,-187.0,242.0,-858.0,,,
oe:player:4d8833619c7d2128cd31d6098e7e4f3,Ichiwin,Fuego,LRN,Brésil & Amérique latine,Deuxième niveau,Support,36,-187.0,240.0,767.0,126.0,0.0,0.0
oe:player:a11a2f5bbd0604fc798b5b63c9b38ba,Pipibaat,The Bandits,ROL,EMEA,Deuxième niveau,Jungle,62,-189.0,204.0,569.0,95.0,0.0,0.0
oe:player:5364c86869641cd982e519f65c5797b,Ilyxøu,mCon esports,ROL,EMEA,Deuxième niveau,Top,63,-189.0,215.0,266.0,93.0,0.0,0.0
oe:player:42ad24fb9a58f115637ed14ee70677a,Zyko,Conviction,NACL,Amérique du Nord,Deuxième niveau,Support,54,-190.0,227.0,-423.0,98.0,0.0,0.0
oe:player:f81d0a1a3c8e52425116b11d7662253,ShizuOo,BAAM Esports,AL,EMEA,Deuxième niveau,Jungle,68,-190.0,207.0,-358.0,81.0,0.0,0.0
oe:player:30f18a468db8d9e940f0818a682318b,Techoteco,CITA Kaizen,HM,EMEA,Deuxième niveau,Jungle,26,-191.0,232.0,580.0,120.0,0.0,0.0
oe:player:73933848061d300bbe7293d9b38a2d4,Ace,Senshi eSports,ROL,EMEA,Deuxième niveau,ADC,69,-192.0,207.0,385.0,88.0,0.0,0.0
oe:player:66d040632ba3e1ae771ddced2f6e050,Esko,eSuba,HM,EMEA,Deuxième niveau,ADC,64,-192.0,224.0,731.0,105.5,0.0,0.0
oe:player:f084d3f140fa7e4bcade94ba743b164,Vespa,Only The Family,EBL,EMEA,Deuxième niveau,ADC,65,-193.0,202.0,1083.0,78.0,0.0,0.0
oe:player:997c1a0bc151774ce9d0793502c6a9a,Lokmays,JSK Esports,AL,EMEA,Deuxième niveau,Support,40,-193.0,227.0,-518.0,84.0,0.0,0.0
oe:player:d9b25569ee6157a2a438abf3615255f,Moto,Lausanne-Sport Esports,NL,EMEA,Troisième niveau,Jungle,17,-193.0,242.0,-922.0,,,
oe:player:9f3dac82a3c79486ffa6564ec623699,lolo,7REX,CD,Brésil & Amérique latine,Deuxième niveau,Mid,30,-193.0,239.0,-692.0,106.0,0.0,0.0
oe:player:83a9f2514587528a399f60551522962,Nevid,Dplus Kia Academy,LAS,Corée,Troisième niveau,Top,88,-195.0,267.0,1036.0,9.0,0.0,0.28
oe:player:d16ac922fc9f3394cfcfa3c108565e7,Kryzik,The Secret Club,EBL,EMEA,Deuxième niveau,Mid,32,-195.0,236.0,889.0,107.0,0.0,0.0
oe:player:8ddd8d88391896aa4d9e751dee81770,Listo,Dplus Kia Academy,LAS,Corée,Troisième niveau,Jungle,34,-196.0,247.0,1230.0,9.0,0.0,0.0
oe:player:ecca05c259e348c745bc4e29a04aea9,Tweek,Brod n Friends,NLC,EMEA,Deuxième niveau,Jungle,12,-196.0,241.0,-618.0,,,
oe:player:38ae8b6297c7e2cdef7f6c8ce30c8f6,Crem,Magaza Esports,EBL,EMEA,Deuxième niveau,ADC,57,-198.0,226.0,1059.0,91.0,0.0,0.0
oe:player:57bb48fd65bff2e2660a13e58f2fcb2,Rovex,Blue Otter,NACL,Amérique du Nord,Deuxième niveau,Support,35,-200.0,247.0,-471.0,109.0,0.0,0.0
oe:player:5bd132d2d10fb5f7d88a2e85edc2110,bulas,7REX,CD,Brésil & Amérique latine,Deuxième niveau,Support,30,-200.0,239.0,-471.0,103.0,0.0,0.0
oe:player:3b0f577c21959b7efc0086ab81b76d7,Yen,Esprit Shōnen,LFL,EMEA,Deuxième niveau,ADC,29,-201.0,221.0,-2523.0,59.0,0.0,0.0
oe:player:b72f2f4cfef6d31b875e2196bd7dd76,Syzyfek,Forsaken,RL,EMEA,Deuxième niveau,ADC,62,-201.0,204.0,-937.0,88.0,0.0,0.0
oe:player:1005223358b1eb52ef478b76920fae9,JonnyRockets,Contingent Esports,NACL,Amérique du Nord,Deuxième niveau,Top,24,-201.0,247.0,-216.0,104.0,0.0,0.0
oe:player:bd02061389988334fc26d9e1953fd81,Achranos,Brod n Friends,NLC,EMEA,Deuxième niveau,Mid,12,-202.0,241.0,-1093.0,,,
oe:player:1a740a591a50ad4ba881e6b4a4d2446,MathisV,Dynasty,ROL,EMEA,Deuxième niveau,Mid,50,-202.0,214.0,146.0,113.0,0.0,0.0
oe:player:6b35468bd45059f6a8450083fc379a9,Nsurr,Team Insidious,HLL,EMEA,Deuxième niveau,Support,17,-203.0,241.0,-16.0,,,
oe:player:98cd4335e4162b71e3b42689f706813,Xdp,Dplus Kia Academy,LAS,Corée,Troisième niveau,ADC,26,-203.0,266.0,1116.0,7.0,0.0,0.033
oe:player:ecb066964cc5a247c1d8e15654352a5,Strongside,Senshi eSports,ROL,EMEA,Deuxième niveau,Support,35,-205.0,236.0,338.0,115.0,0.0,0.0
oe:player:3632f7faea4f2308800dc03eaeb2179,Juggernaut,GnG Amazigh,AL,EMEA,Deuxième niveau,Mid,63,-206.0,223.0,-574.0,90.0,0.0,0.0
oe:player:0ce0547fa9cdd3c48a2a49192dfd12e,Hakari,7REX,CD,Brésil & Amérique latine,Deuxième niveau,Top,30,-207.0,239.0,-482.0,105.0,0.0,0.0
oe:player:5257e05cde806e07b405ddcce85114d,Bradley,University of Mississippi,NACL,Amérique du Nord,Deuxième niveau,Mid,37,-207.0,243.0,-534.0,114.0,0.0,0.0
oe:player:222a9f2c1e792262b0e784fe6100859,Owpi,Once Upon A Team,ROL,EMEA,Deuxième niveau,Top,12,-208.0,237.0,175.0,,,
oe:player:48b88375b88ea3c0d85739b5ae8cc3e,Mita,eSuba,HM,EMEA,Deuxième niveau,Support,80,-209.0,214.0,706.0,101.5,0.0,0.0
oe:player:9956831ad680b7da2fc7e9549e8a026,Tub,Contingent Esports,NACL,Amérique du Nord,Deuxième niveau,Support,26,-209.0,246.0,-516.0,111.0,0.0,0.0
oe:player:4fadb7e6e30c736d1c3f976f89dd0c0,KSAEZ,Dark Passage,TCL,EMEA,Deuxième niveau,Mid,28,-209.0,230.0,-743.0,107.0,0.0,0.0
oe:player:b50c8d6047685ab14db52fcd58f59d6,Lelouch,GnG Amazigh,AL,EMEA,Deuxième niveau,ADC,47,-209.0,219.0,-855.0,93.0,0.0,0.0
oe:player:ffa7f50db949da3f7ccec7e2c4ec4c6,raining,eSuba,HM,EMEA,Deuxième niveau,ADC,46,-209.0,234.0,649.0,96.5,0.0,0.0
oe:player:67a0a403634aae24b9e03abd763c4be,NoDu,B2U,NLC,EMEA,Deuxième niveau,Support,14,-210.0,239.0,-416.0,,,
oe:player:b6d3661d0e5b3a8a54971329bdaed35,Peaker,One More Esports,AL,EMEA,Deuxième niveau,Mid,30,-211.0,229.0,-600.0,101.0,0.0,0.0
oe:player:c2a5818bdb96ce7eec3c0474f31a136,Forlin,Team Solid,CD,Brésil & Amérique latine,Deuxième niveau,Top,21,-211.0,242.0,-499.0,106.0,0.0,0.0
oe:player:9fdfa7e1e1e4afcd13ae191e67f60d8,Creal,Team Phoenix,TCL,EMEA,Deuxième niveau,Mid,21,-211.0,231.0,-753.0,104.0,0.0,0.0
oe:player:48cf24486d9a8e65a142b25682f1994,Driver,SillySilly Gaming,PCS,Asie-Pacifique,Deuxième niveau,Top,15,-211.0,253.0,-545.0,,,
oe:player:1ed985bf5e092b7db1264cd79db60ea,Archfiend,Esprit Shōnen,EBL,EMEA,Deuxième niveau,Top,38,-212.0,217.0,730.0,125.0,0.0,0.0
oe:player:9eb6e17e8365939d741e4c671f2427f,LDK,Saigon Warriors,VCS,Asie-Pacifique,Deuxième niveau,Support,16,-213.0,243.0,-795.0,,,
oe:player:b697f5b21cf8e179f1159ca3765121e,kubagoat,DOCISK,RL,EMEA,Deuxième niveau,Support,21,-213.0,227.0,-939.0,98.0,0.0,0.0
oe:player:cad3acc5548fc9dbf4a02e6d6eb6e6b,FSZ,Magaza Esports,EBL,EMEA,Deuxième niveau,Mid,57,-213.0,226.0,800.0,97.0,0.0,0.0
oe:player:f8d281881c090916bb5d1998436b9a7,Sukru,Dream Esports,NL,EMEA,Troisième niveau,Top,43,-215.0,218.0,-703.0,8.0,0.0,0.377
oe:player:77853c4a71c55061b69cd9335ec2e8c,Libra,Spartans EU,HLL,EMEA,Deuxième niveau,Top,43,-217.0,216.0,-421.0,99.0,0.0,0.0
oe:player:2fc47d506de431ba77f2af233f558e4,Panj,Myth Esports,ROL,EMEA,Deuxième niveau,Support,53,-217.0,220.0,276.0,105.0,0.0,0.0
oe:player:343b2b8ed97512673e3e1ef2705b0de,Cavalo,Team Solid,CD,Brésil & Amérique latine,Deuxième niveau,Support,21,-217.0,242.0,-554.0,106.0,0.0,0.0
oe:player:6cda5ac78f292ffeac6d2c599c007ca,aadam,Dorado Gaming,NACL,Amérique du Nord,Deuxième niveau,Mid,40,-218.0,246.0,-592.0,114.0,0.0,0.0
oe:player:8b153c3b9eccb87dbb8f2a248a60ec5,Druxy,ZennIT,ROL,EMEA,Deuxième niveau,ADC,68,-219.0,213.0,250.0,100.5,0.0,0.0
oe:player:730291a6a538066a9e2904b594ea3ba,CHARMANDERBOT,Zephyr Esport,NL,EMEA,Troisième niveau,Support,14,-219.0,246.0,-1017.0,,,
oe:player:aa781cb68954569f0cc9fd9a8d770c6,Berone,Brod n Friends,NLC,EMEA,Deuxième niveau,Top,12,-219.0,241.0,-937.0,,,
oe:player:f0963e48d964a9dabc7bdb7867a2b05,Tebox,Team High Ground,NL,EMEA,Troisième niveau,ADC,20,-220.0,244.0,-820.0,4.0,0.0,0.593
oe:player:06061bba9bacc0fd18efdf376742d99,Xixauxas,UB Alma Mater,LES,EMEA,Deuxième niveau,Support,19,-220.0,233.0,-1774.0,,,
oe:player:8d610fc7ab92a4e6f7c1136bc98282f,Dec0y,Dorado Gaming,NACL,Amérique du Nord,Deuxième niveau,Top,40,-220.0,246.0,-309.0,110.0,0.0,0.0
oe:player:95d35095a4a91c0935bac5586a2288e,Junu,DN SOOPers Academy,LAS,Corée,Troisième niveau,Top,78,-222.0,257.0,903.0,10.0,0.0,0.21
oe:player:25546fe55464aef59d6f46b52f22bcb,Ophelia,CITA Kaizen,HM,EMEA,Deuxième niveau,Mid,32,-223.0,234.0,903.0,121.0,0.0,0.0
oe:player:a8fa253582fc7c0405ec1b66447048e,RaFaL,The ParadOx Invaders,HLL,EMEA,Deuxième niveau,Support,14,-224.0,238.0,-121.0,,,
oe:player:7db16a4ce881aecec2bfeb3e0c74188,Marvin,paiN Gaming Academy,CD,Brésil & Amérique latine,Deuxième niveau,ADC,57,-224.0,222.0,-644.0,92.0,0.0,0.0
oe:player:30bccf285c11c18d7698c98ca52d87d,Griffin,University of Mississippi,NACL,Amérique du Nord,Deuxième niveau,Jungle,37,-224.0,243.0,-641.0,114.0,0.0,0.0
oe:player:0cc6aefb565bfe477ee3b7f60b1677a,Syn,Brod n Friends,NLC,EMEA,Deuxième niveau,ADC,12,-224.0,241.0,-467.0,,,
oe:player:213b7ff3ba0e2f601dfd2f8b325fc31,CaviaVampier,The Bandits,ROL,EMEA,Deuxième niveau,ADC,72,-225.0,220.0,224.0,103.0,0.0,0.0
oe:player:07498a25ea104af7b7cc237671acc70,Emil2,Absolved,NLC,EMEA,Deuxième niveau,Mid,10,-225.0,241.0,-1208.0,,,
oe:player:42e87e994efaf7442092a3646d74c83,BayMaxxx,9Gaming Esports,VCS,Asie-Pacifique,Deuxième niveau,Mid,24,-225.0,239.0,-738.0,107.0,0.0,0.0
oe:player:18f6d4c0a224070911cdc12619d8be0,Shogo,NRG,NACL,Amérique du Nord,Deuxième niveau,ADC,12,-226.0,251.0,-559.0,,,
oe:player:15cf38bf8a684a1b5895ad3daa0e379,Leza,CCG Esports,NACL,Amérique du Nord,Deuxième niveau,Mid,15,-226.0,251.0,-629.0,,,
oe:player:6920f59a94eca05b963351f7dbbae98,Vit,SN CyberCore Esports,VCS,Asie-Pacifique,Deuxième niveau,ADC,21,-226.0,244.0,-441.0,103.0,0.0,0.0
oe:player:95b751706961250780ec3a0a64d14d5,Elix1r,Gamespace Mediterranean College Esports,HLL,EMEA,Deuxième niveau,Jungle,77,-227.0,203.0,-405.0,102.0,0.0,0.0
oe:player:064499cc8ab359fa4293b76349969c1,Nasser,The Secret Club,EBL,EMEA,Deuxième niveau,Jungle,32,-228.0,236.0,702.0,107.0,0.0,0.0
oe:player:a18df5898bbd2428ef3afb457f47da2,ShazQ,GLORE,RL,EMEA,Deuxième niveau,Jungle,13,-228.0,240.0,-1167.0,,,
oe:player:813cd0f064b0e07e38eebd648e1de57,meto,Team Phoenix,TCL,EMEA,Deuxième niveau,Jungle,16,-228.0,239.0,-1020.0,,,
oe:player:952219dd756f176ed8c1fb92fc61e64,qualzy,Otter Side,HM,EMEA,Deuxième niveau,Jungle,47,-228.0,231.0,395.0,112.0,0.0,0.0
oe:player:5fe6005bf6e415c950c011fb65f12b8,Deleted,Falke Esports,LES,EMEA,Deuxième niveau,Support,35,-229.0,229.0,-1818.0,88.0,0.0,0.0
oe:player:c49aafa1ffe9c24aa459e5cf851ddfc,Niles,Maryville University,NACL,Amérique du Nord,Deuxième niveau,Jungle,15,-229.0,248.0,-666.0,,,
oe:player:84bd988294f5dd9ae9a499abf6524a0,Raxxo,Anonymo Esports,RL,EMEA,Deuxième niveau,Support,46,-230.0,228.0,-1019.0,98.0,0.0,0.0
oe:player:819de774a36895823c92ce5b4c8574a,Yuki,The Secret Club,EBL,EMEA,Deuxième niveau,ADC,53,-231.0,227.0,893.0,100.0,0.0,0.0
oe:player:8ec0aa43c13bd012a37baf5f85ea5bf,Hub,Dorado Gaming,NACL,Amérique du Nord,Deuxième niveau,ADC,39,-231.0,245.0,-584.0,107.0,0.0,0.0
oe:player:89bee56a2a53bdf22737c6d43eedb9c,Matixx,Team Phantasma,HLL,EMEA,Deuxième niveau,Top,12,-231.0,239.0,-491.0,,,
oe:player:e16c97254df6fe42751e7e9f7c98543,Prage,Sponge Gaming,PCS,Asie-Pacifique,Deuxième niveau,ADC,13,-231.0,248.0,-787.0,,,
oe:player:bcafc49a54b37ce91812273fde05da1,Wamu,Maze Gaming,LRS,Brésil & Amérique latine,Deuxième niveau,Top,57,-232.0,234.0,896.0,126.0,0.0,0.0
oe:player:7fe806e2c69316cdfe693d256e6971c,1334mat,Lund Esports Organization,NLC,EMEA,Deuxième niveau,Jungle,13,-232.0,243.0,-801.0,,,
oe:player:302fc0d74b8f3631679ef97c40cabbd,rayq,Saigon Warriors,VCS,Asie-Pacifique,Deuxième niveau,Jungle,34,-233.0,234.0,-225.0,107.0,0.0,0.0
oe:player:c9c65d6b359377d7af5167bd0ad3a36,Blacky,RMD Gaming,CD,Brésil & Amérique latine,Deuxième niveau,Mid,40,-233.0,236.0,-890.0,111.0,0.0,0.0
oe:player:c659697694306de62d978569b84c344,PatkicaA,Myth Esports,ROL,EMEA,Deuxième niveau,Top,64,-234.0,220.0,44.0,113.0,0.0,0.0
oe:player:466d302713c8abd2346b8f1e6ec6234,DoubleAiM,BeFive,EBL,EMEA,Deuxième niveau,Jungle,19,-235.0,239.0,669.0,,,
oe:player:d022067261f24637359f19fc94a111b,Dizin,Ei Nerd Esports,CD,Brésil & Amérique latine,Deuxième niveau,Jungle,14,-235.0,247.0,-915.0,,,
oe:player:ab1dabd5390beb1143d6981529f00d0,Solis,ZEN Esports,VCS,Asie-Pacifique,Deuxième niveau,Top,34,-235.0,227.0,-850.0,106.0,0.0,0.0
oe:player:e8f024ec8c873c4bdd63bb63afc1cb3,Mastos,Dynasty,ROL,EMEA,Deuxième niveau,Top,20,-235.0,237.0,39.0,121.0,0.0,0.0
oe:player:07246543c68cf361f00921dbea24efe,Marcv1,Falke Esports,LES,EMEA,Deuxième niveau,ADC,35,-235.0,229.0,-1397.0,85.0,0.0,0.0
oe:player:073ec6cecd74ebf3324a8c234b71856,Bloodlust,Absolved,NLC,EMEA,Deuxième niveau,ADC,10,-237.0,241.0,-529.0,,,
oe:player:4188b6c016234afc7d6ed705ff094a0,Gatovisck,paiN Gaming Academy,CD,Brésil & Amérique latine,Deuxième niveau,Support,47,-237.0,240.0,-656.0,99.5,0.0,0.0
oe:player:87ea894dd96c4c4577c7e32bdcd630b,Warsor,9z Globant,LRS,Brésil & Amérique latine,Deuxième niveau,Jungle,31,-238.0,236.0,1250.0,155.0,0.0,0.0
oe:player:37db1b1bc44a384647577e3e3e6eca8,Squiddly,B2U,NLC,EMEA,Deuxième niveau,Mid,14,-238.0,239.0,-1276.0,,,
oe:player:55e35458830cbecac40b04619bd6029,STANIK,mCon esports,ROL,EMEA,Deuxième niveau,Mid,76,-239.0,202.0,-41.0,111.0,0.0,0.0
oe:player:180d2472124a39343d6471d2d72c1c2,Zaremba,3BL Esports,AL,EMEA,Deuxième niveau,Support,37,-239.0,230.0,-747.0,103.0,0.0,0.0
oe:player:2f4dff060d224582dc34b449697b12c,Lothen,Anonymo Esports,RL,EMEA,Deuxième niveau,ADC,14,-239.0,238.0,-1128.0,,,
oe:player:4410ec34d9e6c1a68100ca0ce033fb1,Array,University of Mississippi,NACL,Amérique du Nord,Deuxième niveau,ADC,39,-239.0,240.0,-623.0,114.0,0.0,0.0
oe:player:fe1dd5bbcc722a38b99f3695e172172,Wall,StoneHenge Esports,LIT,EMEA,Deuxième niveau,Mid,11,-240.0,245.0,978.0,,,
oe:player:fdbd0ead2448975763fe74d28266bda,FredSpaghet,Sørby eSport,NLC,EMEA,Deuxième niveau,Support,29,-240.0,231.0,-563.0,110.0,0.0,0.0
oe:player:32ce041007058889bd9ccb8b22ade87,Charm,Lundqvist Lightside,NLC,EMEA,Deuxième niveau,Support,12,-242.0,239.0,-578.0,,,
oe:player:02be2c707e3d044459e9b210bc90121,OWLONSKY,Disruptors,AL,EMEA,Deuxième niveau,Jungle,28,-242.0,230.0,-617.0,110.0,0.0,0.0
oe:player:f6d396ec0d1bfac782d5389da59df76,Enapon,New Meta,LJL,Asie-Pacifique,Deuxième niveau,Mid,57,-243.0,225.0,1323.0,130.5,0.0,0.0
oe:player:fc4ef7ece971cc48b1441b44b2b8035,reje,Bulldog Esports,NLC,EMEA,Deuxième niveau,ADC,11,-243.0,240.0,-562.0,,,
oe:player:017e606c39947f2c19fab86c40246b3,CLEARS,Dream Esports,NLC,EMEA,Deuxième niveau,Jungle,22,-243.0,224.0,-853.0,110.0,0.0,0.0
oe:player:aa7b13aaac8ab04283ce9626c6399d0,Young,Blue Otter,NACL,Amérique du Nord,Deuxième niveau,Mid,16,-244.0,251.0,-723.0,,,
oe:player:5b61143045d553ac4543ddc2f705465,rym,Once Upon A Team,ROL,EMEA,Deuxième niveau,Mid,20,-245.0,233.0,-70.0,126.0,0.0,0.0
oe:player:36f96a6f0a53a032d9c5a4ad6666cff,Caner,Pyramid IV Esports,AL,EMEA,Deuxième niveau,ADC,10,-245.0,244.0,-1034.0,,,
oe:player:1ce5e1b7bc0fb25b47e19a855892240,Darkeszy,eSuba,HM,EMEA,Deuxième niveau,Top,64,-246.0,224.0,857.0,114.0,0.0,0.0
oe:player:8ceaf547caa0fdb71e782a23465ff39,Makes,Ei Nerd Esports,CD,Brésil & Amérique latine,Deuxième niveau,Top,30,-247.0,237.0,-683.0,118.0,0.0,0.0
oe:player:f5cacc1f783c996318411f595272c71,Lojaz,Dorado Gaming,NACL,Amérique du Nord,Deuxième niveau,Jungle,40,-247.0,246.0,-759.0,113.0,0.0,0.0
oe:player:c2dd4ae1efb63bfc5d5f93c31618c08,belit,Deer Gaming,NLC,EMEA,Deuxième niveau,Jungle,46,-247.0,209.0,-874.0,85.5,0.0,0.0
oe:player:8878e7050143a0fe4020498043fcc0d,Nate,9z Globant,LRS,Brésil & Amérique latine,Deuxième niveau,Top,57,-247.0,242.0,820.0,129.5,0.0,0.0
oe:player:4f962bf150528860e79560794533c43,Despair,Dplus Kia Academy,LAS,Corée,Troisième niveau,Mid,93,-247.0,269.0,974.0,10.0,0.0,0.33
oe:player:798db05b7c8ac4e09724fd2a87a785a,IDEA,HANJIN BRION Academy,LAS,Corée,Troisième niveau,Jungle,30,-248.0,269.0,968.0,11.0,0.0,0.0
oe:player:97839e694c33c292c3ede3f64988876,Devn,Eintracht Frankfurt,PRM,EMEA,Deuxième niveau,ADC,44,-248.0,217.0,-2322.0,90.0,0.0,0.0
oe:player:82e966ac8c3088168c3c6bd74769eae,Dean,GnG Amazigh,AL,EMEA,Deuxième niveau,Jungle,65,-249.0,223.0,-652.0,105.0,0.0,0.0
oe:player:00af26d8a3028b3d64dc06583e1df48,Hankat,Myth Esports,ROL,EMEA,Deuxième niveau,Jungle,29,-249.0,222.0,270.0,115.0,0.0,0.0
oe:player:3758d4bf608baa43436b9876ce6bfea,oki1,CITA Kaizen,HM,EMEA,Deuxième niveau,Support,52,-249.0,212.0,508.0,107.0,0.0,0.0
oe:player:bf3a9a76cc8f415a2d805f7b7a7fc3b,Space,Once Upon A Team,ROL,EMEA,Deuxième niveau,ADC,24,-250.0,235.0,97.0,119.0,0.0,0.0
oe:player:350a35e9fc0a91e24fb15642483e40c,Frozen,One More Esports,AL,EMEA,Deuxième niveau,Support,68,-252.0,211.0,-812.0,95.0,0.0,0.0
oe:player:474f48080244a50e036e532399ae933,Hamsi,DIA Ozarox Esports,TCL,EMEA,Deuxième niveau,Top,16,-252.0,234.0,-1249.0,,,
oe:player:c0d46cb2c3bf0473ce98bbb3351753d,Chakroun,Disruptors,AL,EMEA,Deuxième niveau,Top,25,-253.0,237.0,-930.0,102.0,0.0,0.0
oe:player:3b7bd1331d5adaaedf5a228b02fa077,Vin,SN CyberCore Esports,VCS,Asie-Pacifique,Deuxième niveau,Mid,51,-253.0,226.0,-878.0,108.0,0.0,0.0
oe:player:d4abe6818cfb2ab8e01f4ae84f4eea5,Lixo,Zephyr Esport,NL,EMEA,Troisième niveau,ADC,14,-253.0,246.0,-983.0,,,
oe:player:54b1f4c7c1ba4d8e7ba71de9f7ad9b2,random,Team Solid,CD,Brésil & Amérique latine,Deuxième niveau,Mid,38,-253.0,231.0,-990.0,121.0,0.0,0.0
oe:player:c92846465f8656d027f9148726b2b5c,Gavotto,Fuego,LRN,Brésil & Amérique latine,Deuxième niveau,ADC,24,-253.0,257.0,937.0,137.0,0.0,0.0
oe:player:3d6c9ac08ada31c184094bbc67afe00,Mean,BoostGate Esports,TCL,EMEA,Deuxième niveau,ADC,27,-254.0,233.0,-1272.0,105.0,0.0,0.0
oe:player:41391c4a6e0aed1277f6cc49d4c2dc3,Asilah,Contingent Esports,NACL,Amérique du Nord,Deuxième niveau,Mid,39,-255.0,233.0,-775.0,116.0,0.0,0.0
oe:player:048cf949b7266e1f2b0ae430c313c8f,Sidav,Senshi eSports,ROL,EMEA,Deuxième niveau,ADC,31,-255.0,224.0,70.0,120.0,0.0,0.0
oe:player:70e4484e4992631458b1d8a59902cce,krytybu,Volda E-Sport,NLC,EMEA,Deuxième niveau,Top,17,-255.0,236.0,-1114.0,,,
oe:player:553efd8f9a9019eedaac3e00eba5913,GGomZi,Hanwha Life Esports Academy,LAS,Corée,Troisième niveau,ADC,65,-257.0,231.0,842.0,7.0,0.0,0.343
oe:player:ee95adbd1bf0d213fb011bb6513a5b4,Savvy,KT Rolster Academy,LAS,Corée,Troisième niveau,ADC,29,-257.0,270.0,841.0,8.0,0.0,0.01
oe:player:16cb4834b1781f22230bf53a22171e3,Felix,HANJIN BRION Academy,LAS,Corée,Troisième niveau,Support,30,-257.0,269.0,912.0,10.0,0.0,0.0
oe:player:881b9cbf6567a84a259bec4e55f034e,tomomaso,CITA Kaizen,HM,EMEA,Deuxième niveau,Top,34,-257.0,230.0,804.0,121.0,0.0,0.0
oe:player:11aefb66454791d4b36106af3fc2214,Ivama,UB Alma Mater,LES,EMEA,Deuxième niveau,Jungle,34,-258.0,226.0,-1323.0,104.0,0.0,0.0
oe:player:4201d43097c3149dfc3643840288a43,peka,1TAP Dino,VCS,Asie-Pacifique,Deuxième niveau,Mid,17,-258.0,243.0,-903.0,,,
oe:player:07b4119a38f1ee37083a2f941345906,Marbirius,Caldya Esport,NL,EMEA,Troisième niveau,Mid,33,-258.0,233.0,-1064.0,8.0,0.0,0.0
oe:player:f6a6552a1f1bdce843abc727c9a7fba,Budino,P11 Esports,LIT,EMEA,Deuxième niveau,Mid,29,-259.0,232.0,883.0,126.0,0.0,0.0
oe:player:2bda99597da06a11feafd8760b68aec,NPC,MVK Esports Academy,VCS,Asie-Pacifique,Deuxième niveau,Jungle,29,-259.0,235.0,-359.0,114.0,0.0,0.0
oe:player:d202f9189eaf0e139228adbc77660f9,ScienTrist,mCon esports,ROL,EMEA,Deuxième niveau,Support,23,-264.0,235.0,42.0,121.0,0.0,0.0
oe:player:18959f6c18df0bbbd4cc5560acf07ae,Umi,MVK Esports Academy,VCS,Asie-Pacifique,Deuxième niveau,Jungle,21,-265.0,235.0,-385.0,107.0,0.0,0.0
oe:player:5aa99e88083b40b8070e90f314e92ca,Grell,Fuego,LRN,Brésil & Amérique latine,Deuxième niveau,Jungle,36,-266.0,240.0,1019.0,132.0,0.0,0.0
oe:player:82416dfeed801e2846a7c12a3649ab3,behave,CITA Kaizen,HM,EMEA,Deuxième niveau,Jungle,38,-267.0,226.0,200.0,133.0,0.0,0.0
oe:player:eaee5a7ad7c9bc645114d51d039f2fb,Tibor,mCon esports,ROL,EMEA,Deuxième niveau,Mid,23,-268.0,235.0,-181.0,128.0,0.0,0.0
oe:player:66dfc0444c571e87d4442178fee3ab4,Guertas,Senshi eSports,ROL,EMEA,Deuxième niveau,Jungle,35,-269.0,232.0,166.0,126.0,0.0,0.0
oe:player:e65943964d6d1f696459047c5e6c203,Sundax,Volda E-Sport,NLC,EMEA,Deuxième niveau,Support,23,-269.0,227.0,-711.0,119.0,0.0,0.0
oe:player:cabd8220ff1736ae80d1ca8c1ba0b20,Santa,3BL Esports,AL,EMEA,Deuxième niveau,Jungle,15,-269.0,240.0,-752.0,,,
oe:player:74e0b77be6a035bd39e25bd4bea863e,Minui,Blue Otter,NACL,Amérique du Nord,Deuxième niveau,Support,16,-270.0,251.0,-823.0,,,
oe:player:5918b6326dff40fe631c3cdaddc3695,Nuna,MVK Esports Academy,VCS,Asie-Pacifique,Deuxième niveau,ADC,49,-271.0,221.0,-668.0,94.5,0.0,0.0
oe:player:78f92ce02bc6945418c2adf099ea8d3,FullClear,DOCISK,RL,EMEA,Deuxième niveau,Jungle,28,-272.0,229.0,-1390.0,113.0,0.0,0.0
oe:player:76b850d3559193ad5aa8b06e8b702b7,Ghisou,JSK Esports,AL,EMEA,Deuxième niveau,ADC,11,-273.0,244.0,-1174.0,,,
oe:player:3b2d059fda23dc133eb0e8d9e184acd,Nomi,Volda E-Sport,NLC,EMEA,Deuxième niveau,ADC,17,-273.0,236.0,-710.0,,,
oe:player:cb319d6884fb0e1aa1fc626afea611d,Aliplane,mCon esports,ROL,EMEA,Deuxième niveau,ADC,23,-273.0,235.0,-17.0,119.0,0.0,0.0
oe:player:3f96b0d5494895f5e964dc16ea8f27b,Spawn,CCG Esports,NACL,Amérique du Nord,Deuxième niveau,ADC,50,-273.0,234.0,-793.0,112.0,0.0,0.0
oe:player:cf172b93505b047dc3ad8e8462dc13d,TheGreatGary,Otter Side,LPLOL,EMEA,Deuxième niveau,Top,57,-274.0,217.0,953.0,128.0,0.0,0.0
oe:player:4515c41bfcadfcf2e3c5880242f99a2,Shredder,Colossal Gaming,LIT,EMEA,Deuxième niveau,Support,80,-275.0,217.0,721.0,114.5,0.0,0.0
oe:player:dd335f498ed05ba3881a0fbbaf77769,Ronaldo,Bulldog Esports,NLC,EMEA,Deuxième niveau,Mid,48,-275.0,214.0,-1460.0,119.0,0.0,0.0
oe:player:93034fb2301ab323e7f65a4f9f06946,Jacobmolly,UP2UMEDIA Cebulaki,RL,EMEA,Deuxième niveau,Jungle,13,-277.0,241.0,-1411.0,,,
oe:player:20a8e429d58dfe01327b4e6f0a1cf05,Ariana,University of Mississippi,NACL,Amérique du Nord,Deuxième niveau,Top,53,-277.0,229.0,-592.0,115.0,0.0,0.0
oe:player:6fc501f33e5e8e5b4d9ef969e0fab20,Kakarot,SU Esports,NLC,EMEA,Deuxième niveau,ADC,35,-278.0,216.0,-735.0,99.0,0.0,0.0
oe:player:c269d420afb5c2ba49c3dd55a4a8e1a,Degla,One More Esports,AL,EMEA,Deuxième niveau,Support,23,-279.0,228.0,-947.0,106.0,0.0,0.0
oe:player:4d433d67abfab3b3fea642fbcab80e0,Hasmed,9Gaming Esports,VCS,Asie-Pacifique,Deuxième niveau,Top,15,-279.0,242.0,-1072.0,,,
oe:player:c122119764a5b11a762eceffb2da2eb,Joexy,Dark Passage,TCL,EMEA,Deuxième niveau,Support,29,-280.0,221.0,-885.0,110.0,0.0,0.0
oe:player:390fd6ebe83da226b9495f08f9dc174,Kaplica,Lund Esports Organization,NLC,EMEA,Deuxième niveau,Top,34,-280.0,221.0,-1239.0,140.0,0.0,0.0
oe:player:d99f768dd2fe7232274d47de3785756,Silva2,Pyramid IV Esports,AL,EMEA,Deuxième niveau,Jungle,45,-280.0,218.0,-809.0,107.0,0.0,0.0
oe:player:5eabff84a824a58b9e31d6062e280a2,Hirotto,7REX,CD,Brésil & Amérique latine,Deuxième niveau,Jungle,16,-281.0,245.0,-1146.0,,,
oe:player:ebcb57a9e6770a1672791f5e63c24b2,Xaro,Barcząca Esports by Yumisu,RL,EMEA,Deuxième niveau,Mid,16,-282.0,239.0,-1297.0,,,
oe:player:238bc1a8dbba35dbd93e4c7793a20a0,Gastruks,Golden Lions,LRS,Brésil & Amérique latine,Deuxième niveau,Support,26,-282.0,252.0,274.0,167.0,0.0,0.0
oe:player:53c6bd00b195f04f9401564ed4c5f8b,Clicker,Falke Esports,LES,EMEA,Deuxième niveau,Jungle,35,-283.0,229.0,-1449.0,96.0,0.0,0.0
oe:player:72de20c106a52f0aaf21bd650af81bd,Diva,BeFive,EBL,EMEA,Deuxième niveau,Mid,17,-285.0,241.0,439.0,,,
oe:player:0a86dddc699c7e6fe7f1e43153a5cbe,advance,New Meta,LJL,Asie-Pacifique,Deuxième niveau,Top,22,-285.0,242.0,1118.0,141.0,0.0,0.0
oe:player:be0649c16bc160010f7af7aba55d272,Robenong,One More Esports,AL,EMEA,Deuxième niveau,Mid,44,-286.0,224.0,-976.0,100.0,0.0,0.0
oe:player:6e2e8ceaf6421044fc33962aac3d813,Buddy,Hanwha Life Esports Academy,LAS,Corée,Troisième niveau,Mid,60,-286.0,255.0,776.0,12.0,0.0,0.183
oe:player:30a4cf12c7b1c9a3f69e8ff247e8ed9,Camilo,Volticons,LRS,Brésil & Amérique latine,Deuxième niveau,Support,49,-287.0,243.0,248.0,139.5,0.0,0.0
oe:player:64033bd33ba83b6fe329f433576a539,Inzuh,Crystal Rose,LPLOL,EMEA,Deuxième niveau,Mid,25,-288.0,230.0,1019.0,135.0,0.0,0.0
oe:player:c44688b5061756b3cca2b86c016a153,Luis,Dynasty,ROL,EMEA,Deuxième niveau,Support,19,-289.0,230.0,-83.0,,,
oe:player:470975ffaacfb7ebd76b0eb2d781ff0,Biskoo,3BL Esports,AL,EMEA,Deuxième niveau,Support,25,-290.0,231.0,-1000.0,117.0,0.0,0.0
oe:player:ae7af982eaa291d1646ffb2c10e644b,chicase,UP2UMEDIA Cebulaki,RL,EMEA,Deuxième niveau,ADC,13,-291.0,241.0,-1387.0,,,
oe:player:cbdaba5605992f8e1635ad782152d65,CPM,3BL Esports,AL,EMEA,Deuxième niveau,Top,42,-291.0,219.0,-1120.0,91.0,0.0,0.0
oe:player:0d5f43b567e648d9cd05192bdb0dd36,Colomblbl,Once Upon A Team,ROL,EMEA,Deuxième niveau,Support,26,-291.0,231.0,-92.0,126.0,0.0,0.0
oe:player:e8aba5fbfc41b0621226b08a87e3ded,Philip,Blue Otter,NACL,Amérique du Nord,Deuxième niveau,Top,21,-292.0,245.0,-668.0,126.0,0.0,0.0
name:ZPR Navi,ZPR Navi,Zephyr Esport,NL,EMEA,Troisième niveau,Top,14,-293.0,246.0,-1092.0,,,
oe:player:ff1a0fb5ef8541241bf4361b799c931,Improver,BAAM Esports,AL,EMEA,Deuxième niveau,Mid,58,-293.0,216.0,-1010.0,95.0,0.0,0.0
oe:player:33ec03adce2bef14f100376bc7770b2,Munchy,Blue Otter,NACL,Amérique du Nord,Deuxième niveau,Jungle,51,-293.0,234.0,-986.0,122.0,0.0,0.0
oe:player:5fb3f80800243f76dd5c287515cfc08,kkero,ZennIT,ROL,EMEA,Deuxième niveau,Support,37,-295.0,223.0,-113.0,127.0,0.0,0.0
oe:player:97a0400043a4c39d3fba098cb45be22,Aggress1on,The ParadOx Invaders,HLL,EMEA,Deuxième niveau,ADC,16,-296.0,237.0,-459.0,,,
oe:player:01ec6c66d030c0bfe5962c7cfe26655,Scenari0,Golden Lions,LRS,Brésil & Amérique latine,Deuxième niveau,ADC,60,-298.0,232.0,815.0,127.5,0.0,0.0
oe:player:dd911153c537eef47206256b970e8a4,Valiant,Volda E-Sport,NLC,EMEA,Deuxième niveau,Mid,14,-299.0,238.0,-1580.0,,,
oe:player:fe1891d9c2866e1aeefd9d8517d9166,xpd,Dplus Kia Academy,LAS,Corée,Troisième niveau,ADC,45,-299.0,268.0,632.0,8.0,0.0,0.32
oe:player:d38c22f001ead90aab3d71d27c9227b,Unicow,Lundqvist Lightside,NLC,EMEA,Deuxième niveau,Mid,19,-300.0,236.0,-1584.0,,,
oe:player:1f413ce184963e0298415f42859551c,Ethe,Falke Esports,LES,EMEA,Deuxième niveau,Top,18,-300.0,232.0,-2071.0,,,
oe:player:64d8b1e6474e2b5cbf10588a2df23c0,Claww,3BL Esports,AL,EMEA,Deuxième niveau,Top,37,-300.0,230.0,-1163.0,110.0,0.0,0.0
oe:player:52ee61e68dc8b4b8385481b669fb63b,Emperor,ZennIT,ROL,EMEA,Deuxième niveau,Top,13,-301.0,243.0,-293.0,,,
oe:player:d0f1bda8c77037b1f96242f46f97637,SkaR,Colossal Gaming,LIT,EMEA,Deuxième niveau,Top,65,-301.0,208.0,487.0,111.0,0.0,0.0
oe:player:8917b27b716e6d20fabcba362f6902d,nvillada,Malvinas Gaming,LRS,Brésil & Amérique latine,Deuxième niveau,Top,27,-303.0,249.0,544.0,163.0,0.0,0.0
oe:player:b3e36c548cb8ee25971ae534ed15a6d,Sharon,Colossal Gaming,LIT,EMEA,Deuxième niveau,Mid,36,-304.0,218.0,660.0,137.0,0.0,0.0
oe:player:5c02d5ceffe250abf9fffd3837504a2,Pasameelcelo,UB Alma Mater,LES,EMEA,Deuxième niveau,Top,27,-305.0,229.0,-2096.0,96.0,0.0,0.0
oe:player:929023b5930e9998a1f853fd00f6d82,Numandiel,Senshi eSports,ROL,EMEA,Deuxième niveau,Mid,20,-305.0,238.0,-370.0,131.0,0.0,0.0
oe:player:cab8dce409a60ef6ae3ee40213127ec,NtNt,SN CyberCore Esports,VCS,Asie-Pacifique,Deuxième niveau,Jungle,32,-307.0,236.0,-597.0,120.0,0.0,0.0
oe:player:c21df34df89c6fa7baa125670272558,Hinata,DN SOOPers Academy,LAS,Corée,Troisième niveau,Mid,31,-307.0,267.0,671.0,13.0,0.0,0.0
oe:player:6a15c856a66d618027aaeb33de88113,Leo s Man,Only The Family,EBL,EMEA,Deuxième niveau,Support,34,-307.0,227.0,347.0,130.0,0.0,0.0
oe:player:290980a65afac4fc497b70359bddb47,Easylove,1TAP Dino,VCS,Asie-Pacifique,Deuxième niveau,ADC,28,-307.0,239.0,-850.0,113.0,0.0,0.0
oe:player:0d0fd3fe6a1c8ccae7648f0f2a31a2c,Alex,Spartans EU,HLL,EMEA,Deuxième niveau,Mid,29,-307.0,231.0,-958.0,125.0,0.0,0.0
oe:player:2a024edafb06c7882e2e1f7b57f2f95,Hailstone,Hanwha Life Esports Academy,LAS,Corée,Troisième niveau,Support,83,-308.0,271.0,659.0,9.0,0.0,0.007
name:HKE Cicciopoteto,HKE Cicciopoteto,Huskies Esports,LIT,EMEA,Deuxième niveau,Top,10,-308.0,247.0,453.0,,,
oe:player:4ba39512251b4718e631f3adc4d1066,Goldc,Reignfall,PCS,Asie-Pacifique,Deuxième niveau,Top,11,-309.0,252.0,-1030.0,,,
oe:player:423667fba2f135c9f20a1ab95308e08,Baashh,Dynasty,ROL,EMEA,Deuxième niveau,Jungle,11,-310.0,242.0,-37.0,,,
oe:player:93b69f4ff0f5b0f31530641cfad186f,Ryuk,SN CyberCore Esports,VCS,Asie-Pacifique,Deuxième niveau,Top,16,-310.0,246.0,-1227.0,,,
oe:player:273135d9761e04666dbd537f6cc08af,Zilax,Lund Esports Organization,NLC,EMEA,Deuxième niveau,Mid,13,-311.0,243.0,-1641.0,,,
oe:player:b733adebc2dc2133d04a0857a4b2480,Aspect,DIA Ozarox Esports,TCL,EMEA,Deuxième niveau,Jungle,18,-312.0,232.0,-1441.0,,,
oe:player:a4e9e9157f2a7f62d2166124824166e,Ramune,Rising Gaming,LJL,Asie-Pacifique,Deuxième niveau,Mid,54,-312.0,243.0,978.0,138.0,0.0,0.0
oe:player:1c012787bd23c0148277112af53a15b,SMITE,KT Rolster Academy,LAS,Corée,Troisième niveau,Jungle,29,-312.0,270.0,650.0,12.0,0.0,0.0
oe:player:f5002ae2d18fb61f94b1a977887043e,Soul,DMG Esports,NLC,EMEA,Deuxième niveau,Support,38,-312.0,217.0,-927.0,121.0,0.0,0.0
oe:player:7f3e703e4323775aac9adbc31482e81,M0NK,Dynasty,ROL,EMEA,Deuxième niveau,ADC,27,-314.0,225.0,-221.0,122.0,0.0,0.0
oe:player:207f5b411895d05df2e8b9e2b9c8119,Kog,Ei Nerd Esports,CD,Brésil & Amérique latine,Deuxième niveau,ADC,15,-314.0,247.0,-1093.0,,,
oe:player:9e62bdec0ac374c10c46b52884d4f37,MaiYuk,mCon esports,ROL,EMEA,Deuxième niveau,Top,40,-315.0,226.0,-361.0,127.0,0.0,0.0
oe:player:9cc9b2a30c7640672742d0ae9851874,Raen1,Team Phoenix,TCL,EMEA,Deuxième niveau,ADC,18,-316.0,235.0,-1580.0,,,
oe:player:c2ef06d8de4d2b221828e8ffa8bb041,Spiderlair,Lundqvist Lightside,NLC,EMEA,Deuxième niveau,Jungle,19,-316.0,236.0,-1220.0,,,
oe:player:b6c18d4d98745c100d8234a673b0c8a,Aloned,9z Globant,LRS,Brésil & Amérique latine,Deuxième niveau,Mid,57,-316.0,242.0,613.0,143.5,0.0,0.0
oe:player:4db47d64e2721bf7a93ebf42e488852,Meech,Nine Lives Esports,NACL,Amérique du Nord,Deuxième niveau,ADC,18,-317.0,244.0,-1015.0,,,
oe:player:76d9194a43bb1cdb0fff4b226738301,justcan,Magaza Esports,EBL,EMEA,Deuxième niveau,Support,27,-318.0,235.0,294.0,129.0,0.0,0.0
oe:player:20efc2ad55010cc08bff95571ac8146,Guvez,B2U,NLC,EMEA,Deuxième niveau,Top,11,-318.0,239.0,-1432.0,,,
oe:player:ec32405553073660d757af1100d45b7,advance,New Meta,LJL,Asie-Pacifique,Deuxième niveau,Top,33,-319.0,232.0,947.0,143.0,0.0,0.0
oe:player:415321375725940977273eaa5d7588b,Zuhy,Fortress Esports,ROL,EMEA,Deuxième niveau,Mid,19,-319.0,233.0,-438.0,,,
oe:player:a44ae9bfcb722ad18088def7d750319,Balyy,EKO Esports,LIT,EMEA,Deuxième niveau,Jungle,10,-319.0,244.0,608.0,,,
oe:player:e856a4c24d5611c7f42c5acaefcf841,lobellan,TITANS,LIT,EMEA,Deuxième niveau,Top,40,-319.0,218.0,398.0,125.0,0.0,0.0
oe:player:aaa8bc3b73bb36e8638857dd41dbeaf,Kita,Zeu5 Esports,LRN,Brésil & Amérique latine,Deuxième niveau,Support,56,-320.0,234.0,105.0,132.0,0.0,0.0
oe:player:3de61d2d3ec1777cad28130e75b16d7,Leon,The ParadOx Invaders,HLL,EMEA,Deuxième niveau,Jungle,17,-320.0,239.0,-870.0,,,
oe:player:9d5b1ed5ce404699ed00c0be96f5e11,Zankiller,One More Esports,AL,EMEA,Deuxième niveau,Jungle,16,-320.0,239.0,-1007.0,,,
oe:player:8b0bf112e32d75e65b3c8a618df42fc,Sivvy,One More Esports,AL,EMEA,Deuxième niveau,Support,14,-321.0,240.0,-1157.0,,,
oe:player:7d274e4965a81a1eae98f284a4f8428,Adler,Kits Esports,LRN,Brésil & Amérique latine,Deuxième niveau,Support,17,-322.0,247.0,91.0,,,
oe:player:5d6d87d3f46ac5c37a0596982cfb2cc,Zero0o,One More Esports,AL,EMEA,Deuxième niveau,Top,18,-322.0,233.0,-1272.0,,,
oe:player:e4c073bfa3deb38a2e53e4fba635ed0,Velthan,Kuma e-Sports,CD,Brésil & Amérique latine,Deuxième niveau,Support,14,-323.0,250.0,-1087.0,,,
oe:player:38612aa323949eb6b060b0188592e84,Okyu,1TAP Dino,VCS,Asie-Pacifique,Deuxième niveau,ADC,21,-323.0,242.0,-930.0,117.0,0.0,0.0
oe:player:9c07f95f72d5c1e36a448d2844617f8,BuLuKaKa,Reignfall,PCS,Asie-Pacifique,Deuxième niveau,Mid,17,-324.0,248.0,-1140.0,,,
oe:player:88ad8c06f0b0abb7ab5851206fd36ad,Bjoernen,Lundqvist Lightside,NLC,EMEA,Deuxième niveau,ADC,19,-324.0,236.0,-966.0,,,
oe:player:6add4da3b26a48ccca716c112c3ff48,Valiant,Hanwha Life Esports Challengers,LAS,Corée,Troisième niveau,Mid,25,-325.0,242.0,582.0,15.0,0.0,0.0
oe:player:59d2a5ca2edb7a94fcf37170219e2c0,Flint,Hanwha Life Esports Academy,LAS,Corée,Troisième niveau,Jungle,83,-326.0,271.0,578.0,11.0,0.0,0.217
oe:player:c8c012313f10e2d0830f3fbc5afca61,Midnight,UB Alma Mater,LES,EMEA,Deuxième niveau,Mid,33,-327.0,216.0,-2076.0,103.0,0.0,0.0
oe:player:dec336d5c5ef35b6f7be0fae009c0fb,SmallBugi,The ParadOx Invaders,TCL,EMEA,Deuxième niveau,Mid,18,-328.0,234.0,-1339.0,,,
oe:player:3f9aef592d06e0bff9eb3d8f38adc72,BlackSwan,Meavedron,HM,EMEA,Deuxième niveau,ADC,19,-328.0,234.0,51.0,,,
oe:player:aad116cdf944eda1ab42155b3fd5f9c,DarkHarvest,Kuma e-Sports,CD,Brésil & Amérique latine,Deuxième niveau,Mid,14,-328.0,250.0,-1367.0,,,
oe:player:889210a0a50891e0f3b5ee705cc123e,adrianlaneitor,UB Alma Mater,LES,EMEA,Deuxième niveau,ADC,34,-328.0,226.0,-1863.0,98.0,0.0,0.0
oe:player:7cbbe040dd2bf7accc07807510c7480,hammerul,ALMO Players,HLL,EMEA,Deuxième niveau,Jungle,17,-329.0,237.0,-914.0,,,
oe:player:778c6c3733d919a3b64885912be15a9,Aegis,Team Solid,CD,Brésil & Amérique latine,Deuxième niveau,Jungle,35,-330.0,232.0,-1387.0,127.0,0.0,0.0
oe:player:35553757da09299fe5bf3576c641b10,Virgo,Zerolag Esports,HLL,EMEA,Deuxième niveau,Support,35,-332.0,219.0,-660.0,119.0,0.0,0.0
oe:player:6aaac758332a8320840ac0e5f8fc28e,FIX,9z Globant,LRS,Brésil & Amérique latine,Deuxième niveau,ADC,57,-332.0,242.0,649.0,135.0,0.0,0.0
oe:player:7d03f933eeb73db3e1b0cb8d74bc7fa,R0se,New Meta,LJL,Asie-Pacifique,Deuxième niveau,Support,17,-333.0,247.0,780.0,,,
oe:player:923377644a95264f86d2d5e4d266346,Marco,EXILE esports,HM,EMEA,Deuxième niveau,Support,37,-333.0,234.0,88.0,137.0,0.0,0.0
oe:player:d16b4f708412559f7a0b554edcaa95c,Death,Magaza Esports,EBL,EMEA,Deuxième niveau,Jungle,25,-334.0,228.0,175.0,130.0,0.0,0.0
oe:player:373da423dfeaac257b4ab3b266123be,Revenge,DN SOOPers Challengers,LAS,Corée,Troisième niveau,ADC,75,-334.0,242.0,459.0,11.0,0.0,0.283
oe:player:a5847ca60050d4586402ccb04a41bcc,denizzz,Zerolag Esports,NL,EMEA,Troisième niveau,Jungle,18,-334.0,234.0,-1628.0,,,
oe:player:e437e2f60c1d9cd09c1fdd3302247aa,Mune,One More Esports,AL,EMEA,Deuxième niveau,ADC,15,-335.0,240.0,-1486.0,,,
oe:player:c911f66336db65ab5fd553c7385734c,Fame,Gamespace Mediterranean College Esports,HLL,EMEA,Deuxième niveau,Jungle,30,-335.0,231.0,-944.0,123.0,0.0,0.0
oe:player:291383d3f3f2105475b23394473ad3f,MadsF,Sørby eSport,NLC,EMEA,Deuxième niveau,ADC,31,-335.0,228.0,-1019.0,120.0,0.0,0.0
oe:player:5f4898a107d2948045588584562be3f,Dehaste,Team Aqua ASD,EBL,EMEA,Deuxième niveau,Mid,43,-336.0,218.0,182.0,126.0,0.0,0.0
oe:player:baaaa98900585f2689f9c17a8b58d74,Danilo,The Secret Club,EBL,EMEA,Deuxième niveau,Top,53,-337.0,227.0,107.0,116.0,0.0,0.0
oe:player:75807d72812187f72c5892bf7ab25a9,Bisgaard,Colossal Gaming,LIT,EMEA,Deuxième niveau,Mid,25,-337.0,237.0,493.0,142.0,0.0,0.0
oe:player:5085510c18a9f6c8a0e185da55a682d,Daemi,Arneb,LJL,Asie-Pacifique,Deuxième niveau,Mid,62,-337.0,241.0,853.0,144.0,0.0,0.0
oe:player:5998df72e368332b30a61e4aa029788,Hyun,Nongshim RedForce Academy,LAS,Corée,Troisième niveau,Top,17,-337.0,271.0,329.0,,,
oe:player:0b93c027ee7862dabb4b7742b72e7d9,TT,1TAP Dino,VCS,Asie-Pacifique,Deuxième niveau,Mid,37,-337.0,226.0,-1297.0,124.0,0.0,0.0
oe:player:d4fa98b87b772a8882688a09c07a4ac,Randal,RMD Gaming,CD,Brésil & Amérique latine,Deuxième niveau,Jungle,15,-339.0,248.0,-1435.0,,,
oe:player:a8e26f0750651e61584c8fd99328752,Hieu3,1TAP Dino,VCS,Asie-Pacifique,Deuxième niveau,Support,21,-339.0,242.0,-1427.0,118.0,0.0,0.0
oe:player:ab9366914e9c694eeb87a3565721379,Akanania,Caldya Esport,NL,EMEA,Troisième niveau,ADC,15,-339.0,237.0,-1411.0,,,
oe:player:9a1f2e4a0d095a84b4bad7b57af5d15,Lagas,Spartans EU,HLL,EMEA,Deuxième niveau,Support,31,-340.0,230.0,-698.0,124.0,0.0,0.0
oe:player:996a6f7b84dac5ef2f92cee17f6be2d,Oguzkhan,mCon esports,ROL,EMEA,Deuxième niveau,Jungle,28,-340.0,232.0,-189.0,131.0,0.0,0.0
name:P11 Keyross,P11 Keyross,P11 Esports,LIT,EMEA,Deuxième niveau,Jungle,17,-340.0,243.0,504.0,,,
oe:player:a4789b372c90f205df8abe782ea8c51,Jimsnop,The ParadOx Invaders,HLL,EMEA,Deuxième niveau,Mid,47,-340.0,215.0,-1125.0,127.0,0.0,0.0
oe:player:9fe371276988506395efee589dd7bca,escoX,Gamespace Mediterranean College Esports,HLL,EMEA,Deuxième niveau,Support,18,-341.0,241.0,-706.0,,,
oe:player:92ba66e2506a6c9bdeea3e7cbb5ebdc,Kartso,EKSI EPTA,HLL,EMEA,Deuxième niveau,Support,16,-342.0,236.0,-708.0,,,
oe:player:c02e230d02c0a012babdd6ec7c5e9d2,Wuis,Crystal Rose,ROL,EMEA,Deuxième niveau,Support,40,-342.0,214.0,-348.0,122.0,0.0,0.0
oe:player:86ee7da72c5b4e5cbead61108633617,Berik,Winthrop University,NACL,Amérique du Nord,Deuxième niveau,Top,37,-342.0,229.0,-918.0,121.0,0.0,0.0
oe:player:0fc8ccd22b98f8e767d7e2573cf40ec,zhìì,Myth Esports,ROL,EMEA,Deuxième niveau,Mid,21,-342.0,239.0,-553.0,137.0,0.0,0.0
name:NVX Aquila,NVX Aquila,NOVEX,LJL,Asie-Pacifique,Deuxième niveau,ADC,14,-343.0,248.0,1080.0,,,
oe:player:9f7496860651fe8c09a00a9712102a3,ceskycechcz,EXILE esports,HM,EMEA,Deuxième niveau,Top,54,-344.0,214.0,370.0,136.0,0.0,0.0
oe:player:26f0b449bc3f903e6c7ea41c98473a6,Soufiane,GD Esports,AL,EMEA,Deuxième niveau,Mid,36,-344.0,225.0,-1267.0,125.0,0.0,0.0
oe:player:885383f16fccd10370814fcd862aa10,Antonio,3BL Esports,AL,EMEA,Deuxième niveau,ADC,17,-345.0,238.0,-1536.0,,,
oe:player:4d30fb6db6e53cf5bdd9e9d33297fa6,Reedfoo,Ethereal Enigmas,HC,EMEA,Troisième niveau,ADC,28,-347.0,249.0,1723.0,7.0,0.0,0.093
oe:player:b328a1731334f59a51fe66afe13057c,MeMo1,Zena Esports,LIT,EMEA,Deuxième niveau,Mid,12,-348.0,242.0,436.0,,,
oe:player:0949c18d9f5a378fcb92f7cb6529127,Ghidi,HANGMEN,LIT,EMEA,Deuxième niveau,ADC,13,-349.0,245.0,500.0,,,
oe:player:ce263fe22a2827b4da94165c991271e,Trila,Ethereal Enigmas,HC,EMEA,Troisième niveau,Jungle,28,-349.0,249.0,1705.0,10.0,0.0,0.0
oe:player:9c5ed61ecbed2a3de0e5836edeea338,ilyy,Zena Esports,LIT,EMEA,Deuxième niveau,ADC,14,-349.0,241.0,502.0,,,
oe:player:27a20bf69591451d5e1911016a37c5d,Gemon,Zena Esports,LIT,EMEA,Deuxième niveau,Top,19,-350.0,239.0,244.0,,,
oe:player:8637664fdc0640a04bb7368b5478ecd,Rapport,Nongshim RedForce Academy,LAS,Corée,Troisième niveau,Support,27,-351.0,266.0,441.0,12.0,0.0,0.0
oe:player:28d24f9c86d24b84313485a5a07d238,Tochas,Dream Esports,LPLOL,EMEA,Deuxième niveau,Support,44,-351.0,212.0,-342.0,134.0,0.0,0.0
oe:player:4a0d0414aac330b32a1a4dd6bac8743,Tyrin,Team Solid,CD,Brésil & Amérique latine,Deuxième niveau,Top,14,-352.0,246.0,-1208.0,,,
oe:player:906c6cdbfce615131dafcbeb1bbe7e8,Blind Walker,Zeu5 Esports,LRN,Brésil & Amérique latine,Deuxième niveau,Jungle,55,-352.0,235.0,588.0,135.0,0.0,0.0
oe:player:0372d042f19e7cfacb1544d1b9cc8df,Achael,Hanwha Life Esports Academy,LAS,Corée,Troisième niveau,Top,83,-354.0,271.0,245.0,13.0,0.0,0.0
oe:player:f7dcc06d6796cd9718c1716a6013ce4,Levizin,paiN Gaming Academy,CD,Brésil & Amérique latine,Deuxième niveau,Jungle,18,-354.0,239.0,-1508.0,,,
name:HKE MaLiCE,HKE MaLiCE,Huskies Esports,LIT,EMEA,Deuxième niveau,Mid,10,-354.0,247.0,407.0,,,
oe:player:5057f5406b08307b5f50e2030133a90,wanan,L Guide Gaming,LJL,Asie-Pacifique,Deuxième niveau,ADC,60,-354.0,237.0,1027.0,138.0,0.0,0.0
name:NVX PonG,NVX PonG,NOVEX,LJL,Asie-Pacifique,Deuxième niveau,Top,14,-354.0,248.0,774.0,,,
oe:player:784c615bc4ca91029377523e15b8c82,YellowYoshi,Rising Gaming,LJL,Asie-Pacifique,Deuxième niveau,Top,56,-355.0,244.0,767.0,136.0,0.0,0.0
oe:player:961f5d5c45b85110407c3cd304a23c4,JustFocus,L Guide Gaming,LJL,Asie-Pacifique,Deuxième niveau,Support,60,-355.0,237.0,670.0,145.0,0.0,0.0
oe:player:e59a033ea6cd5e1bdc56397fbe2896b,Aikawa,7REX,CD,Brésil & Amérique latine,Deuxième niveau,ADC,21,-358.0,240.0,-1312.0,128.0,0.0,0.0
oe:player:4e0d4f6ce30646f5a3f3e2a7422c1c5,SM,Spartans EU,HLL,EMEA,Deuxième niveau,ADC,45,-359.0,221.0,-774.0,119.0,0.0,0.0
oe:player:55d71e95eaa294aed6ddfaf95d71416,Pocovirtuoso,HANGMEN,LIT,EMEA,Deuxième niveau,Support,13,-360.0,245.0,295.0,,,
oe:player:41813c91a973e0c3b6aae50b52182e2,Darky,One More Esports,AL,EMEA,Deuxième niveau,Top,21,-360.0,235.0,-1463.0,116.0,0.0,0.0
oe:player:466ce26370ebf51e9899522b7ebeea7,Bazz,Apex Mission Impossible,NACL,Amérique du Nord,Deuxième niveau,ADC,22,-363.0,248.0,-1245.0,129.0,0.0,0.0
oe:player:a878546de507670f5e83d7763c4c70b,AKIRA,DN SOOPers Academy,LAS,Corée,Troisième niveau,Support,53,-364.0,256.0,377.0,12.0,0.0,0.0
name:P11 Demo,P11 Demo,P11 Esports,LIT,EMEA,Deuxième niveau,Top,17,-365.0,243.0,170.0,,,
oe:player:42cddcfc85b8bcd6c8a9267dd139919,Lostboy,Crusaders,LPLOL,EMEA,Deuxième niveau,Support,21,-365.0,236.0,-408.0,150.0,0.0,0.0
oe:player:d783bdc09ad8a57e4afaf4243fd0af7,anakin,Uwinks,LJL,Asie-Pacifique,Deuxième niveau,Support,25,-365.0,237.0,622.0,155.0,0.0,0.0
oe:player:c032df73970ffb2f2b585d912f6b20d,Neramin,BoostGate Esports,TCL,EMEA,Deuxième niveau,ADC,34,-366.0,227.0,-1831.0,130.0,0.0,0.0
oe:player:da36959ed5edd7389819a672677f710,Albi,Meavedron,HM,EMEA,Deuxième niveau,Jungle,44,-367.0,221.0,-300.0,138.0,0.0,0.0
oe:player:eb4afbc02f6cf896b0bd94b5dd274dc,JayJay,Zena Esports,LIT,EMEA,Deuxième niveau,Mid,27,-367.0,226.0,343.0,141.0,0.0,0.0
oe:player:053ff46e09c658d5d80c8c65b9db7bc,Slyv3r,mCon esports,ROL,EMEA,Deuxième niveau,ADC,62,-367.0,213.0,-486.0,125.0,0.0,0.0
oe:player:bf4680a824168dbc1b4e9e038b6ccc9,Rharesh,GMBLERS Esports,LIT,EMEA,Deuxième niveau,ADC,71,-367.0,219.0,410.0,135.0,0.0,0.0
oe:player:208f8ce656dbb1367a8aa7ce873a853,Ryo,VARREL YOUTH,LJL,Asie-Pacifique,Deuxième niveau,Jungle,14,-368.0,248.0,689.0,,,
oe:player:93413363cf2cc7a08f7de85c2d20843,jjs156,Once Upon A Team,ROL,EMEA,Deuxième niveau,Top,12,-368.0,242.0,-626.0,,,
oe:player:343aa950520fb5e73412ea8621866d3,Harusary,Gen.G Scholars,LAS,Corée,Troisième niveau,ADC,67,-369.0,266.0,284.0,12.0,0.0,0.067
oe:player:a2a949078a5179b8aea584eacd70c2e,Hecabrand,Team Phoenix,TCL,EMEA,Deuxième niveau,Top,19,-369.0,233.0,-1832.0,,,
oe:player:e89d89c1f0c59607353f819ad4cc12c,Kania,Arneb,LJL,Asie-Pacifique,Deuxième niveau,Jungle,62,-371.0,241.0,676.0,145.0,0.0,0.0
oe:player:739c1ceddb772fbbf222215006c963d,Cripple,The Bandits,ROL,EMEA,Deuxième niveau,Top,55,-372.0,202.0,-646.0,127.0,0.0,0.0
oe:player:243afb63fb97e1791ffee0cec41ecdf,Krysia,GLORE,RL,EMEA,Deuxième niveau,Jungle,12,-373.0,239.0,-1890.0,,,
oe:player:37a1f62864ffe2fd5525a51c3ef45b7,TiRAn,Kuma e-Sports,CD,Brésil & Amérique latine,Deuxième niveau,Top,14,-373.0,250.0,-1310.0,,,
oe:player:9eb3ff11f4da065126be5d1aa1ea103,Kappa1,Epitomy Esports,LIT,EMEA,Deuxième niveau,Mid,12,-374.0,245.0,308.0,,,
oe:player:f8d698aea36fcbead2b9d5359ffca76,Smarty,Otter Side,LPLOL,EMEA,Deuxième niveau,Support,51,-374.0,217.0,-457.0,89.0,0.0,0.0
oe:player:f0d9ba082555d7aac872bc9e43226c2,Kireas,BoostGate Esports,TCL,EMEA,Deuxième niveau,Jungle,34,-374.0,227.0,-1750.0,132.0,0.0,0.0
oe:player:721622f78052fb02502c887e439333c,alishor,ALMO Players,HLL,EMEA,Deuxième niveau,Top,15,-376.0,238.0,-1216.0,,,
oe:player:798df754d94e00287bfdfb27f0dfaa3,Eggbap,Nongshim RedForce Academy,LAS,Corée,Troisième niveau,Mid,26,-376.0,269.0,327.0,16.0,0.0,0.0
oe:player:ad4078ec30bbf8a929fe14a1e5839cf,Aledice,Epitomy Esports,LIT,EMEA,Deuxième niveau,Support,21,-378.0,236.0,204.0,142.0,0.0,0.0
oe:player:f35b886c9d604c98666886bb41358fc,Lancelot,Gen.G Scholars,LAS,Corée,Troisième niveau,Jungle,67,-378.0,266.0,316.0,14.0,0.0,0.003
oe:player:22a9015823529dee34486453b7d9907,Redemption,Dorado Gaming,NACL,Amérique du Nord,Deuxième niveau,Support,25,-378.0,243.0,-1360.0,133.0,0.0,0.0
oe:player:d2ccfcc73c1a11410ead8465c7fa18d,Peco,RAMPAGE,LRS,Brésil & Amérique latine,Deuxième niveau,Mid,17,-378.0,240.0,301.0,,,
oe:player:5f1fa8a478e38410780e672d5c85da6,Lagolinas,Lenovo Legion Honvéd,EBL,EMEA,Deuxième niveau,Mid,41,-379.0,231.0,-31.0,131.0,0.0,0.0
oe:player:ea0d95b36a67755627d018140491a6b,Stookbeer,mCon esports,ROL,EMEA,Deuxième niveau,Support,41,-380.0,225.0,-538.0,133.0,0.0,0.0
oe:player:ee9cc30096f8d5f0c1969156f55680c,naau,Aeterna Esports,LIT,EMEA,Deuxième niveau,Jungle,12,-380.0,239.0,304.0,,,
oe:player:8a5b6fd35c2a8e76c0b7dc950f3dd51,kenNedy,Kuma e-Sports,CD,Brésil & Amérique latine,Deuxième niveau,Jungle,16,-380.0,247.0,-1639.0,,,
oe:player:a4090ffabdfba53d76b0748a0d87ce2,Copper,MVK Esports Academy,VCS,Asie-Pacifique,Deuxième niveau,Top,11,-380.0,245.0,-1575.0,,,
oe:player:55dd290e8824755e997201409a0b36a,FliiZee,Crystal Rose,NL,EMEA,Troisième niveau,ADC,13,-381.0,244.0,-1621.0,,,
oe:player:1d3402b74b64fc74f24e05197931b4d,Elative,Uwinks,LJL,Asie-Pacifique,Deuxième niveau,Jungle,60,-381.0,232.0,624.0,153.0,0.0,0.0
oe:player:b818e01e6e52c2466af9993515af08a,Madblade,SDM Tigres,LRN,Brésil & Amérique latine,Deuxième niveau,Support,26,-382.0,244.0,-207.0,160.0,0.0,0.0
oe:player:84e640911c6d6f172d4cf1c7cc78a67,Crecre,Golden Lions,LRS,Brésil & Amérique latine,Deuxième niveau,Support,63,-383.0,234.0,-231.0,158.0,0.0,0.0
oe:player:f8eedf7c8d7600e17c831e4f933bd56,Void,Dynasty,ROL,EMEA,Deuxième niveau,ADC,22,-383.0,239.0,-567.0,133.0,0.0,0.0
name:EPT HackerPanda,EPT HackerPanda,Epitomy Esports,LIT,EMEA,Deuxième niveau,Jungle,12,-383.0,245.0,287.0,,,
oe:player:d4f9c888c60f3875a7cda6c6f986b3d,nanashi,RED Academy,CD,Brésil & Amérique latine,Deuxième niveau,ADC,16,-384.0,244.0,-1442.0,,,
oe:player:7924bb80baefc1fa488c9719be5f195,L1mit,New Meta,LJL,Asie-Pacifique,Deuxième niveau,ADC,17,-385.0,247.0,870.0,,,
oe:player:f0c6106d247c559ea02f20b474436d0,D4rtaine,Hyperion (Portuguese Team),HLL,EMEA,Deuxième niveau,Top,34,-386.0,219.0,-1268.0,127.0,0.0,0.0
oe:player:fe9ef7441c7dd52bebd1ce72a43612b,Furby,P11 Esports,LIT,EMEA,Deuxième niveau,Mid,36,-386.0,219.0,248.0,149.0,0.0,0.0
oe:player:bcd2f035521796a5545eb66d9e15dff,Achille,Crystal Rose,NL,EMEA,Troisième niveau,Top,12,-387.0,245.0,-1561.0,,,
oe:player:090cbaf26ff06da27b46f1dc5175170,Ketrab,Meavedron,HM,EMEA,Deuxième niveau,Mid,26,-387.0,236.0,84.0,145.0,0.0,0.0
oe:player:36930ee9bf5aacb8006f0b71cde323a,Challenq,3v Team,LRN,Brésil & Amérique latine,Deuxième niveau,Top,22,-387.0,239.0,-529.0,154.0,0.0,0.0
oe:player:a9e5d6f31b44978ec02bd89cf611b48,Pauporter,UB Alma Mater,LES,EMEA,Deuxième niveau,Mid,19,-387.0,231.0,-2375.0,,,
oe:player:f576de1bd567e8091d2860822f4fd17,Steellar,SDM Tigres,LRN,Brésil & Amérique latine,Deuxième niveau,Top,18,-388.0,246.0,-532.0,,,
oe:player:89b3f441f9c4f06c68b08ac6f82de70,Blazteurs,Crystal Rose,NL,EMEA,Troisième niveau,Support,10,-388.0,242.0,-1866.0,,,
oe:player:034f451964aa80cb78180265e4ebd01,Renewal,Only The Family,EBL,EMEA,Deuxième niveau,Jungle,57,-389.0,206.0,-104.0,129.0,0.0,0.0
oe:player:1bf0a2069f5d7c3cc5b32726049a99f,Sekkou,Lenovo Legion Honvéd,EBL,EMEA,Deuxième niveau,Support,18,-390.0,237.0,-70.0,,,
oe:player:74c2229f2f60bde0cc80ed168409176,Gniotek,UP2UMEDIA Cebulaki,RL,EMEA,Deuxième niveau,Support,59,-391.0,211.0,-1824.0,145.0,0.0,0.0
oe:player:31a2adf0d6cdfc8b30d7de37c3e5ee5,VietThanh,Ngựa Hí Esports,VCS,Asie-Pacifique,Deuxième niveau,Top,11,-391.0,247.0,-1631.0,,,
oe:player:66c98cd6ed2ae48aa368ce051715030,Liang,Reignfall,PCS,Asie-Pacifique,Deuxième niveau,Jungle,11,-392.0,252.0,-1491.0,,,
oe:player:93288a4b3816c652fe295392e86b221,OverT1me,Reignfall,PCS,Asie-Pacifique,Deuxième niveau,Support,11,-392.0,252.0,-2070.0,,,
oe:player:dd685a824d4a506a952a6a8a90e0a81,Fragola,Colossal Gaming,LIT,EMEA,Deuxième niveau,Jungle,40,-392.0,228.0,245.0,138.0,0.0,0.0
oe:player:10b638224bcb9f9b360ab55cbed45a5,SiroN1,Meavedron,HM,EMEA,Deuxième niveau,Support,65,-393.0,215.0,-211.0,141.0,0.0,0.0
oe:player:69767ef463c93a67989ae0a47642dee,mirza,Mighty Eagles,EBL,EMEA,Deuxième niveau,ADC,24,-393.0,223.0,86.0,142.0,0.0,0.0
oe:player:d3bc65e5e987b942fba2400b4649f71,Viciun,Maze Gaming,LRS,Brésil & Amérique latine,Deuxième niveau,ADC,30,-394.0,249.0,339.0,171.0,0.0,0.0
oe:player:baf069ea8ce565674e2bff0c0f0a069,Vox,VARREL YOUTH,LJL,Asie-Pacifique,Deuxième niveau,ADC,25,-394.0,243.0,829.0,158.0,0.0,0.0
oe:player:e9607713eaf3fc69d1235e22777f26c,Hustle,SN CyberCore Esports,VCS,Asie-Pacifique,Deuxième niveau,Mid,11,-396.0,247.0,-1591.0,,,
oe:player:36f7371a9b9bcaf404d11ad9fd346b2,Azuka,Colossal Gaming,LIT,EMEA,Deuxième niveau,Mid,20,-397.0,238.0,194.0,145.0,0.0,0.0
oe:player:de30719c9123426d9db5f1aab86dd3f,Levy,DN SOOPers Academy,LAS,Corée,Troisième niveau,ADC,22,-397.0,269.0,145.0,14.0,0.0,0.0
oe:player:a4bd7b6ec94af224dfb5856d7ba6494,HandiDog,Dynasty,ROL,EMEA,Deuxième niveau,Top,13,-397.0,244.0,-772.0,,,
oe:player:27e4eea238ec423752d3144c149b88f,Harbo,Once Upon A Team,ROL,EMEA,Deuxième niveau,Mid,11,-397.0,240.0,-826.0,,,
oe:player:06fbf3cfd4b139c5b424cba07545931,Zealot,KT Rolster Academy,LAS,Corée,Troisième niveau,Top,82,-398.0,262.0,23.0,14.0,0.0,0.0
oe:player:6fc7d54cb5c88a3b2054aeba60a8ad0,Diobello,HANGMEN,LIT,EMEA,Deuxième niveau,Top,40,-399.0,223.0,-1.0,136.0,0.0,0.0
oe:player:7572a04075ec90bbd553e467d65baaf,SkyK,MVK Esports Academy,VCS,Asie-Pacifique,Deuxième niveau,ADC,11,-399.0,245.0,-1309.0,,,
oe:player:d6f01ce14e8a580fcf94ae556736fd8,Sangrod,Shark Attack,TCL,EMEA,Deuxième niveau,Top,22,-400.0,228.0,-1988.0,125.0,0.0,0.0
oe:player:d5d5248541fb38b9aa2b187a34f1e32,vladichich,RLX Esports,EBL,EMEA,Deuxième niveau,ADC,44,-402.0,216.0,39.0,126.5,0.0,0.0
oe:player:09caac8aecdf417cc01d880f87657ef,Szafa,GLORE,RL,EMEA,Deuxième niveau,Top,12,-403.0,240.0,-2059.0,,,
oe:player:ba39ff6bed06e728012022e55a9aadd,Imagine,L Guide Gaming,LJL,Asie-Pacifique,Deuxième niveau,Jungle,60,-403.0,237.0,513.0,144.0,0.0,0.0
oe:player:ec3ca13e3e8c52055d4c05da47db72d,cRa,RMD Gaming,CD,Brésil & Amérique latine,Deuxième niveau,Top,15,-404.0,248.0,-1468.0,,,
oe:player:4fb88b5242fbb5190647d342a596083,Jesus,HANJIN BRION Academy,LAS,Corée,Troisième niveau,Mid,59,-404.0,257.0,190.0,15.0,0.0,0.007
oe:player:922664c5d5d567b08d43e277b0d570d,Dym,Crystal Rose,NL,EMEA,Troisième niveau,Mid,14,-405.0,244.0,-1801.0,,,
oe:player:52844ad5d93fe063f64e3d71938c0a6,nika,Meavedron,HM,EMEA,Deuxième niveau,ADC,26,-405.0,236.0,-334.0,139.0,0.0,0.0
oe:player:aaa896a80d3f16afd5cdcc0c44a95d1,Hayes,Kiwoom DRX Academy,LAS,Corée,Troisième niveau,Support,70,-405.0,263.0,171.0,14.0,0.0,0.0
oe:player:abf9ed08a64e8b23d275d1e9403f951,Ambush,ALMO Players,HLL,EMEA,Deuxième niveau,Jungle,22,-405.0,233.0,-1295.0,133.0,0.0,0.0
oe:player:d6c9dca3f08684e88fd8a667bcfd30f,Endless,Lenovo Legion Honvéd,EBL,EMEA,Deuxième niveau,ADC,41,-406.0,231.0,19.0,124.5,0.0,0.0
oe:player:9e368cf17db2dab6f42f3aa3bb5b4cd,Loid,KT Rolster Academy,LAS,Corée,Troisième niveau,Mid,82,-406.0,262.0,178.0,16.0,0.0,0.0
oe:player:fedd1e92aa2d2a6e3ee95c110509805,Sobakk,EXILE esports Academy,HC,EMEA,Troisième niveau,Support,54,-407.0,232.0,1029.0,10.0,0.0,0.103
oe:player:a072ed6a69c1a506c6c0eaa385ba039,Retrozing,University of Mississippi,NACL,Amérique du Nord,Deuxième niveau,Mid,26,-407.0,244.0,-1535.0,144.0,0.0,0.0
oe:player:0cae306fd021751c70ab9f75123b561,Ganks,Golden Lions,LRS,Brésil & Amérique latine,Deuxième niveau,Jungle,59,-408.0,250.0,402.0,161.0,0.0,0.0
oe:player:91f7c48a0242414e0b520af3f4bea52,FLOW,KT Rolster Academy,LAS,Corée,Troisième niveau,Support,78,-408.0,261.0,158.0,13.0,0.0,0.0
name:F8 ice,F8 ice,Fast8,LJL,Asie-Pacifique,Deuxième niveau,Jungle,14,-408.0,250.0,492.0,,,
oe:player:8f41a11e71632780d1b132b388ef2a5,PiskHello,Colossal Gaming,LIT,EMEA,Deuxième niveau,ADC,41,-408.0,227.0,205.0,138.0,0.0,0.0
oe:player:5399ceb619dbb13525a0d52c97acea5,Nanaue,1TAP Dino,VCS,Asie-Pacifique,Deuxième niveau,Top,40,-409.0,226.0,-1720.0,120.0,0.0,0.0
oe:player:fda70732b859899fa7572b8ebb41196,Saifer,Docta Esports,LRS,Brésil & Amérique latine,Deuxième niveau,Mid,50,-410.0,236.0,144.0,156.5,0.0,0.0
oe:player:b31e35906373123acf6483a837e966c,Blue,Ngựa Hí Esports,VCS,Asie-Pacifique,Deuxième niveau,Support,11,-410.0,247.0,-1778.0,,,
oe:player:19578d5faaa29a63cd6c7f2bd1d6c1b,dresscode,Arneb,LJL,Asie-Pacifique,Deuxième niveau,ADC,62,-410.0,241.0,748.0,146.0,0.0,0.0
oe:player:cda85ef1e8ed76c49c0a404164c6049,ANOKER,1TAP Dino,VCS,Asie-Pacifique,Deuxième niveau,Jungle,10,-410.0,247.0,-1112.0,,,
oe:player:e3c08b84f975a0470c79751c60ce6ba,Koresh,Onion Team,HM,EMEA,Deuxième niveau,Support,26,-410.0,230.0,-299.0,148.0,0.0,0.0
oe:player:2762d99e836c315ab00600e1941ece9,AlluK,Docta Esports,LRS,Brésil & Amérique latine,Deuxième niveau,Jungle,51,-410.0,238.0,391.0,165.0,0.0,0.0
oe:player:0e94a953ebc2e75ab1d22879fcb8d72,The Mountain,EKO Esports,LIT,EMEA,Deuxième niveau,Top,38,-411.0,225.0,-61.0,144.0,0.0,0.0
oe:player:81317166070e5727aa15670f1d996b3,Lotuss,Myth Esports,ROL,EMEA,Deuxième niveau,Jungle,52,-412.0,221.0,-546.0,129.0,0.0,0.0
oe:player:3df702f702360c6710a32fe3a5ef05b,Stoneses,RAMPAGE,LRS,Brésil & Amérique latine,Deuxième niveau,Support,17,-412.0,240.0,-378.0,,,
oe:player:bd188f613b57de66e9a4df5a6867d0c,Twendddy,Zephyr Esport,ROL,EMEA,Deuxième niveau,Top,23,-412.0,225.0,-847.0,144.0,0.0,0.0
oe:player:6b9f3420febdbc475dd3c1e4e0bcb5e,Nash,Colossal Gaming,LIT,EMEA,Deuxième niveau,Support,18,-413.0,238.0,27.0,,,
oe:player:f37509e5e4f293339b9e735edff2ce3,Cha0s,Dream Esports,NLC,EMEA,Deuxième niveau,Top,19,-413.0,226.0,-1906.0,,,
oe:player:a5238e8a4c04ad0fd09031e97819119,Heprex,Only The Family,EBL,EMEA,Deuxième niveau,Top,24,-414.0,239.0,-277.0,145.0,0.0,0.0
oe:player:c6445581b2cfc3646f4dc0ccf41753d,ianshaka,Volticons,LRS,Brésil & Amérique latine,Deuxième niveau,ADC,59,-415.0,247.0,233.0,162.0,0.0,0.0
oe:player:94e89ff5329f8f9c156878401e3299a,Amel,L Guide Gaming,LJL,Asie-Pacifique,Deuxième niveau,Jungle,27,-415.0,244.0,455.0,155.0,0.0,0.0
oe:player:5ab137577a18956e9688137c178fe20,Franky,Myth Esports,ROL,EMEA,Deuxième niveau,Mid,23,-416.0,239.0,-923.0,150.0,0.0,0.0
oe:player:66c809bd44a31c43bd139ccd536bfac,Dafnis,EKSI EPTA,HLL,EMEA,Deuxième niveau,Top,18,-416.0,235.0,-1418.0,,,
oe:player:afb5a0b11c28ac782457a91bb54fc3e,Yuny,Gen.G Scholars,LAS,Corée,Troisième niveau,Mid,94,-416.0,261.0,127.0,18.0,0.0,0.0
oe:player:723ad874e88079517427b26230292b7,Blueboar,One More Esports,AL,EMEA,Deuxième niveau,Jungle,38,-416.0,217.0,-1487.0,140.0,0.0,0.0
oe:player:713a01ab419f96cb320352765e8791d,Bio,Apex Mission Impossible,NACL,Amérique du Nord,Deuxième niveau,Jungle,24,-417.0,248.0,-1608.0,140.0,0.0,0.0
oe:player:81cef494c5905d9f983fc93fa6b8477,Hitscan,Dplus Kia Academy,LAS,Corée,Troisième niveau,ADC,20,-417.0,273.0,44.0,15.0,0.0,0.0
oe:player:de8ee8c5d6fc0e3a2fe84e0a4f4d1a0,WalliR,Ethereal Enigmas,HC,EMEA,Troisième niveau,Mid,34,-417.0,235.0,1305.0,15.0,0.0,0.0
oe:player:54d08b5913d88a2acfec7bbbe8effa9,MadDogg9,Reignfall,PCS,Asie-Pacifique,Deuxième niveau,ADC,17,-418.0,248.0,-1723.0,,,
oe:player:f6c615d6850f2c98021340ccaf7d367,schastye,Kuma e-Sports,CD,Brésil & Amérique latine,Deuxième niveau,ADC,14,-418.0,250.0,-1615.0,,,
oe:player:711afb14816f67c6a911d153a24d568,Kreative,NOVEX,LJL,Asie-Pacifique,Deuxième niveau,Jungle,27,-418.0,240.0,439.0,158.0,0.0,0.0
oe:player:98f263a1e752d1192225e59207d3081,Jekko,Zena Esports,LIT,EMEA,Deuxième niveau,Jungle,44,-419.0,226.0,110.0,141.0,0.0,0.0
oe:player:46c0cc4125d2134240ee11081aa30b2,Asza,mCon esports,ROL,EMEA,Deuxième niveau,ADC,17,-419.0,239.0,-746.0,,,
oe:player:e997cb3ac9a1be266d27e6417a5a375,GaraXy,The ParadOx Invaders,HLL,EMEA,Deuxième niveau,Support,27,-419.0,227.0,-1093.0,139.0,0.0,0.0
oe:player:8eb5f495bb741234779116e4dc12d54,Dovendyr,Lund Esports Organization,NLC,EMEA,Deuxième niveau,Support,43,-419.0,226.0,-1460.0,136.0,0.0,0.0
oe:player:399324b7e024027e656f6e9add83c14,Enkil,BRUTE,HM,EMEA,Deuxième niveau,Support,55,-420.0,214.0,-345.0,139.0,0.0,0.0
oe:player:df228b3901f1842b9277b61e2adc67e,Ark,Nongshim RedForce Academy,LAS,Corée,Troisième niveau,Jungle,69,-420.0,256.0,109.0,15.0,0.0,0.077
oe:player:a1501fb78e05ab933a158f00032ae4c,Saens,Polar Squad Esports,LRN,Brésil & Amérique latine,Deuxième niveau,Jungle,11,-421.0,253.0,241.0,,,
oe:player:16bfbf9c462762cf1cba4134ec53c50,Loading,The ParadOx Invaders,HLL,EMEA,Deuxième niveau,Top,57,-421.0,207.0,-1440.0,131.0,0.0,0.0
oe:player:c11a22bb557caefe8a0f3535dbf6d20,HRK,New Meta,LJL,Asie-Pacifique,Deuxième niveau,Jungle,62,-422.0,213.0,421.0,155.0,0.0,0.0
oe:player:d8fe68a74f513d483f727dcb20a8f4e,Gato,3v Team,LRN,Brésil & Amérique latine,Deuxième niveau,Jungle,53,-422.0,236.0,236.0,144.0,0.0,0.0
oe:player:302460c3b5ee3c8e67720dd58b536e1,AwerpiS,TITANS,LIT,EMEA,Deuxième niveau,Support,68,-422.0,210.0,-17.0,131.0,0.0,0.0
oe:player:736b6039f07dc28432644d2a9997abe,Lac,Docta Esports,LRS,Brésil & Amérique latine,Deuxième niveau,ADC,51,-422.0,238.0,194.0,161.5,0.0,0.0
oe:player:7b6b9e56523c1f49bce81dc36551c32,Hatsu,UP2UMEDIA Cebulaki,RL,EMEA,Deuxième niveau,Top,17,-423.0,234.0,-2161.0,,,
oe:player:c591a4732ac1be74c9b814cb4267568,Neo,Maze Gaming,LRS,Brésil & Amérique latine,Deuxième niveau,Jungle,44,-424.0,239.0,321.0,167.0,0.0,0.0
oe:player:e53f624e709b68fa411564442bbc261,Pecora,Epitomy Esports,LIT,EMEA,Deuxième niveau,ADC,12,-426.0,245.0,115.0,,,
oe:player:bdf93ad7c1fe51ee32ca862050110f0,Jasten,Pyramid IV Esports,AL,EMEA,Deuxième niveau,ADC,54,-426.0,222.0,-1942.0,116.5,0.0,0.0
oe:player:acd381e68b92357896c0856efebb366,Smart,ZennIT,ROL,EMEA,Deuxième niveau,Top,43,-427.0,235.0,-920.0,132.0,0.0,0.0
name:NGE H4far,NGE H4far,NORTHERNGRADE ESPORTS,LPLOL,EMEA,Deuxième niveau,Support,10,-427.0,244.0,-721.0,,,
oe:player:2fb61ab1f9807fb61f977a87a4a9b9a,xHikama,Colossal Gaming,LIT,EMEA,Deuxième niveau,ADC,53,-427.0,214.0,112.0,137.0,0.0,0.0
name:HKE KyuuBee,HKE KyuuBee,Huskies Esports,LIT,EMEA,Deuxième niveau,ADC,10,-427.0,247.0,112.0,,,
oe:player:9b7ca0a4b3b3bcfeceffb7bb506b6e8,Schorling,Once Upon A Team,ROL,EMEA,Deuxième niveau,Top,10,-427.0,242.0,-921.0,,,
oe:player:657981a8eaf41988868b96bed60b3a1,BunnyBeast,Lund Esports Organization,NLC,EMEA,Deuxième niveau,ADC,43,-428.0,226.0,-1484.0,134.5,0.0,0.0
oe:player:b59d7d2cfc9265f8a6c7e981498a91b,Varin,Team Phoenix,TCL,EMEA,Deuxième niveau,Support,26,-428.0,220.0,-1627.0,134.0,0.0,0.0
oe:player:282a82702dfe9e5d21a45e7753cb925,Jamie,ZennIT,ROL,EMEA,Deuxième niveau,ADC,43,-429.0,235.0,-800.0,133.0,0.0,0.0
oe:player:958cbc19bb15e852a32a597f8674e1c,Ze Luis,Francesinhas,LPLOL,EMEA,Deuxième niveau,Support,34,-430.0,225.0,-735.0,152.0,0.0,0.0
oe:player:fa41f0e745119bde94b1cdcc8d10434,Mataz,SDM Tigres,LRN,Brésil & Amérique latine,Deuxième niveau,Jungle,39,-431.0,234.0,195.0,170.0,0.0,0.0
oe:player:6188d07d6e2a31cb1ba16e177c53870,SaKi,L Guide Gaming,LJL,Asie-Pacifique,Deuxième niveau,Support,27,-431.0,244.0,293.0,158.0,0.0,0.0
oe:player:27794d1d5db5f58191c83730eb000ee,Azu,ALMO Players,HLL,EMEA,Deuxième niveau,ADC,49,-432.0,215.0,-1137.0,122.5,0.0,0.0
oe:player:4f720e8049c47155a1f9d56cf70237d,Sjedow,Once Upon A Team,ROL,EMEA,Deuxième niveau,Support,16,-433.0,237.0,-800.0,,,
oe:player:c88c5f09070f7ec21ae1defd6e448c8,Boye,Senshi eSports,ROL,EMEA,Deuxième niveau,Mid,10,-433.0,241.0,-1008.0,,,
oe:player:2a1f9f0ef5aca39166c1a76eca89678,Dzeffry,Meavedron,HM,EMEA,Deuxième niveau,Top,62,-433.0,215.0,-75.0,139.0,0.0,0.0
oe:player:fa917cc2aeb0b9df6c7ca3105690f4a,NaiNa,L Guide Gaming,LJL,Asie-Pacifique,Deuxième niveau,ADC,27,-434.0,244.0,627.0,153.0,0.0,0.0
oe:player:a1b80656ec4067cc5e7ae6a3eb621d1,Bala,Lenovo Legion Honvéd,EBL,EMEA,Deuxième niveau,Top,41,-435.0,231.0,-382.0,128.5,0.0,0.0
oe:player:3ec4168709e1af5cdf9f8fd66dec6f2,Salami,GLORE,RL,EMEA,Deuxième niveau,ADC,14,-435.0,239.0,-2108.0,,,
oe:player:72cfe171aebfca72a79a7216f4e1501,Sorrow2,GLORE,RL,EMEA,Deuxième niveau,Mid,16,-436.0,236.0,-2066.0,,,
oe:player:fd232826ff3976840e994bb85a3bd46,Domoles,Onion Team,HM,EMEA,Deuxième niveau,Mid,46,-436.0,220.0,-161.0,155.0,0.0,0.0
oe:player:ccbcbffe165919f40f2833fbe5c8148,OrthoZero,Zena Esports,LIT,EMEA,Deuxième niveau,Support,44,-436.0,226.0,-87.0,142.5,0.0,0.0
name:HAN kebs,HAN kebs,HANGMEN,LIT,EMEA,Deuxième niveau,Jungle,13,-437.0,245.0,20.0,,,
oe:player:b146d01b1c50e07ca869c04c700b926,Chordy,Volticons,LRS,Brésil & Amérique latine,Deuxième niveau,Top,59,-437.0,247.0,-129.0,163.5,0.0,0.0
oe:player:b7253194da688a72744ff1c032b6cea,Soft,DN SOOPers Academy,LAS,Corée,Troisième niveau,Jungle,86,-437.0,262.0,23.0,15.0,0.0,0.0
oe:player:d21fd702ca38e5b427eb3296236492c,Gecko,RAYN Clocks,LJL,Asie-Pacifique,Deuxième niveau,Top,52,-437.0,241.0,359.0,156.0,0.0,0.0
name:EPTM Aarrow,EPTM Aarrow,Epitomy Masters,LIT,EMEA,Deuxième niveau,Top,10,-437.0,247.0,-191.0,,,
oe:player:d7f3cfa48a52dda4354774a809402b2,Nikolex,Spartans EU,HLL,EMEA,Deuxième niveau,Jungle,26,-439.0,229.0,-1462.0,138.0,0.0,0.0
oe:player:c33358ecfdef8fd044777add746b965,Dyego,CITA Kaizen,HM,EMEA,Deuxième niveau,Mid,44,-440.0,220.0,-182.0,145.0,0.0,0.0
oe:player:e6d07e10777c4dbc47857a3ac2c66fe,D1verse,Lausanne-Sport Esports,HLL,EMEA,Deuxième niveau,Mid,23,-441.0,225.0,-1631.0,143.0,0.0,0.0
oe:player:1b2076ac634f57ba224836d8c0ea2e4,Kruimel,mCon esports,ROL,EMEA,Deuxième niveau,Mid,17,-441.0,239.0,-1049.0,,,
oe:player:3815d1aeed57a29d35bb46834d2411f,Corriragazzo,EKO Esports,LIT,EMEA,Deuxième niveau,Support,30,-441.0,225.0,-109.0,150.0,0.0,0.0
oe:player:18d0dd011c2c5314df4b22d0a90db70,Hitsu,Maze Gaming,LRS,Brésil & Amérique latine,Deuxième niveau,Mid,44,-442.0,239.0,-17.0,165.5,0.0,0.0
name:TTB raisu,TTB raisu,Tung Tung Bogi,LPLOL,EMEA,Deuxième niveau,Support,10,-444.0,246.0,-805.0,,,
oe:player:540248913959f74ac98ee84ff5c1dcd,Alps,New Meta,LJL,Asie-Pacifique,Deuxième niveau,Mid,39,-444.0,227.0,317.0,164.0,0.0,0.0
oe:player:e00c389b687a28f6858cd9f9dab7bca,Darkchri,GMBLERS Esports,LIT,EMEA,Deuxième niveau,Support,14,-446.0,242.0,-135.0,,,
oe:player:788fb451a0732c0ce3bec0fbda415a0,Strava,GMBLERS Esports,LIT,EMEA,Deuxième niveau,Top,26,-447.0,228.0,-242.0,146.0,0.0,0.0
oe:player:107741d52551cb5b6e7858935ab858b,Toti,EKO Esports,LIT,EMEA,Deuxième niveau,ADC,14,-448.0,239.0,5.0,,,
oe:player:1af2bedc4f0d54942edcce745cb3344,Henry Snow,Dynasty,ROL,EMEA,Deuxième niveau,ADC,13,-448.0,244.0,-893.0,,,
oe:player:813a8143f2f9ab0c983adf887652c9a,Egemen,Once Upon A Team,ROL,EMEA,Deuxième niveau,Top,14,-449.0,239.0,-1033.0,,,
oe:player:391d9fced43f3669f7028189f1b7550,Sïgma,ZennIT,ROL,EMEA,Deuxième niveau,Support,43,-450.0,235.0,-886.0,136.0,0.0,0.0
oe:player:662e402075e397e4afaea9c752cec96,Hatred,ZennIT,ROL,EMEA,Deuxième niveau,Jungle,63,-451.0,224.0,-742.0,142.0,0.0,0.0
oe:player:2da1ab97a0200c6b2d38de1f1b25b5c,Goliah,Team Aqua ASD,LIT,EMEA,Deuxième niveau,Jungle,60,-451.0,207.0,-51.0,127.0,0.0,0.0
name:CK Fluid,CK Fluid,RAYN Clocks,LJL,Asie-Pacifique,Deuxième niveau,ADC,15,-451.0,244.0,542.0,,,
oe:player:34c368183b2610b0ac5aa7c0a50fecd,Maiquiyo,3v Team,LRN,Brésil & Amérique latine,Deuxième niveau,Top,18,-452.0,241.0,-852.0,,,
oe:player:9b02c72f4c7c35363f36dd1a2e2bb2d,Bean,Gen.G Scholars,LAS,Corée,Troisième niveau,Top,94,-452.0,261.0,-248.0,15.0,0.0,0.0
oe:player:07a5e46488aef307f23a00f275802e8,Piwek,Onion Team,HM,EMEA,Deuxième niveau,ADC,50,-452.0,219.0,-567.0,146.0,0.0,0.0
oe:player:9d04b6572e137eb28b2c444c1c7d3fa,Fede,Myth Esports,ROL,EMEA,Deuxième niveau,ADC,23,-453.0,239.0,-918.0,140.0,0.0,0.0
oe:player:e2f9edd5426e9ad64536d3086ffacb6,Dolis,eSuba,HM,EMEA,Deuxième niveau,Mid,61,-454.0,213.0,-249.0,147.0,0.0,0.0
oe:player:58b73c3c62ee32e3ccc3bbf87e86dd3,Paparotis,The ParadOx Invaders,HLL,EMEA,Deuxième niveau,Support,14,-454.0,242.0,-1269.0,,,
oe:player:cefb78f4cb1e9cca79eefc393d98e72,Brayaron,Golden Lions,LRS,Brésil & Amérique latine,Deuxième niveau,Top,56,-455.0,231.0,-217.0,162.0,0.0,0.0
oe:player:272a865bcc5230fb49645433616bcdb,Cryo,NOVEX,LJL,Asie-Pacifique,Deuxième niveau,Mid,37,-455.0,236.0,262.0,162.0,0.0,0.0
oe:player:135c3c381e1c1889f1639a828d589fb,SoimuMIC,REDPack Esports,HLL,EMEA,Deuxième niveau,Top,11,-455.0,235.0,-1610.0,,,
oe:player:a1c175a614f82dc15c772d4677442b7,Taiyaki,Arneb,LJL,Asie-Pacifique,Deuxième niveau,Support,62,-457.0,241.0,164.0,158.0,0.0,0.0
oe:player:9312bfc44c1e0686971d076d1364713,Ryuzaki,TITANS,LIT,EMEA,Deuxième niveau,Jungle,55,-458.0,214.0,-86.0,136.0,0.0,0.0
oe:player:b70546af050c6dc68402812a5cf17f8,ImTheTitan,Team Aqua ASD,LIT,EMEA,Deuxième niveau,Top,23,-459.0,230.0,-299.0,155.0,0.0,0.0
oe:player:f91df124dbb29389941a0a900e8cab6,DejaVu,GMBLERS Esports,LIT,EMEA,Deuxième niveau,Mid,57,-459.0,231.0,-115.0,148.0,0.0,0.0
oe:player:b82e4eec0372b66f43e88ef34231873,P9,SN CyberCore Esports,VCS,Asie-Pacifique,Deuxième niveau,Jungle,11,-459.0,247.0,-1357.0,,,
oe:player:b665b9fa5f821ff73a873d0cecb0682,D4SH,Capybara Esports,LPLOL,EMEA,Deuxième niveau,Jungle,38,-460.0,217.0,-426.0,158.0,0.0,0.0
oe:player:a379da49fd9a66a09a278d851f8cda3,arbrio,Contingent Esports,NACL,Amérique du Nord,Deuxième niveau,Top,26,-460.0,245.0,-1508.0,144.0,0.0,0.0
oe:player:1c0e36ef62b11006e227f437bc4493a,Niki,Aeterna Esports,LIT,EMEA,Deuxième niveau,Top,11,-460.0,245.0,-305.0,,,
oe:player:6668aeb76ec30bf3ee3fd35f5f63e1a,Dimitry,Kits Esports,LRN,Brésil & Amérique latine,Deuxième niveau,Jungle,29,-462.0,245.0,37.0,171.0,0.0,0.0
oe:player:24314567f14eeb3c380c72b8dc211c2,Exile1,SPIKE Syndicate,EBL,EMEA,Deuxième niveau,Jungle,25,-462.0,226.0,-468.0,149.0,0.0,0.0
oe:player:2f5a7b100add051eee489744b2de194,Royeq,REDPack Esports,NLC,EMEA,Deuxième niveau,ADC,16,-463.0,227.0,-1659.0,,,
oe:player:7c2d9b5020f9cc6b4a63441df3efb27,Alvanai,Hyperion (Portuguese Team),LIT,EMEA,Deuxième niveau,Mid,38,-464.0,214.0,-143.0,159.0,0.0,0.0
oe:player:6f816c94fe41d47a5d2052702d9d640,Raffy,Crystal Rose,LIT,EMEA,Deuxième niveau,Top,34,-464.0,222.0,-328.0,149.0,0.0,0.0
name:BBK Sankaizer,BBK Sankaizer,Bubliki,LPLOL,EMEA,Deuxième niveau,Top,15,-465.0,244.0,-2.0,,,
name:EPTM Mozziii,EPTM Mozziii,Epitomy Masters,LIT,EMEA,Deuxième niveau,Support,10,-465.0,247.0,-231.0,,,
oe:player:aaec8f7cde1b31eaf9a852e97191986,Someone,Once Upon A Team,ROL,EMEA,Deuxième niveau,Mid,14,-465.0,242.0,-1169.0,,,
oe:player:517d42f048d2dd422533522c796aaf3,C7,NORTHERNGRADE ESPORTS,HLL,EMEA,Deuxième niveau,Top,19,-465.0,227.0,-1659.0,,,
oe:player:33bf44e514be6f41d30b041c0afcd4a,Fortu,Malvinas Gaming,LRS,Brésil & Amérique latine,Deuxième niveau,Support,46,-466.0,239.0,-650.0,169.0,0.0,0.0
oe:player:12e9ac0283d8089c170db0927f33a13,lightcat,GMBLERS Esports,LIT,EMEA,Deuxième niveau,Mid,14,-466.0,242.0,-150.0,,,
oe:player:dcc264d9d5ce6cdf4535b881de4add0,Janis,NORTHERNGRADE ESPORTS,LPLOL,EMEA,Deuxième niveau,Jungle,10,-466.0,244.0,-455.0,,,
oe:player:f0398f453f263a934f028e1a904b1e7,Houndin,Team Solid,CD,Brésil & Amérique latine,Deuxième niveau,Support,24,-466.0,237.0,-1802.0,145.0,0.0,0.0
oe:player:355b5b13e28fdbfbb7558b24011f6f1,Praxmax,Once Upon A Team,ROL,EMEA,Deuxième niveau,Support,14,-467.0,242.0,-973.0,,,
oe:player:0b561e1f67d3219a8dd379878960561,DVLK,eSuba,HM,EMEA,Deuxième niveau,Jungle,70,-468.0,202.0,-801.0,147.0,0.0,0.0
oe:player:4972acb3811854d70c25512cd293029,Salaterka,UP2UMEDIA Cebulaki,RL,EMEA,Deuxième niveau,Mid,14,-468.0,235.0,-2224.0,,,
oe:player:ecac964b00dc5f2bce529bf79d13eaf,Paresz,Lenovo Legion Honvéd,EBL,EMEA,Deuxième niveau,Jungle,19,-468.0,236.0,-498.0,,,
oe:player:9203016d817c256b8ad3dbbcf2214fa,FoobaR,EXILE esports,HM,EMEA,Deuxième niveau,Jungle,44,-469.0,223.0,-808.0,164.0,0.0,0.0
oe:player:34d6eca11d668197b2ee589a331bad4,Acorderr,GLORE,RL,EMEA,Deuxième niveau,Support,14,-469.0,239.0,-2218.0,,,
oe:player:de4379dd030940748fda299909f241f,Sh1vq,NOVEX,LJL,Asie-Pacifique,Deuxième niveau,Support,25,-471.0,241.0,94.0,164.0,0.0,0.0
oe:player:75761a837e17a2a5a214b1ee8a6a711,Limoncello,P11 Esports,LIT,EMEA,Deuxième niveau,Top,18,-472.0,241.0,-368.0,,,
oe:player:3246b6762afd765ff2cebd46b333b0a,leaf,Arneb,LJL,Asie-Pacifique,Deuxième niveau,Top,62,-472.0,241.0,184.0,154.0,0.0,0.0
oe:player:adf20488d00fb576b16546b1c93611b,Casablanca,DECOY 21,LIT,EMEA,Deuxième niveau,Mid,10,-473.0,247.0,-186.0,,,
oe:player:94eacccfb7c67bf3618f855e796012f,Felkros,3v Team,LRN,Brésil & Amérique latine,Deuxième niveau,Support,44,-474.0,226.0,-665.0,166.0,0.0,0.0
oe:player:f072b8d92693786d40dfa56ddeac73a,rre,L Guide Gaming,LJL,Asie-Pacifique,Deuxième niveau,Mid,62,-475.0,227.0,161.0,158.0,0.0,0.0
oe:player:90704735ca9fc01f2244f23f6e5d635,Shiganari,Ronaldo Team,LPLOL,EMEA,Deuxième niveau,ADC,11,-475.0,244.0,-432.0,,,
oe:player:9b9e303baa4eeaef552c4fdb236f058,Huubiii,Macko Invictus,LIT,EMEA,Deuxième niveau,ADC,23,-476.0,236.0,-137.0,147.0,0.0,0.0
oe:player:feb29d48f9133d43a2a5faad1d92253,Pinnnk,Inferno Drive Tokyo,LJL,Asie-Pacifique,Deuxième niveau,Top,40,-476.0,240.0,162.0,153.0,0.0,0.0
oe:player:e146c7a6792a431dcc116aab343d646,Pericolo,Zena Esports,LIT,EMEA,Deuxième niveau,ADC,45,-477.0,217.0,-141.0,142.0,0.0,0.0
oe:player:54f128223ee01afa0a5c6412027a8ae,DiDi,Volticons,LRS,Brésil & Amérique latine,Deuxième niveau,Mid,59,-478.0,247.0,-196.0,167.5,0.0,0.0
oe:player:3ccc1bf70bf1cb077119d7477ac3b87,jmz,RED Academy,CD,Brésil & Amérique latine,Deuxième niveau,Top,34,-479.0,234.0,-1843.0,153.0,0.0,0.0
oe:player:d267ada2593780f4b32830a0d68c378,Fishue,Dynasty,ROL,EMEA,Deuxième niveau,Jungle,35,-480.0,230.0,-886.0,141.0,0.0,0.0
oe:player:f5c849161da2d457e71909e5df88ab0,Baro,Meavedron,HM,EMEA,Deuxième niveau,Top,41,-480.0,224.0,-313.0,146.0,0.0,0.0
oe:player:76ae2e1c04e57e1c385524a20193b25,LVS,Francesinhas,LPLOL,EMEA,Deuxième niveau,Top,24,-480.0,234.0,-76.0,155.0,0.0,0.0
oe:player:78a70c16ff5eac72f1331df4c7f244f,InoriB,Kits Esports,LRN,Brésil & Amérique latine,Deuxième niveau,ADC,29,-483.0,245.0,-211.0,167.0,0.0,0.0
oe:player:51f3aa27af393f856e9f2fc334f465e,Nobody,Malvinas Gaming,LRS,Brésil & Amérique latine,Deuxième niveau,Mid,44,-483.0,240.0,-224.0,176.0,0.0,0.0
oe:player:bc596913aa23926993c8114c5179c99,Baumeef,Once Upon A Team,ROL,EMEA,Deuxième niveau,Jungle,35,-484.0,224.0,-909.0,147.0,0.0,0.0
name:HKE Naskito,HKE Naskito,Huskies Esports,LIT,EMEA,Deuxième niveau,Support,15,-484.0,241.0,-328.0,,,
name:DC21 Mozzi,DC21 Mozzi,DECOY 21,LIT,EMEA,Deuxième niveau,Support,10,-485.0,247.0,-331.0,,,
name:DC21 Aarrow,DC21 Aarrow,DECOY 21,LIT,EMEA,Deuxième niveau,Top,10,-485.0,247.0,-431.0,,,
oe:player:58e4bc9bfd8c3b7a030bedd62dfe4ea,TinjaNurtles,Bubliki,LPLOL,EMEA,Deuxième niveau,Jungle,25,-486.0,237.0,-557.0,156.0,0.0,0.0
name:F8 Hannah,F8 Hannah,Fast8,LJL,Asie-Pacifique,Deuxième niveau,Top,14,-487.0,250.0,110.0,,,
oe:player:1da4c5a061dbff6d34c1b4d2baa2f97,Martote,Volticons,LRS,Brésil & Amérique latine,Deuxième niveau,Jungle,59,-487.0,247.0,5.0,175.0,0.0,0.0
oe:player:ceb93a60bf858bbd48c6641d26f1131,Gimi,Uwinks,LJL,Asie-Pacifique,Deuxième niveau,ADC,60,-487.0,232.0,362.0,156.0,0.0,0.0
oe:player:6ed6a1486997a94e5e6e047163540de,Diaakc,Kits Esports,LRN,Brésil & Amérique latine,Deuxième niveau,Top,15,-487.0,248.0,-1027.0,,,
oe:player:db8eec9c1a0e8b5bfdd392bbf864394,AERO,The ParadOx Invaders,HLL,EMEA,Deuxième niveau,Jungle,12,-487.0,243.0,-1703.0,,,
oe:player:b1149bcd2d65f7e1a8cda3784373d9e,Gwisin,P11 Esports,LIT,EMEA,Deuxième niveau,ADC,23,-487.0,236.0,-190.0,152.0,0.0,0.0
oe:player:b3a6fbc5101328b96727bb29c956aa9,Mentor,Bohemian Guardians,HM,EMEA,Deuxième niveau,Support,15,-488.0,240.0,-688.0,,,
oe:player:445e216f4809a17458911930e37cf67,Cacahuate,Kits Esports,LRN,Brésil & Amérique latine,Deuxième niveau,Top,14,-488.0,249.0,-1029.0,,,
oe:player:9b7c45e7ef1970c25aee38bf556f8c0,Kozak,SPIKE Syndicate,EBL,EMEA,Deuxième niveau,ADC,15,-490.0,245.0,-401.0,,,
oe:player:512728a77382644b3c1056c6a6c1796,Arrietty,SN CyberCore Esports,VCS,Asie-Pacifique,Deuxième niveau,ADC,11,-490.0,247.0,-1762.0,,,
oe:player:b4864ea32ed995ef62cb0c77796e5a6,CloudStrikee,Team Aqua ASD,LIT,EMEA,Deuxième niveau,Support,42,-491.0,220.0,-360.0,154.0,0.0,0.0
oe:player:036965ff328a7c9a23013badc1243d3,antana,VARREL YOUTH,LJL,Asie-Pacifique,Deuxième niveau,Top,25,-493.0,243.0,79.0,164.0,0.0,0.0
oe:player:a0768d89dec26206b95179ad9a1c08d,NOMA,Francesinhas,LPLOL,EMEA,Deuxième niveau,Mid,24,-493.0,234.0,-5.0,162.0,0.0,0.0
oe:player:5cd6a9269ede81b85d57e2beaaae6b0,Raysito,Zeu5 Esports,LRN,Brésil & Amérique latine,Deuxième niveau,ADC,39,-493.0,228.0,-263.0,169.0,0.0,0.0
oe:player:6f2dc4bac0e454d309ee4b6dda85a90,mannelig,SPIKE Syndicate,EBL,EMEA,Deuxième niveau,Support,15,-494.0,245.0,-586.0,,,
oe:player:5e50056807b9c8ac5d8bd32b4f68051,Sheshwa,Huskies Esports,LIT,EMEA,Deuxième niveau,Jungle,15,-494.0,241.0,-266.0,,,
oe:player:9f9d4246a2dcb6c75cf5900ee2131ec,skakavka,KIA.eSuba Academy,HC,EMEA,Troisième niveau,ADC,26,-494.0,238.0,987.0,12.0,0.0,0.027
oe:player:af8a7405810df428c254caf9ca2307a,Fabean,Hooligans,EBL,EMEA,Deuxième niveau,Mid,10,-495.0,244.0,-611.0,,,
oe:player:109c333d5ae82b7b38283b47a0beb73,IDA,Once Upon A Team,ROL,EMEA,Deuxième niveau,ADC,16,-495.0,237.0,-1127.0,,,
oe:player:76cd37a6bb754bf0970a0c7c0efca9d,Vlaren,eSuba,HM,EMEA,Deuxième niveau,Support,40,-497.0,215.0,-731.0,147.0,0.0,0.0
oe:player:353aa0077d2ab30216f42d668ba29af,BanaBeer,RLX Esports,EBL,EMEA,Deuxième niveau,Jungle,20,-497.0,240.0,-645.0,156.0,0.0,0.0
oe:player:55fc5254b9bd0935b092c052da40452,Kaylem,EKO Esports,LIT,EMEA,Deuxième niveau,Top,45,-498.0,214.0,-498.0,147.0,0.0,0.0
name:F8 raku,F8 raku,Fast8,LJL,Asie-Pacifique,Deuxième niveau,Support,14,-498.0,250.0,-42.0,,,
oe:player:df1274a25b88333180c934458717dc5,Mario,TIGROTS,LIT,EMEA,Deuxième niveau,Jungle,64,-500.0,223.0,-295.0,147.0,0.0,0.0
oe:player:5d19b31b19f362f152fd879942be56c,Shu Hari,Maze Gaming,LRS,Brésil & Amérique latine,Deuxième niveau,Support,52,-500.0,233.0,-819.0,171.0,0.0,0.0
oe:player:93536665434a2687fb7779a14c8ad57,smooth,RED Academy,CD,Brésil & Amérique latine,Deuxième niveau,Jungle,13,-500.0,247.0,-2241.0,,,
oe:player:6ae6337aeda6fb44f525a370205bfcd,Sala,Epitomy Esports,LIT,EMEA,Deuxième niveau,Top,12,-500.0,242.0,-506.0,,,
oe:player:ccc992cc5b34f0cfe45db07ab8fa04c,MayR,FENNEL,LJL,Asie-Pacifique,Deuxième niveau,ADC,74,-500.0,209.0,296.0,154.0,0.0,0.0
oe:player:1006fe0477eca3e51c987cb5bd38d87,Tuercas,NCG Esports,LRN,Brésil & Amérique latine,Deuxième niveau,Top,25,-500.0,241.0,-1091.0,166.0,0.0,0.0
oe:player:3a631438d6f2eba0ef81c8cc070fe15,iso,Docta Esports,LRS,Brésil & Amérique latine,Deuxième niveau,ADC,13,-501.0,253.0,-197.0,,,
oe:player:b4d2dcdc3e864cb46fa540ee6a00abe,Kyte,Team Aqua ASD,LIT,EMEA,Deuxième niveau,ADC,38,-501.0,223.0,-261.0,154.0,0.0,0.0
oe:player:fbbdc14045f1d9b78dd8fd4ca50306d,Piqueos,Golden Lions,LRS,Brésil & Amérique latine,Deuxième niveau,Mid,64,-503.0,235.0,-320.0,173.0,0.0,0.0
oe:player:5c7da09e1927795d296af4fcc570704,Deepe,KIA.eSuba Academy,HC,EMEA,Troisième niveau,Mid,54,-503.0,222.0,879.0,10.0,0.0,0.2
oe:player:fb20df3c2584739649c47e15bdd1e1e,Nightmares,The Bandits,ROL,EMEA,Deuxième niveau,Support,21,-505.0,231.0,-1162.0,149.0,0.0,0.0
oe:player:36e733ef5f34991279e5eccecdee73f,Demonadc,Bubliki,LPLOL,EMEA,Deuxième niveau,ADC,51,-505.0,217.0,-583.0,134.0,0.0,0.0
oe:player:33216b5a95ae03d66f0fe689352184f,Xero,Rich Gang,LIT,EMEA,Deuxième niveau,Mid,19,-505.0,228.0,-349.0,,,
oe:player:4a867124044ab3fd40ddfb8676e65e7,VirusFx,SDM Tigres,LRN,Brésil & Amérique latine,Deuxième niveau,ADC,38,-510.0,238.0,-345.0,168.0,0.0,0.0
name:RDT raisu,RDT raisu,Ronaldo Team,LPLOL,EMEA,Deuxième niveau,Support,11,-510.0,244.0,-1136.0,,,
oe:player:080079ade773c7f23f7a15d3bc04b6f,Skaterot,Only The Family,EBL,EMEA,Deuxième niveau,Mid,24,-510.0,239.0,-686.0,155.0,0.0,0.0
name:CAG kaylie,CAG kaylie,CAG OSAKA,LJL,Asie-Pacifique,Deuxième niveau,Mid,12,-511.0,248.0,-17.0,,,
oe:player:e6a18449351b85552e1377a016dd0ed,Drzemik,Onion Team,HM,EMEA,Deuxième niveau,ADC,34,-511.0,226.0,-861.0,157.0,0.0,0.0
oe:player:1b291df3d882e7cd293c4eed13f19cd,Iybc9o2q,Kits Esports,LRN,Brésil & Amérique latine,Deuxième niveau,Mid,29,-512.0,245.0,-460.0,172.0,0.0,0.0
oe:player:ba1c003769638fb7993b8d39e47b8a0,KNEZA,BRUTE,HM,EMEA,Deuxième niveau,ADC,57,-513.0,220.0,-875.0,154.0,0.0,0.0
oe:player:95d4df6e2166f35aa6e037ed9009a9c,Solfurion,DECOY 21,LIT,EMEA,Deuxième niveau,Jungle,10,-514.0,247.0,-364.0,,,
oe:player:b88bfb0c6a92f2862d9333b5b4ab190,salgueir0,White Dragons,LPLOL,EMEA,Deuxième niveau,Jungle,29,-514.0,231.0,-696.0,162.0,0.0,0.0
oe:player:79c92e33654a88f6aa589017040a2d7,Flashpowa,Dream Esports,LPLOL,EMEA,Deuxième niveau,ADC,14,-514.0,241.0,-626.0,,,
oe:player:4a24531d8f1f1b291f870bbd7e38eea,Kangkuk,RAYN Clocks,LJL,Asie-Pacifique,Deuxième niveau,Jungle,52,-514.0,241.0,-41.0,171.0,0.0,0.0
oe:player:f62515559d817cb05f979bfdf640cfe,Tigrot,TIGROTS,LIT,EMEA,Deuxième niveau,Support,27,-515.0,238.0,-481.0,165.0,0.0,0.0
oe:player:4b54bd2134c923b7b6a9bab64ef00cd,Dreampull,Capybara Esports,LPLOL,EMEA,Deuxième niveau,Top,25,-515.0,227.0,-250.0,161.0,0.0,0.0
oe:player:2d57548e17edd21f589d538e2214515,Protos,Apex Mission Impossible,NACL,Amérique du Nord,Deuxième niveau,Support,19,-515.0,248.0,-2047.0,,,
oe:player:197d7a5583ea95b5ec1e19e874a90aa,K1ng,Hyperion (Portuguese Team),HLL,EMEA,Deuxième niveau,ADC,23,-515.0,228.0,-1552.0,138.0,0.0,0.0
oe:player:bac2b379dca106b0b735884b9e3ad42,Crow,T1 Esports Academy Rookies,LAS,Corée,Troisième niveau,Mid,60,-515.0,258.0,-369.0,20.0,0.0,0.0
oe:player:ddadc615bd8287a5654eb0dedd6052f,Eria,New Meta,LJL,Asie-Pacifique,Deuxième niveau,Mid,26,-516.0,232.0,-41.0,171.0,0.0,0.0
oe:player:69fcf7c5f68e79cd22831a85aa98f60,Tasteless,Lupus Esports,EBL,EMEA,Deuxième niveau,Support,11,-516.0,243.0,-700.0,,,
name:NGE Katashi,NGE Katashi,NORTHERNGRADE ESPORTS,LPLOL,EMEA,Deuxième niveau,Mid,10,-516.0,244.0,-120.0,,,
oe:player:0bb73e8f8257d5ab3dc5cbc42c5fd4f,Gyeol,DN SOOPers Academy,LAS,Corée,Troisième niveau,Support,33,-519.0,263.0,-396.0,16.0,0.0,0.0
oe:player:efe35ff41011bd30be370d738ef32fd,Benny,Bohemian Guardians,HM,EMEA,Deuxième niveau,Jungle,15,-521.0,240.0,-1068.0,,,
oe:player:8143be9a534c52a80c338e924742f09,Xen0gan,P11 Esports,LIT,EMEA,Deuxième niveau,Mid,15,-523.0,235.0,-438.0,,,
oe:player:d347a8d9f7d384ae1073fb27eee2cbb,Hound,Nongshim RedForce Academy,LAS,Corée,Troisième niveau,ADC,26,-525.0,269.0,-498.0,16.0,0.0,0.0
oe:player:d9a5f3725f900432926e465a273b7cb,Pesho,Lupus Esports,EBL,EMEA,Deuxième niveau,Mid,11,-525.0,243.0,-759.0,,,
oe:player:501007c5ed71f0153348a2352ed154f,Mihai,EKO Esports,EBL,EMEA,Deuxième niveau,ADC,51,-525.0,218.0,-576.0,147.0,0.0,0.0
oe:player:97e737335eeb7b84909a07bc9e96eed,Baca,Otter Side,LPLOL,EMEA,Deuxième niveau,Mid,49,-526.0,215.0,-166.0,138.0,0.0,0.0
oe:player:2793e5e280ac874358d3212bdbf1739,Sikterr,Croatian Flair,EBL,EMEA,Deuxième niveau,Jungle,21,-526.0,235.0,-785.0,154.0,0.0,0.0
oe:player:f5398d82aa4655c8f832df880829397,John P,mCon esports,ROL,EMEA,Deuxième niveau,Top,11,-527.0,242.0,-1421.0,,,
oe:player:af84f1c98815a4084ab217947ecd721,ankochan,Rising Gaming,LJL,Asie-Pacifique,Deuxième niveau,Jungle,41,-530.0,245.0,-121.0,165.5,0.0,0.0
oe:player:11ca8602d3855c158442bb37c9254bb,Neadz,Seven Dark,LRS,Brésil & Amérique latine,Deuxième niveau,Mid,10,-531.0,258.0,-464.0,,,
oe:player:254b7a88124e919dc01acb8fc0c94ae,Shinn,ALMO Players,HLL,EMEA,Deuxième niveau,Top,12,-531.0,242.0,-1993.0,,,
oe:player:4a336d087aeb0390da10ee2ea7cb87f,Godot,New Meta,LJL,Asie-Pacifique,Deuxième niveau,ADC,32,-534.0,235.0,129.0,167.0,0.0,0.0
oe:player:6dd757cbdd852a16f222a7d1a07eab3,mb,New Meta,LJL,Asie-Pacifique,Deuxième niveau,Jungle,14,-534.0,247.0,-141.0,,,
oe:player:2eec415168a9f5810a8674fd4213fa9,Sahira,Crusaders,LPLOL,EMEA,Deuxième niveau,Mid,14,-535.0,242.0,-211.0,,,
oe:player:ca8ad4099675f6ce245e92ba14445d2,Ratth,3v Team,LRN,Brésil & Amérique latine,Deuxième niveau,ADC,23,-535.0,238.0,-474.0,171.0,0.0,0.0
oe:player:128cd30f4dac395073ab39629969db8,dylux,GD Esports,HC,EMEA,Troisième niveau,Jungle,30,-539.0,234.0,757.0,17.0,0.0,0.0
oe:player:5b84142a1b343346c300bc94be3d8fc,Naitz,Maze Gaming,LRS,Brésil & Amérique latine,Deuxième niveau,ADC,10,-540.0,262.0,-394.0,,,
oe:player:f77b9955284b640485b8d17deb187f7,Leader,Hooligans,EBL,EMEA,Deuxième niveau,Jungle,23,-541.0,226.0,-864.0,166.0,0.0,0.0
oe:player:e39585edfa4a1683446a5d1854fe9a5,costy,Francesinhas,LPLOL,EMEA,Deuxième niveau,ADC,24,-541.0,234.0,-765.0,161.0,0.0,0.0
oe:player:3587454d4910f0665e2fda36ad2e91c,Nomanz,Ronaldo Team,LPLOL,EMEA,Deuxième niveau,Mid,16,-542.0,238.0,-246.0,,,
oe:player:53a722597f9fe835806af2f76fbb3b4,Vares,3v Team,LRN,Brésil & Amérique latine,Deuxième niveau,Mid,34,-542.0,230.0,-607.0,177.0,0.0,0.0
oe:player:69a99f608340f12d821de723a60f3c4,Zoey,Embrace Whatever Happens,PCS,Asie-Pacifique,Deuxième niveau,Mid,11,-544.0,250.0,-2243.0,,,
oe:player:6b857fe1d3971aebd9f35f421d56806,Painful,mCon esports,ROL,EMEA,Deuxième niveau,Mid,21,-544.0,231.0,-1561.0,161.0,0.0,0.0
oe:player:e04d1bb5ea9774dff099866c0c4642c,RenYe,Sponge Gaming,PCS,Asie-Pacifique,Deuxième niveau,Jungle,10,-545.0,250.0,-2254.0,,,
oe:player:181a727d0b7341075cf4e347f218b75,koisi,NOVEX,LJL,Asie-Pacifique,Deuxième niveau,Support,22,-547.0,238.0,-286.0,170.0,0.0,0.0
oe:player:35474b73b01947a733d6ee8eb6df3f8,Glimpse,Crusaders,LPLOL,EMEA,Deuxième niveau,ADC,14,-547.0,242.0,-791.0,,,
name:F8 aspire,F8 aspire,Fast8,LJL,Asie-Pacifique,Deuxième niveau,Mid,12,-548.0,251.0,-202.0,,,
oe:player:7db713e72c2aa2b0c3254a04066873b,Hamudis,Deacoy,LIT,EMEA,Deuxième niveau,Jungle,15,-548.0,240.0,-535.0,,,
oe:player:db8d1a5f6d31b25100b118a398bede4,VOPI,Priority,HC,EMEA,Troisième niveau,Top,71,-549.0,218.0,784.0,13.0,0.0,0.063
oe:player:b88b626722858edeaac9ef80db9d03f,Prosty,Zerolag Esports,HLL,EMEA,Deuxième niveau,ADC,21,-550.0,236.0,-1728.0,151.0,0.0,0.0
oe:player:a582d1e76f63cb24fe5ecec0409c137,Lucifer,Embrace Whatever Happens,PCS,Asie-Pacifique,Deuxième niveau,ADC,11,-550.0,250.0,-2383.0,,,
oe:player:92d72eced2158938cc6c5615838a432,Padawii,TIGROTS,LIT,EMEA,Deuxième niveau,ADC,27,-551.0,238.0,-511.0,163.0,0.0,0.0
oe:player:057068fec5576ae03b86de01c0f4192,Sprotte,SPIKE Syndicate,ROL,EMEA,Deuxième niveau,Top,32,-551.0,234.0,-1544.0,158.0,0.0,0.0
oe:player:f80f443cd63aa14f81ffb468c7ac12d,Izo,GMBLERS Esports,LIT,EMEA,Deuxième niveau,Jungle,32,-551.0,222.0,-551.0,166.0,0.0,0.0
oe:player:446ab8975b0d404881263d03beae83a,chico,RAYN Clocks,LJL,Asie-Pacifique,Deuxième niveau,Support,52,-552.0,241.0,-310.0,170.0,0.0,0.0
oe:player:9644eeb7778d2314eeabefbc4e380aa,CrabLord,ALMO Players,HLL,EMEA,Deuxième niveau,Support,33,-553.0,221.0,-1764.0,166.0,0.0,0.0
oe:player:5ef20c339663b3e40f1978b16101aed,Giankios,Seven Dark,LRS,Brésil & Amérique latine,Deuxième niveau,Top,30,-553.0,240.0,-707.0,182.0,0.0,0.0
oe:player:ddbcde4e16d0a881425aa82bf39c953,Noivex,RLX Esports,EBL,EMEA,Deuxième niveau,Top,15,-553.0,243.0,-976.0,,,
oe:player:99c936569827ca4a07cf9d069b551fd,StarPax,Priority,HC,EMEA,Troisième niveau,Support,17,-553.0,246.0,301.0,,,
name:BOO Looter,BOO Looter,Bamboo Juice,LJL,Asie-Pacifique,Deuxième niveau,Top,14,-553.0,246.0,-222.0,,,
oe:player:80932fb9a9194e06d140ab59c7453a9,Anechek,Dominion Goblins,LPLOL,EMEA,Deuxième niveau,Jungle,18,-554.0,235.0,-896.0,,,
oe:player:64d87269544d68e576128c6614e235e,Relax,Golden Lions,LRN,Brésil & Amérique latine,Deuxième niveau,Support,15,-555.0,244.0,-1070.0,,,
oe:player:11916d1a65a6b8f495442ec8c763abe,Nukenin,RED Academy,CD,Brésil & Amérique latine,Deuxième niveau,Mid,15,-555.0,244.0,-2504.0,,,
oe:player:eb86ec5d7d03419b8a9354c043e75d4,Adizai,Sponge Gaming,PCS,Asie-Pacifique,Deuxième niveau,Top,10,-555.0,250.0,-2261.0,,,
oe:player:75c5280526dbc2d79f01b3c649c8606,Zhayend,LYON Academy,LRN,Brésil & Amérique latine,Deuxième niveau,Top,34,-555.0,236.0,-1365.0,172.0,0.0,0.0
oe:player:af746698d2b4c0d11ac9667c2934c1b,Luke,2 Massive,NLC,EMEA,Deuxième niveau,Support,13,-556.0,236.0,-2147.0,,,
oe:player:c2e7db5ac7ab74ea4bb9a7a89d251f3,Fluid,RAYN Clocks,LJL,Asie-Pacifique,Deuxième niveau,ADC,33,-556.0,235.0,20.0,171.0,0.0,0.0
oe:player:2b063d4f83d1b9e5d66173c0cc5ca7a,Davyyy,TIGROTS,LIT,EMEA,Deuxième niveau,Top,19,-556.0,229.0,-787.0,,,
oe:player:73547debfaca58004ee828b6fadc7be,Arp,Andromeda Gaming,HC,EMEA,Troisième niveau,Jungle,58,-556.0,222.0,670.0,13.0,0.0,0.087
oe:player:ffa51c3e9e63cddfc4e8c4adcf6f016,Unchained,Hooligans,ROL,EMEA,Deuxième niveau,Mid,15,-558.0,237.0,-1633.0,,,
oe:player:8efa8f12fd67a2cd28acf5dc23e415e,Robi,SPIKE Syndicate,EBL,EMEA,Deuxième niveau,Mid,33,-558.0,222.0,-928.0,159.0,0.0,0.0
oe:player:60875bca42334fadaa064eccd7bf672,Razer,RAYN Clocks,LJL,Asie-Pacifique,Deuxième niveau,Mid,52,-559.0,241.0,-256.0,173.0,0.0,0.0
oe:player:057e1311cee49a0d261599834706669,ichida,Uwinks,LJL,Asie-Pacifique,Deuxième niveau,Mid,12,-561.0,248.0,-269.0,,,
oe:player:369527480223407c4bc2a0f8f1c3437,Crocomux,EKO Esports,LIT,EMEA,Deuxième niveau,Mid,10,-562.0,247.0,-631.0,,,
oe:player:41b43aeef1f9ea690143b0fe21012af,Kaka,Priority,HC,EMEA,Troisième niveau,Mid,35,-562.0,241.0,582.0,19.0,0.0,0.0
oe:player:a69b6dcbd29cc775147bfbb79650b7b,Cor,3v Team,LRN,Brésil & Amérique latine,Deuxième niveau,Mid,40,-563.0,226.0,-712.0,176.0,0.0,0.0
oe:player:6c5b90cea858312b4a7f070448f8cd1,Ferrari,SPIKE Syndicate,EBL,EMEA,Deuxième niveau,Jungle,44,-563.0,222.0,-971.0,153.0,0.0,0.0
oe:player:c71b4244f70372f8be07a3e83c58490,Heroic,Bubliki,LPLOL,EMEA,Deuxième niveau,Mid,25,-565.0,229.0,-362.0,165.0,0.0,0.0
oe:player:d71e41913217f163f27dc3625878dea,2 Meters,Hooligans,EBL,EMEA,Deuxième niveau,Top,12,-565.0,242.0,-1031.0,,,
oe:player:643e865a69b74aac65ec052c8fffdd5,BANKAI,Dream Esports,LPLOL,EMEA,Deuxième niveau,Mid,15,-567.0,242.0,-372.0,,,
oe:player:5ea53619e3ad29fce5f9bcb86b4625e,Elbow,DN SOOPers Academy,LAS,Corée,Troisième niveau,Mid,55,-568.0,261.0,-632.0,20.0,0.0,0.0
oe:player:a95e5e282ca94cada825884cb9b3fce,Krosak,Onion Team,HM,EMEA,Deuxième niveau,Top,33,-570.0,225.0,-761.0,165.0,0.0,0.0
oe:player:ccd47b3ec9b7a034b2b71e8516427e3,ZaFiR,Hyperion (Portuguese Team),EBL,EMEA,Deuxième niveau,Support,20,-572.0,230.0,-978.0,163.0,0.0,0.0
oe:player:c142368a9f94d6334133932a7e5ce0d,Speedy,EKO Esports,LIT,EMEA,Deuxième niveau,Jungle,10,-577.0,247.0,-681.0,,,
oe:player:e29ed806daf39c7a06053ad25958831,Mitir,SDM Tigres,LRN,Brésil & Amérique latine,Deuxième niveau,Jungle,27,-577.0,231.0,-538.0,181.0,0.0,0.0
oe:player:a62c9e65a78ee4eb32866252a8245d5,FallenBandit,Tung Tung Bogi,LPLOL,EMEA,Deuxième niveau,Jungle,24,-579.0,231.0,-1020.0,170.0,0.0,0.0
oe:player:b8c73532f4d33529a8da6a674b48eb3,Lukyss,EXILE esports,HM,EMEA,Deuxième niveau,Mid,44,-579.0,220.0,-876.0,165.5,0.0,0.0
oe:player:4446416900bb962f7527d4edcaae261,Candy,Lupus Esports,EBL,EMEA,Deuxième niveau,Support,29,-581.0,232.0,-1024.0,163.0,0.0,0.0
oe:player:cce5953fa7580178f396cdd3f8d618e,Lumity,Bohemian Guardians,HM,EMEA,Deuxième niveau,Mid,26,-582.0,225.0,-891.0,175.0,0.0,0.0
oe:player:f56e93a0a29a8de2f3e016cd9b094f5,Phaxi,SPIKE Syndicate,EBL,EMEA,Deuxième niveau,Top,13,-583.0,241.0,-1123.0,,,
oe:player:9bda72744c8fe5988fdde2ff0b76967,Lesranct,TITANS,LIT,EMEA,Deuxième niveau,Jungle,20,-585.0,236.0,-722.0,170.0,0.0,0.0
oe:player:2ae9333fed6cff00dc0343197c38a06,Floris56,Senshi eSports,ROL,EMEA,Deuxième niveau,ADC,17,-586.0,237.0,-1581.0,,,
oe:player:e244c28dde9c488240120cd7610157b,Maciejka,P11 Esports,LIT,EMEA,Deuxième niveau,Jungle,24,-587.0,233.0,-731.0,171.0,0.0,0.0
name:F8 hanya,F8 hanya,Fast8,LJL,Asie-Pacifique,Deuxième niveau,Top,12,-587.0,251.0,-390.0,,,
oe:player:3942bf152929c478f159471dd4002af,DeadlyMark,SDM Tigres,LRN,Brésil & Amérique latine,Deuxième niveau,Mid,35,-587.0,230.0,-834.0,184.0,0.0,0.0
oe:player:cb819a56beaa07683bc3e1206befd22,VeRu,Lupus Esports,EBL,EMEA,Deuxième niveau,Mid,31,-587.0,231.0,-1073.0,166.0,0.0,0.0
oe:player:05ca62c3fde47bc7007e5fd40e17e4f,Iso99,P11 Esports,LIT,EMEA,Deuxième niveau,Jungle,12,-588.0,242.0,-738.0,,,
oe:player:263e0ff91c901b48bd76aaad566f610,Dmns,BRUTE,HM,EMEA,Deuxième niveau,Jungle,20,-589.0,239.0,-1410.0,173.0,0.0,0.0
oe:player:35f5192d4fdd084a780d636ae812cb7,ardaffler,Bubliki,LPLOL,EMEA,Deuxième niveau,Mid,28,-590.0,227.0,-486.0,170.0,0.0,0.0
oe:player:c6a3d2fb852e7fbe44c84dd6e23f971,Pyl,Seven Dark,LRS,Brésil & Amérique latine,Deuxième niveau,Support,10,-591.0,258.0,-1273.0,,,
oe:player:e8c919d3f00bdbf7d459ec07dcead87,Coli,Dynasty,EBL,EMEA,Deuxième niveau,Support,30,-591.0,225.0,-1075.0,167.0,0.0,0.0
oe:player:3e8563506ef81301ece60cd09f220a2,Sankaizer,Bubliki,LPLOL,EMEA,Deuxième niveau,Top,31,-593.0,228.0,-642.0,165.0,0.0,0.0
oe:player:fc6003dc87eeb21cbf6f41ad2dfd4bb,Wooper,HANJIN BRION Academy,LAS,Corée,Troisième niveau,ADC,78,-594.0,262.0,-840.0,17.0,0.0,0.0
oe:player:14ad39cb23a56a8c81832b654fb1018,Ls,NOVEX,LJL,Asie-Pacifique,Deuxième niveau,Support,12,-595.0,248.0,-528.0,,,
oe:player:e6e7d48f6108bf9c5121c825b20b11e,Apoka,9z Globant,LRS,Brésil & Amérique latine,Deuxième niveau,Jungle,33,-595.0,244.0,-534.0,186.0,0.0,0.0
oe:player:eb73a074813cb61e81a742c0e4e55cd,Joekie,mCon esports,ROL,EMEA,Deuxième niveau,Jungle,22,-597.0,233.0,-1472.0,166.0,0.0,0.0
oe:player:1f0ed73b59783de405778f275d896b8,Nephix,Bohemian Guardians,HM,EMEA,Deuxième niveau,ADC,12,-598.0,241.0,-1297.0,,,
oe:player:011f74e6bc17f1d6c390d7e1a8e1594,Fengu,Dominion Goblins,LPLOL,EMEA,Deuxième niveau,ADC,12,-598.0,243.0,-1046.0,,,
oe:player:7bb257e3cbfb5ab2f597a76848372d1,CROmpir,RLX Esports,EBL,EMEA,Deuxième niveau,Mid,41,-600.0,220.0,-1135.0,162.0,0.0,0.0
oe:player:1d6cd255124f73442571e8ceef2e479,Kellie,RLX Esports,EBL,EMEA,Deuxième niveau,Support,30,-600.0,223.0,-1117.0,167.0,0.0,0.0
oe:player:ea7fb2b47622d7fb1683668cc091a26,Downed,BRUTE,HM,EMEA,Deuxième niveau,Mid,14,-600.0,240.0,-978.0,,,
oe:player:4f7a70e4a2d3a81289bd3efad09b915,Fatorix,SDM Tigres,LRN,Brésil & Amérique latine,Deuxième niveau,ADC,18,-602.0,245.0,-805.0,,,
oe:player:81135f45a241b12d3f0f5bfe8428492,suyahime,New Meta,LJL,Asie-Pacifique,Deuxième niveau,ADC,18,-602.0,244.0,-213.0,,,
oe:player:8ab502bbb3e12f2c4b01463455c6577,MegaJ,Lupus Esports,EBL,EMEA,Deuxième niveau,Top,20,-605.0,231.0,-1236.0,165.0,0.0,0.0
oe:player:fb515df69f26e57931be9597a318d10,Alitan,NCG Esports,LRN,Brésil & Amérique latine,Deuxième niveau,Jungle,16,-605.0,248.0,-678.0,,,
oe:player:25424efa0c96cece7d3b0a54d344917,Proxie,EXILE esports Academy,HC,EMEA,Troisième niveau,Jungle,19,-608.0,248.0,410.0,,,
oe:player:acc9bbf8eb8cd02c0adb62d7a6c1717,f4ke,Uwinks,LJL,Asie-Pacifique,Deuxième niveau,Support,53,-609.0,221.0,-597.0,170.0,0.0,0.0
oe:player:52bc99d5390cae1d4097906abde0560,Inspire,Onion Team,HM,EMEA,Deuxième niveau,Mid,22,-609.0,232.0,-1027.0,173.0,0.0,0.0
oe:player:5ceca96ff1bf52b5c77de78c0bdea0b,Shavo,Polar Squad Esports,LRN,Brésil & Amérique latine,Deuxième niveau,Top,19,-609.0,247.0,-1637.0,,,
oe:player:626ce4966b5ec76ebc22d57c1fe9c55,Skyp,BRUTE,HM,EMEA,Deuxième niveau,ADC,13,-609.0,241.0,-1354.0,,,
oe:player:d326adc6ef1c5eab1f96472fce6ff9a,Ranorr,CITA Kaizen Academy,HC,EMEA,Troisième niveau,Support,33,-611.0,227.0,8.0,17.0,0.0,0.0
oe:player:2d3d09f928dbf1e6732b3b25e2f7969,Pinguino,P11 Esports,LIT,EMEA,Deuxième niveau,Support,24,-611.0,233.0,-962.0,169.0,0.0,0.0
oe:player:f822fb08ce4a8ca4d1b9421f5a6c92c,Calcifer,Gen.G Scholars,LAS,Corée,Troisième niveau,Jungle,27,-612.0,272.0,-851.0,20.0,0.0,0.0
oe:player:0e9764ca8971894af709c0cd603e6b6,Faded,Aeterna Esports,LIT,EMEA,Deuxième niveau,Mid,43,-612.0,212.0,-882.0,145.0,0.0,0.0
oe:player:c1edf083b601278a8eadacb63ac2dc4,PrettyFellow,Dominion Goblins,LPLOL,EMEA,Deuxième niveau,Support,12,-612.0,243.0,-1646.0,,,
name:VK velbellys,VK velbellys,VelbeliKaizokudan,LJL,Asie-Pacifique,Deuxième niveau,Mid,11,-613.0,251.0,-530.0,,,
oe:player:8f795733ef6cce05a5cf2a971026a89,Messclick,2 Massive,HLL,EMEA,Deuxième niveau,ADC,12,-618.0,236.0,-2069.0,,,
oe:player:7e07fe80f20bacefefe430e7ce179ca,Maty,Rugby Club Havířov,HC,EMEA,Troisième niveau,Support,26,-619.0,243.0,-31.0,17.0,0.0,0.0
oe:player:e9b14ee01169f2b367c7fc21848679f,SkyMind,The New Kings,LRS,Brésil & Amérique latine,Deuxième niveau,Mid,15,-619.0,253.0,-903.0,,,
oe:player:d9a552510a192deddf72255314c5bd3,Woda,Priority,HC,EMEA,Troisième niveau,ADC,18,-620.0,245.0,359.0,,,
oe:player:e58cdf8eba80387a09db24e165d7d1c,S1D,StoneHenge Esports,LIT,EMEA,Deuxième niveau,Support,32,-622.0,227.0,-1016.0,172.0,0.0,0.0
oe:player:9c21900bc9b7ccaa68c9166ddc0d301,Ezekiel,Kiwoom DRX Academy,LAS,Corée,Troisième niveau,ADC,17,-622.0,271.0,-981.0,,,
oe:player:751cd8edb7efae20c6a1038b6f93578,Pinki,Dream Esports,LPLOL,EMEA,Deuxième niveau,ADC,10,-626.0,248.0,-1190.0,,,
oe:player:8f062f09914ad1ebd28fc038bc937f6,Tea0r,KIA.eSuba Academy,HC,EMEA,Troisième niveau,Top,19,-628.0,242.0,388.0,,,
oe:player:c15d2ad445223acab83deffd548e4e0,Shack,TIGROTS,LIT,EMEA,Deuxième niveau,Mid,28,-630.0,238.0,-972.0,174.0,0.0,0.0
oe:player:67c568f88ce6c42b143710d6cb099ae,SnowRabbit,L Guide Gaming,LJL,Asie-Pacifique,Deuxième niveau,Top,60,-631.0,227.0,-611.0,169.0,0.0,0.0
oe:player:dee927e28cc39567b04117d81d3a04c,Alessio,EKO Esports,LIT,EMEA,Deuxième niveau,ADC,17,-632.0,233.0,-916.0,,,
oe:player:dab9d868efc0d19f7f347ba16c372bc,Karaage,L Guide Gaming,LJL,Asie-Pacifique,Deuxième niveau,Mid,42,-634.0,223.0,-631.0,178.0,0.0,0.0
oe:player:812b4f62c34f31d0aefc203b3b25a45,Młody G,BRUTE,HM,EMEA,Deuxième niveau,Mid,45,-641.0,224.0,-1184.0,183.0,0.0,0.0
oe:player:e0de26f0a384910f4bc50840134cd83,Hajnlik,KIA.eSuba Academy,HC,EMEA,Troisième niveau,Jungle,16,-641.0,249.0,247.0,,,
oe:player:bebd7232cbea41e999052c3bf487a8f,Venhamin,Maze Gaming,LRS,Brésil & Amérique latine,Deuxième niveau,Top,13,-642.0,253.0,-1155.0,,,
name:TTB Artishpalk,TTB Artishpalk,Tung Tung Bogi,LPLOL,EMEA,Deuxième niveau,Top,13,-642.0,243.0,-887.0,,,
oe:player:a6aa4786c309511bd63cd8f39bc3e4b,Munet,BRUTE,HM,EMEA,Deuxième niveau,Support,16,-643.0,238.0,-1462.0,,,
oe:player:477b8a477dcadb95a077f6747512277,Hika,Malvinas Gaming,LRS,Brésil & Amérique latine,Deuxième niveau,ADC,19,-644.0,250.0,-912.0,,,
oe:player:45bcb11782eca4084400fa8edd067c4,Foxy,Zeu5 Esports,LRN,Brésil & Amérique latine,Deuxième niveau,ADC,28,-644.0,243.0,-1015.0,178.0,0.0,0.0
oe:player:55b9ef62724d0ff3f1bf9eb6f08f738,Sadaz,Zena Esports,LIT,EMEA,Deuxième niveau,Mid,10,-645.0,244.0,-1048.0,,,
name:BOO SEKAI,BOO SEKAI,Bamboo Juice,LJL,Asie-Pacifique,Deuxième niveau,Support,11,-647.0,249.0,-788.0,,,
name:TTB Trtgfg,TTB Trtgfg,Tung Tung Bogi,LPLOL,EMEA,Deuxième niveau,Mid,13,-647.0,243.0,-775.0,,,
oe:player:67213aabdc8bd3a8433ad50dc749660,Hunter,Onion Team,HM,EMEA,Deuxième niveau,Jungle,10,-648.0,235.0,-1703.0,,,
oe:player:fbaec1343d1fe5ee789e408f4cb7993,brokk,Dominion Goblins,LPLOL,EMEA,Deuxième niveau,Top,12,-649.0,243.0,-919.0,,,
oe:player:fc74fb12b38459b4a624eaf48c740cc,Dezo,NORTHERNGRADE ESPORTS,LPLOL,EMEA,Deuxième niveau,ADC,12,-650.0,241.0,-1309.0,,,
oe:player:1ba7139262b446b810f6ed84583b546,Cherry,Andromeda Gaming,HC,EMEA,Troisième niveau,Support,57,-650.0,227.0,-184.0,14.0,0.0,0.0
oe:player:cc0722b733e25829ed9de9e93ac97be,Stein,KIA.eSuba Academy,HC,EMEA,Troisième niveau,Top,15,-650.0,248.0,277.0,,,
oe:player:bdd19b5a1a54dd807ddd2177d4656be,Semide,GTZ Esports,LPLOL,EMEA,Deuxième niveau,Mid,13,-653.0,239.0,-804.0,,,
oe:player:5323274d1d895fb72872217f95701c6,Dinastik,Docta Esports,LRS,Brésil & Amérique latine,Deuxième niveau,Top,35,-653.0,239.0,-1208.0,184.0,0.0,0.0
oe:player:ffc7be970454e6871321d2385be5a22,Creon,TITANS,LIT,EMEA,Deuxième niveau,ADC,16,-653.0,244.0,-1018.0,,,
oe:player:7b7ec7c6a51611fd56338a689ac3fd2,Namsi,Nongshim RedForce Academy,LAS,Corée,Troisième niveau,Support,70,-653.0,256.0,-1067.0,19.0,0.0,0.0
oe:player:dfc55a92566a6cc7cd3208f8ae8a05e,Kantoshi,Polar Squad Esports,LRN,Brésil & Amérique latine,Deuxième niveau,Top,16,-654.0,244.0,-1861.0,,,
oe:player:31a1016a55a58488cfcefbc29f995b9,NANINI,LYON Academy,LRN,Brésil & Amérique latine,Deuxième niveau,ADC,15,-654.0,249.0,-1069.0,,,
oe:player:ccec8f28b82e9f05c7d53a2cd96765a,nonnein,HANJIN BRION Academy,LAS,Corée,Troisième niveau,Top,78,-655.0,262.0,-1263.0,17.0,0.0,0.0
oe:player:0cac791d362ac551128b6837ad41852,z1zimink,Dominion Goblins,LPLOL,EMEA,Deuxième niveau,Mid,12,-657.0,243.0,-821.0,,,
oe:player:b326d714f788e17d607ea289549fe64,Damocles,DetonatioN FocusMe Academy,LJL,Asie-Pacifique,Deuxième niveau,ADC,22,-657.0,246.0,-485.0,177.0,0.0,0.0
oe:player:c274366e638db2400f33a093f331e26,Ludas Matyi,Team Spawn Peek,EBL,EMEA,Deuxième niveau,ADC,20,-659.0,235.0,-1245.0,156.0,0.0,0.0
oe:player:6f0b9ee3ec1a59b7a6328d28ef7ba70,Mirae,Gen.G Scholars,LAS,Corée,Troisième niveau,Support,27,-659.0,272.0,-1099.0,22.0,0.0,0.0
oe:player:afd167e3331800ae7634a7ac2de45be,Cow,Seven Dark,LRS,Brésil & Amérique latine,Deuxième niveau,Jungle,23,-662.0,244.0,-868.0,188.0,0.0,0.0
oe:player:f6bc8a833bcb82beb8eba1c57fa0c2a,Dzejno,EXILE esports Academy,HC,EMEA,Troisième niveau,Support,28,-664.0,251.0,-258.0,19.0,0.0,0.0
oe:player:c782675212f4c079c9ebf4ec9bd2b82,Baki,Lupus Esports,EBL,EMEA,Deuxième niveau,ADC,19,-665.0,235.0,-1276.0,,,
oe:player:344b46440a3a5185f14bc61e35f7bec,Tinchoxar,Malvinas Gaming,LRS,Brésil & Amérique latine,Deuxième niveau,Jungle,12,-665.0,255.0,-881.0,,,
oe:player:8050256d3f03cc763397a4a4a87cb50,BetoEZ,NCG Esports,LRN,Brésil & Amérique latine,Deuxième niveau,Support,17,-667.0,246.0,-1633.0,,,
oe:player:84267170504b66790b8320ffb98f0af,Catan,Polar Squad Esports,LRN,Brésil & Amérique latine,Deuxième niveau,ADC,17,-667.0,247.0,-1132.0,,,
oe:player:8a394e917a10563670e57b91a036d89,Lexendo,EXILE esports,HM,EMEA,Deuxième niveau,ADC,56,-668.0,222.0,-1651.0,171.0,0.0,0.0
oe:player:cd7315572d3cfee47431581955a9eff,Interor,BRUTE,HM,EMEA,Deuxième niveau,Top,14,-668.0,239.0,-1252.0,,,
oe:player:7cf52cd5faeb40933eb7d819c8637fb,KUMEW,Docta Esports,LRS,Brésil & Amérique latine,Deuxième niveau,ADC,38,-669.0,229.0,-1038.0,183.0,0.0,0.0
oe:player:14bf26aa667423d1fba119e3c8a65e1,Divine,HANGMEN,LIT,EMEA,Deuxième niveau,Mid,37,-672.0,221.0,-1182.0,174.0,0.0,0.0
oe:player:af726e163bfdb89a1445c74ff9dd4a6,Fubuki,Fast8,LJL,Asie-Pacifique,Deuxième niveau,Jungle,23,-673.0,239.0,-833.0,182.0,0.0,0.0
oe:player:9d8f178040611a073608bf5fc51768c,Doxy,StoneHenge Esports,LIT,EMEA,Deuxième niveau,Top,18,-674.0,240.0,-1379.0,,,
name:EPG specter,EPG specter,Eunpyeong Meditech High School,LAS,Corée,Troisième niveau,Jungle,25,-677.0,272.0,-1178.0,23.0,0.0,0.0
oe:player:0066010bf7c06628559f1704f5d6d39,starkyy,EXILE esports Academy,HC,EMEA,Troisième niveau,Top,28,-679.0,251.0,132.0,19.0,0.0,0.0
name:YYG NONO,YYG NONO,Yang Yang Gaming,LJL,Asie-Pacifique,Deuxième niveau,Jungle,12,-679.0,250.0,-864.0,,,
oe:player:adb00e1f2a4d7d73fe8fcf2daabe715,Starhide,LYON Academy,LRN,Brésil & Amérique latine,Deuxième niveau,Support,17,-679.0,249.0,-1694.0,,,
oe:player:5d7aedf67b431c487ddab78c59dbd96,Precede,Gen.G Scholars,LAS,Corée,Troisième niveau,ADC,76,-679.0,249.0,-1268.0,19.0,0.0,0.0
oe:player:0d972c4c17b8777458c98282a40c1ad,Horus,SDM Tigres,LRN,Brésil & Amérique latine,Deuxième niveau,Support,10,-680.0,251.0,-1695.0,,,
oe:player:aa78a29ff5698b02473200f983ac3c5,Carros,Tung Tung Bogi,LPLOL,EMEA,Deuxième niveau,ADC,13,-681.0,243.0,-1464.0,,,
oe:player:3054f0bf84062a9ab400a5d2cebc468,Viico,ZEN Esports,LRS,Brésil & Amérique latine,Deuxième niveau,Support,13,-682.0,255.0,-1729.0,,,
oe:player:0ef7bab9edb5bf303c96b06d19ff7c7,bakisa,Dynasty,EBL,EMEA,Deuxième niveau,ADC,31,-682.0,224.0,-1360.0,169.0,0.0,0.0
oe:player:67c9a06378e651cf964afc6faf2de7b,Apae,KIA.eSuba Academy,HC,EMEA,Troisième niveau,Mid,12,-682.0,252.0,-20.0,,,
oe:player:49ee5696febc0a676b14de885928be3,helforca,Zerolag Esports,HLL,EMEA,Deuxième niveau,Mid,12,-682.0,241.0,-2836.0,,,
oe:player:81eed41b598a207697930065353ba1c,QQMore,Malvinas Gaming,LRS,Brésil & Amérique latine,Deuxième niveau,Jungle,22,-682.0,247.0,-967.0,189.0,0.0,0.0
oe:player:9290a5cabd21601a3e9c818fdeea2ed,Blek,EXILE esports Academy,HC,EMEA,Troisième niveau,ADC,53,-683.0,233.0,44.0,13.0,0.0,0.09
oe:player:263b44be104b940a116d9d64e6db7c1,L1,Kits Esports,LRN,Brésil & Amérique latine,Deuxième niveau,Support,12,-683.0,250.0,-1709.0,,,
oe:player:f5aee140e9b685b1acd4b9384881fb7,Neczo,ALMO Players,EBL,EMEA,Deuxième niveau,Mid,13,-684.0,234.0,-1555.0,,,
oe:player:f0d44df2529a2b13b9ff70ff54c44db,RealR,GTZ Esports,LPLOL,EMEA,Deuxième niveau,Jungle,13,-685.0,239.0,-1549.0,,,
oe:player:312f4e584cb55151e54e106999b314c,Crazzor,Priority,HC,EMEA,Troisième niveau,Jungle,11,-686.0,253.0,23.0,,,
name:YYG Nafta,YYG Nafta,Yang Yang Gaming,LJL,Asie-Pacifique,Deuxième niveau,Mid,12,-686.0,250.0,-893.0,,,
name:YYG Xerife,YYG Xerife,Yang Yang Gaming,LJL,Asie-Pacifique,Deuxième niveau,ADC,11,-687.0,251.0,-636.0,,,
oe:player:055ec1c0043fb27d74a7b453893909e,Vorkis,EXILE esports Academy,HC,EMEA,Troisième niveau,Top,47,-689.0,238.0,83.0,17.0,0.0,0.0
oe:player:ee5bbb42c4af94c2ec1242ba8db3b8e,Electro,Rugby Club Havířov,HC,EMEA,Troisième niveau,ADC,21,-690.0,250.0,9.0,17.0,0.0,0.0
oe:player:b2c7129a7514c6f0d466b77657188e0,Palco,Rugby Club Havířov,HC,EMEA,Troisième niveau,Top,31,-690.0,237.0,75.0,17.0,0.0,0.0
oe:player:00a5f54fb157c7857ce0b3453b10800,Lerax,TITANS,LIT,EMEA,Deuxième niveau,Top,10,-690.0,245.0,-1458.0,,,
oe:player:93ea6597c3cbd06e93a46b9f5368732,Amelia,Nongshim RedForce Academy,LAS,Corée,Troisième niveau,Top,48,-690.0,266.0,-1438.0,18.0,0.0,0.0
oe:player:1a94787cd0f929f3faa9e2101c61534,Tahahy,1TAP Dino,VCS,Asie-Pacifique,Deuxième niveau,Support,18,-691.0,238.0,-3184.0,,,
oe:player:f6c92cc6716b5a99dc2cb002ea1cfc0,Kurahuto,DetonatioN FocusMe Academy,LJL,Asie-Pacifique,Deuxième niveau,Support,22,-691.0,246.0,-1009.0,179.0,0.0,0.0
oe:player:05ed0c94c83deab8644261bafc5de26,Potential,DetonatioN FocusMe Academy,LJL,Asie-Pacifique,Deuxième niveau,Top,21,-691.0,247.0,-909.0,176.0,0.0,0.0
oe:player:e5dd32c7907e746d4cfc6f9b8f867d2,Aquila,NOVEX,LJL,Asie-Pacifique,Deuxième niveau,ADC,23,-691.0,242.0,-657.0,177.0,0.0,0.0
oe:player:e50c52ae9014268144a28690c61fdb1,Daskhai,2 Massive,LIT,EMEA,Deuxième niveau,Mid,17,-693.0,229.0,-1286.0,,,
oe:player:0cb9a97aad2b9e5e32d5ab94387ef17,UKyo,New Meta,LJL,Asie-Pacifique,Deuxième niveau,Support,19,-695.0,243.0,-1027.0,,,
oe:player:2370544e7d69802c4348e41c24a7e83,Mikel,Rugby Club Havířov,HC,EMEA,Troisième niveau,Mid,19,-695.0,249.0,-84.0,,,
oe:player:11a3c17abeb00bb2cf65b808431afa2,wada1,Yang Yang Gaming,LJL,Asie-Pacifique,Deuxième niveau,Support,16,-696.0,245.0,-1033.0,,,
oe:player:974f192f2c1c07bde25f84f9f573c43,Luke,TITANS,LIT,EMEA,Deuxième niveau,Mid,29,-697.0,231.0,-1308.0,175.0,0.0,0.0
oe:player:fb86cfcac62bd8baa0902e71c3d5972,Warangelus,The New Kings,LRS,Brésil & Amérique latine,Deuxième niveau,ADC,21,-700.0,250.0,-1193.0,183.0,0.0,0.0
oe:player:f0b26ab5a1eabc4e57d3c76c828ff0f,Pecia,HANJIN BRION Academy,LAS,Corée,Troisième niveau,Support,44,-700.0,261.0,-1303.0,21.5,0.0,0.0
oe:player:04ea90be225e33ed6a293eb84414f46,TenT,CAG OSAKA,LJL,Asie-Pacifique,Deuxième niveau,ADC,26,-700.0,245.0,-704.0,179.0,0.0,0.0
name:EPG pageone,EPG pageone,Eunpyeong Meditech High School,LAS,Corée,Troisième niveau,Top,18,-701.0,273.0,-1490.0,,,
oe:player:6b667eb39580a9b29e663063aab3de5,udon,VelbeliKaizokudan,LJL,Asie-Pacifique,Deuxième niveau,Top,31,-704.0,231.0,-975.0,177.0,0.0,0.0
oe:player:a2c028ef7610fc11196737c4bf6f83a,Nerion,Kiwoom DRX Academy,LAS,Corée,Troisième niveau,Jungle,80,-706.0,250.0,-1322.0,21.0,0.0,0.0
oe:player:01f6bf2e91ecdb2ca18092a1f0a87cf,maed,Mighty Eagles,HC,EMEA,Troisième niveau,Top,11,-707.0,254.0,-11.0,,,
name:BOO KAIRU,BOO KAIRU,Bamboo Juice,LJL,Asie-Pacifique,Deuxième niveau,ADC,18,-708.0,245.0,-743.0,,,
oe:player:075db222f7476092e24e07d95799e9a,Nade,Diversion Gaming,HC,EMEA,Troisième niveau,Support,15,-711.0,241.0,-492.0,,,
oe:player:3be1c1e383f5dd1b820f42938ad2c87,xLucker,Mighty Eagles,HC,EMEA,Troisième niveau,Support,17,-712.0,252.0,-495.0,,,
oe:player:27af17b234858aa267c3be117393a0e,TalentLess,Andromeda Gaming,HC,EMEA,Troisième niveau,Mid,51,-716.0,228.0,-186.0,17.0,0.0,0.013
oe:player:115cbb13ff7ef811c05d6e95bf224c2,Shadow,Volticons,LRS,Brésil & Amérique latine,Deuxième niveau,Support,10,-717.0,253.0,-1905.0,,,
oe:player:350e935bb9c2aa875441e2708c7f354,exro,Andromeda Gaming,HC,EMEA,Troisième niveau,ADC,19,-718.0,251.0,-134.0,,,
oe:player:eb49347ab6d5a43a87036409e7fcb1e,MyCash,Bohemian Guardians,HM,EMEA,Deuxième niveau,Top,18,-718.0,235.0,-1505.0,,,
oe:player:c0c4911703fe39d0f3ecac925f770ed,Fratellin,Macko Invictus,LIT,EMEA,Deuxième niveau,Top,24,-718.0,229.0,-1599.0,174.0,0.0,0.0
name:V3 fairy,V3 fairy,V3 Esports,LJL,Asie-Pacifique,Deuxième niveau,Jungle,13,-720.0,247.0,-1068.0,,,
oe:player:82fa2a45f6376819ba1adc1e9a9549f,Showman,DECOY 21,LIT,EMEA,Deuxième niveau,ADC,17,-721.0,236.0,-1359.0,,,
oe:player:dea972a85819808d16b1c4e6173a5a6,Setra,Andromeda Gaming,HC,EMEA,Troisième niveau,Top,41,-724.0,220.0,-92.0,18.0,0.0,0.0
oe:player:b7411c6a095b1dc123931f3cb8d7af5,Berr,Kiwoom DRX Academy,LAS,Corée,Troisième niveau,Support,27,-724.0,271.0,-1423.0,25.0,0.0,0.0
oe:player:f4d626477098810efdd3105f477bae5,TomnaM,ZEN Esports,LRS,Brésil & Amérique latine,Deuxième niveau,ADC,17,-724.0,253.0,-1311.0,,,
oe:player:3761070e51b4f11fe7bd3a6c7ec20b2,salamek,CITA Kaizen Academy,HC,EMEA,Troisième niveau,Support,22,-726.0,248.0,-564.0,21.0,0.0,0.0
oe:player:40127db70c7ce71e04430e53793e617,PonG,NOVEX,LJL,Asie-Pacifique,Deuxième niveau,Top,23,-726.0,242.0,-1087.0,177.0,0.0,0.0
oe:player:e73f5f61a0522ff9b0916048f31908c,tonyroo,Onion Team,HM,EMEA,Deuxième niveau,Top,13,-727.0,240.0,-1548.0,,,
oe:player:fb56053edc40acea3b41be6066c162b,MINO,Kiwoom DRX Academy,LAS,Corée,Troisième niveau,Mid,27,-729.0,271.0,-1438.0,26.0,0.0,0.0
oe:player:71399584f1bf28852c4b59aca22c2c2,Bubba,TITANS,LIT,EMEA,Deuxième niveau,Support,10,-731.0,245.0,-1559.0,,,
oe:player:4d9b74d94630ed0bb5541053a2f1e8a,Tobe,HANJIN BRION Academy,LAS,Corée,Troisième niveau,Mid,30,-732.0,259.0,-1450.0,26.0,0.0,0.0
oe:player:d15b82adddaa090c020804784cb9ed3,Funky,The New Kings,LRS,Brésil & Amérique latine,Deuxième niveau,Jungle,12,-732.0,255.0,-1218.0,,,
name:EPG Mikael,EPG Mikael,Eunpyeong Meditech High School,LAS,Corée,Troisième niveau,Support,25,-734.0,272.0,-1472.0,26.0,0.0,0.0
oe:player:70c5caf9505dedbd0b2761282c8eeb6,Respeta,ZEN Esports,LRS,Brésil & Amérique latine,Deuxième niveau,Top,17,-737.0,253.0,-1627.0,,,
oe:player:c717836ae21d09073f76d43661733d9,JJirkos,EXILE esports,HM,EMEA,Deuxième niveau,Support,43,-737.0,217.0,-1933.0,168.0,0.0,0.0
oe:player:4f0cce7d9a88331a57e813663e488f5,Lays,Magyar Gamer Szövetsèg,HC,EMEA,Troisième niveau,Top,24,-739.0,241.0,-167.0,21.0,0.0,0.0
oe:player:7b5ade6eb456e88434ec9d90eb1ec43,White,Nongshim RedForce Academy,LAS,Corée,Troisième niveau,ADC,48,-740.0,266.0,-1573.0,20.0,0.0,0.0
oe:player:9a490d525cc93499e16f948f5bbbb00,GukBo,VARREL YOUTH,LJL,Asie-Pacifique,Deuxième niveau,Mid,11,-740.0,249.0,-1164.0,,,
oe:player:4234ff65b26b6debbf8e2f0e25e0f24,Grit,DetonatioN FocusMe Academy,LJL,Asie-Pacifique,Deuxième niveau,Jungle,21,-742.0,247.0,-1182.0,184.0,0.0,0.0
oe:player:cf23b9adb391ab50f9f4eb546df3540,p1ng,L Guide Gaming,LJL,Asie-Pacifique,Deuxième niveau,Jungle,14,-742.0,246.0,-1179.0,,,
oe:player:1326ef03d0e577382d5af570de67524,Pongo,Andromeda Gaming,HC,EMEA,Troisième niveau,Jungle,35,-743.0,233.0,-264.0,20.0,0.0,0.0
oe:player:d5e0ff7618d3da55aa323192c0c682f,Yuu,CAG OSAKA,LJL,Asie-Pacifique,Deuxième niveau,Top,26,-743.0,245.0,-1171.0,179.0,0.0,0.0
oe:player:5a02cc8b4771f9f0c0b16bac1bfcb9d,OkerumoN,CAG OSAKA,LJL,Asie-Pacifique,Deuxième niveau,Support,26,-743.0,245.0,-1265.0,181.0,0.0,0.0
oe:player:14f468e02a19e08a1e6cc85e29a78b4,raku,Fast8,LJL,Asie-Pacifique,Deuxième niveau,Support,17,-746.0,246.0,-1281.0,,,
oe:player:c80d0d85597c20d15266ed0e5841a3d,Dunzi,BRUTE,HM,EMEA,Deuxième niveau,Jungle,12,-748.0,240.0,-2204.0,,,
oe:player:73d9baabf1f75ab1456cffe4ad80194,Doni,ZEN Esports,LRS,Brésil & Amérique latine,Deuxième niveau,Mid,17,-751.0,253.0,-1564.0,,,
oe:player:de8e46846c05e7a41fed4897db2b366,Kricgang,CITA Kaizen Academy,HC,EMEA,Troisième niveau,Jungle,16,-751.0,249.0,-303.0,,,
oe:player:45bd62ec34b3cbf05b5292056c54b01,TheSerius,Bohemian Guardians,HM,EMEA,Deuxième niveau,Top,30,-751.0,217.0,-1669.0,173.0,0.0,0.0
oe:player:86cbdbbe6eb09c01fd3f0a377d61c8f,Taxvig,Onion Team,HM,EMEA,Deuxième niveau,Jungle,13,-752.0,240.0,-2225.0,,,
oe:player:405ba4c6b60f0e22b850cb164a931d9,Acce,The New Kings,LRS,Brésil & Amérique latine,Deuxième niveau,Top,18,-752.0,252.0,-1702.0,,,
oe:player:69a3d5cb23cd8944832808518cf8d3b,Milik,Magyar Gamer Szövetsèg,HC,EMEA,Troisième niveau,Support,10,-753.0,253.0,-702.0,,,
oe:player:0d75529246067750c79f2fc5f9f3bd5,Skodix,KIA.eSuba Academy,HC,EMEA,Troisième niveau,ADC,36,-755.0,230.0,-319.0,23.0,0.0,0.0
oe:player:47386070d62c6ad08fd4e79c00595fc,Vidzil,Lupus Esports,EBL,EMEA,Deuxième niveau,Jungle,11,-758.0,244.0,-1945.0,,,
oe:player:e743c59f53864551f04d6c3b12457bc,Razwen,Mighty Eagles,HC,EMEA,Troisième niveau,Mid,17,-761.0,252.0,-412.0,,,
oe:player:5064cc00691ebc4231287c2c7b827e1,Rando,VelbeliKaizokudan,LJL,Asie-Pacifique,Deuxième niveau,Top,14,-762.0,247.0,-1266.0,,,
oe:player:70b30a71a545f8ddc985a74cfb56ba5,RaptoSauros,TITANS,LIT,EMEA,Deuxième niveau,ADC,20,-764.0,233.0,-1573.0,175.0,0.0,0.0
oe:player:3e399114ebc16721af820c236337309,chilD,Seven Dark,LRS,Brésil & Amérique latine,Deuxième niveau,Support,16,-765.0,251.0,-2142.0,,,
oe:player:8441e7bf0254e7baf78a0a1d0ecc758,Ravvy,DetonatioN FocusMe Academy,LJL,Asie-Pacifique,Deuxième niveau,Mid,21,-766.0,247.0,-1292.0,188.0,0.0,0.0
oe:player:9bba427ddc46a949bc71c991c2b89ee,Rajed,SPIKE Syndicate,EBL,EMEA,Deuxième niveau,Top,34,-768.0,225.0,-2048.0,182.0,0.0,0.0
oe:player:5a2e97c47cf81189cd59558323b410c,NvN,CITA Kaizen Academy,HC,EMEA,Troisième niveau,Mid,19,-770.0,248.0,-458.0,,,
oe:player:9a8072505022fe7392269696b500cd9,Haruhiro,P11 Esports,LIT,EMEA,Deuxième niveau,Top,16,-771.0,236.0,-1863.0,,,
oe:player:1e44e910fee15960587549f3000f777,Sweeho,LYON Academy,LRN,Brésil & Amérique latine,Deuxième niveau,Mid,44,-776.0,231.0,-1777.0,188.0,0.0,0.0
oe:player:faacf23fdd20a6dbaa65fc0c5ebf1d3,KASE,LYON Academy,LRN,Brésil & Amérique latine,Deuxième niveau,Jungle,24,-777.0,236.0,-1536.0,188.0,0.0,0.0
name:VK jisyoku,VK jisyoku,VelbeliKaizokudan,LJL,Asie-Pacifique,Deuxième niveau,ADC,12,-777.0,250.0,-1087.0,,,
oe:player:75cf9f09c2a0a5dfe040fb2f406e6c0,Vojtus,Magyar Gamer Szövetsèg,HC,EMEA,Troisième niveau,Mid,19,-780.0,247.0,-509.0,,,
oe:player:5d005e484f255c4b228c95dac518479,Saver,L Guide Gaming,LJL,Asie-Pacifique,Deuxième niveau,Support,15,-782.0,245.0,-1463.0,,,
oe:player:8f9e938c7d7a6d4605f289060826d32,safo,CITA Kaizen Academy,HC,EMEA,Troisième niveau,ADC,22,-782.0,248.0,-453.0,22.0,0.0,0.0
oe:player:d458d24a79e0fc44a1421acceca3424,Termo,Malvinas Gaming,LRS,Brésil & Amérique latine,Deuxième niveau,Top,14,-782.0,253.0,-1854.0,,,
oe:player:e9728926e920c09f447e93fa43a826e,Ad1s,EXILE esports Academy,HC,EMEA,Troisième niveau,Mid,49,-785.0,225.0,-536.0,20.0,0.0,0.0
oe:player:1eee3d777915f7c939e2cd1991a8097,Groudon,Aeterna Esports,LIT,EMEA,Deuxième niveau,Jungle,11,-792.0,242.0,-1757.0,,,
name:BOO YonYon,BOO YonYon,Bamboo Juice,LJL,Asie-Pacifique,Deuxième niveau,Mid,15,-792.0,247.0,-1423.0,,,
oe:player:e82ed0978d406633b6c0abfa03d0db0,iu,Yang Yang Gaming,LJL,Asie-Pacifique,Deuxième niveau,Top,17,-796.0,245.0,-1437.0,,,
oe:player:399914b084a979892a6abff6b845fcc,JoKozz,ZeroZone Gaming,LPLOL,EMEA,Deuxième niveau,Top,23,-796.0,234.0,-1658.0,181.0,0.0,0.0
oe:player:448be00c9923136e0b3f872e09157d5,Racon,CAG OSAKA,LJL,Asie-Pacifique,Deuxième niveau,Jungle,26,-796.0,245.0,-1451.0,185.0,0.0,0.0
oe:player:04e2de37299dd6886b08b6b055dabe3,Alleycat,CAG OSAKA,LJL,Asie-Pacifique,Deuxième niveau,Mid,14,-796.0,247.0,-1441.0,,,
oe:player:4afb518ee224e2956ac4e4b9e3e6e7a,Jericho,Uwinks,LJL,Asie-Pacifique,Deuxième niveau,Mid,59,-798.0,225.0,-1451.0,184.0,0.0,0.0
name:VK motimotti11,VK motimotti11,VelbeliKaizokudan,LJL,Asie-Pacifique,Deuxième niveau,ADC,14,-799.0,247.0,-1197.0,,,
name:EPG DREN,EPG DREN,Eunpyeong Meditech High School,LAS,Corée,Troisième niveau,Mid,25,-799.0,272.0,-1787.0,28.0,0.0,0.0
oe:player:acd24e0d1480eb6a5765fc376567bcc,GoDirr,BRUTE,HM,EMEA,Deuxième niveau,Top,44,-799.0,219.0,-1907.0,173.0,0.0,0.0
oe:player:fdc15facb002bf800aee969ba975ae1,Jellly,Kiwoom DRX Academy,LAS,Corée,Troisième niveau,Top,22,-800.0,271.0,-1985.0,24.0,0.0,0.0
oe:player:6fb229e519281c5c16704230967df90,Regret9,Eunpyeong Meditech High School,LAS,Corée,Troisième niveau,ADC,25,-805.0,272.0,-1898.0,26.0,0.0,0.0
name:VK NishinoHawk,VK NishinoHawk,VelbeliKaizokudan,LJL,Asie-Pacifique,Deuxième niveau,Support,12,-805.0,250.0,-1575.0,,,
oe:player:d4ef1dbd917273a834cb004be0add79,Danden,Rugby Club Havířov,HC,EMEA,Troisième niveau,Jungle,33,-810.0,235.0,-600.0,21.0,0.0,0.0
oe:player:8312812e9479a6ed735194720f96907,Zelvicka,Andromeda Gaming,HC,EMEA,Troisième niveau,ADC,25,-811.0,235.0,-598.0,22.0,0.0,0.0
oe:player:3f90d97d3af48a6027f272bca0c0b6e,Henning,Priority,HC,EMEA,Troisième niveau,Support,19,-811.0,247.0,-993.0,,,
oe:player:f8b3409e59fc5b838fdb1c58f359712,AAdaMM,Magyar Gamer Szövetsèg,HC,EMEA,Troisième niveau,ADC,27,-812.0,240.0,-602.0,23.0,0.0,0.0
oe:player:2cffd52cd9122784b149f89ce60ebad,Sassappel,VelbeliKaizokudan,LJL,Asie-Pacifique,Deuxième niveau,Jungle,12,-814.0,250.0,-1540.0,,,
oe:player:7c986af4cf8f6e55a1f846dc498ce91,Pet,Tu Papá Esports,LRS,Brésil & Amérique latine,Deuxième niveau,Top,11,-817.0,257.0,-2027.0,,,
oe:player:6106ae952ebc9e96ce582a4275d2cc0,flini,Mighty Eagles,HC,EMEA,Troisième niveau,Jungle,21,-820.0,241.0,-648.0,22.0,0.0,0.0
oe:player:6373f9174e6e3dcf8988b672ac283c0,downfall,EKO Esports,LIT,EMEA,Deuxième niveau,Support,10,-821.0,241.0,-2011.0,,,
oe:player:dc38a552ed5f574f2c8abbf08f9d453,Sjakal,StoneHenge Esports,LIT,EMEA,Deuxième niveau,Jungle,10,-834.0,243.0,-1965.0,,,
oe:player:0544ca2a83fcb8acf83003fde036d33,miflond,Magyar Gamer Szövetsèg,HC,EMEA,Troisième niveau,Jungle,23,-835.0,239.0,-727.0,23.0,0.0,0.0
oe:player:482982e64aebd743da9392fbc4b1f5d,Blender,Bamboo Juice,LJL,Asie-Pacifique,Deuxième niveau,Jungle,26,-836.0,237.0,-1647.0,187.0,0.0,0.0
oe:player:4d10f9a1263936ae396ac674a6ed8e9,Feng,Icon Esports,LRN,Brésil & Amérique latine,Deuxième niveau,Jungle,12,-839.0,253.0,-1850.0,,,
oe:player:c2a90baf58e14e224415293a8ad34ff,BetaTwinz,Icon Esports,LRN,Brésil & Amérique latine,Deuxième niveau,Support,12,-849.0,253.0,-2540.0,,,
oe:player:ed2ce922701169a70704f2bf956b828,Etoo,Once Upon A Team,HC,EMEA,Troisième niveau,ADC,23,-850.0,240.0,-790.0,26.0,0.0,0.0
oe:player:977c08d9110a920f640e0ff946696fb,Ham,New Meta,LJL,Asie-Pacifique,Deuxième niveau,Jungle,18,-855.0,243.0,-1744.0,,,
oe:player:f9d3720726cfba1f0aa14428d6829e2,Danos,Priority,HC,EMEA,Troisième niveau,Mid,23,-857.0,244.0,-894.0,27.0,0.0,0.0
oe:player:7507cb50cf5ce57248038ae0333d337,Vexter,Rugby Club Havířov,HC,EMEA,Troisième niveau,Support,12,-862.0,248.0,-1244.0,,,
oe:player:da82cc5bb6f742ff6a37e4a17784f04,Kars,CITA Kaizen Academy,HC,EMEA,Troisième niveau,Top,20,-868.0,248.0,-815.0,25.0,0.0,0.0
oe:player:6efdc3f9fe8ce88b31e32515b8dbecd,Doge,KIA.eSuba Academy,HC,EMEA,Troisième niveau,Jungle,21,-869.0,250.0,-893.0,26.0,0.0,0.0
oe:player:c7a7a9e154cbc450565209ce1e2e23c,Howl,HANJIN BRION Academy,LAS,Corée,Troisième niveau,Jungle,37,-879.0,258.0,-2186.0,27.0,0.0,0.0
name:V3 ruin,V3 ruin,V3 Esports,LJL,Asie-Pacifique,Deuxième niveau,Support,14,-901.0,246.0,-2060.0,,,
oe:player:523b1440a5811bd9b4730c2a63545b7,ezman,V3 Esports,LJL,Asie-Pacifique,Deuxième niveau,Support,12,-902.0,247.0,-2062.0,,,
oe:player:fc1c88643492fac17c6b2cc74b9de40,Rokecs,Polar Squad Esports,LRN,Brésil & Amérique latine,Deuxième niveau,ADC,16,-905.0,246.0,-2323.0,,,
oe:player:fbeb5032bea4ae4209a51c63fedfb35,Pulzer,Onion Team,HC,EMEA,Troisième niveau,Mid,32,-908.0,223.0,-1149.0,27.0,0.0,0.0
oe:player:380ece00e3a5c3b9c876cbeb0c8a38b,Galileo,Zeu5 Esports,LRS,Brésil & Amérique latine,Deuxième niveau,Mid,12,-920.0,252.0,-2406.0,,,
oe:player:2e5525d359cfda455937965afd00ccf,Zamacona,Polar Squad Esports,LRN,Brésil & Amérique latine,Deuxième niveau,Support,10,-938.0,254.0,-2986.0,,,
oe:player:f6464937e1c1f27c2e9b7e5ca6bda0b,Kaeru,Rugby Club Havířov,HC,EMEA,Troisième niveau,Mid,15,-938.0,246.0,-1297.0,,,
name:V3 Luka,V3 Luka,V3 Esports,LJL,Asie-Pacifique,Deuxième niveau,Jungle,13,-945.0,247.0,-2193.0,,,
name:UT K1ngNoth1ng,UT K1ngNoth1ng,UTeSports,LJL,Asie-Pacifique,Deuxième niveau,Support,12,-953.0,251.0,-2319.0,,,
oe:player:36190eae41139c92f93cba196b57ca1,Chomu,Polar Squad Esports,LRN,Brésil & Amérique latine,Deuxième niveau,Jungle,14,-959.0,248.0,-2449.0,,,
name:UT Louis,UT Louis,UTeSports,LJL,Asie-Pacifique,Deuxième niveau,ADC,12,-964.0,251.0,-2024.0,,,
name:RVX jisyoku,RVX jisyoku,Revolution Victory X,LJL,Asie-Pacifique,Deuxième niveau,ADC,13,-977.0,250.0,-2089.0,,,
oe:player:035a98e37754769317db153051497c5,Shifter,Mighty Eagles,HC,EMEA,Troisième niveau,ADC,10,-977.0,254.0,-1429.0,,,
name:RVX Poro,RVX Poro,Revolution Victory X,LJL,Asie-Pacifique,Deuxième niveau,Top,13,-983.0,250.0,-2371.0,,,
name:UT Hase,UT Hase,UTeSports,LJL,Asie-Pacifique,Deuxième niveau,Jungle,12,-989.0,251.0,-2413.0,,,
name:UT Aware,UT Aware,UTeSports,LJL,Asie-Pacifique,Deuxième niveau,Mid,12,-993.0,251.0,-2425.0,,,
name:UT ringoriiii,UT ringoriiii,UTeSports,LJL,Asie-Pacifique,Deuxième niveau,Top,12,-995.0,251.0,-2433.0,,,
name:UEC Fahren,UEC Fahren,UEC eSports PlusPlus,LJL,Asie-Pacifique,Deuxième niveau,Jungle,14,-995.0,250.0,-2442.0,,,
oe:player:c3fc2f917dfd24710fd9f06ec041434,Yakko,Diversion Gaming,HC,EMEA,Troisième niveau,Jungle,16,-995.0,242.0,-1523.0,,,
name:RVX RefK,RVX RefK,Revolution Victory X,LJL,Asie-Pacifique,Deuxième niveau,Support,13,-997.0,250.0,-2538.0,,,
oe:player:89082af3375844daa6a747f1551c3ca,hinami,V3 Esports,LJL,Asie-Pacifique,Deuxième niveau,ADC,26,-998.0,243.0,-2193.0,184.0,0.0,0.0
oe:player:a0ede17852e9ea66fb62dc5394e7269,Asagao,V3 Esports,LJL,Asie-Pacifique,Deuxième niveau,Mid,26,-1018.0,243.0,-2553.0,192.0,0.0,0.0
oe:player:a9b806dda1c8742ef29314879cd5916,jejemua,V3 Esports,LJL,Asie-Pacifique,Deuxième niveau,Top,26,-1028.0,243.0,-2596.0,185.0,0.0,0.0
name:UEC ks76,UEC ks76,UEC eSports PlusPlus,LJL,Asie-Pacifique,Deuxième niveau,Mid,14,-1031.0,250.0,-2616.0,,,
name:UEC clodmattya,UEC clodmattya,UEC eSports PlusPlus,LJL,Asie-Pacifique,Deuxième niveau,Top,14,-1040.0,250.0,-2654.0,,,
oe:player:b5277f5747291778db0de77178bb893,Kargic,Rugby Club Havířov,HC,EMEA,Troisième niveau,ADC,17,-1043.0,244.0,-1755.0,,,
oe:player:311d1466788c58771098c874a3add05,Kopec,Rugby Club Havířov,HC,EMEA,Troisième niveau,Top,17,-1050.0,244.0,-1725.0,,,
name:UEC Ruunan,UEC Ruunan,UEC eSports PlusPlus,LJL,Asie-Pacifique,Deuxième niveau,ADC,14,-1057.0,250.0,-2486.0,,,
name:UEC Fragrance,UEC Fragrance,UEC eSports PlusPlus,LJL,Asie-Pacifique,Deuxième niveau,Support,14,-1071.0,250.0,-2908.0,,,
