pid,player,team,league,region,tier,role,games_2023,points,points_sd,vs_role_in_league_gold,mv_median_rank,mv_p1,mv_top5
oe:player:e1edfc5cea461399a63cb813cf795cc,Faker,T1,LCK,Corée,Ligue majeure,Mid,134,1307.0,264.0,2697.0,1.0,0.96,1.0
oe:player:ed29043422e3c515e1cb292464b990b,Knight,Bilibili Gaming,LPL,Chine,Ligue majeure,Mid,128,1209.0,273.0,1992.0,2.0,0.04,1.0
oe:player:fb6e61b8acb05df17b7e5ad4ae7c800,Chovy,Gen.G,LCK,Corée,Ligue majeure,Mid,133,1141.0,279.0,1870.0,3.0,0.0,1.0
oe:player:0c74b7f78409a4022a2c4c5a5ca3ee1,369,Top Esports,LPL,Chine,Ligue majeure,Top,128,1126.0,275.0,1597.0,1.0,0.863,1.0
oe:player:eada4723af6f51cf2391d85b5fde49b,Ruler,JD Gaming,LPL,Chine,Ligue majeure,ADC,125,1123.0,278.0,1465.0,1.0,0.8,1.0
oe:player:41deab55354f57a94135989133f9968,Kanavi,JD Gaming,LPL,Chine,Ligue majeure,Jungle,125,1108.0,278.0,1386.0,1.0,0.763,1.0
oe:player:5bbc2b92348d930ebd500cb9ce71bb7,Peyz,Gen.G,LCK,Corée,Ligue majeure,ADC,133,1107.0,279.0,1426.0,2.0,0.147,0.99
oe:player:90651ebea9a35ec4e018c8157492e17,ON,Bilibili Gaming,LPL,Chine,Ligue majeure,Support,164,1097.0,278.0,1276.0,3.0,0.06,0.963
oe:player:051ca2e31ba25123961b3df95fdef4c,Delight,Gen.G,LCK,Corée,Ligue majeure,Support,133,1095.0,279.0,1598.0,2.0,0.367,1.0
oe:player:dda4a873265dfd06df50a0d8a294908,Peanut,Gen.G,LCK,Corée,Ligue majeure,Jungle,133,1087.0,279.0,1277.0,2.0,0.237,1.0
oe:player:57acacc1f182893280e7400073a3dd1,Doran,Gen.G,LCK,Corée,Ligue majeure,Top,133,1079.0,279.0,1326.0,2.0,0.137,1.0
oe:player:85104684d1eb7f4c0ce393441a0b669,Aiming,KT Rolster,LCK,Corée,Ligue majeure,ADC,129,1068.0,280.0,1230.0,3.0,0.0,0.9
oe:player:10d1208b485425756fcc932229386b0,MISSING,JD Gaming,LPL,Chine,Ligue majeure,Support,125,1058.0,278.0,1079.0,1.0,0.517,0.993
oe:player:f9fe6d28d5b67bf9ac673b2cc8edf15,Cuzz,KT Rolster,LCK,Corée,Ligue majeure,Jungle,129,1058.0,280.0,1131.0,3.0,0.0,0.987
oe:player:fb66ef5885b4be9323905b821dc3a42,Bin,Bilibili Gaming,LPL,Chine,Ligue majeure,Top,164,1047.0,278.0,1198.0,5.0,0.0,0.957
oe:player:03daae1844b9ad257324c3eedf41e28,Kiin,KT Rolster,LCK,Corée,Ligue majeure,Top,129,1044.0,280.0,1151.0,3.0,0.0,0.993
oe:player:db79ce6ad35451c938fbe2995dabd37,Keria,T1,LCK,Corée,Ligue majeure,Support,152,1040.0,278.0,1321.0,4.0,0.003,0.663
oe:player:a58a0d41103cdc5b58cbb547eeaca2d,Elk,Bilibili Gaming,LPL,Chine,Ligue majeure,ADC,164,1039.0,278.0,1045.0,4.0,0.0,0.877
oe:player:71e79ef80600d398d90cfebe3b0b758,Scout,LNG Esports,LPL,Chine,Ligue majeure,Mid,118,1031.0,277.0,1104.0,4.0,0.0,0.99
oe:player:65ed20b21e2993fb00dbd21a2fd991b,Zika,LNG Esports,LPL,Chine,Ligue majeure,Top,118,1028.0,277.0,1104.0,5.0,0.0,0.69
oe:player:fbdc4428b2d095c83aebeed5da4e4b2,Xun,Bilibili Gaming,LPL,Chine,Ligue majeure,Jungle,164,1028.0,278.0,982.0,4.0,0.0,0.937
oe:player:c7319736816efe935787b4381c6f321,Gumayusi,T1,LCK,Corée,Ligue majeure,ADC,152,1025.0,278.0,1015.0,6.0,0.0,0.477
oe:player:a52945dbe283de2f7e9d63ca3417f36,Leave,EDward Gaming,LPL,Chine,Ligue majeure,ADC,64,1025.0,261.0,975.0,6.0,0.05,0.49
oe:player:30361653a485a9609fb2d3aa073282c,Bdd,KT Rolster,LCK,Corée,Ligue majeure,Mid,129,1024.0,280.0,1281.0,5.0,0.0,0.95
oe:player:98dd15c330fb5abb4508347265a7f76,Zeus,T1,LCK,Corée,Ligue majeure,Top,152,1023.0,278.0,1043.0,6.0,0.0,0.33
oe:player:62922f2b370657a966de4d84f5586bf,Tarzan,LNG Esports,LPL,Chine,Ligue majeure,Jungle,118,1018.0,277.0,932.0,5.0,0.0,0.77
oe:player:ab2455e33b8ddb6a9d2d41107a2ed4f,Hang,LNG Esports,LPL,Chine,Ligue majeure,Support,118,1014.0,277.0,861.0,6.0,0.0,0.477
oe:player:6059545b206c4b230b97fd3651b473a,Crisp,Weibo Gaming,LPL,Chine,Ligue majeure,Support,123,1005.0,274.0,814.0,7.0,0.0,0.223
oe:player:c588a2d07b69ca4ba61c96aebd3f793,Deft,Dplus Kia,LCK,Corée,Ligue majeure,ADC,100,999.0,276.0,889.0,7.0,0.003,0.203
oe:player:3c4d21c7addb20fea3fec30418ac3d3,Light,Weibo Gaming,LPL,Chine,Ligue majeure,ADC,123,997.0,274.0,835.0,7.0,0.0,0.063
oe:player:e4e24b8656e4e6a74b939af730b0148,Lehends,KT Rolster,LCK,Corée,Ligue majeure,Support,129,991.0,280.0,1076.0,5.0,0.0,0.517
oe:player:4860d1660ce45bd15a600953309135c,Yagao,Bilibili Gaming,LPL,Chine,Ligue majeure,Mid,160,983.0,274.0,863.0,6.0,0.0,0.04
oe:player:f8b68f268106124fc4bc1c946adc9b0,Oner,T1,LCK,Corée,Ligue majeure,Jungle,152,976.0,278.0,721.0,6.0,0.0,0.243
oe:player:beea9fe15bff6a7ab0b3913d3d5fde6,Xiaohu,Weibo Gaming,LPL,Chine,Ligue majeure,Mid,118,942.0,275.0,658.0,8.0,0.0,0.003
oe:player:a74c2977c1fc826e9e7bdb6b224a141,Mark,Top Esports,LPL,Chine,Ligue majeure,Support,103,940.0,277.0,489.0,9.0,0.0,0.0
oe:player:867e8957fae1cb59f0808dbcc3aada2,GALA,LNG Esports,LPL,Chine,Ligue majeure,ADC,120,940.0,250.0,552.0,9.0,0.0,0.0
oe:player:5f8ff49cd56eae61d635966b183a451,ShowMaker,Dplus Kia,LCK,Corée,Ligue majeure,Mid,103,937.0,279.0,848.0,10.0,0.0,0.0
oe:player:3faae62fb907ad7cbcf2167beb8b2c7,Aki,Ninjas in Pyjamas,LPL,Chine,Ligue majeure,Jungle,113,937.0,274.0,531.0,7.0,0.0,0.0
oe:player:92544d7a994bd6841cccd9f6e42e3de,Canyon,Dplus Kia,LCK,Corée,Ligue majeure,Jungle,103,934.0,279.0,512.0,10.0,0.0,0.0
oe:player:233724c5adf28da47784390134db3c6,LP,Royal Never Give Up,LPL,Chine,Ligue majeure,ADC,87,934.0,256.0,520.0,11.0,0.0,0.0
oe:player:708bbc09836488d812e6775a07d785f,shanji,Ninjas in Pyjamas,LPL,Chine,Ligue majeure,Top,113,934.0,274.0,636.0,7.5,0.0,0.003
oe:player:0da0eeb199e8fa3ab773cf84f9de9ab,Tian,Top Esports,LPL,Chine,Ligue majeure,Jungle,106,934.0,275.0,512.0,9.0,0.0,0.0
oe:player:6e7908512cb309a43388bb464a312a2,Creme,Top Esports,LPL,Chine,Ligue majeure,Mid,108,928.0,274.0,589.0,10.0,0.0,0.0
oe:player:1213778b5c6d69dcb26aa89f7d0aaa9,Rookie,Ninjas in Pyjamas,LPL,Chine,Ligue majeure,Mid,111,925.0,270.0,573.0,8.0,0.0,0.0
oe:player:ca187ee49dd3e9ed20eaacbbf484fdf,Pout,Ninjas in Pyjamas,LPL,Chine,Ligue majeure,Mid,17,922.0,281.0,560.0,,,
oe:player:7deb8d68aef0757c10381b599f855de,YSKM,Invictus Gaming,LPL,Chine,Ligue majeure,Top,62,921.0,270.0,572.0,12.0,0.0,0.027
oe:player:c54e1090ef1faa736b12493051c4855,JackeyLove,Top Esports,LPL,Chine,Ligue majeure,ADC,106,921.0,275.0,454.0,10.0,0.0,0.0
oe:player:d3abb04a273ed8615be5f54a391818e,Clid,Hanwha Life Esports,LCK,Corée,Ligue majeure,Jungle,72,921.0,264.0,446.0,10.0,0.0,0.063
oe:player:f9cd2ef9afea5cda0eb3263a025cec1,Zeka,Hanwha Life Esports,LCK,Corée,Ligue majeure,Mid,115,920.0,278.0,761.0,11.0,0.0,0.0
oe:player:37f20525a39d17ec49fd10294f9c994,TheShy,Weibo Gaming,LPL,Chine,Ligue majeure,Top,118,913.0,275.0,527.0,10.0,0.0,0.0
oe:player:bda7cc061d7a1576f1dcad33dd505cd,Meiko,Top Esports,LPL,Chine,Ligue majeure,Support,117,913.0,273.0,354.0,10.0,0.0,0.0
oe:player:9573154ad8bc9459b4c0d940315054f,Viper,Hanwha Life Esports,LCK,Corée,Ligue majeure,ADC,115,911.0,278.0,445.0,12.0,0.0,0.0
oe:player:7577c239c73fa5f3011cd7b5503e75e,Canna,Dplus Kia,LCK,Corée,Ligue majeure,Top,103,903.0,279.0,444.0,9.0,0.0,0.0
oe:player:88bba3108e62145a9780becd3eb553d,Jiejie,EDward Gaming,LPL,Chine,Ligue majeure,Jungle,114,903.0,277.0,358.0,12.0,0.0,0.0
oe:player:568fe19f3078824aeca0056e28081bb,FoFo,Team WE,LPL,Chine,Ligue majeure,Mid,115,900.0,272.0,447.0,12.0,0.0,0.0
oe:player:618a87d272773f68239d8ce5555f39d,Kingen,Hanwha Life Esports,LCK,Corée,Ligue majeure,Top,115,899.0,278.0,422.0,11.0,0.0,0.0
oe:player:0ac2fd09745c0d79a8c9d159d265a6c,yaoyao,ThunderTalk Gaming,LPL,Chine,Ligue majeure,Support,65,898.0,268.0,282.0,10.0,0.053,0.153
oe:player:57da8dfcfbdb4e5b019fe93003db1c4,Weiwei,Weibo Gaming,LPL,Chine,Ligue majeure,Jungle,76,898.0,262.0,333.0,11.0,0.0,0.0
oe:player:054e5f8aeb885db6713f4a3e7328efc,Jun,DN SOOPers,LCK,Corée,Ligue majeure,Support,42,897.0,267.0,606.0,13.0,0.0,0.003
oe:player:71e322edca168eb865e0d914f44bae7,Wayward,Team WE,LPL,Chine,Ligue majeure,Top,70,896.0,263.0,447.0,10.0,0.0,0.0
oe:player:f3322656ae1facbf4763677fe2506a3,Karsa,Weibo Gaming,LPL,Chine,Ligue majeure,Jungle,42,894.0,269.0,316.0,13.0,0.0,0.0
oe:player:db820b983e253a5e5926aa8cd8d1a82,Iwandy,Team WE,LPL,Chine,Ligue majeure,Support,88,890.0,275.0,239.0,15.0,0.0,0.0
oe:player:615b1f347cdf6bc6df1883ed9e18496,ppgod,Oh My God,LPL,Chine,Ligue majeure,Support,107,880.0,275.0,191.0,11.0,0.0,0.003
oe:player:c2c169d79a6762334d43bc365ab401a,LvMao,Royal Never Give Up,LPL,Chine,Ligue majeure,Support,42,875.0,274.0,164.0,13.5,0.0,0.0
oe:player:b61e517b1a6027160aafaf56e9867c0,Wei,Royal Never Give Up,LPL,Chine,Ligue majeure,Jungle,97,875.0,271.0,218.0,15.0,0.0,0.0
oe:player:f40f1b0923c35568f417aef1e01ca6b,Ale,EDward Gaming,LPL,Chine,Ligue majeure,Top,114,873.0,277.0,330.0,12.0,0.0,0.0
oe:player:b0ec3df39d61f953e7af0afd8eb8c4a,Kellin,Dplus Kia,LCK,Corée,Ligue majeure,Support,95,869.0,263.0,469.0,15.0,0.0,0.0
oe:player:c9ffd654469092c2189fce269f5a348,Strive,Rare Atom,LPL,Chine,Ligue majeure,Mid,68,856.0,271.0,226.0,13.0,0.0,0.017
oe:player:0d9b0a3b3a93a8f759c9d8ac8eef97c,Breathe,Royal Never Give Up,LPL,Chine,Ligue majeure,Top,97,849.0,271.0,210.0,14.0,0.0,0.0
oe:player:00e1677908b0a579a5870fbad836dcc,QiuQiu,ThunderTalk Gaming,LPL,Chine,Ligue majeure,Support,64,839.0,268.0,-15.0,15.0,0.0,0.003
oe:player:655c522b43d1444e55a0a4615c2b59b,Grizzly,Hanwha Life Esports,LCK,Corée,Ligue majeure,Jungle,56,837.0,256.0,25.0,13.0,0.0,0.0
oe:player:4e09acc2529add19ff0686b1341e3d0,Ming,Royal Never Give Up,LPL,Chine,Ligue majeure,Support,47,834.0,270.0,-39.0,16.0,0.0,0.0
oe:player:4bcd2c8131dbc883e8c475ca0e1c0ab,Southwind,Rare Atom,LPL,Chine,Ligue majeure,Support,36,833.0,275.0,-44.0,17.0,0.0,0.0
oe:player:e78da55d6db43d982f841204a8e51ac,Zhuo,Ninjas in Pyjamas,LPL,Chine,Ligue majeure,Support,91,826.0,271.0,-81.0,19.0,0.0,0.0
oe:player:baf26814ef7b2f10fac33a00c3d53a3,Willer,Liiv SANDBOX,LCK,Corée,Ligue majeure,Jungle,91,825.0,277.0,-36.0,20.0,0.0,0.0
oe:player:60b1614a632775c97a37a57bda799f2,GIDEON,Invictus Gaming,LPL,Chine,Ligue majeure,Jungle,36,819.0,276.0,-63.0,16.0,0.0,0.0
oe:player:05326a1c42e9c27a1067768c88955e7,Beichuan,ThunderTalk Gaming,LPL,Chine,Ligue majeure,Jungle,79,818.0,273.0,-68.0,18.0,0.0,0.0
oe:player:43fd9d566f444c866d63b47cb5bb064,Qingtian,Top Esports,LPL,Chine,Ligue majeure,Top,36,817.0,270.0,52.0,15.0,0.0,0.0
oe:player:3205348b11b8cf2b6663318b143928f,Able,Oh My God,LPL,Chine,Ligue majeure,ADC,109,817.0,276.0,-66.0,14.0,0.0,0.0
oe:player:92f0831b560a15d8be3be25275adb08,Heng,Team WE,LPL,Chine,Ligue majeure,Jungle,88,817.0,275.0,-72.0,17.0,0.0,0.0
oe:player:c332dc879e14f1feb266190c7f396fd,Shad0w,Ninjas in Pyjamas,LPL,Chine,Ligue majeure,Jungle,55,815.0,271.0,-83.0,18.0,0.0,0.0
oe:player:6d664d1402cd16be08e335feacf73b0,huanfeng,ThunderTalk Gaming,LPL,Chine,Ligue majeure,ADC,46,811.0,268.0,-94.0,17.0,0.0,0.0
oe:player:4203fc46c4c6333e9bfa9d0a8618677,Yike,G2 Esports,LEC,EMEA,Ligue majeure,Jungle,100,809.0,278.0,1024.0,21.0,0.0,0.0
oe:player:c62a5235ad6bc113a1e64eb0e9aa8c8,Hans Sama,G2 Esports,LEC,EMEA,Ligue majeure,ADC,100,808.0,278.0,1211.0,20.0,0.0,0.0
oe:player:2ebebeb69899b72e04b5c14d569b33e,Lpc,LGD Gaming,LPL,Chine,Ligue majeure,ADC,56,805.0,269.0,-123.0,17.0,0.0,0.0
oe:player:542b1268b090a5fc82442efbd8d8165,Angel,Oh My God,LPL,Chine,Ligue majeure,Mid,84,805.0,253.0,-27.0,15.0,0.0,0.0
oe:player:84bff3a326833c7c9181c698f676878,BrokenBlade,G2 Esports,LEC,EMEA,Ligue majeure,Top,100,802.0,278.0,1135.0,18.0,0.0,0.0
oe:player:dea5251e486aed942e1bc06e1d5c116,Life,FunPlus Phoenix,LCK,Corée,Ligue majeure,Support,119,800.0,274.0,121.0,18.0,0.0,0.0
oe:player:0e2f0d3ded24c190dd6a4b3d6f89f04,Shanks,Anyone's Legend,LPL,Chine,Ligue majeure,Mid,88,799.0,275.0,-58.0,15.0,0.0,0.0
oe:player:7cf68f44e5dc31827b1d3f0a3b4a28e,Hope,Anyone's Legend,LPL,Chine,Ligue majeure,ADC,88,798.0,275.0,-161.0,18.0,0.0,0.0
oe:player:566586ef99b39b57e9c85c59f021da5,Burdol,LGD Gaming,LCK,Corée,Ligue majeure,Top,78,795.0,266.0,-94.0,16.0,0.0,0.0
oe:player:5788fbc5ff334175ec2eccae6f0ed81,Bible,Dplus Kia,LCK,Corée,Ligue majeure,Support,54,783.0,257.0,38.0,25.5,0.0,0.0
oe:player:445af96e9e883e18105c9c6072d97a1,Biubiu,Team WE,LPL,Chine,Ligue majeure,Top,44,779.0,269.0,-143.0,16.0,0.0,0.0
oe:player:66d0ff0f8f9b5296770c1dbda549950,Ahn,Invictus Gaming,LPL,Chine,Ligue majeure,ADC,74,777.0,272.0,-266.0,16.0,0.0,0.0
oe:player:9d5052e9f9f4a63835f738441a3b1f6,Mikyx,G2 Esports,LEC,EMEA,Ligue majeure,Support,100,774.0,278.0,994.0,23.0,0.0,0.0
oe:player:b0e54ad49a5ce7a200bcb877eee7ed9,Envyy,LGD Gaming,LPL,Chine,Ligue majeure,ADC,72,774.0,255.0,-279.0,20.0,0.0,0.0
oe:player:8007ba25dee37ac1e4445a6e9f8d252,Xiaoxu,Rare Atom,LPL,Chine,Ligue majeure,Top,79,773.0,252.0,-171.0,18.0,0.0,0.0
oe:player:9c8cfa2b08c500ed41636d5e75e07c2,iBoy,Anyone's Legend,LPL,Chine,Ligue majeure,ADC,21,770.0,278.0,-299.0,16.0,0.0,0.0
oe:player:1f6adedbadccaa957a5f57fe690fbf6,zhiqiuyi,Anyone's Legend,LPL,Chine,Ligue majeure,ADC,48,768.0,254.0,-313.0,33.0,0.0,0.0
oe:player:55dd587cdc4a278be6a5c37f9e539de,Caps,G2 Esports,LEC,EMEA,Ligue majeure,Mid,100,767.0,278.0,1190.0,19.5,0.0,0.0
oe:player:460ae5a7af8d68f7831b70307210ab3,Berserker,Cloud9,LCS,Amérique du Nord,Ligue majeure,ADC,75,765.0,279.0,1221.0,25.0,0.0,0.0
oe:player:e5feef89d633a666eeaaf6392ca2fa9,YoungJae,DN SOOPers,LCK,Corée,Ligue majeure,Jungle,83,764.0,279.0,-340.0,24.0,0.0,0.0
oe:player:8b73af38e98bccab6f86930c75a9450,Trymbi,Fnatic,LEC,EMEA,Ligue majeure,Support,89,762.0,258.0,931.0,25.0,0.0,0.0
oe:player:1c42d9266c8b391c7870b7a39f25a12,Photic,Ninjas in Pyjamas,LPL,Chine,Ligue majeure,ADC,91,758.0,271.0,-360.0,21.0,0.0,0.0
oe:player:bd6a2e6aaeb993fd29f43790265297f,Ucal,ThunderTalk Gaming,LPL,Chine,Ligue majeure,Mid,84,755.0,276.0,-274.0,16.0,0.0,0.0
oe:player:da3299cd46f1ad8a86bbadeb6b8a320,Assum,Rare Atom,LPL,Chine,Ligue majeure,ADC,81,755.0,270.0,-374.0,22.0,0.0,0.0
oe:player:035b9ae578574cdf728d8760483d804,Effort,HANJIN BRION,LCK,Corée,Ligue majeure,Support,91,755.0,278.0,-101.0,24.0,0.0,0.0
oe:player:6adb46561c24655e0455d9b3fdc5698,Clozer,Liiv SANDBOX,LCK,Corée,Ligue majeure,Mid,91,754.0,277.0,-68.0,19.0,0.0,0.0
oe:player:57ac9f77eae511aeee1e854434f73f2,HOYA,ThunderTalk Gaming,LPL,Chine,Ligue majeure,Top,84,752.0,276.0,-277.0,18.0,0.0,0.0
oe:player:6e6a78244523ed9e54731d07d1f79f4,DuDu,DN SOOPers,LCK,Corée,Ligue majeure,Top,83,752.0,279.0,-311.0,22.0,0.0,0.0
oe:player:10fcffece0ac7be85f09c4b51a75762,Zven,Cloud9,LCS,Amérique du Nord,Ligue majeure,Support,75,752.0,279.0,1066.0,26.0,0.0,0.0
oe:player:5d11b64cb0cf93ea4a5e5c6977aff59,H4cker,Ultra Prime,LPL,Chine,Ligue majeure,Jungle,71,743.0,269.0,-443.0,22.0,0.0,0.0
oe:player:b6603b64c5cabad210826735469838b,Cube,Oh My God,LPL,Chine,Ligue majeure,Top,85,742.0,251.0,-324.0,21.0,0.0,0.0
oe:player:39d7885ab4602a7f8d202883d253f5e,Wink,Invictus Gaming,LPL,Chine,Ligue majeure,Support,76,742.0,273.0,-498.0,21.0,0.0,0.0
oe:player:1d22c812efd7b8a4244d93c51acc399,Dove,Invictus Gaming,LPL,Chine,Ligue majeure,Mid,34,738.0,276.0,-364.0,19.0,0.0,0.0
oe:player:3ee0c18b85e7bb8eaad86d58498e27d,Juhan,Kiwoom DRX,LCK,Corée,Ligue majeure,Jungle,33,735.0,272.0,-486.0,23.0,0.0,0.0
oe:player:91452f4ae2e46e0fad762544b3a9205,EMENES,Cloud9,LCS,Amérique du Nord,Ligue majeure,Mid,86,733.0,264.0,1118.0,23.0,0.0,0.0
oe:player:26cf32679ec486e40032e24fa39d15c,Meteor,LGD Gaming,LPL,Chine,Ligue majeure,Jungle,81,731.0,274.0,-501.0,25.0,0.0,0.0
oe:player:3c93fcbfb525315f6412904e5b9abbd,Tangyuan,Royal Never Give Up,LPL,Chine,Ligue majeure,Mid,61,728.0,269.0,-410.0,18.0,0.0,0.0
oe:player:317aeb74a6dd16bea711bbad361ca44,BuLLDoG,DN SOOPers,LCK,Corée,Ligue majeure,Mid,83,728.0,279.0,-197.0,23.0,0.0,0.0
oe:player:24cd6812f523cf30c3502344539be6f,FATE,Kiwoom DRX,LCK,Corée,Ligue majeure,Mid,84,726.0,271.0,-206.0,24.0,0.0,0.0
oe:player:f02f1c8275084050765b4b6414bdfda,Fudge,Cloud9,LCS,Amérique du Nord,Ligue majeure,Top,75,723.0,279.0,960.0,24.0,0.0,0.0
oe:player:ed455f823b6586e9e3621dfb5aeb42e,Blaber,Cloud9,LCS,Amérique du Nord,Ligue majeure,Jungle,75,723.0,279.0,1158.0,27.0,0.0,0.0
oe:player:ad991b9f2f7e553d4eefb9f5d06afc9,Lele,Royal Never Give Up,LPL,Chine,Ligue majeure,Support,17,718.0,279.0,-618.0,,,
oe:player:dbe844fcbbc7f54654e54242e79acac,Eyla,Evil Geniuses,LCS,Amérique du Nord,Ligue majeure,Support,46,718.0,268.0,899.0,30.0,0.0,0.0
oe:player:00ff83174dc14ce3f7b17e427b75e7f,Sty1e,MGN Blue Esports,VCS,Asie-Pacifique,Ligue majeure,ADC,71,716.0,267.0,2170.0,28.0,0.0,0.0
oe:player:ce76a8fc639b0cc96da48c76bc0bbeb,Lwx,Royal Never Give Up,LPL,Chine,Ligue majeure,ADC,84,715.0,267.0,-573.0,24.0,0.0,0.0
oe:player:d24f38ec30ce6f7577066f80e43e4bf,Kael,Anyone's Legend,LCK,Corée,Ligue majeure,Support,94,715.0,273.0,-301.0,25.5,0.0,0.0
oe:player:284a8e6b9dbbc68d6bfc8e1e87d42a4,Invincible,Ninjas in Pyjamas,LPL,Chine,Ligue majeure,Top,82,711.0,272.0,-481.0,22.0,0.0,0.0
oe:player:efced9552c6030d0beaf318ee62926a,Jinjiao,LGD Gaming,LPL,Chine,Ligue majeure,Support,81,709.0,274.0,-667.0,26.0,0.0,0.0
oe:player:f886838ee1808c2f217208267a829ce,haichao,LGD Gaming,LPL,Chine,Ligue majeure,Mid,74,703.0,270.0,-538.0,24.0,0.0,0.0
oe:player:1970fcb701acce66e0771946bbb3105,UmTi,HANJIN BRION,LCK,Corée,Ligue majeure,Jungle,89,699.0,280.0,-666.0,28.0,0.0,0.0
oe:player:78f78a8aa2c5d6bae8a64d6950bbb0f,Cryin,Invictus Gaming,LPL,Chine,Ligue majeure,Mid,40,698.0,275.0,-561.0,20.0,0.0,0.0
oe:player:0908c66a5c361f682282599e75b334f,SwordArt,Ultra Prime,LPL,Chine,Ligue majeure,Support,79,696.0,257.0,-729.0,28.0,0.0,0.0
oe:player:952237fce714ed1eca8ded17523bee9,Taeyoon,DN SOOPers,LCK,Corée,Ligue majeure,ADC,83,694.0,279.0,-636.0,27.0,0.0,0.0
oe:player:937dc5479c6416d1ad4997538144f6e,Zorah,Rare Atom,LPL,Chine,Ligue majeure,Support,86,690.0,248.0,-758.0,32.0,0.0,0.0
oe:player:18bdb3898e7fecb3bb0be7ff075d509,deokdam,FunPlus Phoenix,LCKC,Corée,Deuxième niveau,ADC,96,688.0,244.0,1508.0,1.0,0.96,1.0
oe:player:58771d428ade54dd5983bbe70ce0383,Xiaohao,Weibo Gaming,LPL,Chine,Ligue majeure,Jungle,85,684.0,272.0,-738.0,28.0,0.0,0.0
oe:player:95082306f78780da5686f118c993366,Doggo,Ultra Prime,LPL,Chine,Ligue majeure,ADC,78,684.0,273.0,-732.0,29.0,0.0,0.0
oe:player:60f97a9fdc976391d891dea9825df1f,Forge,Ultra Prime,LPL,Chine,Ligue majeure,Mid,37,684.0,270.0,-631.0,26.0,0.0,0.0
oe:player:6bc43cc1537fa4ac6295b4899e972cf,Care,FunPlus Phoenix,LPL,Chine,Ligue majeure,Mid,80,683.0,273.0,-635.0,27.0,0.0,0.0
oe:player:94e552221e552e3ebaaeefff76fd6ea,Gori,Golden Guardians,LCS,Amérique du Nord,Ligue majeure,Mid,84,681.0,277.0,859.0,29.0,0.0,0.0
oe:player:9712524dc88851032bd53054f8b49b4,Hena,HANJIN BRION,LCK,Corée,Ligue majeure,ADC,89,679.0,280.0,-714.0,30.0,0.0,0.0
oe:player:c4ec81f700e2f5f739352707fe986d7,fearness,LGD Gaming,LPL,Chine,Ligue majeure,Top,37,679.0,263.0,-640.0,26.0,0.0,0.0
oe:player:326f63d01099f1c8b91620cbc893813,Paduck,Kiwoom DRX,LCK,Corée,Ligue majeure,ADC,52,677.0,260.0,-721.0,27.0,0.0,0.0
oe:player:52e418c848e0f05f1ae3d63fb2f806a,Uzi,EDward Gaming,LPL,Chine,Ligue majeure,ADC,53,674.0,265.0,-779.0,25.5,0.0,0.0
oe:player:f73dde2d8c7879ae8d1fcdc03c4ffeb,Morgan,HANJIN BRION,LCK,Corée,Ligue majeure,Top,89,673.0,280.0,-708.0,26.0,0.0,0.0
oe:player:da87886941820cfc2eee112d0143e90,Abbedagge,Excel Esports,LEC,EMEA,Ligue majeure,Mid,37,671.0,278.0,707.0,34.0,0.0,0.0
oe:player:73d2b65353d7b00e0f198ffdc085edc,FBI,NRG,LCS,Amérique du Nord,Ligue majeure,ADC,71,669.0,262.0,742.0,31.0,0.0,0.0
oe:player:e9aecf3f86eadc4cabbf95b7d92be0d,Tianzhen,Invictus Gaming,LPL,Chine,Ligue majeure,Jungle,84,668.0,258.0,-815.0,36.0,0.0,0.0
oe:player:c6ad8b5c4df40d2f69ee833a8a56681,Harder,Anyone's Legend,LPL,Chine,Ligue majeure,Mid,30,667.0,275.0,-716.0,22.0,0.0,0.0
oe:player:84e02b3ad83040a2b876001dd6c5192,Leyan,Rare Atom,LPL,Chine,Ligue majeure,Jungle,77,667.0,273.0,-822.0,28.0,0.0,0.0
oe:player:0e42126e417733263459e2b54ae7e2a,Xiaolaohu,FunPlus Phoenix,LPL,Chine,Ligue majeure,Top,65,666.0,267.0,-704.0,25.0,0.0,0.0
oe:player:ee051912ad5f9a97aa9ce4980cbb481,Peter,Nongshim RedForce,LCK,Corée,Ligue majeure,Support,85,665.0,279.0,-554.0,31.0,0.0,0.0
oe:player:e9017664588010860a92ceb5f8fcb82,Quad,Nongshim RedForce,LCK,Corée,Ligue majeure,Mid,12,664.0,285.0,-518.0,,,
oe:player:edf8b064c096691e539b7e2a3e28179,Humanoid,Fnatic,LEC,EMEA,Ligue majeure,Mid,75,664.0,278.0,675.0,32.0,0.0,0.0
oe:player:fe4329cec43193c425eb28a4a4b304a,Upset,Team Vitality,LEC,EMEA,Ligue majeure,ADC,29,659.0,274.0,464.0,38.0,0.0,0.0
oe:player:d709285b163a94af9d819e568c592ba,VicLa,Rare Atom,LCS,Amérique du Nord,Ligue majeure,Mid,51,655.0,274.0,725.0,32.0,0.0,0.0
oe:player:1a75a7cf8c98442be881fed562346f5,Sylvie,Nongshim RedForce,LCK,Corée,Ligue majeure,Jungle,85,651.0,279.0,-904.0,32.0,0.0,0.0
oe:player:8a8f18e4b7d0f30c19c5fb99a526951,Elyoya,MAD Lions KOI,LEC,EMEA,Ligue majeure,Jungle,95,650.0,278.0,232.0,35.0,0.0,0.0
oe:player:53841c6e42a6ce77b6f3b80133c9342,Peach,Excel Esports,LEC,EMEA,Ligue majeure,Jungle,82,650.0,245.0,228.0,31.0,0.0,0.0
oe:player:390ca7b6b38d552363eba1b5b54ff18,Razork,Fnatic,LEC,EMEA,Ligue majeure,Jungle,75,649.0,278.0,225.0,35.0,0.0,0.0
oe:player:be9758f87345bcce47970a8f17b3c07,Oscarinin,Fnatic,LEC,EMEA,Ligue majeure,Top,68,648.0,254.0,365.0,29.0,0.0,0.0
oe:player:7c3395efccd48fe73592001501bef83,River,Golden Guardians,LCS,Amérique du Nord,Ligue majeure,Jungle,86,648.0,279.0,782.0,34.0,0.0,0.0
oe:player:83eb62484689106807fcf5ad55b5479,Jojopyun,Evil Geniuses,LCS,Amérique du Nord,Ligue majeure,Mid,54,647.0,269.0,688.0,33.0,0.0,0.0
oe:player:9b22cace0315e520c50f1b8f8ac434c,Ning,Ultra Prime,LPL,Chine,Ligue majeure,Jungle,75,641.0,275.0,-951.0,30.0,0.0,0.0
oe:player:ba2664f94e92e7e9e06fe8582b1f4ec,Chasy,MAD Lions KOI,LEC,EMEA,Ligue majeure,Top,95,639.0,278.0,319.0,32.0,0.0,0.0
oe:player:341e10748bb6d388250fd1f013e45a4,DnDn,Nongshim RedForce,LCK,Corée,Ligue majeure,Top,87,638.0,276.0,-878.0,28.0,0.0,0.0
oe:player:9191e392e93a6ef011ef76b5b83ee6c,huhi,Golden Guardians,LCS,Amérique du Nord,Ligue majeure,Support,86,638.0,279.0,499.0,35.0,0.0,0.0
oe:player:132ee4b29ebeac294a420dcebe64bdc,Zdz,Weibo Gaming,LPL,Chine,Ligue majeure,Top,85,635.0,272.0,-858.0,27.0,0.0,0.0
oe:player:51d421a31ce72460198ef946995fb11,Stixxay,Golden Guardians,LCS,Amérique du Nord,Ligue majeure,ADC,86,634.0,279.0,565.0,34.0,0.0,0.0
oe:player:b0d8913d4dfb85c2325c0773ff52ae9,Bo,Team Vitality,LEC,EMEA,Ligue majeure,Jungle,42,634.0,279.0,152.0,35.0,0.0,0.0
oe:player:99ce2ea4de279c28bb0315848da8a48,Summit,Team Liquid,LCS,Amérique du Nord,Ligue majeure,Top,63,630.0,280.0,497.0,34.0,0.0,0.0
oe:player:89216834aae8b891cbd6dbad9087f65,XLB,Ninjas in Pyjamas,LPL,Chine,Ligue majeure,Jungle,28,628.0,276.0,-1014.0,29.0,0.0,0.0
oe:player:7adc518d589f32912c06de8dae7848e,Nisqy,MAD Lions KOI,LEC,EMEA,Ligue majeure,Mid,95,625.0,278.0,478.0,36.0,0.0,0.0
oe:player:a2357eb17578485c2ba736db36cbc42,Pyosik,Team Liquid,LCS,Amérique du Nord,Ligue majeure,Jungle,63,623.0,280.0,653.0,39.0,0.0,0.0
oe:player:51e28d43b390b67473879ff47a7f3ff,pinz,Anyone's Legend,LPL,Chine,Ligue majeure,Mid,50,620.0,272.0,-952.0,29.0,0.0,0.0
oe:player:f7ead1102c4739cf2a094369019fff5,Winsome,FlyQuest NZXT,NACL,Amérique du Nord,Deuxième niveau,Support,84,620.0,289.0,2517.0,1.0,0.57,0.763
oe:player:05fafeaf23dc3285558a4e968970b9f,CoreJJ,Team Liquid,LCS,Amérique du Nord,Ligue majeure,Support,63,619.0,280.0,403.0,36.0,0.0,0.0
oe:player:fddde6d256bee26713f64ad9b2a9394,Palafox,NRG,LCS,Amérique du Nord,Ligue majeure,Mid,72,617.0,275.0,539.0,34.0,0.0,0.0
oe:player:a2f6e754fc2b358f7786f52decb4274,Jankos,Team Heretics,LEC,EMEA,Ligue majeure,Jungle,44,612.0,280.0,38.0,40.0,0.0,0.0
oe:player:63ba5c5e5bb73ace706183b5e05a27e,Bjergsen,100 Thieves,LCS,Amérique du Nord,Ligue majeure,Mid,28,612.0,280.0,513.0,40.0,0.0,0.0
oe:player:5ee64eb3feb02e60832a2265db54f71,FIESTA,Nongshim RedForce,LCK,Corée,Ligue majeure,Mid,69,610.0,270.0,-789.0,31.0,0.0,0.0
oe:player:fd22b656b23ca07a276181a4953ba2c,Photon,Team Vitality,LEC,EMEA,Ligue majeure,Top,45,609.0,282.0,167.0,37.0,0.0,0.0
oe:player:2b5fa564a1259b97bc238fbfa719b07,Teddy,Liiv SANDBOX,LCK,Corée,Ligue majeure,ADC,40,609.0,270.0,-1064.0,33.0,0.0,0.0
oe:player:b6f837c8bd1b510dd3f77ee8c903c30,Ignar,NRG,LCS,Amérique du Nord,Ligue majeure,Support,58,609.0,270.0,355.0,35.0,0.0,0.0
oe:player:6dd6c65f233361c424b431921d60ff6,Revenge,Evil Geniuses,LCS,Amérique du Nord,Ligue majeure,Top,48,608.0,276.0,388.0,39.0,0.0,0.0
oe:player:dee54127bb56d2e2540ba71cc416f1c,BeryL,Kiwoom DRX,LCK,Corée,Ligue majeure,Support,93,607.0,276.0,-841.0,34.0,0.0,0.0
oe:player:a8307167f3a1c933295bb9e3d43700e,Inspired,Evil Geniuses,LCS,Amérique du Nord,Ligue majeure,Jungle,25,606.0,284.0,569.0,43.0,0.0,0.0
oe:player:1c51707d8fd9873c9fd184e2cd01b33,Crownie,Team BDS,LEC,EMEA,Ligue majeure,ADC,83,605.0,278.0,195.0,36.0,0.0,0.0
oe:player:f6b8af05a5af22004a67a78f3046b92,Yeon,Team Liquid,LCS,Amérique du Nord,Ligue majeure,ADC,63,600.0,280.0,396.0,38.0,0.0,0.0
oe:player:e03d0722b6dce835cde3268c08c4f54,Licorice,Golden Guardians,LCS,Amérique du Nord,Ligue majeure,Top,86,598.0,279.0,338.0,33.0,0.0,0.0
oe:player:ec0c2b8d7630efba391c288765d4d7e,Carzzy,MAD Lions KOI,LEC,EMEA,Ligue majeure,ADC,95,594.0,278.0,139.0,37.0,0.0,0.0
oe:player:c26c01acba9788db20a72aa23d01d23,Slayder,GAM Esports,VCS,Asie-Pacifique,Ligue majeure,ADC,102,594.0,256.0,1561.0,39.0,0.0,0.0
oe:player:717bb4d71a2dab54e7020b1a8fde420,Flakked,Team Heretics,LEC,EMEA,Ligue majeure,ADC,60,593.0,252.0,137.0,43.5,0.0,0.0
oe:player:5afac30dcb88b92670b60509f3139a7,Mersa,Team Heretics,LEC,EMEA,Ligue majeure,Support,44,590.0,280.0,74.0,38.0,0.0,0.0
oe:player:404079b4e478ea2a8b57904c640311b,Sheo,Team BDS,LEC,EMEA,Ligue majeure,Jungle,83,590.0,278.0,-70.0,39.0,0.0,0.0
oe:player:ec0971fb900874b1c59179d9cd33687,Kaiser,Team Vitality,LEC,EMEA,Ligue majeure,Support,45,589.0,282.0,67.0,40.0,0.0,0.0
oe:player:8a5dbe19794784cfd0553556844f045,Contractz,NRG,LCS,Amérique du Nord,Ligue majeure,Jungle,72,588.0,275.0,481.0,39.0,0.0,0.0
oe:player:6a9abcfebed9c636ca90560b7f49855,Adam,Team BDS,LEC,EMEA,Ligue majeure,Top,82,588.0,276.0,61.0,33.0,0.0,0.0
oe:player:86dbd2fb95030a3ed1efee6808eb125,LIMIT,Excel Esports,LEC,EMEA,Ligue majeure,Support,43,586.0,277.0,53.0,37.5,0.0,0.0
oe:player:0634d9e86284da2fae4e1438d564eee,Perkz,Team Vitality,LEC,EMEA,Ligue majeure,Mid,45,584.0,282.0,272.0,40.0,0.0,0.0
oe:player:9daf04bfd9c8815cc827414f59f45af,Rascal,Kiwoom DRX,LCK,Corée,Ligue majeure,Top,93,581.0,276.0,-1165.0,32.0,0.0,0.0
oe:player:5000a68e43f946c726a17e1008e230a,Feather,Rare Atom,LPL,Chine,Ligue majeure,Support,67,574.0,257.0,-1339.0,45.0,0.0,0.0
oe:player:498246d6c44175256a07ed5f322c817,Karis,HANJIN BRION,LCK,Corée,Ligue majeure,Mid,90,572.0,264.0,-978.0,35.0,0.0,0.0
oe:player:407b2b8fcb2fd977fc766d5df3f4dff,Hery,Anyone's Legend,LPL,Chine,Ligue majeure,Top,78,572.0,272.0,-1174.0,31.0,0.0,0.0
oe:player:8f862245fbdb4d065e46c83630b9495,nuc,Team BDS,LEC,EMEA,Ligue majeure,Mid,83,571.0,278.0,207.0,38.0,0.0,0.0
oe:player:252de481e83ab0bc87aada93aeb424c,vital,Nongshim Esports Academy,LCKC,Corée,Deuxième niveau,ADC,101,569.0,250.0,912.0,2.0,0.003,0.977
oe:player:d87853a5c1c5463889d70a62cdbcffc,Clear,Liiv SANDBOX,LCK,Corée,Ligue majeure,Top,74,568.0,262.0,-1230.0,41.0,0.0,0.0
oe:player:7e754adda86a60e0a39d7204ba60424,Betty,Beyond Gaming,PCS,Asie-Pacifique,Ligue majeure,ADC,75,563.0,259.0,1780.0,26.0,0.0,0.0
oe:player:fbadcf84fcfb01a251de88055f631cb,Spica,FlyQuest,LCS,Amérique du Nord,Ligue majeure,Jungle,48,556.0,280.0,322.0,44.0,0.0,0.0
oe:player:376d5e3b1257e6972228d458943f74c,Evi,Team Heretics,LEC,EMEA,Ligue majeure,Top,44,556.0,280.0,-97.0,39.0,0.0,0.0
oe:player:f19c6710765da99fcc0d9ee3175d5ef,Dream,Ultra Prime,LPL,Chine,Ligue majeure,Mid,32,553.0,265.0,-1285.0,31.0,0.0,0.0
oe:player:5385f74da3e5deb5b66d9a1ee56cf97,Dhokla,NRG,LCS,Amérique du Nord,Ligue majeure,Top,72,549.0,275.0,89.0,36.0,0.0,0.0
oe:player:a7b51467f09577883d7150f37393964,naiyou,Rare Atom,LDL,Chine,Deuxième niveau,Jungle,101,548.0,277.0,1542.0,2.0,0.377,0.903
oe:player:d2b317a92a71a850ae3da1e0d83e883,1xn,ThunderTalk Gaming,LPL,Chine,Ligue majeure,ADC,89,545.0,254.0,-1426.0,48.0,0.0,0.0
oe:player:21f59b54f62b5b8b4bc0f63f0f617fc,Impact,FlyQuest,LCS,Amérique du Nord,Ligue majeure,Top,48,545.0,280.0,68.0,41.0,0.0,0.0
oe:player:8548eb91d0be87a2c399c2473e3e1a3,Mori,Oh My God Academy,LDL,Chine,Deuxième niveau,Jungle,72,543.0,272.0,1519.0,7.5,0.02,0.34
oe:player:87f7503a6cdacffa612aeee7f04cc7c,Callme,Nongshim Esports Academy,LCKC,Corée,Deuxième niveau,Mid,79,541.0,265.0,1137.0,4.0,0.11,0.693
oe:player:f2264caa34a27d8f01634f39f307c85,Doss,SK Gaming,LEC,EMEA,Ligue majeure,Support,52,540.0,280.0,-179.0,43.0,0.0,0.0
oe:player:145f64f1760a3fc2eac89c8f29c3083,Levi,GAM Esports,VCS,Asie-Pacifique,Ligue majeure,Jungle,112,540.0,273.0,1090.0,46.0,0.0,0.0
oe:player:95d286ec0a5d750d09e848a4e630c56,Noah,Fnatic,LEC,EMEA,Ligue majeure,ADC,84,539.0,245.0,-135.0,35.5,0.0,0.0
oe:player:a22a6d1fe8786cf83675e2d932fbffe,JunJia,PSG Talon,PCS,Asie-Pacifique,Ligue majeure,Jungle,73,538.0,273.0,1943.0,48.0,0.0,0.0
oe:player:a1cd4e9b2265b1a11ea157ccc74b1e5,UNF0RGIVEN,Evil Geniuses,LCS,Amérique du Nord,Ligue majeure,ADC,68,538.0,272.0,84.0,45.0,0.0,0.0
oe:player:a04a853a0f540f156d08711204fe252,Armao,Evil Geniuses Challengers,NACL,Amérique du Nord,Deuxième niveau,Jungle,35,538.0,279.0,2078.0,4.0,0.14,0.383
oe:player:bb6ac5763c6576e104a7a2f59eb4ddf,Labrov,Team BDS,LEC,EMEA,Ligue majeure,Support,83,536.0,278.0,-196.0,40.0,0.0,0.0
oe:player:bdb90de1ad7c2b7c38ce6f1177c1f62,Kobbe,Astralis,LEC,EMEA,Ligue majeure,ADC,42,531.0,281.0,-176.0,46.0,0.0,0.0
oe:player:7f18c4119640c0ab2151a17a0d464cb,hulatang,Ji Jie Hao (集结号),LDL,Chine,Deuxième niveau,Top,38,528.0,278.0,1469.0,2.0,0.267,0.503
oe:player:158c720179ac94f4bbe38b809ff1702,Baolan,Rare Atom,LPL,Chine,Ligue majeure,Support,46,526.0,266.0,-1578.0,32.0,0.0,0.0
oe:player:5a727a99621f9e7f1d95f26fb6e5c52,Tenacity,100 Thieves,LCS,Amérique du Nord,Ligue majeure,Top,30,523.0,277.0,-41.0,41.0,0.0,0.0
oe:player:3c784fdd6a025028ad063525c14027a,Hylissang,MAD Lions KOI,LEC,EMEA,Ligue majeure,Support,95,519.0,278.0,-283.0,42.0,0.0,0.0
oe:player:2b819506567c258f6fffdd4ec78ca0c,Odoamne,Excel Esports,LEC,EMEA,Ligue majeure,Top,52,518.0,282.0,-288.0,45.0,0.0,0.0
oe:player:904877f729c14fa4a16e9b9e4d3dabd,Uneasy,LNG Academy,LDL,Chine,Deuxième niveau,ADC,53,518.0,273.0,1427.0,6.0,0.03,0.453
oe:player:eff6236e2369eaeccf4c9434031d20c,3XA,SK Gaming,LEC,EMEA,Ligue majeure,ADC,52,516.0,280.0,-250.0,43.0,0.0,0.0
oe:player:17a3d1accbb8bbdaaabfd34e1d69c18,Sertuss,SK Gaming,LEC,EMEA,Ligue majeure,Mid,52,514.0,280.0,-75.0,43.0,0.0,0.0
oe:player:57a976f165d89afb00fc029cd7c36a7,Szygenda,KOI,LEC,EMEA,Ligue majeure,Top,51,513.0,279.0,-310.0,45.0,0.0,0.0
oe:player:73e08f7701a4316284cbe884b5d7e56,Kiaya,GAM Esports,VCS,Asie-Pacifique,Ligue majeure,Top,112,512.0,273.0,976.0,45.0,0.0,0.0
oe:player:030a726de315d9ad86989bf360809e9,Prince,Team WE,LCS,Amérique du Nord,Ligue majeure,ADC,51,511.0,276.0,-51.0,44.0,0.0,0.0
oe:player:10b86429ce8048aba673d802632e358,Lucid,Dplus Kia Challengers,LCKC,Corée,Deuxième niveau,Jungle,137,511.0,282.0,1050.0,3.0,0.167,0.757
oe:player:5d531a4cf817202fc25eda63906e797,Comp,KOI,LEC,EMEA,Ligue majeure,ADC,51,510.0,279.0,-279.0,45.5,0.0,0.0
oe:player:0582fabc486c42d0db3bf52f56c6fc3,Bay,T1 Esports Academy,LCKC,Corée,Deuxième niveau,Mid,61,509.0,269.0,975.0,4.0,0.13,0.713
oe:player:6c2d19f781192a84726e07f68a531b6,Markoon,SK Gaming,LEC,EMEA,Ligue majeure,Jungle,52,507.0,280.0,-483.0,46.0,0.0,0.0
oe:player:559813e734d182e8896481003507b1f,Pullbae,Dplus Kia Challengers,LCKC,Corée,Deuxième niveau,Mid,133,506.0,277.0,959.0,2.0,0.263,0.99
oe:player:dfc279de8d7bd571aa8edfd7eb89c03,Moham,DN SOOPers Challengers,LCKC,Corée,Deuxième niveau,Support,43,505.0,261.0,974.0,4.0,0.247,0.517
oe:player:1efc4e5732e91520d03385900b903f9,Thanatos,Dplus Kia Challengers,LCKC,Corée,Deuxième niveau,Top,137,504.0,282.0,1003.0,2.0,0.297,0.817
oe:player:40cd014b7b6251e3a22e6a45a73a64e,Execute,Astralis,LEC,EMEA,Ligue majeure,Support,42,504.0,281.0,-358.0,45.0,0.0,0.0
oe:player:96da046ebab4cac9bcba2c9afd85999,Closer,100 Thieves,LCS,Amérique du Nord,Ligue majeure,Jungle,51,503.0,279.0,53.0,49.0,0.0,0.0
oe:player:f25df399390d86b9a1e83216dae597b,Doublelift,100 Thieves,LCS,Amérique du Nord,Ligue majeure,ADC,51,502.0,279.0,-97.0,48.0,0.0,0.0
oe:player:a03108f3d1ff62138464d28409291c0,Qing,FunPlus Phoenix Blaze,LDL,Chine,Deuxième niveau,Mid,82,498.0,259.0,1295.0,10.0,0.02,0.397
oe:player:31b62cc3cf89d670fdef677faed2789,milkyway,Royal Club,LDL,Chine,Deuxième niveau,Jungle,109,497.0,279.0,1288.0,7.0,0.0,0.27
oe:player:5c6f901a83ec448d51703aebba0ca64,Croco,Anyone's Legend,LCK,Corée,Ligue majeure,Jungle,63,496.0,264.0,-1679.0,43.0,0.0,0.0
oe:player:2192ace6703f0af48b4b5dcb033128e,Moyan,FunPlus Phoenix,LDL,Chine,Deuxième niveau,Jungle,82,496.0,257.0,1283.0,8.0,0.0,0.15
oe:player:c942f21cd85aaf8d7892aa712e3e2ce,Frog,Kiwoom DRX Challengers,LCKC,Corée,Deuxième niveau,Top,77,494.0,273.0,955.0,4.0,0.047,0.583
oe:player:6fbf57b984dbf130701e09ea4110bb8,Rich,Dignitas,LCS,Amérique du Nord,Ligue majeure,Top,28,489.0,278.0,-209.0,50.0,0.0,0.0
oe:player:5ae7a60e2b2349c8bae7dbb67a394c9,Finn,Astralis,LEC,EMEA,Ligue majeure,Top,42,489.0,281.0,-432.0,46.0,0.0,0.0
oe:player:09d60b7619558098c8be8459e6061b9,Luger,Counter Logic Gaming,LCS,Amérique du Nord,Ligue majeure,ADC,26,487.0,282.0,-172.0,51.0,0.0,0.0
oe:player:f35d122e169ccf24593a4d06927a3e2,Ssumday,100 Thieves,LCS,Amérique du Nord,Ligue majeure,Top,48,486.0,270.0,-225.0,48.0,0.0,0.0
oe:player:027a5217b659e8bedb70978dea494d6,Irrelevant,SK Gaming,LEC,EMEA,Ligue majeure,Top,52,485.0,280.0,-453.0,45.0,0.0,0.0
oe:player:e3aa452243a476669824e52c1b7fc6b,Maple,PSG Talon,PCS,Asie-Pacifique,Ligue majeure,Mid,58,485.0,257.0,1881.0,46.0,0.0,0.0
oe:player:b3cbe00bded6d903ce22576f701df12,2T,Rainbow Warriors,VCS,Asie-Pacifique,Ligue majeure,Top,23,484.0,287.0,838.0,52.0,0.0,0.0
oe:player:1dad889ff236635dc1e03d02312e79c,Patrik,Excel Esports,LEC,EMEA,Ligue majeure,ADC,52,484.0,282.0,-412.0,48.0,0.0,0.0
oe:player:d3f8c554a302aebd5d2bae668ae197e,Larssen,KOI,LEC,EMEA,Ligue majeure,Mid,51,483.0,279.0,-231.0,46.0,0.0,0.0
oe:player:d11068c782573b34be81beb5a4eeb12,Wunder,Fnatic,LEC,EMEA,Ligue majeure,Top,23,482.0,275.0,-467.0,47.0,0.0,0.0
oe:player:b06f165ee2371a61d3be74d413e1e21,Malrang,KOI,LEC,EMEA,Ligue majeure,Jungle,51,476.0,279.0,-642.0,49.0,0.0,0.0
oe:player:72bd7f020390328891f8595b5a2136f,Azhi,PSG Talon,PCS,Asie-Pacifique,Ligue majeure,Top,80,475.0,278.0,1731.0,49.0,0.0,0.0
oe:player:3f4027dc08a489bd4d5390913f5dc71,Sponge,Kiwoom DRX Challengers,LCKC,Corée,Deuxième niveau,Jungle,134,473.0,279.0,860.0,5.0,0.003,0.61
oe:player:ef97df9d746d0e65ed18786ab30031c,Insanity,TSM,LCS,Amérique du Nord,Ligue majeure,Mid,70,473.0,274.0,-182.0,42.0,0.0,0.0
oe:player:a7f0b16a54f4bd0dcb6fb7bb625b3cb,Bugi,TSM,LCS,Amérique du Nord,Ligue majeure,Jungle,46,472.0,283.0,-99.0,49.0,0.0,0.0
oe:player:b3323183eb51a00e2777d997b6f72bb,Xzz,Royal Club,LDL,Chine,Deuxième niveau,Mid,109,470.0,279.0,1153.0,8.0,0.003,0.23
oe:player:64ff4f1dd75a5654ab87c0bbee89c1e,Wako,PSG Talon,PCS,Asie-Pacifique,Ligue majeure,ADC,80,470.0,278.0,1316.0,51.0,0.0,0.0
oe:player:73278a4a86960eeb576a8fd4c9ec699,113,Astralis,LEC,EMEA,Ligue majeure,Jungle,42,463.0,281.0,-705.0,49.0,0.0,0.0
oe:player:149d8109793e20ba80f71ae449657c1,PandaC,Royal Club,LDL,Chine,Deuxième niveau,Top,84,461.0,274.0,1133.0,6.0,0.007,0.437
oe:player:278f9a3d3077c522e71022e302b9e0e,Palette,GAM Esports,VCS,Asie-Pacifique,Ligue majeure,Support,86,454.0,261.0,974.0,47.0,0.0,0.0
oe:player:6d80c6c8181e4e3c34d58e53dacf52f,Ruby,TSM,LEC,EMEA,Ligue majeure,Mid,27,453.0,278.0,-382.0,51.0,0.0,0.0
oe:player:605821ebcf6a2e53f03ec6e8e463d1b,Duro,Hanwha Life Esports Challengers,LCKC,Corée,Deuxième niveau,Support,118,452.0,281.0,711.0,5.0,0.003,0.593
oe:player:a57c46c636a00b1721780dd44f9c42f,xiaohuangren,ThunderTalk Gaming Young,LDL,Chine,Deuxième niveau,Jungle,21,450.0,278.0,1051.0,18.0,0.0,0.053
oe:player:a179853ac2a0832657b9de8b9ba0020,HongQ,Nate9527,PCL,Asie-Pacifique,Deuxième niveau,Mid,31,449.0,289.0,1271.0,18.0,0.0,0.04
oe:player:3e722c8ede909c83af9342c41805a16,Busio,100 Thieves,LCS,Amérique du Nord,Ligue majeure,Support,51,448.0,279.0,-455.0,47.0,0.0,0.0
oe:player:d1ae0e2f9f3ac1e0e0cdcb86504ca77,Feisty,KT Rolster Challengers,LCKC,Corée,Deuxième niveau,Mid,102,448.0,282.0,669.0,9.0,0.0,0.087
oe:player:8643b56ba8000250b81fdaca1d7f06e,Jiwoo,Nongshim RedForce,LCK,Corée,Ligue majeure,ADC,93,447.0,252.0,-1871.0,50.0,0.0,0.0
oe:player:4d433d67abfab3b3fea642fbcab80e0,Hasmed,Team Secret,VCS,Asie-Pacifique,Ligue majeure,Top,75,446.0,267.0,648.0,50.5,0.0,0.0
oe:player:2452114de900ce4bb971851b668786d,Hype,KT Rolster Challengers,LCKC,Corée,Deuxième niveau,ADC,102,444.0,282.0,290.0,7.0,0.0,0.327
oe:player:d971df9441d60af93a87545e6a8f884,JiaQi,Top Esports Challenger,LDL,Chine,Deuxième niveau,ADC,110,444.0,282.0,1057.0,7.0,0.0,0.247
oe:player:6c7c8b16d921fbf3394e228f1554ef5,Chime,TSM,LCS,Amérique du Nord,Ligue majeure,Support,50,443.0,276.0,-477.0,47.0,0.0,0.0
oe:player:0a729115d81802a89227fef9ad4b5f5,xiao7,MiaoJing (妙竞),LDL,Chine,Deuxième niveau,Top,84,442.0,265.0,1038.0,14.0,0.0,0.107
oe:player:4491b20edc9ceb1d782095e341051d9,LIDER,Astralis,LEC,EMEA,Ligue majeure,Mid,25,441.0,276.0,-443.0,47.0,0.0,0.0
oe:player:1f7d70f56b608b3137df2493949fdd0,Bie,Team Whales,VCS,Asie-Pacifique,Ligue majeure,Support,99,441.0,272.0,909.0,51.0,0.0,0.0
oe:player:539a66f092a09af8d24065a3ac5ae69,Kice,Papara SuperMassive,LCKC,Corée,Deuxième niveau,Support,38,440.0,266.0,652.0,7.0,0.0,0.183
oe:player:845ea84cec22236278388f19fcd20bf,HamBak,KT Rolster Challengers,LCKC,Corée,Deuxième niveau,Jungle,102,437.0,282.0,680.0,8.0,0.0,0.26
oe:player:6b3481654facc1e7fe3e312883ea8f3,Cinkrof,Karmine Corp,LFL,EMEA,Deuxième niveau,Jungle,40,437.0,283.0,1447.0,7.0,0.223,0.46
oe:player:6ad53ca055b82d5e23b83df6093df11,Niket,Top Esports Challenger,LDL,Chine,Deuxième niveau,Support,110,436.0,282.0,1175.0,5.0,0.0,0.593
oe:player:1bb23a583cf7b04cd0774c727465cec,Himmel,Saigon Buffalo,VCS,Asie-Pacifique,Ligue majeure,Mid,29,436.0,280.0,794.0,51.0,0.0,0.0
oe:player:db0cbdc72184ad44ab905be61fc0756,Kofte,İstanbul Wildcats,TCL,EMEA,Deuxième niveau,Mid,75,436.0,279.0,1474.0,7.0,0.14,0.353
oe:player:e882d885e6344e29c75779e8a4a307a,Wangxiao,Top Esports Challenger,LDL,Chine,Deuxième niveau,Mid,97,435.0,278.0,976.0,8.0,0.0,0.17
oe:player:6c1d0c529e73fe4c8b9a5306867c4bf,BAO,İstanbul Wildcats,TCL,EMEA,Deuxième niveau,ADC,75,435.0,279.0,1927.0,9.0,0.003,0.287
oe:player:2e7d6bbb048c7e1ff0eb4d8e3bbad9a,Kati,GAM Esports,VCS,Asie-Pacifique,Ligue majeure,Mid,109,433.0,271.0,781.0,48.0,0.0,0.0
oe:player:d80590035c13589acfbdd2b2dcb6077,Aspire,Top Esports Challenger,LDL,Chine,Deuxième niveau,Top,110,431.0,282.0,983.0,8.0,0.0,0.3
oe:player:5eb466e63c91a4ccf328f21715e51ae,Vetheo,Team Heretics,LEC,EMEA,Ligue majeure,Mid,35,431.0,274.0,-489.0,44.0,0.0,0.0
oe:player:20c094acbddf3fbdfd91293511b4472,Haeri,Team Liquid Challengers,NACL,Amérique du Nord,Deuxième niveau,Mid,46,428.0,275.0,1922.0,9.0,0.15,0.28
oe:player:ad3bf81f37b9dddba943b53f7670c57,Decade,LGD Gaming,LPL,Chine,Ligue majeure,Top,55,427.0,257.0,-1902.0,56.0,0.0,0.0
oe:player:6378658dafc3eeb902fa2e52f909172,Tomo,Dignitas,LCS,Amérique du Nord,Ligue majeure,ADC,58,423.0,271.0,-493.0,44.0,0.0,0.0
oe:player:31b5f1d49f55acb4ee7624813bda6b2,Woody,PSG Talon,PCS,Asie-Pacifique,Ligue majeure,Support,80,419.0,278.0,1140.0,51.0,0.0,0.0
oe:player:e2c655411d8d95ef73d8026704f5e7a,Rahel,Dplus Kia Challengers,LCKC,Corée,Deuxième niveau,ADC,140,419.0,279.0,162.0,8.0,0.0,0.373
oe:player:4125acaf3be80df04d6211609b2a227,Medzz,MAX,LDL,Chine,Deuxième niveau,Mid,126,417.0,275.0,890.0,10.0,0.0,0.067
oe:player:9d2474b953a3a0be93880409ccceb4e,Artemis,Team Whales,VCS,Asie-Pacifique,Ligue majeure,ADC,105,417.0,259.0,674.0,53.0,0.0,0.0
oe:player:6c9d6b8aea6f3d16847bdebe05878a2,Spot,Rainbow Warriors,VCS,Asie-Pacifique,Ligue majeure,Jungle,24,417.0,283.0,474.0,55.0,0.0,0.0
oe:player:d34e4bb42bf53b45946fec28fb4c69a,Phoenix2,Rainbow Warriors,VCS,Asie-Pacifique,Ligue majeure,ADC,17,416.0,289.0,671.0,,,
oe:player:5a4ed34a7baf1d14942def4ab49ce38,Diamond,Dignitas,LCS,Amérique du Nord,Ligue majeure,Support,57,413.0,296.0,-629.0,48.0,0.0,0.0
oe:player:6b3af7af333c1b60d099d7c212cbbf9,Such,MAX,LDL,Chine,Deuxième niveau,ADC,125,413.0,256.0,904.0,11.0,0.0,0.023
oe:player:29bef8f5895e5e4fef8ff0945e68567,PerfecT,KT Rolster Challengers,LCKC,Corée,Deuxième niveau,Top,56,412.0,274.0,544.0,10.0,0.0,0.137
oe:player:0101bf828e44b2630d500590c4ad461,Gury,Saigon Buffalo,VCS,Asie-Pacifique,Ligue majeure,Jungle,75,412.0,272.0,448.0,53.0,0.0,0.0
oe:player:4367b1100c2577e20e13ae9e3afd835,Lure,Hanwha Life Esports Challengers,LCKC,Corée,Deuxième niveau,ADC,118,412.0,281.0,130.0,10.0,0.0,0.013
oe:player:0a53c1102dafce61e89decc517b3175,Loki,Hanwha Life Esports Challengers,LCKC,Corée,Deuxième niveau,Mid,24,412.0,279.0,491.0,14.0,0.0,0.0
oe:player:eaf899c6268995f9b1e40d1932c6888,Targamas,Karmine Corp,LFL,EMEA,Deuxième niveau,Support,49,411.0,265.0,1322.0,12.0,0.03,0.303
oe:player:1e9df7dacc21aca9011a58eac5abae5,Haoye,FunPlus Phoenix Blaze,LDL,Chine,Deuxième niveau,Jungle,39,410.0,273.0,853.0,19.0,0.0,0.0
oe:player:4ff7b91bbc9492e9f96d28dda496653,SeTab,Kiwoom DRX Challengers,LCKC,Corée,Deuxième niveau,Mid,131,408.0,277.0,473.0,8.0,0.0,0.28
oe:player:21846207612858fb49a468b43e56dd3,Destroy,İstanbul Wildcats,TCL,EMEA,Deuxième niveau,Top,75,407.0,279.0,1489.0,8.0,0.12,0.39
oe:player:397329fa27498c044cdaac0771ae732,Zinco,Royal Club,LDL,Chine,Deuxième niveau,ADC,33,406.0,277.0,867.0,20.0,0.0,0.0
oe:player:bb20d273a22a0d558c8853822631f60,Poome,Dignitas,LCS,Amérique du Nord,Ligue majeure,Support,41,403.0,268.0,-679.0,52.0,0.0,0.0
oe:player:f2ef2c3bf38250de846df81b97ad3c8,L1f,EDG Youth Team,LDL,Chine,Deuxième niveau,Mid,11,402.0,291.0,810.0,,,
oe:player:158b3ca4e11f71046539eff76f77492,Yge,Huya BUG,LDL,Chine,Deuxième niveau,Jungle,34,402.0,279.0,810.0,17.0,0.0,0.003
oe:player:97703d326201ee5bfa4694c7a73a2b4,Gloryy,Team Whales,VCS,Asie-Pacifique,Ligue majeure,Mid,107,399.0,275.0,612.0,50.0,0.0,0.0
oe:player:bc4f68ea698f26bb1e2f6d34f900f57,SamD,Estral Esports,LLA,Brésil & Amérique latine,Ligue majeure,ADC,58,399.0,280.0,1677.0,55.0,0.0,0.0
oe:player:effd5b04b5d98b779f0a6162c40735a,Fisher,EDward Gaming,LDL,Chine,Deuxième niveau,Mid,18,399.0,280.0,799.0,,,
oe:player:397bcf46311de3cf780469b2a842b67,Ycx,Ji Jie Hao (集结号),LDL,Chine,Deuxième niveau,Support,55,398.0,275.0,988.0,10.5,0.0,0.047
oe:player:c79ce9ec47a91226340af0e57afa782,Neo,Mirage Alliance,NACL,Amérique du Nord,Deuxième niveau,ADC,54,398.0,296.0,1623.0,11.0,0.0,0.237
oe:player:52b4f060a577ff87c99118d97fa75f4,Josedeodo,Estral Esports,LLA,Brésil & Amérique latine,Ligue majeure,Jungle,58,398.0,280.0,967.0,54.0,0.0,0.0
oe:player:48cf24486d9a8e65a142b25682f1994,Driver,J Team,PCS,Asie-Pacifique,Ligue majeure,Top,58,397.0,268.0,1343.0,58.0,0.0,0.0
oe:player:285954244fdc2bcce532fb88a1e0ddb,Rooster,Hanwha Life Esports Challengers,LCKC,Corée,Deuxième niveau,Top,118,394.0,281.0,456.0,11.0,0.0,0.13
oe:player:ea58943d300b14d684bb05b3975fe15,Roamer,Hanwha Life Esports Challengers,LCKC,Corée,Deuxième niveau,Mid,94,393.0,276.0,396.0,14.0,0.0,0.0
oe:player:895b81748441d4b3c8faa7c1b8452dc,Sparda,Team Whales,VCS,Asie-Pacifique,Ligue majeure,Top,107,392.0,275.0,377.0,54.0,0.0,0.0
oe:player:a08372b70196c21a9229cf04db6b7ce,Alex,Nate9527,PCL,Asie-Pacifique,Deuxième niveau,Jungle,54,388.0,269.0,1163.0,24.5,0.0,0.0
oe:player:d8362fe0d38ca0e70953ed957deaa00,Rekkles,Fnatic,LEC,EMEA,Ligue majeure,ADC,24,387.0,280.0,-893.0,55.0,0.0,0.0
oe:player:7287b0a4cd5548a002e49dfdfbbc2e9,Sounda,Nongshim Esports Academy,LCKC,Corée,Deuxième niveau,Jungle,113,386.0,282.0,423.0,11.0,0.0,0.037
oe:player:290980a65afac4fc497b70359bddb47,Easylove,Rainbow Warriors,VCS,Asie-Pacifique,Ligue majeure,ADC,18,385.0,286.0,513.0,,,
oe:player:0b980d0c6f947f01b59e62ec06b5d75,Toasty,Team Coachify,NACL,Amérique du Nord,Deuxième niveau,Mid,13,385.0,330.0,1710.0,,,
oe:player:e52f23b6a2184dec178ea91f4738cfb,Qiang,Team Secret,VCS,Asie-Pacifique,Ligue majeure,Jungle,57,384.0,270.0,311.0,54.0,0.0,0.0
oe:player:5836a085b5ebaa7662fbba55341703c,Enosh,HANJIN BRION Challengers,LCKC,Corée,Deuxième niveau,ADC,60,383.0,272.0,-19.0,18.0,0.0,0.103
oe:player:03b50ebd9393dbcdcd26fe529b40803,Xiamu,EDG Youth Team,LDL,Chine,Deuxième niveau,Support,73,383.0,276.0,911.0,15.0,0.0,0.0
oe:player:4df49be401a66d4bb04a14c55c0cd40,Garvey,MAX,LDL,Chine,Deuxième niveau,Top,126,381.0,275.0,736.0,10.0,0.0,0.147
oe:player:65ddecdc623b47abd4e6aa4ecf4b4a8,Wen,Invictus Gaming,LDL,Chine,Deuxième niveau,Top,92,381.0,261.0,733.0,16.0,0.0,0.007
oe:player:0be01924125adebc1a95bbb09d0c4d1,Starry,Oh My God Academy,LDL,Chine,Deuxième niveau,ADC,82,378.0,274.0,727.0,20.0,0.0,0.0
oe:player:37b0ff747a3bc11f577c0a05f0dedd1,Samver,MiaoJing (妙竞),LDL,Chine,Deuxième niveau,ADC,85,377.0,279.0,722.0,20.0,0.0,0.0
oe:player:4a47d2983c8bd392b120b627e0e1cab,705,Team WE Academy,LDL,Chine,Deuxième niveau,Top,59,377.0,267.0,714.0,16.5,0.007,0.073
oe:player:7fdedd3126915607d5c8f42f8239253,Pleata,Kiwoom DRX Challengers,LCKC,Corée,Deuxième niveau,ADC,133,376.0,265.0,-52.0,14.0,0.0,0.103
oe:player:6841f2d68619d53bdd1cdbf30b5be2c,Zeyzal,Disguised,NACL,Amérique du Nord,Deuxième niveau,Support,98,373.0,318.0,1285.0,6.0,0.01,0.493
oe:player:973547129a691fb61e886add170ac7a,Piero,Kiwoom DRX Challengers,LCKC,Corée,Deuxième niveau,Support,57,368.0,282.0,291.0,10.0,0.0,0.017
oe:player:43e2c87dea1fbecd5a5f29ded6c4faf,Solo,Immortals,LCS,Amérique du Nord,Ligue majeure,Top,34,367.0,271.0,-818.0,55.0,0.0,0.0
oe:player:b578b733cbb788fc6ad208314d2c4c2,Lost,Cloud9 Challengers,NACL,Amérique du Nord,Deuxième niveau,ADC,48,367.0,323.0,1470.0,16.5,0.0,0.163
oe:player:a9cfbc13e22eefdd22af7b346ce2af4,Parus,İstanbul Wildcats,TCL,EMEA,Deuxième niveau,Support,75,367.0,279.0,1427.0,9.0,0.033,0.32
oe:player:3b7bd1331d5adaaedf5a228b02fa077,Vin,APOLLO GAMING,VCS,Asie-Pacifique,Ligue majeure,Mid,25,366.0,289.0,447.0,55.0,0.0,0.0
oe:player:174d22de3c932c21ef6500eff012e12,MG,Invictus Gaming Young,LDL,Chine,Deuxième niveau,Mid,126,366.0,271.0,635.0,14.0,0.0,0.0
oe:player:2b259c388da76fffb569a45a736676c,Ryuk,MGN Blue Esports,VCS,Asie-Pacifique,Ligue majeure,Top,26,365.0,275.0,241.0,58.0,0.0,0.0
oe:player:4c992404b9946c957aac7c12dd061ed,Sudzzi,Mirage Alliance,NACL,Amérique du Nord,Deuxième niveau,Mid,64,365.0,313.0,1611.0,9.0,0.183,0.407
oe:player:7227e6c3afb5136d10e3594fa503f6a,Xingye,FunPlus Phoenix Blaze,LDL,Chine,Deuxième niveau,ADC,54,365.0,280.0,665.0,18.0,0.0,0.0
oe:player:9d5e3b1fd70d1652fc3f5f1a978cd9b,Hiro02,Team Secret,VCS,Asie-Pacifique,Ligue majeure,Top,61,363.0,266.0,232.0,59.0,0.0,0.0
oe:player:27adb0b3f92d9b8f7fa4cb55b60114c,Lawrence,Team Coachify,NACL,Amérique du Nord,Deuxième niveau,Top,21,362.0,327.0,1350.0,19.0,0.003,0.087
oe:player:91156e269529ff2e4742e58f9d65e5c,Coward,EDG Youth Team,LDL,Chine,Deuxième niveau,Jungle,73,361.0,276.0,607.0,17.0,0.0,0.0
oe:player:e97eab7836361b8e665d4be61dbff9b,Yumeng,Oh My God Academy,LDL,Chine,Deuxième niveau,Mid,12,357.0,291.0,590.0,,,
oe:player:ea9ed09584feecae0991089f087d2ce,APA,Team Liquid,LCS,Amérique du Nord,Ligue majeure,Mid,113,356.0,270.0,-770.0,47.0,0.0,0.0
oe:player:25f0cff9d441f59efbaeea64b5d8cdd,Advienne,KOI,LEC,EMEA,Ligue majeure,Support,44,355.0,254.0,-1103.0,52.0,0.0,0.0
oe:player:01e34275fcdf9ccb290e4ede897697a,xiaoyueji,Invictus Gaming,LDL,Chine,Deuxième niveau,ADC,51,355.0,277.0,613.0,18.5,0.0,0.007
oe:player:70e6d96860b77bb3e87663215b42a1f,JimieN,CTBC Flying Oyster,PCS,Asie-Pacifique,Ligue majeure,Mid,84,354.0,280.0,1226.0,55.0,0.0,0.0
oe:player:1b20b8ba37a25e699096e74abba1664,Diplex,Cloud9 Challengers,NACL,Amérique du Nord,Deuxième niveau,Mid,37,354.0,289.0,1552.0,18.0,0.0,0.007
oe:player:40049df6e0e1ee46b338c602dd9e1a7,Wunai3,Invictus Gaming Young,LDL,Chine,Deuxième niveau,Support,38,352.0,276.0,758.0,19.0,0.0,0.04
oe:player:8f7b1c81a23c62a54a6b663cf6badaa,Treatz,Immortals,LCS,Amérique du Nord,Ligue majeure,Support,18,352.0,284.0,-932.0,,,
oe:player:eaebb7118d7bd83eabac513053e1f6c,Smash,T1 Esports Academy,LCKC,Corée,Deuxième niveau,ADC,100,352.0,281.0,-170.0,27.0,0.0,0.0
oe:player:cfed8a47c7de28fc7c2832f1e6ebbb3,DNK,SBTC Esports,VCS,Asie-Pacifique,Ligue majeure,Jungle,50,351.0,283.0,146.0,58.0,0.0,0.0
oe:player:07e1e19a2e90a9d843d02cbdb445fa6,lamb,Bilibili Gaming Junior,LDL,Chine,Deuxième niveau,Top,55,351.0,282.0,584.0,22.5,0.0,0.0
oe:player:86a59ad7ba2334ad7505f303d3f2ab6,Casting,Gen.G Global Academy,LCKC,Corée,Deuxième niveau,Top,27,350.0,281.0,234.0,24.0,0.0,0.0
oe:player:b1fc6d6133c055d760936f4c752aa28,xiaocaobao,Huya BUG,LDL,Chine,Deuxième niveau,Mid,88,346.0,275.0,533.0,20.0,0.0,0.0
oe:player:4351cfebe4b61d8aa5efa1d02071000,View,Team WE Academy,LDL,Chine,Deuxième niveau,Jungle,46,345.0,274.0,530.0,23.0,0.0,0.0
oe:player:f56f157e28c9165cb0cd39ca9db3898,Killerqueen,Team Whales,VCS,Asie-Pacifique,Ligue majeure,Jungle,46,344.0,280.0,108.0,58.0,0.0,0.0
oe:player:8465a13b8dbdbacbc22c8fdc0707465,Seebulabu,APOLLO GAMING,VCS,Asie-Pacifique,Ligue majeure,Support,25,342.0,289.0,414.0,57.0,0.0,0.0
oe:player:81acc6bcde5c927c78e0990e9887f84,Vulcan,FlyQuest,LCS,Amérique du Nord,Ligue majeure,Support,43,342.0,267.0,-982.0,53.0,0.0,0.0
oe:player:9ea5afea85321b13df74acb62bfb530,Fun K3y,Unicorns of Love Sexy Edition,PRM,EMEA,Deuxième niveau,ADC,82,341.0,281.0,1450.0,16.0,0.003,0.157
oe:player:239b323b3536b17b419bdce9cc8d467,Kwhite,APOLLO GAMING,VCS,Asie-Pacifique,Ligue majeure,ADC,26,337.0,283.0,273.0,61.0,0.0,0.0
oe:player:6ebdf3a3b56c113137109c45c2abc8f,Tomio,Disguised,NACL,Amérique du Nord,Deuxième niveau,Jungle,98,337.0,318.0,1074.0,11.0,0.057,0.29
oe:player:5ffcd7884584d2e9579d73ea7a7feaa,Starfire,MiaoJing (妙竞),LDL,Chine,Deuxième niveau,Jungle,79,337.0,282.0,490.0,23.0,0.0,0.0
oe:player:a5a7b88f861bef4c6247a78eb680b7b,Kongyue,Beyond Gaming,PCS,Asie-Pacifique,Ligue majeure,Jungle,62,336.0,280.0,935.0,64.0,0.0,0.0
oe:player:c93a9785f9ee0a798a2f1252c33ef1d,RonOP,CERBERUS Esports,VCS,Asie-Pacifique,Ligue majeure,Support,37,336.0,279.0,387.0,59.0,0.0,0.0
oe:player:0103d21d116b61eb55fa351242208cf,Kaiwing,Frank Esports,PCS,Asie-Pacifique,Ligue majeure,Support,70,335.0,281.0,721.0,61.0,0.0,0.0
oe:player:56cf99d5b59755569fa366c07c18f38,Shunn,CTBC Flying Oyster,PCS,Asie-Pacifique,Ligue majeure,ADC,84,335.0,280.0,638.0,60.0,0.0,0.0
oe:player:fb18ab6bf6bef08402a580d2a96c106,k1ng,Evil Geniuses Challengers,NACL,Amérique du Nord,Deuxième niveau,ADC,54,334.0,321.0,1301.0,18.5,0.0,0.227
oe:player:9a78213b3bc77c76369c2aca27257b9,MnM,Frank Esports,PCS,Asie-Pacifique,Ligue majeure,ADC,70,334.0,281.0,636.0,61.0,0.0,0.0
oe:player:467ffafc4dfede41aaab8e7159b87b2,Stay,Team WE Academy,LDL,Chine,Deuxième niveau,ADC,61,334.0,273.0,509.0,22.0,0.0,0.0
oe:player:c60da5e574122ce50763b8bddb93ab9,Luon,Nongshim Esports Academy,LCKC,Corée,Deuxième niveau,Support,113,333.0,282.0,113.0,11.0,0.0,0.11
oe:player:3dbe8ecf9c97fc12b28ad199bdb5f82,Baut,T1 Esports Academy,LCKC,Corée,Deuxième niveau,Support,101,333.0,282.0,116.0,20.0,0.0,0.013
oe:player:211333df928f872c063bce4ef25ea63,Junhao,Bilibili Gaming Junior,LDL,Chine,Deuxième niveau,Jungle,55,331.0,282.0,456.0,24.0,0.0,0.0
oe:player:80fea0848c57b8e07a79675d41f582c,Castle,KT Rolster Challengers,LCKC,Corée,Deuxième niveau,Top,46,331.0,278.0,141.0,20.0,0.0,0.003
oe:player:91a74fa03f163055a19da5b16363fc8,WildTurtle,TSM,LCS,Amérique du Nord,Ligue majeure,ADC,61,329.0,271.0,-959.0,53.0,0.0,0.0
oe:player:405ba4c6b60f0e22b850cb164a931d9,Acce,Team Aze,LLA,Brésil & Amérique latine,Ligue majeure,Top,28,326.0,282.0,1316.0,64.0,0.0,0.0
oe:player:93f78fdd1ebc411ab800dd57b518bce,Yado,CERBERUS Esports,VCS,Asie-Pacifique,Ligue majeure,Mid,47,325.0,283.0,240.0,56.0,0.0,0.0
oe:player:dc760d6884ce21614b2389ac1c05ec2,FakeGod,Disguised,NACL,Amérique du Nord,Deuxième niveau,Top,98,325.0,318.0,1166.0,12.0,0.06,0.337
oe:player:e35d06a0430095562086a40a2676d8e,OnFleek,Six Karma,LLA,Brésil & Amérique latine,Ligue majeure,Jungle,62,324.0,285.0,596.0,62.0,0.0,0.0
oe:player:20aba59cf47a04a6cf10436ce1946ac,Hauntzer,TSM,LCS,Amérique du Nord,Ligue majeure,Top,67,322.0,275.0,-1047.0,61.0,0.0,0.0
oe:player:9772f394c5e44d54e76aae1647217d0,Santorin,Dignitas,LCS,Amérique du Nord,Ligue majeure,Jungle,45,321.0,281.0,-853.0,57.0,0.0,0.0
oe:player:4bb53c6fa9f5d75901136feb8bdf817,JNX,SK Gaming Prime,PRM,EMEA,Deuxième niveau,Top,79,320.0,283.0,1495.0,20.5,0.003,0.083
oe:player:c25ed32694e455959de4abe0c535ecc,Mihile,Nongshim Esports Academy,LCKC,Corée,Deuxième niveau,Top,111,319.0,280.0,78.0,18.0,0.0,0.0
oe:player:30b18cd72f0d41ae18f14378d2dab48,climber,Ji Jie Hao (集结号),LDL,Chine,Deuxième niveau,Jungle,75,318.0,279.0,394.0,29.5,0.0,0.0
oe:player:766cc4dd4d5005652e8514e3513683f,Gemini,CTBC Flying Oyster,PCS,Asie-Pacifique,Ligue majeure,Jungle,84,317.0,280.0,839.0,63.0,0.0,0.0
oe:player:39c5e84d7380e098bdce5e08cd28b7d,Bunny,Royal Club,LDL,Chine,Deuxième niveau,Support,105,317.0,266.0,580.0,16.0,0.0,0.01
oe:player:905e2f4e54700b9ed0ddfb13deec4e9,xqw,LGD Gaming Young Team,LDL,Chine,Deuxième niveau,Mid,25,316.0,275.0,384.0,45.0,0.0,0.0
oe:player:a2de87eae98d0ab3b85567026561a51,Dardoch,Mirage Alliance,NACL,Amérique du Nord,Deuxième niveau,Jungle,66,316.0,316.0,969.0,13.0,0.013,0.21
oe:player:1b90b5086aa57992143a92a2899b8e0,Taki,Team Secret,VCS,Asie-Pacifique,Ligue majeure,Support,81,316.0,268.0,283.0,56.0,0.0,0.0
oe:player:0d47af84bee7ca00a76beb860c3d6ff,Pretender,Frank Esports,PCS,Asie-Pacifique,Ligue majeure,Mid,70,315.0,281.0,1031.0,59.0,0.0,0.0
oe:player:831ced1d191a551fe60cd51c9023b58,Yuki,APOLLO GAMING,VCS,Asie-Pacifique,Ligue majeure,Top,46,315.0,269.0,-11.0,63.0,0.0,0.0
oe:player:86ce9f9ade28ac8e2ba1d62b8ad0f25,Longqi,Royal Club,LDL,Chine,Deuxième niveau,Top,25,315.0,283.0,401.0,37.0,0.0,0.0
oe:player:a2d7b8856032bf106783621b9afeb41,Lyonz,Movistar R7,LLA,Brésil & Amérique latine,Ligue majeure,Support,74,313.0,284.0,1206.0,56.0,0.0,0.0
oe:player:d561f47c907915ece4273f4f9218194,Sorn,MGN Blue Esports,VCS,Asie-Pacifique,Ligue majeure,Jungle,60,311.0,266.0,-57.0,61.0,0.0,0.0
oe:player:9356c299853ed82cc09c20c32358738,Dal,T1 Esports Academy,LCKC,Corée,Deuxième niveau,Top,102,309.0,283.0,29.0,32.0,0.0,0.0
oe:player:cfac08782a6fdcde8f120b5eda4f359,xHun,Ji Jie Hao (集结号),LDL,Chine,Deuxième niveau,Mid,75,309.0,279.0,345.0,30.0,0.0,0.0
oe:player:9170917b7452bef889def6c113af150,Forest,T1 Esports Academy,LCKC,Corée,Deuxième niveau,Jungle,102,308.0,283.0,36.0,32.0,0.0,0.0
oe:player:bdff898770186da749cb63755cb1db0,Vinay,MAX,LDL,Chine,Deuxième niveau,Support,120,308.0,272.0,538.0,13.5,0.0,0.12
oe:player:55276c10d84e1df7713b441e76e141f,Rest,CTBC Flying Oyster,PCS,Asie-Pacifique,Ligue majeure,Top,84,308.0,280.0,897.0,64.0,0.0,0.0
oe:player:e59e91c17b806ec83b9cbc1f02ba0d9,Ysera,Nate9527,PCL,Asie-Pacifique,Deuxième niveau,Support,31,307.0,289.0,1116.0,32.0,0.0,0.0
oe:player:fbced201ed9c0e35008d88cd92397dd,Bolulu,Immortals,LCS,Amérique du Nord,Ligue majeure,Mid,52,307.0,272.0,-1010.0,57.0,0.0,0.0
oe:player:62d1d2c0621eeca66249a9c7d8ee4f1,Kedaya,Team WE Academy,LDL,Chine,Deuxième niveau,Support,91,307.0,279.0,530.0,24.0,0.0,0.0
oe:player:ca92256255888fece42963bfc1d918a,Hoshisora,Invictus Gaming Young,LDL,Chine,Deuxième niveau,ADC,20,306.0,283.0,366.0,35.0,0.0,0.0
oe:player:6427b0c5a7c3106e92a7c11257a08c6,Guwon,Hanwha Life Esports Challengers,LCKC,Corée,Deuxième niveau,Jungle,105,306.0,270.0,26.0,25.0,0.0,0.0
oe:player:1dd1c5fb7f25cd41b291d43a89e3aef,Today,EDG Youth Team,LDL,Chine,Deuxième niveau,ADC,27,305.0,279.0,365.0,37.0,0.0,0.0
oe:player:dd77279f7d325eec933f05b1672f6a1,1116,Beyond Gaming,PCS,Asie-Pacifique,Ligue majeure,Mid,62,304.0,280.0,973.0,61.0,0.0,0.0
oe:player:ee240e952b7fac76ef76014c85f1b66,RYue,EDG Youth Team,LDL,Chine,Deuxième niveau,Top,25,304.0,274.0,349.0,32.0,0.0,0.0
oe:player:ef19fe6f71c35fce19fb88a0e732e9b,Yuri,KaBuM! Esports,CBLOL,Brésil & Amérique latine,Ligue majeure,Mid,18,303.0,300.0,1264.0,,,
oe:player:4029e4501efa53140ce238b7836e794,6zc,FunPlus Phoenix Blaze,LDL,Chine,Deuxième niveau,Jungle,14,303.0,287.0,317.0,,,
oe:player:6920f59a94eca05b963351f7dbbae98,Vit,Team Whales,VCS,Asie-Pacifique,Ligue majeure,ADC,48,303.0,280.0,105.0,59.0,0.0,0.0
oe:player:44744b6de7f1fa0b93d0e9b7ea328fc,ProDelta,paiN Gaming,CBLOL,Brésil & Amérique latine,Ligue majeure,Support,33,301.0,290.0,1078.0,70.0,0.0,0.0
oe:player:dfe5b204f04f40a84019af080662259,Jwei,Ultra Prime,LDL,Chine,Deuxième niveau,Support,65,300.0,275.0,494.0,26.0,0.0,0.0
oe:player:9c07f95f72d5c1e36a448d2844617f8,BuLuKaKa,Team WE Academy,LDL,Chine,Deuxième niveau,Mid,91,300.0,279.0,302.0,26.0,0.0,0.0
oe:player:6644a7352d32c9c4443017798130b61,Pun,CERBERUS Esports,VCS,Asie-Pacifique,Ligue majeure,Top,84,299.0,270.0,-90.0,63.0,0.0,0.0
oe:player:060faefaa7099fc34fe4456326a92a9,Ke,Invictus Gaming Young,LDL,Chine,Deuxième niveau,Support,74,299.0,266.0,491.0,32.0,0.0,0.0
oe:player:8672dd662ee0d6d80c733a444c0743f,Miyi,Oh My God Academy,LDL,Chine,Deuxième niveau,Support,55,298.0,281.0,487.0,21.5,0.0,0.0
oe:player:aa07f9f46650db64bb09c743b4c561d,Bong,Movistar R7,LLA,Brésil & Amérique latine,Ligue majeure,Top,74,297.0,284.0,1173.0,59.0,0.0,0.0
oe:player:80a88d4b47541799f0eb5372cabae7d,pzx,Joy Dream,LDL,Chine,Deuxième niveau,Jungle,33,297.0,281.0,287.0,27.0,0.0,0.0
oe:player:9eb6e17e8365939d741e4c671f2427f,LDK,Rainbow Warriors,VCS,Asie-Pacifique,Ligue majeure,Support,10,295.0,291.0,180.0,,,
oe:player:302fc0d74b8f3631679ef97c40cabbd,rayq,CERBERUS Esports,VCS,Asie-Pacifique,Ligue majeure,Jungle,38,293.0,284.0,-146.0,67.0,0.0,0.0
oe:player:d5bd1c30c3e1fdcda369e347812b639,Yashiro2,CERBERUS Esports,VCS,Asie-Pacifique,Ligue majeure,ADC,37,290.0,285.0,39.0,64.0,0.0,0.0
oe:player:de23ee5a66222e1e02da354414f2971,Oddie,Movistar R7,LLA,Brésil & Amérique latine,Ligue majeure,Jungle,74,290.0,284.0,429.0,59.0,0.0,0.0
oe:player:c691200f8d12ee61ae01047c4629c62,Kenvi,Immortals,LCS,Amérique du Nord,Ligue majeure,Jungle,36,290.0,281.0,-1007.0,62.0,0.0,0.0
oe:player:8950a9bf4d39c91c5f997e64936eb1c,Dia1,SBTC Esports,VCS,Asie-Pacifique,Ligue majeure,Mid,54,289.0,284.0,61.0,57.0,0.0,0.0
oe:player:33580a447ef85e9b45bf7f10283f59c,KennyChan,Frank Esports,PCS,Asie-Pacifique,Ligue majeure,Jungle,28,289.0,278.0,700.0,69.0,0.0,0.0
oe:player:c18599c8ef5f2c266c02f16622254cd,Slay,Saigon Buffalo,VCS,Asie-Pacifique,Ligue majeure,Support,45,288.0,280.0,145.0,59.0,0.0,0.0
oe:player:cb6616189a21f8e8ed43ccdb3f6904a,Linfeng,Oh My God Academy,LDL,Chine,Deuxième niveau,Mid,55,288.0,281.0,242.0,26.0,0.0,0.0
oe:player:5b86bafc34d79c84a8847d29b64ca29,Mireu,Movistar R7,LLA,Brésil & Amérique latine,Ligue majeure,Mid,74,287.0,284.0,1125.0,54.0,0.0,0.0
oe:player:8c6395564a23f3c2af8d378540012b0,Way,KT Rolster Challengers,LCKC,Corée,Deuxième niveau,Support,69,287.0,271.0,-112.0,19.0,0.0,0.05
oe:player:301affc76ea7f69929aff6bf84c642b,Uniboy,Rare Atom Period,LDL,Chine,Deuxième niveau,Mid,60,287.0,258.0,237.0,60.0,0.0,0.0
oe:player:6201e2266991ddc5ba122f699a842a9,Phuc1,Team Flash,VCS,Asie-Pacifique,Ligue majeure,Jungle,61,287.0,276.0,-178.0,61.0,0.0,0.0
oe:player:f79775d6741febf8f922876d2f5b127,Xiaoxiang,EDG Youth Team,LDL,Chine,Deuxième niveau,Top,14,287.0,288.0,262.0,,,
oe:player:219d2d945cfbd391d0ade5e352a1bc5,ceo,Movistar R7,LLA,Brésil & Amérique latine,Ligue majeure,ADC,74,286.0,284.0,1109.0,58.0,0.0,0.0
oe:player:412b8c9df04a282450b2d9347c9d4ae,Crack,MiaoJing (妙竞),LDL,Chine,Deuxième niveau,Support,77,284.0,281.0,417.0,29.5,0.0,0.0
oe:player:c0f78343a2ad4ba1463245d53a3b440,Ragner,Team GO,LFL,EMEA,Deuxième niveau,Top,116,284.0,281.0,802.0,23.5,0.0,0.05
oe:player:d7d95a15f117f5767aa5090ba021812,Aherusi,Bilibili Gaming Junior,LDL,Chine,Deuxième niveau,Mid,21,283.0,284.0,220.0,34.0,0.0,0.0
oe:player:b9b371458ab7c314f88b81c553f6ce5,Hook,Ultra Prime Academy,LDL,Chine,Deuxième niveau,Jungle,23,283.0,284.0,217.0,35.0,0.0,0.0
oe:player:60d1428b9206634f3feb66e4b8ebd59,Shogun,Saigon Buffalo,VCS,Asie-Pacifique,Ligue majeure,ADC,82,282.0,274.0,-2.0,61.5,0.0,0.0
oe:player:e9741b3a238723ea6380ef2113fae63,Loopy,Dplus Kia Challengers,LCKC,Corée,Deuxième niveau,Support,52,281.0,267.0,-143.0,28.0,0.0,0.0
oe:player:786b5bbf7bbfb7b79379e8589a865c1,Zest,Gen.G Global Academy,LCKC,Corée,Deuxième niveau,Top,64,281.0,276.0,-109.0,38.0,0.0,0.0
oe:player:d0136a95961717beb952f57e3d737f1,redwall,Joy Dream,LDL,Chine,Deuxième niveau,Top,47,281.0,284.0,233.0,27.0,0.0,0.003
oe:player:f2bc0d63d20347fccc5ef34dd587d49,Keres,Beyond Gaming,PCS,Asie-Pacifique,Ligue majeure,Support,52,280.0,272.0,444.0,68.0,0.0,0.0
oe:player:3e49e4fa76bc82c6f03a12d50ee0a6e,Winner,Gen.G Global Academy,LCKC,Corée,Deuxième niveau,Jungle,91,280.0,284.0,-107.0,39.0,0.0,0.0
oe:player:11d4eea204ec17c89fd957a648c2e6d,Ryan3,ThunderTalk Gaming Young,LDL,Chine,Deuxième niveau,ADC,24,280.0,286.0,238.0,36.0,0.0,0.0
oe:player:fa816783145a625c4b502446b18ad93,Allorim,Mirage Alliance,NACL,Amérique du Nord,Deuxième niveau,Top,61,279.0,315.0,931.0,19.0,0.017,0.127
oe:player:f9950d61600bcfb8221907a34b70dbd,Mirror,Ultra Prime Academy,LDL,Chine,Deuxième niveau,Mid,46,279.0,274.0,196.0,30.0,0.0,0.0
oe:player:91339b2ef99dce238735c03bae031d1,Soraaa,Team Flash,VCS,Asie-Pacifique,Ligue majeure,Support,30,278.0,279.0,95.0,63.0,0.0,0.0
oe:player:3e752f4ce84a615efa58e12cd31400e,Youdang,Weibo Gaming Youth Team,LDL,Chine,Deuxième niveau,Jungle,18,278.0,285.0,193.0,,,
oe:player:68eb81bd0bffbf86524be80ca5c184c,Guti,Liiv SANDBOX Youth,LCKC,Corée,Deuxième niveau,Mid,42,278.0,277.0,-181.0,36.0,0.0,0.0
oe:player:184d97e1a8e8130dfb0a41329b780c6,Dragoon,LiT Esports,NACL,Amérique du Nord,Deuxième niveau,Top,51,278.0,315.0,928.0,20.0,0.02,0.167
oe:player:f40abcec99ee8b74e439632fa502643,Weizhe,Nate9527,PCL,Asie-Pacifique,Deuxième niveau,Top,33,277.0,286.0,777.0,43.0,0.0,0.0
oe:player:a5a7158118e59ee590424b55bb9aed1,0909,Ultra Prime Academy,LDL,Chine,Deuxième niveau,Mid,27,277.0,278.0,188.0,35.0,0.0,0.0
oe:player:108e3c39e858b1210c2ce5e1a2751ac,jiang,Royal Club,LDL,Chine,Deuxième niveau,ADC,26,277.0,277.0,221.0,41.0,0.0,0.0
oe:player:1a37b777718802cb259d192e67ab64d,Zin,GAM Esports,VCS,Asie-Pacifique,Ligue majeure,Support,80,277.0,275.0,90.0,56.0,0.0,0.0
oe:player:af07c10f5578a1df16f311eeda3d0d8,Neon,Vitality.Bee,LFL,EMEA,Deuxième niveau,ADC,53,276.0,256.0,523.0,32.0,0.0,0.0
oe:player:44189e6dc3089dbf9520de800fa705a,Keduii,SK Gaming Prime,PRM,EMEA,Deuxième niveau,ADC,79,275.0,283.0,1121.0,25.0,0.0,0.02
oe:player:4e0619e57cb50c4ab1230c2dd72df1b,Tactical,Immortals,LCS,Amérique du Nord,Ligue majeure,ADC,36,274.0,281.0,-1237.0,61.0,0.0,0.0
oe:player:1d43b8dc600eba61cd7dd2cd8d6baf6,SAKEN,Karmine Corp,LFL,EMEA,Deuxième niveau,Mid,58,273.0,278.0,667.0,21.0,0.0,0.05
oe:player:9405c3aff9112c3c60d03b94792877d,Route,LOUD,CBLOL,Brésil & Amérique latine,Ligue majeure,ADC,70,272.0,291.0,998.0,64.0,0.0,0.0
oe:player:6606138426fa9bbef349c96b4afbc77,Czekolad,BK ROG Esports,LFL,EMEA,Deuxième niveau,Mid,70,271.0,282.0,658.0,26.0,0.0,0.003
oe:player:690b0e230ff417c12603841195f6d42,Kepler,LGD Gaming,LDL,Chine,Deuxième niveau,ADC,64,271.0,274.0,194.0,34.0,0.0,0.0
oe:player:1223a0ed2bfab9b714c72d965df8133,Supa,Movistar KOI,LES,EMEA,Deuxième niveau,ADC,95,271.0,281.0,999.0,33.0,0.0,0.003
oe:player:0c8632961f474ea16cd5260151d4081,Insulator,ThunderTalk Gaming Young,LDL,Chine,Deuxième niveau,Mid,64,270.0,272.0,153.0,39.5,0.0,0.0
oe:player:abfd02e2b6f54ea12bc17037b08ff86,Mir,Team Liquid Challengers,NACL,Amérique du Nord,Deuxième niveau,Jungle,96,270.0,325.0,741.0,22.0,0.0,0.017
oe:player:7e0e7ac2a199e8e2ecb30499a3b2153,Jensen,Dignitas,LCS,Amérique du Nord,Ligue majeure,Mid,45,270.0,281.0,-1197.0,53.0,0.0,0.0
oe:player:9da0689b5a2f110e9481fef56a65c29,Mysun,LNG Academy,LDL,Chine,Deuxième niveau,Support,83,270.0,281.0,347.0,32.0,0.0,0.0
oe:player:37a3e2ad72e4b680c6e8b1d97ffd265,Coated,Saigon Buffalo,VCS,Asie-Pacifique,Ligue majeure,Top,45,270.0,280.0,-233.0,62.0,0.0,0.0
oe:player:97760e37e9897cb8f89ade45060ae78,pqy,MAX,LDL,Chine,Deuxième niveau,ADC,48,269.0,276.0,185.0,34.5,0.0,0.0
oe:player:b42e757e6ed7f3eb263f69eb034f092,Solokill,EDward Gaming,PCS,Asie-Pacifique,Ligue majeure,Top,73,268.0,278.0,695.0,69.0,0.0,0.0
oe:player:5d7f415cbf04b549c235a8a3d83a763,ShiauC,Rare Atom,PCS,Asie-Pacifique,Ligue majeure,Support,49,267.0,269.0,381.0,68.0,0.0,0.0
oe:player:ae770d2c942cee6dbcfbd1832015231,tinowns,LOUD,CBLOL,Brésil & Amérique latine,Ligue majeure,Mid,70,265.0,291.0,1077.0,61.0,0.0,0.0
oe:player:8a26fb905636bc0bec1a65212c3c863,shochi,Cincinnati Fear,NACL,Amérique du Nord,Deuxième niveau,Mid,97,264.0,314.0,1103.0,22.0,0.0,0.07
oe:player:3bb028a43aff78070d15c646450aa0d,Denathor,Winthrop University,NACL,Amérique du Nord,Deuxième niveau,Top,43,263.0,322.0,854.0,28.0,0.0,0.023
oe:player:94ead625929e6b13e3d3e367932b5f8,Doggy,Nate9527,PCL,Asie-Pacifique,Deuxième niveau,ADC,31,263.0,289.0,939.0,40.0,0.0,0.0
oe:player:9d42dba7120418ef641edb36d0edf0c,Takeover,Estral Esports,LLA,Brésil & Amérique latine,Ligue majeure,Mid,27,263.0,290.0,1007.0,64.0,0.0,0.0
oe:player:4410ec34d9e6c1a68100ca0ce033fb1,Array,Golden Guardians Challengers,NACL,Amérique du Nord,Deuxième niveau,ADC,41,260.0,322.0,935.0,31.0,0.0,0.0
oe:player:8bac58409e91b96ecd05f6d8f053e07,Ice,Zero Tenacity,UL,EMEA,Deuxième niveau,ADC,51,260.0,264.0,2666.0,61.0,0.0,0.0
oe:player:95a8aae7c0baf0df5110b78a8f80ae9,Likai,Beyond Gaming,PCS,Asie-Pacifique,Ligue majeure,Top,62,259.0,280.0,649.0,68.0,0.0,0.0
oe:player:060a269b0eb445a1b5075034787f0cc,Orca,Deep Cross Gaming,PCS,Asie-Pacifique,Ligue majeure,Support,50,259.0,277.0,338.0,68.0,0.0,0.0
oe:player:46e6f8781dd60e2635430b61db51126,Mia,Estral Esports,LLA,Brésil & Amérique latine,Ligue majeure,Support,45,258.0,259.0,931.0,56.0,0.0,0.0
oe:player:c0df2f3a64e0ca3a784916548eb545b,Xx,Nate.A,PCL,Asie-Pacifique,Deuxième niveau,Jungle,19,256.0,295.0,502.0,,,
oe:player:bb7e6166b6f9f16e4bedfb33e3ed534,Munian,Oh My God Academy,LDL,Chine,Deuxième niveau,Top,38,256.0,278.0,109.0,37.0,0.0,0.0
oe:player:0f4e1aaabd074689b7d3ead824d1ee8,Arrow,Team Liquid Challengers,NACL,Amérique du Nord,Deuxième niveau,ADC,96,256.0,325.0,912.0,25.0,0.0,0.003
oe:player:e03653dedd6f4e142f4aca131995964,Chad,Mirage Alliance,NACL,Amérique du Nord,Deuxième niveau,Jungle,69,255.0,317.0,666.0,17.0,0.0,0.127
oe:player:7277de5f2ed6f17c61f1f25594591a8,Meaning,Six Karma,LLA,Brésil & Amérique latine,Ligue majeure,Top,62,254.0,285.0,959.0,65.0,0.0,0.0
oe:player:b0bc58cfe06ee4ee966c77790520a9b,Rosielove,Ultra Prime Academy,LDL,Chine,Deuxième niveau,Support,81,254.0,278.0,265.0,39.0,0.0,0.0
oe:player:0758af26fa0c3af6899bb1569059609,Lospa,Gen.G Global Academy,LCKC,Corée,Deuxième niveau,Support,91,254.0,284.0,-280.0,40.0,0.0,0.0
oe:player:8f8eaac8e99c203ee76e57c5c81c91f,Quid,100 Thieves,LCS,Amérique du Nord,Ligue majeure,Mid,66,253.0,255.0,-1283.0,61.0,0.0,0.0
oe:player:21d0c093d9553e0074a98c5b5880b4c,Elio,CERBERUS Esports,VCS,Asie-Pacifique,Ligue majeure,Support,39,253.0,282.0,-29.0,66.0,0.0,0.0
oe:player:47989f4933f1564d68c05bbd2857a67,Nper,SBTC Esports,VCS,Asie-Pacifique,Ligue majeure,Top,54,253.0,284.0,-318.0,61.0,0.0,0.0
oe:player:aa7a0424cfbb93943b0d30d9455f0aa,Cyku,Weibo Gaming,LDL,Chine,Deuxième niveau,Mid,46,252.0,274.0,63.0,38.5,0.0,0.0
oe:player:1b481e5ac2a687de752b330bee95ce8,Renard,EDG Youth Team,LDL,Chine,Deuxième niveau,ADC,21,251.0,281.0,94.0,51.0,0.0,0.0
oe:player:8b2808669196b5396e6724e50c91399,Fahai,FunPlus Phoenix Blaze,LDL,Chine,Deuxième niveau,Support,80,249.0,274.0,242.0,28.0,0.0,0.0
oe:player:5dc4305a614ae42b1f76b87713089a3,huanhuan,Bilibili Gaming Junior,LDL,Chine,Deuxième niveau,Mid,54,249.0,271.0,47.0,34.0,0.0,0.0
oe:player:d62421836c8b27dc3ffaffa058b8098,FEBIVEN,SK Gaming Prime,PRM,EMEA,Deuxième niveau,Mid,79,249.0,283.0,1080.0,26.0,0.0,0.02
oe:player:6fc5fe723eed4ba4c230292be365c66,Lurox,SK Gaming Prime,PRM,EMEA,Deuxième niveau,Jungle,79,248.0,283.0,1213.0,27.0,0.0,0.023
oe:player:958bb00c65173f20ba821ce52268a9c,bkr,Weibo Gaming Youth Team,LDL,Chine,Deuxième niveau,Support,24,248.0,277.0,234.0,54.0,0.0,0.0
oe:player:d778769103b62e1222414cd182c4e25,Chookies,Winthrop University,NACL,Amérique du Nord,Deuxième niveau,Support,63,247.0,313.0,653.0,20.0,0.0,0.23
oe:player:349b9ce4a64509c41456d27d38aa945,Toye,Gen.G Scholars,LAS,Corée,Troisième niveau,Jungle,28,247.0,410.0,1500.0,1.0,0.61,0.637
oe:player:7aaf9ed1abaab82dba5f54221cd73d0,xiaosiji,Oh My God Academy,LDL,Chine,Deuxième niveau,Support,27,246.0,283.0,227.0,42.0,0.0,0.0
oe:player:99594a251af944b3571fe7f37363303,Pridestalkr,BK ROG Esports,LFL,EMEA,Deuxième niveau,Jungle,70,246.0,282.0,489.0,31.0,0.0,0.003
oe:player:a2332f2bae92fc439553f58f6ff54fe,xLiang,Ji Jie Hao (集结号),LDL,Chine,Deuxième niveau,ADC,13,246.0,288.0,66.0,,,
oe:player:4f6302984cea43e6384d488973fe1d2,Howling,BK ROG Esports,LFL,EMEA,Deuxième niveau,Top,70,245.0,282.0,605.0,35.0,0.0,0.0
oe:player:9699e95d3df6ce39149264082eed6bf,AisyL,CERBERUS Esports,VCS,Asie-Pacifique,Ligue majeure,Mid,37,245.0,285.0,-158.0,63.0,0.0,0.0
oe:player:fc45e3258bed8dcae88f0dc0b3da94d,Hana,Deep Cross Gaming,PCS,Asie-Pacifique,Ligue majeure,Jungle,56,243.0,281.0,470.0,72.0,0.0,0.0
oe:player:15fbb3df4d209cf7c350c40ea9fd6b3,S1aytrue,CTBC Flying Oyster,PCS,Asie-Pacifique,Ligue majeure,Support,36,242.0,277.0,254.0,73.0,0.0,0.0
oe:player:68128d6a24caee5f69e1d31123cf149,Hanabi,Deep Cross Gaming,PCS,Asie-Pacifique,Ligue majeure,Top,56,242.0,281.0,568.0,72.0,0.0,0.0
oe:player:243f23cc92b239c3d989c8523770b85,Enso,J Team,PCS,Asie-Pacifique,Ligue majeure,Support,42,242.0,283.0,254.0,67.0,0.0,0.0
oe:player:3263c2c1523a44cad4d2916c1d9d3e7,Hungry,Anyone's Legend.Young,LDL,Chine,Deuxième niveau,ADC,57,242.0,281.0,45.0,42.5,0.0,0.0
oe:player:010c1b0d37c2b7459b215dae7ffeeac,Cabochard,Karmine Corp,LFL,EMEA,Deuxième niveau,Top,58,239.0,278.0,577.0,27.0,0.0,0.03
oe:player:49c627c099821a2894c6c4dfd9274b3,Kangin,HANJIN BRION Challengers,LCKC,Corée,Deuxième niveau,Top,59,238.0,305.0,-324.0,37.0,0.123,0.18
oe:player:1ea43d796bee19fef0148557eb94cb5,Kaixuan,Anyone's Legend.Young,LDL,Chine,Deuxième niveau,Support,59,238.0,280.0,185.0,44.0,0.0,0.0
oe:player:a7128975a782c11d8c34525be8e1b6c,Erha,Anyone's Legend.Young,LDL,Chine,Deuxième niveau,Mid,85,237.0,281.0,-10.0,44.0,0.0,0.0
oe:player:41de6d6cfb8953c021bbe4ba0701c8a,Messages,LiT Esports,NACL,Amérique du Nord,Deuxième niveau,Mid,42,237.0,312.0,970.0,23.0,0.0,0.11
oe:player:55f7df3016af1c9620b0c426e243d0a,Frost4,Team Coachify,NACL,Amérique du Nord,Deuxième niveau,Jungle,32,236.0,317.0,570.0,37.0,0.0,0.0
oe:player:4db47d64e2721bf7a93ebf42e488852,Meech,Disguised,NACL,Amérique du Nord,Deuxième niveau,ADC,88,235.0,308.0,806.0,31.0,0.0,0.0
oe:player:81d2110b25710f286ed9e9b6a8426b0,Snaker,Six Karma,LLA,Brésil & Amérique latine,Ligue majeure,ADC,62,235.0,285.0,857.0,63.0,0.0,0.0
oe:player:c88cada1696defe81464925789aa6d8,Ceos,LOUD,CBLOL,Brésil & Amérique latine,Ligue majeure,Support,70,235.0,291.0,752.0,66.0,0.0,0.0
oe:player:42db31f0aa88a0167fb7651422efbcf,Copy,CLG Challengers,NACL,Amérique du Nord,Deuxième niveau,Mid,38,235.0,330.0,962.0,39.0,0.0,0.0
oe:player:fe1891d9c2866e1aeefd9d8517d9166,xpd,Gen.G Global Academy,LCKC,Corée,Deuxième niveau,ADC,91,235.0,284.0,-758.0,48.5,0.0,0.0
oe:player:8807c97721e343cdc1fa2444cc00415,Thumb,Dplus Kia Challengers,LCKC,Corée,Deuxième niveau,Support,75,234.0,275.0,-378.0,36.0,0.1,0.173
oe:player:21647879fad5377c047bd923bffb07c,HorangE,Gen.G Scholars,LAS,Corée,Troisième niveau,Top,39,233.0,414.0,1525.0,2.0,0.287,0.62
oe:player:26687a348e007e140691f4fb2a5c7b7,Longmao,FunPlus Phoenix Blaze,LDL,Chine,Deuxième niveau,Top,86,233.0,271.0,-5.0,35.0,0.0,0.0
oe:player:3ee8d8613d285f720311d21a2c4a469,Holo,Frank Esports,PCS,Asie-Pacifique,Ligue majeure,Jungle,42,233.0,275.0,416.0,70.5,0.0,0.0
oe:player:c9441d0e78cf438ef0b372dc74010e3,Calix,Nongshim Esports Academy,LCKC,Corée,Deuxième niveau,Mid,42,232.0,273.0,-410.0,37.0,0.0,0.0
oe:player:e2af2b779499aa25ab9a9c10c9a5ffd,Caliste,Karmine Corp,LFL,EMEA,Deuxième niveau,ADC,62,232.0,270.0,305.0,18.0,0.0,0.11
oe:player:13a03a7c5dee185eaba949190fbd594,Mitsuki,ThunderTalk Gaming Young,LDL,Chine,Deuxième niveau,Support,24,229.0,286.0,141.0,43.0,0.0,0.0
oe:player:70d529695c253d17e992cb9265abc57,Mission,Deep Cross Gaming,PCS,Asie-Pacifique,Ligue majeure,Mid,63,229.0,265.0,598.0,69.0,0.0,0.0
oe:player:c85294fb986e64b273ff9314949bee2,Aliez,Ultra Prime Academy,LDL,Chine,Deuxième niveau,Top,84,229.0,281.0,-29.0,43.0,0.0,0.0
oe:player:4c96c9aaa582646555163130e869d83,think,Anyone's Legend.Young,LDL,Chine,Deuxième niveau,Support,41,229.0,271.0,142.0,46.0,0.0,0.0
oe:player:7aa0aebd379414d25f1fcdc396407f1,kamilius,Team GO,LFL,EMEA,Deuxième niveau,Support,116,228.0,281.0,411.0,31.0,0.0,0.02
oe:player:73402726625233208f5c5aec67f2a38,Eisley,Huya BUG,LDL,Chine,Deuxième niveau,ADC,75,228.0,269.0,-21.0,49.0,0.0,0.0
oe:player:bea7bb8065c436ca956c978e30eb441,zay,FURIA,CBLOL,Brésil & Amérique latine,Ligue majeure,Support,48,228.0,290.0,717.0,69.0,0.0,0.0
oe:player:de4f13489037978e8fa92e888eeaad0,clx,Nate.A,PCL,Asie-Pacifique,Deuxième niveau,Mid,20,228.0,295.0,165.0,60.0,0.0,0.0
oe:player:2e54334c0a5ce2e3e5a5845df3ab3ad,Jenkins,CLG Challengers,NACL,Amérique du Nord,Deuxième niveau,Top,38,227.0,330.0,671.0,43.0,0.0,0.0
oe:player:201cc03369a5bde84e2a73aef87c823,Relife,Anyone's Legend.Young,LDL,Chine,Deuxième niveau,Jungle,85,227.0,281.0,-62.0,45.0,0.0,0.0
oe:player:e85e46c5f3d3fcce55af9ca6a4cb45c,sasi,ThunderTalk Gaming Young,LDL,Chine,Deuxième niveau,Top,55,226.0,274.0,-40.0,50.0,0.0,0.0
oe:player:e038414b765a8bda52e602f7eaeff04,Prime,SK Gaming Prime,PRM,EMEA,Deuxième niveau,Support,79,226.0,283.0,1046.0,28.0,0.0,0.047
oe:player:92b76c3a9967d6322741aa6d2ba4a2b,Ferret,İstanbul Wildcats,TCL,EMEA,Deuxième niveau,Jungle,49,226.0,265.0,1096.0,37.0,0.0,0.0
oe:player:10be1f35d8b5ea6babf916a6e7dd8a4,Fleshy,Papara SuperMassive,TCL,EMEA,Deuxième niveau,Support,38,225.0,258.0,717.0,25.0,0.007,0.12
oe:player:e5f6c83e6e97c74fc9e9760fc8972ae,Eddie,Team Secret,VCS,Asie-Pacifique,Ligue majeure,ADC,77,224.0,272.0,-291.0,67.0,0.0,0.0
oe:player:5257e05cde806e07b405ddcce85114d,Bradley,Team Liquid Challengers,NACL,Amérique du Nord,Deuxième niveau,Top,96,223.0,325.0,655.0,29.5,0.0,0.0
oe:player:5450c7731de19c131ce20ea74933cc2,ISMA,Movistar KOI,LES,EMEA,Deuxième niveau,Jungle,95,222.0,281.0,1053.0,33.0,0.0,0.0
oe:player:145201414ecb853de684fbe7d6bb5b6,Ackerman,inf,LLA,Brésil & Amérique latine,Ligue majeure,Support,53,221.0,286.0,747.0,65.5,0.0,0.0
oe:player:74e0b77be6a035bd39e25bd4bea863e,Minui,Cincinnati Fear,NACL,Amérique du Nord,Deuxième niveau,ADC,97,221.0,314.0,739.0,32.0,0.0,0.003
oe:player:4817d93e8f26002377aec42233b3fc2,Jezu,Team GO,LFL,EMEA,Deuxième niveau,ADC,116,220.0,281.0,243.0,33.0,0.0,0.0
oe:player:5626cd379dc160a936101ecf8ce9983,Coten,Anyone's Legend.Young,LDL,Chine,Deuxième niveau,Top,85,220.0,281.0,-73.0,49.5,0.0,0.0
oe:player:622d4de9392e60c0e92b4333486df08,Perry,Cincinnati Fear,NACL,Amérique du Nord,Deuxième niveau,Jungle,97,220.0,314.0,489.0,28.0,0.0,0.003
oe:player:cda093b28f577696b82604fb20037ad,Fresskowy,Movistar KOI,LES,EMEA,Deuxième niveau,Mid,95,220.0,281.0,889.0,33.0,0.0,0.0
oe:player:ca9701f085966dfca32e31b1b1e9d55,Lyncas,Team GO,LFL,EMEA,Deuxième niveau,Jungle,116,219.0,281.0,354.0,30.0,0.0,0.003
oe:player:5bc99370722c5ecbfa9b3c1e17338e6,Trigger,BK ROG Esports,LFL,EMEA,Deuxième niveau,ADC,70,218.0,282.0,232.0,36.0,0.0,0.0
oe:player:a9264b1add014881c8d91609de2b7d6,Zkai,PSG Talon Academy,PCL,Asie-Pacifique,Deuxième niveau,Top,35,217.0,286.0,478.0,67.0,0.0,0.0
oe:player:7fe18b8802138d0ad145db7cd9ac134,Yoshino,Team Flash,VCS,Asie-Pacifique,Ligue majeure,Top,70,217.0,280.0,-497.0,70.0,0.0,0.0
oe:player:6154e1fecafb202355ce3fcd071179f,10ng,Top Esports Challenger,LDL,Chine,Deuxième niveau,Mid,13,217.0,290.0,-111.0,,,
oe:player:f5bf9bd732b85e4dcab5121e4769ae4,Alvaro,Movistar KOI,LES,EMEA,Deuxième niveau,Support,95,216.0,281.0,968.0,32.0,0.0,0.007
oe:player:525ac233cf71bc36a611e27a324144f,Toucouille,Team GO,LFL,EMEA,Deuxième niveau,Mid,116,216.0,281.0,382.0,29.0,0.0,0.0
oe:player:63aa0255ac0b96978aa564337e89513,Tong,Joy Dream,LDL,Chine,Deuxième niveau,Top,19,216.0,283.0,-91.0,,,
oe:player:a66db93c9f417a2500c24e689ba0ccc,cody,Six Karma,LLA,Brésil & Amérique latine,Ligue majeure,Mid,59,214.0,283.0,758.0,64.0,0.0,0.0
oe:player:1f0f5ce849abab00c4283182c04efd0,Hoon,Dignitas Challengers,NACL,Amérique du Nord,Deuxième niveau,Top,45,214.0,344.0,610.0,29.5,0.01,0.137
oe:player:2f46cc1658f951bd7b4620a5c10c051,kelin,Ultra Prime Academy,LDL,Chine,Deuxième niveau,ADC,84,214.0,281.0,-93.0,48.0,0.0,0.0
oe:player:f071dd79110aa46822a4c35a240dfdd,Lauva,J Team,PCS,Asie-Pacifique,Ligue majeure,Jungle,42,214.0,283.0,322.0,72.0,0.0,0.0
oe:player:f440eb72ee199663cdf171f579985e4,Faisal,FlyQuest NZXT,NACL,Amérique du Nord,Deuxième niveau,Top,96,213.0,303.0,602.0,28.0,0.0,0.007
oe:player:f61764e99a8cc0851a73c850fd43b0c,Amazo,Team Tony Top,NACL,Amérique du Nord,Deuxième niveau,Jungle,32,213.0,324.0,454.0,43.0,0.0,0.0
oe:player:4f7938e7d03de34a0f799d90924b30e,Ashes,FunPlus Phoenix Blaze,LDL,Chine,Deuxième niveau,Mid,23,213.0,284.0,-134.0,53.0,0.0,0.0
oe:player:ada61b4241a68d672021ea46ab8bbf3,Dahlia,Gen.G Scholars,LAS,Corée,Troisième niveau,Support,63,213.0,395.0,1617.0,1.0,0.97,1.0
oe:player:be17beb4d906e22fa6995e17060ebd3,Slayer,Gen.G Scholars,LAS,Corée,Troisième niveau,ADC,39,213.0,414.0,1591.0,1.0,0.453,0.617
oe:player:4aa496a041ce3b1febfc4887d057f11,sorrow,FunPlus Phoenix Blaze,LDL,Chine,Deuxième niveau,Jungle,74,212.0,263.0,-137.0,41.0,0.0,0.0
oe:player:8eb3f58cfdde9680b5f1a0d8d4df836,Matias,Team du Sud,LFL,EMEA,Deuxième niveau,ADC,78,212.0,285.0,204.0,40.0,0.0,0.0
oe:player:54b2e2864472e3ec8f038dd37709b12,xzy,LNG Academy,LDL,Chine,Deuxième niveau,Mid,85,210.0,282.0,-149.0,49.0,0.0,0.0
oe:player:df6940da41ba9a3df7055e75f3daac9,Draktharr,Team Flash,VCS,Asie-Pacifique,Ligue majeure,Jungle,48,210.0,273.0,-562.0,67.0,0.0,0.0
oe:player:2b95993380f8be6bd4bd46bf44f98db,Jane,Team Flash,VCS,Asie-Pacifique,Ligue majeure,Mid,70,210.0,280.0,-334.0,66.0,0.0,0.0
oe:player:218c4fe83f2d8946559a581fb8829e3,Cryscata,Deep Cross Gaming,PCS,Asie-Pacifique,Ligue majeure,ADC,56,209.0,281.0,10.0,70.0,0.0,0.0
oe:player:127d6ec83484da3c8b39b70c70f1226,dyNquedo,paiN Gaming,CBLOL,Brésil & Amérique latine,Ligue majeure,Mid,66,209.0,293.0,795.0,68.0,0.0,0.0
oe:player:fe1796bb1db5f41828a2b7544d73d86,doing,Rare Atom Period,LDL,Chine,Deuxième niveau,Mid,37,209.0,275.0,-151.0,50.0,0.0,0.0
oe:player:da9f969a7ab3819b9e528072aa4d5e6,Siwoo,Dplus Kia Academy,LAS,Corée,Troisième niveau,Top,73,208.0,425.0,1398.0,1.0,0.677,0.98
oe:player:4ef00a200b9361cd76bb7e612b171c4,Keel,Wildcard Gaming,NACL,Amérique du Nord,Deuxième niveau,Jungle,84,208.0,315.0,430.0,35.0,0.0,0.0
oe:player:389f10b60f123abb8848d13971d6549,Healer,LNG Academy,LDL,Chine,Deuxième niveau,ADC,17,207.0,284.0,-126.0,,,
oe:player:76cd75b6b8f0def9bc45032dcc32a61,Croc,LOUD,CBLOL,Brésil & Amérique latine,Ligue majeure,Jungle,70,207.0,291.0,730.0,69.0,0.0,0.0
oe:player:fa22d396503a5a737f2f169943d7241,Zoelys,Karmine Corp,LFL,EMEA,Deuxième niveau,Support,61,205.0,279.0,295.0,34.0,0.0,0.007
oe:player:2cec4b6803b4678250233ae79205f2e,1Jiang,Nate.A,PCL,Asie-Pacifique,Deuxième niveau,Top,20,205.0,295.0,419.0,64.0,0.0,0.0
oe:player:f23c7426104cc4df2b49b3be2c6d024,IlllIma,DN SOOPers Challengers,LCKC,Corée,Deuxième niveau,Top,58,205.0,276.0,-491.0,45.0,0.0,0.0
oe:player:bd4cd28808d1d55b27edc2bea622d35,Jackspektra,Team Heretics Academy,LES,EMEA,Deuxième niveau,ADC,60,205.0,253.0,670.0,28.5,0.0,0.143
oe:player:ede24d5e0911d7a4f6ec514a67802ff,Myrwn,Team Heretics Academy,LES,EMEA,Deuxième niveau,Top,65,204.0,271.0,824.0,34.0,0.013,0.053
oe:player:416ea631f3b7a0d79f4263e00736f02,Prismal,Golden Guardians Challengers,NACL,Amérique du Nord,Deuxième niveau,Support,41,204.0,322.0,437.0,33.0,0.0,0.027
oe:player:7cc60efc7908ef535a0488a811996a4,Rhuckz,Fnatic TQ,LEC,EMEA,Ligue majeure,Support,17,204.0,270.0,-1860.0,,,
oe:player:4a18312b5b75f549d5551e5912ad6eb,Mask,Unicorns of Love Sexy Edition,PRM,EMEA,Deuxième niveau,Mid,86,204.0,285.0,859.0,33.0,0.0,0.013
oe:player:32cab682c95fbe9ec1b4b6be61f235e,Yanxiang,Team WE Academy,LDL,Chine,Deuxième niveau,Jungle,45,204.0,274.0,-177.0,41.5,0.0,0.0
oe:player:27fff7db8cbe5e696f5db69e39ebf31,XBear,Weibo Gaming Youth Team,LDL,Chine,Deuxième niveau,Support,40,203.0,267.0,9.0,55.0,0.0,0.0
oe:player:5811bc9866fe83f3f088d29beceea37,Myths,Ji Jie Hao (集结号),LDL,Chine,Deuxième niveau,Top,14,203.0,287.0,-156.0,,,
oe:player:2142ac69d054acf4d708ee97ab217b3,Puddin,Team Flash,VCS,Asie-Pacifique,Ligue majeure,ADC,70,203.0,280.0,-397.0,68.0,0.0,0.0
oe:player:c663dfeadae6cae117d735cd1696f88,Minji,J Team,PCS,Asie-Pacifique,Ligue majeure,Mid,42,201.0,283.0,458.0,70.0,0.0,0.0
oe:player:dcfc3c9bd1d00753fe2619381a59fe4,Dooly,Gen.G Scholars,LAS,Corée,Troisième niveau,Mid,39,200.0,414.0,1150.0,1.0,0.457,0.607
oe:player:d7560fc4ec70f8b12e5dd435668b292,PlanB,Liiv SANDBOX Youth,LCKC,Corée,Deuxième niveau,Support,88,200.0,283.0,-548.0,57.0,0.0,0.0
oe:player:dd83595fada79ef88d594b2518b6a8c,Kevy,Chiefs Esports Club,LCO,Asie-Pacifique,Ligue majeure,Jungle,59,200.0,275.0,2630.0,56.0,0.0,0.0
oe:player:99e732def3601275db892c84fb85a0c,Career,Kiwoom DRX Challengers,LCKC,Corée,Deuxième niveau,Support,27,199.0,277.0,-555.0,32.0,0.0,0.0
oe:player:0ad6b88ff1affb81ce31248a4fe73d0,BeanJ,Team Whales,VCS,Asie-Pacifique,Ligue majeure,Jungle,68,198.0,268.0,-620.0,68.0,0.0,0.0
oe:player:9d361f9d8214252ee571375f9105cb4,frosty,RED Canids,CBLOL,Brésil & Amérique latine,Ligue majeure,Support,31,198.0,296.0,564.0,76.0,0.0,0.0
oe:player:e8aba5fbfc41b0621226b08a87e3ded,Philip,Cincinnati Fear,NACL,Amérique du Nord,Deuxième niveau,Top,93,196.0,297.0,519.0,32.0,0.0,0.023
oe:player:c0ce495e0b7cc8690411edb84adbdd1,5K,LNG Academy,LDL,Chine,Deuxième niveau,Top,85,196.0,282.0,-193.0,56.0,0.0,0.0
oe:player:e1dbe2b979510dba78b229327292a10,Veignorem,BK ROG Esports,LFL,EMEA,Deuxième niveau,Support,70,196.0,282.0,249.0,36.0,0.0,0.003
oe:player:41ea0ed55fe655184c9073085b85eea,White,Karmine Corp,LFL,EMEA,Deuxième niveau,Jungle,61,196.0,279.0,239.0,37.5,0.0,0.0
oe:player:be081b7482f9ea1ae2f0d13aafcf17f,HiRit,Dark Passage,TCL,EMEA,Deuxième niveau,Top,49,194.0,264.0,423.0,71.0,0.0,0.0
oe:player:25546fe55464aef59d6f46b52f22bcb,Ophelia,Gen.G Global Academy,LCKC,Corée,Deuxième niveau,Mid,62,194.0,252.0,-597.0,51.0,0.0,0.0
oe:player:3085815ef497539cb1d93b3c9a16624,Robo,LOUD,CBLOL,Brésil & Amérique latine,Ligue majeure,Top,70,193.0,291.0,865.0,69.0,0.0,0.0
oe:player:08936c56ab5a6453c58974a619651c3,eXyu,Dignitas Challengers,NACL,Amérique du Nord,Deuxième niveau,Jungle,45,193.0,344.0,354.0,27.0,0.0,0.077
oe:player:1806cb4175771800d1d1ace2817103c,Zwyroo,Team Heretics Academy,LES,EMEA,Deuxième niveau,Mid,76,193.0,283.0,752.0,36.5,0.0,0.007
oe:player:1b26a8bba6e841f1c375b283db5c1c6,Keine,inf,LLA,Brésil & Amérique latine,Ligue majeure,Mid,53,193.0,286.0,657.0,66.0,0.0,0.0
oe:player:2861898294dd867b05fd28dca284e57,Tempt,FUT Esports,TCL,EMEA,Deuxième niveau,Mid,63,193.0,280.0,255.0,45.0,0.0,0.0
oe:player:f9e804c44aa43f18576783a067e99ab,Yuuji,FlyQuest NZXT,NACL,Amérique du Nord,Deuxième niveau,Jungle,92,193.0,318.0,355.0,29.5,0.0,0.0
oe:player:971f9ffdc8948bb946a7ceccfb54665,Nestea,Deep Cross Gaming,PCS,Asie-Pacifique,Ligue majeure,Mid,30,192.0,277.0,413.0,76.0,0.0,0.0
oe:player:a4bd01593487c956f68d360c18cb68b,Darwin,LNG Academy,LDL,Chine,Deuxième niveau,Jungle,85,190.0,282.0,-246.0,52.0,0.0,0.0
oe:player:7d21767bc5bb1567a3dd92bf82a5a8e,zzeta,MGN Blue Esports,VCS,Asie-Pacifique,Ligue majeure,Mid,70,190.0,270.0,-436.0,67.0,0.0,0.0
oe:player:92c21511d7b383b2f8ba5b00c3c9a47,Bull,DN SOOPers Challengers,LCKC,Corée,Deuxième niveau,ADC,83,189.0,283.0,-987.0,59.0,0.0,0.0
oe:player:4be90ed9c41356ec34247e49aec714a,Bruce,J Team,PCS,Asie-Pacifique,Ligue majeure,ADC,42,189.0,283.0,-89.0,71.0,0.0,0.0
oe:player:494fc60dffbb5da1caa2226baef0ec7,Bvoy,paiN Gaming,CBLOL,Brésil & Amérique latine,Ligue majeure,ADC,66,189.0,293.0,582.0,71.0,0.0,0.0
oe:player:4db9382d7c962f8153c60cce7f919a0,winter,Team Fish Taco,NACL,Amérique du Nord,Deuxième niveau,Support,13,188.0,328.0,357.0,,,
oe:player:74b6d082d7e7a7542e597f069dcc947,Seize,Isurus,LLA,Brésil & Amérique latine,Ligue majeure,Jungle,50,188.0,284.0,-83.0,69.0,0.0,0.0
oe:player:42ad24fb9a58f115637ed14ee70677a,Zyko,Maryville University,NACL,Amérique du Nord,Deuxième niveau,Support,76,187.0,322.0,352.0,46.0,0.0,0.0
oe:player:98507570b7ae6c8019192bc1b5412c1,Porsche,Team Ambition,NACL,Amérique du Nord,Deuxième niveau,Top,40,187.0,316.0,471.0,39.0,0.0,0.0
oe:player:007be3acd5669d100711b13d79e2336,Sniper,100 Thieves Challengers,NACL,Amérique du Nord,Deuxième niveau,Top,28,186.0,321.0,470.0,43.0,0.0,0.0
oe:player:863519e5df81ff9b308c90f6a59495b,xiaofang,Oh My God,LDL,Chine,Deuxième niveau,Jungle,17,185.0,285.0,-273.0,,,
oe:player:840d0b77e71408d3da84e4f0cae4b73,Wizer,paiN Gaming,CBLOL,Brésil & Amérique latine,Ligue majeure,Top,66,184.0,293.0,817.0,74.5,0.0,0.0
oe:player:5aea7cdf0f3349ac62a04335ec1c918,Ivory,HANJIN BRION Challengers,LCKC,Corée,Deuxième niveau,Mid,81,184.0,267.0,-649.0,58.0,0.0,0.0
oe:player:c145139d26813639b8fe6f4d0b28228,Massu,FlyQuest NZXT,NACL,Amérique du Nord,Deuxième niveau,ADC,92,184.0,318.0,553.0,36.0,0.0,0.0
oe:player:197e012fb5163375e24dbbfdae34911,Marky,Movistar KOI,LES,EMEA,Deuxième niveau,Top,95,183.0,281.0,718.0,42.0,0.0,0.0
oe:player:325397710b4294aeb7a18881c34f33b,Six10,Macko Esports,PGN,EMEA,Deuxième niveau,Mid,78,183.0,283.0,1736.0,40.0,0.0,0.0
oe:player:178ec186b0d43d2669342596c2808cd,Diable,Liiv SANDBOX Youth,LCKC,Corée,Deuxième niveau,ADC,88,183.0,283.0,-1016.0,59.0,0.0,0.0
oe:player:b137ce57a15794ffac86eaeff085326,Boukada,Team du Sud,LFL,EMEA,Deuxième niveau,Jungle,78,183.0,285.0,174.0,39.0,0.0,0.0
oe:player:778c6c3733d919a3b64885912be15a9,Aegis,RED Canids,CBLOL,Brésil & Amérique latine,Ligue majeure,Jungle,57,182.0,288.0,605.0,74.0,0.0,0.0
oe:player:7271041e578de87185bdaa37433c810,Anonymouss,Myth Esports,ESLOL,EMEA,Deuxième niveau,Jungle,24,182.0,289.0,2456.0,95.0,0.0,0.007
oe:player:ab8a2f130a36f7aa619168c53d055d1,Vincenzo,Liiv SANDBOX Youth,LCKC,Corée,Deuxième niveau,Jungle,88,181.0,283.0,-602.0,55.0,0.0,0.0
oe:player:63dd174baf11b12006e5dc29c2269a1,Maynter,Team du Sud,LFL,EMEA,Deuxième niveau,Top,78,181.0,285.0,289.0,42.0,0.0,0.0
oe:player:398074139a206bc8bbab0be766c6ffa,Wilson,Winthrop University,NACL,Amérique du Nord,Deuxième niveau,Jungle,49,181.0,319.0,296.0,34.0,0.0,0.0
oe:player:2a8f9050a8f7c5dd91f2332dc3bb2f5,Kim Down,Team Liquid Challengers,NACL,Amérique du Nord,Deuxième niveau,Support,96,180.0,325.0,321.0,28.0,0.0,0.093
oe:player:1c010180887360e5d6ab967fd93693d,TitaN,RED Canids,CBLOL,Brésil & Amérique latine,Ligue majeure,ADC,57,180.0,288.0,540.0,70.0,0.0,0.0
oe:player:1d17186c66b693755087b8af8d0c611,Scarface,Vitality.Bee,LFL,EMEA,Deuxième niveau,Top,47,179.0,270.0,277.0,39.0,0.0,0.0
oe:player:247cede38bc224fc82ea98ca18ddacf,Eckas,GameWard,LFL,EMEA,Deuxième niveau,Jungle,57,179.0,283.0,156.0,48.0,0.0,0.0
oe:player:67447707ec7cbde9ab25bfa2ed69877,DDoiV,HANJIN BRION Challengers,LCKC,Corée,Deuxième niveau,Jungle,12,178.0,292.0,-617.0,,,
oe:player:f9f899e93ef0653842807754e17fc57,Snow2,Team Ambition,NACL,Amérique du Nord,Deuxième niveau,Support,68,178.0,316.0,309.0,36.5,0.0,0.02
oe:player:e069ed7135e8a018823429510a1f8c1,DDahyuk,Liiv SANDBOX Youth,LCKC,Corée,Deuxième niveau,Top,88,178.0,283.0,-623.0,58.0,0.0,0.0
oe:player:dd737d11c7a9afac13e6a15e82caf9d,Clyde,Original Gaming,VCS,Asie-Pacifique,Ligue majeure,Mid,11,177.0,292.0,-501.0,,,
oe:player:443b8e6205a0c76a3e6a2eed788215e,Lens,Wildcard Gaming,NACL,Amérique du Nord,Deuxième niveau,ADC,84,177.0,315.0,520.0,43.0,0.0,0.0
oe:player:71b8101d78beb04a089caa90a8d9310,Jeskla,LDLC OL,LFL,EMEA,Deuxième niveau,ADC,54,174.0,282.0,15.0,48.0,0.0,0.0
oe:player:d8c4c939a71a2e2961d177a01c3d1f3,Xhow,Weibo Gaming Youth Team,LDL,Chine,Deuxième niveau,Jungle,37,174.0,283.0,-326.0,59.0,0.0,0.0
oe:player:15cf38bf8a684a1b5895ad3daa0e379,Leza,Estral Esports,LLA,Brésil & Amérique latine,Ligue majeure,Mid,50,174.0,287.0,559.0,66.0,0.0,0.0
oe:player:e30f555e5a24f076a5d5be70a462527,TNS,PSG Talon Academy,PCL,Asie-Pacifique,Deuxième niveau,Support,35,172.0,286.0,442.0,77.0,0.0,0.0
oe:player:b0932095fbb68ab281f153ffd31e523,Xin,PSG Talon Academy,PCL,Asie-Pacifique,Deuxième niveau,Jungle,32,171.0,283.0,74.0,77.0,0.0,0.0
oe:player:64d71b4eabcd8de0a1d64bd6d5973c5,Rise,Bilibili Gaming Junior,LDL,Chine,Deuxième niveau,ADC,79,171.0,273.0,-306.0,51.5,0.0,0.0
oe:player:b415fb792209708ad6921cca2e73aff,Spirax,FlyQuest NZXT,NACL,Amérique du Nord,Deuxième niveau,Mid,93,170.0,314.0,635.0,38.0,0.0,0.0
oe:player:6fbe74bc32e0f74e6324b8288ae0c19,Duoking1,Team E Turner,NACL,Amérique du Nord,Deuxième niveau,Support,51,169.0,310.0,263.0,36.0,0.0,0.0
oe:player:6b2acf5555e281f3e64f9a338da6a66,destiny,100 Thieves Challengers,NACL,Amérique du Nord,Deuxième niveau,Support,38,169.0,331.0,263.0,41.0,0.0,0.037
oe:player:1408a3cdf492161329cf78c167369ec,Liweier,Invictus Gaming Young,LDL,Chine,Deuxième niveau,Jungle,75,169.0,271.0,-351.0,52.0,0.0,0.0
oe:player:e78b8c55d69fa800f5c1ba2d14d4f96,Yama,CCG Esports,NACL,Amérique du Nord,Deuxième niveau,Support,11,168.0,331.0,258.0,,,
oe:player:c8ebb11d5e5b821d5a736d7281d7c10,Xin,Rare Atom Period,LDL,Chine,Deuxième niveau,Support,20,168.0,288.0,-164.0,61.0,0.0,0.0
oe:player:29e873916dcb14c9feb6b85d253cb87,Asper,FUT Esports,TCL,EMEA,Deuxième niveau,Support,63,167.0,280.0,426.0,49.0,0.0,0.0
oe:player:75414f3b4f03bf449c319eb75f3dd5b,Kryze,LDLC OL,LFL,EMEA,Deuxième niveau,Top,54,167.0,282.0,214.0,49.0,0.0,0.0
oe:player:1ddb282d9981cbef14a2de08a3688ac,donbray,Wildcard Gaming,NACL,Amérique du Nord,Deuxième niveau,Support,37,166.0,319.0,249.0,46.0,0.0,0.0
oe:player:922947616039031e1d3e40d6176930c,ChiCh1,PSG Talon Academy,PCL,Asie-Pacifique,Deuxième niveau,ADC,35,166.0,286.0,456.0,75.0,0.0,0.0
oe:player:d3b78a30a7132a543fe9f14a5a25918,Soligo,Wildcard Gaming,NACL,Amérique du Nord,Deuxième niveau,Mid,84,165.0,315.0,609.0,41.0,0.0,0.0
oe:player:c49aafa1ffe9c24aa459e5cf851ddfc,Niles,Maryville University,NACL,Amérique du Nord,Deuxième niveau,Top,76,164.0,322.0,359.0,49.0,0.0,0.0
oe:player:5e07433d52dbc7bbc4faaf9492dbd2c,CarioK,paiN Gaming,CBLOL,Brésil & Amérique latine,Ligue majeure,Jungle,66,164.0,293.0,516.0,76.0,0.0,0.0
oe:player:00710df3d8e256fd300625f22067ef2,Xiao17,MAX,LDL,Chine,Deuxième niveau,Jungle,52,163.0,277.0,-382.0,42.0,0.0,0.0
oe:player:647116a60606bd44fb11a860da72776,Breezy,AOE Gold,NACL,Amérique du Nord,Deuxième niveau,Support,78,163.0,315.0,235.0,51.5,0.0,0.0
oe:player:2e10aa4c385d76eb9fc276fa0b72939,Th3Antonio,Giants,LES,EMEA,Deuxième niveau,Top,34,163.0,288.0,616.0,59.0,0.0,0.003
oe:player:72c5cc0e2586935d16539f31a2a4fec,ACD,Macko Esports,PGN,EMEA,Deuxième niveau,Top,78,163.0,283.0,1945.0,45.0,0.0,0.0
oe:player:1b7d720f9421df848050c33fbec3700,Qwacker,Supernova,NACL,Amérique du Nord,Deuxième niveau,Top,65,162.0,311.0,346.0,54.0,0.0,0.0
oe:player:674cfdf61c32c13ce4bc1a5fd877699,Rbow,Invictus Gaming Young,LDL,Chine,Deuxième niveau,Top,41,161.0,275.0,-365.0,53.0,0.0,0.0
oe:player:724550666f5134a585befbd2b71924c,Hamin,Original Gaming,VCS,Asie-Pacifique,Ligue majeure,Top,13,161.0,291.0,-780.0,,,
oe:player:1bc0756ba9102abb5a7cd13d2b618aa,StarScreen,FUT Esports,TCL,EMEA,Deuxième niveau,Top,63,161.0,280.0,256.0,52.0,0.0,0.0
oe:player:67a9a13318c92022d3693d56249a340,Alley,EDG Youth Team,LDL,Chine,Deuxième niveau,Top,42,160.0,278.0,-370.0,59.5,0.0,0.0
oe:player:03ffc84bf06e1adbfb0e869b6a0850a,Ashlomailma,ThunderTalk Gaming Young,LDL,Chine,Deuxième niveau,Support,35,160.0,277.0,-203.0,63.0,0.0,0.0
oe:player:d677b410373bc790d9a8ec2e6809083,can,Bilibili Gaming Junior,LDL,Chine,Deuxième niveau,Jungle,31,160.0,283.0,-399.0,66.0,0.0,0.0
oe:player:a8e26f0750651e61584c8fd99328752,Hieu3,Team Flash,VCS,Asie-Pacifique,Ligue majeure,Support,48,159.0,268.0,-501.0,68.0,0.0,0.0
oe:player:e214e8e906f16ec13e9a88de30dc181,Jopa,Finetwork KOI,LES,EMEA,Deuxième niveau,ADC,75,159.0,262.0,437.0,37.0,0.0,0.003
oe:player:d62f8789d640fc4bf972663ddd10b77,Whistle,NASR eSports Turkey,TCL,EMEA,Deuxième niveau,Mid,32,159.0,274.0,86.0,56.0,0.0,0.003
oe:player:f81693d5c2cb1956cbeedd77c7604e6,Natur3,Impunity,PCS,Asie-Pacifique,Ligue majeure,Support,34,158.0,286.0,-168.0,76.0,0.0,0.0
oe:player:3648451fd5b8a8ab01e4bedf780c1d6,Zinie,KT Rolster Academy,LAS,Corée,Troisième niveau,Mid,42,157.0,413.0,937.0,2.0,0.26,0.933
oe:player:b72512d8552258392503ee400e7bd2b,Wen,PSG Talon Academy,PCL,Asie-Pacifique,Deuxième niveau,Mid,35,157.0,286.0,-191.0,70.0,0.0,0.0
oe:player:49dea036f5b15e39632aaaf1666a28b,5kid,inf,LLA,Brésil & Amérique latine,Ligue majeure,ADC,53,156.0,286.0,461.0,69.0,0.0,0.0
oe:player:014c50a8bcb2f8965db2fa367330876,Furuy,Team du Sud,LFL,EMEA,Deuxième niveau,Mid,76,156.0,263.0,81.0,50.0,0.0,0.0
oe:player:fd976f550f84430dc88941effcf786a,HONOR,Team du Sud,LFL,EMEA,Deuxième niveau,Support,78,155.0,285.0,43.0,44.0,0.0,0.0
oe:player:b1608dc23a218a150a431be676f3fe4,RoseThorn,Team Fish Taco,NACL,Amérique du Nord,Deuxième niveau,Jungle,81,153.0,308.0,154.0,50.0,0.0,0.0
oe:player:5d19b31b19f362f152fd879942be56c,Shu Hari,Six Karma,LLA,Brésil & Amérique latine,Ligue majeure,Support,40,153.0,277.0,407.0,67.0,0.0,0.0
oe:player:4c7da67b008cd8858cd0539c860c73a,Sero,KT Rolster Academy,LAS,Corée,Troisième niveau,Top,42,153.0,413.0,1125.0,3.0,0.0,0.943
oe:player:aa7b13aaac8ab04283ce9626c6399d0,Young,Disguised,NACL,Amérique du Nord,Deuxième niveau,Mid,93,153.0,296.0,547.0,38.0,0.0,0.0
oe:player:81eb81987bcf9be1e3771a7f0a4ca77,Zamudo,Wildcard Gaming,NACL,Amérique du Nord,Deuxième niveau,Top,43,152.0,319.0,300.0,55.0,0.0,0.0
oe:player:de442faff7b7cdc0fba7d6d5caff5e1,Elramir,Anubis Gaming,AL,EMEA,Deuxième niveau,Jungle,75,152.0,261.0,1475.0,35.0,0.0,0.003
oe:player:daf977355187d5f85949a456e337be7,Leb,Case Esports,LES,EMEA,Deuxième niveau,Jungle,15,152.0,290.0,703.0,,,
oe:player:df13ba84b4ea6932f7e10b5e51e7cf5,Venour,Unicorns of Love Sexy Edition,PRM,EMEA,Deuxième niveau,Top,86,152.0,285.0,658.0,41.0,0.0,0.003
oe:player:48bef668b5cb10ddc6c3865d460e327,TakeSet,Solary,LFL,EMEA,Deuxième niveau,ADC,45,151.0,284.0,-102.0,55.0,0.0,0.0
oe:player:e6f8300f45b071d113356fc27cedf4c,Rayito,IziDream,LFL,EMEA,Deuxième niveau,ADC,59,151.0,266.0,-102.0,55.0,0.0,0.01
oe:player:ee552adab222e68b8c8a6a77c126e0d,Cleaver,DN SOOPers Challengers,LCKC,Corée,Deuxième niveau,Mid,83,150.0,283.0,-817.0,65.0,0.0,0.0
oe:player:ccfe1639b7fa38381e0c40a683da74e,JUG,KT Rolster Academy,LAS,Corée,Troisième niveau,Jungle,42,150.0,413.0,1012.0,2.0,0.26,0.957
oe:player:480168c20218f1b2e9b34785a3baf27,WhiteKnight,Barça eSports,LES,EMEA,Deuxième niveau,Top,49,150.0,282.0,551.0,60.0,0.0,0.0
oe:player:702efc23873d774e479682ef680d911,Cboi,Macko Esports,PGN,EMEA,Deuxième niveau,Jungle,78,150.0,283.0,1406.0,45.0,0.0,0.0
oe:player:61ea9de879a9b27bb8eddcba7f32f4a,fNb,RED Canids,CBLOL,Brésil & Amérique latine,Ligue majeure,Top,60,149.0,287.0,644.0,77.0,0.0,0.0
oe:player:ba6e76e259419420ddff269bb6ef074,Vzz,Macko Esports,PGN,EMEA,Deuxième niveau,ADC,78,149.0,283.0,1133.0,48.0,0.0,0.0
oe:player:a672b5bc1c212a6922418fad18734c1,Envy,RED Canids,CBLOL,Brésil & Amérique latine,Ligue majeure,Mid,60,149.0,287.0,496.0,76.0,0.0,0.0
oe:player:0973ddfd8ce96a62e85badbe503d163,bluerzor,Team Heretics Academy,LES,EMEA,Deuxième niveau,Jungle,76,148.0,283.0,681.0,42.0,0.0,0.0
oe:player:ce833e045ae1fdf546c867198b80566,PrettyGRE,100 Thieves Challengers,NACL,Amérique du Nord,Deuxième niveau,Mid,40,147.0,329.0,522.0,45.0,0.0,0.0
oe:player:e1e74fbe59bd77110d7a7412b400878,Dajor,Rebels Gaming,LEC,EMEA,Ligue majeure,Mid,26,147.0,261.0,-1909.0,66.0,0.0,0.0
oe:player:e8013b081e457f1c1c8dcd3146b5185,KinGi,Isurus,LLA,Brésil & Amérique latine,Ligue majeure,Jungle,17,143.0,293.0,-306.0,,,
oe:player:265b58ce8b2f418df94006bf24e296c,ScaryJerry,Maryville University,NACL,Amérique du Nord,Deuxième niveau,ADC,76,143.0,322.0,350.0,51.5,0.0,0.0
oe:player:6f3cfdc56a1ff1ba6b0e454b6c8ef4f,forse,Weibo Gaming Youth Team,LDL,Chine,Deuxième niveau,Mid,76,142.0,274.0,-489.0,69.0,0.0,0.0
oe:player:bf95f0a99dd7be89d7867d0d9f961ce,Coldraa,Case Esports,LES,EMEA,Deuxième niveau,ADC,15,142.0,290.0,354.0,,,
oe:player:4d0ec5fa505ee341aff8b2309356afc,Srtty,Evil Geniuses Challengers,NACL,Amérique du Nord,Deuxième niveau,Top,78,142.0,305.0,250.0,61.5,0.0,0.0
oe:player:dae0cda34ebaedb0de9a1f5e61a6ab3,Scoooped,Gentle Hearts Gaming,NACL,Amérique du Nord,Deuxième niveau,ADC,33,142.0,318.0,343.0,54.0,0.0,0.0
oe:player:3126bca5d4d2555ba3b460699508e16,Pollu,HANJIN BRION Challengers,LCKC,Corée,Deuxième niveau,Support,77,142.0,280.0,-842.0,71.0,0.0,0.0
oe:player:35f7bba605457f76dc31105e512e76b,TuT,Weibo Gaming Youth Team,LDL,Chine,Deuxième niveau,ADC,37,141.0,283.0,-456.0,68.0,0.0,0.0
oe:player:bb38cb2603eee9d2bd81dcb7c3c3ac0,Yu,Rare Atom Period,LDL,Chine,Deuxième niveau,Top,76,140.0,275.0,-470.0,70.0,0.0,0.0
oe:player:a5b589185ef8ae18d33478626218b3a,ToongE,HANJIN BRION Academy,LAS,Corée,Troisième niveau,ADC,21,139.0,423.0,1220.0,4.0,0.023,0.57
oe:player:59af45f6d3a80a361073d093de34874,xiaohanbao,Anyone's Legend.Young,LDL,Chine,Deuxième niveau,ADC,28,139.0,283.0,-467.0,65.0,0.0,0.0
oe:player:3cff4e36c78088f420af08791b83472,Rocks908,Rock Bottom Esports,NACL,Amérique du Nord,Deuxième niveau,Support,17,139.0,327.0,111.0,,,
oe:player:3335a55ba853c9cd5a724876fd305a4,Emo,MGN Blue Esports,VCS,Asie-Pacifique,Ligue majeure,Mid,14,139.0,284.0,-692.0,,,
oe:player:270ab0846725c25e1babdfba57a7e5d,Relive,Ji Jie Hao (集结号),LDL,Chine,Deuxième niveau,Support,20,138.0,283.0,-313.0,76.0,0.0,0.0
oe:player:3c9547d2fcb523a7ae5681eedde43fb,Be,CYRUS,VCS,Asie-Pacifique,Ligue majeure,Top,11,138.0,293.0,-893.0,,,
oe:player:43f0259a8279686b54a9fe755d0f506,Nayuki,Huya BUG,LDL,Chine,Deuxième niveau,Top,23,138.0,279.0,-479.0,58.0,0.0,0.0
oe:player:eeec6c7a9d2b475c23650b202208b89,Lot,Aegis,LFL,EMEA,Deuxième niveau,Top,71,137.0,282.0,67.0,61.0,0.0,0.0
oe:player:deaccc41a952e269107cc9a507dfa13,Zodiac,MGN Blue Esports,VCS,Asie-Pacifique,Ligue majeure,Support,84,137.0,271.0,-611.0,70.0,0.0,0.0
oe:player:06949098a2429144926399c68837b22,Thesnake,EDG Youth Team,LDL,Chine,Deuxième niveau,ADC,28,136.0,276.0,-483.0,59.0,0.0,0.0
oe:player:6e632d8dfe91b18ecbbcdc028094e5c,Zothve,Estral Esports,LLA,Brésil & Amérique latine,Ligue majeure,Top,50,136.0,287.0,369.0,73.0,0.0,0.0
oe:player:ee23e84e2efb84becbafffaeae36d57,Xing,Team WE Academy,LDL,Chine,Deuxième niveau,ADC,30,135.0,280.0,-487.0,71.0,0.0,0.0
oe:player:ee069f0c3ccbcd367d3db57c0945cc4,Rhino,Native Gaming,NACL,Amérique du Nord,Deuxième niveau,Support,15,135.0,329.0,91.0,,,
oe:player:f7407edad1ded2d8d1e634ed49a9698,Lancer,DN SOOPers Challengers,LCKC,Corée,Deuxième niveau,Top,25,135.0,283.0,-840.0,76.0,0.0,0.0
oe:player:b4c2b550635fe54fd29f2b64dfaca55,Special,Eintracht Spandau,PRM,EMEA,Deuxième niveau,Mid,46,134.0,287.0,506.0,52.0,0.0,0.0
oe:player:44dc53ba41c293de9a2061abcf11b66,Alex,Nate9527,PCL,Asie-Pacifique,Deuxième niveau,Jungle,11,134.0,298.0,-107.0,,,
oe:player:4c9816fc9b3f6fc626a830d9dcd868c,Wings,Royal Club,LDL,Chine,Deuxième niveau,ADC,16,133.0,283.0,-497.0,,,
oe:player:650f5da2c2068fff2937c3530393c97,JayJ,Cincinnati Fear,NACL,Amérique du Nord,Deuxième niveau,Support,49,132.0,321.0,78.0,48.0,0.0,0.0
oe:player:74f3f60a44ee916ecc257a5381be756,Lekcyc,Unicorns of Love Sexy Edition,PRM,EMEA,Deuxième niveau,Support,86,132.0,285.0,576.0,44.0,0.0,0.007
oe:player:2925560e555046ad9b0066ff181fe21,Melonik,Solary,LFL,EMEA,Deuxième niveau,Top,45,131.0,284.0,35.0,59.5,0.0,0.0
oe:player:4b50dfafb5a1a98a316122ca9208d7a,Getback,Maryville University,NACL,Amérique du Nord,Deuxième niveau,Mid,76,131.0,322.0,440.0,50.0,0.0,0.0
oe:player:a8ab1ca5ba5183bdad08a3f2eeeb95d,Reeker,Team BDS Academy,LFL,EMEA,Deuxième niveau,Mid,43,131.0,283.0,-41.0,52.5,0.0,0.0
oe:player:277003aaa6126d09879b4ffe1bf18b3,pan,Isurus,LLA,Brésil & Amérique latine,Ligue majeure,Top,54,130.0,287.0,336.0,73.0,0.0,0.0
oe:player:ab15060e5225b51592cd04b3aed1e09,SkewMond,Aegis,LFL,EMEA,Deuxième niveau,Jungle,71,130.0,282.0,-88.0,55.0,0.0,0.0
oe:player:87b0ff8e56b0ce96bc0a82ea5dc9a7e,Kuri,RED Canids,CBLOL,Brésil & Amérique latine,Ligue majeure,Support,10,129.0,302.0,222.0,,,
oe:player:ebe87161fff38c40d0bf84a35cba734,XuHao,Team Secret,VCS,Asie-Pacifique,Ligue majeure,Support,31,129.0,280.0,-649.0,77.0,0.0,0.0
oe:player:89a68bddd0541e0f26fc044c711eb92,Tony Top,Team Tony Top,NACL,Amérique du Nord,Deuxième niveau,Top,32,128.0,324.0,177.0,55.0,0.0,0.0
oe:player:e181a641eac63b45915802512997360,Ablazeolive,Immortals,LCS,Amérique du Nord,Ligue majeure,Mid,15,127.0,287.0,-1913.0,,,
oe:player:3aa24a5774e47fb95dd9963c0b26a1b,Keaiduo,Joy Dream,LDL,Chine,Deuxième niveau,Mid,71,127.0,275.0,-564.0,58.0,0.0,0.0
oe:player:c732cc226501cc21178b9f413cdf3eb,Trigo,Vivo Keyd Stars,CBLOL,Brésil & Amérique latine,Ligue majeure,ADC,56,127.0,282.0,272.0,77.0,0.0,0.0
oe:player:adfab52b74587bc5acc4201c140451a,Eika,Aegis,LFL,EMEA,Deuxième niveau,Mid,71,127.0,282.0,-62.0,56.0,0.0,0.0
oe:player:403937c97942cb4634ef8907077ede5,Xiaoxia,Bilibili Gaming Junior,LDL,Chine,Deuxième niveau,Support,24,126.0,285.0,-374.0,72.0,0.0,0.0
oe:player:bea6c089fd517fff3bc020290ae48f7,Steeelback,Solary,LFL,EMEA,Deuxième niveau,Support,45,125.0,284.0,-105.0,57.0,0.0,0.0
oe:player:5df80e26e27620b567db59e8567a061,Solid,inf,LLA,Brésil & Amérique latine,Ligue majeure,Jungle,53,124.0,286.0,-402.0,73.0,0.0,0.0
oe:player:99a4b6174c552d969d49eb345a1bc63,Zap,LGD Gaming Young Team,LDL,Chine,Deuxième niveau,Support,39,124.0,278.0,-383.0,77.0,0.0,0.0
oe:player:396c983d4290901e4060ffe25e7c0eb,DNA,Rock Bottom Esports,NACL,Amérique du Nord,Deuxième niveau,Mid,13,122.0,329.0,395.0,,,
oe:player:e5b3b161ff096a1dc71d9ea67c55897,Pride,Eintracht Spandau,PRM,EMEA,Deuxième niveau,Top,46,122.0,287.0,507.0,55.0,0.0,0.0
oe:player:72988c6600adbb46551a7b0aa75994d,Tomrio,APOLLO GAMING,VCS,Asie-Pacifique,Ligue majeure,Jungle,55,120.0,272.0,-1013.0,76.0,0.0,0.0
oe:player:4e37c1c58905336b8f93d6bcabb5ad8,Atlen,Impunity,PCS,Asie-Pacifique,Ligue majeure,ADC,43,120.0,275.0,-436.0,76.0,0.0,0.0
oe:player:147a53ba717927e418ef4c86d4c9c18,Smiley,Eintracht Spandau,PRM,EMEA,Deuxième niveau,ADC,46,120.0,287.0,349.0,56.0,0.0,0.0
oe:player:f60df14afb085b532ed648b8db0253c,whisper,Ultra Prime Academy,LDL,Chine,Deuxième niveau,Jungle,61,120.0,275.0,-599.0,57.0,0.0,0.0
oe:player:ba7b7da7852a3fa283520f6c02efbac,Realm,LGD Gaming Young Team,LDL,Chine,Deuxième niveau,Mid,12,117.0,292.0,-614.0,,,
oe:player:56eb5de1643164c48cdf4219d19e0c0,Delicate,Huya RST,LDL,Chine,Deuxième niveau,Top,16,117.0,283.0,-585.0,,,
oe:player:58a519bdbdfc70eac41b615aba2049d,Zoro,Original Gaming,VCS,Asie-Pacifique,Ligue majeure,Jungle,14,117.0,290.0,-1027.0,,,
oe:player:c6c67e6161209c24759f6a71ad6ac9b,Fanatiik,Native Gaming,NACL,Amérique du Nord,Deuxième niveau,Jungle,15,117.0,329.0,-28.0,,,
oe:player:7edb662a8ada86b7a8a09410b3492d5,Zoen,inf,LLA,Brésil & Amérique latine,Ligue majeure,Top,46,116.0,276.0,269.0,69.0,0.0,0.0
oe:player:6bcd7079c2365c6783de1e39d853c88,Chosen1,Bilibili Gaming Junior,LDL,Chine,Deuxième niveau,Top,31,116.0,283.0,-593.0,80.0,0.0,0.0
oe:player:de1fb222dafded7d06b10df578fdd0e,Hantera,Aegis,LFL,EMEA,Deuxième niveau,Support,71,115.0,282.0,-155.0,58.0,0.0,0.0
oe:player:74c97a5b51b2f1900328154b5a58a44,OddOrange,Maryville University,NACL,Amérique du Nord,Deuxième niveau,Jungle,76,115.0,322.0,-36.0,51.0,0.0,0.0
oe:player:bd908db5ccb07777ced8023dffc802f,links,AOE Gold,NACL,Amérique du Nord,Deuxième niveau,ADC,82,114.0,310.0,205.0,56.5,0.0,0.0
oe:player:e1ddc411cd92f26392b707a48e5c700,marlon,Team Heretics Academy,LES,EMEA,Deuxième niveau,Support,76,114.0,283.0,457.0,49.0,0.0,0.0
oe:player:d1268f2a2bc8832c9235611f56040af,Lz,Nate.A,PCL,Asie-Pacifique,Deuxième niveau,ADC,20,114.0,295.0,198.0,75.0,0.0,0.0
oe:player:29b67a93c1a600beb6904551c853fdd,Trevor,Supernova,NACL,Amérique du Nord,Deuxième niveau,Support,95,113.0,299.0,-19.0,54.5,0.0,0.0
oe:player:b51220a382d45959479685fa1a1c9a7,Levitate,Team Ambition,NACL,Amérique du Nord,Deuxième niveau,ADC,66,113.0,316.0,198.0,51.0,0.0,0.0
oe:player:4462a94df8bf2cf755c0c5da35f0282,bat,ThunderTalk Gaming Young,LDL,Chine,Deuxième niveau,ADC,48,113.0,276.0,-598.0,71.0,0.0,0.0
oe:player:d92b0904aa4f08f128aa8c6d2775056,Mojito,FUT Esports,TCL,EMEA,Deuxième niveau,Jungle,63,112.0,280.0,526.0,56.0,0.0,0.0
oe:player:32aa62568603d99d16591ee5dd52a8a,Pop9,West Point Esports,PCS,Asie-Pacifique,Ligue majeure,Jungle,18,112.0,288.0,-187.0,,,
oe:player:a291e13e72870a901a7a03a59d9c6be,Lilipp,Eintracht Spandau,PRM,EMEA,Deuxième niveau,Support,46,111.0,287.0,471.0,56.0,0.0,0.0
oe:player:b49867477e266c5da8e995074e18f80,Daglas,Vitality.Bee,LFL,EMEA,Deuxième niveau,Jungle,58,110.0,274.0,-189.0,63.0,0.0,0.0
oe:player:4d2f4b9fa48af3a3618b2cbac02fa9b,Smoothie,Evil Geniuses Challengers,NACL,Amérique du Nord,Deuxième niveau,Support,89,110.0,319.0,-29.0,51.0,0.0,0.023
oe:player:85ab9a415e1cf1f63000f7f6f1c183a,KryRa,The Cheese Chasers,NACL,Amérique du Nord,Deuxième niveau,Jungle,10,110.0,331.0,-63.0,,,
oe:player:d129eb71d537fdbb2cd4c52703f51f4,HolyPhoenix,Papara SuperMassive,TCL,EMEA,Deuxième niveau,ADC,35,109.0,284.0,295.0,79.0,0.0,0.0
oe:player:f6fcb6f1d244cc5d15ab8096d941d7a,Peng,Solary,LFL,EMEA,Deuxième niveau,Mid,45,108.0,284.0,-156.0,60.0,0.0,0.0
oe:player:1e249a5688255bde7f7213b5d257b3c,Click,Macko Esports,PGN,EMEA,Deuxième niveau,Support,78,106.0,283.0,1233.0,53.0,0.0,0.0
oe:player:ab02fceb9689114b1cd1844e456c069,Javier,Case Esports,LES,EMEA,Deuxième niveau,Mid,15,106.0,290.0,317.0,,,
oe:player:938cdb097f33f0feb9c12f0729e8e69,Attila,Giants,LES,EMEA,Deuxième niveau,ADC,52,106.0,280.0,171.0,65.0,0.0,0.0
oe:player:8d4d616f59ec7a9c4c5e6b023e776af,ZJJ,Weibo Gaming Youth Team,LDL,Chine,Deuxième niveau,ADC,39,106.0,281.0,-633.0,81.0,0.0,0.0
oe:player:60bcb8bf9545cff6ef45614c135ab00,wind,Huya BUG,LDL,Chine,Deuxième niveau,Support,25,106.0,280.0,-472.0,81.0,0.0,0.0
oe:player:099ef5da25e9e7b76e69776eee28f35,Badlulu,GameWard,LFL,EMEA,Deuxième niveau,Top,57,106.0,283.0,-86.0,60.5,0.0,0.0
oe:player:5f4898a107d2948045588584562be3f,Dehaste,Nigma Galaxy,AL,EMEA,Deuxième niveau,Mid,67,105.0,270.0,1592.0,66.0,0.0,0.0
oe:player:e0b008815ab05c5cdaf4d46ab61ff63,Vizicsacsi,Berlin International Gaming,PRM,EMEA,Deuxième niveau,Top,54,104.0,286.0,417.0,60.0,0.0,0.0
oe:player:18a70ca6e551b080cf886828cc18394,Sharvel,Dplus Kia Academy,LAS,Corée,Troisième niveau,Jungle,37,104.0,410.0,780.0,3.0,0.007,0.597
oe:player:3e68fd564e4e518b8aed89b9a0bf855,Pyrka,Case Esports,LES,EMEA,Deuxième niveau,Support,15,104.0,290.0,405.0,,,
oe:player:07d1c57ec273126c65dbd1197abdb47,Pockus,Apex Mission Impossible,NACL,Amérique du Nord,Deuxième niveau,Support,29,104.0,322.0,-59.0,67.0,0.0,0.0
oe:player:3a3cf889f1996110ab52915425d60b5,xMatty,Team BDS Academy,LFL,EMEA,Deuxième niveau,ADC,43,103.0,283.0,-343.0,59.0,0.0,0.0
oe:player:3cf3af646b5f1683d765af9f4b6b2bc,Like 1999,HANJIN BRION Academy,LAS,Corée,Troisième niveau,Jungle,58,103.0,420.0,775.0,3.0,0.053,0.943
oe:player:94da1452e43ac6797e36ca8f17656ad,EvanRL,Kelyx's Grandpa Gamers,NACL,Amérique du Nord,Deuxième niveau,ADC,14,102.0,328.0,145.0,,,
oe:player:34838c71f87f1e1f8929e641124e17b,Rulfchen,Berlin International Gaming,PRM,EMEA,Deuxième niveau,Jungle,54,102.0,286.0,482.0,57.0,0.0,0.0
oe:player:760f71918dbe25e76081e22adb97a74,Yunbee,CCG Esports,NACL,Amérique du Nord,Deuxième niveau,Mid,18,102.0,327.0,296.0,,,
oe:player:71355709812af677fb9c859a75385af,AD,KT Rolster Academy,LAS,Corée,Troisième niveau,ADC,42,101.0,413.0,1033.0,3.0,0.023,0.927
oe:player:4fe4116d4fb3277a95ba0fc4152dcf9,Wuy,ThunderTalk Gaming Young,LDL,Chine,Deuxième niveau,Support,41,100.0,271.0,-506.0,72.0,0.0,0.0
oe:player:73ac73edf51a3acdfa494e271c6ee29,Czajek,Vitality.Bee,LFL,EMEA,Deuxième niveau,Mid,55,100.0,283.0,-195.0,53.0,0.0,0.0
oe:player:657f1228bb53523274ae58bcd123ae8,Decay,Giants,LES,EMEA,Deuxième niveau,Mid,52,99.0,280.0,282.0,62.0,0.0,0.0
oe:player:c92846465f8656d027f9148726b2b5c,Gavotto,Isurus,LLA,Brésil & Amérique latine,Ligue majeure,ADC,54,99.0,287.0,176.0,71.0,0.0,0.0
oe:player:dba5dbe2de4763670028a7d3fdcdf14,Hong2,HELL PIGS,PCS,Asie-Pacifique,Ligue majeure,Mid,18,99.0,286.0,-51.0,,,
oe:player:25372337c424d854728ed2a7775efb6,Zanzarah,Eintracht Spandau,PRM,EMEA,Deuxième niveau,Jungle,46,99.0,287.0,464.0,57.0,0.0,0.0
oe:player:c102b42aadbbf6d2b63927aa38fecea,Leemo,Team Ambition,NACL,Amérique du Nord,Deuxième niveau,Jungle,36,98.0,325.0,-119.0,55.0,0.0,0.0
oe:player:fd66d456af3da47fa71f42b0537911b,Aang,University of St. Trevor,NACL,Amérique du Nord,Deuxième niveau,ADC,11,98.0,331.0,123.0,,,
oe:player:088a8dda4109f6904aa917153b5db18,Jactroll,Vitality.Bee,LFL,EMEA,Deuxième niveau,Support,55,98.0,283.0,-239.0,54.5,0.0,0.0
oe:player:4438e6de86f317adec821c223d661c8,Jinbeom,Dplus Kia Academy,LAS,Corée,Troisième niveau,ADC,73,98.0,425.0,1018.0,2.0,0.437,0.957
oe:player:bd0655defa1f5f33c2c8ac34cfd9d36,Backlund,LDLC OL,LFL,EMEA,Deuxième niveau,Mid,54,97.0,282.0,-213.0,57.0,0.0,0.0
oe:player:0f2119d086ee35f18b407615e430fa8,Bini,Dark Passage,TCL,EMEA,Deuxième niveau,ADC,19,97.0,288.0,237.0,,,
oe:player:d045ce8a0de5eb77d740e62fb9e2d7f,Daption,Miracle,NACL,Amérique du Nord,Deuxième niveau,Support,40,97.0,316.0,-96.0,58.0,0.0,0.0
oe:player:b96919a088e508abfbb1aa9c4cbb8f0,Artifact,Rainbow Warriors,VCS,Asie-Pacifique,Ligue majeure,Mid,61,96.0,264.0,-907.0,69.0,0.0,0.0
oe:player:f45792335d83b10581da2f0cbdd6e8e,Saint,Dplus Kia Academy,LAS,Corée,Troisième niveau,Mid,41,96.0,376.0,633.0,3.0,0.103,0.8
oe:player:1e48e6a94caf09f3d8275ffba847eea,Jelly,Isurus,LLA,Brésil & Amérique latine,Ligue majeure,Support,54,96.0,287.0,121.0,73.0,0.0,0.0
oe:player:d7a904873d10637ef44afa9c1de83b3,Ayu,FURIA,CBLOL,Brésil & Amérique latine,Ligue majeure,Support,47,95.0,280.0,50.0,78.0,0.0,0.0
oe:player:276001b0514a12611bf41bbf945320b,NoNoNo1,CYRUS,VCS,Asie-Pacifique,Ligue majeure,Jungle,12,95.0,293.0,-1136.0,,,
oe:player:6d2795b5d0550bbbae88cb973b287b0,NoName,BISONS ECLUB,LES,EMEA,Deuxième niveau,Jungle,48,94.0,267.0,410.0,54.5,0.0,0.0
oe:player:0e44b4982a2269376148c9c3bc7f9c3,Motive,KT Rolster Academy,LAS,Corée,Troisième niveau,Support,42,94.0,413.0,1020.0,2.0,0.0,0.927
oe:player:5aa99e88083b40b8070e90f314e92ca,Grell,Vivo Keyd Stars,CBLOL,Brésil & Amérique latine,Ligue majeure,Jungle,39,94.0,289.0,168.0,82.0,0.0,0.0
oe:player:3fa40ca918e5a331ceb5ac8990b4816,Dttt,CYRUS,VCS,Asie-Pacifique,Ligue majeure,Mid,12,93.0,293.0,-922.0,,,
oe:player:90704735ca9fc01f2244f23f6e5d635,Shiganari,Aegis,LFL,EMEA,Deuxième niveau,ADC,70,93.0,280.0,-393.0,58.0,0.0,0.0
oe:player:50ded5d6efafa044a3ca8c0e016aed4,Kachu,Team Ambition,NACL,Amérique du Nord,Deuxième niveau,Mid,50,93.0,316.0,250.0,55.5,0.0,0.0
oe:player:ee8d313390db21907037cef1c8d6f81,FireRain,Riddle Esports,NLC,EMEA,Deuxième niveau,Mid,28,93.0,292.0,1514.0,97.0,0.0,0.0
oe:player:967b6cf132535f07c260af86ebcf7ce,Frim,HANJIN BRION Challengers,LCKC,Corée,Deuxième niveau,Top,60,93.0,279.0,-1051.0,73.0,0.0,0.0
oe:player:9982fa0c1a1c945beeba82f4bab350d,Uncle4,CYRUS,VCS,Asie-Pacifique,Ligue majeure,Support,12,92.0,293.0,-834.0,,,
oe:player:579ae2e0addc18db74179b2a3d33294,Ellim,Team Aze,LLA,Brésil & Amérique latine,Ligue majeure,Jungle,18,92.0,295.0,-560.0,,,
oe:player:466ce26370ebf51e9899522b7ebeea7,Bazz,Apex Mission Impossible,NACL,Amérique du Nord,Deuxième niveau,ADC,19,91.0,327.0,88.0,,,
oe:player:5ef70ecd799a70ebbda239cd9a9f1e7,Andil,DN SOOPers,LCK,Corée,Ligue majeure,Support,81,89.0,256.0,-3433.0,76.0,0.0,0.0
oe:player:4084d43bfb99d7ac8b6c0f830d1d7ee,Vinboiz,SBTC Esports,VCS,Asie-Pacifique,Ligue majeure,ADC,10,89.0,289.0,-963.0,,,
oe:player:78b6c1cd9f90d2560525966c76d8d39,Osman123,Eternal Fire,TCL,EMEA,Deuxième niveau,Jungle,22,89.0,288.0,414.0,79.0,0.0,0.0
oe:player:2e39f77d41c8deb6a891c30cf378383,Deadly,Barça eSports,LES,EMEA,Deuxième niveau,ADC,49,89.0,282.0,87.0,64.0,0.0,0.0
oe:player:dd8230ede1f61e3d002570d55ba03b3,7copy,MAX,LDL,Chine,Deuxième niveau,ADC,11,89.0,290.0,-717.0,,,
oe:player:0c27ab31c0bcfcd4eac6d3e155ea686,winnie,AOE Gold,NACL,Amérique du Nord,Deuxième niveau,Jungle,44,88.0,319.0,-169.0,59.0,0.0,0.0
oe:player:c319bc097532edb1f798ce483e186e7,SophistSage,CCG Esports,NACL,Amérique du Nord,Deuxième niveau,ADC,18,88.0,327.0,71.0,,,
oe:player:a43edb413d3721cec1f32581319fc06,Serene,Oh My God Academy,LDL,Chine,Deuxième niveau,Jungle,10,88.0,291.0,-759.0,,,
oe:player:637ed20b1e41be1c51bd1a4cb211357,Raptor,HANJIN BRION Challengers,LCKC,Corée,Deuxième niveau,Jungle,70,88.0,280.0,-1067.0,71.0,0.0,0.0
oe:player:2f78eaac833bb5497298d3796c14ba0,banye,EQX,LDL,Chine,Deuxième niveau,Mid,18,86.0,285.0,-765.0,,,
oe:player:e16c97254df6fe42751e7e9f7c98543,Prage,West Point Esports,PCS,Asie-Pacifique,Ligue majeure,ADC,18,86.0,288.0,-606.0,,,
oe:player:acb3a05894b7c57412b2d7e911e17dd,Kino,Nate.A,PCL,Asie-Pacifique,Deuxième niveau,Support,48,86.0,271.0,11.0,72.0,0.0,0.0
oe:player:979d7cbbe1e2a8b55d503047f5c72a0,Hauz,Fluxo,CBLOL,Brésil & Amérique latine,Ligue majeure,Mid,44,85.0,297.0,175.0,80.0,0.0,0.0
oe:player:722c8846b5f0c756efb2affe467958a,Kaze,Isurus,LLA,Brésil & Amérique latine,Ligue majeure,Mid,54,85.0,287.0,114.0,71.0,0.0,0.0
oe:player:8bad2b6e61622bd2fa9462db0a2b877,Yukino,100 Thieves Challengers,NACL,Amérique du Nord,Deuxième niveau,Jungle,40,85.0,329.0,-188.0,49.5,0.0,0.0
oe:player:cb4cd2fd258d5961d2f1c4815b04123,JoJo,Fluxo,CBLOL,Brésil & Amérique latine,Ligue majeure,Support,44,84.0,297.0,-3.0,83.0,0.0,0.0
oe:player:3a29df106cf08c2d39412ff9c478f8e,Yesjun,Joy Dream,LDL,Chine,Deuxième niveau,Jungle,13,84.0,290.0,-775.0,,,
oe:player:65d1e475734633e28d4523d92a90837,Yampi,INTZ,CBLOL,Brésil & Amérique latine,Ligue majeure,Jungle,47,83.0,297.0,111.0,83.0,0.0,0.0
oe:player:83b3577e711602105ca98fcec43e183,R4VEN,Rebels Gaming,LES,EMEA,Deuxième niveau,Top,55,82.0,277.0,212.0,70.0,0.0,0.0
oe:player:2736a0eb19c2525920f8ff4af5086c0,Haru,Papara SuperMassive,TCL,EMEA,Deuxième niveau,Jungle,35,82.0,284.0,377.0,81.0,0.0,0.0
oe:player:7c8d8bf5d11af12d15aad3ce6bf5522,Patch,NASR eSports Turkey,TCL,EMEA,Deuxième niveau,Support,49,81.0,284.0,-3.0,67.0,0.0,0.0
oe:player:6ff2cdf6d41f39c79d6ff057f6ffb99,Erdote,Team BDS,LFL,EMEA,Deuxième niveau,Support,46,81.0,283.0,-328.0,69.0,0.0,0.0
oe:player:3d022fcafe5af9f52df92b17c015fe6,HARPOON,Berlin International Gaming,PRM,EMEA,Deuxième niveau,ADC,54,81.0,286.0,150.0,60.0,0.0,0.0
oe:player:5f048688474a6eacfefd74bd53d8715,Sheiden,Evil Geniuses,LCS,Amérique du Nord,Ligue majeure,Jungle,84,80.0,284.0,-2059.0,74.0,0.0,0.0
oe:player:9fbfcaef69533c0545859880e974572,Heru,T1 Esports Academy Rookies,LAS,Corée,Troisième niveau,Mid,74,80.0,418.0,551.0,4.0,0.03,0.83
oe:player:1d18fe2cdd43a72d46421ecfe81b599,Lava,LØS,CBLOL,Brésil & Amérique latine,Ligue majeure,Mid,48,80.0,297.0,147.0,81.0,0.0,0.0
oe:player:3950b27e47e381e26f4678ced12bc45,Guti,Liiv SANDBOX Youth,LCKC,Corée,Deuxième niveau,Mid,46,79.0,275.0,-1171.0,63.0,0.0,0.0
oe:player:5b4a9ba6121c6d0e37076f8f3523000,Ryoma,Evil Geniuses Challengers,NACL,Amérique du Nord,Deuxième niveau,Mid,80,79.0,314.0,179.0,62.0,0.0,0.0
oe:player:41672e17bc1f86dc5d93955c031d2a9,Stend,Finetwork KOI,LES,EMEA,Deuxième niveau,Support,61,79.0,268.0,280.0,72.0,0.0,0.0
oe:player:613a571a4b0b674547093130f2e4093,SlowQ,Zero Tenacity,UL,EMEA,Deuxième niveau,Mid,88,79.0,274.0,1726.0,72.0,0.0,0.0
oe:player:166969943c4ca12527dd5449aab5e8e,Brance,Fluxo,CBLOL,Brésil & Amérique latine,Ligue majeure,ADC,44,78.0,297.0,27.0,79.0,0.0,0.0
oe:player:713fae3c1b605df4ee976c6188182a1,Wixxi,Immortals Challengers,NACL,Amérique du Nord,Deuxième niveau,ADC,37,78.0,326.0,25.0,70.0,0.0,0.0
oe:player:fca87becad2ba7a6ff3a709b44231f3,Feikun,ThunderTalk Gaming Young,LDL,Chine,Deuxième niveau,Mid,12,77.0,290.0,-812.0,,,
oe:player:6b15911e90833052d80c73d67dfce7d,Leon,Berlin International Gaming,PRM,EMEA,Deuxième niveau,Support,54,77.0,286.0,301.0,62.5,0.0,0.0
oe:player:5143731d10e0edf3a81ee7d55d8b961,Obstinatus,Rebels Gaming,LES,EMEA,Deuxième niveau,Support,44,75.0,280.0,263.0,69.0,0.0,0.0
oe:player:29d40afb74d5e1fe5e513bd53080cae,ROCKBOOM,LiT Esports,NACL,Amérique du Nord,Deuxième niveau,ADC,29,72.0,315.0,-7.0,69.0,0.0,0.0
oe:player:752b048c76633399b04f6e87a8b211c,Stefan,Nativz,NLC,EMEA,Deuxième niveau,Jungle,63,72.0,273.0,1507.0,70.5,0.0,0.0
oe:player:85c460fea615911b6075e0968b63db1,Netuno,LØS,CBLOL,Brésil & Amérique latine,Ligue majeure,ADC,48,72.0,297.0,-4.0,80.0,0.0,0.0
oe:player:84bd988294f5dd9ae9a499abf6524a0,Raxxo,GameWard,LFL,EMEA,Deuxième niveau,Support,57,72.0,283.0,-373.0,60.5,0.0,0.0
oe:player:74b0a2b4eb06920efe1c36694b819bc,Regedice,Apex Mission Impossible,NACL,Amérique du Nord,Deuxième niveau,Jungle,10,71.0,330.0,-253.0,,,
oe:player:d20ff5c9f6086feee4a378eb0cfc2e4,Nakyung,Eternal Fire,TCL,EMEA,Deuxième niveau,Mid,22,71.0,288.0,-354.0,79.0,0.0,0.0
oe:player:5d286177c386095b4a03b6d5b6862a1,TheNiu,Joy Dream,LDL,Chine,Deuxième niveau,Top,42,71.0,270.0,-814.0,86.0,0.0,0.0
oe:player:d258f8c326e3532981a60d2393f129a,Jauny,Bandits Gaming,LRN,Brésil & Amérique latine,Deuxième niveau,Top,22,70.0,364.0,1908.0,90.0,0.007,0.043
oe:player:7bcd2e0ffb1e417c2aa64d08675ed2b,Music,Supernova,NACL,Amérique du Nord,Deuxième niveau,Jungle,60,70.0,313.0,-261.0,69.0,0.0,0.0
oe:player:accd847941be215a4c9502a3e602bea,Cha9,West Point Esports,PCS,Asie-Pacifique,Ligue majeure,Support,21,69.0,284.0,-610.0,82.0,0.0,0.0
oe:player:cc00384e754d3b4db840275587813eb,Yohan,GamerLegion,PRM,EMEA,Deuxième niveau,Jungle,45,69.0,275.0,317.0,95.0,0.0,0.0
oe:player:5ee6f2e1b3c6000a67c9dc360a63c63,twohoyrz,GameWard,LFL,EMEA,Deuxième niveau,Mid,57,68.0,283.0,-355.0,62.0,0.0,0.0
oe:player:4817eee6e21d12824c37bfbdaf2c325,Kaymin,Berlin International Gaming,PRM,EMEA,Deuxième niveau,Mid,54,68.0,286.0,179.0,65.0,0.0,0.0
oe:player:41b396aa7bf61a642a60349d5326459,Crush3,MAX,LDL,Chine,Deuxième niveau,Jungle,15,68.0,285.0,-858.0,,,
oe:player:f8bd62a488bbee0cb064ed7593c290d,Yuuto,Taipei Bravo,PCL,Asie-Pacifique,Deuxième niveau,Jungle,11,68.0,296.0,-440.0,,,
oe:player:990de650e44c3b85ec90451de02db04,Jool,Dark Passage,TCL,EMEA,Deuxième niveau,Mid,19,68.0,288.0,-370.0,,,
oe:player:9543a90d85dc2083fdfcd1e615abebf,Baula,Bandits Gaming,LRN,Brésil & Amérique latine,Deuxième niveau,Support,38,67.0,301.0,1797.0,97.0,0.0,0.007
oe:player:e7e423ad06282e35abf80c69486374b,Innaxe,Vitality.Bee,LFL,EMEA,Deuxième niveau,ADC,18,66.0,283.0,-528.0,,,
oe:player:b9f24e83531326204197015b2f43a93,Damage,Vivo Keyd Stars,CBLOL,Brésil & Amérique latine,Ligue majeure,Support,60,66.0,276.0,-96.0,83.0,0.0,0.0
oe:player:dda07addeb137c860725f0c964dcbbf,Grevthar,Vivo Keyd Stars,CBLOL,Brésil & Amérique latine,Ligue majeure,Mid,45,64.0,292.0,69.0,83.0,0.0,0.0
oe:player:b04655f0821a30125d72a3442647875,Tay,Fluxo,CBLOL,Brésil & Amérique latine,Ligue majeure,Top,44,63.0,297.0,214.0,81.0,0.0,0.0
oe:player:a6fed46f5e3d5e2e68356d7ac85a971,SAJATOR,Barça eSports,LES,EMEA,Deuxième niveau,Mid,49,63.0,282.0,104.0,69.0,0.0,0.0
oe:player:b23f665210a1914cab61bc8eba4c9ae,Ranger,LØS,CBLOL,Brésil & Amérique latine,Ligue majeure,Jungle,48,63.0,297.0,13.0,82.0,0.0,0.0
oe:player:c37561481c6ce654b0cde3f0679c2f6,Sarcasm,Komodo,NACL,Amérique du Nord,Deuxième niveau,Jungle,25,63.0,320.0,-298.0,70.0,0.0,0.0
oe:player:e7de55f77333c04aa58c892e4c55704,EU Red,Team Fish Taco,NACL,Amérique du Nord,Deuxième niveau,ADC,36,63.0,318.0,-53.0,74.0,0.0,0.0
oe:player:4fadb7e6e30c736d1c3f976f89dd0c0,KSAEZ,Beşiktaş Esports,TCL,EMEA,Deuxième niveau,Mid,33,62.0,284.0,-401.0,89.0,0.0,0.0
oe:player:14858d85726545ce65dc2e7ea8042c9,Goot,FURIA,CBLOL,Brésil & Amérique latine,Ligue majeure,Jungle,47,60.0,287.0,-5.0,82.0,0.0,0.0
oe:player:946b74bfc34e861b344ae03700af039,Disamis,Fluxo,CBLOL,Brésil & Amérique latine,Ligue majeure,Jungle,44,59.0,297.0,-7.0,84.0,0.0,0.0
oe:player:fba26591b2a75a8e370c2d51bc9eb90,Azog,Supernova,NACL,Amérique du Nord,Deuxième niveau,ADC,29,59.0,324.0,-71.0,70.0,0.0,0.0
oe:player:914d0a4ebc177889b5b89a23f556fd7,Nice,T1 Esports Academy,LCKC,Corée,Deuxième niveau,Mid,25,59.0,278.0,-1274.0,77.0,0.0,0.0
oe:player:f73cccfd6edd7c25c8d9eb4a440e31b,MooseHater,Wildcard Gaming,NACL,Amérique du Nord,Deuxième niveau,Top,41,59.0,314.0,-168.0,59.0,0.0,0.0
oe:player:e006d7d61a94b6397bd8472cc42da4d,TheNut,Shu Dai Xiong Gaming,LDL,Chine,Deuxième niveau,Top,19,59.0,287.0,-878.0,,,
oe:player:e635411339ef94e96500cb2b93b5e56,SkyTec,AOE Gold,NACL,Amérique du Nord,Deuxième niveau,Support,44,58.0,319.0,-293.0,64.0,0.0,0.0
oe:player:c881919ba4cc48fd96ee6556af2e99c,zzx,Joy Dream,LDL,Chine,Deuxième niveau,Jungle,25,58.0,284.0,-910.0,74.0,0.0,0.0
oe:player:5a2ee980df4f7335900f1eb613b3cf3,Luuuck,Weibo Gaming Youth Team,LDL,Chine,Deuxième niveau,Top,70,58.0,273.0,-879.0,84.5,0.0,0.0
oe:player:05a73863e113f3cb6b472a76da2ea52,DARKWINGS,AOE Gold,NACL,Amérique du Nord,Deuxième niveau,Mid,84,58.0,310.0,75.0,69.0,0.0,0.0
oe:player:ee75cdc0e3eb95a85c0b86439acc3a8,Taegyeong,Eternal Fire,TCL,EMEA,Deuxième niveau,Top,22,57.0,288.0,-262.0,88.0,0.0,0.0
oe:player:1a054b9e92d2152d185c99911b65bee,Koldo,Finetwork KOI,LES,EMEA,Deuxième niveau,Jungle,61,57.0,279.0,229.0,73.0,0.0,0.0
oe:player:e3b8d5a9290fe0c7458dc01db4dc9dc,Serin,Papara SuperMassive,TCL,EMEA,Deuxième niveau,Mid,54,57.0,284.0,-423.0,78.0,0.0,0.0
oe:player:3d910bafad3c588153646f30a098192,Froggy,Saigon Buffalo,VCS,Asie-Pacifique,Ligue majeure,Mid,53,57.0,273.0,-1101.0,72.0,0.0,0.0
oe:player:ab7f28ca18446cb18274a884b1525f7,Xerxe,Giants,LES,EMEA,Deuxième niveau,Jungle,52,56.0,259.0,219.0,86.0,0.0,0.0
oe:player:d12b043b44563dd9443919f8637de22,Peco,GameWard,LFL,EMEA,Deuxième niveau,ADC,57,55.0,283.0,-583.0,63.0,0.0,0.0
oe:player:83a69e1c77278e54b92659506af6e8a,Kabishou,MiaoJing (妙竞),LDL,Chine,Deuxième niveau,Support,14,55.0,288.0,-730.0,,,
oe:player:559c0cab98dab7824357ff1af6615ea,NinjaKiwi,INTZ,CBLOL,Brésil & Amérique latine,Ligue majeure,ADC,47,55.0,297.0,-89.0,80.0,0.0,0.0
oe:player:a177d116efe77552eb3068675c777f2,Scorth,NASR eSports Turkey,TCL,EMEA,Deuxième niveau,ADC,49,54.0,284.0,18.0,70.0,0.0,0.0
oe:player:4bdb80c84e25651b3d62742c0b61f6d,iBo,Team Heretics Academy,LES,EMEA,Deuxième niveau,Top,63,54.0,278.0,70.0,80.0,0.0,0.0
oe:player:57bb48fd65bff2e2660a13e58f2fcb2,Rovex,Team Coachify,NACL,Amérique du Nord,Deuxième niveau,Support,60,53.0,312.0,-315.0,70.5,0.0,0.0
oe:player:87e40b7c555a6fc67b899be632d037f,RAMES,Galakticos,TCL,EMEA,Deuxième niveau,Jungle,33,53.0,281.0,233.0,79.0,0.0,0.0
oe:player:1a38c55db5f8af06ebac94d8530ff71,Avra,GTZ Esports,LPLOL,EMEA,Deuxième niveau,ADC,66,53.0,269.0,2174.0,72.0,0.0,0.0
oe:player:bf94cc52b38f186872942ca2a969f95,Kui,Rare Atom Period,LDL,Chine,Deuxième niveau,Jungle,40,52.0,278.0,-938.0,81.0,0.0,0.0
oe:player:e041923a70bcde3b24d608958f8edc8,Shlatan,Solary,LFL,EMEA,Deuxième niveau,Jungle,45,52.0,284.0,-479.0,67.0,0.0,0.0
oe:player:807720aa4d1cb40b3d5991c2646d38e,Simple,TES,PCL,Asie-Pacifique,Deuxième niveau,Support,19,51.0,296.0,-164.0,,,
oe:player:5b4d15f5fc900a9f1a7d51c9cfc3424,chips,LGD Gaming Young Team,LDL,Chine,Deuxième niveau,ADC,37,50.0,285.0,-913.0,96.0,0.0,0.0
oe:player:6d734e1e86b978852d95cfd63d6a643,Shaoye,LGD Gaming,LDL,Chine,Deuxième niveau,ADC,64,50.0,265.0,-914.0,73.5,0.0,0.0
oe:player:64ecd619b953ca23acb0546a472c483,Tore,MOUZ NXT,PRM,EMEA,Deuxième niveau,Support,48,50.0,287.0,164.0,77.0,0.0,0.0
oe:player:d409d64bdc7efb292e2e33b8672a32b,Milkcat,TES,PCL,Asie-Pacifique,Deuxième niveau,ADC,19,49.0,296.0,-132.0,,,
oe:player:2096ff50c6496d70e4b39793390c9ce,Sencux,MOUZ NXT,PRM,EMEA,Deuxième niveau,Mid,48,49.0,287.0,84.0,76.0,0.0,0.0
oe:player:83d506d5e1d01058d1cd70e0f46b117,Comp9,Team E Turner,NACL,Amérique du Nord,Deuxième niveau,Mid,14,48.0,326.0,23.0,,,
oe:player:8a729e3599082e74fcca776b295d0e1,Typhoon,NASR eSports Turkey,TCL,EMEA,Deuxième niveau,Jungle,49,48.0,284.0,208.0,67.0,0.0,0.0
oe:player:dd5a2405a01bcbe3b1a7ff3921006df,Nuo,Ji Jie Hao (集结号),LDL,Chine,Deuxième niveau,Top,23,48.0,280.0,-933.0,100.0,0.0,0.0
oe:player:84d7626c130404807d2b16de06bcfa4,Pooh,Hanwha Life Esports Academy,LAS,Corée,Troisième niveau,Support,37,47.0,403.0,783.0,5.0,0.0,0.497
oe:player:3d94511f748af7acb6347becd5b4c94,Tempester,Hanwha Life Esports Academy,LAS,Corée,Troisième niveau,Mid,46,46.0,403.0,381.0,5.0,0.043,0.643
oe:player:d12be4fd740afa31c400833bee2cba4,fabFabulous,NASR eSports Turkey,TCL,EMEA,Deuxième niveau,Top,49,46.0,284.0,-319.0,72.0,0.0,0.0
oe:player:45f784353fd16e225a028fab39f7fac,YJJ,Oh My God Academy,LDL,Chine,Deuxième niveau,Top,23,46.0,280.0,-944.0,81.0,0.0,0.0
oe:player:97a03ee352a6f5252f1f93019e992f9,Cozy,Team Ambition,NACL,Amérique du Nord,Deuxième niveau,Top,18,45.0,328.0,-237.0,,,
oe:player:f8d623a78c27641412debac4080ece7,Joey,Immortals Challengers,NACL,Amérique du Nord,Deuxième niveau,Support,37,45.0,326.0,-356.0,72.0,0.0,0.0
oe:player:ec596621f8c01e1b79c177346b4a158,NuQ,Beşiktaş Esports,TCL,EMEA,Deuxième niveau,Top,35,44.0,277.0,-330.0,95.0,0.0,0.0
oe:player:7e6e34b1f0efa66f0630192e136f6a8,NOsFerus,INTZ,CBLOL,Brésil & Amérique latine,Ligue majeure,Mid,47,43.0,297.0,-34.0,83.5,0.0,0.0
oe:player:06c43f41f495879bc6f203a4525d330,tako,HELL PIGS,PCS,Asie-Pacifique,Ligue majeure,Jungle,18,43.0,286.0,-532.0,,,
oe:player:4a8a150d1497b3daa66c2bdaffe2c43,Fatihcan,Cyberground Gaming,PGN,EMEA,Deuxième niveau,ADC,46,42.0,267.0,595.0,65.0,0.0,0.0
oe:player:c8fe7c65a2ae0ab6ff62674ade6847d,Cloud,T1 Esports Academy Rookies,LAS,Corée,Troisième niveau,Support,37,42.0,405.0,763.0,5.0,0.0,0.347
oe:player:26863621074942009aa8c797c827ec1,Meshade,Chasing Haze 07,TCL,EMEA,Deuxième niveau,ADC,12,41.0,293.0,-44.0,,,
oe:player:4e07c3a412cda9ddf875cc14c65efc4,Courage,DN SOOPers Challengers,LCKC,Corée,Deuxième niveau,Jungle,80,41.0,281.0,-1300.0,85.0,0.0,0.0
oe:player:f2f1cb6ee8755e6b6e5111d99344a17,NuL1,West Point Esports,PCS,Asie-Pacifique,Ligue majeure,Mid,20,40.0,286.0,-345.0,82.0,0.0,0.0
oe:player:eb76fd566cce52ed0afc58856186491,Maggie,ThunderTalk Gaming Young,LDL,Chine,Deuxième niveau,Jungle,40,40.0,272.0,-995.0,80.0,0.0,0.0
oe:player:2184e9b7b0fc1dcdce418f237edc87e,TQK,1TAP Dino,VCS,Asie-Pacifique,Ligue majeure,Support,12,40.0,291.0,-1094.0,,,
oe:player:8dfe338fe776380f6815262bb4f0588,Lacunae,Hungkuang Falcon (弘光獵鷹),PCS,Asie-Pacifique,Ligue majeure,Top,24,39.0,277.0,-450.0,81.0,0.0,0.0
oe:player:3b63ea0de80cfb191f952872b392da9,sajed,LiT Esports,NACL,Amérique du Nord,Deuxième niveau,ADC,27,39.0,322.0,-174.0,74.0,0.0,0.0
oe:player:4391160093975f84f546d74dd83754e,Nemo,CYRUS,VCS,Asie-Pacifique,Ligue majeure,ADC,12,39.0,293.0,-1213.0,,,
oe:player:d99a604c79ce3c2e76a2f43488d5d4c,Concept,AOE Gold,NACL,Amérique du Nord,Deuxième niveau,Top,81,39.0,307.0,-265.0,66.5,0.0,0.0
oe:player:cd501d29850fa65fab5745d96e0ceed,Dragonmin,CCG Esports,NACL,Amérique du Nord,Deuxième niveau,Jungle,18,38.0,327.0,-423.0,,,
oe:player:e3c9e8502497e64cee54730fbcb10a9,Tonerre,MS Company,NL,EMEA,Troisième niveau,Mid,21,38.0,291.0,1044.0,9.0,0.07,0.217
oe:player:5b826f287e199129019810487d2ce61,Bean,Rebels Gaming,LES,EMEA,Deuxième niveau,ADC,53,38.0,276.0,-168.0,74.0,0.0,0.0
oe:player:a78578c428179b490a0461e76ba5f31,Pressure,DN SOOPers Academy,LAS,Corée,Troisième niveau,Jungle,61,37.0,386.0,450.0,6.0,0.0,0.45
oe:player:d4f3cf480c9676887d4f83f6d96d7c2,Maxlore,Barça eSports,LES,EMEA,Deuxième niveau,Jungle,27,36.0,281.0,121.0,85.0,0.0,0.0
oe:player:e6f5a7e37185c25a363d031ef5eafa9,Giyuu,Geekay Esports,AL,EMEA,Deuxième niveau,Mid,50,34.0,284.0,1237.0,84.0,0.0,0.0
oe:player:e8807b4d9bf789bc39a0ede302f2452,Hadess,Barça eSports,LES,EMEA,Deuxième niveau,Jungle,22,34.0,281.0,113.0,79.0,0.0,0.0
oe:player:a7b756e008bfcb7148cdb51f886c3fa,Sinmivak,Finetwork KOI,LES,EMEA,Deuxième niveau,Top,61,34.0,279.0,-29.0,77.5,0.0,0.0
oe:player:e572e342f3cdffe3c59cf3f8906e0f3,fled,FunPlus Phoenix Blaze,LDL,Chine,Deuxième niveau,Mid,50,34.0,274.0,-1029.0,75.5,0.0,0.0
oe:player:568a2c8d4ecd7385d177e89013ed6ee,Kynetic,MOUZ NXT,PRM,EMEA,Deuxième niveau,ADC,48,34.0,287.0,-83.0,79.0,0.0,0.0
oe:player:3e83f6e0a3b00df358c698b294972b9,Overture,LGD Gaming Young Team,LDL,Chine,Deuxième niveau,Top,37,33.0,285.0,-1007.0,103.0,0.0,0.0
oe:player:e9a0da5ca2d009aeedf5afcfccffde5,Feng,Beyond Gaming,PCS,Asie-Pacifique,Ligue majeure,ADC,28,33.0,283.0,-867.0,79.0,0.0,0.0
oe:player:1c275bedd474301abb6a402792d0731,RobbyBob,Supernova,NACL,Amérique du Nord,Deuxième niveau,Mid,89,32.0,300.0,-55.0,67.5,0.0,0.0
oe:player:f0a5ea74809c41291a17d4db7dc9a87,Taco,HELL PIGS,PCS,Asie-Pacifique,Ligue majeure,Top,36,32.0,282.0,-484.0,84.0,0.0,0.0
oe:player:9956831ad680b7da2fc7e9549e8a026,Tub,CCG Esports,NACL,Amérique du Nord,Deuxième niveau,Support,14,31.0,329.0,-429.0,,,
oe:player:054016060c27c4a87fe02adb6667d1f,YeG,LGD Gaming Young Team,LDL,Chine,Deuxième niveau,Mid,11,30.0,291.0,-1045.0,,,
oe:player:288d8e1e6e78a857421f10ee40d3fba,Zelt,Fuego,LRN,Brésil & Amérique latine,Deuxième niveau,Mid,54,29.0,335.0,1716.0,82.0,0.0,0.007
oe:player:6daafc30b010acda4ebc20b6785cbc0,Boal,LØS,CBLOL,Brésil & Amérique latine,Ligue majeure,Top,32,29.0,290.0,45.0,86.0,0.0,0.0
oe:player:bf9c325fdb5299b9e33799de30641ea,Vergil,Ultra Prime Academy,LDL,Chine,Deuxième niveau,Mid,14,29.0,287.0,-1050.0,,,
oe:player:d61d8a0b25028f787123bfff542d305,Guigo,Vivo Keyd Stars,CBLOL,Brésil & Amérique latine,Ligue majeure,Top,45,29.0,292.0,43.0,85.0,0.0,0.0
oe:player:9f65f7ff237a92d74cf2bf2420f2751,kibah,Rebels Gaming,NLC,EMEA,Deuxième niveau,Support,39,28.0,280.0,1132.0,107.0,0.0,0.0
oe:player:2e61af48763e238531ad722df525ce8,Ejdercan,Beetle Juice,TCL,EMEA,Deuxième niveau,Top,13,28.0,292.0,-410.0,,,
oe:player:2fd16ade10cc87ffcb65317ec719cd9,Shivers,TES,PCL,Asie-Pacifique,Deuxième niveau,Mid,19,28.0,296.0,-837.0,,,
oe:player:962e7d6bbb1630bed16179c25d185e6,Efias,Barça eSports,LES,EMEA,Deuxième niveau,Support,47,27.0,281.0,21.0,73.0,0.0,0.0
oe:player:9eeb52badb613229884838847294b90,ADD,Immortals Challengers,NACL,Amérique du Nord,Deuxième niveau,Top,37,27.0,326.0,-325.0,76.0,0.0,0.0
oe:player:57abe5a8958c15444e9103873f8565a,Banderas,WLGaming Esports,GLL,EMEA,Deuxième niveau,Top,89,26.0,267.0,1406.0,84.0,0.0,0.0
oe:player:96b321ccfb3e1708faa11c718ac8bbf,Gaeul,TES,PCL,Asie-Pacifique,Deuxième niveau,Jungle,19,25.0,296.0,-652.0,,,
oe:player:dee96d43d7851840141cdeb46b3d57b,Adiogs,HELL PIGS,PCS,Asie-Pacifique,Ligue majeure,Mid,18,25.0,287.0,-421.0,,,
oe:player:07e556728e29ff6dc6bf0042aaead2c,Nia,INTZ,CBLOL,Brésil & Amérique latine,Ligue majeure,Support,45,25.0,296.0,-299.0,86.0,0.0,0.0
oe:player:807b957f35713431f56182cb25af089,Seal,FC Schalke 04 Esports,PRM,EMEA,Deuxième niveau,Support,44,24.0,287.0,37.0,80.0,0.0,0.0
oe:player:19fcca6fd374e79aa33c23aac0efe22,TC,LGD Gaming Young Team,LDL,Chine,Deuxième niveau,Jungle,23,24.0,287.0,-1076.0,94.0,0.0,0.0
oe:player:ee14d783c6bc1ce855d5fdf2c7f349f,Mxe,Chasing Haze 07,TCL,EMEA,Deuxième niveau,Support,12,23.0,293.0,-295.0,,,
oe:player:76bd2822e32f7b1d3b0c4cf7f390d38,Chrissy,Dplus Kia Academy,LAS,Corée,Troisième niveau,Support,28,23.0,409.0,665.0,4.0,0.0,0.51
oe:player:f0d9ba082555d7aac872bc9e43226c2,Kireas,Beşiktaş Esports,TCL,EMEA,Deuxième niveau,Jungle,37,22.0,284.0,77.0,98.0,0.0,0.0
oe:player:cf1fc00c5f362d9b4988cbb260cbc95,Minit,All Knights,LLA,Brésil & Amérique latine,Ligue majeure,Support,19,22.0,300.0,-249.0,,,
oe:player:03f78345e4181384977f21872ca866c,Absolute,Beşiktaş Esports,TCL,EMEA,Deuxième niveau,Support,33,21.0,284.0,-302.0,98.0,0.0,0.0
oe:player:706c37848c31a25cf473ca6f2af51aa,Godtone,HELL PIGS,PCS,Asie-Pacifique,Ligue majeure,Jungle,18,20.0,287.0,-645.0,,,
oe:player:51f53c8440c1a028258a04543743016,Zzk,INTZ,CBLOL,Brésil & Amérique latine,Ligue majeure,Top,47,19.0,297.0,-5.0,83.0,0.0,0.0
oe:player:fa6ab005227d25bf19d02ca58f00cab,Kratos,Team Secret Academy,VCS,Asie-Pacifique,Ligue majeure,Top,12,19.0,287.0,-1487.0,,,
oe:player:c271341160441d375411fef9bf2f9ef,Svenskeren,TSM Challengers,NACL,Amérique du Nord,Deuxième niveau,Jungle,37,19.0,345.0,-517.0,78.0,0.0,0.0
oe:player:2968592c6dc9959335c45083c70afa9,RanL,LGD Gaming Young Team,LDL,Chine,Deuxième niveau,ADC,14,19.0,291.0,-1068.0,,,
oe:player:a88b913e6ae6fcbe9a63be80e9cb3b2,Yitai,Shu Dai Xiong Gaming,LDL,Chine,Deuxième niveau,Jungle,15,17.0,290.0,-1111.0,,,
oe:player:96fb1177f02c90fec52fc86fadc21b7,Spike,Hanwha Life Esports Academy,LAS,Corée,Troisième niveau,ADC,40,16.0,404.0,604.0,5.0,0.0,0.763
oe:player:646a06b2c4d7d2798c0945d144f1a71,Tide,HELL PIGS,PCS,Asie-Pacifique,Ligue majeure,ADC,36,16.0,282.0,-955.0,82.0,0.0,0.0
oe:player:b3709189c310ac24871a07dd4df6ef7,Kolthro,CB Gaming,NACL,Amérique du Nord,Deuxième niveau,Jungle,12,16.0,329.0,-529.0,,,
oe:player:ce28845b29a373002c28c8e1552fc62,Daisy,Weibo Gaming Youth Team,LDL,Chine,Deuxième niveau,Jungle,21,15.0,283.0,-1124.0,89.0,0.0,0.0
oe:player:b5ae9d9ed87a373d2a4662d0248ea23,Wao,Karmine Corp,NLC,EMEA,Deuxième niveau,Top,31,14.0,288.0,973.0,115.0,0.0,0.0
oe:player:6dcf7c1bdb5c0f1bdc3f94e6b31ec5d,Milica,Galakticos,TCL,EMEA,Deuxième niveau,Mid,39,14.0,277.0,-636.0,94.0,0.0,0.0
oe:player:f57280c82d3a38f8bf412a520e33f7f,PCL,Rock Bottom Esports,NACL,Amérique du Nord,Deuxième niveau,Top,11,13.0,330.0,-395.0,,,
oe:player:c9b25322f09f933bf7377adc515a488,Wonka,Beetle Juice,TCL,EMEA,Deuxième niveau,Jungle,13,13.0,292.0,30.0,,,
oe:player:bf0fcdb863d11c4f6e7802f434de734,Robocop,Entropiq,HM,EMEA,Deuxième niveau,Top,80,13.0,283.0,1808.0,97.0,0.0,0.0
oe:player:de30719c9123426d9db5f1aab86dd3f,Levy,HANJIN BRION Academy,LAS,Corée,Troisième niveau,ADC,17,13.0,418.0,590.0,,,
oe:player:ed100c84bbbe9972dd27402a0b03609,Forsen,CB Gaming,NACL,Amérique du Nord,Deuxième niveau,ADC,12,13.0,329.0,-300.0,,,
oe:player:5fa6eac8bedeed60a83f154d9538ee1,Carlsen,MOUZ NXT,PRM,EMEA,Deuxième niveau,Top,48,12.0,287.0,-42.0,83.0,0.0,0.0
oe:player:0ce7d005657394093263af4a442a18d,MrLemon,Fuego,LRN,Brésil & Amérique latine,Deuxième niveau,Jungle,55,12.0,328.0,1495.0,81.5,0.0,0.003
oe:player:9db3f170213f562a9613fe4f99d7dfa,Empyros,DSYRE,PGN,EMEA,Deuxième niveau,Top,77,12.0,282.0,1192.0,82.5,0.0,0.0
oe:player:3d7afc086e8aba0545ceba473fa1e9e,ANDARIEL,Beşiktaş Esports,TCL,EMEA,Deuxième niveau,ADC,37,12.0,284.0,-188.0,99.0,0.0,0.0
oe:player:97e737335eeb7b84909a07bc9e96eed,Baca,Finetwork KOI,LES,EMEA,Deuxième niveau,Mid,61,11.0,279.0,-154.0,81.5,0.0,0.0
oe:player:ca38694b78ea467cb0eefc93f5d6761,Dragku,TSM Challengers,NACL,Amérique du Nord,Deuxième niveau,Support,29,11.0,331.0,-524.0,78.0,0.0,0.0
oe:player:2e82913920d8a6d0efa480bc35f1ba8,Aria,DetonatioN FocusMe,LJL,Asie-Pacifique,Ligue majeure,Mid,73,11.0,313.0,1768.0,86.0,0.0,0.0
oe:player:01cbcf0e395124de3b78817b75b878c,Zeitnot,Papara SuperMassive,TCL,EMEA,Deuxième niveau,ADC,19,11.0,298.0,-195.0,,,
oe:player:6321cc083fdceaa6aeec322720a0803,Rythrod,Beetle Juice,TCL,EMEA,Deuxième niveau,Mid,13,10.0,292.0,-656.0,,,
oe:player:cbe20c64274a87a21e5bdac1ccc3e77,Rhilech,DSYRE,PGN,EMEA,Deuxième niveau,Jungle,77,8.0,282.0,694.0,83.0,0.0,0.0
oe:player:0b73817b6d353252df2bbe48993b983,Mishi,FC Schalke 04 Esports,PRM,EMEA,Deuxième niveau,ADC,44,8.0,287.0,-211.0,83.0,0.0,0.0
oe:player:67007ffa5eb4f53d82366f6685a8303,Kisno,LiT Esports,NACL,Amérique du Nord,Deuxième niveau,Jungle,52,8.0,311.0,-572.0,61.0,0.0,0.0
oe:player:09df7e1c00d361f40c47542ae02f736,MAXI,Team BDS,LFL,EMEA,Deuxième niveau,Jungle,46,7.0,283.0,-702.0,76.0,0.0,0.0
oe:player:e8a31970ca00025d7de8d3ef23126c5,JokerHan,CTBC Flying Oyster Academy,PCL,Asie-Pacifique,Deuxième niveau,Mid,18,7.0,293.0,-940.0,,,
oe:player:6de9a45a1a666afa34d126f9be444c0,Kemish,HANJIN BRION Academy,LAS,Corée,Troisième niveau,Mid,69,7.0,403.0,186.0,6.0,0.0,0.497
oe:player:b287539666d56b6bf8155d3e4a8541d,Stomaged,Dark Passage,TCL,EMEA,Deuxième niveau,Jungle,19,7.0,288.0,2.0,,,
oe:player:5cfc41b7eccda649db08ead84343554,Legolas,BISONS ECLUB,LES,EMEA,Deuxième niveau,ADC,51,7.0,280.0,-320.0,73.0,0.0,0.0
oe:player:536085a28cdea6ee984d5aefdc113e7,Daniel,Hanwha Life Esports Academy,LAS,Corée,Troisième niveau,Jungle,30,6.0,400.0,290.0,6.0,0.0,0.11
oe:player:54115dccf64b4b19c770219d43f4ad6,Alexx,MOUZ NXT,PRM,EMEA,Deuxième niveau,Jungle,48,6.0,287.0,1.0,82.0,0.0,0.0
oe:player:c7c0cc0b057c316e22af5c5da55c0c8,Guigs,KaBuM! Academy,CBLOLA,Brésil & Amérique latine,Deuxième niveau,Support,53,5.0,299.0,1600.0,115.0,0.0,0.0
oe:player:06e490d0d86d72ef53618500f08cc8d,Diesel,Teamless Revenge,NACL,Amérique du Nord,Deuxième niveau,Top,14,4.0,327.0,-440.0,,,
oe:player:6659009ab45223ce2b0c3054f80981a,Onat,Team Fish Taco,NACL,Amérique du Nord,Deuxième niveau,Mid,69,4.0,310.0,-193.0,80.0,0.0,0.0
oe:player:dad0fb9d3b584f3ba29ffb04e500fa7,Yuyin,1TAP Dino,VCS,Asie-Pacifique,Ligue majeure,ADC,12,4.0,291.0,-1388.0,,,
oe:player:3f96b0d5494895f5e964dc16ea8f27b,Spawn,Team Fish Taco,NACL,Amérique du Nord,Deuxième niveau,ADC,72,3.0,298.0,-351.0,86.0,0.0,0.0
oe:player:6b9f3420febdbc475dd3c1e4e0bcb5e,Nash,DSYRE,PGN,EMEA,Deuxième niveau,Support,72,3.0,264.0,719.0,82.0,0.0,0.0
oe:player:31edd1e8359d849e250b854826b8c38,Cypher,T1 Esports Academy Rookies,LAS,Corée,Troisième niveau,ADC,40,3.0,389.0,542.0,6.0,0.0,0.297
oe:player:589e5a1530e21f585bc59294429dfb9,Akabane,GamerLegion,PRM,EMEA,Deuxième niveau,Jungle,43,2.0,273.0,-18.0,105.0,0.0,0.0
oe:player:38e0af7278d6769d0c81d7c4b47ac1e,Soboro,Galakticos,TCL,EMEA,Deuxième niveau,Top,35,2.0,282.0,-539.0,101.0,0.0,0.0
oe:player:d47955c8bc06bf316f24ee15d45407b,Aetinoth,DSYRE,PGN,EMEA,Deuxième niveau,ADC,77,1.0,282.0,390.0,83.0,0.0,0.0
oe:player:925bb7fdef1374a01d26ef4b6289ff3,yekai,Shu Dai Xiong Gaming,LDL,Chine,Deuxième niveau,Jungle,11,-0.0,292.0,-1199.0,,,
oe:player:9d8b079deedcc90dda4617fb4ffac40,TopLop,The Kings,LLA,Brésil & Amérique latine,Ligue majeure,Mid,16,-0.0,306.0,-312.0,,,
oe:player:58d68cedf0a0b1b3d7d9646f5f9e8d3,Simpli,FC Schalke 04 Esports,PRM,EMEA,Deuxième niveau,Mid,44,-0.0,287.0,-165.0,82.5,0.0,0.0
oe:player:8d610fc7ab92a4e6f7c1136bc98282f,Dec0y,Apex Mission Impossible,NACL,Amérique du Nord,Deuxième niveau,Top,22,-0.0,324.0,-463.0,82.0,0.0,0.0
oe:player:260f4f388d990d8940cfde52de0bda3,Phantomles,GamerLegion,PRM,EMEA,Deuxième niveau,Mid,55,-2.0,268.0,-173.0,80.0,0.0,0.0
oe:player:a4d15f165c20858e7781645fec016d1,Dinai,T1 Esports Academy Rookies,LAS,Corée,Troisième niveau,Jungle,60,-3.0,419.0,245.0,5.0,0.0,0.533
oe:player:1f8b2df4c6ee43a1c1dc29817c0a201,Sacre,FC Schalke 04 Esports,PRM,EMEA,Deuxième niveau,Top,44,-3.0,287.0,-117.0,86.0,0.0,0.0
oe:player:a61da83af5e3738845fa6dd56e1d41a,Juzu,Anubis Gaming,AL,EMEA,Deuxième niveau,Top,66,-3.0,270.0,1220.0,75.0,0.0,0.0
oe:player:090ad4635f32bf67bcfcef5c6591395,Pbd,Dark Passage,TCL,EMEA,Deuxième niveau,Support,38,-3.0,280.0,-426.0,97.0,0.0,0.0
oe:player:a88f9b1cfb0beebb9aee272513500a6,Hyper,CCG Esports,NACL,Amérique du Nord,Deuxième niveau,Jungle,29,-4.0,316.0,-632.0,93.0,0.0,0.0
oe:player:115cbb13ff7ef811c05d6e95bf224c2,Shadow,Globant Emerald,LRS,Brésil & Amérique latine,Deuxième niveau,Support,49,-5.0,287.0,1547.0,80.5,0.0,0.0
oe:player:24ee61d18bac66e65561acb777bfa3e,Alby,Giants,LES,EMEA,Deuxième niveau,Jungle,18,-6.0,287.0,-90.0,,,
oe:player:d284c886209920a7c477e95581cd099,Hatrixx,UCAM Esports,LES,EMEA,Deuxième niveau,Mid,56,-6.0,278.0,-241.0,89.0,0.0,0.0
oe:player:0015d99e65183977a9e65547b37f1cb,Harp,DetonatioN FocusMe,LJL,Asie-Pacifique,Ligue majeure,Support,71,-6.0,310.0,1839.0,86.0,0.0,0.0
oe:player:be877a261fb0c3a320db45091bdefec,XoNix,DSYRE,PGN,EMEA,Deuxième niveau,Mid,77,-7.0,282.0,790.0,84.0,0.0,0.0
oe:player:96976e5856f5d7c956f3ca71e409195,Gyosoo,HANJIN BRION Academy,LAS,Corée,Troisième niveau,Support,49,-7.0,401.0,517.0,5.0,0.0,0.543
oe:player:63d4c2d98c6654867a62dbaa41d3379,AHaHaCiK,Rebels Gaming,LES,EMEA,Deuxième niveau,Jungle,55,-7.0,277.0,-92.0,74.0,0.0,0.0
oe:player:04d8d57065f355309b2887a6e49d58b,Bayonetta,Chasing Haze 07,TCL,EMEA,Deuxième niveau,Top,12,-8.0,293.0,-586.0,,,
oe:player:763e7968676df074c9e6d3b5ea1f899,monkaS,Beetle Juice,TCL,EMEA,Deuxième niveau,Support,13,-9.0,292.0,-452.0,,,
oe:player:1428134d4ece3f00321b6b870ca2152,Roison,Anonymo Esports,UL,EMEA,Deuxième niveau,Mid,82,-11.0,278.0,1277.0,89.0,0.0,0.0
oe:player:03c2e7e41ffc181a4e84080b4710e81,New,Shu Dai Xiong Gaming,LDL,Chine,Deuxième niveau,Top,11,-11.0,292.0,-1225.0,,,
oe:player:76c156cf4aaf3bdeba0e8156184ac95,Infoneral,UCAM Esports,LES,EMEA,Deuxième niveau,Support,56,-13.0,272.0,-181.0,86.5,0.0,0.0
oe:player:ccfb5c69ebcc2008b1dca4ef5c56142,DenVoksne,Karmine Corp,NLC,EMEA,Deuxième niveau,ADC,54,-13.0,274.0,834.0,93.5,0.0,0.0
oe:player:7705566e63eedc7bd6c4c72d43c9104,Odi11,Zero Tenacity,LES,EMEA,Deuxième niveau,ADC,17,-13.0,281.0,-422.0,,,
oe:player:340a76e3aef8e862f5fd79411261b29,Mobility,Winthrop University,NACL,Amérique du Nord,Deuxième niveau,ADC,70,-14.0,306.0,-436.0,73.5,0.0,0.0
oe:player:3587454d4910f0665e2fda36ad2e91c,Nomanz,IziDream,LFL,EMEA,Deuxième niveau,Mid,45,-14.0,272.0,-767.0,86.0,0.0,0.0
oe:player:86ee7da72c5b4e5cbead61108633617,Berik,Gentle Hearts Gaming,NACL,Amérique du Nord,Deuxième niveau,Top,30,-14.0,318.0,-533.0,90.0,0.0,0.0
oe:player:91945649923bfdc443404f9a51b21a7,IC8,HELL PIGS,PCS,Asie-Pacifique,Ligue majeure,Support,36,-15.0,282.0,-1029.0,87.0,0.0,0.0
oe:player:64663f4646781c9c0110838b905daa2,Random,Rebels Gaming,LES,EMEA,Deuxième niveau,Mid,62,-15.0,270.0,-285.0,76.0,0.0,0.0
oe:player:28210a578227a57de61f42f4bd0d2b4,Gaeng,Estral Esports,LLA,Brésil & Amérique latine,Ligue majeure,Support,10,-16.0,292.0,-439.0,,,
oe:player:4b20700639bada36a5a58cc4a8e7135,Eyliph,Anorthosis Famagusta Esports,GLL,EMEA,Deuxième niveau,Top,102,-17.0,279.0,1193.0,93.0,0.0,0.0
oe:player:0d798f24869b290bfcdf6427d958118,Yutapon,DetonatioN FocusMe,LJL,Asie-Pacifique,Ligue majeure,ADC,73,-17.0,313.0,1607.0,84.0,0.0,0.0
oe:player:821b8540f3adc05a30edd06f1d877e6,whiteinn,Giants,LES,EMEA,Deuxième niveau,Support,52,-18.0,275.0,-203.0,81.0,0.0,0.0
oe:player:fcaf8d61b00af32b04b32144a418b99,Will,AOE Gold,NACL,Amérique du Nord,Deuxième niveau,Jungle,40,-18.0,321.0,-700.0,78.5,0.0,0.0
oe:player:ee4894bcff1cfaa4ffbf71b7b8d8921,Rin,Geekay Esports,AL,EMEA,Deuxième niveau,ADC,52,-19.0,285.0,837.0,92.5,0.0,0.0
oe:player:9312bfc44c1e0686971d076d1364713,Ryuzaki,Zero Tenacity,UL,EMEA,Deuxième niveau,Jungle,96,-19.0,280.0,1394.0,94.0,0.0,0.0
oe:player:e1a9dc9f23534e63de9df0d540ac161,Once,QT DIG∞,LJL,Asie-Pacifique,Ligue majeure,Jungle,60,-20.0,309.0,1545.0,87.0,0.0,0.0
oe:player:1ee921aeb89df0c447cb6d54a6e8db3,Papiteero,UCAM Esports,LES,EMEA,Deuxième niveau,Top,59,-20.0,270.0,-299.0,92.0,0.0,0.0
oe:player:204746c853a12888ad72d8035cdf8c7,Jackies,Entropiq,HM,EMEA,Deuxième niveau,Mid,80,-20.0,283.0,1613.0,98.0,0.0,0.0
oe:player:39b7c8fcabea217972326ec1f441b0a,Lonely,KaBuM! Esports,CBLOL,Brésil & Amérique latine,Ligue majeure,Top,36,-20.0,291.0,-201.0,90.0,0.0,0.0
oe:player:a04f4a8e24d54ff98fc27a5aa5a0c3c,Afroboi,FC Schalke 04 Esports,PRM,EMEA,Deuxième niveau,Jungle,44,-21.0,287.0,-134.0,82.5,0.0,0.0
oe:player:7b0aeb1bb297b0d44629e94186bcb6a,Nafkelah,Fnatic TQ,LES,EMEA,Deuxième niveau,Mid,41,-22.0,283.0,-320.0,84.0,0.0,0.0
oe:player:5b91639213b0f7791c49ba852e4bee5,CRoNiiK,Atletec,NL,EMEA,Troisième niveau,Jungle,56,-22.0,272.0,763.0,6.0,0.057,0.433
oe:player:50fc9b91746bb8d34fa385d9324741e,Cause,Taipei Bravo,PCL,Asie-Pacifique,Deuxième niveau,Top,20,-22.0,290.0,-719.0,117.0,0.0,0.0
oe:player:a2065a42ce3df999a5a7eb1a1706b33,zzl,Rare Atom Period,LDL,Chine,Deuxième niveau,Mid,25,-22.0,279.0,-1308.0,100.0,0.0,0.0
oe:player:aa645186a4b5f3f27952c2fa5485fab,Reptile,Fnatic TQ,LES,EMEA,Deuxième niveau,ADC,24,-23.0,275.0,-472.0,96.0,0.0,0.0
oe:player:45d87d7827afe5362cd9d69761b1d60,999,LGD Gaming Young Team,LDL,Chine,Deuxième niveau,Top,23,-23.0,287.0,-1287.0,106.0,0.0,0.0
oe:player:5be118a1aa52664e1dff15ff96c1e67,Agresivoo,Team BDS,LFL,EMEA,Deuxième niveau,Top,47,-23.0,280.0,-735.0,91.0,0.0,0.0
oe:player:cdd54c734f16173255dae0bdce51a9f,Sandwitch,Gentle Hearts Gaming,NACL,Amérique du Nord,Deuxième niveau,Support,29,-25.0,318.0,-706.0,90.0,0.0,0.0
oe:player:6cb75f242bca4309e2f942a4895805f,SCARY,KaBuM! Academy,CBLOLA,Brésil & Amérique latine,Deuxième niveau,Jungle,53,-25.0,283.0,1874.0,127.5,0.0,0.0
oe:player:0540b70d03364ebff14f5d1afe5ee77,Ru0,Huya RST,LDL,Chine,Deuxième niveau,Jungle,41,-25.0,281.0,-1325.0,100.0,0.0,0.0
oe:player:78a70c16ff5eac72f1331df4c7f244f,InoriB,Teamless Revenge,NACL,Amérique du Nord,Deuxième niveau,ADC,14,-26.0,327.0,-496.0,,,
oe:player:ab943d97892a252a6d27378f8ed94ee,Rafitta,UCAM Esports,LES,EMEA,Deuxième niveau,ADC,56,-26.0,278.0,-488.0,91.0,0.0,0.0
oe:player:7d785095e784490bec30acf836548e9,pinvvei,Taipei Bravo,PCL,Asie-Pacifique,Deuxième niveau,Support,20,-26.0,290.0,-548.0,116.0,0.0,0.0
oe:player:367fecc4cb53a8234abbd9f283b7997,Vladi,Nativz,NLC,EMEA,Deuxième niveau,Mid,65,-29.0,273.0,900.0,89.0,0.0,0.0
oe:player:1491005a6ffddb1d267e6a66cbbd7ab,Hades,DN SOOPers Academy,LAS,Corée,Troisième niveau,Mid,57,-29.0,400.0,8.0,8.0,0.0,0.023
oe:player:74cc915f83955219866a1bc32a90285,Sven,Austrian Force willhaben,PRM,EMEA,Deuxième niveau,Top,18,-29.0,283.0,-247.0,,,
oe:player:fa2805aa503c1718beb4dd17ca123d7,SappyMS,Team Plink,NACL,Amérique du Nord,Deuxième niveau,Top,10,-30.0,329.0,-610.0,,,
oe:player:d9b34ab9d9fab2fac389f16f0817926,Xico,Zero Tenacity,LES,EMEA,Deuxième niveau,Mid,43,-30.0,268.0,-362.0,80.0,0.0,0.0
oe:player:8692bda9eb88f059ca38dc1bf6705ee,Sywjj,TES,PCL,Asie-Pacifique,Deuxième niveau,Top,19,-33.0,296.0,-772.0,,,
oe:player:cc51227ea88c71dabc8f6e601b0ec41,Oscure,BISONS ECLUB,LES,EMEA,Deuxième niveau,Support,52,-34.0,281.0,-285.0,86.0,0.0,0.0
oe:player:2d2b174e23f40f5ea3a0c4151349ca3,Armut,Papara SuperMassive,TCL,EMEA,Deuxième niveau,Top,37,-34.0,264.0,-718.0,117.0,0.0,0.0
oe:player:6252fe71513f9bc796f40f41cfeb74e,Cotopaco,Saprissa Esports,LRN,Brésil & Amérique latine,Deuxième niveau,Mid,43,-34.0,343.0,1398.0,89.0,0.0,0.003
oe:player:fa41f0e745119bde94b1cdcc8d10434,Mataz,Bandits Gaming,LRN,Brésil & Amérique latine,Deuxième niveau,Jungle,30,-35.0,294.0,1262.0,86.0,0.0,0.0
oe:player:11389d6d8a29729807c3cf528a98050,SPOOKY,Anorthosis Famagusta Esports,GLL,EMEA,Deuxième niveau,Jungle,104,-36.0,282.0,888.0,103.0,0.0,0.0
oe:player:d0c1a41d99e922177d319c13b54418c,Shmebu,Leviatan,LLA,Brésil & Amérique latine,Ligue majeure,Support,38,-37.0,284.0,-541.0,89.0,0.0,0.0
oe:player:ba2b37f19ba735f23ce71cb133ea4e5,Putin,Saprissa Esports,LRN,Brésil & Amérique latine,Deuxième niveau,Top,43,-38.0,343.0,1368.0,91.0,0.0,0.01
oe:player:4dc315d81b795cd55c41c10c10507e3,Zerito,Globant Emerald,LLA,Brésil & Amérique latine,Ligue majeure,Top,36,-39.0,278.0,-507.0,81.0,0.0,0.0
oe:player:d824e1e2a435ff9d8a567b1af0bad2a,Chieftain,Papara SuperMassive,TCL,EMEA,Deuxième niveau,Jungle,38,-40.0,268.0,-233.0,111.0,0.0,0.0
oe:player:860b53367b46048f876924b3eda90ed,Plux,LiT Esports,NACL,Amérique du Nord,Deuxième niveau,Support,24,-40.0,317.0,-779.0,84.0,0.0,0.0
oe:player:6a9dedd375fda0d451a45fa9809875e,Ellam,aNc Outplayed,PGN,EMEA,Deuxième niveau,ADC,33,-41.0,288.0,181.0,104.0,0.0,0.0
oe:player:d0024dd58eeb30097f59a4e5aa22588,Wufo,Twisted Minds,AL,EMEA,Deuxième niveau,Top,27,-41.0,288.0,1028.0,120.0,0.0,0.0
oe:player:0d78567a7c35ae7379256233bd4e7c5,Tomoe,Original Gaming,VCS,Asie-Pacifique,Ligue majeure,ADC,20,-42.0,288.0,-1622.0,83.0,0.0,0.0
oe:player:422d7cc4063f8801a9427860bfd855b,Satorius,Geekay Esports,AL,EMEA,Deuxième niveau,Top,52,-42.0,285.0,1025.0,100.0,0.0,0.0
oe:player:a5365d3af6f3ead85c2f5ee53f99db7,Mingi,Original Gaming,VCS,Asie-Pacifique,Ligue majeure,Support,20,-42.0,288.0,-1506.0,88.0,0.0,0.0
oe:player:1467126c80d44f4144a8c6a9edb3cf2,Shookz,PRIMATE,LRS,Brésil & Amérique latine,Deuxième niveau,Jungle,53,-43.0,308.0,1563.0,93.0,0.0,0.0
oe:player:ed24ff8971b1fa43a1efbb386618ce3,Grave,Beetle Juice,TCL,EMEA,Deuxième niveau,ADC,13,-43.0,292.0,-464.0,,,
oe:player:5c58c2e986e8aec0ee6f2465823349a,GOLDENTO4ST,Anorthosis Famagusta Esports,GLL,EMEA,Deuxième niveau,ADC,104,-44.0,282.0,1194.0,103.0,0.0,0.0
oe:player:3db6ae5ba47a2ce45b4788135adc8dc,mirrored,Lille Esport,NL,EMEA,Troisième niveau,Mid,28,-44.0,291.0,633.0,12.0,0.007,0.087
oe:player:c659697694306de62d978569b84c344,PatkicaA,Vitality.Bee,LFL,EMEA,Deuxième niveau,Top,26,-45.0,280.0,-845.0,100.0,0.0,0.0
oe:player:e0005f81b4e776ca4b32940e3e9bf1a,Pluto1,Froggy Five,NACL,Amérique du Nord,Deuxième niveau,Support,26,-45.0,322.0,-807.0,94.0,0.0,0.0
oe:player:11d9cff02750547760922faccb69c91,Mixtsure,CB Gaming,NACL,Amérique du Nord,Deuxième niveau,Support,11,-45.0,329.0,-808.0,,,
oe:player:6215f41ad46bb78bd176dabcb16b328,Greed,DN SOOPers Academy,LAS,Corée,Troisième niveau,Mid,27,-45.0,402.0,-72.0,8.0,0.0,0.0
oe:player:17c5e8bd59f3ea8c9d902da8d9f52b5,Myrtus,Atletec,NL,EMEA,Troisième niveau,Support,60,-46.0,286.0,604.0,5.5,0.02,0.5
oe:player:2fb7adab9bf1401dc7748cfd2557838,dtro,CCG Esports,NACL,Amérique du Nord,Deuxième niveau,Support,16,-46.0,324.0,-812.0,,,
oe:player:dbb4f0b38307e3b2a6c2e6568262dc7,HungryPanda,Zero Tenacity,PGN,EMEA,Deuxième niveau,Support,40,-46.0,266.0,471.0,84.0,0.0,0.0
oe:player:4a6238eee08ced35edd6e9ff7e3b800,wenyi,LGD Gaming Young Team,LDL,Chine,Deuxième niveau,Support,16,-46.0,287.0,-1235.0,,,
oe:player:3454666ac50f3a275dd239db6b4434a,Avano,Winthrop University,NACL,Amérique du Nord,Deuxième niveau,Mid,13,-46.0,331.0,-446.0,,,
oe:player:021bbc7ee20b71134d53e20206bd6fe,1024,Team Pinnacle,LDL,Chine,Deuxième niveau,Top,11,-47.0,292.0,-1407.0,,,
oe:player:47f1917849906027f365eff06d45c27,Steal,DetonatioN FocusMe,LJL,Asie-Pacifique,Ligue majeure,Jungle,73,-47.0,313.0,1414.0,88.0,0.0,0.0
oe:player:b29a989987b0157f65ed5e047589d0b,Allo,DN SOOPers Academy,LAS,Corée,Troisième niveau,Top,34,-47.0,419.0,123.0,6.0,0.0,0.317
oe:player:728ce343a6718cfdd5d223c971cc2fd,Kamiloo,Atletec,NL,EMEA,Troisième niveau,Mid,60,-47.0,272.0,618.0,9.0,0.013,0.117
oe:player:6ea5eed9d404c86d3bc9d8f597869eb,Kitzuo,Komodo,NACL,Amérique du Nord,Deuxième niveau,Jungle,23,-48.0,320.0,-849.0,103.0,0.0,0.0
oe:player:5e79b66b78498aa1aec126b0b4ca1a1,Darshan,100 Thieves Challengers,NACL,Amérique du Nord,Deuxième niveau,Top,10,-48.0,331.0,-703.0,,,
oe:player:be85b3d65508c757ac9af1d54310520,Dekap,Geekay Esports,AL,EMEA,Deuxième niveau,Support,52,-48.0,285.0,1063.0,103.0,0.0,0.0
oe:player:8784bcdcfb37672c12481c037ad8db4,Ruep,Eternal Fire,TCL,EMEA,Deuxième niveau,ADC,36,-49.0,274.0,-496.0,106.0,0.0,0.0
oe:player:3acbc0615d8073a495640e96b329971,Mob,Taipei Bravo,PCL,Asie-Pacifique,Deuxième niveau,ADC,20,-50.0,290.0,-625.0,116.0,0.0,0.0
oe:player:4e48dab33536a68aae644a288d64d65,ShengBai,JGamers,PCL,Asie-Pacifique,Deuxième niveau,Mid,10,-50.0,301.0,-1225.0,,,
oe:player:750126a9b77f68942d7f412ad74b67d,sanghyeon,Zero Tenacity,UL,EMEA,Deuxième niveau,Support,84,-51.0,278.0,1272.0,108.0,0.0,0.0
oe:player:7d306cd72ad7ffa40115a6b36f8a07b,CaD,Unicorns of Love Sexy Edition,PRM,EMEA,Deuxième niveau,Jungle,48,-52.0,259.0,-292.0,89.0,0.0,0.0
oe:player:8394f0347c184cf156ac5924dccb773,Long,J Team,PCS,Asie-Pacifique,Ligue majeure,Top,10,-52.0,288.0,-904.0,,,
oe:player:cf6fe510c03373735615d343e21c662,Xpontaneous,Saprissa Esports,LRN,Brésil & Amérique latine,Deuxième niveau,ADC,43,-53.0,343.0,1024.0,88.0,0.0,0.007
oe:player:20eb7ce62d7a601d3e1771393d762e7,Zhifeig,Taipei Bravo,PCL,Asie-Pacifique,Deuxième niveau,Mid,20,-54.0,290.0,-1246.0,112.0,0.0,0.0
oe:player:6d630f0b571f8381f483b6a6941909a,Rabble,Fnatic TQ,LES,EMEA,Deuxième niveau,Jungle,45,-55.0,283.0,-333.0,93.0,0.0,0.0
oe:player:8fdc2bafb90349478271d33a1d215d4,Arding,JGamers,PCL,Asie-Pacifique,Deuxième niveau,Support,10,-55.0,301.0,-694.0,,,
oe:player:060e16e1c91434827c294bac52e8b47,Zicssi,Entropiq,HM,EMEA,Deuxième niveau,Jungle,80,-56.0,283.0,1415.0,105.0,0.0,0.0
oe:player:a54db49a574e10b8b4401ca49ba5294,Kaido,Team Coachify,NACL,Amérique du Nord,Deuxième niveau,Jungle,63,-56.0,312.0,-893.0,93.5,0.0,0.0
oe:player:48e06b61418cf7d3391acd04e2462a6,Kikis,Atleta Esport,PGN,EMEA,Deuxième niveau,Jungle,50,-57.0,282.0,370.0,101.0,0.0,0.0
oe:player:ae06413dcf80aa496ab8448d8ea586f,HAWHAW,Anorthosis Famagusta Esports,GLL,EMEA,Deuxième niveau,Mid,104,-57.0,282.0,1402.0,104.0,0.0,0.0
oe:player:11c1567e14826d940601073412059ef,Ariendel,Apex Mission Impossible,NACL,Amérique du Nord,Deuxième niveau,Mid,31,-57.0,322.0,-502.0,90.0,0.0,0.0
oe:player:4bcb5078b4938faef69ad7e0e5718a9,Bardito,PRIMATE,LRS,Brésil & Amérique latine,Deuxième niveau,Support,50,-58.0,335.0,1280.0,88.0,0.0,0.007
oe:player:e134b2791879ae44a24cf5fc966a4b7,Notiko,NNO Prime,PRM,EMEA,Deuxième niveau,ADC,49,-58.0,270.0,-542.0,80.0,0.0,0.0
oe:player:548dda36c259bbd2fcc1d8e7e8f852e,Smurfe,Lille Esport,NL,EMEA,Troisième niveau,Top,61,-58.0,283.0,565.0,6.0,0.033,0.42
oe:player:14daa026ba4c748b8fb3dcc8dfe4cb7,Kz,PRIMATE,LRS,Brésil & Amérique latine,Deuxième niveau,ADC,50,-60.0,335.0,1434.0,87.0,0.0,0.0
oe:player:39776665861a45eeb5a1e7069d347c2,Klexo,CB Gaming,NACL,Amérique du Nord,Deuxième niveau,Mid,11,-61.0,329.0,-521.0,,,
oe:player:6a52e8fc387411c38ae76e77ffe6b15,Hiro,Lille Esport,UL,EMEA,Deuxième niveau,Top,44,-61.0,269.0,884.0,108.0,0.0,0.0
oe:player:cb05af1b1dcec229e1a2ad179b40ab4,LastDanceDF,Miracle,NACL,Amérique du Nord,Deuxième niveau,ADC,12,-61.0,328.0,-672.0,,,
oe:player:df8fa3965e69354bc69e3d54d4c53b7,S0bek,MHSC Esport,NL,EMEA,Troisième niveau,Top,54,-62.0,288.0,546.0,5.0,0.0,0.547
oe:player:4d502cddb3e94cb64100be58f85e600,Bung,IziDream,LFL,EMEA,Deuxième niveau,ADC,18,-63.0,288.0,-1173.0,,,
oe:player:cad3acc5548fc9dbf4a02e6d6eb6e6b,FSZ,MHSC Esport,NL,EMEA,Troisième niveau,Mid,54,-63.0,288.0,537.0,9.0,0.01,0.12
oe:player:c71b4244f70372f8be07a3e83c58490,Heroic,GTZ Esports,LPLOL,EMEA,Deuxième niveau,Mid,64,-63.0,277.0,1670.0,100.0,0.0,0.0
oe:player:c63c7e0755b31f1effbdf2e1f831e7d,Kaori,FUT Esports,TCL,EMEA,Deuxième niveau,ADC,53,-63.0,264.0,-564.0,96.0,0.0,0.0
oe:player:58cff57941b3605087bb9208b3d76d0,Khantos,Entropiq,HM,EMEA,Deuxième niveau,ADC,80,-63.0,283.0,1355.0,105.0,0.0,0.0
oe:player:cb5feb1b7314637725a2e73bdc9f729,Color,Zero Tenacity,UL,EMEA,Deuxième niveau,Top,96,-64.0,280.0,867.0,104.0,0.0,0.0
oe:player:c673476f9542d2905f3622a03a25a09,Mabud,Komodo,NACL,Amérique du Nord,Deuxième niveau,Top,20,-66.0,323.0,-789.0,100.0,0.0,0.0
oe:player:dd4e48d56d876e846579c9e5c64d965,Venzer,aNc Outplayed,PGN,EMEA,Deuxième niveau,Support,33,-66.0,288.0,371.0,109.0,0.0,0.0
oe:player:39d68aa20f0b0b1ddddb871a7b26fbf,Enga,PRIMATE,LRS,Brésil & Amérique latine,Deuxième niveau,Mid,43,-66.0,311.0,1541.0,89.0,0.0,0.0
oe:player:0cae306fd021751c70ab9f75123b561,Ganks,Saprissa Esports,LRN,Brésil & Amérique latine,Deuxième niveau,Jungle,43,-66.0,343.0,1110.0,93.0,0.0,0.007
oe:player:6c572c3dec17d80c511cda4f484b6e5,Yummy,Joy Dream,LDL,Chine,Deuxième niveau,Mid,17,-67.0,287.0,-1531.0,,,
oe:player:c1dc4cf13dc03cfd70b7c1f9ba0421b,Shawi,GRP Esports,UL,EMEA,Deuxième niveau,Support,27,-68.0,287.0,1187.0,126.0,0.0,0.0
oe:player:51d1b92c739875316e83a99bb9838af,Hasu7,CTBC Flying Oyster Academy,PCL,Asie-Pacifique,Deuxième niveau,Top,20,-70.0,291.0,-954.0,125.0,0.0,0.0
oe:player:956b4d2f499b1d362f693f82b8e652b,PiOk,MHSC Esport,NL,EMEA,Troisième niveau,ADC,54,-70.0,288.0,385.0,7.0,0.007,0.3
oe:player:89bee56a2a53bdf22737c6d43eedb9c,Matixx,AliorBank Team,UL,EMEA,Deuxième niveau,Top,64,-70.0,271.0,840.0,106.5,0.0,0.0
oe:player:8e246973cb524359c1b06218cc17135,Shockey,CCG Esports,NACL,Amérique du Nord,Deuxième niveau,Top,31,-71.0,320.0,-818.0,99.0,0.0,0.0
oe:player:c1ddab75d1d921ffed44398c4188d60,BioPanther,Chiefs Esports Club,LCO,Asie-Pacifique,Ligue majeure,Top,69,-71.0,288.0,1401.0,91.0,0.0,0.0
oe:player:984cbdbc440ba61d17c677d848dbe9f,Toye,Gen.G Scholars,LAS,Corée,Troisième niveau,Jungle,39,-72.0,400.0,-97.0,9.0,0.0,0.0
oe:player:36607221f848a15f6a1f11961027d7c,TynX,eSuba,HM,EMEA,Deuxième niveau,Jungle,64,-73.0,283.0,1331.0,122.0,0.0,0.0
oe:player:b226880189cb11f7da7a0c86544b556,iLEVI,Anorthosis Famagusta Esports,GLL,EMEA,Deuxième niveau,Support,104,-73.0,282.0,1210.0,110.0,0.0,0.0
oe:player:96215ee4e13a67c2ac7336f26afeeb9,Wendel,Verdant,NLC,EMEA,Deuxième niveau,Support,24,-74.0,288.0,622.0,130.0,0.0,0.0
oe:player:5507d93614d7299eae429bc890d23bc,HowLa,Fukuoka Softbank HAWKS gaming Academy,LJLA,Asie-Pacifique,Deuxième niveau,ADC,33,-75.0,296.0,1288.0,126.0,0.0,0.0
oe:player:c5a8d150e254194b373309bb7fe82a9,Sangchu,Dark Passage,TCL,EMEA,Deuxième niveau,ADC,19,-75.0,293.0,-626.0,,,
oe:player:f48a8f161502989fca609408a80bd75,Viking,Geekay Esports,AL,EMEA,Deuxième niveau,Jungle,52,-76.0,285.0,334.0,101.0,0.0,0.0
oe:player:94febb5b16671d3d345f1998ab6ceca,GodJJ,JGamers,PCL,Asie-Pacifique,Deuxième niveau,ADC,10,-76.0,301.0,-752.0,,,
oe:player:40fa7615556f33971d67c95a702fbcc,Woolite,WLGaming Esports,GLL,EMEA,Deuxième niveau,ADC,85,-77.0,269.0,1029.0,101.0,0.0,0.0
oe:player:8f84b3e1ea431d26d9ad272eba9ba8c,Camana,Chasing Haze 07,TCL,EMEA,Deuxième niveau,Mid,16,-77.0,287.0,-1094.0,,,
oe:player:60c7d1c521aba6d16e6c3a38aa3a863,Klaj,IziDream,LFL,EMEA,Deuxième niveau,Support,67,-78.0,270.0,-1120.0,99.0,0.0,0.0
oe:player:861ac2d33a1ae8207c23ba0b706f948,Qitong,FlyQuest NZXT,NACL,Amérique du Nord,Deuxième niveau,Support,22,-78.0,312.0,-970.0,98.0,0.0,0.0
oe:player:a02a243c98fb6794c2a303c5014567f,Carry,Galakticos,TCL,EMEA,Deuxième niveau,Support,43,-78.0,277.0,-800.0,106.0,0.0,0.0
oe:player:f2e3e25e63be9acbb82c1e0ba8eabae,Godzilla,Joblife,NL,EMEA,Troisième niveau,Mid,50,-79.0,283.0,458.0,11.0,0.0,0.057
oe:player:e68cc4b2bef76a96aae344b49a81579,Daystar,Team Bliss,LCO,Asie-Pacifique,Ligue majeure,Mid,60,-81.0,287.0,1594.0,89.0,0.0,0.0
oe:player:e07076210ba4f76cbc9d0f2bc280f64,BoilTheOil,Young Buffalos,NACL,Amérique du Nord,Deuxième niveau,Top,11,-81.0,330.0,-868.0,,,
oe:player:9adc23fff49c05d7b22cfd79ca1841d,denyk,Entropiq,HM,EMEA,Deuxième niveau,Support,80,-81.0,283.0,1048.0,110.0,0.0,0.0
oe:player:96ceea94211d7a4a5db83d378b16b86,Avenger,Liberty,CBLOL,Brésil & Amérique latine,Ligue majeure,Mid,44,-82.0,284.0,-663.0,90.0,0.0,0.0
oe:player:00558cb3daa73e60ba4af7e7060e6e2,Skude,RA'AD,AL,EMEA,Deuxième niveau,Jungle,52,-82.0,279.0,304.0,105.5,0.0,0.0
oe:player:8204ca38dc1c42012b5d53131271eb1,Axelent,Klanik Esport,NL,EMEA,Troisième niveau,ADC,46,-82.0,286.0,328.0,10.0,0.0,0.047
oe:player:ae1ff54dadd99e50982a3b18a489389,Seelame,Project Conquerors,NL,EMEA,Troisième niveau,ADC,29,-82.0,286.0,328.0,11.0,0.007,0.077
oe:player:0fcaa97e5408efcaa78f5517e34cb02,Flamer,NNO Prime,PRM,EMEA,Deuxième niveau,Top,42,-83.0,286.0,-519.0,106.0,0.0,0.0
oe:player:c78788a736a0c7e5a77890144fd2986,Quantum,DN SOOPers Academy,LAS,Corée,Troisième niveau,Support,58,-84.0,409.0,130.0,7.0,0.0,0.187
oe:player:b1f76954fca7a3f0fa67409385edaba,Sloth,Galakticos,TCL,EMEA,Deuxième niveau,Support,14,-84.0,288.0,-831.0,,,
oe:player:3009272a4d20a33543f3490a7233a48,Sword,Winthrop University,NACL,Amérique du Nord,Deuxième niveau,Support,71,-84.0,307.0,-1001.0,97.0,0.0,0.0
oe:player:b64b96bbb565cc2c2bd647a9fa9b647,Chaye,LiT Esports,NACL,Amérique du Nord,Deuxième niveau,Support,25,-85.0,323.0,-1004.0,94.0,0.0,0.0
oe:player:23f5249382ade4216547b5e109c5414,jinjo,GamerLegion,PRM,EMEA,Deuxième niveau,ADC,49,-86.0,274.0,-685.0,91.5,0.0,0.0
oe:player:ba60f2274afd5a39163aeade95ddab3,Buggax,PRIMATE,LRS,Brésil & Amérique latine,Deuxième niveau,Top,45,-86.0,290.0,1055.0,105.0,0.0,0.0
oe:player:333dc2ede1e07139814398332e5e90f,Vakin,Team E Turner,NACL,Amérique du Nord,Deuxième niveau,Jungle,10,-86.0,329.0,-1040.0,,,
oe:player:e59f7c2f41aa5d613b58a09c14bc0dc,Senmary,Sengoku Gaming Academy,LJLA,Asie-Pacifique,Deuxième niveau,Top,22,-86.0,302.0,1357.0,139.0,0.0,0.0
oe:player:840740728493a3b1a074503ed967f5d,Kaito,Fukuoka Softbank HAWKS gaming Academy,LJLA,Asie-Pacifique,Deuxième niveau,Mid,33,-87.0,296.0,1321.0,123.0,0.0,0.0
oe:player:682275c2ba204d32b67f5fa94b928e4,Skeanz,Karmine Corp,LFL,EMEA,Deuxième niveau,Jungle,18,-87.0,288.0,-1176.0,,,
oe:player:d7d4d06e35ad3ffd2eed6844c5c1c8b,tooshi,NOVO Esports,PGN,EMEA,Deuxième niveau,Jungle,23,-87.0,280.0,219.0,118.0,0.0,0.0
oe:player:0997237547f63b0119f6816c13377e9,Abyss,DN SOOPers Academy,LAS,Corée,Troisième niveau,Top,23,-88.0,402.0,-80.0,6.0,0.0,0.25
oe:player:3ef7267325e7c72a8ca898504722520,Vertigo,Eintracht Frankfurt,PRM,EMEA,Deuxième niveau,Top,36,-89.0,288.0,-547.0,118.0,0.0,0.0
oe:player:6887adad8d42b7df47bf028ffff9d4e,frajgo,GRP Esports,UL,EMEA,Deuxième niveau,Mid,27,-89.0,287.0,889.0,124.0,0.0,0.0
oe:player:01f571b643ba34b610d3c562051e396,Nash1c,Guasones,LES,EMEA,Deuxième niveau,ADC,13,-90.0,287.0,-808.0,,,
oe:player:dd335f498ed05ba3881a0fbbaf77769,Ronaldo,Guasones,LES,EMEA,Deuxième niveau,Mid,26,-91.0,288.0,-665.0,113.0,0.0,0.0
oe:player:841a978d22c2c8dcd749d2f815ba823,BiIIy,CTBC Flying Oyster Academy,PCL,Asie-Pacifique,Deuxième niveau,Jungle,20,-91.0,291.0,-1236.0,122.0,0.0,0.0
oe:player:e37058bf2305c3a61e0e69681803f95,stillnumb,Dark Passage,TCL,EMEA,Deuxième niveau,Mid,19,-91.0,293.0,-1166.0,,,
oe:player:4a867124044ab3fd40ddfb8676e65e7,VirusFx,Bandits Gaming,LRN,Brésil & Amérique latine,Deuxième niveau,ADC,50,-92.0,344.0,824.0,100.0,0.0,0.0
oe:player:60b3048edebc03e520e775db4cc706f,AoJune,The Cheese Chasers,NACL,Amérique du Nord,Deuxième niveau,Mid,21,-92.0,322.0,-678.0,101.0,0.0,0.0
oe:player:c032df73970ffb2f2b585d912f6b20d,Neramin,Anonymo Esports,UL,EMEA,Deuxième niveau,ADC,70,-93.0,272.0,901.0,110.5,0.0,0.0
oe:player:c722408a339132fbd6c940cf10325fd,Deimos,Atletec,NL,EMEA,Troisième niveau,Top,60,-93.0,286.0,392.0,7.0,0.003,0.26
oe:player:4d3b8fa6b13ab0ee02a46dbd100e075,RBM,Kelyx's Grandpa Gamers,NACL,Amérique du Nord,Deuxième niveau,Jungle,15,-94.0,329.0,-1082.0,,,
oe:player:c71bc697e58f3b122ac4bf86e8648ad,Tsiper,Wizards,LES,EMEA,Deuxième niveau,Mid,19,-95.0,288.0,-685.0,,,
oe:player:3095d8f7f9a0e5a05330f99a6530fa7,Charley,Fukuoka Softbank HAWKS gaming Academy,LJLA,Asie-Pacifique,Deuxième niveau,Support,33,-96.0,296.0,1312.0,130.0,0.0,0.0
oe:player:f0523a8a7089a6b90c4c1606ebd9605,DizL,Eintracht Frankfurt,PRM,EMEA,Deuxième niveau,ADC,36,-96.0,288.0,-732.0,114.0,0.0,0.0
oe:player:dd2abe6cbcfc133372b90cf99302f15,Partidarios,HANJIN BRION Academy,LAS,Corée,Troisième niveau,Support,23,-96.0,405.0,72.0,9.0,0.0,0.0
oe:player:4362ee79808719e8ae22aa171ca852b,Gamsu,AOE Gold,NACL,Amérique du Nord,Deuxième niveau,Top,37,-96.0,316.0,-939.0,106.0,0.0,0.0
oe:player:c6b0f5adc051b4f9e86c3ce8b92455d,Pancake,Leviatan,LLA,Brésil & Amérique latine,Ligue majeure,Jungle,35,-97.0,287.0,-1506.0,87.0,0.0,0.0
oe:player:53b5a70afb9b7111238d31c08ab9a26,Sleyer,Joblife,NL,EMEA,Troisième niveau,Top,25,-97.0,286.0,369.0,12.0,0.0,0.047
oe:player:9fefcdafef82ae8de67c1187546d622,Haetae,Hanwha Life Esports Academy,LAS,Corée,Troisième niveau,Top,54,-97.0,400.0,-127.0,8.0,0.0,0.217
oe:player:90738b0beaf27202def5974360f039c,Kazmma,JGamers,PCL,Asie-Pacifique,Deuxième niveau,Jungle,10,-98.0,301.0,-1267.0,,,
oe:player:182c716c5da1aa1f44c3be45cd10f3f,Caillou,Kaeru Gyuangu,NL,EMEA,Troisième niveau,Support,12,-98.0,299.0,346.0,,,
oe:player:c5050bf5abf900c6beaed313da57213,Jeyrus,Looking for ORG,GLL,EMEA,Deuxième niveau,ADC,43,-98.0,276.0,924.0,121.0,0.0,0.0
oe:player:f61efc1918af01fb93b4359d1c3912c,Geiger,CB Gaming,NACL,Amérique du Nord,Deuxième niveau,Top,14,-99.0,328.0,-959.0,,,
oe:player:ae20b1872a922cdc5b8707fbe66c4f0,Twiizt,Nativz,NLC,EMEA,Deuxième niveau,Support,48,-99.0,275.0,497.0,123.0,0.0,0.0
oe:player:e21feb9c0f4c2692c78ebf3c05df19a,Poss,Estral Esports,LLA,Brésil & Amérique latine,Ligue majeure,Top,23,-99.0,273.0,-809.0,84.0,0.0,0.0
oe:player:ffc7be970454e6871321d2385be5a22,Creon,Atleta Esport,PGN,EMEA,Deuxième niveau,ADC,50,-100.0,282.0,-115.0,107.0,0.0,0.0
oe:player:180d2472124a39343d6471d2d72c1c2,Zaremba,MHSC Esport,NL,EMEA,Troisième niveau,Support,57,-100.0,287.0,334.0,8.0,0.0,0.16
oe:player:9b02c72f4c7c35363f36dd1a2e2bb2d,Bean,Gen.G Scholars,LAS,Corée,Troisième niveau,Top,28,-100.0,403.0,-140.0,7.0,0.0,0.123
oe:player:8bbea3eed9dfaa55f877e34297b08ab,Akashi,RA'AD,AL,EMEA,Deuxième niveau,Mid,22,-100.0,290.0,563.0,116.0,0.0,0.0
oe:player:be4ce50af0cd0d8574aa3820c37d1ae,Matislaw,NNO Prime,PRM,EMEA,Deuxième niveau,Mid,42,-100.0,286.0,-662.0,104.0,0.0,0.0
oe:player:f072b8d92693786d40dfa56ddeac73a,rre,Sengoku Gaming Academy,LJLA,Asie-Pacifique,Deuxième niveau,Mid,22,-100.0,302.0,1260.0,129.0,0.0,0.0
oe:player:9bfbc1a85ea2cd4841d627f76a12704,Stormax,MHSC Esport,NL,EMEA,Troisième niveau,Jungle,57,-101.0,287.0,368.0,8.0,0.007,0.163
oe:player:f3f1edfba7200c65b417d359a6f9c82,pr1me,Anonymo Esports,UL,EMEA,Deuxième niveau,Top,71,-101.0,263.0,686.0,120.0,0.0,0.0
oe:player:928d683aac82e48252ba7f9a87e0680,Enthralled,Aporia,NACL,Amérique du Nord,Deuxième niveau,ADC,18,-101.0,325.0,-870.0,,,
oe:player:c70b6e57e597809a8561caa79c5db8f,Keii,Fuego,LRN,Brésil & Amérique latine,Deuxième niveau,Top,55,-101.0,336.0,1056.0,105.0,0.0,0.0
oe:player:dcd93cc48ba71890cc0580de524f536,FGG,eSuba,HM,EMEA,Deuxième niveau,Support,64,-102.0,283.0,944.0,122.0,0.0,0.0
oe:player:784c615bc4ca91029377523e15b8c82,YellowYoshi,Fukuoka Softbank HAWKS gaming Academy,LJLA,Asie-Pacifique,Deuxième niveau,Top,33,-102.0,296.0,1278.0,134.0,0.0,0.0
oe:player:df5866d3078c786ce03084b78b1f5d9,Czypsy,Anonymo Esports,UL,EMEA,Deuxième niveau,Support,82,-102.0,278.0,1016.0,109.0,0.0,0.0
oe:player:371dfc158ccca5d527f0b5b11743e20,Lindgarde,Wizards,LES,EMEA,Deuxième niveau,ADC,19,-102.0,288.0,-869.0,,,
oe:player:e8510a22f1f7a4ea06a43db39bbcae9,ZKG,Komodo,NACL,Amérique du Nord,Deuxième niveau,ADC,16,-103.0,328.0,-880.0,,,
oe:player:b2c05a26758d82a8643a27eec405dcb,Mikkel,Meow Gaming Club,ESLOL,EMEA,Deuxième niveau,Mid,49,-104.0,271.0,1702.0,113.0,0.0,0.0
oe:player:d4bf38710d194856dc7c60f073c5c56,Michi,Shu Dai Xiong Gaming,LDL,Chine,Deuxième niveau,Support,26,-104.0,286.0,-1523.0,117.0,0.0,0.0
oe:player:8486d94ef23b38c67c76b647613d881,bobista,eSuba,HM,EMEA,Deuxième niveau,Top,64,-105.0,283.0,1219.0,129.0,0.0,0.0
oe:player:35650a63e482edbdb82b6950955e052,Lucky,RA'AD,AL,EMEA,Deuxième niveau,Support,22,-105.0,290.0,777.0,122.0,0.0,0.0
oe:player:e9df36f0c0ce44566f124524d7d904a,Carim,Nongshim RedForce Academy,LAS,Corée,Troisième niveau,Jungle,32,-106.0,404.0,-265.0,9.0,0.0,0.0
oe:player:f084d3f140fa7e4bcade94ba743b164,Vespa,Lille Esport,NL,EMEA,Troisième niveau,ADC,66,-106.0,281.0,207.0,9.0,0.027,0.177
oe:player:3b8e692a2ac018a33e3a2652ab76dab,Rahab,Leviatan,LLA,Brésil & Amérique latine,Ligue majeure,Top,35,-107.0,284.0,-845.0,89.0,0.0,0.0
oe:player:af84f1c98815a4084ab217947ecd721,ankochan,Fukuoka Softbank HAWKS gaming Academy,LJLA,Asie-Pacifique,Deuxième niveau,Jungle,33,-107.0,296.0,1182.0,133.0,0.0,0.0
oe:player:1ed0ef04567c2b6e35f833c3ad01d1e,Missia,Rare Atom Period,LDL,Chine,Deuxième niveau,Support,26,-107.0,279.0,-1538.0,114.0,0.0,0.0
oe:player:2df5432fbfcc85dc85c33e269ebd063,Nille,Verdant,NLC,EMEA,Deuxième niveau,Top,54,-108.0,282.0,363.0,125.0,0.0,0.0
oe:player:3ee8eecd18ed800812573623f621d35,Racerr,HANJIN BRION Academy,LAS,Corée,Troisième niveau,Top,17,-108.0,408.0,-182.0,,,
oe:player:03fb4894c88568133475249f7dda730,Lunar,CCG Esports,NACL,Amérique du Nord,Deuxième niveau,ADC,16,-109.0,329.0,-912.0,,,
oe:player:c2c140b8d1f76f3f79b1aba6bb08c37,Raes,Chiefs Esports Club,LCO,Asie-Pacifique,Ligue majeure,ADC,69,-109.0,288.0,1509.0,86.0,0.0,0.0
oe:player:d51674883fd227c219c9a1fc7da7db4,Kisee,Chiefs Esports Club,LCO,Asie-Pacifique,Ligue majeure,Mid,69,-109.0,288.0,1455.0,92.0,0.0,0.0
oe:player:72ece7e3c2b5132dd83c0954b32de87,GuanGuan,Deep Cross Gaming Academy,PCL,Asie-Pacifique,Deuxième niveau,Top,16,-110.0,295.0,-1159.0,,,
oe:player:a582d1e76f63cb24fe5ecec0409c137,Lucifer,Gen.G Scholars,LAS,Corée,Troisième niveau,ADC,29,-110.0,403.0,-24.0,9.0,0.0,0.003
oe:player:b8dd79e4a88047dee0f3bf56dcb37ca,Dorian,Joy Dream,LDL,Chine,Deuxième niveau,Support,36,-110.0,272.0,-1552.0,119.0,0.0,0.0
oe:player:b8325d5a974eac1dbce808677f1dec4,Don Arts,Eintracht Frankfurt,PRM,EMEA,Deuxième niveau,Jungle,36,-110.0,288.0,-578.0,121.0,0.0,0.0
oe:player:46c0cc4125d2134240ee11081aa30b2,Asza,GamerLegion,PRM,EMEA,Deuxième niveau,ADC,18,-111.0,291.0,-808.0,,,
oe:player:18b54e8c9a82b492feb24b1010cf45b,Lamabear,NNO Prime,PRM,EMEA,Deuxième niveau,Jungle,42,-111.0,286.0,-584.0,108.0,0.0,0.0
oe:player:fcde380e70501a72fdaf35a8b2b2986,Jujutw0,MHSC Esport,NL,EMEA,Troisième niveau,ADC,15,-111.0,290.0,183.0,,,
oe:player:5f76f198cbbf171d85c94220ba63eaf,xKenzuke,Lille Esport,NL,EMEA,Troisième niveau,Mid,33,-111.0,283.0,300.0,16.0,0.003,0.017
oe:player:bc6c09548f555712ab0eed5c2f94e82,Paz,QT DIG∞,LJL,Asie-Pacifique,Ligue majeure,Top,64,-112.0,310.0,1278.0,89.0,0.0,0.0
oe:player:694ee794a9d3a8c3fbd658becb89769,zamulek,Anonymo Esports,LES,EMEA,Deuxième niveau,ADC,56,-112.0,266.0,-918.0,112.5,0.0,0.0
oe:player:8dd84a9df0dc0ec74ebe4547e05a7ad,Tazaku,E WIE EINFACH E-SPORTS,PRM,EMEA,Deuxième niveau,ADC,36,-113.0,287.0,-818.0,114.0,0.0,0.0
oe:player:550fa477eff3885416f22c0b3f2fc88,Time,GTZ Esports,LPLOL,EMEA,Deuxième niveau,Jungle,66,-113.0,275.0,1698.0,117.0,0.0,0.0
oe:player:954fd996438b8fd035a5c7ffb6f6066,Goo,FLY FAM,NACL,Amérique du Nord,Deuxième niveau,Jungle,10,-113.0,326.0,-1176.0,,,
oe:player:b0a4ae62486ca215c199e72698738b7,Pabu,Nigma Galaxy,AL,EMEA,Deuxième niveau,Jungle,52,-113.0,283.0,150.0,119.5,0.0,0.0
oe:player:a600b912c936aadcc1337cc2a3c928e,Boda,Nigma Galaxy,AL,EMEA,Deuxième niveau,Top,56,-113.0,273.0,670.0,120.5,0.0,0.0
oe:player:2ccb0da6992e4b8c23c24850228d1eb,Kiefer,Leviatan,LLA,Brésil & Amérique latine,Ligue majeure,Mid,35,-113.0,287.0,-873.0,88.0,0.0,0.0
oe:player:ecb10a3e37769b528956cc93d3c7756,DahVys,Wizards,LES,EMEA,Deuxième niveau,Jungle,14,-114.0,291.0,-626.0,,,
oe:player:e52cd39655258ab5bd6cff89b32ea07,Benaset,Akroma,NL,EMEA,Troisième niveau,Support,27,-114.0,289.0,266.0,16.0,0.0,0.0
oe:player:4ff224901b37d52d1f1d85e6c702a39,IgnaVilu,Team Aze,LLA,Brésil & Amérique latine,Ligue majeure,Support,28,-114.0,287.0,-928.0,90.0,0.0,0.0
oe:player:26bf7a7e68c0acc2c819ec162163038,ICU,JGamers,PCL,Asie-Pacifique,Deuxième niveau,Top,10,-115.0,301.0,-1182.0,,,
oe:player:6e2647a53e51f5906a6a49abad80609,Akia,Team Bliss,LCO,Asie-Pacifique,Ligue majeure,Support,29,-115.0,284.0,927.0,94.0,0.0,0.0
oe:player:658a2a25bf5e14b866e38d832ec9ba6,Kio,IziDream,LFL,EMEA,Deuxième niveau,Top,53,-116.0,278.0,-1199.0,111.0,0.0,0.0
oe:player:63dc9ebe6cd781c9c9cecb54a6d7317,Kiari,Liberty,CBLOL,Brésil & Amérique latine,Ligue majeure,Top,36,-116.0,294.0,-684.0,94.0,0.0,0.0
oe:player:82641a039fad1a0930796ff79f80879,Sunmer,MGN Blue Esports,VCS,Asie-Pacifique,Ligue majeure,Top,30,-116.0,284.0,-2163.0,88.0,0.0,0.0
oe:player:f9c9bcf46ffbb514d015c45efdacf37,Vaunted,Eintracht Frankfurt,PRM,EMEA,Deuxième niveau,Support,34,-117.0,287.0,-669.0,118.0,0.0,0.0
oe:player:0579842ca3ad16b00b58a1c432faa1c,Lived,Team Bliss,LCO,Asie-Pacifique,Ligue majeure,Top,60,-117.0,287.0,1171.0,94.0,0.0,0.0
oe:player:fd78e127e45463dcfc2ea3836af0335,Julbu,Team 7AM,ESLOL,EMEA,Deuxième niveau,Jungle,44,-117.0,273.0,961.0,125.5,0.0,0.0
oe:player:41f0dede57989f2777d3cfe2dbf6bac,Shikari,HEET,NLC,EMEA,Deuxième niveau,Top,34,-118.0,284.0,313.0,130.0,0.0,0.0
oe:player:07a5e46488aef307f23a00f275802e8,Piwek,Austrian Force willhaben,PRM,EMEA,Deuxième niveau,ADC,10,-118.0,297.0,-841.0,,,
oe:player:b8c5bfbff49a0f1459f1c15d824fde7,Sebekx,Atleta Esport,PGN,EMEA,Deuxième niveau,Mid,46,-118.0,277.0,231.0,110.0,0.0,0.0
oe:player:46c8f3a5fb8d9cf794de4991ee30c40,Obelisk,Atleta Esport,PGN,EMEA,Deuxième niveau,Top,50,-118.0,282.0,541.0,112.0,0.0,0.0
oe:player:f581f857e43aea4c5b241874f8a4394,san1,Anubis Gaming,AL,EMEA,Deuxième niveau,ADC,61,-119.0,272.0,337.0,118.0,0.0,0.0
oe:player:bbc74d89ea9541a8c079edb2bbdf8ad,Hermes,CTBC Flying Oyster Academy,PCL,Asie-Pacifique,Deuxième niveau,ADC,20,-119.0,291.0,-968.0,124.0,0.0,0.0
oe:player:565edcb58e76115e571f38521946e41,Savero,Anonymo Esports,UL,EMEA,Deuxième niveau,Jungle,80,-119.0,277.0,895.0,105.5,0.0,0.0
oe:player:976f747d78d42d75fa1a3f4c5b4fba0,ADC1,HANJIN BRION Academy,LAS,Corée,Troisième niveau,ADC,21,-119.0,405.0,-71.0,9.0,0.0,0.0
oe:player:9c2b5d4edfc9c79923a32bd589c6223,Guubi,Verdant,NLC,EMEA,Deuxième niveau,ADC,22,-119.0,292.0,304.0,128.0,0.0,0.0
oe:player:958eb9ed914a4b987237b117c8cb6f4,Aegis,Liiv SANDBOX Academy,LAS,Corée,Troisième niveau,Support,36,-119.0,397.0,-43.0,14.0,0.0,0.0
oe:player:310b0b6b9208c01085e034b3a61015c,IceBreaker,Wizards,LES,EMEA,Deuxième niveau,Top,19,-119.0,288.0,-794.0,,,
oe:player:c61db0cdc60db4445d07ee5ae79941a,Zach,Winthrop University,NACL,Amérique du Nord,Deuxième niveau,Mid,19,-119.0,325.0,-813.0,,,
oe:player:19bf928c4fbd94a2fc3d8dfaa7da80a,Rain1,CCG Esports,NACL,Amérique du Nord,Deuxième niveau,Mid,16,-119.0,329.0,-811.0,,,
oe:player:eb26eb96a04224878fb492a5a8cefa8,ZaZee,Eintracht Frankfurt,PRM,EMEA,Deuxième niveau,Mid,36,-120.0,288.0,-761.0,113.0,0.0,0.0
oe:player:bf568abfaaded161389e70d94978f99,ADC,HANJIN BRION Academy,LAS,Corée,Troisième niveau,ADC,10,-121.0,415.0,-78.0,,,
oe:player:a214c0e659e36eb1194137976cab361,Kerry,CTBC Flying Oyster Academy,PCL,Asie-Pacifique,Deuxième niveau,Support,20,-121.0,291.0,-1020.0,126.0,0.0,0.0
oe:player:368db8366e1e5de655938dd9f8296dc,Zhergoth,Meow Gaming Club,ESLOL,EMEA,Deuxième niveau,Top,77,-122.0,270.0,1345.0,134.0,0.0,0.0
oe:player:d9010060524eb15f81d4a5301286782,Ploxy,DREN Esports,PGN,EMEA,Deuxième niveau,Jungle,24,-123.0,281.0,40.0,136.0,0.0,0.0
oe:player:9a002d15a2c6143001d56e83a420417,Ever,Another Day,LDL,Chine,Deuxième niveau,ADC,38,-123.0,278.0,-1778.0,122.0,0.0,0.0
oe:player:d18a2aec1fa9649ae9a48bded2f4ccf,selenex,Kawaii Kiwis,NEXO,EMEA,Troisième niveau,Top,52,-123.0,294.0,1369.0,11.0,0.0,0.05
oe:player:205dc545e21bb07b657e0f193af6887,Clyde,Teamless Revenge,NACL,Amérique du Nord,Deuxième niveau,Support,16,-123.0,325.0,-1194.0,,,
oe:player:b72a19a47c3aa6017104cde8789b36e,Highway,Austrian Force willhaben,PRM,EMEA,Deuxième niveau,Support,10,-124.0,297.0,-705.0,,,
oe:player:5a845bf4d8986c6897abb08708da084,Dya,Fuego,LRN,Brésil & Amérique latine,Deuxième niveau,ADC,55,-124.0,336.0,664.0,100.0,0.0,0.0
oe:player:1d1600d15a68ab1a80348ee748ea1e3,scamber,RED Academy,CBLOLA,Brésil & Amérique latine,Deuxième niveau,Support,50,-124.0,287.0,951.0,142.0,0.0,0.0
oe:player:4841aa27ab85be0b9f45fed1d5e7b09,Kackos,NORD Esports,NLC,EMEA,Deuxième niveau,Top,51,-125.0,274.0,280.0,130.0,0.0,0.0
oe:player:8c29150a35520726e52c049db9c53d3,Brolia,Team Phantasma,GLL,EMEA,Deuxième niveau,Support,12,-125.0,294.0,950.0,,,
oe:player:0482daf6543f102a27a265342292bb7,Lucker,Finetwork KOI,LES,EMEA,Deuxième niveau,ADC,18,-125.0,285.0,-981.0,,,
oe:player:818876f560d8dccaba4100c9cd3a9e7,Paixdia,Eternal Fire,TCL,EMEA,Deuxième niveau,Support,36,-126.0,274.0,-1039.0,120.0,0.0,0.0
oe:player:3d4a25c5edb525e275a6cfa3dc545c8,Cerecof,Lille Esport,NL,EMEA,Troisième niveau,Support,67,-126.0,282.0,204.0,8.0,0.01,0.243
oe:player:db461a785753fe7e4c22844808267cd,Betão,FURIA,CBLOL,Brésil & Amérique latine,Ligue majeure,Top,39,-128.0,285.0,-743.0,100.0,0.0,0.0
oe:player:72c4ee7519ed3bdf51d369a9bb8bc14,KKT,Lille Esport,NL,EMEA,Troisième niveau,Jungle,39,-128.0,281.0,233.0,13.0,0.007,0.033
oe:player:60aff1184bec1d2b2efdae84f5b6e3e,Wylenz,Klanik Esport,NL,EMEA,Troisième niveau,Top,45,-128.0,286.0,219.0,9.0,0.0,0.077
oe:player:4c56aef4b6fee236568a5769a8328aa,Xeonerr,UCAM Esports,LES,EMEA,Deuxième niveau,Jungle,46,-129.0,270.0,-702.0,103.5,0.0,0.0
oe:player:6ca0cf01bc942179eb37f9863ea16cc,Menace,Kelyx's Grandpa Gamers,NACL,Amérique du Nord,Deuxième niveau,Support,13,-130.0,326.0,-1233.0,,,
oe:player:94e5c960a512595b39fea5f350d7d0d,OddEye,Nongshim RedForce Academy,LAS,Corée,Troisième niveau,ADC,32,-130.0,404.0,-123.0,10.0,0.0,0.0
oe:player:7513715c1ecf894a18bac63b9fa59b4,yjy,SEM9 WPE,PCS,Asie-Pacifique,Ligue majeure,ADC,18,-131.0,289.0,-1691.0,,,
oe:player:c3d0fe66f45a2105676f3f846711be7,Madly,Looking for ORG,GLL,EMEA,Deuxième niveau,Top,31,-131.0,280.0,625.0,143.0,0.0,0.0
oe:player:8a0883855988aadb0c22117c2c96da7,Infinity,Kawaii Kiwis,NEXO,EMEA,Troisième niveau,Jungle,52,-131.0,294.0,1330.0,12.0,0.0,0.027
oe:player:d7e184d6adf836adfaea94a2dfb2385,XERSUS,ViV Esport,NL,EMEA,Troisième niveau,Support,35,-132.0,289.0,175.0,16.0,0.0,0.0
oe:player:12765429362ae7ef85ed6fdd04d2ad7,Djoko,IziDream,LFL,EMEA,Deuxième niveau,Jungle,50,-133.0,277.0,-1402.0,111.0,0.0,0.0
oe:player:41c5f02f8439b36ea5d0d37c7b4a2c4,Kenji,Komodo,NACL,Amérique du Nord,Deuxième niveau,Support,18,-133.0,325.0,-1244.0,,,
oe:player:a2e1e40c83fe5fd9efb5f50a67d9194,Nan0,Austrian Force willhaben,PRM,EMEA,Deuxième niveau,Mid,10,-134.0,297.0,-832.0,,,
oe:player:bfcefaea6ffa0c9cdb2667f79b63750,Juliera,Liberty,CBLOL,Brésil & Amérique latine,Ligue majeure,ADC,36,-134.0,294.0,-1031.0,87.0,0.0,0.0
oe:player:48214ce48e2b8ba2391244084ddd226,Manaty,Klanik Esport,NL,EMEA,Troisième niveau,Jungle,16,-134.0,288.0,201.0,,,
oe:player:819b02932d65a5d16391af84c79a0fe,Haenam,Nongshim RedForce Academy,LAS,Corée,Troisième niveau,Top,28,-135.0,405.0,-316.0,8.0,0.0,0.06
oe:player:eaaf2e20683cde8408d05159c05528c,Aladoric,Chiefs Esports Club,LCO,Asie-Pacifique,Ligue majeure,Support,69,-135.0,288.0,826.0,93.0,0.0,0.0
oe:player:e4c50e7a3518208e18c827187578acd,WAN,Project Conquerors,NL,EMEA,Troisième niveau,Mid,34,-135.0,288.0,180.0,16.0,0.0,0.013
oe:player:dafc6edb9a01b6d96afd03b81a33386,Knighter,Verdant,NLC,EMEA,Deuxième niveau,Mid,39,-137.0,280.0,362.0,127.0,0.0,0.0
oe:player:7fb26875c639817a59912a87be6f738,Marble,Fukuoka SoftBank HAWKS gaming,LJL,Asie-Pacifique,Ligue majeure,ADC,75,-138.0,315.0,1004.0,87.0,0.0,0.0
oe:player:ce3077d1f44c6fd8ddb53957e5e2e5c,Relhia,West Point Esports,PCS,Asie-Pacifique,Ligue majeure,Top,36,-139.0,277.0,-1337.0,91.0,0.0,0.0
oe:player:de88273be33773a315bd903f2c7d624,Koba,Joblife,NL,EMEA,Troisième niveau,ADC,50,-139.0,283.0,43.0,10.0,0.023,0.08
oe:player:f2137422cc77a1dcbc97c262f5faa9b,JunDat,Fox Gaming,AL,EMEA,Deuxième niveau,Jungle,14,-139.0,296.0,16.0,,,
oe:player:3301849bddc2a457469a9af14302972,Accez,Liberty,CBLOL,Brésil & Amérique latine,Ligue majeure,Jungle,36,-139.0,294.0,-1000.0,91.0,0.0,0.0
oe:player:f5ea6213c328518f2840a59bf48acec,Kektz,Diamant Esports,EBL,EMEA,Deuxième niveau,Top,81,-139.0,283.0,1453.0,130.0,0.0,0.0
oe:player:d15b82adddaa090c020804784cb9ed3,Funky,WAP Esports,LRS,Brésil & Amérique latine,Deuxième niveau,Jungle,61,-140.0,308.0,1078.0,111.0,0.0,0.0
oe:player:65173e58cd68bffc1e113f89ec3e129,Cheng9,Deep Cross Gaming Academy,PCL,Asie-Pacifique,Deuxième niveau,ADC,16,-140.0,295.0,-1072.0,,,
oe:player:d1697518f96dbb2a7693adf7eb3d65c,Roi DEMON,Joblife,NL,EMEA,Troisième niveau,Jungle,51,-142.0,284.0,162.0,11.0,0.0,0.04
oe:player:52c10360309e42ce286362204586160,Artenes,ENEMI3S,PGN,EMEA,Deuxième niveau,ADC,24,-142.0,287.0,-321.0,118.0,0.0,0.0
oe:player:46ce91a03ba1ed7fea4e271c5f1721d,Bibou,Akroma,NL,EMEA,Troisième niveau,ADC,36,-143.0,286.0,20.0,17.0,0.0,0.023
oe:player:bd2fbc5fe3052285f35f643726b511b,Ventair,E WIE EINFACH E-SPORTS,PRM,EMEA,Deuxième niveau,Top,36,-143.0,287.0,-817.0,121.0,0.0,0.0
oe:player:1ecc2cf8dc5f05719ca235f6d0be5e2,svns,AliorBank Team,UL,EMEA,Deuxième niveau,ADC,86,-143.0,277.0,650.0,122.5,0.0,0.0
oe:player:ca5b2a166b112de94b9e0847afb2f21,seaz,Finetwork KOI,LES,EMEA,Deuxième niveau,Support,18,-146.0,285.0,-844.0,,,
oe:player:432dc458337f63fbcdf3c73488a3cdf,Aaron,Dango SB,NEXO,EMEA,Troisième niveau,ADC,51,-146.0,289.0,996.0,16.0,0.0,0.003
oe:player:7b2619f2b79533d29571437f043a2cd,Taxer,Verdant,NLC,EMEA,Deuxième niveau,Jungle,54,-146.0,282.0,419.0,131.0,0.0,0.0
oe:player:688618801539af648962798f8d0d7cb,1ssue,Deep Cross Gaming Academy,PCL,Asie-Pacifique,Deuxième niveau,Support,16,-146.0,295.0,-1145.0,,,
oe:player:7471c21aed615dae3e49140eca8ce89,Bruness,WLGaming Esports,GLL,EMEA,Deuxième niveau,Jungle,96,-146.0,275.0,336.0,110.0,0.0,0.0
oe:player:fad660cfee6003a8ba4da458dddb5d2,kurulean,Young Buffalos,NACL,Amérique du Nord,Deuxième niveau,Support,19,-147.0,326.0,-1315.0,,,
oe:player:0d972c4c17b8777458c98282a40c1ad,Horus,All Knights,LLA,Brésil & Amérique latine,Ligue majeure,ADC,15,-147.0,299.0,-1055.0,,,
oe:player:a5a630a5d4f0d3151f3c98d2d98834b,Telas,Vivo Keyd Stars Academy,CBLOLA,Brésil & Amérique latine,Deuxième niveau,Support,43,-148.0,307.0,835.0,141.5,0.0,0.0
oe:player:998b3e49b01ecc41eacc392477a98cf,Gamin,Galakticos,TCL,EMEA,Deuxième niveau,ADC,43,-149.0,258.0,-992.0,99.0,0.0,0.0
oe:player:f683aadb1720a4a1766fcfc3b6d3ef5,Hunt,Forged Five,AL,EMEA,Deuxième niveau,Mid,36,-150.0,280.0,315.0,124.0,0.0,0.0
oe:player:13d60b1925f413337824ed6278bcc93,Memento,Guasones,LES,EMEA,Deuxième niveau,Jungle,26,-150.0,288.0,-810.0,125.0,0.0,0.0
oe:player:df6ffeebd8ad4f07f2ee8bd04742d85,Zev,Return of the Middlesticks,NACL,Amérique du Nord,Deuxième niveau,ADC,23,-150.0,323.0,-1119.0,109.0,0.0,0.0
oe:player:947d42fad1e2f3afeb911e5ae3888ce,Sn1lle,Partizan Esports,EBL,EMEA,Deuxième niveau,Jungle,60,-151.0,283.0,840.0,130.0,0.0,0.0
oe:player:fb86cfcac62bd8baa0902e71c3d5972,Warangelus,Six Karma,LLA,Brésil & Amérique latine,Ligue majeure,Mid,47,-151.0,280.0,-1063.0,78.0,0.0,0.0
oe:player:dd3d61be40be89a8a0489815d6d4525,Felia,Impunity,PCS,Asie-Pacifique,Ligue majeure,Support,18,-152.0,284.0,-1714.0,,,
oe:player:85b3b3e91202ccada9f1f5a24dc1bfb,Cl0x,Partizan Esports,EBL,EMEA,Deuxième niveau,Support,60,-152.0,283.0,1172.0,129.0,0.0,0.0
oe:player:a555e9986f89321b7eed39bbe5cab54,IamSunlight,Kelyx's Grandpa Gamers,NACL,Amérique du Nord,Deuxième niveau,Top,20,-152.0,326.0,-1223.0,113.0,0.0,0.0
oe:player:22d4497301dd0fefcac2d838ad2d1b4,Rito,Kawaii Kiwis,NEXO,EMEA,Troisième niveau,Support,49,-152.0,293.0,1012.0,16.0,0.0,0.013
oe:player:446ab8975b0d404881263d03beae83a,chico,Sengoku Gaming Academy,LJLA,Asie-Pacifique,Deuxième niveau,ADC,22,-153.0,302.0,896.0,136.0,0.0,0.0
oe:player:c812093d157b87eea0dac8beb4a1946,Capp1r,Team Pinnacle,LDL,Chine,Deuxième niveau,Mid,21,-153.0,289.0,-1960.0,122.0,0.0,0.0
oe:player:a3a6d38e523eaba914833a7c0ddd1b6,nari,Team Liquid First,NACL,Amérique du Nord,Deuxième niveau,ADC,26,-154.0,318.0,-1137.0,111.0,0.0,0.0
oe:player:c5f3e376c7e4fc8febf4e84a3946487,Simpy,Wizards,LES,EMEA,Deuxième niveau,Support,19,-154.0,288.0,-883.0,,,
oe:player:6d416f7786dbe588eaa6ab48666588d,En,Dewish Team,PCS,Asie-Pacifique,Ligue majeure,Support,42,-154.0,283.0,-1724.0,92.0,0.0,0.0
oe:player:4fbce651fccdd73409ea9246d0ee1d6,DasheR,Fukuoka SoftBank HAWKS gaming,LJL,Asie-Pacifique,Ligue majeure,Mid,75,-154.0,315.0,947.0,94.0,0.0,0.0
oe:player:4d8833619c7d2128cd31d6098e7e4f3,Ichiwin,Fuego,LRN,Brésil & Amérique latine,Deuxième niveau,Support,55,-154.0,336.0,691.0,105.0,0.0,0.0
oe:player:33ec03adce2bef14f100376bc7770b2,Munchy,CCG Esports,NACL,Amérique du Nord,Deuxième niveau,Jungle,28,-155.0,320.0,-1385.0,109.0,0.0,0.0
oe:player:afcd3cdcf44e5da63f9e2a3dcb5ba50,Doxa,Komodo,NACL,Amérique du Nord,Deuxième niveau,Mid,49,-155.0,333.0,-990.0,98.5,0.0,0.0
oe:player:b6c18d4d98745c100d8234a673b0c8a,Aloned,Team Aze,LLA,Brésil & Amérique latine,Ligue majeure,Mid,32,-155.0,287.0,-1083.0,89.0,0.0,0.0
oe:player:0a0e15e8e14edd7e4039cbf6f4fbfa4,Krastyel,KaBuM! Esports,CBLOL,Brésil & Amérique latine,Ligue majeure,Mid,36,-155.0,283.0,-1024.0,93.0,0.0,0.0
oe:player:a322887f1f9792197e30825f1a6571d,Addusto,MS Company,NL,EMEA,Troisième niveau,Top,38,-155.0,277.0,83.0,19.0,0.0,0.0
oe:player:a7d818f1bd59fb4fc8bf816852e7bf5,Skye1,Panathinaikos Esports,GLL,EMEA,Deuxième niveau,Top,13,-155.0,290.0,502.0,,,
oe:player:383a258931b627e75d35c34ef49e94f,Funahwi,Sengoku Gaming Academy,LJLA,Asie-Pacifique,Deuxième niveau,Jungle,22,-155.0,302.0,946.0,143.0,0.0,0.0
oe:player:4fca9f76fb87127e7bb220b11debdde,KINGPIN,Meow Gaming Club,ESLOL,EMEA,Deuxième niveau,Support,81,-156.0,266.0,1472.0,125.0,0.0,0.0
oe:player:a1501fb78e05ab933a158f00032ae4c,Saens,Waia Snikt,LRN,Brésil & Amérique latine,Deuxième niveau,Jungle,45,-156.0,331.0,657.0,113.5,0.0,0.0
oe:player:d7432b52de9ff23e6aa98374fe63375,Nite,E WIE EINFACH E-SPORTS,PRM,EMEA,Deuxième niveau,Mid,36,-157.0,287.0,-948.0,117.0,0.0,0.0
oe:player:af020342617bd4e5c5da5a4c31ff591,Shy Carry,Diamant Esports,EBL,EMEA,Deuxième niveau,ADC,81,-157.0,283.0,1001.0,128.0,0.0,0.0
oe:player:a2bc15a0a3749d65c09d28e4e5b1ffe,Mayhem,Waia Snikt,LRN,Brésil & Amérique latine,Deuxième niveau,Top,40,-158.0,334.0,767.0,115.0,0.0,0.0
oe:player:01787aabae63131ebea6c25c4ff37cb,Nemesis9,Froggy Five,NACL,Amérique du Nord,Deuxième niveau,Mid,21,-158.0,322.0,-1006.0,106.0,0.0,0.0
oe:player:d9a5f3725f900432926e465a273b7cb,Pesho,Klanik Esport,NL,EMEA,Troisième niveau,Mid,49,-158.0,270.0,62.0,16.0,0.0,0.0
oe:player:886e8205ac1b091dbf67dbae83b1544,Tutsz,FURIA,CBLOL,Brésil & Amérique latine,Ligue majeure,Mid,36,-158.0,289.0,-1039.0,100.0,0.0,0.0
oe:player:4f6d6b2c4c29033ff5437cee2a7587e,Macaquinho,Kawaii Kiwis,NEXO,EMEA,Troisième niveau,Mid,54,-159.0,296.0,1117.0,17.0,0.0,0.0
oe:player:efde1a9fe9e6f1059c3fce2ec296fae,many,AliorBank Team,UL,EMEA,Deuxième niveau,Mid,66,-159.0,273.0,536.0,125.0,0.0,0.0
oe:player:2fdfc5ad1faf4c7be33607689fcefcb,Twelve,ViV Esport,NL,EMEA,Troisième niveau,Top,35,-159.0,289.0,60.0,15.0,0.0,0.0
oe:player:37868ce320afa69d0c0387124e61968,tol2,DetonatioN FocusMe,LJL,Asie-Pacifique,Ligue majeure,Top,52,-159.0,300.0,1043.0,95.0,0.0,0.0
oe:player:1967eab585f1569dad0aabb6aeef5e7,Woden,Akroma,NL,EMEA,Troisième niveau,Jungle,27,-159.0,289.0,81.0,16.0,0.0,0.0
oe:player:cbdaba5605992f8e1635ad782152d65,CPM,GTZ Esports,LPLOL,EMEA,Deuxième niveau,Top,39,-160.0,284.0,1433.0,140.0,0.0,0.0
oe:player:9c2752c1d6bb4dc3a7c3365c68271e3,Hwichan,Nongshim RedForce Academy,LAS,Corée,Troisième niveau,Mid,32,-160.0,404.0,-649.0,12.0,0.0,0.0
oe:player:1b81983ddfd90bd2ac93aa5cd259d1e,GoWonBin,Kiwoom DRX Academy,LAS,Corée,Troisième niveau,Mid,28,-160.0,401.0,-649.0,14.0,0.0,0.0
oe:player:ee5ce4deb8f19aa9a127742e53c5475,kanashimi,Deep Cross Gaming Academy,PCL,Asie-Pacifique,Deuxième niveau,Mid,16,-160.0,295.0,-1775.0,,,
oe:player:09ee6fe99bd1a0242be2a413955581b,Hyorai,Project Conquerors,NL,EMEA,Troisième niveau,Support,34,-161.0,288.0,28.0,16.0,0.0,0.037
oe:player:97cae9bbdbfe09bafe83c5a7bda0727,Namgung,Gen.G Scholars,LAS,Corée,Troisième niveau,Support,37,-161.0,401.0,-253.0,11.0,0.0,0.0
oe:player:b146d01b1c50e07ca869c04c700b926,Chordy,WAP Esports,LRS,Brésil & Amérique latine,Deuxième niveau,Mid,40,-162.0,315.0,1061.0,107.0,0.0,0.0
oe:player:53ee1f6d941b631ed8148da49785378,Raider,aNc Outplayed,PGN,EMEA,Deuxième niveau,Top,10,-163.0,295.0,314.0,,,
oe:player:736b6039f07dc28432644d2a9997abe,Lac,WAP Esports,LRS,Brésil & Amérique latine,Deuxième niveau,ADC,60,-164.0,308.0,913.0,108.5,0.0,0.0
oe:player:244c5c070690c87f25f4f9dff2dbea5,enel1,LØS,CBLOL,Brésil & Amérique latine,Ligue majeure,Jungle,50,-165.0,289.0,-1130.0,94.0,0.0,0.0
oe:player:0163a3ac43dcdb725a98856ee67d9c2,lunacia,Team Fish Taco,NACL,Amérique du Nord,Deuxième niveau,Top,70,-165.0,304.0,-1288.0,111.0,0.0,0.0
oe:player:ead9a0dc8ea4d64cd0b25c4bac8d9fd,Nolan,Joblife,NL,EMEA,Troisième niveau,Support,23,-165.0,288.0,12.0,16.0,0.0,0.003
oe:player:402c0ac375c909512650c512f5096d7,Mart,UCAM Esports,LES,EMEA,Deuxième niveau,Jungle,28,-166.0,279.0,-889.0,118.0,0.0,0.0
oe:player:104bc94e9848863de7e626cb443e9f7,Max1,E WIE EINFACH E-SPORTS,PRM,EMEA,Deuxième niveau,Support,36,-167.0,287.0,-921.0,119.0,0.0,0.0
oe:player:343b2b8ed97512673e3e1ef2705b0de,Cavalo,Liberty Academy,CBLOLA,Brésil & Amérique latine,Deuxième niveau,Support,51,-167.0,291.0,740.0,150.0,0.0,0.0
oe:player:148e116847c069d852ad0696d4180fe,Bananitoo,WLGaming Esports,GLL,EMEA,Deuxième niveau,Support,96,-167.0,275.0,738.0,118.5,0.0,0.0
oe:player:dbdc61a1c41acedcbc7d399727155ac,Joinze,ViV Esport,NL,EMEA,Troisième niveau,Jungle,34,-167.0,289.0,38.0,17.0,0.0,0.0
oe:player:de6a79c709c8f1a5538dff9c2bf0ed3,Leemas,Team Bliss,LCO,Asie-Pacifique,Ligue majeure,ADC,60,-168.0,287.0,1215.0,88.0,0.0,0.0
oe:player:77283a0e12a2101886de76dda030375,Unforgiven,All Knights,LLA,Brésil & Amérique latine,Ligue majeure,Jungle,15,-168.0,299.0,-1863.0,,,
oe:player:a93e0326b85f0312cf1b451e175a7a0,Wojtus,Diamant Esports,EBL,EMEA,Deuxième niveau,Support,81,-168.0,283.0,1096.0,132.0,0.0,0.0
oe:player:563de95758c49f2d41e16ee7e9aca8f,Zora,Forsaken,UL,EMEA,Deuxième niveau,Top,44,-168.0,273.0,347.0,129.0,0.0,0.0
oe:player:e35edef8a2cb6212af8fe231b48ea5e,Whynot,Team Bliss,LCO,Asie-Pacifique,Ligue majeure,Jungle,60,-168.0,287.0,792.0,91.0,0.0,0.0
oe:player:334c8c132c41630281b9343dc38dadc,Whisper,DN SOOPers Academy,LAS,Corée,Troisième niveau,ADC,58,-168.0,408.0,-312.0,11.0,0.0,0.133
oe:player:82416dfeed801e2846a7c12a3649ab3,behave,SPIKE Syndicate,EBL,EMEA,Deuxième niveau,Jungle,44,-169.0,275.0,751.0,132.0,0.0,0.0
oe:player:3e1b1e0f9c925b2f504d78f3bd5da22,D4nKa,E WIE EINFACH E-SPORTS,PRM,EMEA,Deuxième niveau,Jungle,39,-169.0,268.0,-873.0,118.0,0.0,0.0
oe:player:3d44f54d2b0fa13b698040cb51d09db,zekas,Malvinas Gaming,LRS,Brésil & Amérique latine,Deuxième niveau,Top,28,-169.0,327.0,641.0,133.0,0.0,0.0
oe:player:4cd9f3996d60790cd11c04f842ebc43,Cast,UniQ Esports Club,NLC,EMEA,Deuxième niveau,Jungle,12,-170.0,297.0,295.0,,,
oe:player:2e7a911366458029337ac8c5c0f4128,Blank,Fukuoka SoftBank HAWKS gaming,LJL,Asie-Pacifique,Ligue majeure,Jungle,75,-171.0,315.0,792.0,92.0,0.0,0.0
oe:player:8701ce4342a122a58e69a9053b0ccac,Hyphe,Apex Mission Impossible,NACL,Amérique du Nord,Deuxième niveau,Jungle,16,-171.0,325.0,-1466.0,,,
oe:player:8c730b10e2b23f98f9bbd735daa9a40,HotPot,Deep Cross Gaming Academy,PCL,Asie-Pacifique,Deuxième niveau,Jungle,16,-172.0,295.0,-1639.0,,,
oe:player:54f128223ee01afa0a5c6412027a8ae,DiDi,Furious Gaming,LRS,Brésil & Amérique latine,Deuxième niveau,Mid,48,-172.0,312.0,1013.0,111.0,0.0,0.0
oe:player:f5e265d607cb720058fc166e00083fe,Rust,Nigma Galaxy,AL,EMEA,Deuxième niveau,ADC,52,-173.0,283.0,67.0,126.0,0.0,0.0
oe:player:0561c236cb287e0b0725c2597dc6991,Desire,Shu Dai Xiong Gaming,LDL,Chine,Deuxième niveau,Mid,35,-173.0,282.0,-2063.0,128.0,0.0,0.0
oe:player:2a2e8a4d073d7f10a9adb064fc8bd38,Conse,DREN Esports,PGN,EMEA,Deuxième niveau,Top,18,-173.0,289.0,265.0,,,
oe:player:11ca8602d3855c158442bb37c9254bb,Neadz,Malvinas Gaming,LRS,Brésil & Amérique latine,Deuxième niveau,Mid,56,-174.0,298.0,1003.0,109.5,0.0,0.0
oe:player:40ec21bf3a960cc7bfe0c38885bf906,Indecision,NORD Esports,NLC,EMEA,Deuxième niveau,Jungle,60,-174.0,272.0,280.0,110.0,0.0,0.0
oe:player:6d3ae00b3064c51b2f1d2a2922fdd68,Kituruken,Looking for ORG,GLL,EMEA,Deuxième niveau,Jungle,31,-175.0,280.0,193.0,145.0,0.0,0.0
oe:player:24c8e8fdd203338d06e4330c28c90d1,Luka,Vanir,NLC,EMEA,Deuxième niveau,Mid,14,-176.0,296.0,166.0,,,
oe:player:84e640911c6d6f172d4cf1c7cc78a67,Crecre,Tomorrow Esports,LRN,Brésil & Amérique latine,Deuxième niveau,Support,28,-176.0,347.0,583.0,139.0,0.0,0.0
oe:player:c0062863e3e99f67607ad1ae9a4299a,Ripple,Liiv SANDBOX Academy,LAS,Corée,Troisième niveau,Top,33,-176.0,413.0,-520.0,15.0,0.0,0.0
oe:player:330649b30536a93ea9363a7dd17e7dd,Cospect,Atleta Esport,PGN,EMEA,Deuxième niveau,Support,44,-177.0,278.0,-183.0,117.0,0.0,0.0
oe:player:aa11f28607376fa521dd2625569a656,Rylle,Partizan Esports,EBL,EMEA,Deuxième niveau,Mid,60,-177.0,283.0,810.0,124.0,0.0,0.0
oe:player:51f3aa27af393f856e9f2fc334f465e,Nobody,All Knights,LLA,Brésil & Amérique latine,Ligue majeure,Mid,41,-178.0,291.0,-1201.0,88.0,0.0,0.0
oe:player:d7eca91517950c67ade956ce6e953cf,Hidan,LØS,CBLOL,Brésil & Amérique latine,Ligue majeure,Top,51,-178.0,292.0,-995.0,97.0,0.0,0.0
oe:player:1274c067194385880d84b6164fd12a9,ea7,Team Pinnacle,LDL,Chine,Deuxième niveau,ADC,21,-178.0,289.0,-2051.0,127.0,0.0,0.0
oe:player:721d5df7058b6fb11b6ea841753d9a5,Noltey,Austrian Force willhaben,PRM,EMEA,Deuxième niveau,Jungle,10,-179.0,297.0,-922.0,,,
oe:player:9d5e0c4b6e7dee035df1a901f124280,Misanthiel,Project Conquerors,NL,EMEA,Troisième niveau,Top,52,-179.0,282.0,-41.0,14.0,0.0,0.0
oe:player:fc933812510df6cb519bd1bb5677631,Maged,RA'AD,AL,EMEA,Deuxième niveau,Top,50,-179.0,279.0,341.0,138.0,0.0,0.0
oe:player:7e33124e33721ef8f70d2dd843b57da,ESCIK,WLGaming Esports,GLL,EMEA,Deuxième niveau,Mid,79,-180.0,269.0,788.0,127.0,0.0,0.0
oe:player:1d202482a9e41722b2ec870f2e3b826,Rift,Atletec,NL,EMEA,Troisième niveau,ADC,54,-181.0,283.0,-168.0,14.0,0.0,0.013
oe:player:bca44d9264f7f9b3de7b913a66371e7,DuaLL,Myth Esports,ESLOL,EMEA,Deuxième niveau,Support,63,-181.0,267.0,1348.0,102.0,0.0,0.0
oe:player:3d22ad7cc53c6c281ba55278d87f935,LokeN,QT DIG∞,LJL,Asie-Pacifique,Ligue majeure,ADC,74,-182.0,314.0,784.0,91.0,0.0,0.0
oe:player:fb20df3c2584739649c47e15bdd1e1e,Nightmares,HEET,LPLOL,EMEA,Deuxième niveau,Support,65,-183.0,270.0,1125.0,139.0,0.0,0.0
oe:player:915901c2ffafe3ee9245c3ef30ec5b4,Orion,Meow Gaming Club,ESLOL,EMEA,Deuxième niveau,ADC,86,-184.0,278.0,1367.0,139.0,0.0,0.0
oe:player:5913c1b5618afae9f7e2e85111ff769,asta,Malvinas Gaming,LRS,Brésil & Amérique latine,Deuxième niveau,Jungle,28,-184.0,327.0,858.0,135.0,0.0,0.0
oe:player:cfcad7b09bed919fa42cc1dd83b6b63,Kasing,Akroma,NL,EMEA,Troisième niveau,Support,47,-184.0,275.0,-85.0,16.0,0.0,0.013
oe:player:6369ba49db4cf35b35a7c47e3d4a4fd,Visdom,GamerLegion,PRM,EMEA,Deuxième niveau,Support,47,-184.0,285.0,-1004.0,110.0,0.0,0.0
oe:player:a2343d04ce4dafae3aa458b006ec880,Fallen,MS Company,NL,EMEA,Troisième niveau,Jungle,44,-184.0,273.0,-44.0,17.0,0.0,0.0
oe:player:ac6c8ea090678bb181b8004e3efd830,Nightstar,Conviction,NACL,Amérique du Nord,Deuxième niveau,ADC,11,-185.0,329.0,-1292.0,,,
oe:player:16c1637b4b44b008b4d6627f68ae30a,Vsta,Fukuoka SoftBank HAWKS gaming,LJL,Asie-Pacifique,Ligue majeure,Support,75,-185.0,315.0,940.0,94.0,0.0,0.0
oe:player:318a60c20ad705c05ceb1e1b2067624,Sh4dowUS,LODIS,UL,EMEA,Deuxième niveau,Jungle,19,-185.0,283.0,562.0,,,
oe:player:2042101ac1f6e7741bfe43f3672e6d7,Thomas,Klanik Esport,NL,EMEA,Troisième niveau,Support,16,-186.0,289.0,-94.0,,,
oe:player:1725cf69407d2dcdf2873d0669409e8,Tracyn,GamerLegion,PRM,EMEA,Deuxième niveau,Top,47,-186.0,285.0,-1035.0,111.0,0.0,0.0
oe:player:751b4e6d134b3c4559459c7921fee5f,Pilot,Liberty Academy,CBLOLA,Brésil & Amérique latine,Deuxième niveau,Mid,51,-186.0,291.0,1103.0,144.0,0.0,0.0
oe:player:4515c41bfcadfcf2e3c5880242f99a2,Shredder,aNc Outplayed,PGN,EMEA,Deuxième niveau,Support,10,-186.0,295.0,-225.0,,,
oe:player:052ad9427bad4cf3f5b46c0cc5552bf,ST3PZ,Vivo Keyd Stars Academy,CBLOLA,Brésil & Amérique latine,Deuxième niveau,ADC,45,-187.0,291.0,1090.0,151.5,0.0,0.0
oe:player:1aff5982e2cde2a8081e10408912f52,RAV3N,KaBuM! Esports,CBLOL,Brésil & Amérique latine,Ligue majeure,ADC,36,-187.0,286.0,-1294.0,89.0,0.0,0.0
oe:player:72de20c106a52f0aaf21bd650af81bd,Diva,Diamant Esports,EBL,EMEA,Deuxième niveau,Mid,79,-188.0,281.0,756.0,132.0,0.0,0.0
oe:player:02be2c707e3d044459e9b210bc90121,OWLONSKY,Ramboot Club,NLC,EMEA,Deuxième niveau,Jungle,13,-188.0,297.0,207.0,,,
oe:player:f72af12f47362bdec4b0ca91070cf43,DANY,eSuba,HM,EMEA,Deuxième niveau,ADC,64,-189.0,283.0,727.0,132.0,0.0,0.0
oe:player:a2694196d288cd26055602729d0bb5c,HeSSZero,Iron Wolves,UL,EMEA,Deuxième niveau,Top,55,-190.0,271.0,238.0,136.0,0.0,0.0
oe:player:208bf3db5d9673c8c1df1f81f9621d1,Theocacs,Kaeru Gyuangu,NL,EMEA,Troisième niveau,Jungle,14,-190.0,297.0,-77.0,,,
oe:player:e24ee2487879116dcab772c0ac4fe34,Focus,Team Aze,LLA,Brésil & Amérique latine,Ligue majeure,ADC,14,-191.0,295.0,-1274.0,,,
oe:player:72afadf3f4701a666860c0c442b08f5,Mishal,Anubis Gaming,AL,EMEA,Deuxième niveau,Support,35,-192.0,280.0,341.0,143.0,0.0,0.0
oe:player:e39585edfa4a1683446a5d1854fe9a5,costy,MS Company,NL,EMEA,Troisième niveau,ADC,38,-193.0,274.0,-227.0,16.0,0.0,0.003
oe:player:cb75c8c6218f7747f62e97b7df3a3f2,Rosseu,Descuydado Aucas Esports,LRN,Brésil & Amérique latine,Deuxième niveau,Support,39,-193.0,337.0,497.0,139.0,0.0,0.0
oe:player:6cb2f925e1216835980ce1a01bb62f6,Lunddorf,Partizan Esports,EBL,EMEA,Deuxième niveau,Top,60,-193.0,283.0,1184.0,140.0,0.0,0.0
oe:player:652b15e8a821f5f825693df9ae62a80,Kinatu,Fukuoka SoftBank HAWKS gaming,LJL,Asie-Pacifique,Ligue majeure,Top,75,-194.0,315.0,868.0,98.0,0.0,0.0
oe:player:1f892f04e94e144dadcc8be197d4f5b,minemaciek,AliorBank Team,UL,EMEA,Deuxième niveau,Support,88,-195.0,278.0,552.0,136.0,0.0,0.0
oe:player:82a08dfbbc2a9515bc6962cd307507c,Jett,QT DIG∞,LJL,Asie-Pacifique,Ligue majeure,Mid,74,-195.0,314.0,739.0,97.0,0.0,0.0
oe:player:6b7ca7e0fcad1f113f17bc2d30adbf5,adi1,AliorBank Team,UL,EMEA,Deuxième niveau,Jungle,88,-196.0,278.0,506.0,141.0,0.0,0.0
oe:player:59c71806fd37de3c8ee6a637c98fb86,Akre,Guasones,LES,EMEA,Deuxième niveau,Jungle,18,-197.0,287.0,-1043.0,,,
oe:player:45aefa710fecff21be1811fb7c12fd5,Pepero,Dewish Team,PCS,Asie-Pacifique,Ligue majeure,ADC,42,-200.0,283.0,-2032.0,88.0,0.0,0.0
oe:player:ebc8d71056b04067e8a67dd228a034e,Limitationss,PÊEK Gaming,LRN,Brésil & Amérique latine,Deuxième niveau,ADC,39,-201.0,351.0,283.0,137.0,0.0,0.0
oe:player:07201dc174bc5891d5fc0c36cb7eeb8,Chiu,Descuydado Aucas Esports,LRN,Brésil & Amérique latine,Deuxième niveau,Top,16,-201.0,350.0,556.0,,,
oe:player:4a0d0414aac330b32a1a4dd6bac8743,Tyrin,Vivo Keyd Stars Academy,CBLOLA,Brésil & Amérique latine,Deuxième niveau,Top,64,-201.0,307.0,1066.0,154.0,0.0,0.0
oe:player:7b0143c0788257bc3e415e83f74cc8b,Midir,Kiwoom DRX Academy,LAS,Corée,Troisième niveau,Top,28,-202.0,401.0,-651.0,14.0,0.0,0.0
oe:player:1c6282fdf403e4e63f3b339d0bca034,Klownz,Nigma Galaxy,AL,EMEA,Deuxième niveau,Support,52,-202.0,283.0,290.0,133.0,0.0,0.0
oe:player:293f0d0e03a4b786400eb00d3f859a8,Enty,QT DIG∞,LJL,Asie-Pacifique,Ligue majeure,Support,74,-202.0,314.0,856.0,96.0,0.0,0.0
oe:player:69459a927d97f1dd0b5b3a3b8ebda0a,pump,Myth Esports,ESLOL,EMEA,Deuxième niveau,Mid,19,-203.0,299.0,1203.0,,,
oe:player:c21df34df89c6fa7baa125670272558,Hinata,Liiv SANDBOX Academy,LAS,Corée,Troisième niveau,Mid,33,-203.0,413.0,-864.0,18.0,0.0,0.0
oe:player:ade06decf6a36427e564af1f48f0cf3,Lingwi,Vanir,NLC,EMEA,Deuxième niveau,Top,14,-204.0,296.0,-117.0,,,
oe:player:f539873281c1c0bc463c393e24c583e,Flawless,KaBuM! Esports,CBLOL,Brésil & Amérique latine,Ligue majeure,Jungle,10,-206.0,303.0,-1333.0,,,
oe:player:72f8810468816d80ddeaf9a547ae7f5,Xicor,RA'AD,AL,EMEA,Deuxième niveau,ADC,37,-207.0,281.0,-103.0,134.0,0.0,0.0
oe:player:04122a0a41a45380cadbe32cc9ca826,Sorya,Joblife,NL,EMEA,Troisième niveau,Support,27,-208.0,289.0,-203.0,18.0,0.0,0.02
oe:player:06f016d5551322d49fad225b21de646,kehvo,Myth Esports,ESLOL,EMEA,Deuxième niveau,ADC,65,-208.0,266.0,1246.0,117.0,0.0,0.0
oe:player:e0ca016e696d77b1ee0467e5825b5ed,Wos,Liberty,CBLOL,Brésil & Amérique latine,Ligue majeure,Support,17,-208.0,301.0,-1465.0,,,
oe:player:cd521f662fbbec89f03a900e7d9bb63,Mafro,Diamant Esports,EBL,EMEA,Deuxième niveau,Jungle,81,-210.0,283.0,548.0,141.0,0.0,0.0
oe:player:046795fa30debe19eafd497dba544e3,Instinct,FLY FAM,NACL,Amérique du Nord,Deuxième niveau,ADC,38,-210.0,318.0,-1418.0,129.0,0.0,0.0
oe:player:5a23766ce46653d2b63ac4a40cd61c1,Warszi,eSuba,HM,EMEA,Deuxième niveau,Mid,62,-211.0,282.0,661.0,135.0,0.0,0.0
oe:player:2e123453f40cdb2871dff5b9da96b22,JP6RU8,Dewish Team,PCS,Asie-Pacifique,Ligue majeure,Top,24,-211.0,280.0,-1701.0,96.0,0.0,0.0
oe:player:3041d9d5764e4405f6108cc6c064ff6,omly,Kelyx's Grandpa Gamers,NACL,Amérique du Nord,Deuxième niveau,Mid,20,-211.0,326.0,-1269.0,112.0,0.0,0.0
oe:player:f2387df2cb9eeb367b59f0bce4a9637,Hydra,Guasones,LES,EMEA,Deuxième niveau,Mid,18,-212.0,287.0,-1272.0,,,
oe:player:d910ac1c643af3b53929c483c18a87b,Arashi,Impunity,PCS,Asie-Pacifique,Ligue majeure,Jungle,27,-213.0,283.0,-1814.0,92.0,0.0,0.0
oe:player:5ef20c339663b3e40f1978b16101aed,Giankios,Meta Gaming,LRS,Brésil & Amérique latine,Deuxième niveau,Top,40,-213.0,304.0,421.0,126.5,0.0,0.0
oe:player:c5b083387829f1f02dd659d4d2d2056,Indr4,ECORP,NEXO,EMEA,Troisième niveau,Jungle,57,-214.0,291.0,914.0,16.0,0.0,0.003
oe:player:0ca34a3538bb94d2504137f128e0b7e,Postkassen,Gamespace Mediterranean College Esports,GLL,EMEA,Deuxième niveau,Support,28,-214.0,280.0,505.0,145.0,0.0,0.0
oe:player:e72c863b7586a6b3a37e6e91339472d,kPr,ENEMI3S,PGN,EMEA,Deuxième niveau,Top,31,-214.0,288.0,59.0,146.0,0.0,0.0
oe:player:608948b1e78d744bcc11631f6d1d98b,SLEYER,Joblife,NL,EMEA,Troisième niveau,Top,26,-215.0,290.0,-217.0,19.0,0.0,0.0
oe:player:bda5bb29fc4ac7bc4469089be5bd8e0,Colden,3BL Esports,AL,EMEA,Deuxième niveau,Support,13,-215.0,297.0,229.0,,,
oe:player:e7416c49e8ecaa9edaca2dd9e046ef3,Wxm,Team Pinnacle,LDL,Chine,Deuxième niveau,Jungle,21,-217.0,289.0,-2280.0,137.0,0.0,0.0
oe:player:372172c97c0fea4e4a73d2186fc3dab,Toaster,Ruddy Corporation,NLC,EMEA,Deuxième niveau,ADC,31,-218.0,281.0,-191.0,145.0,0.0,0.0
oe:player:c512fd0489043fe22857696467766fd,Ssol,FENNEL,LJL,Asie-Pacifique,Ligue majeure,ADC,30,-219.0,314.0,601.0,94.0,0.0,0.0
oe:player:c838b08872a0dc6bc091ce7c4f56434,Seunghwan,Kiwoom DRX Academy,LAS,Corée,Troisième niveau,Jungle,28,-219.0,401.0,-831.0,13.0,0.0,0.0
oe:player:1a0f07e2eb9dc0975d3829a7c5a3519,Unknown,Kiwoom DRX Academy,LAS,Corée,Troisième niveau,Jungle,19,-219.0,412.0,-830.0,,,
oe:player:e28bed4fc154ef5fd8aabcc0334a464,Slowz,MGN Blue Esports,VCS,Asie-Pacifique,Ligue majeure,ADC,66,-220.0,270.0,-2511.0,85.0,0.0,0.0
oe:player:5bf1b803771e3a118a9db1fdfcbaa58,Chrisberg,Vanir,NLC,EMEA,Deuxième niveau,ADC,14,-221.0,296.0,-205.0,,,
oe:player:c5b896575b090d4837df3a90d57a520,Luco,Malvinas Gaming,LRS,Brésil & Amérique latine,Deuxième niveau,Support,22,-222.0,317.0,463.0,143.0,0.0,0.0
oe:player:7043efeaf710e61a6d7e68f32b1b13e,Piku,Oxygen Kumiho,NEXO,EMEA,Troisième niveau,Mid,43,-222.0,294.0,806.0,17.5,0.003,0.04
oe:player:333d5e6e8641054e71e0f7ff8b2e00a,Xuradel,Descuydado Aucas Esports,LRN,Brésil & Amérique latine,Deuxième niveau,Mid,42,-223.0,345.0,455.0,119.0,0.0,0.0
oe:player:6fd447726eaeb00dd3dbf3e3802d31f,Yunika,FENNEL Academy,LJLA,Asie-Pacifique,Deuxième niveau,Jungle,20,-223.0,303.0,602.0,164.0,0.0,0.0
oe:player:ff0095c050a948298b0490e57879879,Envy Carry,Ruddy Corporation,NLC,EMEA,Deuxième niveau,Mid,32,-223.0,280.0,-67.0,140.0,0.0,0.0
oe:player:d0c52a9400db78779e0baae662a3fc2,Adiss,SINNERS Esports,HM,EMEA,Deuxième niveau,Top,54,-224.0,284.0,621.0,153.0,0.0,0.0
oe:player:39f18b8139a20fdf5c6fbf8f8c67ec3,Blaze,Impunity,PCS,Asie-Pacifique,Ligue majeure,ADC,18,-224.0,287.0,-2154.0,,,
oe:player:9d8f178040611a073608bf5fc51768c,Doxy,Fnatic TQ,LES,EMEA,Deuxième niveau,Top,39,-224.0,273.0,-1317.0,144.0,0.0,0.0
oe:player:e88ef0b773e22c86f3c73d0f9b56f37,Zapdo,Ruddy Corporation,NLC,EMEA,Deuxième niveau,Jungle,18,-225.0,296.0,22.0,,,
oe:player:c0b62ef14214480ba246f30851a5653,Loco,Team Pinnacle,LDL,Chine,Deuxième niveau,Support,21,-226.0,289.0,-2133.0,134.0,0.0,0.0
oe:player:f8d698aea36fcbead2b9d5359ffca76,Smarty,Dynamo Eclot,HM,EMEA,Deuxième niveau,Support,41,-226.0,282.0,326.0,150.0,0.0,0.0
oe:player:cf009e2ce4392b47be19c983b6a7064,Strode,SINNERS Esports,HM,EMEA,Deuxième niveau,ADC,54,-227.0,284.0,533.0,142.5,0.0,0.0
oe:player:e42fd90dea956c3986b69209b56ce16,OMON,NORD Esports,NLC,EMEA,Deuxième niveau,Mid,55,-227.0,273.0,-88.0,129.0,0.0,0.0
oe:player:db4ac958be32c137638130a19711ba9,Tyr,PÊEK Gaming,LRN,Brésil & Amérique latine,Deuxième niveau,Support,39,-227.0,351.0,325.0,147.0,0.0,0.0
oe:player:81317166070e5727aa15670f1d996b3,Lotuss,Webidoo Gaming,PGN,EMEA,Deuxième niveau,Jungle,14,-228.0,293.0,-482.0,,,
oe:player:d6978cb4b12a5de75f68b2da2f55dc9,XnS,ENEMI3S,PGN,EMEA,Deuxième niveau,Jungle,31,-228.0,288.0,-485.0,143.0,0.0,0.0
oe:player:33f41da3cc793a226c6d42474e3cd95,Erolle,Team 7AM,ESLOL,EMEA,Deuxième niveau,Mid,59,-228.0,271.0,1082.0,119.0,0.0,0.0
oe:player:c16dac173aa8377a1c07aed8e0472f7,Town,CLG Faith,NACL,Amérique du Nord,Deuxième niveau,Mid,21,-228.0,322.0,-1356.0,121.0,0.0,0.0
oe:player:f4cb8d04918361b9db7edc7c7aca9bc,Chef,Liiv SANDBOX Academy,LAS,Corée,Troisième niveau,Jungle,33,-229.0,413.0,-885.0,16.0,0.0,0.0
oe:player:9c22f358ca4e0542f6205d7bec93433,Dreedy,Guasones,LES,EMEA,Deuxième niveau,Top,44,-229.0,275.0,-1344.0,129.0,0.0,0.0
oe:player:7226d142e35d427b0a90822a3912973,Kenal,Ramboot Club,PGN,EMEA,Deuxième niveau,ADC,27,-229.0,280.0,-757.0,143.0,0.0,0.0
oe:player:e3decbc40c573363c151a8300127922,Seneca,Ramboot Club,NLC,EMEA,Deuxième niveau,Support,36,-230.0,286.0,-157.0,149.0,0.0,0.0
oe:player:d6512817657af74944409f9db236876,Kindless,Globant Emerald,LRS,Brésil & Amérique latine,Deuxième niveau,ADC,29,-230.0,328.0,588.0,136.0,0.0,0.0
oe:player:2a4ed6e961001c691880d2fceefedcd,WSL,Dewish Team,PCS,Asie-Pacifique,Ligue majeure,Jungle,42,-230.0,283.0,-1895.0,91.0,0.0,0.0
oe:player:47a2fd48766f50394a3110fd124de77,Parang,Team Aze,LLA,Brésil & Amérique latine,Ligue majeure,Top,14,-231.0,295.0,-1467.0,,,
oe:player:b810e09b68d5ff70b3ba0e0e4bfde39,Aizhon,Dango SB,NEXO,EMEA,Troisième niveau,Support,35,-231.0,293.0,619.0,25.0,0.0,0.0
oe:player:fc222b2fd22414e0b9e40aaee65fcb5,MUDAI,Kiwoom DRX Academy,LAS,Corée,Troisième niveau,ADC,12,-233.0,412.0,-639.0,,,
oe:player:9a2b9c8b346a69fff77c144600f6515,Fiya,team last,PCS,Asie-Pacifique,Ligue majeure,Jungle,20,-234.0,284.0,-1918.0,91.0,0.0,0.0
oe:player:acc1b36d8d542ce2e2ee369a40267ae,KroMAX,Forsaken,UL,EMEA,Deuxième niveau,Support,44,-234.0,271.0,357.0,133.5,0.0,0.0
oe:player:d31890bde426b4618665e5b4c27f04a,XiaoDanny,Aporia,NACL,Amérique du Nord,Deuxième niveau,Mid,23,-234.0,322.0,-1386.0,123.0,0.0,0.0
oe:player:b9b86ae0a307d8b5e501e7048f92be4,MGX,Cyberground Gaming,PGN,EMEA,Deuxième niveau,Mid,22,-234.0,287.0,-350.0,136.0,0.0,0.0
oe:player:24b73e3b5eaa70ea0e67ba4e63e092d,pui,Ruddy Corporation,NLC,EMEA,Deuxième niveau,Support,18,-235.0,296.0,-185.0,,,
oe:player:3b32fe34a610a6a7e433b0741923b96,Peto,BRUTE,HM,EMEA,Deuxième niveau,Support,30,-236.0,287.0,274.0,158.0,0.0,0.0
oe:player:a62e7e1e4dfd211e99796aebb24dd87,welcom,Dynamo Eclot,HM,EMEA,Deuxième niveau,Top,18,-237.0,286.0,558.0,,,
oe:player:44ab9341fffe1d9a1a5b235628c6d89,Romuka,Dynamo Eclot,HM,EMEA,Deuxième niveau,Top,23,-238.0,287.0,553.0,160.0,0.0,0.0
oe:player:cf038455252f25be05eccbb85a1e2de,Shakespeare,FENNEL Academy,LJLA,Asie-Pacifique,Deuxième niveau,Support,22,-238.0,296.0,601.0,161.0,0.0,0.0
oe:player:0b561e1f67d3219a8dd379878960561,DVLK,Dynamo Eclot,HM,EMEA,Deuxième niveau,Mid,17,-238.0,282.0,523.0,,,
oe:player:33bf44e514be6f41d30b041c0afcd4a,Fortu,WAP Esports,LRS,Brésil & Amérique latine,Deuxième niveau,Support,54,-240.0,310.0,370.0,113.0,0.0,0.0
oe:player:75fecbf78f43edc9d7da26fdcddbc6d,Aegis,Liiv SANDBOX Academy,LAS,Corée,Troisième niveau,Support,25,-240.0,404.0,-649.0,13.0,0.0,0.0
oe:player:96c84a30abf31ad9db6f5cc869c8ffb,Excelsis,Aporia,NACL,Amérique du Nord,Deuxième niveau,Jungle,11,-241.0,328.0,-1814.0,,,
oe:player:f8949d8574a2ab17f48e85b13640315,midali,5 Ronin,TCL,EMEA,Deuxième niveau,Mid,14,-241.0,288.0,-1911.0,,,
oe:player:4b453f6bfc22f3d73412ce9478d3da3,Kadir,Fnatic TQ,LES,EMEA,Deuxième niveau,Support,39,-241.0,273.0,-1319.0,138.0,0.0,0.0
oe:player:e6f6bb5eb5f8f3fe88fd5fd3c822380,Niño Palo,Stormbringers,NEXO,EMEA,Troisième niveau,ADC,25,-242.0,300.0,515.0,23.0,0.0,0.01
oe:player:cf9f681ba462478b3361e8912e5921b,Kakan,Gamespace Mediterranean College Esports,GLL,EMEA,Deuxième niveau,Top,24,-243.0,284.0,65.0,150.0,0.0,0.0
oe:player:28c63fa3372e3ea966da602ca9137b6,RoyalKanin,Triple Esports,AL,EMEA,Deuxième niveau,Mid,21,-244.0,291.0,-156.0,144.0,0.0,0.0
oe:player:3a36b513e63e14a1355896711a09362,CHEF,Dark Passage,TCL,EMEA,Deuxième niveau,Jungle,33,-244.0,279.0,-1254.0,145.0,0.0,0.0
oe:player:ead123bc5706bdf3415b8c5398e7db6,SHIHAN,Ruddy Corporation,NLC,EMEA,Deuxième niveau,Top,18,-244.0,296.0,-316.0,,,
oe:player:2caa05c21e7e142214c20319ff97d09,Kakkun,FENNEL Academy,LJLA,Asie-Pacifique,Deuxième niveau,Mid,20,-245.0,303.0,531.0,160.0,0.0,0.0
oe:player:c05579e8624ada6989734cbf2ab2e07,Benda,Dynamo Eclot,HM,EMEA,Deuxième niveau,Mid,10,-245.0,292.0,488.0,,,
oe:player:1cd555cf94a46160eedb5466988270a,Nova,Fox Gaming,AL,EMEA,Deuxième niveau,Support,28,-245.0,286.0,79.0,154.0,0.0,0.0
oe:player:d70c1557c9cc454c351b3dc544a6460,Liam Cole,Vanir,NLC,EMEA,Deuxième niveau,ADC,12,-249.0,298.0,-346.0,,,
oe:player:53a722597f9fe835806af2f76fbb3b4,Vares,Pirate Dream,LRN,Brésil & Amérique latine,Deuxième niveau,Mid,19,-250.0,353.0,321.0,,,
oe:player:20f6b753e75c654b14810f5733a9688,Souli,MAMMOTH,LCO,Asie-Pacifique,Ligue majeure,Jungle,22,-250.0,296.0,378.0,97.0,0.0,0.0
oe:player:cd8b73c588b03f175391dcc42c079e7,Livatious,Aporia,NACL,Amérique du Nord,Deuxième niveau,Top,21,-252.0,324.0,-1723.0,133.0,0.0,0.0
oe:player:9bfe1d9a8133930196937a8d9735fee,Icarus,Project Conquerors,NL,EMEA,Troisième niveau,Jungle,52,-252.0,282.0,-388.0,17.5,0.0,0.0
oe:player:9a373c13873aa5b41008cdf6948f3c9,Celina,Liiv SANDBOX Academy,LAS,Corée,Troisième niveau,ADC,32,-253.0,413.0,-739.0,17.0,0.0,0.0
oe:player:895d3db68013fdd15321c3f5f784f6c,1jw,Impunity,PCS,Asie-Pacifique,Ligue majeure,Top,27,-253.0,283.0,-1911.0,96.0,0.0,0.0
oe:player:d3bc65e5e987b942fba2400b4649f71,Viciun,Furious Gaming,LRS,Brésil & Amérique latine,Deuxième niveau,ADC,53,-254.0,298.0,464.0,124.0,0.0,0.0
oe:player:f528af12ef82e7257a7da4f8cd3c54c,Alba,Hurricane of Feathers,LPLOL,EMEA,Deuxième niveau,Jungle,10,-254.0,293.0,990.0,,,
oe:player:080079ade773c7f23f7a15d3bc04b6f,Skaterot,ENEMI3S,PGN,EMEA,Deuxième niveau,Mid,31,-254.0,288.0,-446.0,139.0,0.0,0.0
oe:player:6b35468bd45059f6a8450083fc379a9,Nsurr,GTZ Esports,LPLOL,EMEA,Deuxième niveau,Support,25,-255.0,288.0,767.0,164.0,0.0,0.0
oe:player:6ce666035ef498ce0b3604b393d05e7,Modliszka,Venomcrest Esports,UL,EMEA,Deuxième niveau,Mid,23,-256.0,280.0,52.0,158.0,0.0,0.0
oe:player:45a9c9bbc131cc02fed478dd2d1fec9,kingggggg,Cyber Wolves,EBL,EMEA,Deuxième niveau,Jungle,23,-256.0,291.0,317.0,167.0,0.0,0.0
oe:player:bb97cd2e43cb0855f6485e6f9e93ea2,Wixo,Klanik Esport,NL,EMEA,Troisième niveau,Support,33,-257.0,288.0,-452.0,23.0,0.0,0.0
oe:player:f311f38967bcaca48abdbb1d470542b,Paladin,Forged Five,EBL,EMEA,Deuxième niveau,ADC,20,-257.0,287.0,497.0,157.0,0.0,0.0
oe:player:e049ff65295e7cbd2ba6369bf6491d7,SpeedoBear,Hijos De Patria,EBL,EMEA,Deuxième niveau,Support,16,-259.0,291.0,639.0,,,
oe:player:6a917b03d531a46c8467ed18756ddd4,LJX,Team Coachify,NACL,Amérique du Nord,Deuxième niveau,ADC,25,-260.0,316.0,-1665.0,126.0,0.0,0.0
oe:player:4f4e71938a105fe72bd18788fe53d40,Worst,White Dragons,LPLOL,EMEA,Deuxième niveau,ADC,68,-260.0,279.0,612.0,140.5,0.0,0.0
oe:player:4d30fb6db6e53cf5bdd9e9d33297fa6,Reedfoo,Dynamo Eclot,HM,EMEA,Deuxième niveau,ADC,41,-260.0,282.0,371.0,143.0,0.0,0.0
oe:player:aa8dcbc0e74672795afde4d6464b325,Yursan,MAMMOTH,LCO,Asie-Pacifique,Ligue majeure,Support,20,-261.0,296.0,198.0,98.0,0.0,0.0
oe:player:533203633d44104660134fdb0e26cf6,Nazrat,mCon esports,ESLOL,EMEA,Deuxième niveau,Mid,28,-262.0,281.0,911.0,133.0,0.0,0.0
oe:player:4d855d5ac0497a11941e8948568db74,Rufus,SINNERS Esports,HM,EMEA,Deuxième niveau,Support,54,-262.0,284.0,143.0,153.5,0.0,0.0
oe:player:51e528aaaafe5451e0a14c0da847dc4,Bluffing,Hanwha Life Esports Academy,LAS,Corée,Troisième niveau,Support,22,-262.0,412.0,-758.0,21.0,0.0,0.0
oe:player:97e228a45bb28f8d270f77deabd1282,Hid0,NORD Esports,NLC,EMEA,Deuxième niveau,ADC,32,-263.0,293.0,-412.0,149.0,0.0,0.0
oe:player:9f21cd4b41f25297c4327218f62735b,Rifty,Ruddy Corporation,NLC,EMEA,Deuxième niveau,Top,17,-263.0,297.0,-411.0,,,
oe:player:c0ba65ebddc64953fcf9c282b12797a,Crikx,Tomorrow Esports,LRN,Brésil & Amérique latine,Deuxième niveau,Jungle,46,-264.0,338.0,118.0,117.5,0.0,0.0
oe:player:69fcf7c5f68e79cd22831a85aa98f60,Tasteless,Cyber Wolves,EBL,EMEA,Deuxième niveau,Support,64,-264.0,278.0,615.0,164.0,0.0,0.0
oe:player:c3e31561579b69078812ea3b1968e13,Toffe,Gamespace Mediterranean College Esports,GLL,EMEA,Deuxième niveau,Mid,18,-265.0,284.0,364.0,,,
oe:player:fe9ef7441c7dd52bebd1ce72a43612b,Furby,EGN Esports,PGN,EMEA,Deuxième niveau,Mid,18,-266.0,287.0,-507.0,,,
oe:player:cc75d3f9b862e7e5d667d1ce2430fbd,Babip,Chiefs Esports Club,LCO,Asie-Pacifique,Ligue majeure,Jungle,48,-266.0,278.0,298.0,97.0,0.0,0.0
oe:player:8e422c119fcc0bdb1e78777d4febaaf,Thien,MAMMOTH,LCO,Asie-Pacifique,Ligue majeure,Top,22,-266.0,296.0,428.0,103.0,0.0,0.0
oe:player:96dc2ed6c3b5428bde7e822614072f2,Ginrais,Fourth Wall,NLC,EMEA,Deuxième niveau,Mid,11,-267.0,295.0,-288.0,,,
oe:player:7e02979fd0ef649653419a704ba461c,Zeypher,Waia Snikt,LRN,Brésil & Amérique latine,Deuxième niveau,ADC,19,-267.0,346.0,-50.0,,,
oe:player:ed6b2c95feaa4fd78f2ed6cd24dedf4,Kurilius,Kawaii Kiwis,NEXO,EMEA,Troisième niveau,ADC,43,-267.0,275.0,392.0,21.0,0.0,0.0
oe:player:c8ef68c0fce4f4bfe0219809473d365,Cipher,Anubis Gaming,AL,EMEA,Deuxième niveau,Mid,47,-267.0,274.0,-269.0,139.0,0.0,0.0
oe:player:97e2124319af5f96331d38fc07ad71b,Jejky,Dynamo Eclot,HM,EMEA,Deuxième niveau,Jungle,39,-268.0,282.0,353.0,162.0,0.0,0.0
oe:player:e6dfcb34f17c1e6ef882dce81d4b6e8,Shark,GnG Esports,AL,EMEA,Deuxième niveau,ADC,14,-268.0,293.0,-410.0,,,
oe:player:08cc98f89d63a05973e5db39e6b9945,Noz2k,ECORP,NEXO,EMEA,Troisième niveau,ADC,36,-268.0,301.0,387.0,25.0,0.0,0.0
oe:player:5c6aca6247f4e280ca8624b22e3620b,Yusin,GnG Esports,AL,EMEA,Deuxième niveau,Support,14,-268.0,293.0,-40.0,,,
oe:player:179d3fa9456193e6ccdbf7ae4938c4a,Ajwad,3BL Esports,AL,EMEA,Deuxième niveau,Jungle,23,-268.0,289.0,-629.0,156.0,0.0,0.0
oe:player:10c4e032376f31becc23b75de846197,Icy,Bandits Gaming,LRN,Brésil & Amérique latine,Deuxième niveau,Mid,57,-268.0,333.0,231.0,118.0,0.0,0.0
oe:player:e87d9b370206c12da8a677cb495afb5,Lyg,Malvinas Gaming,LRS,Brésil & Amérique latine,Deuxième niveau,ADC,44,-269.0,297.0,389.0,129.0,0.0,0.0
oe:player:3af0a4914d6dca9d7dc9db1a1c5cd48,FleekZ,Janus Esports,LRN,Brésil & Amérique latine,Deuxième niveau,Support,44,-270.0,338.0,110.0,132.5,0.0,0.0
oe:player:2d8d532cbcd9a4122f3aa4f5c231661,Jorx,Oxygen Valiants,NEXO,EMEA,Troisième niveau,Jungle,24,-270.0,302.0,637.0,25.0,0.0,0.0
oe:player:4ff58ae301895bd4bbf88fa8fad2b75,Serendip,ViV Esport,NL,EMEA,Troisième niveau,Mid,34,-271.0,289.0,-501.0,22.0,0.0,0.0
oe:player:bb5c7206e3649115d113a7618b0abe6,Petoska,A One Man Army,AL,EMEA,Deuxième niveau,Top,22,-272.0,284.0,-124.0,152.0,0.0,0.0
oe:player:cc59536858d0cdde05ec7da1825cb71,Sketch,Supernova,NACL,Amérique du Nord,Deuxième niveau,ADC,87,-273.0,312.0,-1732.0,122.0,0.0,0.0
oe:player:c142368a9f94d6334133932a7e5ce0d,Speedy,SINNERS Esports,HM,EMEA,Deuxième niveau,Jungle,54,-274.0,284.0,326.0,156.0,0.0,0.0
oe:player:4c6afafdf99002c90d836b5e8d1a097,FlayStation,UniQ Esports Club,NLC,EMEA,Deuxième niveau,Support,12,-275.0,297.0,-385.0,,,
oe:player:cada0080d5951aaafd67134bcbd7760,Cheoni,Team Aze,LLA,Brésil & Amérique latine,Ligue majeure,ADC,56,-275.0,276.0,-1695.0,94.0,0.0,0.0
oe:player:0543601680b90a14217b80b4f771635,Apii,Pentanet.GG,LCO,Asie-Pacifique,Ligue majeure,Support,31,-275.0,294.0,125.0,100.0,0.0,0.0
oe:player:4e0ee55680fa265c49e158f85e26650,Poby,T1 Esports Academy,LCK,Corée,Ligue majeure,Mid,50,-276.0,264.0,-5219.0,80.0,0.0,0.0
oe:player:a5c70cdfcff6537d4af4e9204ad252c,Tinelli,NOVO Esports,PGN,EMEA,Deuxième niveau,Support,29,-277.0,281.0,-680.0,149.0,0.0,0.0
oe:player:c947c54cff9bf62664115ca41e97629,Chayon,MAMMOTH,LCO,Asie-Pacifique,Ligue majeure,ADC,24,-277.0,294.0,668.0,96.0,0.0,0.0
oe:player:38ebcc961613253ae305079ac63fb39,Hunter,ECORP,NEXO,EMEA,Troisième niveau,Top,47,-278.0,293.0,593.0,22.5,0.0,0.0
oe:player:6c11403241de4ed54ad453a5d0dd8ef,Syrpy,Illuminar Gaming,UL,EMEA,Deuxième niveau,Support,47,-278.0,285.0,134.0,161.0,0.0,0.0
oe:player:e54bbd7c6dd5290a1cd0f70ad2653c5,Vaynedeta,Cyber Wolves,EBL,EMEA,Deuxième niveau,ADC,64,-279.0,276.0,390.0,149.5,0.0,0.0
oe:player:0bd4c36c88d63f30cbd156b50464590,Moutarde,Akroma,NL,EMEA,Troisième niveau,Mid,50,-279.0,284.0,-544.0,20.5,0.0,0.0
oe:player:8a391c2d095a4e0b79ed197436af6c7,Peppe,Cyber Wolves,EBL,EMEA,Deuxième niveau,Mid,64,-279.0,276.0,301.0,147.0,0.0,0.0
oe:player:3e1e4e89a38f2a1a33ce0884a78a090,Wind,5 Ronin,TCL,EMEA,Deuxième niveau,ADC,14,-279.0,288.0,-1646.0,,,
oe:player:b4b98082fd3e3a35446a7f50ebf3060,Ozgur,Team Refuse,GLL,EMEA,Deuxième niveau,ADC,10,-279.0,296.0,20.0,,,
oe:player:cc7d2fcc0750626772a0d7cf65cbbc2,Nxi,Team Fish Taco,NACL,Amérique du Nord,Deuxième niveau,Jungle,80,-280.0,312.0,-2011.0,127.5,0.0,0.0
oe:player:d8c98ae99867b26d4d91d1b852c131f,Koussay,GnG Esports,AL,EMEA,Deuxième niveau,Mid,29,-280.0,282.0,-334.0,155.0,0.0,0.0
oe:player:4b3d62fcaf8a016880db6ec13754042,ordno,SINNERS Esports,HM,EMEA,Deuxième niveau,Mid,54,-280.0,284.0,315.0,151.0,0.0,0.0
oe:player:945643b13e6c8100a158305cb3848c7,Ilgar,Rift Sloths,ESLOL,EMEA,Deuxième niveau,Jungle,26,-281.0,292.0,142.0,180.0,0.0,0.0
oe:player:c533f6ed4f3a8ef15bea47469115cfc,Monkey750,Anubis Gaming,AL,EMEA,Deuxième niveau,Jungle,22,-281.0,293.0,-690.0,152.0,0.0,0.0
oe:player:f0f31c9700c6b10d8a20dc487b2ae6a,Touch,A One Man Army,NLC,EMEA,Deuxième niveau,Support,31,-282.0,279.0,-416.0,156.0,0.0,0.0
oe:player:3303f645b1c5a2bb4d36ab1be910714,Kingston,Chasing Haze 07,TCL,EMEA,Deuxième niveau,Jungle,20,-282.0,284.0,-1443.0,139.0,0.0,0.0
oe:player:27b383e6eed837ff756c825f9e11468,Gabbo,Cyberground Gaming,PGN,EMEA,Deuxième niveau,Top,36,-283.0,274.0,-285.0,153.0,0.0,0.0
oe:player:0a08034cdc4feac55c0bdfbc0f300db,Robba,Meow Gaming Club,ESLOL,EMEA,Deuxième niveau,Top,82,-283.0,275.0,541.0,163.5,0.0,0.0
oe:player:dbc932ea3d30b98a49d66e17c6c4d62,Black,Anubis Gaming,AL,EMEA,Deuxième niveau,ADC,22,-283.0,293.0,-485.0,148.0,0.0,0.0
oe:player:cdc952e024c99837dc7af684adf322e,Joao,ENEMI3S,PGN,EMEA,Deuxième niveau,Support,31,-283.0,288.0,-712.0,151.0,0.0,0.0
oe:player:555e3934816743f30cdda4c7cc0dfe3,Momo,FENNEL Academy,LJLA,Asie-Pacifique,Deuxième niveau,Top,20,-285.0,303.0,360.0,171.0,0.0,0.0
oe:player:4d79b9a430199b71e47a4a9e908fe76,TaNa,FENNEL,LJL,Asie-Pacifique,Ligue majeure,Top,74,-285.0,315.0,414.0,102.0,0.0,0.0
oe:player:89af6c0570c6f4e0f713b968f6f3830,Universe,Ramboot Club,NEXO,EMEA,Troisième niveau,Mid,29,-286.0,297.0,485.0,27.0,0.0,0.0
oe:player:5b4e0b182ea5c781e5a2f61628adcc4,Clover7,DMG Esports,NLC,EMEA,Deuxième niveau,Mid,27,-286.0,281.0,-382.0,155.0,0.0,0.0
oe:player:5d772fc3cefe6fec269411b8ca18d9d,RustySniper,UniQ Esports Club,NLC,EMEA,Deuxième niveau,ADC,20,-287.0,291.0,-534.0,160.0,0.0,0.0
oe:player:d9993db0d276065093b77b8e86996fc,Parlita,Oxygen Kumiho,NEXO,EMEA,Troisième niveau,Top,52,-287.0,290.0,548.0,20.0,0.0,0.0
oe:player:82ed56bb5761789ef7205814cf72720,xiaotu,Dewish Team,PCS,Asie-Pacifique,Ligue majeure,Mid,42,-287.0,283.0,-1980.0,95.0,0.0,0.0
oe:player:8ee33a7b49463c941b579a317f06ba3,Sotsy,Akroma,NL,EMEA,Troisième niveau,Top,50,-287.0,284.0,-581.0,20.0,0.0,0.0
oe:player:8878e7050143a0fe4020498043fcc0d,Nate,Eclipse Gaming,LRS,Brésil & Amérique latine,Deuxième niveau,Top,42,-287.0,321.0,55.0,138.0,0.0,0.0
oe:player:6a3496d30b5d58b7b90d8d20258cb16,Exiled,Hurricane of Feathers,LPLOL,EMEA,Deuxième niveau,Support,10,-289.0,293.0,595.0,,,
oe:player:bc7627cfe2047a751dd7a4ee1f2fcf4,Roshan,exeed,UL,EMEA,Deuxième niveau,Jungle,18,-289.0,291.0,43.0,,,
oe:player:f6afb3ca3ac4cb969cc0c36330d8ee8,Airren,CB Gaming,NACL,Amérique du Nord,Deuxième niveau,ADC,38,-290.0,317.0,-1817.0,137.0,0.0,0.0
oe:player:5a61339cda5b1e43a90fe14830ba106,Seranok,CLG Faith,NACL,Amérique du Nord,Deuxième niveau,Mid,18,-291.0,324.0,-1669.0,,,
oe:player:2b9d6ab0bed9779d2f24817387bf91b,Quokka,T1 Esports Academy Rookies,LAS,Corée,Troisième niveau,Top,66,-292.0,408.0,-1099.0,14.0,0.0,0.09
oe:player:8912c5512db9003e5c8ce07b7ff36a8,Recap,FENNEL,LJL,Asie-Pacifique,Ligue majeure,Mid,74,-292.0,315.0,256.0,100.0,0.0,0.0
oe:player:d0f97a8607fb28f222121fc95b4bcfd,Uzol,Team UNiTY,HC,EMEA,Troisième niveau,Top,29,-292.0,301.0,1421.0,25.0,0.0,0.0
oe:player:99b95ef29b1e18c587457d79910c685,JaVaaa,Cyberground Gaming,PGN,EMEA,Deuxième niveau,ADC,14,-292.0,294.0,-1072.0,,,
oe:player:5d4533491a34d8306436b20deddc4d3,Silk,BRUTE,HM,EMEA,Deuxième niveau,Mid,30,-292.0,287.0,256.0,154.0,0.0,0.0
oe:player:4f6e2a83ff7cd4f0c9c97034862ac3e,fonix,Sengoku Gaming Academy,LJLA,Asie-Pacifique,Deuxième niveau,Support,18,-293.0,301.0,322.0,,,
oe:player:529a05ca6c1263aab080ec4f2075441,Make,Stormbringers,NEXO,EMEA,Troisième niveau,Support,31,-293.0,296.0,307.0,27.0,0.0,0.0
oe:player:1d8456302266cf469244b1652d6f0dd,Shera,Impunity,PCS,Asie-Pacifique,Ligue majeure,Mid,27,-294.0,283.0,-2016.0,96.0,0.0,0.0
oe:player:8c6de89ec4d4274e956b0db6588f489,Froststrike,PÊEK Gaming,LRN,Brésil & Amérique latine,Deuxième niveau,Jungle,32,-294.0,315.0,-31.0,169.0,0.0,0.0
oe:player:951959a620881940ca08f98e0226cf3,Pyeonsik,Hanwha Life Esports Academy,LAS,Corée,Troisième niveau,ADC,23,-295.0,412.0,-948.0,20.0,0.0,0.0
oe:player:6b2a078e5309cea2643da6b8b628c05,Zzzofia,Pirate Dream,LRN,Brésil & Amérique latine,Deuxième niveau,Support,42,-295.0,336.0,-14.0,147.5,0.0,0.0
oe:player:29012ae868f0b8231247f3ce25f2d0c,L0SER,V3 Esports Academy,LJLA,Asie-Pacifique,Deuxième niveau,Support,34,-296.0,296.0,310.0,167.0,0.0,0.0
oe:player:c3a094a6b159184f7aee51ca6fc6e1a,Blazze,FLY FAM,NACL,Amérique du Nord,Deuxième niveau,Mid,38,-297.0,318.0,-1701.0,139.0,0.0,0.0
oe:player:8ce650fdb50030d031e6bc414cbbee5,Eskiper,Dream Makers,NEXO,EMEA,Troisième niveau,Support,48,-297.0,293.0,285.0,23.0,0.0,0.0
oe:player:bcafc49a54b37ce91812273fde05da1,Wamu,Furious Gaming,LRS,Brésil & Amérique latine,Deuxième niveau,Top,64,-297.0,313.0,3.0,124.0,0.0,0.0
oe:player:1e345e85d542ba323c2fb78cdc2d79b,Alann,Osaka,LRN,Brésil & Amérique latine,Deuxième niveau,ADC,26,-297.0,339.0,-199.0,160.0,0.0,0.0
oe:player:5057f5406b08307b5f50e2030133a90,wanan,FENNEL Academy,LJLA,Asie-Pacifique,Deuxième niveau,ADC,20,-298.0,303.0,172.0,164.0,0.0,0.0
oe:player:32d83ae7684d16398c4126683c429ad,ECSTASSY,SPIKE Syndicate,EBL,EMEA,Deuxième niveau,ADC,40,-298.0,279.0,292.0,162.0,0.0,0.0
oe:player:952f90bd1805db865fdb728cd1f2d92,DudsTheBoy,KaBuM! Academy,CBLOLA,Brésil & Amérique latine,Deuxième niveau,ADC,26,-298.0,293.0,535.0,199.0,0.0,0.0
oe:player:cd59def3023c9e0be42a59a178eab0a,Taba,DREN Esports,PGN,EMEA,Deuxième niveau,ADC,22,-299.0,290.0,-1106.0,145.0,0.0,0.0
oe:player:e7be24324b2d08ca8b3bca92bb28e06,Aklass,aNc Outplayed,PGN,EMEA,Deuxième niveau,ADC,18,-300.0,283.0,-1112.0,,,
oe:player:7dd9d0c5a2fc15cda7d7ff65ca05e2f,Hugato,LOUD Academy,CBLOLA,Brésil & Amérique latine,Deuxième niveau,Jungle,26,-300.0,298.0,497.0,197.0,0.0,0.0
oe:player:0e4da4a5123c69b8850aa204601c597,meight,Valiance,EBL,EMEA,Deuxième niveau,Mid,14,-301.0,293.0,191.0,,,
oe:player:6dbb69669c784e8f5e008a1a71ff7d7,Kitano,Vanir,NLC,EMEA,Deuxième niveau,Top,14,-301.0,298.0,-598.0,,,
oe:player:243afb63fb97e1791ffee0cec41ecdf,Krysia,Illuminar Gaming,UL,EMEA,Deuxième niveau,Jungle,47,-301.0,285.0,-17.0,161.0,0.0,0.0
oe:player:bb0b65400dfa98b18cc4287b86bd6de,Shourdy,Hurricane of Feathers,LPLOL,EMEA,Deuxième niveau,Top,10,-301.0,293.0,727.0,,,
oe:player:1506ea935288289a3e2c712b55f280f,Habubu,Gamespace Mediterranean College Esports,GLL,EMEA,Deuxième niveau,Jungle,21,-301.0,289.0,-440.0,155.0,0.0,0.0
oe:player:4c60576a84396dfe98d541e0014fe48,Joxardo,Pirate Dream,VL,Brésil & Amérique latine,Deuxième niveau,Top,37,-301.0,358.0,2025.0,182.0,0.0,0.0
oe:player:fecbb121dc09493b1647a9ecf3819d4,Rayzorac,Team sucrée au sucre,ESLOL,EMEA,Deuxième niveau,Top,21,-301.0,284.0,451.0,189.0,0.0,0.0
oe:player:e6ce7283fdcbb1efe1b120228a44fd3,ManoloGap,mCon esports,ESLOL,EMEA,Deuxième niveau,Top,20,-302.0,288.0,445.0,184.0,0.0,0.0
oe:player:b5654a6598ed174f4451f5e5dcfb118,Kozi,Illuminar Gaming,UL,EMEA,Deuxième niveau,Top,47,-303.0,285.0,-326.0,165.0,0.0,0.0
oe:player:c5297b90d38a4be4c290d17de208d7a,Jackal,Hanwha Life Esports Academy,LAS,Corée,Troisième niveau,Jungle,23,-303.0,412.0,-1251.0,19.0,0.0,0.0
oe:player:dc38a552ed5f574f2c8abbf08f9d453,Sjakal,DMG Esports,NLC,EMEA,Deuxième niveau,Jungle,23,-303.0,286.0,-370.0,161.0,0.0,0.0
oe:player:9211064345c8afac4ce131de51ad3a9,Senpai,Use Your Lead,NL,EMEA,Troisième niveau,ADC,19,-303.0,288.0,-780.0,,,
oe:player:d0f1bda8c77037b1f96242f46f97637,SkaR,NOVO Esports,PGN,EMEA,Deuxième niveau,Top,13,-304.0,292.0,-388.0,,,
oe:player:ad34a9d5d87691c743dc42cbc5e8b78,Sanity,Wild Panthers Esports,GLL,EMEA,Deuxième niveau,Support,14,-304.0,289.0,54.0,,,
oe:player:c664a24ea7c8c455fdfef7304cfc5f3,Izaenk,EBRO,LRS,Brésil & Amérique latine,Deuxième niveau,Top,34,-305.0,311.0,-38.0,165.0,0.0,0.0
oe:player:0c5ad5df75cf72ddf6263f311440242,WhiteLotus,Zylant Esports,DDH,Brésil & Amérique latine,Deuxième niveau,ADC,25,-305.0,365.0,1369.0,144.0,0.0,0.0
oe:player:154897a9c5ef063c10aac0fe7d8bc67,Yoichi,Fox Gaming,AL,EMEA,Deuxième niveau,Mid,21,-305.0,290.0,-458.0,153.0,0.0,0.0
oe:player:5e68813353fcf3b2132ebdbc553097f,Qoo,Crest Gaming Act,LJL,Asie-Pacifique,Ligue majeure,Support,32,-306.0,313.0,337.0,101.0,0.0,0.0
oe:player:88156d46910a2d733443c339a9231d1,Velocity,SPIKE Syndicate,EBL,EMEA,Deuxième niveau,Support,15,-308.0,292.0,395.0,,,
oe:player:66dfc0444c571e87d4442178fee3ab4,Guertas,Meow Gaming Club,ESLOL,EMEA,Deuxième niveau,Jungle,67,-309.0,273.0,2.0,168.0,0.0,0.0
oe:player:a5e24abc881e8801425e90fb62325e8,Renyu,Pirate Dream,LRN,Brésil & Amérique latine,Deuxième niveau,ADC,42,-310.0,336.0,-265.0,139.0,0.0,0.0
oe:player:0fd3953a7b66913cf3a505c20471563,Galaxy,For The Win Esports,LPLOL,EMEA,Deuxième niveau,Mid,23,-311.0,285.0,427.0,166.0,0.0,0.0
oe:player:09cbac6fecabd6cf0fd832c622ff523,Uthred,Bis Esports,NEXO,EMEA,Troisième niveau,Top,26,-311.0,303.0,427.0,27.0,0.0,0.0
oe:player:73fac438d3c20a0bf023d3b4c8b26b2,LiquidDiego,Descuydado Aucas Esports,LRN,Brésil & Amérique latine,Deuxième niveau,Jungle,51,-311.0,323.0,-117.0,142.5,0.0,0.0
oe:player:01691a35fd830394e9b5565308805d9,Phlaty,Webidoo Gaming,PGN,EMEA,Deuxième niveau,Mid,14,-311.0,293.0,-733.0,,,
oe:player:f216690ac90e0a1c2097a616cb4453e,Sparz,Webidoo Gaming,PGN,EMEA,Deuxième niveau,Support,14,-312.0,293.0,-857.0,,,
oe:player:affea2faa664cb5130a7569ac4b74b3,Feitan,Furious Gaming,LRS,Brésil & Amérique latine,Deuxième niveau,Support,40,-312.0,320.0,12.0,130.0,0.0,0.0
oe:player:3697b5086f8d4511f75070f95c95aae,Faith,aNc Outplayed,PGN,EMEA,Deuxième niveau,Jungle,39,-313.0,274.0,-907.0,153.0,0.0,0.0
oe:player:523b1440a5811bd9b4730c2a63545b7,ezman,V3 Esports Academy,LJLA,Asie-Pacifique,Deuxième niveau,ADC,34,-313.0,296.0,97.0,164.0,0.0,0.0
oe:player:11b40dd5fcd01f1fca9496859ccd862,Shelfmade,exeed,UL,EMEA,Deuxième niveau,Top,18,-314.0,291.0,-380.0,,,
oe:player:af539fe9e7386d6bedf1e33c133eac4,Cracker,Hanwha Life Esports Academy,LAS,Corée,Troisième niveau,Mid,10,-315.0,415.0,-1424.0,,,
oe:player:583b37153ab396f8cc5fc54391ece79,Valans,Fnatic TQ,NEXO,EMEA,Troisième niveau,Mid,29,-315.0,290.0,341.0,29.0,0.0,0.0
oe:player:0114600fd7028a75f762bb772a5f6f1,Mystiques,exeed,UL,EMEA,Deuxième niveau,Support,32,-316.0,275.0,-57.0,170.0,0.0,0.0
oe:player:238bc1a8dbba35dbd93e4c7793a20a0,Gastruks,All Knights,LLA,Brésil & Amérique latine,Ligue majeure,Support,24,-317.0,284.0,-1941.0,92.0,0.0,0.0
oe:player:f6d396ec0d1bfac782d5389da59df76,Enapon,V3 Esports Academy,LJLA,Asie-Pacifique,Deuxième niveau,Mid,34,-317.0,296.0,172.0,165.0,0.0,0.0
oe:player:ff2cb409f47096abcc2eba6bf609bdd,Mimic,3BL Esports,AL,EMEA,Deuxième niveau,ADC,27,-317.0,285.0,-653.0,159.0,0.0,0.0
oe:player:2f4dff060d224582dc34b449697b12c,Lothen,Illuminar Gaming,UL,EMEA,Deuxième niveau,ADC,47,-317.0,285.0,-220.0,159.0,0.0,0.0
oe:player:c08f75d1d70bf068013b32f60fe96a5,Vigil,exeed,UL,EMEA,Deuxième niveau,Mid,32,-318.0,277.0,-259.0,156.0,0.0,0.0
oe:player:14775c5f3aa804d18189fde40649c5d,Emvipi,Kawaii Kiwis,NEXO,EMEA,Troisième niveau,Jungle,20,-319.0,301.0,393.0,27.0,0.0,0.0
oe:player:7f3e703e4323775aac9adbc31482e81,M0NK,Iron Wolves,UL,EMEA,Deuxième niveau,ADC,24,-320.0,280.0,-236.0,160.0,0.0,0.0
oe:player:b8441a3fc649ee4789bc3ded34f46d6,Janus,Kiwoom DRX Academy,LAS,Corée,Troisième niveau,Top,31,-320.0,413.0,-1238.0,23.0,0.0,0.0
oe:player:87f85a789150607e6f6e0dae8652249,Oniikhan,Twisted Minds,AL,EMEA,Deuxième niveau,Mid,14,-321.0,296.0,-542.0,,,
oe:player:5a804d07122e4fee39975c8097146f4,Violet,Pentanet.GG,LCO,Asie-Pacifique,Ligue majeure,ADC,33,-321.0,295.0,450.0,97.0,0.0,0.0
oe:player:e362635a33c6fc3982a35ac6256f04a,Gaarfield,Vanir,NLC,EMEA,Deuxième niveau,Support,35,-321.0,279.0,-614.0,172.0,0.0,0.0
oe:player:f1bf3336d6fd120b3eee3952c39c067,Carbono,Veni Vidi Vici,NEXO,EMEA,Troisième niveau,Jungle,28,-321.0,299.0,381.0,27.0,0.0,0.0
oe:player:5cc4071294a16477e992b3c8a2b7715,Shernfire,Pentanet.GG,LCO,Asie-Pacifique,Ligue majeure,Jungle,33,-322.0,295.0,18.0,100.0,0.0,0.0
oe:player:3ec4168709e1af5cdf9f8fd66dec6f2,Salami,Back2TheGame,UL,EMEA,Deuxième niveau,ADC,12,-322.0,293.0,-247.0,,,
oe:player:27a9c63188ab92f603ab1fd42cb889a,Obsess,E WIE EINFACH E-SPORTS,PRM,EMEA,Deuxième niveau,Jungle,18,-323.0,286.0,-1643.0,,,
oe:player:0e124d33946bb002315d287841dd97a,klowny,Cyber Wolves,EBL,EMEA,Deuxième niveau,Top,64,-323.0,278.0,532.0,173.0,0.0,0.0
oe:player:ae50e71f31d35aee5c589498e3c1b17,nicolaiy,Forsaken,UL,EMEA,Deuxième niveau,Jungle,34,-323.0,277.0,-127.0,160.0,0.0,0.0
oe:player:b366e140eae91b8d8f8c03294238f32,StenBosse,Panathinaikos Esports,PGN,EMEA,Deuxième niveau,Top,40,-323.0,277.0,-483.0,139.0,0.0,0.0
oe:player:7f74c1fc50f80a06152c610c4a3b034,Yerikan,Saprissa Esports,LRN,Brésil & Amérique latine,Deuxième niveau,Support,61,-324.0,321.0,-162.0,134.0,0.0,0.0
oe:player:282a82702dfe9e5d21a45e7753cb925,Jamie,NOVO Esports,PGN,EMEA,Deuxième niveau,ADC,11,-325.0,295.0,-1238.0,,,
oe:player:df3f37d87473767caaa78b04dffc663,Whyx,Kawaii Kiwis,NEXO,EMEA,Troisième niveau,Support,15,-326.0,306.0,144.0,,,
oe:player:df72759c8339d15228c11df5bdc62bb,FIERCE,Team UNiTY,HC,EMEA,Troisième niveau,Mid,29,-326.0,301.0,1692.0,26.0,0.0,0.0
oe:player:e58cdf8eba80387a09db24e165d7d1c,S1D,aNc Outplayed,PGN,EMEA,Deuxième niveau,Support,14,-327.0,294.0,-934.0,,,
oe:player:feb29d48f9133d43a2a5faad1d92253,Pinnnk,V3 Esports Academy,LJLA,Asie-Pacifique,Deuxième niveau,Top,34,-327.0,296.0,153.0,170.0,0.0,0.0
oe:player:d7f3cfa48a52dda4354774a809402b2,Nikolex,mCon esports,ESLOL,EMEA,Deuxième niveau,Jungle,33,-327.0,274.0,-86.0,150.0,0.0,0.0
oe:player:7436fcbebba393585b3d82723d6dd4e,Aeon,Forsaken,UL,EMEA,Deuxième niveau,ADC,40,-327.0,274.0,-271.0,145.5,0.0,0.0
oe:player:65d07a500311927a34def0071e06368,SuperSaiyan,Keypulse Esports,LPLOL,EMEA,Deuxième niveau,ADC,13,-328.0,292.0,270.0,,,
oe:player:841a33657841e55eb6b68b86de53af9,Bruce,V3 Esports Academy,LJLA,Asie-Pacifique,Deuxième niveau,Jungle,34,-329.0,296.0,72.0,168.0,0.0,0.0
oe:player:f42c5de0636dd139414a859d9772dcb,Freazy,Zerolag Esports,GLL,EMEA,Deuxième niveau,Mid,21,-329.0,292.0,44.0,154.0,0.0,0.0
oe:player:61eec59806c0beb33d2ffa40fcda3f5,Sl4shD,White Dragons,LPLOL,EMEA,Deuxième niveau,Top,30,-330.0,281.0,586.0,176.0,0.0,0.0
oe:player:0b86165c05c887717356385698f19fa,Jaunutis1,Iron Wolves,UL,EMEA,Deuxième niveau,Jungle,41,-330.0,280.0,-163.0,165.5,0.0,0.0
oe:player:e01477fd207fef2d6474585a75fbcbd,Goldenpenny,Veni Vidi Vici,NL,EMEA,Troisième niveau,ADC,22,-331.0,284.0,-916.0,24.0,0.0,0.0
oe:player:994882ce341b5949034f3975746ff32,Benvi,Team Bliss,LCO,Asie-Pacifique,Ligue majeure,Support,31,-331.0,284.0,-153.0,101.0,0.0,0.0
oe:player:82e966ac8c3088168c3c6bd74769eae,Dean,GnG Esports,AL,EMEA,Deuxième niveau,Jungle,41,-331.0,282.0,-944.0,163.0,0.0,0.0
oe:player:a4789b372c90f205df8abe782ea8c51,Jimsnop,Team Refuse,GLL,EMEA,Deuxième niveau,Mid,10,-332.0,296.0,27.0,,,
oe:player:eb0f02d59b274dfa0d5fdef84e146af,s0ul,Team Fish Taco,NACL,Amérique du Nord,Deuxième niveau,Top,59,-333.0,306.0,-2126.0,123.0,0.0,0.0
oe:player:0b2a8385eb649ea60d639801de9026e,Tele,Crest Gaming Act Academy,LJLA,Asie-Pacifique,Deuxième niveau,ADC,24,-334.0,302.0,-8.0,171.0,0.0,0.0
oe:player:3de7771c14997011b2ab89b44a6b78b,Lelouch,Twisted Minds,AL,EMEA,Deuxième niveau,ADC,14,-334.0,296.0,-737.0,,,
oe:player:193f83b4d6615f92af0776035551008,Mrozku,Illuminar Gaming,UL,EMEA,Deuxième niveau,Mid,47,-334.0,285.0,-339.0,158.5,0.0,0.0
oe:player:30fda405a39a1754550e87835c669fb,Emp,Globant Emerald,LRS,Brésil & Amérique latine,Deuxième niveau,Mid,43,-334.0,332.0,203.0,136.0,0.0,0.0
oe:player:b57e72ed35022b11f16f095682ff782,Anyyy,LOUD Academy,CBLOLA,Brésil & Amérique latine,Deuxième niveau,Mid,14,-335.0,315.0,355.0,,,
oe:player:b665b9fa5f821ff73a873d0cecb0682,D4SH,White Dragons,LPLOL,EMEA,Deuxième niveau,Jungle,66,-335.0,278.0,588.0,158.0,0.0,0.0
oe:player:eb2f72ebea03c2a5faf6ddf8e54639d,Kebap,Team Refuse,GLL,EMEA,Deuxième niveau,Top,10,-336.0,296.0,-401.0,,,
oe:player:32021f59c40539f27ff6300bb840ca2,Kaii,Kawaii Kiwis,NEXO,EMEA,Troisième niveau,ADC,47,-336.0,305.0,45.0,24.0,0.0,0.0
oe:player:a11a2f5bbd0604fc798b5b63c9b38ba,Pipibaat,Vanir,NLC,EMEA,Deuxième niveau,Jungle,28,-336.0,281.0,-532.0,163.0,0.0,0.0
oe:player:371572c71e802c9eefa062240d816e9,Saviour,NNO Prime,PRM,EMEA,Deuxième niveau,Support,18,-336.0,287.0,-1767.0,,,
oe:player:ac9be3f72046aca1f6f14ffaeb4c8b8,Feedarias,For The Win Esports,LPLOL,EMEA,Deuxième niveau,Support,41,-337.0,283.0,358.0,166.0,0.0,0.0
oe:player:f9c3db5fdf2c5fb45f552127922d105,B Butcher,3BL Esports,AL,EMEA,Deuxième niveau,Support,41,-338.0,278.0,-386.0,157.0,0.0,0.0
oe:player:39781e6e659cc38912c92b65a1761b3,Tima,Crest Gaming Act Academy,LJLA,Asie-Pacifique,Deuxième niveau,Jungle,24,-339.0,302.0,22.0,176.0,0.0,0.0
oe:player:585cc115bc3aa9a5ebf7c9521ad6f7f,Ryuin,NOVO Esports,PGN,EMEA,Deuxième niveau,Mid,11,-339.0,295.0,-872.0,,,
oe:player:b5b658014250af306829c2d0ebc1e0e,Calumnia,West Point Esports Academy,PCS,Asie-Pacifique,Ligue majeure,Mid,22,-339.0,281.0,-2238.0,98.0,0.0,0.0
oe:player:031cdb3ed738ad5aa478cbf13baecae,Griba,paiN Gaming Academy,CBLOLA,Brésil & Amérique latine,Deuxième niveau,Support,46,-339.0,307.0,-122.0,183.0,0.0,0.0
oe:player:70d516fd78bcce28e19f4b422bb9f02,scuro,KaBuM! Academy,CBLOLA,Brésil & Amérique latine,Deuxième niveau,ADC,61,-340.0,293.0,325.0,173.0,0.0,0.0
oe:player:bc68447931d007649eacc11979c1130,Noki,Team Refuse,GLL,EMEA,Deuxième niveau,Support,10,-341.0,296.0,-131.0,,,
oe:player:cd2a9194c2d998264f7632728c6d8c6,hachamecha,FENNEL,LJL,Asie-Pacifique,Ligue majeure,Jungle,74,-341.0,315.0,-59.0,98.0,0.0,0.0
oe:player:8ada0880863e88a50f39ab949c508ec,Vortum,BWE Esports,LPLOL,EMEA,Deuxième niveau,Top,30,-341.0,281.0,530.0,181.0,0.0,0.0
oe:player:8c94d8f085f29ee2785e796e60e13c0,Chova,Zerolag Esports,GLL,EMEA,Deuxième niveau,Support,21,-341.0,292.0,-133.0,164.0,0.0,0.0
oe:player:ae47062e8906d12c9f92a2ec49fce87,Endz,exeed,UL,EMEA,Deuxième niveau,ADC,32,-341.0,277.0,-342.0,164.0,0.0,0.0
oe:player:eb4a97ac9936caf7fad8c8eaa1b0eed,WaenA,Team ESCA Gaming,UL,EMEA,Deuxième niveau,Mid,42,-341.0,276.0,-370.0,154.0,0.0,0.0
oe:player:a18df5898bbd2428ef3afb457f47da2,ShazQ,Back2TheGame,UL,EMEA,Deuxième niveau,Jungle,12,-342.0,293.0,-221.0,,,
oe:player:579eab5c8b8db892cc12d4905841a27,Odessa,Crest Gaming Act Academy,LJLA,Asie-Pacifique,Deuxième niveau,Support,24,-343.0,302.0,72.0,179.0,0.0,0.0
oe:player:c621963a1ce2f0d77627ce04b22a249,Leks,Rift Sloths,ESLOL,EMEA,Deuxième niveau,Top,26,-343.0,292.0,238.0,193.0,0.0,0.0
oe:player:fbbdc14045f1d9b78dd8fd4ca50306d,Piqueos,Tomorrow Esports,LRN,Brésil & Amérique latine,Deuxième niveau,Mid,56,-344.0,328.0,-153.0,123.0,0.0,0.0
oe:player:1f413ce184963e0298415f42859551c,Ethe,Hijos De Patria,NEXO,EMEA,Troisième niveau,Top,21,-344.0,305.0,263.0,29.0,0.0,0.0
oe:player:451435072a48580d2b9f106c3552370,Zimba,MS Company,NL,EMEA,Troisième niveau,Support,48,-344.0,279.0,-884.0,24.0,0.0,0.0
oe:player:de74dc0ce635e91e85ca1a5056668cb,Keishao,EBRO,LRS,Brésil & Amérique latine,Deuxième niveau,Support,36,-344.0,319.0,-149.0,169.0,0.0,0.0
oe:player:58ee2554b3f0e3a755be6030dfa0ac0,Jiahao,Oxygen Valiants,NEXO,EMEA,Troisième niveau,Jungle,14,-344.0,311.0,265.0,,,
oe:player:8919dd8e521e752a1b1a13955554b9f,Foxie,Bis Esports,NEXO,EMEA,Troisième niveau,Mid,26,-345.0,303.0,187.0,28.0,0.0,0.0
oe:player:054278a12ab2dc32b90504436297f38,UniqueCORN,UniQ Esports Club,NLC,EMEA,Deuxième niveau,Mid,22,-345.0,290.0,-680.0,174.0,0.0,0.0
oe:player:3f9aef592d06e0bff9eb3d8f38adc72,BlackSwan,GLORE,HC,EMEA,Troisième niveau,ADC,19,-345.0,319.0,1654.0,,,
oe:player:9f123d50225f8efc664774485f85941,Frost,MS Company,NL,EMEA,Troisième niveau,Jungle,15,-345.0,292.0,-852.0,,,
oe:player:af8684d2a664819382dae0c8d7ae842,Duck,Project Conquerors,NL,EMEA,Troisième niveau,ADC,18,-346.0,293.0,-993.0,,,
oe:player:14ab5f52ef3268bfc818e12fda4e226,zorenous,Dire Wolves,LCO,Asie-Pacifique,Ligue majeure,Top,40,-347.0,292.0,20.0,105.0,0.0,0.0
oe:player:109584bec997c7849a501771e35ba00,Lickmyheal,Triple Esports,AL,EMEA,Deuxième niveau,Support,28,-347.0,283.0,-433.0,172.0,0.0,0.0
oe:player:7a27b91a1ea41f157f4b3df8889621f,Sirinox,Gamespace Mediterranean College Esports,GLL,EMEA,Deuxième niveau,ADC,39,-348.0,278.0,-326.0,157.0,0.0,0.0
oe:player:8e00e6377e8725af3b2bc927d6710e4,Grzybek,Team ESCA Gaming,UL,EMEA,Deuxième niveau,Top,31,-348.0,286.0,-550.0,172.0,0.0,0.0
oe:player:a9a6498abcc5fa1f2feb4184f74fac5,Monstrob,GTZ Esports,NL,EMEA,Troisième niveau,Mid,20,-349.0,286.0,-892.0,26.0,0.0,0.0
oe:player:82a42c3ebfd83735f1aaf93cf8adf7e,Decoy,Dire Wolves,LCO,Asie-Pacifique,Ligue majeure,Support,40,-349.0,292.0,-245.0,101.0,0.0,0.0
oe:player:93df2976884f8572cd3f3ca5ac0324e,L0wzy,Wild Panthers Esports,ESLOL,EMEA,Deuxième niveau,Jungle,11,-349.0,289.0,-199.0,,,
oe:player:30a4cf12c7b1c9a3f69e8ff247e8ed9,Camilo,Furious Gaming,LRS,Brésil & Amérique latine,Deuxième niveau,Jungle,38,-349.0,321.0,35.0,162.0,0.0,0.0
oe:player:9bbe92a6cefce18d43887478b670435,Adison,Forsaken,UL,EMEA,Deuxième niveau,ADC,60,-349.0,272.0,-378.0,164.5,0.0,0.0
oe:player:a68581f40d30119bad63673b157e660,Velja,Cyber Wolves,EBL,EMEA,Deuxième niveau,Jungle,47,-349.0,276.0,-148.0,174.0,0.0,0.0
oe:player:e4219f8b8dc608cdce7b8ee6d5777b4,6ax,Crvena zvezda Esports,EBL,EMEA,Deuxième niveau,Mid,32,-350.0,283.0,-54.0,182.0,0.0,0.0
oe:player:a0c87894f0e56ae5f63b8d22f450532,FENZ1,DREN Esports,PGN,EMEA,Deuxième niveau,Mid,45,-350.0,274.0,-926.0,142.0,0.0,0.0
oe:player:4b54bd2134c923b7b6a9bab64ef00cd,Dreampull,Axolotl,PGN,EMEA,Deuxième niveau,Top,28,-351.0,281.0,-622.0,163.0,0.0,0.0
oe:player:84f7113ec0a9e3f3c583c37b000c4fe,EscA,Kiwoom DRX Academy,LAS,Corée,Troisième niveau,Mid,31,-353.0,413.0,-1612.0,24.0,0.0,0.0
oe:player:11dd44ac5921ecf53491b3e6128842d,Spooder,EGN Esports,NLC,EMEA,Deuxième niveau,Top,32,-353.0,278.0,-861.0,180.0,0.0,0.0
oe:player:b7e4a8748ccc631e497e4a5a80a77a7,Chemera,Fourth Wall,NLC,EMEA,Deuxième niveau,Support,14,-353.0,293.0,-772.0,,,
oe:player:d11c67c4c3a40031d66d32ecb806d53,Chippys,Pentanet.GG,LCO,Asie-Pacifique,Ligue majeure,Top,33,-354.0,295.0,-16.0,105.0,0.0,0.0
oe:player:9c838821bec1484d653a45ad1f9dccc,Blade,Team UNiTY,HC,EMEA,Troisième niveau,Jungle,29,-354.0,301.0,1396.0,26.0,0.0,0.0
oe:player:ed74ac1457eaea4683f98db2f7fe974,Charca,Team Sampi,HM,EMEA,Deuxième niveau,ADC,27,-355.0,287.0,-107.0,174.0,0.0,0.0
oe:player:6aa036de3fa6c6f1115df7c22a89617,Chazz,Dire Wolves,LCO,Asie-Pacifique,Ligue majeure,Mid,40,-355.0,292.0,223.0,102.0,0.0,0.0
oe:player:aa07cee593e6c3caeba21b4ee4c6075,AKaJe,Kiwoom DRX Academy,LAS,Corée,Troisième niveau,ADC,31,-355.0,413.0,-1250.0,24.0,0.0,0.0
oe:player:1791c6298f798379cfb331fc03b7a34,Syzyf,Back2TheGame,UL,EMEA,Deuxième niveau,Mid,12,-356.0,293.0,-449.0,,,
oe:player:9d504395b7e13ea13a9a382ceb6e3bf,Sad,One More Esports,AL,EMEA,Deuxième niveau,Top,14,-356.0,299.0,-544.0,,,
oe:player:c52d1f6b94c909ec3b822acff420409,Own3r,For The Win Esports,LPLOL,EMEA,Deuxième niveau,Jungle,42,-356.0,283.0,480.0,178.0,0.0,0.0
oe:player:064499cc8ab359fa4293b76349969c1,Nasser,Dango SB,NEXO,EMEA,Troisième niveau,Jungle,11,-357.0,306.0,202.0,,,
oe:player:34e2006c70cd1f48884af0b183c0c29,Kandar,Oxygen Kumiho,NEXO,EMEA,Troisième niveau,Support,27,-357.0,294.0,-15.0,30.0,0.0,0.0
oe:player:5ceffcb8b6fbd4f36d37cce979fa3c0,Zty,Iron Wolves,UL,EMEA,Deuxième niveau,Mid,20,-357.0,288.0,-450.0,167.0,0.0,0.0
oe:player:501884267ff0b365b574034443687d4,Jony,NOVO Esports,PGN,EMEA,Deuxième niveau,Jungle,11,-358.0,295.0,-1133.0,,,
oe:player:4f7a70e4a2d3a81289bd3efad09b915,Fatorix,Descuydado Aucas Esports,LRN,Brésil & Amérique latine,Deuxième niveau,ADC,61,-358.0,313.0,-502.0,137.0,0.0,0.0
oe:player:1d6cd255124f73442571e8ceef2e479,Kellie,ECORP,NEXO,EMEA,Troisième niveau,Support,37,-358.0,300.0,-18.0,30.0,0.0,0.0
oe:player:ee3b248c3891b6a76a1d12d4ead39df,WeiZoR,aNc Outplayed,PGN,EMEA,Deuxième niveau,Top,36,-359.0,278.0,-664.0,195.0,0.0,0.0
oe:player:9a754e5ccd044dd74ff3a9d184350ab,Praedyth,Dire Wolves,LCO,Asie-Pacifique,Ligue majeure,ADC,40,-359.0,292.0,261.0,98.0,0.0,0.0
oe:player:d6e5b7a94e59dca541f76445d39226f,DONGGY,Pentanet.GG,LCO,Asie-Pacifique,Ligue majeure,Mid,33,-360.0,295.0,197.0,103.0,0.0,0.0
oe:player:3d3877877b668d8894fddbec1b9840b,Dioge,KaBuM! Academy,CBLOLA,Brésil & Amérique latine,Deuxième niveau,Mid,61,-361.0,311.0,225.0,174.0,0.0,0.0
oe:player:fc4ef7ece971cc48b1441b44b2b8035,reje,Akroma,NL,EMEA,Troisième niveau,ADC,14,-361.0,296.0,-1069.0,,,
oe:player:f064e548adf728629afbc6fee730317,Leo,FENNEL,LJL,Asie-Pacifique,Ligue majeure,ADC,42,-361.0,306.0,-109.0,98.0,0.0,0.0
oe:player:e9008c2d3cecf7a185a26f383d655a7,Elaina,Dewish Tnu Team,PCL,Asie-Pacifique,Deuxième niveau,Support,11,-361.0,298.0,-2221.0,,,
oe:player:77853c4a71c55061b69cd9335ec2e8c,Libra,Heracles Gaming,NEXO,EMEA,Troisième niveau,Top,33,-362.0,295.0,170.0,29.0,0.0,0.0
oe:player:ba62cc99a31d755b9e9229e15ccc467,Murph,GnG Esports,AL,EMEA,Deuxième niveau,Top,39,-362.0,281.0,-577.0,176.0,0.0,0.0
oe:player:245f7eaae7ba30fe4346971986c2071,Xëmon,Team sucrée au sucre,ESLOL,EMEA,Deuxième niveau,ADC,10,-363.0,299.0,473.0,,,
oe:player:e0a43168d41258cae77aed2b6126541,Sh3ry,Bis Esports,NEXO,EMEA,Troisième niveau,ADC,26,-363.0,303.0,-88.0,28.0,0.0,0.0
oe:player:8b079f380fd759d343b25bdfe0a62ce,Imaginer,Rift Sloths,ESLOL,EMEA,Deuxième niveau,Mid,10,-363.0,297.0,406.0,,,
oe:player:9644eeb7778d2314eeabefbc4e380aa,CrabLord,Dynasty,ESLOL,EMEA,Deuxième niveau,Support,21,-363.0,296.0,436.0,194.0,0.0,0.0
oe:player:3b8914e862fc0b2502e33b15b21b36c,bicas,BWE Esports,LPLOL,EMEA,Deuxième niveau,Jungle,36,-363.0,277.0,445.0,180.0,0.0,0.0
oe:player:fc89421a5b3f5cbef82f93eed2a1f95,Sunblast,WAP Esports,LRS,Brésil & Amérique latine,Deuxième niveau,Top,43,-363.0,313.0,-327.0,146.0,0.0,0.0
oe:player:b10bd58394ab73ced3f241c3a904899,Falleo,Fox Gaming,AL,EMEA,Deuxième niveau,Top,28,-363.0,279.0,-580.0,168.0,0.0,0.0
oe:player:0bc5fcab55bbf49db26783e2567e41c,Vizi,Team Sampi,HM,EMEA,Deuxième niveau,Support,28,-364.0,288.0,-365.0,182.0,0.0,0.0
oe:player:034f451964aa80cb78180265e4ebd01,Renewal,Klanik Esport,HC,EMEA,Troisième niveau,Jungle,20,-364.0,283.0,1346.0,20.0,0.0,0.0
oe:player:b94e8760d00efd6eea4ec2597e1f46f,EL,Burning Core Toyama,LJL,Asie-Pacifique,Ligue majeure,Jungle,50,-365.0,304.0,-178.0,98.0,0.0,0.0
oe:player:63aedc3ed1ae310061dc1aee9b6a657,Pocok,Crvena zvezda Esports,EBL,EMEA,Deuxième niveau,Jungle,18,-365.0,294.0,-227.0,,,
oe:player:28e2371121f5f788287013559cd9c6f,Cimpo,Axolotl,PGN,EMEA,Deuxième niveau,ADC,14,-365.0,292.0,-1437.0,,,
oe:player:fda16aebf3a9d12ab30555aebe84b42,Yute,Fourth Wall,NLC,EMEA,Deuxième niveau,Jungle,14,-366.0,293.0,-683.0,,,
oe:player:73e82c479af3a7c2da939e8200e60f8,Corporal,FENNEL,LJL,Asie-Pacifique,Ligue majeure,Support,72,-366.0,311.0,39.0,101.0,0.0,0.0
oe:player:fbda6b0c0c46b4abfd3518c03e96e02,Perle,Crest Gaming Act Academy,LJLA,Asie-Pacifique,Deuxième niveau,Top,24,-366.0,302.0,-42.0,181.0,0.0,0.0
oe:player:5ce2ea92f949e2b50f4944d5d8f5693,Scofield,Hijos De Patria,PGN,EMEA,Deuxième niveau,Jungle,10,-366.0,294.0,-1176.0,,,
oe:player:9970a9b7dfef2df3002d7217596010e,many,AliorBank Team,UL,EMEA,Deuxième niveau,Mid,22,-367.0,281.0,-501.0,166.0,0.0,0.0
oe:player:f99859b6e3fe5d048d9e109a3fa0a17,Eradan,INTZ Academy,CBLOLA,Brésil & Amérique latine,Deuxième niveau,Top,38,-367.0,307.0,238.0,201.0,0.0,0.0
oe:player:4504a10c633f886522c674b25720864,Mytant,Fox Gaming,AL,EMEA,Deuxième niveau,ADC,14,-367.0,293.0,-903.0,,,
oe:player:31cccca205acd405af7448acc24c687,Nacho,Taurus Esports,NEXO,EMEA,Troisième niveau,Jungle,12,-368.0,309.0,147.0,,,
oe:player:557eccd321b7f10f5127c1ef27aaac7,Atomic,Dewish Tnu Team,PCL,Asie-Pacifique,Deuxième niveau,Top,11,-368.0,298.0,-2444.0,,,
oe:player:ffa7f50db949da3f7ccec7e2c4ec4c6,raining,BRUTE,HM,EMEA,Deuxième niveau,ADC,43,-368.0,277.0,-170.0,166.0,0.0,0.0
oe:player:b72f2f4cfef6d31b875e2196bd7dd76,Syzyfek,Iron Wolves,UL,EMEA,Deuxième niveau,ADC,26,-369.0,281.0,-480.0,161.0,0.0,0.0
oe:player:e8ff461b567776b254963373be94961,Toni,The Agency,ESLOL,EMEA,Deuxième niveau,Jungle,22,-370.0,296.0,-300.0,193.0,0.0,0.0
oe:player:cefb78f4cb1e9cca79eefc393d98e72,Brayaron,Globant Emerald,LRS,Brésil & Amérique latine,Deuxième niveau,Top,42,-371.0,301.0,-370.0,157.0,0.0,0.0
oe:player:f6f8d33e55497cb40269be33f894ab6,LeoLeCargo,Project Conquerors,NL,EMEA,Troisième niveau,Support,18,-372.0,293.0,-1026.0,,,
oe:player:45bcb11782eca4084400fa8edd067c4,Foxy,Janus Esports,LRN,Brésil & Amérique latine,Deuxième niveau,ADC,47,-372.0,338.0,-572.0,144.0,0.0,0.0
oe:player:4b6557e79af901ff0372a85f848ccb8,Dream Maker,aNc Outplayed,PGN,EMEA,Deuxième niveau,Mid,34,-372.0,274.0,-1036.0,162.0,0.0,0.0
oe:player:0f0b0a45df28cf6869d4d6f31cac9a4,Marty,A One Man Army,ESLOL,EMEA,Deuxième niveau,Mid,26,-374.0,290.0,349.0,188.0,0.0,0.0
oe:player:dfc55a92566a6cc7cd3208f8ae8a05e,Kantoshi,PÊEK Gaming,GL,Brésil & Amérique latine,Deuxième niveau,Top,39,-374.0,333.0,974.0,181.0,0.0,0.0
oe:player:f32776bb3b0bfb1cd3261868df4dfce,Calmsky,For The Win Esports,LPLOL,EMEA,Deuxième niveau,Support,58,-375.0,279.0,165.0,180.0,0.0,0.0
oe:player:3632f7faea4f2308800dc03eaeb2179,Juggernaut,GnG Esports,AL,EMEA,Deuxième niveau,Mid,29,-376.0,286.0,-815.0,167.0,0.0,0.0
oe:player:a37663bcbd7b6046c6fb0ce58ecbeca,Aithusa,RED Academy,CBLOLA,Brésil & Amérique latine,Deuxième niveau,Mid,44,-376.0,309.0,154.0,183.0,0.0,0.0
oe:player:efbba3a734bb8ea2cd95149a1dfabad,Kanaxi,Spectacled Bears,LRS,Brésil & Amérique latine,Deuxième niveau,Jungle,10,-377.0,328.0,-107.0,,,
oe:player:c7dfa76dc1551469068a4a375536e2c,iFrix,Pirate Dream,LRN,Brésil & Amérique latine,Deuxième niveau,Jungle,52,-377.0,326.0,-447.0,169.0,0.0,0.0
oe:player:0e0105089c58fa44480f11ebaade6db,Shieldworm,Janus Esports,LRN,Brésil & Amérique latine,Deuxième niveau,Mid,32,-377.0,344.0,-316.0,158.0,0.0,0.0
oe:player:521276891920ab2e3789006e79a53f8,Style,EBRO,LRS,Brésil & Amérique latine,Deuxième niveau,Jungle,28,-377.0,316.0,-105.0,168.0,0.0,0.0
oe:player:271cc8797701a2339a456d2c3ca25cb,Cartamenio,Kumiho Esports,NEXO,EMEA,Troisième niveau,Support,25,-378.0,308.0,-117.0,30.0,0.0,0.0
oe:player:35f5192d4fdd084a780d636ae812cb7,ardaffler,Rift Sloths,ESLOL,EMEA,Deuxième niveau,ADC,12,-378.0,298.0,396.0,,,
oe:player:9ba0c7441938701317818f1e73b12bd,9eetoo,GnG Esports,AL,EMEA,Deuxième niveau,Top,15,-379.0,296.0,-659.0,,,
oe:player:55e35458830cbecac40b04619bd6029,STANIK,DREN Esports,HM,EMEA,Deuxième niveau,Mid,30,-379.0,281.0,-181.0,178.0,0.0,0.0
oe:player:9e0d36678131df9bde116a964c542ef,choego,Crvena zvezda Esports,EBL,EMEA,Deuxième niveau,ADC,18,-380.0,294.0,-117.0,,,
oe:player:9c51ed760409db6fa2a02fe8046f110,Curse,RED Academy,CBLOLA,Brésil & Amérique latine,Deuxième niveau,Jungle,23,-380.0,308.0,100.0,202.0,0.0,0.0
oe:player:8e01eb2dab560099ace2ed32c82ea06,SuperCleber,KaBuM! Academy,CBLOLA,Brésil & Amérique latine,Deuxième niveau,Top,61,-381.0,311.0,166.0,178.0,0.0,0.0
oe:player:1d35270338bf28830fbaff7e93d9148,Bcan,Rift Sloths,ESLOL,EMEA,Deuxième niveau,Mid,26,-383.0,292.0,305.0,188.0,0.0,0.0
oe:player:c49e01c67147c8b2580273ca5e0d261,Melekx,Cryptova,HM,EMEA,Deuxième niveau,Support,38,-383.0,285.0,-461.0,187.0,0.0,0.0
oe:player:466d302713c8abd2346b8f1e6ec6234,DoubleAiM,Valiance,EBL,EMEA,Deuxième niveau,Jungle,14,-384.0,293.0,-322.0,,,
oe:player:c4885248db212a1af7845cdd043a304,DeathClaw,Dewish Tnu Team,PCL,Asie-Pacifique,Deuxième niveau,Mid,11,-384.0,298.0,-2897.0,,,
oe:player:54cdca5a55dca8e6da7e43d33b7c361,Paradox,DREN Esports,PGN,EMEA,Deuxième niveau,Support,38,-384.0,275.0,-1219.0,170.0,0.0,0.0
oe:player:b130a61ae7edad6eeb8e353fd7b828e,Orre,Panathinaikos Esports,GLL,EMEA,Deuxième niveau,ADC,26,-385.0,278.0,-508.0,176.0,0.0,0.0
oe:player:bcd61ebb24698511281a624595bb2f7,Hazel,Crvena zvezda Esports,EBL,EMEA,Deuxième niveau,ADC,14,-385.0,292.0,-140.0,,,
oe:player:845fdad69b84b7356d6b1a352517cc7,Lykki,Team sucrée au sucre,ESLOL,EMEA,Deuxième niveau,Jungle,12,-385.0,296.0,-379.0,,,
oe:player:fdc16c7495d2f61f9f116432b4a1f1a,RayFarky,Burning Core Toyama,LJL,Asie-Pacifique,Ligue majeure,Top,60,-387.0,320.0,-98.0,107.0,0.0,0.0
oe:player:eca327ff4d6ae42715b64e9beae4813,Only35,Team Phantasma,GLL,EMEA,Deuxième niveau,Support,35,-388.0,276.0,-365.0,181.0,0.0,0.0
oe:player:07246543c68cf361f00921dbea24efe,Marcv1,Oxygen Kumiho,NEXO,EMEA,Troisième niveau,ADC,36,-389.0,286.0,-222.0,29.0,0.0,0.0
oe:player:ae380722f9cab8ed1969201b1fcda6d,Mietek,Back2TheGame,UL,EMEA,Deuxième niveau,Top,12,-389.0,293.0,-755.0,,,
oe:player:540248913959f74ac98ee84ff5c1dcd,Alps,Crest Gaming Act Academy,LJLA,Asie-Pacifique,Deuxième niveau,Mid,23,-389.0,301.0,-186.0,181.0,0.0,0.0
oe:player:60dde30f1d6b9a9c78ba115f63ea102,Skeeto,All Knights,LLA,Brésil & Amérique latine,Ligue majeure,Top,27,-390.0,297.0,-2262.0,96.0,0.0,0.0
oe:player:72454c442d7971c84f895b946331ca1,Opdat,Kiwoom DRX Academy,LAS,Corée,Troisième niveau,Support,31,-390.0,413.0,-1397.0,25.0,0.0,0.0
oe:player:df7fb677687a886fb22f75da316b949,Saulius,Iron Wolves,UL,EMEA,Deuxième niveau,Mid,18,-391.0,290.0,-620.0,,,
oe:player:db38739eda4ad887b7d852545212528,Zergsting,Cyberground Gaming,PGN,EMEA,Deuxième niveau,Support,12,-391.0,292.0,-1252.0,,,
oe:player:fa4ae2753564bfa2d726aa2754df962,basuban,Fullclear Esports,ESLOL,EMEA,Deuxième niveau,Top,14,-391.0,296.0,-3.0,,,
oe:player:b3be46a86b1aa202048833bc87d26cc,Dimeh,ZennIT,ESLOL,EMEA,Deuxième niveau,ADC,34,-392.0,284.0,329.0,182.0,0.0,0.0
oe:player:323b1ce118ee27efaa0f0e2d163d31e,Manel,FURIA Youth,CBLOLA,Brésil & Amérique latine,Deuxième niveau,Support,25,-392.0,306.0,-388.0,206.0,0.0,0.0
oe:player:4f2fac7b928aa8e7d8bc73d99afda24,Look,INTZ Academy,CBLOLA,Brésil & Amérique latine,Deuxième niveau,Support,48,-392.0,308.0,-387.0,193.0,0.0,0.0
oe:player:4bed0abe595c4680aaf7a7afd512053,MaliG,Hurricane of Feathers,LPLOL,EMEA,Deuxième niveau,Mid,10,-392.0,293.0,24.0,,,
oe:player:496ca7c65dbd4beffa678e62d9d4e8d,Farfetch,Crvena zvezda Esports,EBL,EMEA,Deuxième niveau,Support,23,-392.0,282.0,-27.0,194.0,0.0,0.0
oe:player:6aec0ace4133efdcd6a8ac81eb48f47,Sawyor,Forsaken,UL,EMEA,Deuxième niveau,Jungle,56,-393.0,273.0,-475.0,164.0,0.0,0.0
oe:player:f62ca9f59164a942e78a759e703db27,KacikFitnes,GLORE,HM,EMEA,Deuxième niveau,Support,58,-394.0,299.0,-516.0,155.5,0.0,0.0
oe:player:2106745bf2234201723aec3e669456d,Ukko,UniQ Esports Club,NLC,EMEA,Deuxième niveau,Top,22,-394.0,290.0,-1068.0,186.0,0.0,0.0
oe:player:f450305c2529dbc8e80459867fb701d,Zherathor,Dango SB,NEXO,EMEA,Troisième niveau,Mid,32,-394.0,294.0,-54.0,29.0,0.0,0.0
oe:player:a5fa1f73622193d305647f381121f87,Rubenxico,BISONS ECLUB,NEXO,EMEA,Troisième niveau,Top,43,-395.0,293.0,8.0,27.0,0.0,0.0
oe:player:b6d2bf89fdc85d4a3ba01eb56c4a505,Saxuralle,La Menace Francophone,ESLOL,EMEA,Deuxième niveau,ADC,12,-396.0,298.0,308.0,,,
oe:player:0cbadb757e6cd6a2bb77f0748cfe398,Wondro,Team Sampi,HM,EMEA,Deuxième niveau,Top,28,-396.0,288.0,-237.0,184.0,0.0,0.0
oe:player:31875a5f463ab30169d2fde95ed8003,EliWood,3BL Esports,UL,EMEA,Deuxième niveau,Support,16,-397.0,284.0,-460.0,,,
oe:player:b7253194da688a72744ff1c032b6cea,Soft,T1 Esports Academy Rookies,LAS,Corée,Troisième niveau,Jungle,42,-397.0,415.0,-1724.0,14.0,0.0,0.073
oe:player:d63c2f58526fc93451ff8b261d35556,Rubi0o,SPIKE Syndicate,EBL,EMEA,Deuxième niveau,Top,17,-398.0,292.0,159.0,,,
oe:player:01a4b76ef8f5081f05935b5954a45bd,Jelu,MAGAZA,EBL,EMEA,Deuxième niveau,Jungle,12,-398.0,294.0,-392.0,,,
oe:player:190d3ffa9c4734a633e2103dbbdb815,Caucha,GTZ Esports,LPLOL,EMEA,Deuxième niveau,Top,66,-398.0,280.0,244.0,182.0,0.0,0.0
oe:player:2255ff4942064b8bcd54c7f27267683,MxDragon,Cyberground Gaming,PGN,EMEA,Deuxième niveau,Jungle,35,-399.0,279.0,-1338.0,171.0,0.0,0.0
oe:player:fe851f06bd67dbd59d60630c9a0db39,Picknn,Fluxo Academy,CBLOLA,Brésil & Amérique latine,Deuxième niveau,Mid,41,-399.0,311.0,38.0,191.0,0.0,0.0
oe:player:21177b451d4c05fc389ac6cc767dfce,Ephekles,Team ESCA Gaming,UL,EMEA,Deuxième niveau,Support,31,-399.0,286.0,-469.0,175.0,0.0,0.0
oe:player:fc9e4a43f88797e445c35d23fc43f79,Jervo,Dango SB,NEXO,EMEA,Troisième niveau,Top,11,-400.0,306.0,-19.0,,,
oe:player:6c152faa4bbca9a007fc7c608b6583a,MDB,Ankora Gaming,EBL,EMEA,Deuxième niveau,ADC,28,-400.0,283.0,-216.0,187.0,0.0,0.0
oe:player:e696b945dfc0ddac2048caa0064e15d,notdefused,EBRO,LRS,Brésil & Amérique latine,Deuxième niveau,ADC,33,-402.0,312.0,-275.0,173.0,0.0,0.0
oe:player:6a3d4c9bc2f9b89b21dfbbb2212c865,Mis,Zerolag Esports,GLL,EMEA,Deuxième niveau,ADC,38,-402.0,274.0,-596.0,174.0,0.0,0.0
oe:player:6fcdabd738f406125579024dbe435d4,Trashy,Undead Gaming,LRS,Brésil & Amérique latine,Deuxième niveau,Jungle,29,-402.0,311.0,-230.0,178.0,0.0,0.0
oe:player:5f1fa8a478e38410780e672d5c85da6,Lagolinas,Valiance,EBL,EMEA,Deuxième niveau,Mid,18,-402.0,283.0,-311.0,,,
oe:player:78254fba153820035874ec50c87c941,Ribu,Forsaken,UL,EMEA,Deuxième niveau,Mid,44,-402.0,275.0,-678.0,163.0,0.0,0.0
oe:player:dde15f38df14fe4483ac73464da567b,Shoolow,Dream Makers,NEXO,EMEA,Troisième niveau,Jungle,10,-403.0,307.0,-31.0,,,
oe:player:67b467796209d808ffd528cc67c9a94,Fresco,Meta Gaming,LRS,Brésil & Amérique latine,Deuxième niveau,Jungle,27,-403.0,318.0,-235.0,197.0,0.0,0.0
oe:player:baf7147fedeec5de54ca1f240952a3f,Sintax,Ankora Gaming,EBL,EMEA,Deuxième niveau,Mid,35,-403.0,276.0,-319.0,155.0,0.0,0.0
oe:player:a01962da0921577bca0e84951082b3f,Quicktimer,Team 7AM,ESLOL,EMEA,Deuxième niveau,Support,28,-404.0,291.0,234.0,202.0,0.0,0.0
oe:player:6f10a2717479aea87d996e2989d4dd5,Aspect,Team Liquid First,NACL,Amérique du Nord,Deuxième niveau,Mid,42,-405.0,315.0,-2240.0,124.0,0.0,0.0
oe:player:c33bfcee7a03d74aec6e333896ac078,Burn,MonKings,ESLOL,EMEA,Deuxième niveau,Jungle,12,-405.0,299.0,-476.0,,,
oe:player:3ecce3085c6886d516d2b8659880394,Robertoos,KRC Genk Esports,ESLOL,EMEA,Deuxième niveau,Support,32,-405.0,286.0,229.0,203.0,0.0,0.0
oe:player:ccd47b3ec9b7a034b2b71e8516427e3,ZaFiR,Forsaken,GLL,EMEA,Deuxième niveau,Support,14,-405.0,289.0,-452.0,,,
oe:player:45cf8adbf60961e7ffec251ac8c90f8,Hummelu,Dynasty,ESLOL,EMEA,Deuxième niveau,Jungle,21,-405.0,296.0,-476.0,197.0,0.0,0.0
oe:player:3ccca65d3d9843b81f4e251dcf8a3e8,Sting,Vivo Keyd Stars Academy,CBLOLA,Brésil & Amérique latine,Deuxième niveau,Jungle,64,-406.0,303.0,-30.0,186.0,0.0,0.0
oe:player:c85554f6483e4aab17cfad9b6f3229d,Afm,For The Win Esports,LPLOL,EMEA,Deuxième niveau,ADC,43,-406.0,283.0,-122.0,179.0,0.0,0.0
oe:player:0ce788d020173e8e2e683515c31efda,micaO,Vivo Keyd Stars Academy,CBLOLA,Brésil & Amérique latine,Deuxième niveau,ADC,37,-407.0,296.0,-11.0,200.0,0.0,0.0
oe:player:e997cb3ac9a1be266d27e6417a5a375,GaraXy,Ionikos Nikaias Esports,GLL,EMEA,Deuxième niveau,Jungle,13,-408.0,295.0,-972.0,,,
oe:player:285107bcc7ed3fdef0a479f78bc211c,DICE,Burning Core Toyama,LJL,Asie-Pacifique,Ligue majeure,Mid,60,-408.0,320.0,-327.0,105.0,0.0,0.0
oe:player:7773e8883f4bf85d29f4e7a0b2d9709,Nox,Away from Normal,NEXO,EMEA,Troisième niveau,Mid,43,-408.0,282.0,-124.0,26.5,0.0,0.0
oe:player:5ab137577a18956e9688137c178fe20,Franky,Dynasty,ESLOL,EMEA,Deuxième niveau,Mid,21,-409.0,296.0,175.0,191.0,0.0,0.0
oe:player:263295e8aef9bc86382321c8ef8c836,SneakyLemon,Zerolag Esports,GLL,EMEA,Deuxième niveau,Jungle,35,-409.0,278.0,-978.0,182.0,0.0,0.0
oe:player:0ea0e8f2625eda3cc703c3fc8a2ba2a,Diouz,MonKings,ESLOL,EMEA,Deuxième niveau,Support,12,-410.0,299.0,204.0,,,
oe:player:3f3b7c16793cdc2fa498a014801d3ab,Comeback,Wild Panthers Esports,GLL,EMEA,Deuxième niveau,Mid,14,-410.0,293.0,-363.0,,,
oe:player:e93b3e770096be9856abd4b68776459,Ancrath,Fluxo Academy,CBLOLA,Brésil & Amérique latine,Deuxième niveau,Jungle,41,-411.0,311.0,-54.0,195.0,0.0,0.0
oe:player:966e8f61b0847f6059559ed09f8574f,Kojima,Fluxo Academy,CBLOLA,Brésil & Amérique latine,Deuxième niveau,ADC,41,-411.0,311.0,-32.0,189.0,0.0,0.0
oe:player:e4b472bba2e8d4a800e88753051983f,Oda,Stormbringers,NEXO,EMEA,Troisième niveau,Jungle,21,-411.0,306.0,-71.0,30.0,0.0,0.0
oe:player:2acf18bb52e977ed47bd677f4922adf,Snabi,DMG Esports,NLC,EMEA,Deuxième niveau,Support,29,-411.0,284.0,-1064.0,186.0,0.0,0.0
oe:player:302f32028cef9d7eeda1dbe74cf59ee,Kick,Fluxo Academy,CBLOLA,Brésil & Amérique latine,Deuxième niveau,Support,41,-411.0,311.0,-480.0,197.0,0.0,0.0
oe:player:655ae4fa39a12d95dc2436a43294ddd,Subbex,A One Man Army,ESLOL,EMEA,Deuxième niveau,ADC,40,-411.0,277.0,231.0,182.0,0.0,0.0
oe:player:0cfe46c9ae6f1654b9363084c559648,Zephyr,Kiwoom DRX Academy,LAS,Corée,Troisième niveau,Jungle,12,-412.0,414.0,-1796.0,,,
oe:player:437d461430ecc08e2d51abbcf5ce9b3,Milan,DetonatioN FocusMe,LJL,Asie-Pacifique,Ligue majeure,ADC,39,-412.0,284.0,-364.0,96.0,0.0,0.0
oe:player:b7fe50d252f0ea8a99edc0dfb504b4d,JeppeHou,GGEsports,PGN,EMEA,Deuxième niveau,Support,12,-413.0,291.0,-1361.0,,,
oe:player:eb73a074813cb61e81a742c0e4e55cd,Joekie,HEET,ESLOL,EMEA,Deuxième niveau,Jungle,20,-414.0,288.0,-524.0,200.0,0.0,0.0
oe:player:9c42b30baa984a43c287cd79394bb5d,Benzz,Valiance,EBL,EMEA,Deuxième niveau,ADC,12,-415.0,294.0,-290.0,,,
oe:player:eaee5a7ad7c9bc645114d51d039f2fb,Tibor,SPIKE Syndicate,EBL,EMEA,Deuxième niveau,Mid,17,-415.0,292.0,-379.0,,,
oe:player:8aea1327ae39cfa3cfd1b375a08b4df,Poopy,UniQ Esports Club,NLC,EMEA,Deuxième niveau,Support,10,-416.0,297.0,-1086.0,,,
oe:player:5198fed69f476d9e1d69907d6cab3ae,Pigeonx,Pentagon Rejects,GLL,EMEA,Deuxième niveau,Support,14,-416.0,291.0,-508.0,,,
oe:player:e726617a1ca81a4a710191eb0c7c94b,DarkUniQ,Dynasty,ESLOL,EMEA,Deuxième niveau,ADC,21,-417.0,296.0,201.0,190.0,0.0,0.0
oe:player:f49e377bb041dc4631d75048e8f8a3f,Valkyrie,AXIZ,LJL,Asie-Pacifique,Ligue majeure,ADC,27,-417.0,313.0,-389.0,101.0,0.0,0.0
oe:player:3cf6443ea2d1c4501478ed2dcb431ef,Roulette,Akroma,NL,EMEA,Troisième niveau,Jungle,23,-417.0,291.0,-1213.0,24.0,0.0,0.0
oe:player:9e7e94a4d1bafa6f0c407975207433b,Leleko,Vivo Keyd Stars Academy,CBLOLA,Brésil & Amérique latine,Deuxième niveau,Mid,58,-418.0,303.0,-56.0,186.5,0.0,0.0
oe:player:61aa827043b24d6c6d9287c7697239f,Lari,DMG Esports,NLC,EMEA,Deuxième niveau,ADC,15,-418.0,293.0,-1191.0,,,
oe:player:e8d65fae1fa58dc45a4ebf2e410af8e,Nijhuis,UniQ Esports Club,NLC,EMEA,Deuxième niveau,Top,14,-418.0,296.0,-1187.0,,,
oe:player:51d63bedbaff245f34b32886dfb608f,Kritias,Ionikos Nikaias Esports,GLL,EMEA,Deuxième niveau,Top,13,-418.0,295.0,-814.0,,,
oe:player:ecdb594501a5800ad0f5c4e6b3b5a84,Yupps,paiN Gaming Academy,CBLOLA,Brésil & Amérique latine,Deuxième niveau,Top,51,-419.0,310.0,-26.0,199.0,0.0,0.0
oe:player:0fff9bc0abf12cf5d52475886635cb0,ApowSama,MonKings,ESLOL,EMEA,Deuxième niveau,Top,12,-419.0,299.0,-142.0,,,
oe:player:d59bf32feb1f152fe3a18d9a8ea127c,Yonna,Heracles Gaming,NEXO,EMEA,Troisième niveau,Support,33,-420.0,300.0,-330.0,33.0,0.0,0.0
oe:player:cfad0a7419f44ea0c64db24197abbf7,Blink,DMG Esports,NLC,EMEA,Deuxième niveau,ADC,12,-420.0,292.0,-1201.0,,,
oe:player:3305005338c89e24e11081a3fedd5eb,Sevensen,MonKings,ESLOL,EMEA,Deuxième niveau,ADC,12,-421.0,299.0,182.0,,,
oe:player:3e506ceaced4619ee1fba72c57cac54,Kamyta,BWE Esports,LPLOL,EMEA,Deuxième niveau,Support,34,-421.0,288.0,-65.0,190.0,0.0,0.0
oe:player:d17e0bd143c7353f6c36bba172f4a52,Ko1eee,Dire Wolves,LCO,Asie-Pacifique,Ligue majeure,Jungle,19,-421.0,293.0,-477.0,,,
oe:player:a0cff4167fb5c141dd41760bcf18b6d,eaRyz,BRUTE,HM,EMEA,Deuxième niveau,Jungle,48,-422.0,272.0,-416.0,167.0,0.0,0.0
name:KOEN Glinomes,KOEN Glinomes,Vlaams Erfgoed,ESLOL,EMEA,Deuxième niveau,Support,11,-422.0,299.0,144.0,,,
oe:player:aa275f2acb2a0d41940e162947a5855,Bejjaniii,PÊEK Gaming,LRN,Brésil & Amérique latine,Deuxième niveau,Top,54,-422.0,285.0,-552.0,146.5,0.0,0.0
oe:player:958cbc19bb15e852a32a597f8674e1c,Ze Luis,BWE Esports,LPLOL,EMEA,Deuxième niveau,Support,24,-422.0,285.0,-70.0,189.0,0.0,0.0
oe:player:f14ab14b4bf705b9b408d84a36b4a43,Poltron,Dire Wolves,LCO,Asie-Pacifique,Ligue majeure,Jungle,23,-422.0,292.0,-481.0,102.0,0.0,0.0
oe:player:15101ae59f2cc7c8836b7e67352b598,Noodle,Crvena zvezda Esports,ESLOL,EMEA,Deuxième niveau,Jungle,32,-423.0,282.0,-565.0,202.0,0.0,0.0
oe:player:4cd290e394e585e40deb94f1a4e613b,cyraXx,UniQ Esports Club,NLC,EMEA,Deuxième niveau,ADC,15,-423.0,296.0,-1215.0,,,
oe:player:9382c86cd6fa6f154e8e5a6ac04f9ba,Humble,Pentagon Rejects,GLL,EMEA,Deuxième niveau,ADC,34,-424.0,282.0,-706.0,179.0,0.0,0.0
oe:player:e93d6bb8e1a7903dffb0968143b8299,Shaolin,DMG Esports,NLC,EMEA,Deuxième niveau,Mid,15,-425.0,293.0,-1079.0,,,
oe:player:01fc0520770d413ac765d5395027386,Ruf,GLORE,HM,EMEA,Deuxième niveau,ADC,59,-425.0,281.0,-457.0,180.0,0.0,0.0
oe:player:a404a73659ffb0df56c96ff8ca1a4ae,Hasagi,Dynasty,ESLOL,EMEA,Deuxième niveau,Top,21,-426.0,296.0,-177.0,199.0,0.0,0.0
oe:player:879d86f9846561454545ffd123284e3,Kyu,La Menace Francophone,ESLOL,EMEA,Deuxième niveau,Support,12,-426.0,298.0,123.0,,,
oe:player:c48e4a08340904258e9f5e8cdb1315c,kksh,paiN Gaming Academy,CBLOLA,Brésil & Amérique latine,Deuxième niveau,ADC,51,-427.0,310.0,-110.0,191.0,0.0,0.0
oe:player:67ab5836d487f7616a264f3a951e72e,Lelouch,The Agency,ESLOL,EMEA,Deuxième niveau,ADC,22,-427.0,296.0,154.0,196.0,0.0,0.0
oe:player:8d311f9903ee9a0a4896a49cb18a964,J3rkie,Team UNiTY,HC,EMEA,Troisième niveau,Support,29,-428.0,301.0,1162.0,30.0,0.0,0.0
oe:player:e6228f265b92269d2655a05a4824bfc,Daiky,Polar Squad Esports,GL,Brésil & Amérique latine,Deuxième niveau,Jungle,10,-428.0,355.0,663.0,,,
oe:player:a1f7f2fe1ac52d8e96df181b0a94b6b,Deceiving,Geekay Esports,AL,EMEA,Deuxième niveau,Mid,16,-428.0,297.0,-1077.0,,,
oe:player:e5841c7215d35ed0c9522450e7fb57a,Tikyl,Oxygen Kumiho,NEXO,EMEA,Troisième niveau,Jungle,40,-428.0,305.0,-152.0,27.0,0.0,0.0
oe:player:01e30d152a0d7805b431e08d603db52,SnK1,Ionikos Nikaias Esports,GLL,EMEA,Deuxième niveau,Support,13,-429.0,295.0,-572.0,,,
oe:player:5ee2cd6074f5a5f37edebee2f481c6b,Drakehero,Liberty Academy,CBLOLA,Brésil & Amérique latine,Deuxième niveau,Jungle,51,-429.0,307.0,-148.0,196.0,0.0,0.0
oe:player:34d6eca11d668197b2ee589a331bad4,Acorderr,Back2TheGame,UL,EMEA,Deuxième niveau,Support,30,-429.0,275.0,-621.0,185.0,0.0,0.0
oe:player:e8c8d8ba3cafbcbc8a8d0d0ba7a2853,Yeti,LODIS,UL,EMEA,Deuxième niveau,Top,38,-430.0,278.0,-959.0,192.0,0.0,0.0
oe:player:54e9f4e2180ec7ba9be64e655fb153c,Turtle,Odivelas Sports Club,LPLOL,EMEA,Deuxième niveau,Top,22,-431.0,289.0,80.0,188.0,0.0,0.0
oe:player:6a7d0d4d1d220434081caec2f1a5544,Artoria,Wild Panthers Esports,GLL,EMEA,Deuxième niveau,Mid,28,-431.0,276.0,-467.0,164.0,0.0,0.0
oe:player:9f7496860651fe8c09a00a9712102a3,ceskycechcz,GLORE,HM,EMEA,Deuxième niveau,Mid,38,-433.0,299.0,-451.0,181.0,0.0,0.0
oe:player:e3d2f924c5478dbd2f73ec6d43222ba,CR0WN,The Agency,ESLOL,EMEA,Deuxième niveau,Mid,22,-434.0,296.0,52.0,200.0,0.0,0.0
oe:player:c8339988c78a30d995edd584432373c,Whip,ZennIT,ESLOL,EMEA,Deuxième niveau,Top,28,-435.0,288.0,-221.0,197.0,0.0,0.0
oe:player:8409308714dfed880c95846caf8618c,Kolac,NXT,ESLOL,EMEA,Deuxième niveau,Support,15,-435.0,296.0,78.0,,,
oe:player:2dae6d22ec7b1db7906a0c24b0939b1,Anato,paiN Gaming Academy,CBLOLA,Brésil & Amérique latine,Deuxième niveau,Jungle,51,-435.0,310.0,-175.0,195.0,0.0,0.0
oe:player:661421dc41ee3f54550b207dee57c93,Baldan,Fluxo Academy,CBLOLA,Brésil & Amérique latine,Deuxième niveau,Top,41,-435.0,311.0,-102.0,200.0,0.0,0.0
oe:player:94eacccfb7c67bf3618f855e796012f,Felkros,Waia Snikt,LRN,Brésil & Amérique latine,Deuxième niveau,Support,38,-435.0,333.0,-712.0,200.0,0.0,0.0
oe:player:89f252e6a32f75f050118e916bb6874,Wind1,Myth Esports,ESLOL,EMEA,Deuxième niveau,Top,33,-436.0,287.0,-228.0,199.0,0.0,0.0
oe:player:fd232826ff3976840e994bb85a3bd46,Domoles,LODIS,UL,EMEA,Deuxième niveau,Mid,27,-436.0,280.0,-848.0,183.0,0.0,0.0
oe:player:fe556cd968f4ec0c25b65d0b7b232b3,Mikkel,KRC Genk Esports,ESLOL,EMEA,Deuxième niveau,Mid,26,-436.0,290.0,42.0,194.0,0.0,0.0
oe:player:6d23c228b540359e2bf27f51c572151,Jormag,RQS Esports,ESLOL,EMEA,Deuxième niveau,Jungle,19,-437.0,287.0,-634.0,,,
oe:player:11bd50ce9e013690ead12e9c307d048,Yuta,GLORE,HM,EMEA,Deuxième niveau,Jungle,38,-438.0,299.0,-493.0,188.0,0.0,0.0
oe:player:dfeef0ad11329eb650c8146697b943e,JuanDeDios,Spectacled Bears,LRS,Brésil & Amérique latine,Deuxième niveau,Top,39,-438.0,307.0,-702.0,210.0,0.0,0.0
oe:player:95496721c429ee19a2a9bd9c4321e95,Qats,paiN Gaming Academy,CBLOLA,Brésil & Amérique latine,Deuxième niveau,Mid,51,-438.0,310.0,-157.0,195.5,0.0,0.0
oe:player:66d040632ba3e1ae771ddced2f6e050,Esko,Cryptova,HM,EMEA,Deuxième niveau,ADC,14,-438.0,288.0,-518.0,,,
oe:player:f35ed031a08d7393374d2f921d754c9,FlickeR,Team 7AM,ESLOL,EMEA,Deuxième niveau,ADC,22,-440.0,290.0,88.0,195.0,0.0,0.0
oe:player:e3c86d13da04ce1f0f10d451d7c5df8,Master Jos,Spirituals,GL,Brésil & Amérique latine,Deuxième niveau,Mid,21,-441.0,347.0,625.0,201.0,0.0,0.0
oe:player:2914461cc54b7fbea415a8bf6fe328f,BaoLonG,NXT,ESLOL,EMEA,Deuxième niveau,Mid,15,-441.0,296.0,14.0,,,
oe:player:0b5bd3f25ad578a8f2eea57ac3f4bcc,Reyzoasda,Stormbringers,GLL,EMEA,Deuxième niveau,Support,12,-441.0,291.0,-630.0,,,
oe:player:4ec43a46779d72465f9be4e7cf5ecde,FisheR,Odivelas Sports Club,LPLOL,EMEA,Deuxième niveau,Mid,22,-441.0,289.0,-220.0,184.0,0.0,0.0
oe:player:d6f01ce14e8a580fcf94ae556736fd8,Sangrod,Zerolag Esports,GLL,EMEA,Deuxième niveau,Top,37,-443.0,280.0,-937.0,179.0,0.0,0.0
oe:player:a0768d89dec26206b95179ad9a1c08d,NOMA,For The Win Esports,LPLOL,EMEA,Deuxième niveau,Mid,65,-445.0,280.0,-242.0,188.0,0.0,0.0
oe:player:d47f9e638cf360fa8ee0a9aed153aa2,SyaL,Meta Gaming,LRS,Brésil & Amérique latine,Deuxième niveau,Top,34,-445.0,327.0,-739.0,207.0,0.0,0.0
oe:player:4e2ff3cb4a5e3d1f2ba9580f30e0b78,PederseNN,UniQ Esports Club,NLC,EMEA,Deuxième niveau,Support,15,-447.0,296.0,-1243.0,,,
oe:player:9fe371276988506395efee589dd7bca,escoX,Erfolg Esports,NEXO,EMEA,Troisième niveau,Support,26,-447.0,295.0,-466.0,34.0,0.0,0.0
oe:player:8b35b40bc03585d8e435ef8029621c4,Kokos,Duma Easta,HM,EMEA,Deuxième niveau,Jungle,45,-448.0,286.0,-547.0,184.0,0.0,0.0
oe:player:af668e38dba2d6d215e578563583f23,Juzo,INTZ Academy,CBLOLA,Brésil & Amérique latine,Deuxième niveau,ADC,50,-449.0,309.0,-219.0,198.0,0.0,0.0
oe:player:d0919793cc83951a93943265812ba19,DoubleB,Erfolg Esports,NEXO,EMEA,Troisième niveau,Top,10,-449.0,306.0,-263.0,,,
oe:player:273135d9761e04666dbd537f6cc08af,Zilax,RQS Esports,ESLOL,EMEA,Deuxième niveau,Mid,11,-450.0,298.0,-29.0,,,
oe:player:44b1e81bfc6d5bb1a0da7fe5daaa4c0,Samkz,KaBuM! Esports,CBLOLA,Brésil & Amérique latine,Deuxième niveau,Jungle,34,-450.0,302.0,-252.0,214.0,0.0,0.0
oe:player:14d0dab3e12ed65e6574c826f3efa3e,Theoloris,Kaeru Gyuangu,NL,EMEA,Troisième niveau,Top,22,-450.0,285.0,-1395.0,28.0,0.0,0.0
oe:player:ca18f3cf2fd9adb391d4770c33286f0,Raina,Burning Core Toyama,LJL,Asie-Pacifique,Ligue majeure,Support,60,-450.0,320.0,-383.0,105.0,0.0,0.0
oe:player:bce8b899b5a93c48a047efc86cff825,MetroArcher,BWE Esports,LPLOL,EMEA,Deuxième niveau,ADC,36,-451.0,285.0,-347.0,185.0,0.0,0.0
oe:player:6c5b90cea858312b4a7f070448f8cd1,Ferrari,NXT,ESLOL,EMEA,Deuxième niveau,Jungle,15,-451.0,296.0,-705.0,,,
oe:player:36a55a7a73f82b7ca788e2db7760dbb,Yuhi,Burning Core Toyama,LJL,Asie-Pacifique,Ligue majeure,ADC,60,-451.0,320.0,-562.0,102.0,0.0,0.0
oe:player:d458d24a79e0fc44a1421acceca3424,Termo,EBRO,LRS,Brésil & Amérique latine,Deuxième niveau,Mid,31,-452.0,313.0,-387.0,176.0,0.0,0.0
oe:player:29168c0f1c2da65c3b84bd1d53f2569,Flawed,A One Man Army,ESLOL,EMEA,Deuxième niveau,Jungle,32,-453.0,282.0,-719.0,208.0,0.0,0.0
oe:player:997723ba0dd85d9223eed670a4667e7,Chelouche,Pentagon Rejects,GLL,EMEA,Deuxième niveau,Jungle,14,-453.0,291.0,-1200.0,,,
oe:player:f80a4ad87fee7c9fdc19b7769495fdb,Nothing,Leviatan,LLA,Brésil & Amérique latine,Ligue majeure,ADC,33,-453.0,288.0,-2586.0,103.0,0.0,0.0
oe:player:6d4cd67512d152a71a44885dab1ac15,Ryuto,Vlaams Erfgoed,HM,EMEA,Deuxième niveau,Top,35,-454.0,280.0,-530.0,185.0,0.0,0.0
oe:player:2a23f18ca3f53c7f8aa467c4a25e1a9,fjoompbun,DMG Esports,NLC,EMEA,Deuxième niveau,Top,15,-454.0,293.0,-1365.0,,,
oe:player:d1675afff5c47fe49ec4397a34611ba,Calumma,La Menace Francophone,ESLOL,EMEA,Deuxième niveau,Jungle,12,-455.0,298.0,-729.0,,,
oe:player:e93fad90f312c1f10c64b60e5ba17c7,sheru,Team ESCA Gaming,UL,EMEA,Deuxième niveau,Top,18,-455.0,289.0,-1086.0,,,
oe:player:3d7d052a031e864ee9c1b04b5a4d0f1,MyKey,Ionikos Nikaias Esports,GLL,EMEA,Deuxième niveau,ADC,13,-455.0,295.0,-858.0,,,
oe:player:3bc13ea6109bc562b748f91a7fd56ad,Makk,A One Man Army,ESLOL,EMEA,Deuxième niveau,Top,18,-456.0,294.0,-324.0,,,
oe:player:02f898692ee72e71dbddeaff847dffb,Reus,La Menace Francophone,ESLOL,EMEA,Deuxième niveau,Mid,12,-456.0,298.0,-61.0,,,
oe:player:5a98ba300e1c781d7e91e1ac52902e2,Woohee,Eclipse Gaming,LRS,Brésil & Amérique latine,Deuxième niveau,Support,47,-456.0,315.0,-708.0,189.0,0.0,0.0
oe:player:c39abe593063a27305754918408d3a1,Mun,Descuydado Aucas Esports,LRN,Brésil & Amérique latine,Deuxième niveau,Support,26,-456.0,335.0,-821.0,187.0,0.0,0.0
oe:player:1af356d147244cdd18e7af284c4ff65,Porcupine,Fox Gaming,AL,EMEA,Deuxième niveau,Jungle,16,-457.0,289.0,-1572.0,,,
oe:player:082439970ea1ebc85bde0b2a9ec147a,Anathar,MS Company,NL,EMEA,Troisième niveau,Top,18,-457.0,291.0,-1428.0,,,
oe:player:3d3ad0a473d6a608c1b19515459ccdf,Rewound,Dream Makers,NEXO,EMEA,Troisième niveau,Jungle,50,-458.0,288.0,-303.0,31.0,0.0,0.0
oe:player:3bdbb3bdc9071e49e1d24b1677220ff,Bewis,A One Man Army,ESLOL,EMEA,Deuxième niveau,ADC,18,-459.0,294.0,-9.0,,,
oe:player:0d3f526e6a6449b958baaaf403015f6,Dani,Kawaii Kiwis,NEXO,EMEA,Troisième niveau,Top,13,-460.0,307.0,-320.0,,,
oe:player:0860cf806314c1f1ea14aaf90bc98e0,Ricky,AXIZ,LJL,Asie-Pacifique,Ligue majeure,Top,22,-460.0,315.0,-461.0,108.0,0.0,0.0
oe:player:13b271a5e77692aaa9d19924a4c544a,Venom,ECORP,NEXO,EMEA,Troisième niveau,ADC,11,-460.0,308.0,-576.0,,,
oe:player:666ff07cbc14ff49f28d45f52f462cd,F3IV,Erfolg Esports,NEXO,EMEA,Troisième niveau,ADC,10,-461.0,306.0,-578.0,,,
oe:player:6cfe37b82c14779526a2bb86a560aaa,Jackie,Keypulse Esports,LPLOL,EMEA,Deuxième niveau,Jungle,27,-461.0,288.0,-44.0,197.0,0.0,0.0
oe:player:6625d682ed10ef5e0e7c6c9e4dd2fc1,Tatu,INTZ Academy,CBLOLA,Brésil & Amérique latine,Deuxième niveau,Jungle,50,-462.0,309.0,-309.0,204.0,0.0,0.0
oe:player:ac3dc02f5d3f2ec0c396cfa95de986e,J0J0C,Team Phantasma,GLL,EMEA,Deuxième niveau,Mid,17,-462.0,292.0,-619.0,,,
oe:player:cb1551daa112f6abf23f4d543bb2627,Arhys,Zerolag Esports,GLL,EMEA,Deuxième niveau,Top,14,-462.0,290.0,-1034.0,,,
oe:player:c9c65d6b359377d7af5167bd0ad3a36,Blacky,INTZ Academy,CBLOLA,Brésil & Amérique latine,Deuxième niveau,Mid,50,-463.0,309.0,-281.0,202.0,0.0,0.0
oe:player:52bc99d5390cae1d4097906abde0560,Inspire,BRUTE,HM,EMEA,Deuxième niveau,Mid,11,-463.0,293.0,-600.0,,,
oe:player:5e586a59755e3be4dafb0ed0eb72b98,Dyemon,Once Upon A Team,ESLOL,EMEA,Deuxième niveau,Top,10,-463.0,300.0,-361.0,,,
oe:player:de3635f516c2a2cbf49fefe74dcae6d,Dicey,AXIZ,LJL,Asie-Pacifique,Ligue majeure,Support,41,-464.0,319.0,-453.0,104.0,0.0,0.0
oe:player:51e62ff878bc8e2c27c1d5512cbf45e,Carnage,Team Phantasma,GLL,EMEA,Deuxième niveau,Jungle,17,-465.0,292.0,-1257.0,,,
oe:player:b8ea410ae32f84351f7670319d7ef13,Tixn,KRC Genk Esports,ESLOL,EMEA,Deuxième niveau,Mid,22,-466.0,285.0,-109.0,205.0,0.0,0.0
oe:player:37a83b1f672db5f92a22213b0cdfe29,eguto,QT DIG∞,LJL,Asie-Pacifique,Ligue majeure,Top,10,-466.0,324.0,-495.0,,,
oe:player:666523718b3aecd9fe17002e9ad2a4a,Mido,LØS Academy,CBLOLA,Brésil & Amérique latine,Deuxième niveau,Support,51,-466.0,312.0,-758.0,206.0,0.0,0.0
oe:player:77c10036edafc6b267a710e0525bf7a,Yoangi,Dream Makers,NEXO,EMEA,Troisième niveau,ADC,33,-468.0,293.0,-614.0,31.0,0.0,0.0
oe:player:0c041d02ab7138f57164fafbc091b2d,RedBert,KaBuM! Esports,CBLOL,Brésil & Amérique latine,Ligue majeure,Support,28,-468.0,288.0,-2762.0,100.0,0.0,0.0
oe:player:053ff46e09c658d5d80c8c65b9db7bc,Slyv3r,mCon esports,ESLOL,EMEA,Deuxième niveau,ADC,40,-468.0,285.0,-50.0,196.5,0.0,0.0
oe:player:0ade3f735dc636c90939247c5fe68f3,Ketim,Komil & Friends,UL,EMEA,Deuxième niveau,Jungle,48,-468.0,280.0,-853.0,189.0,0.0,0.0
oe:player:85117df5924af087900b300fe0f3ec3,Kulvas,Cryptova,HM,EMEA,Deuxième niveau,Top,38,-469.0,285.0,-602.0,197.0,0.0,0.0
oe:player:51777d50bf7bf71ff70b8a32726e40c,Fornoreason,Ankora Gaming,EBL,EMEA,Deuxième niveau,Top,19,-470.0,288.0,-204.0,,,
oe:player:c72049d6896da8002f935d75e0b2ded,QKI,Pentagon Rejects,GLL,EMEA,Deuxième niveau,Mid,30,-471.0,283.0,-668.0,186.0,0.0,0.0
oe:player:8703f5634653c109c466a46af87bf13,Ralf,Wild Panthers Esports,GLL,EMEA,Deuxième niveau,ADC,14,-472.0,290.0,-947.0,,,
oe:player:44e13faf3e4fc85b084be5f9d42fa7c,Gru,FURIA Youth,CBLOLA,Brésil & Amérique latine,Deuxième niveau,Top,43,-473.0,310.0,-291.0,209.0,0.0,0.0
oe:player:dda1e64c8150531b8c60ac8607accb7,Aytekn,Crvena zvezda Esports,EBL,EMEA,Deuxième niveau,Top,20,-474.0,282.0,-222.0,207.0,0.0,0.0
oe:player:e6fafbf627da7992498ce65ebe436cf,lee sang,Komil & Friends,UL,EMEA,Deuxième niveau,Mid,48,-474.0,280.0,-1036.0,188.0,0.0,0.0
oe:player:1999dbe32608051613a2d3ed9c1b0d4,Morttheus,RED Academy,CBLOLA,Brésil & Amérique latine,Deuxième niveau,ADC,46,-474.0,310.0,-344.0,198.0,0.0,0.0
oe:player:ee9cc30096f8d5f0c1969156f55680c,naau,ECORP,NEXO,EMEA,Troisième niveau,Jungle,11,-475.0,308.0,-388.0,,,
oe:player:4f9654586026e3c890a3b034ca2b86d,Shieda,Keypulse Esports,LPLOL,EMEA,Deuxième niveau,Top,27,-475.0,288.0,-144.0,201.0,0.0,0.0
oe:player:e702754b69e58c6dc005f0da8c2fc43,Reaper,Liberty Academy,CBLOLA,Brésil & Amérique latine,Deuxième niveau,ADC,51,-475.0,307.0,-350.0,198.0,0.0,0.0
oe:player:01b29509d30d25550420b5af61a125b,Deliverzz,Magaza Esports,EBL,EMEA,Deuxième niveau,Jungle,18,-476.0,291.0,-785.0,,,
oe:player:48a5b8a90d0b85ef4d26e66982f2be5,Wolfy,Undead Gaming,LRS,Brésil & Amérique latine,Deuxième niveau,Top,17,-477.0,325.0,-898.0,,,
oe:player:ed0c1f77bbb19261fc9260bcf22bc65,Serch,Erfolg Esports,NEXO,EMEA,Troisième niveau,Mid,26,-477.0,295.0,-470.0,33.0,0.0,0.0
oe:player:ee6f857cf7178dcbb362a8b3c7d016f,Sm0oZi,Once Upon A Team,ESLOL,EMEA,Deuxième niveau,ADC,10,-478.0,300.0,-100.0,,,
oe:player:8b976d804f0b51e0dff5d24fc6ead77,Strensh,WAP Esports,LRS,Brésil & Amérique latine,Deuxième niveau,Mid,34,-478.0,299.0,-518.0,200.0,0.0,0.0
oe:player:81eed41b598a207697930065353ba1c,QQMore,Globant Emerald,LRS,Brésil & Amérique latine,Deuxième niveau,Jungle,51,-479.0,329.0,-614.0,191.0,0.0,0.0
oe:player:2f12d192c25d6c14bdf581c1cb51aaf,eastgoblin,HEET,ESLOL,EMEA,Deuxième niveau,Support,28,-480.0,285.0,-150.0,208.0,0.0,0.0
oe:player:192038b060785bed7e20a5d09d8f990,Paul227,HEET,ESLOL,EMEA,Deuxième niveau,Mid,29,-480.0,281.0,-181.0,194.0,0.0,0.0
oe:player:39c532cecb979acba3c261f7f924de1,Zerkxz,Waia Snikt,DDH,Brésil & Amérique latine,Deuxième niveau,Mid,24,-480.0,339.0,0.0,200.0,0.0,0.0
oe:player:a2625c26e899e71fa7ca5e395ef94c8,Lotus,Panathinaikos Esports,GLL,EMEA,Deuxième niveau,Mid,14,-480.0,292.0,-710.0,,,
oe:player:a99d6da234620c259bbb92ee9f8649f,Twight,Team Sampi,HM,EMEA,Deuxième niveau,Jungle,28,-481.0,288.0,-708.0,191.0,0.0,0.0
oe:player:2075ead89d239c5c1cf7efcc52c026a,DANKI,Pentagon Rejects,GLL,EMEA,Deuxième niveau,Top,36,-482.0,282.0,-1133.0,201.0,0.0,0.0
oe:player:c46dc30e7888a9b9eaee54bb9698d27,Tatsu,Burning Core Toyama Academy,LJLA,Asie-Pacifique,Deuxième niveau,Jungle,22,-482.0,302.0,-690.0,207.0,0.0,0.0
oe:player:5997764ed8190c9ea6a94a2b4a54f37,Irfs,UCAM Esports Academy,NEXO,EMEA,Troisième niveau,ADC,12,-483.0,308.0,-692.0,,,
oe:player:945f30b38a435b37c2e70d893cb6a72,YuNIshinoya,LODIS,UL,EMEA,Deuxième niveau,Support,28,-483.0,281.0,-891.0,202.0,0.0,0.0
oe:player:ecca34ba11a3cf3965e48591835d8a1,Axo,Jörmungang,ESLOL,EMEA,Deuxième niveau,Top,10,-484.0,298.0,-467.0,,,
oe:player:e38e8c286a37ea366d40ba664b1d00c,Unkn0wn,Team Phantasma,GLL,EMEA,Deuxième niveau,ADC,23,-485.0,283.0,-1011.0,182.0,0.0,0.0
oe:player:4b5bcadd69bee2382ee62d34ec467d4,Dargod,Pentagon Rejects,GLL,EMEA,Deuxième niveau,Support,22,-486.0,287.0,-858.0,195.0,0.0,0.0
oe:player:0b9f9460119f751b6e42b5915b3e961,Luiku,HEET,ESLOL,EMEA,Deuxième niveau,Top,14,-487.0,297.0,-480.0,,,
oe:player:1f23e2dcb3f7f43f254ca2c075c4903,MIK0,Komil & Friends,UL,EMEA,Deuxième niveau,ADC,48,-487.0,280.0,-1071.0,186.0,0.0,0.0
oe:player:da419b18168d3b22ff436dd4246c910,Nae,Kawaii Kiwis,NEXO,EMEA,Troisième niveau,Mid,32,-488.0,302.0,-525.0,34.0,0.0,0.0
oe:player:b86fe4874def504e16d38b81d057077,Brad,ZennIT,ESLOL,EMEA,Deuxième niveau,Jungle,21,-488.0,292.0,-891.0,206.0,0.0,0.0
oe:player:934a2eec1d77e7ed03fdd6f711581f1,Baul,RQS Esports,ESLOL,EMEA,Deuxième niveau,Support,25,-489.0,291.0,-191.0,211.0,0.0,0.0
oe:player:186866254742b055688f9b1c1df7ebc,Antwere,Inside Games,NLC,EMEA,Deuxième niveau,Jungle,25,-490.0,280.0,-1303.0,200.0,0.0,0.0
name:KOEN Bozz,KOEN Bozz,Vlaams Erfgoed,ESLOL,EMEA,Deuxième niveau,Top,11,-490.0,299.0,-495.0,,,
oe:player:0bd219d702907f2d922e53668a14fc6,Henra,BWE Esports,LPLOL,EMEA,Deuxième niveau,Mid,36,-490.0,285.0,-467.0,193.0,0.0,0.0
oe:player:86cbdbbe6eb09c01fd3f0a377d61c8f,Taxvig,Fullclear Esports,ESLOL,EMEA,Deuxième niveau,Jungle,14,-491.0,296.0,-907.0,,,
oe:player:76ae2e1c04e57e1c385524a20193b25,LVS,GLORE,HC,EMEA,Troisième niveau,Top,21,-491.0,320.0,426.0,31.0,0.0,0.0
oe:player:5984f00636cdf5a46c8a5f56709dac5,Yuki,Vivo Keyd Stars Academy,CBLOLA,Brésil & Amérique latine,Deuxième niveau,Support,21,-491.0,309.0,-881.0,217.0,0.0,0.0
oe:player:483eb090f5bff6eb65358c10494d66b,Kea,Undead Gaming,LRS,Brésil & Amérique latine,Deuxième niveau,Support,19,-491.0,323.0,-884.0,,,
oe:player:825a7f24dc90caf0c67efbd95a0355f,Cassin,Crest Gaming Act,LJL,Asie-Pacifique,Ligue majeure,Jungle,54,-492.0,314.0,-813.0,103.0,0.0,0.0
oe:player:2f08e8daf7169af244ad79e70ace866,yazi,FURIA Youth,CBLOLA,Brésil & Amérique latine,Deuxième niveau,ADC,45,-492.0,310.0,-438.0,207.0,0.0,0.0
oe:player:b0637349ccc6fc672bb1d6916c11253,Nap,Crest Gaming Act,LJL,Asie-Pacifique,Ligue majeure,Top,54,-492.0,314.0,-623.0,109.0,0.0,0.0
oe:player:6c5488da88047ddfa7d6f8c68e58d16,Druust,Jörmungang,ESLOL,EMEA,Deuxième niveau,Mid,10,-493.0,298.0,-246.0,,,
oe:player:a501d44927b4525d173def3fef6f91b,SkB,Liberty Academy,CBLOLA,Brésil & Amérique latine,Deuxième niveau,Top,49,-493.0,307.0,-394.0,206.0,0.0,0.0
oe:player:60f8a2c1e63bf70c1d48c5d4a507ec3,fyrk,DetonatioN FocusMe Academy,LJLA,Asie-Pacifique,Deuxième niveau,Support,20,-493.0,307.0,-676.0,201.0,0.0,0.0
oe:player:a272c3f80649036f8e168cb2f3df17c,Yakkey,Partizan Esports,EBL,EMEA,Deuxième niveau,ADC,38,-493.0,271.0,-680.0,192.0,0.0,0.0
oe:player:7cd4c6140c423ef363636702e302e63,Tiger,NXT,ESLOL,EMEA,Deuxième niveau,Top,15,-494.0,296.0,-514.0,,,
oe:player:39c3a0258d73ffd0112726c410893f6,Celo,LØS Academy,CBLOLA,Brésil & Amérique latine,Deuxième niveau,ADC,51,-494.0,312.0,-447.0,203.0,0.0,0.0
oe:player:48386132af27e43a232bada68b102b8,topo,Universae Instituto FP,NEXO,EMEA,Troisième niveau,Top,20,-495.0,299.0,-495.0,34.0,0.0,0.0
oe:player:9e800fd20b5af69382436d72daa346f,Woldjo,UniQ Esports Club,NLC,EMEA,Deuxième niveau,Jungle,10,-495.0,297.0,-1325.0,,,
oe:player:791004876d01738e81bb09de69a255d,Ussii,Burning Core Toyama Academy,LJLA,Asie-Pacifique,Deuxième niveau,Top,22,-496.0,302.0,-690.0,211.0,0.0,0.0
oe:player:22080ddb251399d10bbd045b19e7ffb,Defflok,Cryptova,HM,EMEA,Deuxième niveau,Mid,38,-497.0,285.0,-773.0,196.0,0.0,0.0
oe:player:9913a58fbfe2e8e359666adfe057dac,Hoglet,AXIZ,LJL,Asie-Pacifique,Ligue majeure,Jungle,65,-497.0,318.0,-840.0,103.0,0.0,0.0
oe:player:81672fafdf160235f5c96b5956ae3bc,Beenie,LOUD Academy,CBLOLA,Brésil & Amérique latine,Deuxième niveau,ADC,18,-497.0,318.0,-461.0,,,
oe:player:daf00d15f9510d6b29e1f5403b334c1,Knika,UCAM Esports Academy,NEXO,EMEA,Troisième niveau,Top,15,-497.0,303.0,-503.0,,,
oe:player:20a8e429d58dfe01327b4e6f0a1cf05,Ariana,Team Phantasma,GLL,EMEA,Deuxième niveau,Top,39,-499.0,269.0,-1218.0,197.0,0.0,0.0
oe:player:74f2a5bee4f0c5e380729a5e63ecc42,Truncapochas,Dream Makers,NEXO,EMEA,Troisième niveau,Jungle,10,-500.0,306.0,-514.0,,,
oe:player:9f05cc3420a1f8fe42e40ac0162f592,Sant,LOUD Academy,CBLOLA,Brésil & Amérique latine,Deuxième niveau,ADC,18,-502.0,313.0,-486.0,,,
oe:player:54c7fafa62a6b38cb0eaec1dd6638db,Loers,Waia Snikt,LRN,Brésil & Amérique latine,Deuxième niveau,Mid,48,-502.0,343.0,-941.0,186.0,0.0,0.0
oe:player:f375092447be6536c8e55ad0e302236,StineR,FURIA Youth,CBLOLA,Brésil & Amérique latine,Deuxième niveau,Jungle,45,-502.0,310.0,-513.0,212.0,0.0,0.0
oe:player:a816385fec7adea23dae2cc105b3902,neyzz,LØS Academy,CBLOLA,Brésil & Amérique latine,Deuxième niveau,Mid,51,-504.0,312.0,-490.0,208.5,0.0,0.0
oe:player:b642776de2d1a12ea284de857564e63,Buzgej,Odivelas Sports Club,LPLOL,EMEA,Deuxième niveau,ADC,30,-505.0,282.0,-615.0,195.0,0.0,0.0
oe:player:ea0d95b36a67755627d018140491a6b,Stookbeer,A One Man Army,ESLOL,EMEA,Deuxième niveau,Support,36,-505.0,279.0,-271.0,206.0,0.0,0.0
oe:player:82a7ba77bb1c635ce1b23a4eaf65f4f,Lyrokun,Keypulse Esports,LPLOL,EMEA,Deuxième niveau,Support,27,-506.0,288.0,-489.0,199.0,0.0,0.0
oe:player:92cfefdee3053edb4c2e4435120d0e3,Grisen,Rift Sloths,ESLOL,EMEA,Deuxième niveau,Support,16,-506.0,297.0,-277.0,,,
oe:player:3b529b4d304d90d28e91ddddc903729,Honey,Crest Gaming Act,LJL,Asie-Pacifique,Ligue majeure,ADC,54,-507.0,314.0,-843.0,103.0,0.0,0.0
oe:player:7641b164c535ca4d6685ac77cacc54c,Danteh,Vertex Esports Club,LCO,Asie-Pacifique,Ligue majeure,ADC,26,-508.0,286.0,-488.0,104.0,0.0,0.0
oe:player:2954b3ee2964a171e9b6ff80d7bd5cc,Darkin,Polar Squad Esports,GL,Brésil & Amérique latine,Deuxième niveau,Top,10,-509.0,355.0,298.0,,,
oe:player:dac3ebed07ccecf0b97a0cfb027f1e3,Demy,Tomorrow Esports,LRN,Brésil & Amérique latine,Deuxième niveau,ADC,42,-509.0,346.0,-1257.0,156.5,0.0,0.0
oe:player:86c3e132112d55020639683aa066d9a,hainess,BRUTE,HM,EMEA,Deuxième niveau,Jungle,14,-509.0,291.0,-848.0,,,
oe:player:e6a797ed3a7b3cc2d77da14986473ec,Ruxal,UCAM Esports Academy,NEXO,EMEA,Troisième niveau,Mid,24,-509.0,299.0,-632.0,34.0,0.0,0.0
oe:player:c7673cc6a75e1633240f751f871ef49,Navatar,GGEsports,PGN,EMEA,Deuxième niveau,Jungle,14,-510.0,291.0,-1896.0,,,
oe:player:89cfa094070b0a8a007be06b079dbc7,Sunleaf,Burning Core Toyama Academy,LJLA,Asie-Pacifique,Deuxième niveau,ADC,22,-510.0,302.0,-890.0,203.0,0.0,0.0
oe:player:cf92da6a565cf411663430c9b2a0f3b,Enryy,DREN Esports,PGN,EMEA,Deuxième niveau,Support,18,-510.0,287.0,-1847.0,,,
oe:player:5bdf38cf3f512b2194435217e9b2f8f,Hades2,Panathinaikos Esports,GLL,EMEA,Deuxième niveau,Jungle,18,-510.0,292.0,-1483.0,,,
oe:player:0e90f941b97381231fc8b199be190c3,Ino,AXIZ,LJL,Asie-Pacifique,Ligue majeure,Top,65,-510.0,318.0,-713.0,109.5,0.0,0.0
oe:player:80944096eef0ae1f00f3312b95bcbf6,UnicornG,Zeus Kralik,GL,Brésil & Amérique latine,Deuxième niveau,Jungle,29,-510.0,351.0,253.0,197.0,0.0,0.0
oe:player:63516372cddedf9fb04d25ef9f02e3c,BrokenSword,Inside Games,HM,EMEA,Deuxième niveau,Top,14,-511.0,291.0,-814.0,,,
oe:player:8b0bf112e32d75e65b3c8a618df42fc,Sivvy,3BL Esports,AL,EMEA,Deuxième niveau,Support,16,-513.0,290.0,-1262.0,,,
oe:player:568aa93c8690d77c4f8ebb71929b742,Drifter,Colors Esport,NL,EMEA,Troisième niveau,ADC,11,-513.0,290.0,-1829.0,,,
oe:player:d51796c7c27a60d20bb30a03ef92124,Nesty,QT DIG∞,LJL,Asie-Pacifique,Ligue majeure,Jungle,14,-514.0,321.0,-923.0,,,
oe:player:35859191db73609302debbc5c43117c,Fuuu,FURIA Youth,CBLOLA,Brésil & Amérique latine,Deuxième niveau,Mid,45,-514.0,310.0,-536.0,210.0,0.0,0.0
oe:player:38863b71c4a7ca081afb1945b92bc42,Electro,Senshi eSports,ESLOL,EMEA,Deuxième niveau,Top,10,-514.0,300.0,-613.0,,,
oe:player:1879bed8667ed1b6b99f34f9acb6a20,Xeltop,ZennIT,ESLOL,EMEA,Deuxième niveau,Mid,21,-514.0,288.0,-351.0,207.0,0.0,0.0
oe:player:32e4293494bad7994670053fb0a67b5,besu,Burning Core Toyama Academy,LJLA,Asie-Pacifique,Deuxième niveau,Support,22,-514.0,302.0,-780.0,209.0,0.0,0.0
oe:player:22a544be49aac359bec15be087f34dd,Criptik,Senshi eSports,ESLOL,EMEA,Deuxième niveau,ADC,10,-514.0,300.0,-280.0,,,
oe:player:15800a60d4e7b6e48da83d7b95a9c06,Typical,GLORE,HM,EMEA,Deuxième niveau,Top,56,-515.0,282.0,-834.0,189.0,0.0,0.0
oe:player:df3940e59ad91e2b53bbf77cc90b65d,Leolas,Pertinax Esports,ESLOL,EMEA,Deuxième niveau,Support,19,-515.0,295.0,-325.0,,,
oe:player:c6a3d2fb852e7fbe44c84dd6e23f971,Pyl,Malvinas Gaming,LRS,Brésil & Amérique latine,Deuxième niveau,Support,36,-515.0,323.0,-1002.0,213.0,0.0,0.0
oe:player:488c6226cadbbeab0eb61b007a0454f,Fred,White Dragons,LPLOL,EMEA,Deuxième niveau,Mid,18,-515.0,286.0,-593.0,,,
oe:player:20708c138c041b5f23fdb42c2e01184,Eugeo,Crest Gaming Act,LJL,Asie-Pacifique,Ligue majeure,Mid,54,-516.0,314.0,-866.0,106.0,0.0,0.0
oe:player:eeaf1e38c16726eaa1266ff7333c30c,Phenix,BRUTE,HM,EMEA,Deuxième niveau,Support,14,-516.0,291.0,-1128.0,,,
oe:player:c98df548b46d873a7994bbe27b43e35,DAMKEXHINO4,LODIS,UL,EMEA,Deuxième niveau,ADC,42,-517.0,274.0,-1218.0,188.5,0.0,0.0
oe:player:21dac28e4c549adef01d56efe8b35d5,DaJeung,MAMMOTH,LCO,Asie-Pacifique,Ligue majeure,Mid,32,-517.0,287.0,-584.0,106.0,0.0,0.0
oe:player:e06aa8e1179539feb674b94f79c6207,Melkior,Polar Squad Esports,GL,Brésil & Amérique latine,Deuxième niveau,Mid,10,-517.0,355.0,240.0,,,
oe:player:3f31f8d5ed8cbae5977cfd3451ebe79,Hiro,Cryptova,HM,EMEA,Deuxième niveau,ADC,38,-517.0,273.0,-917.0,200.0,0.0,0.0
oe:player:e14b65515c985c335b42e3fe349d735,Zaiiche,UCAM Esports Academy,NEXO,EMEA,Troisième niveau,Top,29,-518.0,297.0,-607.0,35.0,0.0,0.0
oe:player:3487f7b8f35e53f67f1f6bb1e106703,Zekja,EGN Esports,LPLOL,EMEA,Deuxième niveau,ADC,18,-518.0,287.0,-681.0,,,
oe:player:27634ff8002b12e75d98e07ccd005d1,Water,Team sucrée au sucre,ESLOL,EMEA,Deuxième niveau,Mid,37,-519.0,282.0,-377.0,207.0,0.0,0.0
oe:player:650feb326abade613932b862af8c85d,Saya,Spirituals,GL,Brésil & Amérique latine,Deuxième niveau,Jungle,21,-519.0,347.0,206.0,207.0,0.0,0.0
oe:player:5d072a942f5886a2b2f818a39ef455b,Bako,3BL Esports,AL,EMEA,Deuxième niveau,Top,32,-520.0,278.0,-1363.0,212.0,0.0,0.0
oe:player:36b92108c1f71cd425ded7abc50b86b,Akunma,Tomorrow Esports,LRN,Brésil & Amérique latine,Deuxième niveau,Top,57,-520.0,308.0,-1043.0,194.0,0.0,0.0
oe:player:a7eeda89dab95c659a987fdb3952792,Kolios,Once Upon A Team,ESLOL,EMEA,Deuxième niveau,Support,10,-520.0,300.0,-348.0,,,
oe:player:acd381e68b92357896c0856efebb366,Smart,NOVO Esports,HC,EMEA,Troisième niveau,Top,35,-520.0,291.0,281.0,34.0,0.0,0.0
oe:player:76c3e002d3c052bd6a909366a8dc384,Manifest,Meta Gaming,LRS,Brésil & Amérique latine,Deuxième niveau,ADC,21,-520.0,323.0,-864.0,188.0,0.0,0.0
oe:player:dabef448fac48c6137ca1cfae1ffa15,Warner,Gamespace Mediterranean College Esports,GLL,EMEA,Deuxième niveau,Mid,14,-521.0,291.0,-916.0,,,
oe:player:a431dbda722230e58064efa0335fa07,Lapis,Senshi eSports,ESLOL,EMEA,Deuxième niveau,Jungle,10,-521.0,300.0,-1056.0,,,
oe:player:96364ac5ea373bf7cbdbd814cceea24,F4rg,For The Win Esports,LPLOL,EMEA,Deuxième niveau,Top,34,-521.0,284.0,-372.0,207.0,0.0,0.0
oe:player:27e4eea238ec423752d3144c149b88f,Harbo,Vanir,NLC,EMEA,Deuxième niveau,Mid,21,-521.0,285.0,-1558.0,200.0,0.0,0.0
oe:player:23b9dc4c36313e3cd3e977bd0042002,Chirp,Vertex Esports Club,LCO,Asie-Pacifique,Ligue majeure,Mid,17,-522.0,296.0,-613.0,,,
oe:player:0172dc19879a16aeb108363a75138a1,lll,Osaka,GL,Brésil & Amérique latine,Deuxième niveau,Support,24,-522.0,339.0,371.0,216.0,0.0,0.0
oe:player:7e42ba63c1c52eebccfa80b06a81acf,Uprising,Descuydado Aucas Esports,LRN,Brésil & Amérique latine,Deuxième niveau,Top,47,-523.0,319.0,-1058.0,163.0,0.0,0.0
oe:player:4d10f9a1263936ae396ac674a6ed8e9,Feng,Janus Esports,LRN,Brésil & Amérique latine,Deuxième niveau,Jungle,48,-524.0,327.0,-1184.0,154.0,0.0,0.0
oe:player:8c705617776f79fa595d4f3979e04d2,Quavõ,Senshi eSports,ESLOL,EMEA,Deuxième niveau,Support,10,-524.0,300.0,-366.0,,,
oe:player:6fa994228e169896341959199530c06,EpicReaper,19esports,DDH,Brésil & Amérique latine,Deuxième niveau,Support,27,-524.0,364.0,0.0,197.0,0.0,0.0
oe:player:93413363cf2cc7a08f7de85c2d20843,jjs156,Pertinax Esports,ESLOL,EMEA,Deuxième niveau,Top,19,-525.0,295.0,-668.0,,,
oe:player:74491f6e6a9b07dcd6cad2bc7f2c185,uciu,Crvena zvezda Esports,EBL,EMEA,Deuxième niveau,Jungle,28,-525.0,277.0,-1027.0,200.0,0.0,0.0
oe:player:040463583a2d75b5db770ba0813be39,Kentakki,AXIZ Academy,LJLA,Asie-Pacifique,Deuxième niveau,Support,23,-526.0,296.0,-839.0,215.0,0.0,0.0
oe:player:205f456adac22b2b8cb732651167215,Lulas,EGN Esports,LPLOL,EMEA,Deuxième niveau,Jungle,31,-526.0,284.0,-370.0,207.0,0.0,0.0
oe:player:f336cbc0258d25e984326f2622f874d,Kerfa,Pirate Dream,LRN,Brésil & Amérique latine,Deuxième niveau,Top,38,-528.0,343.0,-1083.0,217.0,0.0,0.0
oe:player:54f94ee334d6c7e7ccec18ed04cc487,Lord,Eclipse Gaming,LRS,Brésil & Amérique latine,Deuxième niveau,Mid,38,-529.0,312.0,-773.0,211.0,0.0,0.0
oe:player:148006bacc8da82e0a6dd7c7ddb6340,Kudy,Triple Esports,AL,EMEA,Deuxième niveau,Jungle,13,-529.0,294.0,-1934.0,,,
oe:player:1deca82b63be6273f62317a32e73aa0,YoOlek,Magna Esports,NEXO,EMEA,Troisième niveau,Mid,10,-529.0,308.0,-732.0,,,
oe:player:9fcc44febebcae8479bdabb4afe1b79,Aglaro,Heracles Gaming,NEXO,EMEA,Troisième niveau,Support,13,-529.0,301.0,-874.0,,,
oe:player:b7b762e710417e8129b6a4a1de7dcbb,Badlyyga,devils.one inStreamly,UL,EMEA,Deuxième niveau,Jungle,25,-529.0,282.0,-1160.0,202.0,0.0,0.0
oe:player:f4de67600f58269fb59e43a86c229da,Megumiin,AXIZ,LJL,Asie-Pacifique,Ligue majeure,Mid,65,-531.0,318.0,-941.0,107.0,0.0,0.0
oe:player:0dc6a45b047febdeb1578098557a864,Lumerion,HEET,ESLOL,EMEA,Deuxième niveau,Top,18,-531.0,291.0,-700.0,,,
oe:player:c122119764a5b11a762eceffb2da2eb,Joexy,Panathinaikos Esports,GLL,EMEA,Deuxième niveau,Support,32,-534.0,281.0,-1097.0,189.0,0.0,0.0
oe:player:23b8dd9ca6016d7432f3e39ffc20cc7,MrHB,Pertinax Esports,ESLOL,EMEA,Deuxième niveau,ADC,19,-534.0,295.0,-384.0,,,
oe:player:f7d8c1fd03b11c456966e4f1ee056f1,Skyy,PÊEK Gaming,LRN,Brésil & Amérique latine,Deuxième niveau,Mid,40,-535.0,333.0,-1106.0,160.5,0.0,0.0
oe:player:73124aed8e061dafd713df6285a137a,Vahvel,LOUD Academy,CBLOLA,Brésil & Amérique latine,Deuxième niveau,Support,36,-536.0,309.0,-1108.0,219.0,0.0,0.0
oe:player:28d24f9c86d24b84313485a5a07d238,Tochas,EGN Esports,LPLOL,EMEA,Deuxième niveau,Support,31,-536.0,283.0,-641.0,212.0,0.0,0.0
oe:player:fa0b63f25d0e93a6bd1544f112bfc52,Zekrosk,KODE Gaming,NEXO,EMEA,Troisième niveau,ADC,10,-537.0,309.0,-960.0,,,
oe:player:1b1e7d4392249cce6332592fb350a37,Yoshida,Burning Core Toyama Academy,LJLA,Asie-Pacifique,Deuxième niveau,Mid,22,-538.0,302.0,-933.0,209.0,0.0,0.0
oe:player:df71d02acccb4913bc5b374d4551079,Mousty,LOUD Academy,CBLOLA,Brésil & Amérique latine,Deuxième niveau,Jungle,18,-539.0,318.0,-698.0,,,
oe:player:5b114fc7f09132610d534f9e3ada0dc,Neyko,Once Upon A Team,ESLOL,EMEA,Deuxième niveau,Jungle,10,-540.0,300.0,-1150.0,,,
oe:player:137daadb3bab4f0b992eb08a3939e72,Poweh,Heracles Gaming,NEXO,EMEA,Troisième niveau,Top,20,-540.0,298.0,-717.0,35.0,0.0,0.0
oe:player:c801ff1f6d936b319b8a499cbf4c125,Shoiti,FURIA Youth,CBLOLA,Brésil & Amérique latine,Deuxième niveau,Support,10,-542.0,314.0,-1136.0,,,
oe:player:a6ecfc61cbbde3dc4a88a431219809b,Ux,Spectacled Bears,LRS,Brésil & Amérique latine,Deuxième niveau,ADC,18,-543.0,324.0,-980.0,,,
oe:player:ebd4b1a96cf1df7e3defb437097f57d,LeQu,GRP Esports,UL,EMEA,Deuxième niveau,Top,18,-543.0,286.0,-1524.0,,,
oe:player:8d1d0bf03def0bbfe674c5858efdd27,Ovale,Jörmungang,ESLOL,EMEA,Deuxième niveau,Jungle,10,-544.0,298.0,-1171.0,,,
oe:player:2052e930597d926df2afd2fc9ec0d3b,Alpha Bravo,MonKings,ESLOL,EMEA,Deuxième niveau,Mid,12,-544.0,299.0,-498.0,,,
oe:player:8ceaf547caa0fdb71e782a23465ff39,Makes,LOUD Academy,CBLOLA,Brésil & Amérique latine,Deuxième niveau,Top,36,-546.0,309.0,-658.0,224.0,0.0,0.0
oe:player:448be00c9923136e0b3f872e09157d5,Racon,DetonatioN FocusMe Academy,LJLA,Asie-Pacifique,Deuxième niveau,Jungle,20,-547.0,307.0,-1014.0,203.0,0.0,0.0
oe:player:e9bee56fd3bd016baf8da8219cdb0ea,GEPARDINHO5,LODIS,UL,EMEA,Deuxième niveau,Support,21,-547.0,285.0,-1212.0,207.0,0.0,0.0
oe:player:1f6edc5c1681e87e6fa8b912c94183c,Meza,3BL Esports,AL,EMEA,Deuxième niveau,Mid,39,-548.0,277.0,-1675.0,195.0,0.0,0.0
oe:player:11aefb66454791d4b36106af3fc2214,Ivama,Erfolg Esports,NEXO,EMEA,Troisième niveau,Jungle,12,-549.0,303.0,-760.0,,,
oe:player:b768e829b646b094c7df80ba249b193,gtrik,Zajčje Tačke,EBL,EMEA,Deuxième niveau,Mid,14,-549.0,287.0,-1050.0,,,
oe:player:79715a2d8a5dcfe07726c00e0f05433,Kuroneel,MS Company,NL,EMEA,Troisième niveau,Mid,26,-549.0,287.0,-1894.0,34.0,0.0,0.0
oe:player:1027875f132139d20d779d7b96b4724,Leidcroop,Zeus Kralik,GL,Brésil & Amérique latine,Deuxième niveau,Mid,29,-549.0,351.0,82.0,200.0,0.0,0.0
oe:player:6696da20f077734132f2757604548ec,Dusseldrop,RQS Esports,ESLOL,EMEA,Deuxième niveau,Top,25,-551.0,291.0,-798.0,217.0,0.0,0.0
oe:player:a1cf236c2b3c7deff8f57282dd2a84f,Emets,Meta Gaming,LHE,Brésil & Amérique latine,Deuxième niveau,ADC,19,-555.0,377.0,109.0,,,
oe:player:f1679ba0230483418084ea47bec81c7,Tierwulf,Eclipse Gaming,LRS,Brésil & Amérique latine,Deuxième niveau,Jungle,21,-556.0,313.0,-999.0,194.0,0.0,0.0
oe:player:423785f49efb9ecddd149cfac4eafa2,Redfernal,White Dragons,LPLOL,EMEA,Deuxième niveau,Support,12,-556.0,287.0,-740.0,,,
oe:player:1803cfd1a017efe15edef6546bdac2b,Gaboesh,DREN Esports,PGN,EMEA,Deuxième niveau,Jungle,14,-558.0,290.0,-2135.0,,,
oe:player:2eec415168a9f5810a8674fd4213fa9,Sahira,Valiance,ESLOL,EMEA,Deuxième niveau,Mid,31,-558.0,284.0,-569.0,218.0,0.0,0.0
oe:player:b3930e087fe235378c3be105e7f5972,Ivok,Ionikos Nikaias Esports,GLL,EMEA,Deuxième niveau,Mid,27,-558.0,281.0,-1100.0,198.0,0.0,0.0
oe:player:1eea21c685058c30ab257d6b8c062a0,Wicked,Triple Esports,AL,EMEA,Deuxième niveau,Mid,13,-558.0,294.0,-1725.0,,,
oe:player:4afb518ee224e2956ac4e4b9e3e6e7a,Jericho,DetonatioN FocusMe Academy,LJLA,Asie-Pacifique,Deuxième niveau,Mid,20,-558.0,307.0,-1033.0,208.0,0.0,0.0
oe:player:d4ce01b5e3d0843e6bce1d70376deea,Gerro,Komil & Friends,UL,EMEA,Deuxième niveau,Support,48,-559.0,274.0,-1269.0,201.0,0.0,0.0
oe:player:484c46a9f13ed8f8be977ea4e809212,Cayetano,EGN Esports,LPLOL,EMEA,Deuxième niveau,Mid,14,-560.0,290.0,-815.0,,,
oe:player:557b8fc6abd8c0a9a697986a2abcfc5,Phoxie,Boavista FC,LPLOL,EMEA,Deuxième niveau,Mid,15,-561.0,291.0,-821.0,,,
oe:player:da926a87a919e14566bde03b1f2c661,Mehere,Fullclear Esports,ESLOL,EMEA,Deuxième niveau,Mid,21,-561.0,294.0,-586.0,217.0,0.0,0.0
oe:player:8513eff64bbe7108437f4358aa5a1a4,Grindyzer,Team sucrée au sucre,ESLOL,EMEA,Deuxième niveau,Support,23,-563.0,290.0,-563.0,220.0,0.0,0.0
oe:player:84267170504b66790b8320ffb98f0af,Catan,Mayan Esports,GL,Brésil & Amérique latine,Deuxième niveau,ADC,17,-563.0,345.0,262.0,,,
oe:player:d623bb25dc94f5a8dfdab2689ac5615,TheCheeng,DREN Esports,PGN,EMEA,Deuxième niveau,Top,32,-563.0,277.0,-1683.0,200.0,0.0,0.0
oe:player:55d0a6376b5df0cba24b1abbbd2ae94,Deftsu,Undead Gaming,LRS,Brésil & Amérique latine,Deuxième niveau,ADC,27,-563.0,316.0,-1081.0,191.0,0.0,0.0
oe:player:4c7f0db2e929c9a7a8c6333443020fa,Baloo,Nativz,NLC,EMEA,Deuxième niveau,Support,14,-565.0,294.0,-1834.0,,,
oe:player:f7ccb9de57ff8532dbef02effdc91a4,Moon Prince,Senshi eSports,ESLOL,EMEA,Deuxième niveau,Mid,10,-565.0,300.0,-607.0,,,
oe:player:835e6f063fe8970ade076ac746284db,Mortuario,Descuydado Aucas Esports,VL,Brésil & Amérique latine,Deuxième niveau,Support,24,-566.0,364.0,358.0,219.0,0.0,0.0
oe:player:c334ee63e5cf0c65f52cefd3f68a7d2,Tamoz,ZennIT,ESLOL,EMEA,Deuxième niveau,Top,14,-567.0,295.0,-881.0,,,
oe:player:939c3714742dbcd5d98cc2e2e399750,HALdesu,AXIZ Academy,LJLA,Asie-Pacifique,Deuxième niveau,Jungle,21,-568.0,303.0,-1120.0,218.0,0.0,0.0
oe:player:923377644a95264f86d2d5e4d266346,Marco,Inside Games,HM,EMEA,Deuxième niveau,Support,33,-569.0,280.0,-1393.0,217.0,0.0,0.0
oe:player:b41c38635897d17b1f0059c91e6e9a6,Rosey,Vertex Esports Club,LCO,Asie-Pacifique,Ligue majeure,Support,19,-569.0,296.0,-1342.0,,,
oe:player:dbf1c049c925f59186be4478b242d04,Acerola,Descuydado Aucas Esports,LRN,Brésil & Amérique latine,Deuxième niveau,Jungle,34,-569.0,325.0,-1408.0,213.0,0.0,0.0
oe:player:d3932716505231ac00a4471c5766efe,Remix,Nativz,NLC,EMEA,Deuxième niveau,ADC,14,-569.0,294.0,-1942.0,,,
oe:player:3f890a6b313e2d19cd4c40373535d1a,Orion,Osaka,LRN,Brésil & Amérique latine,Deuxième niveau,Mid,40,-570.0,333.0,-1283.0,191.0,0.0,0.0
oe:player:25fe9b231df766ced37c24b04cb8ad9,Stoofvlees,Vlaams Erfgoed,ESLOL,EMEA,Deuxième niveau,ADC,16,-571.0,296.0,-568.0,,,
oe:player:ba1c003769638fb7993b8d39e47b8a0,KNEZA,Team UNiTY,HC,EMEA,Troisième niveau,ADC,43,-571.0,291.0,526.0,31.0,0.0,0.0
oe:player:43ec3ccd16f1ff6a8f6fbc6ed592e03,Foute Makelaar,Pertinax Esports,ESLOL,EMEA,Deuxième niveau,Jungle,12,-573.0,299.0,-1319.0,,,
oe:player:e908f4abece717b37eea4ace7cc5f92,Misaki,BWE Esports,LPLOL,EMEA,Deuxième niveau,Top,31,-574.0,287.0,-637.0,211.0,0.0,0.0
oe:player:8c66da3b30e70ff5a465821510ed2cf,Jotape,Ramo Awake Gaming,GL,Brésil & Amérique latine,Deuxième niveau,Support,13,-574.0,354.0,110.0,,,
oe:player:662e402075e397e4afaea9c752cec96,Hatred,Myth Esports,EBL,EMEA,Deuxième niveau,Jungle,32,-575.0,278.0,-1280.0,215.0,0.0,0.0
oe:player:87b3695bfd6f672e2c7c4da7ca2b46a,Kerberos,Triple Esports,AL,EMEA,Deuxième niveau,Top,31,-575.0,281.0,-1639.0,207.0,0.0,0.0
oe:player:31c5497620ea4aea37a0b5a5cb0518c,Dan,Jörmungang,ESLOL,EMEA,Deuxième niveau,ADC,10,-575.0,298.0,-589.0,,,
oe:player:00182d698df56f2ba8b462661776557,Willy,Mayan Esports,GL,Brésil & Amérique latine,Deuxième niveau,ADC,13,-575.0,355.0,203.0,,,
oe:player:b1d0f7e8d9c568493e5e84dab363640,Dantesito,Spirituals,GL,Brésil & Amérique latine,Deuxième niveau,ADC,23,-577.0,341.0,193.0,211.0,0.0,0.0
oe:player:ec40ca8fe7e6ed94b321110063bed2c,GunPoint,Eclipse Gaming,LHE,Brésil & Amérique latine,Deuxième niveau,ADC,29,-577.0,369.0,0.0,212.0,0.0,0.0
oe:player:731b38cf593d2cb10856ed561d6bcc6,Nickleaf,Descuydado Aucas Esports,VL,Brésil & Amérique latine,Deuxième niveau,ADC,24,-578.0,364.0,1039.0,213.0,0.0,0.0
oe:player:9820f8d5b4978685037408423cacd0b,1buki,AXIZ Academy,LJLA,Asie-Pacifique,Deuxième niveau,Mid,21,-578.0,303.0,-1132.0,216.0,0.0,0.0
oe:player:fc2b1c9f4157a53abcd021876d6e0ce,Marth,Osaka,LRN,Brésil & Amérique latine,Deuxième niveau,Top,18,-579.0,348.0,-1335.0,,,
oe:player:9f35812b70d2b6c3f99cedb00bdfa82,Athyz,Osaka,LRN,Brésil & Amérique latine,Deuxième niveau,Jungle,42,-579.0,343.0,-1456.0,203.0,0.0,0.0
oe:player:306df94ca8093266ce9249795dcbaa6,beta32,RED Academy,CBLOLA,Brésil & Amérique latine,Deuxième niveau,Top,11,-580.0,313.0,-831.0,,,
oe:player:0998a1e9d55bcf3eb5ee3ea3eba9250,ALNSHT,Universae Instituto FP,NEXO,EMEA,Troisième niveau,ADC,10,-582.0,308.0,-1185.0,,,
oe:player:38408cb0943e6f27ccd6272bdc1f09b,Boohis,Universae Instituto FP,NEXO,EMEA,Troisième niveau,Support,15,-582.0,302.0,-1139.0,,,
oe:player:b4c1ccfbb0c996bdb6369cc6b7163eb,Knedla,EXILE esports,HC,EMEA,Troisième niveau,Jungle,14,-584.0,312.0,246.0,,,
oe:player:770bdf94813f1f1206a1e9f72a2180a,Koenraad II,Vlaams Erfgoed,ESLOL,EMEA,Deuxième niveau,Mid,16,-584.0,296.0,-702.0,,,
oe:player:feef3ba4f8d3fa6c075bf4d585bc40a,HAKA,Janus Esports,LRN,Brésil & Amérique latine,Deuxième niveau,Top,53,-584.0,325.0,-1362.0,179.0,0.0,0.0
oe:player:0d3429db74bda2740a0c85c8861713d,HondaTolec,Odivelas Sports Club,LPLOL,EMEA,Deuxième niveau,Support,13,-585.0,292.0,-885.0,,,
oe:player:95faa191124ab828efdffa1ce5f7248,Yue,Vertex Esports Club,LCO,Asie-Pacifique,Ligue majeure,Jungle,10,-587.0,299.0,-1308.0,,,
oe:player:f1ee8e15eda52d6d2c00577eadc9676,Aronid,Oxygen Kumiho,NEXO,EMEA,Troisième niveau,Mid,12,-590.0,304.0,-1037.0,,,
oe:player:09d224980ebf7c5f2bec0fff502c247,Shyelander,Inside Games,HM,EMEA,Deuxième niveau,Jungle,25,-591.0,282.0,-1260.0,219.0,0.0,0.0
oe:player:aaa9295bccb2630de400786f15c0137,Chaos,Boavista FC,LPLOL,EMEA,Deuxième niveau,Jungle,11,-591.0,292.0,-692.0,,,
oe:player:bded911bd14cf5014849c923fce2a08,Jalleba,Triple Esports,AL,EMEA,Deuxième niveau,ADC,13,-592.0,294.0,-2028.0,,,
oe:player:8429daba1cf5e1f32cc0d08298a944d,Cristonex,Waia Snikt,GL,Brésil & Amérique latine,Deuxième niveau,Top,29,-592.0,338.0,-117.0,219.0,0.0,0.0
oe:player:f97ecbe7f4f778302e893532b26279e,Acee,V3 Esports,LJL,Asie-Pacifique,Ligue majeure,Mid,11,-593.0,320.0,-1248.0,,,
oe:player:fc1c88643492fac17c6b2cc74b9de40,Rokecs,Polar Squad Esports,GL,Brésil & Amérique latine,Deuxième niveau,ADC,20,-593.0,343.0,111.0,216.0,0.0,0.0
oe:player:526fdc640d635b7c6f01cd356345db0,Duivel,Spectacled Bears,LHE,Brésil & Amérique latine,Deuxième niveau,Support,21,-596.0,320.0,0.0,225.0,0.0,0.0
oe:player:dab9d868efc0d19f7f347ba16c372bc,Karaage,DetonatioN FocusMe Academy,LJLA,Asie-Pacifique,Deuxième niveau,Top,20,-597.0,307.0,-1196.0,215.0,0.0,0.0
oe:player:9bc6f23d0cb954b0fd8208b469b5433,Kodo,PDK Sideral,NEXO,EMEA,Troisième niveau,ADC,11,-597.0,306.0,-1259.0,,,
oe:player:cb319d6884fb0e1aa1fc626afea611d,Aliplane,Myth Esports,ESLOL,EMEA,Deuxième niveau,ADC,20,-597.0,286.0,-700.0,217.0,0.0,0.0
oe:player:ffad8c412f83018566a377cc0496a3b,Soweto,RED Academy,CBLOLA,Brésil & Amérique latine,Deuxième niveau,Jungle,39,-598.0,310.0,-989.0,226.0,0.0,0.0
oe:player:bf3a9a76cc8f415a2d805f7b7a7fc3b,Space,RQS Esports,ESLOL,EMEA,Deuxième niveau,ADC,25,-598.0,291.0,-701.0,213.0,0.0,0.0
oe:player:1e2faa85fd4b8eeeb60f677594ee8b9,Promise0,Inside Games,HM,EMEA,Deuxième niveau,ADC,21,-601.0,288.0,-1334.0,212.0,0.0,0.0
oe:player:dff8a724f95b1b3c78c7b026b0f55fa,Taicho,AXIZ Academy,LJLA,Asie-Pacifique,Deuxième niveau,Top,21,-601.0,303.0,-1220.0,221.0,0.0,0.0
oe:player:470975ffaacfb7ebd76b0eb2d781ff0,Biskoo,One More Esports,AL,EMEA,Deuxième niveau,Support,15,-601.0,290.0,-1701.0,,,
oe:player:2eee04126191d031776009f73ba1eca,Dumbao,Odivelas Sports Club,LPLOL,EMEA,Deuxième niveau,Top,13,-602.0,292.0,-777.0,,,
oe:player:dba8a17e359c34ae247f90a921b8386,JohnGiannis,Wild Panthers Esports,GLL,EMEA,Deuxième niveau,Top,10,-603.0,296.0,-1736.0,,,
oe:player:c74af25e6a98cda1dec1bac88b6d39b,Sup Test,T1 Esports Academy Rookies,LAS,Corée,Troisième niveau,Support,28,-603.0,422.0,-2466.0,34.0,0.0,0.0
oe:player:0c2de4934c6d7fc96160344dec846df,Sander,Osaka,GL,Brésil & Amérique latine,Deuxième niveau,Top,19,-606.0,350.0,-186.0,,,
oe:player:f6bc8a833bcb82beb8eba1c57fa0c2a,Dzejno,Esport STUBA,HC,EMEA,Troisième niveau,ADC,48,-606.0,299.0,352.0,31.0,0.0,0.0
oe:player:e44602d2b633e9b0392fc264d1ae1a9,Iheb,Valiance,AL,EMEA,Deuxième niveau,Support,21,-607.0,286.0,-1732.0,203.0,0.0,0.0
oe:player:057c5764912c0f735957f5f0481b1d8,Tchokez,Rift Sloths,ESLOL,EMEA,Deuxième niveau,Support,24,-607.0,288.0,-783.0,222.0,0.0,0.0
oe:player:6ee53da978c322ca837620effc77faa,2Trick,Northern Lions Esports,ESLOL,EMEA,Deuxième niveau,Support,13,-608.0,296.0,-790.0,,,
oe:player:9bebc9a7ed9fbb88c505621781e1019,Darky,Leões Porto Salvo Esports,LPLOL,EMEA,Deuxième niveau,Top,11,-608.0,295.0,-808.0,,,
oe:player:e45341b36448fbd115941562ec07aec,Opeduy,Heracles Gaming,NEXO,EMEA,Troisième niveau,Mid,26,-609.0,293.0,-1130.0,38.0,0.0,0.0
oe:player:50fee5d861a61e6c905003ac36bc2b2,Adri,Leões Porto Salvo Esports,LPLOL,EMEA,Deuxième niveau,Support,11,-609.0,295.0,-1003.0,,,
oe:player:f987efb3da0d056699079e5f6755ef2,Pinkmin,Veni Vidi Vici,NEXO,EMEA,Troisième niveau,Support,24,-610.0,282.0,-1277.0,37.0,0.0,0.0
oe:player:a197fc224893a08522a56c22b02ae26,v1SaG3,Team 7AM,EBL,EMEA,Deuxième niveau,Top,42,-610.0,276.0,-902.0,218.5,0.0,0.0
oe:player:3310d537f88b216bd08f8653bb9f35f,Samyaza,Esport STUBA,HC,EMEA,Troisième niveau,Mid,23,-611.0,309.0,268.0,36.0,0.0,0.0
oe:player:62192a0e29076af0b79fb1ccaca9d18,Andathy,Osaka,GL,Brésil & Amérique latine,Deuxième niveau,Jungle,19,-611.0,350.0,-251.0,,,
oe:player:e29ed806daf39c7a06053ad25958831,Mitir,Ramo Awake Gaming,GL,Brésil & Amérique latine,Deuxième niveau,Jungle,14,-612.0,350.0,-255.0,,,
oe:player:655e38b95a3554d69f6c7d2de4221aa,Mahonix,mCon esports,ESLOL,EMEA,Deuxième niveau,Support,40,-612.0,278.0,-809.0,221.0,0.0,0.0
oe:player:dd6517e6c717147687f88e4278b345b,ADC Test,T1 Esports Academy Rookies,LAS,Corée,Troisième niveau,ADC,28,-613.0,422.0,-2540.0,31.0,0.0,0.0
oe:player:9c5c646d2acabd84f7067db6f6e1eb6,Tomasino,Vertex Esports Club,LCO,Asie-Pacifique,Ligue majeure,Top,19,-614.0,296.0,-1315.0,,,
oe:player:3ce8e9d9522b1615f5e1263dc6ab2dc,Simbz,Magaza Esports,EBL,EMEA,Deuxième niveau,ADC,25,-614.0,289.0,-1285.0,214.0,0.0,0.0
oe:player:72cf194e05e421633bc0940e9983186,yanjee,BWE Esports,LPLOL,EMEA,Deuxième niveau,Jungle,32,-615.0,288.0,-813.0,215.0,0.0,0.0
oe:player:3151090b16fde9e7ff044d7e165a741,Marzo,Chilli Esport,HC,EMEA,Troisième niveau,ADC,28,-616.0,286.0,301.0,34.0,0.0,0.0
oe:player:b79f7473a1f0370d4604106dac82cb8,Mechanics,Northern Lions Esports,ESLOL,EMEA,Deuxième niveau,ADC,14,-619.0,295.0,-807.0,,,
oe:player:238bc013db5fc47bc74150d38b5bea7,Toybu,STOPWATCH eSports,HC,EMEA,Troisième niveau,Mid,25,-620.0,314.0,223.0,36.0,0.0,0.0
oe:player:ac58161ab2cdcc336f207de13e02b9e,DuarteV,Leões Porto Salvo Esports,LPLOL,EMEA,Deuxième niveau,ADC,11,-621.0,295.0,-1196.0,,,
oe:player:73b8ea5aed1fefc530e333a07438218,Cosmoz,Santiago Wanderers eSports,LHE,Brésil & Amérique latine,Deuxième niveau,Mid,10,-622.0,353.0,,,,
oe:player:9f46237472e7183d47fb9abc553cd05,Blackout,Leões Porto Salvo Esports,LPLOL,EMEA,Deuxième niveau,Mid,11,-623.0,295.0,-1130.0,,,
oe:player:6c1528682aa647ed11eeea79a0efbdf,1Blue,Kanga Esports,LCO,Asie-Pacifique,Ligue majeure,Top,12,-624.0,300.0,-1365.0,,,
oe:player:62633293ebe4ae9a06bb68c78cf9484,Kartana,Spectacled Bears,LRS,Brésil & Amérique latine,Deuxième niveau,Jungle,23,-626.0,328.0,-1351.0,223.0,0.0,0.0
oe:player:492379b2b8f7ac3f7cc8e0ca6254f4b,Kyoto,Osaka,GL,Brésil & Amérique latine,Deuxième niveau,Mid,19,-626.0,350.0,-305.0,,,
oe:player:066725a7485d6f4959160290aaadbcb,Peep,Santiago Wanderers eSports,LHE,Brésil & Amérique latine,Deuxième niveau,ADC,10,-626.0,353.0,-242.0,,,
oe:player:33dd06f5f98326254b0d95d38d9c666,Lisbd,UCAM Esports Academy,NEXO,EMEA,Troisième niveau,ADC,25,-627.0,298.0,-1411.0,35.0,0.0,0.0
oe:player:823520c81830a5fb0e80365091ed89f,Shinki,Kanga Esports,LCO,Asie-Pacifique,Ligue majeure,Top,26,-627.0,293.0,-1378.0,111.0,0.0,0.0
oe:player:4ae382e5cc3e063f06c8e0f3fa41afd,KreshtDoo,Eclipse Gaming,LHE,Brésil & Amérique latine,Deuxième niveau,ADC,18,-630.0,335.0,-266.0,,,
oe:player:4dabc9746a3cae241a063d7a1e4d204,Momochi,Liberty,CBLOLA,Brésil & Amérique latine,Deuxième niveau,Support,19,-630.0,306.0,-1577.0,,,
oe:player:f0b6f18cb5222e618327f75f3c31ceb,RapMonsters,Keypulse Esports,LPLOL,EMEA,Deuxième niveau,Mid,41,-630.0,278.0,-1168.0,207.0,0.0,0.0
name:KOEN b3b3,KOEN b3b3,Vlaams Erfgoed,ESLOL,EMEA,Deuxième niveau,Jungle,16,-631.0,296.0,-1609.0,,,
oe:player:371ce62bbcfebc2c0ba6ad4d565777a,Scuffed,Inside Games,HM,EMEA,Deuxième niveau,Mid,28,-631.0,279.0,-1441.0,220.0,0.0,0.0
oe:player:2867499ee400ed7525822436fbb2e08,Getsu,ZennIT,ESLOL,EMEA,Deuxième niveau,Jungle,14,-631.0,295.0,-1608.0,,,
oe:player:65b59bbaae54e3b295f965b854b9082,Nomad,Fullclear Esports,ESLOL,EMEA,Deuxième niveau,ADC,21,-631.0,294.0,-866.0,218.0,0.0,0.0
oe:player:d963672df576fe18b7dc4a85e34f9cf,ASTRO1,Ankora Gaming,EBL,EMEA,Deuxième niveau,ADC,14,-632.0,292.0,-1376.0,,,
oe:player:814bb132bc1fa9fd1e86add646195b9,Siriass,Esport STUBA,HC,EMEA,Troisième niveau,Support,23,-633.0,309.0,137.0,36.0,0.0,0.0
oe:player:421bd17dac8819ad37c21785a47b811,QTKT,Northern Lions Esports,ESLOL,EMEA,Deuxième niveau,Jungle,14,-633.0,295.0,-1615.0,,,
oe:player:53c5acbf75de5e3342bc323e60268dd,Ocean,Meta Gaming,LHE,Brésil & Amérique latine,Deuxième niveau,Jungle,24,-635.0,348.0,0.0,225.0,0.0,0.0
oe:player:17e709c5d7d14d8a467e2457e5e578f,Necromartin,Esport STUBA,HC,EMEA,Troisième niveau,Top,23,-636.0,309.0,-300.0,37.0,0.0,0.0
oe:player:01ec6c66d030c0bfe5962c7cfe26655,Scenari0,Spectacled Bears,SL (LATAM),Brésil & Amérique latine,Deuxième niveau,ADC,33,-636.0,317.0,1136.0,219.0,0.0,0.0
oe:player:159c85d3e87105d5975e207b5c38f6c,Gooby,Ground Zero Gaming,LCO,Asie-Pacifique,Ligue majeure,Jungle,24,-636.0,295.0,-1549.0,105.0,0.0,0.0
oe:player:4d42944851ab83df6e313c8ec66d704,Bulldawg,Ground Zero Gaming,LCO,Asie-Pacifique,Ligue majeure,Support,24,-636.0,295.0,-1680.0,108.0,0.0,0.0
oe:player:7090ed29dadacd0db584e43df5db194,Gorilla1,Ankora Gaming,EBL,EMEA,Deuxième niveau,Support,28,-637.0,282.0,-1254.0,224.0,0.0,0.0
oe:player:47a291a4aeb2a3854eb7edf3817b63a,Gorny,STOPWATCH eSports,HC,EMEA,Troisième niveau,Jungle,25,-637.0,314.0,-20.0,33.0,0.0,0.0
oe:player:5b61a982a1a4551b0fc20c2ebe229f4,Nuclex,Pirate Dream,VL,Brésil & Amérique latine,Deuxième niveau,Mid,24,-638.0,400.0,214.0,216.0,0.0,0.0
oe:player:025e5205e4d45facd36177011b12caf,Brucs,Leões Porto Salvo Esports,LPLOL,EMEA,Deuxième niveau,Jungle,11,-638.0,295.0,-929.0,,,
oe:player:ad387eb6e3f6bf92912233ea90aacf8,Bwezc,Boavista FC,LPLOL,EMEA,Deuxième niveau,Support,21,-638.0,286.0,-1150.0,221.0,0.0,0.0
oe:player:e8f0ee0e15ce46d1189bbcc8436cdc3,taetsu,Magaza Esports,EBL,EMEA,Deuxième niveau,Mid,37,-638.0,279.0,-1494.0,216.0,0.0,0.0
oe:player:ca0dbad92a874b2f69b549293387925,Code,Spirituals,GL,Brésil & Amérique latine,Deuxième niveau,Top,21,-638.0,345.0,-347.0,223.0,0.0,0.0
oe:player:d9a6c1455bde1956ebada6fafeefdf4,Nishkyu,Descuydado Aucas Esports,VL,Brésil & Amérique latine,Deuxième niveau,Mid,24,-639.0,364.0,206.0,221.0,0.0,0.0
oe:player:422a539a0c83512f765663da4325fc2,AMBAN,Santiago Wanderers eSports,LHE,Brésil & Amérique latine,Deuxième niveau,Jungle,10,-641.0,353.0,-28.0,,,
oe:player:c5a6a72ce18fada6aaba02c25fe18f6,SkyOwnage,Fullclear Esports,ESLOL,EMEA,Deuxième niveau,Support,21,-641.0,294.0,-952.0,226.0,0.0,0.0
oe:player:455527eab48df51aaf02979e65dd651,Jaqen,devils.one inStreamly,UL,EMEA,Deuxième niveau,Top,25,-643.0,283.0,-2026.0,221.0,0.0,0.0
oe:player:0f85b549fe1f2d3f869e4c95bf74091,evol,AXIZ Academy,LJLA,Asie-Pacifique,Deuxième niveau,ADC,21,-643.0,303.0,-1556.0,216.0,0.0,0.0
oe:player:b2db813b8929031200a4a85b26a1726,Mega,UCAM Esports Academy,NEXO,EMEA,Troisième niveau,Support,13,-644.0,307.0,-1447.0,,,
oe:player:51148471b778017b70ba6f85a452dd1,Merlin,24/7 Tower Dive,ESLOL,EMEA,Deuxième niveau,Mid,16,-645.0,294.0,-1004.0,,,
oe:player:43ba4f6beb2d73408cb2fcebd67b1ff,Teiyon,DREN Esports,PGN,EMEA,Deuxième niveau,ADC,18,-645.0,286.0,-2836.0,,,
oe:player:cb5e3fa5201edc6a17597de8586e630,Niton,Northern Lions Esports,ESLOL,EMEA,Deuxième niveau,Jungle,14,-645.0,295.0,-1677.0,,,
oe:player:5dfd291ca7aeebbe24fc1da06e28357,Kanna,Ankora Gaming,EBL,EMEA,Deuxième niveau,Jungle,18,-647.0,286.0,-1636.0,,,
oe:player:7f4be61a355d3eb7bb3556a6c3dd3b4,Biotic,IKISEQ Gaming,HC,EMEA,Troisième niveau,Support,14,-647.0,319.0,64.0,,,
oe:player:5e8af449b782efa399b019f68c06e24,Macucho,GeekSide Esports,VL,Brésil & Amérique latine,Deuxième niveau,Support,16,-650.0,368.0,-62.0,,,
oe:player:c8f61021689343ff01ae1052f0b8655,Lio,Mayan Esports,GL,Brésil & Amérique latine,Deuxième niveau,Jungle,24,-652.0,351.0,-459.0,219.0,0.0,0.0
oe:player:d7489947f78bf18709270b555816665,Deratero,Santiago Wanderers eSports,LHE,Brésil & Amérique latine,Deuxième niveau,Top,10,-652.0,353.0,,,,
oe:player:70e46e5150b473c0280af7ce6ea8f32,Jayke,Kanga Esports,LCO,Asie-Pacifique,Ligue majeure,Support,14,-652.0,299.0,-1759.0,,,
oe:player:c61b7fd7541a42c276ca6c5bf7a3428,Aisu,Once Upon A Team,ESLOL,EMEA,Deuxième niveau,Mid,24,-652.0,288.0,-1041.0,226.0,0.0,0.0
oe:player:8e6f195a8784cc4374bf9a6ea00b487,GRX,UCAM Esports Academy,NEXO,EMEA,Troisième niveau,Jungle,20,-655.0,300.0,-1288.0,35.0,0.0,0.0
oe:player:28c288f70870e8d85a0db92518206aa,CHECKFIDER,IKISEQ Gaming,HC,EMEA,Troisième niveau,ADC,14,-657.0,319.0,98.0,,,
oe:player:9d7b957afa21331844ed5a3620a8d81,Acee,V3 Esports,LJL,Asie-Pacifique,Ligue majeure,Mid,38,-658.0,314.0,-1576.0,110.0,0.0,0.0
oe:player:e663cf6ad80631ae2a4efd36e9dd25f,AquaCloak,ERKO Esports,HC,EMEA,Troisième niveau,Support,13,-659.0,318.0,4.0,,,
oe:player:3df702f702360c6710a32fe3a5ef05b,Stoneses,RED Academy,CBLOLA,Brésil & Amérique latine,Deuxième niveau,Support,12,-660.0,317.0,-1725.0,,,
oe:player:3a631438d6f2eba0ef81c8cc070fe15,iso,Globant Emerald,LRS,Brésil & Amérique latine,Deuxième niveau,ADC,24,-661.0,318.0,-1568.0,210.0,0.0,0.0
oe:player:6f2047672470d4da705751b4b67f56c,Rodnaldinho,Maze Gaming,LHE,Brésil & Amérique latine,Deuxième niveau,Mid,15,-665.0,348.0,,,,
oe:player:661f2338488eb840afff295d76ee6dd,LorLor,Myth Esports,ESLOL,EMEA,Deuxième niveau,Mid,12,-665.0,294.0,-1103.0,,,
oe:player:736c7b33d365f429191e05fd297c784,Mettoe,Northern Lions Esports,ESLOL,EMEA,Deuxième niveau,Mid,14,-669.0,295.0,-1127.0,,,
oe:player:154d79eb65d390a304493a5dfe54b25,Goksi,Esport STUBA,HC,EMEA,Troisième niveau,Jungle,23,-669.0,309.0,-179.0,34.0,0.0,0.0
oe:player:941ddfdc65e77e0758fdd69fbde3b1e,Daedra,Undead Gaming,LRS,Brésil & Amérique latine,Deuxième niveau,Mid,25,-669.0,311.0,-1474.0,210.0,0.0,0.0
oe:player:b212d1530246adf1cdd20636697f81c,Argonauta,Spirituals,GL,Brésil & Amérique latine,Deuxième niveau,Support,23,-670.0,343.0,-371.0,229.0,0.0,0.0
oe:player:3d6d55d133ca9bf5b4ee78fb974bfbb,Bogu,Taurus Esports,NEXO,EMEA,Troisième niveau,Jungle,17,-670.0,302.0,-1366.0,,,
oe:player:061327708fd87f586bc099d5d1bf824,Primo,Crest Gaming Act,LJL,Asie-Pacifique,Ligue majeure,Support,22,-671.0,313.0,-1487.0,107.0,0.0,0.0
oe:player:10fa3713ec3069f39f6e0da537c297a,Pinky,Ramo Awake Gaming,GL,Brésil & Amérique latine,Deuxième niveau,Top,21,-671.0,347.0,-511.0,228.0,0.0,0.0
oe:player:e49006e7853430a925c71dd940afca1,mfis,Ground Zero Gaming,LCO,Asie-Pacifique,Ligue majeure,Mid,24,-672.0,295.0,-1361.0,109.0,0.0,0.0
oe:player:906a750d156649e250b3bddce54d4ee,Piu Piu,GeekSide Esports,VL,Brésil & Amérique latine,Deuxième niveau,ADC,15,-674.0,368.0,560.0,,,
oe:player:8f60c9900e3f8ac422104c5414e4ec8,Tron,Ground Zero Gaming,LCO,Asie-Pacifique,Ligue majeure,Top,24,-676.0,295.0,-1626.0,112.0,0.0,0.0
oe:player:08caad57dbe4aeedc847b48102ffa56,Crus,Furious Gaming,LHE,Brésil & Amérique latine,Deuxième niveau,ADC,10,-676.0,353.0,-496.0,,,
oe:player:e427c5e627936477e7b83048bf11092,Intio,Ramo Awake Gaming,GL,Brésil & Amérique latine,Deuxième niveau,ADC,21,-676.0,347.0,-303.0,221.0,0.0,0.0
oe:player:353aa0077d2ab30216f42d668ba29af,BanaBeer,STOPWATCH eSports,HC,EMEA,Troisième niveau,Jungle,10,-676.0,315.0,-214.0,,,
oe:player:3e399114ebc16721af820c236337309,chilD,Meta Gaming,LRS,Brésil & Amérique latine,Deuxième niveau,Support,24,-677.0,299.0,-1813.0,215.0,0.0,0.0
oe:player:512cfe6016980f153eca79df6ff0f9a,Funja,Ankora Gaming,EBL,EMEA,Deuxième niveau,Mid,14,-678.0,292.0,-1694.0,,,
oe:player:c19ead1d5535efa0ba754ce9e55c2e2,Fiant,Osaka,VL,Brésil & Amérique latine,Deuxième niveau,ADC,39,-679.0,362.0,537.0,221.0,0.0,0.0
oe:player:bb4e76ed3b90ee186cced16f6271296,Whyker,Maze Gaming,LHE,Brésil & Amérique latine,Deuxième niveau,Support,18,-681.0,353.0,-427.0,,,
oe:player:c75dc1e4b473685a0c5be29354313d0,Qu4rtzo,Keypulse Esports,LPLOL,EMEA,Deuxième niveau,ADC,14,-682.0,291.0,-1501.0,,,
oe:player:445e216f4809a17458911930e37cf67,Cacahuate,Descuydado Aucas Esports,VL,Brésil & Amérique latine,Deuxième niveau,Top,24,-683.0,364.0,113.0,225.0,0.0,0.0
oe:player:aa3f14e88841dbe029ce1a405cf5932,Jaguar,Northern Lions Esports,ESLOL,EMEA,Deuxième niveau,Top,14,-683.0,295.0,-1463.0,,,
oe:player:d0ad9e75d1809ca8bb4b78b34cee179,Seeker,Leviatan,DDH,Brésil & Amérique latine,Deuxième niveau,Top,19,-683.0,363.0,,,,
oe:player:d46e68aad51b1119891e3930100aab9,Junco,KODE Gaming,NEXO,EMEA,Troisième niveau,Support,19,-684.0,303.0,-1651.0,,,
oe:player:545a890a4f202c748ad4aad42168622,ImMine,Descuydado Aucas Esports,VL,Brésil & Amérique latine,Deuxième niveau,Jungle,24,-684.0,364.0,377.0,222.0,0.0,0.0
oe:player:19578d5faaa29a63cd6c7f2bd1d6c1b,dresscode,V3 Esports,LJL,Asie-Pacifique,Ligue majeure,ADC,49,-685.0,316.0,-1729.0,106.0,0.0,0.0
oe:player:7952a2ae9cde92e6117f73d3442acb3,Paclo,INTZ Academy,CBLOLA,Brésil & Amérique latine,Deuxième niveau,Top,12,-686.0,314.0,-1360.0,,,
oe:player:f01edf63566e420e611fe50f0a0032c,Antimagic,Maze Gaming,LHE,Brésil & Amérique latine,Deuxième niveau,Top,11,-686.0,357.0,,,,
oe:player:f832b456e684c50ffd92268cc1d0c55,BAKAKO,Varona Esports,LPLOL,EMEA,Deuxième niveau,Jungle,14,-691.0,292.0,-1194.0,,,
oe:player:6ac7a781b2f6782d2fecb6ddfeee955,Sw3ry,EXILE esports,HC,EMEA,Troisième niveau,Support,28,-693.0,306.0,-163.0,38.0,0.0,0.0
oe:player:8411b6e2a788ed8c0e57a25b61bab62,Haklbery,NARCIS,HC,EMEA,Troisième niveau,Top,38,-696.0,300.0,-600.0,38.0,0.0,0.0
oe:player:e8212db5d64f2180f342f75d92585ca,TR1NKET,Myth Esports,ESLOL,EMEA,Deuxième niveau,Jungle,12,-696.0,294.0,-1934.0,,,
oe:player:ceab0df15872e1477dc71ef84b29cb0,Socrates,Myth Esports,ESLOL,EMEA,Deuxième niveau,Support,11,-701.0,295.0,-1251.0,,,
oe:player:47b196787026faab58631df4e674858,uroskg,Ankora Gaming,EBL,EMEA,Deuxième niveau,Jungle,14,-702.0,292.0,-1913.0,,,
oe:player:a6d8a4d49e120a203e932eb713cab02,Hoopa,Ground Zero Gaming,LCO,Asie-Pacifique,Ligue majeure,ADC,25,-702.0,285.0,-1454.0,106.0,0.0,0.0
oe:player:f3d4d7816a29f62264e3c0a941c9def,Skewy,Meta Gaming,LHE,Brésil & Amérique latine,Deuxième niveau,Mid,11,-702.0,336.0,,,,
oe:player:c11a22bb557caefe8a0f3535dbf6d20,HRK,V3 Esports,LJL,Asie-Pacifique,Ligue majeure,Jungle,49,-702.0,316.0,-1861.0,106.0,0.0,0.0
oe:player:bd514b10e74887c2d467133d9e65184,Focuss,STOPWATCH eSports,HC,EMEA,Troisième niveau,ADC,10,-704.0,315.0,-138.0,,,
oe:player:27cdd1f52cd4565feff009dd1f7cc93,Saintsu,XtremeDominators,EBL,EMEA,Deuxième niveau,Jungle,10,-705.0,293.0,-1931.0,,,
oe:player:33daf484c86d10f725d57ed31230c73,Fighto,Kanga Esports,LCO,Asie-Pacifique,Ligue majeure,Mid,26,-705.0,293.0,-1526.0,111.0,0.0,0.0
oe:player:e15b1554a43df5867d68bd0bf921d78,Crisma,Team 7AM,EBL,EMEA,Deuxième niveau,Support,28,-707.0,285.0,-1602.0,229.0,0.0,0.0
oe:player:6c5c2038de7dd9ff30cda31322a4717,Araque,Ramo Awake Gaming,GL,Brésil & Amérique latine,Deuxième niveau,Mid,21,-707.0,347.0,-707.0,227.0,0.0,0.0
oe:player:18eff78d8fbeb94244572cef0bb4536,Alowhed,Spectacled Bears,LRS,Brésil & Amérique latine,Deuxième niveau,Mid,47,-708.0,315.0,-1669.0,219.5,0.0,0.0
oe:player:5cd0e129e36a8c0829ba5f65a3fbe37,Davo,Waia Snikt,VL,Brésil & Amérique latine,Deuxième niveau,Support,34,-709.0,382.0,-358.0,228.0,0.0,0.0
oe:player:9eafb487786de5cfb66bf3ba10806d8,Tempah,KODE Gaming,NEXO,EMEA,Troisième niveau,Top,25,-709.0,300.0,-1561.0,39.0,0.0,0.0
oe:player:a728cf8e12a5217d49b3f9903e02c38,Washidai,V3 Esports,LJL,Asie-Pacifique,Ligue majeure,Top,49,-709.0,316.0,-1708.0,113.0,0.0,0.0
oe:player:9e62bdec0ac374c10c46b52884d4f37,MaiYuk,mCon esports,ESLOL,EMEA,Deuxième niveau,Top,28,-710.0,288.0,-1597.0,230.0,0.0,0.0
oe:player:6c7466a45762357bff1b48cbc6a49ab,Hetel,V3 Esports,LJL,Asie-Pacifique,Ligue majeure,Support,49,-711.0,316.0,-1687.0,109.0,0.0,0.0
oe:player:e2f9edd5426e9ad64536d3086ffacb6,Dolis,NARCIS,HC,EMEA,Troisième niveau,Mid,35,-711.0,301.0,-232.0,40.0,0.0,0.0
oe:player:ef78acdc4b40085b357e1846febc190,Dargus,Maze Gaming,LHE,Brésil & Amérique latine,Deuxième niveau,ADC,18,-714.0,353.0,-686.0,,,
oe:player:6c1e45dc82327dc98af3b0081ade0d6,Shone,XtremeDominators,EBL,EMEA,Deuxième niveau,Support,12,-715.0,292.0,-1644.0,,,
oe:player:fa9822fecac8f52b1326748e518728a,GeeGee,NXT,ESLOL,EMEA,Deuxième niveau,ADC,21,-717.0,285.0,-1299.0,225.0,0.0,0.0
oe:player:e7f7d74d20b3434cf17be7d35b86d42,Blice,Chilli Esport,HC,EMEA,Troisième niveau,Top,14,-718.0,313.0,-710.0,,,
oe:player:89d753dfec46b8fc94b471485b0b0d2,Synapse,Varona Esports,LPLOL,EMEA,Deuxième niveau,Top,13,-718.0,292.0,-1358.0,,,
oe:player:3e00b9e0c2932737f8cb01db098b705,Zen,Boavista FC,LPLOL,EMEA,Deuxième niveau,ADC,24,-722.0,283.0,-1702.0,221.0,0.0,0.0
oe:player:51566671ce62e05baadb3c3b08544cf,Sysak,NARCIS,HC,EMEA,Troisième niveau,Support,39,-725.0,301.0,-323.0,38.0,0.0,0.0
oe:player:26453907e1e3301cca9119f85c59db1,jbdutchowns,Attempted Murder,ESLOL,EMEA,Deuxième niveau,Mid,35,-725.0,283.0,-1403.0,230.0,0.0,0.0
oe:player:829482baf763ef63c78c36889615b3b,Nottingham,Rebirth eSports,LHE,Brésil & Amérique latine,Deuxième niveau,Support,10,-726.0,352.0,-649.0,,,
oe:player:e4eb0cb44f9e94d04413f4b9a376b7e,ONLY,EXILE esports,HC,EMEA,Troisième niveau,ADC,28,-726.0,306.0,-250.0,36.0,0.0,0.0
oe:player:c6574edb0e33fabe2391a266d6f7a94,Shoyo,Varona Esports,LPLOL,EMEA,Deuxième niveau,Support,13,-727.0,292.0,-1595.0,,,
oe:player:76ed052f00f970ae6b24ef76a7a318a,puppynamer,Mind Blue eSports,ESLOL,EMEA,Deuxième niveau,Mid,11,-728.0,300.0,-1419.0,,,
oe:player:7b72b6fd4c6222dfe6770dcf5b7a8a5,Zaki,STOPWATCH eSports,HC,EMEA,Troisième niveau,Support,39,-729.0,300.0,-343.0,40.0,0.0,0.0
oe:player:2a23e40f1932c7be3f0b78bcd49b024,VROUM BUS DRIVER,Mind Blue eSports,ESLOL,EMEA,Deuxième niveau,Top,11,-731.0,300.0,-1702.0,,,
oe:player:7cc2c5c91bfb582aa4b047cb8558b9f,Toumes,Chilli Esport,HC,EMEA,Troisième niveau,Mid,26,-732.0,310.0,-335.0,41.0,0.0,0.0
oe:player:abcc36ae320d56c30f420bd0354049b,Clown,Colors Esport,ESLOL,EMEA,Deuxième niveau,Jungle,16,-732.0,286.0,-2113.0,,,
oe:player:013f680f2d7950a0a8c2bf24078815a,Jellou,NARCIS,HC,EMEA,Troisième niveau,Jungle,15,-736.0,312.0,-515.0,,,
oe:player:998db284485ec6c227f8dc34086128e,Toto,Mind Blue eSports,ESLOL,EMEA,Deuxième niveau,Support,11,-738.0,300.0,-1438.0,,,
oe:player:ab8593a17789597fa4be88b75ced5cb,AdyTheKid,EXILE esports,HC,EMEA,Troisième niveau,Mid,26,-741.0,307.0,-381.0,40.0,0.0,0.0
oe:player:4dca51f5cda20198fb7d9782c6e9057,Meifan,Kanga Esports,LCO,Asie-Pacifique,Ligue majeure,Jungle,26,-743.0,293.0,-2085.0,106.0,0.0,0.0
oe:player:5deafe4ab31c8c1b22b5ec6e971c582,Nainess,Spectacled Bears,SL (LATAM),Brésil & Amérique latine,Deuxième niveau,Jungle,26,-745.0,325.0,943.0,228.0,0.0,0.0
oe:player:8312812e9479a6ed735194720f96907,Zelvicka,NARCIS,HC,EMEA,Troisième niveau,ADC,20,-746.0,312.0,-349.0,35.0,0.0,0.0
oe:player:f8adb175c21b826449191b92c7bf66e,Yasikof,Polar Squad Esports,GL,Brésil & Amérique latine,Deuxième niveau,Jungle,10,-747.0,351.0,-935.0,,,
oe:player:d2c3f469076bec7c92eb899661a441d,Bobsik,Inside Games,HM,EMEA,Deuxième niveau,Top,35,-748.0,281.0,-1998.0,229.0,0.0,0.0
oe:player:75d3bc3200859ca956d5bf9b96966b7,Messi,Osaka,LRN,Brésil & Amérique latine,Deuxième niveau,Support,33,-751.0,320.0,-2294.0,230.0,0.0,0.0
oe:player:74cac558072300385f7ab4dff7465e3,Did,Varona Esports,LPLOL,EMEA,Deuxième niveau,ADC,14,-752.0,292.0,-1851.0,,,
oe:player:7d12f9a2a5e31619bda571951328979,Kobrq,The Kings Moon,DDH,Brésil & Amérique latine,Deuxième niveau,Mid,11,-753.0,348.0,-1365.0,,,
oe:player:7c49e97746cbd5b48d06a8528f17d3a,Ch1Chi,MAMMOTH,LCO,Asie-Pacifique,Ligue majeure,Top,10,-753.0,302.0,-2009.0,,,
oe:player:fc785f0c7354180d83ff89621e7f2b9,Entrust,MAMMOTH,LCO,Asie-Pacifique,Ligue majeure,Support,10,-754.0,302.0,-2268.0,,,
oe:player:c5b3080ddb3cee86ca7a20f5916c9d5,Hobko,Chilli Esport,HC,EMEA,Troisième niveau,Support,27,-754.0,309.0,-471.0,41.0,0.0,0.0
oe:player:f5b086bc13aaca6100e1b982ba59250,Infamous,GeekSide Esports,VL,Brésil & Amérique latine,Deuxième niveau,Mid,24,-764.0,362.0,-420.0,230.0,0.0,0.0
oe:player:53072f2d22ee31936a25f17bd547d57,Tenus,FLY5,HC,EMEA,Troisième niveau,Top,10,-765.0,316.0,-944.0,,,
oe:player:5e929920f89440a9e4bd39d2395a71a,Stargazer,KODE Gaming,NEXO,EMEA,Troisième niveau,Jungle,25,-765.0,300.0,-1842.0,39.0,0.0,0.0
oe:player:9309384f2c90cf23585df06e7d07585,Davros,NARCIS,HC,EMEA,Troisième niveau,Mid,20,-766.0,312.0,-508.0,40.0,0.0,0.0
oe:player:0f16ac390bc43949625d1d01b1c5e41,Rostak,FLY5,HC,EMEA,Troisième niveau,Jungle,10,-768.0,316.0,-672.0,,,
oe:player:9e9fd4103b739b6a13137f1d5f02aa6,Worthless,NARCIS,HC,EMEA,Troisième niveau,ADC,19,-769.0,310.0,-464.0,,,
oe:player:97a187a4f398da36bdb05cf62b82109,Bambi,ERKO Esports,HC,EMEA,Troisième niveau,Top,10,-776.0,314.0,-999.0,,,
oe:player:40f2085f7e220c565206b944e72f2f7,Egotistic,Rebirth eSports,LHE,Brésil & Amérique latine,Deuxième niveau,ADC,12,-776.0,348.0,-996.0,,,
oe:player:02fc88b226fc050a37514183118345c,Reiska,Varona Esports,LPLOL,EMEA,Deuxième niveau,Mid,14,-782.0,292.0,-1927.0,,,
oe:player:a71dc82e13292166548538821543f59,Rainn,UCAM Esports Academy,NEXO,EMEA,Troisième niveau,Support,17,-784.0,301.0,-2148.0,,,
oe:player:1eef287468054f7f842c66ddd3a8160,Ryan,LOUD Academy,CBLOLA,Brésil & Amérique latine,Deuxième niveau,Mid,19,-784.0,309.0,-1888.0,,,
oe:player:6b7b3a31a5a0483a31fcfe2cd05b6a3,Akemi,GeekSide Esports,VL,Brésil & Amérique latine,Deuxième niveau,Top,24,-785.0,362.0,-397.0,231.0,0.0,0.0
oe:player:d6c5498e725d7b3e439af5fd4b7f49d,Komandata,Valiance,EBL,EMEA,Deuxième niveau,ADC,10,-786.0,293.0,-2145.0,,,
oe:player:5801cdd376f4163689b7ff72c618fae,Crossman,ERKO Esports,HC,EMEA,Troisième niveau,Mid,10,-790.0,314.0,-629.0,,,
oe:player:17fcda838e97e5be4458220c8bf3c92,Campello,Boavista FC,LPLOL,EMEA,Deuxième niveau,Top,30,-791.0,280.0,-1720.0,231.0,0.0,0.0
oe:player:1e00183a9fecf2ee94c545fb325caee,Astrasmaug,ERKO Esports,HC,EMEA,Troisième niveau,ADC,26,-792.0,309.0,-580.0,38.0,0.0,0.0
oe:player:1326ef03d0e577382d5af570de67524,Pongo,NARCIS,HC,EMEA,Troisième niveau,Jungle,24,-792.0,307.0,-795.0,36.0,0.0,0.0
oe:player:05089e245ca9e3d7c0f2f2e79b33454,Wdr,Cruzados Esports,LHE,Brésil & Amérique latine,Deuxième niveau,Mid,12,-795.0,377.0,,,,
oe:player:5a63f3e7e2b4282f07785cdc895d624,Shiku,Spectacled Bears,SL (LATAM),Brésil & Amérique latine,Deuxième niveau,Support,38,-797.0,316.0,679.0,233.0,0.0,0.0
oe:player:6e16406e6e365ee25332ef089a03ad4,Vibe,Chilli Esport,HC,EMEA,Troisième niveau,Jungle,28,-798.0,309.0,-822.0,38.0,0.0,0.0
oe:player:3b15f54dbfc44e273552512d4b60e09,Eska,Mind Blue eSports,ESLOL,EMEA,Deuxième niveau,ADC,11,-800.0,300.0,-1712.0,,,
oe:player:66a45be025e362d7d650d5d8b4b0935,Zaphyr,Rebirth eSports,LHE,Brésil & Amérique latine,Deuxième niveau,Mid,12,-802.0,348.0,,,,
oe:player:08899d47f97ee2b39b68b3b47e4ac67,Pepi,EXILE esports,HC,EMEA,Troisième niveau,Jungle,10,-808.0,314.0,-872.0,,,
oe:player:5acd44683c7d16973b5ad18c1722708,Fogzy,STOPWATCH eSports,HC,EMEA,Troisième niveau,Mid,28,-810.0,303.0,-727.0,43.0,0.0,0.0
oe:player:d9ac06cccf6e4f573474b5195218e60,Oleg,ERKO Esports,HC,EMEA,Troisième niveau,Jungle,26,-818.0,309.0,-925.0,38.0,0.0,0.0
oe:player:cc0722b733e25829ed9de9e93ac97be,Stein,EXILE esports,HC,EMEA,Troisième niveau,Top,28,-822.0,306.0,-1227.0,40.0,0.0,0.0
oe:player:c62419314cffbc6e4f3a9b5304e3ddb,Melody,Osaka,SL (LATAM),Brésil & Amérique latine,Deuxième niveau,Support,25,-827.0,332.0,527.0,235.0,0.0,0.0
oe:player:775ab6f7215a22b3fc5c92db4412053,Zantimon,Osaka,GL,Brésil & Amérique latine,Deuxième niveau,ADC,19,-829.0,345.0,-1067.0,,,
oe:player:5a4bcb095f3936badc27e5d580dedd8,Gus,Barcelona BG,VL,Brésil & Amérique latine,Deuxième niveau,Mid,14,-835.0,366.0,-774.0,,,
oe:player:ad6822ea5b46330ee6abcf0fdf666dd,Sam,GeekSide Esports,VL,Brésil & Amérique latine,Deuxième niveau,Jungle,24,-835.0,362.0,-377.0,230.0,0.0,0.0
oe:player:6ded48f2e44d14a5990fc19d6bb3c78,Manjarres,Barcelona BG,VL,Brésil & Amérique latine,Deuxième niveau,Jungle,14,-838.0,366.0,-391.0,,,
oe:player:537b3f3aa7f99cab1671a6e602470ad,Boras,Valiance,EBL,EMEA,Deuxième niveau,Top,31,-839.0,279.0,-2045.0,233.0,0.0,0.0
oe:player:fd5c307c128bb504111658780365fd6,Sabaneti,Rebirth eSports,LHE,Brésil & Amérique latine,Deuxième niveau,Top,12,-841.0,348.0,,,,
oe:player:d7a3fdf1351b72249a47454751549de,Voice,Kanga Esports,LCO,Asie-Pacifique,Ligue majeure,ADC,24,-843.0,289.0,-2160.0,108.0,0.0,0.0
oe:player:05be092ded1d20e770933c261601854,lymet,Chilli Esport,HC,EMEA,Troisième niveau,ADC,14,-848.0,316.0,-857.0,,,
oe:player:2ea9aa24dcd00069fe95014e72c9eb1,rnz,Boavista FC,LPLOL,EMEA,Deuxième niveau,Jungle,20,-849.0,287.0,-1983.0,230.0,0.0,0.0
oe:player:4d17518b7fc605b3fa42992ec61dd9c,CaTzzz,Eclipse Gaming,SL (LATAM),Brésil & Amérique latine,Deuxième niveau,ADC,37,-850.0,347.0,66.0,223.0,0.0,0.0
oe:player:a20d8ea04b7f6f64b7aefe99b470436,Ichikawa,Atheris Esports,DDH,Brésil & Amérique latine,Deuxième niveau,ADC,21,-852.0,357.0,-1369.0,218.0,0.0,0.0
oe:player:1d6bec1e38e7e2a0e204bd405a9d264,CrjaY,LØS Academy,CBLOLA,Brésil & Amérique latine,Deuxième niveau,Jungle,15,-853.0,310.0,-2265.0,,,
oe:player:0edda17722d0907aeeb64c60424f02a,Rezso,Boavista FC,LPLOL,EMEA,Deuxième niveau,ADC,17,-853.0,289.0,-2353.0,,,
oe:player:f576de1bd567e8091d2860822f4fd17,Steellar,Tomorrow Esports,DDH,Brésil & Amérique latine,Deuxième niveau,Top,17,-854.0,384.0,,,,
oe:player:50ff6b8f8aba1281b1fb7327b2b60fb,Gajo,Boavista FC,LPLOL,EMEA,Deuxième niveau,Support,14,-854.0,292.0,-2230.0,,,
oe:player:e48399fc3f73709f52da476693e76ac,Shall,Incubus,SL (LATAM),Brésil & Amérique latine,Deuxième niveau,Jungle,23,-865.0,376.0,340.0,222.0,0.0,0.0
oe:player:3761070e51b4f11fe7bd3a6c7ec20b2,salamek,FLY5,HC,EMEA,Troisième niveau,Support,10,-868.0,315.0,-1040.0,,,
oe:player:5323274d1d895fb72872217f95701c6,Dinastik,Incubus,SL (LATAM),Brésil & Amérique latine,Deuxième niveau,Mid,23,-869.0,376.0,169.0,224.0,0.0,0.0
oe:player:b1607767bbc1d8f61fcd113c02fa141,LeMy,XtremeDominators,EBL,EMEA,Deuxième niveau,Mid,14,-870.0,290.0,-2654.0,,,
oe:player:d241f84685d9aa4148dfda77cc6498b,Sined,FLY5,HC,EMEA,Troisième niveau,Mid,14,-884.0,312.0,-1098.0,,,
oe:player:9c74ba91b4bace5829f217dfb62e330,Kurckoo,Vipers,SL (LATAM),Brésil & Amérique latine,Deuxième niveau,Mid,22,-890.0,354.0,61.0,229.0,0.0,0.0
oe:player:44f82652ea5a574e3cfcc05934ff994,Robko,ERKO Esports,HC,EMEA,Troisième niveau,Support,14,-893.0,307.0,-1166.0,,,
oe:player:57f003f2f413eedf53362b020f467be,Whiplash,Barcelona BG,VL,Brésil & Amérique latine,Deuxième niveau,Support,14,-895.0,363.0,-1291.0,,,
oe:player:57a55d296ed6d878568e2311b133cd3,Moroxito,Aguilas Doradas,VL,Brésil & Amérique latine,Deuxième niveau,Support,13,-896.0,368.0,-1294.0,,,
oe:player:7ec4aff3394361255ecfe13ca99b994,Siicked,Mad Kings,SL (LATAM),Brésil & Amérique latine,Deuxième niveau,Top,22,-906.0,359.0,905.0,231.0,0.0,0.0
oe:player:32dc07c1aa7fd284d0185619c6f9711,AlienBoy,Universitario Esports,SL (LATAM),Brésil & Amérique latine,Deuxième niveau,ADC,15,-915.0,359.0,-256.0,,,
oe:player:e3be3c0600832ca346e1ff69b77fc5c,Blossom,Aguilas Doradas,VL,Brésil & Amérique latine,Deuxième niveau,Jungle,13,-919.0,367.0,-799.0,,,
oe:player:1a78e472bae7d14a62db8e30ea6cfd9,Ceviche,Incubus,SL (LATAM),Brésil & Amérique latine,Deuxième niveau,Support,23,-920.0,376.0,63.0,228.0,0.0,0.0
oe:player:224734629348b393f3a6d6140e59956,1Curioso,Spectacled Bears,SL (LATAM),Brésil & Amérique latine,Deuxième niveau,Jungle,25,-924.0,381.0,46.0,224.0,0.0,0.0
oe:player:9eb1ac25b33c3f3653338827cd40fbf,Sophyre,The Kings Moon,DDH,Brésil & Amérique latine,Deuxième niveau,Support,13,-940.0,344.0,-2078.0,,,
oe:player:cd99932955b983ba7428c0219f7eb82,Ruyi,Red Eye Esports,SL (LATAM),Brésil & Amérique latine,Deuxième niveau,Jungle,15,-947.0,361.0,-69.0,,,
oe:player:24a97b1b1e5d51b77443b684844af57,Alex Mercer,Mad Kings,SL (LATAM),Brésil & Amérique latine,Deuxième niveau,Mid,22,-949.0,359.0,-230.0,232.0,0.0,0.0
oe:player:3788272df717985743433e17d5cdb48,Wamdejo,Barcelona BG,VL,Brésil & Amérique latine,Deuxième niveau,ADC,16,-956.0,364.0,-849.0,,,
oe:player:841f1fc38dc4cafe7c8f30ab0363847,Nightfall,Genbu Gaming,VL,Brésil & Amérique latine,Deuxième niveau,Mid,10,-965.0,376.0,-1425.0,,,
oe:player:7a70dc91a6fd63338f34b6d1b02ad01,Chevis,Reven Esports,DDH,Brésil & Amérique latine,Deuxième niveau,Jungle,13,-969.0,347.0,,,,
oe:player:fda70732b859899fa7572b8ebb41196,Saifer,Red Eye Esports,SL (LATAM),Brésil & Amérique latine,Deuxième niveau,Mid,17,-970.0,358.0,-338.0,,,
oe:player:914517b9be0b39cd64e61a8f3284995,Yoyomax,Mad Kings,SL (LATAM),Brésil & Amérique latine,Deuxième niveau,Jungle,22,-971.0,359.0,-186.0,232.0,0.0,0.0
oe:player:2b1a22632531913c816ddccb720b98f,Sight,Reven Esports,DDH,Brésil & Amérique latine,Deuxième niveau,Support,11,-972.0,349.0,-2238.0,,,
oe:player:a7960e6eefda421c8ab8add4c1443b6,Saeko,Genbu Gaming,VL,Brésil & Amérique latine,Deuxième niveau,Jungle,10,-973.0,376.0,-1067.0,,,
oe:player:170a933f1d55bc2f430bbea52c71726,Ayeye,Barcelona BG,VL,Brésil & Amérique latine,Deuxième niveau,Top,16,-974.0,364.0,-1341.0,,,
oe:player:7a5f74a5795c6a476c8c83032d5cae2,Shakaa,Reven Esports,DDH,Brésil & Amérique latine,Deuxième niveau,ADC,11,-975.0,349.0,-1984.0,,,
oe:player:445ba3ad8e65abac8ad443618717337,Xamexx,Mad Kings,SL (LATAM),Brésil & Amérique latine,Deuxième niveau,ADC,18,-976.0,361.0,-563.0,,,
oe:player:eae9e016bd2e04985abd4ee8eca06d3,Shayla,Osaka,DDH,Brésil & Amérique latine,Deuxième niveau,ADC,14,-982.0,338.0,-2017.0,,,
oe:player:7a2798d7c31bb0cdb3401cd4e375f14,ZombieHog,Red Eye Esports,SL (LATAM),Brésil & Amérique latine,Deuxième niveau,ADC,18,-985.0,357.0,-607.0,,,
oe:player:8a0199c861838e477c833f09690a328,Fourlink,Reven Esports,DDH,Brésil & Amérique latine,Deuxième niveau,Top,13,-985.0,347.0,,,,
oe:player:e4a9bb0b3e9d2400dc1812f85aa1154,Neithan,Genbu Gaming,VL,Brésil & Amérique latine,Deuxième niveau,ADC,12,-985.0,373.0,-996.0,,,
oe:player:9ac74fb9570a4e8a547793c15174969,Santx,Aethernum eSports,GL,Brésil & Amérique latine,Deuxième niveau,Top,14,-995.0,350.0,-2132.0,,,
oe:player:6f23383b72c3b56024a5b7d568ce680,Flacoyo,Reven Esports,DDH,Brésil & Amérique latine,Deuxième niveau,Mid,13,-1008.0,347.0,-2637.0,,,
oe:player:804c33f936930215cefecbe0185d18c,King Consumed,Skull Cracker,VL,Brésil & Amérique latine,Deuxième niveau,Jungle,14,-1021.0,366.0,-1307.0,,,
oe:player:17d2c299e4d02f7b375eec3f057a5b5,Mace,Genbu Gaming,VL,Brésil & Amérique latine,Deuxième niveau,Support,19,-1024.0,367.0,-1935.0,,,
oe:player:ca8e7a1bd79ed4c9aff537414574502,Miang,Leviatan,DDH,Brésil & Amérique latine,Deuxième niveau,Jungle,18,-1026.0,366.0,,,,
oe:player:1082c5e8f369c2d2d3ceac9e1ecf39c,Sherkhaan,Skull Cracker,VL,Brésil & Amérique latine,Deuxième niveau,Top,14,-1040.0,366.0,-1669.0,,,
oe:player:76cd37a6bb754bf0970a0c7c0efca9d,Vlaren,STOPWATCH eSports,HC,EMEA,Troisième niveau,Jungle,10,-1048.0,311.0,-2074.0,,,
oe:player:30edf70db68aa84f05d3e72326807b0,Bucket,Spectacled Bears,SL (LATAM),Brésil & Amérique latine,Deuxième niveau,Support,29,-1051.0,388.0,-592.0,233.0,0.0,0.0
oe:player:8fd3e97f385258e2cd8794637a24729,Wiz,Aguilas Doradas,VL,Brésil & Amérique latine,Deuxième niveau,Top,21,-1054.0,362.0,-1742.0,237.0,0.0,0.0
oe:player:bf16f166ab8a781b836381ec122b1cf,Pobli,Aguilas Doradas,VL,Brésil & Amérique latine,Deuxième niveau,Mid,14,-1056.0,363.0,-1876.0,,,
oe:player:af3e8b8b7ab15333b3cf8c4f76fb119,Medevv,Skull Cracker,VL,Brésil & Amérique latine,Deuxième niveau,Mid,14,-1067.0,366.0,-1934.0,,,
oe:player:9c8834ac0a7a7aaa66010ded94db1db,Cassius,Red Eye Esports,SL (LATAM),Brésil & Amérique latine,Deuxième niveau,Support,21,-1068.0,353.0,-677.0,239.0,0.0,0.0
oe:player:2eb2a12f1608b0150cc7050b061bc83,khaN,Universitario Esports,SL (LATAM),Brésil & Amérique latine,Deuxième niveau,Support,16,-1075.0,357.0,-711.0,,,
oe:player:7c986af4cf8f6e55a1f846dc498ce91,Pet,Diamond Doves,VL,Brésil & Amérique latine,Deuxième niveau,Top,15,-1075.0,325.0,-1847.0,,,
oe:player:b6fe055bfad88e328abe3fbbf21a33c,Overload,Universitario Esports,SL (LATAM),Brésil & Amérique latine,Deuxième niveau,Mid,17,-1087.0,356.0,-924.0,,,
oe:player:548e07b26e2faf0d665f5b2087b099b,Chokem,Aguilas Doradas,VL,Brésil & Amérique latine,Deuxième niveau,ADC,21,-1101.0,362.0,-1576.0,230.0,0.0,0.0
oe:player:213f7b5efbc9490107dbfc9114ca7ef,S34NDR0M3,Vipers,SL (LATAM),Brésil & Amérique latine,Deuxième niveau,ADC,29,-1104.0,369.0,-1202.0,229.0,0.0,0.0
oe:player:6f51d47a2398081acab8e57fb2dcea6,StarDragon,Skull Cracker,VL,Brésil & Amérique latine,Deuxième niveau,Support,14,-1105.0,366.0,-2336.0,,,
oe:player:b9dfa3efb116230e2a05ff9f568e763,Dertako,Red Eye Esports,SL (LATAM),Brésil & Amérique latine,Deuxième niveau,Top,21,-1108.0,353.0,-106.0,237.0,0.0,0.0
oe:player:5b4335a3832ac5a3bb3d24f8bb8687c,ByFalco,Vipers,SL (LATAM),Brésil & Amérique latine,Deuxième niveau,Top,29,-1147.0,369.0,-298.0,236.0,0.0,0.0
oe:player:b14f11e18a9089420d5cd22bf07b917,Toady,Diamond Doves,SL (LATAM),Brésil & Amérique latine,Deuxième niveau,Mid,15,-1151.0,361.0,-1242.0,,,
oe:player:fac747e9c68a89da88dad294bf5ed51,Annataqui,Universitario Esports,SL (LATAM),Brésil & Amérique latine,Deuxième niveau,Jungle,22,-1162.0,355.0,-1143.0,235.0,0.0,0.0
oe:player:1fcb99a1ab06e1e36635365ed3e59ce,Kalium,Diamond Doves,SL (LATAM),Brésil & Amérique latine,Deuxième niveau,Jungle,13,-1162.0,363.0,-1143.0,,,
oe:player:43260cdc1d99d1fd01ad7bf83c2cb2a,deathleap,Diamond Doves,SL (LATAM),Brésil & Amérique latine,Deuxième niveau,Top,10,-1163.0,360.0,-380.0,,,
oe:player:a9e2d00e60f059e223d82301a50182c,Abaddon,Universitario Esports,SL (LATAM),Brésil & Amérique latine,Deuxième niveau,Top,22,-1187.0,355.0,-502.0,239.0,0.0,0.0
oe:player:a9159216ea197997ac9c7fd4b85a4d3,Kasamura,Diamond Doves,SL (LATAM),Brésil & Amérique latine,Deuxième niveau,ADC,15,-1208.0,361.0,-1724.0,,,
oe:player:c59f2a6c6e7227a313b6d215f5fb153,Snoopy,Universitario Esports,SL (LATAM),Brésil & Amérique latine,Deuxième niveau,ADC,16,-1214.0,353.0,-1751.0,,,
oe:player:e1c971f6e6c05a9a7ad90df76977ebd,Gauci,Antares Esports,SL (LATAM),Brésil & Amérique latine,Deuxième niveau,Support,13,-1215.0,361.0,-1414.0,,,
oe:player:6f7cba7940b07a9bab657521a36fd21,WilBR,Antares Esports,SL (LATAM),Brésil & Amérique latine,Deuxième niveau,Mid,15,-1227.0,358.0,-1623.0,,,
oe:player:ffac14a6607a6bd8d49177cf8f8be81,Zeldris,Antares Esports,SL (LATAM),Brésil & Amérique latine,Deuxième niveau,ADC,19,-1229.0,356.0,-1826.0,,,
oe:player:89faa52485aadb6d1181384f88d2001,Encounters,Antares Esports,SL (LATAM),Brésil & Amérique latine,Deuxième niveau,Jungle,19,-1231.0,356.0,-1490.0,,,
oe:player:4fa807dbb2b3e07b6eacded6065c8f9,Bingus,Antares Esports,SL (LATAM),Brésil & Amérique latine,Deuxième niveau,Top,19,-1304.0,356.0,-1086.0,,,
oe:player:1c0bc319e4869b47fe4f29cc4923462,Leinad,Vipers,SL (LATAM),Brésil & Amérique latine,Deuxième niveau,Jungle,10,-1335.0,364.0,-2010.0,,,
oe:player:b90df8937f33cd7f3d559a1f384d2c7,Uparela,Vipers,SL (LATAM),Brésil & Amérique latine,Deuxième niveau,Mid,10,-1352.0,364.0,-2246.0,,,
