pid,name,team,home_league,role,gp,rating_gold,rating_sd_gold,theta,mv_median_rank,mv_p1,mv_top5,mv_present,u_gold
oe:player:fb6e61b8acb05df17b7e5ad4ae7c800,Chovy,Gen.G,LCK,Mid,146,6073.733,1452.461,1.215,1.0,0.947,1.0,1.0,1625.656
oe:player:92544d7a994bd6841cccd9f6e42e3de,Canyon,Gen.G,LCK,Jungle,146,5972.763,1452.461,1.195,1.0,0.938,1.0,1.0,1524.686
oe:player:eada4723af6f51cf2391d85b5fde49b,Ruler,Gen.G,LCK,ADC,146,5929.31,1452.461,1.186,1.0,1.0,1.0,1.0,1481.233
oe:player:03daae1844b9ad257324c3eedf41e28,Kiin,Gen.G,LCK,Top,146,5818.602,1452.461,1.164,1.0,0.915,1.0,1.0,1370.525
oe:player:605821ebcf6a2e53f03ec6e8e463d1b,Duro,Gen.G,LCK,Support,146,5787.606,1452.461,1.158,1.0,0.873,0.998,1.0,1339.53
oe:player:9573154ad8bc9459b4c0d940315054f,Viper,Hanwha Life Esports,LCK,ADC,139,5614.183,1451.993,1.123,2.0,0.0,1.0,1.0,1166.106
oe:player:db79ce6ad35451c938fbe2995dabd37,Keria,T1,LCK,Support,145,5560.034,1447.193,1.112,2.0,0.045,0.993,1.0,1111.958
oe:player:f8b68f268106124fc4bc1c946adc9b0,Oner,T1,LCK,Jungle,145,5552.12,1447.193,1.11,2.0,0.0,0.963,1.0,1104.043
oe:player:ee051912ad5f9a97aa9ce4980cbb481,Peter,KT Rolster,LCK,Support,119,5488.355,1330.826,1.098,4.0,0.065,0.993,1.0,1040.278
oe:player:051ca2e31ba25123961b3df95fdef4c,Delight,Hanwha Life Esports,LCK,Support,139,5468.801,1451.993,1.094,3.0,0.005,0.995,1.0,1020.724
oe:player:f9cd2ef9afea5cda0eb3263a025cec1,Zeka,Hanwha Life Esports,LCK,Mid,139,5430.231,1451.993,1.086,2.0,0.0,1.0,1.0,982.154
oe:player:e1edfc5cea461399a63cb813cf795cc,Faker,T1,LCK,Mid,145,5417.942,1447.193,1.084,3.0,0.0,0.998,1.0,969.865
oe:player:dda4a873265dfd06df50a0d8a294908,Peanut,Hanwha Life Esports,LCK,Jungle,139,5382.829,1451.993,1.077,3.0,0.0,0.918,1.0,934.753
oe:player:a1f3b2bb3f36e5113237f92d76dc4c8,Doran,T1,LCK,Top,145,5368.187,1447.193,1.074,3.0,0.0,0.99,1.0,920.11
oe:player:98dd15c330fb5abb4508347265a7f76,Zeus,Hanwha Life Esports,LCK,Top,139,5324.402,1451.993,1.065,2.0,0.0,0.998,1.0,876.325
oe:player:29bef8f5895e5e4fef8ff0945e68567,PerfecT,KT Rolster,LCK,Top,112,5190.958,1361.654,1.038,4.0,0.077,0.853,1.0,742.882
oe:player:c7319736816efe935787b4381c6f321,Gumayusi,T1,LCK,ADC,121,5154.819,1368.023,1.031,3.0,0.0,0.872,1.0,706.742
oe:player:c332dc879e14f1feb266190c7f396fd,Shad0w,Bilibili Gaming,LPL,Jungle,117,5136.06,1296.139,1.027,7.0,0.0,0.335,1.0,1642.597
oe:player:62922f2b370657a966de4d84f5586bf,Tarzan,Anyone's Legend,LPL,Jungle,173,5067.856,1454.02,1.014,5.0,0.0,0.685,1.0,1574.393
oe:player:aad3806ef26a116c73b11efa07e9bd8,Flandre,Anyone's Legend,LPL,Top,173,5056.123,1454.02,1.011,5.0,0.0,0.665,1.0,1562.661
oe:player:05326a1c42e9c27a1067768c88955e7,Beichuan,Bilibili Gaming,LPL,Jungle,126,5034.113,1232.323,1.007,6.0,0.03,0.41,1.0,1540.651
oe:player:3950b27e47e381e26f4678ced12bc45,Guti,T1 Esports Academy,LCKC,Mid,71,5019.01,1379.881,1.004,7.0,0.053,0.41,1.0,2113.327
oe:player:85104684d1eb7f4c0ce393441a0b669,Aiming,Dplus KIA,LCK,ADC,131,5018.566,1457.358,1.004,6.0,0.0,0.292,1.0,570.489
oe:player:48cf24486d9a8e65a142b25682f1994,Driver,CTBC Flying Oyster,LCP,Top,60,5017.603,1396.215,1.004,11.0,0.0,0.025,1.0,2223.714
oe:player:0c74b7f78409a4022a2c4c5a5ca3ee1,369,Top Esports,LPL,Top,167,4973.807,1443.146,0.995,6.0,0.0,0.115,1.0,1480.345
oe:player:ed29043422e3c515e1cb292464b990b,Knight,Bilibili Gaming,LPL,Mid,172,4970.686,1436.718,0.994,6.0,0.0,0.422,1.0,1477.224
oe:player:7cf68f44e5dc31827b1d3f0a3b4a28e,Hope,Anyone's Legend,LPL,ADC,173,4964.244,1454.02,0.993,4.0,0.0,0.977,1.0,1470.782
oe:player:0e2f0d3ded24c190dd6a4b3d6f89f04,Shanks,Anyone's Legend,LPL,Mid,173,4950.485,1454.02,0.99,5.0,0.0,0.63,1.0,1457.023
oe:player:6e7908512cb309a43388bb464a312a2,Creme,Top Esports,LPL,Mid,167,4930.755,1443.146,0.986,6.0,0.0,0.425,1.0,1437.293
oe:player:13166913111075999f2adeb687548eb,Parukia,EDward Gaming,LPL,Support,36,4920.081,1423.188,0.984,9.0,0.0,0.037,0.633,1426.618
oe:player:fb66ef5885b4be9323905b821dc3a42,Bin,Bilibili Gaming,LPL,Top,172,4903.781,1436.718,0.981,7.0,0.0,0.11,1.0,1410.319
oe:player:a58a0d41103cdc5b58cbb547eeaca2d,Elk,Bilibili Gaming,LPL,ADC,172,4886.728,1436.718,0.977,6.0,0.0,0.332,1.0,1393.266
oe:player:a8307167f3a1c933295bb9e3d43700e,Inspired,FlyQuest,LTA N,Jungle,79,4878.215,1460.755,0.976,8.0,0.0,0.01,1.0,1570.643
oe:player:8643b56ba8000250b81fdaca1d7f06e,Jiwoo,Nongshim RedForce,LCK,ADC,123,4859.523,1360.948,0.972,9.0,0.0,0.107,1.0,411.447
oe:player:41deab55354f57a94135989133f9968,Kanavi,Top Esports,LPL,Jungle,167,4846.972,1443.146,0.969,6.0,0.0,0.278,1.0,1353.51
oe:player:e9017664588010860a92ceb5f8fcb82,Quad,FlyQuest,LTA N,Mid,79,4820.435,1460.755,0.964,8.0,0.0,0.003,1.0,1512.864
oe:player:5385f74da3e5deb5b66d9a1ee56cf97,Dhokla,100 Thieves,LTA N,Top,28,4819.817,1439.752,0.964,8.0,0.008,0.227,0.633,1512.246
oe:player:308e48bf56284c09a1a9aadf55bc80c,kyeahoo,DRX,LCKC,Mid,108,4789.995,1343.189,0.958,13.0,0.0,0.032,1.0,1884.311
oe:player:5f8ff49cd56eae61d635966b183a451,ShowMaker,Dplus KIA,LCK,Mid,131,4762.494,1457.358,0.952,9.0,0.0,0.032,1.0,314.417
oe:player:c54e1090ef1faa736b12493051c4855,JackeyLove,Top Esports,LPL,ADC,167,4760.895,1443.146,0.952,6.0,0.0,0.338,1.0,1267.433
oe:player:d24f38ec30ce6f7577066f80e43e4bf,Kael,Anyone's Legend,LPL,Support,173,4759.572,1454.02,0.952,6.0,0.0,0.448,1.0,1266.11
oe:player:c78788a736a0c7e5a77890144fd2986,Quantum,DN Freecs Challengers,LCKC,Support,104,4744.524,1375.302,0.949,10.0,0.0,0.265,1.0,1838.84
oe:player:90651ebea9a35ec4e018c8157492e17,ON,Bilibili Gaming,LPL,Support,172,4710.829,1436.718,0.942,7.0,0.0,0.157,1.0,1217.367
oe:player:a7b51467f09577883d7150f37393964,naiyou,Ninjas in Pyjamas,LPL,Jungle,51,4696.675,1397.186,0.939,10.0,0.0,0.0,1.0,1203.213
oe:player:10b86429ce8048aba673d802632e358,Lucid,Dplus KIA,LCK,Jungle,131,4661.147,1457.358,0.932,9.0,0.0,0.097,1.0,213.071
oe:player:1213778b5c6d69dcb26aa89f7d0aaa9,Rookie,Invictus Gaming,LPL,Mid,140,4645.02,1446.356,0.929,9.0,0.0,0.008,1.0,1151.558
oe:player:5ef70ecd799a70ebbda239cd9a9f1e7,Andil,DRX,LCK,Support,99,4641.419,1379.672,0.928,11.0,0.0,0.003,1.0,193.342
oe:player:5bbc2b92348d930ebd500cb9ce71bb7,Peyz,JD Gaming,LPL,ADC,145,4612.653,1431.586,0.923,10.0,0.0,0.017,1.0,1119.19
oe:player:a23b45071ea855f85e43db4b5a1683d,Monki,Team WE,LPL,Jungle,121,4605.633,1431.265,0.921,17.0,0.002,0.122,1.0,1112.171
oe:player:da9f969a7ab3819b9e528072aa4d5e6,Siwoo,Dplus KIA,LCK,Top,131,4604.075,1457.358,0.921,9.0,0.0,0.01,1.0,155.998
oe:player:3e722c8ede909c83af9342c41805a16,Busio,FlyQuest,LTA N,Support,79,4584.785,1460.755,0.917,9.0,0.0,0.003,1.0,1277.214
oe:player:1970fcb701acce66e0771946bbb3105,UmTi,Team Liquid,LTA N,Jungle,41,4555.745,1412.91,0.911,15.5,0.0,0.057,1.0,1248.173
oe:player:a22a6d1fe8786cf83675e2d932fbffe,JunJia,CTBC Flying Oyster,LCP,Jungle,107,4540.426,1447.54,0.908,13.0,0.0,0.0,1.0,1746.537
oe:player:95082306f78780da5686f118c993366,Doggo,CTBC Flying Oyster,LCP,ADC,107,4534.541,1447.54,0.907,12.0,0.0,0.0,1.0,1740.652
oe:player:bda7cc061d7a1576f1dcad33dd505cd,Meiko,Invictus Gaming,LPL,Support,140,4510.942,1446.356,0.902,10.0,0.0,0.0,1.0,1017.479
oe:player:0103d21d116b61eb55fa351242208cf,Kaiwing,CTBC Flying Oyster,LCP,Support,107,4495.941,1447.54,0.899,12.0,0.0,0.0,1.0,1702.052
oe:player:7e2505960c12cc54c96a0a6efb2e055,Bwipo,FlyQuest,LTA N,Top,74,4485.16,1432.949,0.897,10.0,0.0,0.007,1.0,1177.588
oe:player:60b1614a632775c97a37a57bda799f2,GIDEON,Nongshim RedForce,LCK,Jungle,117,4478.243,1443.801,0.896,16.0,0.0,0.0,1.0,30.166
oe:player:c145139d26813639b8fe6f4d0b28228,Massu,FlyQuest,LTA N,ADC,79,4478.226,1460.755,0.896,9.0,0.0,0.005,1.0,1170.654
oe:player:ab15060e5225b51592cd04b3aed1e09,SkewMond,G2 Esports,LEC,Jungle,100,4473.655,1446.621,0.895,17.0,0.0,0.0,1.0,1166.985
oe:player:dee54127bb56d2e2540ba71cc416f1c,BeryL,Dplus KIA,LCK,Support,131,4457.354,1457.358,0.891,11.0,0.0,0.018,1.0,9.278
oe:player:fbdc4428b2d095c83aebeed5da4e4b2,Xun,JD Gaming,LPL,Jungle,145,4450.217,1431.586,0.89,14.0,0.0,0.0,1.0,956.754
oe:player:e5feef89d633a666eeaaf6392ca2fa9,YoungJae,KT Rolster Challengers,LCKC,Jungle,113,4448.819,1478.527,0.89,15.0,0.0,0.0,1.0,1543.135
oe:player:3648451fd5b8a8ab01e4bedf780c1d6,Zinie,KT Rolster Challengers,LCKC,Mid,113,4448.704,1478.527,0.89,13.0,0.0,0.02,1.0,1543.02
oe:player:867e8957fae1cb59f0808dbcc3aada2,GALA,Invictus Gaming,LPL,ADC,140,4444.458,1446.356,0.889,11.0,0.0,0.0,1.0,950.996
oe:player:71e79ef80600d398d90cfebe3b0b758,Scout,JD Gaming,LPL,Mid,145,4415.684,1431.586,0.883,13.0,0.0,0.0,1.0,922.222
oe:player:618a87d272773f68239d8ce5555f39d,Kingen,Nongshim RedForce,LCK,Top,117,4372.503,1443.801,0.874,14.0,0.0,0.0,1.0,-75.573
oe:player:eaebb7118d7bd83eabac513053e1f6c,Smash,T1 Esports Academy,LCKC,ADC,106,4369.583,1304.703,0.874,16.0,0.0,0.0,1.0,1463.899
oe:player:d709285b163a94af9d819e568c592ba,VicLa,BNK FEARX,LCK,Mid,103,4353.78,1420.916,0.871,14.0,0.0,0.0,1.0,-94.296
oe:player:e2af2b779499aa25ab9a9c10c9a5ffd,Caliste,Karmine Corp,LEC,ADC,106,4344.649,1448.02,0.869,18.0,0.0,0.0,1.0,1037.978
oe:player:f40f1b0923c35568f417aef1e01ca6b,Ale,JD Gaming,LPL,Top,83,4344.599,1422.596,0.869,13.0,0.0,0.0,1.0,851.137
oe:player:ed455f823b6586e9e3621dfb5aeb42e,Blaber,Cloud9,LTA N,Jungle,66,4342.186,1467.6,0.868,22.0,0.0,0.0,1.0,1034.615
oe:player:7577c239c73fa5f3011cd7b5503e75e,Canna,Karmine Corp,LEC,Top,106,4337.951,1448.02,0.868,17.0,0.0,0.0,1.0,1031.28
oe:player:ab2455e33b8ddb6a9d2d41107a2ed4f,Hang,Top Esports,LPL,Support,97,4334.654,1305.154,0.867,9.0,0.0,0.053,1.0,841.192
oe:player:84bff3a326833c7c9181c698f676878,BrokenBlade,G2 Esports,LEC,Top,100,4331.687,1446.621,0.866,15.0,0.0,0.0,1.0,1025.017
oe:player:fe4329cec43193c425eb28a4a4b304a,Upset,Fnatic,LEC,ADC,79,4329.876,1449.664,0.866,16.0,0.0,0.0,1.0,1023.205
oe:player:edf8b064c096691e539b7e2a3e28179,Humanoid,Fnatic,LEC,Mid,57,4326.372,1397.582,0.865,23.0,0.0,0.0,1.0,1019.701
oe:player:c62a5235ad6bc113a1e64eb0e9aa8c8,Hans Sama,G2 Esports,LEC,ADC,100,4322.81,1446.621,0.865,17.5,0.0,0.0,1.0,1016.14
oe:player:a179853ac2a0832657b9de8b9ba0020,HongQ,CTBC Flying Oyster,LCP,Mid,107,4320.221,1447.54,0.864,13.0,0.0,0.0,1.0,1526.332
oe:player:326f63d01099f1c8b91620cbc893813,Paduck,KT Rolster Challengers,LCKC,ADC,113,4319.016,1424.304,0.864,14.0,0.0,0.045,1.0,1413.332
oe:player:367fecc4cb53a8234abbd9f283b7997,Vladi,Karmine Corp,LEC,Mid,106,4305.306,1448.02,0.861,18.0,0.0,0.0,1.0,998.635
oe:player:f9fe6d28d5b67bf9ac673b2cc8edf15,Cuzz,KT Rolster,LCK,Jungle,114,4266.955,1439.85,0.853,17.0,0.0,0.0,1.0,-181.122
oe:player:9b73925063fe3714ebb4e8c10f551c0,Doinb,Ninjas in Pyjamas,LPL,Mid,111,4264.05,1420.687,0.853,18.0,0.0,0.0,1.0,770.588
oe:player:9d5052e9f9f4a63835f738441a3b1f6,Mikyx,Fnatic,LEC,Support,79,4263.267,1449.664,0.853,17.0,0.0,0.0,1.0,956.596
oe:player:37f20525a39d17ec49fd10294f9c994,TheShy,Invictus Gaming,LPL,Top,140,4259.739,1446.356,0.852,11.0,0.0,0.0,1.0,766.276
oe:player:e4e24b8656e4e6a74b939af730b0148,Lehends,Nongshim RedForce,LCK,Support,120,4252.734,1436.203,0.851,18.0,0.0,0.0,1.0,-195.343
oe:player:18bdb3898e7fecb3bb0be7ff075d509,deokdam,KT Rolster,LCK,ADC,114,4232.724,1399.696,0.847,16.0,0.0,0.0,1.0,-215.353
oe:player:eaf899c6268995f9b1e40d1932c6888,Targamas,Karmine Corp,LEC,Support,106,4226.089,1448.02,0.845,20.0,0.0,0.0,1.0,919.419
oe:player:1efc4e5732e91520d03385900b903f9,Thanatos,Cloud9,LTA N,Top,66,4209.356,1467.6,0.842,18.0,0.0,0.0,1.0,901.784
oe:player:8a8f18e4b7d0f30c19c5fb99a526951,Elyoya,Movistar KOI,LEC,Jungle,95,4207.267,1449.516,0.841,23.0,0.0,0.0,1.0,900.596
oe:player:55dd587cdc4a278be6a5c37f9e539de,Caps,G2 Esports,LEC,Mid,100,4204.111,1446.621,0.841,19.0,0.0,0.0,1.0,897.441
oe:player:b0ec3df39d61f953e7af0afd8eb8c4a,Kellin,BNK FEARX,LCK,Support,105,4195.162,1449.638,0.839,20.0,0.0,0.0,1.0,-252.915
oe:player:390ca7b6b38d552363eba1b5b54ff18,Razork,Fnatic,LEC,Jungle,79,4193.788,1449.664,0.839,20.0,0.0,0.0,1.0,887.117
oe:player:f5bf9bd732b85e4dcab5121e4769ae4,Alvaro,Movistar KOI,LEC,Support,95,4190.637,1449.516,0.838,21.0,0.0,0.0,1.0,883.966
oe:player:81acc6bcde5c927c78e0990e9887f84,Vulcan,Cloud9,LTA N,Support,66,4190.51,1467.6,0.838,20.0,0.0,0.0,1.0,882.939
oe:player:10fcffece0ac7be85f09c4b51a75762,Zven,Cloud9,LTA N,ADC,66,4173.674,1467.6,0.835,21.0,0.0,0.0,1.0,866.102
oe:player:1223a0ed2bfab9b714c72d965df8133,Supa,Movistar KOI,LEC,ADC,95,4170.78,1449.516,0.834,24.0,0.0,0.0,1.0,864.11
oe:player:d87853a5c1c5463889d70a62cdbcffc,Clear,BNK FEARX,LCK,Top,103,4169.701,1409.235,0.834,16.0,0.0,0.0,1.0,-278.376
oe:player:a52945dbe283de2f7e9d63ca3417f36,Leave,Ninjas in Pyjamas,LPL,ADC,111,4169.494,1420.687,0.834,20.0,0.0,0.0,1.0,676.032
oe:player:66d0ff0f8f9b5296770c1dbda549950,Ahn,EDward Gaming,LPL,ADC,58,4160.719,1434.356,0.832,21.0,0.0,0.0,1.0,667.256
oe:player:be9758f87345bcce47970a8f17b3c07,Oscarinin,Fnatic,LEC,Top,79,4156.469,1449.664,0.831,18.0,0.0,0.0,1.0,849.799
oe:player:0a53c1102dafce61e89decc517b3175,Loki,Cloud9,LTA N,Mid,66,4155.364,1467.6,0.831,21.0,0.0,0.0,1.0,847.792
oe:player:ede24d5e0911d7a4f6ec514a67802ff,Myrwn,Movistar KOI,LEC,Top,95,4149.632,1449.516,0.83,20.5,0.0,0.0,1.0,842.962
oe:player:bb6ac5763c6576e104a7a2f59eb4ddf,Labrov,G2 Esports,LEC,Support,100,4148.025,1446.621,0.83,18.0,0.0,0.0,1.0,841.354
oe:player:178ec186b0d43d2669342596c2808cd,Diable,BNK FEARX,LCK,ADC,105,4144.095,1449.638,0.829,21.0,0.0,0.0,1.0,-303.982
oe:player:0da0eeb199e8fa3ab773cf84f9de9ab,Tian,Weibo Gaming,LPL,Jungle,139,4126.855,1445.493,0.825,25.0,0.0,0.0,1.0,633.393
oe:player:6059545b206c4b230b97fd3651b473a,Crisp,Weibo Gaming,LPL,Support,161,4101.674,1265.446,0.82,20.0,0.0,0.0,1.0,608.212
oe:player:5c6f901a83ec448d51703aebba0ca64,Croco,OKSavingsBank BRION,LCK,Jungle,64,4095.054,1386.083,0.819,24.0,0.0,0.0,1.0,-353.022
oe:player:3c4d21c7addb20fea3fec30418ac3d3,Light,Weibo Gaming,LPL,ADC,139,4087.883,1445.493,0.818,25.0,0.0,0.0,1.0,594.42
oe:player:10d1208b485425756fcc932229386b0,MISSING,JD Gaming,LPL,Support,83,4085.192,1422.596,0.817,17.5,0.0,0.0,1.0,591.729
oe:player:beea9fe15bff6a7ab0b3913d3d5fde6,Xiaohu,Weibo Gaming,LPL,Mid,139,4076.864,1445.493,0.815,23.0,0.0,0.0,1.0,583.402
oe:player:30361653a485a9609fb2d3aa073282c,Bdd,KT Rolster,LCK,Mid,114,4073.805,1439.85,0.815,19.0,0.0,0.0,1.0,-374.272
oe:player:8f8eaac8e99c203ee76e57c5c81c91f,Quid,100 Thieves,LTA N,Mid,65,4060.647,1458.101,0.812,24.0,0.0,0.0,1.0,753.075
oe:player:2b5fa564a1259b97bc238fbfa719b07,Teddy,DRX,LCK,ADC,87,4048.658,1330.782,0.81,24.0,0.0,0.0,1.0,-399.418
oe:player:4203fc46c4c6333e9bfa9d0a8618677,Yike,Karmine Corp,LEC,Jungle,106,4037.663,1448.02,0.808,25.0,0.0,0.0,1.0,730.992
oe:player:637ed20b1e41be1c51bd1a4cb211357,Raptor,BNK FEARX,LCK,Jungle,105,4017.61,1449.638,0.804,23.0,0.0,0.0,1.0,-430.467
oe:player:708bbc09836488d812e6775a07d785f,shanji,Ninjas in Pyjamas,LPL,Top,47,4011.732,1416.849,0.802,20.0,0.0,0.0,1.0,518.27
oe:player:cbe20c64274a87a21e5bdac1ccc3e77,Rhilech,BK ROG Esports,LFL,Jungle,61,4004.708,1378.756,0.801,28.0,0.03,0.125,1.0,1489.961
oe:player:568fe19f3078824aeca0056e28081bb,FoFo,PSG Talon,LCP,Mid,63,3999.28,1421.892,0.8,27.0,0.0,0.0,1.0,1205.391
oe:player:2452114de900ce4bb971851b668786d,Hype,OKSavingsBank BRION,LCK,ADC,90,3985.532,1410.23,0.797,28.0,0.0,0.0,1.0,-462.545
oe:player:da3299cd46f1ad8a86bbadeb6b8a320,Assum,FunPlus Phoenix,LPL,ADC,78,3949.048,1364.162,0.79,27.0,0.0,0.0,1.0,455.586
oe:player:437d461430ecc08e2d51abbcf5ce9b3,Milan,DetonatioN FocusMe,LCP,ADC,3,3946.966,1549.184,0.789,,,,,1153.077
oe:player:b61e517b1a6027160aafaf56e9867c0,Wei,Invictus Gaming,LPL,Jungle,102,3933.588,1278.584,0.787,21.0,0.0,0.0,1.0,440.126
oe:player:0d9b0a3b3a93a8f759c9d8ac8eef97c,Breathe,Weibo Gaming,LPL,Top,139,3932.589,1445.493,0.787,21.0,0.0,0.0,1.0,439.127
oe:player:dbe844fcbbc7f54654e54242e79acac,Eyla,100 Thieves,LTA N,Support,65,3925.105,1458.101,0.785,25.0,0.0,0.0,1.0,617.534
oe:player:83eb62484689106807fcf5ad55b5479,Jojopyun,Movistar KOI,LEC,Mid,95,3913.59,1449.516,0.783,25.0,0.0,0.0,1.0,606.919
oe:player:ad991b9f2f7e553d4eefb9f5d06afc9,Lele,Royal Never Give Up,LPL,Support,8,3908.25,1507.087,0.782,,,,,414.787
oe:player:f73dde2d8c7879ae8d1fcdc03c4ffeb,Morgan,OKSavingsBank BRION,LCK,Top,101,3900.435,1443.941,0.78,23.0,0.0,0.0,1.0,-547.641
oe:player:7c3395efccd48fe73592001501bef83,River,100 Thieves,LTA N,Jungle,65,3896.117,1458.101,0.779,29.0,0.0,0.0,1.0,588.545
oe:player:a7128975a782c11d8c34525be8e1b6c,Erha,Weibo Gaming,LPL,Support,48,3883.019,1375.247,0.777,26.0,0.0,0.0,1.0,389.557
oe:player:027a5217b659e8bedb70978dea494d6,Irrelevant,Team BDS,LEC,Top,38,3876.01,1453.72,0.775,31.0,0.0,0.0,0.633,569.339
oe:player:6adb46561c24655e0455d9b3fdc5698,Clozer,OKSavingsBank BRION,LCK,Mid,101,3859.596,1443.941,0.772,27.0,0.0,0.0,1.0,-588.48
oe:player:effd5b04b5d98b779f0a6162c40735a,Fisher,Nongshim Esports Academy,LCKC,Mid,120,3845.542,1337.967,0.769,28.0,0.0,0.0,1.0,939.858
oe:player:973547129a691fb61e886add170ac7a,Piero,Karmine Corp Blue,LFL,Support,94,3835.229,1412.129,0.767,32.0,0.0,0.0,1.0,1320.482
oe:player:722c8846b5f0c756efb2affe467958a,Kaze,RED Canids,LTA S,Mid,69,3827.59,1326.107,0.766,31.0,0.0,0.0,1.0,1517.535
oe:player:3126bca5d4d2555ba3b460699508e16,Pollu,OKSavingsBank BRION,LCK,Support,101,3814.309,1443.941,0.763,26.0,0.0,0.0,1.0,-633.768
oe:player:baf26814ef7b2f10fac33a00c3d53a3,Willer,BNK FEARX Youth,LCKC,Jungle,99,3805.452,1396.037,0.761,36.0,0.0,0.0,1.0,899.768
oe:player:5bc99370722c5ecbfa9b3c1e17338e6,Trigger,Nongshim Esports Academy,LCKC,ADC,78,3788.232,1318.716,0.758,30.0,0.0,0.0,1.0,882.548
oe:player:317aeb74a6dd16bea711bbad361ca44,BuLLDoG,DN Freecs,LCK,Mid,86,3783.509,1383.045,0.757,32.0,0.0,0.0,1.0,-664.568
oe:player:88bba3108e62145a9780becd3eb553d,Jiejie,FunPlus Phoenix,LPL,Jungle,100,3777.936,1338.056,0.756,30.0,0.0,0.0,1.0,284.474
oe:player:f9e804c44aa43f18576783a067e99ab,Yuuji,Team Liquid,LTA N,Jungle,35,3774.466,1413.9,0.755,38.0,0.0,0.0,0.633,466.895
oe:player:73d2b65353d7b00e0f198ffdc085edc,FBI,100 Thieves,LTA N,ADC,65,3753.756,1458.101,0.751,28.0,0.0,0.0,1.0,446.184
oe:player:9fefcdafef82ae8de67c1187546d622,Haetae,T1 Esports Academy,LCKC,Top,127,3751.045,1463.557,0.75,27.0,0.0,0.0,1.0,845.361
oe:player:eff6236e2369eaeccf4c9434031d20c,3XA,Karmine Corp Blue,LFL,ADC,107,3750.504,1433.16,0.75,34.0,0.0,0.01,1.0,1235.757
oe:player:9d5e3b1fd70d1652fc3f5f1a978cd9b,Hiro02,Team Secret Whales,LCP,Top,45,3747.413,1413.887,0.749,32.0,0.0,0.0,1.0,953.524
oe:player:ab8a2f130a36f7aa619168c53d055d1,Vincenzo,T1 Esports Academy,LCKC,Jungle,127,3740.8,1463.557,0.748,32.0,0.0,0.0,1.0,835.117
oe:player:3ee0c18b85e7bb8eaad86d58498e27d,Juhan,DRX Challengers,LCKC,Jungle,114,3738.049,1474.099,0.748,34.0,0.0,0.0,1.0,832.365
oe:player:58771d428ade54dd5983bbe70ce0383,Xiaohao,EDward Gaming,LPL,Jungle,68,3734.555,1452.029,0.747,30.0,0.0,0.0,1.0,241.093
oe:player:fa6ab005227d25bf19d02ca58f00cab,Kratos,MGN Vikings Esports,LCP,Top,51,3723.962,1431.856,0.745,33.0,0.0,0.0,1.0,930.073
oe:player:054e5f8aeb885db6713f4a3e7328efc,Jun,GiantX,LEC,Support,57,3718.246,1460.482,0.744,32.0,0.0,0.0,1.0,411.576
oe:player:863519e5df81ff9b308c90f6a59495b,xiaofang,LNG Esports,LPL,Jungle,29,3702.113,1450.526,0.74,35.0,0.0,0.0,0.633,208.65
oe:player:613a571a4b0b674547093130f2e4093,SlowQ,Karmine Corp Blue,LFL,Mid,107,3687.024,1433.16,0.737,35.0,0.0,0.0,1.0,1172.277
oe:player:542b1268b090a5fc82442efbd8d8165,Angel,EDward Gaming,LPL,Mid,68,3685.363,1452.029,0.737,29.0,0.0,0.0,1.0,191.901
oe:player:e5f6c83e6e97c74fc9e9760fc8972ae,Eddie,Team Secret Whales,LCP,ADC,72,3683.009,1465.119,0.737,31.0,0.0,0.0,1.0,889.119
oe:player:73e08f7701a4316284cbe884b5d7e56,Kiaya,GAM Esports,LCP,Top,94,3665.176,1451.716,0.733,37.0,0.0,0.0,1.0,871.287
oe:player:ab7f28ca18446cb18274a884b1525f7,Xerxe,Galions,LFL,Jungle,69,3657.601,1438.757,0.732,37.0,0.0,0.0,1.0,1142.854
oe:player:c8fe7c65a2ae0ab6ff62674ade6847d,Cloud,T1 Esports Academy,LCKC,Support,127,3653.312,1463.557,0.731,29.0,0.0,0.0,1.0,747.628
oe:player:3335a55ba853c9cd5a724876fd305a4,Emo,GAM Esports,LCP,Mid,43,3648.663,1414.546,0.73,32.0,0.0,0.0,1.0,854.774
oe:player:9d2474b953a3a0be93880409ccceb4e,Artemis,GAM Esports,LCP,ADC,93,3647.436,1446.741,0.729,36.0,0.0,0.0,1.0,853.547
oe:player:952237fce714ed1eca8ded17523bee9,Taeyoon,Team WE,LPL,ADC,127,3643.232,1457.724,0.729,32.0,0.0,0.0,1.0,149.77
oe:player:132ee4b29ebeac294a420dcebe64bdc,Zdz,EDward Gaming,LPL,Top,68,3642.32,1452.029,0.728,26.0,0.0,0.0,1.0,148.858
oe:player:7e754adda86a60e0a39d7204ba60424,Betty,PSG Talon,LCP,ADC,87,3637.882,1460.073,0.728,36.0,0.0,0.0,1.0,843.993
oe:player:99e732def3601275db892c84fb85a0c,Career,BNK FEARX Youth,LCKC,Support,132,3630.947,1456.852,0.726,34.0,0.0,0.0,1.0,725.263
oe:player:00ff83174dc14ce3f7b17e427b75e7f,Sty1e,MGN Vikings Esports,LCP,ADC,22,3627.747,1455.05,0.726,34.0,0.0,0.0,0.633,833.858
oe:player:5b86bafc34d79c84a8847d29b64ca29,Mireu,Vivo Keyd Stars,LTA S,Mid,59,3619.231,1364.69,0.724,36.0,0.0,0.007,1.0,1309.177
oe:player:6fbf57b984dbf130701e09ea4110bb8,Rich,DRX,LCK,Top,97,3618.828,1443.138,0.724,27.0,0.0,0.0,1.0,-829.248
oe:player:64ff4f1dd75a5654ab87c0bbee89c1e,Wako,Ultra Prime,LPL,ADC,39,3617.314,1424.017,0.723,34.0,0.0,0.0,0.633,123.852
oe:player:1b90b5086aa57992143a92a2899b8e0,Taki,Team Secret Whales,LCP,Support,72,3615.868,1465.119,0.723,31.0,0.0,0.0,1.0,821.979
oe:player:fa22d396503a5a737f2f169943d7241,Zoelys,Galions,LFL,Support,69,3608.714,1438.757,0.722,37.0,0.0,0.0,1.0,1093.967
oe:player:eeec6c7a9d2b475c23650b202208b89,Lot,GiantX,LEC,Top,57,3603.502,1460.482,0.721,33.0,0.0,0.0,1.0,296.832
oe:player:e3b8d5a9290fe0c7458dc01db4dc9dc,Serin,Galions,LFL,Mid,69,3593.46,1438.757,0.719,34.0,0.0,0.0,1.0,1078.714
oe:player:c942f21cd85aaf8d7892aa712e3e2ce,Frog,DRX Challengers,LCKC,Top,114,3587.516,1474.099,0.718,30.5,0.0,0.0,1.0,681.833
oe:player:043e89cd3b06bc1a0555024d475c9d2,Hizto,Team Secret Whales,LCP,Jungle,72,3567.282,1465.119,0.713,36.0,0.0,0.0,1.0,773.393
oe:player:615b1f347cdf6bc6df1883ed9e18496,ppgod,Ninjas in Pyjamas,LPL,Support,73,3557.413,1431.285,0.711,32.0,0.0,0.0,1.0,63.95
oe:player:3f4027dc08a489bd4d5390913f5dc71,Sponge,DRX,LCK,Jungle,97,3548.868,1443.138,0.71,34.0,0.0,0.0,1.0,-899.208
oe:player:d8362fe0d38ca0e70953ed957deaa00,Rekkles,Los Ratones,NLC,Support,87,3540.073,1440.648,0.708,38.0,0.0,0.003,1.0,2760.516
oe:player:a7bb2d8b4e4c1a1fde8c3e584ef6835,OvO,LNG Esports,LPL,Support,21,3531.9,1456.821,0.706,31.0,0.0,0.0,0.633,38.438
oe:player:05fafeaf23dc3285558a4e968970b9f,CoreJJ,Team Liquid,LTA N,Support,66,3525.084,1455.757,0.705,39.0,0.0,0.0,1.0,217.513
oe:player:a2357eb17578485c2ba736db36cbc42,Pyosik,DN Freecs,LCK,Jungle,87,3514.361,1432.729,0.703,39.0,0.0,0.0,1.0,-933.715
oe:player:b42e757e6ed7f3eb263f69eb034f092,Solokill,Ninjas in Pyjamas,LPL,Top,64,3513.277,1394.658,0.703,29.0,0.0,0.0,1.0,19.815
oe:player:63dd174baf11b12006e5dc29c2269a1,Maynter,Karmine Corp Blue,LFL,Top,107,3513.135,1433.16,0.703,38.0,0.0,0.0,1.0,998.388
oe:player:dea5251e486aed942e1bc06e1d5c116,Life,DN Freecs,LCK,Support,80,3506.118,1419.871,0.701,34.0,0.0,0.0,1.0,-941.959
oe:player:c0f78343a2ad4ba1463245d53a3b440,Ragner,Galions,LFL,Top,69,3497.412,1438.757,0.699,35.0,0.0,0.0,1.0,982.665
oe:player:233724c5adf28da47784390134db3c6,LP,LNG Esports,LPL,ADC,18,3497.152,1465.882,0.699,36.0,0.0,0.0,0.295,3.689
oe:player:59c9428d4e21d63aefeb230c919dcfe,Trick,Rogue,LEC,Jungle,2,3497.113,1539.275,0.699,,,,,190.443
oe:player:a5b589185ef8ae18d33478626218b3a,ToongE,Misa Esports,TCL,ADC,83,3497.027,1366.363,0.699,38.0,0.0,0.007,1.0,1779.881
oe:player:95d286ec0a5d750d09e848a4e630c56,Noah,GiantX,LEC,ADC,57,3494.693,1460.482,0.699,37.0,0.0,0.0,1.0,188.023
oe:player:b6603b64c5cabad210826735469838b,Cube,Team WE,LPL,Top,127,3483.231,1457.724,0.697,31.0,0.0,0.0,1.0,-10.232
oe:player:566586ef99b39b57e9c85c59f021da5,Burdol,Nongshim Esports Academy,LCKC,Top,57,3483.219,1408.179,0.697,36.0,0.0,0.0,1.0,577.535
oe:player:0101bf828e44b2630d500590c4ad461,Gury,MGN Vikings Esports,LCP,Jungle,76,3469.941,1451.642,0.694,43.0,0.0,0.0,1.0,676.052
oe:player:3c784fdd6a025028ad063525c14027a,Hylissang,Team Vitality,LEC,Support,14,3468.127,1457.782,0.694,45.0,0.0,0.0,0.295,161.457
oe:player:b7a3b6176406a92dd089fe2f82a1d3f,Dire,Team Secret Whales,LCP,Mid,72,3460.891,1465.119,0.692,33.0,0.0,0.0,1.0,667.002
oe:player:31b5f1d49f55acb4ee7624813bda6b2,Woody,PSG Talon,LCP,Support,87,3446.387,1460.073,0.689,38.0,0.0,0.0,1.0,652.497
oe:player:d6a41c1166922d1ff489fdb2fa06289,Thayger,Natus Vincere,LVP SL,Jungle,95,3440.263,1324.833,0.688,43.0,0.0,0.0,1.0,1668.801
oe:player:905e2f4e54700b9ed0ddfb13deec4e9,xqw,LGD Gaming,LPL,Mid,62,3436.959,1462.586,0.687,39.0,0.0,0.0,1.0,-56.504
oe:player:204746c853a12888ad72d8035cdf8c7,Jackies,GiantX,LEC,Mid,57,3433.525,1460.482,0.687,36.0,0.0,0.0,1.0,126.855
oe:player:72bd7f020390328891f8595b5a2136f,Azhi,PSG Talon,LCP,Top,87,3427.619,1460.073,0.686,36.0,0.0,0.0,1.0,633.73
oe:player:53841c6e42a6ce77b6f3b80133c9342,Peach,Bushido Wildcats,TCL,Jungle,27,3414.508,1451.811,0.683,51.0,0.0,0.0,0.633,1697.361
oe:player:f3322656ae1facbf4763677fe2506a3,Karsa,PSG Talon,LCP,Jungle,87,3402.259,1460.073,0.68,42.0,0.0,0.0,1.0,608.37
oe:player:f6b8af05a5af22004a67a78f3046b92,Yeon,Team Liquid,LTA N,ADC,66,3396.901,1455.757,0.679,41.0,0.0,0.0,1.0,89.329
oe:player:bfba3d25c89b1f0f6afb42d4964bf5f,Agurin,CGN Esports,PRM,Jungle,57,3393.191,1414.6,0.679,54.0,0.0,0.0,1.0,1767.389
oe:player:145f64f1760a3fc2eac89c8f29c3083,Levi,GAM Esports,LCP,Jungle,94,3388.571,1451.716,0.678,44.0,0.0,0.0,1.0,594.682
oe:player:655c522b43d1444e55a0a4615c2b59b,Grizzly,Hanwha Life Esports Challengers,LCKC,Jungle,105,3382.008,1469.341,0.676,50.0,0.0,0.0,1.0,476.324
oe:player:498246d6c44175256a07ed5f322c817,Karis,Team WE,LPL,Mid,127,3367.991,1457.724,0.674,35.0,0.0,0.0,1.0,-125.472
oe:player:60d1428b9206634f3feb66e4b8ebd59,Shogun,MGN Vikings Esports,LCP,ADC,53,3344.968,1425.791,0.669,46.5,0.0,0.0,1.0,551.079
oe:player:456d479c879155333c0624219803ec4,Nemesis,Los Ratones,NLC,Mid,87,3326.162,1440.648,0.665,44.0,0.0,0.0,1.0,2546.605
oe:player:41ad87cfc159526f62529db61162a2a,Vampire,Team WE,LPL,Support,127,3322.665,1457.724,0.665,36.0,0.0,0.0,1.0,-170.797
oe:player:2e7d6bbb048c7e1ff0eb4d8e3bbad9a,Kati,MGN Vikings Esports,LCP,Mid,76,3309.672,1451.642,0.662,41.0,0.0,0.0,1.0,515.783
oe:player:8139e3b2070343b1729402f9bf20205,Bonnie,BBL Dark Passage,LCKC,Jungle,55,3307.687,1385.685,0.662,48.0,0.0,0.0,1.0,402.004
oe:player:48b7344051c2365da81acb5c3de8eb1,beishang,Oh My God,LPL,Jungle,6,3302.406,1521.714,0.66,,,,,-191.056
oe:player:e78da55d6db43d982f841204a8e51ac,Zhuo,JD Gaming,LPL,Support,85,3299.056,1335.742,0.66,43.0,0.0,0.0,1.0,-194.406
oe:player:87f7503a6cdacffa612aeee7f04cc7c,Callme,Misa Esports,TCL,Mid,82,3292.106,1410.496,0.658,46.0,0.0,0.0,1.0,1574.96
oe:player:86a59ad7ba2334ad7505f303d3f2ab6,Casting,KT Rolster Challengers,LCKC,Top,115,3284.174,1376.048,0.657,36.0,0.0,0.0,1.0,378.491
oe:player:990de650e44c3b85ec90451de02db04,Jool,LOUD,TCL,Mid,79,3277.506,1357.919,0.656,41.0,0.0,0.013,1.0,1560.359
oe:player:ea9ed09584feecae0991089f087d2ce,APA,Team Liquid,LTA N,Mid,66,3262.257,1455.757,0.652,40.0,0.0,0.0,1.0,-45.315
oe:player:9bcf397008d511151380efd9e6b2ae6,charlotte,Oh My God Academy,LPL,Mid,17,3253.379,1458.979,0.651,43.0,0.0,0.0,0.295,-240.083
oe:player:1c51707d8fd9873c9fd184e2cd01b33,Crownie,Los Ratones,NLC,ADC,86,3250.752,1436.076,0.65,45.0,0.0,0.0,1.0,2471.194
oe:player:c88cada1696defe81464925789aa6d8,Ceos,Shopify Rebellion,LTA N,Support,56,3249.898,1439.559,0.65,44.0,0.0,0.0,1.0,-57.673
oe:player:3d022fcafe5af9f52df92b17c015fe6,HARPOON,Galions,LFL2,ADC,75,3248.801,1369.431,0.65,50.0,0.0,0.0,1.0,2180.673
oe:player:f7407edad1ded2d8d1e634ed49a9698,Lancer,DN Freecs Challengers,LCKC,Top,124,3248.745,1471.41,0.65,45.0,0.0,0.0,1.0,343.061
oe:player:b7411c6a095b1dc123931f3cb8d7af5,Berr,Dplus KIA Challengers,LCKC,Support,71,3241.573,1422.477,0.648,41.0,0.0,0.0,1.0,335.889
oe:player:5eb466e63c91a4ccf328f21715e51ae,Vetheo,Vitality.Bee,LFL,Mid,76,3241.046,1425.252,0.648,47.0,0.0,0.0,1.0,726.299
oe:player:21d0c093d9553e0074a98c5b5880b4c,Elio,GAM Esports,LCP,Support,94,3240.781,1451.716,0.648,43.0,0.0,0.0,1.0,446.892
oe:player:460ae5a7af8d68f7831b70307210ab3,Berserker,DN Freecs,LCK,ADC,88,3239.683,1451.93,0.648,48.0,0.0,0.0,1.0,-1208.393
oe:player:ec0c2b8d7630efba391c288765d4d7e,Carzzy,Team Vitality,LEC,ADC,52,3212.198,1459.182,0.642,47.0,0.0,0.0,1.0,-94.472
oe:player:6d734e1e86b978852d95cfd63d6a643,Sav1or,LGD Gaming,LPL,ADC,62,3210.79,1462.586,0.642,41.0,0.0,0.0,1.0,-282.672
oe:player:397bcf46311de3cf780469b2a842b67,Ycx,LGD Gaming,LPL,Support,62,3198.181,1462.586,0.64,41.5,0.0,0.0,1.0,-295.282
oe:player:c25ed32694e455959de4abe0c535ecc,Mihile,Misa Esports,TCL,Top,82,3198.148,1410.496,0.64,47.0,0.0,0.0,1.0,1481.001
oe:player:496ca7c65dbd4beffa678e62d9d4e8d,Farfetch,ULF Esports,TCL,Support,53,3190.834,1376.723,0.638,51.0,0.012,0.032,1.0,1473.687
oe:player:370f639a8b838f1933c7232d8adae72,Naak Nako,Team Vitality,LEC,Top,52,3184.842,1459.182,0.637,45.0,0.0,0.0,1.0,-121.828
oe:player:845ea84cec22236278388f19fcd20bf,HamBak,OKSavingsBank BRION Challengers,LCK,Jungle,47,3182.261,1354.011,0.636,46.0,0.0,0.0,1.0,-1265.815
oe:player:ca9701f085966dfca32e31b1b1e9d55,Lyncas,Team Vitality,LEC,Jungle,52,3178.802,1459.182,0.636,48.0,0.0,0.0,1.0,-127.869
oe:player:0973ddfd8ce96a62e85badbe503d163,bluerzor,UCAM Esports,LVP SL,Jungle,38,3177.705,1383.112,0.636,54.0,0.0,0.0,0.633,1406.243
oe:player:ea58943d300b14d684bb05b3975fe15,Roamer,paiN Gaming,LTA S,Mid,50,3175.748,1445.186,0.635,52.0,0.0,0.0,1.0,865.694
oe:player:bd9f7c5d6ab4201b138a3e51dab7056,Alive,DRX Challengers,LCKC,ADC,19,3173.104,1466.34,0.635,46.0,0.0,0.0,0.295,267.42
oe:player:d1ae0e2f9f3ac1e0e0cdcb86504ca77,Feisty,GIANTX Pride,LVP SL,Mid,75,3172.267,1438.61,0.634,46.0,0.0,0.0,1.0,1400.805
oe:player:e85e46c5f3d3fcce55af9ca6a4cb45c,sasi,LGD Gaming,LPL,Top,62,3171.46,1462.586,0.634,39.0,0.0,0.0,1.0,-322.003
oe:player:a41eb80b5f23627fc710cc41c516e49,LazyFeel,DRX Challengers,LCKC,ADC,105,3168.588,1352.837,0.634,51.0,0.0,0.0,1.0,262.904
oe:player:8c6395564a23f3c2af8d378540012b0,Way,KT Rolster Challengers,LCKC,Support,108,3166.16,1351.164,0.633,42.0,0.0,0.0,1.0,260.476
oe:player:cb6616189a21f8e8ed43ccdb3f6904a,Linfeng,Oh My God,LPL,Mid,22,3165.977,1477.074,0.633,40.0,0.0,0.0,0.633,-327.486
oe:player:ee4894bcff1cfaa4ffbf71b7b8d8921,Rin,Los Heretics,LVP SL,ADC,96,3162.01,1429.003,0.632,54.0,0.0,0.0,1.0,1390.548
oe:player:38e0af7278d6769d0c81d7c4b47ac1e,Soboro,BNK FEARX Youth,LCKC,Top,134,3159.337,1406.811,0.632,44.0,0.0,0.0,1.0,253.653
oe:player:b0e54ad49a5ce7a200bcb877eee7ed9,Envyy,BNK FEARX Youth,LCKC,ADC,77,3155.156,1406.042,0.631,43.0,0.0,0.0,1.0,249.472
oe:player:6fc5fe723eed4ba4c230292be365c66,Lurox,Vitality.Bee,LFL,Jungle,76,3150.275,1425.252,0.63,56.0,0.0,0.0,1.0,635.529
oe:player:b49867477e266c5da8e995074e18f80,Daglas,Los Heretics,LVP SL,Jungle,96,3149.644,1429.003,0.63,56.0,0.0,0.0,1.0,1378.182
oe:player:579ae2e0addc18db74179b2a3d33294,Ellim,OKSavingsBank BRION Challengers,LCKC,Jungle,88,3148.083,1396.045,0.63,60.0,0.0,0.0,1.0,242.4
oe:player:92c21511d7b383b2f8ba5b00c3c9a47,Bull,OKSavingsBank BRION Challengers,LCKC,ADC,66,3140.828,1359.953,0.628,55.0,0.0,0.0,1.0,235.144
oe:player:8f862245fbdb4d065e46c83630b9495,nuc,Team BDS,LEC,Mid,50,3134.724,1452.368,0.627,53.0,0.0,0.0,1.0,-171.947
oe:player:397fee5de074b10600707b618fb1f29,SiuLoong,MGN Vikings Esports,LCP,Support,76,3133.062,1451.642,0.627,47.0,0.0,0.0,1.0,339.173
oe:player:6c1d0c529e73fe4c8b9a5306867c4bf,BAO,Papara SuperMassive,TCL,ADC,54,3128.934,1396.154,0.626,61.0,0.0,0.0,1.0,1411.787
oe:player:0dcf834c627e57895f26132ec33d99c,fishone,LNG Esports,LPL,ADC,26,3121.56,1443.768,0.624,46.0,0.0,0.0,0.633,-371.902
oe:player:6625d682ed10ef5e0e7c6c9e4dd2fc1,Tatu,FURIA,LTA S,Jungle,67,3113.961,1463.778,0.623,62.0,0.0,0.0,1.0,803.906
oe:player:0091a3bf5771fe6bbe6d4a37de32c6f,Lira,Dignitas,LTA N,Jungle,2,3112.601,1552.427,0.623,,,,,-194.971
oe:player:be17beb4d906e22fa6995e17060ebd3,Slayer,DN Freecs Challengers,LCKC,ADC,124,3109.122,1471.41,0.622,48.0,0.0,0.0,1.0,203.439
oe:player:3d94511f748af7acb6347becd5b4c94,Tempester,Hanwha Life Esports Challengers,LCKC,Mid,105,3109.048,1469.341,0.622,50.0,0.0,0.0,1.0,203.364
oe:player:e214e8e906f16ec13e9a88de30dc181,Jopa,Vitality.Bee,LFL,ADC,76,3099.05,1425.252,0.62,55.0,0.0,0.0,1.0,584.303
oe:player:e2c655411d8d95ef73d8026704f5e7a,Rahel,Disguised,LTA N,ADC,26,3088.11,1454.131,0.618,45.0,0.0,0.0,0.633,-219.461
oe:player:55276c10d84e1df7713b441e76e141f,Rest,CTBC Flying Oyster,LCP,Top,47,3086.529,1401.195,0.617,40.0,0.0,0.0,1.0,292.64
oe:player:51e528aaaafe5451e0a14c0da847dc4,Bluffing,Hanwha Life Esports Challengers,LCKC,Support,105,3082.33,1469.341,0.616,54.0,0.0,0.0,1.0,176.646
oe:player:cb15090b89e91fddb1cc57a00afe58f,Batuuu,Misa Esports,TCL,Support,82,3081.988,1410.496,0.616,52.0,0.0,0.0,1.0,1364.841
oe:player:a6fed46f5e3d5e2e68356d7ac85a971,SAJATOR,Los Heretics,LVP SL,Mid,65,3081.63,1377.258,0.616,54.0,0.0,0.0,1.0,1310.168
oe:player:21f59b54f62b5b8b4bc0f63f0f617fc,Impact,Team Liquid,LTA N,Top,66,3081.189,1455.757,0.616,44.0,0.0,0.0,1.0,-226.382
oe:player:a68581f40d30119bad63673b157e660,Velja,Los Ratones,NLC,Jungle,87,3075.599,1440.648,0.615,52.0,0.0,0.0,1.0,2296.042
oe:player:0d7f61beb7018b3924c6b8f96549fa3,DOOM,RED Canids,LTA S,Jungle,67,3074.705,1409.196,0.615,52.0,0.0,0.0,1.0,764.651
oe:player:6e6a78244523ed9e54731d07d1f79f4,DuDu,DN Freecs,LCK,Top,88,3060.835,1451.93,0.612,51.0,0.0,0.0,1.0,-1387.242
oe:player:d2b317a92a71a850ae3da1e0d83e883,1xn,ThunderTalk Gaming,LPL,ADC,98,3054.748,1451.256,0.611,55.0,0.0,0.0,1.0,-438.714
oe:player:539a66f092a09af8d24065a3ac5ae69,Kice,OKSavingsBank BRION Challengers,LCKC,Support,91,3052.459,1439.419,0.61,56.0,0.0,0.0,1.0,146.776
oe:player:e038414b765a8bda52e602f7eaeff04,Prime,Ici Japon Corp. Esport,LFL,Support,77,3039.274,1433.924,0.608,58.5,0.0,0.0,1.0,524.528
oe:player:951959a620881940ca08f98e0226cf3,Pyeonsik,Hanwha Life Esports Challengers,LCKC,ADC,105,3038.289,1469.341,0.608,53.0,0.0,0.0,1.0,132.605
oe:player:e68cc4b2bef76a96aae344b49a81579,Daystar,BNK FEARX Youth,LCKC,Mid,134,3037.917,1422.083,0.608,50.0,0.0,0.0,1.0,132.234
oe:player:17a3d1accbb8bbdaaabfd34e1d69c18,Sertuss,Ici Japon Corp. Esport,LFL,Mid,77,3036.895,1433.924,0.607,53.0,0.0,0.0,1.0,522.148
oe:player:73ac73edf51a3acdfa494e271c6ee29,Czajek,Team Vitality,LEC,Mid,52,3035.766,1459.182,0.607,47.0,0.0,0.0,1.0,-270.905
oe:player:57a976f165d89afb00fc029cd7c36a7,Szygenda,BK ROG Esports,LFL,Top,90,3031.559,1433.863,0.606,58.0,0.0,0.0,1.0,516.812
oe:player:cb4cd2fd258d5961d2f1c4815b04123,JoJo,FURIA,LTA S,Support,67,3030.471,1463.778,0.606,62.0,0.0,0.0,1.0,720.417
oe:player:a57c46c636a00b1721780dd44f9c42f,xiaohuangren,ThunderTalk Gaming,LPL,Jungle,24,3028.635,1425.991,0.606,49.0,0.0,0.0,0.633,-464.828
oe:player:1725cf69407d2dcdf2873d0669409e8,Tracyn,Los Heretics,LVP SL,Top,96,3028.219,1429.003,0.606,55.0,0.0,0.0,1.0,1256.757
oe:player:e9aecf3f86eadc4cabbf95b7d92be0d,Tianzhen,Oh My God Academy,LPL,Jungle,13,3027.03,1459.742,0.605,47.0,0.0,0.0,0.295,-466.433
oe:player:67447707ec7cbde9ab25bfa2ed69877,DDoiV,DN Freecs Challengers,LCKC,Jungle,125,3024.586,1446.963,0.605,57.0,0.0,0.0,1.0,118.902
oe:player:786b5bbf7bbfb7b79379e8589a865c1,Zest,Bushido Wildcats,TCL,Top,47,3016.872,1372.876,0.603,58.5,0.0,0.0,1.0,1299.725
oe:player:57ac9f77eae511aeee1e854434f73f2,HOYA,ThunderTalk Gaming,LPL,Top,98,3011.901,1451.256,0.602,52.0,0.0,0.0,1.0,-481.561
oe:player:8007ba25dee37ac1e4445a6e9f8d252,Xiaoxu,JD Gaming,LPL,Top,93,3008.026,1356.48,0.602,46.0,0.0,0.0,1.0,-485.436
oe:player:403937c97942cb4634ef8907077ede5,Xiaoxia,Ultra Prime,LPL,Support,58,3000.936,1432.904,0.6,49.0,0.0,0.0,1.0,-492.526
oe:player:8f7f4c1ce7a4f933663d10543562b09,About,Gen.G Global Academy,LCKC,ADC,123,2991.615,1480.286,0.598,57.0,0.0,0.0,1.0,85.931
oe:player:1999dbe32608051613a2d3ed9c1b0d4,Morttheus,Vivo Keyd Stars,LTA S,ADC,54,2988.299,1460.518,0.598,60.0,0.0,0.0,1.0,678.245
oe:player:8a5dbe19794784cfd0553556844f045,Contractz,Shopify Rebellion,LTA N,Jungle,63,2987.059,1466.774,0.597,54.0,0.0,0.0,1.0,-320.513
oe:player:dfc279de8d7bd571aa8edfd7eb89c03,Moham,Oh My God Academy,LPL,Support,39,2981.1,1442.273,0.596,55.0,0.0,0.0,0.633,-512.363
oe:player:494fc60dffbb5da1caa2226baef0ec7,Bvoy,Shopify Rebellion,LTA N,ADC,63,2980.322,1466.774,0.596,51.0,0.0,0.0,1.0,-327.25
oe:player:5836a085b5ebaa7662fbba55341703c,Enosh,BNK FEARX Youth,LCKC,ADC,55,2974.762,1427.297,0.595,53.0,0.0,0.0,1.0,69.078
oe:player:946b74bfc34e861b344ae03700af039,Disamis,Vivo Keyd Stars,LTA S,Jungle,54,2964.731,1460.518,0.593,63.0,0.0,0.0,1.0,654.676
oe:player:e3aa452243a476669824e52c1b7fc6b,Maple,PSG Talon,LCP,Mid,24,2959.782,1446.538,0.592,62.0,0.0,0.0,0.633,165.893
oe:player:a9cfbc13e22eefdd22af7b346ce2af4,Parus,Team BDS,LEC,Support,50,2943.922,1452.368,0.589,62.0,0.0,0.0,1.0,-362.748
oe:player:7adc518d589f32912c06de8dae7848e,Nisqy,Team Vitality,LEC,Support,21,2941.913,1435.122,0.588,57.0,0.0,0.0,0.633,-364.757
oe:player:1a75a7cf8c98442be881fed562346f5,Sylvie,Nongshim Esports Academy,LCKC,Jungle,91,2936.397,1408.586,0.587,60.0,0.0,0.0,1.0,30.713
oe:player:a2d7b8856032bf106783621b9afeb41,Lyonz,LYON,LTA N,Support,33,2934.403,1474.962,0.587,62.0,0.0,0.0,0.633,-373.169
oe:player:2288a342c01ee930cc535f4cfcf49d8,Oddielan,LYON,LTA N,Jungle,33,2934.384,1474.962,0.587,65.5,0.0,0.0,0.633,-373.188
oe:player:d7a904873d10637ef44afa9c1de83b3,Ayu,FURIA,LTA S,ADC,67,2929.307,1463.778,0.586,65.0,0.0,0.0,1.0,619.253
oe:player:0758af26fa0c3af6899bb1569059609,Lospa,GIANTX Pride,LVP SL,Support,75,2929.101,1438.61,0.586,53.0,0.0,0.0,1.0,1157.639
oe:player:daf977355187d5f85949a456e337be7,Leb,Berlin International Gaming,PRM,Jungle,94,2928.169,1447.369,0.586,66.0,0.0,0.0,1.0,1302.367
oe:player:4f6302984cea43e6384d488973fe1d2,Howling,Ici Japon Corp. Esport,LFL,Top,77,2923.471,1433.924,0.585,55.5,0.0,0.0,1.0,408.724
oe:player:f2264caa34a27d8f01634f39f307c85,Doss,BK ROG Esports,LFL,Support,90,2921.682,1433.863,0.584,67.0,0.0,0.0,1.0,406.936
oe:player:6bc43cc1537fa4ac6295b4899e972cf,Care,FunPlus Phoenix,LPL,Mid,115,2921.548,1424.945,0.584,52.0,0.0,0.0,1.0,-571.914
oe:player:8bac58409e91b96ecd05f6d8f053e07,Ice,Team BDS,LEC,ADC,50,2921.136,1452.368,0.584,60.0,0.0,0.0,1.0,-385.534
oe:player:2042101ac1f6e7741bfe43f3672e6d7,Thomas,Movistar KOI Fénix,LVP SL,Support,53,2918.734,1416.069,0.584,66.0,0.0,0.0,1.0,1147.272
oe:player:412b8c9df04a282450b2d9347c9d4ae,Crack,Nongshim Esports Academy,LCKC,Support,89,2918.704,1422.641,0.584,62.0,0.0,0.0,1.0,13.02
oe:player:9712524dc88851032bd53054f8b49b4,Hena,LYON,LTA N,ADC,33,2918.558,1474.962,0.584,63.0,0.0,0.0,0.633,-389.014
oe:player:5450c7731de19c131ce20ea74933cc2,ISMA,GiantX,LEC,Jungle,63,2915.933,1324.815,0.583,60.0,0.0,0.0,1.0,-390.737
oe:player:7c8d8bf5d11af12d15aad3ce6bf5522,Patch,Beşiktaş Esports,TCL,Support,87,2914.464,1367.959,0.583,62.0,0.0,0.0,1.0,1197.317
oe:player:92b76c3a9967d6322741aa6d2ba4a2b,Ferret,GIANTX Pride,LVP SL,Jungle,75,2912.957,1438.61,0.583,52.0,0.0,0.0,1.0,1141.495
oe:player:211333df928f872c063bce4ef25ea63,Junhao,Ultra Prime,LPL,Jungle,70,2912.067,1452.939,0.582,66.0,0.0,0.0,1.0,-581.396
oe:player:d61d8a0b25028f787123bfff542d305,Guigo,FURIA,LTA S,Top,67,2910.284,1463.778,0.582,61.0,0.0,0.0,1.0,600.23
oe:player:0be01924125adebc1a95bbb09d0c4d1,Starry,Oh My God Academy,LPL,ADC,39,2909.515,1442.273,0.582,60.0,0.0,0.0,0.633,-583.948
oe:player:5000a68e43f946c726a17e1008e230a,Feather,ThunderTalk Gaming,LPL,Support,98,2907.96,1451.256,0.582,56.0,0.0,0.0,1.0,-585.502
oe:player:ec0971fb900874b1c59179d9cd33687,Kaiser,Los Heretics,LVP SL,Support,96,2899.735,1429.003,0.58,60.5,0.0,0.0,1.0,1128.273
oe:player:8df758d3b1cc035e768a9e9937ac322,Booshi,BK ROG Esports,LFL,ADC,85,2894.333,1349.158,0.579,66.5,0.0,0.0,1.0,379.586
oe:player:e42fd90dea956c3986b69209b56ce16,OMON,BK ROG Esports,LFL,Mid,90,2894.175,1433.863,0.579,63.0,0.0,0.0,1.0,379.428
oe:player:80fea0848c57b8e07a79675d41f582c,Castle,Disguised,LTA N,Top,37,2893.292,1493.348,0.579,54.0,0.0,0.0,0.633,-414.28
oe:player:5e1c1cfafed233a25b0621a15629d20,5t5,LNG Esports,LPL,Jungle,5,2891.036,1522.267,0.578,,,,,-602.427
oe:player:099ef5da25e9e7b76e69776eee28f35,Badlulu,GIANTX Pride,LVP SL,Top,75,2888.876,1438.61,0.578,52.5,0.0,0.0,1.0,1117.414
oe:player:97cae9bbdbfe09bafe83c5a7bda0727,Namgung,Gen.G Global Academy,LCKC,Support,123,2886.007,1480.286,0.577,60.0,0.0,0.0,1.0,-19.676
oe:player:10be1f35d8b5ea6babf916a6e7dd8a4,Fleshy,Team Vitality,LFL,Support,52,2883.882,1343.183,0.577,57.5,0.0,0.0,1.0,369.135
oe:player:9191e392e93a6ef011ef76b5b83ee6c,huhi,Disguised,LTA N,Support,37,2882.896,1493.348,0.577,52.5,0.0,0.0,0.633,-424.676
oe:player:08936c56ab5a6453c58974a619651c3,eXyu,Disguised,LTA N,Jungle,37,2877.869,1493.348,0.576,58.0,0.0,0.0,0.633,-429.703
oe:player:b8dd79e4a88047dee0f3bf56dcb37ca,Dorian,Anyone's Legend.Young,INTL_ONLY,Support,4,2870.078,1567.914,0.574,,,,,1363.004
oe:player:99ce2ea4de279c28bb0315848da8a48,Summit,Estral Esports,LTA S,Top,44,2868.877,1425.867,0.574,67.0,0.0,0.0,1.0,558.823
oe:player:6de9a45a1a666afa34d126f9be444c0,Kemish,Gen.G Global Academy,LCKC,Mid,123,2865.464,1480.286,0.573,57.0,0.0,0.0,1.0,-40.219
oe:player:30b18cd72f0d41ae18f14378d2dab48,Climber,LGD Gaming,LPL,Jungle,49,2859.948,1436.254,0.572,59.0,0.0,0.0,1.0,-633.514
oe:player:f02f1c8275084050765b4b6414bdfda,Fudge,Shopify Rebellion,LTA N,Top,63,2857.136,1466.774,0.571,50.0,0.0,0.0,1.0,-450.436
oe:player:4aa496a041ce3b1febfc4887d057f11,sorrow,Bilibili Gaming Junior,LPL,Jungle,11,2854.63,1492.096,0.571,61.0,0.0,0.0,0.295,-638.833
oe:player:1c010180887360e5d6ab967fd93693d,TitaN,paiN Gaming,LTA S,ADC,62,2852.355,1462.416,0.57,68.0,0.0,0.0,1.0,542.301
oe:player:d617210b92fa03e78554883250d432c,Gakgos,FlyQuest,LFL2,Top,36,2851.552,1423.515,0.57,68.0,0.0,0.0,0.633,1783.424
oe:player:3ef7267325e7c72a8ca898504722520,Vertigo,Beşiktaş Esports,LFL,Top,62,2843.552,1371.115,0.569,64.0,0.0,0.0,1.0,328.806
oe:player:e1e74fbe59bd77110d7a7412b400878,Dajor,Berlin International Gaming,PRM,Mid,94,2842.96,1447.369,0.569,62.0,0.0,0.0,1.0,1217.158
oe:player:b0bc58cfe06ee4ee966c77790520a9b,Rosielove,Ultra Prime,LPL,Support,12,2836.626,1487.774,0.567,53.0,0.0,0.0,0.295,-656.837
oe:player:fddde6d256bee26713f64ad9b2a9394,Palafox,Shopify Rebellion,LTA N,Mid,63,2836.098,1466.774,0.567,51.5,0.0,0.0,1.0,-471.473
oe:player:9d361f9d8214252ee571375f9105cb4,frosty,RED Canids,LTA S,Support,63,2833.05,1479.736,0.567,63.0,0.0,0.0,1.0,522.996
oe:player:682e8d130e0e745c66836835cb44cdc,Hanbyeol,Gen.G Global Academy,LCKC,Top,123,2831.892,1480.286,0.566,59.0,0.0,0.0,1.0,-73.792
oe:player:5d531a4cf817202fc25eda63906e797,Comp,Gentle Mates,LFL,ADC,85,2828.094,1440.704,0.566,65.0,0.0,0.0,1.0,313.348
oe:player:3ce68cf813bc34243279fd7fe3cecbb,sheer,FunPlus Phoenix,LPL,Top,115,2826.024,1424.945,0.565,54.0,0.0,0.0,1.0,-667.438
oe:player:3e49e4fa76bc82c6f03a12d50ee0a6e,Winner,Gen.G Global Academy,LCKC,Jungle,123,2824.177,1480.286,0.565,61.0,0.0,0.0,1.0,-81.506
oe:player:4d0ec5fa505ee341aff8b2309356afc,Srtty,LYON,LTA N,Top,37,2821.711,1403.262,0.564,56.0,0.0,0.0,0.633,-485.861
oe:player:7f77fb35ead1b44ec7cb3ebb5a395ac,Baus,Los Ratones,NLC,Top,87,2818.697,1440.648,0.564,63.0,0.0,0.0,1.0,2039.14
oe:player:f9234f74ef6e8ef9657e1d3afec1098,Steller,Team Secret Whales,LCP,Top,12,2816.154,1483.077,0.563,54.0,0.0,0.0,0.295,22.265
oe:player:44189e6dc3089dbf9520de800fa705a,Keduii,SK Gaming,LEC,ADC,40,2816.14,1406.62,0.563,66.0,0.0,0.0,1.0,-490.531
oe:player:e03d0722b6dce835cde3268c08c4f54,Licorice,LYON,LTA N,Top,22,2814.126,1471.85,0.563,58.5,0.0,0.0,0.633,-493.446
oe:player:11b40dd5fcd01f1fca9496859ccd862,Shelfmade,Berlin International Gaming,PRM,Top,94,2807.922,1447.369,0.562,66.0,0.0,0.0,1.0,1182.121
oe:player:a600b912c936aadcc1337cc2a3c928e,Boda,Geekay Esports,AL,Top,82,2806.538,1434.153,0.561,69.0,0.0,0.0,1.0,2671.459
oe:player:404079b4e478ea2a8b57904c640311b,Sheo,Team Heretics,LEC,Jungle,54,2803.328,1457.267,0.561,69.0,0.0,0.0,1.0,-503.342
oe:player:763e7968676df074c9e6d3b5ea1f899,monkaS,Bushido Wildcats,TCL,Support,60,2793.517,1409.329,0.559,70.0,0.0,0.0,1.0,1076.37
oe:player:af07c10f5578a1df16f311eeda3d0d8,Neon,Misa Esports,TCL,ADC,49,2791.556,1360.678,0.558,74.0,0.0,0.0,1.0,1074.409
oe:player:208bf3db5d9673c8c1df1f81f9621d1,Theocacs,Ici Japon Corp. Esport,LFL,Jungle,77,2788.772,1433.924,0.558,67.0,0.0,0.0,1.0,274.025
oe:player:f45792335d83b10581da2f0cbdd6e8e,Saint,LYON,LTA N,Mid,33,2783.826,1474.962,0.557,59.0,0.0,0.0,0.633,-523.745
oe:player:61ea9de879a9b27bb8eddcba7f32f4a,fNb,RED Canids,LTA S,Top,63,2776.947,1479.736,0.555,61.0,0.0,0.0,1.0,466.893
oe:player:aa275f2acb2a0d41940e162947a5855,Bejjaniii,LYON,LTA N,Top,2,2775.75,1553.852,0.555,,,,,-531.822
oe:player:c9441d0e78cf438ef0b372dc74010e3,Calix,Nongshim RedForce,LCK,Mid,102,2772.629,1329.121,0.555,61.0,0.0,0.0,1.0,-1675.447
oe:player:b137ce57a15794ffac86eaeff085326,Boukada,Team BDS,LEC,Jungle,49,2769.311,1339.042,0.554,62.0,0.0,0.0,1.0,-537.36
oe:player:86dbd2fb95030a3ed1efee6808eb125,LIMIT,Berlin International Gaming,PRM,Support,94,2767.439,1447.369,0.553,69.0,0.0,0.0,1.0,1141.637
oe:player:f0d9ba082555d7aac872bc9e43226c2,Kireas,BBL Dark Passage,TCL,Jungle,61,2756.092,1350.258,0.551,81.0,0.0,0.0,1.0,1038.945
oe:player:dfe5b204f04f40a84019af080662259,Jwei,FunPlus Phoenix,LPL,Support,115,2755.346,1424.945,0.551,57.0,0.0,0.0,1.0,-738.117
oe:player:4ff7b91bbc9492e9f96d28dda496653,SeTab,ThunderTalk Gaming,LPL,Mid,98,2746.68,1451.256,0.549,57.0,0.0,0.0,1.0,-746.782
oe:player:bd6a2e6aaeb993fd29f43790265297f,Ucal,DRX Challengers,LCK,Mid,103,2738.452,1336.021,0.548,55.0,0.0,0.0,1.0,-1709.624
oe:player:6daafc30b010acda4ebc20b6785cbc0,Boal,Vivo Keyd Stars,LTA S,Top,54,2732.432,1460.518,0.546,63.0,0.0,0.0,1.0,422.378
oe:player:886e8205ac1b091dbf67dbae83b1544,Tutsz,FURIA,LTA S,Mid,67,2728.419,1463.778,0.546,64.0,0.0,0.0,1.0,418.364
oe:player:de30719c9123426d9db5f1aab86dd3f,Levy,OKSavingsBank BRION Challengers,LCKC,ADC,33,2727.824,1424.795,0.546,63.0,0.0,0.0,0.633,-177.86
oe:player:3faae62fb907ad7cbcf2167beb8b2c7,Aki,ThunderTalk Gaming,LPL,Jungle,98,2727.373,1339.097,0.545,72.0,0.0,0.0,1.0,-766.089
oe:player:5e07433d52dbc7bbc4faaf9492dbd2c,CarioK,paiN Gaming,LTA S,Jungle,62,2719.424,1462.416,0.544,73.0,0.0,0.0,1.0,409.37
oe:player:0b5dc9aff404617f6c944e248062c4a,BEAN,Berlin International Gaming,PRM,ADC,94,2712.258,1447.369,0.542,67.0,0.0,0.0,1.0,1086.456
oe:player:48bef668b5cb10ddc6c3865d460e327,TakeSet,Solary,LFL,ADC,62,2705.978,1445.545,0.541,70.0,0.0,0.0,1.0,191.231
oe:player:87b0ff8e56b0ce96bc0a82ea5dc9a7e,Kuri,paiN Gaming,LTA S,Support,62,2703.17,1462.416,0.541,72.0,0.0,0.0,1.0,393.116
oe:player:8b73af38e98bccab6f86930c75a9450,Trymbi,Vivo Keyd Stars,LTA S,Support,52,2695.592,1456.098,0.539,72.0,0.0,0.0,1.0,385.538
oe:player:6b9f3420febdbc475dd3c1e4e0bcb5e,Nash,Veni Vidi Vici,LVP SL,Support,51,2694.425,1375.917,0.539,69.0,0.0,0.0,1.0,922.963
oe:player:840d0b77e71408d3da84e4f0cae4b73,Wizer,paiN Gaming,LTA S,Top,62,2687.363,1462.416,0.537,68.0,0.0,0.0,1.0,377.309
oe:player:90b5929ccb644ca52c504f4376faad3,Hans SamD,Natus Vincere,LFL,ADC,63,2687.163,1336.581,0.537,80.0,0.0,0.0,1.0,172.416
oe:player:adfab52b74587bc5acc4201c140451a,Eika,Gentle Mates,LFL,Mid,85,2681.213,1440.704,0.536,65.0,0.0,0.0,1.0,166.466
oe:player:75414f3b4f03bf449c319eb75f3dd5b,Kryze,Solary,LFL,Top,62,2675.563,1445.545,0.535,71.0,0.0,0.0,1.0,160.817
oe:player:9db3f170213f562a9613fe4f99d7dfa,Empyros,Gentle Mates,LFL,Top,85,2673.313,1440.704,0.535,66.0,0.0,0.0,1.0,158.566
oe:player:5f048688474a6eacfefd74bd53d8715,Sheiden,Dignitas,LTA N,Jungle,37,2670.813,1480.179,0.534,81.0,0.0,0.0,0.633,-636.759
oe:player:40cd014b7b6251e3a22e6a45a73a64e,Execute,Rogue,LEC,Support,27,2667.517,1448.137,0.534,70.0,0.0,0.0,0.633,-639.153
oe:player:166969943c4ca12527dd5449aab5e8e,Brance,RED Canids,LTA S,ADC,28,2664.911,1476.869,0.533,79.0,0.0,0.0,0.633,354.857
oe:player:6ad53ca055b82d5e23b83df6093df11,Niket,Ninjas in Pyjamas,LPL,Support,61,2662.16,1390.593,0.532,59.0,0.0,0.0,1.0,-831.302
oe:player:978c38ad839a85b4bdc8d3cd5e2c560,zynts,RED Academy,CD,Top,47,2659.607,1654.787,0.532,93.5,0.0,0.0,1.0,1757.363
oe:player:6ff2cdf6d41f39c79d6ff057f6ffb99,Erdote,Gentle Mates,LFL,Support,85,2658.906,1440.704,0.532,71.0,0.0,0.0,1.0,144.159
oe:player:94e552221e552e3ebaaeefff76fd6ea,Gori,ULF Esports,TCL,Mid,65,2656.473,1409.807,0.531,73.0,0.0,0.0,1.0,939.326
oe:player:2cec4b6803b4678250233ae79205f2e,1Jiang,Ultra Prime,LPL,Top,70,2654.888,1452.939,0.531,65.0,0.0,0.0,1.0,-838.574
oe:player:5788fbc5ff334175ec2eccae6f0ed81,Bible,Dplus KIA Challengers,LCKC,Support,6,2646.119,1536.775,0.529,,,,,-259.564
oe:player:da42b9f18367dc6c30476ec117c29de,Saber,Ultra Prime,LPL,Mid,70,2639.716,1452.939,0.528,65.0,0.0,0.0,1.0,-853.746
oe:player:550fa477eff3885416f22c0b3f2fc88,Time,Movistar KOI Fénix,LVP SL,Jungle,53,2639.169,1416.069,0.528,74.0,0.0,0.0,1.0,867.707
oe:player:657f1228bb53523274ae58bcd123ae8,Decay,Solary,LFL,Mid,62,2631.36,1445.545,0.526,68.0,0.0,0.0,1.0,116.613
oe:player:e0b008815ab05c5cdaf4d46ab61ff63,Vizicsacsi,NORD Esports,NLC,Top,60,2624.001,1401.94,0.525,77.0,0.0,0.0,1.0,1844.444
oe:player:6c2d19f781192a84726e07f68a531b6,Markoon,Solary,LFL,Jungle,62,2623.851,1445.545,0.525,75.0,0.0,0.0,1.0,109.104
oe:player:717bb4d71a2dab54e7020b1a8fde420,Flakked,Team Heretics,LEC,ADC,54,2609.708,1457.267,0.522,71.0,0.0,0.0,1.0,-696.963
oe:player:35650a63e482edbdb82b6950955e052,Lucky,CGN Esports,PRM,Support,59,2599.543,1408.1,0.52,78.0,0.0,0.0,1.0,973.741
oe:player:1c3f29080dd3dd4f666adbd6448cef4,Pungyeon,DN Freecs Challengers,LCKC,Mid,126,2598.463,1381.063,0.52,61.0,0.0,0.0,1.0,-307.221
oe:player:75019a36fdf85666fbd9396ae4fc7ec,Kratos,MGN Vikings Esports,LCP,Top,25,2597.752,1449.194,0.52,69.0,0.0,0.0,0.633,-196.137
oe:player:8bad2b6e61622bd2fa9462db0a2b877,Yukino,Karmine Corp Blue,LFL,Jungle,76,2595.468,1353.559,0.519,70.0,0.0,0.0,1.0,80.721
oe:player:2cbf592923f34b2e6acc4b747385c8a,Gryffinn,LOUD,LTA S,Jungle,19,2591.226,1517.779,0.518,78.0,0.0,0.0,0.295,281.172
oe:player:e6f5a7e37185c25a363d031ef5eafa9,Giyuu,Geekay Esports,AL,Mid,82,2590.592,1434.153,0.518,68.0,0.0,0.0,1.0,2455.513
oe:player:0ce788d020173e8e2e683515c31efda,micaO,Cusprills,CD,ADC,30,2587.879,1582.17,0.518,102.0,0.0,0.0,0.633,1685.634
oe:player:41672e17bc1f86dc5d93955c031d2a9,Stend,Team Heretics,LEC,Support,54,2585.101,1457.267,0.517,70.0,0.0,0.0,1.0,-721.569
oe:player:d47955c8bc06bf316f24ee15d45407b,Aetinoth,GIANTX Pride,LVP SL,ADC,67,2581.695,1415.557,0.516,69.0,0.0,0.0,1.0,810.233
oe:player:fd0a05e90aefc83ac69d3352b0f0be6,xyno,Vivo Keyd Stars Academy,CD,Top,56,2575.704,1608.562,0.515,97.0,0.0,0.0,1.0,1673.459
oe:player:3c93fcbfb525315f6412904e5b9abbd,Tangyuan,Royal Never Give Up,LPL,Mid,31,2575.066,1466.707,0.515,64.0,0.0,0.0,0.633,-918.397
oe:player:247cede38bc224fc82ea98ca18ddacf,Eckas,Geekay Esports,LVP SL,Jungle,46,2570.055,1412.427,0.514,73.0,0.0,0.0,1.0,798.593
oe:player:8bc5c92cfeab0c2f650afbfcbff035c,EasyLove,GAM Esports,LCP,ADC,1,2566.889,1564.605,0.513,,,,,-227.0
oe:player:5afac30dcb88b92670b60509f3139a7,Mersa,Solary,LFL,Support,62,2565.243,1445.545,0.513,77.0,0.0,0.0,1.0,50.496
oe:player:9405c3aff9112c3c60d03b94792877d,Route,LOUD,LTA S,ADC,57,2558.565,1469.19,0.512,72.0,0.0,0.0,1.0,248.511
name:Shogun,Shogun,MGN Vikings Esports,LCP,ADC,1,2551.073,1562.908,0.51,,,,,-242.816
oe:player:5fa6eac8bedeed60a83f154d9538ee1,Carlsen,Team Heretics,LEC,Top,54,2550.734,1457.267,0.51,69.0,0.0,0.0,1.0,-755.937
name:SUP Cako,SUP Cako,Papara SuperMassive,TCL,ADC,1,2548.914,1543.317,0.51,,,,,831.767
oe:player:7fdedd3126915607d5c8f42f8239253,Pleata,DRX Challengers,LCKC,Support,112,2544.966,1397.652,0.509,68.0,0.0,0.0,1.0,-360.717
oe:player:060e16e1c91434827c294bac52e8b47,Zicssi,Gentle Mates,LFL,Jungle,85,2541.822,1440.704,0.508,74.0,0.0,0.0,1.0,27.075
oe:player:007be3acd5669d100711b13d79e2336,Sniper,100 Thieves,LTA N,Top,37,2525.134,1438.719,0.505,71.0,0.0,0.0,0.633,-782.437
oe:player:4e0ee55680fa265c49e158f85e26650,Poby,Fnatic,LCKC,Mid,105,2512.764,1309.257,0.503,64.0,0.0,0.0,1.0,-392.92
oe:player:31b62cc3cf89d670fdef677faed2789,milkyway,FunPlus Phoenix,LPL,Jungle,40,2511.262,1427.461,0.502,74.0,0.0,0.0,1.0,-982.2
oe:player:a66db93c9f417a2500c24e689ba0ccc,cody,Estral Esports,LTA S,Mid,43,2506.683,1429.296,0.501,72.0,0.0,0.0,1.0,196.629
oe:player:1dad889ff236635dc1e03d02312e79c,Patrik,Rogue,LEC,ADC,29,2498.168,1446.214,0.5,77.0,0.0,0.0,0.633,-808.502
oe:player:18a70ca6e551b080cf886828cc18394,Sharvel,Dplus KIA Challengers,LCKC,Jungle,96,2472.32,1475.277,0.494,77.0,0.0,0.0,1.0,-433.364
oe:player:dc5164650a00726c93f1f9d766d8b33,Milkshake,A One Man Army Prime,PRM,Jungle,9,2441.628,1513.078,0.488,,,,,815.827
oe:player:ba2664f94e92e7e9e06fe8582b1f4ec,Chasy,ULF Esports,TCL,Top,65,2440.206,1409.807,0.488,79.0,0.0,0.0,1.0,723.06
oe:player:3e68fd564e4e518b8aed89b9a0bf855,Pyrka,Ramboot Club,LVP SL,Support,15,2437.427,1477.896,0.487,83.0,0.0,0.0,0.295,665.965
oe:player:c71563c4ae48cc1bbd2e7913366cdf7,SLT,Verdant,NLC,Top,35,2411.433,1444.369,0.482,89.0,0.0,0.0,0.633,1631.876
oe:player:443b8e6205a0c76a3e6a2eed788215e,Lens,Beşiktaş Esports,TCL,ADC,32,2396.03,1400.533,0.479,86.0,0.0,0.0,0.633,678.883
oe:player:11dd44ac5921ecf53491b3e6128842d,Spooder,Team Phantasma,LVP SL,Top,45,2391.163,1396.152,0.478,76.0,0.0,0.0,1.0,619.701
oe:player:f6d8ec0afe458e19c057c1407d7da27,Aress,GAM Esports,LCP,Mid,51,2380.387,1406.757,0.476,73.0,0.0,0.0,1.0,-413.502
oe:player:4817d93e8f26002377aec42233b3fc2,Jezu,Galions,LFL,ADC,40,2377.528,1397.086,0.476,80.0,0.0,0.0,1.0,-137.219
oe:player:36d61387b87cbabd4c833a490f25a55,Ryuk,Lille Esport,LFL2,ADC,18,2372.349,1501.469,0.474,93.0,0.0,0.0,0.295,1304.222
oe:player:d971df9441d60af93a87545e6a8f884,JiaQi,FunPlus Phoenix,LPL,ADC,68,2368.769,1370.919,0.474,77.0,0.0,0.0,1.0,-1124.693
oe:player:f89b14820da11d8679cfd07da552ca5,uZent,RED Academy,CD,Support,47,2362.486,1654.787,0.472,97.0,0.0,0.0,1.0,1460.241
oe:player:96da046ebab4cac9bcba2c9afd85999,Closer,Misa Esports,TCL,Jungle,39,2355.244,1373.549,0.471,95.0,0.0,0.0,0.633,638.098
oe:player:31edd1e8359d849e250b854826b8c38,Cypher,T1 Esports Academy,LCKC,ADC,18,2352.501,1473.787,0.47,79.0,0.0,0.0,0.295,-553.182
oe:player:ec596621f8c01e1b79c177346b4a158,NuQ,BBL Dark Passage,TCL,Top,69,2349.678,1389.728,0.47,84.0,0.0,0.0,1.0,632.531
oe:player:a177d116efe77552eb3068675c777f2,Scorth,Bushido Wildcats,TCL,ADC,62,2347.831,1405.627,0.47,82.0,0.0,0.0,1.0,630.685
oe:player:5a9b28e52146b85da89390b977174e4,Hran,Anyone's Legend.Young,INTL_ONLY,ADC,6,2347.737,1549.516,0.47,,,,,840.662
oe:player:db0cbdc72184ad44ab905be61fc0756,Kofte,Bushido Wildcats,TCL,Mid,63,2341.614,1374.113,0.468,76.0,0.0,0.0,1.0,624.467
oe:player:548c202cb10f10cf77a2f0b645dbaeb,SaintSamson,Lundqvist Lightside,NLC,Top,14,2341.585,1490.292,0.468,100.0,0.0,0.0,0.295,1562.027
oe:player:aa645186a4b5f3f27952c2fa5485fab,Reptile,CGN Esports,PRM,ADC,53,2341.015,1433.859,0.468,83.0,0.0,0.0,1.0,715.213
oe:player:5a804d07122e4fee39975c8097146f4,Violet,Chiefs Esports Club,LCP,ADC,18,2340.438,1494.591,0.468,85.0,0.0,0.0,0.295,-453.451
oe:player:a5a630a5d4f0d3151f3c98d2d98834b,Telas,Alpha7 Esports,CD,Support,39,2328.11,1598.407,0.466,111.0,0.0,0.0,0.633,1425.865
oe:player:3e1b1e0f9c925b2f504d78f3bd5da22,D4nKa,Verdant,PRM,Jungle,59,2327.673,1389.096,0.466,80.0,0.0,0.0,1.0,701.872
name:NOGL Marc,NOGL Marc,Nocturne Gale,LVP SL,ADC,3,2324.184,1525.07,0.465,,,,,552.722
oe:player:a1cd4e9b2265b1a11ea157ccc74b1e5,UNF0RGIVEN,Geekay Esports,LVP SL,ADC,46,2319.264,1412.427,0.464,75.5,0.0,0.0,1.0,547.803
oe:player:32ddd24ac02f57871c631c66265d2f6,HongSuo,Deep Cross Gaming,PCS,Mid,92,2315.095,1460.822,0.463,92.0,0.0,0.0,1.0,2402.466
oe:player:e6f8300f45b071d113356fc27cedf4c,Rayito,Veni Vidi Vici,LVP SL,ADC,59,2314.944,1381.102,0.463,72.0,0.0,0.0,1.0,543.482
oe:player:92f0831b560a15d8be3be25275adb08,Heng,Oh My God,LPL,Jungle,26,2313.495,1475.288,0.463,79.5,0.0,0.0,0.633,-1179.968
oe:player:3d6241a697bf77c402bad659fb172ab,Wiz,KaBuM! Ilha das Lendas,CD,Jungle,50,2305.725,1502.528,0.461,114.5,0.0,0.0,1.0,1403.48
oe:player:49c627c099821a2894c6c4dfd9274b3,Kangin,Hanwha Life Esports Challengers,LCKC,Top,101,2303.342,1328.264,0.461,78.0,0.0,0.0,1.0,-602.341
oe:player:3085815ef497539cb1d93b3c9a16624,Robo,LOUD,LTA S,Top,57,2301.672,1469.19,0.46,75.0,0.0,0.0,1.0,-8.382
oe:player:52b4f060a577ff87c99118d97fa75f4,Josedeodo,Isurus,LTA S,Jungle,51,2298.283,1474.097,0.46,90.0,0.0,0.0,1.0,-11.772
oe:player:71b8101d78beb04a089caa90a8d9310,Jeskla,Kaufland Hangry Knights,PRM,ADC,65,2293.996,1421.353,0.459,87.0,0.0,0.0,1.0,668.194
oe:player:e9df36f0c0ce44566f124524d7d904a,Carim,Nongshim Esports Academy,LCKC,Jungle,11,2293.529,1506.921,0.459,82.0,0.0,0.0,0.295,-612.155
oe:player:5ee64eb3feb02e60832a2265db54f71,FIESTA,Papara SuperMassive,TCL,Mid,50,2289.637,1424.888,0.458,80.0,0.0,0.0,1.0,572.491
oe:player:39b7c8fcabea217972326ec1f441b0a,Lonely,OKSavingsBank BRION Challengers,LCKC,Top,25,2289.604,1456.019,0.458,72.5,0.0,0.0,0.633,-616.079
oe:player:8a391c2d095a4e0b79ed197436af6c7,Peppe,Team Phantasma,HLL,Mid,82,2287.552,1418.508,0.458,92.0,0.0,0.0,1.0,2468.591
oe:player:14ab5f52ef3268bfc818e12fda4e226,zorenous,Chiefs Esports Club,LCP,Top,4,2283.159,1544.872,0.457,,,,,-510.73
oe:player:ae770d2c942cee6dbcfbd1832015231,tinowns,LOUD,LTA S,Mid,38,2268.837,1458.2,0.454,84.0,0.0,0.0,0.633,-41.217
oe:player:5f76f198cbbf171d85c94220ba63eaf,xKenzuke,Esprit Shōnen,LFL2,Mid,76,2265.567,1466.236,0.453,76.0,0.0,0.0,1.0,1197.44
oe:player:fe0a7153311e56ac66bc9ae1f05ae58,Yukina,Top Esports Challenger,INTL_ONLY,Support,4,2263.712,1580.834,0.453,,,,,756.637
oe:player:728ce343a6718cfdd5d223c971cc2fd,Kamiloo,Team Heretics,LEC,Mid,54,2257.379,1457.267,0.451,71.0,0.0,0.0,1.0,-1049.291
oe:player:ee14d783c6bc1ce855d5fdf2c7f349f,Mxe,Esprit Shōnen,TCL,Support,68,2254.809,1339.141,0.451,84.0,0.0,0.0,1.0,537.663
oe:player:af212f8ed0d70dc817166b06b794b59,Beluga,Team WE Academy,INTL_ONLY,Top,7,2250.707,1547.955,0.45,,,,,743.632
oe:player:32cab682c95fbe9ec1b4b6be61f235e,Yanxiang,Team WE Academy,INTL_ONLY,Jungle,7,2249.404,1547.955,0.45,,,,,742.329
oe:player:2d2b174e23f40f5ea3a0c4151349ca3,Armut,Papara SuperMassive,TCL,Top,68,2247.556,1419.882,0.45,88.0,0.0,0.0,1.0,530.409
oe:player:682275c2ba204d32b67f5fa94b928e4,Skeanz,SK Gaming,TCL,Jungle,59,2246.86,1368.919,0.449,87.0,0.0,0.0,1.0,529.713
oe:player:cd521f662fbbec89f03a900e7d9bb63,Mafro,IziDream,LFL2,Jungle,44,2242.633,1409.692,0.449,82.0,0.0,0.0,1.0,1174.505
oe:player:5b4d15f5fc900a9f1a7d51c9cfc3424,chips,LGD Gaming Young Team,INTL_ONLY,ADC,9,2239.108,1542.248,0.448,,,,,732.033
oe:player:2c356e2803d68c33c11e65496fff9bd,Baiye,Ultra Prime,LPL,ADC,31,2235.682,1442.555,0.447,80.0,0.0,0.0,0.633,-1257.781
oe:player:325397710b4294aeb7a18881c34f33b,Six10,TeamOrangeGaming,PRM,Mid,72,2230.961,1455.393,0.446,84.5,0.0,0.0,1.0,605.159
oe:player:99f0996e8f487ec0633f1920bd4631d,Shini,Cusprills,LTA S,Jungle,41,2230.611,1411.675,0.446,92.0,0.0,0.0,1.0,-79.444
oe:player:65ed20b21e2993fb00dbd21a2fd991b,Zika,LNG Esports,LPL,Top,50,2223.843,1439.344,0.445,80.0,0.0,0.0,1.0,-1269.62
oe:player:40704dfd2d966862568d29770de57bd,Isles,Dignitas,LTA N,Support,39,2223.594,1481.42,0.445,84.0,0.0,0.0,0.633,-1083.978
oe:player:e0d8a0e1bd9f784fd175ff76b72102f,NoWay,NORD Esports,NLC,Mid,38,2216.618,1416.429,0.443,92.0,0.0,0.0,0.633,1437.06
oe:player:1d1600d15a68ab1a80348ee748ea1e3,scamber,Vivo Keyd Stars Academy,CD,Support,58,2216.513,1592.682,0.443,100.0,0.0,0.0,1.0,1314.268
oe:player:dda950e6954035ff3f38b14ef7acc26,Lucy,Nongshim Esports Academy,LCKC,ADC,13,2212.786,1513.197,0.443,86.0,0.0,0.0,0.295,-692.898
oe:player:8784bcdcfb37672c12481c037ad8db4,Ruep,Beşiktaş Esports,TCL,ADC,63,2210.806,1408.729,0.442,94.0,0.0,0.0,1.0,493.659
oe:player:0759744df4c20c4cfc29aae76120c44,Phantasm,CGN Esports,PRM,Mid,55,2209.307,1428.985,0.442,85.0,0.0,0.0,1.0,583.506
oe:player:64ecd619b953ca23acb0546a472c483,Tore,Verdant,NLC,Support,21,2196.097,1493.387,0.439,94.0,0.0,0.0,0.633,1416.54
oe:player:f886838ee1808c2f217208267a829ce,haichao,LNG Esports,LPL,Mid,50,2194.848,1439.344,0.439,80.0,0.0,0.0,1.0,-1298.614
oe:player:6606138426fa9bbef349c96b4afbc77,Czekolad,Barça eSports,LVP SL,Mid,104,2188.977,1442.648,0.438,83.0,0.0,0.0,1.0,417.515
oe:player:6da1532ab8cdaa4a9913cd232266426,TENG,Team WE Academy,INTL_ONLY,Support,7,2187.968,1547.955,0.438,,,,,680.893
oe:player:48214ce48e2b8ba2391244084ddd226,Manaty,Team Phantasma,HLL,Jungle,87,2184.893,1436.018,0.437,99.0,0.0,0.0,1.0,2365.933
oe:player:8e422c119fcc0bdb1e78777d4febaaf,Thien,Ramboot Club,LVP SL,Top,14,2176.571,1492.952,0.435,84.0,0.0,0.0,0.295,405.109
oe:player:bf95f0a99dd7be89d7867d0d9f961ce,Coldraa,Ramboot Club,LVP SL,ADC,15,2166.047,1477.896,0.433,93.0,0.0,0.0,0.295,394.585
oe:player:1c42d9266c8b391c7870b7a39f25a12,Photic,LNG Esports,LPL,ADC,16,2158.084,1480.844,0.432,88.0,0.0,0.0,0.295,-1335.378
oe:player:9ea5afea85321b13df74acb62bfb530,Fun K3y,ROSSMANN Centaurs,PRM,ADC,43,2155.699,1394.424,0.431,94.0,0.0,0.0,1.0,529.897
oe:player:76c156cf4aaf3bdeba0e8156184ac95,Infoneral,TeamOrangeGaming,PRM,Support,72,2154.651,1455.393,0.431,89.0,0.0,0.0,1.0,528.849
oe:player:3ace2e5d36ad46eb2aec2ad1c43d3c5,Rabelo,RED Canids,CD,ADC,63,2151.411,1587.483,0.43,105.5,0.0,0.0,1.0,1249.167
oe:player:2e39f77d41c8deb6a891c30cf378383,Deadly,Joblife,LFL,ADC,48,2145.337,1449.595,0.429,94.0,0.0,0.0,1.0,-369.41
oe:player:be8b22a996d96c1d6234ff84d64df87,Mio7,LGD Gaming Young Team,INTL_ONLY,Top,9,2144.173,1542.248,0.429,,,,,637.099
oe:player:95496721c429ee19a2a9bd9c4321e95,Qats,Vivo Keyd Stars Academy,CD,Mid,56,2140.26,1608.562,0.428,106.0,0.0,0.0,1.0,1238.015
oe:player:6378658dafc3eeb902fa2e52f909172,Tomo,Dignitas,LTA N,ADC,39,2140.089,1481.42,0.428,92.0,0.0,0.0,0.633,-1167.483
oe:player:f7d8c1fd03b11c456966e4f1ee056f1,Skyy,SDM Tigres,LRN,Mid,45,2134.95,1612.899,0.427,99.0,0.0,0.0,1.0,2259.231
oe:player:3e6a33c44716bae499ef0111a7e60d4,JACTROLL,Zero Tenacity,RL,Support,80,2132.927,1414.689,0.427,90.0,0.0,0.0,1.0,1491.249
oe:player:702efc23873d774e479682ef680d911,Cboi,TeamOrangeGaming,PRM,Jungle,72,2130.549,1455.393,0.426,92.0,0.0,0.0,1.0,504.748
oe:player:407b2b8fcb2fd977fc766d5df3f4dff,Hery,Oh My God,LPL,Top,32,2128.937,1473.425,0.426,78.0,0.0,0.0,0.633,-1364.525
oe:player:0b73817b6d353252df2bbe48993b983,Mishi,Team BDS Academy,LFL,ADC,62,2128.131,1409.152,0.426,94.0,0.0,0.0,1.0,-386.616
oe:player:e35edef8a2cb6212af8fe231b48ea5e,Whynot,Chiefs Esports Club,LCP,Jungle,14,2125.981,1528.455,0.425,92.0,0.0,0.0,0.295,-667.908
oe:player:5b91639213b0f7791c49ba852e4bee5,CRoNiiK,Esprit Shōnen,LFL2,Jungle,76,2120.521,1466.236,0.424,86.0,0.0,0.0,1.0,1052.394
oe:player:5aea7cdf0f3349ac62a04335ec1c918,Ivory,Beşiktaş Esports,TCL,Mid,61,2116.45,1405.307,0.423,89.0,0.0,0.0,1.0,399.304
oe:player:b616375c060208f8988c4aa13a23c18,Miniduke,Veni Vidi Vici,LVP SL,Mid,35,2116.178,1442.806,0.423,83.0,0.0,0.0,0.633,344.716
oe:player:480168c20218f1b2e9b34785a3baf27,WhiteKnight,Barça eSports,LVP SL,Top,104,2113.888,1442.648,0.423,86.0,0.0,0.0,1.0,342.426
oe:player:e54bbd7c6dd5290a1cd0f70ad2653c5,Vaynedeta,Team Phantasma,PRM,ADC,63,2109.731,1395.628,0.422,96.0,0.0,0.0,1.0,483.929
oe:player:7e33124e33721ef8f70d2dd843b57da,ESCIK,UCAM Esports,LVP SL,Mid,52,2109.536,1441.12,0.422,85.0,0.0,0.0,1.0,338.074
oe:player:1b26a8bba6e841f1c375b283db5c1c6,Keine,Dignitas,LTA N,Mid,39,2108.483,1481.42,0.422,84.5,0.0,0.0,0.633,-1199.089
oe:player:5c10d4fc029a04de654a59d8078b913,sarolu,Vivo Keyd Stars Academy,CD,Jungle,56,2106.81,1608.562,0.421,109.0,0.0,0.0,1.0,1204.566
oe:player:3dbe8ecf9c97fc12b28ad199bdb5f82,Baut,BBL Dark Passage,TCL,Support,22,2103.263,1498.494,0.421,97.0,0.0,0.0,0.633,386.117
oe:player:341e10748bb6d388250fd1f013e45a4,DnDn,SK Gaming,TCL,Top,45,2102.829,1388.758,0.421,99.0,0.0,0.0,1.0,385.682
oe:player:b60c58d66830908d772cc23c0c5f40d,Forslund,B2U,NLC,Mid,4,2101.214,1540.34,0.42,,,,,1321.657
oe:player:b8d0c78f3ecdcf7ca398a77dc8ef5af,iyy,FunPlus Phoenix,LPL,Jungle,18,2100.934,1458.065,0.42,84.0,0.0,0.0,0.295,-1392.529
oe:player:b367a6a2356349c54921db251130f91,Relaxing,Team WE Academy,INTL_ONLY,ADC,7,2082.883,1547.955,0.417,,,,,575.809
oe:player:97e179ee675d0c4345bcd64089d2218,sinian,Team WE Academy,INTL_ONLY,Mid,7,2080.72,1547.955,0.416,,,,,573.645
oe:player:70f5707f98c95d123141c4e09fbc6ad,Mimosa,EDG Youth Team,INTL_ONLY,Mid,5,2073.52,1561.315,0.415,,,,,566.445
oe:player:57da8dfcfbdb4e5b019fe93003db1c4,Weiwei,LNG Esports,LPL,Jungle,16,2073.214,1480.844,0.415,88.0,0.0,0.0,0.295,-1420.249
oe:player:ae20b1872a922cdc5b8707fbe66c4f0,Twiizt,Joblife,LFL,Support,48,2070.598,1449.595,0.414,93.0,0.0,0.0,1.0,-444.149
oe:player:40767632779d7557c33f7095e29ff42,Don Ponk,LEO,NLC,Support,16,2069.385,1483.509,0.414,110.0,0.0,0.0,0.295,1289.828
oe:player:e069ed7135e8a018823429510a1f8c1,DDahyuk,OKSavingsBank BRION Challengers,LCKC,Top,55,2067.51,1408.927,0.414,91.0,0.0,0.0,1.0,-838.173
oe:player:548dda36c259bbd2fcc1d8e7e8f852e,Smurfe,TeamOrangeGaming,PRM,Top,72,2060.443,1455.393,0.412,93.0,0.0,0.0,1.0,434.641
oe:player:87e40b7c555a6fc67b899be632d037f,RAMES,Joblife,LFL,Jungle,48,2059.358,1449.595,0.412,93.0,0.0,0.0,1.0,-455.389
oe:player:3a3cf889f1996110ab52915425d60b5,xMatty,NORD Esports,NLC,ADC,20,2058.608,1470.026,0.412,116.0,0.0,0.0,0.633,1279.05
oe:player:ad173d59265cf2cbe796b2af2554da3,Citrus,DetonatioN FocusMe,LCP,Jungle,32,2052.67,1405.042,0.411,90.5,0.0,0.0,0.633,-741.219
oe:player:ea72bf2370a98f2a72dac7468c0fe1e,Potent,Esprit Shōnen,LFL2,Top,76,2051.621,1466.236,0.41,85.0,0.0,0.0,1.0,983.494
oe:player:821b8540f3adc05a30edd06f1d877e6,whiteinn,Barça eSports,LVP SL,Support,104,2045.82,1442.648,0.409,86.0,0.0,0.0,1.0,274.358
oe:player:127d6ec83484da3c8b39b70c70f1226,dyNquedo,paiN Gaming,LTA S,Mid,12,2044.358,1492.178,0.409,93.0,0.0,0.0,0.295,-265.696
oe:player:ca5b2a166b112de94b9e0847afb2f21,seaz,Unicorns of Love Sexy Edition,PRM,Support,72,2040.064,1453.153,0.408,97.0,0.0,0.0,1.0,414.262
oe:player:efd1b76f52f29c9252d5375eea2b594,Namiru,7REX,CD,Mid,10,2038.326,1623.856,0.408,134.0,0.0,0.0,0.295,1136.081
oe:player:bbd0c34fcf8166e45f1161815fefccf,Wayne,Dplus KIA Challengers,LCKC,ADC,96,2035.487,1475.277,0.407,83.0,0.0,0.0,1.0,-870.196
oe:player:ad7f6524ea17c960723b182e0a0c77a,Vasco,Zero Tenacity,RL,Mid,88,2027.432,1433.725,0.405,89.0,0.0,0.0,1.0,1385.755
oe:player:908c792446114d05c94f99e6564d9ba,Avarice,Project Conquerors,LFL2,ADC,74,2027.043,1479.728,0.405,99.0,0.0,0.0,1.0,958.916
oe:player:ff6c5b87a2bc268f87e82a469457eae,cc,LGD Gaming Young Team,INTL_ONLY,Jungle,9,2022.292,1542.248,0.404,,,,,515.217
oe:player:d51674883fd227c219c9a1fc7da7db4,Kisee,Vivo Keyd Stars Academy,LTA S,Mid,56,2014.929,1388.484,0.403,93.0,0.0,0.0,1.0,-295.125
oe:player:6cb75f242bca4309e2f942a4895805f,SCARY,Leviatan,LTA S,Jungle,40,2013.363,1474.923,0.403,97.0,0.0,0.0,1.0,-296.691
oe:player:4e07c3a412cda9ddf875cc14c65efc4,Courage,Fukuoka SoftBank HAWKS gaming,LCP,Jungle,36,2007.042,1454.53,0.401,91.0,0.0,0.0,0.633,-786.847
oe:player:694ee794a9d3a8c3fbd658becb89769,zamulek,StormMedia Fajnie Mieć Skład,RL,ADC,90,1999.515,1442.832,0.4,98.0,0.0,0.0,1.0,1357.837
oe:player:7b0aeb1bb297b0d44629e94186bcb6a,Nafkelah,Caldya Esport,LFL2,Mid,63,1995.665,1491.925,0.399,99.0,0.0,0.0,1.0,927.538
oe:player:3068654a4082275bbc00789650d1954,Xagog,ROSSMANN Centaurs,PRM,Jungle,82,1989.385,1432.687,0.398,94.0,0.0,0.0,1.0,363.583
oe:player:b5654a6598ed174f4451f5e5dcfb118,Kozi,Zero Tenacity,RL,Top,93,1988.912,1441.96,0.398,90.0,0.0,0.0,1.0,1347.234
oe:player:388f53a1853c83dd27e09b4d8f80e3c,FlickeR,Geekay Esports,AL,ADC,49,1982.099,1357.579,0.396,111.0,0.0,0.0,1.0,1847.02
oe:player:0015d99e65183977a9e65547b37f1cb,Harp,DetonatioN FocusMe,LCP,Support,53,1978.776,1468.65,0.396,92.0,0.0,0.0,1.0,-815.113
oe:player:68b69d02b573e1267bc72c502debfa7,Ninefog,LGD Gaming Young Team,INTL_ONLY,Mid,9,1976.494,1542.248,0.395,,,,,469.419
oe:player:cc00384e754d3b4db840275587813eb,Yohan,Fukuoka SoftBank HAWKS gaming,LCP,Jungle,18,1973.719,1475.957,0.395,97.0,0.0,0.0,0.295,-820.17
oe:player:1ae1c39b7773b80a025efd99de69007,Secrett,Forsaken,RL,Mid,88,1972.202,1382.684,0.394,94.0,0.0,0.0,1.0,1330.524
oe:player:0c041d02ab7138f57164fafbc091b2d,RedBert,LOUD,LTA S,Support,45,1971.112,1458.667,0.394,87.0,0.0,0.0,1.0,-338.942
oe:player:1b20b8ba37a25e699096e74abba1664,Diplex,Joblife,LFL,Mid,48,1968.894,1449.595,0.394,93.0,0.0,0.0,1.0,-545.853
oe:player:a02a243c98fb6794c2a303c5014567f,Carry,Papara SuperMassive,TCL,Support,68,1964.424,1419.882,0.393,96.0,0.0,0.0,1.0,247.278
oe:player:1dd1c5fb7f25cd41b291d43a89e3aef,Today,LGD Gaming Young Team,INTL_ONLY,Support,9,1963.831,1542.248,0.393,,,,,456.756
oe:player:2096ff50c6496d70e4b39793390c9ce,Sencux,Verdant,NLC,Mid,59,1962.005,1386.996,0.392,95.0,0.0,0.0,1.0,1182.448
oe:player:147a53ba717927e418ef4c86d4c9c18,Smiley,Vivo Keyd Stars Academy,CD,ADC,33,1959.458,1523.195,0.392,135.0,0.0,0.0,0.633,1057.213
oe:player:a7b756e008bfcb7148cdb51f886c3fa,Sinmivak,UCAM Esports,LVP SL,Top,52,1956.594,1441.12,0.391,87.5,0.0,0.0,1.0,185.132
oe:player:78b6c1cd9f90d2560525966c76d8d39,Osman123,Papara SuperMassive,TCL,Jungle,48,1954.803,1392.779,0.391,102.0,0.0,0.0,1.0,237.657
oe:player:08904f9c78637b75c0de4d1734f318c,Wildenbruch,ROSSMANN Centaurs,PRM,Support,82,1953.41,1432.687,0.391,94.0,0.0,0.0,1.0,327.608
oe:player:c1ddab75d1d921ffed44398c4188d60,BioPanther,Chiefs Esports Club,LCP,Top,43,1953.088,1466.467,0.391,97.0,0.0,0.0,1.0,-840.801
oe:player:28c63fa3372e3ea966da602ca9137b6,RoyalKanin,ROSSMANN Centaurs,PRM,Mid,82,1951.659,1432.687,0.39,93.0,0.0,0.0,1.0,325.857
oe:player:c905c5ad44f322dc6e89a3d6c429b7a,Xay,IziDream,LFL2,ADC,25,1951.635,1483.715,0.39,101.0,0.0,0.0,0.633,883.507
oe:player:778c6c3733d919a3b64885912be15a9,Aegis,Los Grandes,LTA S,Jungle,35,1951.138,1417.468,0.39,104.0,0.0,0.0,0.633,-358.916
oe:player:f52533de1cc92487ab58b973cd2490e,ZUIAN,Top Esports Challenger,INTL_ONLY,Top,8,1948.405,1548.161,0.39,,,,,441.33
oe:player:1428134d4ece3f00321b6b870ca2152,Roison,eSuba,RL,Mid,82,1947.403,1374.93,0.389,88.0,0.0,0.0,1.0,1305.726
oe:player:4ce301981ee6788cecbd7cf571737d9,Lime,Anyone's Legend.Young,INTL_ONLY,Mid,11,1944.626,1524.277,0.389,106.0,0.0,0.0,0.295,437.551
oe:player:25830b0a74895498c16de08b74478c2,M G,Los Grandes,CD,Mid,43,1941.93,1605.614,0.388,121.0,0.0,0.0,1.0,1039.685
oe:player:7676c3dbf9486cb34da6e1c94d09b70,Aomine,Saigon Dino,VCS,ADC,43,1938.715,1538.567,0.388,106.0,0.0,0.0,1.0,2306.734
oe:player:1a38c55db5f8af06ebac94d8530ff71,Avra,Esprit Shōnen,LFL2,ADC,49,1938.115,1383.414,0.388,83.0,0.0,0.0,1.0,869.988
oe:player:219d2d945cfbd391d0ade5e352a1bc5,ceo,Leviatan,LTA S,ADC,40,1937.363,1474.923,0.387,96.0,0.0,0.0,1.0,-372.692
oe:player:0cae306fd021751c70ab9f75123b561,Ganks,LYON Academy,LTA S,Jungle,28,1936.649,1456.735,0.387,109.0,0.0,0.0,0.633,-373.405
oe:player:91156e269529ff2e4742e58f9d65e5c,Coward,Anyone's Legend.Young,INTL_ONLY,Jungle,11,1934.967,1524.277,0.387,116.0,0.0,0.0,0.295,427.892
oe:player:6a8f79dd53a94059a5cdcd066199a06,MKL,B2U,NLC,ADC,4,1932.308,1540.34,0.386,,,,,1152.751
oe:player:145201414ecb853de684fbe7d6bb5b6,Ackerman,Isurus,LTA S,Support,51,1930.291,1474.097,0.386,89.0,0.0,0.0,1.0,-379.763
oe:player:5668835973c50fc6be8c587752c1ecf,Starlit,OKSavingsBank BRION Challengers,LCKC,Mid,96,1927.364,1450.133,0.385,94.0,0.0,0.0,1.0,-978.32
oe:player:3d7afc086e8aba0545ceba473fa1e9e,ANDARIEL,UCAM Esports,LVP SL,ADC,52,1918.278,1441.12,0.384,93.0,0.0,0.0,1.0,146.816
oe:player:7c30c1a6ce9d063b361b66ccb40444b,Nia,Top Esports Challenger,INTL_ONLY,Mid,8,1908.943,1548.161,0.382,,,,,401.868
oe:player:0ab83a3cf88588f3ff5c6198703e2ab,Reaver,Team Phantasma,HLL,Support,87,1905.793,1436.018,0.381,106.0,0.0,0.0,1.0,2086.833
oe:player:658a2a25bf5e14b866e38d832ec9ba6,Kio,eSuba,HLL,Top,102,1902.936,1357.654,0.381,103.0,0.0,0.0,1.0,2083.976
oe:player:26626eb3322fd706f5ca63fca2bb022,Garden,Dplus KIA Challengers,LCKC,Mid,96,1899.855,1475.277,0.38,82.0,0.0,0.0,1.0,-1005.829
oe:player:b226880189cb11f7da7a0c86544b556,iLEVI,UCAM Esports,LVP SL,Support,52,1896.515,1441.12,0.379,89.0,0.0,0.0,1.0,125.053
oe:player:ba6e76e259419420ddff269bb6ef074,Vzz,TeamOrangeGaming,PRM,ADC,72,1891.912,1455.393,0.378,100.0,0.0,0.0,1.0,266.111
oe:player:4462a94df8bf2cf755c0c5da35f0282,bat,FunPlus Phoenix,LPL,ADC,10,1889.352,1491.975,0.378,89.0,0.0,0.0,0.295,-1604.111
oe:player:4515c41bfcadfcf2e3c5880242f99a2,Shredder,Skillcamp,LFL2,Support,54,1889.132,1429.096,0.378,94.0,0.0,0.0,1.0,821.004
oe:player:895b81748441d4b3c8faa7c1b8452dc,Sparda,Saigon Dino,VCS,Top,43,1888.613,1538.567,0.378,103.0,0.0,0.0,1.0,2256.632
oe:player:54b1f4c7c1ba4d8e7ba71de9f7ad9b2,random,Alpha7 Esports,CD,Mid,35,1887.254,1533.235,0.377,129.0,0.0,0.0,0.633,985.009
oe:player:17c5e8bd59f3ea8c9d902da8d9f52b5,Myrtus,Team BDS Academy,LFL,Support,47,1884.691,1437.401,0.377,100.0,0.0,0.0,1.0,-630.055
oe:player:f9c3db5fdf2c5fb45f552127922d105,B Butcher,Geekay Esports,AL,Support,86,1884.63,1375.119,0.377,107.0,0.0,0.0,1.0,1749.551
oe:player:c3e31561579b69078812ea3b1968e13,Toffe,Team BDS Academy,LFL,Mid,47,1881.206,1437.401,0.376,99.0,0.0,0.0,1.0,-633.541
oe:player:33f41da3cc793a226c6d42474e3cd95,Erolle,Verdant,NLC,Support,3,1877.667,1541.257,0.376,,,,,1098.109
oe:player:4a18312b5b75f549d5551e5912ad6eb,Mask,Papara SuperMassive,TCL,Mid,35,1877.579,1402.008,0.376,109.0,0.0,0.0,0.633,160.432
oe:player:2e82913920d8a6d0efa480bc35f1ba8,Aria,DetonatioN FocusMe,LCP,Mid,53,1877.205,1468.65,0.375,98.5,0.0,0.0,1.0,-916.685
oe:player:f68ed45fe0f3150c306c17455014301,Abagnale,Project Conquerors,LFL2,Support,74,1877.154,1479.728,0.375,100.0,0.0,0.0,1.0,809.026
oe:player:4d8833619c7d2128cd31d6098e7e4f3,Ichiwin,SDM Tigres,LRN,Support,40,1871.619,1640.98,0.374,114.5,0.0,0.0,1.0,1995.9
oe:player:1f892f04e94e144dadcc8be197d4f5b,minemaciek,StormMedia Fajnie Mieć Skład,RL,Support,90,1869.262,1442.832,0.374,98.0,0.0,0.0,1.0,1227.584
oe:player:f375092447be6536c8e55ad0e302236,StineR,Los Grandes,CD,Jungle,33,1869.25,1557.406,0.374,135.5,0.0,0.0,0.633,967.005
oe:player:a62b7767388e9ede229669deba7d736,Tyrion,LNG Academy,INTL_ONLY,Jungle,10,1868.961,1568.691,0.374,118.0,0.0,0.0,0.295,361.886
oe:player:7aa0aebd379414d25f1fcdc396407f1,kamilius,Movistar KOI Fénix,LVP SL,Support,15,1867.394,1462.064,0.373,97.0,0.0,0.0,0.295,95.932
oe:player:2d1b0b3298bd859587fc9bfd9ad8384,PO8,Weibo Gaming Youth Team,INTL_ONLY,Top,11,1863.019,1531.947,0.373,114.0,0.0,0.0,0.295,355.944
oe:player:5cfc41b7eccda649db08ead84343554,Legolas,Barça eSports,LVP SL,ADC,104,1860.714,1442.648,0.372,92.0,0.0,0.0,1.0,89.252
oe:player:07e1e19a2e90a9d843d02cbdb445fa6,lamb,Oh My God Academy,INTL_ONLY,Top,4,1853.023,1606.342,0.371,,,,,345.948
oe:player:197e012fb5163375e24dbbfdae34911,Marky,LUA Gaming,LVP SL,Top,44,1851.974,1453.886,0.37,96.0,0.0,0.0,1.0,80.512
oe:player:6369ba49db4cf35b35a7c47e3d4a4fd,Visdom,Kaufland Hangry Knights,PRM,Support,75,1846.21,1446.348,0.369,106.5,0.0,0.0,1.0,220.408
oe:player:6887adad8d42b7df47bf028ffff9d4e,frajgo,StormMedia Fajnie Mieć Skład,RL,Top,89,1844.274,1440.833,0.369,98.0,0.0,0.0,1.0,1202.596
oe:player:ffa7f50db949da3f7ccec7e2c4ec4c6,raining,FlameHard,HM,ADC,68,1843.813,1359.875,0.369,103.0,0.0,0.0,1.0,1925.646
oe:player:de442faff7b7cdc0fba7d6d5caff5e1,Elramir,Geekay Esports,AL,Jungle,64,1841.783,1444.555,0.368,111.0,0.0,0.0,1.0,1706.703
oe:player:6427b0c5a7c3106e92a7c11257a08c6,Guwon,DetonatioN FocusMe,LCP,Jungle,32,1838.012,1447.633,0.368,111.0,0.0,0.0,0.633,-955.877
oe:player:d3f8c554a302aebd5d2bae668ae197e,Larssen,Natus Vincere,LEC,Mid,37,1836.465,1471.066,0.367,107.0,0.0,0.0,0.633,-1470.205
oe:player:6a9abcfebed9c636ca90560b7f49855,Adam,Natus Vincere,LEC,Top,37,1836.245,1471.066,0.367,100.0,0.0,0.0,0.633,-1470.425
oe:player:70d516fd78bcce28e19f4b422bb9f02,scuro,Alpha7 Esports,CD,ADC,53,1830.521,1523.592,0.366,120.5,0.0,0.0,1.0,928.276
oe:player:aa7a0424cfbb93943b0d30d9455f0aa,Cyku,LNG Academy,INTL_ONLY,Mid,10,1830.413,1568.691,0.366,115.0,0.0,0.0,0.295,323.338
oe:player:4cd9f3996d60790cd11c04f842ebc43,Cast,LEO,NLC,Jungle,6,1830.39,1527.168,0.366,,,,,1050.833
oe:player:40fa7615556f33971d67c95a702fbcc,Woolite,Zero Tenacity,RL,ADC,91,1825.527,1434.568,0.365,99.0,0.0,0.0,1.0,1183.849
oe:player:a5847ca60050d4586402ccb04a41bcc,denizzz,Austrian Force willhaben,PRM,Jungle,23,1817.963,1464.355,0.364,110.0,0.0,0.0,0.633,192.162
oe:player:7fb26875c639817a59912a87be6f738,Marble,Fukuoka SoftBank HAWKS gaming,LCP,ADC,54,1809.144,1468.378,0.362,103.0,0.0,0.0,1.0,-984.745
oe:player:33312b25deba2013d40462c26e24b11,Pann,eSuba,HM,Support,32,1808.062,1506.006,0.362,112.0,0.0,0.0,0.633,1889.895
oe:player:686e3385a39e937956485d742b689e5,Jaehyuk,Dplus KIA Challengers,LCKC,Top,86,1806.31,1453.236,0.361,87.0,0.0,0.0,1.0,-1099.373
oe:player:577e87ce179374e89e5a62265ddeb8d,Rybson,StormMedia Fajnie Mieć Skład,RL,Jungle,90,1805.716,1442.832,0.361,97.5,0.0,0.0,1.0,1164.039
oe:player:8a729e3599082e74fcca776b295d0e1,Typhoon,ULF Esports,TCL,Jungle,77,1804.757,1270.932,0.361,105.0,0.0,0.0,1.0,87.61
oe:player:be85b3d65508c757ac9af1d54310520,Dekap,Vitality.Bee,AL,Support,105,1798.306,1367.209,0.36,106.0,0.0,0.0,1.0,1663.227
oe:player:de75f2eb439368d9b39281bd0c4bdab,Soldier,Caldya Esport,LFL2,ADC,63,1796.44,1491.925,0.359,108.0,0.0,0.0,1.0,728.313
oe:player:a2f6e754fc2b358f7786f52decb4274,Jankos,NORD Esports,NLC,Jungle,54,1792.996,1387.512,0.359,102.0,0.0,0.0,1.0,1013.439
oe:player:6e632d8dfe91b18ecbbcdc028094e5c,Zothve,Leviatan,LTA S,Top,40,1786.247,1474.923,0.357,97.5,0.0,0.0,1.0,-523.807
oe:player:acfdf3b694c6ffc32396b64edb82bd8,Leny,Joblife,LFL,Top,48,1780.701,1449.595,0.356,97.0,0.0,0.0,1.0,-734.046
oe:player:285954244fdc2bcce532fb88a1e0ddb,Rooster,Team BDS,LCKC,Top,76,1775.988,1369.976,0.355,99.0,0.0,0.0,1.0,-1129.696
oe:player:97e737335eeb7b84909a07bc9e96eed,Baca,Ramboot Club,LVP SL,Mid,29,1775.014,1445.295,0.355,95.0,0.0,0.0,0.633,3.552
oe:player:b06f165ee2371a61d3be74d413e1e21,Malrang,Natus Vincere,LEC,Jungle,37,1774.522,1471.066,0.355,112.0,0.0,0.0,0.633,-1532.149
oe:player:e7e423ad06282e35abf80c69486374b,Innaxe,Eintracht Spandau,PRM,ADC,44,1770.619,1405.402,0.354,110.0,0.0,0.0,1.0,144.817
oe:player:ca8339af379497a71355ba65d65b786,Jerry,EDG Youth Team,INTL_ONLY,Support,7,1769.604,1563.759,0.354,,,,,262.529
oe:player:f37509e5e4f293339b9e735edff2ce3,Cha0s,A One Man Army Prime,PRM,Top,7,1768.935,1529.498,0.354,,,,,143.133
oe:player:fdc16c7495d2f61f9f116432b4a1f1a,RayFarky,DetonatioN FocusMe,LCP,Top,53,1768.154,1468.65,0.354,101.0,0.0,0.0,1.0,-1025.735
oe:player:1ee921aeb89df0c447cb6d54a6e8db3,Papiteero,Team BDS Academy,LFL,Top,61,1766.562,1408.825,0.353,103.0,0.0,0.0,1.0,-748.185
oe:player:6d630f0b571f8381f483b6a6941909a,Rabble,Kaufland Hangry Knights,PRM,Jungle,75,1764.237,1446.348,0.353,111.0,0.0,0.0,1.0,138.436
oe:player:81d2110b25710f286ed9e9b6a8426b0,Snaker,Isurus,LTA S,ADC,51,1755.901,1474.097,0.351,99.0,0.0,0.0,1.0,-554.153
oe:player:22d1e5dd9b25627d5f39fd7e0fa651c,Yuanyue,Anyone's Legend.Young,INTL_ONLY,Top,11,1750.713,1524.277,0.35,113.0,0.0,0.0,0.295,243.638
oe:player:1e249a5688255bde7f7213b5d257b3c,Click,LUA Gaming,LVP SL,Support,44,1748.377,1453.886,0.35,99.0,0.0,0.0,1.0,-23.085
oe:player:d11068c782573b34be81beb5a4eeb12,Wunder,Ruddy Esports,NLC,Top,2,1747.331,1541.479,0.349,,,,,967.774
oe:player:1806cb4175771800d1d1ace2817103c,Zwyroo,NORD Esports,NLC,Mid,32,1745.17,1401.548,0.349,117.0,0.0,0.0,0.633,965.613
oe:player:df13ba84b4ea6932f7e10b5e51e7cf5,Venour,Kaufland Hangry Knights,PRM,Top,75,1736.441,1446.348,0.347,108.0,0.0,0.0,1.0,110.639
oe:player:61057a0c84605444201929bdd72014f,Later,Top Esports Challenger,INTL_ONLY,ADC,8,1727.577,1548.161,0.346,,,,,220.502
oe:player:4d08cbf857994dc42e1b09205158e15,Painter,T1 Esports Academy Rookies,LAS,Jungle,72,1726.902,2810.913,0.345,113.0,0.0,0.0,1.0,1952.509
oe:player:4a867124044ab3fd40ddfb8676e65e7,VirusFx,SDM Tigres,LRN,ADC,40,1725.852,1625.177,0.345,118.0,0.0,0.0,1.0,1850.134
oe:player:ccfb5c69ebcc2008b1dca4ef5c56142,DenVoksne,Unicorns of Love Sexy Edition,PRM,ADC,72,1718.827,1453.153,0.344,109.5,0.0,0.0,1.0,93.025
oe:player:2925560e555046ad9b0066ff181fe21,Melonik,Forsaken,RL,Top,79,1718.332,1414.612,0.344,105.5,0.0,0.0,1.0,1076.654
oe:player:11389d6d8a29729807c3cf528a98050,SPOOKY,Caldya Esport,LFL2,Jungle,63,1717.621,1491.925,0.344,108.0,0.0,0.0,1.0,649.494
oe:player:73278a4a86960eeb576a8fd4c9ec699,113,Barça eSports,LEC,Jungle,55,1715.383,1357.675,0.343,107.0,0.0,0.0,1.0,-1591.287
oe:player:e041923a70bcde3b24d608958f8edc8,Shlatan,Team BDS Academy,LFL,Jungle,47,1714.994,1437.401,0.343,107.5,0.0,0.0,1.0,-799.753
oe:player:43311da833551c608d8adbf5d3f53b7,Wenjian,Top Esports Challenger,INTL_ONLY,Jungle,8,1713.857,1548.161,0.343,,,,,206.782
oe:player:8486d94ef23b38c67c76b647613d881,bobista,Nightbirds,HM,Top,82,1712.905,1441.537,0.343,110.0,0.0,0.0,1.0,1794.738
oe:player:79715a2d8a5dcfe07726c00e0f05433,Kuroneel,Project Conquerors,LFL2,Mid,74,1708.763,1479.728,0.342,101.0,0.0,0.0,1.0,640.635
oe:player:913fab4d1d3caa861cfbbdd60b2a3fd,tockers,Team Tockers,CD,Support,1,1705.039,1678.336,0.341,,,,,802.795
oe:player:39c3a0258d73ffd0112726c410893f6,Celo,Corinthians Esports,CD,ADC,53,1702.896,1593.766,0.341,135.0,0.0,0.0,1.0,800.652
oe:player:94e5c960a512595b39fea5f350d7d0d,OddEye,T1 Esports Academy Rookies,LAS,ADC,72,1700.349,2810.913,0.34,115.0,0.0,0.0,1.0,1925.955
oe:player:1f8b2df4c6ee43a1c1dc29817c0a201,Sacre,Eintracht Frankfurt,PRM,Top,53,1692.547,1450.883,0.339,107.0,0.0,0.0,1.0,66.745
oe:player:08cc98f89d63a05973e5db39e6b9945,Noz2k,E WIE EINFACH E-SPORTS,PRM,ADC,78,1691.303,1450.583,0.338,115.0,0.0,0.0,1.0,65.502
oe:player:947d42fad1e2f3afeb911e5ae3888ce,Sn1lle,LUA Gaming,LVP SL,Jungle,44,1690.636,1453.886,0.338,101.0,0.0,0.0,1.0,-80.826
oe:player:9f123d50225f8efc664774485f85941,Frost,Project Conquerors,LFL2,Jungle,74,1685.804,1479.728,0.337,107.0,0.0,0.0,1.0,617.676
oe:player:4bb53c6fa9f5d75901136feb8bdf817,JNX,Vitality.Bee,LFL,Top,69,1685.355,1341.311,0.337,104.0,0.0,0.0,1.0,-829.392
oe:player:45314c97b7f52a66bc5a67da28f605b,mikasa,EDG Youth Team,INTL_ONLY,Jungle,9,1683.261,1551.655,0.337,,,,,176.186
oe:player:7477467a6d3adf2f1177216107a157d,Xiang,Weibo Gaming Youth Team,INTL_ONLY,ADC,3,1682.543,1571.594,0.337,,,,,175.468
oe:player:41ea0ed55fe655184c9073085b85eea,White,Unicorns of Love Sexy Edition,PRM,Jungle,72,1679.0,1453.153,0.336,109.0,0.0,0.0,1.0,53.199
oe:player:ec8b63c05f999a15a8c8567002a560a,Alan,Lille Esport,LFL2,Mid,8,1677.786,1531.04,0.336,,,,,609.659
oe:player:252de481e83ab0bc87aada93aeb424c,vital,Nongshim Esports Academy,LCKC,ADC,55,1667.905,1412.153,0.334,108.0,0.0,0.0,1.0,-1237.779
oe:player:af020342617bd4e5c5da5a4c31ff591,Shy Carry,LUA Gaming,LVP SL,ADC,44,1667.221,1453.886,0.333,105.0,0.0,0.0,1.0,-104.241
oe:player:24cd6812f523cf30c3502344539be6f,FATE,Fukuoka SoftBank HAWKS gaming,LCP,Mid,54,1663.439,1468.378,0.333,103.5,0.0,0.0,1.0,-1130.45
oe:player:162a4361d51e504f7113c2d68b13e26,Nawa,Gamespace Mediterranean College Esports,TCL,ADC,34,1660.576,1432.086,0.332,128.0,0.0,0.0,0.633,-56.57
oe:player:55e35458830cbecac40b04619bd6029,STANIK,Nightbirds,HM,Mid,82,1657.692,1441.537,0.332,114.0,0.0,0.0,1.0,1739.525
oe:player:694d028e62f4ea668b206ab752b6f94,Sayn,IziDream,LFL2,Mid,63,1652.935,1469.314,0.331,110.0,0.0,0.0,1.0,584.807
oe:player:74f3f60a44ee916ecc257a5381be756,Lekcyc,IziDream,LFL2,Support,63,1650.01,1469.314,0.33,110.0,0.0,0.0,1.0,581.882
oe:player:56cf99d5b59755569fa366c07c18f38,Shunn,Frank Esports,PCS,ADC,100,1646.601,1492.004,0.329,118.0,0.0,0.0,1.0,1733.973
oe:player:e9741b3a238723ea6380ef2113fae63,Loopy,SK Gaming,LEC,Support,37,1642.798,1510.6,0.329,102.0,0.0,0.0,0.633,-1663.873
oe:player:595bc33bc21e0ce16769819e824c0d3,MélyaP,Lille Esport,LFL2,Mid,15,1642.352,1522.897,0.328,117.0,0.0,0.0,0.295,574.224
oe:player:325d05dad5fd291cbb49cd50c038ce3,Ayel,Dopamina E-Sport,CD,Top,19,1641.994,1572.458,0.328,141.0,0.0,0.0,0.295,739.749
oe:player:eaaf2e20683cde8408d05159c05528c,Aladoric,Austrian Force willhaben,PRM,Support,18,1640.759,1484.166,0.328,122.0,0.0,0.0,0.295,14.957
oe:player:157108ff2b64591e5703c64dbae3a2e,TolanD,Beşiktaş Esports,TCL,Mid,16,1637.386,1474.205,0.327,125.0,0.0,0.0,0.295,-79.761
oe:player:09df7e1c00d361f40c47542ae02f736,MAXI,Ramboot Club,LVP SL,Jungle,16,1635.523,1476.225,0.327,111.0,0.0,0.0,0.295,-135.938
oe:player:a04f4a8e24d54ff98fc27a5aa5a0c3c,Afroboi,E WIE EINFACH E-SPORTS,PRM,Jungle,78,1633.335,1450.583,0.327,116.0,0.0,0.0,1.0,7.533
oe:player:9defe2f6082b699823a6f6068234591,Xayoo,Kiedyś Miałem Fun,RL,Mid,13,1633.153,1482.499,0.327,118.0,0.0,0.0,0.295,991.476
oe:player:84117275be999ff55a987b9381e01f9,665,Deep Cross Gaming,PCS,Jungle,106,1629.462,1503.332,0.326,120.0,0.0,0.0,1.0,1716.834
oe:player:d258f8c326e3532981a60d2393f129a,Jauny,SDM Tigres,LRN,Top,26,1629.143,1683.138,0.326,134.0,0.0,0.0,0.633,1753.424
oe:player:b04655f0821a30125d72a3442647875,Tay,Cusprills,CD,Top,15,1628.052,1677.692,0.326,158.0,0.0,0.0,0.295,725.807
oe:player:f2387df2cb9eeb367b59f0bce4a9637,Hydra,LUA Gaming,LVP SL,Mid,44,1625.798,1453.886,0.325,100.0,0.0,0.0,1.0,-145.664
oe:player:be081b7482f9ea1ae2f0d13aafcf17f,HiRit,KaBuM! Ilha das Lendas,CD,Top,53,1623.932,1546.044,0.325,141.0,0.0,0.0,1.0,721.687
oe:player:1f7d70f56b608b3137df2493949fdd0,Bie,Saigon Dino,VCS,Support,43,1623.446,1538.567,0.325,108.0,0.0,0.0,1.0,1991.465
oe:player:58d68cedf0a0b1b3d7d9646f5f9e8d3,Simpli,Unicorns of Love Sexy Edition,PRM,Mid,72,1622.463,1453.153,0.324,106.0,0.0,0.0,1.0,-3.338
oe:player:12765429362ae7ef85ed6fdd04d2ad7,Djoko,FlameHard,AL,Jungle,52,1619.468,1376.954,0.324,128.5,0.0,0.0,1.0,1484.389
oe:player:7deb8d68aef0757c10381b599f855de,YSKM,Frank Esports,PCS,Top,100,1618.925,1492.004,0.324,118.0,0.0,0.0,1.0,1706.297
oe:player:8204ca38dc1c42012b5d53131271eb1,Axelent,Partizan Sangal,HLL,ADC,97,1613.954,1361.842,0.323,125.0,0.0,0.0,1.0,1794.994
oe:player:25bd73e0fccbcf86758484e8f7e8a7c,Send0o,CGN Esports,PRM,Top,66,1610.486,1437.57,0.322,101.0,0.0,0.0,1.0,-15.316
oe:player:dbb4f0b38307e3b2a6c2e6568262dc7,HungryPanda,Partizan Sangal,PRM,Support,73,1606.629,1387.006,0.321,116.0,0.0,0.0,1.0,-19.173
oe:player:4bdb80c84e25651b3d62742c0b61f6d,iBo,Veni Vidi Vici,LVP SL,Top,53,1606.546,1374.604,0.321,107.0,0.0,0.0,1.0,-164.916
oe:player:39d7885ab4602a7f8d202883d253f5e,Wink,JD Gaming,LPL,Support,50,1604.502,1366.159,0.321,94.5,0.0,0.0,1.0,-1888.96
oe:player:376d5e3b1257e6972228d458943f74c,Evi,Fukuoka SoftBank HAWKS gaming,LCP,Top,54,1602.979,1468.378,0.321,105.0,0.0,0.0,1.0,-1190.911
oe:player:6d2795b5d0550bbbae88cb973b287b0,NoName,Ramboot Club,TCL,Jungle,52,1599.724,1364.454,0.32,116.0,0.0,0.0,1.0,-117.423
oe:player:f6fcb6f1d244cc5d15ab8096d941d7a,Peng,Ruddy Esports,NLC,Mid,18,1597.886,1487.507,0.32,133.0,0.0,0.0,0.295,818.329
oe:player:e1dbe2b979510dba78b229327292a10,Veignorem,Eintracht Frankfurt,PRM,Support,53,1597.047,1450.883,0.319,108.0,0.0,0.0,1.0,-28.754
oe:player:97e228a45bb28f8d270f77deabd1282,Hid0,NORD Esports,NLC,ADC,16,1593.759,1479.584,0.319,135.0,0.0,0.0,0.295,814.202
oe:player:9f8d365508ded3ca9701eff2003d6ad,looki,DKB XPERION NXT,PRM,ADC,18,1586.115,1480.223,0.317,134.0,0.0,0.0,0.295,-39.686
oe:player:2df5432fbfcc85dc85c33e269ebd063,Nille,Caldya Esport,LFL2,Top,63,1581.845,1491.925,0.316,110.0,0.0,0.0,1.0,513.717
oe:player:45c98902fe1e396e98d05becf0246e2,Boltox,Epic Avalanche,NLC,Support,4,1576.92,1531.575,0.315,,,,,797.363
oe:player:bea6c089fd517fff3bc020290ae48f7,Steeelback,Caldya Esport,LFL2,Support,63,1575.194,1491.925,0.315,111.0,0.0,0.0,1.0,507.066
oe:player:3a36b513e63e14a1355896711a09362,CHEF,Beşiktaş Esports,TCL,Jungle,59,1574.596,1374.707,0.315,121.0,0.0,0.0,1.0,-142.551
oe:player:1a8c5af93324a560e91a054146e652d,Tsiperakos,Gamespace Mediterranean College Esports,HLL,Mid,69,1572.481,1366.051,0.314,125.0,0.0,0.0,1.0,1753.52
oe:player:6f2c6ff9c355c72d08b08abb1c24ea2,Thor,Weibo Gaming Youth Team,INTL_ONLY,Top,3,1571.528,1591.085,0.314,,,,,64.454
oe:player:d6978cb4b12a5de75f68b2da2f55dc9,XnS,BK ROG Esports,TCL,Jungle,79,1558.548,1283.442,0.312,112.0,0.0,0.0,1.0,-158.599
oe:player:28210a578227a57de61f42f4bd0d2b4,Gaeng,Fukuoka SoftBank HAWKS gaming,LCP,Support,54,1557.627,1468.378,0.312,105.0,0.0,0.0,1.0,-1236.262
oe:player:eb26eb96a04224878fb492a5a8cefa8,ZaZee,Eintracht Frankfurt,PRM,Mid,53,1556.595,1450.883,0.311,110.0,0.0,0.0,1.0,-69.206
oe:player:76a48b285de2308d5de60668d021ed5,Liangchen,Bilibili Gaming Junior,INTL_ONLY,Top,3,1555.865,1584.398,0.311,,,,,48.79
oe:player:d6ecef29abf4624bcd82196aeec6583,Zubac,Zero Tenacity,RL,Jungle,93,1547.797,1441.96,0.31,102.0,0.0,0.0,1.0,906.119
oe:player:d147754aa5e06f474dbb70db17e5088,Noerring,Fortress Esports,NLC,Jungle,4,1547.096,1530.475,0.309,,,,,767.538
oe:player:f2ef2c3bf38250de846df81b97ad3c8,L1f,Weibo Gaming Youth Team,INTL_ONLY,Mid,11,1545.72,1531.947,0.309,129.0,0.0,0.0,0.295,38.645
oe:player:64663f4646781c9c0110838b905daa2,Random,Kaufland Hangry Knights,PRM,Mid,75,1544.847,1446.348,0.309,112.0,0.0,0.0,1.0,-80.955
oe:player:51777d50bf7bf71ff70b8a32726e40c,Fornoreason,Unicorns of Love Sexy Edition,PRM,Top,72,1542.744,1453.153,0.309,111.0,0.0,0.0,1.0,-83.058
oe:player:6a52e8fc387411c38ae76e77ffe6b15,Hiro,Team BDS Academy,LFL,Top,4,1541.765,1510.032,0.308,,,,,-972.982
oe:player:979d7cbbe1e2a8b55d503047f5c72a0,Hauz,Leviatan,CD,Mid,45,1540.687,1508.693,0.308,140.0,0.0,0.0,1.0,638.442
oe:player:d09b710988c74e104d0d6eb6b25def2,qiuyu,EDG Youth Team,INTL_ONLY,Top,9,1540.312,1551.655,0.308,,,,,33.237
oe:player:ac4707de22ba0f84250dbec7f9a7769,Jungoat,Weibo Gaming Youth Team,INTL_ONLY,Jungle,11,1537.959,1531.947,0.308,137.0,0.0,0.0,0.295,30.884
oe:player:d6f01ce14e8a580fcf94ae556736fd8,Sangrod,ZETA,LVP SL,Top,9,1536.164,1495.416,0.307,,,,,-235.298
oe:player:cf3e5835ac7f5c754d92f13be8e5b14,Sriffow,ZETA,LVP SL,Jungle,6,1534.997,1507.816,0.307,,,,,-236.465
oe:player:6b7ca7e0fcad1f113f17bc2d30adbf5,adi1,Nightbirds,HM,Jungle,82,1534.82,1441.537,0.307,121.0,0.0,0.0,1.0,1616.653
oe:player:e9a0da5ca2d009aeedf5afcfccffde5,Feng,Deep Cross Gaming,PCS,ADC,106,1533.983,1503.332,0.307,121.0,0.0,0.0,1.0,1621.354
oe:player:f7dcc06d6796cd9718c1716a6013ce4,Levizin,7REX,CD,Jungle,24,1533.574,1567.978,0.307,152.0,0.0,0.0,0.633,631.329
oe:player:2bd7ad72406066b1bae3318736dfa8f,Menninkäinen,Epic Avalanche,NLC,Top,4,1531.698,1531.575,0.306,,,,,752.14
oe:player:fa41f0e745119bde94b1cdcc8d10434,Mataz,SDM Tigres,LRN,Jungle,26,1526.871,1683.138,0.305,140.0,0.0,0.0,0.633,1651.153
oe:player:4a0d0414aac330b32a1a4dd6bac8743,tyrin,7REX,CD,Top,48,1521.999,1562.207,0.304,138.0,0.0,0.0,1.0,619.755
oe:player:673bde987c731cfa8ee1295af79765a,Basei,Papara SuperMassive,TCL,ADC,2,1520.979,1535.5,0.304,,,,,-196.168
oe:player:b9ccf86bc1be84e6200f498b2e0ef33,jokaa,Eintracht Spandau,PRM,Jungle,27,1517.04,1437.171,0.303,128.0,0.0,0.0,0.633,-108.762
name:VER Tayron,VER Tayron,Verdant,NLC,Top,2,1508.877,1544.858,0.302,,,,,729.319
oe:player:0d47af84bee7ca00a76beb860c3d6ff,Pretender,Frank Esports,PCS,Mid,100,1497.21,1492.004,0.299,116.0,0.0,0.0,1.0,1584.582
oe:player:4491b20edc9ceb1d782095e341051d9,LIDER,Ruddy Esports,NLC,Mid,13,1495.418,1492.227,0.299,141.0,0.0,0.0,0.295,715.861
oe:player:8debac77f7c6101af768dc729323a67,Flauren,Deep Cross Gaming,PCS,Top,106,1493.957,1503.332,0.299,119.0,0.0,0.0,1.0,1581.329
oe:player:a672b5bc1c212a6922418fad18734c1,Envy,Flamengo MDL,CD,Mid,63,1493.576,1533.304,0.299,138.0,0.0,0.0,1.0,591.331
oe:player:9f774115a82f2e07c861e50b9c022a7,RKR,SK Gaming,LEC,Mid,28,1493.429,1491.93,0.299,104.5,0.0,0.0,0.633,-1813.242
oe:player:f18fd06744a67bf8c9f08afebfcce3a,Kaseko,Forsaken,RL,Support,57,1492.36,1457.4,0.298,112.0,0.0,0.0,1.0,850.683
oe:player:c60da5e574122ce50763b8bddb93ab9,Luon,Chiefs Esports Club,LCP,Support,47,1488.661,1474.192,0.298,113.0,0.0,0.0,1.0,-1305.228
name:EDGY Palkia,EDGY Palkia,EDG Youth Team,INTL_ONLY,Support,2,1487.795,1587.103,0.298,,,,,-19.28
oe:player:dd214501c887ec595e94602b3018b43,zeta,Brod n Friends,NLC,Support,5,1487.048,1526.33,0.297,,,,,707.491
oe:player:07a5e46488aef307f23a00f275802e8,Piwek,Team BDS Academy,LFL,ADC,4,1486.583,1510.032,0.297,,,,,-1028.164
oe:player:77e740cb793e28dda2ba8c161405658,linn,EDG Youth Team,INTL_ONLY,ADC,9,1485.692,1551.655,0.297,,,,,-21.382
oe:player:5362efee0a34b49b3f473a4a82f30e7,ugandan fighter,Fortress Esports,NLC,Top,4,1485.327,1530.475,0.297,,,,,705.769
oe:player:4133c5bf1803fc6183ede691b409487,Kikker,CNG Royal,NLC,Support,1,1485.258,1550.87,0.297,,,,,705.701
oe:player:9b9e303baa4eeaef552c4fdb236f058,Huubiii,Zero Tenacity,RL,ADC,2,1480.024,1550.495,0.296,,,,,838.346
oe:player:6b3481654facc1e7fe3e312883ea8f3,Cinkrof,Forsaken,RL,Jungle,57,1476.842,1457.4,0.295,113.0,0.0,0.0,1.0,835.164
oe:player:479000e5f8d107f2a82909407218826,Röyhkeä,Epic Avalanche,NLC,Mid,4,1475.782,1531.575,0.295,,,,,696.224
oe:player:adb887df0adf1894f8af5073a5c6bc3,Nata,Ruddy Esports,NLC,ADC,18,1472.338,1487.507,0.294,144.0,0.0,0.0,0.295,692.781
oe:player:afe9e6d8dc0301ea48eafefdd82fecf,Goliath,Ramboot Club,AL,Support,75,1467.389,1323.361,0.293,129.0,0.0,0.0,1.0,1332.309
oe:player:9f19603cf47eb7f0b95afbbd249f69c,Tayto,DKB XPERION NXT,PRM,Top,18,1467.038,1480.223,0.293,134.0,0.0,0.0,0.295,-158.764
oe:player:0f0b0a45df28cf6869d4d6f31cac9a4,Marty,Veni Vidi Vici,ROL,Mid,78,1466.037,1365.543,0.293,124.0,0.0,0.0,1.0,2195.765
oe:player:b72f2f4cfef6d31b875e2196bd7dd76,Syzyfek,Ramboot Club,PRM,ADC,63,1465.564,1388.879,0.293,120.0,0.0,0.0,1.0,-160.237
oe:player:4dabc9746a3cae241a063d7a1e4d204,Momochi,Cusprills,CD,Support,45,1465.145,1607.515,0.293,143.0,0.0,0.0,1.0,562.901
oe:player:ffad8c412f83018566a377cc0496a3b,Soweto,RATZ,CD,Jungle,14,1464.467,1596.32,0.293,184.0,0.0,0.0,0.295,562.222
oe:player:a62e7e1e4dfd211e99796aebb24dd87,welcom,Tan'i eSports CZ,HM,Top,85,1452.286,1371.832,0.29,120.0,0.0,0.0,1.0,1534.119
oe:player:a322887f1f9792197e30825f1a6571d,Addusto,ROSSMANN Centaurs,PRM,Top,57,1451.556,1381.97,0.29,115.0,0.0,0.0,1.0,-174.246
oe:player:36f7371a9b9bcaf404d11ad9fd346b2,Azuka,DKB XPERION NXT,PRM,Mid,18,1450.166,1480.223,0.29,134.0,0.0,0.0,0.295,-175.635
oe:player:5aa99e88083b40b8070e90f314e92ca,Grell,Zeu5 Esports,LRN,Jungle,43,1446.575,1727.897,0.289,136.0,0.0,0.0,1.0,1570.857
oe:player:a03108f3d1ff62138464d28409291c0,Qing,ThunderTalk Gaming Young,INTL_ONLY,Mid,4,1445.414,1562.786,0.289,,,,,-61.661
oe:player:a3c435fc17c4ebe2d531bfbbd95c40c,ZiYe,Weibo Gaming Youth Team,INTL_ONLY,Support,11,1442.123,1531.947,0.288,126.0,0.0,0.0,0.295,-64.952
oe:player:d9b34ab9d9fab2fac389f16f0817926,Xico,ZETA,LVP SL,Mid,31,1439.169,1390.718,0.288,118.0,0.0,0.0,0.633,-332.293
oe:player:5d7f415cbf04b549c235a8a3d83a763,ShiauC,Deep Cross Gaming,PCS,Support,106,1438.197,1503.332,0.288,119.0,0.0,0.0,1.0,1525.569
oe:player:8a557b75be64213044586f7efc41158,Rychly,DKB XPERION NXT,PRM,Support,12,1433.376,1497.155,0.287,137.0,0.0,0.0,0.295,-192.426
oe:player:df5866d3078c786ce03084b78b1f5d9,Czypsy,Team Insidious,RL,Support,60,1433.017,1395.671,0.287,118.0,0.0,0.0,1.0,791.339
oe:player:c92846465f8656d027f9148726b2b5c,Gavotto,Fuego,LRN,ADC,47,1420.767,1688.068,0.284,139.0,0.0,0.0,1.0,1545.049
oe:player:72988c6600adbb46551a7b0aa75994d,Tomrio,Saigon Dino,VCS,Jungle,37,1420.573,1555.914,0.284,134.0,0.0,0.0,0.633,1788.592
oe:player:21846207612858fb49a468b43e56dd3,Destroy,Bushido Wildcats,TCL,Top,16,1420.393,1492.257,0.284,123.0,0.0,0.0,0.295,-296.754
oe:player:444733081a578880ba8a563d3c59d22,Flying,Oh My God Academy,INTL_ONLY,Top,3,1418.851,1601.019,0.284,,,,,-88.224
oe:player:6b15911e90833052d80c73d67dfce7d,Leon,Esprit Shōnen,LFL2,Support,59,1417.37,1472.645,0.283,118.0,0.0,0.0,1.0,349.242
oe:player:ba4c9b170092f1369593d1a49291b3c,shibi,ZennIT,ROL,Jungle,75,1414.463,1433.681,0.283,133.0,0.0,0.0,1.0,2144.192
oe:player:ed24ff8971b1fa43a1efbb386618ce3,Grave,ULF Esports,TCL,ADC,52,1414.091,1394.542,0.283,125.0,0.0,0.0,1.0,-303.056
oe:player:7cc60efc7908ef535a0488a811996a4,Rhuckz,Ramboot Club,LVP SL,Support,15,1409.27,1484.506,0.282,115.0,0.0,0.0,0.295,-362.192
oe:player:97839e694c33c292c3ede3f64988876,Devn,Verdant,EBL,ADC,70,1408.516,1402.474,0.282,138.0,0.0,0.0,1.0,2443.838
oe:player:c60e9a572fae056e944ba1479d89d81,Nero,RED Academy,CD,Jungle,42,1404.956,1521.75,0.281,143.0,0.0,0.0,1.0,502.711
oe:player:778fa012f6e60cd5df26483c1573b1e,Nyx,Guasones,LVP SL,Jungle,42,1404.55,1383.86,0.281,114.0,0.0,0.0,1.0,-366.912
oe:player:b777313deced54da2d2c1aa88f52e50,fengyue,Top Esports Challenger,INTL_ONLY,Support,4,1403.356,1564.506,0.281,,,,,-103.718
oe:player:9d660d86d96c38bb2cb11a859909c18,Mewkyo,Corinthians Esports,CD,Jungle,52,1403.336,1599.513,0.281,148.0,0.0,0.0,1.0,501.091
oe:player:3b32fe34a610a6a7e433b0741923b96,Peto,Nightbirds,HM,Support,82,1403.123,1441.537,0.281,121.0,0.0,0.0,1.0,1484.956
oe:player:59b1f7e7f4a3400e95652ec313df86d,qqr,Brod n Friends,NLC,Mid,6,1401.342,1522.181,0.28,,,,,621.785
oe:player:cda093b28f577696b82604fb20037ad,Fresskowy,Movistar KOI Fénix,LVP SL,Mid,46,1399.089,1402.854,0.28,112.5,0.0,0.0,1.0,-372.373
oe:player:fd976f550f84430dc88941effcf786a,HONOR,GameWard,LFL,Support,43,1396.482,1446.945,0.279,116.0,0.0,0.0,1.0,-1118.264
oe:player:eaee5a7ad7c9bc645114d51d039f2fb,Tibor,Tan'i eSports CZ,HM,Mid,59,1395.97,1383.432,0.279,129.0,0.0,0.0,1.0,1477.803
oe:player:9bfbc1a85ea2cd4841d627f76a12704,Stormax,GameWard,LFL,Jungle,43,1391.698,1446.945,0.278,124.0,0.0,0.0,1.0,-1123.048
oe:player:7705566e63eedc7bd6c4c72d43c9104,Odi11,Forsaken,RL,ADC,72,1389.018,1411.309,0.278,117.0,0.0,0.0,1.0,747.341
oe:player:0ff3d05047e5a7d2838bd6cb11fe7a1,Centu,Gamespace Mediterranean College Esports,HLL,Support,73,1387.017,1421.472,0.277,128.0,0.0,0.0,1.0,1568.057
oe:player:5a845bf4d8986c6897abb08708da084,Dya,Zeu5 Esports,LRN,ADC,25,1385.045,1742.963,0.277,154.0,0.0,0.0,0.633,1509.327
oe:player:193f83b4d6615f92af0776035551008,Mrozku,StormMedia Fajnie Mieć Skład,RL,Mid,86,1383.861,1334.81,0.277,117.0,0.0,0.0,1.0,742.183
oe:player:4fadb7e6e30c736d1c3f976f89dd0c0,KSAEZ,BBL Dark Passage,TCL,Mid,31,1382.405,1429.748,0.276,128.0,0.0,0.0,0.633,-334.742
oe:player:de6a79c709c8f1a5538dff9c2bf0ed3,Leemas,Chiefs Esports Club,LCP,ADC,15,1381.522,1481.165,0.276,122.0,0.0,0.0,0.295,-1412.367
oe:player:343b2b8ed97512673e3e1ef2705b0de,Cavalo,Corinthians Esports,CD,Support,52,1374.909,1599.513,0.275,137.5,0.0,0.0,1.0,472.665
oe:player:46c3d8e180dc8599b3340a5dc49d7a6,Xiaorui,Bilibili Gaming Junior,INTL_ONLY,ADC,3,1373.588,1584.398,0.275,,,,,-133.487
oe:player:9416d2b35f75ac32beb7d83903afef4,Ragnarr,Rich Gang,NLC,ADC,1,1362.252,1552.569,0.272,,,,,582.695
oe:player:b6ebe3c8487ddc3a23c586e650c4528,PowerOfEvil,Eintracht Spandau,PRM,Mid,49,1359.877,1450.282,0.272,128.0,0.0,0.0,1.0,-265.925
oe:player:e360328ed1e82f20a512f191f45719d,Rocklho,E WIE EINFACH E-SPORTS,PRM,Top,78,1358.967,1450.583,0.272,120.0,0.0,0.0,1.0,-266.834
oe:player:fd22b656b23ca07a276181a4953ba2c,Photon,Dignitas,TCL,Top,44,1353.782,1375.913,0.271,129.0,0.0,0.0,1.0,-363.365
oe:player:3b54bb3274c2444d1062333aa5f012a,NattyNatt,Ruddy Esports,NLC,Jungle,18,1352.449,1487.507,0.27,147.0,0.0,0.0,0.295,572.891
oe:player:090ad4635f32bf67bcfcef5c6591395,Pbd,Bushido Wildcats,TCL,Support,2,1350.668,1535.346,0.27,,,,,-366.479
oe:player:9c2752c1d6bb4dc3a7c3365c68271e3,Hwichan,T1 Esports Academy Rookies,LAS,Mid,66,1350.506,2817.131,0.27,128.0,0.0,0.0,1.0,1576.112
oe:player:5bd132d2d10fb5f7d88a2e85edc2110,Bulas,e-Champ Gaming,CD,Support,51,1347.11,1508.666,0.269,141.0,0.0,0.0,1.0,444.865
oe:player:abfd02e2b6f54ea12bc17037b08ff86,Mir,Chiefs Esports Club,LCP,Jungle,15,1342.325,1481.165,0.268,122.0,0.0,0.0,0.295,-1451.564
oe:player:559c0cab98dab7824357ff1af6615ea,NinjaKiwi,Flamengo MDL,CD,ADC,30,1338.13,1604.147,0.268,169.0,0.0,0.0,0.633,435.885
oe:player:da87886941820cfc2eee112d0143e90,Abbedagge,SK Gaming,LTA N,Mid,29,1336.191,1485.893,0.267,108.5,0.0,0.0,0.633,-1971.381
oe:player:8eb3f58cfdde9680b5f1a0d8d4df836,Matias,GameWard,LFL,ADC,43,1332.638,1446.945,0.267,126.0,0.0,0.0,1.0,-1182.109
oe:player:d2010fdb54cd1bf93cf46b84f654fb7,Gaëthan,Ruddy Esports,NLC,Top,18,1327.141,1487.507,0.265,138.0,0.0,0.0,0.295,547.583
oe:player:de877fbf2f98fca3ba960ffed586ee9,NightSlayer,Movistar KOI Fénix,PRM,Top,64,1326.677,1391.585,0.265,129.0,0.0,0.0,1.0,-299.125
oe:player:89a5825cdba97b34f7325e38a5e1ff5,Alaric,Rich Gang,NLC,Support,22,1326.01,1477.232,0.265,132.0,0.0,0.0,0.633,546.452
oe:player:9e0d36678131df9bde116a964c542ef,choego,Senshi eSports,ROL,ADC,69,1325.588,1418.298,0.265,132.0,0.0,0.0,1.0,2055.317
oe:player:87b054fedd48e75aacb773f6adbb04a,Kroghsen,Fortress Esports,NLC,Mid,4,1324.375,1530.475,0.265,,,,,544.818
oe:player:18077b307e3f20508d3d7622b416beb,Aether,T1 Esports Academy Rookies,LAS,Support,6,1324.331,2850.421,0.265,,,,,1549.938
oe:player:014c50a8bcb2f8965db2fa367330876,Furuy,Skillcamp,AL,Mid,80,1323.921,1365.509,0.265,132.0,0.0,0.0,1.0,1188.842
oe:player:0ad9fd9d2e7482ba69597530e539996,Tatuy,Epic Avalanche,NLC,Jungle,4,1323.208,1531.575,0.265,,,,,543.65
oe:player:d62f8789d640fc4bf972663ddd10b77,Whistle,Partizan Sangal,EBL,Mid,61,1322.991,1428.697,0.265,138.0,0.0,0.0,1.0,2358.313
name:EDGY mikasa,EDGY mikasa,EDG Youth Team,INTL_ONLY,Jungle,2,1321.76,1587.103,0.264,,,,,-185.315
oe:player:5f4898a107d2948045588584562be3f,Dehaste,Rich Gang,NLC,Mid,22,1321.583,1477.232,0.264,134.0,0.0,0.0,0.633,542.026
oe:player:e5b3b161ff096a1dc71d9ea67c55897,Pride,Eintracht Spandau,PRM,Top,49,1320.546,1450.282,0.264,136.0,0.0,0.0,1.0,-305.256
oe:player:d022067261f24637359f19fc94a111b,Dizin,Flamengo MDL,CD,Jungle,62,1317.567,1537.529,0.264,143.0,0.0,0.0,1.0,415.322
oe:player:b9f24e83531326204197015b2f43a93,Damage,Flamengo MDL,CD,Support,48,1316.17,1523.694,0.263,139.0,0.0,0.0,1.0,413.925
oe:player:63dc9ebe6cd781c9c9cecb54a6d7317,Kiari,Alpha7 Esports,CD,Top,55,1316.17,1529.031,0.263,144.0,0.0,0.0,1.0,413.925
name:LOS Aegis,LOS Aegis,Los Grandes,CD,Jungle,1,1315.305,1676.445,0.263,,,,,413.06
oe:player:52cbb9f4fa86ab9c03f3b50d5d6244a,VL,Epic Avalanche,NLC,ADC,4,1315.173,1531.575,0.263,,,,,535.616
oe:player:b8441a3fc649ee4789bc3ded34f46d6,Janus,T1 Esports Academy Rookies,LAS,Top,66,1314.908,2817.131,0.263,132.0,0.0,0.0,1.0,1540.514
oe:player:8f7b1c81a23c62a54a6b663cf6badaa,Treatz,NORD Esports,NLC,Support,49,1313.468,1368.629,0.263,127.0,0.0,0.0,1.0,533.911
oe:player:c70b6e57e597809a8561caa79c5db8f,Keii,DarkZero Dragonsteel,LRN,Top,44,1311.537,1648.632,0.262,145.0,0.0,0.0,1.0,1435.818
oe:player:5645a5a6b3f84b19174860bd26f98f6,RandomBruce,Kiedyś Miałem Fun,RL,Top,1,1311.468,1557.802,0.262,,,,,669.79
oe:player:87f462541b21fed4081f063502bf4da,Tockimo,E WIE EINFACH E-SPORTS,PRM,Support,78,1307.772,1450.583,0.262,118.0,0.0,0.0,1.0,-318.03
name:EDGY linn,EDGY linn,EDG Youth Team,INTL_ONLY,ADC,2,1305.725,1587.103,0.261,,,,,-201.35
oe:player:38ae8b6297c7e2cdef7f6c8ce30c8f6,Crem,GMBLERS Esports,LIT,ADC,58,1300.587,1405.092,0.26,142.0,0.0,0.0,1.0,1971.864
oe:player:c63c7e0755b31f1effbdf2e1f831e7d,Kaori,ULF Esports,TCL,ADC,32,1300.104,1429.317,0.26,121.0,0.0,0.0,0.633,-417.043
oe:player:70e6d96860b77bb3e87663215b42a1f,JimieN,Chiefs Esports Club,LCP,Mid,47,1299.529,1474.192,0.26,120.0,0.0,0.0,1.0,-1494.36
oe:player:82a7ba77bb1c635ce1b23a4eaf65f4f,Lyrokun,Kaeru Gyuangu,LFL2,Support,15,1299.259,1546.903,0.26,134.0,0.0,0.0,0.295,231.132
oe:player:e8a31970ca00025d7de8d3ef23126c5,JokerHan,CTBC Flying Oyster Academy,PCS,Mid,17,1297.787,1515.093,0.26,151.0,0.0,0.0,0.295,1385.159
oe:player:8fd088035c27c50ccdf553c4dafc960,Ady,BNK FEARX Academy,LAS,Top,31,1295.206,2817.18,0.259,143.0,0.0,0.0,0.633,1520.812
oe:player:8eb5f495bb741234779116e4dc12d54,Dovendyr,Fortress Esports,NLC,Support,4,1292.731,1530.475,0.259,,,,,513.173
oe:player:22c335f178d8e1724b8d04831b1267a,Exofeng,GIANTX Pride,NLC,ADC,44,1290.87,1414.891,0.258,125.0,0.0,0.0,1.0,511.312
oe:player:f49db9d954864f6df38730735c625d0,xinsheng,LNG Academy,INTL_ONLY,Top,10,1287.166,1568.691,0.257,135.0,0.0,0.0,0.295,-219.909
oe:player:c732cc226501cc21178b9f413cdf3eb,Trigo,Flamengo MDL,CD,ADC,66,1282.971,1554.569,0.257,152.0,0.0,0.0,1.0,380.727
oe:player:fd108dd07ee510bb9462127d183e1c5,Devost,Fuego,LRN,Top,44,1281.701,1679.425,0.256,142.0,0.0,0.0,1.0,1405.982
name:EDGY qiuyu ,EDGY qiuyu ,EDG Youth Team,INTL_ONLY,Top,2,1279.977,1587.103,0.256,,,,,-227.097
oe:player:2c777c5adf181aee4a6aa77ae4e3f0b,ZekaS,Corinthians Esports,CD,Top,52,1279.298,1599.513,0.256,144.0,0.0,0.0,1.0,377.053
oe:player:e702754b69e58c6dc005f0da8c2fc43,Reaper,KaBuM! Ilha das Lendas,CD,Support,12,1279.202,1610.989,0.256,181.0,0.0,0.0,0.295,376.957
oe:player:2ca9469819fb0fb61ff98e914a7ccca,Relative,E WIE EINFACH E-SPORTS,PRM,Mid,78,1277.491,1450.583,0.256,119.0,0.0,0.0,1.0,-348.31
oe:player:d8dbb2529993f0ffa1ae5c991c89731,Kina,Cusprills,CD,Mid,29,1277.351,1623.103,0.255,173.5,0.0,0.0,0.633,375.107
oe:player:5e520d62e9ca26f84f7f8caa476aa53,Boytang,Fortress Esports,NLC,ADC,4,1273.42,1530.475,0.255,,,,,493.863
oe:player:962e7d6bbb1630bed16179c25d185e6,Efias,Dung Dynasty,PRM,Support,13,1261.952,1514.716,0.252,136.0,0.0,0.0,0.295,-363.85
oe:player:9772f394c5e44d54e76aae1647217d0,Santorin,Eintracht Spandau,NLC,Jungle,42,1256.585,1383.513,0.251,141.0,0.0,0.0,1.0,477.028
oe:player:d9a5f3725f900432926e465a273b7cb,Pesho,Senshi eSports,EBL,Mid,73,1254.568,1395.621,0.251,133.0,0.0,0.0,1.0,2289.889
oe:player:18b6fc2262049e76c661d5efbdd39cd,Caedrel,Los Ratones,NLC,Support,1,1252.366,1551.719,0.25,,,,,472.809
oe:player:d7eca91517950c67ade956ce6e953cf,Hidan,Fluxo W7M,LTA S,Top,20,1243.917,1514.7,0.249,125.5,0.0,0.0,0.633,-1066.137
oe:player:ae380722f9cab8ed1969201b1fcda6d,Mietek,Colossal Gaming,NLC,Top,52,1238.445,1407.775,0.248,127.0,0.0,0.0,1.0,458.888
oe:player:dd77279f7d325eec933f05b1672f6a1,1116,Ground Zero Gaming,PCS,Mid,74,1237.452,1499.203,0.247,129.5,0.0,0.0,1.0,1324.823
oe:player:02f6ffdf4bd4b275598106ebe404502,Spark,Brod n Friends,NLC,ADC,6,1230.641,1522.181,0.246,,,,,451.083
oe:player:a37663bcbd7b6046c6fb0ce58ecbeca,Aithusa,Corinthians Esports,CD,Mid,52,1228.519,1599.513,0.246,146.0,0.0,0.0,1.0,326.274
oe:player:e72c863b7586a6b3a37e6e91339472d,kPr,FN Esports,AL,Top,27,1221.513,1477.31,0.244,154.0,0.0,0.0,0.633,1086.434
oe:player:2197b372d97483d798d36b5be410dd4,shidolovell,The Forbidden Five,TCL,Jungle,2,1216.862,1535.714,0.243,,,,,-500.285
oe:player:288d8e1e6e78a857421f10ee40d3fba,Zelt,Fuego,LRN,Mid,47,1216.838,1688.068,0.243,143.0,0.0,0.0,1.0,1341.119
oe:player:f7ead1102c4739cf2a094369019fff5,Winsome,Estral Esports,LRN,Support,30,1216.021,1735.302,0.243,154.0,0.0,0.0,0.633,1340.303
oe:player:dbdc61a1c41acedcbc7d399727155ac,Joinze,Skillcamp,LFL2,Jungle,62,1212.133,1474.128,0.242,125.0,0.0,0.0,1.0,144.005
oe:player:c659697694306de62d978569b84c344,PatkicaA,IziDream,LFL2,Top,63,1206.254,1469.314,0.241,118.0,0.0,0.0,1.0,138.127
oe:player:565edcb58e76115e571f38521946e41,Savero,eSuba,HM,Jungle,89,1205.4,1425.573,0.241,122.0,0.0,0.0,1.0,1287.233
oe:player:85c460fea615911b6075e0968b63db1,Netuno,Los Grandes,CD,ADC,45,1196.211,1609.04,0.239,156.5,0.0,0.0,1.0,293.966
oe:player:5dbac11c1e86bdeea9a21039902ec82,Guardian,T1 Esports Academy Rookies,LAS,Top,71,1196.197,2810.995,0.239,135.0,0.0,0.0,1.0,1421.803
oe:player:7cd0eef650e4b2e0193e02d024fb3b2,Namex,LEO Esports,NLC,Top,1,1192.803,1550.54,0.239,,,,,413.246
oe:player:5657e08aa206a6122f8d38e1676bdc5,Wolorz,Entropiq,HM,Mid,28,1192.427,1471.842,0.238,144.0,0.0,0.0,0.633,1274.26
name:ZER0 Aura,ZER0 Aura,Zer0 Trein0,CD,ADC,3,1191.138,1665.698,0.238,,,,,288.893
oe:player:d8fe68a74f513d483f727dcb20a8f4e,Gato,LYON Academy,LRN,Support,7,1188.055,1741.49,0.238,,,,,1312.337
name:CLA Drali ,CLA Drali ,Kaeru Gyuangu,LFL2,Top,15,1188.023,1546.903,0.238,137.0,0.0,0.0,0.295,119.896
oe:player:d6a3183c42c5887246375b272c9fedf,Killer2,wangting,PCS,Jungle,39,1187.62,1482.249,0.238,152.0,0.0,0.0,0.633,1274.991
oe:player:750126a9b77f68942d7f412ad74b67d,sanghyeon,Los Grandes,CD,Support,45,1185.222,1609.04,0.237,154.0,0.0,0.0,1.0,282.977
oe:player:243afb63fb97e1791ffee0cec41ecdf,Krysia,Rich Gang,NLC,Jungle,1,1177.661,1553.321,0.236,,,,,398.104
oe:player:8e01eb2dab560099ace2ed32c82ea06,SuperCleber,Los Grandes,CD,Top,45,1176.01,1609.04,0.235,158.5,0.0,0.0,1.0,273.766
oe:player:b4179fdeda1242fcd94b82a5710dd3e,Duduhh,KaBuM! Ilha das Lendas,CD,ADC,24,1172.187,1612.747,0.234,164.0,0.0,0.0,0.633,269.942
oe:player:3bb65cb142ccc8906952c5099df7f41,Yuros,The Forbidden Five,TCL,Mid,2,1163.086,1535.714,0.233,,,,,-554.06
oe:player:70e4484e4992631458b1d8a59902cce,krytybu,CNG Royal,NLC,Top,1,1162.553,1551.877,0.233,,,,,382.996
oe:player:ca18f3cf2fd9adb391d4770c33286f0,Raina,REJECT,LJL,Support,60,1160.081,1529.285,0.232,141.0,0.0,0.0,1.0,3063.01
oe:player:bfcefaea6ffa0c9cdb2667f79b63750,Juliera,XV eSports,CD,ADC,9,1159.13,1613.791,0.232,,,,,256.885
oe:player:c032df73970ffb2f2b585d912f6b20d,Neramin,BBL Dark Passage,TCL,ADC,50,1148.763,1392.166,0.23,136.0,0.0,0.0,1.0,-568.383
oe:player:c8a5b5771d6586478d500c8e992c854,Humzh,Ruddy Esports,NLC,ADC,14,1144.692,1489.628,0.229,157.0,0.0,0.0,0.295,365.135
oe:player:5ee6f2e1b3c6000a67c9dc360a63c63,twohoyrz,WLGaming Esports,LVP SL,Mid,29,1144.326,1430.273,0.229,133.0,0.0,0.0,0.633,-627.136
oe:player:383f77a12561b2634837d3d94ab7580,Broeki,Eintracht Spandau,PRM,ADC,42,1138.378,1442.336,0.228,139.0,0.0,0.0,1.0,-487.424
oe:player:e4219f8b8dc608cdce7b8ee6d5777b4,6ax,BAAM Esports,AL,Mid,24,1138.368,1463.727,0.228,159.0,0.0,0.0,0.633,1003.289
oe:player:6b35468bd45059f6a8450083fc379a9,Nsurr,Karmine Corp Blue Stars,LFL2,Support,52,1137.391,1434.18,0.227,126.0,0.0,0.0,1.0,69.264
oe:player:3dd04f33f85c0832fae4ab452d6c925,Nice Guy Ben,ROSSMANN Centaurs,PRM,Top,49,1135.597,1431.981,0.227,134.0,0.0,0.0,1.0,-490.204
oe:player:5e611e46b08bc06c012b710bf989a1e,pawp,Brod n Friends,NLC,Jungle,6,1135.541,1522.181,0.227,,,,,355.984
oe:player:1bdc5e362e2d73823100ced92441273,Unkn0wn5,Eintracht Frankfurt,AL,ADC,59,1134.678,1366.379,0.227,138.5,0.0,0.0,1.0,999.599
oe:player:11d4eea204ec17c89fd957a648c2e6d,Ryan3,ThunderTalk Gaming Young,INTL_ONLY,ADC,7,1131.798,1550.345,0.226,,,,,-375.277
oe:player:20efc2ad55010cc08bff95571ac8146,Guvez,B2U,NLC,Top,7,1129.187,1520.049,0.226,,,,,349.63
oe:player:74b6d082d7e7a7542e597f069dcc947,Seize,KaBuM! Ilha das Lendas,CD,Jungle,12,1128.569,1619.794,0.226,181.0,0.0,0.0,0.295,226.325
oe:player:8d311f9903ee9a0a4896a49cb18a964,J3rkie,ZennIT,ROL,Support,75,1122.697,1433.681,0.225,135.0,0.0,0.0,1.0,1852.426
oe:player:7287b0a4cd5548a002e49dfdfbbc2e9,Sounda,Forsaken,RL,Jungle,22,1113.148,1499.795,0.223,148.0,0.0,0.0,0.633,471.47
oe:player:566e0849f6b96ad25981ba1c79ce1a7,Hustlin,Ruddy Esports,NLC,Support,14,1113.127,1489.628,0.223,152.0,0.0,0.0,0.295,333.569
oe:player:3b2d059fda23dc133eb0e8d9e184acd,Nomi,CNG Royal,NLC,ADC,16,1112.798,1478.901,0.223,166.0,0.0,0.0,0.295,333.241
oe:player:fe78f3efbfa84d8485d589031596c5b,Pallet,Gamespace Mediterranean College Esports,HLL,Jungle,73,1112.617,1421.472,0.223,139.0,0.0,0.0,1.0,1293.657
oe:player:655e38b95a3554d69f6c7d2de4221aa,Mahonix,Senshi eSports,ROL,Support,64,1110.752,1375.189,0.222,141.0,0.0,0.0,1.0,1840.481
oe:player:bf0fcdb863d11c4f6e7802f434de734,Robocop,Entropiq,HM,Top,78,1109.971,1433.589,0.222,135.0,0.0,0.0,1.0,1191.804
oe:player:a291e13e72870a901a7a03a59d9c6be,Lilipp,Eintracht Spandau,PRM,Support,49,1109.623,1450.282,0.222,136.5,0.0,0.0,1.0,-516.178
oe:player:968ee6efafb843a9c4bbc5a74e7a698,Stalken,BoostGate Esports,TCL,Jungle,13,1105.71,1490.391,0.221,156.0,0.0,0.0,0.295,-611.437
oe:player:bd0655defa1f5f33c2c8ac34cfd9d36,Backlund,GameWard,LFL,Mid,43,1098.116,1446.945,0.22,129.0,0.0,0.0,1.0,-1416.63
oe:player:b927f0e114859670c896b4e9699b395,CbhhuZi,ThunderTalk Gaming Young,INTL_ONLY,Support,7,1094.557,1550.345,0.219,,,,,-412.518
oe:player:89bee56a2a53bdf22737c6d43eedb9c,Matixx,Rich Gang,NLC,Top,22,1091.831,1477.232,0.218,141.0,0.0,0.0,0.633,312.274
oe:player:acb3a05894b7c57412b2d7e911e17dd,Kino,Ground Zero Gaming,PCS,Support,75,1087.522,1490.386,0.218,145.0,0.0,0.0,1.0,1174.893
oe:player:90704735ca9fc01f2244f23f6e5d635,Shiganari,Anubis Gaming,AL,ADC,67,1086.453,1341.623,0.217,137.0,0.0,0.0,1.0,951.373
oe:player:bc5b7cd82bc9e26b3bbdeddeb73c7d8,Booki,Fuego,LRN,Jungle,47,1086.147,1688.068,0.217,149.0,0.0,0.0,1.0,1210.429
oe:player:dda07addeb137c860725f0c964dcbbf,Grevthar,KaBuM! Ilha das Lendas,CD,Mid,57,1082.065,1528.76,0.216,156.0,0.0,0.0,1.0,179.821
oe:player:d9ef4217ba6212bce750345eacf8043,Chan,Partizan Sangal,EBL,Top,58,1078.539,1455.355,0.216,153.0,0.0,0.0,1.0,2113.861
oe:player:9699e95d3df6ce39149264082eed6bf,AisyL,Saigon Dino,VCS,Mid,9,1077.891,1571.05,0.216,,,,,1445.91
oe:player:285107bcc7ed3fdef0a479f78bc211c,DICE,QT DIG∞,LJL,Mid,61,1071.252,1521.606,0.214,148.0,0.0,0.0,1.0,2974.18
oe:player:2142ac69d054acf4d708ee97ab217b3,Puddin,Team Flash,VCS,ADC,40,1069.158,1572.973,0.214,147.0,0.0,0.0,1.0,1437.177
oe:player:5be118a1aa52664e1dff15ff96c1e67,Agresivoo,Back2TheGame,RL,Top,67,1066.174,1453.669,0.213,132.0,0.0,0.0,1.0,424.497
oe:player:f557edcff47190d6f3e4ab271c0c40c,SOLBON,T1 Esports Academy Rookies,LAS,Mid,71,1062.846,2810.995,0.213,134.0,0.0,0.0,1.0,1288.452
oe:player:57abe5a8958c15444e9103873f8565a,Banderas,Bitfix Gaming,NLC,Top,20,1062.444,1467.893,0.212,155.0,0.0,0.0,0.633,282.887
oe:player:8912c5512db9003e5c8ce07b7ff36a8,Recap,REJECT,LJL,Mid,60,1060.985,1529.285,0.212,142.0,0.0,0.0,1.0,2963.914
oe:player:78081d0b3c01f1f295d52d53744261a,Ghost,Estral Esports,LRN,ADC,18,1059.21,1862.49,0.212,181.0,0.0,0.0,0.295,1183.492
oe:player:e2d7872eaf9285188b3a9d3dd4722cd,Xavian,Papara SuperMassive,TCL,ADC,2,1055.154,1534.476,0.211,,,,,-661.993
oe:player:9bfe1d9a8133930196937a8d9735fee,Icarus,NEO ZEPHYR,LFL2,Jungle,5,1054.978,1557.942,0.211,,,,,-13.149
oe:player:44744b6de7f1fa0b93d0e9b7ea328fc,ProDelta,Fluxo W7M,LTA S,Support,35,1052.49,1426.565,0.21,136.0,0.0,0.0,0.633,-1257.564
oe:player:cfcad7b09bed919fa42cc1dd83b6b63,Kasing,Bulldog Esports,NLC,Support,46,1049.033,1430.38,0.21,143.0,0.0,0.0,1.0,269.476
oe:player:c51ce410c124a10e0db5e4b97fc2af3,13,Movistar KOI Fénix,LFL2,ADC,46,1045.43,1434.869,0.209,135.0,0.0,0.0,1.0,-22.698
oe:player:89f252e6a32f75f050118e916bb6874,Wind1,Team Paradox,HLL,Top,58,1043.426,1360.939,0.209,150.0,0.0,0.0,1.0,1224.466
oe:player:2caa05c21e7e142214c20319ff97d09,Kakkun,DetonatioN FocusMe,LCP,ADC,50,1042.34,1459.437,0.208,128.0,0.0,0.0,1.0,-1751.549
oe:player:c2247726b5c15c6b06022f64d4a080a,curty,Fluxo W7M,LTA S,Top,10,1042.31,1520.126,0.208,137.0,0.0,0.0,0.295,-1267.744
oe:player:4aa5790e55ac65c5bea5d009e5a07a3,Koala,Zerance,LFL2,Top,14,1040.333,1548.317,0.208,139.0,0.0,0.0,0.295,-27.795
oe:player:2ac910968ca707b4dbc99a1a15d4b02,putaogou,ThunderTalk Gaming Young,INTL_ONLY,Jungle,7,1031.94,1550.345,0.206,,,,,-475.134
oe:player:e134b2791879ae44a24cf5fc966a4b7,Notiko,Zerance,LFL2,ADC,41,1028.62,1462.67,0.206,133.0,0.0,0.0,1.0,-39.508
oe:player:478d6e0aa109bd37b02147f817ce51b,Zero,TeamOrangeGaming Academy,PRMP,Mid,7,1028.253,1549.756,0.206,,,,,1216.769
oe:player:a5a0a92da1f12d481f7e1699e638000,Mago,RED Academy,CD,Mid,30,1018.889,1524.129,0.204,172.0,0.0,0.0,0.633,116.644
oe:player:c02e230d02c0a012babdd6ec7c5e9d2,Wuis,Zena Esports,HM,Support,61,1015.743,1384.392,0.203,135.0,0.0,0.0,1.0,1097.576
oe:player:5d772fc3cefe6fec269411b8ca18d9d,RustySniper,LEO,NLC,ADC,30,1015.091,1415.005,0.203,145.0,0.0,0.0,0.633,235.533
oe:player:5399ceb619dbb13525a0d52c97acea5,Nanaue,MGN Vikings Academy,VCS,Top,40,1014.936,1507.045,0.203,147.0,0.0,0.0,1.0,1382.955
name:WT whisper,WT whisper,wangting,PCS,Jungle,2,1014.691,1596.453,0.203,,,,,1102.062
oe:player:d35c7aa920cb95c6d81aaf9aad32bac,Watket,Eternal Fire,TCL,Support,8,1013.284,1492.399,0.203,,,,,-703.863
oe:player:15101ae59f2cc7c8836b7e67352b598,Noodle,Team Insidious,AL,Jungle,74,1011.633,1345.813,0.202,141.0,0.0,0.0,1.0,876.554
oe:player:6fcbbff49badbddafbda79a49abba07,STEPZ,inf,LRN,Jungle,27,1010.744,1731.465,0.202,172.0,0.0,0.0,0.633,1135.026
oe:player:25f0cff9d441f59efbaeea64b5d8cdd,Advienne,Nigma Galaxy,AL,Support,3,1009.051,1531.432,0.202,,,,,873.972
oe:player:1879bed8667ed1b6b99f34f9acb6a20,Xeltop,NEO ZEPHYR,LFL2,Mid,5,1006.584,1557.942,0.201,,,,,-61.544
oe:player:8807c97721e343cdc1fa2444cc00415,Thumb,Dplus KIA Challengers,LCKC,Support,19,1006.255,1475.18,0.201,124.0,0.0,0.0,0.295,-1899.429
oe:player:68125a011567f36c4a71aecde125b53,wild,EDG Youth Team,INTL_ONLY,Mid,6,1005.791,1569.514,0.201,,,,,-501.284
oe:player:060a269b0eb445a1b5075034787f0cc,Orca,PSG Talon Academy,PCS,Support,70,1004.647,1496.796,0.201,143.0,0.0,0.0,1.0,1092.018
oe:player:652b15e8a821f5f825693df9ae62a80,Kinatu,REJECT,LJL,Top,60,1002.089,1529.285,0.2,150.0,0.0,0.0,1.0,2905.017
oe:player:9d8b079deedcc90dda4617fb4ffac40,TopLop,Leviatan,LRN,Support,44,1000.193,1656.465,0.2,145.0,0.0,0.0,1.0,1124.475
oe:player:bce8b899b5a93c48a047efc86cff825,MetroArcher,One More Esports,AL,ADC,34,999.685,1414.795,0.2,163.0,0.0,0.0,0.633,864.606
oe:player:ae06413dcf80aa496ab8448d8ea586f,HAWHAW,Bitfix Gaming,NLC,Mid,17,997.294,1481.376,0.199,157.0,0.0,0.0,0.295,217.737
oe:player:c8339988c78a30d995edd584432373c,Whip,ZennIT,ROL,Top,75,995.918,1433.681,0.199,141.0,0.0,0.0,1.0,1725.646
oe:player:087d961f048d8e785c509a7dfd12b16,Thominhas,XV eSports,CD,Support,9,993.424,1613.791,0.199,,,,,91.18
oe:player:5ecdd488ef89261ab43c873c5c643b9,nrmn,Zerance,LFL2,ADC,8,992.575,1551.846,0.199,,,,,-75.553
oe:player:25372337c424d854728ed2a7775efb6,Zanzarah,Eintracht Frankfurt,AL,Jungle,77,991.807,1323.632,0.198,145.0,0.0,0.0,1.0,856.728
oe:player:b0a4ae62486ca215c199e72698738b7,Pabu,Dragons Esports,AL,Jungle,23,990.263,1460.218,0.198,181.0,0.0,0.0,0.633,855.184
oe:player:17d43309750298c14488d50f56fd2b8,Ascend,eSuba,HM,ADC,90,990.112,1423.064,0.198,129.0,0.0,0.0,1.0,1071.945
oe:player:2b3304094ff4e0d52c949a893b64b56,Akkers,Brod n Friends,NLC,Top,6,987.158,1522.181,0.197,,,,,207.6
oe:player:13eab8b40da9787760282cfd4b13ed5,SwiT,Austrian Force willhaben,PRM,Top,18,977.015,1484.166,0.195,145.0,0.0,0.0,0.295,-648.787
oe:player:e545a8a51e56837e3d9786f988a1eee,Tenshi,Barcząca Esports,RL,Mid,21,976.923,1501.412,0.195,146.0,0.0,0.0,0.633,335.246
oe:player:646a06b2c4d7d2798c0945d144f1a71,Tide,Ground Zero Gaming,PCS,ADC,3,971.713,1616.361,0.194,,,,,1059.084
oe:player:cb2b5fa08dcb47ea5d2a10f558acea6,Cape,The Forbidden Five,TCL,Jungle,4,969.149,1522.713,0.194,,,,,-747.998
oe:player:6520964cefa9d79079bf664b7453cfc,Mercy9,Los Heretics,LVP SL,Mid,59,968.031,1347.563,0.194,125.0,0.0,0.0,1.0,-803.431
oe:player:7862c3cea806cfce32fa733b31e9848,Masuyo,Kiedyś Miałem Fun,RL,Mid,1,966.763,1558.873,0.193,,,,,325.085
oe:player:5cc28f31113ec7cd7e546b836ccae2b,Energy,Bitfix Gaming,NLC,Mid,2,963.934,1544.32,0.193,,,,,184.376
oe:player:ee240e952b7fac76ef76014c85f1b66,RYue,wangting,PCS,Top,79,963.342,1473.244,0.193,142.5,0.0,0.0,1.0,1050.714
oe:player:a5a7158118e59ee590424b55bb9aed1,0909,ThunderTalk Gaming Young,INTL_ONLY,Mid,3,962.742,1587.933,0.193,,,,,-544.333
oe:player:8ceaf547caa0fdb71e782a23465ff39,Makes,Flamengo MDL,CD,Top,52,960.979,1542.088,0.192,169.0,0.0,0.0,1.0,58.734
oe:player:f2dee75fcec7a191ec3028a935a480a,Mikusik,Barcząca Esports,RL,Jungle,21,959.191,1501.412,0.192,150.0,0.0,0.0,0.633,317.513
oe:player:d2ccfcc73c1a11410ead8465c7fa18d,Peco,e-Champ Gaming,CD,Mid,17,958.992,1610.137,0.192,190.0,0.0,0.0,0.295,56.747
name:FS Oliv,FS Oliv,FUSION (Latin American Team),LRN,Top,9,951.376,1756.819,0.19,,,,,1075.658
oe:player:72c4ee7519ed3bdf51d369a9bb8bc14,KKT,Lille Esport,LFL2,Jungle,41,950.84,1490.872,0.19,136.0,0.0,0.0,1.0,-117.287
oe:player:e3decbc40c573363c151a8300127922,Seneca,Colossal Gaming,LIT,Support,42,947.888,1455.196,0.19,158.0,0.0,0.0,1.0,1619.165
oe:player:5df80e26e27620b567db59e8567a061,Solid,Estral Esports,LRN,Jungle,18,943.896,1862.49,0.189,190.0,0.0,0.0,0.295,1068.177
oe:player:399324b7e024027e656f6e9add83c14,Enkil,Zero Tenacity,RL,Support,13,943.612,1488.99,0.189,149.0,0.0,0.0,0.295,301.934
name:BFG Kamel69,BFG Kamel69,Bitfix Gaming,NLC,Jungle,3,942.199,1537.004,0.188,,,,,162.642
oe:player:b50c8d6047685ab14db52fcd58f59d6,Lelouch,Guasones,LVP SL,ADC,19,941.779,1462.744,0.188,144.0,0.0,0.0,0.295,-829.683
oe:player:2f0b9f7cda18943425d555b51e570e8,Minous,DN Freecs Challengers,LCKC,Support,28,940.209,1448.211,0.188,131.5,0.0,0.0,0.633,-1965.474
oe:player:c1dc4cf13dc03cfd70b7c1f9ba0421b,Shawi,BoostGate Esports,TCL,Support,6,932.978,1506.941,0.187,,,,,-784.169
oe:player:a47f435a46e32d2567f7af69f9dc20d,XiaoXiang,Deep Cross Gaming,PCS,Mid,14,932.489,1533.304,0.186,182.0,0.0,0.0,0.295,1019.86
oe:player:205f456adac22b2b8cb732651167215,Lulas,DMG Esports,NLC,Jungle,51,930.646,1418.149,0.186,142.0,0.0,0.0,1.0,151.089
oe:player:4633e95a45867812d25dd5dbe236da6,c0st0m,Zerance,LFL2,Mid,19,926.825,1522.637,0.185,154.0,0.0,0.0,0.295,-141.303
oe:player:b31229883dfa81c4ca8c745bdffcc8b,Raïto,NEO ZEPHYR,LFL2,Support,5,926.577,1557.942,0.185,,,,,-141.55
oe:player:dafc6edb9a01b6d96afd03b81a33386,Knighter,Venomcrest Esports,NLC,Mid,13,925.21,1491.899,0.185,162.0,0.0,0.0,0.295,145.653
oe:player:cf3c910f8c5f16b054b35b4a3d1141e,Birkyy,Zero Tenacity,RL,Mid,5,923.469,1532.103,0.185,,,,,281.791
oe:player:293216b9448486fbabc61e7b499066d,Jiux,ThunderTalk Gaming Young,INTL_ONLY,Top,7,921.263,1550.345,0.184,,,,,-585.811
oe:player:818876f560d8dccaba4100c9cd3a9e7,Paixdia,The Forbidden Five,TCL,Support,39,917.507,1410.532,0.184,150.0,0.0,0.0,0.633,-799.64
oe:player:d0b03a02eb4c9dc42beb7eb1640d28f,KoxTroll,DOCISK,RL,Jungle,17,914.972,1496.289,0.183,158.0,0.0,0.0,0.295,273.295
oe:player:5873b1fb84fee6da2afd5f1ec75d917,Dream,Bulldog Esports,NLC,ADC,10,913.863,1511.497,0.183,171.0,0.0,0.0,0.295,134.305
oe:player:c602a11356e2d9318b433e99946ce54,JiaHao,Anyone's Legend.Young,INTL_ONLY,ADC,5,912.873,1567.742,0.183,,,,,-594.202
oe:player:dee96d43d7851840141cdeb46b3d57b,Adiogs,PSG Talon Academy,PCS,Mid,78,911.729,1412.39,0.182,141.0,0.0,0.0,1.0,999.1
oe:player:21e6493dca56a03bd0ccbdef211d187,Husha,Frank Esports,PCS,Jungle,37,907.329,1430.515,0.181,171.0,0.0,0.0,0.633,994.701
oe:player:1248f66f5deaed68c5260e7e2c7bfeb,Krest,One More Esports,AL,Top,42,901.388,1435.229,0.18,150.0,0.0,0.0,1.0,766.308
oe:player:2dae6d22ec7b1db7906a0c24b0939b1,Anato,e-Champ Gaming,CD,Jungle,18,900.749,1603.426,0.18,210.0,0.0,0.0,0.295,-1.495
name:FS ChallenQ,FS ChallenQ,FUSION (Latin American Team),LRN,Mid,9,899.449,1756.819,0.18,,,,,1023.73
oe:player:5a63f3e7e2b4282f07785cdc895d624,Shiku,Golden Lions,LRN,Support,45,897.822,1630.429,0.18,148.0,0.0,0.0,1.0,1022.104
oe:player:ae1ff54dadd99e50982a3b18a489389,Seelame,Team UNiTY,HM,ADC,2,896.133,1550.874,0.179,,,,,977.966
oe:player:cbdaba5605992f8e1635ad782152d65,CPM,ZETA,LVP SL,Top,48,894.55,1356.672,0.179,128.0,0.0,0.0,1.0,-876.912
oe:player:8680bd368479308bf596f843de22077,Elijah,Lundqvist Lightside,NLC,Top,14,892.658,1486.935,0.179,173.0,0.0,0.0,0.295,113.101
oe:player:772b546192f19db52c1f9576e7cc9ca,DenSygeKamel69,Bitfix Gaming,NLC,Jungle,3,886.722,1537.037,0.177,,,,,107.165
oe:player:b24ce0cd392a5b0b8dedc66c2521359,Free,Bilibili Gaming Junior,INTL_ONLY,ADC,4,884.754,1572.554,0.177,,,,,-622.321
oe:player:a432f575f5e48d11f32acbfef40e7f8,Mansterninja,AaB Esport,NLC,Top,1,883.161,1552.424,0.177,,,,,103.604
oe:player:706cf232206925bf8315cfdf4310297,Buero,RATZ,CD,ADC,12,881.451,1596.683,0.176,207.0,0.0,0.0,0.295,-20.794
name:APE Thorfin,APE Thorfin,Apex Predator,VCS,Jungle,5,876.874,1630.289,0.175,,,,,1244.893
oe:player:0634d9e86284da2fae4e1438d564eee,Perkz,Ruddy Esports,NLC,Top,12,873.992,1495.06,0.175,172.0,0.0,0.0,0.295,94.435
oe:player:a2332f2bae92fc439553f58f6ff54fe,xLiang,Weibo Gaming Youth Team,INTL_ONLY,ADC,5,872.194,1562.625,0.174,,,,,-634.881
oe:player:e38b7e92f32edc7bd206592ee7963ca,Eski,CNG Royal,NLC,Support,17,869.032,1478.934,0.174,173.0,0.0,0.0,0.295,89.475
oe:player:9170917b7452bef889def6c113af150,Forest,REJECT,LJL,Jungle,60,866.543,1529.285,0.173,150.0,0.0,0.0,1.0,2769.472
oe:player:5143731d10e0edf3a81ee7d55d8b961,Obstinatus,Verdant,NLC,Support,33,864.599,1460.04,0.173,152.0,0.0,0.0,0.633,85.042
oe:player:a75d4ca0929b3a53c507950ccc366ed,april,Barcząca Esports,RL,Support,21,861.313,1501.412,0.172,143.0,0.0,0.0,0.633,219.635
oe:player:bdb90de1ad7c2b7c38ce6f1177c1f62,Kobbe,Venomcrest Esports,NLC,ADC,13,860.641,1491.899,0.172,168.0,0.0,0.0,0.295,81.084
oe:player:37b570d988e1cdf1e30b1e5a598a6d0,Revolta,Team Revolta,CD,ADC,1,860.224,1678.209,0.172,,,,,-42.021
oe:player:6644a7352d32c9c4443017798130b61,Pun,Team Secret Whales,VCS,Top,55,858.344,1462.347,0.172,151.0,0.0,0.0,1.0,1226.363
oe:player:7244c077377b52c6213e800dd2e0233,Refresh27,Venomcrest Serpents,NLC,Top,1,857.491,1549.7,0.172,,,,,77.934
oe:player:5d36172323ff0ff9fb8e37f163bf44a,EdbyK,GLORE,HM,Top,8,857.223,1527.406,0.171,,,,,939.056
oe:player:dda1e64c8150531b8c60ac8607accb7,Aytekn,Gamespace Mediterranean College Esports,HLL,Top,65,851.296,1417.927,0.17,151.0,0.0,0.0,1.0,1032.335
oe:player:a18df5898bbd2428ef3afb457f47da2,ShazQ,Back2TheGame,RL,Jungle,67,851.268,1453.669,0.17,142.0,0.0,0.0,1.0,209.591
oe:player:96215ee4e13a67c2ac7336f26afeeb9,Wendel,Venomcrest Esports,NLC,Support,13,850.59,1491.899,0.17,161.0,0.0,0.0,0.295,71.032
oe:player:1e44e910fee15960587549f3000f777,Sweeho,ODD Esports,LRN,Mid,15,849.218,1740.068,0.17,200.0,0.0,0.0,0.295,973.5
oe:player:9adc23fff49c05d7b22cfd79ca1841d,denyk,Entropiq,HM,Support,78,847.686,1433.589,0.17,142.0,0.0,0.0,1.0,929.519
oe:player:1e48e6a94caf09f3d8275ffba847eea,Jelly,Fuego,LRN,Support,15,845.154,1680.848,0.169,193.0,0.0,0.0,0.295,969.436
name:BFG Lunar,BFG Lunar,Bitfix Gaming,NLC,Mid,1,843.782,1550.997,0.169,,,,,64.225
oe:player:fbf3b6f00248487b0938436093c4ef7,Wakz,NEO ZEPHYR,LFL2,ADC,5,841.2,1557.942,0.168,,,,,-226.927
oe:player:c3990e9676cbb0c840b42e9223d647f,amatsusune,Rise Gaming,CD,ADC,5,841.121,1653.318,0.168,,,,,-61.123
oe:player:f40abcec99ee8b74e439632fa502643,Weizhe,PSG Talon Academy,PCS,Top,70,840.458,1496.796,0.168,155.0,0.0,0.0,1.0,927.829
oe:player:5ee2cd6074f5a5f37edebee2f481c6b,Drakehero,Alpha7 Esports,CD,Jungle,48,836.404,1531.595,0.167,171.0,0.0,0.0,1.0,-65.84
oe:player:15cf38bf8a684a1b5895ad3daa0e379,Leza,Isurus,LRN,Mid,38,823.755,1591.79,0.165,172.0,0.0,0.0,0.633,948.037
oe:player:82e966ac8c3088168c3c6bd74769eae,Dean,GnG Amazigh,AL,Jungle,81,823.455,1426.043,0.165,164.0,0.0,0.0,1.0,688.375
oe:player:55fc5254b9bd0935b092c052da40452,Kaylem,Lille Esport,LIT,Top,41,818.788,1394.855,0.164,162.0,0.0,0.0,1.0,1490.066
oe:player:c801ff1f6d936b319b8a499cbf4c125,Shoiti,ZGDX Gaming,CD,Support,10,818.508,1646.778,0.164,205.0,0.0,0.0,0.295,-83.737
oe:player:1bc0756ba9102abb5a7cd13d2b618aa,StarScreen,Dragons Esports,AL,Top,49,817.474,1405.794,0.163,162.0,0.0,0.0,1.0,682.395
oe:player:8ee33a7b49463c941b579a317f06ba3,Sotsy,GameWard,LFL,Top,45,814.985,1358.463,0.163,138.0,0.0,0.0,1.0,-1699.762
oe:player:8b153c3b9eccb87dbb8f2a248a60ec5,Druxy,GOAL,HLL,ADC,37,814.03,1452.573,0.163,177.0,0.0,0.0,0.633,995.07
oe:player:9d5e0c4b6e7dee035df1a901f124280,Misanthiel,NEO ZEPHYR,LFL2,Top,5,811.893,1557.942,0.162,,,,,-256.234
oe:player:66dfc0444c571e87d4442178fee3ab4,Guertas,mCon esports,ROL,Jungle,73,808.722,1393.612,0.162,153.0,0.0,0.0,1.0,1538.451
oe:player:5522f05516e62197107dd9166442187,TheHank,Bilibili Gaming Junior,INTL_ONLY,Support,7,805.113,1555.172,0.161,,,,,-701.962
oe:player:77853c4a71c55061b69cd9335ec2e8c,Libra,Team Insidious,HLL,Top,60,797.866,1366.228,0.16,159.0,0.0,0.0,1.0,978.905
oe:player:d9010060524eb15f81d4a5301286782,Ploxy,CNG Royal,NLC,Jungle,4,797.753,1529.05,0.16,,,,,18.195
oe:player:f3e1b8db521dbc3508edf71e37e8863,Pangjin,Ici Japon Corp. Esport,RL,ADC,44,797.077,1397.451,0.159,148.0,0.0,0.0,1.0,155.4
oe:player:2777866851a7a8776edbd6b78239455,Drofan,GOAL,HLL,Jungle,37,796.399,1448.149,0.159,178.0,0.0,0.0,0.633,977.439
oe:player:655ff5d5e29058249fdf0ab0e1389f8,FenRir,KT Rolster Academy,LAS,ADC,74,796.284,2820.367,0.159,151.0,0.0,0.0,1.0,1021.89
oe:player:bded911bd14cf5014849c923fce2a08,Jalleba,FN Esports,AL,ADC,27,793.609,1477.31,0.159,170.5,0.0,0.0,0.633,658.53
oe:player:37b0ff747a3bc11f577c0a05f0dedd1,Samver,REJECT,LJL,ADC,60,788.439,1529.285,0.158,149.0,0.0,0.0,1.0,2691.367
oe:player:0997237547f63b0119f6816c13377e9,Abyss,T1 Esports Academy Rookies,LAS,Support,63,785.887,2813.026,0.157,146.0,0.0,0.0,1.0,1011.494
oe:player:35b5dc29a02b62b577ed0c652af69dd,D0MAS,MY STAR,RL,Mid,17,785.512,1491.558,0.157,171.0,0.0,0.0,0.295,143.834
oe:player:010d6a16efd32515e12371cf630f30e,Lumi,TeamOrangeGaming Academy,PRMP,Support,2,781.256,1580.821,0.156,,,,,969.772
oe:player:5baf54f4030e168391201d9fa0efa71,FireAscept,BoostGate Esports,TCL,Mid,14,777.704,1488.849,0.156,153.0,0.0,0.0,0.295,-939.443
oe:player:dd911153c537eef47206256b970e8a4,Valiant,CNG Royal,NLC,Mid,4,777.419,1529.05,0.155,,,,,-2.138
oe:player:e1ddc411cd92f26392b707a48e5c700,marlon,BAAM Esports,AL,Support,67,775.9,1376.531,0.155,159.5,0.0,0.0,1.0,640.821
oe:player:d7f3cfa48a52dda4354774a809402b2,Nikolex,Lundqvist Lightside,HLL,Jungle,33,775.121,1434.549,0.155,175.0,0.0,0.0,0.633,956.161
oe:player:e8c8d8ba3cafbcbc8a8d0d0ba7a2853,yeti,The Forbidden Five,TCL,Top,31,769.621,1446.561,0.154,158.0,0.0,0.0,0.633,-947.525
oe:player:ef97df9d746d0e65ed18786ab30031c,Insanity,Luminosity Gaming,NACL,Mid,49,767.87,1846.162,0.154,166.0,0.0,0.0,1.0,1994.976
oe:player:751b4e6d134b3c4559459c7921fee5f,Pilot,Rise Gaming,CD,Mid,32,766.551,1594.793,0.153,189.0,0.0,0.0,0.633,-135.693
oe:player:064499cc8ab359fa4293b76349969c1,Nasser,ZETA,LVP SL,Jungle,12,766.325,1481.534,0.153,148.0,0.0,0.0,0.295,-1005.137
oe:player:df6940da41ba9a3df7055e75f3daac9,Draktharr,Team Flash,VCS,Jungle,40,764.957,1572.973,0.153,155.0,0.0,0.0,1.0,1132.976
oe:player:996a6f7b84dac5ef2f92cee17f6be2d,Oguzkhan,Rich Gang,NLC,Jungle,21,762.466,1475.344,0.152,158.0,0.0,0.0,0.633,-17.092
oe:player:b1c7f14a1100cc7c113bfeb8d6b9c5c,Chance2Win,DMG Esports,NLC,Top,15,761.822,1498.507,0.152,170.0,0.0,0.0,0.295,-17.735
oe:player:282a82702dfe9e5d21a45e7753cb925,Jamie,Team Paradox,HLL,ADC,43,761.657,1449.565,0.152,161.0,0.0,0.0,1.0,942.697
oe:player:4501e463571a70aff66e56c6985705e,Six0x,The Forbidden Five,TCL,ADC,12,760.465,1468.44,0.152,170.0,0.0,0.0,0.295,-956.682
oe:player:309826dc90892a624d2d321b6dc9208,Astrai,Dragons Esports,AL,Support,14,760.183,1502.587,0.152,184.0,0.0,0.0,0.295,625.104
oe:player:c122119764a5b11a762eceffb2da2eb,Joexy,BBL Dark Passage,TCL,Support,31,759.829,1429.903,0.152,153.0,0.0,0.0,0.633,-957.318
oe:player:323b1ce118ee27efaa0f0e2d163d31e,Manel,Contrata Logo Meu Time,CD,Support,28,759.332,1564.599,0.152,182.0,0.0,0.0,0.633,-142.913
oe:player:199bbcd68b0c89c2fc2c7892385cb2b,Tao,Karmine Corp Blue Stars,LFL2,Top,42,754.004,1495.366,0.151,151.0,0.0,0.0,1.0,-314.124
name:BCE Blesia,BCE Blesia,Barcząca Esports,RL,Top,3,753.114,1543.539,0.151,,,,,111.437
oe:player:44e13faf3e4fc85b084be5f9d42fa7c,Gru,e-Champ Gaming,CD,ADC,27,753.09,1585.349,0.151,196.0,0.0,0.0,0.633,-149.155
name:CNG Kry,CNG Kry,CNG Royal,NLC,Top,3,752.376,1534.912,0.15,,,,,-27.182
oe:player:a9264b1add014881c8d91609de2b7d6,Zkai,CTBC Flying Oyster Academy,PCS,Top,65,751.821,1510.654,0.15,164.0,0.0,0.0,1.0,839.192
oe:player:c5938bf5bdab7fa83e248750b4479d0,Matthieu,Venomcrest Serpents,NLC,Support,4,751.74,1529.931,0.15,,,,,-27.818
oe:player:218c4fe83f2d8946559a581fb8829e3,Cryscata,Ground Zero Gaming,PCS,Support,3,751.368,1616.361,0.15,,,,,838.74
name:BFG BunnyBeast,BFG BunnyBeast,Bitfix Gaming,NLC,ADC,6,750.152,1520.383,0.15,,,,,-29.405
oe:player:81672fafdf160235f5c96b5956ae3bc,Beenie,7REX,CD,ADC,35,748.856,1580.726,0.15,196.0,0.0,0.0,0.633,-153.389
oe:player:eebb2f9099c6ce75080c3eb3a1c24bd,Domas,MY STAR,RL,Support,14,748.047,1494.182,0.15,162.0,0.0,0.0,0.295,106.37
oe:player:9fbfcaef69533c0545859880e974572,Heru,Bilibili Gaming Junior,INTL_ONLY,Mid,7,745.17,1555.172,0.149,,,,,-761.905
oe:player:841a978d22c2c8dcd749d2f815ba823,BiIIy,wangting,PCS,Jungle,16,743.591,1527.744,0.149,194.0,0.0,0.0,0.295,830.963
oe:player:7f74c1fc50f80a06152c610c4a3b034,Yerikan,PÊEK Gaming,LRN,Support,14,741.517,1723.967,0.148,196.0,0.0,0.0,0.295,865.799
oe:player:f216690ac90e0a1c2097a616cb4453e,Sparz,GnG Amazigh,AL,Support,48,734.433,1402.686,0.147,159.0,0.0,0.0,1.0,599.354
oe:player:825a3d98017bab11815ad2817201324,Shift,Entropiq,HM,Jungle,78,731.05,1433.589,0.146,149.0,0.0,0.0,1.0,812.883
oe:player:71377313ba2d55840d31403fa81fd5b,risdrengen,KAOS e-sport,NLC,ADC,1,726.548,1551.908,0.145,,,,,-53.009
oe:player:8a0883855988aadb0c22117c2c96da7,Infinity,Guasones,LVP SL,Jungle,18,724.341,1481.057,0.145,174.0,0.0,0.0,0.295,-1047.121
oe:player:5593286e060bac4a9a0e04fcc52978b,Dandom,DMG Esports,NLC,Jungle,25,723.983,1430.756,0.145,173.0,0.0,0.0,0.633,-55.574
oe:player:179d3fa9456193e6ccdbf7ae4938c4a,Ajwad,Anubis Gaming,AL,Jungle,16,722.716,1486.5,0.145,198.0,0.0,0.0,0.295,587.637
oe:player:bcd61ebb24698511281a624595bb2f7,Hazel,Karmine Corp Blue Stars,LFL2,ADC,42,715.389,1495.366,0.143,148.5,0.0,0.0,1.0,-352.739
oe:player:a1f7f2fe1ac52d8e96df181b0a94b6b,Deceiving,FN Esports,AL,Mid,27,715.361,1477.31,0.143,167.0,0.0,0.0,0.633,580.282
oe:player:cb5feb1b7314637725a2e73bdc9f729,Color,Macko Esports,LIT,Top,19,715.093,1532.434,0.143,219.0,0.0,0.0,0.295,1386.37
oe:player:3360bddfd5a9895c2444f9b5a290bf3,IHEBIC,GTZ Esports,AL,Support,13,712.112,1474.139,0.142,197.0,0.0,0.0,0.295,577.033
oe:player:0bdbb2c325525e986d55ef50ca66d05,APP,Crvena zvezda Esports,EBL,Top,74,710.627,1396.743,0.142,162.5,0.0,0.0,1.0,1745.949
oe:player:e933b367116c26447ee977e32c98b68,Naros,PÊEK Gaming,LRN,ADC,2,707.452,1780.043,0.141,,,,,831.733
oe:player:02be2c707e3d044459e9b210bc90121,OWLONSKY,FN Esports,AL,Jungle,27,696.699,1477.31,0.139,175.0,0.0,0.0,0.633,561.62
oe:player:c08f75d1d70bf068013b32f60fe96a5,Vigil,Colossal Gaming,LIT,Mid,51,696.315,1415.38,0.139,167.0,0.0,0.0,1.0,1367.592
oe:player:7226d142e35d427b0a90822a3912973,Kenal,Austrian Force willhaben,HLL,ADC,56,687.758,1353.526,0.138,157.5,0.0,0.0,1.0,868.798
oe:player:2f4dff060d224582dc34b449697b12c,Lothen,Back2TheGame,RL,ADC,65,687.588,1445.62,0.138,148.0,0.0,0.0,1.0,45.911
oe:player:903d6702e4ffd1b08528770a96a4579,MasuHana,Sponge Gaming,PCS,Top,10,687.465,1549.281,0.137,205.0,0.0,0.0,0.295,774.836
name:F0X Fr0zen ,F0X Fr0zen ,Fox Gaming,AL,Support,2,686.841,1540.703,0.137,,,,,551.762
oe:player:d22a9f456619f24133f9d0ddff50051,Panther,Hanwha Life Esports Academy,LAS,Top,83,680.275,2819.775,0.136,157.0,0.0,0.0,1.0,905.881
oe:player:7242ffc73c8e8a7063279aed1c85e10,Raydell,FUSION (Latin American Team),LRN,Jungle,9,675.512,1756.819,0.135,,,,,799.793
oe:player:d730e6017b42d1784032e728fcd4eef,Kirei,CGN Esports,PRM,Jungle,7,675.268,1503.631,0.135,,,,,-950.534
oe:player:e3ac8e6e256fe87edbf80c21beeb6d2,Herma,Ground Zero Gaming,PCS,ADC,76,672.697,1495.713,0.135,152.5,0.0,0.0,1.0,760.069
name:INF Stepz,INF Stepz,inf,LRN,Jungle,2,672.09,1780.451,0.134,,,,,796.371
oe:player:47fee7d633dec51ec9eff632349f05c,Pleasure,KT Rolster Academy,LAS,Support,74,670.799,2820.367,0.134,153.0,0.0,0.0,1.0,896.405
oe:player:958cbc19bb15e852a32a597f8674e1c,Ze Luis,Otter Side,LPLOL,Support,35,670.757,1427.157,0.134,179.0,0.0,0.0,0.633,2295.97
oe:player:6dc7ae729c87dd9b26169b0fbaf04e7,Jenxas,MY STAR,RL,Jungle,17,670.579,1491.558,0.134,187.0,0.0,0.0,0.295,28.902
oe:player:8b335865b2c0a24c0b6386043da4be4,Artanis,Bulldog Esports,NLC,Jungle,10,670.51,1511.497,0.134,184.0,0.0,0.0,0.295,-109.047
oe:player:5d4533491a34d8306436b20deddc4d3,Silk,Otter Side,LPLOL,Mid,15,667.884,1501.706,0.134,202.0,0.0,0.0,0.295,2293.096
oe:player:de6b46438c8c6889b6dbf0684b1effa,Koala,Frank Esports,PCS,Support,74,667.089,1397.645,0.133,161.0,0.0,0.0,1.0,754.461
oe:player:0597ac632095e480098c6cb5c1ae596,ZOEN,Isurus,LRN,Top,37,661.611,1604.875,0.132,177.0,0.0,0.0,0.633,785.893
oe:player:a2e1e40c83fe5fd9efb5f50a67d9194,Nan0,Austrian Force willhaben,PRM,Mid,64,661.057,1404.426,0.132,150.0,0.0,0.0,1.0,-964.745
oe:player:ec1ded07ef63c411f33328e1ff5fc5f,Thoug,Bitfix Gaming,NLC,Support,6,658.593,1520.383,0.132,,,,,-120.964
oe:player:9a78213b3bc77c76369c2aca27257b9,MnM,Frank Esports,PCS,Support,41,657.538,1476.622,0.132,154.5,0.0,0.0,1.0,744.91
oe:player:f040ee0b8c54295cc2347930040681a,Mysterias,Lundqvist Lightside,NLC,Top,1,646.984,1552.098,0.129,,,,,-132.573
oe:player:ecb10a3e37769b528956cc93d3c7756,DahVys,BAAM Esports,AL,Jungle,49,644.638,1407.163,0.129,171.0,0.0,0.0,1.0,509.559
oe:player:83e8cd90b8f749d97144c0bb4fed90c,Arnax,MY STAR,RL,Top,17,643.119,1491.558,0.129,178.0,0.0,0.0,0.295,1.441
oe:player:b7253194da688a72744ff1c032b6cea,Soft,KT Rolster Academy,LAS,Jungle,74,641.101,2820.367,0.128,152.5,0.0,0.0,1.0,866.707
oe:player:e146c7a6792a431dcc116aab343d646,Pericolo,Zena Esports,LIT,ADC,22,638.348,1506.144,0.128,191.0,0.0,0.0,0.633,1309.625
oe:player:4817eee6e21d12824c37bfbdaf2c325,Kaymin,Bulldog Esports,NLC,Mid,36,638.072,1465.443,0.128,160.0,0.0,0.0,0.633,-141.485
name:CNG LWolfyx,CNG LWolfyx,CNG Royal,NLC,ADC,1,636.444,1551.809,0.127,,,,,-143.113
oe:player:da36e5cf72c5a1bbff37ea174b8138d,Ketsuo,Venomcrest Serpents,NLC,Mid,4,636.134,1529.931,0.127,,,,,-143.423
oe:player:1bf0a2069f5d7c3cc5b32726049a99f,Sekkou,Crvena zvezda Esports,EBL,Support,49,635.409,1458.719,0.127,168.0,0.0,0.0,1.0,1670.731
oe:player:c0062863e3e99f67607ad1ae9a4299a,Ripple,KT Rolster Academy,LAS,Top,74,626.304,2820.367,0.125,158.0,0.0,0.0,1.0,851.91
oe:player:f683aadb1720a4a1766fcfc3b6d3ef5,Hunt,Bulldog Esports,NLC,Mid,4,624.912,1533.433,0.125,,,,,-154.646
oe:player:e53268a4e85477f3651cd836f6ea4f2,PmK,DOCISK,RL,Top,32,623.345,1456.818,0.125,165.0,0.0,0.0,0.633,-18.333
oe:player:97a0400043a4c39d3fba098cb45be22,Aggress1on,A One Man Army Prime,PRM,ADC,4,622.901,1530.889,0.125,,,,,-1002.901
oe:player:ea59ed7143fd7b146ddf97069e964ef,Sahl,FN Esports,AL,Support,27,622.615,1477.31,0.125,171.5,0.0,0.0,0.633,487.536
oe:player:6d3ae00b3064c51b2f1d2a2922fdd68,Kituruken,Zerolag Esports,HLL,Jungle,28,622.189,1452.939,0.124,189.0,0.0,0.0,0.633,803.229
oe:player:e5302bf647c425db08436c41c7e5ed1,Pout,Saigon Dino,VCS,Mid,20,619.673,1560.922,0.124,167.0,0.0,0.0,0.633,987.692
oe:player:0c62fd79ff1b32f4a102ed4c9e00f6d,Frexey,MY STAR,RL,ADC,17,619.124,1491.558,0.124,182.0,0.0,0.0,0.295,-22.553
oe:player:fc933812510df6cb519bd1bb5677631,Maged,Anubis Gaming,AL,Top,94,618.805,1362.482,0.124,168.0,0.0,0.0,1.0,483.726
oe:player:c5297b90d38a4be4c290d17de208d7a,Jackal,Hanwha Life Esports Academy,LAS,Jungle,83,618.225,2819.775,0.124,160.5,0.0,0.0,1.0,843.831
name:BROD Propapanda,BROD Propapanda,Brod n Friends,NLC,Support,1,617.935,1551.699,0.124,,,,,-161.622
oe:player:aa177d8f2ab4462f4b16c53f5102c0f,Yuri,Sponge Gaming,PCS,Mid,10,617.667,1549.281,0.124,203.0,0.0,0.0,0.295,705.039
oe:player:054278a12ab2dc32b90504436297f38,UniqueCORN,FlameHard,HM,Mid,52,617.351,1393.346,0.123,165.0,0.0,0.0,1.0,699.184
oe:player:72f8810468816d80ddeaf9a547ae7f5,Xicor,GnG Amazigh,LFL2,ADC,44,617.197,1398.126,0.123,144.5,0.0,0.0,1.0,-450.931
oe:player:35859191db73609302debbc5c43117c,Fuuu,Fluxo W7M,LTA S,Mid,30,616.617,1488.434,0.123,160.0,0.0,0.0,0.633,-1693.437
name:LGR V4MPYRE,LGR V4MPYRE,Ligre Gaming,CD,Top,5,615.608,1680.903,0.123,,,,,-286.637
oe:player:b8c5bfbff49a0f1459f1c15d824fde7,Sebekx,GOAL,RL,Mid,28,607.647,1452.347,0.122,160.0,0.0,0.0,0.633,-34.031
oe:player:b23f665210a1914cab61bc8eba4c9ae,Ranger,KaBuM! Ilha das Lendas,CD,Jungle,3,605.955,1666.254,0.121,,,,,-296.29
oe:player:ac596885db89d41642abc59bfc6f6d4,Liivek,DOCISK,RL,Mid,32,604.342,1456.818,0.121,162.0,0.0,0.0,0.633,-37.336
oe:player:3a470428d3eaeab9ccea451308f3037,Septico1,GnG Amazigh,AL,Top,81,599.251,1426.043,0.12,168.0,0.0,0.0,1.0,464.172
oe:player:a728cf8e12a5217d49b3f9903e02c38,Washidai,QT DIG∞,LJL,Top,61,597.594,1521.606,0.12,166.0,0.0,0.0,1.0,2500.522
oe:player:ab9366914e9c694eeb87a3565721379,Akanania,Team UNiTY,HM,ADC,16,597.228,1508.937,0.119,192.0,0.0,0.0,0.295,679.061
oe:player:386a28a15799cb9de4f7387f20a6fe1,Thorden,AaB Esport,NLC,Jungle,4,595.816,1536.457,0.119,,,,,-183.741
name:WP rcg,WP rcg,West Point Esports,PCS,Mid,3,593.661,1592.96,0.119,,,,,681.032
oe:player:5bf1b803771e3a118a9db1fdfcbaa58,Chrisberg,Venomcrest Serpents,NLC,ADC,4,588.9,1529.931,0.118,,,,,-190.657
oe:player:8f38bd56a477db38563e43ca3bc5994,Cid,KT Rolster Academy,LAS,Mid,74,588.62,2820.367,0.118,151.0,0.0,0.0,1.0,814.226
oe:player:88ad8c06f0b0abb7ab5851206fd36ad,Bjoernen,AaB Esport,NLC,ADC,4,587.532,1536.457,0.118,,,,,-192.025
oe:player:91681caf5c49f1f2d688c2e3da899da,PHT,Venus Gaming,VCS,Mid,2,586.282,1644.424,0.117,,,,,954.301
oe:player:6ebdf3a3b56c113137109c45c2abc8f,Tomio,Luminosity Gaming,NACL,Jungle,51,585.194,1848.334,0.117,183.0,0.0,0.0,1.0,1812.3
oe:player:97a187a4f398da36bdb05cf62b82109,Bambi,GMBLERS Esports,LIT,Top,21,584.976,1477.579,0.117,196.0,0.0,0.0,0.633,1256.253
oe:player:dcd93cc48ba71890cc0580de524f536,FGG,eSuba,HM,Support,58,582.848,1439.942,0.117,159.0,0.0,0.0,1.0,664.681
oe:player:4c56aef4b6fee236568a5769a8328aa,Xeonerr,Crvena zvezda Esports,EBL,Jungle,82,582.685,1357.497,0.117,174.5,0.0,0.0,1.0,1618.006
oe:player:a2694196d288cd26055602729d0bb5c,HeSSZero,Bulldog Esports,ROL,Top,55,580.848,1410.458,0.116,177.0,0.0,0.0,1.0,1310.577
oe:player:f064e548adf728629afbc6fee730317,Leo,OKSavingsBank BRION Challengers,LCKC,ADC,27,578.134,1456.812,0.116,159.0,0.0,0.0,0.633,-2327.549
oe:player:8bbea3eed9dfaa55f877e34297b08ab,Akashi,Anubis Gaming,AL,Mid,40,575.888,1440.77,0.115,169.0,0.0,0.0,1.0,440.809
oe:player:91339b2ef99dce238735c03bae031d1,Soraaa,Team Flash,VCS,Support,40,571.745,1572.973,0.114,156.0,0.0,0.0,1.0,939.764
oe:player:c7c0cc0b057c316e22af5c5da55c0c8,Guigs,KaBuM! Ilha das Lendas,CD,Support,44,567.452,1522.697,0.113,174.0,0.0,0.0,1.0,-334.793
oe:player:3760ca2476e54dceef5926aa4d8430e,Yusah,Saigon Dino,VCS,Jungle,24,566.566,1540.153,0.113,177.0,0.0,0.0,0.633,934.585
oe:player:25546fe55464aef59d6f46b52f22bcb,Ophelia,ULF Esports,TCL,Mid,14,566.44,1490.229,0.113,169.0,0.0,0.0,0.295,-1150.706
oe:player:7db16a4ce881aecec2bfeb3e0c74188,Marvin,Fluxo W7M,LTA S,ADC,30,565.078,1488.434,0.113,163.0,0.0,0.0,0.633,-1744.976
oe:player:177a9d9be693775e2c85ec930e07ed4,Anyone,DOCISK,RL,ADC,47,563.303,1424.14,0.113,153.5,0.0,0.0,1.0,-78.374
oe:player:4b20700639bada36a5a58cc4a8e7135,Eyliph,Skillcamp,LFL2,Top,47,560.78,1487.128,0.112,156.0,0.0,0.0,1.0,-507.347
oe:player:dd335f498ed05ba3881a0fbbaf77769,Ronaldo,Bushido Wildcats,NLC,Mid,28,559.719,1455.259,0.112,179.0,0.0,0.0,0.633,-219.839
oe:player:31fcee25eb58c4dad5616a879948390,Wenbo,Bilibili Gaming Junior,INTL_ONLY,Top,4,559.399,1572.554,0.112,,,,,-947.676
oe:player:ab943d97892a252a6d27378f8ed94ee,Rafitta,WLGaming Esports,HLL,ADC,18,554.954,1491.126,0.111,209.0,0.0,0.0,0.295,735.993
oe:player:7bd90ef7b6699a12ee8176f4708f165,Hosanna,Gen.G Scholars,LAS,Support,65,547.218,2817.501,0.109,160.0,0.0,0.0,1.0,772.825
oe:player:fc222b2fd22414e0b9e40aaee65fcb5,MUDAI,Gen.G Scholars,LAS,ADC,65,542.998,2817.501,0.109,164.0,0.0,0.0,1.0,768.604
oe:player:2b43286329a8ad1ac467e935f64f183,DD1,Venus Gaming,VCS,Jungle,2,541.057,1644.424,0.108,,,,,909.076
name:DCT JDD,DCT JDD,DCT eSports,LRN,Top,5,534.994,1762.309,0.107,,,,,659.276
oe:player:88aaf97f9ff17ebf5822aa555db972e,Deletus,Austrian Force willhaben,PRM,Jungle,8,534.219,1496.57,0.107,,,,,-1091.583
oe:player:c740f85027b40c5b52e03b0233888f2,Nio,The Secret Club,LPLOL,Support,50,534.136,1429.399,0.107,169.0,0.0,0.0,1.0,2159.348
oe:player:a6a36903b25e4b37abcb266dfcba83c,cicil,Dark Roses,CD,Support,6,532.536,1612.36,0.107,,,,,-369.709
oe:player:152685ce71976230d0a430a5e8882c0,Dotmm,PSG Talon Academy,PCS,ADC,70,532.201,1496.796,0.106,160.0,0.0,0.0,1.0,619.572
oe:player:add08608ba906530f9a94670d12e77c,Mentos,Team Insidious,HLL,Mid,44,530.135,1428.617,0.106,165.0,0.0,0.0,1.0,711.174
oe:player:06f016d5551322d49fad225b21de646,kehvo,Rich Gang,AL,ADC,58,528.132,1391.97,0.106,175.0,0.0,0.0,1.0,393.053
oe:player:501007c5ed71f0153348a2352ed154f,Mihai,Skillcamp,EBL,ADC,64,528.021,1385.004,0.106,174.0,0.0,0.0,1.0,1563.342
oe:player:b5787d5b70ea9771cc650b322c2a745,K0G0LA,Ligre Gaming,CD,Jungle,5,527.066,1680.903,0.105,,,,,-375.179
oe:player:c4d64ae9f01ee43ec2367d28eeadbea,Chika,MGN Vikings Academy,VCS,Mid,23,526.497,1556.783,0.105,172.0,0.0,0.0,0.633,894.516
oe:player:4e0619e57cb50c4ab1230c2dd72df1b,Tactical,Luminosity Gaming,NACL,ADC,51,520.074,1848.334,0.104,181.0,0.0,0.0,1.0,1747.179
oe:player:39e08d2d04f275e3e90ccf59d29e60e,Ersin,NextGeneration Esports,AL,Top,18,516.476,1458.568,0.103,200.0,0.0,0.0,0.295,381.397
oe:player:413e2abb884854a2fe8bdfa3fac0b7e,SanSan,MGN Vikings Academy,VCS,Jungle,23,515.971,1556.783,0.103,180.0,0.0,0.0,0.633,883.99
oe:player:fe3d1308198b42c46001504c1ca8190,Sleepy,ZGDX Gaming,CD,Mid,10,515.389,1646.778,0.103,219.0,0.0,0.0,0.295,-386.856
oe:player:d4fa98b87b772a8882688a09c07a4ac,Randal,e-Champ Gaming,CD,Jungle,9,515.132,1630.728,0.103,,,,,-387.112
oe:player:24f3609e1a32f77b465f8eab4af9458,Mako,BoostGate Esports,TCL,ADC,23,515.027,1439.831,0.103,171.0,0.0,0.0,0.633,-1202.12
oe:player:66d46dceff7e43a5e240e5c7b32ef69,konseki,7REX,CD,Support,30,512.723,1563.097,0.103,197.5,0.0,0.0,0.633,-389.521
oe:player:f23c7426104cc4df2b49b3be2c6d024,IlllIma,Ground Zero Gaming,TCL,Top,27,511.739,1411.555,0.102,163.0,0.0,0.0,0.633,-1205.408
oe:player:abe2ad07033b755d74cc880715362ab,Nikiyas,Gamespace Mediterranean College Esports,HLL,ADC,43,511.584,1379.742,0.102,187.0,0.0,0.0,1.0,692.624
oe:player:1408a3cdf492161329cf78c167369ec,Liweier,West Point Esports,PCS,Jungle,36,510.493,1466.962,0.102,186.0,0.0,0.0,0.633,597.864
oe:player:ae47062e8906d12c9f92a2ec49fce87,Endz,MY STAR,RL,Support,3,509.382,1543.099,0.102,,,,,-132.296
oe:player:ab63f23cb70efb21206f0006e23659f,Xin,CTBC Flying Oyster Academy,PCS,Jungle,65,508.661,1510.654,0.102,170.5,0.0,0.0,1.0,596.033
oe:player:04d8d57065f355309b2887a6e49d58b,Bayonetta,Otter Side,LPLOL,Top,16,508.485,1500.262,0.102,204.0,0.0,0.0,0.295,2133.697
oe:player:dc760d6884ce21614b2389ac1c05ec2,FakeGod,Luminosity Gaming,NACL,Top,51,506.891,1848.334,0.101,179.0,0.0,0.0,1.0,1733.996
oe:player:c27aed165db76f8a69fc4acaaa06f5b,Liar,BNK FEARX Academy,LAS,ADC,35,502.448,2819.723,0.1,186.0,0.0,0.0,0.633,728.054
oe:player:00b24935186a21ba729a4d774873616,h0la,Bastu Five,NLC,Top,4,498.14,1535.244,0.1,,,,,-281.417
oe:player:0507d9bfebd30433c8bf1afd2bdb337,Aitze,BERZLOY,HLL,Mid,4,494.347,1546.667,0.099,,,,,675.387
oe:player:7271041e578de87185bdaa37433c810,Anonymouss,The Secret Club,LPLOL,Jungle,50,494.25,1429.399,0.099,170.0,0.0,0.0,1.0,2119.463
oe:player:92ba66e2506a6c9bdeea3e7cbb5ebdc,Kartso,BERZLOY,HLL,Support,4,492.575,1546.667,0.099,,,,,673.615
oe:player:1a054b9e92d2152d185c99911b65bee,Koldo,Veni Vidi Vici,LVP SL,Jungle,33,490.508,1408.183,0.098,158.0,0.0,0.0,0.633,-1280.954
oe:player:9543a90d85dc2083fdfcd1e615abebf,Baula,SDM Tigres,LRN,Support,8,490.192,1773.364,0.098,,,,,614.474
oe:player:a7f13cdcf336d7020a4041a19dfcb17,Fraze,Venomcrest Serpents,NLC,Jungle,4,486.217,1529.931,0.097,,,,,-293.341
oe:player:1d57628e6616e1310caa700bd96f73f,Krimson,Zerance,LFL2,Jungle,47,485.847,1506.511,0.097,151.0,0.0,0.0,1.0,-582.28
oe:player:b5d46805ff0a618dc4c33f3d2f43102,Enjawve,Lille Esport,LFL2,Support,40,485.475,1487.995,0.097,150.0,0.0,0.0,1.0,-582.652
oe:player:1a740a591a50ad4ba881e6b4a4d2446,MathisV,Karmine Corp Blue Stars,LFL2,Mid,42,484.135,1495.366,0.097,149.0,0.0,0.0,1.0,-583.993
oe:player:59c71806fd37de3c8ee6a637c98fb86,Akre,VfB eSports,PRMP,Jungle,3,483.327,1559.447,0.097,,,,,671.843
oe:player:b57e72ed35022b11f16f095682ff782,Anyyy,Rise Gaming,CD,Mid,22,481.209,1609.043,0.096,205.0,0.0,0.0,0.633,-421.036
oe:player:ecdb594501a5800ad0f5c4e6b3b5a84,Yupps,Rise Gaming,CD,Top,46,480.718,1544.443,0.096,191.0,0.0,0.0,1.0,-421.527
name:NG VAEII,NG VAEII,NextGeneration Esports,AL,Mid,10,479.46,1507.358,0.096,215.0,0.0,0.0,0.295,344.38
oe:player:5614c643c96cea5858c696eee9d509b,Eclipse,Hanwha Life Esports Academy,LAS,ADC,83,479.095,2819.775,0.096,160.0,0.0,0.0,1.0,704.701
oe:player:f8be55ccdcf2bfba19954d13ecb3d68,Daggur,AaB Esport,NLC,Mid,4,477.979,1536.457,0.096,,,,,-301.579
oe:player:53b5a70afb9b7111238d31c08ab9a26,Sleyer,Lille Esport,LFL2,Top,28,477.37,1507.589,0.095,169.0,0.0,0.0,0.633,-590.757
oe:player:7585ae00ba76b8424cd8cc4cb7c1d47,Dan,Anubis Gaming,AL,Jungle,26,476.375,1474.281,0.095,192.5,0.0,0.0,0.633,341.296
oe:player:0c02ac62f11fd279e6b02c97c545c13,Metroflox,Zena Esports,LIT,Jungle,42,469.03,1446.502,0.094,180.0,0.0,0.0,1.0,1140.307
oe:player:d9130e62c84d597edb5ac4748fa3a71,Callian,MGN Vikings Academy,VCS,Support,41,467.761,1513.38,0.094,156.0,0.0,0.0,1.0,835.78
oe:player:8d230b81f13b07e2df210f7351f1f97,alix,Crvena zvezda Esports,EBL,Mid,76,466.776,1370.266,0.093,174.5,0.0,0.0,1.0,1502.098
name:VNCS Refresh,VNCS Refresh,Venomcrest Serpents,NLC,Top,3,466.637,1537.374,0.093,,,,,-312.92
oe:player:4bbd1ebce66dcfe91e2d9eb4cfa547d,Genos,Dark Roses,CD,Jungle,6,464.429,1612.36,0.093,,,,,-437.816
oe:player:ade06decf6a36427e564af1f48f0cf3,Lingwi,Karmine Corp Blue Stars,LFL2,Support,1,459.985,1586.011,0.092,,,,,-608.142
oe:player:bb0b65400dfa98b18cc4287b86bd6de,Shourdy,Odivelas Sports Club,HM,Top,44,457.426,1406.502,0.091,167.0,0.0,0.0,1.0,539.259
oe:player:df72759c8339d15228c11df5bdc62bb,FIERCE,Gamespace Mediterranean College Esports,HLL,Mid,22,455.698,1476.948,0.091,187.0,0.0,0.0,0.633,636.738
oe:player:1ed985bf5e092b7db1264cd79db60ea,Archfiend,Zena Esports,LIT,Top,24,455.274,1492.232,0.091,196.5,0.0,0.0,0.633,1126.551
oe:player:7b8bb09e42188a5dceb635db2b6b25b,Phila,Bastu Five,NLC,Support,4,454.913,1535.244,0.091,,,,,-324.645
oe:player:d8c98ae99867b26d4d91d1b852c131f,Koussay,GnG Amazigh,AL,Mid,81,453.085,1426.043,0.091,165.0,0.0,0.0,1.0,318.006
oe:player:310b0b6b9208c01085e034b3a61015c,IceBreaker,Gamespace Mediterranean College Esports,HLL,Top,8,451.729,1509.975,0.09,,,,,632.769
oe:player:922947616039031e1d3e40d6176930c,ChiCh1,West Point Esports,PCS,ADC,64,448.859,1496.041,0.09,174.5,0.0,0.0,1.0,536.231
oe:player:54e9f4e2180ec7ba9be64e655fb153c,Turtle,KAOS e-sport,NLC,Top,12,448.691,1515.395,0.09,196.0,0.0,0.0,0.295,-330.866
name:FUE Devost,FUE Devost,Fuego,LRN,Top,3,448.63,1778.883,0.09,,,,,572.912
oe:player:766cc4dd4d5005652e8514e3513683f,Gemini,Frank Esports,PCS,Jungle,81,448.384,1445.864,0.09,157.0,0.0,0.0,1.0,535.756
oe:player:36a55a7a73f82b7ca788e2db7760dbb,Yuhi,QT DIG∞,LJL,ADC,61,447.274,1521.606,0.089,168.5,0.0,0.0,1.0,2350.203
oe:player:c0b30f85945d6c31d3b95e8dadc418e,Lofti,LEO,NLC,Mid,15,447.11,1488.376,0.089,185.0,0.0,0.0,0.295,-332.448
oe:player:a0c87894f0e56ae5f63b8d22f450532,FENZ1,The Secret Club,EBL,Mid,47,446.778,1462.154,0.089,189.5,0.0,0.0,1.0,1482.1
oe:player:76d9194a43bb1cdb0fff4b226738301,justcan,AVE Axolotl,LIT,Support,37,446.274,1437.033,0.089,194.0,0.0,0.0,0.633,1117.551
oe:player:f8f91105312c12b962c52664bb895c7,SzfyLan,Anyone's Legend.Young,INTL_ONLY,Support,7,443.427,1548.319,0.089,,,,,-1063.648
oe:player:371dfc158ccca5d527f0b5b11743e20,Lindgarde,Gamespace Mediterranean College Esports,HLL,ADC,22,440.268,1476.948,0.088,197.0,0.0,0.0,0.633,621.308
oe:player:54f12a66b933ff3aea1ccfd921da93e,Wrongo,Zerolag Esports,HLL,Support,16,433.698,1486.239,0.087,216.0,0.0,0.0,0.295,614.738
oe:player:d18a2aec1fa9649ae9a48bded2f4ccf,selenex,Guasones,LVP SL,Top,34,431.416,1442.846,0.086,176.0,0.0,0.0,0.633,-1340.046
oe:player:c782675212f4c079c9ebf4ec9bd2b82,Baki,Venomcrest Esports,NLC,ADC,12,431.179,1474.283,0.086,191.0,0.0,0.0,0.295,-348.378
oe:player:a8c7815094d487c4c9a3a7276986005,Niqkl,TeamOrangeGaming Academy,PRMP,Top,4,424.932,1563.737,0.085,,,,,613.448
oe:player:bdd897c4392cb21ba42dc9c23d7cab7,YamatoCannon,Ruddy Esports,NLC,Top,1,419.787,1550.372,0.084,,,,,-359.77
oe:player:2f5a7b100add051eee489744b2de194,Royeq,Leões Porto Salvo Esports,RL,ADC,26,415.433,1459.686,0.083,177.0,0.0,0.0,0.633,-226.245
oe:player:e44602d2b633e9b0392fc264d1ae1a9,Iheb,Dragons Esports,AL,Support,34,414.38,1476.914,0.083,184.0,0.0,0.0,0.633,279.301
oe:player:746358f79978fecf5a3b4eeee608490,Kaboom,Papara SuperMassive,LIT,Jungle,29,410.6,1413.868,0.082,215.0,0.0,0.0,0.633,1081.877
oe:player:423667fba2f135c9f20a1ab95308e08,Baashh,Karmine Corp Blue Stars,LFL2,Jungle,42,408.867,1495.366,0.082,157.0,0.0,0.0,1.0,-659.261
oe:player:e01477fd207fef2d6474585a75fbcbd,Goldenpenny,Lundqvist Lightside,NLC,ADC,23,407.366,1466.283,0.081,183.0,0.0,0.0,0.633,-372.191
oe:player:8dd84a9df0dc0ec74ebe4547e05a7ad,Tazaku,VfB eSports,PRMP,ADC,3,405.177,1559.447,0.081,,,,,593.694
oe:player:981e635a283cc7158523307deb80847,Nenad,Crvena zvezda Esports,EBL,Top,49,404.296,1458.719,0.081,182.0,0.0,0.0,1.0,1439.618
oe:player:b46c2b31ff697caba2f88ca3ad551cf,Leandrinn,Contrata Logo Meu Time,CD,ADC,14,403.885,1630.108,0.081,225.0,0.0,0.0,0.295,-498.359
oe:player:1d3d6f4976411d319538f08ea907726,Akira,T1 Esports Academy Rookies,LAS,Support,3,403.884,2855.343,0.081,,,,,629.49
oe:player:f32776bb3b0bfb1cd3261868df4dfce,Calmsky,DMG Esports,NLC,Support,40,402.345,1433.69,0.08,163.0,0.0,0.0,1.0,-377.212
oe:player:c8f58ff382883f28b89e2431c2bcb30,hidududu,The Forbidden Five,TCL,Support,8,402.112,1511.629,0.08,,,,,-1315.035
oe:player:bc7627cfe2047a751dd7a4ee1f2fcf4,Roshan,Skillcamp,LFL2,Jungle,2,400.495,1576.603,0.08,,,,,-667.632
oe:player:2a024edafb06c7882e2e1f7b57f2f95,Hailstone,Hanwha Life Esports Academy,LAS,Support,83,392.804,2819.775,0.079,161.0,0.0,0.0,1.0,618.41
name:HNVR storm,HNVR storm,htp eSport Akademie Hannover,PRMP,ADC,4,391.418,1555.144,0.078,,,,,579.934
oe:player:0c0d42e4a3273c1a137e83b490b8513,Matsukaze,Stellae Gaming,CD,ADC,9,390.578,1637.933,0.078,,,,,-511.666
oe:player:578041769c719d4c56ed118b959ec8f,Évangelyne,ZennIT,ROL,ADC,21,390.254,1485.008,0.078,217.0,0.0,0.0,0.633,1119.983
oe:player:053ff46e09c658d5d80c8c65b9db7bc,Slyv3r,mCon esports,ROL,ADC,28,389.754,1486.139,0.078,204.5,0.0,0.0,0.633,1119.483
oe:player:4b5def886a056605b16953622be994a,playcool,Team Flash,VCS,Mid,40,384.352,1572.973,0.077,158.0,0.0,0.0,1.0,752.371
oe:player:ae50e71f31d35aee5c589498e3c1b17,nicolaiy,GLORE,EBL,Jungle,14,380.893,1502.26,0.076,247.0,0.0,0.0,0.295,1416.215
oe:player:9e9994e968239ee74f3e1a5bf12a792,Minu,BNK FEARX Academy,LAS,Jungle,35,380.744,2819.723,0.076,189.0,0.0,0.0,0.633,606.35
oe:player:1eea21c685058c30ab257d6b8c062a0,Wicked,BAAM Esports,AL,Mid,42,378.434,1415.583,0.076,168.0,0.0,0.0,1.0,243.355
name:LGR Porttinari,LGR Porttinari,Ligre Gaming,CD,Mid,5,376.959,1680.903,0.075,,,,,-525.286
oe:player:c4e4ca0da32c4177a79e06dabce7aa6,Skream,Dragons Esports,AL,ADC,34,375.982,1476.914,0.075,191.0,0.0,0.0,0.633,240.903
oe:player:1aff5982e2cde2a8081e10408912f52,RAV3N,Rise Gaming,CD,ADC,9,373.859,1630.345,0.075,,,,,-528.386
oe:player:e0daa0771860e3d83d606124d50977e,Aymen,Team UNiTY,HM,Support,16,373.593,1508.937,0.075,194.0,0.0,0.0,0.295,455.426
oe:player:615d130a96bbfca574dfbe98235599d,PsYcraw,AKA HERO,PRMP,Support,3,373.591,1567.97,0.075,,,,,562.107
oe:player:ac3dc02f5d3f2ec0c396cfa95de986e,J0J0C,GOAL,HLL,Mid,30,373.174,1438.396,0.075,189.0,0.0,0.0,0.633,554.214
oe:player:f2eceb80dcd621eabdb3c1f4ae9e393,Shanks,Fox Gaming,AL,Jungle,55,371.648,1430.907,0.074,185.0,0.0,0.0,1.0,236.569
oe:player:54d08b5913d88a2acfec7bbbe8effa9,MadDogg9,Sponge Gaming,PCS,ADC,10,364.93,1549.281,0.073,223.0,0.0,0.0,0.295,452.302
oe:player:e30f555e5a24f076a5d5be70a462527,TNS,West Point Esports,PCS,Support,68,362.0,1485.923,0.072,174.5,0.0,0.0,1.0,449.371
oe:player:083c7a95536bd83e8560cc428c8b681,Kurama,The Forbidden Five,TCL,Jungle,8,359.078,1511.629,0.072,,,,,-1358.069
oe:player:3bc13ea6109bc562b748f91a7fd56ad,Makk,Lundqvist Lightside,RL,Top,21,357.936,1454.237,0.072,176.0,0.0,0.0,0.633,-283.742
name:AaB Manster,AaB Manster,AaB Esport,NLC,Top,3,356.793,1541.095,0.071,,,,,-422.764
oe:player:a0215ea2cbda9313224944693a68e82,Dawn,Kyo eSports,PCS,ADC,7,355.552,1573.519,0.071,,,,,442.923
oe:player:8844fc3d069a8511c93cd1894146b37,MaDe,Bastu Five,NLC,Mid,4,348.714,1535.244,0.07,,,,,-430.844
oe:player:1ecc2cf8dc5f05719ca235f6d0be5e2,svns,Orbit Anonymo Esports,RL,ADC,32,348.374,1461.996,0.07,188.0,0.0,0.0,0.633,-293.304
oe:player:a11a2f5bbd0604fc798b5b63c9b38ba,Pipibaat,Senshi eSports,ROL,Jungle,61,347.527,1401.191,0.07,190.0,0.0,0.0,1.0,1077.256
oe:player:66d040632ba3e1ae771ddced2f6e050,Esko,Tan'i eSports CZ,HM,ADC,51,343.592,1442.764,0.069,175.0,0.0,0.0,1.0,425.425
oe:player:02689211449c0d5b67ad0ecc83b8a89,Frappii,regnum4games,PRMP,ADC,3,343.444,1567.069,0.069,,,,,531.96
oe:player:e6d554ea9906d8f2fc26d076d2d4a4c,Cracker,Hanwha Life Esports Academy,LAS,Mid,83,341.515,2819.775,0.068,163.0,0.0,0.0,1.0,567.121
oe:player:b72a19a47c3aa6017104cde8789b36e,Highway,Back2TheGame,LFL2,Support,50,341.49,1413.534,0.068,161.0,0.0,0.0,1.0,-726.637
oe:player:b4c7f45a79e20fe614c0276b0fbc394,Macaquino,Guasones,LVP SL,Mid,34,341.245,1442.846,0.068,171.0,0.0,0.0,0.633,-1430.217
oe:player:65d1e475734633e28d4523d92a90837,Yampi,Fluxo W7M,CD,Jungle,40,335.965,1550.528,0.067,200.0,0.0,0.0,1.0,-566.279
name:RG Konan3,RG Konan3,Rich Gang,NLC,Top,2,333.58,1540.774,0.067,,,,,-445.977
oe:player:3b7bd1331d5adaaedf5a228b02fa077,Vin,SN CyberCore Esports,VCS,Mid,34,332.555,1533.053,0.067,187.0,0.0,0.0,0.633,700.574
oe:player:0fcaa97e5408efcaa78f5517e34cb02,Flamer,AKA HERO,PRMP,Top,3,325.269,1567.97,0.065,,,,,513.785
oe:player:fb20df3c2584739649c47e15bdd1e1e,Nightmares,Senshi eSports,ROL,Support,3,322.554,1545.092,0.065,,,,,1052.283
oe:player:c2d24fe5915512e6f8d49ace0891105,Creepano,Otter Side,LPLOL,ADC,11,320.448,1511.14,0.064,230.0,0.0,0.0,0.295,1945.661
oe:player:11bd50ce9e013690ead12e9c307d048,Yuta,DOCISK,RL,Jungle,15,317.966,1494.254,0.064,204.0,0.0,0.0,0.295,-323.712
oe:player:5f44c1e9d6abcad9bf9665d8a29cdef,Jovian,Lundqvist Lightside,NLC,Support,2,310.526,1543.595,0.062,,,,,-469.031
oe:player:1d08b7a3a79956e521241ad27f2f60d,Varry,Eintracht Frankfurt,PRM,ADC,39,310.484,1441.919,0.062,179.0,0.0,0.0,0.633,-1315.318
oe:player:07b4119a38f1ee37083a2f941345906,Marbirius,Team UNiTY,ROL,Mid,64,305.779,1397.779,0.061,188.5,0.0,0.0,1.0,1035.508
oe:player:350a35e9fc0a91e24fb15642483e40c,Frozen,Fox Gaming,AL,Support,53,304.843,1396.248,0.061,177.0,0.0,0.0,1.0,169.764
oe:player:f6f8d33e55497cb40269be33f894ab6,LeoLeCargo,Lundqvist Lightside,NLC,Support,12,301.817,1507.531,0.06,188.0,0.0,0.0,0.295,-477.741
name:NG ShizuOo,NG ShizuOo,NextGeneration Esports,AL,Jungle,10,299.292,1507.358,0.06,229.0,0.0,0.0,0.295,164.213
oe:player:30f18a468db8d9e940f0818a682318b,Techoteco,DKB XPERION NXT,PRM,Jungle,51,296.839,1403.5,0.059,170.0,0.0,0.0,1.0,-1328.963
oe:player:6a62e6e462c23394c916f2b0f86496d,WouLou,GOAL,HLL,Top,1,295.466,1556.347,0.059,,,,,476.506
oe:player:69fcf7c5f68e79cd22831a85aa98f60,Tasteless,Partizan Sangal,EBL,Support,40,295.154,1435.097,0.059,193.0,0.0,0.0,1.0,1330.476
oe:player:7e02979fd0ef649653419a704ba461c,Zeypher,SDM Tigres,LRN,ADC,6,293.554,1759.538,0.059,,,,,417.836
oe:player:e89d89c1f0c59607353f819ad4cc12c,Kania,BAAM Esports,AL,Jungle,39,293.46,1439.689,0.059,207.0,0.0,0.0,0.633,158.38
oe:player:84e640911c6d6f172d4cf1c7cc78a67,Crecre,Zeu5 Esports,LRN,Support,18,292.483,1761.427,0.058,214.0,0.0,0.0,0.295,416.765
oe:player:bbbbea0b1bb9cd3613d69b5aabc104a,YellowMoonkey,Footprint Gaming,PRMP,ADC,3,291.567,1550.359,0.058,,,,,480.083
oe:player:b415fb792209708ad6921cca2e73aff,Spirax,DarkZero Dragonsteel,NACL,Mid,26,291.363,1874.993,0.058,222.5,0.0,0.0,0.633,1518.468
oe:player:86cbdbbe6eb09c01fd3f0a377d61c8f,Taxvig,KAOS e-sport,NLC,Jungle,11,290.85,1523.335,0.058,198.0,0.0,0.0,0.295,-488.708
oe:player:861565831545afb68057b15adeaa304,Urban,A One Man Army,ROL,Support,20,289.067,1479.258,0.058,197.0,0.0,0.0,0.633,1018.796
oe:player:a214c0e659e36eb1194137976cab361,Kerry,HELL PIGS,PCS,Support,34,288.835,1490.182,0.058,195.0,0.0,0.0,0.633,376.207
oe:player:d13a22299df0cee586407b889fc69c2,Faetski,DMG Esports,NLC,ADC,40,288.773,1433.69,0.058,173.0,0.0,0.0,1.0,-490.784
oe:player:968cb43bee81aaf745a5e20301ec55d,Jeykup,Colossal Gaming,LIT,Jungle,52,287.577,1430.668,0.058,180.0,0.0,0.0,1.0,958.855
oe:player:516581a2ce920b9bc16a9c5004a023b,Xiaomi,wangting,PCS,Jungle,11,287.056,1537.488,0.057,232.0,0.0,0.0,0.295,374.427
oe:player:23de52dae4c0e3aade6c4e320e3a175,Suffer,Venus Gaming,VCS,Support,2,286.831,1644.424,0.057,,,,,654.85
oe:player:4ab250820a1b574c893716ba9134180,Striker,Team Mentality,PRMP,Jungle,3,285.136,1572.147,0.057,,,,,473.653
oe:player:9970a9b7dfef2df3002d7217596010e,many,Back2TheGame,HM,Mid,67,284.161,1387.342,0.057,176.0,0.0,0.0,1.0,365.994
oe:player:21177b451d4c05fc389ac6cc767dfce,Ephekles,DKB XPERION NXT,PRMP,Support,6,282.149,1561.147,0.056,,,,,470.666
oe:player:ea0d95b36a67755627d018140491a6b,Stookbeer,mCon esports,ROL,Support,39,280.863,1429.995,0.056,202.0,0.0,0.0,0.633,1010.592
oe:player:6f170b7669ad4fb4789e5dd41f84f52,Afriibi,ZETA,ROL,ADC,63,274.15,1395.418,0.055,173.0,0.0,0.0,1.0,1003.879
oe:player:29060c59881971699787911611ea6cc,Toxy,Human Apex Predator,PRMP,Mid,4,273.53,1547.961,0.055,,,,,462.046
name:NGU Kairi1,NGU Kairi1,Never Give Up,VCS,Support,2,269.486,1645.492,0.054,,,,,637.505
oe:player:b2c05a26758d82a8643a27eec405dcb,Mikkel,mCon esports,ROL,Mid,28,269.323,1486.139,0.054,198.0,0.0,0.0,0.633,999.052
oe:player:9e62bdec0ac374c10c46b52884d4f37,MaiYuk,Senshi eSports,ROL,Top,58,267.046,1422.967,0.053,186.0,0.0,0.0,1.0,996.775
oe:player:f8d698aea36fcbead2b9d5359ffca76,Smarty,Tan'i eSports CZ,HM,Support,45,266.563,1413.564,0.053,168.5,0.0,0.0,1.0,348.396
oe:player:6fc501f33e5e8e5b4d9ef969e0fab20,Kakarot,The Forbidden Five,TCL,ADC,8,264.995,1511.629,0.053,,,,,-1452.152
oe:player:0b19eaecb416252d6a068af6aa5afcf,Mac Abert,Human Apex Predator,PRMP,Jungle,4,264.533,1547.961,0.053,,,,,453.049
oe:player:9d04b6572e137eb28b2c444c1c7d3fa,Fede,Fox Gaming,AL,ADC,55,260.213,1430.907,0.052,192.5,0.0,0.0,1.0,125.134
oe:player:e29fe54cd8b728613d222c45beb5d66,Mauki,Kaeru Gyuangu,LFL2,ADC,33,255.508,1447.86,0.051,183.0,0.0,0.0,0.633,-812.619
oe:player:83a9f2514587528a399f60551522962,Nevid,Dplus KIA Youth,LAS,Top,85,254.184,2563.211,0.051,179.0,0.0,0.0,1.0,479.791
oe:player:3899a4b5c52f9d1cff05e226891213b,Cuicuixi,CTBC Flying Oyster Academy,PCS,ADC,65,251.216,1510.654,0.05,177.0,0.0,0.0,1.0,338.588
oe:player:4188b6c016234afc7d6ed705ff094a0,Gatovisck,Tigers eSports,CD,Support,6,249.411,1658.64,0.05,,,,,-652.834
name:RUD Gtracks,RUD Gtracks,Ruddy Esports,NLC,ADC,2,247.609,1540.432,0.05,,,,,-531.948
oe:player:3a9f2bb3d2438a1c49039f276537820,Zoiren,GLORE,NLC,Mid,7,242.165,1501.414,0.048,,,,,-537.393
oe:player:330649b30536a93ea9363a7dd17e7dd,Cospect,WLGaming Esports,HLL,Support,5,242.004,1523.615,0.048,,,,,423.044
oe:player:51d1b92c739875316e83a99bb9838af,Hasu7,West Point Esports,PCS,Top,68,241.341,1485.923,0.048,180.5,0.0,0.0,1.0,328.713
oe:player:0ce0547fa9cdd3c48a2a49192dfd12e,Hakari,e-Champ Gaming,CD,Top,23,237.208,1589.075,0.047,211.0,0.0,0.0,0.633,-665.037
oe:player:2da1ab97a0200c6b2d38de1f1b25b5c,Goliah,One More Esports,LIT,Jungle,41,236.775,1458.642,0.047,191.5,0.0,0.0,1.0,908.052
name:RUD Congolese,RUD Congolese,Ruddy Esports,NLC,Mid,2,236.08,1540.432,0.047,,,,,-543.478
oe:player:c621963a1ce2f0d77627ce04b22a249,Leks,BoostGate Esports,RL,Top,52,236.034,1372.675,0.047,180.0,0.0,0.0,1.0,-405.644
oe:player:35f5192d4fdd084a780d636ae812cb7,ardaffler,Odivelas Sports Club,LPLOL,ADC,37,235.855,1425.661,0.047,204.5,0.0,0.0,0.633,1861.068
oe:player:3b0f577c21959b7efc0086ab81b76d7,Yen,Entropiq,HM,ADC,37,234.538,1426.05,0.047,192.0,0.0,0.0,0.633,316.371
oe:player:64b5e64a1cd25ebeb80dc8a38a1dc03,Bissejr15,Lundqvist Lightside,NLC,Mid,39,234.06,1414.765,0.047,189.0,0.0,0.0,0.633,-545.498
oe:player:77578ad4690f7b33c88d56e59be2ba1,MaxSchallah,VfB eSports,PRMP,Support,3,233.725,1559.447,0.047,,,,,422.241
name:R4G zagon,R4G zagon,regnum4games,PRMP,Mid,3,230.721,1567.069,0.046,,,,,419.237
oe:player:3d3d58f5d926d2292149dc101df276e,Kenia,Dplus KIA Youth,LAS,Support,75,229.47,2870.419,0.046,171.0,0.0,0.0,1.0,455.076
oe:player:d4741ff41f2874933013de7ae0e61e1,TeaZing,regnum4games,PRMP,Support,3,228.625,1567.069,0.046,,,,,417.141
oe:player:e93b3e770096be9856abd4b68776459,Ancrath,Zer0 Trein0,CD,Jungle,19,225.923,1570.869,0.045,240.0,0.0,0.0,0.295,-676.322
oe:player:ff71e751aa5f67010f80aad602ecdfe,Luke,VfB eSports,PRMP,Top,3,224.474,1559.447,0.045,,,,,412.99
name:VfB Baumi,VfB Baumi,VfB eSports,PRMP,Mid,3,223.546,1559.447,0.045,,,,,412.062
oe:player:302f32028cef9d7eeda1dbe74cf59ee,Kick,Geração Estrutura,CD,Support,4,223.501,1738.967,0.045,,,,,-678.744
oe:player:752b048c76633399b04f6e87a8b211c,Stefan,Partizan Sangal,EBL,Jungle,72,221.804,1408.16,0.044,193.0,0.0,0.0,1.0,1257.126
oe:player:e075e324298868aa969a7deb9f3581b,moe,Dragons Esports,AL,Jungle,34,221.16,1476.914,0.044,193.0,0.0,0.0,0.633,86.081
oe:player:0977053cb0b9d29bcc9ed9305a22756,Miracle,ODD Esports,LRN,Support,11,216.316,1756.195,0.043,218.0,0.0,0.0,0.295,340.597
oe:player:6841f2d68619d53bdd1cdbf30b5be2c,Zeyzal,Luminosity Gaming,NACL,Support,58,213.337,1742.451,0.043,188.5,0.0,0.0,1.0,1440.442
oe:player:9f412eed0c5dde829471119d84b00e3,Lynkez,Rise Gaming,CD,Mid,43,211.523,1526.6,0.042,200.0,0.0,0.0,1.0,-690.721
oe:player:89b4ae1b6a6e322de68648b794c360a,JiT,AKA HERO,PRMP,Jungle,3,209.97,1567.97,0.042,,,,,398.486
name:NGU Kngo1,NGU Kngo1,Never Give Up,VCS,Top,2,205.492,1645.492,0.041,,,,,573.511
oe:player:0f5f13ceea0f4fdc6eff8145fe20692,Vikes,htp eSport Akademie Hannover,PRMP,Top,4,205.283,1555.144,0.041,,,,,393.799
oe:player:84bd988294f5dd9ae9a499abf6524a0,Raxxo,Orbit Anonymo Esports,RL,Support,47,203.508,1417.09,0.041,167.0,0.0,0.0,1.0,-438.17
oe:player:ebb963675bd3a5daba448215920e419,ZeuSs,Venus Gaming,VCS,Top,6,200.405,1622.279,0.04,,,,,568.424
oe:player:34dd70244ef257a4b5f7df18076132b,Tyrone,Colossal Gaming,LIT,ADC,16,199.229,1511.263,0.04,243.0,0.0,0.0,0.295,870.506
oe:player:2eec415168a9f5810a8674fd4213fa9,Sahira,One More Esports,AL,Mid,30,196.729,1471.825,0.039,191.5,0.0,0.0,0.633,61.65
oe:player:28a1925f6c4df972a5ae722c07bb4c4,Harky,Saigon Secret,VCS,ADC,38,193.192,1527.462,0.039,200.0,0.0,0.0,0.633,561.211
oe:player:aa07f9f46650db64bb09c743b4c561d,Bong,Bushido Wildcats,TCL,Top,33,192.29,1398.017,0.038,177.5,0.0,0.0,0.633,-1524.857
oe:player:c2a5818bdb96ce7eec3c0474f31a136,Forlin,Stellae Gaming,CD,Top,32,192.081,1538.504,0.038,213.5,0.0,0.0,0.633,-710.163
oe:player:50a0f836c40e2afd9dbc5f160d82f66,xddyuki,The Secret Club,EBL,ADC,47,191.332,1462.154,0.038,208.0,0.0,0.0,1.0,1226.654
oe:player:9e239ff6abacdf305118af883b83db8,hybradge,Lundqvist Lightside,NLC,Jungle,21,185.726,1483.195,0.037,193.5,0.0,0.0,0.633,-593.831
oe:player:5b261df9776ed20f38369b0a38056c9,TIMR,CITA Kaizen,HC,Support,72,185.296,1415.772,0.037,181.0,0.0,0.0,1.0,1604.792
oe:player:9c07f95f72d5c1e36a448d2844617f8,BuLuKaKa,West Point Esports,PCS,Mid,57,179.596,1466.562,0.036,187.0,0.0,0.0,1.0,266.967
name:RUD Hydraa,RUD Hydraa,Ruddy Esports,NLC,Support,2,178.763,1540.432,0.036,,,,,-600.794
oe:player:90753d709041bd0dcf21e2f22d781a3,Prever,DN Freecs Academy,LAS,Jungle,74,178.646,2814.25,0.036,194.0,0.0,0.0,1.0,404.252
name:HNVR Boempel,HNVR Boempel,htp eSport Akademie Hannover,PRMP,Mid,4,178.303,1555.144,0.036,,,,,366.819
name:STAR kory,STAR kory,MY STAR,RL,Jungle,2,178.262,1546.626,0.036,,,,,-463.416
oe:player:73124aed8e061dafd713df6285a137a,Vahvel,Zer0 Trein0,CD,Support,10,177.44,1634.752,0.035,238.0,0.0,0.0,0.295,-724.805
oe:player:052ad9427bad4cf3f5b46c0cc5552bf,ST3PZ,Geração Estrutura,CD,ADC,4,176.89,1738.967,0.035,,,,,-725.355
oe:player:0cfe46c9ae6f1654b9363084c559648,Zephyr,Gen.G Scholars,LAS,Jungle,71,174.953,2804.749,0.035,182.0,0.0,0.0,1.0,400.56
oe:player:bca21155e285e491e905f3f9229330d,Dionelux,Project Conquerors,LFL2,Top,64,171.827,1375.44,0.034,164.0,0.0,0.0,1.0,-896.3
oe:player:190d3ffa9c4734a633e2103dbbdb815,Caucha,FlameHard,LPLOL,Top,51,171.246,1437.317,0.034,182.0,0.0,0.0,1.0,1796.459
name:R4G Acke,R4G Acke,regnum4games,PRMP,Jungle,3,170.54,1567.069,0.034,,,,,359.056
oe:player:2667388b63ad5307d989fb9db975bfd,Kiki,Kaeru Gyuangu,LFL2,Jungle,24,166.391,1493.065,0.033,183.5,0.0,0.0,0.633,-901.736
name:HAP DerSchrank,HAP DerSchrank,Human Apex Predator,PRMP,Top,4,166.361,1547.961,0.033,,,,,354.877
oe:player:44b1e81bfc6d5bb1a0da7fe5daaa4c0,Samkz,CITA Kaizen,HC,Jungle,26,166.108,1522.455,0.033,229.0,0.0,0.0,0.633,1585.605
name:SC Alex,SC Alex,Skillcamp,LFL2,Mid,6,165.936,1567.239,0.033,,,,,-902.191
oe:player:b069a4339ed15e2c381f1b017f7d051,Vinicete,Tigers eSports,CD,Jungle,6,164.236,1658.64,0.033,,,,,-738.009
oe:player:ec0fc0100c4fc1ce4eea230c3dc1036,Undefined,Team Paradox,HLL,Support,46,163.622,1432.342,0.033,184.0,0.0,0.0,1.0,344.662
oe:player:45cf8adbf60961e7ffec251ac8c90f8,Hummelu,DKB XPERION NXT,PRMP,Jungle,3,162.645,1580.797,0.033,,,,,351.161
oe:player:8a149ab8a2b910a28cb2a85c94d0b6c,PeterL,Never Give Up,VCS,Mid,2,162.509,1645.492,0.032,,,,,530.528
oe:player:d9ac06cccf6e4f573474b5195218e60,Oleg,Veni Vidi Vici,ROL,Jungle,51,159.172,1370.964,0.032,194.0,0.0,0.0,1.0,888.9
oe:player:98082d11ca69482a663e13b86314e89,CoBiT,DN Freecs Academy,LAS,Support,64,151.043,2812.474,0.03,180.0,0.0,0.0,1.0,376.649
oe:player:a67cbdfedf009aac3048e111d36f918,ElOjoNinja,ZETA,LVP SL,Jungle,9,148.853,1493.634,0.03,,,,,-1622.609
oe:player:1a94787cd0f929f3faa9e2101c61534,Tahahy,Saigon Secret,VCS,Support,37,148.183,1548.273,0.03,191.0,0.0,0.0,0.633,516.202
oe:player:c26c01acba9788db20a72aa23d01d23,Slayder,Chiefs Esports Club,TCL,ADC,28,147.611,1408.45,0.03,186.0,0.0,0.0,0.633,-1569.536
oe:player:01fc0520770d413ac765d5395027386,Ruf,MY STAR,RL,ADC,2,144.967,1546.626,0.029,,,,,-496.711
oe:player:4ec43a46779d72465f9be4e7cf5ecde,FisheR,regnum4games,PRMP,Top,3,143.939,1567.069,0.029,,,,,332.455
oe:player:885383f16fccd10370814fcd862aa10,Antonio,Barcząca Esports,AL,ADC,47,143.261,1402.876,0.029,189.5,0.0,0.0,1.0,8.182
oe:player:3ccca65d3d9843b81f4e251dcf8a3e8,Sting,Rise Gaming,CD,Jungle,53,143.231,1554.578,0.029,212.0,0.0,0.0,1.0,-759.014
oe:player:751cd8edb7efae20c6a1038b6f93578,Pinki,SPIKE Syndicate,EBL,ADC,37,142.67,1450.852,0.029,219.0,0.0,0.0,0.633,1177.992
oe:player:8f730a617938cd237ad36c92f4caa12,towhat,Odivelas Sports Club,LPLOL,Support,4,141.395,1554.327,0.028,,,,,1766.607
oe:player:dbd41f596c0de2f989bd2ac1c5f709e,WCD,AKA HERO,PRMP,Mid,3,140.482,1567.97,0.028,,,,,328.998
oe:player:0af91d6ad9955d1d9170d435cf6df35,Kratos,ZGDX Gaming,CD,Top,16,140.313,1576.356,0.028,232.0,0.0,0.0,0.295,-761.932
oe:player:e7cdfaa546a85fff82a90fe0bdb0c40,Apetski,Bastu Five,NLC,Jungle,4,137.488,1535.244,0.028,,,,,-642.07
oe:player:1f413ce184963e0298415f42859551c,Ethe,ZETA,LVP SL,Top,9,136.861,1493.634,0.027,,,,,-1634.601
oe:player:9e7e94a4d1bafa6f0c407975207433b,Leleko,Corinthians Esports,CD,Mid,24,134.936,1573.316,0.027,217.0,0.0,0.0,0.633,-767.309
oe:player:966e8f61b0847f6059559ed09f8574f,Kojima,RED Academy,CD,ADC,37,134.5,1529.58,0.027,223.0,0.0,0.0,0.633,-767.744
oe:player:517d42f048d2dd422533522c796aaf3,C7,mCon esports,ROL,Top,42,133.64,1418.509,0.027,198.0,0.0,0.0,1.0,863.368
oe:player:307b6fb75c459e5d0f628aa8e9e438c,Solid,Dplus KIA Youth,LAS,Jungle,75,132.346,2870.419,0.026,182.5,0.0,0.0,1.0,357.952
oe:player:81eb81987bcf9be1e3771a7f0a4ca77,Zamudo,Isurus,NACL,Top,31,129.584,1801.86,0.026,226.0,0.0,0.0,0.633,1356.689
oe:player:673ed98a945993e162019b463e02c90,Kutcher,VININE,PRMP,Support,3,126.119,1550.771,0.025,,,,,314.635
oe:player:05a73863e113f3cb6b472a76da2ea52,DARKWINGS,Disguised,NACL,Mid,52,125.373,1739.685,0.025,195.0,0.0,0.0,1.0,1352.478
oe:player:48e06b61418cf7d3391acd04e2462a6,Kikis,GMBLERS Esports,LIT,Jungle,61,123.941,1393.297,0.025,204.0,0.0,0.0,1.0,795.218
oe:player:dabef448fac48c6137ca1cfae1ffa15,Warner,Kaeru Gyuangu,AL,Mid,56,122.766,1389.331,0.025,180.0,0.0,0.0,1.0,-12.313
name:LOS  M G,LOS  M G,Los Grandes,CD,Mid,2,121.945,1669.396,0.024,,,,,-780.299
oe:player:048cf949b7266e1f2b0ae430c313c8f,Sidav,Magaza Esports,RL,ADC,21,121.616,1459.245,0.024,199.0,0.0,0.0,0.633,-520.061
oe:player:a44ae9bfcb722ad18088def7d750319,Balyy,AVE Axolotl,LIT,Jungle,15,121.427,1510.128,0.024,257.0,0.0,0.0,0.295,792.704
oe:player:07d4fe66302c13b352354f366c1aec5,Sacura,Void Requiem,PRMP,Support,3,121.216,1554.194,0.024,,,,,309.732
name:STAR Balukos,STAR Balukos,MY STAR,RL,Top,2,120.577,1546.626,0.024,,,,,-521.101
name:NG Hazem,NG Hazem,NextGeneration Esports,AL,ADC,10,118.308,1507.358,0.024,235.0,0.0,0.0,0.295,-16.772
oe:player:f14ff030df839caa45a789bae9b952a,Excaliburt,Footprint Gaming,PRMP,Support,3,117.626,1550.359,0.024,,,,,306.142
oe:player:18dda64c4e4ddbc098acc8268f532ef,2Guns,DCT eSports,LRN,ADC,10,117.006,1751.503,0.023,246.0,0.0,0.0,0.295,241.287
oe:player:3e93eeabf8843c51c1d774b0fa993dc,Jwic,Aurora,ROL,Jungle,5,115.86,1545.072,0.023,,,,,845.589
oe:player:6c7466a45762357bff1b48cbc6a49ab,Hetel,QT DIG∞,LJL,Support,61,113.154,1521.606,0.023,170.0,0.0,0.0,1.0,2016.082
oe:player:3c9547d2fcb523a7ae5681eedde43fb,Be,Mila Gaming,VCS,Top,8,112.444,1623.113,0.022,,,,,480.463
oe:player:eb30ea3e149e2ba3465123f3d964ecf,Naviah,Saigon Secret,VCS,Mid,37,111.963,1548.273,0.022,193.0,0.0,0.0,0.633,479.982
oe:player:12c11fde1a8f397f91ea9c013448f1c,Nawaf,BAAM Esports,AL,ADC,50,110.819,1425.892,0.022,205.0,0.0,0.0,1.0,-24.26
oe:player:dcb6827e929941b7d85d96ae4c69db0,Eltrico,Zer0 Trein0,CD,Mid,10,109.527,1634.752,0.022,233.0,0.0,0.0,0.295,-792.717
name:ODD Miracle2,ODD Miracle2,ODD Esports,LRN,Support,2,108.457,1777.335,0.022,,,,,232.739
name:EKO DVN,EKO DVN,EKO Esports,LIT,Mid,2,108.292,1560.411,0.022,,,,,779.569
oe:player:b94e8760d00efd6eea4ec2597e1f46f,EL,QT DIG∞,LJL,Jungle,25,106.803,1531.352,0.021,209.0,0.0,0.0,0.633,2009.732
oe:player:abe5156b7e4b82b118cae3f52432995,Kamon,VININE,PRMP,Top,3,106.388,1550.771,0.021,,,,,294.904
oe:player:e59a033ea6cd5e1bdc56397fbe2896b,Aikawa,Rise Gaming,CD,ADC,24,103.355,1598.908,0.021,236.0,0.0,0.0,0.633,-798.89
oe:player:b6d3661d0e5b3a8a54971329bdaed35,Peaker,GLORE,HM,Mid,12,100.802,1511.708,0.02,210.0,0.0,0.0,0.295,182.635
oe:player:7378a82177ee6bee2015ac5d134abe3,Seiya,LYON Academy,LRN,Mid,31,100.339,1715.032,0.02,225.5,0.0,0.0,0.633,224.621
name:DM poshigi8,DM poshigi8,Dream in 24,LJL,Mid,5,100.169,1593.547,0.02,,,,,2003.098
oe:player:758544da193f152aa5ca5dcc833a83a,Fade,Beşiktaş Esports,HM,Mid,60,99.736,1427.043,0.02,178.0,0.0,0.0,1.0,181.569
oe:player:95f8d9901ca8878e291552f001f6769,2274,CTBC Flying Oyster Academy,PCS,Support,65,98.351,1510.654,0.02,172.0,0.0,0.0,1.0,185.723
oe:player:17ae4f247f5fc521bff004a97f4df72,Flip,DN Freecs Academy,LAS,Mid,74,97.942,2814.25,0.02,186.0,0.0,0.0,1.0,323.549
oe:player:95b751706961250780ec3a0a64d14d5,Elix1r,WLGaming Esports,HLL,Jungle,16,97.312,1471.678,0.019,243.0,0.0,0.0,0.295,278.352
name:STAR LakatosD,STAR LakatosD,MY STAR,RL,Mid,2,97.074,1546.626,0.019,,,,,-544.603
oe:player:f3f1edfba7200c65b417d359a6f9c82,pr1me,GLORE,HLL,Top,31,93.398,1465.856,0.019,208.0,0.0,0.0,0.633,274.438
oe:player:e0ca016e696d77b1ee0467e5825b5ed,Wos,Stellae Gaming,CD,Support,9,92.506,1637.933,0.018,,,,,-809.739
name:SCBC Bojji1,SCBC Bojji1,SN CyberCore Esports,VCS,Jungle,6,90.195,1619.846,0.018,,,,,458.214
name:HAP Dishonored,HAP Dishonored,Human Apex Predator,PRMP,ADC,4,88.276,1547.961,0.018,,,,,276.792
oe:player:22d4497301dd0fefcac2d838ad2d1b4,Rito,Nocturne Gale,CT,Support,12,85.983,1664.39,0.017,228.0,0.0,0.0,0.295,923.191
oe:player:ce7b9c9ac5b44064d162bafe6a82d7c,Rend,WLGaming Esports,HLL,Mid,1,85.418,1560.472,0.017,,,,,266.458
oe:player:ca08600c44f01eb1452c933ad410ba2,Atat,GMBLERS Esports,LIT,Support,20,75.22,1477.797,0.015,213.0,0.0,0.0,0.633,746.497
oe:player:75de40c4dc0a77c1fd1145a4618f046,Bust,Venomcrest Esports,NLC,Top,9,72.358,1507.067,0.014,,,,,-707.199
oe:player:8bab5585791b1bd4661e9a9a3e56f5b,juny,Stellae Gaming,CD,Jungle,9,67.418,1637.933,0.013,,,,,-834.827
oe:player:f8adb175c21b826449191b92c7bf66e,Yasikof,DCT eSports,LRN,Jungle,10,67.252,1751.503,0.013,248.0,0.0,0.0,0.295,191.534
oe:player:e04d1bb5ea9774dff099866c0c4642c,RenYe,Ground Zero Gaming,PCS,Jungle,57,65.805,1446.656,0.013,188.5,0.0,0.0,1.0,153.177
oe:player:0a0e15e8e14edd7e4039cbf6f4fbfa4,Krastyel,Stellae Gaming,CD,Support,39,59.015,1542.569,0.012,226.0,0.0,0.0,0.633,-843.23
oe:player:42b4e0f43491470f702a842774ae392,Tiesel,GOAL,HLL,ADC,1,55.184,1556.347,0.011,,,,,236.223
name:GZ Kin0,GZ Kin0,Ground Zero Gaming,PCS,Support,5,53.622,1580.392,0.011,,,,,140.993
oe:player:083d03ac29a8ebeefa5d621a840188b,Snow,Geração Estrutura,CD,Top,4,49.158,1738.967,0.01,,,,,-853.086
oe:player:1a14d03bc1d87f1604660783edbbcdd,Autophil,VININE,PRMP,Jungle,3,48.129,1550.771,0.01,,,,,236.646
oe:player:148e116847c069d852ad0696d4180fe,Bananitoo,WLGaming Esports,HLL,Support,29,47.739,1458.528,0.01,227.0,0.0,0.0,0.633,228.779
oe:player:647414e68f7beb0742f4a0cc5523ac5,Sola,VININE,PRMP,ADC,3,47.596,1550.771,0.01,,,,,236.112
oe:player:be4ce50af0cd0d8574aa3820c37d1ae,Matislaw,Team Paradox,RL,Mid,54,47.367,1412.876,0.009,186.0,0.0,0.0,1.0,-594.311
oe:player:e6228f265b92269d2655a05a4824bfc,Daiky,LYON Academy,LRN,Jungle,15,46.547,1719.938,0.009,244.0,0.0,0.0,0.295,170.828
oe:player:712b15695a7a7a60c0e57a0abd780ea,Friple,LYON Academy,LRN,Jungle,1,45.696,1785.258,0.009,,,,,169.978
oe:player:8b35b40bc03585d8e435ef8029621c4,Kokos,Team Paradox,HLL,Jungle,38,43.939,1423.668,0.009,214.5,0.0,0.0,0.633,224.979
oe:player:2d9f7fa495972ca9d3c905d6546a2a2,Built,GOAL,HLL,Top,16,36.289,1481.819,0.007,230.0,0.0,0.0,0.295,217.328
oe:player:4438e6de86f317adec821c223d661c8,Jinbeom,Dplus KIA Youth,LAS,ADC,75,35.804,2870.419,0.007,184.5,0.0,0.0,1.0,261.41
name:GMB atatt,GMB atatt,GMBLERS Esports,LIT,Support,1,35.021,1569.71,0.007,,,,,706.298
oe:player:691e0ad4afc3da3e472014cd65abcad,Buchi,DMG Esports,NLC,Top,25,34.739,1461.763,0.007,198.0,0.0,0.0,0.633,-744.818
name:NGX Bey0nd,NGX Bey0nd,Nigma Galaxy,AL,Top,1,34.133,1548.903,0.007,,,,,-100.946
oe:player:3095d8f7f9a0e5a05330f99a6530fa7,Charley,Dream in 24,LJL,Support,36,31.084,1525.037,0.006,205.0,0.0,0.0,0.633,1934.012
oe:player:3b63ea0de80cfb191f952872b392da9,sajed,DarkZero Dragonsteel,NACL,ADC,45,29.147,1914.214,0.006,217.0,0.0,0.0,1.0,1256.252
oe:player:bd821913ba7d7380a8a2b88592fdad4,Pain5,GenZ Gaming,VCS,ADC,26,28.24,1566.403,0.006,208.0,0.0,0.0,0.633,396.259
oe:player:eb1cae342dc0adedf733dd361bd633a,Lind,Footprint Gaming,PRMP,Mid,3,26.864,1550.359,0.005,,,,,215.38
oe:player:836e5846a030b77395803950d2033c5,Crowdy,Broke,PRMP,Top,2,22.943,1563.879,0.005,,,,,211.459
oe:player:bd188f613b57de66e9a4df5a6867d0c,Twendddy,Footprint Gaming,PRMP,Top,3,20.896,1550.359,0.004,,,,,209.412
name:VR Omen,VR Omen,Void Requiem,PRMP,ADC,3,19.154,1554.194,0.004,,,,,207.67
oe:player:2fc61bb93411ac7f0fb6c05ed978d7b,iwanan,Zerance,LIT,Mid,52,10.127,1423.821,0.002,199.0,0.0,0.0,1.0,681.404
oe:player:bea7bb8065c436ca956c978e30eb441,zay,Rise Gaming,CD,Support,38,5.955,1549.85,0.001,233.5,0.0,0.0,0.633,-896.29
oe:player:e997cb3ac9a1be266d27e6417a5a375,GaraXy,BERZLOY,HLL,Jungle,7,2.043,1518.497,0.0,,,,,183.082
oe:player:4f7a70e4a2d3a81289bd3efad09b915,Fatorix,inf,LRN,ADC,18,-0.686,1741.031,-0.0,233.0,0.0,0.0,0.295,123.595
oe:player:9d8f178040611a073608bf5fc51768c,Doxy,GMBLERS Esports,NLC,Top,16,-2.073,1474.756,-0.0,217.0,0.0,0.0,0.295,-781.63
oe:player:1afdcf10bd0e8edbd402c11d5388895,Lorenz,A One Man Army Prime,NLC,Support,16,-3.894,1482.629,-0.001,210.0,0.0,0.0,0.295,-783.451
oe:player:b8f9f2cc1d009481063cfe556d9d1cc,Aeru,One More Esports,AL,ADC,67,-4.169,1364.495,-0.001,181.5,0.0,0.0,1.0,-139.248
oe:player:b212d1530246adf1cdd20636697f81c,Argonauta,DCT eSports,LRN,Support,10,-8.531,1751.503,-0.002,243.0,0.0,0.0,0.295,115.751
name:MG QTC9,MG QTC9,Mila Gaming,VCS,ADC,8,-12.415,1623.113,-0.002,,,,,355.604
oe:player:daf4a593cdc59dff009e8970569a687,Ihy0,Zerance,LFL2,Top,14,-12.955,1559.323,-0.003,200.0,0.0,0.0,0.295,-1081.082
oe:player:afe8f89e6dd82e3c2acf4de200898aa,H1tokiri,Actions Per Minute,HLL,Top,2,-15.433,1546.883,-0.003,,,,,165.607
oe:player:8ddd8d88391896aa4d9e751dee81770,Listo,Ground Zero Gaming,PCS,Jungle,31,-17.499,1490.256,-0.004,226.0,0.0,0.0,0.633,69.873
name:STAR asphyxia,STAR asphyxia,MY STAR,RL,Support,2,-18.061,1546.626,-0.004,,,,,-659.739
oe:player:adb00e1f2a4d7d73fe8fcf2daabe715,Starhide,FUSION (Latin American Team),LRN,Support,13,-19.806,1723.38,-0.004,238.0,0.0,0.0,0.295,104.476
oe:player:3ccc1bf70bf1cb077119d7477ac3b87,jmz,Zer0 Trein0,CD,Top,24,-20.31,1581.811,-0.004,222.0,0.0,0.0,0.633,-922.555
name:DM ping,DM ping,Dream in 24,LJL,Top,10,-25.067,1571.543,-0.005,235.0,0.0,0.0,0.295,1877.861
oe:player:6ba5b5ef1de6876e74ca64908f72762,TF Blade,Conviction,NACL,Top,61,-25.809,1802.158,-0.005,209.0,0.0,0.0,1.0,1201.296
oe:player:5172a81c77dad76588c5025c9aad0ae,Speedy1,Team Insidious,HLL,Support,21,-27.159,1462.742,-0.005,210.0,0.0,0.0,0.633,153.88
oe:player:27e4eea238ec423752d3144c149b88f,Harbo,Dragons Esports,AL,Mid,55,-28.289,1407.051,-0.006,194.0,0.0,0.0,1.0,-163.368
name:MG Selxiss,MG Selxiss,Mila Gaming,VCS,Jungle,8,-32.022,1623.113,-0.006,,,,,335.997
oe:player:3e5152a73174a2f3b30f0c35fbc1a48,ThayT,Rise Gaming,CD,Jungle,9,-33.688,1630.741,-0.007,,,,,-935.933
oe:player:dfeef0ad11329eb650c8146697b943e,JuanDeDios,DCT eSports,LRN,Top,5,-35.782,1763.442,-0.007,,,,,88.5
oe:player:1e6aa6caa55ba645b3e8d090501ceed,Tayron,The Forbidden Five,NLC,Top,25,-36.798,1441.66,-0.007,199.0,0.0,0.0,0.633,-816.356
oe:player:9661e8b8b0376aa4fe2d2597ad90a17,Sehun,Venus Gaming,VCS,ADC,6,-39.977,1622.279,-0.008,,,,,328.042
oe:player:efe35ff41011bd30be370d738ef32fd,Benny,Mental Over Tempo,EBL,Jungle,7,-40.385,1525.867,-0.008,,,,,994.936
oe:player:923377644a95264f86d2d5e4d266346,Marco,KIA.eSuba Academy,HC,Support,81,-40.701,1478.609,-0.008,189.0,0.0,0.0,1.0,1378.795
oe:player:62534ec0b146ca5113e83a09684e799,Hollow,Team Mentality,PRMP,Top,5,-41.064,1547.346,-0.008,,,,,147.452
oe:player:d202f9189eaf0e139228adbc77660f9,ScienTrist,mCon esports,ROL,Support,26,-42.322,1448.04,-0.008,220.5,0.0,0.0,0.633,687.407
oe:player:b0a341f8c38d216dd20a9e0093504dd,Nannini,FUSION (Latin American Team),LRN,ADC,13,-42.872,1723.38,-0.009,249.0,0.0,0.0,0.295,81.41
name:AOMA Cacnea,AOMA Cacnea,A One Man Army,ROL,Support,2,-45.127,1552.329,-0.009,,,,,684.602
oe:player:b8c73532f4d33529a8da6a674b48eb3,Lukyss,Diversion Gaming,HC,Mid,35,-45.926,1464.961,-0.009,216.0,0.0,0.0,0.633,1373.57
oe:player:74cc915f83955219866a1bc32a90285,Sven,All for One Gaming,PRMP,Top,2,-49.24,1559.134,-0.01,,,,,139.277
oe:player:8f41a11e71632780d1b132b388ef2a5,PiskHello,aNc Legends,LIT,ADC,20,-54.712,1485.083,-0.011,232.0,0.0,0.0,0.633,616.565
oe:player:6bc01a5be22b28e27cf296c2f59eecd,Marrow Ooze,BeFive,EBL,Mid,13,-55.864,1495.759,-0.011,255.0,0.0,0.0,0.295,979.458
name:PCS OQ32,PCS OQ32,No Barry Berry,PCS,Jungle,5,-57.5,1582.484,-0.012,,,,,29.872
oe:player:5a4bcb095f3936badc27e5d580dedd8,Gus,inf,LRN,Mid,16,-57.767,1724.881,-0.012,227.0,0.0,0.0,0.295,66.514
oe:player:1cd555cf94a46160eedb5466988270a,Nova,Fox Gaming,AL,Support,16,-59.647,1477.468,-0.012,232.0,0.0,0.0,0.295,-194.727
oe:player:d8a477552cb02146ead3ed134a0b001,Andreus,Icon Esports (Mexican Team),LRN,ADC,3,-59.934,1769.605,-0.012,,,,,64.347
name:PCS OQ63,PCS OQ63,Kyo eSports,PCS,Mid,7,-61.715,1573.519,-0.012,,,,,25.657
oe:player:6a3d4c9bc2f9b89b21dfbbb2212c865,Mis,Orbit Anonymo Esports,RL,ADC,8,-62.241,1511.967,-0.012,,,,,-703.919
oe:player:8f2f54d7c0b014fa0683c484175eea4,Rwei,Ground Zero Gaming,PCS,Jungle,17,-63.359,1570.873,-0.013,241.0,0.0,0.0,0.295,24.013
oe:player:6a7d0d4d1d220434081caec2f1a5544,Artoria,A One Man Army Prime,LFL2,Mid,21,-64.286,1505.077,-0.013,184.0,0.0,0.0,0.633,-1132.413
oe:player:536552ceb97d005af192cf156412a7e,Rigel,Saigon Secret,VCS,Top,36,-67.45,1527.704,-0.013,201.5,0.0,0.0,0.633,300.569
oe:player:cf009e2ce4392b47be19c983b6a7064,Strode,Nightbirds,HM,ADC,82,-67.996,1333.402,-0.014,190.0,0.0,0.0,1.0,13.837
oe:player:8ce650fdb50030d031e6bc414cbbee5,Eskiper,Venomcrest Esports,NLC,Support,9,-68.758,1507.067,-0.014,,,,,-848.315
oe:player:6ac7a781b2f6782d2fecb6ddfeee955,Sw3ry,Fox Gaming,RL,Support,44,-69.074,1389.809,-0.014,194.5,0.0,0.0,1.0,-710.752
oe:player:e6ce7283fdcbb1efe1b120228a44fd3,ManoloGap,Nocturne Gale,CT,Top,36,-69.463,1667.616,-0.014,205.0,0.0,0.0,0.633,767.746
name:GZ Frozen,GZ Frozen,GenZ Gaming (2025 Vietnamese Team),VCS,Support,7,-70.414,1623.309,-0.014,,,,,297.605
name:VR Alucard,VR Alucard,Void Requiem,PRMP,Top,3,-71.953,1554.194,-0.014,,,,,116.563
oe:player:9eb6e17e8365939d741e4c671f2427f,LDK,Mila Gaming,VCS,Support,16,-74.757,1588.061,-0.015,222.0,0.0,0.0,0.295,293.262
name:VR HighPing,VR HighPing,Void Requiem,PRMP,Mid,3,-76.049,1554.194,-0.015,,,,,112.467
oe:player:36395aaade4e251370b11de21fb4208,Haoswen,Actions Per Minute,HLL,Support,6,-78.882,1526.444,-0.016,,,,,102.158
oe:player:c3b7ab0889348bda3968e639b7d17bf,MrJackson,Actions Per Minute,HLL,Jungle,9,-80.483,1509.136,-0.016,,,,,100.556
name:DG socceryakyu,DG socceryakyu,Deltan Gaming,LJL,Jungle,18,-86.601,1560.805,-0.017,246.0,0.0,0.0,0.295,1816.327
oe:player:f80c460f82b1017b588882292444e60,goose,htp eSport Akademie Hannover,PRMP,Jungle,4,-91.13,1555.144,-0.018,,,,,97.386
oe:player:39d68aa20f0b0b1ddddb871a7b26fbf,Enga,Farenvehn,LRS,Mid,47,-92.349,2029.457,-0.018,183.5,0.0,0.0,1.0,1828.079
oe:player:991e1b7e0abe0b445300cd123c16dd1,Should,BNK FEARX Academy,LAS,Support,51,-93.088,2806.317,-0.019,201.0,0.0,0.0,1.0,132.518
name:GZ Herma,GZ Herma,Ground Zero Gaming,PCS,ADC,5,-95.001,1580.392,-0.019,,,,,-7.629
oe:player:fe9ef7441c7dd52bebd1ce72a43612b,Furby,LEO,AL,Support,54,-96.244,1376.071,-0.019,198.0,0.0,0.0,1.0,-231.323
oe:player:928d683aac82e48252ba7f9a87e0680,Enthralled,Zeu5 Esports,LRN,ADC,18,-98.709,1761.427,-0.02,238.0,0.0,0.0,0.295,25.572
name:GLR Nicolayyi,GLR Nicolayyi,GLORE,HM,Jungle,3,-103.947,1546.196,-0.021,,,,,-22.114
oe:player:97dba2c2c17ddf9d63517aee126f58b,Joki37,Leões Porto Salvo Esports,HLL,Jungle,25,-105.337,1445.902,-0.021,221.5,0.0,0.0,0.633,75.703
oe:player:7fdbe800b59ca4387263cc6be1fec0e,handm,BAAM Esports,AL,Top,77,-105.473,1386.781,-0.021,204.0,0.0,0.0,1.0,-240.552
oe:player:4f962bf150528860e79560794533c43,Despair,Dplus KIA Youth,LAS,Mid,75,-105.648,2870.419,-0.021,183.0,0.0,0.0,1.0,119.959
oe:player:1c6282fdf403e4e63f3b339d0bca034,Klownz,Anubis Gaming,AL,Support,46,-106.327,1406.482,-0.021,193.0,0.0,0.0,1.0,-241.406
name:PCS OQ65,PCS OQ65,Kyo eSports,PCS,Support,7,-107.324,1573.519,-0.021,,,,,-19.953
oe:player:6e23b629fe2fc16824ea86bf61cbc4c,Dreilix,AKA HERO,PRMP,ADC,3,-109.12,1567.97,-0.022,,,,,79.397
oe:player:ee5ce4deb8f19aa9a127742e53c5475,kanashimi,HELL PIGS,PCS,Mid,3,-112.382,1586.55,-0.022,,,,,-25.01
oe:player:371ce62bbcfebc2c0ba6ad4d565777a,Scuffed,KAOS e-sport,NLC,Mid,9,-114.99,1499.153,-0.023,,,,,-894.547
oe:player:6c152faa4bbca9a007fc7c608b6583a,MDB,CITA Kaizen,HC,Top,28,-117.865,1528.352,-0.024,222.0,0.0,0.0,0.633,1301.631
oe:player:c5050bf5abf900c6beaed313da57213,Jeyrus,WLGaming Esports,HLL,ADC,8,-122.015,1511.072,-0.024,,,,,59.024
oe:player:cbc8e9a1f9c9019ad397795f470f5a0,Adryh,ZETA,LVP SL,ADC,9,-122.821,1493.634,-0.025,,,,,-1894.283
oe:player:415321375725940977273eaa5d7588b,Zuhy,Odivelas Sports Club,LPLOL,Mid,26,-125.003,1472.243,-0.025,219.5,0.0,0.0,0.633,1500.21
oe:player:fe159c28fd9fd26af3dd8912103975a,Valenjin,Team Mentality,PRMP,Support,5,-125.067,1547.346,-0.025,,,,,63.449
oe:player:115cbb13ff7ef811c05d6e95bf224c2,Shadow,Farenvehn,LRS,Support,47,-125.994,2029.457,-0.025,181.0,0.0,0.0,1.0,1794.434
oe:player:4841aa27ab85be0b9f45fed1d5e7b09,Kackos,MY STAR,RL,Top,15,-127.438,1505.572,-0.025,207.0,0.0,0.0,0.295,-769.116
oe:player:2a1f9f0ef5aca39166c1a76eca89678,Dzeffry,KIA.eSuba Academy,HC,Top,67,-129.777,1410.783,-0.026,191.0,0.0,0.0,1.0,1289.72
name:A1MA Pucki,A1MA Pucki,A One Man Army Prime Academy,PRMP,Mid,2,-131.027,1572.953,-0.026,,,,,57.489
name:NGX Tricky,NGX Tricky,Nigma Galaxy,AL,Jungle,2,-131.814,1539.964,-0.026,,,,,-266.893
oe:player:1e649d109aa635c132bb40ea7a78cf5,Bladeshow,VININE,PRMP,Mid,3,-132.293,1550.771,-0.026,,,,,56.223
oe:player:1b2076ac634f57ba224836d8c0ea2e4,Kruimel,Senshi eSports,ROL,Mid,17,-140.269,1482.576,-0.028,252.0,0.0,0.0,0.295,589.459
oe:player:9fe371276988506395efee589dd7bca,escoX,ZETA,LVP SL,Support,27,-140.583,1424.661,-0.028,185.5,0.0,0.0,0.633,-1912.045
oe:player:f377fdacca51b52570fc20ab847b7ea,Tsuneo,Team Insidious,HLL,ADC,17,-140.949,1482.951,-0.028,260.0,0.0,0.0,0.295,40.09
oe:player:6201e2266991ddc5ba122f699a842a9,Phuc1,Saigon Secret,VCS,Jungle,37,-143.313,1548.273,-0.029,209.0,0.0,0.0,0.633,224.706
oe:player:843904945e20b8d57efd59cd1387bd6,Taara,Zer0 Trein0,CD,ADC,7,-143.659,1643.29,-0.029,,,,,-1045.904
name:MYTH Zorka,MYTH Zorka,Myth Esports,ROL,Mid,1,-144.475,1559.478,-0.029,,,,,585.254
oe:player:76a278bd72ec24ed1558d0fbd61399e,Sojo,EXILE esports,HM,Jungle,58,-148.406,1368.351,-0.03,200.0,0.0,0.0,1.0,-66.572
oe:player:8b53c0c5db5b860b0dbe9882b38b32e,Jakobobbi,All for One Gaming,PRMP,Support,2,-148.669,1559.134,-0.03,,,,,39.847
oe:player:7572a04075ec90bbd553e467d65baaf,SkyK,MGN Vikings Academy,VCS,ADC,31,-150.29,1516.213,-0.03,207.0,0.0,0.0,0.633,217.729
oe:player:7b0143c0788257bc3e415e83f74cc8b,Midir,DN Freecs Academy,LAS,Top,74,-150.819,2814.25,-0.03,194.0,0.0,0.0,1.0,74.787
oe:player:ff2cb409f47096abcc2eba6bf609bdd,Mimic,Anubis Gaming,AL,ADC,14,-153.93,1501.301,-0.031,244.0,0.0,0.0,0.295,-289.009
oe:player:64d87269544d68e576128c6614e235e,Relax,ODD Esports,LRN,Support,8,-154.224,1747.619,-0.031,,,,,-29.942
oe:player:013f680f2d7950a0a8c2bf24078815a,Jellou,GLORE,HM,Support,12,-156.731,1511.708,-0.031,222.0,0.0,0.0,0.295,-74.898
oe:player:45bd62ec34b3cbf05b5292056c54b01,TheSerius,GOAL,HLL,Top,36,-156.86,1409.115,-0.031,216.0,0.0,0.0,0.633,24.18
name:PCS OQ34,PCS OQ34,No Barry Berry,PCS,ADC,5,-158.67,1582.484,-0.032,,,,,-71.299
oe:player:42ad24fb9a58f115637ed14ee70677a,Zyko,DarkZero Dragonsteel,NACL,Support,45,-160.103,1914.214,-0.032,214.0,0.0,0.0,1.0,1067.002
oe:player:c1da6ddd950f8d14d0f6d6e3e7e269c,Dawciu,LODIS,RL,Jungle,32,-162.494,1472.845,-0.032,210.0,0.0,0.0,0.633,-804.172
oe:player:55cf2c8413283603d6b5e204c3e2261,Richu,Myth Esports,ROL,Support,24,-166.505,1471.845,-0.033,220.0,0.0,0.0,0.633,563.224
oe:player:da74ad8e7849177db81fdfa5b50a189,Air,Venomcrest Esports,NLC,Mid,9,-167.542,1507.067,-0.034,,,,,-947.1
oe:player:281d234577fb032378fe8262790be34,Hildebrandt,Team Paradox,HLL,Top,1,-168.473,1556.116,-0.034,,,,,12.566
oe:player:b1f24dee644d5e76deb2b3806d64d9d,Daksider,Team UNiTY,HM,ADC,37,-173.354,1433.957,-0.035,218.0,0.0,0.0,0.633,-91.521
name:GZ Gon,GZ Gon,GenZ Gaming (2025 Vietnamese Team),VCS,Jungle,7,-175.625,1623.309,-0.035,,,,,192.394
oe:player:1551fdd12b4a77550d3f59703eaec1b,Konan,Rich Gang,NLC,Top,5,-175.779,1527.479,-0.035,,,,,-955.337
oe:player:a238e2ff1b33deb842248e99ee43b3b,Marth,TeamOrangeGaming Academy,LIT,ADC,40,-179.941,1462.474,-0.036,219.0,0.0,0.0,1.0,491.336
oe:player:6f3b3972dde8d4cf188b7558bb66576,WachonBB,Broke,PRMP,Support,2,-180.374,1563.879,-0.036,,,,,8.142
oe:player:dab9d868efc0d19f7f347ba16c372bc,Karaage,Clocks,LJL,Mid,24,-181.811,1513.933,-0.036,220.0,0.0,0.0,0.633,1721.118
oe:player:e3c86d13da04ce1f0f10d451d7c5df8,Master Jos,DCT eSports,LRN,Mid,10,-182.818,1751.503,-0.037,243.0,0.0,0.0,0.295,-58.536
oe:player:343184c72b27d71a67421c407f2677f,Giomatic,LYON Academy,LRN,Jungle,1,-185.335,1774.196,-0.037,,,,,-61.054
name:ME Souma Ria,ME Souma Ria,Münster Esports - Golden Goats,PRMP,Top,2,-185.567,1559.657,-0.037,,,,,2.95
name:A1MATrailblazer,A1MATrailblazer,A One Man Army Prime Academy,PRMP,Support,2,-188.302,1572.953,-0.038,,,,,0.215
oe:player:2e1dc2b5f5614d934a8e38cb776353e,Dragonblood,Dream in 24,LJL,Jungle,40,-192.22,1525.603,-0.038,199.0,0.0,0.0,1.0,1710.709
oe:player:d7432b52de9ff23e6aa98374fe63375,Nite,Broke,PRMP,Mid,2,-192.44,1563.879,-0.038,,,,,-3.924
oe:player:5751eef7350c62a25471f7f3206d699,Dipi,HUTECH CHICKEN,VCS,Mid,5,-193.426,1631.104,-0.039,,,,,174.593
oe:player:674c649305d6595b9b0788b13be9716,RAFBIN,Skillcamp,LFL2,Mid,8,-193.904,1559.006,-0.039,,,,,-1262.031
oe:player:a39d2bfa964a33bd2781fd469425c3f,VaSKED,Tan'i eSports CZ,HM,Support,26,-193.987,1488.341,-0.039,207.0,0.0,0.0,0.633,-112.154
oe:player:a4d15f165c20858e7781645fec016d1,Dinai,PSG Talon Academy,PCS,Jungle,21,-197.087,1530.176,-0.039,216.0,0.0,0.0,0.633,-109.715
name:A1MA Gimko,A1MA Gimko,A One Man Army Prime Academy,PRMP,Jungle,2,-197.232,1572.953,-0.039,,,,,-8.716
oe:player:09ee6fe99bd1a0242be2a413955581b,Hyorai,EKO Esports,LIT,Support,21,-198.235,1478.141,-0.04,228.0,0.0,0.0,0.633,473.042
oe:player:2de2b1548c36c4dd60eebec45dae2c5,Tiwaz,Underworld Esports,LIT,Support,2,-200.153,1564.537,-0.04,,,,,471.124
oe:player:c8d8a306d7e785d2e8facd129fc8256,Chryssey,Team Mentality,PRMP,ADC,5,-201.951,1547.346,-0.04,,,,,-13.435
name:PCS OQ61,PCS OQ61,Kyo eSports,PCS,Top,7,-202.643,1573.519,-0.041,,,,,-115.271
oe:player:280a58c350eef8f164e753447b2a306,Vander,devils.one,RL,Support,15,-202.947,1510.873,-0.041,225.0,0.0,0.0,0.295,-844.624
oe:player:e52cd39655258ab5bd6cff89b32ea07,Benaset,One More Esports,LFL2,Support,17,-205.223,1533.594,-0.041,192.0,0.0,0.0,0.295,-1273.351
oe:player:6ef11d6b02e6172ee2cd275016c0afd,RouZoe,PaiDA Miwan Bao,PCS,Mid,1,-209.019,1603.597,-0.042,,,,,-121.648
oe:player:cd94d1968aa483d2d3a5d10a62813c5,Rabstar,Broke,PRMP,ADC,2,-209.361,1563.879,-0.042,,,,,-20.845
oe:player:f35f9012cff3cbc121c8bc95f23b0a3,rcg,wangting,PCS,Mid,1,-210.287,1603.682,-0.042,,,,,-122.915
oe:player:6624e7c28d0c9761cbb40f60afbdbd1,Kubus,Orbit Anonymo Esports,RL,Top,15,-210.566,1477.55,-0.042,227.0,0.0,0.0,0.295,-852.244
oe:player:4d38e91e966ad67aead69648253640e,Stunt,Conviction,NACL,Support,23,-214.202,1864.08,-0.043,241.0,0.0,0.0,0.633,1012.903
oe:player:7924bb80baefc1fa488c9719be5f195,L1mit,Burning Core Toyama,LJL,ADC,53,-214.51,1524.432,-0.043,205.0,0.0,0.0,1.0,1688.418
oe:player:454d3f03517e32a4e023e2fc5b85ecf,ptt,ZETA,LVP SL,Mid,9,-215.544,1493.634,-0.043,,,,,-1987.006
oe:player:2075ead89d239c5c1cf7efcc52c026a,DANKI,ΣΤΕΝΑΧΩΡΕΜΕΝΟΙ,HLL,Top,4,-220.351,1539.392,-0.044,,,,,-39.311
oe:player:ce263fe22a2827b4da94165c991271e,Trila,KIA.eSuba Academy,HC,Jungle,81,-220.591,1478.609,-0.044,202.0,0.0,0.0,1.0,1198.905
name:SNSH John P,SNSH John P,Senshi eSports,ROL,Support,3,-221.944,1546.37,-0.044,,,,,507.785
oe:player:8903ccb3479b4070c0870b85b8ff579,Kobs,Venomcrest Esports,NLC,Jungle,16,-224.28,1474.559,-0.045,250.0,0.0,0.0,0.295,-1003.837
oe:player:0d7c1887f1bc9cfeffde4e06b426dbb,Pasu,All for One Gaming,PRMP,Jungle,2,-227.05,1559.134,-0.045,,,,,-38.533
name:PME Asykz,PME Asykz,Permitta eSports,PRMP,Mid,5,-227.429,1547.93,-0.045,,,,,-38.913
name:MT2 Epic,MT2 Epic,Metin2 Enjoyers,PRMP,Top,2,-227.822,1560.194,-0.046,,,,,-39.305
oe:player:8703f5634653c109c466a46af87bf13,Ralf,WLGaming Esports,HLL,ADC,10,-227.892,1509.229,-0.046,261.0,0.0,0.0,0.295,-46.852
oe:player:8c94d8f085f29ee2785e796e60e13c0,Chova,Team Paradox,HLL,Support,1,-228.998,1556.116,-0.046,,,,,-47.958
oe:player:df228b3901f1842b9277b61e2adc67e,Ark,Nongshim RedForce Academy,LAS,Jungle,13,-229.318,2826.059,-0.046,242.0,0.0,0.0,0.295,-3.712
name:PCS OQ67,PCS OQ67,Kyo eSports,PCS,Jungle,7,-229.382,1573.519,-0.046,,,,,-142.01
oe:player:206301808df18323b42652b6fa02dc8,whisper,West Point Esports,PCS,Jungle,42,-233.215,1454.686,-0.047,207.0,0.0,0.0,1.0,-145.843
oe:player:a7a7a82735eb944074d9fc89052be81,Zewih,Colossal Gaming,LIT,ADC,42,-233.771,1444.114,-0.047,219.0,0.0,0.0,1.0,437.506
oe:player:482b141d4b188343467b04cabf7cdbb,Faded,Münster Esports - Golden Goats,PRMP,Support,2,-235.221,1559.657,-0.047,,,,,-46.704
oe:player:fbadcf84fcfb01a251de88055f631cb,Spica,Near Airport,NACL,Jungle,38,-238.41,1832.118,-0.048,255.0,0.0,0.0,0.633,988.695
oe:player:0b93c027ee7862dabb4b7742b72e7d9,TT,Never Give Up,VCS,Mid,42,-240.684,1509.212,-0.048,189.0,0.0,0.0,1.0,127.335
oe:player:f25279f69af9a74e04786912946cc0a,Specter,OKSavingsBank BRION Academy,LAS,Top,12,-240.905,2840.455,-0.048,231.0,0.0,0.0,0.295,-15.298
name:DM history,DM history,Dream in 24,LJL,ADC,40,-242.334,1525.603,-0.048,201.0,0.0,0.0,1.0,1660.595
oe:player:c2a90baf58e14e224415293a8ad34ff,BetaTwinz,Icon Esports (Mexican Team),LRN,Support,3,-242.894,1769.605,-0.049,,,,,-118.612
oe:player:e4eb0cb44f9e94d04413f4b9a376b7e,ONLY,KIA.eSuba Academy,HC,ADC,81,-243.461,1478.609,-0.049,204.0,0.0,0.0,1.0,1176.035
oe:player:3b8914e862fc0b2502e33b15b21b36c,bicas,Otter Side,LPLOL,Jungle,21,-244.069,1470.619,-0.049,232.0,0.0,0.0,0.633,1381.143
oe:player:d2c3f469076bec7c92eb899661a441d,Bobsik,Team UNiTY,HM,Top,53,-245.958,1416.765,-0.049,198.0,0.0,0.0,1.0,-164.125
oe:player:b8e2d6669942a1a00f7beb2aef65da0,Warrior,Never Give Up,VCS,Top,15,-246.897,1580.296,-0.049,232.0,0.0,0.0,0.295,121.122
name:MT2 Jetski,MT2 Jetski,Metin2 Enjoyers,PRMP,Support,2,-247.516,1560.194,-0.05,,,,,-58.999
oe:player:f0523a8a7089a6b90c4c1606ebd9605,DizL,All for One Gaming,PRMP,ADC,2,-249.093,1559.134,-0.05,,,,,-60.577
name:DG kumuo,DG kumuo,Deltan Gaming,LJL,ADC,18,-250.754,1560.805,-0.05,251.0,0.0,0.0,0.295,1652.175
oe:player:92efc8a49a1bbc8fda4564f78ef7c31,Euphoria,DN Freecs Academy,LAS,ADC,64,-262.598,2812.474,-0.053,198.0,0.0,0.0,1.0,-36.992
oe:player:ffa51c3e9e63cddfc4e8c4adcf6f016,Unchained,Team Mentality,PRMP,Mid,5,-265.65,1547.346,-0.053,,,,,-77.134
oe:player:e4c1b31618cccf7134bcd1b037d95d7,Brucee,Burning Core Toyama,LJL,Jungle,53,-266.606,1524.432,-0.053,206.5,0.0,0.0,1.0,1636.323
oe:player:16bfbf9c462762cf1cba4134ec53c50,Loading,Actions Per Minute,HLL,Top,42,-267.444,1416.663,-0.053,217.5,0.0,0.0,1.0,-86.404
oe:player:f1211cc85f34c8eb4309a67b3a2554c,Praevius,Venomcrest Esports,NLC,Top,3,-268.998,1537.115,-0.054,,,,,-1048.555
name:MT2 Casey,MT2 Casey,Metin2 Enjoyers,PRMP,ADC,2,-270.021,1560.194,-0.054,,,,,-81.505
name:ME Zyon,ME Zyon,Münster Esports - Golden Goats,PRMP,ADC,2,-272.729,1559.657,-0.055,,,,,-84.213
oe:player:b01d3328e7951a05d7a0f67e0321933,WonSeok,OKSavingsBank BRION Academy,LAS,Jungle,12,-277.335,2840.455,-0.055,241.0,0.0,0.0,0.295,-51.729
oe:player:7cf237be2861f449b7b922655a8a466,Tommy,Münster Esports - Golden Goats,PRMP,Jungle,2,-277.819,1559.657,-0.056,,,,,-89.302
oe:player:0b9190d15002ae463cfa4ac4c29abf7,Rexat,Human Apex Predator,PRMP,Support,8,-278.888,1511.837,-0.056,,,,,-90.372
oe:player:a4e9e9157f2a7f62d2166124824166e,Ramune,Dream in 24,LJL,Mid,24,-281.681,1537.467,-0.056,222.0,0.0,0.0,0.633,1621.248
oe:player:18fb9695f004925012bf3ae5826b780,Stray,Zeu5 Esports,LRN,Top,35,-283.815,1660.941,-0.057,216.0,0.0,0.0,0.633,-159.534
oe:player:7b82ec73b4691343fd36251d6562e96,Jabu,HELL PIGS,PCS,Top,1,-284.003,1603.438,-0.057,,,,,-196.631
oe:player:5ceca96ff1bf52b5c77de78c0bdea0b,Shavo,LYON Academy,LRN,Top,16,-285.695,1720.087,-0.057,246.0,0.0,0.0,0.295,-161.413
oe:player:ae1fda904e6a2f592e9054e5644c7ea,Vox,Nongshim RedForce Academy,LAS,ADC,13,-285.726,2826.059,-0.057,244.0,0.0,0.0,0.295,-60.12
oe:player:906c6cdbfce615131dafcbeb1bbe7e8,Blind Walker,PÊEK Gaming,LRN,Jungle,23,-291.174,1713.912,-0.058,232.5,0.0,0.0,0.633,-166.892
oe:player:38433a4d5953b7e577b4c76f1361250,JT,wangting,PCS,Support,1,-292.154,1603.682,-0.058,,,,,-204.783
oe:player:034f451964aa80cb78180265e4ebd01,Renewal,Rich Gang,NLC,Jungle,7,-293.661,1516.183,-0.059,,,,,-1073.219
oe:player:4a8a150d1497b3daa66c2bdaffe2c43,Fatihcan,CCG Esports,NACL,Support,20,-300.238,1826.325,-0.06,244.0,0.0,0.0,0.633,926.867
oe:player:c57b134241e87b93bb3f928f65ef724,Van,QT DIG∞,LJL,Jungle,35,-300.292,1485.755,-0.06,239.0,0.0,0.0,0.633,1602.636
oe:player:373da423dfeaac257b4ab3b266123be,revenge,OKSavingsBank BRION Academy,LAS,ADC,12,-300.81,2840.455,-0.06,243.0,0.0,0.0,0.295,-75.204
oe:player:aaa8bc3b73bb36e8638857dd41dbeaf,Kita,LYON Academy,LRN,Support,15,-304.25,1759.891,-0.061,251.0,0.0,0.0,0.295,-179.968
oe:player:4e24975f772fe41fcf838ea9dbe138f,Fooneses,All for One Gaming,PRMP,Mid,2,-308.349,1559.134,-0.062,,,,,-119.833
oe:player:7c2d9b5020f9cc6b4a63441df3efb27,Alvanai,WLGaming Esports,HLL,Mid,31,-310.463,1426.291,-0.062,224.0,0.0,0.0,0.633,-129.424
oe:player:28d24f9c86d24b84313485a5a07d238,Tochas,Leões Porto Salvo Esports,LPLOL,Support,38,-313.121,1435.18,-0.063,238.0,0.0,0.0,0.633,1312.092
oe:player:5364c86869641cd982e519f65c5797b,Ilyxøu,Leões Porto Salvo Esports,LIT,Top,49,-321.465,1439.956,-0.064,214.5,0.0,0.0,1.0,349.812
oe:player:1ce5e1b7bc0fb25b47e19a855892240,Darkeszy,Meavedron,HC,Top,57,-323.268,1445.561,-0.065,203.0,0.0,0.0,1.0,1096.228
oe:player:622d4de9392e60c0e92b4333486df08,Perry,Conviction,NACL,Jungle,23,-323.488,1864.08,-0.065,252.0,0.0,0.0,0.633,903.617
oe:player:0bd45d47b73e78d1d7167c6b493241f,Xelar,A One Man Army Prime Academy,PRMP,ADC,2,-324.032,1572.953,-0.065,,,,,-135.515
oe:player:9e9fd4103b739b6a13137f1d5f02aa6,Worthless,CITA Kaizen,HC,ADC,26,-324.345,1527.348,-0.065,235.5,0.0,0.0,0.633,1095.152
oe:player:276a74368ea1b0f374f4d9f00dca699,Xavi,Actions Per Minute,HLL,Support,15,-327.453,1513.38,-0.065,258.0,0.0,0.0,0.295,-146.414
oe:player:7dfd06e285608dde20869a288d6544a,Lizia,SK Gaming Avarosa,PRMP,Top,2,-330.165,1559.411,-0.066,,,,,-141.649
oe:player:1d35270338bf28830fbaff7e93d9148,Bcan,ZennIT,ROL,Mid,56,-333.252,1407.921,-0.067,220.5,0.0,0.0,1.0,396.477
name:MT2 lStephanl,MT2 lStephanl,Metin2 Enjoyers,PRMP,Mid,2,-334.379,1560.194,-0.067,,,,,-145.863
oe:player:64033bd33ba83b6fe329f433576a539,Inzuh,Zena Esports,LIT,Mid,38,-334.448,1452.98,-0.067,225.0,0.0,0.0,0.633,336.829
oe:player:4e8d825698068a189023c34c67fe2cb,Horder,Supernova,NACL,Top,58,-336.632,1802.277,-0.067,220.0,0.0,0.0,1.0,890.473
name:PCS OQ03,PCS OQ03,JY Gaming,PCS,Mid,2,-336.86,1597.827,-0.067,,,,,-249.489
oe:player:7d785095e784490bec30acf836548e9,pinvvei,PaiDA Miwan Bao,PCS,Support,1,-337.071,1603.597,-0.067,,,,,-249.699
oe:player:6e27d603da1160f9d8625e6791c045d,Fynox,EKO Esports,LIT,ADC,3,-338.039,1551.113,-0.068,,,,,333.238
oe:player:d7560fc4ec70f8b12e5dd435668b292,PlanB,OKSavingsBank BRION Academy,LAS,Support,12,-338.401,2840.455,-0.068,239.0,0.0,0.0,0.295,-112.795
name:BL Frechdachs,BL Frechdachs,Black Lion,PRMP,Support,2,-338.836,1568.636,-0.068,,,,,-150.32
oe:player:baaaa98900585f2689f9c17a8b58d74,Danilo,Mental Over Tempo,EBL,Top,16,-339.474,1482.093,-0.068,266.0,0.0,0.0,0.295,695.848
oe:player:88b780b9f178fd2e50a458ae282cd7c,Biofrost,Near Airport,NACL,Support,28,-340.075,1831.997,-0.068,249.5,0.0,0.0,0.633,887.03
oe:player:9ba0c7441938701317818f1e73b12bd,9eetoo,3BL Esports,AL,Top,7,-341.159,1520.263,-0.068,,,,,-476.238
oe:player:9c2b5d4edfc9c79923a32bd589c6223,Guubi,GMBLERS Esports,NLC,Jungle,16,-342.321,1474.756,-0.068,238.0,0.0,0.0,0.295,-1121.879
oe:player:4e0d4f6ce30646f5a3f3e2a7422c1c5,SM,Howl Esports,HLL,ADC,7,-345.135,1521.889,-0.069,,,,,-164.095
name:PCS OQ35,PCS OQ35,No Barry Berry,PCS,Support,5,-346.64,1582.484,-0.069,,,,,-259.268
oe:player:37868ce320afa69d0c0387124e61968,tol2,Burning Core Toyama,LJL,Top,53,-351.823,1524.432,-0.07,203.5,0.0,0.0,1.0,1551.106
oe:player:fc4ef7ece971cc48b1441b44b2b8035,reje,KAOS e-sport,NLC,ADC,22,-351.824,1469.719,-0.07,220.0,0.0,0.0,0.633,-1131.381
oe:player:3f364c4a0e11df79bcf62f295c9a4de,Rosa,Tigers eSports,CD,ADC,12,-356.423,1592.355,-0.071,271.0,0.0,0.0,0.295,-1258.667
oe:player:a2de87eae98d0ab3b85567026561a51,Dardoch,Supernova,NACL,Jungle,52,-356.932,1816.949,-0.071,242.0,0.0,0.0,1.0,870.173
oe:player:ad819cc5dee5d97ba9204eab9d4e997,KatEvolved,Conviction,NACL,Mid,34,-358.528,1734.191,-0.072,247.0,0.0,0.0,0.633,868.577
name:PCS OQ04,PCS OQ04,JY Gaming,PCS,ADC,2,-359.65,1597.827,-0.072,,,,,-272.278
oe:player:b7ba183b22675d06d42bd783276a010,Kazing,eSports Cologne e.V.,PRMP,ADC,2,-360.902,1575.837,-0.072,,,,,-172.386
name:MT2 Trollnekton,MT2 Trollnekton,Metin2 Enjoyers,PRMP,Jungle,2,-362.261,1560.194,-0.072,,,,,-173.744
oe:player:cb98b4c6c9cb226e72bceb02e195a07,Guggu,NextGeneration Esports,AL,Support,13,-363.448,1485.894,-0.073,263.0,0.0,0.0,0.295,-498.527
oe:player:af31ae99fe8c1f86d1098e9dac671e8,Pobelter,Near Airport,NACL,Mid,38,-364.275,1832.118,-0.073,254.5,0.0,0.0,0.633,862.83
name:BL Niko Reaper,BL Niko Reaper,Black Lion,PRMP,ADC,2,-365.563,1568.636,-0.073,,,,,-177.046
oe:player:158e66634420989d67e99e560380a1b,Bananiasty,eSports Cologne e.V.,PRMP,Jungle,2,-366.4,1575.837,-0.073,,,,,-177.883
oe:player:f77c2becc8145352a637a382dd53fce,Bolyy1,Guinea Pink,CT,Support,12,-373.215,1664.424,-0.075,253.0,0.0,0.0,0.295,463.993
oe:player:e856a4c24d5611c7f42c5acaefcf841,lobellan,EKO Esports,LIT,Top,16,-373.79,1499.847,-0.075,269.0,0.0,0.0,0.295,297.487
oe:player:934a2eec1d77e7ed03fdd6f711581f1,Baul,Myth Esports,ROL,Jungle,34,-374.824,1448.461,-0.075,234.0,0.0,0.0,0.633,354.905
oe:player:7534759ceb94c0e91b13a22fe6e1698,Bandit,Myth Esports,ROL,Jungle,17,-382.312,1483.366,-0.076,269.0,0.0,0.0,0.295,347.416
oe:player:6ea02165f30cc6337ebd47f6ac91beb,Roo,Actions Per Minute,HLL,Support,16,-382.609,1476.735,-0.077,262.0,0.0,0.0,0.295,-201.569
oe:player:c21df34df89c6fa7baa125670272558,Hinata,OKSavingsBank BRION Academy,LAS,Mid,63,-383.182,2791.984,-0.077,207.5,0.0,0.0,1.0,-157.576
oe:player:f6d396ec0d1bfac782d5389da59df76,Enapon,Burning Core Toyama,LJL,Support,53,-383.194,1524.432,-0.077,203.0,0.0,0.0,1.0,1519.735
name:YYG Tory,YYG Tory,Yang Yang Gaming,LJL,Top,6,-384.725,1588.002,-0.077,,,,,1518.204
name:ODD WhiteWolf,ODD WhiteWolf,ODD Esports,LRN,Top,2,-388.236,1775.304,-0.078,,,,,-263.954
name:PCS OQ31,PCS OQ31,No Barry Berry,PCS,Top,5,-390.943,1582.484,-0.078,,,,,-303.571
oe:player:e394f04be62f277326ef8a5ea88d247,Egnom,3BL Esports,AL,ADC,7,-391.007,1520.263,-0.078,,,,,-526.086
oe:player:21ebec07a528fe96f13cf501445fbdc,Mazi,Meavedron,HC,Jungle,3,-391.555,1582.73,-0.078,,,,,1027.941
oe:player:e7be24324b2d08ca8b3bca92bb28e06,Aklass,Fog Esports,AL,ADC,58,-393.416,1401.053,-0.079,219.0,0.0,0.0,1.0,-528.495
oe:player:43b4833a8d8b74ea63999994ac6b527,SniIIer,KAOS e-sport,NLC,Support,23,-395.254,1469.127,-0.079,218.0,0.0,0.0,0.633,-1174.811
oe:player:5fb3f80800243f76dd5c287515cfc08,kkero,GOAL,ROL,Support,36,-395.488,1424.111,-0.079,228.0,0.0,0.0,0.633,334.241
name:BL Vinni Wonka,BL Vinni Wonka,Black Lion,PRMP,Top,2,-395.49,1568.636,-0.079,,,,,-206.974
name:SAD Raizy,SAD Raizy,ΣΤΕΝΑΧΩΡΕΜΕΝΟΙ,HLL,Mid,4,-396.056,1539.392,-0.079,,,,,-215.016
oe:player:8fc37ddb92737e682c2419caca033de,Heart,SN CyberCore Esports,VCS,Jungle,2,-398.945,1641.273,-0.08,,,,,-30.926
oe:player:dc0ab0700ebab412ecfc2e808b86e0f,Crow,Myth Esports,ROL,Support,12,-400.475,1504.676,-0.08,270.0,0.0,0.0,0.295,329.254
name: BLWeaksideWizar, BLWeaksideWizar,Black Lion,PRMP,Mid,2,-402.758,1568.636,-0.081,,,,,-214.242
oe:player:c71b4244f70372f8be07a3e83c58490,Heroic,Zerolag Esports,HW,Mid,45,-403.364,1411.957,-0.081,219.0,0.0,0.0,1.0,1563.548
oe:player:9208c506b10edf698368ba9b44e1788,soul1,Meavedron,HC,Jungle,56,-403.793,1455.096,-0.081,222.0,0.0,0.0,1.0,1015.703
name:ECOGentlemanHer,ECOGentlemanHer,eSports Cologne e.V.,PRMP,Top,2,-404.055,1575.837,-0.081,,,,,-215.539
oe:player:4f4e71938a105fe72bd18788fe53d40,Worst,For The Win Esports,LPLOL,ADC,26,-404.711,1484.11,-0.081,244.0,0.0,0.0,0.633,1220.502
name:PCS OQ12,PCS OQ12,PaiDA Miwan Bao,PCS,Jungle,1,-409.627,1603.597,-0.082,,,,,-322.255
oe:player:ba2b37f19ba735f23ce71cb133ea4e5,Putin,PÊEK Gaming,LRN,Top,23,-410.214,1713.912,-0.082,222.0,0.0,0.0,0.633,-285.932
oe:player:7a02b42113a4a0bc356e4b708a41387,Nitz,Tigers eSports,CD,Mid,12,-410.902,1592.355,-0.082,256.0,0.0,0.0,0.295,-1313.147
oe:player:65173e58cd68bffc1e113f89ec3e129,Cheng9,Ground Zero Gaming,PCS,ADC,51,-411.532,1459.761,-0.082,223.0,0.0,0.0,1.0,-324.16
oe:player:5c7da09e1927795d296af4fcc570704,Deepe,Diversion Gaming,HC,Mid,28,-413.319,1519.589,-0.083,240.0,0.0,0.0,0.633,1006.177
oe:player:1d938960ffa77b8629a3107d2486c93,Overpow,devils.one,RL,Mid,15,-413.411,1510.873,-0.083,230.0,0.0,0.0,0.295,-1055.089
oe:player:1d6c8fce07213d77cf9572b40f088a5,vayu,KAOS e-sport,NLC,Top,23,-413.604,1469.127,-0.083,219.0,0.0,0.0,0.633,-1193.162
oe:player:75b132c6d1a5d5d05ea91c983c9527e,Dman,eSports Cologne e.V.,PRMP,Mid,2,-414.484,1575.837,-0.083,,,,,-225.968
oe:player:0b561e1f67d3219a8dd379878960561,DVLK,Meavedron,HC,Mid,82,-415.756,1452.903,-0.083,216.0,0.0,0.0,1.0,1003.741
oe:player:c334ee63e5cf0c65f52cefd3f68a7d2,Tamoz,Tan'i eSports CZ,HM,Top,26,-416.012,1488.341,-0.083,214.0,0.0,0.0,0.633,-334.179
oe:player:a272c3f80649036f8e168cb2f3df17c,Yakkey,Crvena zvezda Esports,EBL,ADC,64,-424.435,1391.673,-0.085,224.0,0.0,0.0,1.0,610.886
oe:player:d6700c725707cc52fc221a1fd8dd0d0,Guppy,A One Man Army,ROL,ADC,14,-425.882,1493.491,-0.085,264.0,0.0,0.0,0.295,303.847
name:AMI Dcoy,AMI Dcoy,Apex Mission Impossible,NACL,Top,1,-426.584,1909.181,-0.085,,,,,800.521
oe:player:a85e95c1dcc81da84247a00c5e9e1de,Alex234,Skillcamp,AL,Jungle,45,-427.153,1417.825,-0.085,216.0,0.0,0.0,1.0,-562.233
oe:player:07246543c68cf361f00921dbea24efe,Marcv1,Nocturne Gale,CT,ADC,39,-428.344,1530.209,-0.086,234.5,0.0,0.0,0.633,408.864
oe:player:2ae9333fed6cff00dc0343197c38a06,Floris56,Myth Esports,ROL,ADC,21,-428.414,1495.09,-0.086,237.5,0.0,0.0,0.633,301.315
oe:player:a3659e9d07c9807e77df85548df86fb,Emprez,SK Gaming Avarosa,PRMP,Jungle,2,-428.601,1559.411,-0.086,,,,,-240.085
oe:player:eb73a074813cb61e81a742c0e4e55cd,Joekie,Senshi eSports,ROL,Jungle,26,-428.614,1474.752,-0.086,249.0,0.0,0.0,0.633,301.115
oe:player:716b3e05828a7072ca9b36b35829123,kahura,GLORE,HM,Top,2,-429.602,1551.262,-0.086,,,,,-347.769
oe:player:e181a641eac63b45915802512997360,Ablazeolive,Supernova,NACL,Mid,24,-432.455,1856.333,-0.086,252.5,0.0,0.0,0.633,794.65
oe:player:23b8dd9ca6016d7432f3e39ffc20cc7,MrHB,A One Man Army,ROL,ADC,20,-433.675,1467.107,-0.087,250.0,0.0,0.0,0.633,296.054
oe:player:a0cff4167fb5c141dd41760bcf18b6d,eaRyz,Team UNiTY,EBL,Jungle,52,-435.045,1416.056,-0.087,228.5,0.0,0.0,1.0,600.277
oe:player:3914746eeaf8b01a7f96995fa039c0d,Fireblade,Hanoi Rookies Esports,VCS,Top,9,-436.866,1608.443,-0.087,,,,,-68.847
oe:player:6920f59a94eca05b963351f7dbbae98,Vit,GenZ Gaming,VCS,ADC,10,-438.486,1609.632,-0.088,248.0,0.0,0.0,0.295,-70.467
oe:player:9e368cf17db2dab6f42f3aa3bb5b4cd,Loid,Gen.G Scholars,LAS,Mid,6,-440.406,2848.742,-0.088,,,,,-214.8
oe:player:a0768d89dec26206b95179ad9a1c08d,NOMA,For The Win Esports,LPLOL,Mid,26,-442.702,1484.11,-0.089,243.0,0.0,0.0,0.633,1182.511
oe:player:d0c52a9400db78779e0baae662a3fc2,Adiss,BRUTE,HW,Top,19,-444.582,1495.755,-0.089,292.0,0.0,0.0,0.295,1522.33
oe:player:307bc10d48d7b6d1af5fd1dae30b77e,Miella,SK Gaming Avarosa,PRMP,ADC,2,-444.757,1559.411,-0.089,,,,,-256.241
oe:player:0e9764ca8971894af709c0cd603e6b6,Faded,Howl Esports,HLL,Mid,39,-444.874,1398.062,-0.089,231.5,0.0,0.0,0.633,-263.835
oe:player:758a9b0b73aeb3ed8f73f01edbd61c3,Apollonia,SK Gaming Avarosa,PRMP,Mid,2,-445.339,1559.411,-0.089,,,,,-256.822
oe:player:60968bea58e9f27d24c9fd087fde687,MAT,Skillcamp,LFL2,Top,14,-446.363,1539.295,-0.089,223.0,0.0,0.0,0.295,-1514.49
oe:player:64e324984ba1998ec0be1ef26b56ed7,Bitse,DMG Esports,NLC,Jungle,10,-450.63,1490.97,-0.09,243.0,0.0,0.0,0.295,-1230.188
oe:player:f0a5ea74809c41291a17d4db7dc9a87,Taco,Hungkuang Falcon (弘光獵鷹),PCS,Top,4,-452.761,1583.241,-0.091,,,,,-365.39
oe:player:8429daba1cf5e1f32cc0d08298a944d,Cristonex,LYON Academy,LRN,Top,15,-454.354,1759.891,-0.091,254.0,0.0,0.0,0.295,-330.072
oe:player:cad3acc5548fc9dbf4a02e6d6eb6e6b,FSZ,GMBLERS Esports,LIT,Mid,51,-454.498,1411.601,-0.091,219.5,0.0,0.0,1.0,216.779
oe:player:0c47d25b02ccd30dd5cc2c7615384d7,Tozue,Actions Per Minute,HLL,Top,1,-455.479,1556.015,-0.091,,,,,-274.439
name:KES Maaax,KES Maaax,Karam El Sham,AL,Support,3,-457.214,1535.221,-0.091,,,,,-592.293
name:PME Zoro,PME Zoro,Permitta eSports,PRMP,Top,5,-457.222,1547.93,-0.091,,,,,-268.706
name:PCS OQ07,PCS OQ07,JY Gaming,PCS,Support,2,-457.41,1597.827,-0.091,,,,,-370.038
name:NGU Warrior1,NGU Warrior1,Never Give Up,VCS,Top,6,-459.176,1618.669,-0.092,,,,,-91.157
oe:player:ba60f2274afd5a39163aeade95ddab3,Buggax,Sicar Esports,LRS,Top,16,-461.493,2072.065,-0.092,276.0,0.0,0.0,0.295,1458.935
name:HPS EN,HPS EN,HELL PIGS,PCS,Support,2,-464.626,1595.454,-0.093,,,,,-377.255
name:VG thoc,VG thoc,Venus Gaming,VCS,Mid,4,-465.515,1633.737,-0.093,,,,,-97.496
name:HST Terry,HST Terry,HST,VCS,Mid,2,-470.742,1644.438,-0.094,,,,,-102.723
oe:player:1bb23a583cf7b04cd0774c727465cec,Himmel,GenZ Gaming,VCS,Mid,10,-472.319,1609.632,-0.094,231.0,0.0,0.0,0.295,-104.3
oe:player:466d302713c8abd2346b8f1e6ec6234,DoubleAiM,BeFive,EBL,Jungle,34,-472.397,1422.447,-0.094,251.0,0.0,0.0,0.633,562.925
oe:player:05ad8a5ae4f9a124d9b174c92dc25fa,Kyanna,SK Gaming Avarosa,PRMP,Support,2,-472.92,1559.411,-0.095,,,,,-284.404
name:HC KZT,HC KZT,HUTECH CHICKEN,VCS,Jungle,5,-476.213,1631.104,-0.095,,,,,-108.194
oe:player:8ab502bbb3e12f2c4b01463455c6577,MegaJ,SPIKE Syndicate,EBL,Top,27,-480.194,1478.908,-0.096,235.0,0.0,0.0,0.633,555.128
oe:player:9b16055070b8269a9dc504251587d0a,Kitten,DN Freecs Academy,LAS,Support,10,-481.797,2840.043,-0.096,252.0,0.0,0.0,0.295,-256.19
name:VG dd1,VG dd1,Venus Gaming,VCS,Jungle,4,-483.389,1633.737,-0.097,,,,,-115.37
oe:player:cdc952e024c99837dc7af684adf322e,Joao,NORTHS FURY,LPLOL,Top,30,-485.222,1456.404,-0.097,240.0,0.0,0.0,0.633,1139.99
name:NGU PeterL,NGU PeterL,Never Give Up,VCS,Mid,4,-486.213,1635.023,-0.097,,,,,-118.194
name:KES Silva,KES Silva,Karam El Sham,AL,Jungle,3,-488.768,1535.221,-0.098,,,,,-623.847
name:KGA Darky,KGA Darky,KrabbelGruppeAlpha,PRMP,Top,2,-489.252,1560.585,-0.098,,,,,-300.735
oe:player:907a884efd3bf9b26882811c53bcf18,Bola,PÊEK Gaming,LRN,ADC,21,-491.67,1714.497,-0.098,239.0,0.0,0.0,0.633,-367.389
oe:player:1792f02f8f369487ec1bd43672fea0e,Satan,Actions Per Minute,HLL,Mid,15,-493.835,1513.38,-0.099,258.0,0.0,0.0,0.295,-312.795
oe:player:cc15dcdfee1886b70972a56eb9a4005,EUNE,Actions Per Minute,HLL,Support,1,-495.109,1556.015,-0.099,,,,,-314.069
oe:player:1088cd31175ca69bc2f4e15277a079c,Siler,Falke Esports,CT,Mid,25,-495.938,1627.905,-0.099,226.0,0.0,0.0,0.633,341.271
oe:player:fa21f9747eae21b158bb1a89605fcf4,Zyres,Team UNiTY,HM,Support,3,-495.962,1549.46,-0.099,,,,,-414.129
oe:player:6aec0ace4133efdcd6a8ac81eb48f47,Sawyor,GLORE,HM,Mid,2,-496.189,1553.057,-0.099,,,,,-414.356
oe:player:a61da83af5e3738845fa6dd56e1d41a,Juzu,Anubis Gaming,AL,Top,35,-498.142,1449.249,-0.1,223.0,0.0,0.0,0.633,-633.221
oe:player:c142368a9f94d6334133932a7e5ce0d,Speedy,Zerolag Esports,HLL,Jungle,4,-501.073,1532.335,-0.1,,,,,-320.033
oe:player:004e96a525452599860ca439bf916bd,ArQuel,devils.one,RL,Top,15,-501.953,1510.873,-0.1,236.0,0.0,0.0,0.295,-1143.631
name:PCS OQ02,PCS OQ02,JY Gaming,PCS,Jungle,2,-505.252,1597.827,-0.101,,,,,-417.88
oe:player:f5d24579082a4869432dbecce0afef3,Guli,Dynamo Eclot,HM,Jungle,23,-505.927,1488.578,-0.101,232.0,0.0,0.0,0.633,-424.094
oe:player:803305691092adbf1de29f27a98d2a6,V1per,Conviction,NACL,ADC,23,-507.912,1864.08,-0.102,254.0,0.0,0.0,0.633,719.193
oe:player:b3f03dbe2864c8fe572f21bdd5f37b2,TA0,HELL PIGS,PCS,Jungle,5,-508.439,1577.399,-0.102,,,,,-421.068
oe:player:c6445581b2cfc3646f4dc0ccf41753d,ianshaka,Farenvehn,LRS,ADC,50,-508.445,2079.664,-0.102,214.0,0.0,0.0,1.0,1411.983
oe:player:ad4ff01fe994def319edb039efecefc,IanaTheAlpha,Myth Esports,ROL,Support,7,-511.441,1523.403,-0.102,,,,,218.288
oe:player:06fbf3cfd4b139c5b424cba07545931,Zealot,Gen.G Scholars,LAS,Top,6,-511.48,2848.742,-0.102,,,,,-285.874
oe:player:ce745a993fdf3a3895bfb60ae097289,Zerberus,Permitta eSports,PRMP,Jungle,5,-511.976,1547.93,-0.102,,,,,-323.46
oe:player:d76a9159c4607518fc7e17002119f09,Rhythm,Rich Gang,NLC,ADC,7,-512.218,1516.183,-0.102,,,,,-1291.775
name:ME Sprinta,ME Sprinta,Münster Esports - Golden Goats,PRMP,Mid,2,-513.121,1559.657,-0.103,,,,,-324.605
oe:player:8972b9cb6da62c9feba04a80249aa80,DrSaw,Myth Esports,ROL,Top,6,-513.679,1532.646,-0.103,,,,,216.05
oe:player:54e0e99e2dde6d5a7cd0d79738beb1a,Pooya,Delta Syndicate,HC,ADC,6,-514.264,1558.234,-0.103,,,,,905.232
oe:player:b665b9fa5f821ff73a873d0cecb0682,D4SH,Odivelas Sports Club,LPLOL,Jungle,27,-515.28,1470.425,-0.103,245.0,0.0,0.0,0.633,1109.933
oe:player:ee9cc30096f8d5f0c1969156f55680c,naau,Nocturne Gale,CT,Jungle,46,-521.088,1560.456,-0.104,202.0,0.0,0.0,1.0,316.12
oe:player:f276daf7c9dc149b1bbcfd606ca569b,TQ,Silent Storm Esports,VCS,Support,10,-521.136,1608.3,-0.104,252.0,0.0,0.0,0.295,-153.117
name:DM p1ng,DM p1ng,Dream in 24,LJL,Top,27,-521.245,1534.148,-0.104,229.0,0.0,0.0,0.633,1381.683
oe:player:7dc493a4fa66bb5d79f97543e079e4d,Freedabee,Karam El Sham,AL,ADC,3,-521.275,1535.221,-0.104,,,,,-656.354
name:KGA Slimsnoker,KGA Slimsnoker,KrabbelGruppeAlpha,PRMP,ADC,2,-522.834,1560.585,-0.105,,,,,-334.317
oe:player:b768e829b646b094c7df80ba249b193,gtrik,Mental Over Tempo,EBL,Mid,10,-524.159,1511.505,-0.105,280.0,0.0,0.0,0.295,511.162
oe:player:5ab137577a18956e9688137c178fe20,Franky,Myth Esports,ROL,Mid,20,-525.211,1493.946,-0.105,240.0,0.0,0.0,0.633,204.518
name:PCS OQ01,PCS OQ01,JY Gaming,PCS,Top,2,-526.323,1597.827,-0.105,,,,,-438.951
oe:player:7bcd2e0ffb1e417c2aa64d08675ed2b,Music,CCG Esports,NACL,Jungle,36,-528.018,1793.552,-0.106,266.0,0.0,0.0,0.633,699.087
oe:player:b85d82a85b2f24d5e4e02a6506d061a,CBL,GenZ Gaming,VCS,Support,10,-529.264,1609.632,-0.106,243.0,0.0,0.0,0.295,-161.245
name:PME Den,PME Den,Permitta eSports,PRMP,ADC,5,-533.394,1547.93,-0.107,,,,,-344.878
oe:player:b4b98082fd3e3a35446a7f50ebf3060,Ozgur,Actions Per Minute,HLL,ADC,7,-537.528,1519.806,-0.108,,,,,-356.489
oe:player:6138b4e3cfce7fb1d438ac203f1265c,Kanra,SDM Tigres,LRN,Support,2,-537.828,1778.699,-0.108,,,,,-413.547
name:NGU Souma,NGU Souma,Never Give Up,VCS,Top,4,-538.263,1635.023,-0.108,,,,,-170.244
oe:player:9ea81871d6eae77bf89f98d3b7ba544,wittman,EXILE esports,HM,ADC,20,-540.717,1481.925,-0.108,228.0,0.0,0.0,0.633,-458.884
oe:player:72afadf3f4701a666860c0c442b08f5,Mishal,3BL Esports,AL,Support,7,-541.975,1520.263,-0.108,,,,,-677.054
oe:player:7c68fa15151d853865a2a602b154273,Biob,SN CyberCore Esports,VCS,Support,6,-542.547,1620.529,-0.109,,,,,-174.528
oe:player:8f84b3e1ea431d26d9ad272eba9ba8c,Camana,The Forbidden Five,LIT,Mid,19,-542.64,1482.222,-0.109,286.0,0.0,0.0,0.295,128.637
name:EG Digit,EG Digit,evil genius (RTV Team),VCS,Mid,6,-542.681,1625.224,-0.109,,,,,-174.662
oe:player:95a8aae7c0baf0df5110b78a8f80ae9,Likai,HELL PIGS,PCS,Top,50,-544.027,1495.975,-0.109,220.0,0.0,0.0,1.0,-456.655
oe:player:724952c951cfa0e8d0cca561b10bcde,XerRay,Meavedron,HW,Support,20,-549.501,1512.139,-0.11,269.0,0.0,0.0,0.633,1417.41
oe:player:57def18d4fc45a6b3f50a17b9f5236a,Sapphire,Black Lion,PRMP,Jungle,2,-549.528,1568.636,-0.11,,,,,-361.012
oe:player:b82e4eec0372b66f43e88ef34231873,P9,Hanoi Rookies Esports,VCS,Jungle,10,-551.07,1605.322,-0.11,252.0,0.0,0.0,0.295,-183.051
oe:player:d157e65428af5c0724fd4efcfbcf6c5,Whale,Hungkuang Falcon (弘光獵鷹),PCS,ADC,4,-553.043,1583.241,-0.111,,,,,-465.671
oe:player:baafa34fefe920c794431317924f974,qlibali,Team Mentality,PRMP,Jungle,5,-554.112,1524.929,-0.111,,,,,-365.596
name:EG Raiderr,EG Raiderr,evil genius (RTV Team),VCS,Mid,1,-554.561,1650.615,-0.111,,,,,-186.542
oe:player:dcfc3c9bd1d00753fe2619381a59fe4,Dooly,Ground Zero Gaming,PCS,Mid,21,-555.361,1527.996,-0.111,231.0,0.0,0.0,0.633,-467.99
oe:player:e427c5e627936477e7b83048bf11092,Intio,LYON Academy,LRN,ADC,31,-557.111,1715.032,-0.111,244.0,0.0,0.0,0.633,-432.83
oe:player:441bb0a863fd486cc089494c27cf144,Erk,ODD Esports,LRN,Support,2,-559.418,1772.387,-0.112,,,,,-435.137
oe:player:c39abe593063a27305754918408d3a1,Mun,PÊEK Gaming,LRN,Support,9,-560.042,1742.527,-0.112,,,,,-435.76
oe:player:a408c618f4a96e4c05e475520679501,Equa,Ethereal Enigmas,HC,Jungle,2,-560.332,1591.477,-0.112,,,,,859.164
oe:player:72de20c106a52f0aaf21bd650af81bd,Diva,Fantastic Esports,EBL,Mid,6,-563.139,1531.755,-0.113,,,,,472.183
oe:player:6b857fe1d3971aebd9f35f421d56806,Painful,Bulldog Esports,ROL,Mid,40,-563.652,1418.094,-0.113,220.0,0.0,0.0,1.0,166.077
oe:player:ded84ce8443d8de05174cd9b702c4e6,uden,Anubis Gaming,RL,Support,21,-563.965,1463.621,-0.113,216.0,0.0,0.0,0.633,-1205.643
oe:player:dcf0c617cbbdac7a9cae198be20d5fc,Tobi4,mCon esports,ROL,Top,2,-565.058,1552.262,-0.113,,,,,164.671
name:NGU Slowz1,NGU Slowz1,Never Give Up,VCS,ADC,4,-565.27,1635.023,-0.113,,,,,-197.251
oe:player:6078377b92dbf76a7e7aae35fe9f6c7,Icytower,Icon Esports,LRN,Mid,11,-567.042,1745.224,-0.113,255.0,0.0,0.0,0.295,-442.76
oe:player:c2dd4ae1efb63bfc5d5f93c31618c08,belit,Orbit Anonymo Esports,RL,Jungle,49,-568.94,1432.811,-0.114,215.0,0.0,0.0,1.0,-1210.618
oe:player:a1c175a614f82dc15c772d4677442b7,Taiyaki,Yang Yang Gaming,LJL,Support,35,-572.048,1505.361,-0.114,245.5,0.0,0.0,0.633,1330.881
oe:player:2793e5e280ac874358d3212bdbf1739,Sikterr,Fantastic Esports,EBL,Jungle,6,-572.943,1531.755,-0.115,,,,,462.379
oe:player:c7d9dc96ddd149b1f0e8fc05cc98bdb,WarShogun,A One Man Army Prime,PRMP,Jungle,2,-575.202,1571.221,-0.115,,,,,-386.686
oe:player:e46c99b20e40f2b1b934bbd12ac5f55,Arn,Falke Esports,CT,Top,27,-575.542,1623.069,-0.115,239.0,0.0,0.0,0.633,261.666
oe:player:915a37612c680d83248e8956166e210,Jcom,evil genius (RTV Team),VCS,Jungle,7,-577.864,1622.426,-0.116,,,,,-209.845
name:ICON BetoEZ,ICON BetoEZ,Icon Esports,LRN,Support,3,-578.859,1772.841,-0.116,,,,,-454.577
oe:player:8ed0fbb76b3d0711ac75c5519d2b053,Xiao,HUTECH CHICKEN,VCS,ADC,5,-579.144,1631.104,-0.116,,,,,-211.125
oe:player:8465a13b8dbdbacbc22c8fdc0707465,Seebulabu,Never Give Up,VCS,Support,1,-582.4,1648.279,-0.116,,,,,-214.381
name:IN5 Troublemak,IN5 Troublemak,Team Insidious,HLL,Mid,3,-583.485,1537.181,-0.117,,,,,-402.446
oe:player:b10bd58394ab73ced3f241c3a904899,Falleo,The Secret Club,EBL,Top,44,-584.236,1434.827,-0.117,229.0,0.0,0.0,1.0,451.085
oe:player:4afc8f96c8ebf038610ae53e5418a2a,Yukin0,wangting,PCS,ADC,4,-588.169,1562.842,-0.118,,,,,-500.797
oe:player:3f9aef592d06e0bff9eb3d8f38adc72,BlackSwan,Dynamo Eclot,HM,ADC,35,-588.342,1449.187,-0.118,230.0,0.0,0.0,0.633,-506.509
oe:player:51e62ff878bc8e2c27c1d5512cbf45e,Carnage,Tan'i eSports CZ,HM,Jungle,40,-592.474,1407.787,-0.118,200.5,0.0,0.0,1.0,-510.641
oe:player:555e3934816743f30cdda4c7cc0dfe3,Momo,DetonatioN FocusMe Academy,LJL,Top,44,-594.876,1519.654,-0.119,212.0,0.0,0.0,1.0,1308.053
name:PME Calypse,PME Calypse,Permitta eSports,PRMP,Support,5,-596.115,1547.93,-0.119,,,,,-407.599
oe:player:647116a60606bd44fb11a860da72776,Breezy,Supernova,NACL,Support,52,-596.229,1816.949,-0.119,234.0,0.0,0.0,1.0,630.876
oe:player:423785f49efb9ecddd149cfac4eafa2,Redfernal,White Dragons,LPLOL,Support,7,-596.767,1547.188,-0.119,,,,,1028.446
oe:player:46c0cc4125d2134240ee11081aa30b2,Asza,Senshi eSports,ROL,ADC,26,-598.618,1474.752,-0.12,250.0,0.0,0.0,0.633,131.111
oe:player:02af21a020c3da39949696deca43358,Frozen,GenZ Gaming,VCS,Support,2,-598.674,1644.066,-0.12,,,,,-230.655
oe:player:c7b0f8dbb8238ba98b1c363eb705155,buffi,Orbit Anonymo Esports,RL,Mid,49,-601.387,1432.811,-0.12,209.0,0.0,0.0,1.0,-1243.064
oe:player:c8ef68c0fce4f4bfe0219809473d365,Cipher,3BL Esports,AL,Mid,7,-601.43,1520.263,-0.12,,,,,-736.509
oe:player:67007ffa5eb4f53d82366f6685a8303,Kisno,DarkZero Dragonsteel,NACL,Jungle,54,-603.761,1865.742,-0.121,246.0,0.0,0.0,1.0,623.344
oe:player:45f74f4550a57eb7d30ddabf4b191ec,Pdx,DN Freecs Academy,LAS,ADC,10,-606.812,2840.043,-0.121,263.0,0.0,0.0,0.295,-381.205
oe:player:d093de85c458fabe60eda8786a7bd6b,Manolito,Lechuga Gaming,LRS,Top,5,-608.067,2118.333,-0.122,,,,,1312.361
oe:player:42fe1c355dfa1328ebdb244e0fecd7d,Piccolo,HUTECH CHICKEN,VCS,Support,16,-608.12,1576.955,-0.122,263.0,0.0,0.0,0.295,-240.101
oe:player:fc2f901050e822b97a11696ddb2e67f,Leo D Aras,Zerolag Esports,HLL,Support,23,-609.925,1438.924,-0.122,236.0,0.0,0.0,0.633,-428.885
oe:player:9fa4e10a1fd60fbe2687892e0bacc03,godfan,HELL PIGS,PCS,Mid,5,-612.141,1577.399,-0.122,,,,,-524.769
oe:player:e362635a33c6fc3982a35ac6256f04a,Gaarfield,The Secret Club,EBL,Support,9,-613.28,1524.645,-0.123,,,,,422.042
oe:player:2def07523d188aecc96b859475b0346,smifi,GLORE,RL,Support,21,-616.544,1457.759,-0.123,227.5,0.0,0.0,0.633,-1258.221
oe:player:59c7e20290aa08345a6f834eb3fccac,Ouzi,Hanoi Rookies Esports,VCS,ADC,9,-616.95,1608.443,-0.123,,,,,-248.931
name:ODD Chomp,ODD Chomp,ODD Esports,LRN,Mid,2,-617.755,1777.417,-0.124,,,,,-493.474
oe:player:dc38a552ed5f574f2c8abbf08f9d453,Sjakal,KAOS e-sport,NLC,Jungle,23,-618.545,1469.127,-0.124,236.0,0.0,0.0,0.633,-1398.102
oe:player:4b66803fa2f6a6d47468be23c1c6af0,Sun1,Hungkuang Falcon (弘光獵鷹),PCS,Top,4,-622.74,1579.755,-0.125,,,,,-535.368
oe:player:f311f38967bcaca48abdbb1d470542b,Paladin,Fantastic Esports,EBL,ADC,6,-626.681,1531.755,-0.125,,,,,408.641
oe:player:9382c86cd6fa6f154e8e5a6ac04f9ba,Humble,ΣΤΕΝΑΧΩΡΕΜΕΝΟΙ,HLL,ADC,4,-627.012,1539.392,-0.125,,,,,-445.972
oe:player:0e6c8380e804e9a22a6e0d044dfa1e1,Ryujin,Colossal Gaming,LIT,Jungle,6,-627.724,1538.64,-0.126,,,,,43.553
oe:player:d2d4975b4d0bd62e7aa907af8ffdf15,Adyyy,KIA.eSuba Academy,HC,Mid,35,-631.258,1476.976,-0.126,237.0,0.0,0.0,0.633,788.238
name:BE5 Straka,BE5 Straka,BeFive,EBL,Mid,3,-631.755,1549.61,-0.126,,,,,403.566
oe:player:84f35a00bb58f0725ad6e9f0cb02004,Impulse,A One Man Army Prime,PRMP,ADC,2,-631.861,1571.221,-0.126,,,,,-443.345
oe:player:3be8d1a116788e4cd4853801a2e9a3d,MihawK,Nongshim Esports Academy,LAS,Jungle,56,-635.014,2707.518,-0.127,236.0,0.0,0.0,1.0,-409.408
oe:player:f072b8d92693786d40dfa56ddeac73a,rre,DetonatioN FocusMe Academy,LJL,Mid,48,-636.785,1527.697,-0.127,220.0,0.0,0.0,1.0,1266.143
name:PCS OQ33,PCS OQ33,No Barry Berry,PCS,Mid,5,-640.077,1582.484,-0.128,,,,,-552.705
oe:player:6b28fcee6b9d1ddf7c2e481e7fc1c0e,Lumos,Gen.G Scholars,LAS,Support,6,-641.567,2848.742,-0.128,,,,,-415.96
oe:player:c52d1f6b94c909ec3b822acff420409,Own3r,For The Win Esports,LPLOL,Jungle,26,-641.676,1484.11,-0.128,255.0,0.0,0.0,0.633,983.537
oe:player:d4da940111f1cb3b8baccfb1cb9a48a,xRoyal,Supernova,NACL,Top,1,-642.513,1910.116,-0.128,,,,,584.592
oe:player:723ad874e88079517427b26230292b7,Blueboar,Crvena zvezda Esports,EBL,Jungle,23,-642.746,1452.181,-0.129,244.0,0.0,0.0,0.633,392.576
name:ICON Alitan,ICON Alitan,Icon Esports,LRN,Jungle,3,-643.052,1772.841,-0.129,,,,,-518.771
oe:player:4e84f7ae16782f78f739c63aaea6170,Equinox,Ground Zero Gaming,PCS,Top,3,-643.77,1590.732,-0.129,,,,,-556.398
oe:player:546ba6c8cebd89a223367bddd54b63a,Tails,Winthrop University,NACL,Mid,1,-645.242,1910.305,-0.129,,,,,581.863
oe:player:e59e183ef69d30ffcd16f4048f72eb0,Hhiep,Hanoi Rookies Esports,VCS,ADC,3,-645.801,1634.884,-0.129,,,,,-277.782
oe:player:99f65285a9a9457e8f1c8f18d879642,Whitew0lf,ODD Esports,LRN,Top,3,-646.43,1756.812,-0.129,,,,,-522.149
oe:player:67fbce2361ce652d2d5b1eab3b1d195,Hungtwo,Hanoi Rookies Esports,VCS,Support,1,-646.539,1648.685,-0.129,,,,,-278.52
oe:player:bc596913aa23926993c8114c5179c99,Baumeef,Diversion Gaming,HC,Jungle,77,-646.805,1444.207,-0.129,233.0,0.0,0.0,1.0,772.691
name:KGA Senor,KGA Senor,KrabbelGruppeAlpha,PRMP,Jungle,2,-647.068,1560.585,-0.129,,,,,-458.552
oe:player:0b980d0c6f947f01b59e62ec06b5d75,Toasty,DarkZero Dragonsteel,NACL,Mid,27,-649.248,1887.292,-0.13,272.0,0.0,0.0,0.633,577.857
oe:player:31c5497620ea4aea37a0b5a5cb0518c,Dan,Jörmungang,ROL,ADC,27,-650.182,1478.595,-0.13,246.0,0.0,0.0,0.633,79.546
oe:player:09ea1294ac16c26c7cd4d4bae9411c7,Xavis,Ethereal Enigmas,HC,ADC,7,-650.472,1558.588,-0.13,,,,,769.024
oe:player:b8afbc613d0a1f2a932a06ffc7c8511,IntoxqZz,Actions Per Minute,HLL,Mid,7,-651.688,1519.806,-0.13,,,,,-470.648
oe:player:7d03f933eeb73db3e1b0cb8d74bc7fa,R0se,Burning Core Toyama,LJL,Mid,43,-654.079,1497.62,-0.131,219.0,0.0,0.0,1.0,1248.85
oe:player:263b44be104b940a116d9d64e6db7c1,L1,LYON Academy,LRN,Support,14,-654.548,1724.265,-0.131,279.0,0.0,0.0,0.295,-530.266
oe:player:8944b6481d4684e813461b0db0ecc75,Congolese,Ruddy Esports,NLC,Mid,5,-655.541,1523.207,-0.131,,,,,-1435.098
oe:player:0eeca5e6f2e30fdbd85871bea6528de,Nino,WLGaming Esports,HLL,Top,34,-657.836,1423.206,-0.132,239.0,0.0,0.0,0.633,-476.796
oe:player:37a3e2ad72e4b680c6e8b1d97ffd265,Coated,GenZ Gaming,VCS,Top,10,-659.501,1609.632,-0.132,241.0,0.0,0.0,0.295,-291.482
oe:player:e8aba5fbfc41b0621226b08a87e3ded,Philip,Citadel Gaming,NACL,Top,20,-660.654,1864.169,-0.132,258.0,0.0,0.0,0.633,566.451
oe:player:37db21338b94ec8735a74f9b10ad38f,Gon,GenZ Gaming,VCS,Jungle,2,-661.206,1644.066,-0.132,,,,,-293.187
oe:player:5198fed69f476d9e1d69907d6cab3ae,Pigeonx,Actions Per Minute,HLL,Support,13,-662.34,1487.569,-0.132,278.0,0.0,0.0,0.295,-481.3
oe:player:6c7a80ad608cb76d18182d2243d7acf,RenHao,Hungkuang Falcon (弘光獵鷹),PCS,Jungle,4,-662.917,1583.241,-0.133,,,,,-575.545
oe:player:c911f66336db65ab5fd553c7385734c,Fame,Team Refuse,HLL,Jungle,11,-663.02,1501.994,-0.133,279.0,0.0,0.0,0.295,-481.981
oe:player:85ab9a415e1cf1f63000f7f6f1c183a,KryRa,Blue Otter,NACL,Jungle,34,-664.228,1763.127,-0.133,262.5,0.0,0.0,0.633,562.878
name:OUAT kkero,OUAT kkero,Once Upon A Team,ROL,Support,3,-664.979,1540.621,-0.133,,,,,64.75
oe:player:85117df5924af087900b300fe0f3ec3,Kulvas,EXILE esports,HC,Top,48,-667.421,1441.24,-0.133,233.0,0.0,0.0,1.0,752.075
oe:player:0696ba507e9f097b48b4aa96e644ef7,Plox,BeFive,EBL,ADC,30,-667.738,1466.843,-0.134,259.0,0.0,0.0,0.633,367.584
oe:player:09e9f5a1106ac9a6189f11a1f4728e6,Barry,Once Upon A Team,ROL,Support,26,-669.493,1478.525,-0.134,237.0,0.0,0.0,0.633,60.236
name:DG Etude,DG Etude,Deltan Gaming,LJL,Top,18,-670.234,1560.805,-0.134,256.0,0.0,0.0,0.295,1232.695
oe:player:a072ed6a69c1a506c6c0eaa385ba039,Retrozing,Apex Mission Impossible,NACL,Mid,11,-672.099,1869.144,-0.134,294.0,0.0,0.0,0.295,555.007
oe:player:75c5280526dbc2d79f01b3c649c8606,Zhayend,ODD Esports,LRN,Top,15,-672.244,1731.033,-0.134,261.0,0.0,0.0,0.295,-547.962
name:GTZ Gary,GTZ Gary,GTZ Esports,LPLOL,Top,2,-672.694,1560.202,-0.135,,,,,952.519
oe:player:c06e32c1b9d774a347e81455f6eeaf4,WARANGELUS,Sicar Esports,LRS,ADC,35,-675.324,1964.445,-0.135,251.0,0.0,0.0,0.633,1245.104
oe:player:d51796c7c27a60d20bb30a03ef92124,Nesty,DetonatioN FocusMe Academy,LJL,Jungle,41,-676.693,1511.105,-0.135,223.0,0.0,0.0,1.0,1226.236
oe:player:aa7b13aaac8ab04283ce9626c6399d0,Young,CCG Esports,NACL,Mid,14,-677.503,1852.931,-0.136,294.0,0.0,0.0,0.295,549.602
oe:player:8fcb8690fc999cdd3af5dd530ba7289,Petersen,Team UNiTY,HM,ADC,3,-677.784,1549.46,-0.136,,,,,-595.951
name:SAD Cuzni,SAD Cuzni,ΣΤΕΝΑΧΩΡΕΜΕΝΟΙ,HLL,Jungle,4,-679.346,1539.392,-0.136,,,,,-498.306
name:NGU Seebulabu1,NGU Seebulabu1,Never Give Up,VCS,Support,4,-680.262,1635.023,-0.136,,,,,-312.243
oe:player:55b9ef62724d0ff3f1bf9eb6f08f738,Sadaz,Zena Esports,LIT,Mid,20,-680.403,1499.644,-0.136,245.0,0.0,0.0,0.633,-9.126
oe:player:528b59be28a81e4d8a0550dc33ee86a,Namsi,Nongshim RedForce Academy,LAS,Support,58,-680.972,2813.546,-0.136,217.0,0.0,0.0,1.0,-455.365
oe:player:cabd8220ff1736ae80d1ca8c1ba0b20,Santa,Anubis Gaming,AL,Jungle,5,-681.707,1526.026,-0.136,,,,,-816.786
oe:player:31de06863211047a3058611eabb68ae,XiaoYang,HELL PIGS,PCS,ADC,5,-684.438,1577.399,-0.137,,,,,-597.066
oe:player:36ace0d27ebedfaf31f2e6800fbbf97,Draxo5,Magaza Esports,EBL,Top,4,-687.556,1541.47,-0.138,,,,,347.765
oe:player:343aa950520fb5e73412ea8621866d3,Harusary,Gen.G Scholars,LAS,ADC,6,-691.929,2848.742,-0.138,,,,,-466.322
oe:player:a0998f4f4c8edfbb4117e5fd35b18a4,Zekakos,Howl Esports,HLL,Support,3,-692.931,1542.477,-0.139,,,,,-511.891
oe:player:f5e265d607cb720058fc166e00083fe,Rust,Dragons Esports,AL,ADC,43,-693.706,1423.219,-0.139,230.0,0.0,0.0,1.0,-828.786
oe:player:2b063d4f83d1b9e5d66173c0cc5ca7a,Davyyy,AVE Axolotl,LIT,Top,1,-693.741,1567.124,-0.139,,,,,-22.464
oe:player:4eba45ddf1fe9d6c21fda5bb5b98d9b,Sakka,Karam El Sham,AL,Mid,3,-694.56,1535.221,-0.139,,,,,-829.639
oe:player:4c0388dc046ba0100f9e6bed6c876cd,Kitin,Team Blaze 1,LRN,ADC,2,-696.758,1778.492,-0.139,,,,,-572.476
oe:player:8919dd8e521e752a1b1a13955554b9f,Foxie,SPIKE Syndicate,EBL,Mid,37,-698.683,1440.147,-0.14,251.0,0.0,0.0,0.633,336.639
oe:player:c6b0f5adc051b4f9e86c3ce8b92455d,Pancake,Sicar Esports,LRS,Jungle,37,-703.869,2050.647,-0.141,252.0,0.0,0.0,0.633,1216.559
name:HST Wady,HST Wady,HST,VCS,Jungle,4,-705.094,1633.199,-0.141,,,,,-337.075
name:YYG MAO,YYG MAO,Yang Yang Gaming,LJL,Top,33,-706.459,1515.791,-0.141,235.0,0.0,0.0,0.633,1196.47
oe:player:752feed0aeb35bb9fd14f0e5615ce92,Barrage,Senshi eSports,ROL,Top,21,-709.196,1476.82,-0.142,236.0,0.0,0.0,0.633,20.533
oe:player:4ad8ee83107711a42f8ea767d67412d,Selxiss,Mila Gaming,VCS,Jungle,8,-709.302,1613.613,-0.142,,,,,-341.283
name:LUP Aspect2,LUP Aspect2,Lupus Esports,EBL,Jungle,3,-709.881,1543.292,-0.142,,,,,325.441
oe:player:6c5b90cea858312b4a7f070448f8cd1,Ferrari,Once Upon A Team,ROL,Jungle,26,-710.599,1478.525,-0.142,250.0,0.0,0.0,0.633,19.13
oe:player:2ccb0da6992e4b8c23c24850228d1eb,Kiefer,Sicar Esports,LRS,Mid,37,-710.899,2050.647,-0.142,247.0,0.0,0.0,0.633,1209.529
oe:player:3af0a4914d6dca9d7dc9db1a1c5cd48,FleekZ,Team Blaze 1,LRN,Support,2,-711.082,1778.492,-0.142,,,,,-586.8
oe:player:4d10f9a1263936ae396ac674a6ed8e9,Feng,Icon Esports,LRN,Jungle,14,-712.271,1729.959,-0.142,275.0,0.0,0.0,0.295,-587.99
name:AAXL Tigrot,AAXL Tigrot,AVE Axolotl,LIT,Support,1,-712.631,1567.984,-0.143,,,,,-41.354
name:ICON Zeckro,ICON Zeckro,Icon Esports,LRN,Top,3,-712.804,1772.841,-0.143,,,,,-588.522
oe:player:8cdb5213d1021b0b8f2370446383700,Yikesuo,CITA Kaizen,HC,Mid,14,-713.231,1535.729,-0.143,297.0,0.0,0.0,0.295,706.265
oe:player:e79e8a0adb2d3acf68f09a56fbb68b6,Tiger,KrabbelGruppeAlpha,PRMP,Support,2,-713.569,1560.585,-0.143,,,,,-525.053
oe:player:874b416061ec2a5fffee5a24eec0901,Sailuo,HELL PIGS,PCS,Top,5,-715.133,1577.399,-0.143,,,,,-627.761
oe:player:63fd4d653c9d7705f56f32434dec4ba,452apm,Diversion Gaming,HC,ADC,72,-715.379,1437.668,-0.143,238.0,0.0,0.0,1.0,704.117
oe:player:64d8b1e6474e2b5cbf10588a2df23c0,Claww,One More Esports,AL,Top,65,-716.727,1398.843,-0.143,222.0,0.0,0.0,1.0,-851.806
oe:player:2b4e018d8037aa6b63a6a7b5be6c929,Passzi,Guasones,EBL,Support,49,-717.833,1421.967,-0.144,228.0,0.0,0.0,1.0,317.488
oe:player:b50df7754e4c0a0fd120fc6e6024cf5,BartonaR,Nigma Galaxy,AL,Jungle,29,-721.45,1453.808,-0.144,249.0,0.0,0.0,0.633,-856.53
oe:player:c5c84c521c834024263886d1bae7a99,froy,Actions Per Minute,HLL,Jungle,7,-721.814,1519.806,-0.144,,,,,-540.774
name:EG ZeeTee,EG ZeeTee,evil genius (RTV Team),VCS,Support,7,-722.204,1622.426,-0.144,,,,,-354.185
name:EE miflond,EE miflond,Ethereal Enigmas,HC,Jungle,2,-726.111,1589.453,-0.145,,,,,693.385
oe:player:efeccc41ebefb11b8994b01904846b2,Hydraa,Ruddy Esports,NLC,Support,5,-726.621,1523.207,-0.145,,,,,-1506.178
oe:player:e29ed806daf39c7a06053ad25958831,Mitir,ODD Esports,LRN,Jungle,2,-728.416,1774.514,-0.146,,,,,-604.135
oe:player:3903aab323863bd2e9b68218a7a65eb,Follow,Farenvehn,LRS,Jungle,24,-732.043,2002.258,-0.146,252.0,0.0,0.0,0.633,1188.385
oe:player:18b6f02fcaf97f767bc94a120d4f8ff,Gom,Nongshim RedForce Academy,LAS,Support,8,-732.236,2842.619,-0.146,,,,,-506.629
name:HST David Do,HST David Do,HST,VCS,Mid,2,-732.309,1644.089,-0.146,,,,,-364.29
oe:player:da550ca06bcacbd30b7c6ed32c864c7,Norwegian,Yang Yang Gaming,LJL,Jungle,56,-733.23,1493.786,-0.147,223.0,0.0,0.0,1.0,1169.699
oe:player:bdf9a224f6a82fbec02b2a778fef10e,Italin,Team Blaze 1,LRN,Jungle,2,-735.503,1778.492,-0.147,,,,,-611.221
oe:player:5acd44683c7d16973b5ad18c1722708,Fogzy,Tan'i eSports CZ,HM,Mid,28,-735.814,1474.14,-0.147,229.0,0.0,0.0,0.633,-653.981
name:KES Saqr,KES Saqr,Karam El Sham,AL,Top,3,-740.716,1535.221,-0.148,,,,,-875.795
oe:player:8c730b10e2b23f98f9bbd735daa9a40,HotPot,HELL PIGS,PCS,Jungle,51,-744.39,1496.904,-0.149,234.5,0.0,0.0,1.0,-657.018
oe:player:3ceaa1db6b892d6c51fa49671a3dba9,Vayzer,ODD Esports,LRN,ADC,2,-750.094,1774.514,-0.15,,,,,-625.812
oe:player:c8c012313f10e2d0830f3fbc5afca61,Midnight,Nocturne Gale,CT,Mid,51,-751.382,1541.607,-0.15,217.0,0.0,0.0,1.0,85.827
oe:player:c79ce9ec47a91226340af0e57afa782,Neo,Silent Storm Esports,VCS,ADC,10,-752.939,1608.3,-0.151,260.0,0.0,0.0,0.295,-384.92
oe:player:f2bc0d63d20347fccc5ef34dd587d49,Keres,Ground Zero Gaming,PCS,Support,41,-753.24,1487.467,-0.151,220.0,0.0,0.0,1.0,-665.869
oe:player:66c809bd44a31c43bd139ccd536bfac,Dafnis,Howl Esports,HLL,Top,3,-754.67,1542.477,-0.151,,,,,-573.631
name:VG Misuop,VG Misuop,Venus Gaming,VCS,Support,4,-756.689,1633.737,-0.151,,,,,-388.67
oe:player:0482daf6543f102a27a265342292bb7,Lucker,Zerance,HLL,Support,45,-756.942,1384.716,-0.151,221.0,0.0,0.0,1.0,-575.902
name:AAXL Shack,AAXL Shack,AVE Axolotl,LIT,Mid,1,-760.942,1567.984,-0.152,,,,,-89.665
name:BE5 bakisa,BE5 bakisa,BeFive,EBL,ADC,3,-761.004,1549.61,-0.152,,,,,274.318
oe:player:15f55165b9afbdac8842652039cffec,DNTL,Mila Gaming,VCS,Top,15,-761.608,1573.263,-0.152,258.0,0.0,0.0,0.295,-393.589
name:GUP 1334mat,GUP 1334mat,Grow uP eSports,LPLOL,Jungle,1,-762.449,1569.764,-0.152,,,,,862.763
oe:player:0f8c263d99e271ab02849b000e16cfb,Bojji,SN CyberCore Esports,VCS,Jungle,14,-765.224,1586.454,-0.153,271.0,0.0,0.0,0.295,-397.205
oe:player:d2b7b23dfedaadfe856dbc241a2ca26,Jakoo,KrabbelGruppeAlpha,PRMP,Mid,2,-765.625,1560.585,-0.153,,,,,-577.109
oe:player:b31e35906373123acf6483a837e966c,Blue,HST,VCS,Support,4,-766.797,1633.199,-0.153,,,,,-398.778
oe:player:4de9241b2c71149268ba7c6d501edc4,Babuleh,TeamOrangeGaming Academy,ROL,Top,13,-767.598,1491.553,-0.154,275.0,0.0,0.0,0.295,-37.869
name:OTS Silk2,OTS Silk2,Otter Side,LPLOL,Mid,1,-770.082,1572.599,-0.154,,,,,855.13
oe:player:2d57548e17edd21f589d538e2214515,Protos,Apex Mission Impossible,NACL,Support,11,-773.398,1869.144,-0.155,301.0,0.0,0.0,0.295,453.707
name:BRT Speedy2,BRT Speedy2,BRUTE,HM,Support,4,-774.464,1535.092,-0.155,,,,,-692.631
oe:player:37682158fa530e035c727f9ecb07468,Blesia,Barcząca Esports,HW,Mid,38,-775.524,1446.163,-0.155,261.0,0.0,0.0,0.633,1191.387
oe:player:3ef522d3ad9e45ee5861d965d0fafc9,Lyng,Xibalbá Esports,LRN,Support,5,-778.589,1749.115,-0.156,,,,,-654.308
oe:player:76cd37a6bb754bf0970a0c7c0efca9d,Vlaren,SPIKE Syndicate,EBL,Support,43,-780.018,1424.017,-0.156,233.5,0.0,0.0,1.0,255.303
oe:player:59cedb479b76689377982db7a7cbcc7,Gtracks,Ruddy Esports,NLC,ADC,5,-780.821,1523.207,-0.156,,,,,-1560.379
oe:player:521017c8cf2f7cef4c4d35fbe532026,Toayin,ODD Esports,LRN,Support,2,-781.449,1774.514,-0.156,,,,,-657.167
oe:player:9d5b1ed5ce404699ed00c0be96f5e11,Zankiller,Team Insidious,HLL,Jungle,14,-782.944,1505.536,-0.157,299.0,0.0,0.0,0.295,-601.905
name:MOT Benny1,MOT Benny1,Mental Over Tempo,EBL,Jungle,3,-784.342,1543.419,-0.157,,,,,250.979
oe:player:e505e92bac11605766c0d7703300ffa,MaxouTigrou,Jörmungang,ROL,Jungle,7,-785.751,1520.707,-0.157,,,,,-56.022
oe:player:e28bed4fc154ef5fd8aabcc0334a464,Slowz,Never Give Up,VCS,ADC,22,-786.164,1562.634,-0.157,243.5,0.0,0.0,0.633,-418.145
oe:player:646d7215b0af94ad58ab71a9ff64fcb,Leaky,Ground Zero Gaming,PCS,Top,4,-787.778,1581.492,-0.158,,,,,-700.407
oe:player:f25df399390d86b9a1e83216dae597b,Doublelift,Near Airport,NACL,ADC,33,-788.126,1832.725,-0.158,273.0,0.0,0.0,0.633,438.979
name:DG suyahime,DG suyahime,Deltan Gaming,LJL,Mid,37,-789.969,1523.175,-0.158,239.5,0.0,0.0,0.633,1112.959
oe:player:feef3ba4f8d3fa6c075bf4d585bc40a,HAKA,Icon Esports,LRN,Top,14,-795.319,1729.959,-0.159,262.0,0.0,0.0,0.295,-671.038
oe:player:488c6226cadbbeab0eb61b007a0454f,Fred,White Dragons,LPLOL,Mid,7,-797.519,1547.188,-0.16,,,,,827.693
oe:player:0e4da4a5123c69b8850aa204601c597,meight,Lenovo Legion Honvéd,EBL,Mid,7,-798.385,1523.488,-0.16,,,,,236.937
oe:player:5a4ed34a7baf1d14942def4ab49ce38,Diamond,Citadel Gaming,NACL,Support,20,-799.083,1864.169,-0.16,268.5,0.0,0.0,0.633,428.022
oe:player:00558cb3daa73e60ba4af7e7060e6e2,Skude,Fog Esports,AL,Jungle,21,-799.823,1488.901,-0.16,244.0,0.0,0.0,0.633,-934.902
oe:player:d241f84685d9aa4148dfda77cc6498b,Sined,Diversion Gaming,HC,Top,15,-800.729,1518.181,-0.16,289.0,0.0,0.0,0.295,618.767
name:EKO K1NG1,EKO K1NG1,EKO Esports,LIT,ADC,1,-801.056,1569.54,-0.16,,,,,-129.779
name:VLY Ryo,VLY Ryo,VARREL YOUTH,LJL,Jungle,6,-802.587,1585.391,-0.161,,,,,1100.342
oe:player:a4c0ac4f426f602636fd746882e515c,Kaba,Team Refuse,HLL,ADC,11,-803.426,1501.994,-0.161,279.0,0.0,0.0,0.295,-622.386
oe:player:e1c1dbee67ff0ffb960c8e932b84ade,Bumblebee,Mila Gaming,VCS,ADC,8,-803.486,1613.613,-0.161,,,,,-435.467
oe:player:3ecce3085c6886d516d2b8659880394,Robertoos,EXILE esports,HM,Support,18,-803.615,1498.301,-0.161,255.0,0.0,0.0,0.295,-721.782
name:VLY tetu,VLY tetu,VARREL YOUTH,LJL,ADC,3,-804.243,1605.287,-0.161,,,,,1098.686
name:CRZ Guvez,CRZ Guvez,Crusaders,LPLOL,Top,9,-804.637,1531.183,-0.161,,,,,820.575
oe:player:48fb64d26aa5233777c63414d06a39a,Kheng,Silent Storm Esports,VCS,Jungle,10,-804.927,1608.3,-0.161,272.0,0.0,0.0,0.295,-436.908
oe:player:721622f78052fb02502c887e439333c,alishor,BERZLOY,HLL,Top,10,-806.421,1500.902,-0.161,270.0,0.0,0.0,0.295,-625.381
oe:player:c691200f8d12ee61ae01047c4629c62,Kenvi,Citadel Gaming,NACL,Jungle,20,-806.853,1864.169,-0.161,273.5,0.0,0.0,0.633,420.252
oe:player:c8063012e5b0cf8a53f9b3a8671cad2,Chien,Nongshim RedForce Academy,LAS,Mid,66,-808.067,2828.094,-0.162,223.0,0.0,0.0,1.0,-582.46
oe:player:ccbcbffe165919f40f2833fbe5c8148,OrthoZero,Zena Esports,LIT,Support,20,-809.443,1499.644,-0.162,250.5,0.0,0.0,0.633,-138.166
oe:player:d1697518f96dbb2a7693adf7eb3d65c,Roi DEMON,Jörmungang,ROL,Jungle,20,-810.459,1482.382,-0.162,251.5,0.0,0.0,0.633,-80.73
oe:player:d478c4369b3899e05c3b2c5c0b534d1,Yume,SN CyberCore Esports,VCS,Support,20,-815.198,1582.892,-0.163,236.0,0.0,0.0,0.633,-447.179
oe:player:5085510c18a9f6c8a0e185da55a682d,Daemi,BAAM Esports,AL,Mid,15,-816.705,1478.307,-0.163,270.0,0.0,0.0,0.295,-951.784
oe:player:11ca8602d3855c158442bb37c9254bb,Neadz,Lechuga Gaming,LRS,Mid,16,-817.346,2077.458,-0.163,297.0,0.0,0.0,0.295,1103.082
oe:player:0dbf17e6e36968af9ef211120d77ffe,Ice,Icon Esports,LRN,Mid,3,-817.826,1772.841,-0.164,,,,,-693.544
name:AAXL Mario,AAXL Mario,AVE Axolotl,LIT,Jungle,1,-818.487,1567.984,-0.164,,,,,-147.21
name:7D AlluK,7D AlluK,Seven Dark,LRS,Jungle,2,-824.085,2120.366,-0.165,,,,,1096.343
name:CNV Chrome,CNV Chrome,Conviction,NACL,ADC,2,-824.255,1902.304,-0.165,,,,,402.85
oe:player:28c288f70870e8d85a0db92518206aa,CHECKFIDER,Team Refuse,HLL,ADC,7,-824.648,1515.947,-0.165,,,,,-643.608
name:LLH Doma1,LLH Doma1,Lenovo Legion Honvéd,EBL,ADC,3,-825.668,1548.18,-0.165,,,,,209.653
oe:player:a120549f36ad2205f640012e215fad9,Chompy,ODD Esports,LRN,Mid,6,-834.64,1756.101,-0.167,,,,,-710.358
oe:player:0e94a953ebc2e75ab1d22879fcb8d72,The Mountain,AVE Axolotl,LIT,Top,28,-839.809,1455.525,-0.168,243.5,0.0,0.0,0.633,-168.532
oe:player:20c287acd7472b7a744518e6a6f0e71,DDicent,Soul's Heart Esport,ROL,Jungle,5,-843.701,1538.13,-0.169,,,,,-113.972
oe:player:f0b6f18cb5222e618327f75f3c31ceb,RapMonsters,GTZ Esports,LPLOL,Mid,35,-846.84,1428.827,-0.169,252.5,0.0,0.0,0.633,778.373
oe:player:dc6033a35ee9dcdba4bdb3085a367d9,Henli,SN CyberCore Esports,VCS,Mid,8,-849.441,1611.621,-0.17,,,,,-481.422
oe:player:057068fec5576ae03b86de01c0f4192,Sprotte,Myth Esports,ROL,Top,23,-849.82,1481.691,-0.17,238.0,0.0,0.0,0.633,-120.091
oe:player:0114600fd7028a75f762bb772a5f6f1,Mystiques,Orbit Anonymo Esports,RL,Support,17,-853.181,1491.153,-0.171,250.0,0.0,0.0,0.295,-1494.859
oe:player:fb83f500fb8a4463f89c5b71076575f,Kerraii,Soul's Heart Esport,ROL,Mid,5,-860.968,1538.13,-0.172,,,,,-131.239
oe:player:945d6b2bcfa5c27bc10c991e8c1c4ac,Druk,Zena Esports,LIT,ADC,2,-861.49,1554.848,-0.172,,,,,-190.212
oe:player:ff1a0fb5ef8541241bf4361b799c931,Improver,Fox Gaming,AL,Mid,44,-861.615,1387.476,-0.172,229.0,0.0,0.0,1.0,-996.695
oe:player:512728a77382644b3c1056c6a6c1796,Arrietty,SN CyberCore Esports,VCS,ADC,20,-862.6,1582.892,-0.173,244.0,0.0,0.0,0.633,-494.581
oe:player:e2f9edd5426e9ad64536d3086ffacb6,Dolis,Once Upon A Team,ROL,Mid,53,-862.857,1456.453,-0.173,232.0,0.0,0.0,1.0,-133.129
name:LGE martote,LGE martote,Lechuga Gaming,LRS,Jungle,2,-867.191,2125.751,-0.173,,,,,1053.237
oe:player:792eabe7cbadb11c006085d20585bf6,MrFreezed,EKO Esports,LIT,ADC,22,-868.619,1472.682,-0.174,262.0,0.0,0.0,0.633,-197.342
name:ICON Ace2,ICON Ace2,Icon Esports,LRN,ADC,3,-871.792,1772.841,-0.174,,,,,-747.511
name:NF Geraldes,NF Geraldes,NORTHS FURY,LPLOL,ADC,1,-871.892,1569.899,-0.174,,,,,753.32
name:GLR RonyG,GLR RonyG,GLORE,HM,Top,4,-871.93,1541.428,-0.174,,,,,-790.097
oe:player:9e800fd20b5af69382436d72daa346f,Woldjo,One More Esports,AL,Jungle,21,-877.717,1450.96,-0.176,255.0,0.0,0.0,0.633,-1012.796
oe:player:93c7bc5b2fece4095f9bb8dfaac3df7,Ruby,ZeroZone Gaming,LPLOL,ADC,3,-878.669,1555.947,-0.176,,,,,746.544
oe:player:722978adc4010454403b3720a0df189,SlayerSupr,Xibalbá Esports,LRN,Jungle,5,-879.902,1749.115,-0.176,,,,,-755.621
name:MGZ Lelouch2,MGZ Lelouch2,Magaza Esports,EBL,ADC,3,-880.712,1544.206,-0.176,,,,,154.61
oe:player:61b7d25591ab558425b9a2cee041a20,WNTR,Aurora,ROL,Top,38,-880.953,1420.763,-0.176,248.0,0.0,0.0,0.633,-151.224
oe:player:e125fd5aae78be68687e3ee2fc95f11,Funky Dog,Maze Gaming,LRS,Jungle,47,-881.024,2039.656,-0.176,237.5,0.0,0.0,1.0,1039.404
oe:player:3f408f2797e844bc37927592206518f,Intensitive,ODD Esports,LRN,Mid,2,-883.48,1774.514,-0.177,,,,,-759.198
oe:player:00f5171ac6dc80c3e5a485d90f9532a,Tiphat,Never Give Up,VCS,Jungle,26,-883.784,1546.4,-0.177,250.5,0.0,0.0,0.633,-515.765
oe:player:0d92b0cf8b15e64bddc716b8b1975c3,Nekro,Aurora,ROL,Jungle,2,-884.383,1549.44,-0.177,,,,,-154.655
name:BE5 Coli,BE5 Coli,BeFive,EBL,Support,3,-894.702,1549.61,-0.179,,,,,140.619
oe:player:fabfb382cc5e71135723fde3874642c,Rutzou,Odivelas Sports Club,LPLOL,Support,23,-896.186,1468.419,-0.179,249.5,0.0,0.0,0.633,729.027
name:GTZ Spy2,GTZ Spy2,GTZ Esports,LPLOL,Jungle,1,-899.036,1567.725,-0.18,,,,,726.176
oe:player:6a15c856a66d618027aaeb33de88113,Leo s Man,One More Esports,AL,Support,35,-904.657,1453.659,-0.181,251.0,0.0,0.0,0.633,-1039.737
name:TB Inside,TB Inside,Team Blaze 1,LRN,Top,2,-907.981,1778.492,-0.182,,,,,-783.699
oe:player:54f128223ee01afa0a5c6412027a8ae,DiDi,Maze Gaming,LRS,Mid,47,-910.8,2039.656,-0.182,232.5,0.0,0.0,1.0,1009.628
oe:player:7043efeaf710e61a6d7e68f32b1b13e,Piku,Falke Esports,CT,Jungle,27,-912.405,1623.069,-0.182,256.0,0.0,0.0,0.633,-75.197
oe:player:d4d673d03a776e564718942f899b3d6,Bloopy,Soul's Heart Esport,ROL,Support,5,-914.718,1538.13,-0.183,,,,,-184.989
oe:player:7eadaf80c0b2a07602c984104244f25,Kuroko1,Hanoi Rookies Esports,VCS,Jungle,2,-917.465,1641.138,-0.183,,,,,-549.446
oe:player:11d9cff02750547760922faccb69c91,Mixtsure,Dorado Gaming,NACL,Support,24,-919.177,1846.17,-0.184,273.0,0.0,0.0,0.633,307.928
oe:player:74e0b77be6a035bd39e25bd4bea863e,Minui,Conviction,NACL,Support,35,-924.776,1845.61,-0.185,266.0,0.0,0.0,0.633,302.329
oe:player:c46dc30e7888a9b9eaee54bb9698d27,Tatsu,We Can Win,LJL,Jungle,11,-926.529,1571.334,-0.185,294.0,0.0,0.0,0.295,976.4
oe:player:7a27b91a1ea41f157f4b3df8889621f,Sirinox,Tan'i eSports CZ,HM,ADC,31,-926.915,1469.944,-0.185,252.0,0.0,0.0,0.633,-845.082
oe:player:520fd0475a9982ba827c8c89ba96f70,Soge,Ankora Gaming,EBL,Mid,2,-927.238,1548.922,-0.185,,,,,108.083
oe:player:a4789b372c90f205df8abe782ea8c51,Jimsnop,Team Paradox,HLL,Mid,12,-927.77,1491.001,-0.186,283.0,0.0,0.0,0.295,-746.73
oe:player:ee6f857cf7178dcbb362a8b3c7d016f,Sm0oZi,Once Upon A Team,ROL,ADC,53,-927.931,1456.453,-0.186,241.5,0.0,0.0,1.0,-198.202
name:RAGE xld,RAGE xld,Rage Bait e-Sports,LPLOL,Support,1,-928.498,1569.457,-0.186,,,,,696.715
oe:player:10b638224bcb9f9b360ab55cbed45a5,SiroN1,Meavedron,HC,Support,65,-933.567,1468.897,-0.187,240.0,0.0,0.0,1.0,485.93
name:EG Ratel,EG Ratel,evil genius (RTV Team),VCS,ADC,7,-934.167,1622.426,-0.187,,,,,-566.148
oe:player:1560fdce72465f89200c585016b15f6,AnnieBot,Anubis Gaming,AL,Mid,5,-935.32,1526.026,-0.187,,,,,-1070.399
oe:player:e6d07e10777c4dbc47857a3ac2c66fe,D1verse,Rich Gang,NLC,Mid,14,-936.867,1469.374,-0.187,245.0,0.0,0.0,0.295,-1716.424
oe:player:0d6f029947e17cf4591d427986d00b8,Panda2,One More Esports,AL,Mid,38,-937.49,1444.012,-0.188,238.0,0.0,0.0,0.633,-1072.57
oe:player:807b957f35713431f56182cb25af089,Seal,Crvena zvezda Esports,EBL,Support,68,-937.982,1378.932,-0.188,241.0,0.0,0.0,1.0,97.339
oe:player:5d19b31b19f362f152fd879942be56c,Shu Hari,Sicar Esports,LRS,Support,41,-938.488,2003.662,-0.188,226.0,0.0,0.0,1.0,981.94
oe:player:181ff5eb6d184d261d6b28480110e59,Markus,Keypulse Esports,LPLOL,Jungle,10,-938.634,1528.646,-0.188,308.0,0.0,0.0,0.295,686.579
oe:player:8c278813428305efdc3890f23eb9e37,Grimm,Xibalbá Esports,LRN,ADC,5,-940.128,1749.115,-0.188,,,,,-815.847
oe:player:a976d5a340148b4c3293038a26241e9,Galaxynt,Soul's Heart Esport,ROL,Top,5,-940.219,1538.13,-0.188,,,,,-210.49
oe:player:2761f0af0b713269783eb30d910096a,Ripper,Nice Try,LPLOL,Mid,7,-941.397,1528.689,-0.188,,,,,683.816
oe:player:a54db49a574e10b8b4401ca49ba5294,Kaido,Dorado Gaming,NACL,Jungle,24,-949.553,1846.17,-0.19,277.0,0.0,0.0,0.633,277.552
oe:player:eb49347ab6d5a43a87036409e7fcb1e,MyCash,Meavedron,HC,Top,37,-950.614,1466.452,-0.19,258.5,0.0,0.0,0.633,468.882
oe:player:c88c5f09070f7ec21ae1defd6e448c8,Boye,Keypulse Esports,LPLOL,Mid,10,-951.554,1528.646,-0.19,300.0,0.0,0.0,0.295,673.659
oe:player:f8eedf7c8d7600e17c831e4f933bd56,Void,Soul's Heart Esport,ROL,ADC,5,-954.635,1538.13,-0.191,,,,,-224.906
oe:player:164201c2631ec865bc6f96ae6e9342d,Ducks,AaB Esport,ROL,Support,15,-955.749,1481.307,-0.191,307.0,0.0,0.0,0.295,-226.02
oe:player:18b8492d0ee53faa776189c01d5076d,MrPhant0m,Zerolag Esports,HLL,ADC,26,-957.445,1434.214,-0.191,259.0,0.0,0.0,0.633,-776.405
oe:player:961f5d5c45b85110407c3cd304a23c4,JustFocus,Burning Core Toyama,LJL,Support,8,-963.17,1580.141,-0.193,,,,,939.758
oe:player:8a26fb905636bc0bec1a65212c3c863,shochi,Dorado Gaming,NACL,Mid,24,-963.861,1846.17,-0.193,272.0,0.0,0.0,0.633,263.245
oe:player:5d66cbb86c841dd01cfbf146389f042,Crimson,CCG Esports,NACL,Top,42,-965.253,1793.046,-0.193,242.5,0.0,0.0,1.0,261.852
name:EG Yuta,EG Yuta,evil genius (RTV Team),VCS,Top,7,-967.637,1622.426,-0.194,,,,,-599.618
oe:player:d6d65087590adfaaea0fdbbc9c11f69,Sully,SDM Tigres,LRN,ADC,4,-967.703,1748.778,-0.194,,,,,-843.422
oe:player:b0b961783b2f5d73c30a6ea288462d8,Ipecacuhana,Aurora,ROL,Support,15,-972.626,1490.91,-0.195,297.0,0.0,0.0,0.295,-242.897
oe:player:e1d052638b78a7f9c051fd0f81033c0,ShinKalHee,Team Insidious,HLL,Top,4,-972.966,1533.523,-0.195,,,,,-791.926
oe:player:b2db813b8929031200a4a85b26a1726,Mega,Falke Esports,CT,Support,27,-976.624,1623.069,-0.195,253.0,0.0,0.0,0.633,-139.416
name:FLH Frankfurt,FLH Frankfurt,FlameHard,LPLOL,ADC,2,-981.872,1561.595,-0.196,,,,,643.341
oe:player:f215802f06094cf00718ad119f279a6,Fallo,ODD Esports,LRN,Jungle,3,-983.415,1756.812,-0.197,,,,,-859.133
oe:player:7671e31fd945378972f6247eb70038f,fantomisto,DMG Esports,LPLOL,Mid,39,-984.333,1435.531,-0.197,258.5,0.0,0.0,0.633,640.88
oe:player:bf0f5e428044546d1fbe59d08495fa0,Nord,B2U,LPLOL,Jungle,16,-984.907,1496.101,-0.197,301.0,0.0,0.0,0.295,640.305
oe:player:d51e4632904a9c370000c19748a91d6,REV,Anubis Gaming,AL,Top,21,-984.987,1449.785,-0.197,242.0,0.0,0.0,0.633,-1120.066
oe:player:d72248ffd848fc4247dc24954c90427,Torak,Guinea Pink,CT,Mid,9,-987.532,1678.97,-0.198,,,,,-150.323
oe:player:075db222f7476092e24e07d95799e9a,Nade,Ethereal Enigmas,HC,Support,25,-987.604,1523.289,-0.198,266.0,0.0,0.0,0.633,431.893
name:CKZ vorfles,CKZ vorfles,CITA Kaizen,HC,ADC,2,-991.347,1591.822,-0.198,,,,,428.149
name:HST DinhViet,HST DinhViet,HST,VCS,ADC,4,-993.452,1633.199,-0.199,,,,,-625.433
oe:player:e9607713eaf3fc69d1235e22777f26c,Hustle,Mila Gaming,VCS,Mid,28,-993.923,1538.556,-0.199,244.0,0.0,0.0,0.633,-625.904
oe:player:135c3c381e1c1889f1639a828d589fb,SoimuMIC,REDPack Esports,EBL,Top,3,-995.558,1547.226,-0.199,,,,,39.764
oe:player:1006fe0477eca3e51c987cb5bd38d87,Tuercas,ODD Esports,LRN,Top,16,-998.219,1704.394,-0.2,293.0,0.0,0.0,0.295,-873.938
oe:player:0372d042f19e7cfacb1544d1b9cc8df,Achael,Nongshim RedForce Academy,LAS,Top,66,-999.326,2828.094,-0.2,228.5,0.0,0.0,1.0,-773.72
oe:player:f6c92cc6716b5a99dc2cb002ea1cfc0,Kurahuto,DetonatioN FocusMe Academy,LJL,Support,48,-1003.067,1527.697,-0.201,224.5,0.0,0.0,1.0,899.861
oe:player:971f9ffdc8948bb946a7ceccfb54665,Nestea,Ground Zero Gaming,PCS,Mid,15,-1003.495,1539.203,-0.201,287.0,0.0,0.0,0.295,-916.123
name:DM StarRanger,DM StarRanger,Dream in 24,LJL,Top,5,-1011.143,1591.42,-0.202,,,,,891.786
oe:player:14bf26aa667423d1fba119e3c8a65e1,Divine,EKO Esports,LIT,Mid,23,-1013.339,1471.407,-0.203,256.0,0.0,0.0,0.633,-342.062
oe:player:5257e05cde806e07b405ddcce85114d,Bradley,Citadel Gaming,NACL,Mid,22,-1013.657,1820.636,-0.203,271.0,0.0,0.0,0.633,213.448
oe:player:589e5a1530e21f585bc59294429dfb9,Akabane,GLORE,HW,Jungle,1,-1014.513,1601.599,-0.203,,,,,952.399
oe:player:a983121288c77d0b9e8a531c72698cc,Mezze,AVE Axolotl,LIT,Top,2,-1018.551,1560.424,-0.204,,,,,-347.274
name:DG toraneko,DG toraneko,Deltan Gaming,LJL,Support,37,-1020.108,1523.175,-0.204,251.5,0.0,0.0,0.633,882.821
oe:player:b146d01b1c50e07ca869c04c700b926,Chordy,Farenvehn,LRS,Support,46,-1021.068,2011.75,-0.204,224.0,0.0,0.0,1.0,899.36
oe:player:c7b9db7723f0f40b52c327ed78eee0b,Kazunn,SN CyberCore Esports,VCS,Top,28,-1021.66,1549.301,-0.204,239.0,0.0,0.0,0.633,-653.641
oe:player:c274366e638db2400f33a093f331e26,Ludas Matyi,Delta Syndicate,HC,Support,20,-1022.459,1513.485,-0.204,267.0,0.0,0.0,0.633,397.038
oe:player:db4ac958be32c137638130a19711ba9,Tyr,Icon Esports,LRN,Support,13,-1024.106,1733.818,-0.205,287.0,0.0,0.0,0.295,-899.824
oe:player:57bb48fd65bff2e2660a13e58f2fcb2,rovex,Blue Otter,NACL,Support,47,-1024.813,1820.471,-0.205,254.0,0.0,0.0,1.0,202.292
oe:player:06efe152a554665e02b8dc4f620bf3f,Anthrax,Senshi eSports,ROL,Support,20,-1025.063,1478.551,-0.205,253.0,0.0,0.0,0.633,-295.334
oe:player:ecca34ba11a3cf3965e48591835d8a1,Axo,Jörmungang,ROL,Top,30,-1027.381,1462.552,-0.205,244.0,0.0,0.0,0.633,-297.652
name:DM SUISEI,DM SUISEI,Dream in 24,LJL,Jungle,10,-1028.091,1564.362,-0.206,305.0,0.0,0.0,0.295,874.838
oe:player:b3337cae6302c6641aa966d34088e9f,Lozer,Silent Storm Esports,VCS,Mid,10,-1033.53,1608.3,-0.207,261.0,0.0,0.0,0.295,-665.511
oe:player:5d13a2128cef29f0905b93f72480cd9,Ka1ser,CTBC Flying Oyster Academy,PCS,Mid,48,-1033.972,1486.845,-0.207,213.5,0.0,0.0,1.0,-946.601
oe:player:7b6b9e56523c1f49bce81dc36551c32,Hatsu,Zena Esports,LIT,Top,36,-1036.997,1432.548,-0.207,249.0,0.0,0.0,0.633,-365.72
oe:player:0f6b066aa5cf95e99e4f960578c51e3,Straka,BeFive,EBL,Mid,14,-1037.739,1502.366,-0.208,310.0,0.0,0.0,0.295,-2.418
oe:player:e59f7c2f41aa5d613b58a09c14bc0dc,Senmary,We Can Win,LJL,Top,11,-1038.538,1571.334,-0.208,283.0,0.0,0.0,0.295,864.391
oe:player:5a727a99621f9e7f1d95f26fb6e5c52,Tenacity,DarkZero Dragonsteel,NACL,Top,8,-1039.534,1873.283,-0.208,,,,,187.572
oe:player:9c5ed61ecbed2a3de0e5836edeea338,ilyy,Keypulse Esports,LPLOL,ADC,10,-1039.596,1528.646,-0.208,306.0,0.0,0.0,0.295,585.617
oe:player:30396b5b036e7c2ee41029d7566c62d,Kutarra,Team Blaze 1,LRN,Mid,2,-1040.609,1778.492,-0.208,,,,,-916.328
oe:player:c663dfeadae6cae117d735cd1696f88,Minji,Ground Zero Gaming,PCS,Mid,55,-1041.445,1464.997,-0.208,241.0,0.0,0.0,1.0,-954.073
oe:player:6e73c72127f4931d8eb97079bc5ed34,Huron,DOCISK,HW,ADC,51,-1043.015,1412.488,-0.209,253.5,0.0,0.0,1.0,923.897
oe:player:7041e3df719ef2ce500eba94b00b069,akostas47,Zerolag Esports,HLL,Jungle,3,-1045.117,1541.182,-0.209,,,,,-864.077
oe:player:1644900711cbea9c798b17001f2a0a1,BByoan,ODD Esports,LRN,Jungle,4,-1047.177,1757.876,-0.209,,,,,-922.895
name:YYG Magus,YYG Magus,Yang Yang Gaming,LJL,Support,21,-1048.706,1552.197,-0.21,255.5,0.0,0.0,0.633,854.223
oe:player:eeefcce8060d3fc25bf4f6b543098ec,Jarvis,Silent Storm Esports,VCS,Top,10,-1050.413,1608.3,-0.21,264.0,0.0,0.0,0.295,-682.394
name:OTS Creepano,OTS Creepano,Otter Side,LPLOL,ADC,4,-1050.63,1551.628,-0.21,,,,,574.583
oe:player:7bd0676defd824d3eebd338526a7164,KDavid02,Lupus Esports,EBL,ADC,5,-1052.298,1529.959,-0.21,,,,,-16.977
name:DG Wing,DG Wing,Deltan Gaming,LJL,ADC,10,-1052.988,1571.074,-0.211,300.0,0.0,0.0,0.295,849.941
oe:player:aaec8f7cde1b31eaf9a852e97191986,Someone,CITA Kaizen,HC,Mid,32,-1054.204,1474.354,-0.211,254.0,0.0,0.0,0.633,365.292
oe:player:38d5e33541772c0f8c8499f455a5bb4,Speedy,BRUTE,HM,Support,4,-1054.853,1536.495,-0.211,,,,,-973.02
name:MGZ Draxo5,MGZ Draxo5,Magaza Esports,EBL,Top,2,-1056.817,1553.15,-0.211,,,,,-21.495
oe:player:2558086bcc15a517030a39d7766957d,kkkkkkkkk,VARREL YOUTH,LJL,Top,51,-1058.655,1531.33,-0.212,226.0,0.0,0.0,1.0,844.274
oe:player:9c44293e765f6adb67f24410977ef10,Nasut,Team Refuse,HLL,Jungle,7,-1058.701,1515.947,-0.212,,,,,-877.661
oe:player:c1353b4e2353fa3dc4e590d580ed9e5,MKR,Bastu Five,LIT,ADC,24,-1058.703,1474.613,-0.212,261.0,0.0,0.0,0.633,-387.425
oe:player:e73f5f61a0522ff9b0916048f31908c,tonyroo,GLORE,HM,Top,4,-1060.327,1538.799,-0.212,,,,,-978.494
oe:player:dcf81d14997a5150d984f2c01c720b9,Deant9,DetonatioN FocusMe Academy,LJL,ADC,48,-1062.313,1527.697,-0.212,236.5,0.0,0.0,1.0,840.615
oe:player:3f96b0d5494895f5e964dc16ea8f27b,Spawn,DarkZero Dragonsteel,NACL,ADC,8,-1062.601,1873.283,-0.213,,,,,164.504
oe:player:e19ab4b60916a89414135d94703376c,Bwater,Ground Zero Gaming,PCS,Top,32,-1062.805,1481.904,-0.213,247.0,0.0,0.0,0.633,-975.434
oe:player:b51220a382d45959479685fa1a1c9a7,Levitate,Blue Otter,NACL,ADC,22,-1062.808,1845.857,-0.213,279.0,0.0,0.0,0.633,164.297
name:GLE notiim,GLE notiim,Golden Lions,LRS,ADC,2,-1062.889,2118.97,-0.213,,,,,857.539
oe:player:bcafc49a54b37ce91812273fde05da1,Wamu,Maze Gaming,LRS,Top,47,-1068.014,2039.656,-0.214,231.0,0.0,0.0,1.0,852.414
name:YYG hourosummer,YYG hourosummer,Yang Yang Gaming,LJL,ADC,12,-1069.023,1570.228,-0.214,294.0,0.0,0.0,0.295,833.906
oe:player:e908f4abece717b37eea4ace7cc5f92,Misaki,Rage Bait e-Sports,LPLOL,Top,7,-1071.048,1535.826,-0.214,,,,,554.165
name:CK gotae,CK gotae,Clocks,LJL,Top,37,-1072.019,1511.769,-0.214,253.0,0.0,0.0,0.633,830.91
oe:player:3e506ceaced4619ee1fba72c57cac54,Kamyta,Keypulse Esports,LPLOL,Support,10,-1076.454,1528.646,-0.215,311.0,0.0,0.0,0.295,548.758
oe:player:302460c3b5ee3c8e67720dd58b536e1,AwerpiS,Divernex,HW,Support,38,-1077.319,1492.696,-0.215,270.0,0.0,0.0,0.633,889.592
oe:player:e05d3e9fc4d152c5870cb6051933f10,DeathArrow,Magaza Esports,EBL,ADC,2,-1077.614,1551.27,-0.216,,,,,-42.292
oe:player:93413363cf2cc7a08f7de85c2d20843,jjs156,Once Upon A Team,ROL,Top,53,-1078.554,1456.453,-0.216,235.5,0.0,0.0,1.0,-348.826
oe:player:920ce0a623916ab3eb57790f9cd3049,Escanor,Xibalbá Esports,LRN,Top,5,-1079.886,1749.115,-0.216,,,,,-955.605
oe:player:0fdc3609e2af91500c565a141db198b,Dragneel,Zerolag Esports,HLL,Top,7,-1079.942,1523.47,-0.216,,,,,-898.902
oe:player:1179ed117e5b3ab4718db9d067b921f,Ty,SN CyberCore Esports,VCS,Jungle,6,-1080.881,1618.844,-0.216,,,,,-712.862
oe:player:8dbee4fc96861b99bdec9076cfceb06,Rashiro,Crusaders,LPLOL,ADC,6,-1085.397,1538.944,-0.217,,,,,539.816
oe:player:a82fea383f121c803741f8de1c20973,child,Lechuga Gaming,LRS,Support,14,-1091.323,1953.902,-0.218,300.0,0.0,0.0,0.295,829.105
name:PPS Pasxalis,PPS Pasxalis,Papo Secos,LPLOL,Jungle,7,-1092.622,1530.124,-0.219,,,,,532.591
name:MYTH Uncle Iroh,MYTH Uncle Iroh,Myth Esports,ROL,Top,2,-1095.159,1544.997,-0.219,,,,,-365.43
name:DIV Barata,DIV Barata,Diver (Portuguese Team),LPLOL,Jungle,1,-1097.218,1569.351,-0.219,,,,,527.995
oe:player:0d096a22f71f5490c8347723966d7cb,KOUBEE,EXILE esports,HM,Mid,53,-1101.358,1412.017,-0.22,228.0,0.0,0.0,1.0,-1019.524
oe:player:b17fcefc852859cf5e85d1e718cbaad,Bada,Nongshim RedForce Academy,LAS,ADC,53,-1101.395,2836.575,-0.22,239.0,0.0,0.0,1.0,-875.789
oe:player:9d355c18ce749abd62a991cf933d7d4,Dome,GTZ Esports,LPLOL,Jungle,11,-1102.256,1511.176,-0.22,321.0,0.0,0.0,0.295,522.957
oe:player:6d87f412f271789f6840e970f34f5aa,Keptt,SDM Tigres,LRN,Mid,4,-1105.494,1767.737,-0.221,,,,,-981.213
name:HM Delta 1,HM Delta 1,Delta Syndicate,HC,ADC,5,-1106.077,1570.283,-0.221,,,,,313.419
oe:player:2b9d6ab0bed9779d2f24817387bf91b,Quokka,BNK FEARX Academy,LAS,Top,4,-1107.581,2852.703,-0.222,,,,,-881.975
oe:player:739c1ceddb772fbbf222215006c963d,Cripple,BeFive,EBL,Top,17,-1109.037,1490.296,-0.222,309.0,0.0,0.0,0.295,-73.715
oe:player:bb5c7206e3649115d113a7618b0abe6,Petoska,Team Refuse,HLL,Top,15,-1109.853,1468.454,-0.222,296.0,0.0,0.0,0.295,-928.813
oe:player:55ec25d12e82b2d21b3e34c6bfa593d,Solorio,ODD Esports,LRN,ADC,31,-1112.366,1679.73,-0.222,262.0,0.0,0.0,0.633,-988.084
oe:player:e4ed5b1e848c490c0e06a3a5f7b5741,Souma,Never Give Up,VCS,Top,3,-1113.788,1629.921,-0.223,,,,,-745.769
name:QTD Van1,QTD Van1,QT DIG∞,LJL,Jungle,1,-1113.841,1621.276,-0.223,,,,,789.088
oe:player:b222cf9a8d6ce14b732c4dd819b908d,CrAzY,Meavedron,HC,Jungle,5,-1114.394,1569.616,-0.223,,,,,305.102
oe:player:3151090b16fde9e7ff044d7e165a741,Marzo,Ethereal Enigmas,HC,ADC,6,-1117.561,1556.754,-0.224,,,,,301.935
oe:player:7cc2c5c91bfb582aa4b047cb8558b9f,Toumes,Delta Syndicate,HC,Mid,43,-1117.918,1455.283,-0.224,257.0,0.0,0.0,1.0,301.578
oe:player:1a4a3f56fdc7b3a763d5956ec8a4a1d,Xeanny,Lenovo Legion Honvéd,EBL,Top,2,-1119.241,1550.167,-0.224,,,,,-83.919
name:GUP UnderNexus,GUP UnderNexus,Grow uP eSports,LPLOL,Support,2,-1119.663,1563.899,-0.224,,,,,505.55
oe:player:4f27911a3702f671c3d21286356a6df,Cryogen,DarkZero Dragonsteel,NACL,Support,8,-1121.999,1873.283,-0.224,,,,,105.106
oe:player:48b88375b88ea3c0d85739b5ae8cc3e,Mita,BRUTE,HM,Support,24,-1127.319,1501.204,-0.225,255.0,0.0,0.0,0.633,-1045.486
oe:player:d22aa92e1e9482e79e8a58fb42b5b7b,Malice,GLORE,HM,Jungle,4,-1127.49,1541.428,-0.226,,,,,-1045.657
oe:player:f47d279484c13d09ba5bf09b2ea7653,Snake,GMBLERS Esports,LIT,Support,1,-1127.924,1569.161,-0.226,,,,,-456.647
oe:player:6c5488da88047ddfa7d6f8c68e58d16,Druust,Jörmungang,ROL,Mid,41,-1131.616,1442.533,-0.226,246.0,0.0,0.0,1.0,-401.888
oe:player:c75dc1e4b473685a0c5be29354313d0,Qu4rtzo,Rage Bait e-Sports,LPLOL,ADC,7,-1132.314,1535.826,-0.226,,,,,492.898
oe:player:b3dbc6a493b3730e440d16aec7abd2f,Magic,Nigma Galaxy,AL,Mid,29,-1132.489,1453.808,-0.226,254.0,0.0,0.0,0.633,-1267.568
oe:player:0f50debfa5a6c41354323ab36fc32b6,Totoro,SN CyberCore Esports,VCS,Support,2,-1132.824,1641.813,-0.227,,,,,-764.805
oe:player:be0de5b227a7528ab88cd23b3173c35,Sushee,Dorado Gaming,NACL,ADC,23,-1135.368,1822.401,-0.227,272.0,0.0,0.0,0.633,91.738
oe:player:a1b80656ec4067cc5e7ae6a3eb621d1,Bala,Lenovo Legion Honvéd,EBL,Top,28,-1140.176,1475.604,-0.228,256.0,0.0,0.0,0.633,-104.855
oe:player:470975ffaacfb7ebd76b0eb2d781ff0,Biskoo,BAAM Esports,AL,Support,30,-1140.945,1438.489,-0.228,262.0,0.0,0.0,0.633,-1276.024
oe:player:6d23c228b540359e2bf27f51c572151,Jormag,A One Man Army,ROL,Jungle,4,-1142.621,1537.096,-0.229,,,,,-412.892
oe:player:b733adebc2dc2133d04a0857a4b2480,Aspect,Lupus Esports,EBL,Jungle,2,-1145.246,1551.605,-0.229,,,,,-109.925
oe:player:6699ee2949d181e4ac5236c81fcb9fa,Chap1nho,Ankora Gaming,EBL,Top,1,-1147.586,1560.822,-0.23,,,,,-112.264
oe:player:9bed6fad163eaf7e90b58334c8339ab,kairi,Never Give Up,VCS,Support,19,-1150.724,1573.628,-0.23,283.0,0.0,0.0,0.295,-782.705
oe:player:0650f4f79bcb806e6665b278d9d90e3,Miata,Ethereal Enigmas,HC,Jungle,24,-1152.509,1482.43,-0.23,270.0,0.0,0.0,0.633,266.988
oe:player:45bcb0216edbceef1b0b99223060c60,Competitive,VARREL YOUTH,LJL,Mid,51,-1153.723,1531.33,-0.231,233.0,0.0,0.0,1.0,749.206
oe:player:b990574b212111be3e5f84c8e08b15f,Wasteland,We Can Win,LJL,Mid,11,-1153.753,1571.334,-0.231,294.0,0.0,0.0,0.295,749.176
name:VLY hachim1,VLY hachim1,VARREL YOUTH,LJL,Jungle,3,-1155.824,1604.625,-0.231,,,,,747.105
oe:player:eca327ff4d6ae42715b64e9beae4813,Only35,Winthrop University,NACL,Support,47,-1157.542,1836.597,-0.232,265.0,0.0,0.0,1.0,69.564
oe:player:238bc1a8dbba35dbd93e4c7793a20a0,Gastruks,Maze Gaming,LRS,Support,46,-1157.61,2035.439,-0.232,239.0,0.0,0.0,1.0,762.818
oe:player:cefb78f4cb1e9cca79eefc393d98e72,Brayaron,Malvinas Gaming,LRS,Top,1,-1159.522,2127.73,-0.232,,,,,760.906
oe:player:5a2139c7204fe5710763717ef89e81d,Busvicke,Delta Syndicate,HC,Top,19,-1159.7,1516.146,-0.232,307.0,0.0,0.0,0.295,259.796
oe:player:fc0ac31b33d0d200dc8d49e733023a6,AkHasspun,Zena Esports,LIT,Support,4,-1163.538,1553.089,-0.233,,,,,-492.261
oe:player:dd685a824d4a506a952a6a8a90e0a81,Fragola,aNc Legends,LIT,Jungle,30,-1163.953,1479.499,-0.233,268.0,0.0,0.0,0.633,-492.676
name:CRZ Cold Rose,CRZ Cold Rose,Crusaders,LPLOL,Top,3,-1164.131,1555.989,-0.233,,,,,461.082
oe:player:736b6039f07dc28432644d2a9997abe,Lac,Maze Gaming,LRS,ADC,47,-1164.749,2039.656,-0.233,241.5,0.0,0.0,1.0,755.679
oe:player:9cab38eb249bf94bc54709c91acd0ee,Fla01,Myth Esports,ROL,Support,3,-1167.878,1544.159,-0.234,,,,,-438.149
oe:player:52b6d6fc82db6aef110362f4755a1fe,NBA,BWE Esports,LPLOL,ADC,3,-1168.974,1556.927,-0.234,,,,,456.239
oe:player:046795fa30debe19eafd497dba544e3,Instinct,Citadel Gaming,NACL,ADC,22,-1169.52,1820.636,-0.234,273.0,0.0,0.0,0.633,57.585
oe:player:1b7d720f9421df848050c33fbec3700,Qwacker,Blue Otter,NACL,Top,47,-1169.704,1820.471,-0.234,251.0,0.0,0.0,1.0,57.401
oe:player:e8c919d3f00bdbf7d459ec07dcead87,Coli,BeFive,EBL,Support,14,-1173.296,1502.366,-0.235,327.0,0.0,0.0,0.295,-137.974
oe:player:9a877742ad347d1521d75e029da8f9b,Tory,Yang Yang Gaming,LJL,Top,14,-1173.405,1555.575,-0.235,297.0,0.0,0.0,0.295,729.524
oe:player:c5dac98c1a0cbe23f6bc0262e77a0bd,Samikin,Blue Otter,NACL,Mid,47,-1175.034,1820.471,-0.235,259.0,0.0,0.0,1.0,52.071
oe:player:c2b83cbec1a6ac75a6d4c7b28bce860,Ceasarna,Crusaders,LPLOL,Jungle,6,-1175.963,1538.944,-0.235,,,,,449.25
oe:player:62192a0e29076af0b79fb1ccaca9d18,Andathy,ODD Esports,LRN,Jungle,30,-1185.692,1669.06,-0.237,269.0,0.0,0.0,0.633,-1061.41
oe:player:9d5d0e233b93614bd4773fdf859f7fe,Osaki,VARREL YOUTH,LJL,Support,51,-1188.488,1531.33,-0.238,227.5,0.0,0.0,1.0,714.441
oe:player:474f48080244a50e036e532399ae933,Hamsi,Lupus Esports,EBL,Top,10,-1188.539,1507.617,-0.238,317.0,0.0,0.0,0.295,-153.217
oe:player:20a8e429d58dfe01327b4e6f0a1cf05,Ariana,Dorado Gaming,NACL,Top,24,-1188.987,1846.17,-0.238,264.0,0.0,0.0,0.633,38.118
oe:player:52bc99d5390cae1d4097906abde0560,Inspire,Ethereal Enigmas,HC,Mid,53,-1197.076,1454.076,-0.239,256.0,0.0,0.0,1.0,222.42
oe:player:daa3ffb7dd21afdae5da760e746eccd,Sh0Fty,Lenovo Legion Honvéd,EBL,Support,21,-1197.824,1480.394,-0.24,268.0,0.0,0.0,0.633,-162.502
name:LUP KDavid02,LUP KDavid02,Lupus Esports,EBL,ADC,5,-1198.78,1535.21,-0.24,,,,,-163.459
oe:player:711afb14816f67c6a911d153a24d568,Kreative,Yang Yang Gaming,LJL,Mid,44,-1201.774,1498.895,-0.24,240.0,0.0,0.0,1.0,701.155
oe:player:4aa7e9355268b3f8d6c7b327b909931,Kelpo,Near Airport,NACL,Support,10,-1204.266,1862.966,-0.241,332.0,0.0,0.0,0.295,22.839
name:LUP Jayquan,LUP Jayquan,Lupus Esports,EBL,Jungle,5,-1207.342,1535.21,-0.241,,,,,-172.021
oe:player:dc7ebef6711d92bfeb5377bfc72bb82,Polychiki,Jörmungang,ROL,Support,44,-1210.516,1448.081,-0.242,244.0,0.0,0.0,1.0,-480.787
oe:player:54c7fafa62a6b38cb0eaec1dd6638db,Loers,Xibalbá Esports,LRN,Mid,15,-1210.692,1690.668,-0.242,307.0,0.0,0.0,0.295,-1086.41
oe:player:56d65966a90b530ca99f66bdfbcb382,SergMade,Team Insidious,HLL,Mid,4,-1210.95,1533.523,-0.242,,,,,-1029.911
oe:player:b59d7d2cfc9265f8a6c7e981498a91b,Varin,BoostGate Esports,EBL,Support,18,-1211.795,1460.175,-0.242,328.0,0.0,0.0,0.295,-176.473
oe:player:e7fac638d70ee359814dd7598dae612,Popon,Spirit Quartz Gaming,LJL,Jungle,19,-1212.039,1550.845,-0.242,304.0,0.0,0.0,0.295,690.89
oe:player:f59808d81a76c0c2a302dbf58928174,Guirlande,Aurora,ROL,Jungle,6,-1212.355,1529.525,-0.242,,,,,-482.626
oe:player:0f2cd9cab90238424f0dcb2aa6b162d,Kodie,Zena Esports,LIT,Support,3,-1216.292,1547.382,-0.243,,,,,-545.015
oe:player:9eb3ff11f4da065126be5d1aa1ea103,Kappa1,Andromeda Gaming,HC,Mid,29,-1216.483,1512.255,-0.243,273.5,0.0,0.0,0.633,203.013
oe:player:340a76e3aef8e862f5fd79411261b29,Mobility,Winthrop University,NACL,ADC,47,-1219.251,1836.597,-0.244,268.0,0.0,0.0,1.0,7.854
name:BCT R0se,BCT R0se,Burning Core Toyama,LJL,Mid,2,-1221.843,1613.68,-0.244,,,,,681.086
oe:player:4410ec34d9e6c1a68100ca0ce033fb1,Array,Blue Otter,NACL,ADC,51,-1224.301,1779.216,-0.245,262.0,0.0,0.0,1.0,2.804
name:CRZ Satto,CRZ Satto,Crusaders,LPLOL,Support,3,-1226.616,1555.989,-0.245,,,,,398.597
oe:player:f8e809d2354cd33f8e96e072c81bf4b,Hattor1s,Team Insidious,HLL,ADC,14,-1227.861,1505.536,-0.246,305.0,0.0,0.0,0.295,-1046.821
oe:player:89cfa094070b0a8a007be06b079dbc7,Sunleaf,Spirit Quartz Gaming,LJL,ADC,11,-1227.976,1559.948,-0.246,294.0,0.0,0.0,0.295,674.952
oe:player:5f1fa8a478e38410780e672d5c85da6,Lagolinas,Lenovo Legion Honvéd,EBL,Mid,30,-1233.451,1470.486,-0.247,269.0,0.0,0.0,0.633,-198.13
oe:player:063a7bb4fc400c28204d4db68a017e8,kngo,Never Give Up,VCS,Top,5,-1234.577,1623.18,-0.247,,,,,-866.558
oe:player:446ab8975b0d404881263d03beae83a,chico,Yang Yang Gaming,LJL,ADC,39,-1236.303,1472.025,-0.247,263.0,0.0,0.0,0.633,666.626
oe:player:bf3a9a76cc8f415a2d805f7b7a7fc3b,Space,Myth Esports,ROL,ADC,35,-1238.802,1462.014,-0.248,260.0,0.0,0.0,0.633,-509.073
oe:player:f970f034ebff6942aa990fb93ec55bb,rakii,VARREL YOUTH,LJL,ADC,48,-1242.657,1525.716,-0.249,245.0,0.0,0.0,1.0,660.271
oe:player:730c5303ed20f4a0786016e34184b25,Tumay,BoostGate Esports,LPLOL,Jungle,17,-1243.434,1505.931,-0.249,314.0,0.0,0.0,0.295,381.778
oe:player:3bb028a43aff78070d15c646450aa0d,Denathor,Winthrop University,NACL,Top,47,-1246.25,1836.597,-0.249,255.5,0.0,0.0,1.0,-19.145
oe:player:4056ee73d746f6cf2f9873333d8c60f,Meoow,Crusaders,LPLOL,Top,6,-1251.074,1538.944,-0.25,,,,,374.138
oe:player:ccd47b3ec9b7a034b2b71e8516427e3,ZaFiR,EKO Esports,HLL,Support,38,-1251.589,1407.787,-0.25,266.5,0.0,0.0,0.633,-1070.549
oe:player:884550ac73027b92634756c53b4751b,Maru,Once Upon A Team,ROL,Jungle,23,-1253.886,1467.98,-0.251,262.0,0.0,0.0,0.633,-524.157
oe:player:3d5ddc7000ad649a950c279fd559147,Fluffy,EKO Esports,LIT,Jungle,8,-1254.385,1517.292,-0.251,,,,,-583.107
oe:player:32d83ae7684d16398c4126683c429ad,ECSTASSY,REDPack Esports,HLL,ADC,30,-1254.877,1420.841,-0.251,265.5,0.0,0.0,0.633,-1073.838
oe:player:33d7e8e1b828ba633ab01cfd2dc9046,Ligen,Yang Yang Gaming,LJL,Mid,12,-1255.026,1570.228,-0.251,297.0,0.0,0.0,0.295,647.903
name:CRZ Flashpowa,CRZ Flashpowa,Crusaders,LPLOL,ADC,12,-1262.552,1515.068,-0.253,304.0,0.0,0.0,0.295,362.661
name:DIV spoint,DIV spoint,Diver (Portuguese Team),LPLOL,Top,4,-1266.212,1545.253,-0.253,,,,,359.001
name:PPS Lostboy,PPS Lostboy,Papo Secos,LPLOL,Support,1,-1268.02,1569.282,-0.254,,,,,357.192
oe:player:d326adc6ef1c5eab1f96472fce6ff9a,Ranorr,Delta Syndicate,HC,Support,23,-1268.799,1517.215,-0.254,273.0,0.0,0.0,0.633,150.697
oe:player:68a4eb0fff73077145975345a4d7ca9,Lauxio,BeFive,EBL,Support,30,-1269.018,1466.843,-0.254,266.0,0.0,0.0,0.633,-233.697
oe:player:53a722597f9fe835806af2f76fbb3b4,Vares,ODD Esports,LRN,Mid,17,-1270.836,1677.376,-0.254,295.0,0.0,0.0,0.295,-1146.554
oe:player:27794d1d5db5f58191c83730eb000ee,Azu,REDPack Esports,EBL,ADC,11,-1271.303,1502.079,-0.254,314.0,0.0,0.0,0.295,-235.982
oe:player:398074139a206bc8bbab0be766c6ffa,Wilson,Winthrop University,NACL,Jungle,47,-1275.475,1836.597,-0.255,268.0,0.0,0.0,1.0,-48.37
name:RP SoimuMIC,RP SoimuMIC,REDPack Esports,EBL,Top,2,-1277.66,1551.106,-0.256,,,,,-242.338
name:ARA DarkPhoenix,ARA DarkPhoenix,Aurora,ROL,ADC,3,-1279.584,1544.622,-0.256,,,,,-549.856
oe:player:881b9cbf6567a84a259bec4e55f034e,tomomaso,Andromeda Gaming,HC,Top,31,-1284.359,1512.951,-0.257,266.0,0.0,0.0,0.633,135.138
oe:player:13a6caee7c344653a2d8fef15618c69,Mettalica,Rage Bait e-Sports,LPLOL,Mid,9,-1288.224,1519.226,-0.258,,,,,336.989
oe:player:e1a93470eeb97efae2c4db1db18c893,Marzaya,Lupus Esports,EBL,Top,10,-1290.215,1515.658,-0.258,316.0,0.0,0.0,0.295,-254.893
oe:player:736a2896b5b7f960305f3b106303e8a,Kocourek,Andromeda Gaming,HC,Jungle,31,-1291.7,1512.951,-0.258,277.5,0.0,0.0,0.633,127.796
oe:player:886831dade87c08a01092da3429cdb7,Lilv,Ground Zero Gaming,PCS,ADC,15,-1292.108,1539.203,-0.258,299.0,0.0,0.0,0.295,-1204.737
name:KJ Yikesuo,KJ Yikesuo,CITA Kaizen,HC,Mid,3,-1295.197,1583.047,-0.259,,,,,124.299
oe:player:9bebc9a7ed9fbb88c505621781e1019,Darky,GTZ Esports,LPLOL,Top,9,-1297.105,1521.888,-0.259,,,,,328.108
oe:player:70d529695c253d17e992cb9265abc57,Mission,Ground Zero Gaming,PCS,Mid,10,-1300.304,1583.957,-0.26,297.0,0.0,0.0,0.295,-1212.932
oe:player:f576de1bd567e8091d2860822f4fd17,Steellar,SDM Tigres,LRN,Top,6,-1301.305,1740.547,-0.26,,,,,-1177.024
oe:player:caf582d3ceca0fb731daadfeadfc760,Conformista,Odivelas Sports Club,LPLOL,Top,10,-1301.668,1521.359,-0.26,312.0,0.0,0.0,0.295,323.545
oe:player:197d7a5583ea95b5ec1e19e874a90aa,K1ng,EKO Esports,LIT,ADC,11,-1302.702,1529.888,-0.261,323.0,0.0,0.0,0.295,-631.425
oe:player:4641dfa1a5041384bee171103fcdf3c,Shizuki,Aurora,ROL,Mid,34,-1309.741,1445.708,-0.262,272.0,0.0,0.0,0.633,-580.012
name:CPD Tub,CPD Tub,Cupid Esports,NACL,Support,5,-1311.385,1889.24,-0.262,,,,,-84.28
oe:player:6e9d76373045cc9e22ac1a6b628bb6e,Katquese,NORTHS FURY,LPLOL,Mid,6,-1313.95,1541.997,-0.263,,,,,311.263
oe:player:be0649c16bc160010f7af7aba55d272,Robenong,Lupus Esports,EBL,Mid,10,-1316.234,1507.617,-0.263,328.0,0.0,0.0,0.295,-280.913
name:PLS Tubs,PLS Tubs,Pulse Star,NACL,Support,2,-1317.039,1887.161,-0.263,,,,,-89.934
oe:player:24314567f14eeb3c380c72b8dc211c2,Exile1,CITA Kaizen,EBL,Jungle,14,-1327.115,1486.895,-0.265,317.0,0.0,0.0,0.295,-291.794
oe:player:baf7147fedeec5de54ca1f240952a3f,Sintax,BeFive,EBL,Mid,13,-1328.102,1494.598,-0.266,309.0,0.0,0.0,0.295,-292.78
oe:player:64a5b4d8d04a2866bbb710a12f29655,ThunderPeng,Hurricane of Feathers,LPLOL,Support,5,-1329.31,1539.41,-0.266,,,,,295.903
name:BVL Snow Panda,BVL Snow Panda,BraVeLY,LJL,Support,13,-1330.916,1555.945,-0.266,297.0,0.0,0.0,0.295,572.013
oe:player:0172dc19879a16aeb108363a75138a1,lll,ODD Esports,LRN,Support,9,-1331.006,1717.984,-0.266,,,,,-1206.725
oe:player:1391e73a69a1595f73789cd6768f3aa,koisi,Spirit Quartz Gaming,LJL,ADC,5,-1333.591,1592.433,-0.267,,,,,569.337
oe:player:f6afb3ca3ac4cb969cc0c36330d8ee8,Airren,Lotus,NACL,ADC,40,-1337.603,1817.067,-0.268,267.5,0.0,0.0,1.0,-110.498
oe:player:9f33a476918b35d7000f693b2d9b53f,Narttaker,Crusaders,LPLOL,Mid,20,-1338.173,1490.713,-0.268,268.0,0.0,0.0,0.633,287.039
oe:player:acd24e0d1480eb6a5765fc376567bcc,GoDirr,Ethereal Enigmas,HC,Top,25,-1345.417,1523.289,-0.269,261.5,0.0,0.0,0.633,74.079
name:PPS BMCB,PPS BMCB,Papo Secos,LPLOL,ADC,7,-1346.38,1530.124,-0.269,,,,,278.832
oe:player:84372df7a3495e2398effd3f932dc9f,Spyke,Delta Syndicate,HC,Top,1,-1347.391,1596.776,-0.269,,,,,72.105
oe:player:c9ae570d34d777b4daa2282876bcb63,DonJake,Ruddy Esports,NLC,Jungle,7,-1348.47,1507.745,-0.27,,,,,-2128.027
oe:player:06083168eaeed9302cad85c25f33005,Marlley,Diversion Gaming,HC,Support,59,-1353.021,1441.696,-0.271,262.5,0.0,0.0,1.0,66.475
oe:player:a8fa253582fc7c0405ec1b66447048e,RaFaL,Odivelas Sports Club,LPLOL,Support,5,-1353.402,1545.294,-0.271,,,,,271.811
oe:player:ed2ce922701169a70704f2bf956b828,Etoo,Divernex,HW,ADC,38,-1354.66,1492.696,-0.271,274.0,0.0,0.0,0.633,612.252
oe:player:171bada5286f170058030e54d1124ed,Zezin,Hurricane of Feathers,LPLOL,Top,5,-1355.753,1539.41,-0.271,,,,,269.459
oe:player:fdde756c37f499c36df183d987b3c6d,Ibai,Oxygen Gaming,NEXO,ADC,35,-1363.655,1604.056,-0.273,281.0,0.0,0.0,0.633,1588.726
oe:player:99b95ef29b1e18c587457d79910c685,JaVaaa,GLORE,HM,ADC,6,-1365.649,1525.113,-0.273,,,,,-1283.816
oe:player:7ab15001b5029dbfed57aef7f9dc0d2,Kotvyc 74,Mighty Eagles,HW,ADC,8,-1366.592,1559.336,-0.273,,,,,600.319
oe:player:1b8d9da027376ae2246e32e0ed1d95d,Tropy16,Divernex,HW,Top,38,-1370.847,1492.696,-0.274,264.0,0.0,0.0,0.633,596.064
oe:player:44f82652ea5a574e3cfcc05934ff994,Robko,Team UNiTY,HW,Support,8,-1372.222,1579.74,-0.274,,,,,594.689
oe:player:1ffe4edb03fc62a526fdc5fb3785584,Ever,Aurora,ROL,Jungle,13,-1372.528,1494.821,-0.275,315.0,0.0,0.0,0.295,-642.799
oe:player:f62515559d817cb05f979bfdf640cfe,Tigrot,AVE Axolotl,LIT,Support,15,-1373.065,1510.159,-0.275,330.0,0.0,0.0,0.295,-701.788
name:KCH Jericho,KCH Jericho,Kareha Children,LJL,Mid,2,-1373.155,1611.354,-0.275,,,,,529.773
oe:player:88826a7693940efe29276b9e777fe7e,Rayming,Jörmungang,ROL,ADC,17,-1374.558,1496.493,-0.275,308.0,0.0,0.0,0.295,-644.829
oe:player:bab64c511fd4904466edfbd2a75dff8,Abner,Otter Side,NEXO,ADC,4,-1377.048,1672.428,-0.275,,,,,1575.333
oe:player:d6c9dca3f08684e88fd8a667bcfd30f,Endless,Lenovo Legion Honvéd,EBL,ADC,27,-1380.889,1471.238,-0.276,272.0,0.0,0.0,0.633,-345.568
oe:player:e8013b081e457f1c1c8dcd3146b5185,KinGi,Farenvehn,LRS,Jungle,35,-1381.533,2119.479,-0.276,270.0,0.0,0.0,0.633,538.895
oe:player:0a7c15b8702ebdc6706ebef40309126,Brizz,aNc Legends,LIT,Support,29,-1381.774,1477.261,-0.276,268.0,0.0,0.0,0.633,-710.497
oe:player:6425cdfcdd02de2de34b914e20c41a7,SeMike,GLORE,HM,Mid,17,-1382.58,1516.665,-0.277,292.0,0.0,0.0,0.295,-1300.746
oe:player:f0c6106d247c559ea02f20b474436d0,D4rtaine,Keypulse Esports,LPLOL,Top,22,-1383.373,1471.171,-0.277,256.0,0.0,0.0,0.633,241.84
oe:player:3ec4168709e1af5cdf9f8fd66dec6f2,Salami,Meavedron,HC,ADC,46,-1387.078,1449.133,-0.277,262.0,0.0,0.0,1.0,32.418
oe:player:6cf9340a14b57bd199c0dde44c83978,Errado,BWE Esports,LPLOL,Jungle,3,-1387.146,1556.927,-0.277,,,,,238.066
oe:player:f588b1e8973636056c1c34ec17e855b,Surdinz,NORTHS FURY,LPLOL,Top,9,-1388.151,1523.461,-0.278,,,,,237.061
oe:player:7a88d1974dba145fa21ef9668136bd1,Rozpier,Lundqvist Lightside,LPLOL,Support,18,-1390.279,1499.779,-0.278,326.0,0.0,0.0,0.295,234.934
oe:player:fa917cc2aeb0b9df6c7ca3105690f4a,NaiNa,Yang Yang Gaming,LJL,ADC,22,-1390.598,1546.233,-0.278,268.0,0.0,0.0,0.633,512.33
oe:player:f0d44df2529a2b13b9ff70ff54c44db,RealR,Keypulse Esports,LPLOL,Jungle,10,-1390.726,1518.415,-0.278,324.0,0.0,0.0,0.295,234.487
oe:player:14ad39cb23a56a8c81832b654fb1018,Ls,Spirit Quartz Gaming,LJL,Support,11,-1391.786,1561.935,-0.278,312.0,0.0,0.0,0.295,511.143
oe:player:8bd6a6fde7a0b83fb40a1e70e6ff2bd,Xinshou1,Hungkuang Falcon (弘光獵鷹),PCS,Jungle,14,-1399.764,1547.024,-0.28,319.0,0.0,0.0,0.295,-1312.392
oe:player:72cf194e05e421633bc0940e9983186,yanjee,Rage Bait e-Sports,LPLOL,Jungle,7,-1401.311,1535.826,-0.28,,,,,223.902
oe:player:c8f61021689343ff01ae1052f0b8655,Lio,SDM Tigres,LRN,Jungle,6,-1405.797,1740.547,-0.281,,,,,-1281.515
oe:player:6687c8a313592bd457a92d9c72d4032,NowFin,Nice Try,LPLOL,Jungle,9,-1408.665,1522.381,-0.282,,,,,216.548
oe:player:d7679867be52227c4f426057ec923cd,Sunfry,Karmine Corp Blue Stars,HW,Support,28,-1408.789,1448.908,-0.282,273.0,0.0,0.0,0.633,558.122
name:PPS SLynx,PPS SLynx,Papo Secos,LPLOL,Mid,7,-1409.956,1530.124,-0.282,,,,,215.257
oe:player:3697b5086f8d4511f75070f95c95aae,Faith,Partizan Esports,EBL,Jungle,2,-1411.617,1558.321,-0.282,,,,,-376.295
oe:player:877716336e4eb22ac67faaa9c2b8663,DarkBlue,BWE Esports,LPLOL,Mid,3,-1414.824,1556.927,-0.283,,,,,210.389
oe:player:579eab5c8b8db892cc12d4905841a27,Odessa,Spirit Quartz Gaming,LJL,Support,22,-1420.723,1547.228,-0.284,271.0,0.0,0.0,0.633,482.206
oe:player:beb96ccbee59de0f4061ce43cebdae4,Early Bird,Aurora,ROL,Top,4,-1422.712,1539.221,-0.285,,,,,-692.983
oe:player:f1bf3336d6fd120b3eee3952c39c067,Carbono,CORE 128,CT,Jungle,3,-1423.811,1724.873,-0.285,,,,,-586.603
oe:player:93fee216282adb6317d372ddd0796cc,Raizy,Team Paradox,HLL,Mid,10,-1426.828,1508.512,-0.285,308.0,0.0,0.0,0.295,-1245.788
oe:player:943f53d325e6a71dab00800edcbbac6,Shakur,GTZ Esports,LPLOL,ADC,19,-1427.586,1469.667,-0.286,324.0,0.0,0.0,0.295,197.627
oe:player:987135bd8802507c6ad8f0e75b43e8c,V1dde,Grow uP eSports,LPLOL,Mid,9,-1428.023,1521.143,-0.286,,,,,197.189
oe:player:acb52844f996627788836366404a324,zeen,Ethereal Enigmas,HC,Jungle,20,-1431.381,1524.48,-0.286,275.0,0.0,0.0,0.633,-11.884
oe:player:3009272a4d20a33543f3490a7233a48,Sword,Winthrop University,NACL,Mid,46,-1436.784,1833.942,-0.287,270.0,0.0,0.0,1.0,-209.678
name:THG Soren2,THG Soren2,Team High Ground,LPLOL,Jungle,1,-1438.469,1569.622,-0.288,,,,,186.743
oe:player:a680ff7ed49e63e8e91ec4f1c95d1d7,Deadhound,Lupus Esports,EBL,ADC,10,-1441.917,1515.658,-0.288,330.0,0.0,0.0,0.295,-406.595
oe:player:8259a6027d2018fa3016eac9ce3fb02,Mood,Lupus Esports,EBL,Support,12,-1447.787,1499.107,-0.29,341.0,0.0,0.0,0.295,-412.466
oe:player:e87d9b370206c12da8a677cb495afb5,Lyg,Lechuga Gaming,LRS,ADC,16,-1448.015,2077.458,-0.29,321.0,0.0,0.0,0.295,472.413
oe:player:31a2adf0d6cdfc8b30d7de37c3e5ee5,VietThanh,HST,VCS,Top,7,-1449.633,1611.405,-0.29,,,,,-1081.614
name:ESBA DON ADY,ESBA DON ADY,KIA.eSuba Academy,HC,Mid,3,-1449.662,1583.609,-0.29,,,,,-30.166
oe:player:a2343d04ce4dafae3aa458b006ec880,Fallen,SPIKE Syndicate,EBL,Jungle,51,-1450.842,1410.168,-0.29,262.0,0.0,0.0,1.0,-415.521
oe:player:ecac964b00dc5f2bce529bf79d13eaf,Paresz,Lenovo Legion Honvéd,EBL,Jungle,30,-1451.474,1470.486,-0.29,271.5,0.0,0.0,0.633,-416.152
oe:player:f6f37639b6b6dbb74b07c6e7f987ac4,manuemdo,BWE Esports,LPLOL,Support,3,-1452.056,1556.927,-0.29,,,,,173.156
oe:player:702528bbc0bdc819d0626ccff7f1af4,burningstar,ZeroZone Gaming,LPLOL,Jungle,2,-1456.286,1559.792,-0.291,,,,,168.927
oe:player:42cddcfc85b8bcd6c8a9267dd139919,Lostboy,Papo Secos,LPLOL,Support,6,-1457.914,1534.009,-0.292,,,,,167.299
oe:player:0ef7bab9edb5bf303c96b06d19ff7c7,bakisa,BeFive,EBL,ADC,14,-1458.175,1502.366,-0.292,324.0,0.0,0.0,0.295,-422.853
oe:player:fae40407a31cd3c218d314e67b5f04b,Adizai,PaiDA Miwan Bao,PCS,Top,12,-1458.943,1544.386,-0.292,304.0,0.0,0.0,0.295,-1371.572
name:EE MRStefanik,EE MRStefanik,Ethereal Enigmas,HC,Jungle,3,-1462.405,1582.559,-0.292,,,,,-42.909
oe:player:1c275bedd474301abb6a402792d0731,RobbyBob,Lotus,NACL,Mid,5,-1465.074,1890.757,-0.293,,,,,-237.969
oe:player:b3930e087fe235378c3be105e7f5972,Ivok,Team Paradox,HLL,Mid,17,-1474.12,1457.759,-0.295,321.0,0.0,0.0,0.295,-1293.08
oe:player:ff804ef6d4438e1428e8eb2a8320deb,ffernandes,Grow uP eSports,LPLOL,Top,11,-1476.09,1505.205,-0.295,318.0,0.0,0.0,0.295,149.123
oe:player:6a3496d30b5d58b7b90d8d20258cb16,Exiled,Rage Bait e-Sports,LPLOL,Support,6,-1477.604,1539.74,-0.296,,,,,147.609
oe:player:475a3801681acaf367b277e69efe2f8,P1ng,Dream in 24,LJL,Mid,3,-1481.263,1606.34,-0.296,,,,,421.666
name:BOO Eve,BOO Eve,Bamboo Juice,LJL,ADC,2,-1484.792,1612.008,-0.297,,,,,418.137
oe:player:e16c97254df6fe42751e7e9f7c98543,Prage,wangting,PCS,ADC,14,-1486.339,1540.905,-0.297,321.0,0.0,0.0,0.295,-1398.968
oe:player:b27aeb4e04e35dc165345d3a21b61e5,Josifek04,Divernex,HW,Jungle,38,-1486.633,1492.696,-0.297,278.5,0.0,0.0,0.633,480.278
name:BVL GOODTRY,BVL GOODTRY,BraVeLY,LJL,Support,11,-1488.528,1574.141,-0.298,320.0,0.0,0.0,0.295,414.4
oe:player:ab921907d86cd2439d6bd3e4af1aec5,Deidara,aNc Legends,LIT,Top,30,-1489.844,1479.499,-0.298,260.0,0.0,0.0,0.633,-818.567
oe:player:e0c5ac993894933fb7cf201c4be4f85,Hypa,Ruddy Esports,NLC,Top,7,-1491.43,1507.745,-0.298,,,,,-2270.987
name:GBCN Pyrus,GBCN Pyrus,Gaming Barcelona,CT,Support,4,-1491.71,1725.973,-0.298,,,,,-654.502
oe:player:36f96a6f0a53a032d9c5a4ad6666cff,Caner,Odivelas Sports Club,LPLOL,ADC,10,-1492.66,1521.359,-0.299,323.0,0.0,0.0,0.295,132.553
name:TSC Ninji,TSC Ninji,The Secret Club,EBL,Mid,2,-1493.44,1554.012,-0.299,,,,,-458.119
oe:player:643e865a69b74aac65ec052c8fffdd5,BANKAI,Leões Porto Salvo Esports,LPLOL,Mid,16,-1493.513,1525.559,-0.299,330.0,0.0,0.0,0.295,131.7
oe:player:7d21767bc5bb1567a3dd92bf82a5a8e,zzeta,Never Give Up,VCS,Mid,5,-1497.021,1623.18,-0.299,,,,,-1129.002
oe:player:516c815c20166ace69ac4024ab9dc02,Fush,Jörmungang,ROL,Top,17,-1499.208,1496.493,-0.3,305.0,0.0,0.0,0.295,-769.479
oe:player:5d2965942385e09789bd79ebcb56a45,Taba,GMBLERS Esports,LIT,ADC,3,-1516.007,1564.388,-0.303,,,,,-844.73
oe:player:a197fc224893a08522a56c22b02ae26,v1SaG3,Magaza Esports,EBL,Top,8,-1522.629,1523.581,-0.305,,,,,-487.308
oe:player:de74dc0ce635e91e85ca1a5056668cb,Keishao,Malvinas Gaming,LRS,Support,3,-1524.458,2125.985,-0.305,,,,,395.97
oe:player:24c3815eea76f1ecb6e47c79f93d5d4,Antos,ZeroZone Gaming,LPLOL,Support,2,-1525.288,1559.792,-0.305,,,,,99.925
name:THG Alex2,THG Alex2,Team High Ground,LPLOL,Mid,1,-1527.085,1569.622,-0.305,,,,,98.127
oe:player:98507570b7ae6c8019192bc1b5412c1,Porsche,Lotus,NACL,Top,5,-1531.234,1890.757,-0.306,,,,,-304.129
oe:player:60b3048edebc03e520e775db4cc706f,Aojune,CCG Esports,NACL,Mid,28,-1531.794,1846.449,-0.306,277.0,0.0,0.0,0.633,-304.689
oe:player:c7626024998d95c842d896d2dde8f7c,Arutnev,Grow uP eSports,LPLOL,ADC,3,-1531.884,1549.681,-0.306,,,,,93.329
oe:player:d267ada2593780f4b32830a0d68c378,Fishue,Aurora,ROL,Jungle,9,-1533.793,1506.243,-0.307,,,,,-804.064
name:TSC Azu,TSC Azu,The Secret Club,EBL,ADC,2,-1533.916,1554.012,-0.307,,,,,-498.594
oe:player:ec0b2acd69ac90bab193393bd8b226a,Phoenix,Senshi eSports,ROL,Mid,14,-1535.844,1482.774,-0.307,322.0,0.0,0.0,0.295,-806.115
oe:player:c8d082ef750e5745f350793541b4074,Chrislai,Aurora,ROL,Jungle,4,-1542.022,1539.221,-0.308,,,,,-812.293
name:GUP Ricarderix,GUP Ricarderix,Grow uP eSports,LPLOL,Support,3,-1543.185,1549.681,-0.309,,,,,82.028
oe:player:fb6fc095466c769a4c96dfa965c266e,Thoryn,Sicar Esports,LRS,Top,13,-1544.558,2068.635,-0.309,322.0,0.0,0.0,0.295,375.87
oe:player:974416ebbcd0b80fb34c30e0640658f,Rilski,Magaza Esports,EBL,Support,14,-1547.771,1498.173,-0.31,345.0,0.0,0.0,0.295,-512.449
oe:player:fd232826ff3976840e994bb85a3bd46,DOMOLES,Magaza Esports,EBL,Mid,14,-1548.493,1498.173,-0.31,336.0,0.0,0.0,0.295,-513.172
oe:player:96780e8959ce77ff5cfce9a491e7f22,Banino,Underworld Esports,LIT,Support,14,-1550.047,1509.332,-0.31,338.0,0.0,0.0,0.295,-878.77
oe:player:75588c1a5841c4b05fd3dce86c8019e,Vyctor,aNc Legends,LIT,Mid,30,-1553.206,1479.499,-0.311,269.0,0.0,0.0,0.633,-881.929
oe:player:6fb294fde45594f0660053a2cf64aaa,Amarizo,Dynamo Eclot Talents,HC,Mid,2,-1557.861,1595.206,-0.312,,,,,-138.365
oe:player:f5f63466756e783bd8b69c1d8506885,Drannarith,Andromeda Gaming,HC,Support,23,-1557.951,1530.01,-0.312,274.5,0.0,0.0,0.633,-138.455
oe:player:770cf8a64932b2ed662c6f08d87cc8b,KalenBoss,Myth Esports,LPLOL,Jungle,19,-1558.556,1467.317,-0.312,327.0,0.0,0.0,0.295,66.656
oe:player:01b29509d30d25550420b5af61a125b,Deliverzz,Magaza Esports,EBL,Jungle,8,-1571.857,1523.581,-0.314,,,,,-536.535
name:GUP Sidbuck,GUP Sidbuck,Grow uP eSports,LPLOL,Top,3,-1575.17,1549.681,-0.315,,,,,50.042
name:ARA Slix,ARA Slix,Aurora,ROL,Mid,6,-1580.844,1526.219,-0.316,,,,,-851.115
oe:player:109c333d5ae82b7b38283b47a0beb73,IDA,Keypulse Esports,LPLOL,ADC,9,-1581.155,1519.362,-0.316,,,,,44.057
oe:player:422a539a0c83512f765663da4325fc2,AMBAN,Seven Dark,LRS,Jungle,7,-1581.45,2096.316,-0.316,,,,,338.979
oe:player:dfaae08dcfa7836a7d4b41479cd7dc3,Staargazing,Aurora,ROL,Support,4,-1582.282,1539.221,-0.316,,,,,-852.554
name:CK GOMAMUGICH4,CK GOMAMUGICH4,Clocks,LJL,Support,6,-1584.573,1585.248,-0.317,,,,,318.356
oe:player:41105719857686d3d4cdd7356d23b0a,Abyss,Connect Arena Esports,EBL,Support,4,-1586.686,1537.871,-0.317,,,,,-551.364
oe:player:b9d344dde96ac9d3398b87b8d22fe6d,isaN,Lechuga Gaming,LRS,Jungle,14,-1586.921,2077.508,-0.317,334.0,0.0,0.0,0.295,333.507
oe:player:271cc8797701a2339a456d2c3ca25cb,Cartamenio,NGU eSports,NEXO,Support,3,-1587.782,1685.712,-0.318,,,,,1364.599
name:BOO rururu,BOO rururu,Bamboo Juice,LJL,ADC,10,-1592.481,1571.879,-0.318,320.0,0.0,0.0,0.295,310.448
oe:player:27af17b234858aa267c3be117393a0e,TalentLess,Divernex,HW,Mid,38,-1592.658,1492.696,-0.319,275.0,0.0,0.0,0.633,374.253
oe:player:cea4ac76719b86abb470e3b6f24422a,Basraket,Ethereal Enigmas,HC,ADC,39,-1593.249,1457.101,-0.319,278.5,0.0,0.0,0.633,-173.753
oe:player:7db713e72c2aa2b0c3254a04066873b,Hamudis,Team Paradox,HLL,Jungle,9,-1594.666,1509.867,-0.319,,,,,-1413.627
oe:player:aa07cee593e6c3caeba21b4ee4c6075,AKaJe,DRX Academy,LAS,Mid,50,-1594.96,2814.363,-0.319,254.5,0.0,0.0,1.0,-1369.354
oe:player:8b976d804f0b51e0dff5d24fc6ead77,Strensh,Golden Lions,LRS,ADC,40,-1595.777,2202.32,-0.319,260.0,0.0,0.0,1.0,324.651
oe:player:76ae2e1c04e57e1c385524a20193b25,LVS,Odivelas Sports Club,LPLOL,Top,16,-1595.99,1514.389,-0.319,320.0,0.0,0.0,0.295,29.223
oe:player:df1274a25b88333180c934458717dc5,Mario,AVE Axolotl,LIT,Jungle,15,-1599.341,1510.159,-0.32,330.0,0.0,0.0,0.295,-928.064
oe:player:a5a7b88f861bef4c6247a78eb680b7b,Kongyue,Ground Zero Gaming,PCS,Jungle,8,-1601.396,1560.935,-0.32,,,,,-1514.024
oe:player:85aabb2082e3d345156996cc6d61808,Clareetz,Lotus,NACL,Support,5,-1603.073,1890.757,-0.321,,,,,-375.968
oe:player:939c3714742dbcd5d98cc2e2e399750,HALdesu,VARREL YOUTH,LJL,Jungle,31,-1614.606,1517.607,-0.323,271.5,0.0,0.0,0.633,288.322
oe:player:f528af12ef82e7257a7da4f8cd3c54c,Alba,Keypulse Esports,LPLOL,Jungle,1,-1614.924,1569.422,-0.323,,,,,10.288
oe:player:ea608bd27dd502609288de8c11aeef5,Verdes,Zena Esports,LIT,Mid,7,-1619.226,1531.938,-0.324,,,,,-947.949
oe:player:93288a4b3816c652fe295392e86b221,OverT1me,Hungkuang Falcon (弘光獵鷹),PCS,Support,18,-1619.281,1530.312,-0.324,328.0,0.0,0.0,0.295,-1531.91
oe:player:a6aa4786c309511bd63cd8f39bc3e4b,Munet,BRUTE,HM,Support,10,-1623.977,1504.001,-0.325,318.0,0.0,0.0,0.295,-1542.144
oe:player:9a47349628283db85be5baf30baa76e,Lirua,DRX Academy,LAS,Support,50,-1624.807,2814.363,-0.325,253.0,0.0,0.0,1.0,-1399.201
oe:player:4d30fb6db6e53cf5bdd9e9d33297fa6,Reedfoo,Diversion Gaming,HW,ADC,3,-1627.42,1582.882,-0.325,,,,,339.492
name:EVO Dayllen,EVO Dayllen,Evolve eSports,LPLOL,Jungle,1,-1628.197,1565.357,-0.326,,,,,-2.984
name:CK GOMAMUGICHA,CK GOMAMUGICHA,Clocks,LJL,Support,23,-1628.199,1525.067,-0.326,265.0,0.0,0.0,0.633,274.729
oe:player:4475404a8e17049853e83d014a833ca,Rising,Delta Syndicate,HC,Jungle,39,-1628.828,1484.998,-0.326,283.5,0.0,0.0,0.633,-209.332
oe:player:cf172b93505b047dc3ad8e8462dc13d,TheGreatGary,GTZ Esports,LPLOL,Top,22,-1629.742,1497.526,-0.326,263.0,0.0,0.0,0.633,-4.529
oe:player:fda70732b859899fa7572b8ebb41196,Saifer,Golden Lions,LRS,Mid,35,-1631.254,2090.766,-0.326,279.0,0.0,0.0,0.633,289.174
oe:player:76677e4ccf1967f1c561aac77d35ff1,Keuya,DRX Academy,LAS,Support,10,-1631.656,2840.963,-0.326,320.0,0.0,0.0,0.295,-1406.05
oe:player:b88bfb0c6a92f2862d9333b5b4ab190,salgueir0,ZeroZone Gaming,LPLOL,Jungle,1,-1632.745,1570.023,-0.327,,,,,-7.532
oe:player:92d72eced2158938cc6c5615838a432,Padawii,AVE Axolotl,LIT,ADC,16,-1637.249,1503.651,-0.327,332.0,0.0,0.0,0.295,-965.972
name:VT Magus,VT Magus,Vortex (Japanese Team),LJL,Support,15,-1642.182,1562.504,-0.328,336.0,0.0,0.0,0.295,260.747
name:BOO Razer,BOO Razer,Bamboo Juice,LJL,Mid,16,-1642.616,1560.218,-0.329,319.0,0.0,0.0,0.295,260.313
oe:player:ec25c372d9dc85ffa0b720bf533e53d,Pika1,HELL PIGS,PCS,ADC,32,-1643.919,1489.059,-0.329,275.0,0.0,0.0,0.633,-1556.547
name:HOF Sashimi,HOF Sashimi,Hurricane of Feathers,LPLOL,Mid,1,-1645.828,1567.812,-0.329,,,,,-20.616
oe:player:40f2085f7e220c565206b944e72f2f7,Egotistic,Seven Dark,LRS,ADC,13,-1646.381,2083.764,-0.329,339.0,0.0,0.0,0.295,274.047
oe:player:48a5b8a90d0b85ef4d26e66982f2be5,Wolfy,Seven Dark,LRS,Top,7,-1646.888,2066.438,-0.329,,,,,273.54
name:ZZG Rubyy,ZZG Rubyy,ZeroZone Gaming,LPLOL,ADC,1,-1647.565,1565.262,-0.33,,,,,-22.352
oe:player:219422de6e9bdaa589479b9992b8b36,Lost,BNK FEARX Academy,LAS,ADC,16,-1648.972,2831.86,-0.33,326.0,0.0,0.0,0.295,-1423.366
oe:player:1d66858957db4e9a06bf0aa1c95c3f6,Kirin,Papo Secos,LPLOL,Top,7,-1649.452,1530.124,-0.33,,,,,-24.239
oe:player:077c8e531f00e3df16e2318b49f5f39,Spy,GTZ Esports,LPLOL,Jungle,8,-1656.997,1528.82,-0.331,,,,,-31.785
oe:player:c15d2ad445223acab83deffd548e4e0,Shack,AVE Axolotl,LIT,Mid,15,-1657.29,1510.159,-0.331,332.0,0.0,0.0,0.295,-986.013
oe:player:277003aaa6126d09879b4ffe1bf18b3,pan,Farenvehn,LRS,Top,41,-1661.026,1986.065,-0.332,256.0,0.0,0.0,1.0,259.402
name:NF Albino Poro,NF Albino Poro,NORTHS FURY,LPLOL,Support,3,-1661.268,1552.734,-0.332,,,,,-36.055
oe:player:9f46237472e7183d47fb9abc553cd05,Blackout,ZeroZone Gaming,LPLOL,Mid,9,-1667.445,1523.294,-0.333,,,,,-42.232
name:MVG Doni1,MVG Doni1,Malvinas Gaming,LRS,Mid,2,-1671.752,2127.886,-0.334,,,,,248.676
oe:player:d7f7504c6047f9cd7519f579b37501b,Lil,Seven Dark,LRS,Jungle,12,-1671.813,2085.776,-0.334,339.0,0.0,0.0,0.295,248.615
name:DS Pooya,DS Pooya,Delta Syndicate,HC,ADC,2,-1675.212,1593.695,-0.335,,,,,-255.716
oe:player:399914b084a979892a6abff6b845fcc,JoKozz,ZeroZone Gaming,LPLOL,Top,6,-1675.885,1535.989,-0.335,,,,,-50.672
oe:player:64090a82dba80329630d117e168bec6,Dro,Oxygen Gaming,CT,Mid,7,-1680.899,1665.217,-0.336,,,,,-843.691
oe:player:1d6cd255124f73442571e8ceef2e479,Kellie,Oxygen Gaming,NEXO,Support,44,-1687.792,1583.623,-0.338,264.0,0.0,0.0,1.0,1264.589
oe:player:1467126c80d44f4144a8c6a9edb3cf2,Shookz,WAP Esports,LRS,Jungle,26,-1688.555,2110.429,-0.338,279.0,0.0,0.0,0.633,231.873
name:HOF Silence,HOF Silence,Hurricane of Feathers,LPLOL,Jungle,1,-1689.095,1569.276,-0.338,,,,,-63.883
oe:player:a45284081a09c202de2e4195903151f,Rachy,Aurora,ROL,Mid,4,-1690.541,1539.221,-0.338,,,,,-960.812
name:TSC hammerul,TSC hammerul,The Secret Club,EBL,Jungle,2,-1695.45,1554.012,-0.339,,,,,-660.128
oe:player:e03653dedd6f4e142f4aca131995964,Chad,Lotus,NACL,Jungle,5,-1695.728,1890.757,-0.339,,,,,-468.623
oe:player:1087aa8f482518a2b02334270f5607c,Gordinho,FlameHard,LPLOL,Support,21,-1695.743,1511.523,-0.339,276.0,0.0,0.0,0.633,-70.531
oe:player:07c37c41968b4f2eb8ad942e7e799f7,ReigN,Maze Gaming,LRS,Support,1,-1695.913,2128.915,-0.339,,,,,224.515
oe:player:626ce4966b5ec76ebc22d57c1fe9c55,Skyp,Dynamo Eclot Talents,HC,ADC,18,-1700.046,1519.712,-0.34,336.0,0.0,0.0,0.295,-280.55
oe:player:db9587370121d08ab55a3b4675c7b29,Kumew,Team Evermeet,LRS,ADC,18,-1704.389,2067.623,-0.341,345.0,0.0,0.0,0.295,216.039
oe:player:10edbcd5ca2a5a0daef7b812cb63e17,Luknom,Inside Games,HW,Support,6,-1704.976,1549.755,-0.341,,,,,261.935
name:BER Besnaga,BER Besnaga,Berimbados,LPLOL,ADC,1,-1705.833,1566.327,-0.341,,,,,-80.62
oe:player:84c75890a3edad0bcb2e8b06958d3a5,Prachoun,Inside Games,HW,Top,6,-1706.894,1549.755,-0.341,,,,,260.017
oe:player:6b002c8f710eae7ff08c68540252161,Necro,Andromeda Gaming,HC,ADC,23,-1706.993,1530.01,-0.341,279.5,0.0,0.0,0.633,-287.496
oe:player:206d09ea128d3b833439e7cf920fb1c,Rang,BNK FEARX Academy,LAS,Jungle,16,-1709.551,2831.86,-0.342,325.0,0.0,0.0,0.295,-1483.945
name:NF Saibotbias,NF Saibotbias,NORTHS FURY,LPLOL,Jungle,6,-1716.641,1541.997,-0.343,,,,,-91.428
oe:player:df3f37d87473767caaa78b04dffc663,Whyx,Monta Club,NEXO,Support,15,-1716.957,1632.536,-0.343,359.0,0.0,0.0,0.295,1235.424
oe:player:6ae6337aeda6fb44f525a370205bfcd,Sala,Zena Esports,LIT,Top,7,-1717.469,1531.938,-0.343,,,,,-1046.192
oe:player:b326d714f788e17d607ea289549fe64,Damocles,Clocks,LJL,ADC,48,-1720.378,1517.162,-0.344,253.0,0.0,0.0,1.0,182.551
oe:player:dabecb09ddd8b9ac6d300a8727f0d22,Raijin,Ethereal Enigmas,HW,Support,10,-1720.502,1549.828,-0.344,357.0,0.0,0.0,0.295,246.41
oe:player:2ee74c8f18b34343b411428d2df4091,DoubleAces,Oxygen Gaming,NEXO,Jungle,9,-1720.768,1654.769,-0.344,,,,,1231.613
oe:player:208f8ce656dbb1367a8aa7ce873a853,Ryo,VARREL YOUTH,LJL,Jungle,11,-1723.08,1553.604,-0.345,334.0,0.0,0.0,0.295,179.849
oe:player:4facef415990c34a6d9a46c8faaaef3,Qubi,Hungkuang Falcon (弘光獵鷹),PCS,Mid,18,-1725.704,1530.312,-0.345,324.0,0.0,0.0,0.295,-1638.332
oe:player:efb44d8a91fd2879b25e354bf6ea7a1,Burence,Connect Arena Esports,EBL,Support,11,-1726.136,1498.528,-0.345,351.0,0.0,0.0,0.295,-690.814
oe:player:f5002ae2d18fb61f94b1a977887043e,Soul,TeamOrangeGaming Academy,LPLOL,Support,14,-1726.301,1495.508,-0.345,342.0,0.0,0.0,0.295,-101.088
oe:player:183bae2f35280bc8e0705ef0799bb5f,Apatheia,GTZ Esports,LPLOL,Jungle,13,-1727.439,1538.245,-0.345,336.0,0.0,0.0,0.295,-102.227
oe:player:8ee9fcb15b6b03d76e8afe1fc992c10,Reshiram1,Inside Games,HW,Jungle,1,-1729.09,1590.738,-0.346,,,,,237.821
oe:player:407e85cfde804e99ad3c216307f887f,Morfan,Ethereal Enigmas,HW,ADC,10,-1733.024,1549.828,-0.347,346.0,0.0,0.0,0.295,233.888
name:GUP Legend,GUP Legend,Grow uP eSports,LPLOL,Support,7,-1737.365,1526.192,-0.347,,,,,-112.152
name:BKD razu,BKD razu,Black Dog,LJL,ADC,1,-1745.065,1620.065,-0.349,,,,,157.864
oe:player:08b43c22d2b118e380bd9c6db5b59d1,freaky dao,Once Upon A Team,HW,Jungle,13,-1749.998,1515.203,-0.35,348.0,0.0,0.0,0.295,216.914
oe:player:67a0a403634aae24b9e03abd763c4be,NoDu,B2U,LPLOL,Support,29,-1750.998,1437.682,-0.35,274.0,0.0,0.0,0.633,-125.785
oe:player:680aa9cda80deeabca952358ccfe95f,Ardo,Kawaii Kiwis,NEXO,Support,24,-1753.363,1613.129,-0.351,282.0,0.0,0.0,0.633,1199.018
oe:player:4dc315d81b795cd55c41c10c10507e3,Zerito,Lechuga Gaming,LRS,Top,9,-1754.516,2087.764,-0.351,,,,,165.912
name:BOO FuraFura,BOO FuraFura,Bamboo Juice,LJL,Top,19,-1755.097,1556.411,-0.351,310.0,0.0,0.0,0.295,147.832
name:HOF Primata,HOF Primata,Hurricane of Feathers,LPLOL,ADC,1,-1755.714,1568.96,-0.351,,,,,-130.502
name:NCP Nangning,NCP Nangning,Night Cap,LJL,Mid,12,-1756.782,1573.558,-0.351,328.0,0.0,0.0,0.295,146.147
oe:player:3245f210616363c243d03636c92ea38,Gremy,Aurora,ROL,Jungle,8,-1757.122,1521.114,-0.351,,,,,-1027.393
oe:player:2597d961abe7a1cd0b4ae9c393ea9f9,Dino,A One Man Army,ROL,Jungle,10,-1758.069,1509.165,-0.352,335.0,0.0,0.0,0.295,-1028.34
oe:player:7e07fe80f20bacefefe430e7ce179ca,Maty,EXILE esports,HC,Support,10,-1759.016,1545.071,-0.352,347.0,0.0,0.0,0.295,-339.519
oe:player:db66720932b5148c91874adee7ffdee,Koczis,Inside Games,HW,Jungle,5,-1761.073,1562.515,-0.352,,,,,205.838
oe:player:265b58ce8b2f418df94006bf24e296c,ScaryJerry,Supernova,NACL,ADC,44,-1762.389,1743.058,-0.352,275.0,0.0,0.0,1.0,-535.284
name:HOF Leazor,HOF Leazor,Hurricane of Feathers,LPLOL,ADC,1,-1762.874,1569.276,-0.353,,,,,-137.661
name:7D 6onza,7D 6onza,Seven Dark,LRS,ADC,3,-1767.654,2108.423,-0.354,,,,,152.774
oe:player:1ca33704c2ae22ce138fbe6b76a2ef1,Lunatic,Spirit Quartz Gaming,LJL,ADC,2,-1771.397,1613.047,-0.354,,,,,131.532
oe:player:e9b14ee01169f2b367c7fc21848679f,SkyMind,Seven Dark,LRS,Mid,13,-1773.096,2083.764,-0.355,343.0,0.0,0.0,0.295,147.332
name:ZZG sall,ZZG sall,ZeroZone Gaming,LPLOL,Jungle,1,-1777.964,1570.37,-0.356,,,,,-152.752
oe:player:8d74375214bea659a1f3048d620a466,Vizzpers,One More Esports,AL,ADC,18,-1782.854,1468.287,-0.357,323.0,0.0,0.0,0.295,-1917.934
name:PLS Aadam,PLS Aadam,Pulse Star,NACL,Mid,2,-1784.004,1887.161,-0.357,,,,,-556.899
oe:player:41391c4a6e0aed1277f6cc49d4c2dc3,Asilah,Zeu5 Esports,NACL,Mid,39,-1790.386,1808.403,-0.358,285.0,0.0,0.0,0.633,-563.281
name:DG applepasta,DG applepasta,Deltan Gaming,LJL,Top,19,-1790.715,1554.617,-0.358,315.0,0.0,0.0,0.295,112.213
name:HOF Ghost2,HOF Ghost2,Hurricane of Feathers,LPLOL,Mid,1,-1791.383,1569.276,-0.358,,,,,-166.171
oe:player:2a8f9050a8f7c5dd91f2332dc3bb2f5,Kim Down,Zenshi Gaming,NACL,Support,11,-1792.208,1873.387,-0.358,358.0,0.0,0.0,0.295,-565.103
oe:player:354734031c6bfd3dddd383f1e239751,PikaSensei,Hurricane of Feathers,LPLOL,ADC,1,-1792.514,1569.468,-0.358,,,,,-167.302
oe:player:59089858a4e84170874f48d25aeda5f,pvm,Crusaders,LPLOL,Jungle,2,-1794.897,1555.378,-0.359,,,,,-169.684
oe:player:da470a4a0c74854e91b8c867dfee583,Nary,Dynamo Eclot Talents,HC,Top,19,-1794.905,1517.267,-0.359,325.0,0.0,0.0,0.295,-375.409
oe:player:a77bb1b77fd5c1a2758f8f8a003b846,Tobi,DetonatioN FocusMe Academy,LJL,Jungle,7,-1794.921,1581.964,-0.359,,,,,108.008
oe:player:88448e6f2224014a638a0aaee5fa24d,Kensei,Zena Esports,LIT,Jungle,7,-1795.277,1531.938,-0.359,,,,,-1123.999
name:CRZ Zeradyn,CRZ Zeradyn,Crusaders,LPLOL,Mid,1,-1796.753,1566.809,-0.359,,,,,-171.54
name:HOF Phlloz,HOF Phlloz,Hurricane of Feathers,LPLOL,Support,1,-1797.491,1569.276,-0.36,,,,,-172.278
oe:player:751e44408b250f193cb6456c21e4d1f,Phyraxx,Team High Ground,LPLOL,Top,14,-1798.55,1501.346,-0.36,332.0,0.0,0.0,0.295,-173.337
name:NF Erika,NF Erika,NORTHS FURY,LPLOL,Top,3,-1805.634,1552.734,-0.361,,,,,-180.422
oe:player:095e36eb89b5b80b3eae3e4b52bd7c2,PicaPica,Cupid Esports,NACL,Support,4,-1809.129,1891.005,-0.362,,,,,-582.024
oe:player:18f6d4c0a224070911cdc12619d8be0,Shogo,CCG Esports,NACL,ADC,35,-1809.651,1886.573,-0.362,290.0,0.0,0.0,0.633,-582.546
oe:player:9f9d4246a2dcb6c75cf5900ee2131ec,skakavka,Priority,HC,ADC,16,-1812.985,1532.957,-0.363,347.0,0.0,0.0,0.295,-393.489
oe:player:dcc264d9d5ce6cdf4535b881de4add0,Janis,Jörmungang,ROL,Jungle,29,-1814.319,1441.533,-0.363,275.0,0.0,0.0,0.633,-1084.59
oe:player:dbda74c3c1b5c97a5ebeaa044316df8,Razer,Hands,LJL,Mid,3,-1814.581,1605.161,-0.363,,,,,88.348
name:HOF Julzh,HOF Julzh,Hurricane of Feathers,LPLOL,Top,1,-1815.366,1569.276,-0.363,,,,,-190.153
oe:player:5a2e97c47cf81189cd59558323b410c,NvN,Priority,HC,Mid,13,-1816.736,1526.4,-0.363,341.0,0.0,0.0,0.295,-397.24
name:BOO Blender,BOO Blender,Bamboo Juice,LJL,Jungle,19,-1818.543,1556.411,-0.364,327.0,0.0,0.0,0.295,84.385
oe:player:11cb3027faa9fc46210335926edc46a,Jordan,ZeroZone Gaming,LPLOL,Support,6,-1820.74,1535.989,-0.364,,,,,-195.528
oe:player:a7eeda89dab95c659a987fdb3952792,Kolios,Dynamo Eclot,HW,Support,12,-1821.612,1554.998,-0.364,362.0,0.0,0.0,0.295,145.3
oe:player:e8280907c8d32d5af0f36e5442e84a3,LS,Spirit Quartz Gaming,LJL,Support,2,-1822.962,1613.047,-0.365,,,,,79.967
oe:player:c05579e8624ada6989734cbf2ab2e07,Benda,Dynamo Eclot Talents,HW,Mid,6,-1823.785,1555.674,-0.365,,,,,143.127
name:NF saibotbias,NF saibotbias,NORTHS FURY,LPLOL,Jungle,3,-1825.287,1552.734,-0.365,,,,,-200.074
name:5M Theop,5M Theop,5M Esports,LPLOL,Jungle,2,-1825.523,1561.276,-0.365,,,,,-200.31
name:VK EMPTY2,VK EMPTY2,VelbeliKaizokudan,LJL,Support,5,-1832.471,1589.589,-0.366,,,,,70.458
oe:player:a2c028ef7610fc11196737c4bf6f83a,Nerion,DRX Academy,LAS,Jungle,60,-1838.403,2815.635,-0.368,273.0,0.0,0.0,1.0,-1612.797
name:NF LEVIATAN,NF LEVIATAN,NORTHS FURY,LPLOL,Mid,3,-1841.836,1552.734,-0.368,,,,,-216.624
oe:player:0d3f526e6a6449b958baaaf403015f6,Dani,Kawaii Kiwis,NEXO,Top,33,-1843.931,1604.783,-0.369,274.0,0.0,0.0,0.633,1108.45
oe:player:670af61f00834a13d7ecbf75a187c83,Kenma,Spirit Quartz Gaming,LJL,Top,22,-1844.4,1547.228,-0.369,264.0,0.0,0.0,0.633,58.529
name:HOF Crisrock,HOF Crisrock,Hurricane of Feathers,LPLOL,Support,1,-1847.727,1568.96,-0.37,,,,,-222.515
oe:player:13107d95284e96e48205b3c3cfeb686,Wuanted,Hurricane of Feathers,LPLOL,Jungle,9,-1851.168,1519.632,-0.37,,,,,-225.955
oe:player:3702651ddf7079389b727c8326fa1dd,Mikano,A One Man Army,ROL,ADC,14,-1852.218,1501.07,-0.37,343.0,0.0,0.0,0.295,-1122.489
oe:player:466ce26370ebf51e9899522b7ebeea7,Bazz,Apex Mission Impossible,NACL,ADC,37,-1852.446,1832.582,-0.37,291.0,0.0,0.0,0.633,-625.341
oe:player:4a0b9c8b61b964fe1118cd61e0c280f,Degh,Leões Porto Salvo Esports,LPLOL,Top,5,-1853.178,1539.94,-0.371,,,,,-227.965
oe:player:7354122c5769fe72ed0d325f403d125,Tan0,GLORE,HW,Jungle,1,-1854.839,1591.338,-0.371,,,,,112.072
name:DG hatinyang,DG hatinyang,Deltan Gaming,LJL,Mid,19,-1858.3,1554.617,-0.372,328.0,0.0,0.0,0.295,44.629
oe:player:4bcb5078b4938faef69ad7e0e5718a9,Bardito,Sicar Esports,LRS,Support,17,-1861.228,2089.634,-0.372,349.0,0.0,0.0,0.295,59.2
oe:player:5b27e4cc2ada46d85279f01daf9fa77,Hyper720,Dynamo Eclot Talents,HW,Top,6,-1865.107,1555.674,-0.373,,,,,101.805
oe:player:d38c22f001ead90aab3d71d27c9227b,Unicow,A One Man Army,ROL,Mid,14,-1867.857,1501.07,-0.374,343.0,0.0,0.0,0.295,-1138.128
oe:player:092954d1fd1b09699ba57daf0741a09,ArutnevJr,Grow uP eSports,LPLOL,Mid,3,-1870.72,1549.681,-0.374,,,,,-245.507
oe:player:974996ad948ff3a736c3d230695df75,Mercury,Grow uP eSports,LPLOL,Jungle,3,-1871.339,1549.681,-0.374,,,,,-246.126
name:7D Max,7D Max,Seven Dark,LRS,Support,3,-1877.532,2108.423,-0.376,,,,,42.896
oe:player:8eb9af740bf0c2e14df9b68bc5993bc,Thorfin,GenZ Gaming,VCS,Jungle,5,-1877.703,1623.8,-0.376,,,,,-1509.684
oe:player:cc492476cff5fb5a0903c99fcf27491,Beyond,Nigma Galaxy,AL,Top,15,-1885.654,1480.114,-0.377,313.0,0.0,0.0,0.295,-2020.734
oe:player:63516372cddedf9fb04d25ef9f02e3c,BrokenSword,EXILE esports,HW,Top,7,-1886.378,1552.258,-0.377,,,,,80.533
oe:player:7cbbe040dd2bf7accc07807510c7480,hammerul,REDPack Esports,EBL,Jungle,7,-1889.091,1525.061,-0.378,,,,,-853.769
oe:player:daf00d15f9510d6b29e1f5403b334c1,Knika,NGU eSports,NEXO,Top,3,-1893.048,1685.712,-0.379,,,,,1059.333
oe:player:04a5411dd8c9a2cbfacf479dfd20fa2,Tada,BRUTE,HM,Top,12,-1894.515,1499.358,-0.379,310.0,0.0,0.0,0.295,-1812.682
oe:player:fcaf8d61b00af32b04b32144a418b99,Will,Vancouver Impact,NACL,Jungle,20,-1899.094,1849.923,-0.38,293.0,0.0,0.0,0.633,-671.989
oe:player:7bb257e3cbfb5ab2f597a76848372d1,CROmpir,Oxygen Gaming,NEXO,Mid,16,-1899.114,1641.725,-0.38,354.0,0.0,0.0,0.295,1053.267
name:GUP Partyfosil,GUP Partyfosil,Grow uP eSports,LPLOL,Jungle,8,-1899.304,1523.797,-0.38,,,,,-274.091
oe:player:48f30334a4a3aec6b19383eda333bfd,Dyenn,Kawaii Kiwis,NEXO,Mid,35,-1900.007,1603.517,-0.38,283.0,0.0,0.0,0.633,1052.374
oe:player:3caebc5799b039da3cf79580b65ba8a,GekkoSzaby,Delta Syndicate,HW,Jungle,1,-1901.605,1598.313,-0.38,,,,,65.306
oe:player:0ecb9401130c7f0454f5690f247bd3f,Kancolf,Leões Porto Salvo Esports,LPLOL,Support,5,-1903.465,1539.94,-0.381,,,,,-278.252
oe:player:de8ee8c5d6fc0e3a2fe84e0a4f4d1a0,WalliR,BRUTE,HC,Mid,65,-1903.868,1402.747,-0.381,271.0,0.0,0.0,1.0,-484.372
oe:player:8143be9a534c52a80c338e924742f09,Xen0gan,EKO Esports,LIT,Mid,12,-1903.912,1528.133,-0.381,343.0,0.0,0.0,0.295,-1232.635
oe:player:ac6c8ea090678bb181b8004e3efd830,Nightstar,Cupid Esports,NACL,ADC,4,-1905.714,1891.005,-0.381,,,,,-678.609
oe:player:56a52cb1cd0c4f5c07a1582cf640687,Bruhruto,Cupid Esports,NACL,Support,38,-1907.416,1833.151,-0.381,283.5,0.0,0.0,0.633,-680.311
oe:player:ec41c69e802a3c1cc4b81a7c25d021e,Matty,Cupid Esports,NACL,Jungle,4,-1908.842,1891.005,-0.382,,,,,-681.737
oe:player:e0a43168d41258cae77aed2b6126541,Sh3ry,Guinea Pink,NEXO,Support,25,-1909.954,1598.006,-0.382,284.0,0.0,0.0,0.633,1042.427
oe:player:fedd1e92aa2d2a6e3ee95c110509805,Sobakk,Ethereal Enigmas,HC,Support,32,-1915.791,1475.134,-0.383,278.5,0.0,0.0,0.633,-496.295
oe:player:ee069f0c3ccbcd367d3db57c0945cc4,Rhino,Supernova,NACL,Support,21,-1916.433,1938.927,-0.383,287.0,0.0,0.0,0.633,-689.328
oe:player:c6a3d2fb852e7fbe44c84dd6e23f971,Pyl,Lechuga Gaming,LRS,Support,6,-1918.537,2096.54,-0.384,,,,,1.891
oe:player:142d617176182fd32faaa732141b7bd,Shyro,Connect Arena Esports,EBL,Support,6,-1919.997,1526.397,-0.384,,,,,-884.675
name:CRZ pvm,CRZ pvm,Crusaders,LPLOL,Jungle,1,-1925.517,1566.809,-0.385,,,,,-300.304
oe:player:aa85f1840e282d8a8304dbc2c0d7c9b,EN,HELL PIGS,PCS,Support,20,-1925.801,1500.993,-0.385,281.0,0.0,0.0,0.633,-1838.429
oe:player:1257edd60e9d2b13d960c39c4beeb43,Pyoox,Hurricane of Feathers,LPLOL,Support,1,-1925.806,1569.468,-0.385,,,,,-300.593
name:NT Ripper1,NT Ripper1,Nice Try,LPLOL,Mid,2,-1927.708,1561.961,-0.386,,,,,-302.496
oe:player:8917b27b716e6d20fabcba362f6902d,nvillada,Golden Lions,LRS,Top,30,-1928.562,2180.453,-0.386,268.5,0.0,0.0,0.633,-8.134
oe:player:eb4afbc02f6cf896b0bd94b5dd274dc,JayJay,Keypulse Esports,LPLOL,Mid,13,-1929.122,1500.893,-0.386,344.0,0.0,0.0,0.295,-303.909
name:BVL Fantasyleaf,BVL Fantasyleaf,BraVeLY,LJL,Top,11,-1929.265,1574.141,-0.386,322.0,0.0,0.0,0.295,-26.337
oe:player:4ab6f414f68d95108c57bf3f97c00ed,Likeamaws,Cupid Esports,NACL,Mid,4,-1930.541,1891.005,-0.386,,,,,-703.436
oe:player:58b73c3c62ee32e3ccc3bbf87e86dd3,Paparotis,Team Paradox,HLL,ADC,17,-1932.415,1475.607,-0.386,337.0,0.0,0.0,0.295,-1751.375
oe:player:82416dfeed801e2846a7c12a3649ab3,behave,Magaza Esports,EBL,Jungle,34,-1932.718,1417.13,-0.387,280.0,0.0,0.0,0.633,-897.396
name:BVL uwaa,BVL uwaa,BraVeLY,LJL,Mid,11,-1933.532,1574.141,-0.387,333.0,0.0,0.0,0.295,-30.603
oe:player:4662f35de23f0aa70c2de445121bf1f,Bangin,BNK FEARX Academy,LAS,Top,16,-1935.098,2831.86,-0.387,320.0,0.0,0.0,0.295,-1709.491
oe:player:d4ef1dbd917273a834cb004be0add79,Danden,EXILE esports,HC,Jungle,10,-1935.219,1545.071,-0.387,346.0,0.0,0.0,0.295,-515.723
oe:player:5b16af243fe7c9a3bfd726bdc748752,Shimmer,Vancouver Impact,NACL,Jungle,17,-1936.722,1796.043,-0.387,350.0,0.0,0.0,0.295,-709.617
oe:player:73d9baabf1f75ab1456cffe4ad80194,Doni,Malvinas Gaming,LRS,Mid,13,-1936.844,2086.931,-0.387,338.0,0.0,0.0,0.295,-16.416
oe:player:95906d95d9551e1f2e415b150df58e7,Waterbender,Hurricane of Feathers,LPLOL,Mid,9,-1947.489,1519.632,-0.39,,,,,-322.276
oe:player:e4b472bba2e8d4a800e88753051983f,Oda,Guinea Pink,NEXO,Jungle,2,-1949.15,1690.614,-0.39,,,,,1003.231
oe:player:a7e3b53ec6720ad8502760987a88cc7,Kwebz,Team High Ground,LPLOL,Support,19,-1950.535,1469.342,-0.39,357.0,0.0,0.0,0.295,-325.322
name:5M Profirio,5M Profirio,5M Esports,LPLOL,Support,2,-1951.405,1561.276,-0.39,,,,,-326.192
oe:player:788fb451a0732c0ce3bec0fbda415a0,Strava,EKO Esports,LIT,Top,21,-1952.215,1472.003,-0.39,271.0,0.0,0.0,0.633,-1280.938
oe:player:75cf9f09c2a0a5dfe040fb2f406e6c0,Vojtus,Andromeda Gaming,HC,Mid,2,-1954.207,1588.461,-0.391,,,,,-534.711
name:BER Outskale,BER Outskale,Berimbados,LPLOL,Top,1,-1954.499,1569.24,-0.391,,,,,-329.287
oe:player:1763315d2b245c5490d69313fbe1c83,Globby,Zenshi Gaming,NACL,ADC,11,-1956.327,1873.387,-0.391,355.0,0.0,0.0,0.295,-729.221
oe:player:0d7f00932345f75d100bbd3e101b662,Grèédy,Nigma Galaxy,AL,Support,16,-1956.363,1477.149,-0.391,332.0,0.0,0.0,0.295,-2091.442
oe:player:5bdf38cf3f512b2194435217e9b2f8f,Hades2,EKO Esports,LIT,Jungle,13,-1958.812,1519.78,-0.392,348.0,0.0,0.0,0.295,-1287.535
name:5M Ratao,5M Ratao,5M Esports,LPLOL,ADC,2,-1963.441,1561.276,-0.393,,,,,-338.228
oe:player:55bb0ccd1597aed53be536b2f012641,Saethra,Delta Syndicate,HC,Top,57,-1969.766,1422.165,-0.394,263.0,0.0,0.0,1.0,-550.269
oe:player:34f3befc35889adbdc525cdf6e442e9,Satto,Crusaders,LPLOL,Support,2,-1972.947,1555.378,-0.395,,,,,-347.734
oe:player:296e8466ea20bcb1277e30b787ec852,Felopo,Team Evermeet,LRS,Top,1,-1973.217,2127.585,-0.395,,,,,-52.789
name:NCP Lchallenge,NCP Lchallenge,Night Cap,LJL,Support,12,-1976.589,1573.558,-0.395,342.0,0.0,0.0,0.295,-73.66
oe:player:5dbe350ac58198a3af0e3d0c6d939ac,N3znamy,EXILE esports,HC,Jungle,4,-1979.653,1574.026,-0.396,,,,,-560.157
name:SN Strai,SN Strai,Supernova,NACL,Top,4,-1980.042,1875.491,-0.396,,,,,-752.937
name:HOF Zezin,HOF Zezin,Hurricane of Feathers,LPLOL,Top,4,-1980.979,1546.389,-0.396,,,,,-355.766
name:VT Nangning,VT Nangning,Vortex (Japanese Team),LJL,Mid,18,-1981.668,1560.721,-0.396,343.0,0.0,0.0,0.295,-78.74
oe:player:04e2de37299dd6886b08b6b055dabe3,Alleycat,Kareha Children,LJL,Mid,5,-1984.192,1591.213,-0.397,,,,,-81.264
name:BOO Snow Panda,BOO Snow Panda,Bamboo Juice,LJL,Support,19,-1984.601,1556.411,-0.397,336.0,0.0,0.0,0.295,-81.673
oe:player:8282cbc5ecfa3e6a4106f5ee0490fdf,Rias1,Dynamo Eclot Talents,HW,ADC,8,-1986.007,1541.244,-0.397,,,,,-19.096
oe:player:0b2a8385eb649ea60d639801de9026e,Tele,Vortex (Japanese Team),LJL,ADC,3,-1986.517,1605.248,-0.397,,,,,-83.588
oe:player:80318d073f6fa99096670c52888b260,Ninji,REDPack Esports,EBL,Mid,7,-1989.437,1525.061,-0.398,,,,,-954.116
oe:player:60dde30f1d6b9a9c78ba115f63ea102,Skeeto,Malvinas Gaming,LRS,Top,15,-1992.285,2090.19,-0.398,328.0,0.0,0.0,0.295,-71.857
name:VK peakey,VK peakey,VelbeliKaizokudan,LJL,Support,10,-1995.343,1572.65,-0.399,341.0,0.0,0.0,0.295,-92.415
name:5M Crop,5M Crop,5M Esports,LPLOL,Top,2,-1995.796,1561.276,-0.399,,,,,-370.583
oe:player:c62fc8e0de2383c550d5b0ee2b8c49b,Exduardo,Grow uP eSports,LPLOL,ADC,13,-1997.132,1491.103,-0.399,339.0,0.0,0.0,0.295,-371.92
oe:player:686808baa458d7b5aa085398eb7ac12,Zeradyn,Crusaders,LPLOL,Mid,2,-2001.889,1555.378,-0.4,,,,,-376.676
oe:player:d6512817657af74944409f9db236876,Kindless,Golden Lions,LRS,ADC,7,-2003.813,2094.427,-0.401,,,,,-83.385
oe:player:49ee5696febc0a676b14de885928be3,helforca,The Forbidden Five,EBL,Mid,17,-2004.144,1481.123,-0.401,349.0,0.0,0.0,0.295,-968.822
oe:player:fbda6b0c0c46b4abfd3518c03e96e02,Perle,Vortex (Japanese Team),LJL,Top,40,-2005.011,1483.375,-0.401,258.0,0.0,0.0,1.0,-102.083
oe:player:1b1e7d4392249cce6332592fb350a37,Yoshida,Bamboo Juice,LJL,ADC,7,-2008.84,1582.415,-0.402,,,,,-105.912
oe:player:33e1809214e7a57d2e21daa26b57dc7,ColdRose,Crusaders,LPLOL,Top,2,-2016.046,1555.378,-0.403,,,,,-390.833
name:HOF ThunderPeng,HOF ThunderPeng,Hurricane of Feathers,LPLOL,Support,4,-2025.491,1546.389,-0.405,,,,,-400.278
oe:player:6a442dcf7f93e19699e2e657a2e0eec,Azura,5M Esports,LPLOL,Mid,2,-2025.967,1561.276,-0.405,,,,,-400.754
oe:player:7ff275e29085d8215ef79618435b346,Destru,Temper &amp; Friends,NEXO,Mid,4,-2026.769,1678.206,-0.405,,,,,925.612
name:DIV MinetasJR,DIV MinetasJR,Diver (Portuguese Team),LPLOL,Top,6,-2030.08,1539.369,-0.406,,,,,-404.867
oe:player:849f9b951bad65b09e2a45361b006f1,Bizyze,The Secret Club,EBL,Support,4,-2030.558,1541.189,-0.406,,,,,-995.236
name:NCP Sassappel,NCP Sassappel,Night Cap,LJL,Jungle,12,-2031.559,1573.558,-0.406,339.0,0.0,0.0,0.295,-128.63
name:VK udon,VK udon,VelbeliKaizokudan,LJL,Top,10,-2032.21,1568.975,-0.406,329.0,0.0,0.0,0.295,-129.281
oe:player:55dd290e8824755e997201409a0b36a,FliiZee,Oxygen Gaming,NEXO,ADC,16,-2043.627,1641.725,-0.409,358.0,0.0,0.0,0.295,908.754
oe:player:15b2b9b4cd18e3c1d985c867a6fb03f,Dawerko,Dynamo Eclot Talents,HC,ADC,6,-2045.392,1561.78,-0.409,,,,,-625.896
oe:player:9b7c45e7ef1970c25aee38bf556f8c0,Kozak,Green Dolphin Gaming,NEXO,ADC,16,-2047.943,1633.637,-0.41,359.0,0.0,0.0,0.295,904.438
oe:player:9203016d817c256b8ad3dbbcf2214fa,FoobaR,GLORE,HM,Jungle,21,-2048.655,1492.998,-0.41,284.0,0.0,0.0,0.633,-1966.822
oe:player:f16be6b44999cca29aecb3d08f6f743,STank,Leões Porto Salvo Esports,LPLOL,Jungle,5,-2052.6,1539.94,-0.411,,,,,-427.388
oe:player:0f904d3681f72962dfedf3f52c1411b,Cupic,Zenshi Gaming,NACL,Mid,11,-2056.729,1873.387,-0.411,356.0,0.0,0.0,0.295,-829.624
oe:player:fc74fb12b38459b4a624eaf48c740cc,Dezo,Leões Porto Salvo Esports,LPLOL,ADC,5,-2058.802,1539.94,-0.412,,,,,-433.589
name:EVO Kryzen7,EVO Kryzen7,Evolve eSports,LPLOL,Jungle,3,-2059.625,1556.971,-0.412,,,,,-434.412
name:FVN Shuhari,FVN Shuhari,Farenvehn,LRS,Support,3,-2066.172,2166.073,-0.413,,,,,-145.744
oe:player:fcad22cfbbf80065adc8436d9f82492,Aitlade,Team High Ground,LPLOL,ADC,14,-2066.634,1501.346,-0.413,351.0,0.0,0.0,0.295,-441.421
name:CK ss1,CK ss1,Clocks,LJL,Jungle,48,-2072.432,1517.162,-0.414,261.0,0.0,0.0,1.0,-169.503
oe:player:5b84142a1b343346c300bc94be3d8fc,Naitz,Sicar Esports,LRS,ADC,22,-2072.729,1946.989,-0.415,285.0,0.0,0.0,0.633,-152.301
oe:player:ba0555049bc1c041839c65f6b0af6dc,Gilito,eQuizers,NEXO,Support,17,-2076.027,1657.646,-0.415,373.0,0.0,0.0,0.295,876.354
oe:player:51f3aa27af393f856e9f2fc334f465e,Nobody,Malvinas Gaming,LRS,Mid,4,-2079.047,2102.417,-0.416,,,,,-158.619
oe:player:cc7d2fcc0750626772a0d7cf65cbbc2,Nxi,Zenshi Gaming,NACL,Jungle,11,-2080.368,1873.387,-0.416,356.0,0.0,0.0,0.295,-853.263
oe:player:86f395462990a4e7ecc8244caff13b5,Saii,Spirit Quartz Gaming,LJL,Mid,34,-2083.724,1506.931,-0.417,281.0,0.0,0.0,0.633,-180.795
oe:player:390fd6ebe83da226b9495f08f9dc174,Kaplica,A One Man Army,ROL,Top,14,-2083.827,1501.07,-0.417,336.0,0.0,0.0,0.295,-1354.098
name:DG W1ng,DG W1ng,Deltan Gaming,LJL,ADC,9,-2085.981,1572.503,-0.417,,,,,-183.052
oe:player:fe543267bed6f895565b1e9bc58e83e,Soren,Team High Ground,LPLOL,Jungle,4,-2087.197,1544.12,-0.417,,,,,-461.985
oe:player:d4abe6818cfb2ab8e01f4ae84f4eea5,Lixo,Lupus Esports,EBL,ADC,5,-2088.891,1532.157,-0.418,,,,,-1053.569
oe:player:fc89421a5b3f5cbef82f93eed2a1f95,Sunblast,WAP Esports,LRS,Top,27,-2092.778,2107.76,-0.419,273.0,0.0,0.0,0.633,-172.35
oe:player:7b7a65bf22bd84faa0337cdbd4e19f5,Sun eater,DRX Academy,LAS,Top,60,-2093.38,2815.635,-0.419,266.0,0.0,0.0,1.0,-1867.774
name:SQG petal,SQG petal,Spirit Quartz Gaming,LJL,Jungle,9,-2100.969,1577.295,-0.42,,,,,-198.04
oe:player:2d8c46d60e8b608291959bf5330347c,Prominence,Kawaii Kiwis,NEXO,Jungle,35,-2102.335,1603.517,-0.42,290.0,0.0,0.0,0.633,850.046
oe:player:fbeb5032bea4ae4209a51c63fedfb35,Pulzer,EXILE esports,HC,Mid,10,-2107.891,1545.071,-0.422,348.0,0.0,0.0,0.295,-688.395
oe:player:da82cc5bb6f742ff6a37e4a17784f04,Kars,Team Meliora,HW,Top,2,-2114.775,1586.996,-0.423,,,,,-147.863
oe:player:4e6e4b0a7179458c50b611a3c72b9ce,Joelbebo,Lechuga Gaming,LRS,Support,1,-2120.573,2126.177,-0.424,,,,,-200.145
oe:player:0d0fd3fe6a1c8ccae7648f0f2a31a2c,Alex,Team High Ground,LPLOL,Mid,4,-2120.763,1544.12,-0.424,,,,,-495.55
oe:player:ff5791b44dd8871b952a4b6e49cc764,KatzGames,Oxygen Gaming,NEXO,Top,44,-2120.918,1577.964,-0.424,263.0,0.0,0.0,1.0,831.463
oe:player:ebaa25f9bde69592cb6d8a849bf8fbc,Paolocannone,aNc Legends,LIT,Support,11,-2121.609,1507.262,-0.424,365.0,0.0,0.0,0.295,-1450.332
oe:player:5975309b7ecb20e410be3726e79f1ff,WeeDnek,BRUTE,HM,Jungle,14,-2124.147,1494.435,-0.425,334.0,0.0,0.0,0.295,-2042.314
oe:player:5f65df2d13cb9187c97002aa3ae604a,Future,DRX Academy,LAS,Mid,10,-2128.765,2840.963,-0.426,332.0,0.0,0.0,0.295,-1903.159
name:RPG Shawshank,RPG Shawshank,Radical Pop Gaming,LJL,Jungle,2,-2129.132,1612.264,-0.426,,,,,-226.204
oe:player:70c5caf9505dedbd0b2761282c8eeb6,Respeta,Lechuga Gaming,LRS,Top,2,-2133.9,2114.867,-0.427,,,,,-213.472
name:TF Temper,TF Temper,Temper &amp; Friends,NEXO,Top,3,-2155.852,1686.008,-0.431,,,,,796.529
name:EVO Fat Yoda,EVO Fat Yoda,Evolve eSports,LPLOL,Top,4,-2156.806,1547.183,-0.431,,,,,-531.593
name:NCP saru,NCP saru,Night Cap,LJL,ADC,12,-2157.639,1573.558,-0.432,341.0,0.0,0.0,0.295,-254.711
name:NF Oshii,NF Oshii,NORTHS FURY,LPLOL,ADC,8,-2159.403,1524.736,-0.432,,,,,-534.19
oe:player:77c10036edafc6b267a710e0525bf7a,Yoangi,Guinea Pink,NEXO,ADC,13,-2165.57,1649.922,-0.433,370.0,0.0,0.0,0.295,786.811
oe:player:6cc4434e99e046ed7a78c636b08275c,ItsCoto,Temper &amp; Friends,NEXO,Jungle,3,-2165.633,1686.008,-0.433,,,,,786.748
oe:player:39781e6e659cc38912c92b65a1761b3,Tima,Vortex (Japanese Team),LJL,Jungle,18,-2167.817,1560.721,-0.434,346.0,0.0,0.0,0.295,-264.888
oe:player:9addc44e0ac4234d13dbabdacc3c556,Molanes,Green Dolphin Gaming,NEXO,Jungle,12,-2170.42,1651.91,-0.434,366.0,0.0,0.0,0.295,781.961
oe:player:8f062f09914ad1ebd28fc038bc937f6,Tea0r,Diversion Gaming,HC,Top,27,-2173.709,1519.78,-0.435,275.5,0.0,0.0,0.633,-754.212
name:BER Cerelac,BER Cerelac,Berimbados,LPLOL,Jungle,2,-2178.978,1558.784,-0.436,,,,,-553.766
oe:player:a56e1ab8cab2c426ffe31f49b4491f0,Caltys,G2 Hel,NEXO,ADC,31,-2193.02,1624.503,-0.439,290.0,0.0,0.0,0.633,759.361
name:VT saru,VT saru,Vortex (Japanese Team),LJL,ADC,18,-2200.331,1560.721,-0.44,346.0,0.0,0.0,0.295,-297.403
oe:player:cf23b9adb391ab50f9f4eb546df3540,p1ng,DetonatioN FocusMe Academy,LJL,Top,4,-2203.228,1595.806,-0.441,,,,,-300.299
name:ST1 PeQReK,ST1 PeQReK,Str1ve eSports,LPLOL,ADC,2,-2210.345,1561.434,-0.442,,,,,-585.132
oe:player:a5238e8a4c04ad0fd09031e97819119,Heprex,Lupus Esports,EBL,Top,5,-2210.783,1532.157,-0.442,,,,,-1175.461
name:MVG Piscis,MVG Piscis,Malvinas Gaming,LRS,Mid,1,-2215.8,2123.532,-0.443,,,,,-295.372
oe:player:eeaa246e28b7fd35b290f9b29860cd5,Guanch0,Gaming Barcelona,NEXO,Mid,8,-2216.121,1645.273,-0.443,,,,,736.26
oe:player:90ee3ec1d746b2c622c83b8c9bf4952,sSephix,Malvinas Gaming,LRS,Top,1,-2217.564,2123.532,-0.444,,,,,-297.136
oe:player:1210c5dd488253f1992aa1f339e9f90,Shiina,G2 Hel,NEXO,Jungle,31,-2220.353,1624.503,-0.444,293.0,0.0,0.0,0.633,732.028
oe:player:ceab0df15872e1477dc71ef84b29cb0,Socrates,A One Man Army,ROL,Support,12,-2223.236,1504.194,-0.445,364.0,0.0,0.0,0.295,-1493.507
name:PAPU its me,PAPU its me,Paputs Gaming,LRS,Top,1,-2223.702,2125.336,-0.445,,,,,-303.274
name:BER Berimbau,BER Berimbau,Berimbados,LPLOL,ADC,2,-2224.431,1558.784,-0.445,,,,,-599.218
oe:player:2cffd52cd9122784b149f89ce60ebad,Sassappel,Spirit Quartz Gaming,LJL,Jungle,3,-2225.36,1603.297,-0.445,,,,,-322.431
oe:player:4c992404b9946c957aac7c12dd061ed,Sudzzi,Vancouver Impact,NACL,Mid,24,-2227.991,1847.045,-0.446,289.0,0.0,0.0,0.633,-1000.886
oe:player:70aadf03749c55effdc55a24307b010,Ssaiko,ZeroZone Gaming,LPLOL,Jungle,5,-2229.163,1542.754,-0.446,,,,,-603.95
oe:player:6160a53ece50ce6d4f5ef4452549835,Slide,Priority,HC,Mid,22,-2229.971,1486.698,-0.446,282.0,0.0,0.0,0.633,-810.474
oe:player:781ba047ca1e113e0119cf1e56f99c8,Garank,Aurora,ROL,Support,14,-2231.97,1497.043,-0.446,364.0,0.0,0.0,0.295,-1502.241
oe:player:0544ca2a83fcb8acf83003fde036d33,miflond,Ethereal Enigmas,HC,Jungle,12,-2239.823,1542.2,-0.448,357.0,0.0,0.0,0.295,-820.327
oe:player:79a4d9b325d95d4e57cae4d1bee17ab,Pankiu,Falke Esports,NEXO,Top,3,-2241.467,1684.393,-0.448,,,,,710.914
name:ZZG Sh0ckZzi,ZZG Sh0ckZzi,ZeroZone Gaming,LPLOL,ADC,2,-2242.305,1561.789,-0.448,,,,,-617.093
oe:player:55063eadf664a862b44c4e85af73588,Fikus,Connect Arena Esports,EBL,Top,20,-2244.135,1484.175,-0.449,277.0,0.0,0.0,0.633,-1208.814
oe:player:993d7f137872d18adc42aa9aa508a8b,Camilonicolau,Team Evermeet,LRS,Jungle,22,-2245.694,2064.843,-0.449,291.0,0.0,0.0,0.633,-325.266
oe:player:8a6b5cf19d82b19b947a455d6f89bd5,Akrantor,LittleSans,NEXO,Top,5,-2245.9,1676.658,-0.449,,,,,706.481
oe:player:3d3ad0a473d6a608c1b19515459ccdf,Rewound,NGU eSports,NEXO,Jungle,23,-2252.257,1606.022,-0.45,290.5,0.0,0.0,0.633,700.124
oe:player:3f430cf26656d8b30d13b96f682a07f,Poipi,BloomStorm,LJL,Support,16,-2253.904,1546.658,-0.451,360.0,0.0,0.0,0.295,-350.975
oe:player:6fcdabd738f406125579024dbe435d4,Trashy,WAP Esports,LRS,Jungle,2,-2253.985,2121.145,-0.451,,,,,-333.557
oe:player:a576aeb77e5568e61b0d512ca217fe4,Pivolj,ZeroZone Gaming,LPLOL,Jungle,7,-2254.567,1526.271,-0.451,,,,,-629.354
oe:player:aa78a29ff5698b02473200f983ac3c5,Carros,GTZ Esports,LPLOL,ADC,15,-2256.858,1481.048,-0.451,353.0,0.0,0.0,0.295,-631.646
oe:player:73547debfaca58004ee828b6fadc7be,Arp,Priority,HC,Jungle,26,-2257.548,1502.731,-0.452,290.0,0.0,0.0,0.633,-838.052
oe:player:73933848061d300bbe7293d9b38a2d4,Ace,GLORE,NEXO,ADC,53,-2258.575,1548.678,-0.452,278.0,0.0,0.0,1.0,693.806
oe:player:0d5f43b567e648d9cd05192bdb0dd36,Colomblbl,G2 Hel,NEXO,Support,31,-2259.419,1624.503,-0.452,285.0,0.0,0.0,0.633,692.962
oe:player:07d1c57ec273126c65dbd1197abdb47,Pockus,Apex Mission Impossible,NACL,Support,26,-2269.514,1839.437,-0.454,288.0,0.0,0.0,0.633,-1042.409
oe:player:880a7ef20988e107cb918e73bd969bd,Silence,Hurricane of Feathers,LPLOL,Jungle,2,-2269.767,1562.458,-0.454,,,,,-644.554
oe:player:216f209837fc8297f63219b11d89c0a,D0kai,Delta Syndicate,HW,Support,2,-2270.483,1585.537,-0.454,,,,,-303.572
oe:player:5323274d1d895fb72872217f95701c6,Dinastik,WAP Esports,LRS,Top,13,-2272.36,2055.085,-0.454,344.0,0.0,0.0,0.295,-351.932
oe:player:82c37b44fe3531d03a8795657b32898,Demoncior,Inside Games,HW,ADC,6,-2273.099,1549.755,-0.455,,,,,-306.188
oe:player:5b61143045d553ac4543ddc2f705465,rym,G2 Hel,NEXO,Mid,30,-2273.106,1622.983,-0.455,286.0,0.0,0.0,0.633,679.275
oe:player:c32e66894e6e164bea6d26fe5aaf78b,GianKios,Seven Dark,LRS,Top,9,-2273.314,2088.504,-0.455,,,,,-352.886
oe:player:d9fa2c61b28c148ca601304d360ebfb,Aincardz,Oxygen Gaming,NEXO,Jungle,28,-2280.127,1629.024,-0.456,290.0,0.0,0.0,0.633,672.254
oe:player:612c010848443101a415c58d1e0068c,Bruno,BeFive,EBL,Mid,4,-2280.326,1538.934,-0.456,,,,,-1245.004
oe:player:a95e5e282ca94cada825884cb9b3fce,Krosak,Priority,HC,Top,26,-2280.695,1502.731,-0.456,279.0,0.0,0.0,0.633,-861.198
oe:player:3d4a33593b3abc17629aaafb3b732b7,Kotva,CITA Kaizen,HW,Support,10,-2282.035,1547.781,-0.456,374.0,0.0,0.0,0.295,-315.123
oe:player:714a969e378e7cb92d45ed4cb8f5cce,Dejo,Lupus Esports,EBL,Support,5,-2282.409,1532.157,-0.456,,,,,-1247.088
oe:player:335a1c64fb1fcd51fef976d73a69d08,Lvsyan,G2 Hel,NEXO,Mid,6,-2284.328,1668.366,-0.457,,,,,668.053
oe:player:6ef07a9ff44db2c599a2232f9d8a7fb,JForteX,LittleSans,NEXO,Support,5,-2284.989,1676.658,-0.457,,,,,667.392
name:BER Lunatik,BER Lunatik,Berimbados,LPLOL,Mid,2,-2288.608,1558.784,-0.458,,,,,-663.395
oe:player:438436abc8ce8901223665a3cd55cf6,eskimas,Hurricane of Feathers,LPLOL,Mid,2,-2290.229,1561.339,-0.458,,,,,-665.016
oe:player:ab20bd75fabff1c0c1bd63ad617812f,Pablerah,Temper &amp; Friends,NEXO,Support,3,-2292.753,1686.008,-0.459,,,,,659.628
oe:player:ba1c003769638fb7993b8d39e47b8a0,KNEZA,BRUTE,HW,ADC,35,-2293.412,1416.764,-0.459,290.0,0.0,0.0,0.633,-326.5
name:ST1 Diogoo,ST1 Diogoo,Str1ve eSports,LPLOL,Top,2,-2293.697,1561.434,-0.459,,,,,-668.484
name:WAP Xia0,WAP Xia0,WAP Esports,LRS,Support,1,-2295.752,2126.279,-0.459,,,,,-375.324
oe:player:448be00c9923136e0b3f872e09157d5,Racon,Kareha Children,LJL,Jungle,43,-2296.522,1540.159,-0.459,273.5,0.0,0.0,1.0,-393.594
name:HOF vicarious,HOF vicarious,Hurricane of Feathers,LPLOL,Jungle,2,-2299.895,1561.339,-0.46,,,,,-674.682
oe:player:18d0dd011c2c5314df4b22d0a90db70,Hitsu,Team Evermeet,LRS,Mid,22,-2309.152,2064.843,-0.462,287.0,0.0,0.0,0.633,-388.723
oe:player:4ef00a200b9361cd76bb7e612b171c4,Keel,Supernova,NACL,Jungle,21,-2309.818,1938.927,-0.462,295.0,0.0,0.0,0.633,-1082.712
name:WAP Pinut,WAP Pinut,WAP Esports,LRS,Top,1,-2315.338,2126.279,-0.463,,,,,-394.91
name:ST1 Definitly,ST1 Definitly,Str1ve eSports,LPLOL,Jungle,2,-2323.299,1561.434,-0.465,,,,,-698.086
name:R1to,R1to,Hands,LJL,Mid,2,-2323.951,1612.292,-0.465,,,,,-421.023
oe:player:a4cc694392bab6b30196bfb5a49e0a9,Nukez,Vancouver Impact,NACL,Support,25,-2325.46,1849.401,-0.465,287.0,0.0,0.0,0.633,-1098.355
oe:player:51ad757baf3f128cf65613a7876d8f2,Frixter,WAP Esports,LRS,ADC,3,-2327.268,2112.169,-0.465,,,,,-406.84
oe:player:c5f3e376c7e4fc8febf4e84a3946487,Simpy,Nocturne Gale,NEXO,Support,35,-2328.353,1581.101,-0.466,286.5,0.0,0.0,0.633,624.028
oe:player:5deafe4ab31c8c1b22b5ec6e971c582,Nainess,WAP Esports,LRS,Jungle,2,-2336.418,2121.119,-0.467,,,,,-415.989
oe:player:2961ce9f2decc1df39d2f7c5085f20d,Zeycce,WAP Esports,LRS,Top,2,-2345.302,2121.145,-0.469,,,,,-424.874
name:DIV Pro Hanter,DIV Pro Hanter,Diver (Portuguese Team),LPLOL,ADC,8,-2346.392,1528.694,-0.469,,,,,-721.179
oe:player:7b81c53459bd941c5dca63892c3e777,Sirotama,Yang Yang Gaming,LJL,ADC,3,-2347.077,1601.41,-0.469,,,,,-444.148
oe:player:2eee04126191d031776009f73ba1eca,Dumbao,Berimbados,LPLOL,Mid,2,-2347.647,1558.784,-0.47,,,,,-722.434
oe:player:114a8e2973d6d8f56344a525efeb9c8,Vuxan,Lupus Esports,EBL,Jungle,14,-2353.408,1488.515,-0.471,361.0,0.0,0.0,0.295,-1318.086
oe:player:0c65320a4df146cc6d1164f7a874537,XeRone,DRX Academy,LAS,ADC,60,-2356.583,2815.635,-0.471,278.0,0.0,0.0,1.0,-2130.977
oe:player:713a01ab419f96cb320352765e8791d,Bio,Cupid Esports,NACL,Jungle,45,-2359.353,1828.018,-0.472,288.0,0.0,0.0,1.0,-1132.247
oe:player:2762d99e836c315ab00600e1941ece9,AlluK,Golden Lions,LRS,Jungle,22,-2360.87,2149.272,-0.472,291.0,0.0,0.0,0.633,-440.442
oe:player:b6ef9705b1e58b643edc23e7f81318e,Kiwi,Radical Pop Gaming,LJL,Jungle,3,-2362.762,1606.005,-0.473,,,,,-459.834
oe:player:e6f46d67dd228248f0b5a7ba09084cf,Rassiel,Delta Syndicate,HW,Support,2,-2367.737,1591.355,-0.474,,,,,-400.826
oe:player:3b4d9b092d16aa709067540ee487844,Mildorff,CITA Kaizen,HW,Mid,10,-2368.19,1547.781,-0.474,365.0,0.0,0.0,0.295,-401.279
oe:player:31c6b3fdfaaa80dba2dbf92a4600524,Sign,Radical Pop Gaming,LJL,Mid,3,-2369.287,1606.005,-0.474,,,,,-466.359
name:EVO Tebi GG,EVO Tebi GG,Evolve eSports,LPLOL,Support,4,-2375.051,1547.183,-0.475,,,,,-749.838
name:SQG ATRanD,SQG ATRanD,Spirit Quartz Gaming,LJL,Top,12,-2377.46,1568.228,-0.475,337.0,0.0,0.0,0.295,-474.531
oe:player:8d610fc7ab92a4e6f7c1136bc98282f,Dec0y,Apex Mission Impossible,NACL,Top,36,-2379.465,1831.745,-0.476,284.0,0.0,0.0,0.633,-1152.359
oe:player:5a02cc8b4771f9f0c0b16bac1bfcb9d,OkerumoN,Kareha Children,LJL,Support,43,-2381.893,1540.159,-0.476,272.0,0.0,0.0,1.0,-478.964
oe:player:9b1268aac9753ab8012e3e77aa18ac3,PepiineroJr,Guinea Pink,NEXO,Mid,21,-2383.078,1600.674,-0.477,289.0,0.0,0.0,0.633,569.303
oe:player:e23a6938028db80c5af0d251ca9f5c7,Luca Brassi,CITA Kaizen,HW,ADC,10,-2383.786,1547.781,-0.477,369.0,0.0,0.0,0.295,-416.875
oe:player:ffcc3efb18816a2c442bbcd1e759d96,Khaydarin,Aurora,ROL,ADC,41,-2387.997,1415.86,-0.478,281.0,0.0,0.0,1.0,-1658.268
oe:player:829482baf763ef63c78c36889615b3b,Nottingham,Malvinas Gaming,LRS,Support,5,-2394.041,2094.699,-0.479,,,,,-473.613
oe:player:8ec0aa43c13bd012a37baf5f85ea5bf,Hub,Cupid Esports,NACL,ADC,45,-2394.797,1828.018,-0.479,287.0,0.0,0.0,1.0,-1167.692
oe:player:0c47836fb8cf3a9e0790ef2c05e7e95,Jisoo,WAP Esports,LRS,Mid,2,-2399.45,2121.119,-0.48,,,,,-479.022
oe:player:f987efb3da0d056699079e5f6755ef2,Pinkmin,Monta Club,NEXO,Support,26,-2399.685,1595.126,-0.48,288.0,0.0,0.0,0.633,552.696
oe:player:3a20dadc4114d05ac4f44696c3c71ec,DrCalculus,Cupid Esports,NACL,Top,45,-2400.884,1828.018,-0.48,273.0,0.0,0.0,1.0,-1173.779
oe:player:d458d24a79e0fc44a1421acceca3424,Termo,WAP Esports,LRS,Mid,2,-2402.413,2121.145,-0.48,,,,,-481.985
oe:player:1d8ec616503cc8bf1176e3665b6dfbc,1Zeus,WAP Esports,LRS,Jungle,1,-2402.516,2126.279,-0.48,,,,,-482.088
oe:player:d58295f6b3fb30f0c66af9f7f8a7cfd,LADYBUG,Kawaii Kiwis,NEXO,ADC,39,-2402.985,1566.067,-0.481,291.0,0.0,0.0,0.633,549.396
oe:player:33d4031a9e656b75df573d896483028,chilioil,Black Dog,LJL,ADC,9,-2404.073,1580.432,-0.481,,,,,-501.144
oe:player:477b8a477dcadb95a077f6747512277,Hika,WAP Esports,LRS,ADC,11,-2407.372,2037.115,-0.481,364.0,0.0,0.0,0.295,-486.944
oe:player:621ef5deedfd71841513565d5fc14ed,Pasha,WAP Esports,LRS,Support,2,-2412.763,2121.119,-0.483,,,,,-492.335
oe:player:b1601b72d20479fe4e98fd90c8236d4,0ri,Dynamo Eclot Talents,HC,Jungle,29,-2416.874,1489.961,-0.483,289.0,0.0,0.0,0.633,-997.377
name:BKD Eria,BKD Eria,Black Dog,LJL,Mid,10,-2430.998,1578.565,-0.486,352.0,0.0,0.0,0.295,-528.069
oe:player:72843db4549f7e9a46304f833936262,BlauRosen,Yang Yang Gaming,LJL,Top,3,-2435.716,1601.41,-0.487,,,,,-532.787
oe:player:04c02a2547f738a051c8a3cf1717f2c,aadurrr,Cupid Esports,NACL,Mid,43,-2438.49,1845.301,-0.488,281.0,0.0,0.0,1.0,-1211.384
oe:player:a4033780417a68284f229d51b5efc1e,raedz,Nocturne Gale,NEXO,Mid,26,-2450.658,1510.06,-0.49,288.0,0.0,0.0,0.633,501.723
name:ST1 Juarezz,ST1 Juarezz,Str1ve eSports,LPLOL,Support,2,-2451.541,1561.434,-0.49,,,,,-826.329
oe:player:1f76a78f2a5b1ad5a69e282c26d0fde,Phlloz,Hurricane of Feathers,LPLOL,Support,3,-2451.714,1554.26,-0.49,,,,,-826.502
oe:player:d0ad9e75d1809ca8bb4b78b34cee179,Seeker,Team Evermeet,LRS,Top,21,-2454.344,2063.31,-0.491,279.0,0.0,0.0,0.633,-533.916
oe:player:77283a0e12a2101886de76dda030375,Unforgiven,Malvinas Gaming,LRS,Jungle,20,-2455.686,2066.252,-0.491,291.0,0.0,0.0,0.633,-535.258
oe:player:0066010bf7c06628559f1704f5d6d39,starkyy,Dynamo Eclot Talents,HW,Top,27,-2458.489,1474.785,-0.492,279.0,0.0,0.0,0.633,-491.577
oe:player:3057dfe54fa77c2d70136e42d9796ea,6onza,Seven Dark,LRS,ADC,2,-2460.294,2119.746,-0.492,,,,,-539.866
name:HOF Martim,HOF Martim,Hurricane of Feathers,LPLOL,Top,2,-2462.838,1561.339,-0.493,,,,,-837.625
oe:player:90699d17357a1dfc197c6ee0fce76d7,PhyMini,Luminosity Gaming,NACL,Mid,28,-2465.434,1826.864,-0.493,291.0,0.0,0.0,0.633,-1238.329
name:ST1 Shimzu,ST1 Shimzu,Str1ve eSports,LPLOL,Mid,2,-2471.677,1561.434,-0.494,,,,,-846.465
oe:player:04ea90be225e33ed6a293eb84414f46,TenT,Kareha Children,LJL,ADC,43,-2472.656,1540.159,-0.495,274.0,0.0,0.0,1.0,-569.727
oe:player:6accf65e8e7af7f8bc77bbd817a00c2,LightFall,Guinea Pink,NEXO,Top,13,-2474.914,1649.922,-0.495,357.0,0.0,0.0,0.295,477.467
oe:player:52d2dac52703cd22c921dc56c4cee94,Leazor,Hurricane of Feathers,LPLOL,ADC,3,-2478.198,1554.26,-0.496,,,,,-852.986
name:PAPU Papulon,PAPU Papulon,Paputs Gaming,LRS,Support,2,-2478.437,2117.595,-0.496,,,,,-558.009
oe:player:847da460d190403bb1c2726f1b0cdc6,Oceann,Otter Side,LPLOL,ADC,13,-2486.518,1502.138,-0.497,363.0,0.0,0.0,0.295,-861.305
oe:player:df6ffeebd8ad4f07f2ee8bd04742d85,Zev,Vancouver Impact,NACL,ADC,25,-2500.845,1849.401,-0.5,294.0,0.0,0.0,0.633,-1273.739
oe:player:c44688b5061756b3cca2b86c016a153,Luis,GTZ Esports,LPLOL,Support,11,-2501.994,1493.903,-0.5,372.0,0.0,0.0,0.295,-876.781
name:WAP Trick5ht,WAP Trick5ht,WAP Esports,LRS,ADC,1,-2502.271,2126.279,-0.5,,,,,-581.843
oe:player:fa5f4922f5a1ee6b72c26ffdf54db68,Scarpy,EXILE esports,HW,Top,4,-2502.317,1578.774,-0.5,,,,,-535.405
oe:player:5032e902cf230b3ef5c26cf10ad609b,Tomson,Seven Dark,LRS,Mid,2,-2505.388,2122.62,-0.501,,,,,-584.96
oe:player:32e4293494bad7994670053fb0a67b5,besu,We Can Win,LJL,Support,5,-2507.801,1591.714,-0.502,,,,,-604.873
name:VK Sag1rii,VK Sag1rii,VelbeliKaizokudan,LJL,Support,6,-2514.952,1587.945,-0.503,,,,,-612.024
oe:player:d3bc65e5e987b942fba2400b4649f71,Viciun,Team Evermeet,LRS,Support,22,-2517.026,2064.843,-0.503,286.0,0.0,0.0,0.633,-596.598
name:BKD anakin,BKD anakin,Black Dog,LJL,Support,10,-2527.933,1578.565,-0.506,367.0,0.0,0.0,0.295,-625.004
oe:player:ee5bbb42c4af94c2ec1242ba8db3b8e,Electro,EXILE esports,HC,ADC,12,-2530.939,1531.15,-0.506,364.0,0.0,0.0,0.295,-1111.443
oe:player:3f0cc8326cd614eeb3f45f2c67203fb,Julzh,Hurricane of Feathers,LPLOL,Top,3,-2532.933,1554.26,-0.507,,,,,-907.721
oe:player:181a727d0b7341075cf4e347f218b75,koisi,VelbeliKaizokudan,LJL,Support,13,-2534.313,1559.94,-0.507,370.0,0.0,0.0,0.295,-631.384
oe:player:de4379dd030940748fda299909f241f,Sh1vq,V3 Esports,LJL,Support,26,-2535.522,1557.659,-0.507,286.0,0.0,0.0,0.633,-632.593
oe:player:07035431c1ab730ed81dd639d6d8db4,Mutton,VelbeliKaizokudan,LJL,Jungle,4,-2536.428,1598.276,-0.507,,,,,-633.5
oe:player:cb819a56beaa07683bc3e1206befd22,VeRu,Lupus Esports,EBL,Mid,5,-2537.482,1532.157,-0.507,,,,,-1502.161
name:BVL Fubuki,BVL Fubuki,BraVeLY,LJL,Jungle,41,-2539.491,1522.015,-0.508,283.0,0.0,0.0,1.0,-636.562
name:EVO Ghost3,EVO Ghost3,Evolve eSports,LPLOL,Mid,4,-2541.645,1547.183,-0.508,,,,,-916.432
oe:player:d5e0ff7618d3da55aa323192c0c682f,Yuu,Kareha Children,LJL,Top,43,-2546.551,1540.159,-0.509,265.0,0.0,0.0,1.0,-643.622
name:SQG Ls,SQG Ls,Spirit Quartz Gaming,LJL,Support,9,-2546.786,1579.339,-0.509,,,,,-643.858
oe:player:11152e25efca2019edd91710b55b3f5,Ermoke,WAP Esports,LRS,Mid,1,-2550.532,2126.279,-0.51,,,,,-630.103
oe:player:f5cacc1f783c996318411f595272c71,Lojaz,Apex Mission Impossible,NACL,Jungle,41,-2558.167,1814.892,-0.512,291.0,0.0,0.0,1.0,-1331.062
oe:player:d704506411c47cd605e60e9bf335f40,SweetMilk,Universae Instituto FP,NEXO,Support,32,-2563.261,1627.001,-0.513,288.0,0.0,0.0,0.633,389.12
oe:player:eac7b4dc96985c510418e2a88f19af0,Taba,Guinea Pink,NEXO,Jungle,37,-2566.814,1591.897,-0.513,295.0,0.0,0.0,0.633,385.567
oe:player:f7a1b513b05a6f475a5b2d0901b15fa,Ghost2,Hurricane of Feathers,LPLOL,Mid,3,-2569.509,1554.26,-0.514,,,,,-944.296
oe:player:0d972c4c17b8777458c98282a40c1ad,Horus,Malvinas Gaming,LRS,ADC,20,-2570.52,2066.252,-0.514,292.0,0.0,0.0,0.633,-650.092
oe:player:346ad443e50d84951cb96f41b7b8dbb,Scars,LittleSans,NEXO,ADC,5,-2571.902,1676.658,-0.514,,,,,380.479
oe:player:42f89f1c19abbf541a6e3e08ee1e1bc,CaptainSexy,Venomcrest Esports,HC,ADC,12,-2578.262,1515.708,-0.516,369.0,0.0,0.0,0.295,-1158.766
oe:player:184d97e1a8e8130dfb0a41329b780c6,Dragoon,Vancouver Impact,NACL,Top,25,-2580.401,1849.401,-0.516,283.0,0.0,0.0,0.633,-1353.296
name:CK Saba,CK Saba,Clocks,LJL,Mid,11,-2588.94,1569.028,-0.518,346.0,0.0,0.0,0.295,-686.011
oe:player:137daadb3bab4f0b992eb08a3939e72,Poweh,Universae Instituto FP,NEXO,Top,32,-2595.435,1627.001,-0.519,282.0,0.0,0.0,0.633,356.946
oe:player:c652d5d02475a70e3981f0ea484e63c,Bold,Monta Club,NEXO,ADC,25,-2601.373,1595.452,-0.52,294.0,0.0,0.0,0.633,351.008
name:PAPU Nithral,PAPU Nithral,Paputs Gaming,LRS,Top,4,-2601.962,2107.264,-0.52,,,,,-681.534
name:SQG Lunatic,SQG Lunatic,Spirit Quartz Gaming,LJL,ADC,10,-2605.47,1575.492,-0.521,355.0,0.0,0.0,0.295,-702.541
name:DIV pdr,DIV pdr,Diver (Portuguese Team),LPLOL,Mid,7,-2605.787,1531.568,-0.521,,,,,-980.575
oe:player:7ae8945fffcf8e17e62c8062c18c0e1,Sobek,Oxygen Gaming,NEXO,Mid,5,-2607.468,1666.436,-0.521,,,,,344.913
oe:player:fc09899fd8a8eac5dbfefac8b974f67,Pcelica,Connect Arena Esports,EBL,ADC,21,-2614.918,1483.154,-0.523,292.0,0.0,0.0,0.633,-1579.596
oe:player:93fba4869e00ab0abc6b0aa5e57bae5,Skratt,Seven Dark,LRS,Jungle,3,-2616.796,2101.024,-0.523,,,,,-696.368
oe:player:affea2faa664cb5130a7569ac4b74b3,Feitan,Team Evermeet,LRS,Support,4,-2626.031,2108.218,-0.525,,,,,-705.602
name:DIV Leitinho,DIV Leitinho,Diver (Portuguese Team),LPLOL,Jungle,7,-2631.787,1533.28,-0.526,,,,,-1006.574
oe:player:9bba427ddc46a949bc71c991c2b89ee,rajed,EXILE esports,HC,Top,16,-2636.826,1515.903,-0.527,355.0,0.0,0.0,0.295,-1217.33
name:DIV Chambel,DIV Chambel,Diver (Portuguese Team),LPLOL,Support,7,-2641.825,1533.28,-0.528,,,,,-1016.612
oe:player:6743176b51f345a643016b94448b567,Arcano,Delta Syndicate,HW,Jungle,3,-2651.82,1579.469,-0.53,,,,,-684.909
name:EVO Geraldes,EVO Geraldes,Evolve eSports,LPLOL,ADC,4,-2652.57,1547.183,-0.531,,,,,-1027.357
oe:player:6e5295d3ee1bea899b814bffc6a3f87,Yur4ik,Green Dolphin Gaming,NEXO,Support,18,-2658.362,1627.622,-0.532,384.0,0.0,0.0,0.295,294.019
oe:player:86ee7da72c5b4e5cbead61108633617,Berik,Zenshi Gaming,NACL,Top,15,-2659.621,1852.823,-0.532,358.0,0.0,0.0,0.295,-1432.516
oe:player:e16728c45ac9753fb6c4d3486bc42f0,Hax,NGU eSports,NEXO,Mid,5,-2661.296,1667.29,-0.532,,,,,291.086
oe:player:0998a1e9d55bcf3eb5ee3ea3eba9250,ALNSHT,Universae Instituto FP,NEXO,ADC,32,-2665.918,1627.001,-0.533,295.0,0.0,0.0,0.633,286.463
name:VK velbellys,VK velbellys,VelbeliKaizokudan,LJL,Mid,34,-2668.089,1523.671,-0.534,287.0,0.0,0.0,0.633,-765.16
name:BVL MayR,BVL MayR,BraVeLY,LJL,ADC,41,-2673.609,1522.015,-0.535,280.5,0.0,0.0,1.0,-770.68
name:HNS tetras256,HNS tetras256,Hands,LJL,Mid,5,-2674.931,1592.353,-0.535,,,,,-772.003
oe:player:6f53c260d6bcb93e6fb24a0d988e293,Impp,ZeroZone Gaming,LPLOL,Support,7,-2683.099,1536.453,-0.537,,,,,-1057.886
oe:player:36b92108c1f71cd425ded7abc50b86b,Akunma,Malvinas Gaming,LRS,Top,3,-2690.646,2106.06,-0.538,,,,,-770.218
oe:player:ed0c1f77bbb19261fc9260bcf22bc65,Serch,Universae Instituto FP,NEXO,Mid,32,-2695.388,1627.001,-0.539,290.0,0.0,0.0,0.633,256.993
oe:player:11aefb66454791d4b36106af3fc2214,Ivama,Universae Instituto FP,NEXO,Jungle,32,-2703.726,1627.001,-0.541,296.0,0.0,0.0,0.633,248.655
oe:player:32021f59c40539f27ff6300bb840ca2,Kaii,Nocturne Gale,NEXO,ADC,14,-2709.871,1645.254,-0.542,374.0,0.0,0.0,0.295,242.51
oe:player:33bf44e514be6f41d30b041c0afcd4a,Fortu,WAP Esports,LRS,Support,11,-2713.35,2050.989,-0.543,379.0,0.0,0.0,0.295,-792.921
name:HNS Skinny,HNS Skinny,Hands,LJL,Jungle,5,-2713.791,1592.546,-0.543,,,,,-810.862
oe:player:8bca70b1ad0331a65dbd9daa4bb3c35,Maxterium,Seven Dark,LRS,Support,13,-2716.397,2035.644,-0.543,378.0,0.0,0.0,0.295,-795.969
name:CK Ls ,CK Ls ,Clocks,LJL,Support,9,-2718.209,1566.588,-0.544,,,,,-815.281
name:BKD Meii,BKD Meii,Black Dog,LJL,Jungle,10,-2734.02,1578.565,-0.547,359.0,0.0,0.0,0.295,-831.092
oe:player:41e5c70e61bd925f2142142632e8469,David,Delta Syndicate,HC,ADC,23,-2749.482,1521.314,-0.55,291.5,0.0,0.0,0.633,-1329.986
name:BKD yokiha,BKD yokiha,Black Dog,LJL,Top,10,-2758.06,1578.565,-0.552,346.0,0.0,0.0,0.295,-855.132
name:CK Razer,CK Razer,Clocks,LJL,Mid,30,-2771.505,1514.097,-0.554,287.0,0.0,0.0,0.633,-868.577
name:BVL udon,BVL udon,BraVeLY,LJL,Top,30,-2784.521,1542.897,-0.557,283.5,0.0,0.0,0.633,-881.593
oe:player:b874ba19d913943eb1b75922205e58b,Fugu,Kawaii Kiwis,NEXO,Top,2,-2793.763,1689.962,-0.559,,,,,158.618
oe:player:18856d914be8ae3284e6a0b031b074e,Zeniv,G2 Hel,NEXO,Top,31,-2798.866,1624.503,-0.56,281.0,0.0,0.0,0.633,153.515
oe:player:e45341b36448fbd115941562ec07aec,Opeduy,Monta Club,NEXO,Mid,21,-2811.764,1599.48,-0.562,291.0,0.0,0.0,0.633,140.617
name:RPG kukka,RPG kukka,Radical Pop Gaming,LJL,Support,5,-2818.32,1593.645,-0.564,,,,,-915.392
name:BVL uwaaaa,BVL uwaaaa,BraVeLY,LJL,Mid,30,-2819.019,1542.897,-0.564,289.0,0.0,0.0,0.633,-916.091
oe:player:4c71a46899d53404f3d3843c0bb6212,Dawi,ZeroZone Gaming,LPLOL,Mid,7,-2830.754,1536.453,-0.566,,,,,-1205.542
oe:player:db8d1a5f6d31b25100b118a398bede4,VOPI,Delta Syndicate,HW,Top,4,-2831.379,1571.771,-0.566,,,,,-864.467
oe:player:173a81bea75aea455e938e92ae5e751,Vodin,Aurora,ROL,Top,25,-2833.608,1437.68,-0.567,285.0,0.0,0.0,0.633,-2103.88
oe:player:79c92e33654a88f6aa589017040a2d7,Flashpowa,Crusaders,LPLOL,ADC,5,-2843.649,1537.615,-0.569,,,,,-1218.437
name:GDG Compu,GDG Compu,Green Dolphin Gaming,NEXO,Top,1,-2863.242,1696.667,-0.573,,,,,89.139
oe:player:47b196787026faab58631df4e674858,uroskg,Connect Arena Esports,EBL,Jungle,20,-2892.769,1485.5,-0.579,295.5,0.0,0.0,0.633,-1857.448
oe:player:4afb518ee224e2956ac4e4b9e3e6e7a,Jericho,Kareha Children,LJL,Mid,30,-2903.82,1525.074,-0.581,290.0,0.0,0.0,0.633,-1000.891
oe:player:068e1e79209272f917f25ba2b2891c1,Shizika,Connect Arena Esports,EBL,Mid,20,-2905.111,1483.986,-0.581,289.0,0.0,0.0,0.633,-1869.789
oe:player:cf3e8eb2bfa98f42b94d13c386e9757,Kingsblade,Gaming Barcelona,NEXO,Top,19,-2919.141,1621.501,-0.584,367.0,0.0,0.0,0.295,33.241
oe:player:523b1440a5811bd9b4730c2a63545b7,ezman,V3 Esports,LJL,ADC,26,-2922.62,1557.659,-0.585,293.0,0.0,0.0,0.633,-1019.692
oe:player:1e00183a9fecf2ee94c545fb325caee,Astrasmaug,Team Meliora,HW,ADC,6,-2950.699,1573.494,-0.59,,,,,-983.788
oe:player:33e79760d20d3004ddbcc88da9b7fa5,Enricfh,Monta Club,NEXO,Jungle,26,-2958.413,1597.015,-0.592,297.0,0.0,0.0,0.633,-6.032
oe:player:dff8a724f95b1b3c78c7b026b0f55fa,Taicho,V3 Esports,LJL,Top,26,-2962.672,1557.659,-0.593,285.0,0.0,0.0,0.633,-1059.744
oe:player:375cf33184adb62be76483cc45f5485,Urgaleex,Guinea Pink,NEXO,Top,24,-2973.667,1600.121,-0.595,285.0,0.0,0.0,0.633,-21.286
name:PAPU Xami,PAPU Xami,Paputs Gaming,LRS,Support,4,-2983.178,2107.17,-0.597,,,,,-1062.75
oe:player:38408cb0943e6f27ccd6272bdc1f09b,Boohis,Kawaii Kiwis,NEXO,Support,11,-3011.394,1653.54,-0.602,388.0,0.0,0.0,0.295,-59.013
oe:player:9ee0b582a455fbf2d93765329731bc2,Sorrow,Kawaii Kiwis,NEXO,ADC,11,-3019.098,1653.54,-0.604,383.0,0.0,0.0,0.295,-66.717
oe:player:aeac0d7899b83263b7831f55b91c60a,Karakal Jr,Fractious eSports,NEXO,Support,5,-3024.677,1679.387,-0.605,,,,,-72.296
oe:player:bb6c89b934042b55ac186eaf2274ba6,Fishireal,Meavedron,HC,Mid,14,-3036.425,1505.05,-0.607,371.0,0.0,0.0,0.295,-1616.928
oe:player:8e6f195a8784cc4374bf9a6ea00b487,GRX,Guinea Pink,NEXO,Jungle,11,-3041.527,1652.711,-0.608,378.0,0.0,0.0,0.295,-89.146
name:VK Jmicta,VK Jmicta,VelbeliKaizokudan,LJL,Jungle,37,-3045.568,1522.575,-0.609,296.0,0.0,0.0,0.633,-1142.64
oe:player:191320432b0578ad6c4fc22c039fc51,LANDY,EXILE esports,HW,ADC,8,-3047.446,1547.335,-0.609,,,,,-1080.535
oe:player:31cccca205acd405af7448acc24c687,Nacho,Sportia Khore,NEXO,Jungle,2,-3048.705,1689.32,-0.61,,,,,-96.324
name:GDG miaemi,GDG miaemi,Green Dolphin Gaming,NEXO,Support,1,-3058.952,1697.243,-0.612,,,,,-106.571
oe:player:d9993db0d276065093b77b8e86996fc,Parlita,Guinea Pink,NEXO,Top,30,-3081.739,1604.246,-0.616,284.0,0.0,0.0,0.633,-129.358
name:RPG petal,RPG petal,Radical Pop Gaming,LJL,Jungle,8,-3095.304,1580.739,-0.619,,,,,-1192.376
oe:player:7647966b7343c29048673252e490f73,89,V3 Esports,LJL,Jungle,26,-3096.265,1557.659,-0.619,296.0,0.0,0.0,0.633,-1193.337
name:VK Eria,VK Eria,VelbeliKaizokudan,LJL,Support,5,-3103.422,1590.143,-0.621,,,,,-1200.493
name:PAPU Lucas,PAPU Lucas,Paputs Gaming,LRS,Mid,4,-3108.716,2107.264,-0.622,,,,,-1188.288
oe:player:c33358ecfdef8fd044777add746b965,Dyego,Team Meliora,HW,Mid,6,-3110.15,1573.494,-0.622,,,,,-1143.239
oe:player:f7c3eb507dc041ffdd1f2c8b60fbeae,AIM4,Radical Pop Gaming,LJL,Mid,8,-3117.737,1575.413,-0.624,,,,,-1214.808
name:RPG Kiwi,RPG Kiwi,Radical Pop Gaming,LJL,Jungle,9,-3121.452,1581.415,-0.624,,,,,-1218.524
oe:player:39a2ee0e25a61669eb76d9a9e7c79dd,Fool,Dream Makers,NEXO,Support,14,-3122.646,1647.544,-0.625,390.0,0.0,0.0,0.295,-170.265
oe:player:9c8967ace92fffb8e1fef835ecadda3,Freestyle,Team Meliora,HW,Support,6,-3146.097,1573.494,-0.629,,,,,-1179.186
oe:player:4c2382472571fb5f05c58a1c054d812,sucuranbul,V3 Esports,LJL,Mid,26,-3147.195,1557.659,-0.629,290.0,0.0,0.0,0.633,-1244.266
oe:player:3bdb84c8cfa498f617f1f0ffe8a1f41,xGenesis,Green Dolphin Gaming,NEXO,Top,20,-3147.722,1619.408,-0.63,285.0,0.0,0.0,0.633,-195.341
oe:player:79ae410bf0a72194d0b38df4c3d946e,Johnarnau,Sportia Khore,NEXO,Top,2,-3156.39,1689.32,-0.631,,,,,-204.009
name:FRAC Radar,FRAC Radar,Fractious eSports,NEXO,ADC,1,-3163.172,1697.834,-0.633,,,,,-210.791
name:PAPU moaixd,PAPU moaixd,Paputs Gaming,LRS,Jungle,5,-3176.292,2102.271,-0.635,,,,,-1255.864
name:HNS Bera,HNS Bera,Hands,LJL,Support,6,-3180.263,1586.475,-0.636,,,,,-1277.334
oe:player:afe1f20c7ce022039dd50165b13bbf4,Wiker,Sportia Khore,NEXO,ADC,2,-3180.451,1689.32,-0.636,,,,,-228.07
oe:player:34e2006c70cd1f48884af0b183c0c29,Kandar,Monta Club,NEXO,Support,1,-3195.748,1698.047,-0.639,,,,,-243.367
oe:player:d359b69188f00e7d004d586807352cb,Chama,Falke Esports,NEXO,Mid,2,-3210.376,1684.456,-0.642,,,,,-257.995
oe:player:9fcc44febebcae8479bdabb4afe1b79,Aglaro,Sportia Khore,NEXO,Support,2,-3212.397,1689.32,-0.642,,,,,-260.016
name:VEL fuki,VEL fuki,VeLocitY (Japanese Team),LJL,Support,9,-3241.742,1581.78,-0.648,,,,,-1338.814
oe:player:29420a0700673fd05c883f469deff16,Slowyng,Oxygen Gaming,NEXO,Jungle,7,-3245.498,1663.71,-0.649,,,,,-293.117
oe:player:1ba7139262b446b810f6ed84583b546,Cherry,Priority,HC,Support,27,-3246.187,1511.753,-0.649,288.0,0.0,0.0,0.633,-1826.691
name:VEL Skinny,VEL Skinny,VeLocitY (Japanese Team),LJL,Jungle,9,-3253.512,1581.78,-0.651,,,,,-1350.583
oe:player:9f6c306fb79fae6fbf0ff676c0db0df,Arven,Guinea Pink,NEXO,Mid,2,-3257.287,1689.191,-0.651,,,,,-304.906
name:PAPU Raviool,PAPU Raviool,Paputs Gaming,LRS,ADC,5,-3270.355,2102.271,-0.654,,,,,-1349.926
name:VEL Lambda,VEL Lambda,VeLocitY (Japanese Team),LJL,Top,9,-3272.383,1581.78,-0.654,,,,,-1369.454
oe:player:5b0bb5a3e4506983ff3121b975f7478,PatxiPirata,Monta Club,NEXO,Top,33,-3275.453,1565.055,-0.655,286.0,0.0,0.0,0.633,-323.072
name:HNS phast,HNS phast,Hands,LJL,Support,21,-3280.023,1544.059,-0.656,288.0,0.0,0.0,0.633,-1377.094
name:VEL tetu,VEL tetu,VeLocitY (Japanese Team),LJL,ADC,9,-3284.688,1581.78,-0.657,,,,,-1381.76
oe:player:e14b65515c985c335b42e3fe349d735,Zaiiche,PRINCIPALITY,NEXO,Top,8,-3287.753,1658.314,-0.658,,,,,-335.372
oe:player:619dd48d2842df91563759cd881b2ed,Roobin,EXILE esports,HC,Mid,10,-3316.773,1543.788,-0.663,376.0,0.0,0.0,0.295,-1897.276
name:VK Fantasyleaf,VK Fantasyleaf,VelbeliKaizokudan,LJL,Top,18,-3320.829,1544.963,-0.664,363.0,0.0,0.0,0.295,-1417.901
name:RPG hanya,RPG hanya,Radical Pop Gaming,LJL,Top,12,-3324.893,1566.49,-0.665,359.0,0.0,0.0,0.295,-1421.965
oe:player:2a7d4cfe6920c339566d81da15fe23b,Jandro,Gaming Barcelona,NEXO,Jungle,2,-3356.32,1686.57,-0.671,,,,,-403.939
name:RPG sign,RPG sign,Radical Pop Gaming,LJL,Mid,9,-3364.388,1581.415,-0.673,,,,,-1461.46
oe:player:259974c8f2be5b567fb0bf4c76b381e,Dextyle,Gaming Barcelona,NEXO,Support,14,-3367.894,1635.671,-0.674,392.0,0.0,0.0,0.295,-415.513
name:VK motimotti11,VK motimotti11,VelbeliKaizokudan,LJL,ADC,38,-3370.845,1521.146,-0.674,295.0,0.0,0.0,0.633,-1467.916
oe:player:a906ec686444abcea446b39e4d900a1,Croac,Kawaii Kiwis,NEXO,ADC,3,-3399.27,1684.979,-0.68,,,,,-446.889
name:VEL BEEHIV3,VEL BEEHIV3,VeLocitY (Japanese Team),LJL,Mid,9,-3411.704,1581.78,-0.682,,,,,-1508.775
oe:player:375da2b7a33fb97b6dbb6417aee02a6,Ferenc,Delta Syndicate,HW,Mid,6,-3428.77,1554.969,-0.686,,,,,-1461.858
oe:player:666ff07cbc14ff49f28d45f52f462cd,F3IV,PRINCIPALITY,NEXO,Mid,1,-3463.99,1697.211,-0.693,,,,,-511.609
oe:player:9bc6f23d0cb954b0fd8208b469b5433,Kodo,Temper &amp; Friends,NEXO,ADC,14,-3464.915,1636.297,-0.693,386.0,0.0,0.0,0.295,-512.534
oe:player:63af0879d94e4a432958a79774d6b61,StoRm,Dream Makers,NEXO,Support,2,-3472.684,1691.342,-0.695,,,,,-520.303
name:BLS TaiTa,BLS TaiTa,BloomStorm,LJL,ADC,10,-3481.136,1579.342,-0.696,384.0,0.0,0.0,0.295,-1578.207
oe:player:0a730eb68a414d52d91d3a9be506c51,Pikii,Gaming Barcelona,NEXO,Top,16,-3489.259,1617.474,-0.698,372.0,0.0,0.0,0.295,-536.878
oe:player:2ae95ed2e6600abd552307209906843,Makitah,CORE 128,NEXO,Mid,12,-3505.416,1632.305,-0.701,381.0,0.0,0.0,0.295,-553.035
oe:player:2e5cf326e7eeae50da4e61b3d8af31a,miaemi,Green Dolphin Gaming,NEXO,Support,2,-3543.375,1689.049,-0.709,,,,,-590.994
oe:player:9556115eb22bb33b33ea73d82735aa4,Regi,Dream Makers,NEXO,Jungle,16,-3553.402,1642.727,-0.711,382.0,0.0,0.0,0.295,-601.021
name:RPG Nakamura,RPG Nakamura,Radical Pop Gaming,LJL,ADC,9,-3554.678,1581.415,-0.711,,,,,-1651.749
name:RPG Kikumin,RPG Kikumin,Radical Pop Gaming,LJL,Mid,10,-3559.011,1574.295,-0.712,377.0,0.0,0.0,0.295,-1656.082
oe:player:9f23f33b3ea6d7eae1245a1fa66520c,Valehir,PRINCIPALITY,NEXO,Support,7,-3586.857,1665.177,-0.717,,,,,-634.476
oe:player:2e4336920c0040234f16b111bbf8962,SergiiO,Dream Makers,NEXO,ADC,2,-3616.946,1691.342,-0.723,,,,,-664.565
name:BLS 1KK1,BLS 1KK1,BloomStorm,LJL,Jungle,10,-3634.923,1579.342,-0.727,379.0,0.0,0.0,0.295,-1731.995
oe:player:d140d37ad98c12ccd8e1c432f548bcd,Slice,Lundqvist Lightside,NEXO,Jungle,6,-3636.404,1652.081,-0.727,,,,,-684.023
oe:player:e609b9e7290c3336860ea9a19c41ab2,Droekt,Monta Club,NEXO,ADC,6,-3672.285,1661.263,-0.734,,,,,-719.904
oe:player:bc5e63493a57e2eba4122a1838851ae,Mirrowfox,Green Dolphin Gaming,NEXO,Mid,22,-3676.671,1600.211,-0.735,293.0,0.0,0.0,0.633,-724.29
oe:player:2c0057dccf228ed6a9b75857ef19b4b,Nanchuco,Gaming Barcelona,NEXO,ADC,30,-3713.492,1579.033,-0.743,296.0,0.0,0.0,0.633,-761.111
name:BVL Fake1,BVL Fake1,BraVeLY,LJL,Support,17,-3714.613,1550.13,-0.743,389.0,0.0,0.0,0.295,-1811.685
oe:player:c5ff543e24040b17cd6f0f7e9d81906,Zeron,Monta Club,NEXO,Mid,29,-3716.513,1588.095,-0.743,293.0,0.0,0.0,0.633,-764.132
oe:player:cb115764823d89eeff7246559315749,Miyuuri,Monta Club,NEXO,Support,4,-3729.937,1678.603,-0.746,,,,,-777.556
oe:player:cc7ac0910351fd879777d99935a6ba6,Ninten,Guinea Pink,NEXO,Support,9,-3731.246,1643.676,-0.746,,,,,-778.865
oe:player:acf2a9c9c246f99a23813967b161df9,Cruse,Fractious eSports,NEXO,Mid,7,-3732.704,1662.804,-0.747,,,,,-780.323
name:BLS Fantasyleaf,BLS Fantasyleaf,BloomStorm,LJL,Top,10,-3752.453,1579.342,-0.75,366.0,0.0,0.0,0.295,-1849.525
oe:player:7e2a790d1ead3b06156a3f7e29cd456,Pedrolo,CORE 128,NEXO,Top,11,-3788.198,1651.948,-0.758,373.0,0.0,0.0,0.295,-835.817
name:HNS ekkusu,HNS ekkusu,Hands,LJL,Jungle,22,-3802.012,1541.927,-0.76,298.0,0.0,0.0,0.633,-1899.084
oe:player:68281be87e30666d478db3fb79b8c6f,Deceller,Fractious eSports,NEXO,Jungle,12,-3819.324,1649.563,-0.764,383.0,0.0,0.0,0.295,-866.943
name:RPG claude,RPG claude,Radical Pop Gaming,LJL,Top,10,-3836.948,1574.295,-0.767,365.0,0.0,0.0,0.295,-1934.019
oe:player:d55ac8d0d77e876252b16764f74af6e,Hygon,Gaming Barcelona,NEXO,Jungle,28,-3855.637,1586.85,-0.771,298.0,0.0,0.0,0.633,-903.256
oe:player:e1527d59587e61eda36a86f3d858c54,Zenoken,Green Dolphin Gaming,NEXO,Jungle,14,-3863.455,1622.85,-0.773,383.0,0.0,0.0,0.295,-911.074
oe:player:b729b265039293728d50aebd6477b13,Magico,Melilla Titans,NEXO,Mid,3,-3876.635,1683.98,-0.775,,,,,-924.254
name:HNS R1to,HNS R1to,Hands,LJL,Mid,20,-3881.65,1544.051,-0.776,293.0,0.0,0.0,0.633,-1978.721
oe:player:84d6155d7d4cc886fc5f82031858fdd,Enigma,Monta Club,NEXO,Mid,8,-3893.672,1657.465,-0.779,,,,,-941.291
oe:player:68b18cc440814745b1020beaa57e976,Sora,PRINCIPALITY,NEXO,Mid,9,-3902.493,1655.566,-0.78,,,,,-950.112
name:BLS shironeco,BLS shironeco,BloomStorm,LJL,Mid,10,-3923.057,1579.342,-0.785,379.0,0.0,0.0,0.295,-2020.128
oe:player:66e5b72ca89ff0059c58a9119d7c660,Bf,CORE 128,NEXO,Support,14,-3971.993,1638.422,-0.794,394.0,0.0,0.0,0.295,-1019.612
oe:player:2a5c29ad0725db64cb720dc1217da2f,Malala,PRINCIPALITY,NEXO,Support,10,-3997.237,1639.249,-0.799,393.0,0.0,0.0,0.295,-1044.856
oe:player:44a8e576ca4fe7b07b52154cf113328,Yaavi,CORE 128,NEXO,ADC,14,-4018.211,1638.422,-0.804,388.0,0.0,0.0,0.295,-1065.83
oe:player:1cb0b376da9a6224823c5be5c8e539e,LL,Guinea Pink,NEXO,ADC,6,-4032.557,1660.52,-0.807,,,,,-1080.176
oe:player:a0c306fbb22a7b6e335007535a7065f,Alén Stark,Gaming Barcelona,NEXO,Mid,12,-4042.978,1638.71,-0.809,384.0,0.0,0.0,0.295,-1090.597
oe:player:73d069ab2197bccd6f2b18b2d9c6a63,Wingate,PRINCIPALITY,NEXO,Jungle,8,-4108.904,1658.536,-0.822,,,,,-1156.523
oe:player:d0919793cc83951a93943265812ba19,DoubleB,CORE 128,NEXO,Top,15,-4117.163,1629.999,-0.823,375.0,0.0,0.0,0.295,-1164.782
name:HNS Nakamoto,HNS Nakamoto,Hands,LJL,Top,27,-4178.38,1542.376,-0.836,286.0,0.0,0.0,0.633,-2275.452
name:HNS Rumi,HNS Rumi,Hands,LJL,ADC,27,-4238.838,1542.376,-0.848,296.0,0.0,0.0,0.633,-2335.91
oe:player:5a64bdb49806713b349e340a745105e,Clayce,Melilla Titans,NEXO,Jungle,6,-4239.725,1663.095,-0.848,,,,,-1287.344
oe:player:de4c6aad7776fcbbd6639abbdb6cedc,Lazarus,PRINCIPALITY,NEXO,ADC,10,-4401.171,1650.289,-0.88,389.0,0.0,0.0,0.295,-1448.79
oe:player:2bd10bd54b2d35095c69899de24a576,Eneino,Green Dolphin Gaming,NEXO,ADC,5,-4440.907,1669.903,-0.888,,,,,-1488.526
name:RPG McGrath,RPG McGrath,Radical Pop Gaming,LJL,Support,22,-4622.623,1527.981,-0.925,289.0,0.0,0.0,0.633,-2719.694
